step,vx_25_25,vy_25_25,pressure_25_25,energy
0,4.9975326657e-01,-4.9975326657e-01,0.0000000000e+00,2.3998945312e+03
1,5.0097900629e-01,-5.0222355127e-01,2.3467617035e+00,2.4614189453e+03
2,5.0083154440e-01,-5.0197434425e-01,2.4652588367e+00,2.4613876953e+03
3,5.0091010332e-01,-5.0194150209e-01,-3.1688690186e-01,2.4613535156e+03
4,5.0098258257e-01,-5.0191426277e-01,-7.4691051245e-01,2.4613208008e+03
5,5.0098395348e-01,-5.0193041563e-01,-9.0797185898e-01,2.4612895508e+03
6,5.0108420849e-01,-5.0199317932e-01,-5.3661423922e-01,2.4612604980e+03
7,5.0130712986e-01,-5.0200766325e-01,-1.3757596016e+00,2.4612280273e+03
8,5.0126755238e-01,-5.0211846828e-01,-1.9222921133e+00,2.4611972656e+03
9,5.0131332874e-01,-5.0204455853e-01,-1.0608794689e+00,2.4611701660e+03
10,5.0139153004e-01,-5.0205677748e-01,-1.8181048632e+00,2.4611416016e+03
11,5.0146085024e-01,-5.0191879272e-01,-5.0537931919e-01,2.4611140137e+03
12,5.0155258179e-01,-5.0188368559e-01,-9.6001136303e-01,2.4610817871e+03
13,5.0155371428e-01,-5.0181508064e-01,-1.2905403972e-01,2.4610529785e+03
14,5.0139415264e-01,-5.0174486637e-01,-3.7868291140e-01,2.4610251465e+03
15,5.0142192841e-01,-5.0178366899e-01,-1.3756507635e+00,2.4609956055e+03
16,5.0143682957e-01,-5.0173103809e-01,4.5798701048e-01,2.4609702148e+03
17,5.0146120787e-01,-5.0169569254e-01,-3.8590008020e-01,2.4609421387e+03
18,5.0149601698e-01,-5.0177979469e-01,-5.3057652712e-01,2.4609121094e+03
19,5.0150215626e-01,-5.0155484676e-01,1.2155858427e-01,2.4608833008e+03
20,5.0157248974e-01,-5.0157904625e-01,-8.2850283384e-01,2.4608532715e+03
21,5.0165456533e-01,-5.0164353848e-01,-4.1991290450e-01,2.4608251953e+03
22,5.0166839361e-01,-5.0165671110e-01,-1.0789543390e+00,2.4607956543e+03
23,5.0159150362e-01,-5.0173151493e-01,-1.0176355839e+00,2.4607680664e+03
24,5.0180435181e-01,-5.0171947479e-01,-7.5044882298e-01,2.4607416992e+03
25,5.0158643723e-01,-5.0181752443e-01,-1.6276868582e+00,2.4607160645e+03
26,5.0192975998e-01,-5.0182002783e-01,-5.8086645603e-01,2.4606896973e+03
27,5.0191754103e-01,-5.0189036131e-01,-9.3825763464e-01,2.4606616211e+03
28,5.0177937746e-01,-5.0184386969e-01,-1.2854793072e+00,2.4606342773e+03
29,5.0186014175e-01,-5.0189149380e-01,-8.7129819393e-01,2.4606071777e+03
30,5.0192987919e-01,-5.0191265345e-01,-5.6987744570e-01,2.4605803223e+03
31,5.0185114145e-01,-5.0194406509e-01,-7.0434385538e-01,2.4605537109e+03
32,5.0178116560e-01,-5.0198656321e-01,-8.5744154453e-01,2.4605285645e+03
33,5.0198227167e-01,-5.0198608637e-01,-5.6923981756e-02,2.4605012207e+03
34,5.0181263685e-01,-5.0193333626e-01,-1.3284813166e+00,2.4604758301e+03
35,5.0188738108e-01,-5.0189161301e-01,-1.9655754790e-02,2.4604501953e+03
36,5.0193363428e-01,-5.0206995010e-01,-1.0202944279e+00,2.4604240723e+03
37,5.0184667110e-01,-5.0199407339e-01,-6.9358247519e-01,2.4603974609e+03
38,5.0194728374e-01,-5.0204449892e-01,-4.3160721660e-01,2.4603732910e+03
39,5.0185596943e-01,-5.0198191404e-01,-7.0601618290e-01,2.4603483887e+03
40,5.0178456306e-01,-5.0192785263e-01,-8.6323040724e-01,2.4603239746e+03
41,5.0185853243e-01,-5.0192427635e-01,-1.8860632181e-01,2.4602988281e+03
42,5.0184243917e-01,-5.0193107128e-01,-1.3094739914e+00,2.4602729492e+03
43,5.0185638666e-01,-5.0202387571e-01,-9.7527873516e-01,2.4602482910e+03
44,5.0188380480e-01,-5.0186622143e-01,-9.4875591993e-01,2.4602243652e+03
45,5.0181144476e-01,-5.0188261271e-01,-1.1850225925e+00,2.4602001953e+03
46,5.0185114145e-01,-5.0184834003e-01,-9.9194371700e-01,2.4601762695e+03
47,5.0182974339e-01,-5.0193583965e-01,-1.2902636528e+00,2.4601535645e+03
48,5.0188177824e-01,-5.0182443857e-01,-6.0648483038e-01,2.4601289062e+03
49,5.0194066763e-01,-5.0181221962e-01,-8.2493025064e-01,2.4601049805e+03
50,5.0193637609e-01,-5.0183725357e-01,-8.5505604744e-01,2.4600820312e+03
51,5.0195664167e-01,-5.0173872709e-01,-5.6926131248e-01,2.4600595703e+03
52,5.0197297335e-01,-5.0174969435e-01,-5.3122711182e-01,2.4600361328e+03
53,5.0187301636e-01,-5.0180488825e-01,-1.0170904398e+00,2.4600136719e+03
54,5.0189137459e-01,-5.0167548656e-01,-6.7279249430e-01,2.4599912109e+03
55,5.0192612410e-01,-5.0168806314e-01,-4.3265411258e-01,2.4599672852e+03
56,5.0183892250e-01,-5.0175839663e-01,-1.1473096609e+00,2.4599448242e+03
57,5.0186854601e-01,-5.0170040131e-01,-6.9557356834e-01,2.4599230957e+03
58,5.0187122822e-01,-5.0168478489e-01,-8.5956090689e-01,2.4599013672e+03
59,5.0179409981e-01,-5.0154900551e-01,-6.5684008598e-01,2.4598808594e+03
60,5.0178587437e-01,-5.0165665150e-01,-1.5092164278e+00,2.4598598633e+03
61,5.0192797184e-01,-5.0163668394e-01,-6.4577037096e-01,2.4598381348e+03
62,5.0180709362e-01,-5.0150686502e-01,-1.0347918272e+00,2.4598154297e+03
63,5.0173562765e-01,-5.0171804428e-01,-1.8339383602e+00,2.4597934570e+03
64,5.0171375275e-01,-5.0155711174e-01,-5.2808505297e-01,2.4597729492e+03
65,5.0178933144e-01,-5.0148797035e-01,-7.6291328669e-01,2.4597514648e+03
66,5.0180143118e-01,-5.0145417452e-01,-7.5685924292e-01,2.4597302246e+03
67,5.0175929070e-01,-5.0143837929e-01,-9.1896933317e-01,2.4597089844e+03
68,5.0173205137e-01,-5.0144815445e-01,-1.3647233248e+00,2.4596884766e+03
69,5.0171333551e-01,-5.0159615278e-01,-9.3885201216e-01,2.4596674805e+03
70,5.0172215700e-01,-5.0153177977e-01,-8.2810473442e-01,2.4596464844e+03
71,5.0170403719e-01,-5.0149011612e-01,-6.8154168129e-01,2.4596274414e+03
72,5.0166499615e-01,-5.0166052580e-01,-1.2770692110e+00,2.4596079102e+03
73,5.0167381763e-01,-5.0163745880e-01,-6.2204158306e-01,2.4595878906e+03
74,5.0161147118e-01,-5.0158214569e-01,-8.8985085487e-01,2.4595703125e+03
75,5.0167810917e-01,-5.0158965588e-01,-6.3121324778e-01,2.4595507812e+03
76,5.0161641836e-01,-5.0161743164e-01,-1.0944111347e+00,2.4595297852e+03
77,5.0156575441e-01,-5.0157386065e-01,-8.8526999950e-01,2.4595112305e+03
78,5.0162541866e-01,-5.0159364939e-01,-6.4969307184e-01,2.4594926758e+03
79,5.0163865089e-01,-5.0178623199e-01,-1.0800603628e+00,2.4594743652e+03
80,5.0160789490e-01,-5.0169557333e-01,-8.6621987820e-01,2.4594553223e+03
81,5.0156176090e-01,-5.0160545111e-01,-8.8911384344e-01,2.4594367676e+03
82,5.0156950951e-01,-5.0166296959e-01,-1.0924999714e+00,2.4594187012e+03
83,5.0156861544e-01,-5.0172054768e-01,-1.1950842142e+00,2.4594001465e+03
84,5.0150203705e-01,-5.0176745653e-01,-1.0342962742e+00,2.4593813477e+03
85,5.0149804354e-01,-5.0175482035e-01,-1.2064046860e+00,2.4593623047e+03
86,5.0148713589e-01,-5.0179803371e-01,-7.2658109665e-01,2.4593447266e+03
87,5.0151455402e-01,-5.0176578760e-01,-9.0854126215e-01,2.4593259277e+03
88,5.0152546167e-01,-5.0175631046e-01,-8.6454659700e-01,2.4593085938e+03
89,5.0147998333e-01,-5.0174206495e-01,-6.9683557749e-01,2.4592910156e+03
90,5.0149840117e-01,-5.0184077024e-01,-1.7227749825e+00,2.4592744141e+03
91,5.0149512291e-01,-5.0170654058e-01,-2.4907952175e-02,2.4592578125e+03
92,5.0150185823e-01,-5.0181734562e-01,-1.2097008228e+00,2.4592412109e+03
93,5.0156360865e-01,-5.0178867579e-01,-8.9402598143e-01,2.4592246094e+03
94,5.0151771307e-01,-5.0182366371e-01,-1.0508713722e+00,2.4592072754e+03
95,5.0147640705e-01,-5.0189357996e-01,-1.3885600567e+00,2.4591894531e+03
96,5.0155156851e-01,-5.0182861090e-01,-6.7347979546e-01,2.4591723633e+03
97,5.0150507689e-01,-5.0193548203e-01,-1.3500406742e+00,2.4591569824e+03
98,5.0152456760e-01,-5.0191736221e-01,-1.0778039694e+00,2.4591411133e+03
99,5.0151520967e-01,-5.0180202723e-01,-7.7954417467e-01,2.4591259766e+03
100,5.0144851208e-01,-5.0192177296e-01,-1.5417928696e+00,2.4591110840e+03
101,5.0140792131e-01,-5.0188189745e-01,-9.7248029709e-01,2.4590957031e+03
102,5.0151270628e-01,-5.0187009573e-01,-6.4248591661e-01,2.4590795898e+03
103,5.0149393082e-01,-5.0192511082e-01,-1.4447847605e+00,2.4590649414e+03
104,5.0150805712e-01,-5.0190782547e-01,-7.7939450741e-01,2.4590498047e+03
105,5.0153768063e-01,-5.0189858675e-01,-1.0490103960e+00,2.4590346680e+03
106,5.0154137611e-01,-5.0182282925e-01,-6.2338453531e-01,2.4590202637e+03
107,5.0158065557e-01,-5.0184947252e-01,-1.1294553280e+00,2.4590065918e+03
108,5.0150978565e-01,-5.0197440386e-01,-1.7547819614e+00,2.4589912109e+03
109,5.0156337023e-01,-5.0197333097e-01,-8.5714477301e-01,2.4589768066e+03
110,5.0145727396e-01,-5.0201064348e-01,-1.6256911755e+00,2.4589638672e+03
111,5.0147455931e-01,-5.0188022852e-01,-6.0604870319e-01,2.4589484863e+03
112,5.0145018101e-01,-5.0188702345e-01,-1.4227803946e+00,2.4589350586e+03
113,5.0155347586e-01,-5.0197947025e-01,-8.0303800106e-01,2.4589206543e+03
114,5.0148606300e-01,-5.0197565556e-01,-1.4624903202e+00,2.4589069824e+03
115,5.0153058767e-01,-5.0188750029e-01,-3.6880701780e-01,2.4588940430e+03
116,5.0151890516e-01,-5.0194698572e-01,-1.5830318928e+00,2.4588806152e+03
117,5.0155293941e-01,-5.0193583965e-01,-6.2924116850e-01,2.4588686523e+03
118,5.0155228376e-01,-5.0196743011e-01,-1.6501376629e+00,2.4588552246e+03
119,5.0152873993e-01,-5.0196892023e-01,-8.2951784134e-01,2.4588427734e+03
120,5.0150614977e-01,-5.0186485052e-01,-1.2681313753e+00,2.4588310547e+03
121,5.0156682730e-01,-5.0188779831e-01,-9.6759408712e-01,2.4588188477e+03
122,5.0153994560e-01,-5.0187599659e-01,-1.1089055538e+00,2.4588063965e+03
123,5.0153565407e-01,-5.0199633837e-01,-1.5448178053e+00,2.4587944336e+03
124,5.0156539679e-01,-5.0195723772e-01,-8.4029364586e-01,2.4587827148e+03
125,5.0153493881e-01,-5.0185084343e-01,-9.6651470661e-01,2.4587707520e+03
126,5.0158810616e-01,-5.0189054012e-01,-1.2652065754e+00,2.4587600098e+03
127,5.0156795979e-01,-5.0186759233e-01,-1.1966028214e+00,2.4587482910e+03
128,5.0150817633e-01,-5.0181984901e-01,-8.8237625360e-01,2.4587365723e+03
129,5.0153005123e-01,-5.0193661451e-01,-1.5916366577e+00,2.4587238770e+03
130,5.0148034096e-01,-5.0190144777e-01,-1.3445669413e+00,2.4587111816e+03
131,5.0154834986e-01,-5.0189447403e-01,-9.6763658524e-01,2.4586997070e+03
132,5.0159066916e-01,-5.0181668997e-01,-8.4628963470e-01,2.4586875000e+03
133,5.0154560804e-01,-5.0202620029e-01,-1.6844344139e+00,2.4586760254e+03
134,5.0151580572e-01,-5.0190365314e-01,-1.1171051264e+00,2.4586650391e+03
135,5.0147026777e-01,-5.0198227167e-01,-1.6295658350e+00,2.4586542969e+03
136,5.0159066916e-01,-5.0185692310e-01,-5.6937927008e-01,2.4586437988e+03
137,5.0153410435e-01,-5.0191879272e-01,-1.6681089401e+00,2.4586330566e+03
138,5.0151938200e-01,-5.0199133158e-01,-1.4341580868e+00,2.4586225586e+03
139,5.0156539679e-01,-5.0195866823e-01,-1.0989164114e+00,2.4586125488e+03
140,5.0161224604e-01,-5.0183254480e-01,-6.8653488159e-01,2.4586027832e+03
141,5.0152122974e-01,-5.0185161829e-01,-1.7959557772e+00,2.4585935059e+03
142,5.0154048204e-01,-5.0190323591e-01,-1.3750190735e+00,2.4585837402e+03
143,5.0147318840e-01,-5.0185596943e-01,-9.4484913349e-01,2.4585737305e+03
144,5.0150901079e-01,-5.0200736523e-01,-2.0739691257e+00,2.4585642090e+03
145,5.0159358978e-01,-5.0190734863e-01,-6.6164159775e-01,2.4585549316e+03
146,5.0157833099e-01,-5.0198525190e-01,-1.5021963120e+00,2.4585458984e+03
147,5.0149583817e-01,-5.0187444687e-01,-1.0815025568e+00,2.4585378418e+03
148,5.0151294470e-01,-5.0186991692e-01,-1.3296424150e+00,2.4585273438e+03
149,5.0148689747e-01,-5.0184208155e-01,-1.0291645527e+00,2.4585197754e+03
150,5.0156426430e-01,-5.0206512213e-01,-1.7073781490e+00,2.4585095215e+03
151,5.0155901909e-01,-5.0203293562e-01,-1.0777136087e+00,2.4585012207e+03
152,5.0156164169e-01,-5.0204247236e-01,-1.4026598930e+00,2.4584931641e+03
153,5.0150102377e-01,-5.0201368332e-01,-1.2585915327e+00,2.4584846191e+03
154,5.0156772137e-01,-5.0203436613e-01,-1.2024931908e+00,2.4584763184e+03
155,5.0154519081e-01,-5.0203257799e-01,-1.4757037163e+00,2.4584663086e+03
156,5.0150030851e-01,-5.0208348036e-01,-1.3717780113e+00,2.4584584961e+03
157,5.0150328875e-01,-5.0211864710e-01,-1.7496266365e+00,2.4584506836e+03
158,5.0149220228e-01,-5.0209873915e-01,-1.0464874506e+00,2.4584426270e+03
159,5.0150203705e-01,-5.0206929445e-01,-1.4617924690e+00,2.4584353027e+03
160,5.0146543980e-01,-5.0210589170e-01,-1.6829384565e+00,2.4584272461e+03
161,5.0162076950e-01,-5.0212579966e-01,-6.5617114305e-01,2.4584199219e+03
162,5.0150310993e-01,-5.0204187632e-01,-1.9291673899e+00,2.4584108887e+03
163,5.0151133537e-01,-5.0210350752e-01,-1.4045509100e+00,2.4584023438e+03
164,5.0151592493e-01,-5.0219738483e-01,-1.6094490290e+00,2.4583950195e+03
165,5.0148665905e-01,-5.0214451551e-01,-1.5177155733e+00,2.4583876953e+03
166,5.0147068501e-01,-5.0211876631e-01,-1.2187554836e+00,2.4583791504e+03
167,5.0147801638e-01,-5.0208783150e-01,-1.3174854517e+00,2.4583723145e+03
168,5.0145715475e-01,-5.0218486786e-01,-1.5727840662e+00,2.4583649902e+03
169,5.0147795677e-01,-5.0222480297e-01,-1.5339624882e+00,2.4583564453e+03
170,5.0146955252e-01,-5.0225013494e-01,-1.4867911339e+00,2.4583493652e+03
171,5.0148242712e-01,-5.0223112106e-01,-1.3040344715e+00,2.4583415527e+03
172,5.0143730640e-01,-5.0222307444e-01,-1.4295413494e+00,2.4583349609e+03
173,5.0144082308e-01,-5.0227606297e-01,-1.8323982954e+00,2.4583286133e+03
174,5.0138998032e-01,-5.0221627951e-01,-1.4651286602e+00,2.4583215332e+03
175,5.0143754482e-01,-5.0219511986e-01,-1.1305023432e+00,2.4583142090e+03
176,5.0141620636e-01,-5.0223714113e-01,-1.4447624683e+00,2.4583076172e+03
177,5.0142610073e-01,-5.0236648321e-01,-1.8098264933e+00,2.4583010254e+03
178,5.0138825178e-01,-5.0238424540e-01,-1.7800770998e+00,2.4582934570e+03
179,5.0138562918e-01,-5.0235551596e-01,-1.2778747082e+00,2.4582868652e+03
180,5.0152420998e-01,-5.0227630138e-01,-9.9169480801e-01,2.4582807617e+03
181,5.0141382217e-01,-5.0240719318e-01,-2.1669578552e+00,2.4582746582e+03
182,5.0153219700e-01,-5.0238740444e-01,-1.1436320543e+00,2.4582685547e+03
183,5.0150209665e-01,-5.0241267681e-01,-1.6649959087e+00,2.4582626953e+03
184,5.0152534246e-01,-5.0236058235e-01,-1.2631751299e+00,2.4582548828e+03
185,5.0151115656e-01,-5.0238692760e-01,-1.6068224907e+00,2.4582478027e+03
186,5.0146561861e-01,-5.0245404243e-01,-1.7577120066e+00,2.4582409668e+03
187,5.0153636932e-01,-5.0240290165e-01,-1.6195747852e+00,2.4582353516e+03
188,5.0126117468e-01,-5.0237256289e-01,-1.7507628202e+00,2.4582290039e+03
189,5.0139027834e-01,-5.0249612331e-01,-1.7308869362e+00,2.4582231445e+03
190,5.0135546923e-01,-5.0247144699e-01,-1.6188676357e+00,2.4582165527e+03
191,5.0136750937e-01,-5.0243794918e-01,-1.6180208921e+00,2.4582106934e+03
192,5.0134730339e-01,-5.0244218111e-01,-1.6355326176e+00,2.4582043457e+03
193,5.0129300356e-01,-5.0245863199e-01,-1.7153846025e+00,2.4581989746e+03
194,5.0137233734e-01,-5.0248670578e-01,-1.4770188332e+00,2.4581931152e+03
195,5.0138616562e-01,-5.0249218941e-01,-1.4835101366e+00,2.4581870117e+03
196,5.0135409832e-01,-5.0253200531e-01,-1.9673157930e+00,2.4581806641e+03
197,5.0144940615e-01,-5.0253707170e-01,-1.2626819611e+00,2.4581745605e+03
198,5.0142288208e-01,-5.0249713659e-01,-1.6710329056e+00,2.4581687012e+03
199,5.0145775080e-01,-5.0247281790e-01,-1.4236350060e+00,2.4581625977e+03
200,5.0147390366e-01,-5.0247102976e-01,-1.4103274345e+00,2.4581574707e+03
201,5.0130856037e-01,-5.0270026922e-01,-2.7491359711e+00,2.4581525879e+03
202,5.0144183636e-01,-5.0254511833e-01,-8.1981587410e-01,2.4581474609e+03
203,5.0131624937e-01,-5.0266426802e-01,-2.3687968254e+00,2.4581418457e+03
204,5.0144845247e-01,-5.0255358219e-01,-8.0716228485e-01,2.4581364746e+03
205,5.0137674809e-01,-5.0253766775e-01,-2.0384590626e+00,2.4581306152e+03
206,5.0137597322e-01,-5.0251996517e-01,-1.6815514565e+00,2.4581257324e+03
207,5.0138354301e-01,-5.0266009569e-01,-1.9980447292e+00,2.4581220703e+03
208,5.0139409304e-01,-5.0252366066e-01,-1.5060030222e+00,2.4581171875e+03
209,5.0138020515e-01,-5.0267106295e-01,-2.1708257198e+00,2.4581130371e+03
210,5.0141549110e-01,-5.0269639492e-01,-1.5901174545e+00,2.4581079102e+03
211,5.0137585402e-01,-5.0269865990e-01,-2.0651869774e+00,2.4581025391e+03
212,5.0134062767e-01,-5.0265324116e-01,-1.8411402702e+00,2.4580971680e+03
213,5.0138843060e-01,-5.0267452002e-01,-1.6110453606e+00,2.4580913086e+03
214,5.0132822990e-01,-5.0268638134e-01,-1.9589693546e+00,2.4580861816e+03
215,5.0148475170e-01,-5.0265604258e-01,-1.1123638153e+00,2.4580817871e+03
216,5.0152343512e-01,-5.0268483162e-01,-1.6207798719e+00,2.4580778809e+03
217,5.0150370598e-01,-5.0265789032e-01,-1.6089934111e+00,2.4580722656e+03
218,5.0136893988e-01,-5.0270700455e-01,-2.4046540260e+00,2.4580681152e+03
219,5.0150811672e-01,-5.0263929367e-01,-1.2879872322e+00,2.4580637207e+03
220,5.0141113997e-01,-5.0271201134e-01,-2.2105348110e+00,2.4580590820e+03
221,5.0152331591e-01,-5.0270771980e-01,-1.6385226250e+00,2.4580541992e+03
222,5.0151669979e-01,-5.0275635719e-01,-1.8382532597e+00,2.4580495605e+03
223,5.0152170658e-01,-5.0274318457e-01,-1.7978721857e+00,2.4580449219e+03
224,5.0156003237e-01,-5.0278788805e-01,-2.0395307541e+00,2.4580407715e+03
225,5.0143414736e-01,-5.0285834074e-01,-2.3382704258e+00,2.4580356445e+03
226,5.0154858828e-01,-5.0276982784e-01,-1.6411303282e+00,2.4580329590e+03
227,5.0153601170e-01,-5.0287646055e-01,-2.0268640518e+00,2.4580288086e+03
228,5.0148743391e-01,-5.0280809402e-01,-2.1094272137e+00,2.4580261230e+03
229,5.0153708458e-01,-5.0284236670e-01,-1.7883675098e+00,2.4580214844e+03
230,5.0151586533e-01,-5.0289410353e-01,-2.1322460175e+00,2.4580175781e+03
231,5.0134634972e-01,-5.0286632776e-01,-2.2136628628e+00,2.4580144043e+03
232,5.0146794319e-01,-5.0282132626e-01,-1.8486459255e+00,2.4580109863e+03
233,5.0152039528e-01,-5.0288182497e-01,-1.6303732395e+00,2.4580078125e+03
234,5.0138920546e-01,-5.0286573172e-01,-2.2834377289e+00,2.4580024414e+03
235,5.0139296055e-01,-5.0291711092e-01,-2.1894755363e+00,2.4579985352e+03
236,5.0132685900e-01,-5.0293350220e-01,-2.1303141117e+00,2.4579948730e+03
237,5.0151902437e-01,-5.0283420086e-01,-8.8782268763e-01,2.4579909668e+03
238,5.0147986412e-01,-5.0293880701e-01,-2.6126303673e+00,2.4579877930e+03
239,5.0138187408e-01,-5.0300431252e-01,-2.3090703487e+00,2.4579838867e+03
240,5.0140303373e-01,-5.0302374363e-01,-2.1716570854e+00,2.4579792480e+03
241,5.0150096416e-01,-5.0283628702e-01,-1.2241300344e+00,2.4579750977e+03
242,5.0140047073e-01,-5.0295233727e-01,-2.5779604912e+00,2.4579719238e+03
243,5.0144517422e-01,-5.0303226709e-01,-2.2071001530e+00,2.4579658203e+03
244,5.0144165754e-01,-5.0285756588e-01,-1.6877756119e+00,2.4579624023e+03
245,5.0142961740e-01,-5.0294655561e-01,-2.3287401199e+00,2.4579592285e+03
246,5.0147557259e-01,-5.0295746326e-01,-1.8752869368e+00,2.4579553223e+03
247,5.0143307447e-01,-5.0289726257e-01,-2.1411454678e+00,2.4579519043e+03
248,5.0138700008e-01,-5.0298100710e-01,-2.3425843716e+00,2.4579475098e+03
249,5.0150334835e-01,-5.0304919481e-01,-1.9042083025e+00,2.4579436035e+03
250,5.0143778324e-01,-5.0302380323e-01,-2.1740100384e+00,2.4579399414e+03
251,5.0136709213e-01,-5.0298929214e-01,-2.3626506329e+00,2.4579365234e+03
252,5.0138539076e-01,-5.0302374363e-01,-2.1261587143e+00,2.4579328613e+03
253,5.0134503841e-01,-5.0303465128e-01,-2.2854106426e+00,2.4579289551e+03
254,5.0139188766e-01,-5.0302356482e-01,-2.0025544167e+00,2.4579248047e+03
255,5.0159239769e-01,-5.0295430422e-01,-1.2273102999e+00,2.4579206543e+03
256,5.0150364637e-01,-5.0303506851e-01,-2.6892111301e+00,2.4579169922e+03
257,5.0145459175e-01,-5.0303661823e-01,-2.1753535271e+00,2.4579128418e+03
258,5.0152766705e-01,-5.0303810835e-01,-1.8484152555e+00,2.4579094238e+03
259,5.0150096416e-01,-5.0303286314e-01,-2.5083425045e+00,2.4579052734e+03
260,5.0158739090e-01,-5.0301480293e-01,-1.7584260702e+00,2.4579016113e+03
261,5.0149089098e-01,-5.0307476521e-01,-2.7724807262e+00,2.4578979492e+03
262,5.0155311823e-01,-5.0308609009e-01,-2.0476815701e+00,2.4578930664e+03
263,5.0161856413e-01,-5.0311523676e-01,-1.9924844503e+00,2.4578891602e+03
264,5.0150305033e-01,-5.0316184759e-01,-2.7410194874e+00,2.4578852539e+03
265,5.0161486864e-01,-5.0317072868e-01,-1.9515630007e+00,2.4578820801e+03
266,5.0163894892e-01,-5.0315254927e-01,-1.9633280039e+00,2.4578786621e+03
267,5.0155496597e-01,-5.0316870213e-01,-2.3570551872e+00,2.4578737793e+03
268,5.0170165300e-01,-5.0320494175e-01,-2.2261815071e+00,2.4578703613e+03
269,5.0160408020e-01,-5.0317734480e-01,-2.2767670155e+00,2.4578671875e+03
270,5.0159364939e-01,-5.0324565172e-01,-2.4903650284e+00,2.4578615723e+03
271,5.0144559145e-01,-5.0321745872e-01,-2.5572133064e+00,2.4578571777e+03
272,5.0154566765e-01,-5.0326985121e-01,-2.0935845375e+00,2.4578535156e+03
273,5.0155621767e-01,-5.0325441360e-01,-2.3227012157e+00,2.4578486328e+03
274,5.0165742636e-01,-5.0331926346e-01,-1.7206503153e+00,2.4578447266e+03
275,5.0159800053e-01,-5.0328773260e-01,-2.6335077286e+00,2.4578408203e+03
276,5.0151818991e-01,-5.0342500210e-01,-2.5386066437e+00,2.4578369141e+03
277,5.0155121088e-01,-5.0339251757e-01,-2.4753456116e+00,2.4578325195e+03
278,5.0167912245e-01,-5.0337111950e-01,-1.6474783421e+00,2.4578281250e+03
279,5.0160276890e-01,-5.0347667933e-01,-3.1267414093e+00,2.4578242188e+03
280,5.0160276890e-01,-5.0340592861e-01,-2.0389952660e+00,2.4578186035e+03
281,5.0169235468e-01,-5.0335955620e-01,-2.1917419434e+00,2.4578139648e+03
282,5.0168591738e-01,-5.0338953733e-01,-2.1982960701e+00,2.4578098145e+03
283,5.0164705515e-01,-5.0343430042e-01,-2.8895771503e+00,2.4578061523e+03
284,5.0168246031e-01,-5.0340789557e-01,-2.0864000320e+00,2.4578020020e+03
285,5.0172746181e-01,-5.0351846218e-01,-2.7143502235e+00,2.4577983398e+03
286,5.0169157982e-01,-5.0349074602e-01,-2.5599060059e+00,2.4577927246e+03
287,5.0169014931e-01,-5.0359272957e-01,-2.2071766853e+00,2.4577880859e+03
288,5.0174903870e-01,-5.0358986855e-01,-2.4001257420e+00,2.4577836914e+03
289,5.0158756971e-01,-5.0358766317e-01,-3.0942723751e+00,2.4577785645e+03
290,5.0160765648e-01,-5.0366491079e-01,-2.1249191761e+00,2.4577729492e+03
291,5.0170010328e-01,-5.0356578827e-01,-2.2933733463e+00,2.4577690430e+03
292,5.0181335211e-01,-5.0363415480e-01,-2.1455893517e+00,2.4577648926e+03
293,5.0153857470e-01,-5.0364989042e-01,-3.2915480137e+00,2.4577597656e+03
294,5.0166362524e-01,-5.0366985798e-01,-2.0755567551e+00,2.4577541504e+03
295,5.0180429220e-01,-5.0356036425e-01,-1.9648002386e+00,2.4577497559e+03
296,5.0165468454e-01,-5.0364565849e-01,-3.2715694904e+00,2.4577448730e+03
297,5.0180006027e-01,-5.0357848406e-01,-1.7754422426e+00,2.4577404785e+03
298,5.0175446272e-01,-5.0362932682e-01,-3.0625324249e+00,2.4577348633e+03
299,5.0169312954e-01,-5.0364798307e-01,-2.4056956768e+00,2.4577302246e+03
300,5.0176262856e-01,-5.0358688831e-01,-2.5627081394e+00,2.4577248535e+03
301,5.0169110298e-01,-5.0365537405e-01,-3.4667084217e+00,2.4577197266e+03
302,5.0171118975e-01,-5.0362610817e-01,-2.0009052753e+00,2.4577148438e+03
303,5.0177055597e-01,-5.0369358063e-01,-2.8425436020e+00,2.4577104492e+03
304,5.0180083513e-01,-5.0366628170e-01,-2.6091029644e+00,2.4577045898e+03
305,5.0186395645e-01,-5.0370854139e-01,-2.4422800541e+00,2.4576992188e+03
306,5.0185084343e-01,-5.0370782614e-01,-2.4244275093e+00,2.4576945801e+03
307,5.0185930729e-01,-5.0375789404e-01,-2.9861028194e+00,2.4576899414e+03
308,5.0191980600e-01,-5.0373756886e-01,-2.2849957943e+00,2.4576845703e+03
309,5.0188976526e-01,-5.0371575356e-01,-2.8220002651e+00,2.4576787109e+03
310,5.0182509422e-01,-5.0360053778e-01,-2.5960848331e+00,2.4576735840e+03
311,5.0193870068e-01,-5.0367456675e-01,-2.6768012047e+00,2.4576677246e+03
312,5.0187110901e-01,-5.0357073545e-01,-2.6852586269e+00,2.4576618652e+03
313,5.0187230110e-01,-5.0372362137e-01,-2.9687950611e+00,2.4576562500e+03
314,5.0188869238e-01,-5.0370979309e-01,-2.9631586075e+00,2.4576508789e+03
315,5.0191551447e-01,-5.0367087126e-01,-2.4634580612e+00,2.4576440430e+03
316,5.0185680389e-01,-5.0374966860e-01,-3.2678899765e+00,2.4576384277e+03
317,5.0180071592e-01,-5.0371581316e-01,-3.0052907467e+00,2.4576323242e+03
318,5.0195902586e-01,-5.0369274616e-01,-2.4389069080e+00,2.4576259766e+03
319,5.0196719170e-01,-5.0373989344e-01,-2.6172556877e+00,2.4576196289e+03
320,5.0198483467e-01,-5.0373792648e-01,-2.6973075867e+00,2.4576140137e+03
321,5.0204318762e-01,-5.0375139713e-01,-2.8496274948e+00,2.4576079102e+03
322,5.0200885534e-01,-5.0380086899e-01,-2.6088621616e+00,2.4576013184e+03
323,5.0201892853e-01,-5.0377541780e-01,-2.6292428970e+00,2.4575952148e+03
324,5.0202745199e-01,-5.0383311510e-01,-3.3513402939e+00,2.4575893555e+03
325,5.0200939178e-01,-5.0379323959e-01,-2.5225136280e+00,2.4575817871e+03
326,5.0197231770e-01,-5.0379401445e-01,-3.0897333622e+00,2.4575749512e+03
327,5.0209796429e-01,-5.0374448299e-01,-2.4013471603e+00,2.4575690918e+03
328,5.0212645531e-01,-5.0385046005e-01,-3.1004447937e+00,2.4575632324e+03
329,5.0220483541e-01,-5.0373005867e-01,-2.5878922939e+00,2.4575556641e+03
330,5.0218456984e-01,-5.0383818150e-01,-2.8752257824e+00,2.4575488281e+03
331,5.0219744444e-01,-5.0369745493e-01,-2.6731350422e+00,2.4575412598e+03
332,5.0221568346e-01,-5.0393217802e-01,-3.6462202072e+00,2.4575344238e+03
333,5.0224840641e-01,-5.0379365683e-01,-2.1735343933e+00,2.4575273438e+03
334,5.0228935480e-01,-5.0383573771e-01,-3.2170798779e+00,2.4575197754e+03
335,5.0208824873e-01,-5.0375396013e-01,-3.1881422997e+00,2.4575129395e+03
336,5.0210183859e-01,-5.0378960371e-01,-2.9435029030e+00,2.4575048828e+03
337,5.0228220224e-01,-5.0379019976e-01,-2.6654970646e+00,2.4574968262e+03
338,5.0217765570e-01,-5.0379633904e-01,-3.2491991520e+00,2.4574899902e+03
339,5.0221496820e-01,-5.0366926193e-01,-2.6650257111e+00,2.4574821777e+03
340,5.0229448080e-01,-5.0370162725e-01,-2.7204606533e+00,2.4574755859e+03
341,5.0234276056e-01,-5.0361889601e-01,-2.7049961090e+00,2.4574672852e+03
342,5.0234723091e-01,-5.0370234251e-01,-3.0471830368e+00,2.4574594727e+03
343,5.0237154961e-01,-5.0378233194e-01,-3.2612392902e+00,2.4574506836e+03
344,5.0233489275e-01,-5.0386911631e-01,-3.2390358448e+00,2.4574433594e+03
345,5.0239974260e-01,-5.0380563736e-01,-2.8354015350e+00,2.4574345703e+03
346,5.0243204832e-01,-5.0382143259e-01,-3.1888966560e+00,2.4574270020e+03
347,5.0239515305e-01,-5.0397139788e-01,-3.4769337177e+00,2.4574191895e+03
348,5.0235956907e-01,-5.0390732288e-01,-2.6912200451e+00,2.4574106445e+03
349,5.0244075060e-01,-5.0380957127e-01,-3.0021367073e+00,2.4574028320e+03
350,5.0243639946e-01,-5.0395482779e-01,-3.0545997620e+00,2.4573942871e+03
351,5.0254184008e-01,-5.0389569998e-01,-3.2254939079e+00,2.4573857422e+03
352,5.0260633230e-01,-5.0392836332e-01,-2.8298892975e+00,2.4573767090e+03
353,5.0240230560e-01,-5.0402104855e-01,-3.6041302681e+00,2.4573679199e+03
354,5.0260406733e-01,-5.0389873981e-01,-2.6976113319e+00,2.4573588867e+03
355,5.0263237953e-01,-5.0399869680e-01,-3.1931154728e+00,2.4573496094e+03
356,5.0261968374e-01,-5.0406891108e-01,-2.9401133060e+00,2.4573410645e+03
357,5.0261515379e-01,-5.0410276651e-01,-3.4827396870e+00,2.4573327637e+03
358,5.0253009796e-01,-5.0394052267e-01,-2.8743915558e+00,2.4573229980e+03
359,5.0258219242e-01,-5.0389444828e-01,-3.0362613201e+00,2.4573139648e+03
360,5.0255501270e-01,-5.0379139185e-01,-2.9508826733e+00,2.4573049316e+03
361,5.0256460905e-01,-5.0398427248e-01,-3.7308866978e+00,2.4572956543e+03
362,5.0257140398e-01,-5.0390344858e-01,-3.1256165504e+00,2.4572858887e+03
363,5.0267207623e-01,-5.0404381752e-01,-2.9354164600e+00,2.4572763672e+03
364,5.0272989273e-01,-5.0399261713e-01,-3.4724152088e+00,2.4572658691e+03
365,5.0273948908e-01,-5.0408732891e-01,-3.4147689342e+00,2.4572561035e+03
366,5.0273168087e-01,-5.0410825014e-01,-3.4807872772e+00,2.4572456055e+03
367,5.0270211697e-01,-5.0403797626e-01,-2.9898312092e+00,2.4572365723e+03
368,5.0276023149e-01,-5.0408917665e-01,-3.4332778454e+00,2.4572258301e+03
369,5.0274783373e-01,-5.0395590067e-01,-2.7532281876e+00,2.4572165527e+03
370,5.0269109011e-01,-5.0399512053e-01,-3.9536116123e+00,2.4572062988e+03
371,5.0276196003e-01,-5.0399243832e-01,-2.7640268803e+00,2.4571958008e+03
372,5.0275403261e-01,-5.0405150652e-01,-3.9177501202e+00,2.4571845703e+03
373,5.0285202265e-01,-5.0408923626e-01,-2.9564156532e+00,2.4571748047e+03
374,5.0274652243e-01,-5.0405317545e-01,-3.8026294708e+00,2.4571645508e+03
375,5.0271904469e-01,-5.0413680077e-01,-3.2820806503e+00,2.4571542969e+03
376,5.0297588110e-01,-5.0409531593e-01,-2.7927134037e+00,2.4571437988e+03
377,5.0281774998e-01,-5.0413542986e-01,-3.4413201809e+00,2.4571325684e+03
378,5.0285869837e-01,-5.0413310528e-01,-3.5619492531e+00,2.4571223145e+03
379,5.0309395790e-01,-5.0406432152e-01,-2.1220135689e+00,2.4571105957e+03
380,5.0289863348e-01,-5.0414603949e-01,-4.8280787468e+00,2.4570998535e+03
381,5.0304955244e-01,-5.0406718254e-01,-2.3248798847e+00,2.4570878906e+03
382,5.0290936232e-01,-5.0421696901e-01,-4.7304062843e+00,2.4570769043e+03
383,5.0302278996e-01,-5.0411462784e-01,-2.2739112377e+00,2.4570671387e+03
384,5.0308007002e-01,-5.0404042006e-01,-3.7809662819e+00,2.4570554199e+03
385,5.0305789709e-01,-5.0415021181e-01,-3.8958332539e+00,2.4570434570e+03
386,5.0310081244e-01,-5.0407326221e-01,-3.1734724045e+00,2.4570324707e+03
387,5.0312054157e-01,-5.0414001942e-01,-3.9875950813e+00,2.4570205078e+03
388,5.0314456224e-01,-5.0414568186e-01,-3.0185995102e+00,2.4570090332e+03
389,5.0314265490e-01,-5.0418704748e-01,-4.0128083229e+00,2.4569975586e+03
390,5.0323432684e-01,-5.0402420759e-01,-2.7940676212e+00,2.4569858398e+03
391,5.0316733122e-01,-5.0409895182e-01,-3.9518849850e+00,2.4569731445e+03
392,5.0316876173e-01,-5.0406277180e-01,-3.3954808712e+00,2.4569609375e+03
393,5.0331741571e-01,-5.0406986475e-01,-2.9200096130e+00,2.4569482422e+03
394,5.0322663784e-01,-5.0429379940e-01,-4.4743099213e+00,2.4569350586e+03
395,5.0323140621e-01,-5.0419282913e-01,-3.2878427505e+00,2.4569226074e+03
396,5.0341290236e-01,-5.0424033403e-01,-3.1553077698e+00,2.4569101562e+03
397,5.0344175100e-01,-5.0422412157e-01,-3.5931477547e+00,2.4568969727e+03
398,5.0339496136e-01,-5.0406527519e-01,-3.3565845490e+00,2.4568835449e+03
399,5.0348496437e-01,-5.0421869755e-01,-3.6992952824e+00,2.4568708496e+03
400,5.0341880322e-01,-5.0408142805e-01,-3.7015278339e+00,2.4568571777e+03
401,5.0338417292e-01,-5.0407505035e-01,-3.6517262459e+00,2.4568439941e+03
402,5.0352483988e-01,-5.0419783592e-01,-3.7911565304e+00,2.4568310547e+03
403,5.0349199772e-01,-5.0409138203e-01,-3.5415289402e+00,2.4568181152e+03
404,5.0354403257e-01,-5.0410288572e-01,-3.7368342876e+00,2.4568046875e+03
405,5.0353944302e-01,-5.0412523746e-01,-4.0033063889e+00,2.4567910156e+03
406,5.0370466709e-01,-5.0412118435e-01,-3.1390597820e+00,2.4567778320e+03
407,5.0346416235e-01,-5.0415688753e-01,-4.5050168037e+00,2.4567629395e+03
408,5.0362038612e-01,-5.0410354137e-01,-3.2022125721e+00,2.4567507324e+03
409,5.0351941586e-01,-5.0417900085e-01,-4.1541461945e+00,2.4567368164e+03
410,5.0379806757e-01,-5.0410562754e-01,-2.8298470974e+00,2.4567214355e+03
411,5.0372713804e-01,-5.0414675474e-01,-3.8959891796e+00,2.4567070312e+03
412,5.0385385752e-01,-5.0413668156e-01,-3.4416790009e+00,2.4566921387e+03
413,5.0384014845e-01,-5.0412738323e-01,-3.4652552605e+00,2.4566772461e+03
414,5.0360095501e-01,-5.0415307283e-01,-4.3909721375e+00,2.4566628418e+03
415,5.0379061699e-01,-5.0412428379e-01,-3.3601868153e+00,2.4566479492e+03
416,5.0366681814e-01,-5.0416618586e-01,-4.3438639641e+00,2.4566315918e+03
417,5.0402528048e-01,-5.0411283970e-01,-2.6350822449e+00,2.4566162109e+03
418,5.0384742022e-01,-5.0419080257e-01,-4.5845971107e+00,2.4566015625e+03
419,5.0382435322e-01,-5.0418359041e-01,-4.1723060608e+00,2.4565859375e+03
420,5.0386768579e-01,-5.0420558453e-01,-3.8946504593e+00,2.4565700684e+03
421,5.0390326977e-01,-5.0420641899e-01,-3.8864543438e+00,2.4565551758e+03
422,5.0404632092e-01,-5.0412529707e-01,-3.0992844105e+00,2.4565393066e+03
423,5.0400090218e-01,-5.0422596931e-01,-4.5401630402e+00,2.4565231934e+03
424,5.0405561924e-01,-5.0418591499e-01,-3.7432911396e+00,2.4565078125e+03
425,5.0405055285e-01,-5.0420272350e-01,-3.8739318848e+00,2.4564912109e+03
426,5.0412595272e-01,-5.0416469574e-01,-3.2233850956e+00,2.4564753418e+03
427,5.0412255526e-01,-5.0419634581e-01,-4.4688463211e+00,2.4564584961e+03
428,5.0416797400e-01,-5.0419002771e-01,-3.5454962254e+00,2.4564418945e+03
429,5.0417906046e-01,-5.0417476892e-01,-3.7615761757e+00,2.4564245605e+03
430,5.0420147181e-01,-5.0419747829e-01,-4.1017932892e+00,2.4564064941e+03
431,5.0424593687e-01,-5.0419038534e-01,-3.6949322224e+00,2.4563896484e+03
432,5.0424599648e-01,-5.0412386656e-01,-3.7547304630e+00,2.4563730469e+03
433,5.0423657894e-01,-5.0426858664e-01,-4.3546838760e+00,2.4563562012e+03
434,5.0433081388e-01,-5.0414729118e-01,-3.6364848614e+00,2.4563393555e+03
435,5.0431412458e-01,-5.0403487682e-01,-3.7095792294e+00,2.4563220215e+03
436,5.0437015295e-01,-5.0408631563e-01,-3.9983880520e+00,2.4563051758e+03
437,5.0438213348e-01,-5.0425946712e-01,-4.5162940025e+00,2.4562883301e+03
438,5.0443816185e-01,-5.0405347347e-01,-3.1768083572e+00,2.4562705078e+03
439,5.0441128016e-01,-5.0413757563e-01,-4.5498061180e+00,2.4562534180e+03
440,5.0442481041e-01,-5.0428670645e-01,-4.2200284004e+00,2.4562351074e+03
441,5.0441235304e-01,-5.0415265560e-01,-3.8502550125e+00,2.4562172852e+03
442,5.0459188223e-01,-5.0410258770e-01,-3.7210590839e+00,2.4561989746e+03
443,5.0457632542e-01,-5.0423699617e-01,-4.4848618507e+00,2.4561801758e+03
444,5.0464844704e-01,-5.0417095423e-01,-3.7029075623e+00,2.4561621094e+03
445,5.0465303659e-01,-5.0410830975e-01,-4.3061642647e+00,2.4561442871e+03
446,5.0467157364e-01,-5.0413036346e-01,-4.1095623970e+00,2.4561271973e+03
447,5.0478500128e-01,-5.0413167477e-01,-3.9746155739e+00,2.4561083984e+03
448,5.0460505486e-01,-5.0418275595e-01,-4.8821768761e+00,2.4560910645e+03
449,5.0458157063e-01,-5.0420850515e-01,-3.8769731522e+00,2.4560725098e+03
450,5.0472623110e-01,-5.0414079428e-01,-3.9965300560e+00,2.4560539551e+03
451,5.0492441654e-01,-5.0405824184e-01,-3.5849270821e+00,2.4560351562e+03
452,5.0490760803e-01,-5.0411564112e-01,-4.2032737732e+00,2.4560161133e+03
453,5.0490343571e-01,-5.0412321091e-01,-4.2263236046e+00,2.4559975586e+03
454,5.0472438335e-01,-5.0416088104e-01,-4.2862691879e+00,2.4559777832e+03
455,5.0489479303e-01,-5.0412964821e-01,-3.7403526306e+00,2.4559584961e+03
456,5.0482636690e-01,-5.0414878130e-01,-4.5391387939e+00,2.4559392090e+03
457,5.0480610132e-01,-5.0415194035e-01,-4.4361548424e+00,2.4559199219e+03
458,5.0490003824e-01,-5.0411528349e-01,-3.9862639904e+00,2.4559011230e+03
459,5.0485777855e-01,-5.0413662195e-01,-4.8087563515e+00,2.4558808594e+03
460,5.0496673584e-01,-5.0408005714e-01,-3.4346046448e+00,2.4558608398e+03
461,5.0504004955e-01,-5.0404888391e-01,-4.5478606224e+00,2.4558408203e+03
462,5.0504404306e-01,-5.0402736664e-01,-3.9419720173e+00,2.4558208008e+03
463,5.0505602360e-01,-5.0410133600e-01,-5.1881332397e+00,2.4558002930e+03
464,5.0509655476e-01,-5.0414353609e-01,-3.8008198738e+00,2.4557788086e+03
465,5.0510632992e-01,-5.0413298607e-01,-4.8661074638e+00,2.4557580566e+03
466,5.0517117977e-01,-5.0404185057e-01,-3.8225333691e+00,2.4557370605e+03
467,5.0515788794e-01,-5.0406438112e-01,-4.3982682228e+00,2.4557175293e+03
468,5.0519460440e-01,-5.0408130884e-01,-4.2110943794e+00,2.4556965332e+03
469,5.0525099039e-01,-5.0403434038e-01,-4.2612094879e+00,2.4556738281e+03
470,5.0522792339e-01,-5.0407904387e-01,-4.2959547043e+00,2.4556523438e+03
471,5.0528484583e-01,-5.0404536724e-01,-4.4548606873e+00,2.4556313477e+03
472,5.0524812937e-01,-5.0409889221e-01,-4.4534912109e+00,2.4556098633e+03
473,5.0533050299e-01,-5.0411641598e-01,-4.4148564339e+00,2.4555883789e+03
474,5.0532662868e-01,-5.0392085314e-01,-4.0378618240e+00,2.4555676270e+03
475,5.0534838438e-01,-5.0396984816e-01,-4.5588126183e+00,2.4555463867e+03
476,5.0541228056e-01,-5.0391423702e-01,-4.2747426033e+00,2.4555239258e+03
477,5.0541549921e-01,-5.0400876999e-01,-4.5928859711e+00,2.4555021973e+03
478,5.0546222925e-01,-5.0386667252e-01,-4.2524771690e+00,2.4554792480e+03
479,5.0540649891e-01,-5.0406342745e-01,-5.0040159225e+00,2.4554565430e+03
480,5.0548875332e-01,-5.0392419100e-01,-4.3386535645e+00,2.4554350586e+03
481,5.0554621220e-01,-5.0381582975e-01,-3.8684449196e+00,2.4554128418e+03
482,5.0554442406e-01,-5.0389701128e-01,-5.3255462646e+00,2.4553891602e+03
483,5.0558280945e-01,-5.0383317471e-01,-3.7363538742e+00,2.4553664551e+03
484,5.0553333759e-01,-5.0404226780e-01,-5.1633954048e+00,2.4553430176e+03
485,5.0563734770e-01,-5.0395363569e-01,-4.5265178680e+00,2.4553195801e+03
486,5.0556510687e-01,-5.0400334597e-01,-4.5507102013e+00,2.4552966309e+03
487,5.0569087267e-01,-5.0392717123e-01,-4.2080364227e+00,2.4552741699e+03
488,5.0579071045e-01,-5.0375598669e-01,-4.3523664474e+00,2.4552500000e+03
489,5.0567877293e-01,-5.0391590595e-01,-4.6837162971e+00,2.4552268066e+03
490,5.0563037395e-01,-5.0380605459e-01,-4.6097674370e+00,2.4552031250e+03
491,5.0577801466e-01,-5.0379866362e-01,-4.3270759583e+00,2.4551784668e+03
492,5.0568801165e-01,-5.0378978252e-01,-4.5535497665e+00,2.4551542969e+03
493,5.0570297241e-01,-5.0376343727e-01,-4.5009741783e+00,2.4551303711e+03
494,5.0569355488e-01,-5.0376224518e-01,-4.6832270622e+00,2.4551062012e+03
495,5.0569313765e-01,-5.0374197960e-01,-4.8137955666e+00,2.4550822754e+03
496,5.0581586361e-01,-5.0383722782e-01,-4.4110703468e+00,2.4550578613e+03
497,5.0583243370e-01,-5.0381004810e-01,-5.0855321884e+00,2.4550339355e+03
498,5.0589716434e-01,-5.0384145975e-01,-4.7116608620e+00,2.4550095215e+03
499,5.0591629744e-01,-5.0384324789e-01,-4.8426852226e+00,2.4549848633e+03
500,5.0579184294e-01,-5.0375056267e-01,-4.6982169151e+00,2.4549592285e+03
501,5.0593334436e-01,-5.0372648239e-01,-4.7736840248e+00,2.4549355469e+03
502,5.0584656000e-01,-5.0365149975e-01,-3.9895434380e+00,2.4549099121e+03
503,5.0598514080e-01,-5.0371760130e-01,-4.8226003647e+00,2.4548847656e+03
504,5.0589466095e-01,-5.0357288122e-01,-4.5833144188e+00,2.4548598633e+03
505,5.0605005026e-01,-5.0360941887e-01,-4.2984828949e+00,2.4548352051e+03
506,5.0595027208e-01,-5.0349819660e-01,-4.8233361244e+00,2.4548095703e+03
507,5.0600135326e-01,-5.0366425514e-01,-4.8290939331e+00,2.4547841797e+03
508,5.0595337152e-01,-5.0359857082e-01,-5.0349464417e+00,2.4547580566e+03
509,5.0600051880e-01,-5.0365960598e-01,-4.8017468452e+00,2.4547333984e+03
510,5.0605642796e-01,-5.0361132622e-01,-4.7212219238e+00,2.4547065430e+03
511,5.0611329079e-01,-5.0355190039e-01,-4.5287804604e+00,2.4546801758e+03
512,5.0611799955e-01,-5.0353252888e-01,-4.8259768486e+00,2.4546538086e+03
513,5.0620442629e-01,-5.0351649523e-01,-4.6090698242e+00,2.4546267090e+03
514,5.0613182783e-01,-5.0365847349e-01,-5.5461759567e+00,2.4546010742e+03
515,5.0619101524e-01,-5.0360924006e-01,-4.4028596878e+00,2.4545737305e+03
516,5.0617027283e-01,-5.0366717577e-01,-5.5013332367e+00,2.4545461426e+03
517,5.0620001554e-01,-5.0351816416e-01,-4.5394954681e+00,2.4545192871e+03
518,5.0621712208e-01,-5.0361251831e-01,-4.8679056168e+00,2.4544931641e+03
519,5.0623345375e-01,-5.0355404615e-01,-4.9806056023e+00,2.4544658203e+03
520,5.0630497932e-01,-5.0345343351e-01,-4.7706809044e+00,2.4544377441e+03
521,5.0623965263e-01,-5.0355482101e-01,-4.7823019028e+00,2.4544104004e+03
522,5.0647360086e-01,-5.0340026617e-01,-4.6009888649e+00,2.4543830566e+03
523,5.0644534826e-01,-5.0332057476e-01,-4.9044022560e+00,2.4543559570e+03
524,5.0650513172e-01,-5.0334304571e-01,-4.4994125366e+00,2.4543286133e+03
525,5.0643193722e-01,-5.0332605839e-01,-5.2778940201e+00,2.4543005371e+03
526,5.0633221865e-01,-5.0346779823e-01,-5.5132727623e+00,2.4542719727e+03
527,5.0639569759e-01,-5.0344341993e-01,-4.8952870369e+00,2.4542436523e+03
528,5.0653707981e-01,-5.0332123041e-01,-4.5232229233e+00,2.4542143555e+03
529,5.0649547577e-01,-5.0322544575e-01,-4.3087081909e+00,2.4541865234e+03
530,5.0654071569e-01,-5.0338441133e-01,-5.4070219994e+00,2.4541584473e+03
531,5.0660187006e-01,-5.0331127644e-01,-5.2513403893e+00,2.4541308594e+03
532,5.0649476051e-01,-5.0318777561e-01,-4.3813037872e+00,2.4541022949e+03
533,5.0653904676e-01,-5.0320386887e-01,-5.4332532883e+00,2.4540739746e+03
534,5.0669068098e-01,-5.0334417820e-01,-5.0190801620e+00,2.4540454102e+03
535,5.0659066439e-01,-5.0324928761e-01,-5.1495866776e+00,2.4540166016e+03
536,5.0657975674e-01,-5.0314396620e-01,-4.5765628815e+00,2.4539875488e+03
537,5.0673788786e-01,-5.0325948000e-01,-5.1562361717e+00,2.4539580078e+03
538,5.0671565533e-01,-5.0316989422e-01,-4.7639317513e+00,2.4539284668e+03
539,5.0662744045e-01,-5.0313550234e-01,-5.5255441666e+00,2.4538991699e+03
540,5.0666362047e-01,-5.0312775373e-01,-4.7979092598e+00,2.4538686523e+03
541,5.0663834810e-01,-5.0305348635e-01,-5.1031455994e+00,2.4538383789e+03
542,5.0677347183e-01,-5.0319099426e-01,-5.2507314682e+00,2.4538090820e+03
543,5.0667172670e-01,-5.0305676460e-01,-4.9384818077e+00,2.4537797852e+03
544,5.0675076246e-01,-5.0310879946e-01,-5.0442590714e+00,2.4537495117e+03
545,5.0673955679e-01,-5.0307077169e-01,-5.1058640480e+00,2.4537189941e+03
546,5.0667548180e-01,-5.0305783749e-01,-5.3937931061e+00,2.4536875000e+03
547,5.0676333904e-01,-5.0309008360e-01,-5.1450047493e+00,2.4536569824e+03
548,5.0690513849e-01,-5.0303137302e-01,-4.6970081329e+00,2.4536262207e+03
549,5.0682234764e-01,-5.0303649902e-01,-5.8195815086e+00,2.4535954590e+03
550,5.0681763887e-01,-5.0295740366e-01,-5.0949835777e+00,2.4535654297e+03
551,5.0691711903e-01,-5.0289922953e-01,-4.9034094810e+00,2.4535356445e+03
552,5.0689524412e-01,-5.0292634964e-01,-5.4451422691e+00,2.4535048828e+03
553,5.0681442022e-01,-5.0295591354e-01,-5.5260376930e+00,2.4534743652e+03
554,5.0689339638e-01,-5.0296545029e-01,-5.0910716057e+00,2.4534431152e+03
555,5.0704723597e-01,-5.0273883343e-01,-4.3823523521e+00,2.4534118652e+03
556,5.0692838430e-01,-5.0289261341e-01,-5.8837008476e+00,2.4533813477e+03
557,5.0699627399e-01,-5.0288581848e-01,-5.2712192535e+00,2.4533488770e+03
558,5.0708997250e-01,-5.0265324116e-01,-4.3568716049e+00,2.4533173828e+03
559,5.0705927610e-01,-5.0276762247e-01,-5.7144222260e+00,2.4532851562e+03
560,5.0700306892e-01,-5.0287610292e-01,-5.6069064140e+00,2.4532529297e+03
561,5.0709909201e-01,-5.0280886889e-01,-5.0888476372e+00,2.4532199707e+03
562,5.0713062286e-01,-5.0283229351e-01,-4.9939031601e+00,2.4531875000e+03
563,5.0725686550e-01,-5.0260955095e-01,-5.0062322617e+00,2.4531547852e+03
564,5.0720888376e-01,-5.0264865160e-01,-5.3768949509e+00,2.4531232910e+03
565,5.0715500116e-01,-5.0264263153e-01,-6.0187788010e+00,2.4530905762e+03
566,5.0707650185e-01,-5.0271797180e-01,-5.3050236702e+00,2.4530583496e+03
567,5.0712132454e-01,-5.0272029638e-01,-5.7135262489e+00,2.4530258789e+03
568,5.0711750984e-01,-5.0268608332e-01,-5.3839392662e+00,2.4529936523e+03
569,5.0714468956e-01,-5.0274169445e-01,-5.6065063477e+00,2.4529606934e+03
570,5.0716412067e-01,-5.0271850824e-01,-5.6593847275e+00,2.4529272461e+03
571,5.0718110800e-01,-5.0267904997e-01,-4.5545721054e+00,2.4528942871e+03
572,5.0716030598e-01,-5.0264841318e-01,-6.2894525528e+00,2.4528608398e+03
573,5.0714063644e-01,-5.0250828266e-01,-4.7589716911e+00,2.4528273926e+03
574,5.0728332996e-01,-5.0238049030e-01,-4.8984818459e+00,2.4527946777e+03
575,5.0721222162e-01,-5.0238943100e-01,-5.6258130074e+00,2.4527609863e+03
576,5.0724774599e-01,-5.0258880854e-01,-5.8008580208e+00,2.4527275391e+03
577,5.0722163916e-01,-5.0247299671e-01,-5.4770998955e+00,2.4526933594e+03
578,5.0728076696e-01,-5.0251448154e-01,-5.3637871742e+00,2.4526601562e+03
579,5.0740557909e-01,-5.0238698721e-01,-4.9522194862e+00,2.4526262207e+03
580,5.0729185343e-01,-5.0229376554e-01,-5.7560033798e+00,2.4525920410e+03
581,5.0738108158e-01,-5.0234699249e-01,-5.2748503685e+00,2.4525583496e+03
582,5.0728869438e-01,-5.0224423409e-01,-5.6872520447e+00,2.4525241699e+03
583,5.0739312172e-01,-5.0236749649e-01,-5.5033655167e+00,2.4524895020e+03
584,5.0731503963e-01,-5.0227421522e-01,-5.7357487679e+00,2.4524545898e+03
585,5.0736969709e-01,-5.0223976374e-01,-5.3579616547e+00,2.4524204102e+03
586,5.0734215975e-01,-5.0221663713e-01,-5.8239059448e+00,2.4523864746e+03
587,5.0735574961e-01,-5.0223368406e-01,-5.5232176781e+00,2.4523522949e+03
588,5.0741851330e-01,-5.0222903490e-01,-5.4055485725e+00,2.4523164062e+03
589,5.0755459070e-01,-5.0221407413e-01,-5.1849956512e+00,2.4522819824e+03
590,5.0745660067e-01,-5.0218379498e-01,-6.0323271751e+00,2.4522458496e+03
591,5.0740522146e-01,-5.0219392776e-01,-5.7747745514e+00,2.4522106934e+03
592,5.0751399994e-01,-5.0221896172e-01,-5.3377695084e+00,2.4521757812e+03
593,5.0747263432e-01,-5.0223457813e-01,-5.9851403236e+00,2.4521403809e+03
594,5.0751113892e-01,-5.0211656094e-01,-4.9766387939e+00,2.4521057129e+03
595,5.0760352612e-01,-5.0199973583e-01,-5.2784514427e+00,2.4520690918e+03
596,5.0746077299e-01,-5.0218778849e-01,-6.6369261742e+00,2.4520332031e+03
597,5.0751954317e-01,-5.0218236446e-01,-5.3849954605e+00,2.4519965820e+03
598,5.0749987364e-01,-5.0219267607e-01,-5.9152331352e+00,2.4519609375e+03
599,5.0756484270e-01,-5.0202292204e-01,-5.1986622810e+00,2.4519255371e+03
600,5.0763100386e-01,-5.0199455023e-01,-5.3253359795e+00,2.4518896484e+03
601,5.0758796930e-01,-5.0194174051e-01,-5.8815345764e+00,2.4518547363e+03
602,5.0763344765e-01,-5.0196355581e-01,-5.7019195557e+00,2.4518193359e+03
603,5.0762230158e-01,-5.0198692083e-01,-5.6296787262e+00,2.4517832031e+03
604,5.0756502151e-01,-5.0199192762e-01,-6.0057687759e+00,2.4517463379e+03
605,5.0763034821e-01,-5.0194209814e-01,-5.3742942810e+00,2.4517089844e+03
606,5.0759649277e-01,-5.0192707777e-01,-5.9967865944e+00,2.4516726074e+03
607,5.0760740042e-01,-5.0188529491e-01,-5.7541007996e+00,2.4516367188e+03
608,5.0760471821e-01,-5.0196111202e-01,-6.0852818489e+00,2.4515991211e+03
609,5.0765377283e-01,-5.0187438726e-01,-5.4551792145e+00,2.4515627441e+03
610,5.0754886866e-01,-5.0192844868e-01,-6.1551437378e+00,2.4515261230e+03
611,5.0752675533e-01,-5.0184160471e-01,-5.6629447937e+00,2.4514897461e+03
612,5.0763732195e-01,-5.0183558464e-01,-5.2913417816e+00,2.4514526367e+03
613,5.0760501623e-01,-5.0186741352e-01,-5.9421410561e+00,2.4514152832e+03
614,5.0757676363e-01,-5.0168824196e-01,-5.4473361969e+00,2.4513776855e+03
615,5.0762486458e-01,-5.0188368559e-01,-6.2042369843e+00,2.4513393555e+03
616,5.0755256414e-01,-5.0177055597e-01,-5.4384856224e+00,2.4513015137e+03
617,5.0739270449e-01,-5.0174540281e-01,-6.7739596367e+00,2.4512653809e+03
618,5.0747245550e-01,-5.0188010931e-01,-5.8434019089e+00,2.4512275391e+03
619,5.0738704205e-01,-5.0173223019e-01,-6.1081748009e+00,2.4511896973e+03
620,5.0759983063e-01,-5.0168043375e-01,-4.9178743362e+00,2.4511528320e+03
621,5.0750952959e-01,-5.0152689219e-01,-6.1786432266e+00,2.4511145020e+03
622,5.0755959749e-01,-5.0159376860e-01,-5.4983391762e+00,2.4510751953e+03
623,5.0750058889e-01,-5.0167489052e-01,-6.5501060486e+00,2.4510366211e+03
624,5.0744873285e-01,-5.0163561106e-01,-5.6882905960e+00,2.4509985352e+03
625,5.0750398636e-01,-5.0158053637e-01,-6.1021513939e+00,2.4509602051e+03
626,5.0755435228e-01,-5.0176936388e-01,-5.9183645248e+00,2.4509218750e+03
627,5.0754028559e-01,-5.0162166357e-01,-6.0262975693e+00,2.4508840332e+03
628,5.0736707449e-01,-5.0145500898e-01,-5.7544064522e+00,2.4508449707e+03
629,5.0758099556e-01,-5.0165975094e-01,-6.1937699318e+00,2.4508061523e+03
630,5.0755906105e-01,-5.0157368183e-01,-5.2639632225e+00,2.4507666016e+03
631,5.0740289688e-01,-5.0150710344e-01,-6.3927516937e+00,2.4507277832e+03
632,5.0760704279e-01,-5.0148385763e-01,-5.4466795921e+00,2.4506884766e+03
633,5.0748723745e-01,-5.0160455704e-01,-6.2169470787e+00,2.4506499023e+03
634,5.0753402710e-01,-5.0144195557e-01,-5.6191253662e+00,2.4506101074e+03
635,5.0754183531e-01,-5.0152266026e-01,-6.2735595703e+00,2.4505703125e+03
636,5.0757169724e-01,-5.0142252445e-01,-5.5757207870e+00,2.4505305176e+03
637,5.0761598349e-01,-5.0133836269e-01,-5.8192539215e+00,2.4504912109e+03
638,5.0751805305e-01,-5.0136715174e-01,-6.1860451698e+00,2.4504511719e+03
639,5.0751626492e-01,-5.0148552656e-01,-6.5910964012e+00,2.4504125977e+03
640,5.0742346048e-01,-5.0152438879e-01,-6.4118142128e+00,2.4503730469e+03
641,5.0746989250e-01,-5.0151979923e-01,-6.1224222183e+00,2.4503325195e+03
642,5.0747585297e-01,-5.0133657455e-01,-5.5193371773e+00,2.4502922363e+03
643,5.0741577148e-01,-5.0133609772e-01,-6.4545707703e+00,2.4502519531e+03
644,5.0743156672e-01,-5.0136297941e-01,-6.0794568062e+00,2.4502114258e+03
645,5.0749355555e-01,-5.0132173300e-01,-6.0020551682e+00,2.4501711426e+03
646,5.0753301382e-01,-5.0126230717e-01,-5.7088427544e+00,2.4501315918e+03
647,5.0750827789e-01,-5.0125038624e-01,-6.2762784958e+00,2.4500905762e+03
648,5.0737613440e-01,-5.0126838684e-01,-6.5331792831e+00,2.4500500488e+03
649,5.0739550591e-01,-5.0127112865e-01,-6.1679649353e+00,2.4500097656e+03
650,5.0751912594e-01,-5.0120043755e-01,-5.6760516167e+00,2.4499692383e+03
651,5.0744301081e-01,-5.0113946199e-01,-6.1658902168e+00,2.4499272461e+03
652,5.0747144222e-01,-5.0110083818e-01,-5.8892426491e+00,2.4498862305e+03
653,5.0749236345e-01,-5.0106954575e-01,-6.0345373154e+00,2.4498461914e+03
654,5.0738292933e-01,-5.0118088722e-01,-6.6220402718e+00,2.4498051758e+03
655,5.0737118721e-01,-5.0111079216e-01,-6.1482400894e+00,2.4497634277e+03
656,5.0757032633e-01,-5.0092220306e-01,-5.3196001053e+00,2.4497224121e+03
657,5.0737428665e-01,-5.0109136105e-01,-7.0542416573e+00,2.4496796875e+03
658,5.0750070810e-01,-5.0092041492e-01,-5.4788117409e+00,2.4496367188e+03
659,5.0748294592e-01,-5.0097286701e-01,-6.0265150070e+00,2.4495947266e+03
660,5.0736081600e-01,-5.0113523006e-01,-7.0954427719e+00,2.4495537109e+03
661,5.0747418404e-01,-5.0107920170e-01,-5.6831684113e+00,2.4495122070e+03
662,5.0739836693e-01,-5.0082451105e-01,-6.0879468918e+00,2.4494707031e+03
663,5.0750333071e-01,-5.0097048283e-01,-6.0420279503e+00,2.4494289551e+03
664,5.0742900372e-01,-5.0081205368e-01,-6.5174593925e+00,2.4493864746e+03
665,5.0745552778e-01,-5.0087237358e-01,-6.2054948807e+00,2.4493437500e+03
666,5.0748914480e-01,-5.0090682507e-01,-6.0689964294e+00,2.4493010254e+03
667,5.0747215748e-01,-5.0094079971e-01,-6.3841557503e+00,2.4492585449e+03
668,5.0752961636e-01,-5.0088220835e-01,-6.0113296509e+00,2.4492170410e+03
669,5.0734680891e-01,-5.0066572428e-01,-6.7638936043e+00,2.4491750488e+03
670,5.0732576847e-01,-5.0083118677e-01,-6.2590780258e+00,2.4491337891e+03
671,5.0751817226e-01,-5.0078320503e-01,-6.0594158173e+00,2.4490913086e+03
672,5.0738507509e-01,-5.0071811676e-01,-6.5838055611e+00,2.4490480957e+03
673,5.0748234987e-01,-5.0071316957e-01,-6.1703324318e+00,2.4490046387e+03
674,5.0741833448e-01,-5.0069546700e-01,-6.1608881950e+00,2.4489616699e+03
675,5.0730735064e-01,-5.0061929226e-01,-6.6238679886e+00,2.4489189453e+03
676,5.0737959146e-01,-5.0062429905e-01,-6.0002641678e+00,2.4488764648e+03
677,5.0740349293e-01,-5.0060772896e-01,-6.4996285439e+00,2.4488339844e+03
678,5.0743740797e-01,-5.0055837631e-01,-5.8528757095e+00,2.4487910156e+03
679,5.0739783049e-01,-5.0056892633e-01,-6.6402096748e+00,2.4487473145e+03
680,5.0739121437e-01,-5.0049901009e-01,-6.0388669968e+00,2.4487038574e+03
681,5.0731301308e-01,-5.0057387352e-01,-6.5879344940e+00,2.4486604004e+03
682,5.0729000568e-01,-5.0057971478e-01,-6.5984249115e+00,2.4486166992e+03
683,5.0726354122e-01,-5.0050240755e-01,-6.2750043869e+00,2.4485720215e+03
684,5.0726658106e-01,-5.0043225288e-01,-6.2434887886e+00,2.4485297852e+03
685,5.0729626417e-01,-5.0037443638e-01,-6.0307674408e+00,2.4484863281e+03
686,5.0736451149e-01,-5.0039583445e-01,-6.2932953835e+00,2.4484423828e+03
687,5.0735884905e-01,-5.0035148859e-01,-6.2448458672e+00,2.4483984375e+03
688,5.0725215673e-01,-5.0031292439e-01,-6.5224041939e+00,2.4483547363e+03
689,5.0732177496e-01,-5.0031125546e-01,-6.3633232117e+00,2.4483098145e+03
690,5.0731539726e-01,-5.0023740530e-01,-6.1336436272e+00,2.4482661133e+03
691,5.0728875399e-01,-5.0032138824e-01,-7.0024318695e+00,2.4482221680e+03
692,5.0716382265e-01,-5.0030350685e-01,-6.4938201904e+00,2.4481774902e+03
693,5.0723212957e-01,-5.0015121698e-01,-6.1522011757e+00,2.4481342773e+03
694,5.0711601973e-01,-5.0026255846e-01,-6.7372417450e+00,2.4480895996e+03
695,5.0712883472e-01,-5.0035244226e-01,-6.5576076508e+00,2.4480449219e+03
696,5.0710976124e-01,-5.0028997660e-01,-6.3424468040e+00,2.4480000000e+03
697,5.0722765923e-01,-5.0004279613e-01,-5.5449447632e+00,2.4479555664e+03
698,5.0712382793e-01,-5.0013506413e-01,-6.9252266884e+00,2.4479116211e+03
699,5.0717997551e-01,-5.0004154444e-01,-5.8901062012e+00,2.4478662109e+03
700,5.0719141960e-01,-5.0009852648e-01,-6.5773386955e+00,2.4478220215e+03
701,5.0711321831e-01,-4.9998548627e-01,-6.5214476585e+00,2.4477770996e+03
702,5.0718402863e-01,-5.0001478195e-01,-6.1099915504e+00,2.4477314453e+03
703,5.0718218088e-01,-5.0007414818e-01,-6.5393519402e+00,2.4476860352e+03
704,5.0699269772e-01,-5.0007033348e-01,-7.0288376808e+00,2.4476411133e+03
705,5.0708568096e-01,-5.0010704994e-01,-6.2794237137e+00,2.4475964355e+03
706,5.0697904825e-01,-4.9997508526e-01,-6.7567796707e+00,2.4475515137e+03
707,5.0687998533e-01,-4.9995172024e-01,-6.8401060104e+00,2.4475065918e+03
708,5.0702989101e-01,-5.0004810095e-01,-5.8647694588e+00,2.4474606934e+03
709,5.0707888603e-01,-4.9993926287e-01,-6.7076921463e+00,2.4474147949e+03
710,5.0702387094e-01,-5.0004321337e-01,-6.5935087204e+00,2.4473691406e+03
711,5.0689429045e-01,-4.9997827411e-01,-6.5585336685e+00,2.4473232422e+03
712,5.0702655315e-01,-4.9995493889e-01,-6.3681445122e+00,2.4472775879e+03
713,5.0694853067e-01,-4.9982249737e-01,-6.7599282265e+00,2.4472319336e+03
714,5.0682246685e-01,-4.9987283349e-01,-6.7708745003e+00,2.4471865234e+03
715,5.0685220957e-01,-4.9978569150e-01,-6.2568163872e+00,2.4471408691e+03
716,5.0694096088e-01,-4.9983525276e-01,-6.6553249359e+00,2.4470947266e+03
717,5.0684630871e-01,-4.9987354875e-01,-6.3078184128e+00,2.4470483398e+03
718,5.0687998533e-01,-4.9984261394e-01,-6.5817103386e+00,2.4470021973e+03
719,5.0681459904e-01,-4.9976345897e-01,-6.7385568619e+00,2.4469560547e+03
720,5.0679856539e-01,-4.9978250265e-01,-6.2484993935e+00,2.4469106445e+03
721,5.0678014755e-01,-4.9973458052e-01,-6.7637929916e+00,2.4468632812e+03
722,5.0680750608e-01,-4.9973469973e-01,-6.6440691948e+00,2.4468164062e+03
723,5.0678914785e-01,-4.9973833561e-01,-6.2809538841e+00,2.4467705078e+03
724,5.0673818588e-01,-4.9971586466e-01,-6.8500876427e+00,2.4467236328e+03
725,5.0677859783e-01,-4.9973583221e-01,-6.4896469116e+00,2.4466774902e+03
726,5.0672298670e-01,-4.9970501661e-01,-6.5982136726e+00,2.4466315918e+03
727,5.0662338734e-01,-4.9971845746e-01,-6.8171906471e+00,2.4465844727e+03
728,5.0668054819e-01,-4.9971467257e-01,-6.5774598122e+00,2.4465371094e+03
729,5.0669950247e-01,-4.9962902069e-01,-6.4798488617e+00,2.4464899902e+03
730,5.0676029921e-01,-4.9958184361e-01,-6.1351509094e+00,2.4464426270e+03
731,5.0654101372e-01,-4.9971061945e-01,-7.8282294273e+00,2.4463952637e+03
732,5.0662863255e-01,-4.9959808588e-01,-6.0337719917e+00,2.4463488770e+03
733,5.0658392906e-01,-4.9970945716e-01,-7.2439365387e+00,2.4463017578e+03
734,5.0653511286e-01,-4.9964737892e-01,-6.5074458122e+00,2.4462541504e+03
735,5.0658226013e-01,-4.9963432550e-01,-6.6145281792e+00,2.4462070312e+03
736,5.0664860010e-01,-4.9941751361e-01,-5.6263599396e+00,2.4461601562e+03
737,5.0651353598e-01,-4.9945250154e-01,-7.1770958900e+00,2.4461127930e+03
738,5.0652033091e-01,-4.9962827563e-01,-6.7355608940e+00,2.4460656738e+03
739,5.0659269094e-01,-4.9940252304e-01,-6.1956195831e+00,2.4460183105e+03
740,5.0649994612e-01,-4.9941480160e-01,-6.8520679474e+00,2.4459716797e+03
741,5.0642412901e-01,-4.9956703186e-01,-6.8665623665e+00,2.4459243164e+03
742,5.0649154186e-01,-4.9939310551e-01,-6.4485049248e+00,2.4458757324e+03
743,5.0643801689e-01,-4.9938267469e-01,-6.6465692520e+00,2.4458288574e+03
744,5.0641852617e-01,-4.9952310324e-01,-6.8183345795e+00,2.4457814941e+03
745,5.0644236803e-01,-4.9948793650e-01,-6.5870509148e+00,2.4457343750e+03
746,5.0643581152e-01,-4.9945309758e-01,-6.6281113625e+00,2.4456867676e+03
747,5.0634890795e-01,-4.9934679270e-01,-7.1848740578e+00,2.4456381836e+03
748,5.0646203756e-01,-4.9938538671e-01,-6.1951808929e+00,2.4455898438e+03
749,5.0640183687e-01,-4.9931555986e-01,-6.8233642578e+00,2.4455410156e+03
750,5.0638639927e-01,-4.9936670065e-01,-6.7142572403e+00,2.4454926758e+03
751,5.0619024038e-01,-4.9926286936e-01,-7.0786738396e+00,2.4454443359e+03
752,5.0639849901e-01,-4.9923357368e-01,-6.0022015572e+00,2.4453967285e+03
753,5.0625962019e-01,-4.9943089485e-01,-7.2788653374e+00,2.4453481445e+03
754,5.0624287128e-01,-4.9924746156e-01,-6.4982929230e+00,2.4452993164e+03
755,5.0622332096e-01,-4.9930804968e-01,-6.6719903946e+00,2.4452512207e+03
756,5.0613617897e-01,-4.9922993779e-01,-6.7960252762e+00,2.4452026367e+03
757,5.0615918636e-01,-4.9921506643e-01,-6.7570900917e+00,2.4451540527e+03
758,5.0607514381e-01,-4.9920585752e-01,-6.6406493187e+00,2.4451057129e+03
759,5.0619417429e-01,-4.9923115969e-01,-6.7379517555e+00,2.4450581055e+03
760,5.0613832474e-01,-4.9920573831e-01,-6.9772267342e+00,2.4450087891e+03
761,5.0606459379e-01,-4.9924400449e-01,-6.8672199249e+00,2.4449592285e+03
762,5.0613737106e-01,-4.9923452735e-01,-6.5171456337e+00,2.4449101562e+03
763,5.0612270832e-01,-4.9912807345e-01,-6.4991621971e+00,2.4448610840e+03
764,5.0612181425e-01,-4.9917107821e-01,-6.9056797028e+00,2.4448125000e+03
765,5.0605833530e-01,-4.9908974767e-01,-6.7327399254e+00,2.4447636719e+03
766,5.0594121218e-01,-4.9911546707e-01,-7.0116839409e+00,2.4447150879e+03
767,5.0600033998e-01,-4.9911677837e-01,-6.8015093803e+00,2.4446660156e+03
768,5.0595015287e-01,-4.9918109179e-01,-6.6199078560e+00,2.4446171875e+03
769,5.0599312782e-01,-4.9911490083e-01,-6.8669872284e+00,2.4445676270e+03
770,5.0593709946e-01,-4.9902224541e-01,-6.4836134911e+00,2.4445180664e+03
771,5.0595617294e-01,-4.9902218580e-01,-6.8483824730e+00,2.4444687500e+03
772,5.0601470470e-01,-4.9899274111e-01,-6.3266944885e+00,2.4444187012e+03
773,5.0587153435e-01,-4.9891719222e-01,-7.0134639740e+00,2.4443693848e+03
774,5.0582712889e-01,-4.9893751740e-01,-6.8010959625e+00,2.4443195801e+03
775,5.0589042902e-01,-4.9893715978e-01,-6.6014990807e+00,2.4442700195e+03
776,5.0590080023e-01,-4.9899235368e-01,-6.7637434006e+00,2.4442204590e+03
777,5.0585007668e-01,-4.9896967411e-01,-6.9827814102e+00,2.4441706543e+03
778,5.0579595566e-01,-4.9905490875e-01,-6.8549294472e+00,2.4441203613e+03
779,5.0581705570e-01,-4.9906200171e-01,-7.2222857475e+00,2.4440708008e+03
780,5.0577157736e-01,-4.9901282787e-01,-6.3338007927e+00,2.4440207520e+03
781,5.0573533773e-01,-4.9895489216e-01,-7.6888980865e+00,2.4439709473e+03
782,5.0567531586e-01,-4.9904334545e-01,-5.9327440262e+00,2.4439208984e+03
783,5.0570845604e-01,-4.9903917313e-01,-7.9196243286e+00,2.4438718262e+03
784,5.0571560860e-01,-4.9887913465e-01,-5.7790756226e+00,2.4438217773e+03
785,5.0570201874e-01,-4.9906647205e-01,-7.6491909027e+00,2.4437719727e+03
786,5.0560575724e-01,-4.9901497364e-01,-6.5858011246e+00,2.4437216797e+03
787,5.0563997030e-01,-4.9902355671e-01,-7.2162966728e+00,2.4436711426e+03
788,5.0581157207e-01,-4.9889677763e-01,-5.5534162521e+00,2.4436206055e+03
789,5.0563323498e-01,-4.9899610877e-01,-7.6313886642e+00,2.4435700684e+03
790,5.0558739901e-01,-4.9882224202e-01,-6.2566986084e+00,2.4435197754e+03
791,5.0563383102e-01,-4.9881130457e-01,-7.1211266518e+00,2.4434694824e+03
792,5.0565111637e-01,-4.9898102880e-01,-6.5503268242e+00,2.4434187012e+03
793,5.0546407700e-01,-4.9882805347e-01,-7.1930727959e+00,2.4433688965e+03
794,5.0546264648e-01,-4.9892434478e-01,-6.8793177605e+00,2.4433190918e+03
795,5.0547325611e-01,-4.9887710810e-01,-6.7717256546e+00,2.4432678223e+03
796,5.0546324253e-01,-4.9884375930e-01,-6.8685932159e+00,2.4432170410e+03
797,5.0551468134e-01,-4.9882778525e-01,-6.3795509338e+00,2.4431665039e+03
798,5.0544685125e-01,-4.9888136983e-01,-7.4871129990e+00,2.4431154785e+03
799,5.0552141666e-01,-4.9882104993e-01,-6.3313312531e+00,2.4430646973e+03
800,5.0544750690e-01,-4.9865055084e-01,-6.2195429802e+00,2.4430139160e+03
801,5.0540620089e-01,-4.9873402715e-01,-7.1492538452e+00,2.4429624023e+03
802,5.0535368919e-01,-4.9884623289e-01,-7.0922498703e+00,2.4429108887e+03
803,5.0534850359e-01,-4.9888744950e-01,-7.3648343086e+00,2.4428591309e+03
804,5.0540649891e-01,-4.9877277017e-01,-6.2192187309e+00,2.4428090820e+03
805,5.0540316105e-01,-4.9878877401e-01,-6.9947509766e+00,2.4427580566e+03
806,5.0527209044e-01,-4.9880242348e-01,-7.0467567444e+00,2.4427067871e+03
807,5.0522524118e-01,-4.9883413315e-01,-7.0731363297e+00,2.4426560059e+03
808,5.0521588326e-01,-4.9891734123e-01,-7.0098395348e+00,2.4426044922e+03
809,5.0522172451e-01,-4.9876427650e-01,-6.4925274849e+00,2.4425537109e+03
810,5.0532400608e-01,-4.9870887399e-01,-6.5422697067e+00,2.4425026855e+03
811,5.0514739752e-01,-4.9887776375e-01,-7.6172142029e+00,2.4424519043e+03
812,5.0520712137e-01,-4.9869307876e-01,-6.3339180946e+00,2.4424003906e+03
813,5.0531440973e-01,-4.9871763587e-01,-6.6735315323e+00,2.4423496094e+03
814,5.0514626503e-01,-4.9890017509e-01,-7.6572270393e+00,2.4422978516e+03
815,5.0524991751e-01,-4.9878644943e-01,-6.3921184540e+00,2.4422468262e+03
816,5.0510096550e-01,-4.9884140491e-01,-7.0861392021e+00,2.4421950684e+03
817,5.0511628389e-01,-4.9880155921e-01,-6.7919588089e+00,2.4421433105e+03
818,5.0509494543e-01,-4.9875429273e-01,-7.0141849518e+00,2.4420922852e+03
819,5.0506919622e-01,-4.9870666862e-01,-6.5767416954e+00,2.4420402832e+03
820,5.0500720739e-01,-4.9870705605e-01,-7.1376647949e+00,2.4419887695e+03
821,5.0508010387e-01,-4.9874722958e-01,-6.6529583931e+00,2.4419365234e+03
822,5.0510418415e-01,-4.9872559309e-01,-6.5189080238e+00,2.4418852539e+03
823,5.0501799583e-01,-4.9868685007e-01,-7.2853970528e+00,2.4418347168e+03
824,5.0499325991e-01,-4.9866870046e-01,-7.0107307434e+00,2.4417827148e+03
825,5.0495135784e-01,-4.9872496724e-01,-6.8816981316e+00,2.4417319336e+03
826,5.0492686033e-01,-4.9863705039e-01,-7.0428872108e+00,2.4416794434e+03
827,5.0499618053e-01,-4.9868935347e-01,-6.8565421104e+00,2.4416269531e+03
828,5.0489908457e-01,-4.9875941873e-01,-7.1212630272e+00,2.4415761719e+03
829,5.0489920378e-01,-4.9879327416e-01,-7.0613837242e+00,2.4415241699e+03
830,5.0497138500e-01,-4.9857980013e-01,-6.1946034431e+00,2.4414729004e+03
831,5.0490385294e-01,-4.9876973033e-01,-7.3965244293e+00,2.4414213867e+03
832,5.0495624542e-01,-4.9864792824e-01,-6.5015096664e+00,2.4413696289e+03
833,5.0475233793e-01,-4.9864840508e-01,-7.1446080208e+00,2.4413183594e+03
834,5.0488901138e-01,-4.9859729409e-01,-6.4699163437e+00,2.4412658691e+03
835,5.0479805470e-01,-4.9861446023e-01,-6.9999527931e+00,2.4412133789e+03
836,5.0475269556e-01,-4.9867716432e-01,-6.9142780304e+00,2.4411611328e+03
837,5.0484752655e-01,-4.9876955152e-01,-6.8286466599e+00,2.4411091309e+03
838,5.0476890802e-01,-4.9876815081e-01,-7.0165228844e+00,2.4410578613e+03
839,5.0481814146e-01,-4.9870005250e-01,-6.7514300346e+00,2.4410051270e+03
840,5.0469624996e-01,-4.9871480465e-01,-7.2192530632e+00,2.4409536133e+03
841,5.0473427773e-01,-4.9865412712e-01,-6.6555023193e+00,2.4409016113e+03
842,5.0470662117e-01,-4.9863737822e-01,-6.7637434006e+00,2.4408491211e+03
843,5.0467532873e-01,-4.9870303273e-01,-6.9902157784e+00,2.4407966309e+03
844,5.0465232134e-01,-4.9868774414e-01,-7.0942502022e+00,2.4407446289e+03
845,5.0458776951e-01,-4.9862238765e-01,-6.8049964905e+00,2.4406916504e+03
846,5.0462907553e-01,-4.9865159392e-01,-6.7145791054e+00,2.4406389160e+03
847,5.0453412533e-01,-4.9863275886e-01,-7.1011638641e+00,2.4405866699e+03
848,5.0463056564e-01,-4.9856168032e-01,-6.8131098747e+00,2.4405351562e+03
849,5.0446951389e-01,-4.9859803915e-01,-7.1955900192e+00,2.4404812012e+03
850,5.0453829765e-01,-4.9867004156e-01,-6.9067606926e+00,2.4404296875e+03
851,5.0445634127e-01,-4.9866446853e-01,-7.0258822441e+00,2.4403767090e+03
852,5.0445747375e-01,-4.9868363142e-01,-6.9942502975e+00,2.4403242188e+03
853,5.0446224213e-01,-4.9868658185e-01,-7.0320544243e+00,2.4402712402e+03
854,5.0448644161e-01,-4.9848410487e-01,-6.4972066879e+00,2.4402182617e+03
855,5.0452506542e-01,-4.9843946099e-01,-6.6301817894e+00,2.4401650391e+03
856,5.0443655252e-01,-4.9863275886e-01,-7.5133271217e+00,2.4401125488e+03
857,5.0441634655e-01,-4.9856236577e-01,-6.5614852905e+00,2.4400600586e+03
858,5.0436395407e-01,-4.9862372875e-01,-7.3635063171e+00,2.4400080566e+03
859,5.0437587500e-01,-4.9855291843e-01,-6.8020343781e+00,2.4399560547e+03
860,5.0433057547e-01,-4.9857246876e-01,-6.6370897293e+00,2.4399025879e+03
861,5.0444895029e-01,-4.9848625064e-01,-6.5260114670e+00,2.4398493652e+03
862,5.0436699390e-01,-4.9844694138e-01,-7.1859078407e+00,2.4397963867e+03
863,5.0436192751e-01,-4.9846383929e-01,-6.5918250084e+00,2.4397431641e+03
864,5.0434154272e-01,-4.9850758910e-01,-6.9899744987e+00,2.4396906738e+03
865,5.0431555510e-01,-4.9844700098e-01,-6.9581003189e+00,2.4396384277e+03
866,5.0432336330e-01,-4.9844595790e-01,-6.9172611237e+00,2.4395856934e+03
867,5.0430434942e-01,-4.9838536978e-01,-6.8713312149e+00,2.4395334473e+03
868,5.0424683094e-01,-4.9851891398e-01,-7.7907900810e+00,2.4394799805e+03
869,5.0435394049e-01,-4.9840798974e-01,-6.2955141068e+00,2.4394267578e+03
870,5.0421494246e-01,-4.9851134419e-01,-7.6557283401e+00,2.4393737793e+03
871,5.0411182642e-01,-4.9851304293e-01,-6.8702564240e+00,2.4393208008e+03
872,5.0425416231e-01,-4.9832278490e-01,-6.4712057114e+00,2.4392687988e+03
873,5.0411951542e-01,-4.9844071269e-01,-7.2382168770e+00,2.4392167969e+03
874,5.0418698788e-01,-4.9836650491e-01,-6.6646585464e+00,2.4391638184e+03
875,5.0424754620e-01,-4.9837008119e-01,-6.7660655975e+00,2.4391105957e+03
876,5.0412344933e-01,-4.9842390418e-01,-7.3202886581e+00,2.4390573730e+03
877,5.0410586596e-01,-4.9847671390e-01,-6.7627849579e+00,2.4390053711e+03
878,5.0418061018e-01,-4.9838078022e-01,-6.7450227737e+00,2.4389528809e+03
879,5.0414580107e-01,-4.9835982919e-01,-6.7999725342e+00,2.4389008789e+03
880,5.0406277180e-01,-4.9848091602e-01,-7.1205840111e+00,2.4388483887e+03
881,5.0409680605e-01,-4.9842083454e-01,-6.8905725479e+00,2.4387954102e+03
882,5.0407582521e-01,-4.9839916825e-01,-6.7126755714e+00,2.4387431641e+03
883,5.0408327579e-01,-4.9841511250e-01,-7.1807675362e+00,2.4386896973e+03
884,5.0404822826e-01,-4.9838382006e-01,-6.2969956398e+00,2.4386369629e+03
885,5.0404655933e-01,-4.9841621518e-01,-7.7484726906e+00,2.4385849609e+03
886,5.0400561094e-01,-4.9843609333e-01,-6.5079226494e+00,2.4385319824e+03
887,5.0384491682e-01,-4.9842885137e-01,-7.7528076172e+00,2.4384799805e+03
888,5.0400447845e-01,-4.9835798144e-01,-6.2419915199e+00,2.4384274902e+03
889,5.0387561321e-01,-4.9835199118e-01,-7.1740989685e+00,2.4383742676e+03
890,5.0396174192e-01,-4.9842956662e-01,-7.2982850075e+00,2.4383217773e+03
891,5.0402402878e-01,-4.9844253063e-01,-6.4175128937e+00,2.4382687988e+03
892,5.0382614136e-01,-4.9836605787e-01,-7.4220681190e+00,2.4382165527e+03
893,5.0386929512e-01,-4.9850276113e-01,-7.1894745827e+00,2.4381635742e+03
894,5.0384849310e-01,-4.9831661582e-01,-6.5570559502e+00,2.4381103516e+03
895,5.0398325920e-01,-4.9829244614e-01,-6.7226333618e+00,2.4380571289e+03
896,5.0390291214e-01,-4.9843710661e-01,-7.4886245728e+00,2.4380046387e+03
897,5.0391167402e-01,-4.9837201834e-01,-6.7614526749e+00,2.4379519043e+03
898,5.0395894051e-01,-4.9823161960e-01,-6.6563715935e+00,2.4378999023e+03
899,5.0391447544e-01,-4.9831268191e-01,-7.0125193596e+00,2.4378469238e+03
900,5.0392317772e-01,-4.9826759100e-01,-7.1061797142e+00,2.4377939453e+03
901,5.0388336182e-01,-4.9835437536e-01,-6.9177646637e+00,2.4377414551e+03
902,5.0388109684e-01,-4.9830731750e-01,-7.1436419487e+00,2.4376894531e+03
903,5.0382888317e-01,-4.9838823080e-01,-6.8994693756e+00,2.4376357422e+03
904,5.0385177135e-01,-4.9835568666e-01,-6.8700370789e+00,2.4375825195e+03
905,5.0383347273e-01,-4.9838677049e-01,-7.0137743950e+00,2.4375310059e+03
906,5.0384777784e-01,-4.9829989672e-01,-6.6992387772e+00,2.4374782715e+03
907,5.0380289555e-01,-4.9831444025e-01,-7.1857261658e+00,2.4374250488e+03
908,5.0377082825e-01,-4.9837440252e-01,-7.1322994232e+00,2.4373725586e+03
909,5.0378471613e-01,-4.9830058217e-01,-6.6841521263e+00,2.4373208008e+03
910,5.0370627642e-01,-4.9834948778e-01,-7.4298439026e+00,2.4372680664e+03
911,5.0384062529e-01,-4.9834206700e-01,-6.7162275314e+00,2.4372155762e+03
912,5.0369507074e-01,-4.9837198853e-01,-7.4030590057e+00,2.4371630859e+03
913,5.0378721952e-01,-4.9835288525e-01,-6.7225842476e+00,2.4371105957e+03
914,5.0373005867e-01,-4.9832510948e-01,-6.9855842590e+00,2.4370581055e+03
915,5.0361430645e-01,-4.9831038713e-01,-7.1541461945e+00,2.4370061035e+03
916,5.0345200300e-01,-4.9827241898e-01,-6.7046713829e+00,2.4369536133e+03
917,5.0351494551e-01,-4.9826812744e-01,-6.6955232620e+00,2.4369020996e+03
918,5.0344634056e-01,-4.9824133515e-01,-6.9374432564e+00,2.4368496094e+03
919,5.0350934267e-01,-4.9826535583e-01,-7.0826234818e+00,2.4367971191e+03
920,5.0353747606e-01,-4.9828609824e-01,-6.9149885178e+00,2.4367436523e+03
921,5.0345355272e-01,-4.9832591414e-01,-7.2111821175e+00,2.4366923828e+03
922,5.0349259377e-01,-4.9829977751e-01,-6.7233152390e+00,2.4366401367e+03
923,5.0347363949e-01,-4.9827235937e-01,-7.0788445473e+00,2.4365876465e+03
924,5.0343322754e-01,-4.9827402830e-01,-7.0434885025e+00,2.4365356445e+03
925,5.0342166424e-01,-4.9827170372e-01,-6.8797707558e+00,2.4364831543e+03
926,5.0347912312e-01,-4.9821323156e-01,-6.6462354660e+00,2.4364309082e+03
927,5.0346052647e-01,-4.9827647209e-01,-7.5258851051e+00,2.4363789062e+03
928,5.0338047743e-01,-4.9845373631e-01,-7.0676503181e+00,2.4363261719e+03
929,5.0341641903e-01,-4.9827805161e-01,-6.5580992699e+00,2.4362741699e+03
930,5.0343883038e-01,-4.9820464849e-01,-6.9198260307e+00,2.4362219238e+03
931,5.0342589617e-01,-4.9823680520e-01,-6.9111657143e+00,2.4361696777e+03
932,5.0343829393e-01,-4.9839714170e-01,-7.5202536583e+00,2.4361181641e+03
933,5.0339931250e-01,-4.9833688140e-01,-6.7947592735e+00,2.4360656738e+03
934,5.0341677666e-01,-4.9820706248e-01,-6.8432559967e+00,2.4360129395e+03
935,5.0343114138e-01,-4.9833223224e-01,-7.2803068161e+00,2.4359604492e+03
936,5.0341296196e-01,-4.9825307727e-01,-6.8820238113e+00,2.4359086914e+03
937,5.0338369608e-01,-4.9821707606e-01,-6.9914579391e+00,2.4358557129e+03
938,5.0339752436e-01,-4.9835535884e-01,-7.1762843132e+00,2.4358039551e+03
939,5.0340187550e-01,-4.9827793241e-01,-6.9022893906e+00,2.4357509766e+03
940,5.0337278843e-01,-4.9826624990e-01,-7.1111621857e+00,2.4356994629e+03
941,5.0336229801e-01,-4.9835470319e-01,-6.9479598999e+00,2.4356484375e+03
942,5.0340056419e-01,-4.9826377630e-01,-6.8890261650e+00,2.4355971680e+03
943,5.0339424610e-01,-4.9828997254e-01,-6.8617606163e+00,2.4355444336e+03
944,5.0340414047e-01,-4.9827575684e-01,-6.8650040627e+00,2.4354924316e+03
945,5.0328230858e-01,-4.9830782413e-01,-7.5821123123e+00,2.4354409180e+03
946,5.0330877304e-01,-4.9828922749e-01,-6.7302026749e+00,2.4353894043e+03
947,5.0337278843e-01,-4.9826309085e-01,-6.8995184898e+00,2.4353378906e+03
948,5.0332409143e-01,-4.9829146266e-01,-7.0605840683e+00,2.4352868652e+03
949,5.0337696075e-01,-4.9826064706e-01,-6.9234633446e+00,2.4352351074e+03
950,5.0331753492e-01,-4.9831619859e-01,-7.3354649544e+00,2.4351833496e+03
951,5.0320595503e-01,-4.9830645323e-01,-7.2164616585e+00,2.4351325684e+03
952,5.0328278542e-01,-4.9826309085e-01,-6.7541570663e+00,2.4350803223e+03
953,5.0335508585e-01,-4.9833187461e-01,-7.2906479836e+00,2.4350283203e+03
954,5.0319778919e-01,-4.9832385778e-01,-7.1646475792e+00,2.4349768066e+03
955,5.0324940681e-01,-4.9833637476e-01,-7.1459598541e+00,2.4349252930e+03
956,5.0322622061e-01,-4.9828767776e-01,-6.7277312279e+00,2.4348737793e+03
957,5.0326514244e-01,-4.9833256006e-01,-7.0835838318e+00,2.4348227539e+03
958,5.0325602293e-01,-4.9830356240e-01,-6.8875308037e+00,2.4347709961e+03
959,5.0310289860e-01,-4.9829250574e-01,-7.2945032120e+00,2.4347189941e+03
960,5.0315999985e-01,-4.9832645059e-01,-6.9845352173e+00,2.4346679688e+03
961,5.0310385227e-01,-4.9840751290e-01,-7.1681132317e+00,2.4346164551e+03
962,5.0311207771e-01,-4.9842160940e-01,-7.1683454514e+00,2.4345654297e+03
963,5.0314694643e-01,-4.9839365482e-01,-7.0665273666e+00,2.4345136719e+03
964,5.0315427780e-01,-4.9836036563e-01,-7.1194972992e+00,2.4344624023e+03
965,5.0311034918e-01,-4.9827113748e-01,-6.7951641083e+00,2.4344111328e+03
966,5.0312960148e-01,-4.9829596281e-01,-7.2059459686e+00,2.4343601074e+03
967,5.0310546160e-01,-4.9839138985e-01,-7.3710017204e+00,2.4343098145e+03
968,5.0308358669e-01,-4.9830028415e-01,-6.9337587357e+00,2.4342585449e+03
969,5.0308126211e-01,-4.9818027020e-01,-6.7575645447e+00,2.4342070312e+03
970,5.0306725502e-01,-4.9822536111e-01,-7.2767934799e+00,2.4341562500e+03
971,5.0306934118e-01,-4.9836480618e-01,-7.4618964195e+00,2.4341054688e+03
972,5.0306457281e-01,-4.9820795655e-01,-6.7154660225e+00,2.4340549316e+03
973,5.0303149223e-01,-4.9820715189e-01,-7.0628571510e+00,2.4340041504e+03
974,5.0301307440e-01,-4.9817535281e-01,-7.0306725502e+00,2.4339550781e+03
975,5.0304132700e-01,-4.9832156301e-01,-7.3762893677e+00,2.4339040527e+03
976,5.0298845768e-01,-4.9821451306e-01,-6.9908423424e+00,2.4338537598e+03
977,5.0301247835e-01,-4.9827015400e-01,-7.1201148033e+00,2.4338022461e+03
978,5.0300753117e-01,-4.9819862843e-01,-7.0166277885e+00,2.4337517090e+03
979,5.0303661823e-01,-4.9825650454e-01,-7.0964179039e+00,2.4337014160e+03
980,5.0303423405e-01,-4.9821835756e-01,-7.1065659523e+00,2.4336513672e+03
981,5.0302505493e-01,-4.9823394418e-01,-7.2672576904e+00,2.4336010742e+03
982,5.0288653374e-01,-4.9819302559e-01,-7.4770903587e+00,2.4335507812e+03
983,5.0299274921e-01,-4.9817311764e-01,-6.7972612381e+00,2.4335007324e+03
984,5.0291073322e-01,-4.9821415544e-01,-7.3988041878e+00,2.4334501953e+03
985,5.0291222334e-01,-4.9824264646e-01,-7.0336823463e+00,2.4333999023e+03
986,5.0299841166e-01,-4.9820548296e-01,-6.7766647339e+00,2.4333498535e+03
987,5.0285941362e-01,-4.9819487333e-01,-7.4531793594e+00,2.4333005371e+03
988,5.0279349089e-01,-4.9826306105e-01,-7.2825908661e+00,2.4332507324e+03
989,5.0296002626e-01,-4.9820053577e-01,-6.5929627419e+00,2.4332001953e+03
990,5.0282567739e-01,-4.9824658036e-01,-7.5071740150e+00,2.4331494141e+03
991,5.0278049707e-01,-4.9818578362e-01,-7.0946474075e+00,2.4330998535e+03
992,5.0291478634e-01,-4.9819633365e-01,-6.9063344002e+00,2.4330500488e+03
993,5.0285887718e-01,-4.9817427993e-01,-7.2041931152e+00,2.4330009766e+03
994,5.0276982784e-01,-4.9822631478e-01,-7.4242739677e+00,2.4329528809e+03
995,5.0274991989e-01,-4.9820983410e-01,-7.2513427734e+00,2.4329035645e+03
996,5.0272578001e-01,-4.9820885062e-01,-7.1397600174e+00,2.4328544922e+03
997,5.0284910202e-01,-4.9823671579e-01,-6.9844107628e+00,2.4328046875e+03
998,5.0278127193e-01,-4.9819839001e-01,-7.2140736580e+00,2.4327551270e+03
999,5.0280946493e-01,-4.9823182821e-01,-7.2139410973e+00,2.4327055664e+03
1000,5.0274759531e-01,-4.9824950099e-01,-7.4088001251e+00,2.4326562500e+03
1001,5.0273561478e-01,-4.9821692705e-01,-7.0725884438e+00,2.4326076660e+03
1002,5.0275796652e-01,-4.9833762646e-01,-7.1476669312e+00,2.4325583496e+03
1003,5.0278633833e-01,-4.9834981561e-01,-6.9319763184e+00,2.4325087891e+03
1004,5.0279527903e-01,-4.9829006195e-01,-7.1454396248e+00,2.4324602051e+03
1005,5.0277829170e-01,-4.9830427766e-01,-6.9423727989e+00,2.4324118652e+03
1006,5.0273346901e-01,-4.9840402603e-01,-7.6467504501e+00,2.4323625488e+03
1007,5.0274497271e-01,-4.9830192327e-01,-6.8446955681e+00,2.4323139648e+03
1008,5.0269412994e-01,-4.9832686782e-01,-7.4242229462e+00,2.4322646484e+03
1009,5.0269764662e-01,-4.9840423465e-01,-7.3813104630e+00,2.4322158203e+03
1010,5.0270330906e-01,-4.9838149548e-01,-6.9790682793e+00,2.4321674805e+03
1011,5.0266593695e-01,-4.9828714132e-01,-7.1832852364e+00,2.4321184082e+03
1012,5.0267130136e-01,-4.9837306142e-01,-7.1160807610e+00,2.4320708008e+03
1013,5.0263762474e-01,-4.9835008383e-01,-7.3437156677e+00,2.4320224609e+03
1014,5.0262230635e-01,-4.9828046560e-01,-7.0000243187e+00,2.4319741211e+03
1015,5.0262707472e-01,-4.9832123518e-01,-7.1987800598e+00,2.4319262695e+03
1016,5.0258070230e-01,-4.9840679765e-01,-7.5803661346e+00,2.4318776855e+03
1017,5.0254738331e-01,-4.9836570024e-01,-7.1720705032e+00,2.4318293457e+03
1018,5.0252628326e-01,-4.9839442968e-01,-7.4208908081e+00,2.4317817383e+03
1019,5.0261253119e-01,-4.9827584624e-01,-6.6346931458e+00,2.4317341309e+03
1020,5.0251621008e-01,-4.9830529094e-01,-7.7069640160e+00,2.4316872559e+03
1021,5.0257480145e-01,-4.9826306105e-01,-6.9217500687e+00,2.4316398926e+03
1022,5.0255483389e-01,-4.9832487106e-01,-7.5729479790e+00,2.4315920410e+03
1023,5.0244826078e-01,-4.9839097261e-01,-7.5111584663e+00,2.4315439453e+03
1024,5.0252175331e-01,-4.9835646152e-01,-7.0418496132e+00,2.4314968262e+03
1025,5.0244468451e-01,-4.9837768078e-01,-7.4310488701e+00,2.4314492188e+03
1026,5.0238180161e-01,-4.9837327003e-01,-7.4528188705e+00,2.4314016113e+03
1027,5.0251054764e-01,-4.9835234880e-01,-6.7003984451e+00,2.4313552246e+03
1028,5.0237143040e-01,-4.9838039279e-01,-7.6884579659e+00,2.4313081055e+03
1029,5.0254780054e-01,-4.9833130836e-01,-6.5910081863e+00,2.4312614746e+03
1030,5.0244039297e-01,-4.9833568931e-01,-7.7297015190e+00,2.4312141113e+03
1031,5.0227451324e-01,-4.9837577343e-01,-7.6873517036e+00,2.4311684570e+03
1032,5.0232845545e-01,-4.9837031960e-01,-7.3321418762e+00,2.4311215820e+03
1033,5.0244855881e-01,-4.9840012193e-01,-6.9108242989e+00,2.4310742188e+03
1034,5.0237327814e-01,-4.9837505817e-01,-7.6665096283e+00,2.4310275879e+03
1035,5.0231051445e-01,-4.9834668636e-01,-7.2314972878e+00,2.4309807129e+03
1036,5.0227832794e-01,-4.9835374951e-01,-7.4708294868e+00,2.4309335938e+03
1037,5.0228261948e-01,-4.9832588434e-01,-7.1847872734e+00,2.4308872070e+03
1038,5.0235927105e-01,-4.9837267399e-01,-7.1517200470e+00,2.4308425293e+03
1039,5.0232654810e-01,-4.9834653735e-01,-7.2773022652e+00,2.4307963867e+03
1040,5.0234627724e-01,-4.9837312102e-01,-7.2806177139e+00,2.4307502441e+03
1041,5.0223350525e-01,-4.9839574099e-01,-7.7818784714e+00,2.4307045898e+03
1042,5.0227898359e-01,-4.9830588698e-01,-6.8464632034e+00,2.4306586914e+03
1043,5.0224697590e-01,-4.9837297201e-01,-7.6616263390e+00,2.4306127930e+03
1044,5.0228339434e-01,-4.9833318591e-01,-7.0784049034e+00,2.4305664062e+03
1045,5.0224465132e-01,-4.9838265777e-01,-7.4277839661e+00,2.4305202637e+03
1046,5.0220799446e-01,-4.9845150113e-01,-7.6588034630e+00,2.4304746094e+03
1047,5.0221747160e-01,-4.9842184782e-01,-7.2206768990e+00,2.4304304199e+03
1048,5.0221234560e-01,-4.9843627214e-01,-7.5061078072e+00,2.4303857422e+03
1049,5.0220936537e-01,-4.9834248424e-01,-7.0955786705e+00,2.4303400879e+03
1050,5.0219333172e-01,-4.9845036864e-01,-7.7794823647e+00,2.4302951660e+03
1051,5.0215017796e-01,-4.9846363068e-01,-7.4094672203e+00,2.4302492676e+03
1052,5.0214552879e-01,-4.9841603637e-01,-7.3866376877e+00,2.4302041016e+03
1053,5.0216430426e-01,-4.9836552143e-01,-7.3159174919e+00,2.4301589355e+03
1054,5.0211250782e-01,-4.9844831228e-01,-7.6275339127e+00,2.4301135254e+03
1055,5.0213545561e-01,-4.9839678407e-01,-7.1827607155e+00,2.4300690918e+03
1056,5.0216746330e-01,-4.9834889174e-01,-7.2623329163e+00,2.4300244141e+03
1057,5.0215017796e-01,-4.9837893248e-01,-7.3847713470e+00,2.4299787598e+03
1058,5.0210785866e-01,-4.9846804142e-01,-7.6157078743e+00,2.4299340820e+03
1059,5.0211983919e-01,-4.9839597940e-01,-7.0957112312e+00,2.4298896484e+03
1060,5.0207108259e-01,-4.9846875668e-01,-7.6597185135e+00,2.4298459473e+03
1061,5.0210255384e-01,-4.9835857749e-01,-7.1997156143e+00,2.4298007812e+03
1062,5.0202172995e-01,-4.9844413996e-01,-7.8654665947e+00,2.4297565918e+03
1063,5.0198906660e-01,-4.9848350883e-01,-7.4955525398e+00,2.4297131348e+03
1064,5.0196635723e-01,-4.9848732352e-01,-7.5730223656e+00,2.4296679688e+03
1065,5.0203335285e-01,-4.9839428067e-01,-7.2569956779e+00,2.4296240234e+03
1066,5.0194740295e-01,-4.9844449759e-01,-7.7724251747e+00,2.4295795898e+03
1067,5.0197786093e-01,-4.9847134948e-01,-7.1482086182e+00,2.4295358887e+03
1068,5.0206208229e-01,-4.9838137627e-01,-7.2010402679e+00,2.4294916992e+03
1069,5.0206911564e-01,-4.9841850996e-01,-7.3916625977e+00,2.4294482422e+03
1070,5.0190711021e-01,-4.9843361974e-01,-7.7191123962e+00,2.4294047852e+03
1071,5.0201302767e-01,-4.9842759967e-01,-7.2535719872e+00,2.4293608398e+03
1072,5.0188416243e-01,-4.9841484427e-01,-8.0767698288e+00,2.4293173828e+03
1073,5.0194168091e-01,-4.9846947193e-01,-7.1240744591e+00,2.4292739258e+03
1074,5.0187408924e-01,-4.9844801426e-01,-7.4791355133e+00,2.4292319336e+03
1075,5.0192785263e-01,-4.9847447872e-01,-7.3294920921e+00,2.4291884766e+03
1076,5.0180435181e-01,-4.9843657017e-01,-7.9298868179e+00,2.4291450195e+03
1077,5.0187313557e-01,-4.9851313233e-01,-7.4207191467e+00,2.4291022949e+03
1078,5.0179994106e-01,-4.9849423766e-01,-7.6507987976e+00,2.4290588379e+03
1079,5.0179332495e-01,-4.9843859673e-01,-7.2007856369e+00,2.4290153809e+03
1080,5.0173360109e-01,-4.9845963717e-01,-7.7377853394e+00,2.4289726562e+03
1081,5.0176763535e-01,-4.9841406941e-01,-7.3097000122e+00,2.4289299316e+03
1082,5.0170266628e-01,-4.9842724204e-01,-7.7423419952e+00,2.4288879395e+03
1083,5.0176185369e-01,-4.9853670597e-01,-7.5077514648e+00,2.4288452148e+03
1084,5.0177907944e-01,-4.9843513966e-01,-7.1175270081e+00,2.4288029785e+03
1085,5.0176042318e-01,-4.9853289127e-01,-7.8274960518e+00,2.4287602539e+03
1086,5.0177907944e-01,-4.9850115180e-01,-7.3103299141e+00,2.4287187500e+03
1087,5.0171262026e-01,-4.9845117331e-01,-7.3688836098e+00,2.4286765137e+03
1088,5.0169056654e-01,-4.9853840470e-01,-8.0134057999e+00,2.4286340332e+03
1089,5.0168800354e-01,-4.9851673841e-01,-7.3233170509e+00,2.4285925293e+03
1090,5.0170618296e-01,-4.9848863482e-01,-7.4725661278e+00,2.4285507812e+03
1091,5.0167644024e-01,-4.9849322438e-01,-7.9958505630e+00,2.4285092773e+03
1092,5.0164848566e-01,-4.9846565723e-01,-7.2562355995e+00,2.4284677734e+03
1093,5.0170230865e-01,-4.9843627214e-01,-7.6078791618e+00,2.4284257812e+03
1094,5.0170230865e-01,-4.9840977788e-01,-7.4841699600e+00,2.4283840332e+03
1095,5.0160318613e-01,-4.9848997593e-01,-7.9660558701e+00,2.4283427734e+03
1096,5.0159454346e-01,-4.9853172898e-01,-7.6721601486e+00,2.4283012695e+03
1097,5.0165456533e-01,-4.9847653508e-01,-7.2999229431e+00,2.4282604980e+03
1098,5.0165438652e-01,-4.9847665429e-01,-7.7943110466e+00,2.4282197266e+03
1099,5.0164574385e-01,-4.9842855334e-01,-7.0837116241e+00,2.4281801758e+03
1100,5.0156229734e-01,-4.9851801991e-01,-8.1859540939e+00,2.4281386719e+03
1101,5.0153082609e-01,-4.9854823947e-01,-7.6965641975e+00,2.4280981445e+03
1102,5.0163418055e-01,-4.9837574363e-01,-7.0156784058e+00,2.4280571289e+03
1103,5.0156337023e-01,-4.9852859974e-01,-7.8982653618e+00,2.4280170898e+03
1104,5.0143617392e-01,-4.9854332209e-01,-8.3756427765e+00,2.4279768066e+03
1105,5.0145834684e-01,-4.9852886796e-01,-7.3160886765e+00,2.4279365234e+03
1106,5.0147408247e-01,-4.9854272604e-01,-7.7042121887e+00,2.4278967285e+03
1107,5.0142037868e-01,-4.9856474996e-01,-8.1278247833e+00,2.4278574219e+03
1108,5.0148832798e-01,-4.9846094847e-01,-7.3303508759e+00,2.4278176270e+03
1109,5.0147086382e-01,-4.9852147698e-01,-7.7354254723e+00,2.4277788086e+03
1110,5.0150942802e-01,-4.9841257930e-01,-6.9422941208e+00,2.4277392578e+03
1111,5.0151234865e-01,-4.9848151207e-01,-8.2404909134e+00,2.4276999512e+03
1112,5.0152283907e-01,-4.9848166108e-01,-7.2865605354e+00,2.4276604004e+03
1113,5.0136989355e-01,-4.9850142002e-01,-8.2613563538e+00,2.4276213379e+03
1114,5.0147795677e-01,-4.9847128987e-01,-7.0333580971e+00,2.4275827637e+03
1115,5.0140702724e-01,-4.9847421050e-01,-8.0898256302e+00,2.4275439453e+03
1116,5.0140321255e-01,-4.9846315384e-01,-7.4519734383e+00,2.4275053711e+03
1117,5.0137180090e-01,-4.9839007854e-01,-7.7817440033e+00,2.4274655762e+03
1118,5.0133061409e-01,-4.9848559499e-01,-7.8367710114e+00,2.4274272461e+03
1119,5.0137794018e-01,-4.9853333831e-01,-7.9556922913e+00,2.4273884277e+03
1120,5.0140947104e-01,-4.9845317006e-01,-7.4358592033e+00,2.4273498535e+03
1121,5.0133901834e-01,-4.9852630496e-01,-8.0850410461e+00,2.4273115234e+03
1122,5.0131767988e-01,-4.9846184254e-01,-7.5657043457e+00,2.4272724609e+03
1123,5.0133156776e-01,-4.9843195081e-01,-7.8143148422e+00,2.4272358398e+03
1124,5.0134938955e-01,-4.9844667315e-01,-7.3519511223e+00,2.4271970215e+03
1125,5.0135570765e-01,-4.9851760268e-01,-8.1349992752e+00,2.4271582031e+03
1126,5.0134336948e-01,-4.9846851826e-01,-7.4793329239e+00,2.4271198730e+03
1127,5.0128829479e-01,-4.9846833944e-01,-7.9582600594e+00,2.4270825195e+03
1128,5.0129503012e-01,-4.9845707417e-01,-7.7173004150e+00,2.4270449219e+03
1129,5.0124561787e-01,-4.9858418107e-01,-8.1868371964e+00,2.4270080566e+03
1130,5.0128930807e-01,-4.9853315949e-01,-7.5615859032e+00,2.4269707031e+03
1131,5.0128149986e-01,-4.9847701192e-01,-7.7525925636e+00,2.4269340820e+03
1132,5.0123107433e-01,-4.9855580926e-01,-8.0219087601e+00,2.4268964844e+03
1133,5.0128418207e-01,-4.9854430556e-01,-7.4786405563e+00,2.4268596191e+03
1134,5.0128817558e-01,-4.9847134948e-01,-7.7576317787e+00,2.4268215332e+03
1135,5.0128388405e-01,-4.9849757552e-01,-7.8405971527e+00,2.4267846680e+03
1136,5.0120979548e-01,-4.9859097600e-01,-8.0488805771e+00,2.4267478027e+03
1137,5.0121176243e-01,-4.9854195118e-01,-7.6944117546e+00,2.4267116699e+03
1138,5.0125575066e-01,-4.9845528603e-01,-7.6404948235e+00,2.4266745605e+03
1139,5.0124156475e-01,-4.9845194817e-01,-7.7509651184e+00,2.4266381836e+03
1140,5.0113701820e-01,-4.9859327078e-01,-8.1304302216e+00,2.4266013184e+03
1141,5.0121575594e-01,-4.9852171540e-01,-7.6810278893e+00,2.4265651855e+03
1142,5.0125074387e-01,-4.9846699834e-01,-7.5031909943e+00,2.4265288086e+03
1143,5.0125193596e-01,-4.9850431085e-01,-7.9534015656e+00,2.4264936523e+03
1144,5.0111293793e-01,-4.9859806895e-01,-8.2147159576e+00,2.4264582520e+03
1145,5.0119692087e-01,-4.9855184555e-01,-7.7362952232e+00,2.4264213867e+03
1146,5.0108510256e-01,-4.9858498573e-01,-8.0435628891e+00,2.4263859863e+03
1147,5.0123292208e-01,-4.9849748611e-01,-7.4804019928e+00,2.4263503418e+03
1148,5.0108712912e-01,-4.9856433272e-01,-8.2129583359e+00,2.4263144531e+03
1149,5.0112730265e-01,-4.9852004647e-01,-7.6704740524e+00,2.4262792969e+03
1150,5.0116986036e-01,-4.9850279093e-01,-8.1856622696e+00,2.4262438965e+03
1151,5.0104159117e-01,-4.9859178066e-01,-8.0239353180e+00,2.4262092285e+03
1152,5.0107336044e-01,-4.9855965376e-01,-7.8146677017e+00,2.4261743164e+03
1153,5.0102949142e-01,-4.9855116010e-01,-7.6983113289e+00,2.4261384277e+03
1154,5.0114357471e-01,-4.9853369594e-01,-7.4663619995e+00,2.4261037598e+03
1155,5.0106817484e-01,-4.9854922295e-01,-7.9418158531e+00,2.4260695801e+03
1156,5.0100910664e-01,-4.9852246046e-01,-8.0936164856e+00,2.4260349121e+03
1157,5.0100260973e-01,-4.9854809046e-01,-8.1370439529e+00,2.4260004883e+03
1158,5.0106805563e-01,-4.9858421087e-01,-7.6395082474e+00,2.4259660645e+03
1159,5.0101244450e-01,-4.9860990047e-01,-8.4249229431e+00,2.4259323730e+03
1160,5.0096839666e-01,-4.9864861369e-01,-7.9557127953e+00,2.4258979492e+03
1161,5.0096970797e-01,-4.9849331379e-01,-7.7787852287e+00,2.4258630371e+03
1162,5.0098097324e-01,-4.9848303199e-01,-7.7128200531e+00,2.4258298340e+03
1163,5.0093156099e-01,-4.9847489595e-01,-8.1986055374e+00,2.4257961426e+03
1164,5.0087040663e-01,-4.9854910374e-01,-8.2532930374e+00,2.4257626953e+03
1165,5.0088983774e-01,-4.9850389361e-01,-7.6988911629e+00,2.4257285156e+03
1166,5.0087034702e-01,-4.9852520227e-01,-7.9846892357e+00,2.4256948242e+03
1167,5.0088989735e-01,-4.9848654866e-01,-7.8803429604e+00,2.4256611328e+03
1168,5.0088977814e-01,-4.9846839905e-01,-7.5716285706e+00,2.4256281738e+03
1169,5.0088131428e-01,-4.9849605560e-01,-8.2307834625e+00,2.4255944824e+03
1170,5.0088417530e-01,-4.9846807122e-01,-7.6623463631e+00,2.4255612793e+03
1171,5.0085747242e-01,-4.9845826626e-01,-8.1879177094e+00,2.4255283203e+03
1172,5.0088232756e-01,-4.9844110012e-01,-7.5027146339e+00,2.4254960938e+03
1173,5.0080859661e-01,-4.9860250950e-01,-9.0994558334e+00,2.4254628906e+03
1174,5.0076532364e-01,-4.9863266945e-01,-7.6521544456e+00,2.4254306641e+03
1175,5.0076526403e-01,-4.9846148491e-01,-7.9937701225e+00,2.4253977051e+03
1176,5.0082153082e-01,-4.9859037995e-01,-7.9030194283e+00,2.4253654785e+03
1177,5.0076299906e-01,-4.9850443006e-01,-8.0583868027e+00,2.4253330078e+03
1178,5.0071775913e-01,-4.9855148792e-01,-8.1278762817e+00,2.4253007812e+03
1179,5.0076913834e-01,-4.9852761626e-01,-7.8410630226e+00,2.4252678223e+03
1180,5.0072723627e-01,-4.9858078361e-01,-8.1325521469e+00,2.4252348633e+03
1181,5.0070977211e-01,-4.9855428934e-01,-8.2033290863e+00,2.4252026367e+03
1182,5.0062745810e-01,-4.9868249893e-01,-8.2158327103e+00,2.4251711426e+03
1183,5.0065326691e-01,-4.9864816666e-01,-8.0461912155e+00,2.4251406250e+03
1184,5.0068736076e-01,-4.9856740236e-01,-7.8941602707e+00,2.4251086426e+03
1185,5.0066274405e-01,-4.9857535958e-01,-8.0807628632e+00,2.4250771484e+03
1186,5.0071448088e-01,-4.9852874875e-01,-7.5648083687e+00,2.4250456543e+03
1187,5.0057572126e-01,-4.9857878685e-01,-8.2914218903e+00,2.4250144043e+03
1188,5.0065189600e-01,-4.9856075644e-01,-8.2095460892e+00,2.4249821777e+03
1189,5.0067520142e-01,-4.9852484465e-01,-7.7935447693e+00,2.4249509277e+03
1190,5.0056117773e-01,-4.9863278866e-01,-8.2585954666e+00,2.4249206543e+03
1191,5.0053906441e-01,-4.9854326248e-01,-8.0391025543e+00,2.4248898926e+03
1192,5.0059884787e-01,-4.9856030941e-01,-8.0657262802e+00,2.4248591309e+03
1193,5.0051385164e-01,-4.9860233068e-01,-8.0285358429e+00,2.4248278809e+03
1194,5.0048440695e-01,-4.9856755137e-01,-8.3123302460e+00,2.4247973633e+03
1195,5.0051832199e-01,-4.9852824211e-01,-8.0119419098e+00,2.4247670898e+03
1196,5.0050550699e-01,-4.9862113595e-01,-8.0334463120e+00,2.4247365723e+03
1197,5.0051265955e-01,-4.9860507250e-01,-8.2043533325e+00,2.4247065430e+03
1198,5.0042027235e-01,-4.9852690101e-01,-8.3158845901e+00,2.4246772461e+03
1199,5.0042712688e-01,-4.9853700399e-01,-8.0868568420e+00,2.4246467285e+03
1200,5.0047338009e-01,-4.9862241745e-01,-8.2668943405e+00,2.4246166992e+03
1201,5.0043833256e-01,-4.9858781695e-01,-8.0037879944e+00,2.4245861816e+03
1202,5.0043892860e-01,-4.9847960472e-01,-7.9578046799e+00,2.4245571289e+03
1203,5.0043648481e-01,-4.9852362275e-01,-8.2505359650e+00,2.4245268555e+03
1204,5.0041204691e-01,-4.9850776792e-01,-8.1453886032e+00,2.4244975586e+03
1205,5.0038313866e-01,-4.9864238501e-01,-8.4108514786e+00,2.4244677734e+03
1206,5.0040137768e-01,-4.9854418635e-01,-7.9027528763e+00,2.4244384766e+03
1207,5.0036436319e-01,-4.9862739444e-01,-8.3592271805e+00,2.4244091797e+03
1208,5.0037246943e-01,-4.9862864614e-01,-8.1943387985e+00,2.4243796387e+03
1209,5.0029128790e-01,-4.9869579077e-01,-8.7048702240e+00,2.4243500977e+03
1210,5.0038462877e-01,-4.9865224957e-01,-7.4897303581e+00,2.4243212891e+03
1211,5.0035637617e-01,-4.9860069156e-01,-8.3739299774e+00,2.4242934570e+03
1212,5.0034654140e-01,-4.9854034185e-01,-8.0081729889e+00,2.4242648926e+03
1213,5.0036036968e-01,-4.9862542748e-01,-8.4371232986e+00,2.4242363281e+03
1214,5.0031656027e-01,-4.9858671427e-01,-8.2546243668e+00,2.4242080078e+03
1215,5.0029736757e-01,-4.9864855409e-01,-8.3953866959e+00,2.4241791992e+03
1216,5.0029373169e-01,-4.9859410524e-01,-7.9510407448e+00,2.4241513672e+03
1217,5.0030028820e-01,-4.9865195155e-01,-8.3694744110e+00,2.4241232910e+03
1218,5.0032204390e-01,-4.9859195948e-01,-8.1024131775e+00,2.4240964355e+03
1219,5.0024956465e-01,-4.9854886532e-01,-8.3511857986e+00,2.4240678711e+03
1220,5.0013577938e-01,-4.9862286448e-01,-8.4593915939e+00,2.4240402832e+03
1221,5.0015991926e-01,-4.9855569005e-01,-8.0333919525e+00,2.4240124512e+03
1222,5.0029379129e-01,-4.9856811762e-01,-8.1888475418e+00,2.4239846191e+03
1223,5.0019377470e-01,-4.9854308367e-01,-8.2539548874e+00,2.4239572754e+03
1224,5.0024986267e-01,-4.9854052067e-01,-8.1956539154e+00,2.4239294434e+03
1225,5.0013500452e-01,-4.9861851335e-01,-8.6018571854e+00,2.4239025879e+03
1226,5.0022041798e-01,-4.9855470657e-01,-8.0428552628e+00,2.4238752441e+03
1227,5.0015956163e-01,-4.9859216809e-01,-8.4838762283e+00,2.4238493652e+03
1228,5.0009363890e-01,-4.9855378270e-01,-8.2511692047e+00,2.4238222656e+03
1229,5.0014162064e-01,-4.9852317572e-01,-8.2083988190e+00,2.4237949219e+03
1230,5.0010180473e-01,-4.9852308631e-01,-8.2220849991e+00,2.4237685547e+03
1231,5.0005650520e-01,-4.9856916070e-01,-8.4621896744e+00,2.4237424316e+03
1232,5.0009018183e-01,-4.9856340885e-01,-8.4129171371e+00,2.4237167969e+03
1233,5.0007027388e-01,-4.9858728051e-01,-8.2743530273e+00,2.4236906738e+03
1234,5.0005227327e-01,-4.9856066704e-01,-8.4776077271e+00,2.4236650391e+03
1235,5.0007504225e-01,-4.9862274528e-01,-8.0883684158e+00,2.4236386719e+03
1236,5.0002723932e-01,-4.9852192402e-01,-8.5674781799e+00,2.4236132812e+03
1237,4.9998641014e-01,-4.9851298332e-01,-8.2226314545e+00,2.4235874023e+03
1238,5.0001454353e-01,-4.9850669503e-01,-8.3976745605e+00,2.4235617676e+03
1239,5.0001198053e-01,-4.9863299727e-01,-8.4952669144e+00,2.4235371094e+03
1240,4.9997997284e-01,-4.9854093790e-01,-8.1363849640e+00,2.4235124512e+03
1241,4.9997282028e-01,-4.9854540825e-01,-8.3841047287e+00,2.4234880371e+03
1242,4.9995282292e-01,-4.9865245819e-01,-8.5278024673e+00,2.4234614258e+03
1243,4.9994137883e-01,-4.9862372875e-01,-8.2999954224e+00,2.4234362793e+03
1244,4.9994659424e-01,-4.9857077003e-01,-8.4496059418e+00,2.4234116211e+03
1245,4.9992018938e-01,-4.9865639210e-01,-8.4353723526e+00,2.4233869629e+03
1246,4.9993497133e-01,-4.9859926105e-01,-8.2407569885e+00,2.4233620605e+03
1247,4.9993190169e-01,-4.9868521094e-01,-8.4680042267e+00,2.4233376465e+03
1248,4.9989300966e-01,-4.9863773584e-01,-8.3972129822e+00,2.4233134766e+03
1249,4.9991455674e-01,-4.9868473411e-01,-8.4323396683e+00,2.4232885742e+03
1250,4.9991327524e-01,-4.9864378572e-01,-8.1878204346e+00,2.4232636719e+03
1251,4.9991425872e-01,-4.9860012531e-01,-8.3313398361e+00,2.4232392578e+03
1252,4.9982386827e-01,-4.9866420031e-01,-8.6690015793e+00,2.4232150879e+03
1253,4.9988040328e-01,-4.9864885211e-01,-8.2457418442e+00,2.4231911621e+03
1254,4.9988141656e-01,-4.9874970317e-01,-8.5011310577e+00,2.4231682129e+03
1255,4.9986970425e-01,-4.9870595336e-01,-8.3273077011e+00,2.4231445312e+03
1256,4.9979358912e-01,-4.9869200587e-01,-8.3910083771e+00,2.4231201172e+03
1257,4.9982115626e-01,-4.9871441722e-01,-8.3123397827e+00,2.4230957031e+03
1258,4.9980571866e-01,-4.9880698323e-01,-8.6364555359e+00,2.4230725098e+03
1259,4.9970164895e-01,-4.9875417352e-01,-8.3989791870e+00,2.4230498047e+03
1260,4.9970969558e-01,-4.9882596731e-01,-8.7172203064e+00,2.4230261230e+03
1261,4.9979650974e-01,-4.9884268641e-01,-8.3231143951e+00,2.4230041504e+03
1262,4.9969765544e-01,-4.9885123968e-01,-8.6516361237e+00,2.4229814453e+03
1263,4.9969038367e-01,-4.9876537919e-01,-8.1951675415e+00,2.4229577637e+03
1264,4.9972808361e-01,-4.9882176518e-01,-8.6706380844e+00,2.4229348145e+03
1265,4.9968329072e-01,-4.9878400564e-01,-8.3938255310e+00,2.4229118652e+03
1266,4.9961864948e-01,-4.9884834886e-01,-8.6554126740e+00,2.4228894043e+03
1267,4.9961379170e-01,-4.9884584546e-01,-8.4906167984e+00,2.4228657227e+03
1268,4.9970522523e-01,-4.9886202812e-01,-8.3955192566e+00,2.4228442383e+03
1269,4.9965012074e-01,-4.9888905883e-01,-8.4358186722e+00,2.4228212891e+03
1270,4.9966037273e-01,-4.9888336658e-01,-8.5986804962e+00,2.4227990723e+03
1271,4.9963915348e-01,-4.9888065457e-01,-8.4237012863e+00,2.4227768555e+03
1272,4.9965611100e-01,-4.9887871742e-01,-8.4773769379e+00,2.4227543945e+03
1273,4.9963963032e-01,-4.9885934591e-01,-8.4985151291e+00,2.4227324219e+03
1274,4.9957460165e-01,-4.9888297915e-01,-8.5908765793e+00,2.4227097168e+03
1275,4.9956399202e-01,-4.9893540144e-01,-8.6990184784e+00,2.4226882324e+03
1276,4.9963539839e-01,-4.9887347221e-01,-8.2366113663e+00,2.4226669922e+03
1277,4.9960085750e-01,-4.9892231822e-01,-8.7364616394e+00,2.4226442871e+03
1278,4.9951091409e-01,-4.9901860952e-01,-8.9311780930e+00,2.4226215820e+03
1279,4.9955746531e-01,-4.9889239669e-01,-8.1259469986e+00,2.4226003418e+03
1280,4.9957045913e-01,-4.9895194173e-01,-8.6544055939e+00,2.4225786133e+03
1281,4.9957513809e-01,-4.9890905619e-01,-8.5024900436e+00,2.4225578613e+03
1282,4.9949002266e-01,-4.9902683496e-01,-8.9051799774e+00,2.4225371094e+03
1283,4.9955075979e-01,-4.9891430140e-01,-8.3579444885e+00,2.4225158691e+03
1284,4.9953097105e-01,-4.9896258116e-01,-8.7045946121e+00,2.4224948730e+03
1285,4.9949562550e-01,-4.9900981784e-01,-8.7422752380e+00,2.4224731445e+03
1286,4.9951860309e-01,-4.9894240499e-01,-8.5633039474e+00,2.4224516602e+03
1287,4.9949702621e-01,-4.9898579717e-01,-8.6387119293e+00,2.4224301758e+03
1288,4.9946895242e-01,-4.9903577566e-01,-8.6230764389e+00,2.4224101562e+03
1289,4.9947717786e-01,-4.9898698926e-01,-8.5360269547e+00,2.4223896484e+03
1290,4.9951961637e-01,-4.9899023771e-01,-8.4802188873e+00,2.4223698730e+03
1291,4.9950864911e-01,-4.9904245138e-01,-8.6645498276e+00,2.4223488770e+03
1292,4.9950665236e-01,-4.9902138114e-01,-8.6941823959e+00,2.4223288574e+03
1293,4.9947088957e-01,-4.9897736311e-01,-8.6138687134e+00,2.4223083496e+03
1294,4.9953708053e-01,-4.9900171161e-01,-8.5866889954e+00,2.4222880859e+03
1295,4.9949425459e-01,-4.9900454283e-01,-8.7290544510e+00,2.4222675781e+03
1296,4.9951222539e-01,-4.9909687042e-01,-8.8720350266e+00,2.4222480469e+03
1297,4.9952465296e-01,-4.9907681346e-01,-8.5806627274e+00,2.4222285156e+03
1298,4.9949151278e-01,-4.9908712506e-01,-8.5673284531e+00,2.4222082520e+03
1299,4.9952083826e-01,-4.9910515547e-01,-8.7717590332e+00,2.4221887207e+03
1300,4.9943917990e-01,-4.9906191230e-01,-8.5402164459e+00,2.4221689453e+03
1301,4.9939933419e-01,-4.9904587865e-01,-8.7561578751e+00,2.4221489258e+03
1302,4.9943003058e-01,-4.9912637472e-01,-8.9007997513e+00,2.4221296387e+03
1303,4.9948367476e-01,-4.9902543426e-01,-8.3035182953e+00,2.4221098633e+03
1304,4.9935957789e-01,-4.9908503890e-01,-9.0635557175e+00,2.4220903320e+03
1305,4.9946931005e-01,-4.9908751249e-01,-8.4785699844e+00,2.4220708008e+03
1306,4.9939295650e-01,-4.9906829000e-01,-8.8026561737e+00,2.4220505371e+03
1307,4.9940308928e-01,-4.9912151694e-01,-8.5822896957e+00,2.4220314941e+03
1308,4.9945384264e-01,-4.9916091561e-01,-8.8697423935e+00,2.4220122070e+03
1309,4.9938452244e-01,-4.9910748005e-01,-8.7190427780e+00,2.4219929199e+03
1310,4.9934938550e-01,-4.9913683534e-01,-8.9451189041e+00,2.4219746094e+03
1311,4.9936413765e-01,-4.9915182590e-01,-8.4965963364e+00,2.4219562988e+03
1312,4.9938964844e-01,-4.9915143847e-01,-8.6196050644e+00,2.4219372559e+03
1313,4.9930548668e-01,-4.9916377664e-01,-8.9005594254e+00,2.4219182129e+03
1314,4.9934062362e-01,-4.9917450547e-01,-8.8128805161e+00,2.4218991699e+03
1315,4.9942329526e-01,-4.9911844730e-01,-8.4212417603e+00,2.4218806152e+03
1316,4.9930563569e-01,-4.9918553233e-01,-9.0169973373e+00,2.4218618164e+03
1317,4.9938130379e-01,-4.9914476275e-01,-8.5477190018e+00,2.4218442383e+03
1318,4.9936512113e-01,-4.9914819002e-01,-8.7723979950e+00,2.4218278809e+03
1319,4.9932584167e-01,-4.9918276072e-01,-8.8342494965e+00,2.4218100586e+03
1320,4.9932113290e-01,-4.9915495515e-01,-8.5876884460e+00,2.4217910156e+03
1321,4.9925708771e-01,-4.9921023846e-01,-8.9015140533e+00,2.4217729492e+03
1322,4.9922099710e-01,-4.9924522638e-01,-8.9642992020e+00,2.4217551270e+03
1323,4.9925327301e-01,-4.9919062853e-01,-8.4518289566e+00,2.4217373047e+03
1324,4.9918994308e-01,-4.9921721220e-01,-8.8901309967e+00,2.4217197266e+03
1325,4.9916747212e-01,-4.9929168820e-01,-8.9016723633e+00,2.4217021484e+03
1326,4.9917867780e-01,-4.9926224351e-01,-8.8536071777e+00,2.4216853027e+03
1327,4.9918374419e-01,-4.9929800630e-01,-8.8429088593e+00,2.4216682129e+03
1328,4.9912866950e-01,-4.9926805496e-01,-8.8607759476e+00,2.4216501465e+03
1329,4.9916997552e-01,-4.9917954206e-01,-8.5694761276e+00,2.4216323242e+03
1330,4.9915477633e-01,-4.9928277731e-01,-9.1534204483e+00,2.4216140137e+03
1331,4.9915641546e-01,-4.9927201867e-01,-8.7765817642e+00,2.4215969238e+03
1332,4.9913007021e-01,-4.9926957488e-01,-8.9270076752e+00,2.4215795898e+03
1333,4.9913102388e-01,-4.9928700924e-01,-8.6957397461e+00,2.4215622559e+03
1334,4.9913531542e-01,-4.9931901693e-01,-8.8494949341e+00,2.4215456543e+03
1335,4.9916028976e-01,-4.9926620722e-01,-8.5263967514e+00,2.4215280762e+03
1336,4.9907028675e-01,-4.9935781956e-01,-9.0879220963e+00,2.4215104980e+03
1337,4.9912172556e-01,-4.9936485291e-01,-8.8798799515e+00,2.4214941406e+03
1338,4.9917531013e-01,-4.9928888679e-01,-8.3269510269e+00,2.4214760742e+03
1339,4.9910095334e-01,-4.9931004643e-01,-9.0785923004e+00,2.4214580078e+03
1340,4.9907830358e-01,-4.9932342768e-01,-8.8683061600e+00,2.4214411621e+03
1341,4.9907398224e-01,-4.9942007661e-01,-9.1961574554e+00,2.4214248047e+03
1342,4.9908360839e-01,-4.9939268827e-01,-8.9493017197e+00,2.4214082031e+03
1343,4.9909305573e-01,-4.9934414029e-01,-8.8414201736e+00,2.4213916016e+03
1344,4.9902963638e-01,-4.9944490194e-01,-9.1524381638e+00,2.4213750000e+03
1345,4.9906286597e-01,-4.9941465259e-01,-8.8144989014e+00,2.4213576660e+03
1346,4.9906864762e-01,-4.9937048554e-01,-8.7027711868e+00,2.4213403320e+03
1347,4.9909567833e-01,-4.9939614534e-01,-8.9609975815e+00,2.4213249512e+03
1348,4.9910897017e-01,-4.9942025542e-01,-8.9672498703e+00,2.4213071289e+03
1349,4.9901393056e-01,-4.9940770864e-01,-9.0991888046e+00,2.4212919922e+03
1350,4.9897861481e-01,-4.9945095181e-01,-9.1594219208e+00,2.4212766113e+03
1351,4.9895071983e-01,-4.9941775203e-01,-8.8427705765e+00,2.4212600098e+03
1352,4.9903202057e-01,-4.9942725897e-01,-8.6318311691e+00,2.4212438965e+03
1353,4.9902203679e-01,-4.9944868684e-01,-9.0206308365e+00,2.4212277832e+03
1354,4.9893119931e-01,-4.9946624041e-01,-9.1077747345e+00,2.4212124023e+03
1355,4.9903294444e-01,-4.9948120117e-01,-8.7743740082e+00,2.4211967773e+03
1356,4.9899613857e-01,-4.9947202206e-01,-8.8531255722e+00,2.4211809082e+03
1357,4.9901318550e-01,-4.9942013621e-01,-8.7237749100e+00,2.4211645508e+03
1358,4.9901133776e-01,-4.9944770336e-01,-8.9146757126e+00,2.4211491699e+03
1359,4.9888870120e-01,-4.9951237440e-01,-9.4165067673e+00,2.4211335449e+03
1360,4.9894967675e-01,-4.9947929382e-01,-8.7450752258e+00,2.4211176758e+03
1361,4.9897581339e-01,-4.9945306778e-01,-8.7852268219e+00,2.4211015625e+03
1362,4.9895468354e-01,-4.9945810437e-01,-9.0857791901e+00,2.4210854492e+03
1363,4.9888861179e-01,-4.9953162670e-01,-9.2179307938e+00,2.4210703125e+03
1364,4.9890083075e-01,-4.9950733781e-01,-9.0018920898e+00,2.4210556641e+03
1365,4.9886995554e-01,-4.9953910708e-01,-9.1005001068e+00,2.4210400391e+03
1366,4.9891954660e-01,-4.9949696660e-01,-8.6329030991e+00,2.4210239258e+03
1367,4.9887472391e-01,-4.9954286218e-01,-9.3092317581e+00,2.4210085449e+03
1368,4.9887940288e-01,-4.9956929684e-01,-9.1014223099e+00,2.4209916992e+03
1369,4.9888584018e-01,-4.9950149655e-01,-8.8975028992e+00,2.4209775391e+03
1370,4.9887010455e-01,-4.9955895543e-01,-9.1744432449e+00,2.4209633789e+03
1371,4.9886423349e-01,-4.9956387281e-01,-8.9659719467e+00,2.4209484863e+03
1372,4.9884665012e-01,-4.9948966503e-01,-8.9120216370e+00,2.4209333496e+03
1373,4.9883878231e-01,-4.9956882000e-01,-9.1360244751e+00,2.4209179688e+03
1374,4.9884748459e-01,-4.9961653352e-01,-9.1601572037e+00,2.4209030762e+03
1375,4.9882847071e-01,-4.9960067868e-01,-9.0334997177e+00,2.4208881836e+03
1376,4.9880293012e-01,-4.9953767657e-01,-8.8901004791e+00,2.4208735352e+03
1377,4.9885603786e-01,-4.9957326055e-01,-8.8031930923e+00,2.4208588867e+03
1378,4.9879711866e-01,-4.9955251813e-01,-9.1875391006e+00,2.4208449707e+03
1379,4.9877789617e-01,-4.9957421422e-01,-8.9372787476e+00,2.4208293457e+03
1380,4.9874553084e-01,-4.9954512715e-01,-9.2446250916e+00,2.4208144531e+03
1381,4.9875092506e-01,-4.9958437681e-01,-9.1207389832e+00,2.4207998047e+03
1382,4.9885195494e-01,-4.9962061644e-01,-8.9773702621e+00,2.4207849121e+03
1383,4.9879905581e-01,-4.9955755472e-01,-9.0995445251e+00,2.4207712402e+03
1384,4.9884605408e-01,-4.9961334467e-01,-9.0474700928e+00,2.4207568359e+03
1385,4.9871808290e-01,-4.9958568811e-01,-9.4656829834e+00,2.4207429199e+03
1386,4.9877542257e-01,-4.9965932965e-01,-8.9594974518e+00,2.4207280273e+03
1387,4.9870181084e-01,-4.9962007999e-01,-9.1955213547e+00,2.4207136230e+03
1388,4.9877315760e-01,-4.9960568547e-01,-8.8656721115e+00,2.4206982422e+03
1389,4.9871537089e-01,-4.9963080883e-01,-9.3033046722e+00,2.4206838379e+03
1390,4.9880293012e-01,-4.9969843030e-01,-8.9523553848e+00,2.4206706543e+03
1391,4.9881350994e-01,-4.9965700507e-01,-9.0385103226e+00,2.4206552734e+03
1392,4.9872705340e-01,-4.9966940284e-01,-9.5980768204e+00,2.4206408691e+03
1393,4.9874824286e-01,-4.9969723821e-01,-8.8728208542e+00,2.4206259766e+03
1394,4.9872723222e-01,-4.9969300628e-01,-9.2419633865e+00,2.4206110840e+03
1395,4.9876153469e-01,-4.9970495701e-01,-8.9376440048e+00,2.4205976562e+03
1396,4.9878898263e-01,-4.9967476726e-01,-9.1709041595e+00,2.4205830078e+03
1397,4.9869519472e-01,-4.9966552854e-01,-9.2933025360e+00,2.4205688477e+03
1398,4.9873316288e-01,-4.9965393543e-01,-8.9774713516e+00,2.4205549316e+03
1399,4.9870780110e-01,-4.9973264337e-01,-9.3907871246e+00,2.4205405273e+03
1400,4.9871152639e-01,-4.9973079562e-01,-9.0932064056e+00,2.4205261230e+03
1401,4.9867200851e-01,-4.9972638488e-01,-9.1884183884e+00,2.4205109863e+03
1402,4.9880337715e-01,-4.9971726537e-01,-8.7689695358e+00,2.4204980469e+03
1403,4.9871194363e-01,-4.9979308248e-01,-9.6986637115e+00,2.4204843750e+03
1404,4.9877098203e-01,-4.9978342652e-01,-9.0734319687e+00,2.4204702148e+03
1405,4.9875670671e-01,-4.9975124002e-01,-8.9747371674e+00,2.4204558105e+03
1406,4.9877658486e-01,-4.9975225329e-01,-9.3334226608e+00,2.4204426270e+03
1407,4.9869573116e-01,-4.9981981516e-01,-9.5712614059e+00,2.4204272461e+03
1408,4.9876025319e-01,-4.9974623322e-01,-8.8558502197e+00,2.4204135742e+03
1409,4.9875140190e-01,-4.9980565906e-01,-9.3344936371e+00,2.4203991699e+03
1410,4.9874767661e-01,-4.9973079562e-01,-9.0394420624e+00,2.4203857422e+03
1411,4.9875238538e-01,-4.9977290630e-01,-9.1139431000e+00,2.4203720703e+03
1412,4.9869799614e-01,-4.9987590313e-01,-9.5145111084e+00,2.4203588867e+03
1413,4.9875381589e-01,-4.9984136224e-01,-8.9998731613e+00,2.4203442383e+03
1414,4.9874269962e-01,-4.9987801909e-01,-9.2907447815e+00,2.4203300781e+03
1415,4.9870517850e-01,-4.9991965294e-01,-9.3524742126e+00,2.4203156738e+03
1416,4.9877226353e-01,-4.9982947111e-01,-8.7457923889e+00,2.4203024902e+03
1417,4.9869844317e-01,-4.9990910292e-01,-9.4888286591e+00,2.4202885742e+03
1418,4.9877282977e-01,-4.9980261922e-01,-8.7763948441e+00,2.4202753906e+03
1419,4.9872520566e-01,-4.9987202883e-01,-9.5692119598e+00,2.4202604980e+03
1420,4.9870589375e-01,-4.9987962842e-01,-9.0693931580e+00,2.4202463379e+03
1421,4.9875488877e-01,-4.9990782142e-01,-9.3733119965e+00,2.4202329102e+03
1422,4.9873369932e-01,-4.9993395805e-01,-9.5154762268e+00,2.4202187500e+03
1423,4.9870041013e-01,-4.9986538291e-01,-9.2645053864e+00,2.4202043457e+03
1424,4.9872490764e-01,-4.9997439981e-01,-9.5552997589e+00,2.4201909180e+03
1425,4.9855476618e-01,-4.9991664290e-01,-9.5347776413e+00,2.4201777344e+03
1426,4.9864614010e-01,-4.9996414781e-01,-9.2938661575e+00,2.4201645508e+03
1427,4.9863651395e-01,-4.9986869097e-01,-8.9381484985e+00,2.4201503906e+03
1428,4.9856424332e-01,-4.9985295534e-01,-9.5974779129e+00,2.4201362305e+03
1429,4.9865019321e-01,-4.9998033047e-01,-8.9754533768e+00,2.4201220703e+03
1430,4.9858778715e-01,-4.9991974235e-01,-9.4177122116e+00,2.4201079102e+03
1431,4.9859789014e-01,-5.0000840425e-01,-9.2096185684e+00,2.4200957031e+03
1432,4.9867168069e-01,-4.9985954165e-01,-8.9297218323e+00,2.4200830078e+03
1433,4.9857258797e-01,-4.9991655350e-01,-9.5377588272e+00,2.4200690918e+03
1434,4.9863591790e-01,-4.9986693263e-01,-8.9414024353e+00,2.4200544434e+03
1435,4.9866375327e-01,-4.9994140863e-01,-9.0902967453e+00,2.4200405273e+03
1436,4.9864152074e-01,-4.9991413951e-01,-9.4942913055e+00,2.4200268555e+03
1437,4.9868988991e-01,-4.9992191792e-01,-8.9854755402e+00,2.4200134277e+03
1438,4.9866387248e-01,-5.0000166893e-01,-9.4522066116e+00,2.4199997559e+03
1439,4.9858748913e-01,-5.0009375811e-01,-9.7768688202e+00,2.4199873047e+03
1440,4.9861294031e-01,-5.0006633997e-01,-9.0329313278e+00,2.4199736328e+03
1441,4.9864920974e-01,-5.0003713369e-01,-9.2895421982e+00,2.4199604492e+03
1442,4.9853929877e-01,-5.0017172098e-01,-1.0011663437e+01,2.4199470215e+03
1443,4.9862313271e-01,-5.0011372566e-01,-9.1020050049e+00,2.4199321289e+03
1444,4.9857199192e-01,-4.9998244643e-01,-9.3817873001e+00,2.4199194336e+03
1445,4.9862301350e-01,-5.0006759167e-01,-9.3892507553e+00,2.4199064941e+03
1446,4.9854075909e-01,-5.0013536215e-01,-9.8094034195e+00,2.4198930664e+03
1447,4.9860310555e-01,-5.0007462502e-01,-8.9025449753e+00,2.4198791504e+03
1448,4.9852699041e-01,-5.0006186962e-01,-9.6427125931e+00,2.4198654785e+03
1449,4.9864357710e-01,-5.0010532141e-01,-8.9338455200e+00,2.4198522949e+03
1450,4.9850928783e-01,-5.0009834766e-01,-9.5215301514e+00,2.4198386230e+03
1451,4.9852490425e-01,-5.0015950203e-01,-9.4170989990e+00,2.4198247070e+03
1452,4.9863344431e-01,-5.0000345707e-01,-8.7764596939e+00,2.4198110352e+03
1453,4.9850711226e-01,-5.0005531311e-01,-9.5994939804e+00,2.4197976074e+03
1454,4.9856048822e-01,-5.0000149012e-01,-9.0180234909e+00,2.4197839355e+03
1455,4.9860510230e-01,-5.0007849932e-01,-9.3243236542e+00,2.4197700195e+03
1456,4.9859556556e-01,-4.9999114871e-01,-9.3028564453e+00,2.4197558594e+03
1457,4.9858948588e-01,-5.0004541874e-01,-9.4484882355e+00,2.4197416992e+03
1458,4.9853441119e-01,-5.0013881922e-01,-9.6704435349e+00,2.4197282715e+03
1459,4.9839764833e-01,-5.0022214651e-01,-1.0068902016e+01,2.4197145996e+03
1460,4.9849528074e-01,-5.0006842613e-01,-8.7015743256e+00,2.4197028809e+03
1461,4.9852749705e-01,-5.0014448166e-01,-9.6990852356e+00,2.4196884766e+03
1462,4.9842706323e-01,-5.0023907423e-01,-9.6152734756e+00,2.4196757812e+03
1463,4.9849039316e-01,-5.0006175041e-01,-9.1003389359e+00,2.4196630859e+03
1464,4.9851104617e-01,-5.0019246340e-01,-9.4168405533e+00,2.4196491699e+03
1465,4.9849861860e-01,-5.0015699863e-01,-9.5200872421e+00,2.4196357422e+03
1466,4.9841746688e-01,-5.0019150972e-01,-9.3411760330e+00,2.4196230469e+03
1467,4.9845352769e-01,-5.0023251772e-01,-9.3755083084e+00,2.4196088867e+03
1468,4.9850413203e-01,-5.0017905235e-01,-9.3889217377e+00,2.4195947266e+03
1469,4.9842742085e-01,-5.0017243624e-01,-9.4394626617e+00,2.4195822754e+03
1470,4.9846088886e-01,-5.0016921759e-01,-9.3700513840e+00,2.4195695801e+03
1471,4.9848374724e-01,-5.0021147728e-01,-9.4693107605e+00,2.4195554199e+03
1472,4.9843889475e-01,-5.0014466047e-01,-9.3370103836e+00,2.4195415039e+03
1473,4.9849313498e-01,-5.0016778708e-01,-9.3028411865e+00,2.4195278320e+03
1474,4.9845373631e-01,-5.0022375584e-01,-9.5741128922e+00,2.4195134277e+03
1475,4.9842220545e-01,-5.0032424927e-01,-9.8644275665e+00,2.4195004883e+03
1476,4.9842503667e-01,-5.0032746792e-01,-9.2568836212e+00,2.4194873047e+03
1477,4.9845665693e-01,-5.0018906593e-01,-9.3047723770e+00,2.4194743652e+03
1478,4.9834999442e-01,-5.0027948618e-01,-9.8498249054e+00,2.4194604492e+03
1479,4.9838933349e-01,-5.0022047758e-01,-9.2846641541e+00,2.4194470215e+03
1480,4.9842691422e-01,-5.0027382374e-01,-9.4158525467e+00,2.4194328613e+03
1481,4.9837666750e-01,-5.0024294853e-01,-9.6016302109e+00,2.4194187012e+03
1482,4.9835890532e-01,-5.0027275085e-01,-9.5162038803e+00,2.4194052734e+03
1483,4.9834480882e-01,-5.0033408403e-01,-9.6173887253e+00,2.4193920898e+03
1484,4.9833360314e-01,-5.0026792288e-01,-9.4989919662e+00,2.4193781738e+03
1485,4.9835470319e-01,-5.0031113625e-01,-9.1336288452e+00,2.4193649902e+03
1486,4.9840879440e-01,-5.0034368038e-01,-9.5414018631e+00,2.4193515625e+03
1487,4.9838092923e-01,-5.0037670135e-01,-9.2288255692e+00,2.4193383789e+03
1488,4.9835067987e-01,-5.0039100647e-01,-9.7101230621e+00,2.4193247070e+03
1489,4.9827501178e-01,-5.0032377243e-01,-9.4164810181e+00,2.4193107910e+03
1490,4.9834531546e-01,-5.0032281876e-01,-9.5380954742e+00,2.4192971191e+03
1491,4.9832087755e-01,-5.0032657385e-01,-9.1777105331e+00,2.4192836914e+03
1492,4.9821093678e-01,-5.0040990114e-01,-9.9215850830e+00,2.4192700195e+03
1493,4.9832078815e-01,-5.0030177832e-01,-9.0846443176e+00,2.4192570801e+03
1494,4.9833202362e-01,-5.0036048889e-01,-9.5274629593e+00,2.4192429199e+03
1495,4.9838465452e-01,-5.0028246641e-01,-9.0632066727e+00,2.4192287598e+03
1496,4.9822834134e-01,-5.0048983097e-01,-1.0376819611e+01,2.4192155762e+03
1497,4.9833250046e-01,-5.0036233664e-01,-8.9646110535e+00,2.4192014160e+03
1498,4.9824795127e-01,-5.0037163496e-01,-9.6916627884e+00,2.4191872559e+03
1499,4.9834954739e-01,-5.0031208992e-01,-9.1254196167e+00,2.4191733398e+03
1500,4.9830108881e-01,-5.0031840801e-01,-9.7088670731e+00,2.4191596680e+03
1501,4.9832767248e-01,-5.0032782555e-01,-9.3563632965e+00,2.4191452637e+03
1502,4.9836188555e-01,-5.0037139654e-01,-9.4300584793e+00,2.4191315918e+03
1503,4.9829438329e-01,-5.0034809113e-01,-9.8035869598e+00,2.4191176758e+03
1504,4.9841037393e-01,-5.0037223101e-01,-8.8518857956e+00,2.4191032715e+03
1505,4.9825030565e-01,-5.0040686131e-01,-1.0092664719e+01,2.4190881348e+03
1506,4.9822658300e-01,-5.0051277876e-01,-9.7472620010e+00,2.4190747070e+03
1507,4.9820655584e-01,-5.0050431490e-01,-9.5253620148e+00,2.4190607910e+03
1508,4.9827468395e-01,-5.0042140484e-01,-9.4505891800e+00,2.4190466309e+03
1509,4.9823188782e-01,-5.0046414137e-01,-9.6212434769e+00,2.4190336914e+03
1510,4.9825116992e-01,-5.0050836802e-01,-9.2265911102e+00,2.4190192871e+03
1511,4.9826842546e-01,-5.0040906668e-01,-9.5925941467e+00,2.4190043945e+03
1512,4.9827891588e-01,-5.0050169230e-01,-9.5345125198e+00,2.4189897461e+03
1513,4.9826622009e-01,-5.0054097176e-01,-9.5604791641e+00,2.4189753418e+03
1514,4.9820819497e-01,-5.0042116642e-01,-9.6451148987e+00,2.4189619141e+03
1515,4.9821856618e-01,-5.0052714348e-01,-9.7262535095e+00,2.4189477539e+03
1516,4.9821019173e-01,-5.0045204163e-01,-9.5556764603e+00,2.4189345703e+03
1517,4.9826088548e-01,-5.0054043531e-01,-9.4872322083e+00,2.4189199219e+03
1518,4.9821272492e-01,-5.0051176548e-01,-9.8002214432e+00,2.4189052734e+03
1519,4.9824059010e-01,-5.0049793720e-01,-9.2648973465e+00,2.4188913574e+03
1520,4.9825096130e-01,-5.0048631430e-01,-9.5002937317e+00,2.4188769531e+03
1521,4.9825507402e-01,-5.0051522255e-01,-9.8931922913e+00,2.4188613281e+03
1522,4.9828866124e-01,-5.0051593781e-01,-9.0123577118e+00,2.4188466797e+03
1523,4.9832454324e-01,-5.0048524141e-01,-9.6480398178e+00,2.4188327637e+03
1524,4.9824517965e-01,-5.0051385164e-01,-9.8317966461e+00,2.4188186035e+03
1525,4.9826049805e-01,-5.0053930283e-01,-9.4664392471e+00,2.4188044434e+03
1526,4.9827110767e-01,-5.0049799681e-01,-9.5918912888e+00,2.4187895508e+03
1527,4.9828693271e-01,-5.0056910515e-01,-9.7014226913e+00,2.4187751465e+03
1528,4.9824663997e-01,-5.0054240227e-01,-9.4405326843e+00,2.4187609863e+03
1529,4.9827536941e-01,-5.0058948994e-01,-9.8607215881e+00,2.4187463379e+03
1530,4.9832907319e-01,-5.0049000978e-01,-9.1860408783e+00,2.4187312012e+03
1531,4.9825316668e-01,-5.0058984756e-01,-9.9337043762e+00,2.4187165527e+03
1532,4.9822753668e-01,-5.0053477287e-01,-9.5102682114e+00,2.4187026367e+03
1533,4.9831771851e-01,-5.0047093630e-01,-9.1486253738e+00,2.4186870117e+03
1534,4.9825009704e-01,-5.0058472157e-01,-9.9379024506e+00,2.4186728516e+03
1535,4.9818664789e-01,-5.0061696768e-01,-9.8663415909e+00,2.4186569824e+03
1536,4.9822759628e-01,-5.0056773424e-01,-9.3782978058e+00,2.4186416016e+03
1537,4.9821272492e-01,-5.0063198805e-01,-9.7897777557e+00,2.4186259766e+03
1538,4.9834099412e-01,-5.0045746565e-01,-8.5964384079e+00,2.4186105957e+03
1539,4.9827337265e-01,-5.0051784515e-01,-9.9409351349e+00,2.4185957031e+03
1540,4.9818527699e-01,-5.0062143803e-01,-9.7706613541e+00,2.4185812988e+03
1541,4.9822115898e-01,-5.0054889917e-01,-9.5827102661e+00,2.4185661621e+03
1542,4.9834215641e-01,-5.0043570995e-01,-9.0913028717e+00,2.4185500488e+03
1543,4.9824407697e-01,-5.0050812960e-01,-9.9637346268e+00,2.4185344238e+03
1544,4.9834835529e-01,-5.0044184923e-01,-9.2322616577e+00,2.4185185547e+03
1545,4.9819722772e-01,-5.0055664778e-01,-1.0282466888e+01,2.4185029297e+03
1546,4.9835446477e-01,-5.0045567751e-01,-9.1246232986e+00,2.4184868164e+03
1547,4.9823778868e-01,-5.0049620867e-01,-1.0090771675e+01,2.4184716797e+03
1548,4.9824810028e-01,-5.0053578615e-01,-9.2726182938e+00,2.4184560547e+03
1549,4.9836570024e-01,-5.0042217970e-01,-9.3771009445e+00,2.4184399414e+03
1550,4.9831795692e-01,-5.0050747395e-01,-9.8034029007e+00,2.4184243164e+03
1551,4.9827745557e-01,-5.0045996904e-01,-9.8700695038e+00,2.4184082031e+03
1552,4.9832126498e-01,-5.0049388409e-01,-9.5074882507e+00,2.4183918457e+03
1553,4.9827331305e-01,-5.0041854382e-01,-9.7021961212e+00,2.4183745117e+03
1554,4.9823331833e-01,-5.0042515993e-01,-9.6339607239e+00,2.4183583984e+03
1555,4.9821037054e-01,-5.0041109324e-01,-9.8267421722e+00,2.4183417969e+03
1556,4.9826759100e-01,-5.0051230192e-01,-9.5137243271e+00,2.4183251953e+03
1557,4.9830201268e-01,-5.0048798323e-01,-9.2788162231e+00,2.4183083496e+03
1558,4.9821996689e-01,-5.0040405989e-01,-9.9230823517e+00,2.4182929688e+03
1559,4.9816507101e-01,-5.0049024820e-01,-9.7923717499e+00,2.4182766113e+03
1560,4.9823674560e-01,-5.0051712990e-01,-9.3193502426e+00,2.4182604980e+03
1561,4.9818885326e-01,-5.0052857399e-01,-9.7398881912e+00,2.4182436523e+03
1562,4.9822065234e-01,-5.0040477514e-01,-9.4087333679e+00,2.4182265625e+03
1563,4.9814593792e-01,-5.0049936771e-01,-9.8565540314e+00,2.4182097168e+03
1564,4.9818727374e-01,-5.0042814016e-01,-9.4787206650e+00,2.4181938477e+03
1565,4.9818670750e-01,-5.0052064657e-01,-9.8260107040e+00,2.4181774902e+03
1566,4.9819001555e-01,-5.0043946505e-01,-9.4572744370e+00,2.4181601562e+03
1567,4.9819472432e-01,-5.0048476458e-01,-9.7095832825e+00,2.4181435547e+03
1568,4.9819245934e-01,-5.0047725439e-01,-9.5728511810e+00,2.4181264648e+03
1569,4.9812015891e-01,-5.0057828426e-01,-9.7148962021e+00,2.4181091309e+03
1570,4.9816781282e-01,-5.0051033497e-01,-9.6236677170e+00,2.4180922852e+03
1571,4.9814364314e-01,-5.0054240227e-01,-9.4499301910e+00,2.4180749512e+03
1572,4.9809950590e-01,-5.0054585934e-01,-9.7344512939e+00,2.4180581055e+03
1573,4.9814525247e-01,-5.0048559904e-01,-9.6262378693e+00,2.4180412598e+03
1574,4.9806702137e-01,-5.0053983927e-01,-9.8661146164e+00,2.4180244141e+03
1575,4.9802565575e-01,-5.0061756372e-01,-9.7288513184e+00,2.4180063477e+03
1576,4.9806395173e-01,-5.0056385994e-01,-9.6262016296e+00,2.4179890137e+03
1577,4.9812984467e-01,-5.0052851439e-01,-9.5195951462e+00,2.4179719238e+03
1578,4.9805507064e-01,-5.0062322617e-01,-9.9763097763e+00,2.4179538574e+03
1579,4.9812957644e-01,-5.0055193901e-01,-9.2451925278e+00,2.4179367676e+03
1580,4.9812170863e-01,-5.0053530931e-01,-9.6425609589e+00,2.4179191895e+03
1581,4.9807268381e-01,-5.0059992075e-01,-9.7143106461e+00,2.4179013672e+03
1582,4.9815046787e-01,-5.0055241585e-01,-9.2175569534e+00,2.4178835449e+03
1583,4.9803426862e-01,-5.0058388710e-01,-9.8451986313e+00,2.4178659668e+03
1584,4.9798792601e-01,-5.0067532063e-01,-9.8359689713e+00,2.4178476562e+03
1585,4.9800401926e-01,-5.0068587065e-01,-9.8934488297e+00,2.4178305664e+03
1586,4.9792513251e-01,-5.0072222948e-01,-9.6517467499e+00,2.4178129883e+03
1587,4.9813514948e-01,-5.0061255693e-01,-8.9052553177e+00,2.4177944336e+03
1588,4.9810528755e-01,-5.0062626600e-01,-1.0011320114e+01,2.4177761230e+03
1589,4.9809253216e-01,-5.0067371130e-01,-9.7005891800e+00,2.4177573242e+03
1590,4.9799194932e-01,-5.0068706274e-01,-9.8043432236e+00,2.4177387695e+03
1591,4.9799874425e-01,-5.0070548058e-01,-9.7555971146e+00,2.4177211914e+03
1592,4.9799537659e-01,-5.0072926283e-01,-9.6596632004e+00,2.4177023926e+03
1593,4.9808511138e-01,-5.0068932772e-01,-9.5125074387e+00,2.4176840820e+03
1594,4.9802106619e-01,-5.0075137615e-01,-9.6632013321e+00,2.4176655273e+03
1595,4.9805259705e-01,-5.0075304508e-01,-9.7935380936e+00,2.4176464844e+03
1596,4.9803194404e-01,-5.0063616037e-01,-9.5798959732e+00,2.4176271973e+03
1597,4.9804824591e-01,-5.0072479248e-01,-9.5896425247e+00,2.4176088867e+03
1598,4.9805295467e-01,-5.0065684319e-01,-9.5171356201e+00,2.4175895996e+03
1599,4.9804487824e-01,-5.0064581633e-01,-9.8288478851e+00,2.4175705566e+03
1600,4.9797832966e-01,-5.0082457066e-01,-1.0050757408e+01,2.4175522461e+03
1601,4.9801549315e-01,-5.0068736076e-01,-9.3041458130e+00,2.4175339355e+03
1602,4.9799156189e-01,-5.0074666739e-01,-9.9344129562e+00,2.4175148926e+03
1603,4.9805161357e-01,-5.0061702728e-01,-9.2394199371e+00,2.4174958496e+03
1604,4.9799445271e-01,-5.0066435337e-01,-9.8216037750e+00,2.4174760742e+03
1605,4.9794054031e-01,-5.0083142519e-01,-1.0021422386e+01,2.4174572754e+03
1606,4.9795904756e-01,-5.0072175264e-01,-9.6614933014e+00,2.4174375000e+03
1607,4.9805688858e-01,-5.0063723326e-01,-9.4154834747e+00,2.4174187012e+03
1608,4.9801459908e-01,-5.0074791908e-01,-9.9088850021e+00,2.4173991699e+03
1609,4.9801400304e-01,-5.0072497129e-01,-9.5202026367e+00,2.4173796387e+03
1610,4.9801287055e-01,-5.0074207783e-01,-9.7812280655e+00,2.4173596191e+03
1611,4.9801960588e-01,-5.0072360039e-01,-9.5075922012e+00,2.4173398438e+03
1612,4.9800917506e-01,-5.0066143274e-01,-9.8335227966e+00,2.4173203125e+03
1613,4.9803239107e-01,-5.0068348646e-01,-9.5303859711e+00,2.4173005371e+03
1614,4.9800503254e-01,-5.0066411495e-01,-9.7719488144e+00,2.4172807617e+03
1615,4.9799308181e-01,-5.0067394972e-01,-9.5114555359e+00,2.4172614746e+03
1616,4.9804493785e-01,-5.0062453747e-01,-9.3889780045e+00,2.4172407227e+03
1617,4.9804782867e-01,-5.0071614981e-01,-9.7143335342e+00,2.4172204590e+03
1618,4.9802458286e-01,-5.0071251392e-01,-9.6924734116e+00,2.4171992188e+03
1619,4.9804586172e-01,-5.0074446201e-01,-9.7177639008e+00,2.4171791992e+03
1620,4.9798962474e-01,-5.0068205595e-01,-9.8039999008e+00,2.4171586914e+03
1621,4.9810877442e-01,-5.0061082840e-01,-9.3546619415e+00,2.4171386719e+03
1622,4.9808648229e-01,-5.0068056583e-01,-9.9575099945e+00,2.4171186523e+03
1623,4.9812215567e-01,-5.0062096119e-01,-9.4378356934e+00,2.4170981445e+03
1624,4.9801844358e-01,-5.0072503090e-01,-1.0266360283e+01,2.4170766602e+03
1625,4.9808785319e-01,-5.0064426661e-01,-9.4239540100e+00,2.4170551758e+03
1626,4.9802553654e-01,-5.0068217516e-01,-9.6204595566e+00,2.4170339355e+03
1627,4.9807435274e-01,-5.0065505505e-01,-9.7681818008e+00,2.4170131836e+03
1628,4.9810692668e-01,-5.0062835217e-01,-9.6249828339e+00,2.4169926758e+03
1629,4.9807342887e-01,-5.0062400103e-01,-9.5837240219e+00,2.4169704590e+03
1630,4.9812033772e-01,-5.0061708689e-01,-9.6552076340e+00,2.4169492188e+03
1631,4.9809998274e-01,-5.0059473515e-01,-9.5945596695e+00,2.4169277344e+03
1632,4.9808591604e-01,-5.0058853626e-01,-9.8435497284e+00,2.4169064941e+03
1633,4.9810552597e-01,-5.0058239698e-01,-9.4486455917e+00,2.4168859863e+03
1634,4.9810832739e-01,-5.0062799454e-01,-9.7401056290e+00,2.4168645020e+03
1635,4.9819234014e-01,-5.0059658289e-01,-9.6585168839e+00,2.4168425293e+03
1636,4.9809604883e-01,-5.0053596497e-01,-9.5408639908e+00,2.4168208008e+03
1637,4.9818634987e-01,-5.0052738190e-01,-9.5645856857e+00,2.4167980957e+03
1638,4.9810120463e-01,-5.0058913231e-01,-9.8538894653e+00,2.4167773438e+03
1639,4.9811771512e-01,-5.0058573484e-01,-9.6764669418e+00,2.4167551270e+03
1640,4.9820265174e-01,-5.0045669079e-01,-9.4124250412e+00,2.4167343750e+03
1641,4.9818912148e-01,-5.0046420097e-01,-9.6216459274e+00,2.4167128906e+03
1642,4.9807745218e-01,-5.0062209368e-01,-1.0219547272e+01,2.4166896973e+03
1643,4.9817219377e-01,-5.0052875280e-01,-9.4207744598e+00,2.4166674805e+03
1644,4.9813777208e-01,-5.0059086084e-01,-9.8199691772e+00,2.4166447754e+03
1645,4.9815899134e-01,-5.0047886372e-01,-9.4911127090e+00,2.4166225586e+03
1646,4.9812895060e-01,-5.0058650970e-01,-9.8949556351e+00,2.4166008301e+03
1647,4.9820464849e-01,-5.0051742792e-01,-9.3430986404e+00,2.4165786133e+03
1648,4.9816733599e-01,-5.0042778254e-01,-9.5627288818e+00,2.4165566406e+03
1649,4.9815943837e-01,-5.0054657459e-01,-9.6690406799e+00,2.4165332031e+03
1650,4.9820679426e-01,-5.0051099062e-01,-9.6688852310e+00,2.4165097656e+03
1651,4.9820390344e-01,-5.0054609776e-01,-9.5182905197e+00,2.4164870605e+03
1652,4.9817463756e-01,-5.0043755770e-01,-9.6057796478e+00,2.4164645996e+03
1653,4.9819338322e-01,-5.0052338839e-01,-9.5942258835e+00,2.4164418945e+03
1654,4.9816000462e-01,-5.0046646595e-01,-9.6932144165e+00,2.4164189453e+03
1655,4.9819970131e-01,-5.0048702955e-01,-9.6736040115e+00,2.4163964844e+03
1656,4.9822250009e-01,-5.0050222874e-01,-9.7455453873e+00,2.4163732910e+03
1657,4.9818775058e-01,-5.0043177605e-01,-9.8935966492e+00,2.4163491211e+03
1658,4.9824407697e-01,-5.0044769049e-01,-9.4614400864e+00,2.4163259277e+03
1659,4.9821099639e-01,-5.0046980381e-01,-1.0020376205e+01,2.4163012695e+03
1660,4.9815216660e-01,-5.0051385164e-01,-9.4525337219e+00,2.4162790527e+03
1661,4.9819314480e-01,-5.0048547983e-01,-9.9445648193e+00,2.4162558594e+03
1662,4.9817374349e-01,-5.0046038628e-01,-9.3977298737e+00,2.4162324219e+03
1663,4.9815249443e-01,-5.0044721365e-01,-9.8403549194e+00,2.4162080078e+03
1664,4.9819898605e-01,-5.0043118000e-01,-9.4394397736e+00,2.4161850586e+03
1665,4.9814203382e-01,-5.0041770935e-01,-9.4437828064e+00,2.4161616211e+03
1666,4.9814307690e-01,-5.0042182207e-01,-9.7580785751e+00,2.4161369629e+03
1667,4.9812316895e-01,-5.0043439865e-01,-9.5556459427e+00,2.4161135254e+03
1668,4.9818056822e-01,-5.0037431717e-01,-9.3354854584e+00,2.4160898438e+03
1669,4.9813166261e-01,-5.0042903423e-01,-9.7873039246e+00,2.4160668945e+03
1670,4.9814891815e-01,-5.0037419796e-01,-9.6300868988e+00,2.4160427246e+03
1671,4.9818319082e-01,-5.0039464235e-01,-9.6378536224e+00,2.4160183105e+03
1672,4.9824026227e-01,-5.0043284893e-01,-9.3265800476e+00,2.4159941406e+03
1673,4.9823841453e-01,-5.0040882826e-01,-9.6595153809e+00,2.4159699707e+03
1674,4.9827232957e-01,-5.0038146973e-01,-9.6155614853e+00,2.4159450684e+03
1675,4.9813497066e-01,-5.0041997433e-01,-1.0212372780e+01,2.4159201660e+03
1676,4.9822890759e-01,-5.0040769577e-01,-9.1236534119e+00,2.4158967285e+03
1677,4.9816679955e-01,-5.0040858984e-01,-1.0010050774e+01,2.4158713379e+03
1678,4.9823385477e-01,-5.0036579370e-01,-9.2611694336e+00,2.4158466797e+03
1679,4.9820971489e-01,-5.0035464764e-01,-9.5089683533e+00,2.4158222656e+03
1680,4.9823713303e-01,-5.0036865473e-01,-9.9592323303e+00,2.4157976074e+03
1681,4.9814373255e-01,-5.0044167042e-01,-9.8913621902e+00,2.4157724609e+03
1682,4.9815949798e-01,-5.0038987398e-01,-9.5929069519e+00,2.4157470703e+03
1683,4.9817165732e-01,-5.0040322542e-01,-9.4176282883e+00,2.4157216797e+03
1684,4.9816501141e-01,-5.0035631657e-01,-9.6086549759e+00,2.4156958008e+03
1685,4.9816289544e-01,-5.0044316053e-01,-9.8587427139e+00,2.4156704102e+03
1686,4.9819248915e-01,-5.0031459332e-01,-8.9832592010e+00,2.4156455078e+03
1687,4.9821156263e-01,-5.0040233135e-01,-9.8472805023e+00,2.4156201172e+03
1688,4.9819627404e-01,-5.0031846762e-01,-9.2193880081e+00,2.4155942383e+03
1689,4.9820658565e-01,-5.0026905537e-01,-9.4658336639e+00,2.4155683594e+03
1690,4.9820238352e-01,-5.0037312508e-01,-9.7653942108e+00,2.4155429688e+03
1691,4.9819251895e-01,-5.0035429001e-01,-9.5911712646e+00,2.4155168457e+03
1692,4.9819034338e-01,-5.0022619963e-01,-9.3400182724e+00,2.4154904785e+03
1693,4.9817967415e-01,-5.0026655197e-01,-9.6617488861e+00,2.4154645996e+03
1694,4.9815052748e-01,-5.0043970346e-01,-1.0055577278e+01,2.4154387207e+03
1695,4.9817278981e-01,-5.0033444166e-01,-9.4087142944e+00,2.4154125977e+03
1696,4.9820092320e-01,-5.0039023161e-01,-9.6469697952e+00,2.4153850098e+03
1697,4.9818050861e-01,-5.0022882223e-01,-9.1254301071e+00,2.4153596191e+03
1698,4.9822089076e-01,-5.0033301115e-01,-9.7105998993e+00,2.4153330078e+03
1699,4.9822270870e-01,-5.0027024746e-01,-9.5419378281e+00,2.4153061523e+03
1700,4.9815389514e-01,-5.0027680397e-01,-9.8155117035e+00,2.4152800293e+03
1701,4.9822089076e-01,-5.0030261278e-01,-9.3093042374e+00,2.4152529297e+03
1702,4.9817579985e-01,-5.0029104948e-01,-9.7245941162e+00,2.4152260742e+03
1703,4.9825298786e-01,-5.0026762486e-01,-9.2891664505e+00,2.4151992188e+03
1704,4.9818444252e-01,-5.0018149614e-01,-9.4136171341e+00,2.4151726074e+03
1705,4.9822917581e-01,-5.0019299984e-01,-9.4314765930e+00,2.4151457520e+03
1706,4.9820753932e-01,-5.0024443865e-01,-9.8596792221e+00,2.4151181641e+03
1707,4.9823135138e-01,-5.0019884109e-01,-9.2471113205e+00,2.4150922852e+03
1708,4.9822241068e-01,-5.0022256374e-01,-9.6305227280e+00,2.4150651855e+03
1709,4.9823534489e-01,-5.0024342537e-01,-9.6948995590e+00,2.4150378418e+03
1710,4.9816185236e-01,-5.0016462803e-01,-9.4307937622e+00,2.4150097656e+03
1711,4.9821987748e-01,-5.0021970272e-01,-9.4572706223e+00,2.4149826660e+03
1712,4.9816289544e-01,-5.0023955107e-01,-9.7120943069e+00,2.4149553223e+03
1713,4.9820995331e-01,-5.0015687943e-01,-9.1534805298e+00,2.4149277344e+03
1714,4.9822333455e-01,-5.0017237663e-01,-9.8059825897e+00,2.4149003906e+03
1715,4.9806261063e-01,-5.0018978119e-01,-9.6576995850e+00,2.4148723145e+03
1716,4.9814456701e-01,-5.0017946959e-01,-9.4268970490e+00,2.4148442383e+03
1717,4.9812793732e-01,-5.0015318394e-01,-9.3567152023e+00,2.4148154297e+03
1718,4.9810349941e-01,-5.0022119284e-01,-9.8692188263e+00,2.4147878418e+03
1719,4.9819657207e-01,-5.0014114380e-01,-8.9509868622e+00,2.4147607422e+03
1720,4.9807956815e-01,-5.0019270182e-01,-9.9942512512e+00,2.4147336426e+03
1721,4.9808174372e-01,-5.0011831522e-01,-9.2632608414e+00,2.4147055664e+03
1722,4.9806997180e-01,-5.0017803907e-01,-9.8712387085e+00,2.4146777344e+03
1723,4.9806344509e-01,-5.0015854836e-01,-9.3327417374e+00,2.4146486816e+03
1724,4.9815294147e-01,-5.0013887882e-01,-9.3325557709e+00,2.4146196289e+03
1725,4.9814572930e-01,-5.0015747547e-01,-9.4447021484e+00,2.4145908203e+03
1726,4.9810943007e-01,-5.0008177757e-01,-9.4496469498e+00,2.4145622559e+03
1727,4.9812000990e-01,-5.0009083748e-01,-9.5860528946e+00,2.4145346680e+03
1728,4.9813497066e-01,-5.0002491474e-01,-8.9609479904e+00,2.4145058594e+03
1729,4.9810719490e-01,-5.0007975101e-01,-9.5825700760e+00,2.4144775391e+03
1730,4.9807190895e-01,-5.0019782782e-01,-1.0014804840e+01,2.4144482422e+03
1731,4.9811965227e-01,-5.0009781122e-01,-9.1294174194e+00,2.4144184570e+03
1732,4.9811932445e-01,-5.0003027916e-01,-9.2088375092e+00,2.4143896484e+03
1733,4.9810785055e-01,-5.0022470951e-01,-1.0128055573e+01,2.4143603516e+03
1734,4.9811300635e-01,-5.0013786554e-01,-9.1653604507e+00,2.4143312988e+03
1735,4.9810370803e-01,-5.0004738569e-01,-9.3406019211e+00,2.4143022461e+03
1736,4.9808743596e-01,-5.0020766258e-01,-9.9518318176e+00,2.4142727051e+03
1737,4.9806630611e-01,-5.0010222197e-01,-9.1856584549e+00,2.4142434082e+03
1738,4.9811688066e-01,-5.0018852949e-01,-9.5047826767e+00,2.4142133789e+03
1739,4.9813053012e-01,-5.0006628036e-01,-8.9813079834e+00,2.4141843262e+03
1740,4.9811989069e-01,-5.0013291836e-01,-9.5964269638e+00,2.4141545410e+03
1741,4.9805253744e-01,-5.0014698505e-01,-9.5748195648e+00,2.4141247559e+03
1742,4.9803593755e-01,-5.0007003546e-01,-9.4481706619e+00,2.4140947266e+03
1743,4.9812835455e-01,-5.0008565187e-01,-9.0109109879e+00,2.4140654297e+03
1744,4.9809509516e-01,-5.0003606081e-01,-9.5002889633e+00,2.4140356445e+03
1745,4.9801367521e-01,-5.0014775991e-01,-9.9196023941e+00,2.4140070801e+03
1746,4.9811118841e-01,-5.0006896257e-01,-8.8017673492e+00,2.4139770508e+03
1747,4.9803721905e-01,-5.0012868643e-01,-9.7861528397e+00,2.4139470215e+03
1748,4.9796622992e-01,-5.0011318922e-01,-9.9024667740e+00,2.4139162598e+03
1749,4.9806883931e-01,-5.0001084805e-01,-8.7826690674e+00,2.4138852539e+03
1750,4.9797868729e-01,-5.0002533197e-01,-9.7291851044e+00,2.4138554688e+03
1751,4.9798420072e-01,-5.0006037951e-01,-9.3962497711e+00,2.4138256836e+03
1752,4.9808216095e-01,-5.0010275841e-01,-9.7588081360e+00,2.4137961426e+03
1753,4.9807801843e-01,-4.9997457862e-01,-8.1820631027e+00,2.4137666016e+03
1754,4.9807724357e-01,-5.0004148483e-01,-9.7383613586e+00,2.4137355957e+03
1755,4.9793484807e-01,-5.0000959635e-01,-9.7725944519e+00,2.4137041016e+03
1756,4.9799525738e-01,-5.0000029802e-01,-9.2852668762e+00,2.4136728516e+03
1757,4.9805635214e-01,-5.0000715256e-01,-9.0298891068e+00,2.4136418457e+03
1758,4.9805098772e-01,-4.9998575449e-01,-9.1959629059e+00,2.4136118164e+03
1759,4.9794185162e-01,-5.0000226498e-01,-9.8710231781e+00,2.4135820312e+03
1760,4.9791818857e-01,-5.0002264977e-01,-9.2336931229e+00,2.4135500488e+03
1761,4.9798434973e-01,-4.9998506904e-01,-9.1595773697e+00,2.4135195312e+03
1762,4.9793982506e-01,-4.9998217821e-01,-9.4547414780e+00,2.4134877930e+03
1763,4.9794581532e-01,-4.9998903275e-01,-9.3503684998e+00,2.4134570312e+03
1764,4.9792823195e-01,-4.9998882413e-01,-9.2944316864e+00,2.4134262695e+03
1765,4.9791380763e-01,-4.9996882677e-01,-9.2165956497e+00,2.4133957520e+03
1766,4.9789112806e-01,-4.9998316169e-01,-9.4430351257e+00,2.4133647461e+03
1767,4.9791058898e-01,-4.9993309379e-01,-9.1949691772e+00,2.4133330078e+03
1768,4.9790087342e-01,-4.9995967746e-01,-9.4481678009e+00,2.4133012695e+03
1769,4.9782857299e-01,-4.9999791384e-01,-9.4012384415e+00,2.4132695312e+03
1770,4.9782150984e-01,-5.0003576279e-01,-9.6933183670e+00,2.4132382812e+03
1771,4.9788975716e-01,-4.9992087483e-01,-8.6972084045e+00,2.4132058105e+03
1772,4.9781376123e-01,-5.0000524521e-01,-9.7761716843e+00,2.4131750488e+03
1773,4.9787634611e-01,-4.9992817640e-01,-8.9635591507e+00,2.4131440430e+03
1774,4.9789118767e-01,-4.9982506037e-01,-8.8733892441e+00,2.4131108398e+03
1775,4.9789530039e-01,-4.9986296892e-01,-9.3657379150e+00,2.4130795898e+03
1776,4.9784624577e-01,-4.9998888373e-01,-9.7368936539e+00,2.4130478516e+03
1777,4.9789154530e-01,-4.9986568093e-01,-8.7403879166e+00,2.4130156250e+03
1778,4.9778589606e-01,-4.9991521239e-01,-9.8474044800e+00,2.4129826660e+03
1779,4.9789971113e-01,-4.9979233742e-01,-8.3617973328e+00,2.4129509277e+03
1780,4.9789053202e-01,-4.9990576506e-01,-9.4952087402e+00,2.4129187012e+03
1781,4.9792948365e-01,-4.9980711937e-01,-9.0444889069e+00,2.4128862305e+03
1782,4.9792173505e-01,-4.9986058474e-01,-9.3480825424e+00,2.4128535156e+03
1783,4.9785938859e-01,-4.9992844462e-01,-9.4745960236e+00,2.4128205566e+03
1784,4.9786847830e-01,-4.9982428551e-01,-9.3590888977e+00,2.4127875977e+03
1785,4.9775341153e-01,-4.9990069866e-01,-9.6856679916e+00,2.4127546387e+03
1786,4.9781635404e-01,-4.9996039271e-01,-8.9165687561e+00,2.4127224121e+03
1787,4.9774375558e-01,-4.9995395541e-01,-9.7302732468e+00,2.4126904297e+03
1788,4.9793791771e-01,-4.9987524748e-01,-8.4129695892e+00,2.4126577148e+03
1789,4.9787360430e-01,-4.9979433417e-01,-9.5796461105e+00,2.4126250000e+03
1790,4.9796092510e-01,-4.9982905388e-01,-8.7214689255e+00,2.4125910645e+03
1791,4.9785777926e-01,-4.9978175759e-01,-9.4796152115e+00,2.4125576172e+03
1792,4.9794191122e-01,-4.9975594878e-01,-8.8121376038e+00,2.4125229492e+03
1793,4.9770700932e-01,-4.9985966086e-01,-1.0152693748e+01,2.4124904785e+03
1794,4.9780845642e-01,-4.9979671836e-01,-8.6533584595e+00,2.4124565430e+03
1795,4.9793142080e-01,-4.9981552362e-01,-8.6221714020e+00,2.4124233398e+03
1796,4.9785658717e-01,-4.9979987741e-01,-9.6517877579e+00,2.4123908691e+03
1797,4.9785283208e-01,-4.9979737401e-01,-9.2375402451e+00,2.4123571777e+03
1798,4.9780222774e-01,-4.9978256226e-01,-9.1174774170e+00,2.4123247070e+03
1799,4.9777230620e-01,-4.9980705976e-01,-9.4672994614e+00,2.4122915039e+03
1800,4.9782106280e-01,-4.9978938699e-01,-8.9145383835e+00,2.4122583008e+03
1801,4.9778646231e-01,-4.9980193377e-01,-9.7109928131e+00,2.4122253418e+03
1802,4.9776458740e-01,-4.9984380603e-01,-9.2426023483e+00,2.4121921387e+03
1803,4.9778467417e-01,-4.9971440434e-01,-8.7583007812e+00,2.4121582031e+03
1804,4.9778228998e-01,-4.9976015091e-01,-9.1973505020e+00,2.4121230469e+03
1805,4.9782541394e-01,-4.9977445602e-01,-9.3705120087e+00,2.4120891113e+03
1806,4.9774196744e-01,-4.9977907538e-01,-8.9325513840e+00,2.4120544434e+03
1807,4.9780115485e-01,-4.9973055720e-01,-9.1948909760e+00,2.4120209961e+03
1808,4.9780550599e-01,-4.9970880151e-01,-9.0900650024e+00,2.4119880371e+03
1809,4.9785453081e-01,-4.9966707826e-01,-8.6261911392e+00,2.4119541016e+03
1810,4.9779251218e-01,-4.9970576167e-01,-9.5929155350e+00,2.4119204102e+03
1811,4.9783399701e-01,-4.9962761998e-01,-8.4473905563e+00,2.4118859863e+03
1812,4.9774956703e-01,-4.9971228838e-01,-9.8913955688e+00,2.4118505859e+03
1813,4.9773627520e-01,-4.9976313114e-01,-8.9973630905e+00,2.4118154297e+03
1814,4.9786865711e-01,-4.9958196282e-01,-8.5495939255e+00,2.4117807617e+03
1815,4.9774727225e-01,-4.9961826205e-01,-9.5047721863e+00,2.4117475586e+03
1816,4.9782085419e-01,-4.9955490232e-01,-8.7497720718e+00,2.4117124023e+03
1817,4.9782258272e-01,-4.9961364269e-01,-9.0601453781e+00,2.4116782227e+03
1818,4.9780443311e-01,-4.9952471256e-01,-8.9020137787e+00,2.4116428223e+03
1819,4.9784630537e-01,-4.9952954054e-01,-9.0210752487e+00,2.4116083984e+03
1820,4.9776276946e-01,-4.9957203865e-01,-9.0859708786e+00,2.4115717773e+03
1821,4.9787178636e-01,-4.9949941039e-01,-8.6091442108e+00,2.4115366211e+03
1822,4.9782359600e-01,-4.9951308966e-01,-9.0641746521e+00,2.4115014648e+03
1823,4.9767246842e-01,-4.9959865212e-01,-9.6044425964e+00,2.4114663086e+03
1824,4.9777531624e-01,-4.9950477481e-01,-8.5139312744e+00,2.4114311523e+03
1825,4.9772742391e-01,-4.9953171611e-01,-9.2245597839e+00,2.4113955078e+03
1826,4.9773356318e-01,-4.9946647882e-01,-9.1896209717e+00,2.4113596191e+03
1827,4.9762302637e-01,-4.9956360459e-01,-9.5072154999e+00,2.4113244629e+03
1828,4.9778574705e-01,-4.9955773354e-01,-8.4741954803e+00,2.4112890625e+03
1829,4.9765175581e-01,-4.9955758452e-01,-9.5342702866e+00,2.4112534180e+03
1830,4.9762323499e-01,-4.9942040443e-01,-9.0324153900e+00,2.4112172852e+03
1831,4.9761143327e-01,-4.9951028824e-01,-9.1892518997e+00,2.4111818848e+03
1832,4.9783128500e-01,-4.9948850274e-01,-8.0421514511e+00,2.4111455078e+03
1833,4.9775668979e-01,-4.9937832355e-01,-9.3727178574e+00,2.4111093750e+03
1834,4.9763515592e-01,-4.9943056703e-01,-9.1467781067e+00,2.4110732422e+03
1835,4.9773272872e-01,-4.9947384000e-01,-8.6669273376e+00,2.4110385742e+03
1836,4.9768337607e-01,-4.9943932891e-01,-8.9472579956e+00,2.4110031738e+03
1837,4.9769797921e-01,-4.9936059117e-01,-9.0534934998e+00,2.4109672852e+03
1838,4.9769809842e-01,-4.9934497476e-01,-8.4829435349e+00,2.4109304199e+03
1839,4.9768728018e-01,-4.9943169951e-01,-9.2824239731e+00,2.4108945312e+03
1840,4.9768763781e-01,-4.9934652448e-01,-8.5633344650e+00,2.4108576660e+03
1841,4.9745446444e-01,-4.9937722087e-01,-8.8183126450e+00,2.4108215332e+03
1842,4.9747711420e-01,-4.9931088090e-01,-8.9704351425e+00,2.4107856445e+03
1843,4.9749341607e-01,-4.9925646186e-01,-8.6280794144e+00,2.4107502441e+03
1844,4.9750488997e-01,-4.9930211902e-01,-9.1799802780e+00,2.4107138672e+03
1845,4.9748206139e-01,-4.9937275052e-01,-9.2980604172e+00,2.4106772461e+03
1846,4.9754297733e-01,-4.9926799536e-01,-8.3817777634e+00,2.4106403809e+03
1847,4.9751883745e-01,-4.9923381209e-01,-8.9534387589e+00,2.4106035156e+03
1848,4.9750792980e-01,-4.9935692549e-01,-8.9417638779e+00,2.4105668945e+03
1849,4.9753057957e-01,-4.9926388264e-01,-8.7191591263e+00,2.4105305176e+03
1850,4.9752038717e-01,-4.9917072058e-01,-8.4411649704e+00,2.4104941406e+03
1851,4.9746498466e-01,-4.9927851558e-01,-9.3749151230e+00,2.4104575195e+03
1852,4.9752345681e-01,-4.9915885925e-01,-8.3085737228e+00,2.4104199219e+03
1853,4.9747529626e-01,-4.9924728274e-01,-9.4451456070e+00,2.4103830566e+03
1854,4.9759447575e-01,-4.9913299084e-01,-8.1293439865e+00,2.4103459473e+03
1855,4.9753373861e-01,-4.9914827943e-01,-9.0481271744e+00,2.4103088379e+03
1856,4.9756005406e-01,-4.9910604954e-01,-8.6395206451e+00,2.4102722168e+03
1857,4.9761506915e-01,-4.9908867478e-01,-8.8708639145e+00,2.4102348633e+03
1858,4.9749922752e-01,-4.9919649959e-01,-9.2446393967e+00,2.4101975098e+03
1859,4.9765670300e-01,-4.9907073379e-01,-7.8615088463e+00,2.4101613770e+03
1860,4.9749031663e-01,-4.9913546443e-01,-9.9704399109e+00,2.4101237793e+03
1861,4.9752545357e-01,-4.9916869402e-01,-8.3853092194e+00,2.4100854492e+03
1862,4.9750521779e-01,-4.9917674065e-01,-8.8450222015e+00,2.4100493164e+03
1863,4.9739268422e-01,-4.9924936891e-01,-8.9488744736e+00,2.4100119629e+03
1864,4.9754032493e-01,-4.9911439419e-01,-8.4570608139e+00,2.4099743652e+03
1865,4.9750900269e-01,-4.9911600351e-01,-8.7857360840e+00,2.4099365234e+03
1866,4.9754270911e-01,-4.9904769659e-01,-8.7294940948e+00,2.4098996582e+03
1867,4.9757438898e-01,-4.9902272224e-01,-8.7172498703e+00,2.4098618164e+03
1868,4.9745267630e-01,-4.9906411767e-01,-9.3563127518e+00,2.4098244629e+03
1869,4.9757686257e-01,-4.9899831414e-01,-8.4834613800e+00,2.4097868652e+03
1870,4.9745303392e-01,-4.9908134341e-01,-8.7835016251e+00,2.4097492676e+03
1871,4.9747028947e-01,-4.9915623665e-01,-8.9222517014e+00,2.4097111816e+03
1872,4.9754333496e-01,-4.9896636605e-01,-8.2689781189e+00,2.4096735840e+03
1873,4.9748489261e-01,-4.9904829264e-01,-8.5433845520e+00,2.4096354980e+03
1874,4.9750062823e-01,-4.9895235896e-01,-9.1707649231e+00,2.4095971680e+03
1875,4.9740019441e-01,-4.9903517962e-01,-8.5146455765e+00,2.4095588379e+03
1876,4.9741730094e-01,-4.9896666408e-01,-9.1493053436e+00,2.4095202637e+03
1877,4.9745678902e-01,-4.9899965525e-01,-8.1989116669e+00,2.4094807129e+03
1878,4.9742001295e-01,-4.9895563722e-01,-9.1565475464e+00,2.4094426270e+03
1879,4.9742144346e-01,-4.9895825982e-01,-8.1386671066e+00,2.4094042969e+03
1880,4.9741137028e-01,-4.9898931384e-01,-8.8710718155e+00,2.4093657227e+03
1881,4.9744057655e-01,-4.9893265963e-01,-8.3990755081e+00,2.4093283691e+03
1882,4.9742409587e-01,-4.9890080094e-01,-9.1026506424e+00,2.4092905273e+03
1883,4.9742305279e-01,-4.9886691570e-01,-8.0321693420e+00,2.4092507324e+03
1884,4.9736496806e-01,-4.9899074435e-01,-9.4073429108e+00,2.4092119141e+03
1885,4.9738341570e-01,-4.9889990687e-01,-8.0973424911e+00,2.4091728516e+03
1886,4.9738025665e-01,-4.9882143736e-01,-8.7603702545e+00,2.4091345215e+03
1887,4.9740114808e-01,-4.9896031618e-01,-8.6410713196e+00,2.4090964355e+03
1888,4.9735400081e-01,-4.9884992838e-01,-8.2749004364e+00,2.4090581055e+03
1889,4.9735888839e-01,-4.9874669313e-01,-8.6639118195e+00,2.4090185547e+03
1890,4.9733537436e-01,-4.9873769283e-01,-8.4721012115e+00,2.4089797363e+03
1891,4.9732771516e-01,-4.9892833829e-01,-8.8851766586e+00,2.4089414062e+03
1892,4.9733093381e-01,-4.9879050255e-01,-8.5776615143e+00,2.4089023438e+03
1893,4.9728530645e-01,-4.9890768528e-01,-8.8955259323e+00,2.4088630371e+03
1894,4.9732071161e-01,-4.9870213866e-01,-8.2028818130e+00,2.4088242188e+03
1895,4.9723231792e-01,-4.9886989594e-01,-9.0897569656e+00,2.4087854004e+03
1896,4.9726289511e-01,-4.9875277281e-01,-8.2742843628e+00,2.4087456055e+03
1897,4.9736043811e-01,-4.9870216846e-01,-8.3264818192e+00,2.4087050781e+03
1898,4.9720063806e-01,-4.9879622459e-01,-8.8440532684e+00,2.4086660156e+03
1899,4.9722069502e-01,-4.9871703982e-01,-8.2181205750e+00,2.4086254883e+03
1900,4.9739688635e-01,-4.9859738350e-01,-7.9754858017e+00,2.4085876465e+03
1901,4.9731507897e-01,-4.9863374233e-01,-8.6262722015e+00,2.4085471191e+03
1902,4.9713289738e-01,-4.9875813723e-01,-9.1090517044e+00,2.4085083008e+03
1903,4.9719718099e-01,-4.9870914221e-01,-8.4298105240e+00,2.4084682617e+03
1904,4.9709454179e-01,-4.9877253175e-01,-8.8263578415e+00,2.4084277344e+03
1905,4.9711436033e-01,-4.9872386456e-01,-8.4897842407e+00,2.4083881836e+03
1906,4.9721956253e-01,-4.9860772491e-01,-8.2696247101e+00,2.4083491211e+03
1907,4.9708729982e-01,-4.9870619178e-01,-8.6784782410e+00,2.4083100586e+03
1908,4.9714472890e-01,-4.9863809347e-01,-8.5079774857e+00,2.4082700195e+03
1909,4.9723276496e-01,-4.9854415655e-01,-8.1154575348e+00,2.4082302246e+03
1910,4.9716040492e-01,-4.9865743518e-01,-8.4489593506e+00,2.4081906738e+03
1911,4.9703279138e-01,-4.9870476127e-01,-9.0522279739e+00,2.4081499023e+03
1912,4.9724501371e-01,-4.9849590659e-01,-7.6280517578e+00,2.4081101074e+03
1913,4.9709862471e-01,-4.9868401885e-01,-8.7611227036e+00,2.4080708008e+03
1914,4.9715277553e-01,-4.9860110879e-01,-8.3663158417e+00,2.4080312500e+03
1915,4.9711534381e-01,-4.9857127666e-01,-8.5711336136e+00,2.4079914551e+03
1916,4.9708402157e-01,-4.9862688780e-01,-8.2242469788e+00,2.4079511719e+03
1917,4.9714174867e-01,-4.9854603410e-01,-8.3987560272e+00,2.4079101562e+03
1918,4.9712923169e-01,-4.9848839641e-01,-8.5100479126e+00,2.4078696289e+03
1919,4.9706938863e-01,-4.9855715036e-01,-8.3518209457e+00,2.4078303223e+03
1920,4.9712371826e-01,-4.9853473902e-01,-8.3321800232e+00,2.4077910156e+03
1921,4.9708086252e-01,-4.9848359823e-01,-8.1354665756e+00,2.4077504883e+03
1922,4.9713888764e-01,-4.9852964282e-01,-8.6397590637e+00,2.4077097168e+03
1923,4.9706548452e-01,-4.9841433764e-01,-8.4369115829e+00,2.4076691895e+03
1924,4.9701848626e-01,-4.9841994047e-01,-8.0742273331e+00,2.4076284180e+03
1925,4.9698817730e-01,-4.9840417504e-01,-8.5288715363e+00,2.4075881348e+03
1926,4.9710786343e-01,-4.9840962887e-01,-7.7167391777e+00,2.4075483398e+03
1927,4.9712133408e-01,-4.9831527472e-01,-8.0604658127e+00,2.4075073242e+03
1928,4.9705675244e-01,-4.9841195345e-01,-8.8910207748e+00,2.4074672852e+03
1929,4.9700012803e-01,-4.9850496650e-01,-8.5592603683e+00,2.4074262695e+03
1930,4.9699658155e-01,-4.9829667807e-01,-7.9410510063e+00,2.4073852539e+03
1931,4.9700230360e-01,-4.9834021926e-01,-8.4700622559e+00,2.4073437500e+03
1932,4.9702969193e-01,-4.9823558331e-01,-8.1442298889e+00,2.4073037109e+03
1933,4.9697148800e-01,-4.9847784638e-01,-8.9289350510e+00,2.4072639160e+03
1934,4.9704995751e-01,-4.9822071195e-01,-7.5766024590e+00,2.4072233887e+03
1935,4.9699667096e-01,-4.9835512042e-01,-8.6555042267e+00,2.4071826172e+03
1936,4.9687597156e-01,-4.9835124612e-01,-8.4790258408e+00,2.4071418457e+03
1937,4.9699664116e-01,-4.9817144871e-01,-7.6799864769e+00,2.4071005859e+03
1938,4.9688676000e-01,-4.9824863672e-01,-8.6679515839e+00,2.4070593262e+03
1939,4.9680125713e-01,-4.9835252762e-01,-8.4829950333e+00,2.4070185547e+03
1940,4.9695765972e-01,-4.9825310707e-01,-7.8479628563e+00,2.4069782715e+03
1941,4.9682095647e-01,-4.9832442403e-01,-8.5066003799e+00,2.4069365234e+03
1942,4.9692022800e-01,-4.9821925163e-01,-7.6852746010e+00,2.4068952637e+03
1943,4.9677008390e-01,-4.9829724431e-01,-8.6640815735e+00,2.4068535156e+03
1944,4.9682003260e-01,-4.9824705720e-01,-7.9612307549e+00,2.4068127441e+03
1945,4.9695706367e-01,-4.9819236994e-01,-8.1485557556e+00,2.4067714844e+03
1946,4.9678963423e-01,-4.9825423956e-01,-8.6071748734e+00,2.4067307129e+03
1947,4.9688920379e-01,-4.9817255139e-01,-7.8494963646e+00,2.4066899414e+03
1948,4.9694183469e-01,-4.9812281132e-01,-7.9393610954e+00,2.4066484375e+03
1949,4.9677544832e-01,-4.9822899699e-01,-8.5803632736e+00,2.4066064453e+03
1950,4.9684473872e-01,-4.9813872576e-01,-7.8014049530e+00,2.4065654297e+03
1951,4.9678745866e-01,-4.9811363220e-01,-8.4392318726e+00,2.4065244141e+03
1952,4.9682569504e-01,-4.9807623029e-01,-7.8506426811e+00,2.4064829102e+03
1953,4.9678799510e-01,-4.9806517363e-01,-8.2443628311e+00,2.4064409180e+03
1954,4.9681735039e-01,-4.9809160829e-01,-7.9896750450e+00,2.4063994141e+03
1955,4.9674785137e-01,-4.9815797806e-01,-8.2645978928e+00,2.4063579102e+03
1956,4.9678120017e-01,-4.9804773927e-01,-7.9636139870e+00,2.4063159180e+03
1957,4.9671202898e-01,-4.9810752273e-01,-8.2132396698e+00,2.4062751465e+03
1958,4.9669882655e-01,-4.9806135893e-01,-8.1210680008e+00,2.4062348633e+03
1959,4.9672353268e-01,-4.9808791280e-01,-7.8902096748e+00,2.4061926270e+03
1960,4.9677059054e-01,-4.9803757668e-01,-7.9286208153e+00,2.4061503906e+03
1961,4.9668827653e-01,-4.9809178710e-01,-8.2375431061e+00,2.4061083984e+03
1962,4.9662664533e-01,-4.9802601337e-01,-8.1562738419e+00,2.4060664062e+03
1963,4.9664580822e-01,-4.9806237221e-01,-8.1071014404e+00,2.4060249023e+03
1964,4.9662539363e-01,-4.9800762534e-01,-7.9782328606e+00,2.4059843750e+03
1965,4.9663615227e-01,-4.9805232882e-01,-8.0289335251e+00,2.4059438477e+03
1966,4.9660930037e-01,-4.9796581268e-01,-7.7276420593e+00,2.4059018555e+03
1967,4.9667495489e-01,-4.9792283773e-01,-8.1398181915e+00,2.4058598633e+03
1968,4.9657222629e-01,-4.9787947536e-01,-8.0490159988e+00,2.4058168945e+03
1969,4.9653545022e-01,-4.9799525738e-01,-8.3007078171e+00,2.4057746582e+03
1970,4.9661022425e-01,-4.9786037207e-01,-7.5975036621e+00,2.4057329102e+03
1971,4.9657607079e-01,-4.9779689312e-01,-7.9369034767e+00,2.4056918945e+03
1972,4.9658140540e-01,-4.9779146910e-01,-7.9489445686e+00,2.4056508789e+03
1973,4.9653878808e-01,-4.9793463945e-01,-8.3831148148e+00,2.4056083984e+03
1974,4.9646681547e-01,-4.9792075157e-01,-8.0943498611e+00,2.4055661621e+03
1975,4.9654489756e-01,-4.9773648381e-01,-7.5858411789e+00,2.4055236816e+03
1976,4.9657848477e-01,-4.9780067801e-01,-7.7074198723e+00,2.4054814453e+03
1977,4.9659940600e-01,-4.9771091342e-01,-7.8037652969e+00,2.4054394531e+03
1978,4.9650758505e-01,-4.9770906568e-01,-8.0210046768e+00,2.4053984375e+03
1979,4.9655556679e-01,-4.9769768119e-01,-7.5900645256e+00,2.4053559570e+03
1980,4.9651971459e-01,-4.9768176675e-01,-8.0865831375e+00,2.4053139648e+03
1981,4.9648275971e-01,-4.9774751067e-01,-8.3798875809e+00,2.4052712402e+03
1982,4.9628311396e-01,-4.9775671959e-01,-8.0888233185e+00,2.4052282715e+03
1983,4.9646642804e-01,-4.9767607450e-01,-7.3469738960e+00,2.4051862793e+03
1984,4.9633610249e-01,-4.9773782492e-01,-8.4591865540e+00,2.4051445312e+03
1985,4.9632716179e-01,-4.9775862694e-01,-7.9561066628e+00,2.4051027832e+03
1986,4.9631565809e-01,-4.9771919847e-01,-7.8653693199e+00,2.4050607910e+03
1987,4.9641874433e-01,-4.9765536189e-01,-7.6385149956e+00,2.4050183105e+03
1988,4.9637782574e-01,-4.9766728282e-01,-8.0190324783e+00,2.4049755859e+03
1989,4.9632167816e-01,-4.9764195085e-01,-7.6126499176e+00,2.4049316406e+03
1990,4.9632877111e-01,-4.9763369560e-01,-7.9882941246e+00,2.4048896484e+03
1991,4.9634325504e-01,-4.9764820933e-01,-7.8109931946e+00,2.4048476562e+03
1992,4.9629908800e-01,-4.9763089418e-01,-7.5939407349e+00,2.4048059082e+03
1993,4.9628844857e-01,-4.9755707383e-01,-7.9101047516e+00,2.4047636719e+03
1994,4.9628871679e-01,-4.9758893251e-01,-7.9162163734e+00,2.4047211914e+03
1995,4.9624836445e-01,-4.9761128426e-01,-7.7469468117e+00,2.4046789551e+03
1996,4.9624037743e-01,-4.9760028720e-01,-7.7695875168e+00,2.4046364746e+03
1997,4.9625387788e-01,-4.9749884009e-01,-7.7482199669e+00,2.4045947266e+03
1998,4.9624130130e-01,-4.9754616618e-01,-7.7650470734e+00,2.4045517578e+03
1999,4.9624669552e-01,-4.9746787548e-01,-7.5350656509e+00,2.4045097656e+03
2000,4.9616372585e-01,-4.9754831195e-01,-7.9554471970e+00,2.4044672852e+03
2001,4.9620604515e-01,-4.9745935202e-01,-7.5928883553e+00,2.4044245605e+03
2002,4.9614554644e-01,-4.9749779701e-01,-7.9006857872e+00,2.4043820801e+03
2003,4.9616578221e-01,-4.9751237035e-01,-7.5748314857e+00,2.4043388672e+03
2004,4.9611207843e-01,-4.9748268723e-01,-7.8658504486e+00,2.4042963867e+03
2005,4.9612608552e-01,-4.9749034643e-01,-7.6220803261e+00,2.4042541504e+03
2006,4.9610143900e-01,-4.9748656154e-01,-7.7345981598e+00,2.4042114258e+03
2007,4.9613457918e-01,-4.9744051695e-01,-7.7174515724e+00,2.4041682129e+03
2008,4.9606159329e-01,-4.9746140838e-01,-7.6966309547e+00,2.4041252441e+03
2009,4.9609720707e-01,-4.9742716551e-01,-7.4876008034e+00,2.4040820312e+03
2010,4.9605131149e-01,-4.9743700027e-01,-7.7370824814e+00,2.4040400391e+03
2011,4.9612277746e-01,-4.9737995863e-01,-7.5655531883e+00,2.4039978027e+03
2012,4.9615943432e-01,-4.9729022384e-01,-7.4113759995e+00,2.4039548340e+03
2013,4.9601677060e-01,-4.9740198255e-01,-7.9873023033e+00,2.4039113770e+03
2014,4.9604690075e-01,-4.9737697840e-01,-7.6122069359e+00,2.4038684082e+03
2015,4.9613881111e-01,-4.9728569388e-01,-7.1369843483e+00,2.4038256836e+03
2016,4.9596628547e-01,-4.9730601907e-01,-8.0275545120e+00,2.4037827148e+03
2017,4.9604237080e-01,-4.9725857377e-01,-7.4559268951e+00,2.4037395020e+03
2018,4.9596822262e-01,-4.9722644687e-01,-7.3917522430e+00,2.4036972656e+03
2019,4.9585941434e-01,-4.9725085497e-01,-7.6126513481e+00,2.4036538086e+03
2020,4.9591207504e-01,-4.9724683166e-01,-7.7987008095e+00,2.4036110840e+03
2021,4.9591541290e-01,-4.9722972512e-01,-7.0839691162e+00,2.4035688477e+03
2022,4.9577593803e-01,-4.9736225605e-01,-8.8022546768e+00,2.4035258789e+03
2023,4.9581822753e-01,-4.9728602171e-01,-6.7537312508e+00,2.4034829102e+03
2024,4.9581488967e-01,-4.9717962742e-01,-8.0528593063e+00,2.4034396973e+03
2025,4.9586912990e-01,-4.9728468060e-01,-6.8684024811e+00,2.4033964844e+03
2026,4.9582886696e-01,-4.9718964100e-01,-7.6806855202e+00,2.4033525391e+03
2027,4.9582976103e-01,-4.9718055129e-01,-7.4482994080e+00,2.4033095703e+03
2028,4.9588236213e-01,-4.9712619185e-01,-7.1560359001e+00,2.4032666016e+03
2029,4.9584633112e-01,-4.9713456631e-01,-7.6414866447e+00,2.4032238770e+03
2030,4.9580386281e-01,-4.9720481038e-01,-7.6936669350e+00,2.4031811523e+03
2031,4.9582988024e-01,-4.9720144272e-01,-7.1169171333e+00,2.4031374512e+03
2032,4.9583593011e-01,-4.9711543322e-01,-7.4407253265e+00,2.4030944824e+03
2033,4.9579149485e-01,-4.9718424678e-01,-7.7663784027e+00,2.4030512695e+03
2034,4.9576330185e-01,-4.9719014764e-01,-7.4288358688e+00,2.4030080566e+03
2035,4.9575489759e-01,-4.9717712402e-01,-7.4463720322e+00,2.4029655762e+03
2036,4.9577432871e-01,-4.9705865979e-01,-7.2453565598e+00,2.4029221191e+03
2037,4.9574449658e-01,-4.9713841081e-01,-7.6133804321e+00,2.4028789062e+03
2038,4.9575376511e-01,-4.9709379673e-01,-7.3171033859e+00,2.4028356934e+03
2039,4.9566856027e-01,-4.9712985754e-01,-7.5389399529e+00,2.4027919922e+03
2040,4.9571394920e-01,-4.9705919623e-01,-7.1210899353e+00,2.4027480469e+03
2041,4.9565795064e-01,-4.9709632993e-01,-7.4943084717e+00,2.4027048340e+03
2042,4.9564307928e-01,-4.9713945389e-01,-7.3068962097e+00,2.4026611328e+03
2043,4.9569183588e-01,-4.9706408381e-01,-7.1762337685e+00,2.4026186523e+03
2044,4.9563083053e-01,-4.9710133672e-01,-7.4866089821e+00,2.4025749512e+03
2045,4.9556392431e-01,-4.9710038304e-01,-7.4825630188e+00,2.4025312500e+03
2046,4.9556770921e-01,-4.9706980586e-01,-7.2703089714e+00,2.4024880371e+03
2047,4.9553370476e-01,-4.9707430601e-01,-7.3660187721e+00,2.4024440918e+03
2048,4.9556800723e-01,-4.9701273441e-01,-7.2825102806e+00,2.4024008789e+03
2049,4.9564144015e-01,-4.9711468816e-01,-7.6490578651e+00,2.4023579102e+03
2050,4.9563986063e-01,-4.9701231718e-01,-7.1255097389e+00,2.4023146973e+03
2051,4.9555999041e-01,-4.9701380730e-01,-7.4706697464e+00,2.4022702637e+03
2052,4.9551391602e-01,-4.9709486961e-01,-7.5335845947e+00,2.4022263184e+03
2053,4.9548947811e-01,-4.9702367187e-01,-7.0002279282e+00,2.4021826172e+03
2054,4.9544110894e-01,-4.9709570408e-01,-7.5869622231e+00,2.4021389160e+03
2055,4.9543845654e-01,-4.9687668681e-01,-6.8299131393e+00,2.4020961914e+03
2056,4.9551540613e-01,-4.9691763520e-01,-6.9725599289e+00,2.4020527344e+03
2057,4.9550482631e-01,-4.9695777893e-01,-7.3856182098e+00,2.4020095215e+03
2058,4.9552011490e-01,-4.9692118168e-01,-7.0231800079e+00,2.4019658203e+03
2059,4.9541682005e-01,-4.9690645933e-01,-7.5253896713e+00,2.4019208984e+03
2060,4.9547082186e-01,-4.9688711762e-01,-7.0897431374e+00,2.4018774414e+03
2061,4.9541628361e-01,-4.9688518047e-01,-7.1890659332e+00,2.4018334961e+03
2062,4.9537229538e-01,-4.9686142802e-01,-7.1506538391e+00,2.4017910156e+03
2063,4.9538987875e-01,-4.9687245488e-01,-7.3185615540e+00,2.4017478027e+03
2064,4.9540755153e-01,-4.9686187506e-01,-6.9060015678e+00,2.4017048340e+03
2065,4.9537435174e-01,-4.9686673284e-01,-7.4220752716e+00,2.4016611328e+03
2066,4.9530091882e-01,-4.9684357643e-01,-7.4105758667e+00,2.4016188965e+03
2067,4.9536788464e-01,-4.9684128165e-01,-6.8115139008e+00,2.4015751953e+03
2068,4.9530702829e-01,-4.9678370357e-01,-7.0684995651e+00,2.4015319824e+03
2069,4.9535784125e-01,-4.9677613378e-01,-7.0909209251e+00,2.4014882812e+03
2070,4.9529373646e-01,-4.9678346515e-01,-7.1736006737e+00,2.4014453125e+03
2071,4.9524042010e-01,-4.9678349495e-01,-7.2413883209e+00,2.4014016113e+03
2072,4.9532443285e-01,-4.9677276611e-01,-6.8187541962e+00,2.4013579102e+03
2073,4.9526453018e-01,-4.9679794908e-01,-7.4508562088e+00,2.4013151855e+03
2074,4.9524691701e-01,-4.9674433470e-01,-7.1512722969e+00,2.4012719727e+03
2075,4.9523946643e-01,-4.9671009183e-01,-7.0340652466e+00,2.4012292480e+03
2076,4.9522286654e-01,-4.9678149819e-01,-7.1435842514e+00,2.4011862793e+03
2077,4.9522358179e-01,-4.9672681093e-01,-7.0348777771e+00,2.4011420898e+03
2078,4.9524024129e-01,-4.9670085311e-01,-7.0157632828e+00,2.4010988770e+03
2079,4.9515208602e-01,-4.9675396085e-01,-7.2601580620e+00,2.4010551758e+03
2080,4.9512445927e-01,-4.9675941467e-01,-7.2348155975e+00,2.4010117188e+03
2081,4.9518838525e-01,-4.9667358398e-01,-6.6469435692e+00,2.4009692383e+03
2082,4.9513497949e-01,-4.9671640992e-01,-7.0424051285e+00,2.4009270020e+03
2083,4.9519398808e-01,-4.9668484926e-01,-7.0701723099e+00,2.4008840332e+03
2084,4.9515071511e-01,-4.9672320485e-01,-6.7771325111e+00,2.4008403320e+03
2085,4.9514269829e-01,-4.9671879411e-01,-7.1875095367e+00,2.4007976074e+03
2086,4.9511975050e-01,-4.9669209123e-01,-6.8856258392e+00,2.4007541504e+03
2087,4.9511280656e-01,-4.9666574597e-01,-7.1296343803e+00,2.4007116699e+03
2088,4.9509197474e-01,-4.9667260051e-01,-6.9595208168e+00,2.4006684570e+03
2089,4.9511513114e-01,-4.9667039514e-01,-6.9165844917e+00,2.4006245117e+03
2090,4.9514666200e-01,-4.9658542871e-01,-6.7850852013e+00,2.4005815430e+03
2091,4.9514210224e-01,-4.9662199616e-01,-6.9802422523e+00,2.4005380859e+03
2092,4.9515262246e-01,-4.9659630656e-01,-6.8553633690e+00,2.4004943848e+03
2093,4.9507230520e-01,-4.9663960934e-01,-7.2821378708e+00,2.4004514160e+03
2094,4.9512371421e-01,-4.9654966593e-01,-6.4320511818e+00,2.4004086914e+03
2095,4.9513709545e-01,-4.9659785628e-01,-6.9070792198e+00,2.4003652344e+03
2096,4.9503654242e-01,-4.9664348364e-01,-7.2707085609e+00,2.4003220215e+03
2097,4.9505388737e-01,-4.9655675888e-01,-6.6691308022e+00,2.4002783203e+03
2098,4.9504444003e-01,-4.9659600854e-01,-6.9643158913e+00,2.4002358398e+03
2099,4.9507352710e-01,-4.9661144614e-01,-6.7206993103e+00,2.4001938477e+03
2100,4.9502262473e-01,-4.9660131335e-01,-7.0707454681e+00,2.4001501465e+03
2101,4.9501982331e-01,-4.9660933018e-01,-6.7384018898e+00,2.4001069336e+03
2102,4.9499222636e-01,-4.9661394954e-01,-7.0322842598e+00,2.4000642090e+03
2103,4.9501374364e-01,-4.9652874470e-01,-6.5761251450e+00,2.4000195312e+03
2104,4.9486598372e-01,-4.9652937055e-01,-7.2100648880e+00,2.3999765625e+03
2105,4.9492415786e-01,-4.9648067355e-01,-6.4661450386e+00,2.3999340820e+03
2106,4.9495542049e-01,-4.9656143785e-01,-6.9381222725e+00,2.3998913574e+03
2107,4.9489337206e-01,-4.9653574824e-01,-6.9542679787e+00,2.3998488770e+03
2108,4.9485304952e-01,-4.9655520916e-01,-6.7961306572e+00,2.3998044434e+03
2109,4.9486258626e-01,-4.9653109908e-01,-6.7549304962e+00,2.3997617188e+03
2110,4.9480921030e-01,-4.9652090669e-01,-6.9781150818e+00,2.3997182617e+03
2111,4.9481686950e-01,-4.9650332332e-01,-6.7025561333e+00,2.3996755371e+03
2112,4.9484801292e-01,-4.9651667476e-01,-6.6320858002e+00,2.3996325684e+03
2113,4.9481713772e-01,-4.9649840593e-01,-6.9671769142e+00,2.3995898438e+03
2114,4.9484717846e-01,-4.9648061395e-01,-6.5641317368e+00,2.3995471191e+03
2115,4.9472102523e-01,-4.9647220969e-01,-7.0465478897e+00,2.3995039062e+03
2116,4.9461257458e-01,-4.9648359418e-01,-6.7325778008e+00,2.3994611816e+03
2117,4.9472552538e-01,-4.9649423361e-01,-6.8752427101e+00,2.3994184570e+03
2118,4.9473527074e-01,-4.9642097950e-01,-6.7545890808e+00,2.3993754883e+03
2119,4.9461552501e-01,-4.9646604061e-01,-6.7883114815e+00,2.3993334961e+03
2120,4.9469158053e-01,-4.9643576145e-01,-6.4442892075e+00,2.3992905273e+03
2121,4.9467608333e-01,-4.9643412232e-01,-6.9293661118e+00,2.3992487793e+03
2122,4.9469262362e-01,-4.9641650915e-01,-6.5088272095e+00,2.3992050781e+03
2123,4.9468147755e-01,-4.9639818072e-01,-6.6750392914e+00,2.3991633301e+03
2124,4.9459582567e-01,-4.9640491605e-01,-6.9480032921e+00,2.3991203613e+03
2125,4.9467402697e-01,-4.9635115266e-01,-6.2964200974e+00,2.3990773926e+03
2126,4.9465227127e-01,-4.9636790156e-01,-6.6172652245e+00,2.3990344238e+03
2127,4.9463251233e-01,-4.9638199806e-01,-6.8166141510e+00,2.3989924316e+03
2128,4.9460738897e-01,-4.9639505148e-01,-6.7440290451e+00,2.3989506836e+03
2129,4.9461901188e-01,-4.9633598328e-01,-6.2309951782e+00,2.3989077148e+03
2130,4.9458834529e-01,-4.9630886316e-01,-6.9450302124e+00,2.3988657227e+03
2131,4.9463167787e-01,-4.9634191394e-01,-6.2766880989e+00,2.3988234863e+03
2132,4.9458321929e-01,-4.9631753564e-01,-6.7471113205e+00,2.3987805176e+03
2133,4.9455380440e-01,-4.9629840255e-01,-6.6678915024e+00,2.3987377930e+03
2134,4.9454173446e-01,-4.9628701806e-01,-6.4450511932e+00,2.3986948242e+03
2135,4.9461403489e-01,-4.9628162384e-01,-6.4237337112e+00,2.3986523438e+03
2136,4.9455428123e-01,-4.9632668495e-01,-6.8746094704e+00,2.3986096191e+03
2137,4.9449515343e-01,-4.9627491832e-01,-6.5033426285e+00,2.3985678711e+03
2138,4.9451267719e-01,-4.9630793929e-01,-6.5485148430e+00,2.3985261230e+03
2139,4.9447420239e-01,-4.9627730250e-01,-6.6859974861e+00,2.3984836426e+03
2140,4.9446058273e-01,-4.9620392919e-01,-6.5606932640e+00,2.3984418945e+03
2141,4.9456250668e-01,-4.9619430304e-01,-5.9616851807e+00,2.3983991699e+03
2142,4.9452552199e-01,-4.9625733495e-01,-6.8121042252e+00,2.3983569336e+03
2143,4.9440062046e-01,-4.9623739719e-01,-6.7273244858e+00,2.3983149414e+03
2144,4.9440816045e-01,-4.9629494548e-01,-6.5999169350e+00,2.3982729492e+03
2145,4.9450594187e-01,-4.9616581202e-01,-5.9638810158e+00,2.3982307129e+03
2146,4.9443733692e-01,-4.9609854817e-01,-6.4521784782e+00,2.3981892090e+03
2147,4.9438858032e-01,-4.9624657631e-01,-6.8922486305e+00,2.3981464844e+03
2148,4.9436655641e-01,-4.9617180228e-01,-6.3496785164e+00,2.3981044922e+03
2149,4.9446618557e-01,-4.9612185359e-01,-6.0451059341e+00,2.3980620117e+03
2150,4.9437940121e-01,-4.9612715840e-01,-6.6641044617e+00,2.3980202637e+03
2151,4.9435770512e-01,-4.9622318149e-01,-6.4609260559e+00,2.3979787598e+03
2152,4.9439674616e-01,-4.9615672231e-01,-6.2370033264e+00,2.3979375000e+03
2153,4.9434477091e-01,-4.9617493153e-01,-6.5412931442e+00,2.3978952637e+03
2154,4.9430066347e-01,-4.9614375830e-01,-6.4676666260e+00,2.3978535156e+03
2155,4.9428108335e-01,-4.9616074562e-01,-6.6902446747e+00,2.3978110352e+03
2156,4.9432265759e-01,-4.9616444111e-01,-6.1121945381e+00,2.3977695312e+03
2157,4.9429443479e-01,-4.9611875415e-01,-6.4002628326e+00,2.3977270508e+03
2158,4.9432036281e-01,-4.9612408876e-01,-6.2524261475e+00,2.3976855469e+03
2159,4.9423766136e-01,-4.9614852667e-01,-6.8343687057e+00,2.3976433105e+03
2160,4.9423190951e-01,-4.9610024691e-01,-6.1045641899e+00,2.3976018066e+03
2161,4.9427333474e-01,-4.9611169100e-01,-6.1344251633e+00,2.3975595703e+03
2162,4.9423018098e-01,-4.9612706900e-01,-6.5418515205e+00,2.3975180664e+03
2163,4.9422478676e-01,-4.9610391259e-01,-6.2607374191e+00,2.3974758301e+03
2164,4.9421113729e-01,-4.9611872435e-01,-6.2702555656e+00,2.3974348145e+03
2165,4.9418926239e-01,-4.9608841538e-01,-6.4857969284e+00,2.3973930664e+03
2166,4.9421322346e-01,-4.9611061811e-01,-6.2860207558e+00,2.3973518066e+03
2167,4.9414899945e-01,-4.9610781670e-01,-6.4737648964e+00,2.3973095703e+03
2168,4.9417543411e-01,-4.9613016844e-01,-6.2963638306e+00,2.3972680664e+03
2169,4.9420306087e-01,-4.9609535933e-01,-6.2106790543e+00,2.3972268066e+03
2170,4.9418041110e-01,-4.9604621530e-01,-6.1727075577e+00,2.3971855469e+03
2171,4.9411290884e-01,-4.9613827467e-01,-6.4820265770e+00,2.3971437988e+03
2172,4.9414417148e-01,-4.9610307813e-01,-6.2068438530e+00,2.3971032715e+03
2173,4.9412095547e-01,-4.9610611796e-01,-6.2342548370e+00,2.3970627441e+03
2174,4.9405008554e-01,-4.9608007073e-01,-6.1487145424e+00,2.3970205078e+03
2175,4.9413341284e-01,-4.9605169892e-01,-6.2454643250e+00,2.3969797363e+03
2176,4.9411556125e-01,-4.9601790309e-01,-6.1314945221e+00,2.3969382324e+03
2177,4.9403110147e-01,-4.9612867832e-01,-6.6382970810e+00,2.3968964844e+03
2178,4.9408838153e-01,-4.9609506130e-01,-5.9704933167e+00,2.3968559570e+03
2179,4.9401772022e-01,-4.9613639712e-01,-6.4840750694e+00,2.3968156738e+03
2180,4.9397662282e-01,-4.9609309435e-01,-6.2608184814e+00,2.3967753906e+03
2181,4.9409067631e-01,-4.9600255489e-01,-5.6848177910e+00,2.3967346191e+03
2182,4.9401217699e-01,-4.9601969123e-01,-6.4150233269e+00,2.3966931152e+03
2183,4.9405059218e-01,-4.9596962333e-01,-5.9007439613e+00,2.3966518555e+03
2184,4.9408441782e-01,-4.9601915479e-01,-6.1496734619e+00,2.3966103516e+03
2185,4.9401649833e-01,-4.9596270919e-01,-6.4962296486e+00,2.3965708008e+03
2186,4.9408432841e-01,-4.9598035216e-01,-5.7788310051e+00,2.3965297852e+03
2187,4.9398741126e-01,-4.9605005980e-01,-6.2900676727e+00,2.3964895020e+03
2188,4.9385878444e-01,-4.9608978629e-01,-6.7410469055e+00,2.3964492188e+03
2189,4.9400588870e-01,-4.9594414234e-01,-5.4595322609e+00,2.3964084473e+03
2190,4.9394422770e-01,-4.9605795741e-01,-6.3320717812e+00,2.3963679199e+03
2191,4.9383896589e-01,-4.9606215954e-01,-6.3472213745e+00,2.3963276367e+03
2192,4.9386480451e-01,-4.9606949091e-01,-5.8954019547e+00,2.3962873535e+03
2193,4.9396967888e-01,-4.9595096707e-01,-5.9066233635e+00,2.3962480469e+03
2194,4.9383935332e-01,-4.9599969387e-01,-6.3434305191e+00,2.3962082520e+03
2195,4.9388360977e-01,-4.9602115154e-01,-5.7281885147e+00,2.3961674805e+03
2196,4.9381995201e-01,-4.9601390958e-01,-6.3651137352e+00,2.3961269531e+03
2197,4.9383306503e-01,-4.9598345160e-01,-6.1743903160e+00,2.3960861816e+03
2198,4.9386781454e-01,-4.9600508809e-01,-5.7844276428e+00,2.3960476074e+03
2199,4.9379646778e-01,-4.9600568414e-01,-6.4026503563e+00,2.3960085449e+03
2200,4.9382773042e-01,-4.9600684643e-01,-5.8832821846e+00,2.3959685059e+03
2201,4.9383702874e-01,-4.9596422911e-01,-5.8804717064e+00,2.3959284668e+03
2202,4.9384370446e-01,-4.9594601989e-01,-5.9431109428e+00,2.3958881836e+03
2203,4.9382078648e-01,-4.9600058794e-01,-6.4001069069e+00,2.3958476562e+03
2204,4.9383324385e-01,-4.9595391750e-01,-5.9738879204e+00,2.3958088379e+03
2205,4.9377754331e-01,-4.9594637752e-01,-6.0619025230e+00,2.3957685547e+03
2206,4.9375063181e-01,-4.9598503113e-01,-6.1022262573e+00,2.3957297363e+03
2207,4.9375975132e-01,-4.9594843388e-01,-5.9041318893e+00,2.3956901855e+03
2208,4.9376165867e-01,-4.9595004320e-01,-5.8409633636e+00,2.3956506348e+03
2209,4.9375340343e-01,-4.9595233798e-01,-6.2087769508e+00,2.3956105957e+03
2210,4.9372220039e-01,-4.9595150352e-01,-5.9253034592e+00,2.3955700684e+03
2211,4.9370652437e-01,-4.9590316415e-01,-6.0470423698e+00,2.3955322266e+03
2212,4.9371799827e-01,-4.9591723084e-01,-5.8711271286e+00,2.3954929199e+03
2213,4.9365878105e-01,-4.9596634507e-01,-6.2546482086e+00,2.3954538574e+03
2214,4.9365097284e-01,-4.9596533179e-01,-5.8063960075e+00,2.3954150391e+03
2215,4.9369502068e-01,-4.9581259489e-01,-5.6162319183e+00,2.3953757324e+03
2216,4.9366691709e-01,-4.9588629603e-01,-6.1163291931e+00,2.3953361816e+03
2217,4.9364528060e-01,-4.9595656991e-01,-6.0305171013e+00,2.3952973633e+03
2218,4.9365454912e-01,-4.9581789970e-01,-5.5452275276e+00,2.3952585449e+03
2219,4.9362373352e-01,-4.9594855309e-01,-6.2195320129e+00,2.3952194824e+03
2220,4.9361443520e-01,-4.9595233798e-01,-5.9526834488e+00,2.3951806641e+03
2221,4.9366444349e-01,-4.9583485723e-01,-5.7295904160e+00,2.3951413574e+03
2222,4.9357858300e-01,-4.9589541554e-01,-6.1345691681e+00,2.3951027832e+03
2223,4.9362289906e-01,-4.9592402577e-01,-5.7630434036e+00,2.3950634766e+03
2224,4.9353703856e-01,-4.9593532085e-01,-6.1883788109e+00,2.3950249023e+03
2225,4.9356880784e-01,-4.9594241381e-01,-5.6694984436e+00,2.3949860840e+03
2226,4.9353259802e-01,-4.9594685435e-01,-5.8527970314e+00,2.3949477539e+03
2227,4.9354070425e-01,-4.9592939019e-01,-5.8779778481e+00,2.3949089355e+03
2228,4.9353966117e-01,-4.9596491456e-01,-5.9481182098e+00,2.3948706055e+03
2229,4.9345615506e-01,-4.9591475725e-01,-5.8018932343e+00,2.3948317871e+03
2230,4.9357995391e-01,-4.9588245153e-01,-5.4255018234e+00,2.3947937012e+03
2231,4.9358373880e-01,-4.9586117268e-01,-6.1046614647e+00,2.3947563477e+03
2232,4.9348029494e-01,-4.9587333202e-01,-5.8464922905e+00,2.3947185059e+03
2233,4.9350842834e-01,-4.9585098028e-01,-5.8284654617e+00,2.3946806641e+03
2234,4.9349114299e-01,-4.9587455392e-01,-5.6312541962e+00,2.3946420898e+03
2235,4.9354559183e-01,-4.9584862590e-01,-5.6744704247e+00,2.3946040039e+03
2236,4.9346107244e-01,-4.9586847425e-01,-6.0229082108e+00,2.3945651855e+03
2237,4.9343946576e-01,-4.9582210183e-01,-5.8517065048e+00,2.3945273438e+03
2238,4.9343463778e-01,-4.9585399032e-01,-5.8415694237e+00,2.3944892578e+03
2239,4.9350658059e-01,-4.9582448602e-01,-5.5370779037e+00,2.3944521484e+03
2240,4.9340498447e-01,-4.9577656388e-01,-6.1936120987e+00,2.3944145508e+03
2241,4.9346038699e-01,-4.9582508206e-01,-5.4650812149e+00,2.3943774414e+03
2242,4.9346688390e-01,-4.9580264091e-01,-5.7351531982e+00,2.3943391113e+03
2243,4.9347576499e-01,-4.9577027559e-01,-5.6689300537e+00,2.3943015137e+03
2244,4.9343204498e-01,-4.9574485421e-01,-5.8515458107e+00,2.3942634277e+03
2245,4.9336904287e-01,-4.9579972029e-01,-6.1121511459e+00,2.3942270508e+03
2246,4.9340119958e-01,-4.9578219652e-01,-5.2703585625e+00,2.3941889648e+03
2247,4.9341696501e-01,-4.9568778276e-01,-5.6499505043e+00,2.3941518555e+03
2248,4.9332216382e-01,-4.9580532312e-01,-6.2134056091e+00,2.3941152344e+03
2249,4.9335911870e-01,-4.9572369456e-01,-5.4055848122e+00,2.3940778809e+03
2250,4.9333322048e-01,-4.9577292800e-01,-5.7474589348e+00,2.3940407715e+03
2251,4.9338963628e-01,-4.9565899372e-01,-5.2726292610e+00,2.3940034180e+03
2252,4.9332553148e-01,-4.9570971727e-01,-5.9272546768e+00,2.3939663086e+03
2253,4.9327826500e-01,-4.9580201507e-01,-5.9979410172e+00,2.3939282227e+03
2254,4.9329948425e-01,-4.9575901031e-01,-5.5288319588e+00,2.3938925781e+03
2255,4.9325728416e-01,-4.9581897259e-01,-5.8901920319e+00,2.3938562012e+03
2256,4.9324062467e-01,-4.9581444263e-01,-5.7894182205e+00,2.3938190918e+03
2257,4.9327012897e-01,-4.9572360516e-01,-5.5748710632e+00,2.3937832031e+03
2258,4.9325338006e-01,-4.9576932192e-01,-5.6490759850e+00,2.3937460938e+03
2259,4.9321717024e-01,-4.9577239156e-01,-5.7733440399e+00,2.3937094727e+03
2260,4.9327328801e-01,-4.9570861459e-01,-5.4680638313e+00,2.3936730957e+03
2261,4.9319925904e-01,-4.9577674270e-01,-5.9450149536e+00,2.3936369629e+03
2262,4.9323907495e-01,-4.9568027258e-01,-5.8113451004e+00,2.3936010742e+03
2263,4.9322351813e-01,-4.9569916725e-01,-5.1231794357e+00,2.3935646973e+03
2264,4.9320709705e-01,-4.9565184116e-01,-5.8686695099e+00,2.3935273438e+03
2265,4.9320289493e-01,-4.9561434984e-01,-5.2144956589e+00,2.3934907227e+03
2266,4.9311923981e-01,-4.9570569396e-01,-6.0772724152e+00,2.3934550781e+03
2267,4.9321618676e-01,-4.9557384849e-01,-5.1077795029e+00,2.3934187012e+03
2268,4.9318346381e-01,-4.9557566643e-01,-5.5375609398e+00,2.3933837891e+03
2269,4.9314370751e-01,-4.9565166235e-01,-5.8078494072e+00,2.3933479004e+03
2270,4.9316278100e-01,-4.9561831355e-01,-5.7450351715e+00,2.3933127441e+03
2271,4.9314284325e-01,-4.9562805891e-01,-5.2345108986e+00,2.3932756348e+03
2272,4.9312272668e-01,-4.9568328261e-01,-6.1991949081e+00,2.3932399902e+03
2273,4.9316203594e-01,-4.9556708336e-01,-4.8509988785e+00,2.3932045898e+03
2274,4.9312359095e-01,-4.9561014771e-01,-5.8604526520e+00,2.3931691895e+03
2275,4.9310928583e-01,-4.9558246136e-01,-5.5729970932e+00,2.3931337891e+03
2276,4.9307975173e-01,-4.9562376738e-01,-5.6038603783e+00,2.3930983887e+03
2277,4.9310791492e-01,-4.9564179778e-01,-5.5563673973e+00,2.3930629883e+03
2278,4.9305623770e-01,-4.9562537670e-01,-5.4409894943e+00,2.3930270996e+03
2279,4.9303975701e-01,-4.9557012320e-01,-5.8556575775e+00,2.3929916992e+03
2280,4.9303230643e-01,-4.9561101198e-01,-5.3025097847e+00,2.3929562988e+03
2281,4.9304997921e-01,-4.9558082223e-01,-5.7409691811e+00,2.3929216309e+03
2282,4.9308332801e-01,-4.9550655484e-01,-5.2395930290e+00,2.3928867188e+03
2283,4.9303701520e-01,-4.9565210938e-01,-5.9606361389e+00,2.3928522949e+03
2284,4.9304127693e-01,-4.9555715919e-01,-5.2832708359e+00,2.3928173828e+03
2285,4.9303007126e-01,-4.9562230706e-01,-5.7359452248e+00,2.3927817383e+03
2286,4.9295738339e-01,-4.9566942453e-01,-5.0246939659e+00,2.3927463379e+03
2287,4.9310049415e-01,-4.9550381303e-01,-5.3325233459e+00,2.3927116699e+03
2288,4.9294888973e-01,-4.9565121531e-01,-5.6288518906e+00,2.3926772461e+03
2289,4.9303805828e-01,-4.9557784200e-01,-5.6072716713e+00,2.3926425781e+03
2290,4.9293977022e-01,-4.9562954903e-01,-5.4620695114e+00,2.3926083984e+03
2291,4.9300006032e-01,-4.9564465880e-01,-5.8871665001e+00,2.3925734863e+03
2292,4.9296480417e-01,-4.9561443925e-01,-5.1269989014e+00,2.3925393066e+03
2293,4.9296522141e-01,-4.9558094144e-01,-5.4976201057e+00,2.3925046387e+03
2294,4.9297693372e-01,-4.9552750587e-01,-5.3278641701e+00,2.3924702148e+03
2295,4.9287283421e-01,-4.9563160539e-01,-6.1646022797e+00,2.3924365234e+03
2296,4.9296924472e-01,-4.9551224709e-01,-4.6340117455e+00,2.3924030762e+03
2297,4.9294224381e-01,-4.9554127455e-01,-5.5657615662e+00,2.3923688965e+03
2298,4.9291574955e-01,-4.9567395449e-01,-5.7517404556e+00,2.3923347168e+03
2299,4.9293756485e-01,-4.9557757378e-01,-5.2021756172e+00,2.3923007812e+03
2300,4.9295786023e-01,-4.9549368024e-01,-5.3063774109e+00,2.3922668457e+03
2301,4.9287891388e-01,-4.9561235309e-01,-5.6148505211e+00,2.3922336426e+03
2302,4.9297890067e-01,-4.9549397826e-01,-4.9424939156e+00,2.3921999512e+03
2303,4.9287253618e-01,-4.9559515715e-01,-6.1914124489e+00,2.3921665039e+03
2304,4.9283888936e-01,-4.9554306269e-01,-4.8309025764e+00,2.3921328125e+03
2305,4.9297976494e-01,-4.9542978406e-01,-5.6872782707e+00,2.3920998535e+03
2306,4.9284446239e-01,-4.9557423592e-01,-5.2344884872e+00,2.3920661621e+03
2307,4.9288845062e-01,-4.9548852444e-01,-5.7788076401e+00,2.3920322266e+03
2308,4.9282559752e-01,-4.9551194906e-01,-5.0758433342e+00,2.3919995117e+03
2309,4.9285727739e-01,-4.9548316002e-01,-5.3546752930e+00,2.3919660645e+03
2310,4.9286347628e-01,-4.9553525448e-01,-5.5117411613e+00,2.3919331055e+03
2311,4.9286022782e-01,-4.9548470974e-01,-5.2527160645e+00,2.3919001465e+03
2312,4.9279719591e-01,-4.9550184608e-01,-5.6848196983e+00,2.3918671875e+03
2313,4.9280768633e-01,-4.9554216862e-01,-5.1370997429e+00,2.3918344727e+03
2314,4.9276909232e-01,-4.9552476406e-01,-5.4380025864e+00,2.3918010254e+03
2315,4.9276533723e-01,-4.9552258849e-01,-5.2710385323e+00,2.3917680664e+03
2316,4.9272218347e-01,-4.9552872777e-01,-5.4077382088e+00,2.3917351074e+03
2317,4.9267792702e-01,-4.9560567737e-01,-5.3126602173e+00,2.3917016602e+03
2318,4.9267891049e-01,-4.9554690719e-01,-5.4884963036e+00,2.3916691895e+03
2319,4.9259206653e-01,-4.9559563398e-01,-5.5831127167e+00,2.3916372070e+03
2320,4.9269804358e-01,-4.9552252889e-01,-4.6505856514e+00,2.3916057129e+03
2321,4.9265021086e-01,-4.9545297027e-01,-6.1232280731e+00,2.3915732422e+03
2322,4.9262943864e-01,-4.9548956752e-01,-4.4921264648e+00,2.3915412598e+03
2323,4.9262651801e-01,-4.9544024467e-01,-6.0474534035e+00,2.3915092773e+03
2324,4.9258795381e-01,-4.9546515942e-01,-4.8276681900e+00,2.3914765625e+03
2325,4.9265968800e-01,-4.9550050497e-01,-5.6873812675e+00,2.3914445801e+03
2326,4.9258834124e-01,-4.9542519450e-01,-4.9321088791e+00,2.3914128418e+03
2327,4.9255415797e-01,-4.9545189738e-01,-5.5110764503e+00,2.3913808594e+03
2328,4.9262040854e-01,-4.9542263150e-01,-5.1734504700e+00,2.3913491211e+03
2329,4.9249741435e-01,-4.9549055099e-01,-5.6746177673e+00,2.3913168945e+03
2330,4.9252271652e-01,-4.9553552270e-01,-5.3108673096e+00,2.3912861328e+03
2331,4.9251407385e-01,-4.9550136924e-01,-4.9032578468e+00,2.3912551270e+03
2332,4.9258133769e-01,-4.9545812607e-01,-5.3763890266e+00,2.3912236328e+03
2333,4.9244424701e-01,-4.9559515715e-01,-5.6898622513e+00,2.3911926270e+03
2334,4.9243408442e-01,-4.9554362893e-01,-5.0950393677e+00,2.3911604004e+03
2335,4.9254217744e-01,-4.9535971880e-01,-4.8400859833e+00,2.3911291504e+03
2336,4.9252471328e-01,-4.9550610781e-01,-5.4777102470e+00,2.3910991211e+03
2337,4.9252203107e-01,-4.9541354179e-01,-4.8909120560e+00,2.3910686035e+03
2338,4.9248540401e-01,-4.9543926120e-01,-5.7307229042e+00,2.3910373535e+03
2339,4.9240460992e-01,-4.9560552835e-01,-5.4500632286e+00,2.3910068359e+03
2340,4.9252071977e-01,-4.9540549517e-01,-4.9066743851e+00,2.3909763184e+03
2341,4.9247163534e-01,-4.9553102255e-01,-5.3639521599e+00,2.3909448242e+03
2342,4.9243354797e-01,-4.9556910992e-01,-5.4741969109e+00,2.3909143066e+03
2343,4.9242058396e-01,-4.9560606480e-01,-5.0458149910e+00,2.3908845215e+03
2344,4.9247300625e-01,-4.9542713165e-01,-5.1482186317e+00,2.3908549805e+03
2345,4.9246826768e-01,-4.9545872211e-01,-4.8776984215e+00,2.3908247070e+03
2346,4.9240785837e-01,-4.9556392431e-01,-5.5485186577e+00,2.3907951660e+03
2347,4.9245396256e-01,-4.9549418688e-01,-4.8601341248e+00,2.3907646484e+03
2348,4.9241858721e-01,-4.9554738402e-01,-5.4955496788e+00,2.3907341309e+03
2349,4.9241390824e-01,-4.9552100897e-01,-5.0697269440e+00,2.3907038574e+03
2350,4.9246686697e-01,-4.9548518658e-01,-5.0449948311e+00,2.3906735840e+03
2351,4.9245241284e-01,-4.9548590183e-01,-5.9218907356e+00,2.3906447754e+03
2352,4.9244263768e-01,-4.9552005529e-01,-4.7105975151e+00,2.3906152344e+03
2353,4.9249315262e-01,-4.9548846483e-01,-5.4883480072e+00,2.3905856934e+03
2354,4.9240729213e-01,-4.9551367760e-01,-5.2445325851e+00,2.3905559082e+03
2355,4.9244767427e-01,-4.9549469352e-01,-5.2189068794e+00,2.3905258789e+03
2356,4.9253815413e-01,-4.9545192719e-01,-5.2617492676e+00,2.3904968262e+03
2357,4.9240320921e-01,-4.9548155069e-01,-5.1244883537e+00,2.3904667969e+03
2358,4.9245133996e-01,-4.9549704790e-01,-4.9875702858e+00,2.3904375000e+03
2359,4.9250170588e-01,-4.9548107386e-01,-5.2805485725e+00,2.3904086914e+03
2360,4.9241515994e-01,-4.9552816153e-01,-5.2112207413e+00,2.3903791504e+03
2361,4.9247685075e-01,-4.9550879002e-01,-5.1005349159e+00,2.3903498535e+03
2362,4.9242502451e-01,-4.9547958374e-01,-5.0844607353e+00,2.3903208008e+03
2363,4.9237716198e-01,-4.9553722143e-01,-5.1538877487e+00,2.3902917480e+03
2364,4.9236273766e-01,-4.9550950527e-01,-5.1525673866e+00,2.3902631836e+03
2365,4.9238127470e-01,-4.9552339315e-01,-5.4823627472e+00,2.3902346191e+03
2366,4.9237045646e-01,-4.9549612403e-01,-4.6381359100e+00,2.3902062988e+03
2367,4.9236613512e-01,-4.9547606707e-01,-5.3113608360e+00,2.3901770020e+03
2368,4.9235600233e-01,-4.9544909596e-01,-5.5499014854e+00,2.3901489258e+03
2369,4.9237614870e-01,-4.9549758434e-01,-4.6686902046e+00,2.3901198730e+03
2370,4.9242690206e-01,-4.9544772506e-01,-4.6705956459e+00,2.3900915527e+03
2371,4.9232155085e-01,-4.9556329846e-01,-5.8050637245e+00,2.3900629883e+03
2372,4.9234363437e-01,-4.9543145299e-01,-4.5609040260e+00,2.3900346680e+03
2373,4.9237707257e-01,-4.9543517828e-01,-5.2307233810e+00,2.3900065918e+03
2374,4.9240896106e-01,-4.9547559023e-01,-4.6388726234e+00,2.3899782715e+03
2375,4.9238774180e-01,-4.9542206526e-01,-5.5732059479e+00,2.3899497070e+03
2376,4.9229571223e-01,-4.9553409219e-01,-5.0643362999e+00,2.3899218750e+03
2377,4.9220398068e-01,-4.9560698867e-01,-5.8034362793e+00,2.3898945312e+03
2378,4.9231293797e-01,-4.9554407597e-01,-4.7842812538e+00,2.3898666992e+03
2379,4.9232348800e-01,-4.9542772770e-01,-4.7585763931e+00,2.3898395996e+03
2380,4.9216464162e-01,-4.9554651976e-01,-5.9399061203e+00,2.3898107910e+03
2381,4.9226066470e-01,-4.9553492665e-01,-4.6097011566e+00,2.3897836914e+03
2382,4.9227663875e-01,-4.9546709657e-01,-4.8318958282e+00,2.3897553711e+03
2383,4.9214595556e-01,-4.9551603198e-01,-5.6190495491e+00,2.3897285156e+03
2384,4.9215021729e-01,-4.9551132321e-01,-5.0130839348e+00,2.3897001953e+03
2385,4.9216589332e-01,-4.9547907710e-01,-4.9415378571e+00,2.3896730957e+03
2386,4.9216738343e-01,-4.9544155598e-01,-5.0036835670e+00,2.3896459961e+03
2387,4.9217355251e-01,-4.9543735385e-01,-5.0974636078e+00,2.3896191406e+03
2388,4.9212625623e-01,-4.9552947283e-01,-5.1322221756e+00,2.3895917969e+03
2389,4.9215552211e-01,-4.9549573660e-01,-5.1913323402e+00,2.3895646973e+03
2390,4.9223205447e-01,-4.9546498060e-01,-4.3345923424e+00,2.3895368652e+03
2391,4.9201977253e-01,-4.9566352367e-01,-6.2347984314e+00,2.3895102539e+03
2392,4.9217694998e-01,-4.9537959695e-01,-3.9704082012e+00,2.3894831543e+03
2393,4.9206867814e-01,-4.9549543858e-01,-5.7305073738e+00,2.3894560547e+03
2394,4.9214589596e-01,-4.9541273713e-01,-4.4784669876e+00,2.3894289551e+03
2395,4.9204659462e-01,-4.9552243948e-01,-5.4389004707e+00,2.3894025879e+03
2396,4.9210995436e-01,-4.9545696378e-01,-4.7822775841e+00,2.3893759766e+03
2397,4.9206307530e-01,-4.9547442794e-01,-4.8408579826e+00,2.3893500977e+03
2398,4.9209254980e-01,-4.9544668198e-01,-5.0160961151e+00,2.3893227539e+03
2399,4.9204367399e-01,-4.9541625381e-01,-4.9338016510e+00,2.3892958984e+03
2400,4.9206629395e-01,-4.9543979764e-01,-4.9702949524e+00,2.3892687988e+03
2401,4.9203744531e-01,-4.9542877078e-01,-5.0404500961e+00,2.3892416992e+03
2402,4.9206838012e-01,-4.9541124701e-01,-5.0362930298e+00,2.3892167969e+03
2403,4.9212604761e-01,-4.9544727802e-01,-5.3450965881e+00,2.3891904297e+03
2404,4.9206140637e-01,-4.9541833997e-01,-4.4639949799e+00,2.3891650391e+03
2405,4.9202758074e-01,-4.9542087317e-01,-5.4331078529e+00,2.3891391602e+03
2406,4.9203741550e-01,-4.9545282125e-01,-4.8137559891e+00,2.3891123047e+03
2407,4.9199998379e-01,-4.9546557665e-01,-4.9933342934e+00,2.3890856934e+03
2408,4.9195480347e-01,-4.9545243382e-01,-5.2927937508e+00,2.3890595703e+03
2409,4.9201360345e-01,-4.9541488290e-01,-4.7208056450e+00,2.3890339355e+03
2410,4.9197888374e-01,-4.9550595880e-01,-5.0686202049e+00,2.3890083008e+03
2411,4.9197486043e-01,-4.9543398619e-01,-4.8356781006e+00,2.3889824219e+03
2412,4.9207320809e-01,-4.9538296461e-01,-4.6289639473e+00,2.3889570312e+03
2413,4.9184477329e-01,-4.9555265903e-01,-5.9737343788e+00,2.3889318848e+03
2414,4.9188271165e-01,-4.9549362063e-01,-4.7387156487e+00,2.3889057617e+03
2415,4.9190372229e-01,-4.9545383453e-01,-4.8025860786e+00,2.3888796387e+03
2416,4.9201622605e-01,-4.9537456036e-01,-4.5274987221e+00,2.3888537598e+03
2417,4.9197337031e-01,-4.9540391564e-01,-4.9616346359e+00,2.3888286133e+03
2418,4.9189999700e-01,-4.9544897676e-01,-5.3778495789e+00,2.3888032227e+03
2419,4.9192398787e-01,-4.9547609687e-01,-4.8149108887e+00,2.3887788086e+03
2420,4.9200332165e-01,-4.9539959431e-01,-4.2311811447e+00,2.3887548828e+03
2421,4.9195909500e-01,-4.9540242553e-01,-5.2582254410e+00,2.3887287598e+03
2422,4.9184057117e-01,-4.9543401599e-01,-5.4297356606e+00,2.3887033691e+03
2423,4.9196776748e-01,-4.9549102783e-01,-4.7384090424e+00,2.3886789551e+03
2424,4.9194768071e-01,-4.9550455809e-01,-4.8963928223e+00,2.3886545410e+03
2425,4.9192705750e-01,-4.9553966522e-01,-5.2481069565e+00,2.3886298828e+03
2426,4.9190300703e-01,-4.9551713467e-01,-4.8511552811e+00,2.3886047363e+03
2427,4.9191132188e-01,-4.9552965164e-01,-5.0975480080e+00,2.3885800781e+03
2428,4.9191430211e-01,-4.9550104141e-01,-4.9992489815e+00,2.3885561523e+03
2429,4.9192753434e-01,-4.9540248513e-01,-4.4547524452e+00,2.3885322266e+03
2430,4.9196359515e-01,-4.9541723728e-01,-5.0620884895e+00,2.3885080566e+03
2431,4.9186944962e-01,-4.9550440907e-01,-5.2076525688e+00,2.3884833984e+03
2432,4.9185487628e-01,-4.9552431703e-01,-4.9985537529e+00,2.3884589844e+03
2433,4.9191978574e-01,-4.9546954036e-01,-4.5823187828e+00,2.3884353027e+03
2434,4.9194318056e-01,-4.9546089768e-01,-4.7073192596e+00,2.3884111328e+03
2435,4.9191197753e-01,-4.9546667933e-01,-4.8846998215e+00,2.3883874512e+03
2436,4.9185502529e-01,-4.9552065134e-01,-5.1471834183e+00,2.3883632812e+03
2437,4.9191758037e-01,-4.9548467994e-01,-4.6357660294e+00,2.3883400879e+03
2438,4.9187710881e-01,-4.9550333619e-01,-5.1347160339e+00,2.3883168945e+03
2439,4.9183204770e-01,-4.9555405974e-01,-5.0555710793e+00,2.3882924805e+03
2440,4.9188435078e-01,-4.9548569322e-01,-4.5886902809e+00,2.3882685547e+03
2441,4.9188941717e-01,-4.9554532766e-01,-5.0587010384e+00,2.3882453613e+03
2442,4.9191918969e-01,-4.9552762508e-01,-4.9437522888e+00,2.3882219238e+03
2443,4.9193924665e-01,-4.9552619457e-01,-4.7092442513e+00,2.3881984863e+03
2444,4.9187225103e-01,-4.9554294348e-01,-5.1302199364e+00,2.3881752930e+03
2445,4.9191102386e-01,-4.9555054307e-01,-4.8156256676e+00,2.3881520996e+03
2446,4.9189990759e-01,-4.9556395411e-01,-5.0992937088e+00,2.3881289062e+03
2447,4.9184915423e-01,-4.9554917216e-01,-5.0312495232e+00,2.3881052246e+03
2448,4.9188911915e-01,-4.9550518394e-01,-4.7150087357e+00,2.3880815430e+03
2449,4.9190703034e-01,-4.9555498362e-01,-4.7376227379e+00,2.3880585938e+03
2450,4.9190402031e-01,-4.9556562304e-01,-4.8756318092e+00,2.3880351562e+03
2451,4.9190899730e-01,-4.9552831054e-01,-4.7680220604e+00,2.3880124512e+03
2452,4.9192270637e-01,-4.9554643035e-01,-4.7027573586e+00,2.3879887695e+03
2453,4.9196261168e-01,-4.9552276731e-01,-4.7303848267e+00,2.3879658203e+03
2454,4.9190291762e-01,-4.9557515979e-01,-5.2235445976e+00,2.3879426270e+03
2455,4.9192413688e-01,-4.9554669857e-01,-4.4421749115e+00,2.3879191895e+03
2456,4.9189805984e-01,-4.9557387829e-01,-5.0053453445e+00,2.3878967285e+03
2457,4.9192073941e-01,-4.9556070566e-01,-4.8512878418e+00,2.3878745117e+03
2458,4.9188670516e-01,-4.9555259943e-01,-4.7841243744e+00,2.3878513184e+03
2459,4.9192294478e-01,-4.9554151297e-01,-4.8945593834e+00,2.3878286133e+03
2460,4.9191078544e-01,-4.9551570415e-01,-4.7774901390e+00,2.3878056641e+03
2461,4.9188974500e-01,-4.9548447132e-01,-4.8997097015e+00,2.3877824707e+03
2462,4.9191683531e-01,-4.9556180835e-01,-5.1370019913e+00,2.3877592773e+03
2463,4.9185705185e-01,-4.9555301666e-01,-4.7967963219e+00,2.3877377930e+03
2464,4.9186348915e-01,-4.9560081959e-01,-5.1668558121e+00,2.3877163086e+03
2465,4.9186363816e-01,-4.9563106894e-01,-4.8180294037e+00,2.3876943359e+03
2466,4.9188515544e-01,-4.9548950791e-01,-4.2858886719e+00,2.3876723633e+03
2467,4.9185374379e-01,-4.9552372098e-01,-4.7579035759e+00,2.3876499023e+03
2468,4.9183830619e-01,-4.9561312795e-01,-5.1408872604e+00,2.3876271973e+03
2469,4.9182459712e-01,-4.9556931853e-01,-4.6362800598e+00,2.3876049805e+03
2470,4.9184775352e-01,-4.9558016658e-01,-4.7925572395e+00,2.3875827637e+03
2471,4.9180221558e-01,-4.9560663104e-01,-4.8948483467e+00,2.3875605469e+03
2472,4.9189454317e-01,-4.9561238289e-01,-4.6813230515e+00,2.3875388184e+03
2473,4.9185734987e-01,-4.9554026127e-01,-4.5934333801e+00,2.3875153809e+03
2474,4.9178692698e-01,-4.9563321471e-01,-5.3196630478e+00,2.3874941406e+03
2475,4.9184137583e-01,-4.9558719993e-01,-4.4726333618e+00,2.3874726562e+03
2476,4.9180316925e-01,-4.9556308985e-01,-4.8481893539e+00,2.3874506836e+03
2477,4.9180069566e-01,-4.9561840296e-01,-4.9430332184e+00,2.3874279785e+03
2478,4.9171352386e-01,-4.9563199282e-01,-5.0206227303e+00,2.3874062500e+03
2479,4.9177253246e-01,-4.9563369155e-01,-4.7680897713e+00,2.3873847656e+03
2480,4.9182283878e-01,-4.9559652805e-01,-4.6161704063e+00,2.3873613281e+03
2481,4.9175763130e-01,-4.9562811852e-01,-4.9030618668e+00,2.3873400879e+03
2482,4.9179005623e-01,-4.9559694529e-01,-4.6826586723e+00,2.3873186035e+03
2483,4.9176710844e-01,-4.9565103650e-01,-5.0160975456e+00,2.3872978516e+03
2484,4.9181729555e-01,-4.9561488628e-01,-4.3182892799e+00,2.3872763672e+03
2485,4.9180850387e-01,-4.9560311437e-01,-4.7369670868e+00,2.3872551270e+03
2486,4.9176296592e-01,-4.9566107988e-01,-4.8482789993e+00,2.3872333984e+03
2487,4.9178144336e-01,-4.9563530087e-01,-4.6444120407e+00,2.3872119141e+03
2488,4.9176681042e-01,-4.9563959241e-01,-4.9630961418e+00,2.3871899414e+03
2489,4.9173805118e-01,-4.9567440152e-01,-4.8156566620e+00,2.3871694336e+03
2490,4.9180245399e-01,-4.9563091993e-01,-4.4497442245e+00,2.3871486816e+03
2491,4.9174961448e-01,-4.9565911293e-01,-5.0785722733e+00,2.3871274414e+03
2492,4.9175104499e-01,-4.9571216106e-01,-5.0726933479e+00,2.3871064453e+03
2493,4.9179211259e-01,-4.9564522505e-01,-4.2934656143e+00,2.3870856934e+03
2494,4.9172627926e-01,-4.9564900994e-01,-5.0639357567e+00,2.3870646973e+03
2495,4.9182045460e-01,-4.9560093880e-01,-4.3369178772e+00,2.3870434570e+03
2496,4.9174880981e-01,-4.9563050270e-01,-5.0386972427e+00,2.3870234375e+03
2497,4.9172988534e-01,-4.9574461579e-01,-4.9693632126e+00,2.3870029297e+03
2498,4.9169468880e-01,-4.9570566416e-01,-4.6962609291e+00,2.3869821777e+03
2499,4.9173930287e-01,-4.9572634697e-01,-4.5082697868e+00,2.3869616699e+03
2500,4.9175995588e-01,-4.9570214748e-01,-4.7011122704e+00,2.3869404297e+03
2501,4.9171641469e-01,-4.9570009112e-01,-4.7843375206e+00,2.3869191895e+03
2502,4.9174129963e-01,-4.9571216106e-01,-4.5878472328e+00,2.3868994141e+03
2503,4.9168887734e-01,-4.9571597576e-01,-4.9183669090e+00,2.3868781738e+03
2504,4.9172291160e-01,-4.9575987458e-01,-4.6468853951e+00,2.3868574219e+03
2505,4.9169439077e-01,-4.9572017789e-01,-4.8129787445e+00,2.3868364258e+03
2506,4.9170804024e-01,-4.9573138356e-01,-4.9821176529e+00,2.3868159180e+03
2507,4.9174407125e-01,-4.9578630924e-01,-4.6128263474e+00,2.3867956543e+03
2508,4.9168619514e-01,-4.9578607082e-01,-4.9452672005e+00,2.3867758789e+03
2509,4.9167671800e-01,-4.9580195546e-01,-4.7171297073e+00,2.3867563477e+03
2510,4.9168223143e-01,-4.9579456449e-01,-4.7397227287e+00,2.3867358398e+03
2511,4.9170657992e-01,-4.9578350782e-01,-4.6929779053e+00,2.3867160645e+03
2512,4.9168798327e-01,-4.9579045177e-01,-4.6193928719e+00,2.3866960449e+03
2513,4.9162700772e-01,-4.9585619569e-01,-4.9820671082e+00,2.3866760254e+03
2514,4.9165657163e-01,-4.9585995078e-01,-4.9543313980e+00,2.3866560059e+03
2515,4.9168351293e-01,-4.9585595727e-01,-4.1998190880e+00,2.3866359863e+03
2516,4.9178791046e-01,-4.9589231610e-01,-4.2695097923e+00,2.3866159668e+03
2517,4.9174755812e-01,-4.9580040574e-01,-4.8995590210e+00,2.3865964355e+03
2518,4.9173951149e-01,-4.9590522051e-01,-4.7809720039e+00,2.3865764160e+03
2519,4.9171254039e-01,-4.9589034915e-01,-4.9631257057e+00,2.3865563965e+03
2520,4.9178403616e-01,-4.9584439397e-01,-4.3886938095e+00,2.3865349121e+03
2521,4.9170038104e-01,-4.9581664801e-01,-5.1145434380e+00,2.3865158691e+03
2522,4.9180126190e-01,-4.9582380056e-01,-4.3665432930e+00,2.3864965820e+03
2523,4.9177983403e-01,-4.9577549100e-01,-4.7225513458e+00,2.3864768066e+03
2524,4.9173697829e-01,-4.9583810568e-01,-5.0226473808e+00,2.3864567871e+03
2525,4.9178510904e-01,-4.9585700035e-01,-4.4915938377e+00,2.3864367676e+03
2526,4.9178829789e-01,-4.9575799704e-01,-4.6795983315e+00,2.3864160156e+03
2527,4.9175539613e-01,-4.9582841992e-01,-4.7699027061e+00,2.3863967285e+03
2528,4.9177604914e-01,-4.9581080675e-01,-4.6303238869e+00,2.3863774414e+03
2529,4.9176728725e-01,-4.9576544762e-01,-4.5328898430e+00,2.3863571777e+03
2530,4.9175181985e-01,-4.9576887488e-01,-4.7089095116e+00,2.3863381348e+03
2531,4.9179306626e-01,-4.9576261640e-01,-4.3942327499e+00,2.3863186035e+03
2532,4.9185219407e-01,-4.9579194188e-01,-4.7234830856e+00,2.3862995605e+03
2533,4.9182710052e-01,-4.9574232101e-01,-4.5121412277e+00,2.3862790527e+03
2534,4.9185252190e-01,-4.9573960900e-01,-4.5247406960e+00,2.3862590332e+03
2535,4.9174356461e-01,-4.9582517147e-01,-5.1885170937e+00,2.3862395020e+03
2536,4.9182194471e-01,-4.9576151371e-01,-4.3626036644e+00,2.3862192383e+03
2537,4.9174687266e-01,-4.9588519335e-01,-5.3238463402e+00,2.3862001953e+03
2538,4.9179366231e-01,-4.9587327242e-01,-4.4747877121e+00,2.3861809082e+03
2539,4.9186754227e-01,-4.9577790499e-01,-4.4523215294e+00,2.3861616211e+03
2540,4.9187639356e-01,-4.9583435059e-01,-4.6559195518e+00,2.3861420898e+03
2541,4.9179598689e-01,-4.9587818980e-01,-4.9983477592e+00,2.3861232910e+03
2542,4.9173119664e-01,-4.9587160349e-01,-4.8950958252e+00,2.3861037598e+03
2543,4.9178695679e-01,-4.9587348104e-01,-4.3699326515e+00,2.3860844727e+03
2544,4.9184274673e-01,-4.9584245682e-01,-4.5195031166e+00,2.3860646973e+03
2545,4.9178767204e-01,-4.9585995078e-01,-4.9129748344e+00,2.3860458984e+03
2546,4.9178326130e-01,-4.9587893486e-01,-4.5280671120e+00,2.3860266113e+03
2547,4.9187058210e-01,-4.9580797553e-01,-4.1087608337e+00,2.3860075684e+03
2548,4.9181854725e-01,-4.9590492249e-01,-4.8512520790e+00,2.3859880371e+03
2549,4.9180901051e-01,-4.9587568641e-01,-4.7747993469e+00,2.3859689941e+03
2550,4.9189645052e-01,-4.9582579732e-01,-4.4025635719e+00,2.3859511719e+03
2551,4.9179157615e-01,-4.9590998888e-01,-5.0168647766e+00,2.3859316406e+03
2552,4.9184939265e-01,-4.9589347839e-01,-4.6304755211e+00,2.3859130859e+03
2553,4.9191260338e-01,-4.9584895372e-01,-4.3936243057e+00,2.3858942871e+03
2554,4.9182122946e-01,-4.9583834410e-01,-4.8372163773e+00,2.3858750000e+03
2555,4.9178397655e-01,-4.9586316943e-01,-4.9123539925e+00,2.3858559570e+03
2556,4.9187895656e-01,-4.9588826299e-01,-4.4995579720e+00,2.3858378906e+03
2557,4.9180546403e-01,-4.9586769938e-01,-4.7866797447e+00,2.3858190918e+03
2558,4.9181926250e-01,-4.9587437510e-01,-4.5823726654e+00,2.3858012695e+03
2559,4.9184966087e-01,-4.9588420987e-01,-4.4593157768e+00,2.3857819824e+03
2560,4.9187615514e-01,-4.9590152502e-01,-4.5794930458e+00,2.3857634277e+03
2561,4.9188867211e-01,-4.9583709240e-01,-4.3240475655e+00,2.3857441406e+03
2562,4.9187529087e-01,-4.9594956636e-01,-5.1652483940e+00,2.3857250977e+03
2563,4.9184554815e-01,-4.9593520164e-01,-4.5682334900e+00,2.3857062988e+03
2564,4.9184069037e-01,-4.9585375190e-01,-4.5328145027e+00,2.3856875000e+03
2565,4.9184450507e-01,-4.9580010772e-01,-4.4809842110e+00,2.3856687012e+03
2566,4.9186295271e-01,-4.9585780501e-01,-4.8322734833e+00,2.3856501465e+03
2567,4.9182435870e-01,-4.9582803249e-01,-4.3006892204e+00,2.3856318359e+03
2568,4.9178859591e-01,-4.9586945772e-01,-4.9611287117e+00,2.3856132812e+03
2569,4.9186059833e-01,-4.9579760432e-01,-4.1420459747e+00,2.3855932617e+03
2570,4.9181756377e-01,-4.9591979384e-01,-5.1508016586e+00,2.3855742188e+03
2571,4.9185851216e-01,-4.9577644467e-01,-4.1696395874e+00,2.3855566406e+03
2572,4.9184346199e-01,-4.9591207504e-01,-5.2709207535e+00,2.3855383301e+03
2573,4.9188160896e-01,-4.9588790536e-01,-4.2879276276e+00,2.3855192871e+03
2574,4.9181470275e-01,-4.9581754208e-01,-4.6447601318e+00,2.3855012207e+03
2575,4.9182307720e-01,-4.9585732818e-01,-4.6457376480e+00,2.3854824219e+03
2576,4.9184918404e-01,-4.9590048194e-01,-4.7429952621e+00,2.3854643555e+03
2577,4.9189186096e-01,-4.9581691623e-01,-4.2365713120e+00,2.3854453125e+03
2578,4.9183106422e-01,-4.9587795138e-01,-4.6914644241e+00,2.3854265137e+03
2579,4.9180436134e-01,-4.9594166875e-01,-4.8574256897e+00,2.3854086914e+03
2580,4.9178385735e-01,-4.9592784047e-01,-4.5812973976e+00,2.3853901367e+03
2581,4.9184095860e-01,-4.9576964974e-01,-4.0539131165e+00,2.3853718262e+03
2582,4.9191069603e-01,-4.9580976367e-01,-4.6849374771e+00,2.3853540039e+03
2583,4.9180719256e-01,-4.9594262242e-01,-4.9280333519e+00,2.3853354492e+03
2584,4.9181246758e-01,-4.9578893185e-01,-4.4982094765e+00,2.3853176270e+03
2585,4.9191939831e-01,-4.9580875039e-01,-4.3556671143e+00,2.3852985840e+03
2586,4.9180695415e-01,-4.9590075016e-01,-4.9671564102e+00,2.3852800293e+03
2587,4.9181336164e-01,-4.9582466483e-01,-4.6743135452e+00,2.3852612305e+03
2588,4.9188110232e-01,-4.9582180381e-01,-4.3094515800e+00,2.3852424316e+03
2589,4.9185699224e-01,-4.9582174420e-01,-4.7367181778e+00,2.3852238770e+03
2590,4.9179586768e-01,-4.9584919214e-01,-4.4519639015e+00,2.3852058105e+03
2591,4.9185213447e-01,-4.9579766393e-01,-4.4233760834e+00,2.3851872559e+03
2592,4.9185749888e-01,-4.9583041668e-01,-4.9021553993e+00,2.3851691895e+03
2593,4.9187529087e-01,-4.9577343464e-01,-4.1970019341e+00,2.3851506348e+03
2594,4.9180030823e-01,-4.9581360817e-01,-4.6918587685e+00,2.3851315918e+03
2595,4.9183395505e-01,-4.9582591653e-01,-4.6313462257e+00,2.3851135254e+03
2596,4.9187853932e-01,-4.9578684568e-01,-4.4005155563e+00,2.3850954590e+03
2597,4.9187299609e-01,-4.9578833580e-01,-4.6358222961e+00,2.3850769043e+03
2598,4.9183610082e-01,-4.9581065774e-01,-4.5757203102e+00,2.3850588379e+03
2599,4.9182188511e-01,-4.9576708674e-01,-4.7806239128e+00,2.3850410156e+03
2600,4.9187418818e-01,-4.9578776956e-01,-4.5310120583e+00,2.3850219727e+03
2601,4.9187207222e-01,-4.9574333429e-01,-4.6486711502e+00,2.3850036621e+03
2602,4.9183344841e-01,-4.9579846859e-01,-4.7197747231e+00,2.3849846191e+03
2603,4.9186801910e-01,-4.9573305249e-01,-4.4433865547e+00,2.3849670410e+03
2604,4.9184852839e-01,-4.9574530125e-01,-4.6016683578e+00,2.3849487305e+03
2605,4.9186214805e-01,-4.9580949545e-01,-4.6255397797e+00,2.3849311523e+03
2606,4.9190714955e-01,-4.9573215842e-01,-4.3823027611e+00,2.3849133301e+03
2607,4.9189618230e-01,-4.9580249190e-01,-4.6745190620e+00,2.3848942871e+03
2608,4.9184370041e-01,-4.9581196904e-01,-4.6388897896e+00,2.3848752441e+03
2609,4.9190714955e-01,-4.9571108818e-01,-4.2118558884e+00,2.3848576660e+03
2610,4.9185770750e-01,-4.9573403597e-01,-4.7073402405e+00,2.3848383789e+03
2611,4.9189469218e-01,-4.9580088258e-01,-4.6321988106e+00,2.3848203125e+03
2612,4.9189728498e-01,-4.9572950602e-01,-4.5448174477e+00,2.3848024902e+03
2613,4.9189502001e-01,-4.9580648541e-01,-4.6564803123e+00,2.3847844238e+03
2614,4.9195799232e-01,-4.9576613307e-01,-4.1471481323e+00,2.3847661133e+03
2615,4.9192905426e-01,-4.9564915895e-01,-4.4965524673e+00,2.3847480469e+03
2616,4.9191609025e-01,-4.9571770430e-01,-4.6578092575e+00,2.3847299805e+03
2617,4.9190065265e-01,-4.9584391713e-01,-4.9151425362e+00,2.3847106934e+03
2618,4.9190068245e-01,-4.9579152465e-01,-4.4724049568e+00,2.3846926270e+03
2619,4.9196922779e-01,-4.9564903975e-01,-4.1792902946e+00,2.3846738281e+03
2620,4.9194526672e-01,-4.9578231573e-01,-4.7943844795e+00,2.3846557617e+03
2621,4.9188029766e-01,-4.9581348896e-01,-4.7844543457e+00,2.3846369629e+03
2622,4.9189186096e-01,-4.9583446980e-01,-4.6183342934e+00,2.3846193848e+03
2623,4.9204832315e-01,-4.9564135075e-01,-3.8992533684e+00,2.3846008301e+03
2624,4.9196544290e-01,-4.9575260282e-01,-4.8011970520e+00,2.3845825195e+03
2625,4.9205845594e-01,-4.9565744400e-01,-4.2216730118e+00,2.3845649414e+03
2626,4.9193918705e-01,-4.9578344822e-01,-5.2318701744e+00,2.3845454102e+03
2627,4.9207097292e-01,-4.9567610025e-01,-3.9519400597e+00,2.3845268555e+03
2628,4.9201074243e-01,-4.9575504661e-01,-4.9530458450e+00,2.3845087891e+03
2629,4.9205958843e-01,-4.9573791027e-01,-4.3881034851e+00,2.3844897461e+03
2630,4.9208879471e-01,-4.9567002058e-01,-4.2748632431e+00,2.3844716797e+03
2631,4.9203097820e-01,-4.9563613534e-01,-4.3612017632e+00,2.3844536133e+03
2632,4.9193662405e-01,-4.9576666951e-01,-4.9003887177e+00,2.3844345703e+03
2633,4.9198827147e-01,-4.9567776918e-01,-4.2828598022e+00,2.3844162598e+03
2634,4.9211481214e-01,-4.9565252662e-01,-4.5869355202e+00,2.3843977051e+03
2635,4.9195444584e-01,-4.9573546648e-01,-4.8183999062e+00,2.3843796387e+03
2636,4.9198618531e-01,-4.9572148919e-01,-4.2340159416e+00,2.3843605957e+03
2637,4.9193531275e-01,-4.9576154351e-01,-4.9050908089e+00,2.3843427734e+03
2638,4.9203008413e-01,-4.9567785859e-01,-4.4028382301e+00,2.3843239746e+03
2639,4.9208605289e-01,-4.9569898844e-01,-4.3013710976e+00,2.3843041992e+03
2640,4.9201619625e-01,-4.9575075507e-01,-4.8108534813e+00,2.3842856445e+03
2641,4.9206316471e-01,-4.9576482177e-01,-4.3894972801e+00,2.3842675781e+03
2642,4.9209114909e-01,-4.9566078186e-01,-4.6465449333e+00,2.3842492676e+03
2643,4.9207255244e-01,-4.9577811360e-01,-4.6434311867e+00,2.3842307129e+03
2644,4.9208718538e-01,-4.9571111798e-01,-4.4511566162e+00,2.3842119141e+03
2645,4.9208641052e-01,-4.9567008018e-01,-4.3998327255e+00,2.3841933594e+03
2646,4.9208378792e-01,-4.9579966068e-01,-4.5949101448e+00,2.3841748047e+03
2647,4.9210542440e-01,-4.9568742514e-01,-4.2833986282e+00,2.3841560059e+03
2648,4.9210181832e-01,-4.9579501152e-01,-4.7575879097e+00,2.3841374512e+03
2649,4.9211433530e-01,-4.9568632245e-01,-4.4134707451e+00,2.3841198730e+03
2650,4.9209803343e-01,-4.9564021826e-01,-4.6355161667e+00,2.3841015625e+03
2651,4.9210208654e-01,-4.9578478932e-01,-4.4137358665e+00,2.3840825195e+03
2652,4.9213409424e-01,-4.9578392506e-01,-4.8300905228e+00,2.3840634766e+03
2653,4.9212887883e-01,-4.9579444528e-01,-4.3911094666e+00,2.3840449219e+03
2654,4.9212494493e-01,-4.9572816491e-01,-4.5057988167e+00,2.3840258789e+03
2655,4.9214544892e-01,-4.9577942491e-01,-4.6488032341e+00,2.3840075684e+03
2656,4.9211952090e-01,-4.9569839239e-01,-4.5207018852e+00,2.3839892578e+03
2657,4.9205809832e-01,-4.9582329392e-01,-4.9516320229e+00,2.3839699707e+03
2658,4.9207255244e-01,-4.9571645260e-01,-4.1539354324e+00,2.3839516602e+03
2659,4.9216783047e-01,-4.9559211731e-01,-4.1408934593e+00,2.3839328613e+03
2660,4.9211198092e-01,-4.9573278427e-01,-5.0340638161e+00,2.3839135742e+03
2661,4.9208140373e-01,-4.9571263790e-01,-4.2955150604e+00,2.3838947754e+03
2662,4.9205788970e-01,-4.9575266242e-01,-4.7628259659e+00,2.3838757324e+03
2663,4.9208274484e-01,-4.9575510621e-01,-4.4421300888e+00,2.3838574219e+03
2664,4.9221417308e-01,-4.9559909105e-01,-3.9742238522e+00,2.3838383789e+03
2665,4.9208402634e-01,-4.9571818113e-01,-5.0794701576e+00,2.3838193359e+03
2666,4.9215176702e-01,-4.9569413066e-01,-4.3572468758e+00,2.3838002930e+03
2667,4.9224191904e-01,-4.9561294913e-01,-4.4721779823e+00,2.3837805176e+03
2668,4.9222904444e-01,-4.9565809965e-01,-4.6700639725e+00,2.3837619629e+03
2669,4.9206483364e-01,-4.9565976858e-01,-4.6333589554e+00,2.3837421875e+03
2670,4.9213072658e-01,-4.9571952224e-01,-4.8057227135e+00,2.3837231445e+03
2671,4.9204877019e-01,-4.9570170045e-01,-4.6120305061e+00,2.3837033691e+03
2672,4.9227446318e-01,-4.9555608630e-01,-3.7422826290e+00,2.3836853027e+03
2673,4.9224978685e-01,-4.9566021562e-01,-5.0936164856e+00,2.3836662598e+03
2674,4.9210634828e-01,-4.9562269449e-01,-4.3188991547e+00,2.3836467285e+03
2675,4.9223053455e-01,-4.9565741420e-01,-4.6566338539e+00,2.3836281738e+03
2676,4.9230778217e-01,-4.9562302232e-01,-4.2994232178e+00,2.3836086426e+03
2677,4.9231141806e-01,-4.9562367797e-01,-4.6196656227e+00,2.3835893555e+03
2678,4.9218240380e-01,-4.9560710788e-01,-4.3557186127e+00,2.3835703125e+03
2679,4.9223610759e-01,-4.9565535784e-01,-4.6484298706e+00,2.3835507812e+03
2680,4.9231374264e-01,-4.9559104443e-01,-4.5425562859e+00,2.3835314941e+03
2681,4.9230545759e-01,-4.9567690492e-01,-4.6219954491e+00,2.3835126953e+03
2682,4.9230191112e-01,-4.9562782049e-01,-4.6314778328e+00,2.3834919434e+03
2683,4.9226740003e-01,-4.9553319812e-01,-4.0993041992e+00,2.3834729004e+03
2684,4.9229934812e-01,-4.9552801251e-01,-4.6404333115e+00,2.3834536133e+03
2685,4.9227750301e-01,-4.9550059438e-01,-4.3991489410e+00,2.3834345703e+03
2686,4.9232783914e-01,-4.9569481611e-01,-4.7359347343e+00,2.3834150391e+03
2687,4.9229905009e-01,-4.9554079771e-01,-4.3022747040e+00,2.3833952637e+03
2688,4.9231636524e-01,-4.9550473690e-01,-4.5200977325e+00,2.3833740234e+03
2689,4.9236175418e-01,-4.9566465616e-01,-4.7210865021e+00,2.3833544922e+03
2690,4.9233269691e-01,-4.9554467201e-01,-4.3531112671e+00,2.3833347168e+03
2691,4.9234440923e-01,-4.9549496174e-01,-4.5741825104e+00,2.3833149414e+03
2692,4.9235621095e-01,-4.9547800422e-01,-4.4755148888e+00,2.3832963867e+03
2693,4.9236860871e-01,-4.9562329054e-01,-4.5742292404e+00,2.3832766113e+03
2694,4.9237087369e-01,-4.9552619457e-01,-4.6051077843e+00,2.3832573242e+03
2695,4.9237921834e-01,-4.9559012055e-01,-4.5951743126e+00,2.3832368164e+03
2696,4.9236768484e-01,-4.9555712938e-01,-4.5377635956e+00,2.3832170410e+03
2697,4.9237295985e-01,-4.9560272694e-01,-4.6636338234e+00,2.3831967773e+03
2698,4.9234521389e-01,-4.9557507038e-01,-4.4740548134e+00,2.3831770020e+03
2699,4.9246922135e-01,-4.9542784691e-01,-4.0872278214e+00,2.3831572266e+03
2700,4.9243435264e-01,-4.9552085996e-01,-4.6424741745e+00,2.3831376953e+03
2701,4.9249964952e-01,-4.9543988705e-01,-4.1509675980e+00,2.3831169434e+03
2702,4.9234601855e-01,-4.9556857347e-01,-5.0728020668e+00,2.3830969238e+03
2703,4.9249231815e-01,-4.9544566870e-01,-3.9550340176e+00,2.3830766602e+03
2704,4.9250033498e-01,-4.9541008472e-01,-4.4192256927e+00,2.3830561523e+03
2705,4.9253118038e-01,-4.9541720748e-01,-4.5243587494e+00,2.3830358887e+03
2706,4.9232843518e-01,-4.9557837844e-01,-5.3251976967e+00,2.3830161133e+03
2707,4.9248763919e-01,-4.9549221992e-01,-4.1301722527e+00,2.3829958496e+03
2708,4.9253773689e-01,-4.9541693926e-01,-4.2532172203e+00,2.3829758301e+03
2709,4.9235978723e-01,-4.9552553892e-01,-5.0830402374e+00,2.3829545898e+03
2710,4.9250209332e-01,-4.9550795555e-01,-4.4555072784e+00,2.3829348145e+03
2711,4.9255082011e-01,-4.9543413520e-01,-4.1977453232e+00,2.3829145508e+03
2712,4.9242514372e-01,-4.9546730518e-01,-4.7126741409e+00,2.3828937988e+03
2713,4.9250116944e-01,-4.9543040991e-01,-4.3817148209e+00,2.3828730469e+03
2714,4.9252727628e-01,-4.9550077319e-01,-4.9874210358e+00,2.3828530273e+03
2715,4.9256831408e-01,-4.9545872211e-01,-4.2387299538e+00,2.3828327637e+03
2716,4.9257296324e-01,-4.9546685815e-01,-4.6439437866e+00,2.3828125000e+03
2717,4.9245557189e-01,-4.9542507529e-01,-4.3096747398e+00,2.3827924805e+03
2718,4.9254211783e-01,-4.9543505907e-01,-4.6420722008e+00,2.3827717285e+03
2719,4.9251124263e-01,-4.9539411068e-01,-4.3475542068e+00,2.3827519531e+03
2720,4.9261635542e-01,-4.9545925856e-01,-4.2362751961e+00,2.3827309570e+03
2721,4.9258562922e-01,-4.9541956186e-01,-4.6582450867e+00,2.3827097168e+03
2722,4.9258691072e-01,-4.9548843503e-01,-4.5979309082e+00,2.3826887207e+03
2723,4.9254631996e-01,-4.9545672536e-01,-4.4318909645e+00,2.3826694336e+03
2724,4.9256879091e-01,-4.9532642961e-01,-4.4161367416e+00,2.3826486816e+03
2725,4.9259358644e-01,-4.9541735649e-01,-4.8249239922e+00,2.3826286621e+03
2726,4.9255555868e-01,-4.9547421932e-01,-4.5422134399e+00,2.3826079102e+03
2727,4.9257826805e-01,-4.9531021714e-01,-4.4644055367e+00,2.3825866699e+03
2728,4.9259874225e-01,-4.9537274241e-01,-4.5360026360e+00,2.3825651855e+03
2729,4.9257969856e-01,-4.9541381001e-01,-4.6045169830e+00,2.3825444336e+03
2730,4.9256321788e-01,-4.9531066418e-01,-4.7198534012e+00,2.3825236816e+03
2731,4.9257501960e-01,-4.9541872740e-01,-4.7734789848e+00,2.3825034180e+03
2732,4.9262511730e-01,-4.9543300271e-01,-4.1528863907e+00,2.3824833984e+03
2733,4.9261578918e-01,-4.9540933967e-01,-4.6483845711e+00,2.3824628906e+03
2734,4.9259328842e-01,-4.9532669783e-01,-4.5544409752e+00,2.3824416504e+03
2735,4.9262142181e-01,-4.9538400769e-01,-4.4646835327e+00,2.3824194336e+03
2736,4.9261161685e-01,-4.9535974860e-01,-4.4389634132e+00,2.3823972168e+03
2737,4.9264338613e-01,-4.9539223313e-01,-4.4831085205e+00,2.3823759766e+03
2738,4.9267560244e-01,-4.9529430270e-01,-4.4427433014e+00,2.3823554688e+03
2739,4.9258583784e-01,-4.9533891678e-01,-4.7864093781e+00,2.3823349609e+03
2740,4.9261128902e-01,-4.9535506964e-01,-4.5950403214e+00,2.3823137207e+03
2741,4.9273914099e-01,-4.9525526166e-01,-4.1211948395e+00,2.3822922363e+03
2742,4.9272105098e-01,-4.9528890848e-01,-4.7059388161e+00,2.3822709961e+03
2743,4.9259227514e-01,-4.9534454942e-01,-4.9799165726e+00,2.3822487793e+03
2744,4.9266022444e-01,-4.9536204338e-01,-4.4852218628e+00,2.3822275391e+03
2745,4.9279513955e-01,-4.9523696303e-01,-4.0614290237e+00,2.3822058105e+03
2746,4.9277955294e-01,-4.9526035786e-01,-4.7573914528e+00,2.3821848145e+03
2747,4.9264138937e-01,-4.9532839656e-01,-4.8590340614e+00,2.3821628418e+03
2748,4.9271023273e-01,-4.9537798762e-01,-4.4456329346e+00,2.3821413574e+03
2749,4.9266365170e-01,-4.9536636472e-01,-4.5781044960e+00,2.3821188965e+03
2750,4.9282300472e-01,-4.9526259303e-01,-4.0727462769e+00,2.3820976562e+03
2751,4.9270814657e-01,-4.9530395865e-01,-4.8766508102e+00,2.3820759277e+03
2752,4.9280530214e-01,-4.9527469277e-01,-4.3803009987e+00,2.3820529785e+03
2753,4.9281415343e-01,-4.9527233839e-01,-4.5570492744e+00,2.3820317383e+03
2754,4.9279168248e-01,-4.9526867270e-01,-4.3892102242e+00,2.3820085449e+03
2755,4.9276140332e-01,-4.9525198340e-01,-4.7759475708e+00,2.3819865723e+03
2756,4.9280777574e-01,-4.9522933364e-01,-4.7648916245e+00,2.3819636230e+03
2757,4.9282336235e-01,-4.9523299932e-01,-4.4849863052e+00,2.3819418945e+03
2758,4.9287709594e-01,-4.9525997043e-01,-4.3702406883e+00,2.3819201660e+03
2759,4.9293008447e-01,-4.9523276091e-01,-4.6151070595e+00,2.3818979492e+03
2760,4.9287444353e-01,-4.9514713883e-01,-4.5837364197e+00,2.3818752441e+03
2761,4.9292856455e-01,-4.9516299367e-01,-4.6983356476e+00,2.3818527832e+03
2762,4.9291217327e-01,-4.9525865912e-01,-4.6621103287e+00,2.3818305664e+03
2763,4.9290424585e-01,-4.9518501759e-01,-4.4376950264e+00,2.3818071289e+03
2764,4.9295037985e-01,-4.9514001608e-01,-4.5629744530e+00,2.3817834473e+03
2765,4.9294605851e-01,-4.9512252212e-01,-4.7109880447e+00,2.3817612305e+03
2766,4.9294775724e-01,-4.9524608254e-01,-4.6223115921e+00,2.3817392578e+03
2767,4.9295160174e-01,-4.9515566230e-01,-4.3868432045e+00,2.3817165527e+03
2768,4.9297571182e-01,-4.9520704150e-01,-4.4593300819e+00,2.3816938477e+03
2769,4.9300709367e-01,-4.9513658881e-01,-4.5517110825e+00,2.3816706543e+03
2770,4.9298432469e-01,-4.9510818720e-01,-4.6841573715e+00,2.3816479492e+03
2771,4.9300825596e-01,-4.9511122704e-01,-4.5650553703e+00,2.3816252441e+03
2772,4.9301624298e-01,-4.9519997835e-01,-4.5968890190e+00,2.3816018066e+03
2773,4.9299046397e-01,-4.9512565136e-01,-4.7705559731e+00,2.3815795898e+03
2774,4.9300444126e-01,-4.9515506625e-01,-4.4954319000e+00,2.3815568848e+03
2775,4.9303486943e-01,-4.9515676498e-01,-4.5878973007e+00,2.3815346680e+03
2776,4.9308919907e-01,-4.9514144659e-01,-4.5473713875e+00,2.3815109863e+03
2777,4.9306136370e-01,-4.9518391490e-01,-4.8337907791e+00,2.3814877930e+03
2778,4.9309697747e-01,-4.9514126778e-01,-4.3552293777e+00,2.3814645996e+03
2779,4.9301534891e-01,-4.9518385530e-01,-4.8899760246e+00,2.3814414062e+03
2780,4.9307382107e-01,-4.9515980482e-01,-4.4901442528e+00,2.3814179688e+03
2781,4.9298930168e-01,-4.9511796236e-01,-4.7639217377e+00,2.3813947754e+03
2782,4.9302914739e-01,-4.9517408013e-01,-4.4693846703e+00,2.3813715820e+03
2783,4.9316129088e-01,-4.9517348409e-01,-4.4598336220e+00,2.3813486328e+03
2784,4.9314954877e-01,-4.9509942532e-01,-4.3697075844e+00,2.3813247070e+03
2785,4.9317011237e-01,-4.9514359236e-01,-4.7438693047e+00,2.3813005371e+03
2786,4.9322500825e-01,-4.9507147074e-01,-4.1750903130e+00,2.3812778320e+03
2787,4.9317857623e-01,-4.9514254928e-01,-4.8468890190e+00,2.3812541504e+03
2788,4.9315747619e-01,-4.9514654279e-01,-4.7115511894e+00,2.3812297363e+03
2789,4.9298310280e-01,-4.9518209696e-01,-5.2522587776e+00,2.3812065430e+03
2790,4.9314284325e-01,-4.9510720372e-01,-3.8794765472e+00,2.3811831055e+03
2791,4.9322780967e-01,-4.9509915709e-01,-4.8898639679e+00,2.3811589355e+03
2792,4.9311009049e-01,-4.9510431290e-01,-4.6082439423e+00,2.3811352539e+03
2793,4.9314877391e-01,-4.9513298273e-01,-4.7492346764e+00,2.3811113281e+03
2794,4.9310627580e-01,-4.9512657523e-01,-4.7058854103e+00,2.3810869141e+03
2795,4.9316474795e-01,-4.9510025978e-01,-4.7473402023e+00,2.3810634766e+03
2796,4.9314594269e-01,-4.9506708980e-01,-4.4018464088e+00,2.3810390625e+03
2797,4.9320974946e-01,-4.9506774545e-01,-4.5800795555e+00,2.3810158691e+03
2798,4.9323809147e-01,-4.9504083395e-01,-4.6194529533e+00,2.3809909668e+03
2799,4.9313488603e-01,-4.9505466223e-01,-4.8750410080e+00,2.3809665527e+03
2800,4.9323219061e-01,-4.9506786466e-01,-4.2656393051e+00,2.3809414062e+03
2801,4.9319714308e-01,-4.9504488707e-01,-4.8000707626e+00,2.3809179688e+03
2802,4.9322822690e-01,-4.9500355124e-01,-4.5384860039e+00,2.3808937988e+03
2803,4.9324160814e-01,-4.9502468109e-01,-4.8691616058e+00,2.3808701172e+03
2804,4.9324730039e-01,-4.9501413107e-01,-4.5787248611e+00,2.3808454590e+03
2805,4.9325391650e-01,-4.9499037862e-01,-4.4879393578e+00,2.3808210449e+03
2806,4.9323928356e-01,-4.9503266811e-01,-4.4903821945e+00,2.3807971191e+03
2807,4.9330678582e-01,-4.9495646358e-01,-4.4487609863e+00,2.3807724609e+03
2808,4.9326875806e-01,-4.9496877193e-01,-4.3189435005e+00,2.3807485352e+03
2809,4.9332264066e-01,-4.9502393603e-01,-4.8432359695e+00,2.3807236328e+03
2810,4.9328383803e-01,-4.9510872364e-01,-5.0556058884e+00,2.3806992188e+03
2811,4.9326252937e-01,-4.9504712224e-01,-4.5816278458e+00,2.3806745605e+03
2812,4.9329459667e-01,-4.9494338036e-01,-4.4105534554e+00,2.3806501465e+03
2813,4.9327966571e-01,-4.9495491385e-01,-4.9243307114e+00,2.3806254883e+03
2814,4.9334394932e-01,-4.9499657750e-01,-4.6128306389e+00,2.3806008301e+03
2815,4.9328565598e-01,-4.9491563439e-01,-4.7789235115e+00,2.3805756836e+03
2816,4.9330854416e-01,-4.9496108294e-01,-4.6571359634e+00,2.3805520020e+03
2817,4.9338614941e-01,-4.9489861727e-01,-4.2973737717e+00,2.3805273438e+03
2818,4.9335777760e-01,-4.9492523074e-01,-4.9120001793e+00,2.3805024414e+03
2819,4.9335011840e-01,-4.9486127496e-01,-4.7585620880e+00,2.3804777832e+03
2820,4.9339133501e-01,-4.9488487840e-01,-4.5410270691e+00,2.3804526367e+03
2821,4.9335932732e-01,-4.9492570758e-01,-4.7145304680e+00,2.3804279785e+03
2822,4.9335733056e-01,-4.9484351277e-01,-4.4535779953e+00,2.3804030762e+03
2823,4.9336591363e-01,-4.9486172199e-01,-4.7464818954e+00,2.3803781738e+03
2824,4.9346560240e-01,-4.9489340186e-01,-4.3758945465e+00,2.3803535156e+03
2825,4.9344757199e-01,-4.9484425783e-01,-4.7725739479e+00,2.3803291016e+03
2826,4.9334827065e-01,-4.9483034015e-01,-4.7832217216e+00,2.3803032227e+03
2827,4.9351906776e-01,-4.9486073852e-01,-4.3790297508e+00,2.3802773438e+03
2828,4.9347767234e-01,-4.9486568570e-01,-4.8292880058e+00,2.3802519531e+03
2829,4.9336132407e-01,-4.9480769038e-01,-4.8582544327e+00,2.3802260742e+03
2830,4.9343001842e-01,-4.9481686950e-01,-4.4984765053e+00,2.3802011719e+03
2831,4.9352824688e-01,-4.9484387040e-01,-4.7016878128e+00,2.3801765137e+03
2832,4.9352321029e-01,-4.9482694268e-01,-4.6794929504e+00,2.3801513672e+03
2833,4.9356490374e-01,-4.9483147264e-01,-4.5770249367e+00,2.3801254883e+03
2834,4.9355992675e-01,-4.9482351542e-01,-4.6908540726e+00,2.3800996094e+03
2835,4.9346864223e-01,-4.9481818080e-01,-5.0133194923e+00,2.3800737305e+03
2836,4.9358236790e-01,-4.9480101466e-01,-4.1969523430e+00,2.3800471191e+03
2837,4.9351012707e-01,-4.9479848146e-01,-5.0394296646e+00,2.3800212402e+03
2838,4.9349650741e-01,-4.9483221769e-01,-4.5902056694e+00,2.3799946289e+03
2839,4.9347963929e-01,-4.9480152130e-01,-4.7439966202e+00,2.3799689941e+03
2840,4.9350357056e-01,-4.9480941892e-01,-4.7034664154e+00,2.3799431152e+03
2841,4.9357706308e-01,-4.9473515153e-01,-4.3489909172e+00,2.3799174805e+03
2842,4.9350038171e-01,-4.9474662542e-01,-5.0478549004e+00,2.3798908691e+03
2843,4.9352899194e-01,-4.9472257495e-01,-4.5496478081e+00,2.3798652344e+03
2844,4.9354708195e-01,-4.9474981427e-01,-4.6024975777e+00,2.3798383789e+03
2845,4.9358659983e-01,-4.9475809932e-01,-4.4568324089e+00,2.3798112793e+03
2846,4.9358007312e-01,-4.9475654960e-01,-4.7197942734e+00,2.3797851562e+03
2847,4.9359637499e-01,-4.9475225806e-01,-4.6946687698e+00,2.3797580566e+03
2848,4.9353581667e-01,-4.9472004175e-01,-4.8108110428e+00,2.3797312012e+03
2849,4.9359697104e-01,-4.9470630288e-01,-4.5340065956e+00,2.3797045898e+03
2850,4.9355170131e-01,-4.9466702342e-01,-4.7463731766e+00,2.3796782227e+03
2851,4.9359542131e-01,-4.9468058348e-01,-4.6466889381e+00,2.3796518555e+03
2852,4.9358898401e-01,-4.9468576908e-01,-4.7931156158e+00,2.3796245117e+03
2853,4.9357008934e-01,-4.9471712112e-01,-4.9299807549e+00,2.3795974121e+03
2854,4.9362671375e-01,-4.9467858672e-01,-4.5695066452e+00,2.3795708008e+03
2855,4.9361157417e-01,-4.9464213848e-01,-4.6515002251e+00,2.3795437012e+03
2856,4.9354684353e-01,-4.9464726448e-01,-5.0092201233e+00,2.3795173340e+03
2857,4.9361264706e-01,-4.9461379647e-01,-4.4167900085e+00,2.3794897461e+03
2858,4.9361225963e-01,-4.9463304877e-01,-4.8369426727e+00,2.3794631348e+03
2859,4.9364197254e-01,-4.9462568760e-01,-4.7344737053e+00,2.3794360352e+03
2860,4.9357053638e-01,-4.9459958076e-01,-4.7661190033e+00,2.3794089355e+03
2861,4.9361526966e-01,-4.9455824494e-01,-4.4475321770e+00,2.3793808594e+03
2862,4.9360561371e-01,-4.9454608560e-01,-4.7182388306e+00,2.3793532715e+03
2863,4.9365037680e-01,-4.9456742406e-01,-4.6544780731e+00,2.3793264160e+03
2864,4.9361079931e-01,-4.9453687668e-01,-4.6671814919e+00,2.3792988281e+03
2865,4.9365469813e-01,-4.9454876781e-01,-4.7077269554e+00,2.3792714844e+03
2866,4.9364608526e-01,-4.9447986484e-01,-4.6572294235e+00,2.3792441406e+03
2867,4.9357992411e-01,-4.9447253346e-01,-4.8732800484e+00,2.3792165527e+03
2868,4.9362254143e-01,-4.9443295598e-01,-4.4967370033e+00,2.3791899414e+03
2869,4.9357450008e-01,-4.9449682236e-01,-5.0020270348e+00,2.3791621094e+03
2870,4.9368172884e-01,-4.9451982975e-01,-4.4345469475e+00,2.3791342773e+03
2871,4.9360471964e-01,-4.9450370669e-01,-4.8984260559e+00,2.3791059570e+03
2872,4.9357160926e-01,-4.9447658658e-01,-4.8177199364e+00,2.3790778809e+03
2873,4.9368658662e-01,-4.9445003271e-01,-4.4633641243e+00,2.3790498047e+03
2874,4.9365651608e-01,-4.9448850751e-01,-4.7290620804e+00,2.3790224609e+03
2875,4.9369481206e-01,-4.9446335435e-01,-4.5676980019e+00,2.3789936523e+03
2876,4.9360653758e-01,-4.9447935820e-01,-4.9975757599e+00,2.3789658203e+03
2877,4.9368607998e-01,-4.9445173144e-01,-4.4554104805e+00,2.3789377441e+03
2878,4.9363711476e-01,-4.9447169900e-01,-4.8894858360e+00,2.3789094238e+03
2879,4.9348708987e-01,-4.9444705248e-01,-4.5923876762e+00,2.3788815918e+03
2880,4.9353221059e-01,-4.9447804689e-01,-4.9422755241e+00,2.3788527832e+03
2881,4.9350380898e-01,-4.9443706870e-01,-4.6074790955e+00,2.3788254395e+03
2882,4.9354892969e-01,-4.9440479279e-01,-4.6305327415e+00,2.3787976074e+03
2883,4.9357426167e-01,-4.9437400699e-01,-4.4586954117e+00,2.3787690430e+03
2884,4.9356231093e-01,-4.9435922503e-01,-4.8395657539e+00,2.3787407227e+03
2885,4.9355646968e-01,-4.9438625574e-01,-4.7816419601e+00,2.3787116699e+03
2886,4.9361538887e-01,-4.9442374706e-01,-4.6688394547e+00,2.3786823730e+03
2887,4.9357786775e-01,-4.9436160922e-01,-4.9149937630e+00,2.3786535645e+03
2888,4.9359464645e-01,-4.9434220791e-01,-4.5144019127e+00,2.3786254883e+03
2889,4.9361434579e-01,-4.9439644814e-01,-5.0037117004e+00,2.3785974121e+03
2890,4.9358418584e-01,-4.9441304803e-01,-4.9205150604e+00,2.3785690918e+03
2891,4.9363332987e-01,-4.9431419373e-01,-4.2683320045e+00,2.3785405273e+03
2892,4.9364066124e-01,-4.9435901642e-01,-4.9508614540e+00,2.3785107422e+03
2893,4.9367693067e-01,-4.9442231655e-01,-4.8845949173e+00,2.3784819336e+03
2894,4.9372282624e-01,-4.9435442686e-01,-4.3952584267e+00,2.3784528809e+03
2895,4.9366775155e-01,-4.9434894323e-01,-4.9170932770e+00,2.3784235840e+03
2896,4.9372804165e-01,-4.9432471395e-01,-4.5337162018e+00,2.3783945312e+03
2897,4.9372100830e-01,-4.9434563518e-01,-4.8047947884e+00,2.3783662109e+03
2898,4.9371495843e-01,-4.9435991049e-01,-4.8893771172e+00,2.3783374023e+03
2899,4.9373620749e-01,-4.9429407716e-01,-4.5659813881e+00,2.3783073730e+03
2900,4.9365079403e-01,-4.9441787601e-01,-5.3105511665e+00,2.3782775879e+03
2901,4.9369966984e-01,-4.9435770512e-01,-4.5848336220e+00,2.3782478027e+03
2902,4.9374499917e-01,-4.9424922466e-01,-4.4444327354e+00,2.3782192383e+03
2903,4.9372342229e-01,-4.9425232410e-01,-4.8477964401e+00,2.3781887207e+03
2904,4.9368298054e-01,-4.9437844753e-01,-4.9849381447e+00,2.3781596680e+03
2905,4.9368017912e-01,-4.9423974752e-01,-4.7065038681e+00,2.3781298828e+03
2906,4.9368619919e-01,-4.9434426427e-01,-4.9040150642e+00,2.3781003418e+03
2907,4.9377658963e-01,-4.9425172806e-01,-4.4105863571e+00,2.3780700684e+03
2908,4.9373963475e-01,-4.9433562160e-01,-4.9972791672e+00,2.3780402832e+03
2909,4.9377286434e-01,-4.9424842000e-01,-4.4516210556e+00,2.3780102539e+03
2910,4.9369364977e-01,-4.9420905113e-01,-5.1452579498e+00,2.3779804688e+03
2911,4.9364465475e-01,-4.9429970980e-01,-5.0428957939e+00,2.3779504395e+03
2912,4.9364861846e-01,-4.9424245954e-01,-4.6811118126e+00,2.3779208984e+03
2913,4.9376115203e-01,-4.9417927861e-01,-4.4324955940e+00,2.3778908691e+03
2914,4.9376502633e-01,-4.9422314763e-01,-4.6702780724e+00,2.3778608398e+03
2915,4.9381831288e-01,-4.9419254065e-01,-4.7493796349e+00,2.3778310547e+03
2916,4.9369689822e-01,-4.9418681860e-01,-5.1167039871e+00,2.3778005371e+03
2917,4.9378332496e-01,-4.9418234825e-01,-4.5123643875e+00,2.3777697754e+03
2918,4.9373438954e-01,-4.9417045712e-01,-4.9835004807e+00,2.3777397461e+03
2919,4.9372774363e-01,-4.9411773682e-01,-4.3173394203e+00,2.3777094727e+03
2920,4.9377229810e-01,-4.9415957928e-01,-4.8776111603e+00,2.3776799316e+03
2921,4.9377125502e-01,-4.9410986900e-01,-4.6840267181e+00,2.3776501465e+03
2922,4.9377894402e-01,-4.9416404963e-01,-5.0834097862e+00,2.3776206055e+03
2923,4.9380710721e-01,-4.9410301447e-01,-4.5664281845e+00,2.3775905762e+03
2924,4.9378004670e-01,-4.9415349960e-01,-5.1350169182e+00,2.3775593262e+03
2925,4.9381661415e-01,-4.9408876896e-01,-4.4545059204e+00,2.3775288086e+03
2926,4.9380233884e-01,-4.9411490560e-01,-4.9600315094e+00,2.3774995117e+03
2927,4.9382659793e-01,-4.9413421750e-01,-4.9389591217e+00,2.3774687500e+03
2928,4.9379727244e-01,-4.9405276775e-01,-4.6091074944e+00,2.3774379883e+03
2929,4.9384567142e-01,-4.9402919412e-01,-4.6435599327e+00,2.3774074707e+03
2930,4.9379426241e-01,-4.9409765005e-01,-5.0394110680e+00,2.3773762207e+03
2931,4.9384096265e-01,-4.9405205250e-01,-4.7354245186e+00,2.3773449707e+03
2932,4.9381282926e-01,-4.9407464266e-01,-4.9318523407e+00,2.3773137207e+03
2933,4.9382174015e-01,-4.9406281114e-01,-4.8495726585e+00,2.3772832031e+03
2934,4.9385926127e-01,-4.9400183558e-01,-4.6149935722e+00,2.3772524414e+03
2935,4.9383631349e-01,-4.9404221773e-01,-5.0145096779e+00,2.3772226562e+03
2936,4.9391096830e-01,-4.9398103356e-01,-4.4149255753e+00,2.3771918945e+03
2937,4.9387046695e-01,-4.9392390251e-01,-4.6391978264e+00,2.3771596680e+03
2938,4.9389123917e-01,-4.9392923713e-01,-4.9331207275e+00,2.3771286621e+03
2939,4.9383428693e-01,-4.9405089021e-01,-4.8816847801e+00,2.3770966797e+03
2940,4.9391406775e-01,-4.9393987656e-01,-4.4284729958e+00,2.3770659180e+03
2941,4.9384683371e-01,-4.9402654171e-01,-5.1954436302e+00,2.3770349121e+03
2942,4.9384817481e-01,-4.9399185181e-01,-4.7210168839e+00,2.3770039062e+03
2943,4.9394205213e-01,-4.9383908510e-01,-4.3588047028e+00,2.3769731445e+03
2944,4.9388265610e-01,-4.9391046166e-01,-5.1207270622e+00,2.3769409180e+03
2945,4.9391162395e-01,-4.9385368824e-01,-4.6335659027e+00,2.3769091797e+03
2946,4.9386945367e-01,-4.9398350716e-01,-5.2682237625e+00,2.3768769531e+03
2947,4.9388724566e-01,-4.9387687445e-01,-4.4543557167e+00,2.3768452148e+03
2948,4.9384617805e-01,-4.9394488335e-01,-5.1450009346e+00,2.3768129883e+03
2949,4.9384415150e-01,-4.9388983846e-01,-4.7946934700e+00,2.3767822266e+03
2950,4.9396115541e-01,-4.9385875463e-01,-4.6412558556e+00,2.3767500000e+03
2951,4.9401098490e-01,-4.9390006065e-01,-4.5822610855e+00,2.3767189941e+03
2952,4.9400314689e-01,-4.9383991957e-01,-4.8016762733e+00,2.3766870117e+03
2953,4.9402472377e-01,-4.9387818575e-01,-4.6814703941e+00,2.3766550293e+03
2954,4.9386435747e-01,-4.9387359619e-01,-5.2924118042e+00,2.3766230469e+03
2955,4.9404481053e-01,-4.9387621880e-01,-4.4044694901e+00,2.3765908203e+03
2956,4.9394303560e-01,-4.9386367202e-01,-4.9760980606e+00,2.3765595703e+03
2957,4.9393472075e-01,-4.9382305145e-01,-4.3532586098e+00,2.3765275879e+03
2958,4.9402654171e-01,-4.9387151003e-01,-5.0927915573e+00,2.3764951172e+03
2959,4.9397194386e-01,-4.9384838343e-01,-5.0353827477e+00,2.3764626465e+03
2960,4.9401065707e-01,-4.9385857582e-01,-4.7828125954e+00,2.3764311523e+03
2961,4.9402788281e-01,-4.9381279945e-01,-4.6283197403e+00,2.3763977051e+03
2962,4.9400269985e-01,-4.9377885461e-01,-4.8793411255e+00,2.3763664551e+03
2963,4.9399945140e-01,-4.9378907681e-01,-5.0831594467e+00,2.3763337402e+03
2964,4.9399721622e-01,-4.9382415414e-01,-4.7132668495e+00,2.3763020020e+03
2965,4.9396753311e-01,-4.9383154511e-01,-5.1023416519e+00,2.3762695312e+03
2966,4.9399882555e-01,-4.9370938540e-01,-4.4492464066e+00,2.3762377930e+03
2967,4.9397268891e-01,-4.9375772476e-01,-5.1155319214e+00,2.3762055664e+03
2968,4.9403175712e-01,-4.9366891384e-01,-4.5014958382e+00,2.3761728516e+03
2969,4.9404132366e-01,-4.9368679523e-01,-4.7931895256e+00,2.3761403809e+03
2970,4.9405309558e-01,-4.9362748861e-01,-4.7376351357e+00,2.3761079102e+03
2971,4.9404871464e-01,-4.9365141988e-01,-4.9601550102e+00,2.3760747070e+03
2972,4.9396997690e-01,-4.9366965890e-01,-5.0119934082e+00,2.3760424805e+03
2973,4.9401539564e-01,-4.9354574084e-01,-4.5239419937e+00,2.3760097656e+03
2974,4.9405354261e-01,-4.9357891083e-01,-4.7245435715e+00,2.3759772949e+03
2975,4.9397513270e-01,-4.9369341135e-01,-5.3114848137e+00,2.3759448242e+03
2976,4.9399939179e-01,-4.9363246560e-01,-4.7463698387e+00,2.3759121094e+03
2977,4.9405178428e-01,-4.9344426394e-01,-4.2634830475e+00,2.3758796387e+03
2978,4.9397188425e-01,-4.9353632331e-01,-5.6937332153e+00,2.3758466797e+03
2979,4.9393773079e-01,-4.9351009727e-01,-4.7667589188e+00,2.3758129883e+03
2980,4.9400365353e-01,-4.9338620901e-01,-4.6108155251e+00,2.3757802734e+03
2981,4.9401098490e-01,-4.9343603849e-01,-4.9709815979e+00,2.3757475586e+03
2982,4.9392789602e-01,-4.9352675676e-01,-5.2467560768e+00,2.3757153320e+03
2983,4.9403691292e-01,-4.9341246486e-01,-4.5333218575e+00,2.3756831055e+03
2984,4.9394810200e-01,-4.9346527457e-01,-5.0971174240e+00,2.3756496582e+03
2985,4.9399608374e-01,-4.9339047074e-01,-4.5064191818e+00,2.3756159668e+03
2986,4.9406543374e-01,-4.9335741997e-01,-4.7149858475e+00,2.3755822754e+03
2987,4.9404346943e-01,-4.9343430996e-01,-4.7715129852e+00,2.3755488281e+03
2988,4.9412512779e-01,-4.9335944653e-01,-4.6304631233e+00,2.3755158691e+03
2989,4.9403128028e-01,-4.9342676997e-01,-4.9904832840e+00,2.3754836426e+03
2990,4.9396950006e-01,-4.9340653419e-01,-5.2578325272e+00,2.3754504395e+03
2991,4.9410653114e-01,-4.9332576990e-01,-4.4881744385e+00,2.3754167480e+03
2992,4.9404168129e-01,-4.9332761765e-01,-5.1251897812e+00,2.3753837891e+03
2993,4.9393209815e-01,-4.9336129427e-01,-4.8037509918e+00,2.3753496094e+03
2994,4.9392169714e-01,-4.9333134294e-01,-4.9408912659e+00,2.3753151855e+03
2995,4.9400100112e-01,-4.9334293604e-01,-4.5197024345e+00,2.3752817383e+03
2996,4.9394351244e-01,-4.9335861206e-01,-4.9347987175e+00,2.3752480469e+03
2997,4.9406728148e-01,-4.9333313107e-01,-4.6946301460e+00,2.3752148438e+03
2998,4.9400007725e-01,-4.9334612489e-01,-4.8448591232e+00,2.3751813965e+03
2999,4.9409383535e-01,-4.9338343740e-01,-4.8961668015e+00,2.3751479492e+03
3000,4.9408295751e-01,-4.9326279759e-01,-4.3852338791e+00,2.3751130371e+03
3001,4.9403095245e-01,-4.9333518744e-01,-5.4042000771e+00,2.3750795898e+03
3002,4.9399805069e-01,-4.9329322577e-01,-4.9609451294e+00,2.3750458984e+03
3003,4.9401301146e-01,-4.9335575104e-01,-5.0865912437e+00,2.3750124512e+03
3004,4.9411714077e-01,-4.9328404665e-01,-4.0372552872e+00,2.3749785156e+03
3005,4.9403998256e-01,-4.9323359132e-01,-5.2941608429e+00,2.3749448242e+03
3006,4.9401581287e-01,-4.9333444238e-01,-5.0659432411e+00,2.3749108887e+03
3007,4.9409422278e-01,-4.9328926206e-01,-4.5272860527e+00,2.3748764648e+03
3008,4.9416068196e-01,-4.9319741130e-01,-4.3824748993e+00,2.3748427734e+03
3009,4.9403014779e-01,-4.9319544435e-01,-5.0974807739e+00,2.3748090820e+03
3010,4.9412348866e-01,-4.9314936996e-01,-4.6587505341e+00,2.3747753906e+03
3011,4.9401026964e-01,-4.9336355925e-01,-5.5475564003e+00,2.3747412109e+03
3012,4.9396410584e-01,-4.9321362376e-01,-4.7786197662e+00,2.3747070312e+03
3013,4.9395948648e-01,-4.9332264066e-01,-5.1371779442e+00,2.3746718750e+03
3014,4.9404489994e-01,-4.9310129881e-01,-4.0633659363e+00,2.3746374512e+03
3015,4.9406191707e-01,-4.9317637086e-01,-5.2478394508e+00,2.3746030273e+03
3016,4.9405923486e-01,-4.9311420321e-01,-4.4345188141e+00,2.3745693359e+03
3017,4.9402835965e-01,-4.9321666360e-01,-5.0326242447e+00,2.3745349121e+03
3018,4.9401742220e-01,-4.9322134256e-01,-5.1079807281e+00,2.3745007324e+03
3019,4.9407291412e-01,-4.9303144217e-01,-4.3554725647e+00,2.3744667969e+03
3020,4.9399667978e-01,-4.9319779873e-01,-5.2890129089e+00,2.3744313965e+03
3021,4.9398520589e-01,-4.9319878221e-01,-5.0156688690e+00,2.3743969727e+03
3022,4.9406746030e-01,-4.9304634333e-01,-4.4431481361e+00,2.3743623047e+03
3023,4.9400249124e-01,-4.9309355021e-01,-5.0661764145e+00,2.3743283691e+03
3024,4.9394521117e-01,-4.9315983057e-01,-4.7408218384e+00,2.3742937012e+03
3025,4.9392375350e-01,-4.9312984943e-01,-5.1977148056e+00,2.3742597656e+03
3026,4.9390295148e-01,-4.9313673377e-01,-4.7859835625e+00,2.3742246094e+03
3027,4.9406668544e-01,-4.9305844307e-01,-4.4580769539e+00,2.3741896973e+03
3028,4.9401742220e-01,-4.9305999279e-01,-5.2174491882e+00,2.3741550293e+03
3029,4.9405080080e-01,-4.9305051565e-01,-4.6176285744e+00,2.3741198730e+03
3030,4.9404463172e-01,-4.9303361773e-01,-4.6633329391e+00,2.3740839844e+03
3031,4.9391335249e-01,-4.9308916926e-01,-5.2638025284e+00,2.3740495605e+03
3032,4.9401733279e-01,-4.9301847816e-01,-4.6738820076e+00,2.3740148926e+03
3033,4.9395772815e-01,-4.9298867583e-01,-4.7237257957e+00,2.3739797363e+03
3034,4.9384808540e-01,-4.9300709367e-01,-5.3232493401e+00,2.3739450684e+03
3035,4.9396479130e-01,-4.9299049377e-01,-4.4173817635e+00,2.3739106445e+03
3036,4.9399462342e-01,-4.9294432998e-01,-5.1685943604e+00,2.3738754883e+03
3037,4.9385932088e-01,-4.9298784137e-01,-4.9503083229e+00,2.3738405762e+03
3038,4.9394169450e-01,-4.9294227362e-01,-4.7986001968e+00,2.3738051758e+03
3039,4.9400588870e-01,-4.9293008447e-01,-4.6379117966e+00,2.3737709961e+03
3040,4.9393716455e-01,-4.9291983247e-01,-5.2331600189e+00,2.3737358398e+03
3041,4.9397993088e-01,-4.9292081594e-01,-4.6111726761e+00,2.3737004395e+03
3042,4.9396863580e-01,-4.9288639426e-01,-4.8069610596e+00,2.3736650391e+03
3043,4.9384015799e-01,-4.9293372035e-01,-5.3841485977e+00,2.3736298828e+03
3044,4.9394032359e-01,-4.9292507768e-01,-4.5997705460e+00,2.3735947266e+03
3045,4.9391645193e-01,-4.9289920926e-01,-4.9474239349e+00,2.3735595703e+03
3046,4.9398699403e-01,-4.9287623167e-01,-4.7101840973e+00,2.3735234375e+03
3047,4.9390664697e-01,-4.9283361435e-01,-4.9184188843e+00,2.3734885254e+03
3048,4.9393433332e-01,-4.9285411835e-01,-4.8082876205e+00,2.3734531250e+03
3049,4.9393811822e-01,-4.9284791946e-01,-5.1420826912e+00,2.3734172363e+03
3050,4.9390849471e-01,-4.9280336499e-01,-4.8096299171e+00,2.3733828125e+03
3051,4.9385100603e-01,-4.9293130636e-01,-5.4835529327e+00,2.3733471680e+03
3052,4.9390769005e-01,-4.9275520444e-01,-4.2729077339e+00,2.3733110352e+03
3053,4.9397140741e-01,-4.9265661836e-01,-4.7148933411e+00,2.3732751465e+03
3054,4.9392184615e-01,-4.9261009693e-01,-4.8610596657e+00,2.3732395020e+03
3055,4.9396494031e-01,-4.9270060658e-01,-4.9330253601e+00,2.3732036133e+03
3056,4.9395740032e-01,-4.9265888333e-01,-4.8292713165e+00,2.3731669922e+03
3057,4.9392947555e-01,-4.9270540476e-01,-4.8899168968e+00,2.3731320801e+03
3058,4.9385416508e-01,-4.9283751845e-01,-5.6874499321e+00,2.3730964355e+03
3059,4.9386677146e-01,-4.9274638295e-01,-4.3480978012e+00,2.3730603027e+03
3060,4.9401387572e-01,-4.9255010486e-01,-4.1374216080e+00,2.3730244141e+03
3061,4.9395880103e-01,-4.9278926849e-01,-5.5625381470e+00,2.3729890137e+03
3062,4.9396318197e-01,-4.9260628223e-01,-4.4434838295e+00,2.3729526367e+03
3063,4.9394384027e-01,-4.9271711707e-01,-5.1636037827e+00,2.3729167480e+03
3064,4.9392944574e-01,-4.9278345704e-01,-4.9754905701e+00,2.3728808594e+03
3065,4.9388146400e-01,-4.9279883504e-01,-5.2631645203e+00,2.3728442383e+03
3066,4.9398359656e-01,-4.9262630939e-01,-4.4181017876e+00,2.3728083496e+03
3067,4.9392676353e-01,-4.9270030856e-01,-5.2194905281e+00,2.3727719727e+03
3068,4.9395149946e-01,-4.9269703031e-01,-4.6816859245e+00,2.3727363281e+03
3069,4.9403387308e-01,-4.9258610606e-01,-4.8549799919e+00,2.3727004395e+03
3070,4.9399593472e-01,-4.9261939526e-01,-4.7524199486e+00,2.3726645508e+03
3071,4.9388948083e-01,-4.9267151952e-01,-5.1278948784e+00,2.3726279297e+03
3072,4.9389001727e-01,-4.9262911081e-01,-5.2708735466e+00,2.3725915527e+03
3073,4.9400988221e-01,-4.9259895086e-01,-4.3927288055e+00,2.3725551758e+03
3074,4.9388578534e-01,-4.9262058735e-01,-4.8937931061e+00,2.3725190430e+03
3075,4.9397152662e-01,-4.9258804321e-01,-4.6869497299e+00,2.3724838867e+03
3076,4.9392715096e-01,-4.9257045984e-01,-5.2211933136e+00,2.3724482422e+03
3077,4.9402645230e-01,-4.9254789948e-01,-4.3845224380e+00,2.3724121094e+03
3078,4.9401369691e-01,-4.9256533384e-01,-5.2271518707e+00,2.3723759766e+03
3079,4.9384582043e-01,-4.9255415797e-01,-4.9840030670e+00,2.3723395996e+03
3080,4.9394971132e-01,-4.9256440997e-01,-5.0402050018e+00,2.3723029785e+03
3081,4.9387708306e-01,-4.9255022407e-01,-4.9371371269e+00,2.3722663574e+03
3082,4.9394989014e-01,-4.9251571298e-01,-4.6504821777e+00,2.3722294922e+03
3083,4.9397748709e-01,-4.9252623320e-01,-5.1009817123e+00,2.3721936035e+03
3084,4.9392876029e-01,-4.9247533083e-01,-4.6628189087e+00,2.3721572266e+03
3085,4.9393531680e-01,-4.9250465631e-01,-4.8067255020e+00,2.3721206055e+03
3086,4.9393334985e-01,-4.9245718122e-01,-4.9395689964e+00,2.3720842285e+03
3087,4.9392387271e-01,-4.9245500565e-01,-5.0212664604e+00,2.3720478516e+03
3088,4.9396339059e-01,-4.9246907234e-01,-4.8318781853e+00,2.3720119629e+03
3089,4.9392259121e-01,-4.9244576693e-01,-4.9913787842e+00,2.3719755859e+03
3090,4.9395826459e-01,-4.9252811074e-01,-4.9674606323e+00,2.3719394531e+03
3091,4.9385952950e-01,-4.9253582954e-01,-5.3982100487e+00,2.3719020996e+03
3092,4.9390503764e-01,-4.9257150292e-01,-4.8359322548e+00,2.3718652344e+03
3093,4.9400541186e-01,-4.9244818091e-01,-4.4226241112e+00,2.3718281250e+03
3094,4.9391338229e-01,-4.9234935641e-01,-5.0661172867e+00,2.3717917480e+03
3095,4.9391177297e-01,-4.9251836538e-01,-5.2737669945e+00,2.3717548828e+03
3096,4.9393305182e-01,-4.9243921041e-01,-4.5885548592e+00,2.3717187500e+03
3097,4.9393829703e-01,-4.9229744077e-01,-4.6844429970e+00,2.3716835938e+03
3098,4.9393668771e-01,-4.9230262637e-01,-4.8494358063e+00,2.3716455078e+03
3099,4.9388131499e-01,-4.9248665571e-01,-5.3042836189e+00,2.3716091309e+03
3100,4.9396246672e-01,-4.9237170815e-01,-4.6161494255e+00,2.3715720215e+03
3101,4.9387902021e-01,-4.9246859550e-01,-5.3300099373e+00,2.3715349121e+03
3102,4.9393084645e-01,-4.9229279160e-01,-4.3274521828e+00,2.3714987793e+03
3103,4.9399667978e-01,-4.9225527048e-01,-4.9739327431e+00,2.3714614258e+03
3104,4.9396547675e-01,-4.9224430323e-01,-4.8042278290e+00,2.3714252930e+03
3105,4.9384033680e-01,-4.9234440923e-01,-5.3549747467e+00,2.3713884277e+03
3106,4.9396345019e-01,-4.9224442244e-01,-4.5794811249e+00,2.3713520508e+03
3107,4.9394878745e-01,-4.9228423834e-01,-5.0961489677e+00,2.3713151855e+03
3108,4.9381950498e-01,-4.9234682322e-01,-5.2463955879e+00,2.3712785645e+03
3109,4.9390152097e-01,-4.9228364229e-01,-4.8236651421e+00,2.3712412109e+03
3110,4.9402490258e-01,-4.9218747020e-01,-4.5717048645e+00,2.3712036133e+03
3111,4.9393260479e-01,-4.9227166176e-01,-4.8390436172e+00,2.3711667480e+03
3112,4.9400225282e-01,-4.9219661951e-01,-4.9669966698e+00,2.3711298828e+03
3113,4.9385485053e-01,-4.9224147201e-01,-5.2555246353e+00,2.3710925293e+03
3114,4.9401471019e-01,-4.9216318130e-01,-4.5350985527e+00,2.3710563965e+03
3115,4.9391928315e-01,-4.9218624830e-01,-5.1501665115e+00,2.3710190430e+03
3116,4.9388590455e-01,-4.9217727780e-01,-4.8088030815e+00,2.3709821777e+03
3117,4.9398216605e-01,-4.9213218689e-01,-4.8184404373e+00,2.3709445801e+03
3118,4.9392530322e-01,-4.9211820960e-01,-4.9449725151e+00,2.3709072266e+03
3119,4.9397230148e-01,-4.9213266373e-01,-5.2304272652e+00,2.3708693848e+03
3120,4.9388080835e-01,-4.9210312963e-01,-5.0341587067e+00,2.3708330078e+03
3121,4.9392232299e-01,-4.9210929871e-01,-5.0957269669e+00,2.3707966309e+03
3122,4.9395412207e-01,-4.9211272597e-01,-4.7168302536e+00,2.3707590332e+03
3123,4.9393138289e-01,-4.9208021164e-01,-5.0051498413e+00,2.3707219238e+03
3124,4.9390050769e-01,-4.9199834466e-01,-4.7134232521e+00,2.3706853027e+03
3125,4.9397560954e-01,-4.9206182361e-01,-4.7927632332e+00,2.3706477051e+03
3126,4.9394154549e-01,-4.9201852083e-01,-4.9060840607e+00,2.3706103516e+03
3127,4.9391269684e-01,-4.9197068810e-01,-5.2153887749e+00,2.3705739746e+03
3128,4.9395307899e-01,-4.9203863740e-01,-5.0208315849e+00,2.3705363770e+03
3129,4.9389019608e-01,-4.9197056890e-01,-4.8767757416e+00,2.3704997559e+03
3130,4.9395227432e-01,-4.9199134111e-01,-4.7632837296e+00,2.3704619141e+03
3131,4.9389117956e-01,-4.9193295836e-01,-5.0993022919e+00,2.3704245605e+03
3132,4.9395641685e-01,-4.9192753434e-01,-4.6513853073e+00,2.3703876953e+03
3133,4.9390241504e-01,-4.9203360081e-01,-5.2717752457e+00,2.3703505859e+03
3134,4.9384942651e-01,-4.9197244644e-01,-4.8761725426e+00,2.3703134766e+03
3135,4.9386036396e-01,-4.9202695489e-01,-5.1225481033e+00,2.3702766113e+03
3136,4.9387741089e-01,-4.9189248681e-01,-4.6359095573e+00,2.3702397461e+03
3137,4.9396568537e-01,-4.9188381433e-01,-4.6367917061e+00,2.3702016602e+03
3138,4.9393719435e-01,-4.9184286594e-01,-4.8864583969e+00,2.3701640625e+03
3139,4.9395754933e-01,-4.9190288782e-01,-5.0077948570e+00,2.3701269531e+03
3140,4.9395379424e-01,-4.9185848236e-01,-4.9128732681e+00,2.3700893555e+03
3141,4.9389213324e-01,-4.9195519090e-01,-5.3257832527e+00,2.3700522461e+03
3142,4.9395436049e-01,-4.9184250832e-01,-4.6388521194e+00,2.3700151367e+03
3143,4.9384105206e-01,-4.9194562435e-01,-5.4541516304e+00,2.3699772949e+03
3144,4.9387940764e-01,-4.9187660217e-01,-4.7054877281e+00,2.3699392090e+03
3145,4.9387076497e-01,-4.9181130528e-01,-4.8708348274e+00,2.3699018555e+03
3146,4.9382862449e-01,-4.9186524749e-01,-5.1607437134e+00,2.3698649902e+03
3147,4.9376049638e-01,-4.9180349708e-01,-4.7760028839e+00,2.3698271484e+03
3148,4.9387559295e-01,-4.9181395769e-01,-4.7399044037e+00,2.3697900391e+03
3149,4.9382323027e-01,-4.9184086919e-01,-5.1229701042e+00,2.3697526855e+03
3150,4.9370425940e-01,-4.9190437794e-01,-5.2564764023e+00,2.3697145996e+03
3151,4.9381262064e-01,-4.9178493023e-01,-4.5771398544e+00,2.3696774902e+03
3152,4.9372467399e-01,-4.9184408784e-01,-5.1106047630e+00,2.3696398926e+03
3153,4.9383684993e-01,-4.9181756377e-01,-4.8536934853e+00,2.3696027832e+03
3154,4.9384126067e-01,-4.9177658558e-01,-4.8459439278e+00,2.3695656738e+03
3155,4.9386978149e-01,-4.9177017808e-01,-4.9358325005e+00,2.3695283203e+03
3156,4.9374860525e-01,-4.9178266525e-01,-5.0561642647e+00,2.3694912109e+03
3157,4.9370461702e-01,-4.9177211523e-01,-5.2774558067e+00,2.3694533691e+03
3158,4.9380296469e-01,-4.9174427986e-01,-4.8574976921e+00,2.3694147949e+03
3159,4.9377432466e-01,-4.9172911048e-01,-4.8221321106e+00,2.3693767090e+03
3160,4.9371805787e-01,-4.9173521996e-01,-5.2154388428e+00,2.3693391113e+03
3161,4.9375209212e-01,-4.9172660708e-01,-4.7681565285e+00,2.3693027344e+03
3162,4.9377018213e-01,-4.9169602990e-01,-5.0889620781e+00,2.3692646484e+03
3163,4.9371528625e-01,-4.9167001247e-01,-5.0957403183e+00,2.3692270508e+03
3164,4.9381130934e-01,-4.9167227745e-01,-4.5418109894e+00,2.3691899414e+03
3165,4.9374771118e-01,-4.9171042442e-01,-5.2848429680e+00,2.3691520996e+03
3166,4.9380743504e-01,-4.9170047045e-01,-4.8624320030e+00,2.3691145020e+03
3167,4.9377641082e-01,-4.9166092277e-01,-4.8981447220e+00,2.3690771484e+03
3168,4.9381846189e-01,-4.9167400599e-01,-4.9906673431e+00,2.3690397949e+03
3169,4.9370062351e-01,-4.9165835977e-01,-5.4878821373e+00,2.3690026855e+03
3170,4.9374052882e-01,-4.9161100388e-01,-4.7335495949e+00,2.3689643555e+03
3171,4.9367913604e-01,-4.9160510302e-01,-5.0885281563e+00,2.3689265137e+03
3172,4.9373412132e-01,-4.9162125587e-01,-4.7476220131e+00,2.3688886719e+03
3173,4.9372512102e-01,-4.9160906672e-01,-5.1221175194e+00,2.3688518066e+03
3174,4.9383440614e-01,-4.9160668254e-01,-4.6524906158e+00,2.3688146973e+03
3175,4.9377855659e-01,-4.9162656069e-01,-5.0608086586e+00,2.3687778320e+03
3176,4.9381121993e-01,-4.9161690474e-01,-4.8114275932e+00,2.3687399902e+03
3177,4.9380818009e-01,-4.9159067869e-01,-4.9338612556e+00,2.3687014160e+03
3178,4.9382194877e-01,-4.9156501889e-01,-4.9230852127e+00,2.3686638184e+03
3179,4.9383443594e-01,-4.9155002832e-01,-4.9885344505e+00,2.3686254883e+03
3180,4.9376749992e-01,-4.9155089259e-01,-5.1392102242e+00,2.3685883789e+03
3181,4.9381527305e-01,-4.9158829451e-01,-5.1528544426e+00,2.3685517578e+03
3182,4.9377864599e-01,-4.9152073264e-01,-4.9535560608e+00,2.3685144043e+03
3183,4.9368843436e-01,-4.9157321453e-01,-5.2438592911e+00,2.3684768066e+03
3184,4.9373054504e-01,-4.9149709940e-01,-4.8842206001e+00,2.3684392090e+03
3185,4.9370825291e-01,-4.9153456092e-01,-5.0598273277e+00,2.3684011230e+03
3186,4.9370527267e-01,-4.9157777429e-01,-5.1474351883e+00,2.3683632812e+03
3187,4.9377807975e-01,-4.9152398109e-01,-4.7977375984e+00,2.3683259277e+03
3188,4.9370726943e-01,-4.9152120948e-01,-4.9884200096e+00,2.3682885742e+03
3189,4.9371504784e-01,-4.9150720239e-01,-5.1026239395e+00,2.3682526855e+03
3190,4.9377223849e-01,-4.9149170518e-01,-4.8187665939e+00,2.3682148438e+03
3191,4.9376764894e-01,-4.9147462845e-01,-5.0321092606e+00,2.3681767578e+03
3192,4.9370455742e-01,-4.9148195982e-01,-4.9392566681e+00,2.3681381836e+03
3193,4.9365451932e-01,-4.9146348238e-01,-5.3367843628e+00,2.3681015625e+03
3194,4.9369600415e-01,-4.9148073792e-01,-4.8085341454e+00,2.3680634766e+03
3195,4.9361890554e-01,-4.9144983292e-01,-5.2367305756e+00,2.3680263672e+03
3196,4.9363437295e-01,-4.9144005775e-01,-4.8176069260e+00,2.3679892578e+03
3197,4.9378910661e-01,-4.9142223597e-01,-4.7879853249e+00,2.3679511719e+03
3198,4.9371051788e-01,-4.9140372872e-01,-5.0093135834e+00,2.3679130859e+03
3199,4.9375617504e-01,-4.9141412973e-01,-5.0176458359e+00,2.3678750000e+03
3200,4.9373656511e-01,-4.9136346579e-01,-4.9137611389e+00,2.3678371582e+03
3201,4.9361741543e-01,-4.9142402411e-01,-5.3529734612e+00,2.3678007812e+03
3202,4.9360913038e-01,-4.9136441946e-01,-4.8548812866e+00,2.3677624512e+03
3203,4.9372288585e-01,-4.9131384492e-01,-4.7433910370e+00,2.3677260742e+03
3204,4.9362504482e-01,-4.9138182402e-01,-5.4360918999e+00,2.3676882324e+03
3205,4.9371659756e-01,-4.9131491780e-01,-4.6774883270e+00,2.3676503906e+03
3206,4.9363243580e-01,-4.9135679007e-01,-5.5092434883e+00,2.3676123047e+03
3207,4.9365869164e-01,-4.9130678177e-01,-4.8820157051e+00,2.3675751953e+03
3208,4.9365818501e-01,-4.9132037163e-01,-5.1952810287e+00,2.3675375977e+03
3209,4.9369356036e-01,-4.9123930931e-01,-4.6223402023e+00,2.3675004883e+03
3210,4.9363264441e-01,-4.9127727747e-01,-5.4241023064e+00,2.3674626465e+03
3211,4.9366036057e-01,-4.9125903845e-01,-4.8044333458e+00,2.3674255371e+03
3212,4.9366831779e-01,-4.9128890038e-01,-5.2664055824e+00,2.3673876953e+03
3213,4.9359369278e-01,-4.9130734801e-01,-5.1805090904e+00,2.3673508301e+03
3214,4.9365264177e-01,-4.9125006795e-01,-4.8450036049e+00,2.3673137207e+03
3215,4.9366384745e-01,-4.9125498533e-01,-4.9211277962e+00,2.3672758789e+03
3216,4.9358353019e-01,-4.9124169350e-01,-5.3292560577e+00,2.3672395020e+03
3217,4.9363625050e-01,-4.9120107293e-01,-4.7084732056e+00,2.3672016602e+03
3218,4.9358487129e-01,-4.9122387171e-01,-5.2119216919e+00,2.3671640625e+03
3219,4.9359115958e-01,-4.9130785465e-01,-5.2439775467e+00,2.3671271973e+03
3220,4.9360737205e-01,-4.9120903015e-01,-4.8527560234e+00,2.3670895996e+03
3221,4.9360045791e-01,-4.9122211337e-01,-4.9966430664e+00,2.3670520020e+03
3222,4.9359056354e-01,-4.9116834998e-01,-5.1402134895e+00,2.3670146484e+03
3223,4.9358126521e-01,-4.9116533995e-01,-4.9830150604e+00,2.3669780273e+03
3224,4.9361854792e-01,-4.9113467336e-01,-4.9016146660e+00,2.3669404297e+03
3225,4.9364343286e-01,-4.9121880531e-01,-5.2924566269e+00,2.3669028320e+03
3226,4.9362367392e-01,-4.9109429121e-01,-4.8891091347e+00,2.3668657227e+03
3227,4.9355235696e-01,-4.9120268226e-01,-5.5645613670e+00,2.3668286133e+03
3228,4.9371695518e-01,-4.9109792709e-01,-4.3640117645e+00,2.3667910156e+03
3229,4.9368223548e-01,-4.9108180404e-01,-5.2226238251e+00,2.3667536621e+03
3230,4.9361863732e-01,-4.9108338356e-01,-5.2169804573e+00,2.3667160645e+03
3231,4.9367007613e-01,-4.9112236500e-01,-5.0876231194e+00,2.3666789551e+03
3232,4.9351134896e-01,-4.9113163352e-01,-5.4949994087e+00,2.3666420898e+03
3233,4.9364089966e-01,-4.9108424783e-01,-4.6494340897e+00,2.3666049805e+03
3234,4.9354004860e-01,-4.9107679725e-01,-5.2508249283e+00,2.3665671387e+03
3235,4.9360314012e-01,-4.9102726579e-01,-4.9468975067e+00,2.3665295410e+03
3236,4.9352762103e-01,-4.9113294482e-01,-5.3442416191e+00,2.3664916992e+03
3237,4.9360761046e-01,-4.9099531770e-01,-4.6932382584e+00,2.3664541016e+03
3238,4.9356922507e-01,-4.9105080962e-01,-5.2797732353e+00,2.3664177246e+03
3239,4.9357357621e-01,-4.9104544520e-01,-4.9320139885e+00,2.3663806152e+03
3240,4.9351528287e-01,-4.9103665352e-01,-5.3247585297e+00,2.3663427734e+03
3241,4.9358361959e-01,-4.9097079039e-01,-4.6381087303e+00,2.3663061523e+03
3242,4.9354279041e-01,-4.9096214771e-01,-5.2094259262e+00,2.3662685547e+03
3243,4.9355155230e-01,-4.9094179273e-01,-5.0408210754e+00,2.3662309570e+03
3244,4.9351352453e-01,-4.9099060893e-01,-5.3360166550e+00,2.3661936035e+03
3245,4.9348163605e-01,-4.9101078510e-01,-5.2048726082e+00,2.3661569824e+03
3246,4.9353423715e-01,-4.9084332585e-01,-4.6361870766e+00,2.3661191406e+03
3247,4.9359595776e-01,-4.9090149999e-01,-5.3319025040e+00,2.3660817871e+03
3248,4.9351960421e-01,-4.9093133211e-01,-5.1977601051e+00,2.3660444336e+03
3249,4.9347850680e-01,-4.9098867178e-01,-5.2474017143e+00,2.3660078125e+03
3250,4.9352341890e-01,-4.9097368121e-01,-4.9980874062e+00,2.3659699707e+03
3251,4.9347245693e-01,-4.9095261097e-01,-4.8641657829e+00,2.3659328613e+03
3252,4.9346247315e-01,-4.9091243744e-01,-5.2115097046e+00,2.3658955078e+03
3253,4.9341544509e-01,-4.9091470242e-01,-5.0532960892e+00,2.3658581543e+03
3254,4.9344825745e-01,-4.9082893133e-01,-5.0678877831e+00,2.3658215332e+03
3255,4.9341380596e-01,-4.9088332057e-01,-5.0607094765e+00,2.3657836914e+03
3256,4.9339091778e-01,-4.9089995027e-01,-5.4979882240e+00,2.3657468262e+03
3257,4.9353605509e-01,-4.9083906412e-01,-4.1834692955e+00,2.3657099609e+03
3258,4.9339488149e-01,-4.9088105559e-01,-6.1076393127e+00,2.3656733398e+03
3259,4.9346339703e-01,-4.9079877138e-01,-4.2944035530e+00,2.3656367188e+03
3260,4.9336197972e-01,-4.9080246687e-01,-5.7062239647e+00,2.3655993652e+03
3261,4.9341428280e-01,-4.9083793163e-01,-4.7489471436e+00,2.3655622559e+03
3262,4.9339810014e-01,-4.9080172181e-01,-5.4543433189e+00,2.3655246582e+03
3263,4.9347925186e-01,-4.9084714055e-01,-4.1693282127e+00,2.3654877930e+03
3264,4.9338421226e-01,-4.9084293842e-01,-5.7951588631e+00,2.3654516602e+03
3265,4.9333143234e-01,-4.9083039165e-01,-4.8252644539e+00,2.3654147949e+03
3266,4.9332332611e-01,-4.9079546332e-01,-5.4397354126e+00,2.3653786621e+03
3267,4.9330952764e-01,-4.9078828096e-01,-4.8796992302e+00,2.3653420410e+03
3268,4.9340757728e-01,-4.9079558253e-01,-5.3374829292e+00,2.3653051758e+03
3269,4.9328529835e-01,-4.9074032903e-01,-5.1876730919e+00,2.3652680664e+03
3270,4.9332392216e-01,-4.9073070288e-01,-5.0824017525e+00,2.3652316895e+03
3271,4.9326699972e-01,-4.9073243141e-01,-5.3355050087e+00,2.3651948242e+03
3272,4.9332284927e-01,-4.9070516229e-01,-4.9685616493e+00,2.3651589355e+03
3273,4.9333438277e-01,-4.9067586660e-01,-4.7126865387e+00,2.3651215820e+03
3274,4.9331185222e-01,-4.9064606428e-01,-5.4800271988e+00,2.3650856934e+03
3275,4.9327018857e-01,-4.9064376950e-01,-5.0011668205e+00,2.3650480957e+03
3276,4.9334523082e-01,-4.9057185650e-01,-5.1058850288e+00,2.3650114746e+03
3277,4.9325746298e-01,-4.9058851600e-01,-5.3078565598e+00,2.3649753418e+03
3278,4.9326464534e-01,-4.9056121707e-01,-5.1461477280e+00,2.3649392090e+03
3279,4.9337345362e-01,-4.9057900906e-01,-5.0248270035e+00,2.3649025879e+03
3280,4.9333402514e-01,-4.9054712057e-01,-5.1786165237e+00,2.3648654785e+03
3281,4.9321740866e-01,-4.9048152566e-01,-5.1039996147e+00,2.3648288574e+03
3282,4.9333065748e-01,-4.9049708247e-01,-5.1146650314e+00,2.3647919922e+03
3283,4.9329572916e-01,-4.9044021964e-01,-4.8123970032e+00,2.3647551270e+03
3284,4.9322316051e-01,-4.9038645625e-01,-5.3540434837e+00,2.3647189941e+03
3285,4.9327972531e-01,-4.9046024680e-01,-5.0910487175e+00,2.3646831055e+03
3286,4.9326321483e-01,-4.9043747783e-01,-5.2097101212e+00,2.3646472168e+03
3287,4.9320918322e-01,-4.9044486880e-01,-5.2180848122e+00,2.3646101074e+03
3288,4.9324062467e-01,-4.9042624235e-01,-4.9649081230e+00,2.3645739746e+03
3289,4.9324324727e-01,-4.9040549994e-01,-5.2853050232e+00,2.3645366211e+03
3290,4.9326476455e-01,-4.9039077759e-01,-4.7705454826e+00,2.3644997559e+03
3291,4.9322605133e-01,-4.9042230844e-01,-5.5185790062e+00,2.3644633789e+03
3292,4.9315991998e-01,-4.9044275284e-01,-5.2200918198e+00,2.3644277344e+03
3293,4.9319660664e-01,-4.9042794108e-01,-5.1019272804e+00,2.3643911133e+03
3294,4.9322271347e-01,-4.9041160941e-01,-5.1081104279e+00,2.3643549805e+03
3295,4.9320465326e-01,-4.9041575193e-01,-5.3426246643e+00,2.3643186035e+03
3296,4.9323576689e-01,-4.9041056633e-01,-4.8903212547e+00,2.3642822266e+03
3297,4.9316966534e-01,-4.9041867256e-01,-5.3900818825e+00,2.3642463379e+03
3298,4.9316784739e-01,-4.9037155509e-01,-5.1376395226e+00,2.3642102051e+03
3299,4.9320158362e-01,-4.9037131667e-01,-5.1918888092e+00,2.3641745605e+03
3300,4.9318298697e-01,-4.9033886194e-01,-5.1844124794e+00,2.3641389160e+03
3301,4.9314633012e-01,-4.9044424295e-01,-5.5362191200e+00,2.3641027832e+03
3302,4.9320140481e-01,-4.9037823081e-01,-4.9202613831e+00,2.3640666504e+03
3303,4.9322965741e-01,-4.9031528831e-01,-5.0512576103e+00,2.3640307617e+03
3304,4.9308064580e-01,-4.9037209153e-01,-5.6928014755e+00,2.3639943848e+03
3305,4.9312913418e-01,-4.9031943083e-01,-4.9610476494e+00,2.3639584961e+03
3306,4.9319559336e-01,-4.9030199647e-01,-5.0066475868e+00,2.3639233398e+03
3307,4.9309775233e-01,-4.9035653472e-01,-5.6360702515e+00,2.3638869629e+03
3308,4.9309629202e-01,-4.9038368464e-01,-4.9675602913e+00,2.3638508301e+03
3309,4.9316623807e-01,-4.9031853676e-01,-5.0114688873e+00,2.3638149414e+03
3310,4.9308499694e-01,-4.9036696553e-01,-5.4717659950e+00,2.3637792969e+03
3311,4.9304845929e-01,-4.9040004611e-01,-5.3764371872e+00,2.3637434082e+03
3312,4.9304366112e-01,-4.9040138721e-01,-5.1119532585e+00,2.3637067871e+03
3313,4.9316260219e-01,-4.9030819535e-01,-4.9766559601e+00,2.3636716309e+03
3314,4.9311080575e-01,-4.9033305049e-01,-5.1717143059e+00,2.3636362305e+03
3315,4.9312642217e-01,-4.9031731486e-01,-5.3505167961e+00,2.3636005859e+03
3316,4.9301639199e-01,-4.9033233523e-01,-5.3593955040e+00,2.3635656738e+03
3317,4.9305018783e-01,-4.9037992954e-01,-5.2265543938e+00,2.3635300293e+03
3318,4.9301320314e-01,-4.9033150077e-01,-5.1872100830e+00,2.3634943848e+03
3319,4.9299240112e-01,-4.9028393626e-01,-5.4513220787e+00,2.3634589844e+03
3320,4.9301013350e-01,-4.9030405283e-01,-4.7899603844e+00,2.3634243164e+03
3321,4.9306395650e-01,-4.9040994048e-01,-5.4822912216e+00,2.3633894043e+03
3322,4.9301740527e-01,-4.9035686255e-01,-5.2548336983e+00,2.3633532715e+03
3323,4.9305394292e-01,-4.9038460851e-01,-5.2179703712e+00,2.3633171387e+03
3324,4.9301126599e-01,-4.9031805992e-01,-4.8490982056e+00,2.3632824707e+03
3325,4.9296510220e-01,-4.9038568139e-01,-5.7940716743e+00,2.3632468262e+03
3326,4.9290493131e-01,-4.9030119181e-01,-5.0895953178e+00,2.3632119141e+03
3327,4.9297583103e-01,-4.9031785131e-01,-5.2064571381e+00,2.3631767578e+03
3328,4.9294716120e-01,-4.9027994275e-01,-5.2743468285e+00,2.3631416016e+03
3329,4.9292707443e-01,-4.9033838511e-01,-5.4687752724e+00,2.3631059570e+03
3330,4.9296090007e-01,-4.9026840925e-01,-4.9634404182e+00,2.3630705566e+03
3331,4.9293294549e-01,-4.9029913545e-01,-5.4074230194e+00,2.3630356445e+03
3332,4.9290886521e-01,-4.9032375216e-01,-5.2620515823e+00,2.3630002441e+03
3333,4.9292340875e-01,-4.9030780792e-01,-5.2599711418e+00,2.3629655762e+03
3334,4.9294853210e-01,-4.9023047090e-01,-5.1198573112e+00,2.3629311523e+03
3335,4.9294987321e-01,-4.9033346772e-01,-5.3500018120e+00,2.3628962402e+03
3336,4.9296236038e-01,-4.9027171731e-01,-5.2289471626e+00,2.3628613281e+03
3337,4.9295431376e-01,-4.9025392532e-01,-5.1748447418e+00,2.3628269043e+03
3338,4.9291276932e-01,-4.9037939310e-01,-5.6047234535e+00,2.3627922363e+03
3339,4.9289461970e-01,-4.9021461606e-01,-5.4657444954e+00,2.3627568359e+03
3340,4.9294933677e-01,-4.9018651247e-01,-4.8820023537e+00,2.3627219238e+03
3341,4.9292171001e-01,-4.9020007253e-01,-5.4263734818e+00,2.3626872559e+03
3342,4.9291598797e-01,-4.9015015364e-01,-5.1243972778e+00,2.3626523438e+03
3343,4.9291771650e-01,-4.9020767212e-01,-5.1412916183e+00,2.3626179199e+03
3344,4.9288177490e-01,-4.9020901322e-01,-5.8388361931e+00,2.3625834961e+03
3345,4.9282550812e-01,-4.9026781321e-01,-5.3760151863e+00,2.3625485840e+03
3346,4.9288931489e-01,-4.9022397399e-01,-4.9058108330e+00,2.3625141602e+03
3347,4.9293169379e-01,-4.9018853903e-01,-5.4477152824e+00,2.3624799805e+03
3348,4.9293282628e-01,-4.9018260837e-01,-5.0527377129e+00,2.3624458008e+03
3349,4.9290853739e-01,-4.9016508460e-01,-5.6011829376e+00,2.3624113770e+03
3350,4.9276500940e-01,-4.9026530981e-01,-5.5025668144e+00,2.3623774414e+03
3351,4.9288383126e-01,-4.9016925693e-01,-5.0511422157e+00,2.3623430176e+03
3352,4.9277192354e-01,-4.9024122953e-01,-5.6198153496e+00,2.3623085938e+03
3353,4.9275922775e-01,-4.9020895362e-01,-5.6416277885e+00,2.3622736816e+03
3354,4.9292415380e-01,-4.9010437727e-01,-4.5653142929e+00,2.3622395020e+03
3355,4.9280667305e-01,-4.9013996124e-01,-6.0680365562e+00,2.3622048340e+03
3356,4.9284127355e-01,-4.9011811614e-01,-4.8422193527e+00,2.3621718750e+03
3357,4.9276414514e-01,-4.9015066028e-01,-5.4345922470e+00,2.3621372070e+03
3358,4.9280717969e-01,-4.9005419016e-01,-5.4609532356e+00,2.3621032715e+03
3359,4.9279710650e-01,-4.9011212587e-01,-5.4688954353e+00,2.3620688477e+03
3360,4.9279341102e-01,-4.9002420902e-01,-5.2699079514e+00,2.3620349121e+03
3361,4.9274519086e-01,-4.9006089568e-01,-5.8587346077e+00,2.3620000000e+03
3362,4.9258837104e-01,-4.9009969831e-01,-5.3438916206e+00,2.3619670410e+03
3363,4.9269399047e-01,-4.9001055956e-01,-5.1573286057e+00,2.3619323730e+03
3364,4.9268072844e-01,-4.9005627632e-01,-5.2358574867e+00,2.3618984375e+03
3365,4.9266985059e-01,-4.9002027512e-01,-5.6507520676e+00,2.3618647461e+03
3366,4.9271956086e-01,-4.8999288678e-01,-5.0292997360e+00,2.3618310547e+03
3367,4.9270722270e-01,-4.9009546638e-01,-5.5740752220e+00,2.3617978516e+03
3368,4.9269962311e-01,-4.9004426599e-01,-5.2766385078e+00,2.3617639160e+03
3369,4.9264109135e-01,-4.9009090662e-01,-5.7074747086e+00,2.3617297363e+03
3370,4.9266254902e-01,-4.8996213078e-01,-4.8471074104e+00,2.3616975098e+03
3371,4.9268037081e-01,-4.9010431767e-01,-6.0688810349e+00,2.3616638184e+03
3372,4.9267506599e-01,-4.9006175995e-01,-4.9640350342e+00,2.3616306152e+03
3373,4.9264886975e-01,-4.9000802636e-01,-5.7381238937e+00,2.3615971680e+03
3374,4.9262076616e-01,-4.8995122313e-01,-4.5757308006e+00,2.3615646973e+03
3375,4.9274048209e-01,-4.8997393250e-01,-5.9339909554e+00,2.3615302734e+03
3376,4.9275875092e-01,-4.9002221227e-01,-4.7743654251e+00,2.3614973145e+03
3377,4.9267426133e-01,-4.9010354280e-01,-6.5942664146e+00,2.3614638672e+03
3378,4.9263694882e-01,-4.9009472132e-01,-4.4650435448e+00,2.3614299316e+03
3379,4.9251464009e-01,-4.9007138610e-01,-6.6448478699e+00,2.3613972168e+03
3380,4.9257832766e-01,-4.9008750916e-01,-4.1022834778e+00,2.3613642578e+03
3381,4.9260589480e-01,-4.9001404643e-01,-6.5360226631e+00,2.3613315430e+03
3382,4.9250617623e-01,-4.9012622237e-01,-4.5329322815e+00,2.3612985840e+03
3383,4.9269640446e-01,-4.8993951082e-01,-6.0276799202e+00,2.3612658691e+03
3384,4.9254792929e-01,-4.9006834626e-01,-4.5434617996e+00,2.3612321777e+03
3385,4.9265849590e-01,-4.8995426297e-01,-6.4388480186e+00,2.3611992188e+03
3386,4.9258762598e-01,-4.9004045129e-01,-3.9620194435e+00,2.3611662598e+03
3387,4.9266323447e-01,-4.8993572593e-01,-6.1477341652e+00,2.3611325684e+03
3388,4.9259200692e-01,-4.9003317952e-01,-5.1873846054e+00,2.3610996094e+03
3389,4.9248018861e-01,-4.9013081193e-01,-6.6847825050e+00,2.3610681152e+03
3390,4.9269765615e-01,-4.8994791508e-01,-3.9265334606e+00,2.3610349121e+03
3391,4.9255523086e-01,-4.9007564783e-01,-6.9863934517e+00,2.3610034180e+03
3392,4.9267613888e-01,-4.8995876312e-01,-4.2181735039e+00,2.3609704590e+03
3393,4.9260005355e-01,-4.9001178145e-01,-6.2131376266e+00,2.3609375000e+03
3394,4.9243149161e-01,-4.9011769891e-01,-5.6392083168e+00,2.3609047852e+03
3395,4.9252629280e-01,-4.9004063010e-01,-5.9239344597e+00,2.3608728027e+03
3396,4.9264049530e-01,-4.8997113109e-01,-4.7456536293e+00,2.3608403320e+03
3397,4.9260467291e-01,-4.8996815085e-01,-5.5790357590e+00,2.3608083496e+03
3398,4.9245810509e-01,-4.9000275135e-01,-5.5204000473e+00,2.3607763672e+03
3399,4.9257588387e-01,-4.8996779323e-01,-5.6348156929e+00,2.3607438965e+03
3400,4.9263080955e-01,-4.8997700214e-01,-4.9881353378e+00,2.3607111816e+03
3401,4.9247637391e-01,-4.9000841379e-01,-5.8713779449e+00,2.3606784668e+03
3402,4.9253907800e-01,-4.8993524909e-01,-5.4868903160e+00,2.3606459961e+03
3403,4.9247980118e-01,-4.8995077610e-01,-5.6398134232e+00,2.3606145020e+03
3404,4.9260124564e-01,-4.8999831080e-01,-4.9666299820e+00,2.3605825195e+03
3405,4.9249187112e-01,-4.8996698856e-01,-5.9796519279e+00,2.3605505371e+03
3406,4.9256190658e-01,-4.8996546865e-01,-5.1113171577e+00,2.3605178223e+03
3407,4.9251982570e-01,-4.8997178674e-01,-5.7437362671e+00,2.3604855957e+03
3408,4.9253022671e-01,-4.8999291658e-01,-5.8046545982e+00,2.3604536133e+03
3409,4.9253004789e-01,-4.8996883631e-01,-5.2492508888e+00,2.3604213867e+03
3410,4.9253386259e-01,-4.8997673392e-01,-5.6961641312e+00,2.3603898926e+03
3411,4.9250525236e-01,-4.8995953798e-01,-5.4777116776e+00,2.3603586426e+03
3412,4.9249336123e-01,-4.8998901248e-01,-5.8082756996e+00,2.3603273926e+03
3413,4.9246025085e-01,-4.8994937539e-01,-5.3420720100e+00,2.3602954102e+03
3414,4.9244084954e-01,-4.8998221755e-01,-5.7083849907e+00,2.3602634277e+03
3415,4.9240314960e-01,-4.9004104733e-01,-5.7808604240e+00,2.3602309570e+03
3416,4.9240979552e-01,-4.8999139667e-01,-5.2473864555e+00,2.3601997070e+03
3417,4.9233606458e-01,-4.9004402757e-01,-5.9425859451e+00,2.3601682129e+03
3418,4.9243751168e-01,-4.8992270231e-01,-5.0900344849e+00,2.3601362305e+03
3419,4.9236497283e-01,-4.8997923732e-01,-5.7912311554e+00,2.3601049805e+03
3420,4.9244838953e-01,-4.8983964324e-01,-5.2070713043e+00,2.3600734863e+03
3421,4.9239018559e-01,-4.8992136121e-01,-5.7592425346e+00,2.3600424805e+03
3422,4.9245250225e-01,-4.8992913961e-01,-5.5984611511e+00,2.3600112305e+03
3423,4.9226149917e-01,-4.9006521702e-01,-6.2848625183e+00,2.3599802246e+03
3424,4.9242043495e-01,-4.8993724585e-01,-4.9869670868e+00,2.3599492188e+03
3425,4.9229297042e-01,-4.9003055692e-01,-6.1893420219e+00,2.3599182129e+03
3426,4.9239483476e-01,-4.8991492391e-01,-4.9639382362e+00,2.3598874512e+03
3427,4.9245157838e-01,-4.8984855413e-01,-5.4465446472e+00,2.3598562012e+03
3428,4.9246227741e-01,-4.8984730244e-01,-5.4827733040e+00,2.3598256836e+03
3429,4.9225720763e-01,-4.8998734355e-01,-6.3381962776e+00,2.3597946777e+03
3430,4.9244743586e-01,-4.8983487487e-01,-4.7815027237e+00,2.3597648926e+03
3431,4.9229559302e-01,-4.8996204138e-01,-6.4568557739e+00,2.3597329102e+03
3432,4.9215057492e-01,-4.9003836513e-01,-5.9467678070e+00,2.3597026367e+03
3433,4.9216151237e-01,-4.8999249935e-01,-5.6647162437e+00,2.3596713867e+03
3434,4.9234390259e-01,-4.8987430334e-01,-5.0490570068e+00,2.3596408691e+03
3435,4.9218943715e-01,-4.8994475603e-01,-5.9969520569e+00,2.3596101074e+03
3436,4.9223491549e-01,-4.8991101980e-01,-5.5902256966e+00,2.3595786133e+03
3437,4.9223715067e-01,-4.8994660378e-01,-5.4317913055e+00,2.3595490723e+03
3438,4.9232801795e-01,-4.8994180560e-01,-5.3260459900e+00,2.3595185547e+03
3439,4.9228918552e-01,-4.8995235562e-01,-5.7132644653e+00,2.3594875488e+03
3440,4.9217873812e-01,-4.8985373974e-01,-5.7696890831e+00,2.3594572754e+03
3441,4.9226900935e-01,-4.8992457986e-01,-5.5478873253e+00,2.3594265137e+03
3442,4.9232670665e-01,-4.8989275098e-01,-5.7743220329e+00,2.3593972168e+03
3443,4.9220243096e-01,-4.8986408114e-01,-5.9051294327e+00,2.3593659668e+03
3444,4.9223592877e-01,-4.8990374804e-01,-5.8392724991e+00,2.3593364258e+03
3445,4.9225601554e-01,-4.8989135027e-01,-5.3850483894e+00,2.3593071289e+03
3446,4.9224629998e-01,-4.8993334174e-01,-6.0442051888e+00,2.3592768555e+03
3447,4.9216988683e-01,-4.8984527588e-01,-5.4331178665e+00,2.3592465820e+03
3448,4.9221995473e-01,-4.8986473680e-01,-5.5253067017e+00,2.3592163086e+03
3449,4.9217727780e-01,-4.8983958364e-01,-5.8041210175e+00,2.3591862793e+03
3450,4.9216750264e-01,-4.8988112807e-01,-5.8108963966e+00,2.3591557617e+03
3451,4.9215695262e-01,-4.8992186785e-01,-6.0438785553e+00,2.3591257324e+03
3452,4.9215704203e-01,-4.8987624049e-01,-5.4682621956e+00,2.3590971680e+03
3453,4.9217313528e-01,-4.8983690143e-01,-5.4113202095e+00,2.3590668945e+03
3454,4.9216082692e-01,-4.8989474773e-01,-6.0189428329e+00,2.3590371094e+03
3455,4.9219784141e-01,-4.8981052637e-01,-5.3875579834e+00,2.3590075684e+03
3456,4.9212092161e-01,-4.8984667659e-01,-6.0078387260e+00,2.3589780273e+03
3457,4.9207335711e-01,-4.8989939690e-01,-6.0872392654e+00,2.3589482422e+03
3458,4.9209618568e-01,-4.8982316256e-01,-5.4805502892e+00,2.3589174805e+03
3459,4.9214616418e-01,-4.8984256387e-01,-5.7547807693e+00,2.3588886719e+03
3460,4.9214482307e-01,-4.8976802826e-01,-5.4008312225e+00,2.3588593750e+03
3461,4.9204996228e-01,-4.8985782266e-01,-6.2214341164e+00,2.3588298340e+03
3462,4.9210467935e-01,-4.8977234960e-01,-5.4092941284e+00,2.3588010254e+03
3463,4.9204528332e-01,-4.8981922865e-01,-5.8424549103e+00,2.3587717285e+03
3464,4.9216112494e-01,-4.8976054788e-01,-5.4646706581e+00,2.3587426758e+03
3465,4.9210873246e-01,-4.8974657059e-01,-5.7253208160e+00,2.3587131348e+03
3466,4.9213108420e-01,-4.8977789283e-01,-5.9099645615e+00,2.3586835938e+03
3467,4.9214303493e-01,-4.8975086212e-01,-5.4608654976e+00,2.3586545410e+03
3468,4.9205046892e-01,-4.8980730772e-01,-6.0318493843e+00,2.3586252441e+03
3469,4.9212145805e-01,-4.8976197839e-01,-5.7336225510e+00,2.3585964355e+03
3470,4.9205192924e-01,-4.8980116844e-01,-5.8305950165e+00,2.3585683594e+03
3471,4.9192187190e-01,-4.8989146948e-01,-6.3291249275e+00,2.3585383301e+03
3472,4.9194204807e-01,-4.8992234468e-01,-6.1071677208e+00,2.3585092773e+03
3473,4.9191102386e-01,-4.8994943500e-01,-5.9746131897e+00,2.3584804688e+03
3474,4.9205273390e-01,-4.8985067010e-01,-5.3120627403e+00,2.3584511719e+03
3475,4.9202239513e-01,-4.8981937766e-01,-5.9926857948e+00,2.3584223633e+03
3476,4.9194598198e-01,-4.8990008235e-01,-5.7281131744e+00,2.3583945312e+03
3477,4.9194458127e-01,-4.8985925317e-01,-6.0975532532e+00,2.3583654785e+03
3478,4.9200472236e-01,-4.8986822367e-01,-5.6160984039e+00,2.3583364258e+03
3479,4.9194866419e-01,-4.8985269666e-01,-6.0874209404e+00,2.3583083496e+03
3480,4.9198690057e-01,-4.8985955119e-01,-5.7023415565e+00,2.3582792969e+03
3481,4.9193552136e-01,-4.8983651400e-01,-5.8330283165e+00,2.3582512207e+03
3482,4.9197584391e-01,-4.8985037208e-01,-5.8505949974e+00,2.3582231445e+03
3483,4.9194034934e-01,-4.8983171582e-01,-5.8061084747e+00,2.3581948242e+03
3484,4.9194505811e-01,-4.8983633518e-01,-5.9622635841e+00,2.3581662598e+03
3485,4.9198138714e-01,-4.8983925581e-01,-5.6251950264e+00,2.3581374512e+03
3486,4.9191057682e-01,-4.8988983035e-01,-5.9937868118e+00,2.3581098633e+03
3487,4.9194151163e-01,-4.8988610506e-01,-5.8362164497e+00,2.3580812988e+03
3488,4.9191361666e-01,-4.8986747861e-01,-5.9006443024e+00,2.3580537109e+03
3489,4.9190625548e-01,-4.8984685540e-01,-5.8998484612e+00,2.3580261230e+03
3490,4.9183720350e-01,-4.8985889554e-01,-5.9831457138e+00,2.3579982910e+03
3491,4.9186715484e-01,-4.8980930448e-01,-5.9605503082e+00,2.3579704590e+03
3492,4.9188929796e-01,-4.8986458778e-01,-5.6354875565e+00,2.3579421387e+03
3493,4.9191287160e-01,-4.8981440067e-01,-5.9055461884e+00,2.3579140625e+03
3494,4.9183002114e-01,-4.8982509971e-01,-6.3310627937e+00,2.3578859863e+03
3495,4.9183878303e-01,-4.8982378840e-01,-5.9475731850e+00,2.3578583984e+03
3496,4.9182260036e-01,-4.8985251784e-01,-5.9960556030e+00,2.3578312988e+03
3497,4.9183097482e-01,-4.8993587494e-01,-5.9012484550e+00,2.3578037109e+03
3498,4.9181726575e-01,-4.8975875974e-01,-5.8527841568e+00,2.3577770996e+03
3499,4.9183541536e-01,-4.8991245031e-01,-5.9781122208e+00,2.3577495117e+03
3500,4.9175447226e-01,-4.8991519213e-01,-6.0853338242e+00,2.3577216797e+03
3501,4.9188804626e-01,-4.8979255557e-01,-5.4860458374e+00,2.3576933594e+03
3502,4.9177151918e-01,-4.8988166451e-01,-6.3041739464e+00,2.3576669922e+03
3503,4.9184742570e-01,-4.8980745673e-01,-5.6576247215e+00,2.3576394043e+03
3504,4.9192008376e-01,-4.8978149891e-01,-5.7023930550e+00,2.3576127930e+03
3505,4.9190029502e-01,-4.8983752728e-01,-6.0448269844e+00,2.3575849609e+03
3506,4.9179866910e-01,-4.8980700970e-01,-5.9382715225e+00,2.3575571289e+03
3507,4.9191045761e-01,-4.8986092210e-01,-5.8566317558e+00,2.3575302734e+03
3508,4.9166032672e-01,-4.8997545242e-01,-6.6526784897e+00,2.3575031738e+03
3509,4.9178639054e-01,-4.8977312446e-01,-5.4283161163e+00,2.3574763184e+03
3510,4.9185046554e-01,-4.8996904492e-01,-6.3395571709e+00,2.3574487305e+03
3511,4.9178621173e-01,-4.8991745710e-01,-6.0700535774e+00,2.3574221191e+03
3512,4.9175089598e-01,-4.8980402946e-01,-5.8097643852e+00,2.3573952637e+03
3513,4.9174833298e-01,-4.8997211456e-01,-6.5088052750e+00,2.3573681641e+03
3514,4.9181231856e-01,-4.8985961080e-01,-5.5208983421e+00,2.3573405762e+03
3515,4.9185743928e-01,-4.8989206553e-01,-6.2332625389e+00,2.3573144531e+03
3516,4.9164199829e-01,-4.8993703723e-01,-6.5156183243e+00,2.3572878418e+03
3517,4.9169629812e-01,-4.8994302750e-01,-5.8761377335e+00,2.3572604980e+03
3518,4.9172225595e-01,-4.8992833495e-01,-5.8810620308e+00,2.3572338867e+03
3519,4.9183219671e-01,-4.8991969228e-01,-5.8333935738e+00,2.3572065430e+03
3520,4.9168014526e-01,-4.9000316858e-01,-6.4188475609e+00,2.3571794434e+03
3521,4.9175587296e-01,-4.8992693424e-01,-5.7958927155e+00,2.3571533203e+03
3522,4.9167621136e-01,-4.8997655511e-01,-6.2738623619e+00,2.3571271973e+03
3523,4.9173024297e-01,-4.8993632197e-01,-5.9414510727e+00,2.3571003418e+03
3524,4.9171191454e-01,-4.8985615373e-01,-5.6832170486e+00,2.3570747070e+03
3525,4.9160388112e-01,-4.9005016685e-01,-6.8313055038e+00,2.3570480957e+03
3526,4.9159908295e-01,-4.8999139667e-01,-5.8786396980e+00,2.3570212402e+03
3527,4.9157801270e-01,-4.9001672864e-01,-6.0762887001e+00,2.3569936523e+03
3528,4.9165317416e-01,-4.8993191123e-01,-5.7657780647e+00,2.3569670410e+03
3529,4.9185916781e-01,-4.8996502161e-01,-5.5089802742e+00,2.3569409180e+03
3530,4.9170994759e-01,-4.9007824063e-01,-6.5824189186e+00,2.3569150391e+03
3531,4.9178341031e-01,-4.8999342322e-01,-5.5916891098e+00,2.3568886719e+03
3532,4.9161064625e-01,-4.9005985260e-01,-6.8424425125e+00,2.3568615723e+03
3533,4.9168816209e-01,-4.9004611373e-01,-5.8991713524e+00,2.3568352051e+03
3534,4.9171948433e-01,-4.9002015591e-01,-5.9171309471e+00,2.3568090820e+03
3535,4.9161484838e-01,-4.9004834890e-01,-6.5678210258e+00,2.3567824707e+03
3536,4.9170479178e-01,-4.9001002312e-01,-5.8804435730e+00,2.3567563477e+03
3537,4.9169325829e-01,-4.9009093642e-01,-6.3593440056e+00,2.3567314453e+03
3538,4.9170458317e-01,-4.9007707834e-01,-6.0230078697e+00,2.3567053223e+03
3539,4.9168825150e-01,-4.8999029398e-01,-6.1080975533e+00,2.3566796875e+03
3540,4.9172183871e-01,-4.9004146457e-01,-5.8902988434e+00,2.3566523438e+03
3541,4.9166303873e-01,-4.9001455307e-01,-6.3933162689e+00,2.3566257324e+03
3542,4.9152907729e-01,-4.9008047581e-01,-6.7342185974e+00,2.3565991211e+03
3543,4.9167680740e-01,-4.9009382725e-01,-5.4383058548e+00,2.3565737305e+03
3544,4.9159666896e-01,-4.9011313915e-01,-6.4848880768e+00,2.3565480957e+03
3545,4.9163314700e-01,-4.9005872011e-01,-5.9260015488e+00,2.3565234375e+03
3546,4.9156427383e-01,-4.9006804824e-01,-6.3657793999e+00,2.3564975586e+03
3547,4.9164524674e-01,-4.8995119333e-01,-5.5614132881e+00,2.3564711914e+03
3548,4.9156066775e-01,-4.9004358053e-01,-6.8274431229e+00,2.3564448242e+03
3549,4.9156934023e-01,-4.9009889364e-01,-6.2848339081e+00,2.3564191895e+03
3550,4.9151951075e-01,-4.9014741182e-01,-6.3545417786e+00,2.3563935547e+03
3551,4.9157023430e-01,-4.8995411396e-01,-5.7659859657e+00,2.3563681641e+03
3552,4.9157851934e-01,-4.9006435275e-01,-6.4460291862e+00,2.3563432617e+03
3553,4.9149891734e-01,-4.9004104733e-01,-6.5031042099e+00,2.3563181152e+03
3554,4.9155637622e-01,-4.8993086815e-01,-5.7910594940e+00,2.3562922363e+03
3555,4.9158322811e-01,-4.9009469151e-01,-6.9373764992e+00,2.3562675781e+03
3556,4.9147224426e-01,-4.8993936181e-01,-5.9129133224e+00,2.3562429199e+03
3557,4.9155971408e-01,-4.9011030793e-01,-6.4512968063e+00,2.3562170410e+03
3558,4.9156334996e-01,-4.8987868428e-01,-5.7487468719e+00,2.3561921387e+03
3559,4.9154096842e-01,-4.9005931616e-01,-6.8162918091e+00,2.3561667480e+03
3560,4.9148195982e-01,-4.9003052711e-01,-6.1044969559e+00,2.3561416016e+03
3561,4.9147489667e-01,-4.9009343982e-01,-6.5142903328e+00,2.3561166992e+03
3562,4.9152857065e-01,-4.8992243409e-01,-5.6316914558e+00,2.3560925293e+03
3563,4.9150398374e-01,-4.9006894231e-01,-6.7853441238e+00,2.3560683594e+03
3564,4.9146145582e-01,-4.9002766609e-01,-6.1768150330e+00,2.3560434570e+03
3565,4.9156436324e-01,-4.9002620578e-01,-6.0796461105e+00,2.3560175781e+03
3566,4.9142298102e-01,-4.8998224735e-01,-6.7330899239e+00,2.3559934082e+03
3567,4.9154305458e-01,-4.9002075195e-01,-5.7144026756e+00,2.3559685059e+03
3568,4.9152612686e-01,-4.9001097679e-01,-6.5464692116e+00,2.3559436035e+03
3569,4.9149578810e-01,-4.9002352357e-01,-6.5819687843e+00,2.3559194336e+03
3570,4.9144458771e-01,-4.9005863070e-01,-6.4408822060e+00,2.3558947754e+03
3571,4.9146157503e-01,-4.9003902078e-01,-5.8496952057e+00,2.3558703613e+03
3572,4.9138420820e-01,-4.8997345567e-01,-6.5442237854e+00,2.3558444824e+03
3573,4.9146246910e-01,-4.9003291130e-01,-6.3042092323e+00,2.3558200684e+03
3574,4.9144485593e-01,-4.9006325006e-01,-6.5585851669e+00,2.3557958984e+03
3575,4.9148687720e-01,-4.9004772305e-01,-6.2820587158e+00,2.3557709961e+03
3576,4.9143129587e-01,-4.9007907510e-01,-6.4329895973e+00,2.3557460938e+03
3577,4.9147018790e-01,-4.9000710249e-01,-6.2619566917e+00,2.3557216797e+03
3578,4.9132567644e-01,-4.9009221792e-01,-6.9692802429e+00,2.3556975098e+03
3579,4.9136221409e-01,-4.9006414413e-01,-6.2852783203e+00,2.3556733398e+03
3580,4.9144646525e-01,-4.9004295468e-01,-6.0593557358e+00,2.3556491699e+03
3581,4.9147763848e-01,-4.9003028870e-01,-6.1854138374e+00,2.3556245117e+03
3582,4.9135857821e-01,-4.9007889628e-01,-7.1579980850e+00,2.3556008301e+03
3583,4.9132770300e-01,-4.9007552862e-01,-6.1543211937e+00,2.3555756836e+03
3584,4.9144145846e-01,-4.9009764194e-01,-6.1065387726e+00,2.3555515137e+03
3585,4.9135723710e-01,-4.9009743333e-01,-6.5999584198e+00,2.3555273438e+03
3586,4.9136874080e-01,-4.9001973867e-01,-6.4317088127e+00,2.3555031738e+03
3587,4.9121534824e-01,-4.9006369710e-01,-6.5799489021e+00,2.3554790039e+03
3588,4.9143949151e-01,-4.8997673392e-01,-5.6071743965e+00,2.3554558105e+03
3589,4.9138623476e-01,-4.8992714286e-01,-6.3908553123e+00,2.3554313965e+03
3590,4.9145185947e-01,-4.8994559050e-01,-6.5596289635e+00,2.3554077148e+03
3591,4.9145182967e-01,-4.8993906379e-01,-6.1195240021e+00,2.3553835449e+03
3592,4.9126082659e-01,-4.8994168639e-01,-7.2043733597e+00,2.3553593750e+03
3593,4.9138525128e-01,-4.8995906115e-01,-5.7329354286e+00,2.3553352051e+03
3594,4.9137407541e-01,-4.9000313878e-01,-6.9590053558e+00,2.3553117676e+03
3595,4.9144273996e-01,-4.9009498954e-01,-6.4196281433e+00,2.3552871094e+03
3596,4.9131312966e-01,-4.9008420110e-01,-7.0455679893e+00,2.3552636719e+03
3597,4.9134156108e-01,-4.9008956552e-01,-5.8097586632e+00,2.3552392578e+03
3598,4.9122890830e-01,-4.9007216096e-01,-7.3845915794e+00,2.3552163086e+03
3599,4.9129354954e-01,-4.9007576704e-01,-5.7060523033e+00,2.3551921387e+03
3600,4.9133545160e-01,-4.8999607563e-01,-6.8785872459e+00,2.3551687012e+03
3601,4.9121758342e-01,-4.9010396004e-01,-6.0719952583e+00,2.3551445312e+03
3602,4.9125391245e-01,-4.9009007215e-01,-7.4924292564e+00,2.3551215820e+03
3603,4.9130576849e-01,-4.9009519815e-01,-5.0919075012e+00,2.3550981445e+03
3604,4.9138465524e-01,-4.9013182521e-01,-7.4548506737e+00,2.3550744629e+03
3605,4.9132519960e-01,-4.9006217718e-01,-5.2654004097e+00,2.3550510254e+03
3606,4.9121764302e-01,-4.9013915658e-01,-8.2404022217e+00,2.3550268555e+03
3607,4.9127233028e-01,-4.9008756876e-01,-5.5749101639e+00,2.3550041504e+03
3608,4.9127355218e-01,-4.9012061954e-01,-7.3205981255e+00,2.3549804688e+03
3609,4.9131354690e-01,-4.9006897211e-01,-5.4030184746e+00,2.3549565430e+03
3610,4.9120751023e-01,-4.9009740353e-01,-7.9571905136e+00,2.3549331055e+03
3611,4.9136880040e-01,-4.9008637667e-01,-4.7671599388e+00,2.3549106445e+03
3612,4.9123325944e-01,-4.9016484618e-01,-8.5582151413e+00,2.3548869629e+03
3613,4.9136146903e-01,-4.9004578590e-01,-5.2776379585e+00,2.3548642578e+03
3614,4.9128183722e-01,-4.9013128877e-01,-6.8888597488e+00,2.3548415527e+03
3615,4.9127417803e-01,-4.9012926221e-01,-7.1231408119e+00,2.3548176270e+03
3616,4.9130573869e-01,-4.9013906717e-01,-6.0922303200e+00,2.3547939453e+03
3617,4.9126124382e-01,-4.9017387629e-01,-7.3421077728e+00,2.3547705078e+03
3618,4.9130597711e-01,-4.9012830853e-01,-6.0486140251e+00,2.3547475586e+03
3619,4.9128249288e-01,-4.9014669657e-01,-7.1919312477e+00,2.3547253418e+03
3620,4.9127048254e-01,-4.9013051391e-01,-5.8481278419e+00,2.3547019043e+03
3621,4.9135044217e-01,-4.9007397890e-01,-6.9658832550e+00,2.3546791992e+03
3622,4.9128618836e-01,-4.9013501406e-01,-6.0636796951e+00,2.3546564941e+03
3623,4.9123230577e-01,-4.9016982317e-01,-7.4182410240e+00,2.3546340332e+03
3624,4.9128043652e-01,-4.9018433690e-01,-6.3189020157e+00,2.3546105957e+03
3625,4.9133080244e-01,-4.9014645815e-01,-6.9944143295e+00,2.3545881348e+03
3626,4.9119421840e-01,-4.9019998312e-01,-6.6023573875e+00,2.3545649414e+03
3627,4.9124079943e-01,-4.9019503593e-01,-7.2793021202e+00,2.3545427246e+03
3628,4.9129679799e-01,-4.9019855261e-01,-6.0262141228e+00,2.3545192871e+03
3629,4.9125775695e-01,-4.9013260007e-01,-6.8136754036e+00,2.3544970703e+03
3630,4.9125596881e-01,-4.9018323421e-01,-6.3567585945e+00,2.3544738770e+03
3631,4.9117282033e-01,-4.9015519023e-01,-7.5892949104e+00,2.3544514160e+03
3632,4.9121624231e-01,-4.9013000727e-01,-5.8041539192e+00,2.3544282227e+03
3633,4.9135726690e-01,-4.9016135931e-01,-7.0776109695e+00,2.3544062500e+03
3634,4.9117329717e-01,-4.9018362164e-01,-6.7815184593e+00,2.3543833008e+03
3635,4.9127119780e-01,-4.9022701383e-01,-6.7887315750e+00,2.3543603516e+03
3636,4.9119931459e-01,-4.9012547731e-01,-6.1778159142e+00,2.3543376465e+03
3637,4.9124097824e-01,-4.9018672109e-01,-6.8515644073e+00,2.3543151855e+03
3638,4.9116799235e-01,-4.9016487598e-01,-6.6644368172e+00,2.3542927246e+03
3639,4.9117779732e-01,-4.9019923806e-01,-6.8776969910e+00,2.3542695312e+03
3640,4.9125662446e-01,-4.9023666978e-01,-6.7985644341e+00,2.3542468262e+03
3641,4.9126994610e-01,-4.9016457796e-01,-6.3319435120e+00,2.3542241211e+03
3642,4.9115338922e-01,-4.9019268155e-01,-7.2284865379e+00,2.3542016602e+03
3643,4.9124225974e-01,-4.9025192857e-01,-6.7786188126e+00,2.3541794434e+03
3644,4.9123555422e-01,-4.9020826817e-01,-6.6094822884e+00,2.3541567383e+03
3645,4.9124023318e-01,-4.9018001556e-01,-6.7710380554e+00,2.3541342773e+03
3646,4.9119925499e-01,-4.9025741220e-01,-7.1527590752e+00,2.3541123047e+03
3647,4.9120137095e-01,-4.9022391438e-01,-6.7631640434e+00,2.3540903320e+03
3648,4.9126669765e-01,-4.9022027850e-01,-6.5578179359e+00,2.3540686035e+03
3649,4.9123382568e-01,-4.9022889137e-01,-6.7831211090e+00,2.3540454102e+03
3650,4.9123433232e-01,-4.9025762081e-01,-6.8895831108e+00,2.3540231934e+03
3651,4.9125200510e-01,-4.9024170637e-01,-6.6529407501e+00,2.3540000000e+03
3652,4.9124121666e-01,-4.9023935199e-01,-6.9139542580e+00,2.3539780273e+03
3653,4.9124887586e-01,-4.9023702741e-01,-6.7604660988e+00,2.3539555664e+03
3654,4.9123442173e-01,-4.9023464322e-01,-6.8429317474e+00,2.3539343262e+03
3655,4.9125421047e-01,-4.9023744464e-01,-6.8335986137e+00,2.3539113770e+03
3656,4.9127110839e-01,-4.9023795128e-01,-6.7385210991e+00,2.3538898926e+03
3657,4.9120450020e-01,-4.9027386308e-01,-7.1909222603e+00,2.3538686523e+03
3658,4.9126014113e-01,-4.9027332664e-01,-6.6115560532e+00,2.3538464355e+03
3659,4.9119988084e-01,-4.9026918411e-01,-6.8810567856e+00,2.3538239746e+03
3660,4.9124234915e-01,-4.9028402567e-01,-6.8537960052e+00,2.3538029785e+03
3661,4.9126780033e-01,-4.9030953646e-01,-6.8067817688e+00,2.3537807617e+03
3662,4.9129953980e-01,-4.9026262760e-01,-6.6810274124e+00,2.3537590332e+03
3663,4.9125716090e-01,-4.9023777246e-01,-6.8147897720e+00,2.3537368164e+03
3664,4.9128830433e-01,-4.9028208852e-01,-6.9759454727e+00,2.3537138672e+03
3665,4.9121212959e-01,-4.9033355713e-01,-7.2289528847e+00,2.3536914062e+03
3666,4.9121955037e-01,-4.9028518796e-01,-6.7854704857e+00,2.3536694336e+03
3667,4.9118518829e-01,-4.9030628800e-01,-7.0866360664e+00,2.3536481934e+03
3668,4.9120938778e-01,-4.9033534527e-01,-6.9462752342e+00,2.3536264648e+03
3669,4.9116989970e-01,-4.9030673504e-01,-6.9395718575e+00,2.3536049805e+03
3670,4.9132084846e-01,-4.9031805992e-01,-6.4006714821e+00,2.3535825195e+03
3671,4.9130105972e-01,-4.9032813311e-01,-7.1713666916e+00,2.3535605469e+03
3672,4.9134758115e-01,-4.9034360051e-01,-6.7109003067e+00,2.3535378418e+03
3673,4.9127599597e-01,-4.9032655358e-01,-7.1579546928e+00,2.3535161133e+03
3674,4.9130252004e-01,-4.9037739635e-01,-7.0318050385e+00,2.3534938965e+03
3675,4.9118626118e-01,-4.9031731486e-01,-7.1024813652e+00,2.3534729004e+03
3676,4.9133387208e-01,-4.9029028416e-01,-6.5501241684e+00,2.3534509277e+03
3677,4.9127125740e-01,-4.9027407169e-01,-7.0595293045e+00,2.3534282227e+03
3678,4.9127349257e-01,-4.9032837152e-01,-7.2962398529e+00,2.3534057617e+03
3679,4.9131235480e-01,-4.9037230015e-01,-6.9624619484e+00,2.3533840332e+03
3680,4.9128678441e-01,-4.9033796787e-01,-6.9587507248e+00,2.3533623047e+03
3681,4.9130916595e-01,-4.9035450816e-01,-6.9485263824e+00,2.3533403320e+03
3682,4.9125486612e-01,-4.9033069611e-01,-7.0730242729e+00,2.3533188477e+03
3683,4.9128344655e-01,-4.9036115408e-01,-6.9725742340e+00,2.3532961426e+03
3684,4.9122524261e-01,-4.9041023850e-01,-7.2055215836e+00,2.3532744141e+03
3685,4.9124947190e-01,-4.9038371444e-01,-6.8614015579e+00,2.3532514648e+03
3686,4.9121671915e-01,-4.9034991860e-01,-6.9544825554e+00,2.3532290039e+03
3687,4.9122145772e-01,-4.9039205909e-01,-7.1284132004e+00,2.3532077637e+03
3688,4.9122357368e-01,-4.9036246538e-01,-6.8851847649e+00,2.3531860352e+03
3689,4.9123361707e-01,-4.9035167694e-01,-7.0484600067e+00,2.3531647949e+03
3690,4.9121099710e-01,-4.9034720659e-01,-7.0500488281e+00,2.3531435547e+03
3691,4.9119308591e-01,-4.9037995934e-01,-7.1851916313e+00,2.3531208496e+03
3692,4.9125334620e-01,-4.9041053653e-01,-7.0238566399e+00,2.3530986328e+03
3693,4.9120908976e-01,-4.9037009478e-01,-7.2278671265e+00,2.3530759277e+03
3694,4.9127104878e-01,-4.9042636156e-01,-6.9331121445e+00,2.3530539551e+03
3695,4.9126803875e-01,-4.9041897058e-01,-7.1040959358e+00,2.3530314941e+03
3696,4.9131318927e-01,-4.9042320251e-01,-6.8313593864e+00,2.3530097656e+03
3697,4.9124813080e-01,-4.9040016532e-01,-7.3338012695e+00,2.3529875488e+03
3698,4.9128872156e-01,-4.9041903019e-01,-6.9607095718e+00,2.3529655762e+03
3699,4.9133050442e-01,-4.9039915204e-01,-7.0170469284e+00,2.3529440918e+03
3700,4.9127006531e-01,-4.9038085341e-01,-7.2488427162e+00,2.3529226074e+03
3701,4.9126297235e-01,-4.9040174484e-01,-7.1032691002e+00,2.3528996582e+03
3702,4.9127098918e-01,-4.9039185047e-01,-7.0106916428e+00,2.3528779297e+03
3703,4.9124315381e-01,-4.9038353562e-01,-7.2224111557e+00,2.3528562012e+03
3704,4.9121889472e-01,-4.9040600657e-01,-7.2048611641e+00,2.3528337402e+03
3705,4.9116426706e-01,-4.9045255780e-01,-7.5427556038e+00,2.3528122559e+03
3706,4.9124699831e-01,-4.9043008685e-01,-6.8987712860e+00,2.3527902832e+03
3707,4.9134555459e-01,-4.9038785696e-01,-7.0639309883e+00,2.3527685547e+03
3708,4.9130755663e-01,-4.9043014646e-01,-7.0407338142e+00,2.3527473145e+03
3709,4.9134561419e-01,-4.9040150642e-01,-7.3210229874e+00,2.3527248535e+03
3710,4.9132239819e-01,-4.9039444327e-01,-7.0183711052e+00,2.3527036133e+03
3711,4.9120995402e-01,-4.9042168260e-01,-7.7027201653e+00,2.3526813965e+03
3712,4.9129614234e-01,-4.9041950703e-01,-6.8084821701e+00,2.3526591797e+03
3713,4.9130859971e-01,-4.9039298296e-01,-7.3451275826e+00,2.3526369629e+03
3714,4.9123260379e-01,-4.9042201042e-01,-7.1037096977e+00,2.3526157227e+03
3715,4.9129498005e-01,-4.9038195610e-01,-7.1070289612e+00,2.3525937500e+03
3716,4.9126821756e-01,-4.9041223526e-01,-7.1384701729e+00,2.3525725098e+03
3717,4.9117577076e-01,-4.9043884873e-01,-7.5684819221e+00,2.3525510254e+03
3718,4.9126371741e-01,-4.9039995670e-01,-7.0144948959e+00,2.3525288086e+03
3719,4.9121943116e-01,-4.9040856957e-01,-7.5030016899e+00,2.3525070801e+03
3720,4.9130329490e-01,-4.9043017626e-01,-6.6097073555e+00,2.3524860840e+03
3721,4.9132174253e-01,-4.9041363597e-01,-7.3253555298e+00,2.3524638672e+03
3722,4.9130687118e-01,-4.9045661092e-01,-7.5099840164e+00,2.3524414062e+03
3723,4.9122154713e-01,-4.9045360088e-01,-7.9362435341e+00,2.3524199219e+03
3724,4.9127355218e-01,-4.9036890268e-01,-6.5290827751e+00,2.3523986816e+03
3725,4.9130421877e-01,-4.9041551352e-01,-7.4721651077e+00,2.3523769531e+03
3726,4.9123263359e-01,-4.9048846960e-01,-7.4840130806e+00,2.3523559570e+03
3727,4.9125757813e-01,-4.9035808444e-01,-7.0664539337e+00,2.3523349609e+03
3728,4.9121928215e-01,-4.9038532376e-01,-7.3015594482e+00,2.3523120117e+03
3729,4.9123051763e-01,-4.9037379026e-01,-7.1946363449e+00,2.3522902832e+03
3730,4.9129816890e-01,-4.9047738314e-01,-7.4201483727e+00,2.3522685547e+03
3731,4.9128443003e-01,-4.9047359824e-01,-7.4570808411e+00,2.3522456055e+03
3732,4.9133336544e-01,-4.9047636986e-01,-7.0696473122e+00,2.3522243652e+03
3733,4.9133372307e-01,-4.9043270946e-01,-7.1414008141e+00,2.3522026367e+03
3734,4.9126014113e-01,-4.9040925503e-01,-7.6993651390e+00,2.3521818848e+03
3735,4.9130409956e-01,-4.9041730165e-01,-7.1111311913e+00,2.3521606445e+03
3736,4.9130788445e-01,-4.9049109221e-01,-7.4933886528e+00,2.3521389160e+03
3737,4.9124425650e-01,-4.9044290185e-01,-7.6560726166e+00,2.3521176758e+03
3738,4.9130499363e-01,-4.9049887061e-01,-7.1798491478e+00,2.3520959473e+03
3739,4.9132671952e-01,-4.9040657282e-01,-6.8614597321e+00,2.3520737305e+03
3740,4.9129438400e-01,-4.9039009213e-01,-7.5731034279e+00,2.3520512695e+03
3741,4.9129086733e-01,-4.9047577381e-01,-7.5683035851e+00,2.3520305176e+03
3742,4.9125173688e-01,-4.9045228958e-01,-7.2176027298e+00,2.3520100098e+03
3743,4.9134734273e-01,-4.9037271738e-01,-7.1423912048e+00,2.3519877930e+03
3744,4.9129071832e-01,-4.9039140344e-01,-7.5191349983e+00,2.3519660645e+03
3745,4.9124118686e-01,-4.9049192667e-01,-7.7497787476e+00,2.3519443359e+03
3746,4.9123764038e-01,-4.9040868878e-01,-7.3886723518e+00,2.3519223633e+03
3747,4.9121358991e-01,-4.9046498537e-01,-7.6091661453e+00,2.3519013672e+03
3748,4.9139794707e-01,-4.9035263062e-01,-6.8084087372e+00,2.3518793945e+03
3749,4.9130505323e-01,-4.9037835002e-01,-7.8052506447e+00,2.3518583984e+03
3750,4.9122956395e-01,-4.9043664336e-01,-7.5545673370e+00,2.3518359375e+03
3751,4.9132871628e-01,-4.9038991332e-01,-7.1287498474e+00,2.3518146973e+03
3752,4.9127081037e-01,-4.9042347074e-01,-7.6109890938e+00,2.3517927246e+03
3753,4.9124160409e-01,-4.9044439197e-01,-7.6553835869e+00,2.3517707520e+03
3754,4.9131926894e-01,-4.9037644267e-01,-7.2357530594e+00,2.3517485352e+03
3755,4.9124068022e-01,-4.9043950438e-01,-7.6446261406e+00,2.3517270508e+03
3756,4.9128776789e-01,-4.9041849375e-01,-7.2253870964e+00,2.3517053223e+03
3757,4.9122041464e-01,-4.9047666788e-01,-7.6400704384e+00,2.3516833496e+03
3758,4.9124044180e-01,-4.9043607712e-01,-7.5125117302e+00,2.3516613770e+03
3759,4.9121531844e-01,-4.9047818780e-01,-7.4424877167e+00,2.3516398926e+03
3760,4.9120521545e-01,-4.9039751291e-01,-7.5076136589e+00,2.3516174316e+03
3761,4.9129039049e-01,-4.9038308859e-01,-7.2379994392e+00,2.3515952148e+03
3762,4.9136525393e-01,-4.9042120576e-01,-7.3850178719e+00,2.3515737305e+03
3763,4.9132728577e-01,-4.9040487409e-01,-7.5967307091e+00,2.3515510254e+03
3764,4.9135631323e-01,-4.9042841792e-01,-7.5615205765e+00,2.3515283203e+03
3765,4.9127322435e-01,-4.9040699005e-01,-7.7433295250e+00,2.3515065918e+03
3766,4.9138006568e-01,-4.9041971564e-01,-7.3602647781e+00,2.3514838867e+03
3767,4.9132737517e-01,-4.9041166902e-01,-7.6471180916e+00,2.3514619141e+03
3768,4.9135154486e-01,-4.9049207568e-01,-7.3839259148e+00,2.3514399414e+03
3769,4.9132886529e-01,-4.9045878649e-01,-7.9932966232e+00,2.3514179688e+03
3770,4.9130532146e-01,-4.9041756988e-01,-7.5040254593e+00,2.3513962402e+03
3771,4.9137303233e-01,-4.9045738578e-01,-7.3015460968e+00,2.3513735352e+03
3772,4.9131989479e-01,-4.9043208361e-01,-7.7596487999e+00,2.3513510742e+03
3773,4.9132135510e-01,-4.9041205645e-01,-7.8050789833e+00,2.3513291016e+03
3774,4.9133142829e-01,-4.9040749669e-01,-7.2001123428e+00,2.3513071289e+03
3775,4.9129804969e-01,-4.9040400982e-01,-7.8315620422e+00,2.3512849121e+03
3776,4.9136784673e-01,-4.9039429426e-01,-7.4668083191e+00,2.3512634277e+03
3777,4.9141409993e-01,-4.9052250385e-01,-7.5587363243e+00,2.3512416992e+03
3778,4.9140563607e-01,-4.9047979712e-01,-7.6603474617e+00,2.3512189941e+03
3779,4.9144688249e-01,-4.9035322666e-01,-7.2155413628e+00,2.3511965332e+03
3780,4.9146237969e-01,-4.9042087793e-01,-7.6078772545e+00,2.3511733398e+03
3781,4.9127268791e-01,-4.9053320289e-01,-8.4743795395e+00,2.3511508789e+03
3782,4.9147191644e-01,-4.9034169316e-01,-6.6886162758e+00,2.3511289062e+03
3783,4.9141919613e-01,-4.9043351412e-01,-7.9530277252e+00,2.3511069336e+03
3784,4.9138048291e-01,-4.9048617482e-01,-8.0078783035e+00,2.3510856934e+03
3785,4.9135810137e-01,-4.9046614766e-01,-7.8130145073e+00,2.3510639648e+03
3786,4.9150854349e-01,-4.9033752084e-01,-6.9238257408e+00,2.3510417480e+03
3787,4.9135610461e-01,-4.9041232467e-01,-8.3093776703e+00,2.3510195312e+03
3788,4.9143055081e-01,-4.9039599299e-01,-7.5844354630e+00,2.3509975586e+03
3789,4.9148294330e-01,-4.9036514759e-01,-7.3651995659e+00,2.3509750977e+03
3790,4.9147135019e-01,-4.9033623934e-01,-7.5631251335e+00,2.3509531250e+03
3791,4.9151855707e-01,-4.9029615521e-01,-7.5530085564e+00,2.3509316406e+03
3792,4.9138346314e-01,-4.9037751555e-01,-8.0682325363e+00,2.3509091797e+03
3793,4.9138584733e-01,-4.9037861824e-01,-7.5109205246e+00,2.3508859863e+03
3794,4.9145522714e-01,-4.9031385779e-01,-7.3332557678e+00,2.3508642578e+03
3795,4.9136900902e-01,-4.9034848809e-01,-7.9128999710e+00,2.3508425293e+03
3796,4.9130284786e-01,-4.9039974809e-01,-7.9500699043e+00,2.3508198242e+03
3797,4.9134898186e-01,-4.9037590623e-01,-7.6026711464e+00,2.3507978516e+03
3798,4.9128931761e-01,-4.9040555954e-01,-7.9454774857e+00,2.3507758789e+03
3799,4.9143543839e-01,-4.9033960700e-01,-7.5106506348e+00,2.3507529297e+03
3800,4.9135333300e-01,-4.9038207531e-01,-7.9864935875e+00,2.3507302246e+03
3801,4.9127516150e-01,-4.9036979675e-01,-8.0576429367e+00,2.3507072754e+03
3802,4.9128115177e-01,-4.9043375254e-01,-7.7166814804e+00,2.3506845703e+03
3803,4.9142798781e-01,-4.9036392570e-01,-7.5706906319e+00,2.3506618652e+03
3804,4.9137946963e-01,-4.9030902982e-01,-7.6908650398e+00,2.3506394043e+03
3805,4.9143940210e-01,-4.9031013250e-01,-7.6151437759e+00,2.3506169434e+03
3806,4.9140229821e-01,-4.9029290676e-01,-7.5089559555e+00,2.3505942383e+03
3807,4.9141186476e-01,-4.9031350017e-01,-8.0100145340e+00,2.3505717773e+03
3808,4.9141386151e-01,-4.9034214020e-01,-7.7118964195e+00,2.3505485840e+03
3809,4.9141642451e-01,-4.9033933878e-01,-7.5705194473e+00,2.3505261230e+03
3810,4.9150896072e-01,-4.9032196403e-01,-7.6417260170e+00,2.3505046387e+03
3811,4.9144151807e-01,-4.9030715227e-01,-8.1283130646e+00,2.3504816895e+03
3812,4.9140542746e-01,-4.9029144645e-01,-8.1686458588e+00,2.3504589844e+03
3813,4.9143284559e-01,-4.9039453268e-01,-7.6745066643e+00,2.3504357910e+03
3814,4.9145150185e-01,-4.9028348923e-01,-7.8747844696e+00,2.3504123535e+03
3815,4.9149376154e-01,-4.9035671353e-01,-7.7045564651e+00,2.3503891602e+03
3816,4.9138423800e-01,-4.9032822251e-01,-8.1799535751e+00,2.3503664551e+03
3817,4.9129983783e-01,-4.9035367370e-01,-7.8434705734e+00,2.3503447266e+03
3818,4.9132427573e-01,-4.9038046598e-01,-7.8109593391e+00,2.3503217773e+03
3819,4.9135139585e-01,-4.9028360844e-01,-7.5574321747e+00,2.3502993164e+03
3820,4.9141085148e-01,-4.9031877518e-01,-7.9033279419e+00,2.3502758789e+03
3821,4.9141675234e-01,-4.9025425315e-01,-7.3165297508e+00,2.3502531738e+03
3822,4.9132680893e-01,-4.9032506347e-01,-8.0035743713e+00,2.3502302246e+03
3823,4.9151128531e-01,-4.9027615786e-01,-7.5501875877e+00,2.3502065430e+03
3824,4.9133199453e-01,-4.9040237069e-01,-8.6108245850e+00,2.3501845703e+03
3825,4.9154150486e-01,-4.9030631781e-01,-7.4145007133e+00,2.3501625977e+03
3826,4.9126797915e-01,-4.9040073156e-01,-8.2546663284e+00,2.3501396484e+03
3827,4.9146813154e-01,-4.9031972885e-01,-7.7305212021e+00,2.3501169434e+03
3828,4.9126026034e-01,-4.9040442705e-01,-8.0873556137e+00,2.3500935059e+03
3829,4.9141475558e-01,-4.9035996199e-01,-7.7606577873e+00,2.3500695801e+03
3830,4.9146530032e-01,-4.9032095075e-01,-7.6060223579e+00,2.3500451660e+03
3831,4.9136576056e-01,-4.9040305614e-01,-8.4219064713e+00,2.3500227051e+03
3832,4.9148389697e-01,-4.9028173089e-01,-7.2536740303e+00,2.3499997559e+03
3833,4.9126803875e-01,-4.9036848545e-01,-8.6420183182e+00,2.3499770508e+03
3834,4.9125546217e-01,-4.9047908187e-01,-8.1772756577e+00,2.3499543457e+03
3835,4.9137362838e-01,-4.9041217566e-01,-7.5022044182e+00,2.3499299316e+03
3836,4.9141111970e-01,-4.9029672146e-01,-7.3833851814e+00,2.3499060059e+03
3837,4.9137169123e-01,-4.9039676785e-01,-8.4524736404e+00,2.3498818359e+03
3838,4.9139121175e-01,-4.9046084285e-01,-7.6358737946e+00,2.3498586426e+03
3839,4.9130496383e-01,-4.9041301012e-01,-8.5481128693e+00,2.3498356934e+03
3840,4.9128696322e-01,-4.9034178257e-01,-7.1908459663e+00,2.3498120117e+03
3841,4.9138671160e-01,-4.9041104317e-01,-8.6258344650e+00,2.3497883301e+03
3842,4.9128884077e-01,-4.9048569798e-01,-7.6267380714e+00,2.3497653809e+03
3843,4.9140924215e-01,-4.9031251669e-01,-7.8997020721e+00,2.3497416992e+03
3844,4.9136063457e-01,-4.9036481977e-01,-7.9932532310e+00,2.3497180176e+03
3845,4.9132770300e-01,-4.9052792788e-01,-8.5777330399e+00,2.3496940918e+03
3846,4.9140417576e-01,-4.9039912224e-01,-7.7319850922e+00,2.3496716309e+03
3847,4.9143841863e-01,-4.9037882686e-01,-7.5330457687e+00,2.3496474609e+03
3848,4.9143365026e-01,-4.9035015702e-01,-8.5035037994e+00,2.3496240234e+03
3849,4.9141028523e-01,-4.9038645625e-01,-7.6952695847e+00,2.3495996094e+03
3850,4.9131333828e-01,-4.9046972394e-01,-8.8086471558e+00,2.3495759277e+03
3851,4.9148216844e-01,-4.9038672447e-01,-7.2895350456e+00,2.3495529785e+03
3852,4.9130922556e-01,-4.9041926861e-01,-8.4996461868e+00,2.3495295410e+03
3853,4.9147042632e-01,-4.9033039808e-01,-7.5746250153e+00,2.3495068359e+03
3854,4.9145907164e-01,-4.9038928747e-01,-7.5610857010e+00,2.3494824219e+03
3855,4.9141794443e-01,-4.9035355449e-01,-8.5783786774e+00,2.3494587402e+03
3856,4.9132809043e-01,-4.9034202099e-01,-7.8910603523e+00,2.3494340820e+03
3857,4.9128302932e-01,-4.9042215943e-01,-9.4266176224e+00,2.3494094238e+03
3858,4.9148294330e-01,-4.9040934443e-01,-6.5964045525e+00,2.3493869629e+03
3859,4.9129903316e-01,-4.9045726657e-01,-9.1605253220e+00,2.3493627930e+03
3860,4.9140632153e-01,-4.9029591680e-01,-6.9594473839e+00,2.3493395996e+03
3861,4.9143067002e-01,-4.9043446779e-01,-8.7545337677e+00,2.3493149414e+03
3862,4.9146211147e-01,-4.9037298560e-01,-7.4589662552e+00,2.3492917480e+03
3863,4.9147215486e-01,-4.9022200704e-01,-7.7558679581e+00,2.3492675781e+03
3864,4.9149575830e-01,-4.9037665129e-01,-8.2669677734e+00,2.3492426758e+03
3865,4.9145445228e-01,-4.9032324553e-01,-8.1789627075e+00,2.3492189941e+03
3866,4.9136930704e-01,-4.9044987559e-01,-8.4854173660e+00,2.3491945801e+03
3867,4.9133142829e-01,-4.9026563764e-01,-8.0040655136e+00,2.3491706543e+03
3868,4.9129199982e-01,-4.9038526416e-01,-8.3140687943e+00,2.3491469727e+03
3869,4.9140983820e-01,-4.9029684067e-01,-8.1436786652e+00,2.3491232910e+03
3870,4.9132981896e-01,-4.9039563537e-01,-8.0561380386e+00,2.3490991211e+03
3871,4.9129137397e-01,-4.9038946629e-01,-8.6783208847e+00,2.3490747070e+03
3872,4.9127572775e-01,-4.9046039581e-01,-7.7454566956e+00,2.3490507812e+03
3873,4.9128016829e-01,-4.9041083455e-01,-8.9665527344e+00,2.3490270996e+03
3874,4.9130579829e-01,-4.9037337303e-01,-7.1576447487e+00,2.3490031738e+03
3875,4.9145448208e-01,-4.9023658037e-01,-8.1879348755e+00,2.3489785156e+03
3876,4.9125534296e-01,-4.9029663205e-01,-8.0983839035e+00,2.3489550781e+03
3877,4.9134686589e-01,-4.9015665054e-01,-8.0246410370e+00,2.3489301758e+03
3878,4.9137359858e-01,-4.9017482996e-01,-7.6666970253e+00,2.3489067383e+03
3879,4.9125996232e-01,-4.9040082097e-01,-9.1454086304e+00,2.3488825684e+03
3880,4.9132049084e-01,-4.9029129744e-01,-7.6941909790e+00,2.3488586426e+03
3881,4.9140897393e-01,-4.9024498463e-01,-8.3539991379e+00,2.3488337402e+03
3882,4.9135515094e-01,-4.9022206664e-01,-7.8837347031e+00,2.3488090820e+03
3883,4.9122729897e-01,-4.9027326703e-01,-8.5951776505e+00,2.3487851562e+03
3884,4.9138703942e-01,-4.9024334550e-01,-7.9790372849e+00,2.3487609863e+03
3885,4.9133834243e-01,-4.9032664299e-01,-8.4792766571e+00,2.3487373047e+03
3886,4.9128332734e-01,-4.9023646116e-01,-7.9473671913e+00,2.3487128906e+03
3887,4.9130460620e-01,-4.9030196667e-01,-8.3607683182e+00,2.3486884766e+03
3888,4.9136224389e-01,-4.9025472999e-01,-8.1577243805e+00,2.3486635742e+03
3889,4.9135720730e-01,-4.9029350281e-01,-8.3200378418e+00,2.3486386719e+03
3890,4.9134823680e-01,-4.9030274153e-01,-8.3511972427e+00,2.3486145020e+03
3891,4.9130371213e-01,-4.9022704363e-01,-7.9214754105e+00,2.3485900879e+03
3892,4.9133190513e-01,-4.9029251933e-01,-8.5968885422e+00,2.3485656738e+03
3893,4.9128207564e-01,-4.9025642872e-01,-8.2327823639e+00,2.3485410156e+03
3894,4.9129784107e-01,-4.9028331041e-01,-8.3149805069e+00,2.3485158691e+03
3895,4.9136450887e-01,-4.9026748538e-01,-7.8979983330e+00,2.3484912109e+03
3896,4.9129277468e-01,-4.9017697573e-01,-8.2766332626e+00,2.3484667969e+03
3897,4.9134197831e-01,-4.9027177691e-01,-8.3846836090e+00,2.3484411621e+03
3898,4.9132272601e-01,-4.9017846584e-01,-7.7682666779e+00,2.3484160156e+03
3899,4.9129846692e-01,-4.9016851187e-01,-8.5180950165e+00,2.3483911133e+03
3900,4.9131518602e-01,-4.9023956060e-01,-8.1324186325e+00,2.3483664551e+03
3901,4.9134671688e-01,-4.9014943838e-01,-8.1666765213e+00,2.3483415527e+03
3902,4.9129173160e-01,-4.9019461870e-01,-8.3187799454e+00,2.3483166504e+03
3903,4.9139642715e-01,-4.9017539620e-01,-8.1634016037e+00,2.3482924805e+03
3904,4.9132043123e-01,-4.9014136195e-01,-8.3371114731e+00,2.3482673340e+03
3905,4.9129477143e-01,-4.9011686444e-01,-8.6691427231e+00,2.3482424316e+03
3906,4.9133262038e-01,-4.9009695649e-01,-7.8326387405e+00,2.3482167969e+03
3907,4.9137499928e-01,-4.9020174146e-01,-8.7285184860e+00,2.3481921387e+03
3908,4.9134653807e-01,-4.9021410942e-01,-8.3183393478e+00,2.3481660156e+03
3909,4.9127575755e-01,-4.9021613598e-01,-8.4533662796e+00,2.3481408691e+03
3910,4.9136650562e-01,-4.9008676410e-01,-7.7174706459e+00,2.3481157227e+03
3911,4.9136203527e-01,-4.9015685916e-01,-8.6516685486e+00,2.3480903320e+03
3912,4.9128863215e-01,-4.9012586474e-01,-8.4109735489e+00,2.3480649414e+03
3913,4.9136319757e-01,-4.9008619785e-01,-8.0841770172e+00,2.3480395508e+03
3914,4.9145969748e-01,-4.9004670978e-01,-7.8698358536e+00,2.3480136719e+03
3915,4.9141362309e-01,-4.9002996087e-01,-8.4517774582e+00,2.3479882812e+03
3916,4.9123278260e-01,-4.9015590549e-01,-9.1053714752e+00,2.3479616699e+03
3917,4.9134036899e-01,-4.9013924599e-01,-8.0267410278e+00,2.3479367676e+03
3918,4.9138748646e-01,-4.9003961682e-01,-8.1532840729e+00,2.3479111328e+03
3919,4.9137142301e-01,-4.9009022117e-01,-8.5584583282e+00,2.3478854980e+03
3920,4.9144363403e-01,-4.9005115032e-01,-8.1015300751e+00,2.3478603516e+03
3921,4.9132785201e-01,-4.9011087418e-01,-8.7336168289e+00,2.3478347168e+03
3922,4.9143815041e-01,-4.9008768797e-01,-7.9201126099e+00,2.3478090820e+03
3923,4.9131435156e-01,-4.9004268646e-01,-8.5986557007e+00,2.3477836914e+03
3924,4.9121621251e-01,-4.9009278417e-01,-8.6227302551e+00,2.3477585449e+03
3925,4.9122649431e-01,-4.9004164338e-01,-8.2201166153e+00,2.3477324219e+03
3926,4.9136602879e-01,-4.9004417658e-01,-8.0815048218e+00,2.3477062988e+03
3927,4.9127483368e-01,-4.9001213908e-01,-8.5519714355e+00,2.3476806641e+03
3928,4.9134942889e-01,-4.9012842774e-01,-8.5440959930e+00,2.3476550293e+03
3929,4.9136307836e-01,-4.9006786942e-01,-8.4753646851e+00,2.3476289062e+03
3930,4.9139279127e-01,-4.9009898305e-01,-8.2428207397e+00,2.3476030273e+03
3931,4.9139311910e-01,-4.9003541470e-01,-8.1751108170e+00,2.3475776367e+03
3932,4.9136966467e-01,-4.9006706476e-01,-8.5416793823e+00,2.3475515137e+03
3933,4.9142774940e-01,-4.8999771476e-01,-8.1720609665e+00,2.3475251465e+03
3934,4.9133974314e-01,-4.9001464248e-01,-8.8503427505e+00,2.3475002441e+03
3935,4.9127429724e-01,-4.9001923203e-01,-8.5584917068e+00,2.3474748535e+03
3936,4.9133345485e-01,-4.8997363448e-01,-8.0770320892e+00,2.3474470215e+03
3937,4.9132519960e-01,-4.9001678824e-01,-8.5418720245e+00,2.3474213867e+03
3938,4.9135625362e-01,-4.8995155096e-01,-8.1580018997e+00,2.3473942871e+03
3939,4.9133625627e-01,-4.9004518986e-01,-8.6315927505e+00,2.3473679199e+03
3940,4.9125227332e-01,-4.8998090625e-01,-8.6384744644e+00,2.3473413086e+03
3941,4.9134889245e-01,-4.8994335532e-01,-7.9061284065e+00,2.3473151855e+03
3942,4.9126401544e-01,-4.8992985487e-01,-8.8249139786e+00,2.3472873535e+03
3943,4.9120599031e-01,-4.9000155926e-01,-8.7558565140e+00,2.3472612305e+03
3944,4.9125790596e-01,-4.8992899060e-01,-8.1507759094e+00,2.3472346191e+03
3945,4.9119925499e-01,-4.8996928334e-01,-8.7748641968e+00,2.3472075195e+03
3946,4.9122503400e-01,-4.9003422260e-01,-8.6123132706e+00,2.3471809082e+03
3947,4.9133566022e-01,-4.9001920223e-01,-8.1064434052e+00,2.3471540527e+03
3948,4.9124979973e-01,-4.9003747106e-01,-8.6154851913e+00,2.3471276855e+03
3949,4.9125948548e-01,-4.8994281888e-01,-8.2805624008e+00,2.3471010742e+03
3950,4.9135723710e-01,-4.8991185427e-01,-8.1492443085e+00,2.3470739746e+03
3951,4.9130946398e-01,-4.8991367221e-01,-8.6000442505e+00,2.3470473633e+03
3952,4.9129533768e-01,-4.8994582891e-01,-8.6883611679e+00,2.3470200195e+03
3953,4.9124842882e-01,-4.8993360996e-01,-8.3329534531e+00,2.3469926758e+03
3954,4.9121743441e-01,-4.8994681239e-01,-8.7385845184e+00,2.3469663086e+03
3955,4.9130284786e-01,-4.8987954855e-01,-8.2828903198e+00,2.3469394531e+03
3956,4.9121034145e-01,-4.8990032077e-01,-8.6325883865e+00,2.3469138184e+03
3957,4.9123099446e-01,-4.8991706967e-01,-8.3715915680e+00,2.3468869629e+03
3958,4.9131277204e-01,-4.8989489675e-01,-8.3007259369e+00,2.3468601074e+03
3959,4.9124175310e-01,-4.8993706703e-01,-8.8461122513e+00,2.3468330078e+03
3960,4.9127039313e-01,-4.8988166451e-01,-8.2574310303e+00,2.3468054199e+03
3961,4.9119845033e-01,-4.8992681503e-01,-8.7398700714e+00,2.3467788086e+03
3962,4.9126282334e-01,-4.8988354206e-01,-8.1933002472e+00,2.3467512207e+03
3963,4.9122577906e-01,-4.8989066482e-01,-8.5499105453e+00,2.3467236328e+03
3964,4.9111452699e-01,-4.8995289207e-01,-8.7533407211e+00,2.3466967773e+03
3965,4.9126023054e-01,-4.8991277814e-01,-8.2564201355e+00,2.3466696777e+03
3966,4.9125924706e-01,-4.8989737034e-01,-8.1112213135e+00,2.3466423340e+03
3967,4.9111771584e-01,-4.8993831873e-01,-9.0518274307e+00,2.3466149902e+03
3968,4.9116921425e-01,-4.8991820216e-01,-8.2890977859e+00,2.3465881348e+03
3969,4.9131208658e-01,-4.8991730809e-01,-8.4388818741e+00,2.3465605469e+03
3970,4.9128618836e-01,-4.8993059993e-01,-8.4873781204e+00,2.3465334473e+03
3971,4.9113860726e-01,-4.8989862204e-01,-8.8174562454e+00,2.3465058594e+03
3972,4.9122262001e-01,-4.8993322253e-01,-8.7227735519e+00,2.3464775391e+03
3973,4.9124321342e-01,-4.8990818858e-01,-8.3982295990e+00,2.3464504395e+03
3974,4.9122124910e-01,-4.8993149400e-01,-8.6865367889e+00,2.3464221191e+03
3975,4.9119627476e-01,-4.8988279700e-01,-8.3766860962e+00,2.3463957520e+03
3976,4.9117219448e-01,-4.8991784453e-01,-9.0510149002e+00,2.3463679199e+03
3977,4.9119156599e-01,-4.8988530040e-01,-8.3848371506e+00,2.3463405762e+03
3978,4.9122101068e-01,-4.8991182446e-01,-8.4662780762e+00,2.3463127441e+03
3979,4.9123162031e-01,-4.8988527060e-01,-8.4536218643e+00,2.3462839355e+03
3980,4.9122092128e-01,-4.8991012573e-01,-8.5815658569e+00,2.3462548828e+03
3981,4.9112766981e-01,-4.8988458514e-01,-8.8126020432e+00,2.3462280273e+03
3982,4.9118164182e-01,-4.8985850811e-01,-8.3324127197e+00,2.3461999512e+03
3983,4.9111649394e-01,-4.8985898495e-01,-8.7494564056e+00,2.3461723633e+03
3984,4.9111816287e-01,-4.8994588852e-01,-8.8314046860e+00,2.3461447754e+03
3985,4.9106132984e-01,-4.8988184333e-01,-8.5617961884e+00,2.3461169434e+03
3986,4.9126818776e-01,-4.8983073235e-01,-8.0552711487e+00,2.3460888672e+03
3987,4.9124181271e-01,-4.8989543319e-01,-8.6944437027e+00,2.3460605469e+03
3988,4.9128916860e-01,-4.8983979225e-01,-8.3833742142e+00,2.3460322266e+03
3989,4.9118950963e-01,-4.8980084062e-01,-8.7164163589e+00,2.3460041504e+03
3990,4.9123683572e-01,-4.8979562521e-01,-8.5301389694e+00,2.3459763184e+03
3991,4.9113848805e-01,-4.8987260461e-01,-8.9461889267e+00,2.3459487305e+03
3992,4.9114960432e-01,-4.8983713984e-01,-8.6523189545e+00,2.3459208984e+03
3993,4.9109530449e-01,-4.8984920979e-01,-8.7567205429e+00,2.3458928223e+03
3994,4.9111074209e-01,-4.8984241486e-01,-8.5959529877e+00,2.3458640137e+03
3995,4.9111619592e-01,-4.8983412981e-01,-8.5378837585e+00,2.3458356934e+03
3996,4.9107974768e-01,-4.8981830478e-01,-8.7090339661e+00,2.3458076172e+03
3997,4.9108591676e-01,-4.8980829120e-01,-8.7931098938e+00,2.3457790527e+03
3998,4.9106505513e-01,-4.8984834552e-01,-8.5196151733e+00,2.3457504883e+03
3999,4.9102446437e-01,-4.8983263969e-01,-9.0251216888e+00,2.3457219238e+03
