step,vx_300_100,vy_300_100,pressure_300_100,Cd,Cl,energy
0,0.0000000000e+00,0.0000000000e+00,0.0000000000e+00,0.0000000000e+00,0.0000000000e+00,2.4750000000e+03
1,4.9207501411e+00,-7.1875000140e-04,9.7379187500e+05,2.5792015076e+01,-5.6666665478e-04,9.8712043750e+05
2,5.0460615158e+00,8.3100993652e-04,2.5660839844e+04,1.4523724318e+00,-1.0721354047e-03,1.0217426250e+06
3,5.0341849327e+00,5.9511774452e-04,-2.3672756348e+03,1.2022527456e+00,7.7042961493e-03,1.0185206250e+06
4,5.0227937698e+00,4.3286615983e-04,-2.4270847168e+03,1.1607178450e+00,1.3033853611e-03,1.0154471250e+06
5,5.0106978416e+00,3.5303313052e-04,-2.4534228516e+03,1.1590960026e+00,1.9441405311e-03,1.0124275000e+06
6,4.9981269836e+00,-8.7786838412e-04,-2.4567136230e+03,1.1697981358e+00,4.5872392366e-04,1.0094875000e+06
7,4.9878191948e+00,-5.2294437774e-04,-2.4212602539e+03,1.2010468245e+00,-6.1644525267e-03,1.0066098125e+06
8,4.9748973846e+00,-4.1643320583e-04,-2.3470058594e+03,1.2423635721e+00,-7.8130206093e-03,1.0038228750e+06
9,4.9681763649e+00,-4.7457095934e-04,-1.5218745117e+03,1.2676397562e+00,-1.4166666369e-04,1.0019381875e+06
10,4.9680647850e+00,-2.7345839771e-04,1.6731927490e+02,1.3125537634e+00,7.6767574064e-03,1.0023631875e+06
11,4.9696645737e+00,5.2363937721e-04,2.4540000916e+02,1.3213721514e+00,3.9854166098e-03,1.0029256875e+06
12,4.9718818665e+00,-9.2998851324e-04,3.0854071045e+02,1.3409019709e+00,6.4746090211e-03,1.0036240000e+06
13,4.9727501869e+00,-8.2643528003e-06,3.5906961060e+02,1.3322542906e+00,4.5044268481e-03,1.0044660000e+06
14,4.9743738174e+00,-6.8689856562e-05,3.9922750854e+02,1.3294571638e+00,4.5337886550e-03,1.0054018125e+06
15,4.9765915871e+00,-1.3375154231e-04,4.3618737793e+02,1.3208353519e+00,1.2984829955e-02,1.0064534375e+06
16,4.9800143242e+00,-3.8469413994e-05,4.6708966064e+02,1.2919244766e+00,5.8011715300e-03,1.0075846250e+06
17,4.9816784859e+00,-1.3228533790e-03,5.0251550293e+02,1.2729176283e+00,1.6437955201e-02,1.0087767500e+06
18,4.9844875336e+00,3.7153309677e-03,5.3292840576e+02,1.2489707470e+00,1.6426431015e-02,1.0100284375e+06
19,4.9878544807e+00,-1.4321540948e-04,5.6868402100e+02,1.2336807251e+00,2.4395115674e-02,1.0113245625e+06
20,4.9908924103e+00,-4.5380264055e-04,5.9877703857e+02,1.2224078178e+00,2.7998760343e-02,1.0126305000e+06
21,4.9932608604e+00,-2.1346888389e-05,6.3140832520e+02,1.2146048546e+00,2.8155727312e-02,1.0139714375e+06
22,4.9975452423e+00,1.3792787213e-03,6.5824926758e+02,1.2031826973e+00,2.3833591491e-02,1.0153085625e+06
23,4.9996976852e+00,-8.5423036944e-04,6.8540124512e+02,1.2099623680e+00,2.5817446411e-02,1.0166269375e+06
24,5.0039005280e+00,9.7015424399e-04,7.0388189697e+02,1.2106035948e+00,2.3489972576e-02,1.0179501875e+06
25,5.0125832558e+00,-2.0725936629e-03,7.0975744629e+02,1.2223862410e+00,2.8999673203e-02,1.0192450625e+06
26,5.0109953880e+00,1.3636068907e-03,7.0878399658e+02,1.2376904488e+00,2.2047394887e-02,1.0205013750e+06
27,5.0118427277e+00,-8.0993771553e-04,6.8984533691e+02,1.2450952530e+00,2.3723436520e-02,1.0217328125e+06
28,5.0160560608e+00,1.5193845611e-03,6.5884002686e+02,1.2575157881e+00,1.6242315993e-02,1.0229198750e+06
29,5.0165610313e+00,-5.9229356702e-04,6.1286346436e+02,1.2599688768e+00,1.5943422914e-02,1.0240458750e+06
30,5.0236811638e+00,-2.4935687543e-04,5.4373297119e+02,1.2687541246e+00,1.6244985163e-02,1.0251183750e+06
31,5.0226140022e+00,2.3114911164e-04,4.6068185425e+02,1.2727011442e+00,1.8423045054e-02,1.0261311250e+06
32,5.0243616104e+00,2.3323539644e-03,3.5402984619e+02,1.2793142796e+00,1.4438930899e-02,1.0270521875e+06
33,5.0273613930e+00,-9.4147602795e-05,2.1360453796e+02,1.2811437845e+00,1.9141210243e-02,1.0278338125e+06
34,5.0294914246e+00,2.1111625247e-03,6.4508537292e+01,1.2872363329e+00,2.5066275150e-02,1.0284516875e+06
35,5.0249676704e+00,-7.5857969932e-06,-5.9733139038e+01,1.2909008265e+00,2.0873891190e-02,1.0289201875e+06
36,5.0243377686e+00,3.9917737013e-04,-1.3804296875e+02,1.2846715450e+00,1.6806183383e-02,1.0292672500e+06
37,5.0240125656e+00,1.0426489171e-03,-2.0145372009e+02,1.2808419466e+00,2.0103905350e-02,1.0295240000e+06
38,5.0241737366e+00,7.5549160829e-04,-2.5599102783e+02,1.2800319195e+00,1.9458461553e-02,1.0296705000e+06
39,5.0217375755e+00,6.8373722024e-04,-2.9671182251e+02,1.2804340124e+00,1.2950715609e-02,1.0297346250e+06
40,5.0188612938e+00,-4.1209248593e-04,-3.3019815063e+02,1.2681834698e+00,1.6277082264e-02,1.0297290625e+06
41,5.0169224739e+00,2.4960408336e-04,-3.5926599121e+02,1.2539823055e+00,1.3606379740e-02,1.0296505000e+06
42,5.0159606934e+00,2.2074152366e-04,-3.7982278442e+02,1.2473229170e+00,1.5318293124e-02,1.0295028750e+06
43,5.0139546394e+00,1.0658227839e-03,-4.0350997925e+02,1.2280361652e+00,9.8884105682e-03,1.0293163750e+06
44,5.0121841431e+00,1.8635205925e-04,-4.2188870239e+02,1.2154334784e+00,9.7376294434e-03,1.0290682500e+06
45,5.0085721016e+00,6.0714158462e-04,-4.3591192627e+02,1.1983900070e+00,-2.7269530110e-03,1.0287831875e+06
46,5.0071501732e+00,1.9096114556e-05,-4.4783477783e+02,1.1850931644e+00,-2.1686195396e-03,1.0284800000e+06
47,5.0058603287e+00,6.2650558539e-04,-4.5887838745e+02,1.1738866568e+00,-1.4457681682e-03,1.0281609375e+06
48,5.0033445358e+00,1.0904221563e-04,-4.6605828857e+02,1.1632156372e+00,-1.0415559635e-02,1.0278123125e+06
49,4.9988784790e+00,1.5942315804e-04,-4.6453912354e+02,1.1623743773e+00,-1.6357680783e-02,1.0274617500e+06
50,4.9971680641e+00,8.5531553486e-04,-4.6095214844e+02,1.1514438391e+00,-1.7243294045e-02,1.0271292500e+06
51,4.9954843521e+00,9.0831425041e-04,-4.5383221436e+02,1.1448583603e+00,-1.8361067399e-02,1.0268166875e+06
52,4.9899435043e+00,-8.1575254444e-04,-4.4293249512e+02,1.1429468393e+00,-2.1780662239e-02,1.0265178125e+06
53,4.9888386726e+00,2.2517803591e-03,-4.2775207520e+02,1.1363331079e+00,-2.3094139993e-02,1.0262427500e+06
54,4.9874815941e+00,1.7096335068e-04,-4.0832882690e+02,1.1362990141e+00,-2.9497068375e-02,1.0260114375e+06
55,4.9890928268e+00,-6.4614997245e-04,-3.8090093994e+02,1.1254649162e+00,-2.2071417421e-02,1.0258253125e+06
56,4.9849014282e+00,-2.3658273276e-03,-3.5277252197e+02,1.1189148426e+00,-2.1662758663e-02,1.0256973125e+06
57,4.9814815521e+00,4.8467754386e-03,-3.2280630493e+02,1.1129522324e+00,-2.2394074127e-02,1.0256195625e+06
58,4.9810843468e+00,-3.6391427275e-03,-2.8243035889e+02,1.1131807566e+00,-1.4770831913e-02,1.0255841875e+06
59,4.9786024094e+00,9.3468936393e-04,-2.4265158081e+02,1.1048702002e+00,-1.4947785065e-02,1.0256055625e+06
60,4.9775152206e+00,8.8707363466e-04,-1.9988861084e+02,1.1022163630e+00,-1.0736197233e-02,1.0256895000e+06
61,4.9768567085e+00,7.0011138450e-04,-1.5187234497e+02,1.0907181501e+00,-8.1485668197e-03,1.0258383125e+06
62,4.9746341705e+00,1.2634353479e-03,-1.0235095215e+02,1.0899804831e+00,-4.3555335142e-03,1.0260415000e+06
63,4.9761114120e+00,1.0395292193e-03,-5.1681583405e+01,1.0893305540e+00,6.5817055292e-03,1.0263038750e+06
64,4.9767255783e+00,5.4702511989e-04,2.0952496529e+00,1.0919815302e+00,1.2854817323e-03,1.0266250625e+06
65,4.9749765396e+00,-1.5885653556e-04,4.9790016174e+01,1.0925927162e+00,3.8059893996e-03,1.0270073125e+06
66,4.9726381302e+00,3.6829413148e-04,9.8793914795e+01,1.0912702084e+00,7.6273432933e-03,1.0274529375e+06
67,4.9737725258e+00,1.8743732944e-03,1.4630671692e+02,1.0868957043e+00,3.8779294118e-03,1.0279466875e+06
68,4.9753599167e+00,-3.2988886232e-04,1.8582569885e+02,1.0923535824e+00,4.6466141939e-03,1.0284949375e+06
69,4.9751501083e+00,-1.3869488612e-03,2.2193743896e+02,1.0920414925e+00,-3.0462237191e-04,1.0290893125e+06
70,4.9764833450e+00,-6.3819740899e-04,2.5287210083e+02,1.0885981321e+00,-3.1769529451e-03,1.0297364375e+06
71,4.9762635231e+00,1.2120892643e-04,2.7705157471e+02,1.0866584778e+00,-3.4644203261e-03,1.0304080625e+06
72,4.9783220291e+00,2.2338181734e-03,3.0038262939e+02,1.0745195150e+00,-6.9305659272e-03,1.0311321875e+06
73,4.9790430069e+00,-1.5331582399e-03,3.2376226807e+02,1.0704294443e+00,-1.1328873225e-02,1.0318898125e+06
74,4.9798846245e+00,3.2160792034e-04,3.3806173706e+02,1.0645623207e+00,-1.7587661743e-02,1.0326657500e+06
75,4.9767236710e+00,5.4966364987e-03,3.4942825317e+02,1.0547956228e+00,-1.5052733012e-02,1.0334676875e+06
76,4.9773998260e+00,2.3337284802e-04,3.6427664185e+02,1.0576677322e+00,-2.5616729632e-02,1.0342781250e+06
77,4.9814219475e+00,2.1052353550e-03,3.7381253052e+02,1.0489622355e+00,-2.3318096995e-02,1.0351063125e+06
78,4.9791498184e+00,-3.2582185231e-03,3.8053628540e+02,1.0477093458e+00,-3.4862659872e-02,1.0359405000e+06
79,4.9822587967e+00,-6.6075922223e-04,3.8642810059e+02,1.0459921360e+00,-4.1548077017e-02,1.0367730000e+06
80,4.9819135666e+00,4.1525010020e-03,3.8870043945e+02,1.0408107042e+00,-4.8391889781e-02,1.0376155625e+06
81,4.9758014679e+00,-1.9687805325e-03,3.9091094971e+02,1.0480772257e+00,-5.8905951679e-02,1.0384384375e+06
82,4.9768509865e+00,-8.7272562087e-04,3.8227273560e+02,1.0441732407e+00,-6.7205011845e-02,1.0392495000e+06
83,4.9755740166e+00,7.0158496965e-04,3.7854647827e+02,1.0369011164e+00,-7.3530368507e-02,1.0400484375e+06
84,4.9741549492e+00,-2.5855819695e-04,3.6141772461e+02,1.0343087912e+00,-8.2187950611e-02,1.0408205000e+06
85,4.9708609581e+00,-3.8821998169e-04,3.4924679565e+02,1.0411981344e+00,-9.1005660594e-02,1.0415515625e+06
86,4.9644746780e+00,-4.9345439766e-04,3.2575775146e+02,1.0349197388e+00,-1.0411760211e-01,1.0422523750e+06
87,4.9590897560e+00,-5.0678930711e-04,2.9757879639e+02,1.0353236198e+00,-1.1144407094e-01,1.0429163125e+06
88,4.9526982307e+00,-3.2972795889e-03,2.7132818604e+02,1.0322241783e+00,-1.2606193125e-01,1.0435415000e+06
89,4.9427471161e+00,-3.8386448286e-03,2.4077554321e+02,1.0380467176e+00,-1.3789340854e-01,1.0441126250e+06
90,4.9322519302e+00,-1.8553429982e-03,2.0163020325e+02,1.0442830324e+00,-1.5288741887e-01,1.0446504375e+06
91,4.9224662781e+00,-1.5249480493e-03,1.6704301453e+02,1.0404998064e+00,-1.6986049712e-01,1.0451266250e+06
92,4.9052629471e+00,-1.7938084202e-03,1.2697651672e+02,1.0454006195e+00,-1.8621623516e-01,1.0455532500e+06
93,4.8847155571e+00,-4.0485681966e-03,9.1129837036e+01,1.0398411751e+00,-1.9894380867e-01,1.0459386250e+06
94,4.8583917618e+00,-7.5606578030e-03,5.0028617859e+01,1.0493561029e+00,-2.1849064529e-01,1.0462791875e+06
95,4.8270339966e+00,-5.1750033163e-03,6.9611854553e+00,1.0496985912e+00,-2.3884266615e-01,1.0465768750e+06
96,4.7941474915e+00,-7.9256659374e-03,-2.9608657837e+01,1.0438950062e+00,-2.6091298461e-01,1.0468238750e+06
97,4.7576513290e+00,-9.9052134901e-03,-6.6684364319e+01,1.0482577085e+00,-2.7562201023e-01,1.0470080625e+06
98,4.7233080864e+00,-1.2086033821e-02,-1.0455221558e+02,1.0521692038e+00,-2.9569917917e-01,1.0471593750e+06
99,4.6842861176e+00,-8.1163337454e-03,-1.4022967529e+02,1.0546227694e+00,-3.1501427293e-01,1.0472780625e+06
100,4.6472859383e+00,-3.7745252484e-04,-1.6674998474e+02,1.0578807592e+00,-3.2841062546e-01,1.0473687500e+06
101,4.6065402031e+00,5.4122474976e-03,-1.9340675354e+02,1.0621974468e+00,-3.4055465460e-01,1.0474193750e+06
102,4.5638937950e+00,6.7378659733e-03,-2.1267669678e+02,1.0719026327e+00,-3.4868237376e-01,1.0474356875e+06
103,4.5167784691e+00,4.5808171853e-03,-2.3365347290e+02,1.0711525679e+00,-3.7071570754e-01,1.0474444375e+06
104,4.4705739021e+00,-3.8999577519e-03,-2.5282551575e+02,1.0801279545e+00,-3.6854296923e-01,1.0474247500e+06
105,4.4290380478e+00,-1.1317923665e-02,-2.6571475220e+02,1.0713534355e+00,-3.6574134231e-01,1.0473945000e+06
106,4.3891510963e+00,-1.6086781397e-02,-2.7789965820e+02,1.0721185207e+00,-3.6226204038e-01,1.0473577500e+06
107,4.3495030403e+00,-9.7892843187e-03,-2.8733868408e+02,1.0726004839e+00,-3.5826352239e-01,1.0472868125e+06
108,4.3153476715e+00,2.7118523140e-03,-2.9375314331e+02,1.0533846617e+00,-3.4252506495e-01,1.0472380625e+06
109,4.2795901299e+00,1.0924275033e-02,-3.0097430420e+02,1.0432618856e+00,-3.3506214619e-01,1.0471714375e+06
110,4.2431893349e+00,2.6819480583e-02,-2.9885147095e+02,1.0284084082e+00,-3.1580117345e-01,1.0471098750e+06
111,4.2133502960e+00,3.1516347080e-02,-3.0168542480e+02,1.0122816563e+00,-2.9088106751e-01,1.0470425000e+06
112,4.1923050880e+00,3.5050999373e-02,-2.9537042236e+02,9.9786007404e-01,-2.7206185460e-01,1.0469769375e+06
113,4.1752529144e+00,3.1899970025e-02,-2.8647775269e+02,9.8487251997e-01,-2.3830024898e-01,1.0469166250e+06
114,4.1640086174e+00,1.6998050734e-02,-2.7257781982e+02,9.7371619940e-01,-2.1173305809e-01,1.0468481875e+06
115,4.1443037987e+00,-8.9306607842e-03,-2.5458784485e+02,9.6385818720e-01,-1.8120910227e-01,1.0468041875e+06
116,4.1115665436e+00,-3.4481786191e-02,-2.2831758118e+02,9.6007573605e-01,-1.4616848528e-01,1.0467625000e+06
117,4.0738539696e+00,-5.4961543530e-02,-2.0294595337e+02,9.6085304022e-01,-1.1084104329e-01,1.0467413750e+06
118,4.0373516083e+00,-6.4549803734e-02,-1.7524438477e+02,9.6544861794e-01,-7.4176006019e-02,1.0467403750e+06
119,4.0081853867e+00,-6.9929972291e-02,-1.4350634766e+02,9.6765738726e-01,-2.9835382476e-02,1.0467705625e+06
120,3.9841043949e+00,-6.9451846182e-02,-1.2186554718e+02,9.8013013601e-01,7.7718417160e-03,1.0468323125e+06
121,3.9708182812e+00,-4.9646656960e-02,-9.7098602295e+01,9.9752181768e-01,5.7509403676e-02,1.0469310000e+06
122,3.9564156532e+00,-2.8288777918e-02,-7.8024162292e+01,1.0110095739e+00,1.0008625686e-01,1.0470812500e+06
123,3.9366238117e+00,-5.4487446323e-03,-5.9702430725e+01,1.0257141590e+00,1.4225490391e-01,1.0472801875e+06
124,3.9060864449e+00,1.6413344070e-02,-4.4375316620e+01,1.0458747149e+00,1.9015079737e-01,1.0475239375e+06
125,3.8792238235e+00,2.2650357336e-02,-2.7384386063e+01,1.0544052124e+00,2.4110236764e-01,1.0478168750e+06
126,3.8587529659e+00,1.5294562094e-02,-1.5191327095e+01,1.0721319914e+00,2.8442016244e-01,1.0481577500e+06
127,3.8417968750e+00,-9.4863241538e-03,-2.6526656151e+00,1.0853450298e+00,3.3495584130e-01,1.0485535625e+06
128,3.8238923550e+00,-3.7879575044e-02,9.0129308701e+00,1.1010156870e+00,3.7389534712e-01,1.0489860000e+06
129,3.8089852333e+00,-6.6390581429e-02,2.3770168304e+01,1.1033908129e+00,4.1736575961e-01,1.0494611250e+06
130,3.8050160408e+00,-8.8803641498e-02,3.8732162476e+01,1.1097980738e+00,4.6372342110e-01,1.0499796250e+06
131,3.8180313110e+00,-9.8617888987e-02,5.6023345947e+01,1.1142436266e+00,4.9692028761e-01,1.0505241250e+06
132,3.8543422222e+00,-9.1361679137e-02,7.2129150391e+01,1.1105928421e+00,5.3445929289e-01,1.0510993750e+06
133,3.8985133171e+00,-7.2679013014e-02,8.5679328918e+01,1.1109460592e+00,5.5941754580e-01,1.0516927500e+06
134,3.9248847961e+00,-4.2850162834e-02,1.0119731903e+02,1.1026922464e+00,5.8548188210e-01,1.0523076250e+06
135,3.9285488129e+00,-6.6540883854e-03,1.1907955170e+02,1.1005518436e+00,6.2019753456e-01,1.0529172500e+06
136,3.9040465355e+00,3.9875786752e-02,1.4271168518e+02,1.0982148647e+00,6.4639019966e-01,1.0535255000e+06
137,3.8589355946e+00,9.9784426391e-02,1.6312216187e+02,1.0952067375e+00,6.6600829363e-01,1.0541323750e+06
138,3.8304028511e+00,1.7574626207e-01,1.9486619568e+02,1.0906913280e+00,6.8003219366e-01,1.0547516250e+06
139,3.8636746407e+00,2.0305478573e-01,2.2386140442e+02,1.0903331041e+00,6.9296807051e-01,1.0553602500e+06
140,3.9697580338e+00,1.6186921299e-01,2.3594528198e+02,1.0843192339e+00,7.0347225666e-01,1.0559620000e+06
141,4.0697536469e+00,9.2356376350e-02,2.3397262573e+02,1.0880330801e+00,7.0667237043e-01,1.0565533750e+06
142,4.1081972122e+00,3.6006007344e-02,2.2964114380e+02,1.0932662487e+00,7.1026778221e-01,1.0571107500e+06
143,4.0988082886e+00,5.0085154362e-03,2.2159680176e+02,1.0964798927e+00,6.9570368528e-01,1.0576433750e+06
144,4.0824346542e+00,-2.0924706012e-02,2.0509671021e+02,1.1010373831e+00,6.8239820004e-01,1.0581617500e+06
145,4.0548868179e+00,-5.0509084016e-02,1.8582604980e+02,1.1123825312e+00,6.5525412560e-01,1.0586601250e+06
146,4.0250554085e+00,-5.6240364909e-02,1.6541937256e+02,1.1148102283e+00,6.2476730347e-01,1.0591441250e+06
147,4.0129833221e+00,-2.1215530112e-02,1.4060557556e+02,1.1209429502e+00,5.7986855507e-01,1.0595825000e+06
148,4.0200376511e+00,2.4995516986e-02,1.1288375854e+02,1.1332032681e+00,5.3556597233e-01,1.0599857500e+06
149,4.0564374924e+00,7.3484197259e-02,8.5377571106e+01,1.1276980639e+00,4.7324332595e-01,1.0603628750e+06
150,4.1291203499e+00,8.9364089072e-02,5.5147010803e+01,1.1258801222e+00,4.1061732173e-01,1.0606930000e+06
151,4.2210998535e+00,8.1456646323e-02,2.6855983734e+01,1.1313077211e+00,3.3576175570e-01,1.0609852500e+06
152,4.3056325912e+00,5.4631575942e-02,-5.2593917847e+00,1.1302406788e+00,2.5500124693e-01,1.0612317500e+06
153,4.3657712936e+00,2.8868114576e-02,-2.8661899567e+01,1.1227937937e+00,1.7088823020e-01,1.0614167500e+06
154,4.3946599960e+00,1.2685406953e-02,-5.0059249878e+01,1.1275097132e+00,7.1467213333e-02,1.0615548750e+06
155,4.4085659981e+00,3.1755410600e-03,-6.8297943115e+01,1.1334797144e+00,-2.5562303141e-02,1.0616497500e+06
156,4.4108080864e+00,-1.2767987326e-02,-8.5178024292e+01,1.1483101845e+00,-1.3247987628e-01,1.0617105000e+06
157,4.3976211548e+00,-3.1213782728e-02,-1.0012958527e+02,1.1616021395e+00,-2.3738774657e-01,1.0617188750e+06
158,4.3660244942e+00,-4.8146419227e-02,-1.1337110138e+02,1.1893626451e+00,-3.4298345447e-01,1.0617126250e+06
159,4.3323402405e+00,-6.0476236045e-02,-1.2779254150e+02,1.2183254957e+00,-4.5046153665e-01,1.0616837500e+06
160,4.2927398682e+00,-7.4050441384e-02,-1.4531443787e+02,1.2425400019e+00,-5.4459947348e-01,1.0616490000e+06
161,4.2582740784e+00,-9.2648707330e-02,-1.6181236267e+02,1.2819485664e+00,-6.4132446051e-01,1.0616055000e+06
162,4.2369065285e+00,-1.2045390159e-01,-1.8120033264e+02,1.3109247684e+00,-7.3076295853e-01,1.0615665000e+06
163,4.2524690628e+00,-1.3419327140e-01,-1.9454321289e+02,1.3457099199e+00,-8.0440062284e-01,1.0615507500e+06
164,4.3414750099e+00,-1.2914848328e-01,-2.0921426392e+02,1.3808362484e+00,-8.6773771048e-01,1.0615406250e+06
165,4.4981694221e+00,-1.1246143281e-01,-2.2311346436e+02,1.4066884518e+00,-9.1401243210e-01,1.0615402500e+06
166,4.6242074966e+00,-1.3760143518e-01,-2.3656256104e+02,1.4428491592e+00,-9.5149093866e-01,1.0615770000e+06
167,4.6290531158e+00,-1.6107702255e-01,-2.4595564270e+02,1.4643878937e+00,-9.6987140179e-01,1.0616368750e+06
168,4.6060705185e+00,-1.3563209772e-01,-2.5218249512e+02,1.4913392067e+00,-9.7336602211e-01,1.0617210000e+06
169,4.6165771484e+00,-8.6041480303e-02,-2.4515982056e+02,1.5191584826e+00,-9.5966923237e-01,1.0618198750e+06
170,4.6749625206e+00,-6.0248684138e-02,-2.2581793213e+02,1.5393692255e+00,-9.2415112257e-01,1.0619595000e+06
171,4.7366786003e+00,-6.2248826027e-02,-2.0212980652e+02,1.5532522202e+00,-8.7945812941e-01,1.0621295000e+06
172,4.7554998398e+00,-6.2937088311e-02,-1.6756890869e+02,1.5703866482e+00,-8.1801676750e-01,1.0623325000e+06
173,4.7409434319e+00,-5.4404884577e-02,-1.2528750610e+02,1.5742243528e+00,-7.3936682940e-01,1.0625832500e+06
174,4.7311763763e+00,-5.4720818996e-02,-8.5487403870e+01,1.5780577660e+00,-6.5223163366e-01,1.0628681250e+06
175,4.7201356888e+00,-5.8935496956e-02,-4.7895057678e+01,1.5621548891e+00,-5.5009680986e-01,1.0631965000e+06
176,4.7052354813e+00,-6.5630488098e-02,-5.1859960556e+00,1.5407609940e+00,-4.2744469643e-01,1.0635613750e+06
177,4.6901345253e+00,-7.2553791106e-02,2.9358619690e+01,1.5148298740e+00,-2.9963460565e-01,1.0639436250e+06
178,4.6661458015e+00,-7.3704153299e-02,6.3531246185e+01,1.4859392643e+00,-1.6267101467e-01,1.0643701250e+06
179,4.6329350471e+00,-6.5479576588e-02,1.0015551758e+02,1.4653246403e+00,-9.3746092170e-03,1.0648082500e+06
180,4.5890865326e+00,-4.8912014812e-02,1.3764968872e+02,1.4418405294e+00,1.4653241634e-01,1.0652775000e+06
181,4.5300540924e+00,-3.4607563168e-02,1.7372511292e+02,1.4300775528e+00,2.9622823000e-01,1.0657711250e+06
182,4.4616842270e+00,-3.1994603574e-02,2.1045953369e+02,1.4285142422e+00,4.4022592902e-01,1.0662797500e+06
183,4.4048304558e+00,-3.8995735347e-02,2.3990690613e+02,1.4424886703e+00,5.7829850912e-01,1.0668056250e+06
184,4.3679156303e+00,-5.7498838753e-02,2.6135253906e+02,1.4576075077e+00,6.9194656610e-01,1.0673597500e+06
185,4.3467621803e+00,-8.2910306752e-02,2.8542926025e+02,1.4982188940e+00,7.9904544353e-01,1.0679373750e+06
186,4.3484969139e+00,-1.1514013261e-01,2.9375820923e+02,1.5191761255e+00,8.8647061586e-01,1.0685632500e+06
187,4.3942012787e+00,-1.3447806239e-01,2.9477313232e+02,1.5601110458e+00,9.4667655230e-01,1.0692036250e+06
188,4.4724488258e+00,-1.6248297691e-01,2.8612988281e+02,1.5877639055e+00,9.9412912130e-01,1.0698650000e+06
189,4.5118503571e+00,-1.9295004010e-01,2.6789566040e+02,1.6061085463e+00,1.0031365156e+00,1.0705663750e+06
190,4.5041885376e+00,-2.1467673779e-01,2.4458224487e+02,1.6176295280e+00,1.0093560219e+00,1.0712885000e+06
191,4.5058789253e+00,-2.2446604073e-01,2.1170388794e+02,1.6229431629e+00,9.8622399569e-01,1.0720122500e+06
192,4.5330801010e+00,-2.1901775897e-01,1.8611016846e+02,1.6149263382e+00,9.3650865555e-01,1.0727523750e+06
193,4.5635328293e+00,-2.2017292678e-01,1.6030015564e+02,1.5973564386e+00,8.9208883047e-01,1.0734706250e+06
194,4.5630950928e+00,-2.2132390738e-01,1.3558050537e+02,1.5743925571e+00,8.0294322968e-01,1.0741902500e+06
195,4.5368185043e+00,-2.2095541656e-01,1.1772073364e+02,1.5433871746e+00,7.1558433771e-01,1.0748666250e+06
196,4.4939279556e+00,-2.1616257727e-01,1.0769144440e+02,1.5136741400e+00,6.0343408585e-01,1.0754946250e+06
197,4.4430441856e+00,-2.0451225340e-01,9.7511116028e+01,1.4784814119e+00,4.8503887653e-01,1.0760930000e+06
198,4.3823366165e+00,-1.9199258089e-01,8.5174575806e+01,1.4486801624e+00,3.6181423068e-01,1.0766441250e+06
199,4.3152451515e+00,-1.7841538787e-01,7.0440193176e+01,1.4296786785e+00,2.3431958258e-01,1.0771372500e+06
200,4.2406425476e+00,-1.6095785797e-01,4.6811504364e+01,1.4182053804e+00,9.9545113742e-02,1.0775825000e+06
201,4.1623058319e+00,-1.3841408491e-01,1.4854939461e+01,1.4118672609e+00,-2.3934699595e-02,1.0779673750e+06
202,4.0762047768e+00,-1.0945682973e-01,-2.8868419647e+01,1.4111101627e+00,-1.6046151519e-01,1.0783082500e+06
203,3.9847009182e+00,-6.9847539067e-02,-9.0731399536e+01,1.4161205292e+00,-2.8389033675e-01,1.0786083750e+06
204,3.8875312805e+00,-1.7949730158e-02,-1.6773371887e+02,1.4333189726e+00,-4.1363832355e-01,1.0788652500e+06
205,3.7852420807e+00,4.5203272253e-02,-2.6692068481e+02,1.4504276514e+00,-5.3296399117e-01,1.0791035000e+06
206,3.6716947556e+00,1.2912668288e-01,-3.7079983521e+02,1.4703463316e+00,-6.4637303352e-01,1.0793297500e+06
207,3.5628829002e+00,2.2400733829e-01,-5.0605554199e+02,1.4963358641e+00,-7.3602408171e-01,1.0795307500e+06
208,3.4682865143e+00,3.3482158184e-01,-6.3561853027e+02,1.5290126801e+00,-8.3056414127e-01,1.0797328750e+06
209,3.3956866264e+00,4.5503723621e-01,-7.7822772217e+02,1.5552282333e+00,-8.9268898964e-01,1.0799375000e+06
210,3.3355937004e+00,5.7931673527e-01,-9.1508966064e+02,1.5847387314e+00,-9.3928730488e-01,1.0801473750e+06
211,3.2940878868e+00,6.9920748472e-01,-1.0490291748e+03,1.6038360596e+00,-9.7200399637e-01,1.0803601250e+06
212,3.2900564671e+00,8.0063945055e-01,-1.1730118408e+03,1.6276665926e+00,-9.8348921537e-01,1.0805595000e+06
213,3.3012082577e+00,8.8483536243e-01,-1.2835249023e+03,1.6284331083e+00,-9.7083264589e-01,1.0807765000e+06
214,3.2955551147e+00,9.7003298998e-01,-1.3779931641e+03,1.6278865337e+00,-9.5101320744e-01,1.0809827500e+06
215,3.2794055939e+00,1.0485327244e+00,-1.4544519043e+03,1.6219727993e+00,-9.1284668446e-01,1.0811665000e+06
216,3.2700731754e+00,1.1110984087e+00,-1.5262030029e+03,1.6097298861e+00,-8.5121047497e-01,1.0813443750e+06
217,3.2617819309e+00,1.1496189833e+00,-1.5812380371e+03,1.5805237293e+00,-7.7786225080e-01,1.0815170000e+06
218,3.2435977459e+00,1.1672461033e+00,-1.6155045166e+03,1.5547572374e+00,-6.9059664011e-01,1.0816643750e+06
219,3.2277543545e+00,1.1533012390e+00,-1.6431351318e+03,1.5217988491e+00,-5.8851605654e-01,1.0817975000e+06
220,3.2064037323e+00,1.1237310171e+00,-1.6599117432e+03,1.4811675549e+00,-4.7209697962e-01,1.0819125000e+06
221,3.1562798023e+00,1.0837554932e+00,-1.6720516357e+03,1.4530764818e+00,-3.4962511063e-01,1.0820232500e+06
222,3.0883841515e+00,1.0282987356e+00,-1.6792252197e+03,1.4247858524e+00,-2.1898266673e-01,1.0821256250e+06
223,3.0105752945e+00,9.5661872625e-01,-1.6843288574e+03,1.4057514668e+00,-9.3961320817e-02,1.0822068750e+06
224,2.9240734577e+00,8.5956627131e-01,-1.6945129395e+03,1.3900582790e+00,3.6622654647e-02,1.0822826250e+06
225,2.8294699192e+00,7.4473971128e-01,-1.6972941895e+03,1.3818373680e+00,1.6651971638e-01,1.0823562500e+06
226,2.7308206558e+00,6.0921144485e-01,-1.7104125977e+03,1.3807129860e+00,2.9996064305e-01,1.0824467500e+06
227,2.6305019855e+00,4.5349761844e-01,-1.7256103516e+03,1.3912853003e+00,4.2562633753e-01,1.0825471250e+06
228,2.5361776352e+00,2.7718162537e-01,-1.7504082031e+03,1.4015928507e+00,5.4838782549e-01,1.0826713750e+06
229,2.4519083500e+00,8.1597611308e-02,-1.7837796631e+03,1.4317501783e+00,6.7236912251e-01,1.0828317500e+06
230,2.3827919960e+00,-1.3123111427e-01,-1.8315770264e+03,1.4541165829e+00,7.6183408499e-01,1.0830530000e+06
231,2.3299303055e+00,-3.5616451502e-01,-1.8921667480e+03,1.4938261509e+00,8.4527063370e-01,1.0833171250e+06
232,2.2951796055e+00,-5.8705270290e-01,-1.9690368652e+03,1.5243077278e+00,9.0745776892e-01,1.0836156250e+06
233,2.2808899879e+00,-8.1378561258e-01,-2.0591872559e+03,1.5523276329e+00,9.5483577251e-01,1.0839532500e+06
234,2.2893855572e+00,-1.0323895216e+00,-2.1761918945e+03,1.5774530172e+00,9.7710424662e-01,1.0843132500e+06
235,2.3154821396e+00,-1.2464666367e+00,-2.3093476562e+03,1.5905560255e+00,9.7973889112e-01,1.0847056250e+06
236,2.3341217041e+00,-1.4610378742e+00,-2.4724687500e+03,1.5947449207e+00,9.6088588238e-01,1.0851175000e+06
237,2.3430769444e+00,-1.6645790339e+00,-2.6614245605e+03,1.5997321606e+00,9.2857253551e-01,1.0855301250e+06
238,2.3553202152e+00,-1.8565607071e+00,-2.8821674805e+03,1.5858374834e+00,8.7483966351e-01,1.0859482500e+06
239,2.3531053066e+00,-2.0423917770e+00,-3.1339741211e+03,1.5751401186e+00,8.0675590038e-01,1.0863560000e+06
240,2.3296327591e+00,-2.2262992859e+00,-3.4265500488e+03,1.5404397249e+00,7.2557896376e-01,1.0867413750e+06
241,2.2913241386e+00,-2.3633944988e+00,-3.7763979492e+03,1.5186113119e+00,6.3221263885e-01,1.0870980000e+06
242,2.2637691498e+00,-2.4804096222e+00,-4.1686503906e+03,1.4778494835e+00,5.2394461632e-01,1.0874185000e+06
243,2.1767835617e+00,-2.6191859245e+00,-4.6285747070e+03,1.4518243074e+00,4.1642203927e-01,1.0876916250e+06
244,2.0312170982e+00,-2.7261509895e+00,-5.1573002930e+03,1.4280165434e+00,3.0304244161e-01,1.0879010000e+06
245,1.8754966259e+00,-2.7795770168e+00,-5.7718862305e+03,1.3996407986e+00,1.8308462203e-01,1.0880581250e+06
246,1.6599893570e+00,-2.8162758350e+00,-6.4706225586e+03,1.3870272636e+00,6.2972195446e-02,1.0881578750e+06
247,1.4570477009e+00,-2.6209621429e+00,-7.2599335938e+03,1.3802502155e+00,-5.9573106468e-02,1.0881881250e+06
248,1.6509109735e+00,-2.2567381859e+00,-8.0297509766e+03,1.3693873882e+00,-1.8291899562e-01,1.0881776250e+06
249,1.6846535206e+00,-1.9298175573e+00,-8.6824169922e+03,1.3902330399e+00,-3.0916014314e-01,1.0880932500e+06
250,1.7324460745e+00,-1.4840071201e+00,-9.2258154297e+03,1.4054687023e+00,-4.3399196863e-01,1.0879468750e+06
251,1.9075412750e+00,-1.0015079975e+00,-9.5802421875e+03,1.4192397594e+00,-5.4980802536e-01,1.0877670000e+06
252,2.0803804398e+00,-5.3294372559e-01,-9.7246943359e+03,1.4549925327e+00,-6.7372339964e-01,1.0875380000e+06
253,2.1998255253e+00,-6.9525435567e-02,-9.6570810547e+03,1.4838936329e+00,-7.7465087175e-01,1.0872987500e+06
254,2.2617316246e+00,4.1540503502e-01,-9.3737529297e+03,1.5216832161e+00,-8.6533004045e-01,1.0870361250e+06
255,2.2837352753e+00,9.4556021690e-01,-8.8507460938e+03,1.5525856018e+00,-9.4020259380e-01,1.0867693750e+06
256,2.2979543209e+00,1.5345805883e+00,-8.0745605469e+03,1.5809022188e+00,-9.9595254660e-01,1.0865141250e+06
257,2.3709671497e+00,2.1133241653e+00,-7.0516967773e+03,1.6073703766e+00,-1.0365465879e+00,1.0862617500e+06
258,2.5062468052e+00,2.6339142323e+00,-5.8316889648e+03,1.6198874712e+00,-1.0405027866e+00,1.0860580000e+06
259,2.6272649765e+00,3.1879436970e+00,-4.4426049805e+03,1.6332511902e+00,-1.0505737066e+00,1.0858493750e+06
260,3.0077202320e+00,3.3118796349e+00,-3.0638708496e+03,1.6233906746e+00,-1.0177406073e+00,1.0856787500e+06
261,3.4831657410e+00,3.1777586937e+00,-1.9760285645e+03,1.6140780449e+00,-9.7324228287e-01,1.0855465000e+06
262,3.8848936558e+00,3.0537898540e+00,-1.1774102783e+03,1.5942335129e+00,-9.1939455271e-01,1.0854385000e+06
263,4.2357640266e+00,2.9724121094e+00,-5.6927160645e+02,1.5688112974e+00,-8.4108394384e-01,1.0853648750e+06
264,4.5578813553e+00,2.8946969509e+00,-9.5371833801e+01,1.5372374058e+00,-7.5506711006e-01,1.0853310000e+06
265,4.8553366661e+00,2.6811151505e+00,2.8557870483e+02,1.5024155378e+00,-6.4320915937e-01,1.0852887500e+06
266,5.1460595131e+00,2.4999527931e+00,5.8939025879e+02,1.4792799950e+00,-5.3125262260e-01,1.0852230000e+06
267,5.3670711517e+00,2.0251722336e+00,8.6117498779e+02,1.4599459171e+00,-4.0915501118e-01,1.0851081250e+06
268,5.6560645103e+00,1.8014913797e+00,1.0695323486e+03,1.4332212210e+00,-2.7470767498e-01,1.0849370000e+06
269,5.9602603912e+00,1.4862610102e+00,1.2532639160e+03,1.4236217737e+00,-1.5071515739e-01,1.0846967500e+06
270,6.1761789322e+00,9.6182036400e-01,1.3955393066e+03,1.4168410301e+00,-1.6511522233e-02,1.0843766250e+06
271,6.2766718864e+00,2.0438437164e-01,1.5470184326e+03,1.4208410978e+00,1.1827356368e-01,1.0839676250e+06
272,6.1834597588e+00,-4.8422098160e-01,1.6944909668e+03,1.4237942696e+00,2.4711020291e-01,1.0834932500e+06
273,6.0200176239e+00,-8.3793836832e-01,1.8139034424e+03,1.4337078333e+00,3.6676380038e-01,1.0829562500e+06
274,5.8414020538e+00,-1.0375313759e+00,1.9140870361e+03,1.4483722448e+00,4.8729535937e-01,1.0823655000e+06
275,5.6842212677e+00,-1.2390943766e+00,1.9953585205e+03,1.4675680399e+00,6.0382980108e-01,1.0817377500e+06
276,5.5595016479e+00,-1.3951175213e+00,2.0599167480e+03,1.4950759411e+00,7.1867102385e-01,1.0811033750e+06
277,5.4284520149e+00,-1.3886549473e+00,2.1128522949e+03,1.5219876766e+00,8.1237363815e-01,1.0804781250e+06
278,5.3435020447e+00,-1.4217211008e+00,2.1336035156e+03,1.5608899593e+00,9.0451389551e-01,1.0798532500e+06
279,5.2588329315e+00,-1.4201178551e+00,2.1298959961e+03,1.5863366127e+00,9.7670018673e-01,1.0792667500e+06
280,5.1635308266e+00,-1.4960415363e+00,2.1089282227e+03,1.6133543253e+00,1.0322031975e+00,1.0787473750e+06
281,5.0518918037e+00,-1.6235644817e+00,2.0122382812e+03,1.6434599161e+00,1.0646467209e+00,1.0782998750e+06
282,4.9628510475e+00,-1.6955481768e+00,1.9195688477e+03,1.6616278887e+00,1.0993199348e+00,1.0779352500e+06
283,4.8640904427e+00,-1.7825145721e+00,1.7444919434e+03,1.6789187193e+00,1.0942784548e+00,1.0776560000e+06
284,4.7868261337e+00,-1.8611497879e+00,1.5190596924e+03,1.6838620901e+00,1.0858757496e+00,1.0774650000e+06
285,4.6911277771e+00,-1.9554065466e+00,1.2226174316e+03,1.6773706675e+00,1.0504286289e+00,1.0773501250e+06
286,4.5918436050e+00,-1.8979974985e+00,8.4475054932e+02,1.6527876854e+00,1.0043759346e+00,1.0773247500e+06
287,4.5668277740e+00,-1.6089841127e+00,4.8972711182e+02,1.6304857731e+00,9.3046373129e-01,1.0773501250e+06
288,4.3932433128e+00,-1.7996587753e+00,1.1213941956e+02,1.5914536715e+00,8.4427517653e-01,1.0774141250e+06
289,4.2331552505e+00,-1.8111658096e+00,-3.6806991577e+02,1.5663810968e+00,7.4355381727e-01,1.0774833750e+06
290,4.0349073410e+00,-1.8091017008e+00,-9.4131164551e+02,1.5293698311e+00,6.1992102861e-01,1.0775671250e+06
291,3.7958478928e+00,-1.7366693020e+00,-1.6044250488e+03,1.4994876385e+00,4.9897637963e-01,1.0776796250e+06
292,3.5213778019e+00,-1.4593873024e+00,-2.3412280273e+03,1.4714918137e+00,3.6442598701e-01,1.0778236250e+06
293,3.3943223953e+00,-8.9529025555e-01,-3.0521491699e+03,1.4482246637e+00,2.2659741342e-01,1.0779778750e+06
294,3.4091274738e+00,-1.7339913547e-01,-3.5500798340e+03,1.4233962297e+00,8.3735346794e-02,1.0781460000e+06
295,3.4588630199e+00,4.7994798422e-01,-3.7830087891e+03,1.4131124020e+00,-6.0693744570e-02,1.0783252500e+06
296,3.4700005054e+00,1.0779021978e+00,-3.7787043457e+03,1.4089214802e+00,-2.0514197648e-01,1.0785313750e+06
297,3.4300715923e+00,1.7037883997e+00,-3.5721813965e+03,1.4003969431e+00,-3.4936890006e-01,1.0787757500e+06
298,3.4031746387e+00,2.3443100452e+00,-3.1698771973e+03,1.4129273891e+00,-4.8212477565e-01,1.0790338750e+06
299,3.4816207886e+00,2.7944850922e+00,-2.6701425781e+03,1.4314087629e+00,-6.2118041515e-01,1.0793127500e+06
300,3.6440222263e+00,3.0120325089e+00,-2.5174926758e+03,1.4592875242e+00,-7.4922281504e-01,1.0795017500e+06
301,3.8077855110e+00,3.0306174755e+00,-2.4652309570e+03,1.4972139597e+00,-8.6036837101e-01,1.0794763750e+06
302,4.0106215477e+00,2.8169403076e+00,-2.3482446289e+03,1.5315175056e+00,-9.4939887524e-01,1.0791708750e+06
303,4.1590857506e+00,2.7300829887e+00,-2.3519125977e+03,1.5642378330e+00,-1.0097979307e+00,1.0784483750e+06
304,4.2492775917e+00,2.7474994659e+00,-2.2145979004e+03,1.6028214693e+00,-1.0638700724e+00,1.0775848750e+06
305,4.3573775291e+00,2.6147222519e+00,-2.1740742188e+03,1.6253918409e+00,-1.0884792805e+00,1.0767407500e+06
306,4.4356746674e+00,2.5886418819e+00,-2.1951467285e+03,1.6378508806e+00,-1.0970968008e+00,1.0760615000e+06
307,4.4946670532e+00,2.6082942486e+00,-2.2614819336e+03,1.6443227530e+00,-1.0838308334e+00,1.0755467500e+06
308,4.5409946442e+00,2.5903108120e+00,-2.3851228027e+03,1.6415939331e+00,-1.0510491133e+00,1.0751472500e+06
309,4.5672626495e+00,2.6503736973e+00,-2.5616933594e+03,1.6205065250e+00,-1.0030941963e+00,1.0747702500e+06
310,4.5853872299e+00,2.6939728260e+00,-2.8224038086e+03,1.5987775326e+00,-9.4274336100e-01,1.0743555000e+06
311,4.5971770287e+00,2.7096724510e+00,-3.1545239258e+03,1.5705335140e+00,-8.4872728586e-01,1.0738786250e+06
312,4.6019577980e+00,2.4355700016e+00,-3.5545375977e+03,1.5346715450e+00,-7.5230282545e-01,1.0733260000e+06
313,4.5800075531e+00,2.5135202408e+00,-4.0100439453e+03,1.5080828667e+00,-6.4080613852e-01,1.0727248750e+06
314,4.5319414139e+00,2.5568494797e+00,-4.5912348633e+03,1.4790738821e+00,-5.1773798466e-01,1.0720980000e+06
315,4.4597749710e+00,2.6089248657e+00,-5.3120966797e+03,1.4526557922e+00,-3.9464041591e-01,1.0714871250e+06
316,4.3853983879e+00,2.4816617966e+00,-6.1899672852e+03,1.4349005222e+00,-2.5225090981e-01,1.0708688750e+06
317,4.3776473999e+00,1.9030883312e+00,-7.0872524414e+03,1.4138042927e+00,-1.2608481944e-01,1.0702556250e+06
318,4.4625072479e+00,1.0236313343e+00,-7.6875483398e+03,1.4004178047e+00,9.1997394338e-03,1.0696583750e+06
319,4.5107769966e+00,2.5825974345e-01,-7.9222416992e+03,1.4014321566e+00,1.5209445357e-01,1.0690543750e+06
320,4.5296602249e+00,-4.3579852581e-01,-7.8689555664e+03,1.4025582075e+00,2.8298929334e-01,1.0684717500e+06
321,4.5475015640e+00,-9.5256233215e-01,-7.6079614258e+03,1.4175893068e+00,4.1630673409e-01,1.0679123750e+06
322,4.5735273361e+00,-1.4176313877e+00,-7.2205776367e+03,1.4341928959e+00,5.3627640009e-01,1.0673782500e+06
323,4.5987339020e+00,-2.1718294621e+00,-6.6818876953e+03,1.4678779840e+00,6.6494297981e-01,1.0668690000e+06
324,4.5844941139e+00,-2.8216497898e+00,-5.8980639648e+03,1.4963048697e+00,7.7172738314e-01,1.0664118750e+06
325,4.5958714485e+00,-3.0803818703e+00,-4.9801572266e+03,1.5333844423e+00,8.7660723925e-01,1.0659896250e+06
326,4.5985875130e+00,-3.0368885994e+00,-4.1023212891e+03,1.5664653778e+00,9.5473515987e-01,1.0656442500e+06
327,4.5991311073e+00,-2.8484110832e+00,-3.4206782227e+03,1.6002415419e+00,1.0215291977e+00,1.0653650000e+06
328,4.5988783836e+00,-2.8460664749e+00,-2.8904885254e+03,1.6297214031e+00,1.0675684214e+00,1.0651457500e+06
329,4.6043910980e+00,-2.6758983135e+00,-2.4714733887e+03,1.6583472490e+00,1.0917537212e+00,1.0649852500e+06
330,4.5957193375e+00,-2.6426966190e+00,-2.1602255859e+03,1.6850523949e+00,1.1125055552e+00,1.0649000000e+06
331,4.5814013481e+00,-2.6340148449e+00,-1.9137396240e+03,1.6895995140e+00,1.1006684303e+00,1.0649062500e+06
332,4.5935897827e+00,-2.6003899574e+00,-1.7525173340e+03,1.6818418503e+00,1.0696173906e+00,1.0649960000e+06
333,4.5686478615e+00,-2.6063582897e+00,-1.6498757324e+03,1.6660645008e+00,1.0228875875e+00,1.0651735000e+06
334,4.5274643898e+00,-2.6467792988e+00,-1.6561608887e+03,1.6485716105e+00,9.6587830782e-01,1.0654146250e+06
335,4.4871191978e+00,-2.4956452847e+00,-1.7189947510e+03,1.6042495966e+00,8.7635022402e-01,1.0657577500e+06
336,4.4641113281e+00,-2.3323564529e+00,-1.8435384521e+03,1.5708956718e+00,7.8744560480e-01,1.0661618750e+06
337,4.3459753990e+00,-2.3814389706e+00,-2.0854931641e+03,1.5305924416e+00,6.7596375942e-01,1.0666287500e+06
338,4.2487897873e+00,-2.4156289101e+00,-2.4064062500e+03,1.4842510223e+00,5.5046582222e-01,1.0671605000e+06
339,4.1170463562e+00,-2.4263494015e+00,-2.9151508789e+03,1.4518246651e+00,4.2681884766e-01,1.0677332500e+06
340,3.9607527256e+00,-2.3367862701e+00,-3.5817893066e+03,1.4274550676e+00,2.8673422337e-01,1.0683628750e+06
341,3.8288416862e+00,-1.9165247679e+00,-4.3603759766e+03,1.4082248211e+00,1.4704306424e-01,1.0690498750e+06
342,3.8181526661e+00,-1.1220028400e+00,-5.0695981445e+03,1.3930764198e+00,5.7512368076e-03,1.0698023750e+06
343,3.8855750561e+00,-3.6649632454e-01,-5.5239248047e+03,1.3972686529e+00,-1.2785162032e-01,1.0706303750e+06
344,3.9262447357e+00,2.8452882171e-01,-5.7300268555e+03,1.4025491476e+00,-2.8095439076e-01,1.0715320000e+06
345,3.9373660088e+00,8.8381367922e-01,-5.7371137695e+03,1.4101562500e+00,-4.1239091754e-01,1.0725012500e+06
346,3.9108541012e+00,1.5231298208e+00,-5.5471269531e+03,1.4370849133e+00,-5.5277872086e-01,1.0734975000e+06
347,3.8751542568e+00,2.2307598591e+00,-5.1442099609e+03,1.4579712152e+00,-6.8135023117e-01,1.0745275000e+06
348,3.8815388680e+00,2.7883293629e+00,-4.5170966797e+03,1.4941323996e+00,-7.9912441969e-01,1.0755525000e+06
349,3.9509229660e+00,3.0703911781e+00,-3.8234228516e+03,1.5350707769e+00,-9.0754961967e-01,1.0765287500e+06
350,4.0500378609e+00,3.0082371235e+00,-3.1961870117e+03,1.5760697126e+00,-9.9902635813e-01,1.0774382500e+06
351,4.1584391594e+00,2.8244290352e+00,-2.7471489258e+03,1.6073896885e+00,-1.0514891148e+00,1.0782193750e+06
352,4.2147150040e+00,2.8253710270e+00,-2.4535800781e+03,1.6438883543e+00,-1.1069588661e+00,1.0788415000e+06
353,4.2835364342e+00,2.6812648773e+00,-2.2608696289e+03,1.6636147499e+00,-1.1288666725e+00,1.0792937500e+06
354,4.3162703514e+00,2.6007666588e+00,-2.1835812988e+03,1.6770840883e+00,-1.1360242367e+00,1.0795307500e+06
355,4.3160343170e+00,2.5780775547e+00,-2.1749919434e+03,1.6741107702e+00,-1.1221506596e+00,1.0795732500e+06
356,4.3344173431e+00,2.5338985920e+00,-2.2344953613e+03,1.6681373119e+00,-1.0802109241e+00,1.0794206250e+06
357,4.3372640610e+00,2.5567588806e+00,-2.3509724121e+03,1.6506165266e+00,-1.0387597084e+00,1.0790832500e+06
358,4.3103628159e+00,2.6039688587e+00,-2.5388007812e+03,1.6113748550e+00,-9.6735870838e-01,1.0786190000e+06
359,4.2900385857e+00,2.5378551483e+00,-2.7655346680e+03,1.5818815231e+00,-8.8427740335e-01,1.0780190000e+06
360,4.3089270592e+00,2.2562761307e+00,-3.0298889160e+03,1.5505791903e+00,-7.8591364622e-01,1.0773187500e+06
361,4.1980476379e+00,2.4077229500e+00,-3.3506713867e+03,1.5120313168e+00,-6.6217666864e-01,1.0765526250e+06
362,4.1089611053e+00,2.3822195530e+00,-3.7775568848e+03,1.4672217369e+00,-5.3434824944e-01,1.0757286250e+06
363,3.9800806046e+00,2.3645100594e+00,-4.3229135742e+03,1.4403507710e+00,-4.0820303559e-01,1.0748408750e+06
364,3.8316311836e+00,2.2625739574e+00,-4.9829311523e+03,1.4250806570e+00,-2.6743748784e-01,1.0739097500e+06
365,3.6872289181e+00,1.9412093163e+00,-5.7213403320e+03,1.4107964039e+00,-1.2424530089e-01,1.0729677500e+06
366,3.6672537327e+00,1.2318370342e+00,-6.3808525391e+03,1.3965048790e+00,1.9415037706e-02,1.0720370000e+06
367,3.7335405350e+00,4.7280797362e-01,-6.8042011719e+03,1.3956714869e+00,1.5593774617e-01,1.0711402500e+06
368,3.7739605904e+00,-1.8236353993e-01,-6.9977553711e+03,1.4079922438e+00,3.0232140422e-01,1.0702961250e+06
369,3.7898313999e+00,-7.9541385174e-01,-6.9945346680e+03,1.4238539934e+00,4.4002971053e-01,1.0695416250e+06
370,3.7722418308e+00,-1.4361220598e+00,-6.8052617188e+03,1.4522399902e+00,5.7778221369e-01,1.0689012500e+06
371,3.7347612381e+00,-2.1391880512e+00,-6.3944721680e+03,1.4799308777e+00,6.9097077847e-01,1.0683948750e+06
372,3.7255470753e+00,-2.7432236671e+00,-5.7546479492e+03,1.5178079605e+00,8.0635565519e-01,1.0680195000e+06
373,3.7945671082e+00,-3.0477507114e+00,-4.9860859375e+03,1.5541709661e+00,8.9407885075e-01,1.0677647500e+06
374,3.9018254280e+00,-3.1096985340e+00,-4.2454902344e+03,1.5932044983e+00,9.8116856813e-01,1.0676343750e+06
375,4.0385341644e+00,-2.9374461174e+00,-3.6501301270e+03,1.6378996372e+00,1.0463892221e+00,1.0675858750e+06
376,4.1428155899e+00,-2.8946530819e+00,-3.2071479492e+03,1.6667416096e+00,1.0900382996e+00,1.0676136250e+06
377,4.2249474525e+00,-2.7966563702e+00,-2.8694404297e+03,1.7131046057e+00,1.1239694357e+00,1.0676943750e+06
378,4.2896533012e+00,-2.7673594952e+00,-2.6275644531e+03,1.7215107679e+00,1.1278400421e+00,1.0678386250e+06
379,4.3531875610e+00,-2.7146017551e+00,-2.4603085938e+03,1.7396938801e+00,1.1280668974e+00,1.0680095000e+06
380,4.3799123764e+00,-2.7698011398e+00,-2.3766953125e+03,1.7303329706e+00,1.1120843887e+00,1.0681997500e+06
381,4.4130444527e+00,-2.8022372723e+00,-2.3650043945e+03,1.7161215544e+00,1.0623105764e+00,1.0684198750e+06
382,4.4193792343e+00,-2.8351020813e+00,-2.4348247070e+03,1.6872712374e+00,1.0036195517e+00,1.0686501250e+06
383,4.4239964485e+00,-2.7211644650e+00,-2.5933037109e+03,1.6499292850e+00,9.2489421368e-01,1.0688808750e+06
384,4.4490051270e+00,-2.5429737568e+00,-2.8179553223e+03,1.6128952503e+00,8.2847768068e-01,1.0691341250e+06
385,4.3970913887e+00,-2.6284203529e+00,-3.1368059082e+03,1.5649952888e+00,7.1990704536e-01,1.0694056250e+06
386,4.3393921852e+00,-2.6484353542e+00,-3.6199152832e+03,1.5212228298e+00,5.8883857727e-01,1.0696862500e+06
387,4.2607436180e+00,-2.5860171318e+00,-4.2789394531e+03,1.4817103148e+00,4.5592457056e-01,1.0699830000e+06
388,4.2125091553e+00,-2.1663548946e+00,-5.0586723633e+03,1.4536228180e+00,3.0999022722e-01,1.0702831250e+06
389,4.2720813751e+00,-1.3462115526e+00,-5.7360429688e+03,1.4173121452e+00,1.6593208909e-01,1.0705958750e+06
390,4.3567018509e+00,-5.9586447477e-01,-6.1165205078e+03,1.3988884687e+00,1.6566274688e-02,1.0709286250e+06
391,4.3985638618e+00,7.5894922018e-02,-6.2622368164e+03,1.3851640224e+00,-1.3883756101e-01,1.0712811250e+06
392,4.4629683495e+00,7.0924741030e-01,-6.2041503906e+03,1.3782508373e+00,-2.8813585639e-01,1.0716725000e+06
393,4.5546426773e+00,1.2021570206e+00,-6.0712895508e+03,1.3938032389e+00,-4.4478574395e-01,1.0721093750e+06
394,4.5150179863e+00,1.8073613644e+00,-5.7927778320e+03,1.4133347273e+00,-5.7966780663e-01,1.0725973750e+06
395,4.4990477562e+00,2.5853259563e+00,-5.3015327148e+03,1.4512572289e+00,-7.2223371267e-01,1.0731540000e+06
396,4.5120697021e+00,3.0216941833e+00,-4.6027973633e+03,1.4952865839e+00,-8.3963781595e-01,1.0737707500e+06
397,4.5387582779e+00,3.2333240509e+00,-3.8702666016e+03,1.5397766829e+00,-9.3560099602e-01,1.0744221250e+06
398,4.5665392876e+00,3.0445556641e+00,-3.2463898926e+03,1.5805726051e+00,-1.0253740549e+00,1.0750916250e+06
399,4.5812697411e+00,2.9745616913e+00,-2.8111789551e+03,1.6293342113e+00,-1.0835528374e+00,1.0757372500e+06
400,4.5991907120e+00,2.8471691608e+00,-2.5099621582e+03,1.6599773169e+00,-1.1113703251e+00,1.0763473750e+06
401,4.6239194870e+00,2.7739646435e+00,-2.3216550293e+03,1.6851499081e+00,-1.1297982931e+00,1.0768938750e+06
402,4.6317882538e+00,2.7631390095e+00,-2.2220349121e+03,1.6916022301e+00,-1.1279209852e+00,1.0773558750e+06
403,4.6428928375e+00,2.6959350109e+00,-2.2041669922e+03,1.6803528070e+00,-1.0981194973e+00,1.0776942500e+06
404,4.6337494850e+00,2.6972973347e+00,-2.2453969727e+03,1.6638170481e+00,-1.0583666563e+00,1.0779148750e+06
405,4.5983691216e+00,2.7212753296e+00,-2.3687048340e+03,1.6396725178e+00,-1.0033512115e+00,1.0779947500e+06
406,4.5542640686e+00,2.7335522175e+00,-2.5571977539e+03,1.6055719852e+00,-9.2803853750e-01,1.0779241250e+06
407,4.5317134857e+00,2.4441459179e+00,-2.8241862793e+03,1.5696506500e+00,-8.3545958996e-01,1.0777365000e+06
408,4.4600186348e+00,2.5268690586e+00,-3.1361623535e+03,1.5358284712e+00,-7.2143000364e-01,1.0774311250e+06
409,4.3747820854e+00,2.5141110420e+00,-3.5754790039e+03,1.4976844788e+00,-6.0092276335e-01,1.0770243750e+06
410,4.2484264374e+00,2.5473265648e+00,-4.1649726562e+03,1.4699701071e+00,-4.6892052889e-01,1.0765392500e+06
411,4.1149992943e+00,2.3910818100e+00,-4.9187216797e+03,1.4348537922e+00,-3.3230349422e-01,1.0759842500e+06
412,4.0530161858e+00,1.8580837250e+00,-5.7306279297e+03,1.4207606316e+00,-1.9009204209e-01,1.0753780000e+06
413,4.1184883118e+00,1.0112766027e+00,-6.3557050781e+03,1.4127416611e+00,-4.2497977614e-02,1.0747302500e+06
414,4.1749920845e+00,3.1277388334e-01,-6.6886113281e+03,1.3985003233e+00,9.3995243311e-02,1.0740846250e+06
415,4.2026433945e+00,-3.0393174291e-01,-6.8142631836e+03,1.3990025520e+00,2.3300825059e-01,1.0734548750e+06
416,4.2270379066e+00,-8.9582252502e-01,-6.7773027344e+03,1.4202811718e+00,3.7551403046e-01,1.0728541250e+06
417,4.2245206833e+00,-1.5232677460e+00,-6.5707343750e+03,1.4403892756e+00,5.1149564981e-01,1.0722968750e+06
418,4.1964402199e+00,-2.2266452312e+00,-6.1547148438e+03,1.4685622454e+00,6.4142131805e-01,1.0718190000e+06
419,4.1966552734e+00,-2.7983798981e+00,-5.5030126953e+03,1.5066974163e+00,7.6067119837e-01,1.0714281250e+06
420,4.2387199402e+00,-3.0646123886e+00,-4.7395742188e+03,1.5437952280e+00,8.6397874355e-01,1.0711486250e+06
421,4.2976808548e+00,-3.0844023228e+00,-4.0119294434e+03,1.5806159973e+00,9.6012365818e-01,1.0709580000e+06
422,4.3611116409e+00,-2.8791501522e+00,-3.4395432129e+03,1.6255540848e+00,1.0334416628e+00,1.0708411250e+06
423,4.4038448334e+00,-2.8665895462e+00,-3.0245097656e+03,1.6643884182e+00,1.0896234512e+00,1.0708086250e+06
424,4.4464001656e+00,-2.7041327953e+00,-2.7107502441e+03,1.7017779350e+00,1.1280429363e+00,1.0708272500e+06
425,4.4693408012e+00,-2.6749839783e+00,-2.4847946777e+03,1.7274185419e+00,1.1463122368e+00,1.0708640000e+06
426,4.4835271835e+00,-2.6475584507e+00,-2.3405454102e+03,1.7389467955e+00,1.1529886723e+00,1.0709301250e+06
427,4.4976248741e+00,-2.6100518703e+00,-2.2580144043e+03,1.7426048517e+00,1.1340535879e+00,1.0709903750e+06
428,4.4958915710e+00,-2.6093673706e+00,-2.2396938477e+03,1.7338228226e+00,1.0994008780e+00,1.0710348750e+06
429,4.4721341133e+00,-2.6575546265e+00,-2.2863354492e+03,1.7040576935e+00,1.0408231020e+00,1.0710582500e+06
430,4.4502754211e+00,-2.7123739719e+00,-2.4071384277e+03,1.6753813028e+00,9.7535479069e-01,1.0710853750e+06
431,4.4164056778e+00,-2.5258998871e+00,-2.6109597168e+03,1.6436011791e+00,8.9363342524e-01,1.0710926250e+06
432,4.3975224495e+00,-2.3663280010e+00,-2.8523283691e+03,1.5978764296e+00,7.9028534889e-01,1.0711006250e+06
433,4.3016462326e+00,-2.4496834278e+00,-3.1922128906e+03,1.5602922440e+00,6.7551207542e-01,1.0711112500e+06
434,4.1951417923e+00,-2.4752447605e+00,-3.6798432617e+03,1.5181238651e+00,5.4572814703e-01,1.0711386250e+06
435,4.0602149963e+00,-2.4014961720e+00,-4.3441040039e+03,1.4791140556e+00,4.0798446536e-01,1.0711701250e+06
436,3.9599187374e+00,-2.0135710239e+00,-5.1219384766e+03,1.4420390129e+00,2.6513624191e-01,1.0712190000e+06
437,3.9839978218e+00,-1.2223258018e+00,-5.8295258789e+03,1.4113061428e+00,1.2094791234e-01,1.0712873750e+06
438,4.0722503662e+00,-4.7005096078e-01,-6.2645449219e+03,1.3987058401e+00,-3.1566534191e-02,1.0713835000e+06
439,4.1229181290e+00,1.4122657478e-01,-6.4691010742e+03,1.3853341341e+00,-1.8409217894e-01,1.0715172500e+06
440,4.1625304222e+00,7.2982722521e-01,-6.5004013672e+03,1.3910005093e+00,-3.4035810828e-01,1.0716901250e+06
441,4.1609106064e+00,1.2865862846e+00,-6.3745317383e+03,1.4109710455e+00,-4.8571118712e-01,1.0719306250e+06
442,4.1065611839e+00,1.9854247570e+00,-6.0572158203e+03,1.4352252483e+00,-6.3537341356e-01,1.0722518750e+06
443,4.0747671127e+00,2.6602365971e+00,-5.4952788086e+03,1.4742181301e+00,-7.6469719410e-01,1.0726337500e+06
444,4.1022844315e+00,3.0365481377e+00,-4.7587661133e+03,1.5267080069e+00,-8.8306307793e-01,1.0730887500e+06
445,4.1558103561e+00,3.2465815544e+00,-4.0180017090e+03,1.5695850849e+00,-9.7891020775e-01,1.0735825000e+06
446,4.2380023003e+00,3.0424823761e+00,-3.3899140625e+03,1.6185950041e+00,-1.0491509438e+00,1.0740897500e+06
447,4.3040194511e+00,2.9247016907e+00,-2.9552568359e+03,1.6682431698e+00,-1.1041156054e+00,1.0745890000e+06
448,4.3436970711e+00,2.8309998512e+00,-2.6325388184e+03,1.6945363283e+00,-1.1371483803e+00,1.0750680000e+06
449,4.3776111603e+00,2.7744293213e+00,-2.4338083496e+03,1.7110879421e+00,-1.1467548609e+00,1.0754780000e+06
450,4.3941435814e+00,2.7337493896e+00,-2.3097204590e+03,1.7140334845e+00,-1.1436558962e+00,1.0758245000e+06
451,4.4149737358e+00,2.7277345657e+00,-2.2679020996e+03,1.7113891840e+00,-1.1143890619e+00,1.0760672500e+06
452,4.4319539070e+00,2.6908633709e+00,-2.3339836426e+03,1.6936951876e+00,-1.0700352192e+00,1.0762102500e+06
453,4.4028968811e+00,2.7266545296e+00,-2.3824067383e+03,1.6644752026e+00,-1.0033600330e+00,1.0762550000e+06
454,4.3679366112e+00,2.7713224888e+00,-2.5451762695e+03,1.6212835312e+00,-9.2173856497e-01,1.0762088750e+06
455,4.3739666939e+00,2.4695000648e+00,-2.7811494141e+03,1.5771456957e+00,-8.2918107510e-01,1.0760775000e+06
456,4.3186917305e+00,2.5414369106e+00,-3.0651618652e+03,1.5392764807e+00,-7.2338324785e-01,1.0758717500e+06
457,4.2395496368e+00,2.5262861252e+00,-3.4851535645e+03,1.4848157167e+00,-5.9725528955e-01,1.0756110000e+06
458,4.1267242432e+00,2.5320611000e+00,-4.0420842285e+03,1.4515118599e+00,-4.6744260192e-01,1.0752782500e+06
459,4.0016942024e+00,2.4292733669e+00,-4.7555302734e+03,1.4235795736e+00,-3.3195090294e-01,1.0748913750e+06
460,3.8999648094e+00,2.0546572208e+00,-5.5592304688e+03,1.3972082138e+00,-1.8756228685e-01,1.0744753750e+06
461,3.9311118126e+00,1.2741324902e+00,-6.2559208984e+03,1.3819369078e+00,-4.6825516969e-02,1.0740456250e+06
462,4.0112738609e+00,5.2777236700e-01,-6.6969819336e+03,1.3819774389e+00,9.8488792777e-02,1.0736053750e+06
463,4.0473923683e+00,-1.1755688488e-01,-6.9080537109e+03,1.3794715405e+00,2.4343402684e-01,1.0732005000e+06
464,4.0800981522e+00,-7.2174948454e-01,-6.9550332031e+03,1.3927544355e+00,3.8574710488e-01,1.0728131250e+06
465,4.0937438011e+00,-1.3493568897e+00,-6.8256059570e+03,1.4127463102e+00,5.1812022924e-01,1.0725158750e+06
466,4.0741419792e+00,-2.0705826283e+00,-6.4901562500e+03,1.4373275042e+00,6.4425647259e-01,1.0723146250e+06
467,4.0727505684e+00,-2.7273647785e+00,-5.9041318359e+03,1.4714075327e+00,7.6169127226e-01,1.0721850000e+06
468,4.1233720779e+00,-3.0549781322e+00,-5.1529184570e+03,1.5079194307e+00,8.6841183901e-01,1.0721316250e+06
469,4.1905789375e+00,-3.2120671272e+00,-4.4080390625e+03,1.5505623817e+00,9.4838339090e-01,1.0721357500e+06
470,4.2695689201e+00,-3.0261855125e+00,-3.7818823242e+03,1.5937963724e+00,1.0209826231e+00,1.0721658750e+06
471,4.3562574387e+00,-2.9646530151e+00,-3.3257167969e+03,1.6317223310e+00,1.0716418028e+00,1.0721896250e+06
472,4.4114804268e+00,-2.8539001942e+00,-2.9848603516e+03,1.6713351011e+00,1.0998562574e+00,1.0722220000e+06
473,4.4609961510e+00,-2.8207674026e+00,-2.7408029785e+03,1.6797299385e+00,1.1016311646e+00,1.0722687500e+06
474,4.4943852425e+00,-2.8076558113e+00,-2.5904489746e+03,1.6983473301e+00,1.0971733332e+00,1.0722713750e+06
475,4.5386915207e+00,-2.7697417736e+00,-2.5173999023e+03,1.6930063963e+00,1.0692168474e+00,1.0722452500e+06
476,4.5618348122e+00,-2.8062338829e+00,-2.5315671387e+03,1.6752777100e+00,1.0140877962e+00,1.0721905000e+06
477,4.5865802765e+00,-2.8421359062e+00,-2.6252800293e+03,1.6525547504e+00,9.5894777775e-01,1.0720913750e+06
478,4.5877904892e+00,-2.8168497086e+00,-2.8130322266e+03,1.6254318953e+00,8.7416458130e-01,1.0719563750e+06
479,4.6100616455e+00,-2.5357949734e+00,-3.0525290527e+03,1.5947982073e+00,7.7531272173e-01,1.0717980000e+06
480,4.5740990639e+00,-2.6421182156e+00,-3.3725190430e+03,1.5539751053e+00,6.7895817757e-01,1.0716235000e+06
481,4.5256295204e+00,-2.7052392960e+00,-3.8579008789e+03,1.5108389854e+00,5.5056989193e-01,1.0714645000e+06
482,4.4730362892e+00,-2.6900441647e+00,-4.5138637695e+03,1.4693732262e+00,4.2411589622e-01,1.0712996250e+06
483,4.4338393211e+00,-2.3460714817e+00,-5.3300639648e+03,1.4402246475e+00,2.8440982103e-01,1.0711328750e+06
484,4.4722228050e+00,-1.5201014280e+00,-6.0609584961e+03,1.3993813992e+00,1.4721405506e-01,1.0709816250e+06
485,4.5251202583e+00,-7.7705395222e-01,-6.5020517578e+03,1.3765028715e+00,1.7734373687e-03,1.0708535000e+06
486,4.5199604034e+00,-1.0240280628e-01,-6.6953906250e+03,1.3699332476e+00,-1.3218501210e-01,1.0707520000e+06
487,4.5382671356e+00,5.5374169350e-01,-6.6908969727e+03,1.3755468130e+00,-2.7776098251e-01,1.0706951250e+06
488,4.5895600319e+00,1.0682265759e+00,-6.5187294922e+03,1.3927087784e+00,-4.1676476598e-01,1.0707037500e+06
489,4.6198348999e+00,1.6114205122e+00,-6.2484306641e+03,1.4074578285e+00,-5.5505883694e-01,1.0707966250e+06
490,4.6045579910e+00,2.3770704269e+00,-5.7874311523e+03,1.4401861429e+00,-6.7903649807e-01,1.0709998750e+06
491,4.6013064384e+00,2.8755941391e+00,-5.0859501953e+03,1.4810227156e+00,-7.9740697145e-01,1.0712932500e+06
492,4.6072483063e+00,3.1207964420e+00,-4.3187436523e+03,1.5206905603e+00,-8.9942926168e-01,1.0716523750e+06
493,4.6149010658e+00,3.0255475044e+00,-3.6045986328e+03,1.5731993914e+00,-9.7745203972e-01,1.0720731250e+06
494,4.6124000549e+00,2.8536384106e+00,-3.0742465820e+03,1.6179540157e+00,-1.0402731895e+00,1.0725346250e+06
495,4.6030111313e+00,2.8117108345e+00,-2.6846638184e+03,1.6441624165e+00,-1.0889680386e+00,1.0729941250e+06
496,4.5922827721e+00,2.6625397205e+00,-2.3968249512e+03,1.6770501137e+00,-1.1080353260e+00,1.0734511250e+06
497,4.5696773529e+00,2.6273231506e+00,-2.2082133789e+03,1.6808207035e+00,-1.1071225405e+00,1.0738762500e+06
498,4.5462088585e+00,2.6102983952e+00,-2.0906811523e+03,1.6783748865e+00,-1.0997422934e+00,1.0742400000e+06
499,4.5487527847e+00,2.5876348019e+00,-2.0463172607e+03,1.6710850000e+00,-1.0583052635e+00,1.0745137500e+06
500,4.5085992813e+00,2.6265242100e+00,-2.0629260254e+03,1.6490912437e+00,-1.0082291365e+00,1.0747175000e+06
501,4.4726390839e+00,2.6224579811e+00,-2.1461091309e+03,1.6141316891e+00,-9.3521112204e-01,1.0748400000e+06
502,4.4280676842e+00,2.6548819542e+00,-2.3100246582e+03,1.5817384720e+00,-8.4548199177e-01,1.0748725000e+06
503,4.3932194710e+00,2.3777813911e+00,-2.5396975098e+03,1.5405204296e+00,-7.4719744921e-01,1.0748496250e+06
504,4.3230319023e+00,2.4074699879e+00,-2.8167832031e+03,1.5045235157e+00,-6.2890601158e-01,1.0747463750e+06
505,4.2085533142e+00,2.4001669884e+00,-3.2236298828e+03,1.4795967340e+00,-5.0757974386e-01,1.0745836250e+06
506,4.0718784332e+00,2.3946783543e+00,-3.7610903320e+03,1.4424178600e+00,-3.7606903911e-01,1.0743682500e+06
507,3.9210453033e+00,2.2663419247e+00,-4.4567456055e+03,1.4150705338e+00,-2.3592810333e-01,1.0741180000e+06
508,3.8092966080e+00,1.8580424786e+00,-5.2343198242e+03,1.3972262144e+00,-9.9509954453e-02,1.0738355000e+06
509,3.8363637924e+00,1.0922935009e+00,-5.9104243164e+03,1.3887329102e+00,3.5826560110e-02,1.0735446250e+06
510,3.9198942184e+00,3.6210253835e-01,-6.3258051758e+03,1.3866709471e+00,1.8006378412e-01,1.0732720000e+06
511,3.9497406483e+00,-2.5258710980e-01,-6.5342309570e+03,1.3978545666e+00,3.1177172065e-01,1.0730131250e+06
512,3.9610114098e+00,-8.7327498198e-01,-6.5693642578e+03,1.4109055996e+00,4.4479086995e-01,1.0727921250e+06
513,3.9597349167e+00,-1.4994791746e+00,-6.4230869141e+03,1.4243264198e+00,5.7623708248e-01,1.0726156250e+06
514,3.9250760078e+00,-2.2076544762e+00,-6.0636123047e+03,1.4558848143e+00,6.9793707132e-01,1.0725048750e+06
515,3.9181456566e+00,-2.8060817719e+00,-5.4604277344e+03,1.4880086184e+00,8.0242228508e-01,1.0724706250e+06
516,3.9861688614e+00,-3.1107034683e+00,-4.7304658203e+03,1.5209730864e+00,8.9924448729e-01,1.0724923750e+06
517,4.0683989525e+00,-3.1653385162e+00,-4.0259543457e+03,1.5592993498e+00,9.8026543856e-01,1.0725612500e+06
518,4.1838088036e+00,-2.9615979195e+00,-3.4723981934e+03,1.5974106789e+00,1.0425827503e+00,1.0726625000e+06
519,4.2575650215e+00,-2.9583227634e+00,-3.0812482910e+03,1.6304024458e+00,1.0832152367e+00,1.0727578750e+06
520,4.3393154144e+00,-2.7938163280e+00,-2.7929667969e+03,1.6577284336e+00,1.1054819822e+00,1.0728495000e+06
521,4.3942666054e+00,-2.7473132610e+00,-2.6089472656e+03,1.6660473347e+00,1.1125160456e+00,1.0729061250e+06
522,4.4421176910e+00,-2.7251989841e+00,-2.5020930176e+03,1.6722695827e+00,1.0976451635e+00,1.0729316250e+06
523,4.4729371071e+00,-2.7310905457e+00,-2.4703786621e+03,1.6627261639e+00,1.0618553162e+00,1.0729001250e+06
524,4.4811854362e+00,-2.7580349445e+00,-2.5100434570e+03,1.6458100080e+00,1.0154161453e+00,1.0728142500e+06
525,4.4808955193e+00,-2.8048381805e+00,-2.6233173828e+03,1.6218824387e+00,9.4022506475e-01,1.0726781250e+06
526,4.4793629646e+00,-2.6586959362e+00,-2.8210234375e+03,1.5947897434e+00,8.5676932335e-01,1.0724996250e+06
527,4.4594168663e+00,-2.5559701920e+00,-3.0650664062e+03,1.5552765131e+00,7.5449901819e-01,1.0722930000e+06
528,4.4069833755e+00,-2.6445999146e+00,-3.4287617188e+03,1.5147727728e+00,6.4591145515e-01,1.0720670000e+06
529,4.3455562592e+00,-2.6533052921e+00,-3.9394321289e+03,1.4707027674e+00,5.1653939486e-01,1.0718270000e+06
530,4.2531962395e+00,-2.6341612339e+00,-4.6167788086e+03,1.4362404346e+00,3.9379698038e-01,1.0715692500e+06
531,4.1797022820e+00,-2.2999105453e+00,-5.4314218750e+03,1.4063044786e+00,2.4015381932e-01,1.0713132500e+06
532,4.2026357651e+00,-1.5052334070e+00,-6.2034199219e+03,1.3848564625e+00,1.1325780302e-01,1.0710618750e+06
533,4.2955164909e+00,-6.9533741474e-01,-6.6819926758e+03,1.3720104694e+00,-2.9637433589e-02,1.0708333750e+06
534,4.3402814865e+00,-4.3916646391e-02,-6.9059204102e+03,1.3655946255e+00,-1.6534946859e-01,1.0706425000e+06
535,4.3824162483e+00,5.8980548382e-01,-6.9341093750e+03,1.3770613670e+00,-3.1591495872e-01,1.0705047500e+06
536,4.4312629700e+00,1.1268920898e+00,-6.8180102539e+03,1.3966083527e+00,-4.4079095125e-01,1.0704215000e+06
537,4.4233264923e+00,1.7684044838e+00,-6.5452382812e+03,1.4315488338e+00,-5.8264487982e-01,1.0704473750e+06
538,4.4153518677e+00,2.5218749046e+00,-6.0556733398e+03,1.4605321884e+00,-7.1057236195e-01,1.0705628750e+06
539,4.4337892532e+00,3.0399489403e+00,-5.3395483398e+03,1.5046430826e+00,-8.2433497906e-01,1.0707642500e+06
540,4.4796304703e+00,3.2779917717e+00,-4.5469116211e+03,1.5528819561e+00,-9.2989492416e-01,1.0710416250e+06
541,4.5138106346e+00,3.1149845123e+00,-3.8455927734e+03,1.5898501873e+00,-1.0048148632e+00,1.0713770000e+06
542,4.5461959839e+00,2.9881675243e+00,-3.3268532715e+03,1.6262607574e+00,-1.0741939545e+00,1.0717478750e+06
543,4.5738701820e+00,2.9330096245e+00,-2.9346218262e+03,1.6633821726e+00,-1.1142218113e+00,1.0720933750e+06
544,4.6075239182e+00,2.8284673691e+00,-2.6620942383e+03,1.6861116886e+00,-1.1367797852e+00,1.0724363750e+06
545,4.6342496872e+00,2.7106530666e+00,-2.4792167969e+03,1.7094595432e+00,-1.1380900145e+00,1.0727438750e+06
546,4.6527614594e+00,2.6834075451e+00,-2.3827690430e+03,1.6996219158e+00,-1.1133438349e+00,1.0730036250e+06
547,4.6388487816e+00,2.7297630310e+00,-2.3567993164e+03,1.6914120913e+00,-1.0812059641e+00,1.0732020000e+06
548,4.6140737534e+00,2.7627632618e+00,-2.4053203125e+03,1.6704086065e+00,-1.0277725458e+00,1.0733201250e+06
549,4.5868730545e+00,2.8305985928e+00,-2.5336877441e+03,1.6436051130e+00,-9.5104044676e-01,1.0733757500e+06
550,4.5561532974e+00,2.5545835495e+00,-2.7389128418e+03,1.6152637005e+00,-8.6467462778e-01,1.0733636250e+06
551,4.4988451004e+00,2.5960650444e+00,-3.0210021973e+03,1.5695180893e+00,-7.6537227631e-01,1.0733117500e+06
552,4.4388480186e+00,2.5935118198e+00,-3.4133879395e+03,1.5284523964e+00,-6.5848225355e-01,1.0732132500e+06
553,4.3505516052e+00,2.5877509117e+00,-3.9561494141e+03,1.4792541265e+00,-5.3084272146e-01,1.0730728750e+06
554,4.2475099564e+00,2.4639813900e+00,-4.6791586914e+03,1.4420101643e+00,-4.0270057321e-01,1.0728927500e+06
555,4.1836318970e+00,2.0009572506e+00,-5.4823662109e+03,1.4077610970e+00,-2.6026690006e-01,1.0726781250e+06
556,4.2304043770e+00,1.1568284035e+00,-6.1345854492e+03,1.3846167326e+00,-1.2806060910e-01,1.0724522500e+06
557,4.2742085457e+00,4.5384901762e-01,-6.4914902344e+03,1.3697340488e+00,1.0547069833e-02,1.0722170000e+06
558,4.2887644768e+00,-1.4978677034e-01,-6.6587622070e+03,1.3663227558e+00,1.5109543502e-01,1.0719981250e+06
559,4.3163557053e+00,-7.6084041595e-01,-6.6543383789e+03,1.3725191355e+00,2.9665511847e-01,1.0717975000e+06
560,4.3212995529e+00,-1.3602572680e+00,-6.4801855469e+03,1.3888982534e+00,4.3511983752e-01,1.0716491250e+06
561,4.3344459534e+00,-2.0758345127e+00,-6.1241640625e+03,1.4141069651e+00,5.6359773874e-01,1.0715601250e+06
562,4.3383426666e+00,-2.7437770367e+00,-5.5244877930e+03,1.4507546425e+00,6.9163721800e-01,1.0715576250e+06
563,4.3751688004e+00,-3.0547947884e+00,-4.7616572266e+03,1.4947046041e+00,8.1110322475e-01,1.0716243750e+06
564,4.4215450287e+00,-3.1934299469e+00,-4.0135517578e+03,1.5335444212e+00,9.1172426939e-01,1.0717596250e+06
565,4.4693870544e+00,-2.9461750984e+00,-3.4103469238e+03,1.5800256729e+00,9.9353581667e-01,1.0719597500e+06
566,4.5097322464e+00,-2.9264631271e+00,-2.9837121582e+03,1.6269822121e+00,1.0580431223e+00,1.0721666250e+06
567,4.5472593307e+00,-2.7681686878e+00,-2.6782119141e+03,1.6544021368e+00,1.1000274420e+00,1.0723980000e+06
568,4.5673642159e+00,-2.7242748737e+00,-2.4729248047e+03,1.6749640703e+00,1.1265971661e+00,1.0726105000e+06
569,4.5758147240e+00,-2.6886231899e+00,-2.3455583496e+03,1.6891348362e+00,1.1259909868e+00,1.0727802500e+06
570,4.5816512108e+00,-2.6644906998e+00,-2.2960708008e+03,1.6855652332e+00,1.1122802496e+00,1.0729065000e+06
571,4.5799818039e+00,-2.6829459667e+00,-2.3150534668e+03,1.6806644201e+00,1.0812619925e+00,1.0729553750e+06
572,4.5645651817e+00,-2.7161936760e+00,-2.4020578613e+03,1.6596900225e+00,1.0216997862e+00,1.0729606250e+06
573,4.5437765121e+00,-2.6915867329e+00,-2.5654846191e+03,1.6255881786e+00,9.5510369539e-01,1.0728998750e+06
574,4.5379180908e+00,-2.4112482071e+00,-2.7911711426e+03,1.6001908779e+00,8.6991673708e-01,1.0728000000e+06
575,4.4596004486e+00,-2.5473594666e+00,-3.0951958008e+03,1.5630241632e+00,7.6970309019e-01,1.0726600000e+06
576,4.3820657730e+00,-2.5517201424e+00,-3.5275251465e+03,1.5195112228e+00,6.5470451117e-01,1.0724783750e+06
577,4.2588248253e+00,-2.5719969273e+00,-4.1334965820e+03,1.4861341715e+00,5.3229635954e-01,1.0722823750e+06
578,4.1332683563e+00,-2.3707683086e+00,-4.9152641602e+03,1.4499913454e+00,3.9862179756e-01,1.0720618750e+06
579,4.1048665047e+00,-1.7142435312e+00,-5.7242534180e+03,1.4199392796e+00,2.6561990380e-01,1.0718435000e+06
580,4.1815338135e+00,-8.5600388050e-01,-6.3094975586e+03,1.3978455067e+00,1.3205559552e-01,1.0716155000e+06
581,4.2508301735e+00,-1.7430627346e-01,-6.6144028320e+03,1.3913004398e+00,-6.7634112202e-03,1.0714062500e+06
582,4.2827067375e+00,4.3371298909e-01,-6.7060341797e+03,1.3846306801e+00,-1.5203234553e-01,1.0712383750e+06
583,4.3145079613e+00,9.9863570929e-01,-6.6273413086e+03,1.4010269642e+00,-2.8304165602e-01,1.0711102500e+06
584,4.3002438545e+00,1.6204274893e+00,-6.3961142578e+03,1.4224785566e+00,-4.2236897349e-01,1.0710355000e+06
585,4.2791943550e+00,2.3405833244e+00,-5.9228071289e+03,1.4499005079e+00,-5.5747365952e-01,1.0710747500e+06
586,4.2859067917e+00,2.8599514961e+00,-5.2396132812e+03,1.4879207611e+00,-6.8356686831e-01,1.0711898750e+06
587,4.3320055008e+00,3.1015431881e+00,-4.4644365234e+03,1.5160282850e+00,-7.9665660858e-01,1.0713833750e+06
588,4.3875975609e+00,3.0240547657e+00,-3.7521271973e+03,1.5585595369e+00,-9.0845990181e-01,1.0716275000e+06
589,4.4357161522e+00,2.8351762295e+00,-3.2262419434e+03,1.5970438719e+00,-9.9182754755e-01,1.0719147500e+06
590,4.4580016136e+00,2.8255579472e+00,-2.8374704590e+03,1.6357574463e+00,-1.0616841316e+00,1.0722095000e+06
591,4.4834880829e+00,2.6501653194e+00,-2.5481088867e+03,1.6648478508e+00,-1.1186103821e+00,1.0725040000e+06
592,4.4754409790e+00,2.6230227947e+00,-2.3496850586e+03,1.6945171356e+00,-1.1382071972e+00,1.0727831250e+06
593,4.4613466263e+00,2.6127998829e+00,-2.2255874023e+03,1.7076338530e+00,-1.1505327225e+00,1.0730130000e+06
594,4.4642429352e+00,2.5646259785e+00,-2.1651242676e+03,1.7120251656e+00,-1.1462876797e+00,1.0731892500e+06
595,4.4564356804e+00,2.5745358467e+00,-2.1712961426e+03,1.7046215534e+00,-1.1122413874e+00,1.0733112500e+06
596,4.4311480522e+00,2.6028790474e+00,-2.2407031250e+03,1.6902216673e+00,-1.0687137842e+00,1.0733563750e+06
597,4.3982505798e+00,2.6531422138e+00,-2.3946882324e+03,1.6556988955e+00,-1.0003385544e+00,1.0733715000e+06
598,4.3519282341e+00,2.4495606422e+00,-2.6239558105e+03,1.6267441511e+00,-9.2157143354e-01,1.0733298750e+06
599,4.3184676170e+00,2.3093202114e+00,-2.8873627930e+03,1.5913307667e+00,-8.3413314819e-01,1.0732493750e+06
600,4.2023558617e+00,2.3740985394e+00,-3.2636975098e+03,1.5552866459e+00,-7.1946662664e-01,1.0731407500e+06
601,4.0822100639e+00,2.3319954872e+00,-3.7740734863e+03,1.5015053749e+00,-5.9852617979e-01,1.0730032500e+06
602,3.9125435352e+00,2.2667815685e+00,-4.4348759766e+03,1.4700757265e+00,-4.6735385060e-01,1.0728288750e+06
603,3.7975258827e+00,1.9090433121e+00,-5.2071196289e+03,1.4350166321e+00,-3.2762271166e-01,1.0726421250e+06
604,3.7973904610e+00,1.1985863447e+00,-5.9059218750e+03,1.4123840332e+00,-1.8203097582e-01,1.0724475000e+06
605,3.8914787769e+00,4.4079172611e-01,-6.3574384766e+03,1.3865559101e+00,-3.0875714496e-02,1.0722553750e+06
606,3.9430422783e+00,-2.1093684435e-01,-6.5676181641e+03,1.3896056414e+00,1.1735253036e-01,1.0720667500e+06
607,3.9672145844e+00,-8.1522762775e-01,-6.5740703125e+03,1.3878040314e+00,2.5920018554e-01,1.0719160000e+06
608,3.9671909809e+00,-1.4426865578e+00,-6.4118232422e+03,1.4006673098e+00,4.0367934108e-01,1.0718331250e+06
609,3.9343876839e+00,-2.1438820362e+00,-6.0255239258e+03,1.4272559881e+00,5.3419744968e-01,1.0718206250e+06
610,3.9281029701e+00,-2.7536735535e+00,-5.4066005859e+03,1.4502199888e+00,6.7605131865e-01,1.0718905000e+06
611,3.9907801151e+00,-3.0424659252e+00,-4.6505361328e+03,1.4864910841e+00,7.9567140341e-01,1.0720265000e+06
612,4.0784296989e+00,-3.1239092350e+00,-3.9311420898e+03,1.5295860767e+00,9.0536814928e-01,1.0721972500e+06
613,4.1947154999e+00,-2.9086902142e+00,-3.3672648926e+03,1.5715887547e+00,9.9804741144e-01,1.0723903750e+06
614,4.2684020996e+00,-2.9102754593e+00,-2.9709729004e+03,1.6105210781e+00,1.0653866529e+00,1.0725683750e+06
615,4.3381185532e+00,-2.7662150860e+00,-2.6779624023e+03,1.6501706839e+00,1.1178096533e+00,1.0727483750e+06
616,4.3823852539e+00,-2.7122604847e+00,-2.4893500977e+03,1.6793967485e+00,1.1484556198e+00,1.0728895000e+06
617,4.4157662392e+00,-2.6634299755e+00,-2.3749519043e+03,1.7014322281e+00,1.1540527344e+00,1.0729912500e+06
618,4.4329514503e+00,-2.6681807041e+00,-2.3341967773e+03,1.7037447691e+00,1.1453237534e+00,1.0730448750e+06
619,4.4312605858e+00,-2.6880388260e+00,-2.3620263672e+03,1.6978508234e+00,1.1129535437e+00,1.0730536250e+06
620,4.4288735390e+00,-2.7092711926e+00,-2.4635544434e+03,1.6755590439e+00,1.0686061382e+00,1.0730218750e+06
621,4.4153904915e+00,-2.7491536140e+00,-2.6551323242e+03,1.6621228456e+00,9.9631923437e-01,1.0729337500e+06
622,4.4313335419e+00,-2.4191489220e+00,-2.9058110352e+03,1.6316047907e+00,9.0269494057e-01,1.0728205000e+06
623,4.3691363335e+00,-2.5773098469e+00,-3.2333864746e+03,1.5938518047e+00,8.1162792444e-01,1.0726725000e+06
624,4.3146405220e+00,-2.5696892738e+00,-3.7117260742e+03,1.5462331772e+00,6.9643330574e-01,1.0725290000e+06
625,4.2191252708e+00,-2.5877864361e+00,-4.3523818359e+03,1.5096809864e+00,5.7766544819e-01,1.0723461250e+06
626,4.1337566376e+00,-2.3606126308e+00,-5.1473891602e+03,1.4657953978e+00,4.3506133556e-01,1.0721652500e+06
627,4.1211290359e+00,-1.6819555759e+00,-5.9555141602e+03,1.4361101389e+00,3.0128252506e-01,1.0719812500e+06
628,4.2173433304e+00,-8.5354745388e-01,-6.5160048828e+03,1.4022314548e+00,1.4936047792e-01,1.0717942500e+06
629,4.2785100937e+00,-2.0491695404e-01,-6.8074814453e+03,1.3868428469e+00,1.3119465671e-02,1.0716177500e+06
630,4.3039312363e+00,4.2132288218e-01,-6.8973437500e+03,1.3736163378e+00,-1.3442049921e-01,1.0714678750e+06
631,4.3491687775e+00,9.9348145723e-01,-6.8180507812e+03,1.3744670153e+00,-2.7163717151e-01,1.0713843750e+06
632,4.3508043289e+00,1.6026163101e+00,-6.5755166016e+03,1.3855111599e+00,-4.0195536613e-01,1.0713788750e+06
633,4.3394894600e+00,2.3346495628e+00,-6.1207250977e+03,1.4182163477e+00,-5.4978382587e-01,1.0714520000e+06
634,4.3530225754e+00,2.9227511883e+00,-5.4295068359e+03,1.4399557114e+00,-6.7413562536e-01,1.0716151250e+06
635,4.3887434006e+00,3.2147855759e+00,-4.6282827148e+03,1.4877464771e+00,-8.0007612705e-01,1.0718502500e+06
636,4.4302892685e+00,3.1468164921e+00,-3.8707976074e+03,1.5312772989e+00,-9.0048032999e-01,1.0721308750e+06
637,4.4733490944e+00,2.9567022324e+00,-3.3132482910e+03,1.5815565586e+00,-9.8488509655e-01,1.0724326250e+06
638,4.4960379601e+00,2.9477481842e+00,-2.8999733887e+03,1.6210167408e+00,-1.0445305109e+00,1.0727363750e+06
639,4.5265097618e+00,2.7826399803e+00,-2.5961010742e+03,1.6594430208e+00,-1.0894145966e+00,1.0730402500e+06
640,4.5425305367e+00,2.7421522141e+00,-2.3988034668e+03,1.6750787497e+00,-1.1110591888e+00,1.0733123750e+06
641,4.5733671188e+00,2.6618170738e+00,-2.2828300781e+03,1.6936454773e+00,-1.1152167320e+00,1.0735332500e+06
642,4.5852169991e+00,2.6786255836e+00,-2.2410004883e+03,1.6935793161e+00,-1.0911623240e+00,1.0737100000e+06
643,4.5874662399e+00,2.6930277348e+00,-2.2682658691e+03,1.6764431000e+00,-1.0652946234e+00,1.0738080000e+06
644,4.5753736496e+00,2.7402298450e+00,-2.3748784180e+03,1.6581827402e+00,-1.0084029436e+00,1.0738465000e+06
645,4.5555429459e+00,2.6069092751e+00,-2.5468671875e+03,1.6284122467e+00,-9.3550544977e-01,1.0738177500e+06
646,4.5336213112e+00,2.4413373470e+00,-2.7785495605e+03,1.5897686481e+00,-8.5489690304e-01,1.0737503750e+06
647,4.4638919830e+00,2.5859210491e+00,-3.0949814453e+03,1.5536127090e+00,-7.5326156616e-01,1.0736393750e+06
648,4.4079418182e+00,2.5601720810e+00,-3.5749975586e+03,1.5178780556e+00,-6.3538670540e-01,1.0735056250e+06
649,4.3028960228e+00,2.5749683380e+00,-4.1815175781e+03,1.4790093899e+00,-5.0710415840e-01,1.0733421250e+06
650,4.1847167015e+00,2.4069159031e+00,-4.9712919922e+03,1.4479986429e+00,-3.6777243018e-01,1.0731620000e+06
651,4.1658592224e+00,1.7634705305e+00,-5.7812045898e+03,1.4286478758e+00,-2.3986919224e-01,1.0729621250e+06
652,4.2261037827e+00,9.0968650579e-01,-6.3531103516e+03,1.3999041319e+00,-9.9218159914e-02,1.0727598750e+06
653,4.2769660950e+00,2.1145883203e-01,-6.6542778320e+03,1.4015536308e+00,2.7768291533e-02,1.0725593750e+06
654,4.2965540886e+00,-3.9035198092e-01,-6.7471967773e+03,1.3919916153e+00,1.6422843933e-01,1.0723826250e+06
655,4.3276400566e+00,-9.8289310932e-01,-6.6806816406e+03,1.4059212208e+00,3.0514475703e-01,1.0722542500e+06
656,4.3180298805e+00,-1.6264901161e+00,-6.4522998047e+03,1.4146157503e+00,4.3476456404e-01,1.0721833750e+06
657,4.2937889099e+00,-2.3513069153e+00,-6.0012783203e+03,1.4348102808e+00,5.6354951859e-01,1.0721897500e+06
658,4.2992939949e+00,-2.8838775158e+00,-5.3240507812e+03,1.4656727314e+00,6.8321019411e-01,1.0722798750e+06
659,4.3410301208e+00,-3.1675550938e+00,-4.5467651367e+03,1.4977097511e+00,8.0085569620e-01,1.0724277500e+06
660,4.3953213692e+00,-3.0203304291e+00,-3.8293232422e+03,1.5284574032e+00,8.9123874903e-01,1.0726163750e+06
661,4.4401230812e+00,-2.8624598980e+00,-3.2915141602e+03,1.5590029955e+00,9.8084259033e-01,1.0728311250e+06
662,4.4677748680e+00,-2.8645899296e+00,-2.8824877930e+03,1.6002751589e+00,1.0444183350e+00,1.0730357500e+06
663,4.4998350143e+00,-2.6815388203e+00,-2.5880947266e+03,1.6352200508e+00,1.0964261293e+00,1.0732300000e+06
664,4.5108189583e+00,-2.6572799683e+00,-2.3717521973e+03,1.6631762981e+00,1.1159026623e+00,1.0733876250e+06
665,4.5081973076e+00,-2.6249704361e+00,-2.2314025879e+03,1.6799571514e+00,1.1228168011e+00,1.0734997500e+06
666,4.4920310974e+00,-2.6198735237e+00,-2.1574387207e+03,1.6960064173e+00,1.1069980860e+00,1.0735667500e+06
667,4.4676060677e+00,-2.6247806549e+00,-2.1539201660e+03,1.6851567030e+00,1.0754784346e+00,1.0735655000e+06
668,4.4487242699e+00,-2.6158401966e+00,-2.2120151367e+03,1.6764440536e+00,1.0203144550e+00,1.0735218750e+06
669,4.4225215912e+00,-2.6737873554e+00,-2.3582397461e+03,1.6470415592e+00,9.4446837902e-01,1.0734381250e+06
670,4.4082798958e+00,-2.3915891647e+00,-2.5589150391e+03,1.6162279844e+00,8.6818772554e-01,1.0733177500e+06
671,4.3531012535e+00,-2.4289789200e+00,-2.8231137695e+03,1.5804624557e+00,7.6859009266e-01,1.0731738750e+06
672,4.2679777145e+00,-2.4528927803e+00,-3.1961433105e+03,1.5372686386e+00,6.5055817366e-01,1.0730068750e+06
673,4.1532640457e+00,-2.4720294476e+00,-3.7121379395e+03,1.5037188530e+00,5.3767085075e-01,1.0728257500e+06
674,4.0199079514e+00,-2.4219214916e+00,-4.3733100586e+03,1.4614709616e+00,4.0387478471e-01,1.0726188750e+06
675,3.8893325329e+00,-2.1265156269e+00,-5.1574863281e+03,1.4324223995e+00,2.5910884142e-01,1.0724131250e+06
676,3.8780286312e+00,-1.3780826330e+00,-5.9027338867e+03,1.4104939699e+00,1.2083098292e-01,1.0722242500e+06
677,3.9600868225e+00,-5.9020483494e-01,-6.4140141602e+03,1.3967773914e+00,-1.2372850440e-02,1.0720478750e+06
678,4.0124702454e+00,5.7809956372e-02,-6.6717744141e+03,1.3900616169e+00,-1.6523025930e-01,1.0718945000e+06
679,4.0370359421e+00,6.6953682899e-01,-6.7243535156e+03,1.4095075130e+00,-2.9999178648e-01,1.0717908750e+06
680,4.0427517891e+00,1.2682276964e+00,-6.6036293945e+03,1.4210644960e+00,-4.4055980444e-01,1.0717686250e+06
681,4.0196647644e+00,1.9503797293e+00,-6.2897836914e+03,1.4464390278e+00,-5.7720416784e-01,1.0718383750e+06
682,4.0034527779e+00,2.6428151131e+00,-5.7346220703e+03,1.4778403044e+00,-7.0404124260e-01,1.0719860000e+06
683,4.0365829468e+00,3.0542607307e+00,-4.9911958008e+03,1.5128277540e+00,-8.2487171888e-01,1.0721938750e+06
684,4.1060166359e+00,3.2561557293e+00,-4.2293330078e+03,1.5547074080e+00,-9.3086558580e-01,1.0724442500e+06
685,4.2032127380e+00,3.0380685329e+00,-3.5847446289e+03,1.5906074047e+00,-1.0184932947e+00,1.0727172500e+06
686,4.2841138840e+00,2.9455955029e+00,-3.1197653809e+03,1.6296668053e+00,-1.0816167593e+00,1.0729721250e+06
687,4.3441057205e+00,2.8406927586e+00,-2.7752910156e+03,1.6625894308e+00,-1.1338317394e+00,1.0732172500e+06
688,4.3951005936e+00,2.7759878635e+00,-2.5397299805e+03,1.6960196495e+00,-1.1561613083e+00,1.0734217500e+06
689,4.4332537651e+00,2.7455198765e+00,-2.3893679199e+03,1.7012900114e+00,-1.1656072140e+00,1.0735910000e+06
690,4.4536819458e+00,2.7485978603e+00,-2.3101164551e+03,1.7031637430e+00,-1.1452684402e+00,1.0737060000e+06
691,4.4604978561e+00,2.7436501980e+00,-2.3042177734e+03,1.7032691240e+00,-1.1077213287e+00,1.0737473750e+06
692,4.4595980644e+00,2.7738933563e+00,-2.3766132812e+03,1.6894100904e+00,-1.0585269928e+00,1.0737462500e+06
693,4.4451041222e+00,2.7973048687e+00,-2.5213620605e+03,1.6617196798e+00,-9.8380643129e-01,1.0737123750e+06
694,4.4444375038e+00,2.4814026356e+00,-2.7366118164e+03,1.6299027205e+00,-8.9711540937e-01,1.0736333750e+06
695,4.3872718811e+00,2.5585207939e+00,-3.0143552246e+03,1.5934346914e+00,-7.9227906466e-01,1.0735282500e+06
696,4.3148717880e+00,2.5468518734e+00,-3.4131376953e+03,1.5573388338e+00,-6.7314827442e-01,1.0733795000e+06
697,4.2314186096e+00,2.5489723682e+00,-3.9545507812e+03,1.5110410452e+00,-5.4700791836e-01,1.0731937500e+06
698,4.1170086861e+00,2.4512019157e+00,-4.6371440430e+03,1.4780278206e+00,-4.0461814404e-01,1.0729842500e+06
699,4.0141348839e+00,2.1298551559e+00,-5.4251230469e+03,1.4409581423e+00,-2.6563695073e-01,1.0727733750e+06
700,4.0393371582e+00,1.3278045654e+00,-6.1301264648e+03,1.4142165184e+00,-1.2355064601e-01,1.0725533750e+06
701,4.1279368401e+00,5.3964769840e-01,-6.5612255859e+03,1.3971472979e+00,2.4215688929e-02,1.0723443750e+06
702,4.1686563492e+00,-1.0872934759e-01,-6.7549135742e+03,1.3919043541e+00,1.6285859048e-01,1.0721573750e+06
703,4.2073097229e+00,-7.2474092245e-01,-6.7665522461e+03,1.3908162117e+00,3.0873331428e-01,1.0720292500e+06
704,4.2271523476e+00,-1.3310495615e+00,-6.6153964844e+03,1.4022264481e+00,4.4131827354e-01,1.0719588750e+06
705,4.2086148262e+00,-2.0409650803e+00,-6.2808671875e+03,1.4315465689e+00,5.8140087128e-01,1.0719721250e+06
706,4.2052083015e+00,-2.7169060707e+00,-5.6987529297e+03,1.4622421265e+00,7.0256978273e-01,1.0720486250e+06
707,4.2385430336e+00,-3.0900449753e+00,-4.9560161133e+03,1.5124119520e+00,8.2527846098e-01,1.0722036250e+06
708,4.3061966896e+00,-3.2422721386e+00,-4.1884062500e+03,1.5545661449e+00,9.2020404339e-01,1.0724092500e+06
709,4.3871812820e+00,-3.0175361633e+00,-3.5684150391e+03,1.5989587307e+00,9.9474817514e-01,1.0726567500e+06
710,4.4495649338e+00,-2.9717755318e+00,-3.1243762207e+03,1.6360900402e+00,1.0636909008e+00,1.0729022500e+06
711,4.5053539276e+00,-2.8515400887e+00,-2.7954013672e+03,1.6696126461e+00,1.0983763933e+00,1.0731466250e+06
712,4.5468115807e+00,-2.8144955635e+00,-2.5797338867e+03,1.6978226900e+00,1.1227233410e+00,1.0733712500e+06
713,4.5826969147e+00,-2.8006756306e+00,-2.4507463379e+03,1.7071509361e+00,1.1167353392e+00,1.0735508750e+06
714,4.6072816849e+00,-2.7759785652e+00,-2.3975812988e+03,1.6977319717e+00,1.0909118652e+00,1.0736937500e+06
715,4.6256761551e+00,-2.7807698250e+00,-2.4192836914e+03,1.6919676065e+00,1.0553742647e+00,1.0737498750e+06
716,4.6347751617e+00,-2.8141417503e+00,-2.5147270508e+03,1.6639100313e+00,9.9207717180e-01,1.0737513750e+06
717,4.6301660538e+00,-2.6785912514e+00,-2.6912116699e+03,1.6359134912e+00,9.1836661100e-01,1.0737005000e+06
718,4.6201548576e+00,-2.5574214458e+00,-2.9220292969e+03,1.6027225256e+00,8.2280904055e-01,1.0735875000e+06
719,4.5886163712e+00,-2.6330227852e+00,-3.2609045410e+03,1.5558646917e+00,7.2443586588e-01,1.0734523750e+06
720,4.5367984772e+00,-2.6992871761e+00,-3.7454960938e+03,1.5163900852e+00,6.0795021057e-01,1.0732660000e+06
721,4.4676666260e+00,-2.7067532539e+00,-4.4258525391e+03,1.4719578028e+00,4.6782588959e-01,1.0730706250e+06
722,4.4284772873e+00,-2.3499376774e+00,-5.2446010742e+03,1.4448078871e+00,3.4426116943e-01,1.0728306250e+06
723,4.4475817680e+00,-1.5412404537e+00,-5.9934497070e+03,1.4116955996e+00,1.9746404886e-01,1.0725716250e+06
724,4.5136413574e+00,-7.4203228951e-01,-6.4554345703e+03,1.3879944086e+00,7.1766532958e-02,1.0723190000e+06
725,4.5347394943e+00,-8.5828617215e-02,-6.6491557617e+03,1.3839823008e+00,-6.7400321364e-02,1.0720665000e+06
726,4.5720567703e+00,5.5478644371e-01,-6.6682910156e+03,1.3749802113e+00,-2.0692043006e-01,1.0718576250e+06
727,4.6024999619e+00,1.1112992764e+00,-6.5101230469e+03,1.3780210018e+00,-3.3275845647e-01,1.0716916250e+06
728,4.6053223610e+00,1.7357445955e+00,-6.2126201172e+03,1.3968805075e+00,-4.7060140967e-01,1.0715935000e+06
729,4.6105880737e+00,2.4586091042e+00,-5.7047119141e+03,1.4194871187e+00,-6.0184019804e-01,1.0715877500e+06
730,4.6276011467e+00,2.9096348286e+00,-4.9865668945e+03,1.4481549263e+00,-7.2197210789e-01,1.0716595000e+06
731,4.6456813812e+00,3.1195416451e+00,-4.2093403320e+03,1.4899840355e+00,-8.2211428881e-01,1.0718082500e+06
732,4.6521611214e+00,2.9156315327e+00,-3.5303803711e+03,1.5298551321e+00,-9.1266679764e-01,1.0720278750e+06
733,4.6497778893e+00,2.8049490452e+00,-3.0270256348e+03,1.5762948990e+00,-9.8858565092e-01,1.0722741250e+06
734,4.6364059448e+00,2.7541010380e+00,-2.6462832031e+03,1.6122623682e+00,-1.0361996889e+00,1.0725446250e+06
735,4.6319065094e+00,2.6351103783e+00,-2.3675041504e+03,1.6450729370e+00,-1.0771291256e+00,1.0728243750e+06
736,4.6136851311e+00,2.6064457893e+00,-2.1711000977e+03,1.6635982990e+00,-1.0807977915e+00,1.0730856250e+06
737,4.5918421745e+00,2.5587935448e+00,-2.0494199219e+03,1.6739629507e+00,-1.0750606060e+00,1.0733130000e+06
738,4.5682244301e+00,2.5122132301e+00,-1.9920697021e+03,1.6657088995e+00,-1.0476512909e+00,1.0734753750e+06
739,4.5316214561e+00,2.5572960377e+00,-2.0044970703e+03,1.6490639448e+00,-9.9566519260e-01,1.0735820000e+06
740,4.4935293198e+00,2.5856950283e+00,-2.0705571289e+03,1.6310694218e+00,-9.3433237076e-01,1.0735980000e+06
741,4.4407305717e+00,2.6338107586e+00,-2.2190183105e+03,1.5929386616e+00,-8.6138731241e-01,1.0735636250e+06
742,4.4016823769e+00,2.3956449032e+00,-2.4323249512e+03,1.5519850254e+00,-7.6482427120e-01,1.0734830000e+06
743,4.3455505371e+00,2.2623260021e+00,-2.6848112793e+03,1.5081212521e+00,-6.5704089403e-01,1.0733552500e+06
744,4.2187242508e+00,2.3321952820e+00,-3.0311752930e+03,1.4695028067e+00,-5.4181921482e-01,1.0731793750e+06
745,4.0865573883e+00,2.3427717686e+00,-3.5326623535e+03,1.4334285259e+00,-4.1331130266e-01,1.0729711250e+06
746,3.9267551899e+00,2.2564871311e+00,-4.1970878906e+03,1.4107804298e+00,-2.8956338763e-01,1.0727362500e+06
747,3.7813532352e+00,1.9187576771e+00,-4.9685043945e+03,1.3819290400e+00,-1.5452726185e-01,1.0725008750e+06
748,3.7496984005e+00,1.2418068647e+00,-5.7002016602e+03,1.3712593317e+00,-2.2546809167e-02,1.0722690000e+06
749,3.8214590549e+00,4.8815184832e-01,-6.1858828125e+03,1.3784505129e+00,1.1443775147e-01,1.0720425000e+06
750,3.8667628765e+00,-1.7119060457e-01,-6.4255058594e+03,1.3859645128e+00,2.5769028068e-01,1.0718596250e+06
751,3.8807976246e+00,-7.7654045820e-01,-6.4681777344e+03,1.4089530706e+00,3.8036140800e-01,1.0717245000e+06
752,3.8600258827e+00,-1.4065028429e+00,-6.3258500977e+03,1.4312934875e+00,5.1929503679e-01,1.0716451250e+06
753,3.8164422512e+00,-2.0891108513e+00,-5.9589482422e+03,1.4662864208e+00,6.3581389189e-01,1.0716582500e+06
754,3.8057854176e+00,-2.6543664932e+00,-5.3574277344e+03,1.4978499413e+00,7.5475919247e-01,1.0717586250e+06
755,3.8745071888e+00,-2.9239256382e+00,-4.6354360352e+03,1.5303949118e+00,8.5123145580e-01,1.0719253750e+06
756,3.9606730938e+00,-3.0562701225e+00,-3.9424270020e+03,1.5692282915e+00,9.4711661339e-01,1.0721425000e+06
757,4.0861110687e+00,-2.8695852757e+00,-3.3798427734e+03,1.5985748768e+00,1.0150908232e+00,1.0723851250e+06
758,4.1771245003e+00,-2.8285565376e+00,-2.9713383789e+03,1.6310746670e+00,1.0730174780e+00,1.0726281250e+06
759,4.2396073341e+00,-2.7253558636e+00,-2.6698908691e+03,1.6658626795e+00,1.1140305996e+00,1.0728513750e+06
760,4.2940692902e+00,-2.6487927437e+00,-2.4532290039e+03,1.6920974255e+00,1.1365219355e+00,1.0730283750e+06
761,4.3367919922e+00,-2.6042928696e+00,-2.3190996094e+03,1.6953713894e+00,1.1409136057e+00,1.0731678750e+06
762,4.3450651169e+00,-2.6281132698e+00,-2.3211564941e+03,1.6990126371e+00,1.1151883602e+00,1.0732525000e+06
763,4.3477149010e+00,-2.6661922932e+00,-2.2397036133e+03,1.6826761961e+00,1.0781741142e+00,1.0732783750e+06
764,4.3472023010e+00,-2.6895601749e+00,-2.3038537598e+03,1.6608847380e+00,1.0226432085e+00,1.0732477500e+06
765,4.3239531517e+00,-2.7388031483e+00,-2.4439616699e+03,1.6314251423e+00,9.6035605669e-01,1.0731766250e+06
766,4.3160648346e+00,-2.4713077545e+00,-2.6636416016e+03,1.6038557291e+00,8.6522674561e-01,1.0730492500e+06
767,4.2871084213e+00,-2.4586224556e+00,-2.9295051270e+03,1.5565049648e+00,7.5844889879e-01,1.0729056250e+06
768,4.1922206879e+00,-2.4777619839e+00,-3.3080422363e+03,1.5138911009e+00,6.4317286015e-01,1.0727337500e+06
769,4.0874333382e+00,-2.4686985016e+00,-3.8191064453e+03,1.4727110863e+00,5.1800972223e-01,1.0725288750e+06
770,3.9414341450e+00,-2.4081294537e+00,-4.4758530273e+03,1.4342916012e+00,3.7145981193e-01,1.0723055000e+06
771,3.8029944897e+00,-2.1072788239e+00,-5.2574213867e+03,1.4108675718e+00,2.3008070886e-01,1.0720925000e+06
772,3.7854564190e+00,-1.3907335997e+00,-6.0191352539e+03,1.3932030201e+00,8.1726491451e-02,1.0718782500e+06
773,3.8887262344e+00,-5.8477294445e-01,-6.5450581055e+03,1.3775548935e+00,-6.0930855572e-02,1.0716830000e+06
774,3.9655776024e+00,7.0048525929e-02,-6.8088017578e+03,1.3761763573e+00,-2.0812635124e-01,1.0715167500e+06
775,4.0028409958e+00,6.8076741695e-01,-6.8722050781e+03,1.3957204819e+00,-3.5265329480e-01,1.0714165000e+06
776,4.0154156685e+00,1.2726757526e+00,-6.7440297852e+03,1.4095352888e+00,-4.8851162195e-01,1.0714171250e+06
777,3.9953694344e+00,1.9511398077e+00,-6.4251997070e+03,1.4513475895e+00,-6.3089138269e-01,1.0714780000e+06
778,3.9818503857e+00,2.6543774605e+00,-5.8673803711e+03,1.4863873720e+00,-7.5602674484e-01,1.0716251250e+06
779,4.0140624046e+00,3.0860548019e+00,-5.1236064453e+03,1.5305613279e+00,-8.7736654282e-01,1.0718263750e+06
780,4.0954833031e+00,3.3263885975e+00,-4.3487802734e+03,1.5713735819e+00,-9.6328091621e-01,1.0720806250e+06
781,4.2157869339e+00,3.1279649734e+00,-3.6905292969e+03,1.6152356863e+00,-1.0449775457e+00,1.0723501250e+06
782,4.3055429459e+00,3.0392239094e+00,-3.2255910645e+03,1.6668761969e+00,-1.1151672602e+00,1.0726093750e+06
783,4.3649916649e+00,2.9402732849e+00,-2.8930703125e+03,1.6954153776e+00,-1.1537380219e+00,1.0728692500e+06
784,4.4353518486e+00,2.8936324120e+00,-2.6669956055e+03,1.7175757885e+00,-1.1735588312e+00,1.0730997500e+06
785,4.4959969521e+00,2.8152697086e+00,-2.5404582520e+03,1.7267452478e+00,-1.1750823259e+00,1.0732770000e+06
786,4.5169959068e+00,2.8182477951e+00,-2.4958935547e+03,1.7277342081e+00,-1.1601110697e+00,1.0733948750e+06
787,4.5348501205e+00,2.8424360752e+00,-2.5308022461e+03,1.7050973177e+00,-1.1163214445e+00,1.0734535000e+06
788,4.5494647026e+00,2.8739247322e+00,-2.6463134766e+03,1.6969374418e+00,-1.0595024824e+00,1.0734435000e+06
789,4.5516762733e+00,2.6368100643e+00,-2.8290815430e+03,1.6552608013e+00,-9.8824483156e-01,1.0733983750e+06
790,4.5257425308e+00,2.6617822647e+00,-3.0857446289e+03,1.6292074919e+00,-8.9944130182e-01,1.0732980000e+06
791,4.4781222343e+00,2.6953465939e+00,-3.4443061523e+03,1.5965517759e+00,-7.9888796806e-01,1.0731741250e+06
792,4.4163718224e+00,2.7262041569e+00,-3.9679562988e+03,1.5483280420e+00,-6.8752437830e-01,1.0730087500e+06
793,4.3284068108e+00,2.6917777061e+00,-4.6654511719e+03,1.5066959858e+00,-5.5381566286e-01,1.0728177500e+06
794,4.2826008797e+00,2.2916169167e+00,-5.4773984375e+03,1.4636653662e+00,-4.1264525056e-01,1.0726236250e+06
795,4.3240776062e+00,1.4606676102e+00,-6.1893642578e+03,1.4329328537e+00,-2.7028226852e-01,1.0724095000e+06
796,4.3986587524e+00,6.5745103359e-01,-6.5912919922e+03,1.4055881500e+00,-1.2770396471e-01,1.0721910000e+06
797,4.4334588051e+00,1.3242721558e-02,-6.7551044922e+03,1.3919063807e+00,2.5777537376e-02,1.0719921250e+06
798,4.4774723053e+00,-6.1589443684e-01,-6.7461376953e+03,1.3855019808e+00,1.6388663650e-01,1.0718206250e+06
799,4.5244660378e+00,-1.1697249413e+00,-6.5762016602e+03,1.3913125992e+00,3.1194958091e-01,1.0716947500e+06
800,4.5297060013e+00,-1.8314677477e+00,-6.2725957031e+03,1.4097555876e+00,4.6179559827e-01,1.0716283750e+06
801,4.5402927399e+00,-2.5550878048e+00,-5.7325449219e+03,1.4394613504e+00,5.9230059385e-01,1.0716518750e+06
802,4.5592842102e+00,-2.9860427380e+00,-5.0117729492e+03,1.4754800797e+00,7.2407233715e-01,1.0717552500e+06
803,4.5907030106e+00,-3.1902601719e+00,-4.2331030273e+03,1.5200961828e+00,8.5026711226e-01,1.0719405000e+06
804,4.6130828857e+00,-2.9960548878e+00,-3.5709863281e+03,1.5609546900e+00,9.5472145081e-01,1.0721840000e+06
805,4.6322560310e+00,-2.8691065311e+00,-3.0909709473e+03,1.6099566221e+00,1.0310155153e+00,1.0724618750e+06
806,4.6454997063e+00,-2.7963473797e+00,-2.7227834473e+03,1.6407527924e+00,1.0977759361e+00,1.0727733750e+06
807,4.6526012421e+00,-2.7093229294e+00,-2.4854812012e+03,1.6649584770e+00,1.1349606514e+00,1.0730792500e+06
808,4.6477055550e+00,-2.6844694614e+00,-2.3222207031e+03,1.7021515369e+00,1.1682434082e+00,1.0733616250e+06
809,4.6353340149e+00,-2.6789243221e+00,-2.2336157227e+03,1.7072544098e+00,1.1688938141e+00,1.0736058750e+06
810,4.6188030243e+00,-2.7109644413e+00,-2.2237795410e+03,1.7055534124e+00,1.1577254534e+00,1.0738022500e+06
811,4.6127977371e+00,-2.7367453575e+00,-2.2850461426e+03,1.6909160614e+00,1.1234800816e+00,1.0739408750e+06
812,4.5912418365e+00,-2.7730603218e+00,-2.4272746582e+03,1.6728432178e+00,1.0665546656e+00,1.0739893750e+06
813,4.5841631889e+00,-2.4755668640e+00,-2.6386486816e+03,1.6515957117e+00,9.9269706011e-01,1.0739838750e+06
814,4.5386862755e+00,-2.5174298286e+00,-2.9100715332e+03,1.6138025522e+00,9.0932077169e-01,1.0739267500e+06
815,4.4766798019e+00,-2.5256485939e+00,-3.3006323242e+03,1.5736105442e+00,8.0474108458e-01,1.0738342500e+06
816,4.3735990524e+00,-2.5850255489e+00,-3.8470070801e+03,1.5308847427e+00,6.9555526972e-01,1.0737206250e+06
817,4.2444024086e+00,-2.4861290455e+00,-4.5788842773e+03,1.4862860441e+00,5.6110388041e-01,1.0735645000e+06
818,4.1970410347e+00,-1.9415022135e+00,-5.4085175781e+03,1.4423710108e+00,4.3040847778e-01,1.0733767500e+06
819,4.2466626167e+00,-1.0913193226e+00,-6.0598583984e+03,1.4027220011e+00,2.8638800979e-01,1.0731772500e+06
820,4.3123655319e+00,-3.4775385261e-01,-6.4138442383e+03,1.3860298395e+00,1.5176528692e-01,1.0729625000e+06
821,4.3367195129e+00,2.7223825455e-01,-6.5272797852e+03,1.3622665405e+00,1.1642577127e-02,1.0727437500e+06
822,4.3650269508e+00,8.5518944263e-01,-6.4653012695e+03,1.3535720110e+00,-1.2489517778e-01,1.0725515000e+06
823,4.3677582741e+00,1.4198473692e+00,-6.2539145508e+03,1.3634985685e+00,-2.7115982771e-01,1.0723978750e+06
824,4.3333616257e+00,2.1308882236e+00,-5.8568847656e+03,1.3799586296e+00,-4.0000805259e-01,1.0722930000e+06
825,4.3257236481e+00,2.7454445362e+00,-5.2130219727e+03,1.4062759876e+00,-5.3423249722e-01,1.0722633750e+06
826,4.3550405502e+00,3.0259282589e+00,-4.4536303711e+03,1.4394741058e+00,-6.6337299347e-01,1.0723140000e+06
827,4.3947415352e+00,3.0704369545e+00,-3.7251450195e+03,1.4711595774e+00,-7.8218460083e-01,1.0724318750e+06
828,4.4495782852e+00,2.8381819725e+00,-3.1646687012e+03,1.5089478493e+00,-8.8283169270e-01,1.0725997500e+06
829,4.4750447273e+00,2.7998785973e+00,-2.7638164062e+03,1.5568016768e+00,-9.7517216206e-01,1.0727842500e+06
830,4.4976339340e+00,2.6678256989e+00,-2.4636142578e+03,1.5943576097e+00,-1.0374677181e+00,1.0730012500e+06
831,4.5121674538e+00,2.6216552258e+00,-2.2550820312e+03,1.6318403482e+00,-1.0829744339e+00,1.0732005000e+06
832,4.5240335464e+00,2.5389330387e+00,-2.1209101562e+03,1.6570472717e+00,-1.1144834757e+00,1.0733758750e+06
833,4.5299005508e+00,2.4668591022e+00,-2.0465128174e+03,1.6800975800e+00,-1.1276118755e+00,1.0735023750e+06
834,4.5052595139e+00,2.5092999935e+00,-2.0288608398e+03,1.6792037487e+00,-1.1037198305e+00,1.0735828750e+06
835,4.4657182693e+00,2.5323626995e+00,-2.0762141113e+03,1.6790808439e+00,-1.0840684175e+00,1.0735903750e+06
836,4.4363675117e+00,2.5493071079e+00,-2.1824421387e+03,1.6675392389e+00,-1.0386831760e+00,1.0735627500e+06
837,4.3686223030e+00,2.5669708252e+00,-2.3628725586e+03,1.6395795345e+00,-9.7528260946e-01,1.0734811250e+06
838,4.3615179062e+00,2.1324784756e+00,-2.5911999512e+03,1.6126126051e+00,-8.9916986227e-01,1.0733783750e+06
839,4.2560052872e+00,2.2229201794e+00,-2.8473281250e+03,1.5756421089e+00,-8.0334681273e-01,1.0732363750e+06
840,4.1107044220e+00,2.2473783493e+00,-3.2358002930e+03,1.5328382254e+00,-6.9056844711e-01,1.0730685000e+06
841,3.9594476223e+00,2.2075614929e+00,-3.7675405273e+03,1.4897890091e+00,-5.7474440336e-01,1.0728871250e+06
842,3.7781052589e+00,2.0944159031e+00,-4.4455541992e+03,1.4487210512e+00,-4.4473394752e-01,1.0726798750e+06
843,3.6348018646e+00,1.7333413363e+00,-5.2178159180e+03,1.4137719870e+00,-3.0483031273e-01,1.0724570000e+06
844,3.6357073784e+00,1.0270948410e+00,-5.9192910156e+03,1.3924989700e+00,-1.6521918774e-01,1.0722212500e+06
845,3.7238454819e+00,2.8841558099e-01,-6.3518896484e+03,1.3724511862e+00,-2.2181378677e-02,1.0720073750e+06
846,3.7748250961e+00,-3.5755541921e-01,-6.5431542969e+03,1.3702709675e+00,1.2885722518e-01,1.0718232500e+06
847,3.7778532505e+00,-9.6855562925e-01,-6.5349721680e+03,1.3788819313e+00,2.6827451587e-01,1.0716965000e+06
848,3.7418248653e+00,-1.6550780535e+00,-6.3163964844e+03,1.3967808485e+00,4.1829642653e-01,1.0716531250e+06
849,3.7023587227e+00,-2.3245851994e+00,-5.8450883789e+03,1.4117466211e+00,5.5700933933e-01,1.0716881250e+06
850,3.7173304558e+00,-2.8045418262e+00,-5.1738715820e+03,1.4468702078e+00,6.9408655167e-01,1.0718041250e+06
851,3.8106634617e+00,-3.0856657028e+00,-4.4414648438e+03,1.4806746244e+00,8.0694615841e-01,1.0719837500e+06
852,3.9220259190e+00,-3.0903170109e+00,-3.7638837891e+03,1.5224181414e+00,9.1811662912e-01,1.0721863750e+06
853,4.0529370308e+00,-2.9370992184e+00,-3.2509577637e+03,1.5685908794e+00,9.9521273375e-01,1.0724002500e+06
854,4.1325268745e+00,-2.9400038719e+00,-2.8845095215e+03,1.6088118553e+00,1.0598903894e+00,1.0726095000e+06
855,4.2276945114e+00,-2.8397066593e+00,-2.6228642578e+03,1.6504538059e+00,1.1064325571e+00,1.0728007500e+06
856,4.2992286682e+00,-2.7729356289e+00,-2.4576838379e+03,1.6693059206e+00,1.1275551319e+00,1.0729595000e+06
857,4.3530602455e+00,-2.7165002823e+00,-2.3751044922e+03,1.6835933924e+00,1.1357978582e+00,1.0730567500e+06
858,4.3871555328e+00,-2.6798970699e+00,-2.3637204590e+03,1.6858327389e+00,1.1105813980e+00,1.0731167500e+06
859,4.4025130272e+00,-2.6981418133e+00,-2.4210747070e+03,1.6800197363e+00,1.0821256638e+00,1.0731210000e+06
860,4.4021358490e+00,-2.7383582592e+00,-2.5506652832e+03,1.6617718935e+00,1.0301146507e+00,1.0730868750e+06
861,4.3860592842e+00,-2.5721819401e+00,-2.7615590820e+03,1.6381554604e+00,9.6285468340e-01,1.0730075000e+06
862,4.4176759720e+00,-2.4725408554e+00,-3.0162744141e+03,1.6076616049e+00,8.7445086241e-01,1.0729046250e+06
863,4.3402199745e+00,-2.5405631065e+00,-3.3707810059e+03,1.5650951862e+00,7.7553445101e-01,1.0727842500e+06
864,4.2683491707e+00,-2.5926449299e+00,-3.8582922363e+03,1.5216662884e+00,6.6056513786e-01,1.0726355000e+06
865,4.1714558601e+00,-2.5841250420e+00,-4.5188041992e+03,1.4813657999e+00,5.3330320120e-01,1.0724645000e+06
866,4.0681314468e+00,-2.3861801624e+00,-5.3270595703e+03,1.4414687157e+00,4.0308994055e-01,1.0722770000e+06
867,4.0557136536e+00,-1.7114654779e+00,-6.1410424805e+03,1.4107152224e+00,2.5786066055e-01,1.0720787500e+06
868,4.1454949379e+00,-8.6867809296e-01,-6.7190561523e+03,1.3757661581e+00,1.2197127938e-01,1.0718921250e+06
869,4.2135605812e+00,-2.0405955613e-01,-7.0143100586e+03,1.3667746782e+00,-2.1942380816e-02,1.0717151250e+06
870,4.2510471344e+00,4.2959904671e-01,-7.1035576172e+03,1.3599884510e+00,-1.7288155854e-01,1.0715848750e+06
871,4.2973737717e+00,9.9921822548e-01,-7.0224804688e+03,1.3698331118e+00,-3.1603193283e-01,1.0715193750e+06
872,4.2999362946e+00,1.5910984278e+00,-6.7798828125e+03,1.3898512125e+00,-4.4928157330e-01,1.0715348750e+06
873,4.2762284279e+00,2.3125312328e+00,-6.3304765625e+03,1.4132720232e+00,-5.8514970541e-01,1.0716381250e+06
874,4.2844243050e+00,2.9074726105e+00,-5.6504575195e+03,1.4498574734e+00,-7.1295720339e-01,1.0718035000e+06
875,4.3233308792e+00,3.1912670135e+00,-4.8662495117e+03,1.4946124554e+00,-8.3235460520e-01,1.0720265000e+06
876,4.3766613007e+00,3.2235944271e+00,-4.1100009766e+03,1.5398243666e+00,-9.2786848545e-01,1.0722816250e+06
877,4.4327178001e+00,3.0185656548e+00,-3.5212495117e+03,1.5831679106e+00,-1.0083799362e+00,1.0725390000e+06
878,4.4681944847e+00,2.9977180958e+00,-3.0846821289e+03,1.6284186840e+00,-1.0668276548e+00,1.0727772500e+06
879,4.5116930008e+00,2.8663973808e+00,-2.7708286133e+03,1.6626826525e+00,-1.0987381935e+00,1.0730153750e+06
880,4.5160226822e+00,2.8357834816e+00,-2.5557219238e+03,1.6843081713e+00,-1.1179082394e+00,1.0732125000e+06
881,4.5600662231e+00,2.7489428520e+00,-2.4238703613e+03,1.6863181591e+00,-1.1047165394e+00,1.0733678750e+06
882,4.5666165352e+00,2.7805397511e+00,-2.3707463379e+03,1.6847374439e+00,-1.0831043720e+00,1.0734697500e+06
883,4.5630645752e+00,2.7715015411e+00,-2.3952736816e+03,1.6679391861e+00,-1.0371763706e+00,1.0734920000e+06
884,4.5516033173e+00,2.7914237976e+00,-2.5032968750e+03,1.6449290514e+00,-9.8199313879e-01,1.0734623750e+06
885,4.5321121216e+00,2.6877946854e+00,-2.6762490234e+03,1.6125983000e+00,-9.0032440424e-01,1.0733783750e+06
886,4.5279765129e+00,2.5140311718e+00,-2.9081767578e+03,1.5716012716e+00,-8.0678200722e-01,1.0732555000e+06
887,4.4657721519e+00,2.6091005802e+00,-3.2456208496e+03,1.5431780815e+00,-7.0263004303e-01,1.0730911250e+06
888,4.3983674049e+00,2.6068120003e+00,-3.7202019043e+03,1.4934442043e+00,-5.6799942255e-01,1.0729141250e+06
889,4.3052611351e+00,2.6160395145e+00,-4.3498916016e+03,1.4553442001e+00,-4.4170919061e-01,1.0726981250e+06
890,4.2131018639e+00,2.3938374519e+00,-5.1430502930e+03,1.4171478748e+00,-3.1059756875e-01,1.0724681250e+06
891,4.2104921341e+00,1.7080153227e+00,-5.9241933594e+03,1.3929272890e+00,-1.7654830217e-01,1.0722252500e+06
892,4.2959485054e+00,8.3532804251e-01,-6.4490244141e+03,1.3718216419e+00,-3.7712693214e-02,1.0719876250e+06
893,4.3544874191e+00,1.4001110196e-01,-6.6991738281e+03,1.3582834005e+00,9.8006829619e-02,1.0717722500e+06
894,4.3916988373e+00,-4.9006637931e-01,-6.7427636719e+03,1.3685759306e+00,2.3773351312e-01,1.0715818750e+06
895,4.4346361160e+00,-1.0669736862e+00,-6.6240454102e+03,1.3781163692e+00,3.6918720603e-01,1.0714571250e+06
896,4.4388680458e+00,-1.6698466539e+00,-6.3621796875e+03,1.3992420435e+00,5.0702965260e-01,1.0714141250e+06
897,4.4285287857e+00,-2.3997945786e+00,-5.8945532227e+03,1.4243954420e+00,6.3206881285e-01,1.0714493750e+06
898,4.4445376396e+00,-2.9356493950e+00,-5.1996953125e+03,1.4727410078e+00,7.4801921844e-01,1.0715600000e+06
899,4.4759039879e+00,-3.1841008663e+00,-4.4274145508e+03,1.5134754181e+00,8.5478782654e-01,1.0717522500e+06
900,4.5113835335e+00,-3.0381178856e+00,-3.7135187988e+03,1.5581545830e+00,9.2645496130e-01,1.0720041250e+06
901,4.5428781509e+00,-2.9034960270e+00,-3.1869860840e+03,1.5990728140e+00,9.9745607376e-01,1.0722833750e+06
902,4.5549216270e+00,-2.8828809261e+00,-2.7850861816e+03,1.6437972784e+00,1.0498458147e+00,1.0725708750e+06
903,4.5691781044e+00,-2.7350940704e+00,-2.4962600098e+03,1.6746814251e+00,1.0793983936e+00,1.0728565000e+06
904,4.5672402382e+00,-2.6947329044e+00,-2.3019792480e+03,1.6917603016e+00,1.0851180553e+00,1.0731118750e+06
905,4.5600996017e+00,-2.6960215569e+00,-2.1833837891e+03,1.7035000324e+00,1.0779449940e+00,1.0733257500e+06
906,4.5557479858e+00,-2.6580214500e+00,-2.1330959473e+03,1.6960673332e+00,1.0515234470e+00,1.0734618750e+06
907,4.5534482002e+00,-2.6579420567e+00,-2.1523215332e+03,1.6697832346e+00,1.0030586720e+00,1.0735372500e+06
908,4.5422520638e+00,-2.6994757652e+00,-2.2414645996e+03,1.6502015591e+00,9.5225226879e-01,1.0735415000e+06
909,4.5364084244e+00,-2.5502624512e+00,-2.4023337402e+03,1.6008356810e+00,8.6558288336e-01,1.0735070000e+06
910,4.5094776154e+00,-2.4257323742e+00,-2.6163195801e+03,1.5669695139e+00,7.7963101864e-01,1.0734102500e+06
911,4.4352622032e+00,-2.5353281498e+00,-2.9111765137e+03,1.5152200460e+00,6.5961271524e-01,1.0732713750e+06
912,4.3530945778e+00,-2.5631127357e+00,-3.3641733398e+03,1.4752112627e+00,5.4791855812e-01,1.0730910000e+06
913,4.2430553436e+00,-2.5776743889e+00,-3.9632377930e+03,1.4323918819e+00,4.1985484958e-01,1.0728758750e+06
914,4.1247906685e+00,-2.4259853363e+00,-4.7328754883e+03,1.4060829878e+00,2.8902140260e-01,1.0726348750e+06
915,4.0691719055e+00,-1.8272924423e+00,-5.5483090820e+03,1.3738923073e+00,1.5498149395e-01,1.0723947500e+06
916,4.1280608177e+00,-9.6498417854e-01,-6.1758666992e+03,1.3530732393e+00,2.6726299897e-02,1.0721528750e+06
917,4.1759896278e+00,-2.6713508368e-01,-6.5207880859e+03,1.3528621197e+00,-1.0370051116e-01,1.0719308750e+06
918,4.2004985809e+00,3.6365279555e-01,-6.6606679688e+03,1.3588564396e+00,-2.4044920504e-01,1.0717392500e+06
919,4.2203116417e+00,9.6229857206e-01,-6.6217558594e+03,1.3742089272e+00,-3.8033542037e-01,1.0716013750e+06
920,4.2139787674e+00,1.5891596079e+00,-6.4077368164e+03,1.3963905573e+00,-5.1024270058e-01,1.0715365000e+06
921,4.1901130676e+00,2.3170335293e+00,-5.9758178711e+03,1.4202245474e+00,-6.3479799032e-01,1.0715666250e+06
922,4.2012076378e+00,2.8717362881e+00,-5.3207060547e+03,1.4577265978e+00,-7.5727182627e-01,1.0716811250e+06
923,4.2474117279e+00,3.1676862240e+00,-4.5682690430e+03,1.4927732944e+00,-8.5362297297e-01,1.0718622500e+06
924,4.3176045418e+00,3.0571644306e+00,-3.8650178223e+03,1.5382140875e+00,-9.4497913122e-01,1.0720808750e+06
925,4.3828849792e+00,2.8800981045e+00,-3.3340888672e+03,1.5717191696e+00,-1.0153440237e+00,1.0723338750e+06
926,4.4179177284e+00,2.8632123470e+00,-2.9342565918e+03,1.6164181232e+00,-1.0765554905e+00,1.0725697500e+06
927,4.4487500191e+00,2.6889069080e+00,-2.6344375000e+03,1.6420401335e+00,-1.1068290472e+00,1.0727852500e+06
928,4.4555401802e+00,2.6555016041e+00,-2.4286503906e+03,1.6551578045e+00,-1.1081379652e+00,1.0729662500e+06
929,4.4492731094e+00,2.6234495640e+00,-2.2933664551e+03,1.6573330164e+00,-1.1011469364e+00,1.0730931250e+06
930,4.4381928444e+00,2.6197304726e+00,-2.2282629395e+03,1.6610184908e+00,-1.0762708187e+00,1.0731475000e+06
931,4.4273862839e+00,2.6635921001e+00,-2.2300043945e+03,1.6421324015e+00,-1.0326969624e+00,1.0731366250e+06
932,4.4298591614e+00,2.6504659653e+00,-2.3057514648e+03,1.6180040836e+00,-9.5880317688e-01,1.0730560000e+06
933,4.4014220238e+00,2.7032721043e+00,-2.4640244141e+03,1.5814236403e+00,-8.7803429365e-01,1.0729362500e+06
934,4.3902087212e+00,2.4562847614e+00,-2.7034196777e+03,1.5388126373e+00,-7.9340773821e-01,1.0727677500e+06
935,4.3594665527e+00,2.4164838791e+00,-2.9930939941e+03,1.5036522150e+00,-6.7131298780e-01,1.0725463750e+06
936,4.2696146965e+00,2.4366950989e+00,-3.4102817383e+03,1.4668534994e+00,-5.5955684185e-01,1.0722930000e+06
937,4.1486644745e+00,2.4535529613e+00,-3.9765925293e+03,1.4294152260e+00,-4.2278441787e-01,1.0720278750e+06
938,4.0076541901e+00,2.3567152023e+00,-4.7171108398e+03,1.4026100636e+00,-2.9505276680e-01,1.0717397500e+06
939,3.9266774654e+00,1.9449375868e+00,-5.5513032227e+03,1.3795826435e+00,-1.5667283535e-01,1.0714627500e+06
940,3.9764580727e+00,1.1598441601e+00,-6.2647241211e+03,1.3726871014e+00,-2.3915102705e-02,1.0711830000e+06
941,4.0767641068e+00,4.2197179794e-01,-6.6897431641e+03,1.3787124157e+00,1.2636575103e-01,1.0709448750e+06
942,4.1325359344e+00,-2.1342803538e-01,-6.8790131836e+03,1.3852384090e+00,2.6831892133e-01,1.0707316250e+06
943,4.1672487259e+00,-8.0879002810e-01,-6.9003989258e+03,1.4094426632e+00,4.0156140924e-01,1.0705967500e+06
944,4.1603493690e+00,-1.3956182003e+00,-6.7209101562e+03,1.4447783232e+00,5.3273385763e-01,1.0705510000e+06
945,4.1186585426e+00,-2.1255068779e+00,-6.3548457031e+03,1.4722676277e+00,6.4808821678e-01,1.0706040000e+06
946,4.1084656715e+00,-2.7570941448e+00,-5.7255737305e+03,1.5063983202e+00,7.7152228355e-01,1.0707280000e+06
947,4.1481003761e+00,-3.0743725300e+00,-4.9377031250e+03,1.5481282473e+00,8.7045311928e-01,1.0709280000e+06
948,4.2111964226e+00,-3.1953182220e+00,-4.1676538086e+03,1.5858474970e+00,9.5857107639e-01,1.0711632500e+06
949,4.2948112488e+00,-2.9814450741e+00,-3.5413259277e+03,1.6228834391e+00,1.0303760767e+00,1.0714110000e+06
950,4.3526220322e+00,-2.9402019978e+00,-3.0901059570e+03,1.6594425440e+00,1.0913366079e+00,1.0716631250e+06
951,4.3997149467e+00,-2.8054437637e+00,-2.7629421387e+03,1.6881754398e+00,1.1280175447e+00,1.0719076250e+06
952,4.4294471741e+00,-2.7863676548e+00,-2.5327458496e+03,1.7111431360e+00,1.1521553993e+00,1.0721040000e+06
953,4.4488639832e+00,-2.7445073128e+00,-2.3959650879e+03,1.7230111361e+00,1.1490976810e+00,1.0722587500e+06
954,4.4685201645e+00,-2.7166659832e+00,-2.3349243164e+03,1.7181758881e+00,1.1298751831e+00,1.0723605000e+06
955,4.4749240875e+00,-2.7133848667e+00,-2.3507639160e+03,1.7179634571e+00,1.0903515816e+00,1.0724085000e+06
956,4.4669117928e+00,-2.7302298546e+00,-2.4507888184e+03,1.6956018209e+00,1.0400403738e+00,1.0724167500e+06
957,4.4497532845e+00,-2.6837964058e+00,-2.6261716309e+03,1.6696913242e+00,9.7191804647e-01,1.0723621250e+06
958,4.4439787865e+00,-2.4393846989e+00,-2.8628239746e+03,1.6322649717e+00,8.8570201397e-01,1.0722852500e+06
959,4.3586831093e+00,-2.5791885853e+00,-3.1878417969e+03,1.5853270292e+00,7.7119207382e-01,1.0721805000e+06
960,4.2841925621e+00,-2.5839173794e+00,-3.6688044434e+03,1.5457925797e+00,6.6542118788e-01,1.0720367500e+06
961,4.1799941063e+00,-2.5633695126e+00,-4.3009975586e+03,1.4986896515e+00,5.3205603361e-01,1.0718793750e+06
962,4.0778298378e+00,-2.3091740608e+00,-5.0811694336e+03,1.4633476734e+00,3.8845282793e-01,1.0717002500e+06
963,4.0787034035e+00,-1.5679428577e+00,-5.8496630859e+03,1.4143666029e+00,2.4237614870e-01,1.0715181250e+06
964,4.1735820770e+00,-7.6094532013e-01,-6.3654731445e+03,1.3919590712e+00,1.0107785463e-01,1.0713431250e+06
965,4.2216196060e+00,-1.1922661960e-01,-6.6164091797e+03,1.3765660524e+00,-5.2928771824e-02,1.0711655000e+06
966,4.2526893616e+00,4.8968189955e-01,-6.6861323242e+03,1.3677952290e+00,-2.0395669341e-01,1.0710421250e+06
967,4.2902836800e+00,1.0828905106e+00,-6.6007397461e+03,1.3813048601e+00,-3.4363508224e-01,1.0709548750e+06
968,4.2886343002e+00,1.7262185812e+00,-6.3400449219e+03,1.4001991749e+00,-4.9792522192e-01,1.0709413750e+06
969,4.2790474892e+00,2.4594771862e+00,-5.8479667969e+03,1.4341628551e+00,-6.4065253735e-01,1.0710215000e+06
970,4.2950654030e+00,2.9843568802e+00,-5.1421835938e+03,1.4686115980e+00,-7.6662349701e-01,1.0711887500e+06
971,4.3459801674e+00,3.2450897694e+00,-4.3734443359e+03,1.5146478415e+00,-8.8856780529e-01,1.0714240000e+06
972,4.4035873413e+00,3.0927677155e+00,-3.6810483398e+03,1.5697383881e+00,-9.7316634655e-01,1.0717113750e+06
973,4.4551649094e+00,2.9293887615e+00,-3.1853598633e+03,1.6133222580e+00,-1.0440233946e+00,1.0720412500e+06
974,4.4823265076e+00,2.9043147564e+00,-2.8324147949e+03,1.6494264603e+00,-1.0986036062e+00,1.0723663750e+06
975,4.5083751678e+00,2.8035182953e+00,-2.5851486816e+03,1.6843945980e+00,-1.1268688440e+00,1.0726835000e+06
976,4.5123596191e+00,2.7958939075e+00,-2.4329423828e+03,1.6990576982e+00,-1.1276003122e+00,1.0729762500e+06
977,4.5320219994e+00,2.7060275078e+00,-2.3654252930e+03,1.7037643194e+00,-1.1244528294e+00,1.0732153750e+06
978,4.5630908012e+00,2.6914756298e+00,-2.3696020508e+03,1.6989109516e+00,-1.0981967449e+00,1.0733976250e+06
979,4.5755658150e+00,2.7560720444e+00,-2.4579025879e+03,1.6831861734e+00,-1.0497964621e+00,1.0735020000e+06
980,4.5688934326e+00,2.7896339893e+00,-2.6249665527e+03,1.6523301601e+00,-9.9102455378e-01,1.0735247500e+06
981,4.5838503838e+00,2.5063626766e+00,-2.8634750977e+03,1.6265621185e+00,-9.0723723173e-01,1.0735026250e+06
982,4.5402126312e+00,2.6066339016e+00,-3.1757302246e+03,1.5896956921e+00,-8.0377769470e-01,1.0734257500e+06
983,4.4998168945e+00,2.6097187996e+00,-3.6293657227e+03,1.5504658222e+00,-6.9791823626e-01,1.0732905000e+06
984,4.4193530083e+00,2.6266398430e+00,-4.2456147461e+03,1.5046520233e+00,-5.7423901558e-01,1.0731230000e+06
985,4.3352952003e+00,2.4138436317e+00,-5.0427924805e+03,1.4698419571e+00,-4.3610447645e-01,1.0729281250e+06
986,4.3367943764e+00,1.7435594797e+00,-5.8351435547e+03,1.4337301254e+00,-2.9846236110e-01,1.0727102500e+06
987,4.4058551788e+00,8.9501351118e-01,-6.3642509766e+03,1.4102240801e+00,-1.6052903235e-01,1.0724601250e+06
988,4.4371190071e+00,2.3772457242e-01,-6.6331870117e+03,1.3983592987e+00,-1.4533397742e-02,1.0722003750e+06
989,4.4623937607e+00,-3.6943471432e-01,-6.7095546875e+03,1.3834567070e+00,1.2092987448e-01,1.0719557500e+06
990,4.4987530708e+00,-9.5717912912e-01,-6.6175761719e+03,1.3931604624e+00,2.7622088790e-01,1.0717251250e+06
991,4.5110707283e+00,-1.5577242374e+00,-6.3713115234e+03,1.4088208675e+00,4.1501814127e-01,1.0715462500e+06
992,4.5136613846e+00,-2.2870538235e+00,-5.9193876953e+03,1.4303077459e+00,5.5079722404e-01,1.0714463750e+06
993,4.5251007080e+00,-2.8407011032e+00,-5.2441376953e+03,1.4613269567e+00,6.7744421959e-01,1.0714527500e+06
994,4.5497512817e+00,-3.1012818813e+00,-4.4530781250e+03,1.4983886480e+00,7.9959374666e-01,1.0715166250e+06
995,4.5713706017e+00,-3.0059545040e+00,-3.7329589844e+03,1.5444397926e+00,8.9991509914e-01,1.0716513750e+06
996,4.5912771225e+00,-2.8120429516e+00,-3.1898752441e+03,1.5811222792e+00,9.8006320000e-01,1.0718618750e+06
997,4.6008024216e+00,-2.8013427258e+00,-2.8002631836e+03,1.6249035597e+00,1.0427960157e+00,1.0720828750e+06
998,4.6131768227e+00,-2.6430180073e+00,-2.5061982422e+03,1.6602295637e+00,1.0804277658e+00,1.0723150000e+06
999,4.6068706512e+00,-2.5995612144e+00,-2.3067309570e+03,1.6813819408e+00,1.1052738428e+00,1.0725436250e+06
