step,vx_100_100,vy_100_100
0,4.9998757243e-01,-4.9998757243e-01
1,5.0042378902e-01,-5.0061762333e-01
2,5.0026762486e-01,-5.0069820881e-01
3,5.0020873547e-01,-5.0067746639e-01
4,5.0036120415e-01,-5.0064724684e-01
5,5.0024038553e-01,-5.0048387051e-01
6,5.0012612343e-01,-5.0032424927e-01
7,5.0013571978e-01,-5.0028568506e-01
8,5.0020605326e-01,-5.0034600496e-01
9,5.0029319525e-01,-5.0034588575e-01
10,5.0031191111e-01,-5.0027012825e-01
11,5.0020819902e-01,-5.0015890598e-01
12,5.0012993813e-01,-5.0009721518e-01
13,5.0017285347e-01,-5.0017923117e-01
14,5.0022804737e-01,-5.0027829409e-01
15,5.0027430058e-01,-5.0028651953e-01
16,5.0023013353e-01,-5.0024998188e-01
17,5.0016880035e-01,-5.0018560886e-01
18,5.0017213821e-01,-5.0015205145e-01
19,5.0023227930e-01,-5.0012332201e-01
20,5.0035977364e-01,-5.0008094311e-01
21,5.0040900707e-01,-4.9998873472e-01
22,5.0037270784e-01,-4.9997290969e-01
23,5.0031071901e-01,-4.9997812510e-01
24,5.0024592876e-01,-4.9997723103e-01
25,5.0020223856e-01,-4.9994853139e-01
26,5.0014698505e-01,-4.9981796741e-01
27,5.0009828806e-01,-4.9982732534e-01
28,5.0010335445e-01,-4.9990695715e-01
29,5.0017780066e-01,-5.0004863739e-01
30,5.0019335747e-01,-5.0008708239e-01
31,5.0012391806e-01,-5.0001764297e-01
32,4.9996823072e-01,-4.9990287423e-01
33,4.9985679984e-01,-4.9982830882e-01
34,4.9986886978e-01,-4.9985209107e-01
35,4.9991682172e-01,-4.9995586276e-01
36,4.9997836351e-01,-5.0004398823e-01
37,4.9997937679e-01,-5.0007236004e-01
38,4.9991276860e-01,-5.0009000301e-01
39,4.9986284971e-01,-5.0002884865e-01
40,4.9979302287e-01,-4.9997439981e-01
41,4.9974423647e-01,-4.9996358156e-01
42,4.9971741438e-01,-4.9992254376e-01
43,4.9976587296e-01,-4.9996042252e-01
44,4.9986100197e-01,-4.9992549419e-01
45,4.9986162782e-01,-4.9987825751e-01
46,4.9982079864e-01,-4.9991902709e-01
47,4.9975645542e-01,-5.0002038479e-01
48,4.9972608685e-01,-5.0011932850e-01
49,4.9971741438e-01,-5.0016975403e-01
50,4.9966791272e-01,-5.0011420250e-01
51,4.9961861968e-01,-5.0003999472e-01
52,4.9959418178e-01,-5.0000458956e-01
53,4.9963313341e-01,-5.0001931190e-01
54,4.9967330694e-01,-4.9999907613e-01
55,4.9967283010e-01,-4.9993839860e-01
56,4.9959367514e-01,-4.9988493323e-01
57,4.9948605895e-01,-4.9984279275e-01
58,4.9943923950e-01,-4.9984773993e-01
59,4.9945113063e-01,-4.9978598952e-01
60,4.9949193001e-01,-4.9970540404e-01
61,4.9949404597e-01,-4.9961659312e-01
62,4.9953663349e-01,-4.9966490269e-01
63,4.9955099821e-01,-4.9975362420e-01
64,4.9959912896e-01,-4.9978733063e-01
65,4.9962064624e-01,-4.9970117211e-01
66,4.9951872230e-01,-4.9956113100e-01
67,4.9950325489e-01,-4.9940520525e-01
68,4.9957507849e-01,-4.9937421083e-01
69,4.9977383018e-01,-4.9948608875e-01
70,4.9992689490e-01,-4.9957776070e-01
71,4.9991887808e-01,-4.9955806136e-01
72,4.9972146749e-01,-4.9939066172e-01
73,4.9950054288e-01,-4.9920198321e-01
74,4.9936312437e-01,-4.9911141396e-01
75,4.9940133095e-01,-4.9909663200e-01
76,4.9958777428e-01,-4.9908962846e-01
77,4.9974849820e-01,-4.9915850163e-01
78,4.9984231591e-01,-4.9920347333e-01
79,4.9987056851e-01,-4.9922513962e-01
80,4.9982327223e-01,-4.9925056100e-01
81,4.9983313680e-01,-4.9927863479e-01
82,4.9980625510e-01,-4.9931710958e-01
83,4.9968671799e-01,-4.9933463335e-01
84,4.9959853292e-01,-4.9941512942e-01
85,4.9953150749e-01,-4.9949860573e-01
86,4.9950563908e-01,-4.9952781200e-01
87,4.9946382642e-01,-4.9951913953e-01
88,4.9936401844e-01,-4.9945524335e-01
89,4.9930104613e-01,-4.9940106273e-01
90,4.9923428893e-01,-4.9933397770e-01
91,4.9924200773e-01,-4.9929594994e-01
92,4.9931293726e-01,-4.9930727482e-01
93,4.9936726689e-01,-4.9933934212e-01
94,4.9938270450e-01,-4.9935045838e-01
95,4.9937033653e-01,-4.9929958582e-01
96,4.9937862158e-01,-4.9927052855e-01
97,4.9935618043e-01,-4.9923121929e-01
98,4.9935412407e-01,-4.9922195077e-01
99,4.9935713410e-01,-4.9925076962e-01
100,4.9938717484e-01,-4.9938827753e-01
101,4.9939152598e-01,-4.9951341748e-01
102,4.9934554100e-01,-4.9951601028e-01
103,4.9929863214e-01,-4.9939674139e-01
104,4.9920806289e-01,-4.9926295877e-01
105,4.9918311834e-01,-4.9919363856e-01
106,4.9921944737e-01,-4.9919837713e-01
107,4.9926659465e-01,-4.9925526977e-01
108,4.9933737516e-01,-4.9933522940e-01
109,4.9928849936e-01,-4.9937739968e-01
110,4.9913114309e-01,-4.9941113591e-01
111,4.9900266528e-01,-4.9940600991e-01
112,4.9892783165e-01,-4.9932095408e-01
113,4.9891203642e-01,-4.9914944172e-01
114,4.9886569381e-01,-4.9898731709e-01
115,4.9889761209e-01,-4.9892842770e-01
116,4.9899241328e-01,-4.9903050065e-01
117,4.9910101295e-01,-4.9914047122e-01
118,4.9915170670e-01,-4.9917900562e-01
119,4.9907237291e-01,-4.9914234877e-01
120,4.9899932742e-01,-4.9913188815e-01
121,4.9896734953e-01,-4.9912253022e-01
122,4.9898958206e-01,-4.9908334017e-01
123,4.9907830358e-01,-4.9901294708e-01
124,4.9911999702e-01,-4.9887332320e-01
125,4.9916243553e-01,-4.9878209829e-01
126,4.9915587902e-01,-4.9870195985e-01
127,4.9916228652e-01,-4.9873629212e-01
128,4.9915561080e-01,-4.9879926443e-01
129,4.9911186099e-01,-4.9885925651e-01
130,4.9906232953e-01,-4.9886044860e-01
131,4.9898737669e-01,-4.9884715676e-01
132,4.9889707565e-01,-4.9883726239e-01
133,4.9884909391e-01,-4.9879503250e-01
134,4.9889057875e-01,-4.9874773622e-01
135,4.9891781807e-01,-4.9869614840e-01
136,4.9888303876e-01,-4.9864286184e-01
137,4.9883237481e-01,-4.9862962961e-01
138,4.9880501628e-01,-4.9866583943e-01
139,4.9882975221e-01,-4.9864506721e-01
140,4.9891352654e-01,-4.9861276150e-01
141,4.9894580245e-01,-4.9859446287e-01
142,4.9894800782e-01,-4.9863639474e-01
143,4.9892839789e-01,-4.9869191647e-01
144,4.9894931912e-01,-4.9873921275e-01
145,4.9896448851e-01,-4.9876511097e-01
146,4.9891009927e-01,-4.9877610803e-01
147,4.9882102013e-01,-4.9871677160e-01
148,4.9873512983e-01,-4.9867466092e-01
149,4.9872007966e-01,-4.9864783883e-01
150,4.9877259135e-01,-4.9861109257e-01
151,4.9880543351e-01,-4.9853765965e-01
152,4.9879539013e-01,-4.9848186970e-01
153,4.9874052405e-01,-4.9851891398e-01
154,4.9871498346e-01,-4.9864920974e-01
155,4.9872049689e-01,-4.9878004193e-01
156,4.9868988991e-01,-4.9886873364e-01
157,4.9856808782e-01,-4.9883180857e-01
158,4.9839451909e-01,-4.9869620800e-01
159,4.9823814631e-01,-4.9853047729e-01
160,4.9821016192e-01,-4.9844455719e-01
161,4.9838668108e-01,-4.9847969413e-01
162,4.9861514568e-01,-4.9855348468e-01
163,4.9877193570e-01,-4.9862435460e-01
164,4.9877589941e-01,-4.9857801199e-01
165,4.9867090583e-01,-4.9848431349e-01
166,4.9856513739e-01,-4.9842184782e-01
167,4.9852147698e-01,-4.9839100242e-01
168,4.9855658412e-01,-4.9839416146e-01
169,4.9858143926e-01,-4.9843570590e-01
170,4.9860581756e-01,-4.9844902754e-01
171,4.9860936403e-01,-4.9845468998e-01
172,4.9856153131e-01,-4.9839735031e-01
173,4.9853032827e-01,-4.9831712246e-01
174,4.9852138758e-01,-4.9821698666e-01
175,4.9851697683e-01,-4.9821144342e-01
176,4.9854901433e-01,-4.9824252725e-01
177,4.9858453870e-01,-4.9828636646e-01
178,4.9858409166e-01,-4.9825441837e-01
179,4.9854642153e-01,-4.9819079041e-01
180,4.9850893021e-01,-4.9812239408e-01
181,4.9854239821e-01,-4.9812555313e-01
182,4.9861499667e-01,-4.9815699458e-01
183,4.9866729975e-01,-4.9818649888e-01
184,4.9863910675e-01,-4.9814158678e-01
185,4.9853232503e-01,-4.9806338549e-01
186,4.9841251969e-01,-4.9801889062e-01
187,4.9834188819e-01,-4.9802139401e-01
188,4.9838665128e-01,-4.9807459116e-01
189,4.9841138721e-01,-4.9809256196e-01
190,4.9844372272e-01,-4.9809280038e-01
191,4.9848338962e-01,-4.9809250236e-01
192,4.9849539995e-01,-4.9806484580e-01
193,4.9847891927e-01,-4.9803909659e-01
194,4.9842891097e-01,-4.9793240428e-01
195,4.9835476279e-01,-4.9783909321e-01
196,4.9829441309e-01,-4.9779444933e-01
197,4.9826851487e-01,-4.9786466360e-01
198,4.9830576777e-01,-4.9800691009e-01
199,4.9837008119e-01,-4.9810633063e-01
200,4.9841773510e-01,-4.9817559123e-01
201,4.9834960699e-01,-4.9811962247e-01
202,4.9830332398e-01,-4.9800795317e-01
203,4.9827355146e-01,-4.9786490202e-01
204,4.9833700061e-01,-4.9777522683e-01
205,4.9841430783e-01,-4.9778604507e-01
206,4.9849373102e-01,-4.9786862731e-01
207,4.9851199985e-01,-4.9792227149e-01
208,4.9841988087e-01,-4.9794802070e-01
209,4.9828591943e-01,-4.9795746803e-01
210,4.9817085266e-01,-4.9802550673e-01
211,4.9812275171e-01,-4.9814611673e-01
212,4.9812835455e-01,-4.9823334813e-01
213,4.9811387062e-01,-4.9828255177e-01
214,4.9803790450e-01,-4.9821519852e-01
215,4.9794119596e-01,-4.9810516834e-01
216,4.9785852432e-01,-4.9800109863e-01
217,4.9784687161e-01,-4.9798020720e-01
218,4.9791768193e-01,-4.9806454778e-01
219,4.9798932672e-01,-4.9816694856e-01
220,4.9801060557e-01,-4.9823573232e-01
221,4.9792510271e-01,-4.9817788601e-01
222,4.9781468511e-01,-4.9806621671e-01
223,4.9772858620e-01,-4.9801856279e-01
224,4.9771672487e-01,-4.9801099300e-01
225,4.9778479338e-01,-4.9800840020e-01
226,4.9785977602e-01,-4.9802371860e-01
227,4.9789893627e-01,-4.9804016948e-01
228,4.9787274003e-01,-4.9808239937e-01
229,4.9782824516e-01,-4.9812278152e-01
230,4.9775516987e-01,-4.9816176295e-01
231,4.9770939350e-01,-4.9815207720e-01
232,4.9765107036e-01,-4.9812209606e-01
233,4.9761608243e-01,-4.9806544185e-01
234,4.9760350585e-01,-4.9800062180e-01
235,4.9762076139e-01,-4.9796897173e-01
236,4.9762070179e-01,-4.9799856544e-01
237,4.9764356017e-01,-4.9804502726e-01
238,4.9766206741e-01,-4.9814742804e-01
239,4.9761366844e-01,-4.9818047881e-01
240,4.9754983187e-01,-4.9816149473e-01
241,4.9744403362e-01,-4.9801102281e-01
242,4.9734169245e-01,-4.9783685803e-01
243,4.9732598662e-01,-4.9775591493e-01
244,4.9742045999e-01,-4.9779146910e-01
245,4.9759966135e-01,-4.9792921543e-01
246,4.9770572782e-01,-4.9799415469e-01
247,4.9767354131e-01,-4.9797186255e-01
248,4.9752482772e-01,-4.9784985185e-01
249,4.9742341042e-01,-4.9777993560e-01
250,4.9742630124e-01,-4.9776315689e-01
251,4.9751198292e-01,-4.9782982469e-01
252,4.9758839607e-01,-4.9787104130e-01
253,4.9760997295e-01,-4.9778071046e-01
254,4.9754115939e-01,-4.9763193727e-01
255,4.9744692445e-01,-4.9748882651e-01
256,4.9744692445e-01,-4.9741116166e-01
257,4.9753731489e-01,-4.9739539623e-01
258,4.9768367410e-01,-4.9741965532e-01
259,4.9776867032e-01,-4.9743708968e-01
260,4.9778568745e-01,-4.9743595719e-01
261,4.9777233601e-01,-4.9743545055e-01
262,4.9776840210e-01,-4.9744749069e-01
263,4.9776744843e-01,-4.9743038416e-01
264,4.9775573611e-01,-4.9742612243e-01
265,4.9767193198e-01,-4.9737778306e-01
266,4.9763000011e-01,-4.9735727906e-01
267,4.9759930372e-01,-4.9736544490e-01
268,4.9760195613e-01,-4.9742251635e-01
269,4.9756544828e-01,-4.9741777778e-01
270,4.9749144912e-01,-4.9738886952e-01
271,4.9746564031e-01,-4.9734005332e-01
272,4.9743798375e-01,-4.9730268121e-01
273,4.9749320745e-01,-4.9730423093e-01
274,4.9755614996e-01,-4.9734324217e-01
275,4.9760288000e-01,-4.9735525250e-01
276,4.9755313993e-01,-4.9735841155e-01
277,4.9744671583e-01,-4.9731233716e-01
278,4.9736648798e-01,-4.9726617336e-01
279,4.9734732509e-01,-4.9727430940e-01
280,4.9737837911e-01,-4.9727451801e-01
281,4.9739325047e-01,-4.9729368091e-01
282,4.9737116694e-01,-4.9730312824e-01
283,4.9732697010e-01,-4.9727413058e-01
284,4.9724417925e-01,-4.9725830555e-01
285,4.9724924564e-01,-4.9731439352e-01
286,4.9727794528e-01,-4.9740511179e-01
287,4.9728643894e-01,-4.9745157361e-01
288,4.9724948406e-01,-4.9743720889e-01
289,4.9713510275e-01,-4.9734154344e-01
290,4.9700421095e-01,-4.9719661474e-01
291,4.9696746469e-01,-4.9708366394e-01
292,4.9703606963e-01,-4.9701249599e-01
293,4.9712565541e-01,-4.9697875977e-01
294,4.9719128013e-01,-4.9695354700e-01
295,4.9721571803e-01,-4.9692782760e-01
296,4.9719223380e-01,-4.9695000052e-01
297,4.9718746543e-01,-4.9702224135e-01
298,4.9720647931e-01,-4.9709388614e-01
299,4.9723121524e-01,-4.9712696671e-01
300,4.9719157815e-01,-4.9712377787e-01
301,4.9713090062e-01,-4.9710193276e-01
302,4.9715006351e-01,-4.9712896347e-01
303,4.9719873071e-01,-4.9715387821e-01
304,4.9726632237e-01,-4.9721434712e-01
305,4.9719306827e-01,-4.9723094702e-01
306,4.9709236622e-01,-4.9725773931e-01
307,4.9698883295e-01,-4.9724337459e-01
308,4.9694913626e-01,-4.9721604586e-01
309,4.9689897895e-01,-4.9715596437e-01
310,4.9686816335e-01,-4.9709901214e-01
311,4.9685981870e-01,-4.9702349305e-01
312,4.9683198333e-01,-4.9697405100e-01
313,4.9684581161e-01,-4.9692714214e-01
314,4.9684661627e-01,-4.9691766500e-01
315,4.9686264992e-01,-4.9693092704e-01
316,4.9685820937e-01,-4.9691140652e-01
317,4.9685531855e-01,-4.9690055847e-01
318,4.9689245224e-01,-4.9687838554e-01
319,4.9695661664e-01,-4.9685239792e-01
320,4.9698409438e-01,-4.9686342478e-01
321,4.9697196484e-01,-4.9683207273e-01
322,4.9692752957e-01,-4.9676716328e-01
323,4.9688535929e-01,-4.9675220251e-01
324,4.9684476852e-01,-4.9677157402e-01
325,4.9685612321e-01,-4.9682655931e-01
326,4.9685356021e-01,-4.9685761333e-01
327,4.9687755108e-01,-4.9688488245e-01
328,4.9685570598e-01,-4.9690446258e-01
329,4.9682068825e-01,-4.9690112472e-01
330,4.9680104852e-01,-4.9685361981e-01
331,4.9676427245e-01,-4.9674862623e-01
332,4.9676701427e-01,-4.9672049284e-01
333,4.9680164456e-01,-4.9671810865e-01
334,4.9683114886e-01,-4.9672412872e-01
335,4.9682143331e-01,-4.9674689770e-01
336,4.9680334330e-01,-4.9682140350e-01
337,4.9676668644e-01,-4.9691420794e-01
338,4.9672067165e-01,-4.9696522951e-01
339,4.9671331048e-01,-4.9703928828e-01
340,4.9669623375e-01,-4.9705997109e-01
341,4.9667280912e-01,-4.9699726701e-01
342,4.9664324522e-01,-4.9684092402e-01
343,4.9664565921e-01,-4.9661925435e-01
344,4.9667167664e-01,-4.9653983116e-01
345,4.9671456218e-01,-4.9657833576e-01
346,4.9680900574e-01,-4.9671450257e-01
347,4.9684152007e-01,-4.9680349231e-01
348,4.9680989981e-01,-4.9685883522e-01
349,4.9675148726e-01,-4.9686414003e-01
350,4.9673137069e-01,-4.9687346816e-01
351,4.9672341347e-01,-4.9683910608e-01
352,4.9668458104e-01,-4.9667692184e-01
353,4.9663817883e-01,-4.9650233984e-01
354,4.9660784006e-01,-4.9640917778e-01
355,4.9661913514e-01,-4.9649894238e-01
356,4.9666252732e-01,-4.9671524763e-01
357,4.9671050906e-01,-4.9689346552e-01
358,4.9669864774e-01,-4.9696663022e-01
359,4.9656417966e-01,-4.9684438109e-01
360,4.9643939734e-01,-4.9659395218e-01
361,4.9638724327e-01,-4.9636989832e-01
362,4.9639782310e-01,-4.9624145031e-01
363,4.9651172757e-01,-4.9632221460e-01
364,4.9665594101e-01,-4.9647858739e-01
365,4.9677819014e-01,-4.9666401744e-01
366,4.9678811431e-01,-4.9678137898e-01
367,4.9666088820e-01,-4.9681806564e-01
368,4.9651569128e-01,-4.9676981568e-01
369,4.9635639787e-01,-4.9659505486e-01
370,4.9628677964e-01,-4.9647065997e-01
371,4.9627125263e-01,-4.9639636278e-01
372,4.9638295174e-01,-4.9643105268e-01
373,4.9648532271e-01,-4.9644604325e-01
374,4.9651265144e-01,-4.9637117982e-01
375,4.9643635750e-01,-4.9630114436e-01
376,4.9630469084e-01,-4.9625551701e-01
377,4.9633175135e-01,-4.9632075429e-01
378,4.9641337991e-01,-4.9639624357e-01
379,4.9648165703e-01,-4.9647969007e-01
380,4.9645420909e-01,-4.9643504620e-01
381,4.9636191130e-01,-4.9634444714e-01
382,4.9630147219e-01,-4.9624246359e-01
383,4.9635571241e-01,-4.9621078372e-01
384,4.9645707011e-01,-4.9621540308e-01
385,4.9652293324e-01,-4.9624383450e-01
386,4.9650606513e-01,-4.9628728628e-01
387,4.9643817544e-01,-4.9629431963e-01
388,4.9638706446e-01,-4.9626311660e-01
389,4.9629437923e-01,-4.9618467689e-01
390,4.9623155594e-01,-4.9612742662e-01
391,4.9619114399e-01,-4.9606779218e-01
392,4.9617323279e-01,-4.9603310227e-01
393,4.9619600177e-01,-4.9608746171e-01
394,4.9625483155e-01,-4.9624893069e-01
395,4.9632179737e-01,-4.9642586708e-01
396,4.9630561471e-01,-4.9645537138e-01
397,4.9617967010e-01,-4.9634066224e-01
398,4.9601617455e-01,-4.9612328410e-01
399,4.9594283104e-01,-4.9592536688e-01
400,4.9594381452e-01,-4.9577152729e-01
401,4.9601185322e-01,-4.9576738477e-01
402,4.9613529444e-01,-4.9589657784e-01
403,4.9626094103e-01,-4.9604529142e-01
404,4.9632999301e-01,-4.9612018466e-01
405,4.9625322223e-01,-4.9608790874e-01
406,4.9611175060e-01,-4.9599367380e-01
407,4.9599733949e-01,-4.9586695433e-01
408,4.9601727724e-01,-4.9579873681e-01
409,4.9611219764e-01,-4.9581173062e-01
410,4.9623563886e-01,-4.9586698413e-01
411,4.9629655480e-01,-4.9593293667e-01
412,4.9630194902e-01,-4.9592962861e-01
413,4.9625372887e-01,-4.9593105912e-01
414,4.9620646238e-01,-4.9591389298e-01
415,4.9615535140e-01,-4.9585163593e-01
416,4.9609869719e-01,-4.9583396316e-01
417,4.9604347348e-01,-4.9581155181e-01
418,4.9606457353e-01,-4.9593883753e-01
419,4.9608319998e-01,-4.9609407783e-01
420,4.9612185359e-01,-4.9618819356e-01
421,4.9607795477e-01,-4.9622252584e-01
422,4.9592435360e-01,-4.9615207314e-01
423,4.9577465653e-01,-4.9602761865e-01
424,4.9567085505e-01,-4.9593794346e-01
425,4.9567440152e-01,-4.9593988061e-01
426,4.9573189020e-01,-4.9601078033e-01
427,4.9585565925e-01,-4.9613684416e-01
428,4.9591258168e-01,-4.9623551965e-01
429,4.9592435360e-01,-4.9622744322e-01
430,4.9583521485e-01,-4.9608790874e-01
431,4.9575856328e-01,-4.9588045478e-01
432,4.9569594860e-01,-4.9566823244e-01
433,4.9569162726e-01,-4.9553093314e-01
434,4.9575662613e-01,-4.9546331167e-01
435,4.9586117268e-01,-4.9548149109e-01
436,4.9592718482e-01,-4.9556723237e-01
437,4.9598500133e-01,-4.9567982554e-01
438,4.9601003528e-01,-4.9582028389e-01
439,4.9596256018e-01,-4.9585947394e-01
440,4.9587023258e-01,-4.9579921365e-01
441,4.9574238062e-01,-4.9569892883e-01
442,4.9565339088e-01,-4.9567484856e-01
443,4.9566423893e-01,-4.9571081996e-01
444,4.9569520354e-01,-4.9572804570e-01
445,4.9568629265e-01,-4.9571275711e-01
446,4.9561479688e-01,-4.9564063549e-01
447,4.9556106329e-01,-4.9555924535e-01
448,4.9550703168e-01,-4.9545574188e-01
449,4.9555915594e-01,-4.9546128511e-01
450,4.9563151598e-01,-4.9552494287e-01
451,4.9572995305e-01,-4.9563071132e-01
452,4.9578338861e-01,-4.9571603537e-01
453,4.9571305513e-01,-4.9568223953e-01
454,4.9559274316e-01,-4.9559560418e-01
455,4.9547332525e-01,-4.9550279975e-01
456,4.9544185400e-01,-4.9543809891e-01
457,4.9552634358e-01,-4.9544647336e-01
458,4.9560177326e-01,-4.9545422196e-01
459,4.9567672610e-01,-4.9545994401e-01
460,4.9572980404e-01,-4.9545869231e-01
461,4.9570843577e-01,-4.9541401863e-01
462,4.9563089013e-01,-4.9532568455e-01
463,4.9554607272e-01,-4.9517160654e-01
464,4.9552202225e-01,-4.9508127570e-01
465,4.9550926685e-01,-4.9507161975e-01
466,4.9553757906e-01,-4.9512588978e-01
467,4.9558782578e-01,-4.9524813890e-01
468,4.9560093880e-01,-4.9528449774e-01
469,4.9558216333e-01,-4.9530076981e-01
470,4.9549943209e-01,-4.9528157711e-01
471,4.9548509717e-01,-4.9527746439e-01
472,4.9553376436e-01,-4.9535521865e-01
473,4.9560397863e-01,-4.9545332789e-01
474,4.9565121531e-01,-4.9549120665e-01
475,4.9560025334e-01,-4.9539378285e-01
476,4.9552416801e-01,-4.9532017112e-01
477,4.9545079470e-01,-4.9530410767e-01
478,4.9547269940e-01,-4.9535480142e-01
479,4.9554362893e-01,-4.9540239573e-01
480,4.9556580186e-01,-4.9540534616e-01
481,4.9556225538e-01,-4.9540328979e-01
482,4.9551185966e-01,-4.9546068907e-01
483,4.9553707242e-01,-4.9556672573e-01
484,4.9554237723e-01,-4.9558702111e-01
485,4.9547800422e-01,-4.9553027749e-01
486,4.9531850219e-01,-4.9541249871e-01
487,4.9520802498e-01,-4.9530258775e-01
488,4.9517139792e-01,-4.9529474974e-01
489,4.9518829584e-01,-4.9533522129e-01
490,4.9524345994e-01,-4.9541097879e-01
491,4.9525400996e-01,-4.9540501833e-01
492,4.9521964788e-01,-4.9530592561e-01
493,4.9513497949e-01,-4.9510225654e-01
494,4.9505096674e-01,-4.9496600032e-01
495,4.9503445625e-01,-4.9495288730e-01
496,4.9509623647e-01,-4.9505698681e-01
497,4.9521723390e-01,-4.9519392848e-01
498,4.9526625872e-01,-4.9527317286e-01
499,4.9521952868e-01,-4.9527600408e-01
500,4.9507305026e-01,-4.9517855048e-01
501,4.9503365159e-01,-4.9512067437e-01
502,4.9510750175e-01,-4.9511164427e-01
503,4.9529033899e-01,-4.9515002966e-01
504,4.9542102218e-01,-4.9513185024e-01
505,4.9544024467e-01,-4.9508416653e-01
506,4.9532705545e-01,-4.9502706528e-01
507,4.9522027373e-01,-4.9501779675e-01
508,4.9515223503e-01,-4.9499556422e-01
509,4.9514678121e-01,-4.9494794011e-01
510,4.9513188004e-01,-4.9495691061e-01
511,4.9510318041e-01,-4.9503180385e-01
512,4.9511831999e-01,-4.9512106180e-01
513,4.9513155222e-01,-4.9514383078e-01
514,4.9512004852e-01,-4.9504536390e-01
515,4.9505770206e-01,-4.9488171935e-01
516,4.9496802688e-01,-4.9475693703e-01
517,4.9497637153e-01,-4.9473872781e-01
518,4.9508309364e-01,-4.9481025338e-01
519,4.9522122741e-01,-4.9487671256e-01
520,4.9531972408e-01,-4.9485823512e-01
521,4.9526190758e-01,-4.9476143718e-01
522,4.9512842298e-01,-4.9464449286e-01
523,4.9500581622e-01,-4.9463284016e-01
524,4.9500426650e-01,-4.9476003647e-01
525,4.9507662654e-01,-4.9490940571e-01
526,4.9514445662e-01,-4.9492299557e-01
527,4.9506497383e-01,-4.9481627345e-01
528,4.9487695098e-01,-4.9468183517e-01
529,4.9471870065e-01,-4.9461236596e-01
530,4.9473911524e-01,-4.9471434951e-01
531,4.9488347769e-01,-4.9488413334e-01
532,4.9499231577e-01,-4.9500569701e-01
533,4.9493241310e-01,-4.9506521225e-01
534,4.9477773905e-01,-4.9499031901e-01
535,4.9463668466e-01,-4.9488475919e-01
536,4.9457466602e-01,-4.9480721354e-01
537,4.9461573362e-01,-4.9481427670e-01
538,4.9466782808e-01,-4.9491384625e-01
539,4.9468278885e-01,-4.9507251382e-01
540,4.9465981126e-01,-4.9512916803e-01
541,4.9456900358e-01,-4.9505379796e-01
542,4.9447241426e-01,-4.9495226145e-01
543,4.9444276094e-01,-4.9482852221e-01
544,4.9450039864e-01,-4.9476096034e-01
545,4.9456131458e-01,-4.9472647905e-01
546,4.9466377497e-01,-4.9475398660e-01
547,4.9474000931e-01,-4.9480327964e-01
548,4.9474757910e-01,-4.9483504891e-01
549,4.9472025037e-01,-4.9482718110e-01
550,4.9462017417e-01,-4.9478462338e-01
551,4.9449768662e-01,-4.9469089508e-01
552,4.9442887306e-01,-4.9464771152e-01
553,4.9447044730e-01,-4.9466729164e-01
554,4.9455484748e-01,-4.9474596977e-01
555,4.9465468526e-01,-4.9481871724e-01
556,4.9466693401e-01,-4.9486565590e-01
557,4.9462789297e-01,-4.9480181932e-01
558,4.9455910921e-01,-4.9468550086e-01
559,4.9447494745e-01,-4.9451860785e-01
560,4.9443230033e-01,-4.9442178011e-01
561,4.9444684386e-01,-4.9446257949e-01
562,4.9450969696e-01,-4.9457871914e-01
563,4.9457001686e-01,-4.9465477467e-01
564,4.9452841282e-01,-4.9466019869e-01
565,4.9446958303e-01,-4.9461859465e-01
566,4.9445500970e-01,-4.9458584189e-01
567,4.9447631836e-01,-4.9456268549e-01
568,4.9450325966e-01,-4.9459892511e-01
569,4.9451330304e-01,-4.9465501308e-01
570,4.9450448155e-01,-4.9470520020e-01
571,4.9448335171e-01,-4.9474072456e-01
572,4.9440047145e-01,-4.9470579624e-01
573,4.9432212114e-01,-4.9461376667e-01
574,4.9426135421e-01,-4.9453234673e-01
575,4.9425795674e-01,-4.9449196458e-01
576,4.9430927634e-01,-4.9451130629e-01
577,4.9435374141e-01,-4.9445852637e-01
578,4.9436795712e-01,-4.9438843131e-01
579,4.9427306652e-01,-4.9428248405e-01
580,4.9420645833e-01,-4.9422585964e-01
581,4.9420911074e-01,-4.9424666166e-01
582,4.9430564046e-01,-4.9430003762e-01
583,4.9439227581e-01,-4.9437820911e-01
584,4.9439793825e-01,-4.9439203739e-01
585,4.9439701438e-01,-4.9441495538e-01
586,4.9431425333e-01,-4.9441608787e-01
587,4.9426662922e-01,-4.9445059896e-01
588,4.9422287941e-01,-4.9445116520e-01
589,4.9422439933e-01,-4.9440780282e-01
590,4.9423724413e-01,-4.9438676238e-01
591,4.9418231845e-01,-4.9431347847e-01
592,4.9415698647e-01,-4.9433001876e-01
593,4.9415194988e-01,-4.9431893229e-01
594,4.9417969584e-01,-4.9434229732e-01
595,4.9413672090e-01,-4.9432998896e-01
596,4.9408620596e-01,-4.9423339963e-01
597,4.9406832457e-01,-4.9412131310e-01
598,4.9402403831e-01,-4.9396580458e-01
599,4.9407786131e-01,-4.9391829967e-01
600,4.9413037300e-01,-4.9394011497e-01
601,4.9423655868e-01,-4.9399915338e-01
602,4.9430841208e-01,-4.9409055710e-01
603,4.9429774284e-01,-4.9419191480e-01
604,4.9428567290e-01,-4.9424445629e-01
605,4.9428012967e-01,-4.9424946308e-01
606,4.9427935481e-01,-4.9415016174e-01
607,4.9421057105e-01,-4.9398213625e-01
608,4.9414080381e-01,-4.9387818575e-01
609,4.9412563443e-01,-4.9386158586e-01
610,4.9422788620e-01,-4.9399226904e-01
611,4.9429237843e-01,-4.9410197139e-01
612,4.9430990219e-01,-4.9413824081e-01
613,4.9425220490e-01,-4.9410951138e-01
614,4.9420446157e-01,-4.9405157566e-01
615,4.9420478940e-01,-4.9396741390e-01
616,4.9422767758e-01,-4.9389550090e-01
617,4.9424833059e-01,-4.9387538433e-01
618,4.9423068762e-01,-4.9392548203e-01
619,4.9420216680e-01,-4.9399727583e-01
620,4.9415427446e-01,-4.9406924844e-01
621,4.9410721660e-01,-4.9410468340e-01
622,4.9403917789e-01,-4.9407422543e-01
623,4.9394154549e-01,-4.9400556087e-01
624,4.9384406209e-01,-4.9394178391e-01
625,4.9383842945e-01,-4.9391889572e-01
626,4.9391791224e-01,-4.9396061897e-01
627,4.9402633309e-01,-4.9405160546e-01
628,4.9404758215e-01,-4.9407818913e-01
629,4.9397420883e-01,-4.9404835701e-01
630,4.9389249086e-01,-4.9397334456e-01
631,4.9381637573e-01,-4.9391186237e-01
632,4.9379217625e-01,-4.9384322762e-01
633,4.9380311370e-01,-4.9379071593e-01
634,4.9381926656e-01,-4.9374464154e-01
635,4.9387800694e-01,-4.9373444915e-01
636,4.9395823479e-01,-4.9366313219e-01
637,4.9404385686e-01,-4.9358791113e-01
638,4.9410030246e-01,-4.9353814125e-01
639,4.9404406548e-01,-4.9355250597e-01
640,4.9397972226e-01,-4.9355015159e-01
641,4.9393060803e-01,-4.9351572990e-01
642,4.9394637346e-01,-4.9354904890e-01
643,4.9397543073e-01,-4.9363306165e-01
644,4.9401783943e-01,-4.9368333817e-01
645,4.9402093887e-01,-4.9362865090e-01
646,4.9399632215e-01,-4.9346679449e-01
647,4.9396136403e-01,-4.9332726002e-01
648,4.9395951629e-01,-4.9329829216e-01
649,4.9400448799e-01,-4.9337604642e-01
650,4.9408134818e-01,-4.9348434806e-01
651,4.9407267570e-01,-4.9355986714e-01
652,4.9401801825e-01,-4.9356204271e-01
653,4.9394583702e-01,-4.9355256557e-01
654,4.9387100339e-01,-4.9356231093e-01
655,4.9386441708e-01,-4.9358168244e-01
656,4.9384504557e-01,-4.9362507463e-01
657,4.9377495050e-01,-4.9364894629e-01
658,4.9371609092e-01,-4.9369257689e-01
659,4.9368652701e-01,-4.9374684691e-01
660,4.9365055561e-01,-4.9375113845e-01
661,4.9365267158e-01,-4.9365493655e-01
662,4.9365469813e-01,-4.9353671074e-01
663,4.9365991354e-01,-4.9346849322e-01
664,4.9368113279e-01,-4.9346172810e-01
665,4.9370938540e-01,-4.9351093173e-01
666,4.9371618032e-01,-4.9356961250e-01
667,4.9372479320e-01,-4.9365064502e-01
668,4.9367564917e-01,-4.9369215965e-01
669,4.9365946651e-01,-4.9372074008e-01
670,4.9363788962e-01,-4.9367991090e-01
671,4.9360984564e-01,-4.9358284473e-01
672,4.9355623126e-01,-4.9343594909e-01
673,4.9349343777e-01,-4.9327719212e-01
674,4.9347525835e-01,-4.9321672320e-01
675,4.9352198839e-01,-4.9324065447e-01
676,4.9363479018e-01,-4.9330112338e-01
677,4.9372610450e-01,-4.9330547452e-01
678,4.9372935295e-01,-4.9324154854e-01
679,4.9368414283e-01,-4.9318808317e-01
680,4.9361395836e-01,-4.9318435788e-01
681,4.9358549714e-01,-4.9326938391e-01
682,4.9360361695e-01,-4.9337869883e-01
683,4.9359676242e-01,-4.9346724153e-01
684,4.9353790283e-01,-4.9345743656e-01
685,4.9345132709e-01,-4.9338021874e-01
686,4.9334090948e-01,-4.9322468042e-01
687,4.9334296584e-01,-4.9310088158e-01
688,4.9335739017e-01,-4.9297365546e-01
689,4.9341404438e-01,-4.9296218157e-01
690,4.9350330234e-01,-4.9305960536e-01
691,4.9357092381e-01,-4.9317499995e-01
692,4.9358981848e-01,-4.9324563146e-01
693,4.9350476265e-01,-4.9319222569e-01
694,4.9338981509e-01,-4.9308967590e-01
695,4.9329543114e-01,-4.9301183224e-01
696,4.9334818125e-01,-4.9308300018e-01
697,4.9345394969e-01,-4.9312448502e-01
698,4.9351567030e-01,-4.9310445786e-01
699,4.9342888594e-01,-4.9303245544e-01
700,4.9324798584e-01,-4.9297842383e-01
701,4.9318766594e-01,-4.9296057224e-01
702,4.9321684241e-01,-4.9295341969e-01
703,4.9325525761e-01,-4.9292877316e-01
704,4.9325954914e-01,-4.9291065335e-01
705,4.9325507879e-01,-4.9289810658e-01
706,4.9328842759e-01,-4.9288108945e-01
707,4.9336695671e-01,-4.9291902781e-01
708,4.9340161681e-01,-4.9295142293e-01
709,4.9342542887e-01,-4.9292811751e-01
710,4.9338215590e-01,-4.9281904101e-01
711,4.9330407381e-01,-4.9275404215e-01
712,4.9326545000e-01,-4.9277213216e-01
713,4.9332472682e-01,-4.9284514785e-01
714,4.9339818954e-01,-4.9286428094e-01
715,4.9336603284e-01,-4.9275067449e-01
716,4.9324503541e-01,-4.9265432358e-01
717,4.9312168360e-01,-4.9264284968e-01
718,4.9312320352e-01,-4.9280551076e-01
719,4.9320355058e-01,-4.9307513237e-01
720,4.9329951406e-01,-4.9326589704e-01
721,4.9330788851e-01,-4.9327486753e-01
722,4.9313309789e-01,-4.9304425716e-01
723,4.9295178056e-01,-4.9278867245e-01
724,4.9289801717e-01,-4.9268010259e-01
725,4.9300703406e-01,-4.9276426435e-01
726,4.9321252108e-01,-4.9286586046e-01
727,4.9332368374e-01,-4.9290806055e-01
728,4.9327540398e-01,-4.9285554886e-01
729,4.9314972758e-01,-4.9272397161e-01
730,4.9304780364e-01,-4.9263510108e-01
731,4.9300763011e-01,-4.9262112379e-01
732,4.9304717779e-01,-4.9272158742e-01
733,4.9313554168e-01,-4.9291124940e-01
734,4.9319064617e-01,-4.9305233359e-01
735,4.9311044812e-01,-4.9303266406e-01
736,4.9294406176e-01,-4.9290239811e-01
737,4.9280369282e-01,-4.9274823070e-01
738,4.9281841516e-01,-4.9262323976e-01
739,4.9293050170e-01,-4.9256858230e-01
740,4.9305075407e-01,-4.9262306094e-01
741,4.9312818050e-01,-4.9269601703e-01
742,4.9313563108e-01,-4.9273395538e-01
743,4.9308472872e-01,-4.9269893765e-01
744,4.9300983548e-01,-4.9263596535e-01
745,4.9297580123e-01,-4.9261674285e-01
746,4.9300271273e-01,-4.9265462160e-01
747,4.9305692315e-01,-4.9265354872e-01
748,4.9304708838e-01,-4.9255985022e-01
749,4.9299001694e-01,-4.9241095781e-01
750,4.9293819070e-01,-4.9233838916e-01
751,4.9295181036e-01,-4.9238690734e-01
752,4.9302965403e-01,-4.9251404405e-01
753,4.9312332273e-01,-4.9259331822e-01
754,4.9311026931e-01,-4.9259349704e-01
755,4.9301227927e-01,-4.9252662063e-01
756,4.9288639426e-01,-4.9246716499e-01
757,4.9286165833e-01,-4.9242278934e-01
758,4.9294498563e-01,-4.9244517088e-01
759,4.9303263426e-01,-4.9250772595e-01
760,4.9305424094e-01,-4.9257788062e-01
761,4.9305173755e-01,-4.9262559414e-01
762,4.9299657345e-01,-4.9258989096e-01
763,4.9293783307e-01,-4.9252685905e-01
764,4.9290108681e-01,-4.9240961671e-01
765,4.9288573861e-01,-4.9227562547e-01
766,4.9287629128e-01,-4.9220943451e-01
767,4.9289906025e-01,-4.9217087030e-01
768,4.9295622110e-01,-4.9219867587e-01
769,4.9298384786e-01,-4.9225160480e-01
770,4.9299091101e-01,-4.9228978157e-01
771,4.9294802547e-01,-4.9226835370e-01
772,4.9287226796e-01,-4.9217516184e-01
773,4.9282634258e-01,-4.9206608534e-01
774,4.9280527234e-01,-4.9195724726e-01
775,4.9279493093e-01,-4.9192756414e-01
776,4.9281600118e-01,-4.9193844199e-01
777,4.9287432432e-01,-4.9201008677e-01
778,4.9289086461e-01,-4.9209949374e-01
779,4.9288007617e-01,-4.9214810133e-01
780,4.9282777309e-01,-4.9219000340e-01
781,4.9268969893e-01,-4.9217337370e-01
782,4.9262744188e-01,-4.9214237928e-01
783,4.9256423116e-01,-4.9204984307e-01
784,4.9256506562e-01,-4.9202153087e-01
785,4.9260681868e-01,-4.9205306172e-01
786,4.9268952012e-01,-4.9213236570e-01
787,4.9278309941e-01,-4.9222201109e-01
788,4.9279376864e-01,-4.9220976233e-01
789,4.9276632071e-01,-4.9209174514e-01
790,4.9265831709e-01,-4.9189755321e-01
791,4.9258598685e-01,-4.9178537726e-01
792,4.9256750941e-01,-4.9177631736e-01
793,4.9264371395e-01,-4.9181112647e-01
794,4.9274694920e-01,-4.9185675383e-01
795,4.9277728796e-01,-4.9189364910e-01
796,4.9274569750e-01,-4.9201133847e-01
797,4.9267998338e-01,-4.9214422703e-01
798,4.9268108606e-01,-4.9226912856e-01
799,4.9268296361e-01,-4.9232193828e-01
800,4.9261474609e-01,-4.9228495359e-01
801,4.9249088764e-01,-4.9215510488e-01
802,4.9235481024e-01,-4.9201190472e-01
803,4.9234545231e-01,-4.9197679758e-01
804,4.9240010977e-01,-4.9202474952e-01
805,4.9247655272e-01,-4.9203485250e-01
806,4.9248987436e-01,-4.9203148484e-01
807,4.9243730307e-01,-4.9200814962e-01
808,4.9235934019e-01,-4.9197456241e-01
809,4.9232712388e-01,-4.9193251133e-01
810,4.9236077070e-01,-4.9192482233e-01
811,4.9243670702e-01,-4.9196913838e-01
812,4.9249392748e-01,-4.9204596877e-01
813,4.9253100157e-01,-4.9208465219e-01
814,4.9249675870e-01,-4.9201807380e-01
815,4.9243488908e-01,-4.9192389846e-01
816,4.9233630300e-01,-4.9185284972e-01
817,4.9229773879e-01,-4.9177378416e-01
818,4.9232387543e-01,-4.9172544479e-01
819,4.9236047268e-01,-4.9169656634e-01
820,4.9239644408e-01,-4.9175119400e-01
821,4.9241027236e-01,-4.9181136489e-01
822,4.9238884449e-01,-4.9188435078e-01
823,4.9232611060e-01,-4.9192371964e-01
824,4.9225413799e-01,-4.9191254377e-01
825,4.9217867851e-01,-4.9187585711e-01
826,4.9212238193e-01,-4.9182957411e-01
827,4.9212738872e-01,-4.9180763960e-01
828,4.9212256074e-01,-4.9177664518e-01
829,4.9214449525e-01,-4.9174943566e-01
830,4.9216619134e-01,-4.9168783426e-01
831,4.9219250679e-01,-4.9162271619e-01
832,4.9227011204e-01,-4.9155777693e-01
833,4.9230080843e-01,-4.9154222012e-01
834,4.9231481552e-01,-4.9156272411e-01
835,4.9230298400e-01,-4.9163162708e-01
836,4.9231100082e-01,-4.9167972803e-01
837,4.9232631922e-01,-4.9173796177e-01
838,4.9229797721e-01,-4.9168986082e-01
839,4.9227392673e-01,-4.9159687757e-01
840,4.9222350121e-01,-4.9152097106e-01
841,4.9224555492e-01,-4.9151313305e-01
842,4.9233898520e-01,-4.9152755737e-01
843,4.9237546325e-01,-4.9153128266e-01
844,4.9237725139e-01,-4.9153044820e-01
845,4.9230352044e-01,-4.9150741100e-01
846,4.9224242568e-01,-4.9150735140e-01
847,4.9218690395e-01,-4.9150738120e-01
848,4.9214354157e-01,-4.9153107405e-01
849,4.9208253622e-01,-4.9156576395e-01
850,4.9203756452e-01,-4.9157315493e-01
851,4.9202102423e-01,-4.9154114723e-01
852,4.9199482799e-01,-4.9144732952e-01
853,4.9199050665e-01,-4.9137970805e-01
854,4.9203512073e-01,-4.9132493138e-01
855,4.9214217067e-01,-4.9128565192e-01
856,4.9224042892e-01,-4.9128365517e-01
857,4.9229758978e-01,-4.9127727747e-01
858,4.9232226610e-01,-4.9132907391e-01
859,4.9227982759e-01,-4.9143970013e-01
860,4.9226194620e-01,-4.9158045650e-01
861,4.9224475026e-01,-4.9162325263e-01
862,4.9218329787e-01,-4.9155849218e-01
863,4.9209430814e-01,-4.9138674140e-01
864,4.9200525880e-01,-4.9122074246e-01
865,4.9197217822e-01,-4.9115878344e-01
866,4.9201634526e-01,-4.9121743441e-01
867,4.9213477969e-01,-4.9133127928e-01
868,4.9223217368e-01,-4.9137881398e-01
869,4.9224552512e-01,-4.9133890867e-01
870,4.9216288328e-01,-4.9126577377e-01
871,4.9209085107e-01,-4.9120980501e-01
872,4.9206519127e-01,-4.9119094014e-01
873,4.9206122756e-01,-4.9114447832e-01
874,4.9204584956e-01,-4.9108210206e-01
875,4.9198639393e-01,-4.9097758532e-01
876,4.9193167686e-01,-4.9086970091e-01
877,4.9191644788e-01,-4.9085441232e-01
878,4.9197089672e-01,-4.9093312025e-01
879,4.9212658405e-01,-4.9104604125e-01
880,4.9222365022e-01,-4.9113485217e-01
881,4.9222898483e-01,-4.9113714695e-01
882,4.9210268259e-01,-4.9098303914e-01
883,4.9194732308e-01,-4.9076235294e-01
884,4.9182739854e-01,-4.9056768417e-01
885,4.9181357026e-01,-4.9053919315e-01
886,4.9191790819e-01,-4.9064078927e-01
887,4.9205347896e-01,-4.9079793692e-01
888,4.9215346575e-01,-4.9096813798e-01
889,4.9214610457e-01,-4.9097266793e-01
890,4.9205666780e-01,-4.9086526036e-01
891,4.9192878604e-01,-4.9065536261e-01
892,4.9184641242e-01,-4.9049001932e-01
893,4.9185407162e-01,-4.9049121141e-01
894,4.9192094803e-01,-4.9065688252e-01
895,4.9200811982e-01,-4.9089384079e-01
896,4.9202233553e-01,-4.9103593826e-01
897,4.9192532897e-01,-4.9098241329e-01
898,4.9175196886e-01,-4.9076777697e-01
899,4.9158659577e-01,-4.9055162072e-01
900,4.9158003926e-01,-4.9043029547e-01
901,4.9173131585e-01,-4.9049192667e-01
902,4.9190655351e-01,-4.9064469337e-01
903,4.9201723933e-01,-4.9077856541e-01
904,4.9190852046e-01,-4.9077552557e-01
905,4.9168539047e-01,-4.9073860049e-01
906,4.9149143696e-01,-4.9065440893e-01
907,4.9145475030e-01,-4.9062544107e-01
908,4.9151983857e-01,-4.9065789580e-01
909,4.9160063267e-01,-4.9066910148e-01
910,4.9163603783e-01,-4.9063971639e-01
911,4.9158054590e-01,-4.9058142304e-01
912,4.9153858423e-01,-4.9055454135e-01
913,4.9152517319e-01,-4.9052771926e-01
914,4.9158439040e-01,-4.9054136872e-01
915,4.9167960882e-01,-4.9060273170e-01
916,4.9173647165e-01,-4.9061235785e-01
917,4.9171215296e-01,-4.9052429199e-01
918,4.9159252644e-01,-4.9033859372e-01
919,4.9147960544e-01,-4.9019262195e-01
920,4.9144548178e-01,-4.9014687538e-01
921,4.9153000116e-01,-4.9030801654e-01
922,4.9163705111e-01,-4.9054703116e-01
923,4.9164912105e-01,-4.9067363143e-01
924,4.9150583148e-01,-4.9060162902e-01
925,4.9124532938e-01,-4.9041238427e-01
926,4.9104765058e-01,-4.9023783207e-01
927,4.9104276299e-01,-4.9023100734e-01
928,4.9123257399e-01,-4.9034070969e-01
929,4.9146547914e-01,-4.9045091867e-01
930,4.9157062173e-01,-4.9049797654e-01
931,4.9149593711e-01,-4.9043726921e-01
932,4.9138727784e-01,-4.9033984542e-01
933,4.9130943418e-01,-4.9024632573e-01
934,4.9130535126e-01,-4.9023470283e-01
935,4.9135378003e-01,-4.9030223489e-01
936,4.9139696360e-01,-4.9046534300e-01
937,4.9140337110e-01,-4.9060887098e-01
938,4.9131980538e-01,-4.9057301879e-01
939,4.9120423198e-01,-4.9038377404e-01
940,4.9103835225e-01,-4.9011668563e-01
941,4.9096655846e-01,-4.8992395401e-01
942,4.9103015661e-01,-4.8994678259e-01
943,4.9125275016e-01,-4.9012529850e-01
944,4.9147617817e-01,-4.9031671882e-01
945,4.9157214165e-01,-4.9033114314e-01
946,4.9149200320e-01,-4.9015665054e-01
947,4.9132791162e-01,-4.8989471793e-01
948,4.9121505022e-01,-4.8969712853e-01
949,4.9121892452e-01,-4.8965826631e-01
950,4.9133184552e-01,-4.8969510198e-01
951,4.9142462015e-01,-4.8977652192e-01
952,4.9146002531e-01,-4.8996904492e-01
953,4.9144047499e-01,-4.9015980959e-01
954,4.9138393998e-01,-4.9027994275e-01
955,4.9128371477e-01,-4.9026036263e-01
956,4.9116292596e-01,-4.9009972811e-01
957,4.9110361934e-01,-4.8993170261e-01
958,4.9106746912e-01,-4.8969408870e-01
959,4.9108180404e-01,-4.8949244618e-01
960,4.9110743403e-01,-4.8939102888e-01
961,4.9121874571e-01,-4.8946866393e-01
962,4.9137052894e-01,-4.8970589042e-01
963,4.9149978161e-01,-4.8995810747e-01
964,4.9153709412e-01,-4.9004316330e-01
965,4.9141556025e-01,-4.8996254802e-01
966,4.9121841788e-01,-4.8983043432e-01
967,4.9107137322e-01,-4.8973208666e-01
968,4.9104005098e-01,-4.8976191878e-01
969,4.9111691117e-01,-4.8984494805e-01
970,4.9117925763e-01,-4.8988667130e-01
971,4.9115732312e-01,-4.8986613750e-01
972,4.9107003212e-01,-4.8978376389e-01
973,4.9104234576e-01,-4.8973846436e-01
974,4.9112546444e-01,-4.8972558975e-01
975,4.9125739932e-01,-4.8972296715e-01
976,4.9136659503e-01,-4.8973014951e-01
977,4.9132040143e-01,-4.8973688483e-01
978,4.9124124646e-01,-4.8977816105e-01
979,4.9108928442e-01,-4.8980543017e-01
980,4.9088883400e-01,-4.8974457383e-01
981,4.9071013927e-01,-4.8964574933e-01
982,4.9058756232e-01,-4.8958027363e-01
983,4.9061161280e-01,-4.8959121108e-01
984,4.9075323343e-01,-4.8966979980e-01
985,4.9090415239e-01,-4.8974493146e-01
986,4.9098396301e-01,-4.8977303505e-01
987,4.9093469977e-01,-4.8973163962e-01
988,4.9082529545e-01,-4.8967704177e-01
989,4.9071085453e-01,-4.8964384198e-01
990,4.9064713717e-01,-4.8966321349e-01
991,4.9065291882e-01,-4.8967850208e-01
992,4.9064499140e-01,-4.8962315917e-01
993,4.9067229033e-01,-4.8951941729e-01
994,4.9069681764e-01,-4.8934394121e-01
995,4.9075132608e-01,-4.8919695616e-01
996,4.9076569080e-01,-4.8911538720e-01
997,4.9086424708e-01,-4.8921743035e-01
998,4.9096134305e-01,-4.8941573501e-01
999,4.9099698663e-01,-4.8958358169e-01
1000,4.9097701907e-01,-4.8969054222e-01
1001,4.9090236425e-01,-4.8971298337e-01
1002,4.9080783129e-01,-4.8965010047e-01
1003,4.9073594809e-01,-4.8951497674e-01
1004,4.9069550633e-01,-4.8933538795e-01
1005,4.9072676897e-01,-4.8918777704e-01
1006,4.9076113105e-01,-4.8908126354e-01
1007,4.9076080322e-01,-4.8903882504e-01
1008,4.9081918597e-01,-4.8909524083e-01
1009,4.9088847637e-01,-4.8918807507e-01
1010,4.9098095298e-01,-4.8934915662e-01
1011,4.9096992612e-01,-4.8938876390e-01
1012,4.9091368914e-01,-4.8937922716e-01
1013,4.9077379704e-01,-4.8927038908e-01
1014,4.9062672257e-01,-4.8916217685e-01
1015,4.9052703381e-01,-4.8910421133e-01
1016,4.9046233296e-01,-4.8908716440e-01
1017,4.9050697684e-01,-4.8922148347e-01
1018,4.9058830738e-01,-4.8940169811e-01
1019,4.9068197608e-01,-4.8961111903e-01
1020,4.9067369103e-01,-4.8969164491e-01
1021,4.9059107900e-01,-4.8960605264e-01
1022,4.9039763212e-01,-4.8938447237e-01
1023,4.9022194743e-01,-4.8912602663e-01
1024,4.9011620879e-01,-4.8892709613e-01
1025,4.9017003179e-01,-4.8888194561e-01
1026,4.9033340812e-01,-4.8899737000e-01
1027,4.9050831795e-01,-4.8915344477e-01
1028,4.9055957794e-01,-4.8921483755e-01
1029,4.9051791430e-01,-4.8916873336e-01
1030,4.9042341113e-01,-4.8907506466e-01
1031,4.9034091830e-01,-4.8901018500e-01
1032,4.9034032226e-01,-4.8901709914e-01
1033,4.9040067196e-01,-4.8905330896e-01
1034,4.9045857787e-01,-4.8909986019e-01
1035,4.9047186971e-01,-4.8905205727e-01
1036,4.9038752913e-01,-4.8892602324e-01
1037,4.9029323459e-01,-4.8885402083e-01
1038,4.9027705193e-01,-4.8885881901e-01
1039,4.9037533998e-01,-4.8895996809e-01
1040,4.9046102166e-01,-4.8904004693e-01
1041,4.9050512910e-01,-4.8906451464e-01
1042,4.9044573307e-01,-4.8905932903e-01
1043,4.9033516645e-01,-4.8901379108e-01
1044,4.9029916525e-01,-4.8900988698e-01
1045,4.9029934406e-01,-4.8900222778e-01
1046,4.9035292864e-01,-4.8905834556e-01
1047,4.9037128687e-01,-4.8911482096e-01
1048,4.9038207531e-01,-4.8914021254e-01
1049,4.9032974243e-01,-4.8908829689e-01
1050,4.9022394419e-01,-4.8893725872e-01
1051,4.9015095830e-01,-4.8876944184e-01
1052,4.9010530114e-01,-4.8864483833e-01
1053,4.9016463757e-01,-4.8858696222e-01
1054,4.9020823836e-01,-4.8861911893e-01
1055,4.9022614956e-01,-4.8869830370e-01
1056,4.9027180672e-01,-4.8881074786e-01
1057,4.9031460285e-01,-4.8889079690e-01
1058,4.9035218358e-01,-4.8888775706e-01
1059,4.9035534263e-01,-4.8881891370e-01
1060,4.9033161998e-01,-4.8867183924e-01
1061,4.9028915167e-01,-4.8848062754e-01
1062,4.9029672146e-01,-4.8834061623e-01
1063,4.9033772945e-01,-4.8836198449e-01
1064,4.9039134383e-01,-4.8848757148e-01
1065,4.9039548635e-01,-4.8861181736e-01
1066,4.9034875631e-01,-4.8865112662e-01
1067,4.9027258158e-01,-4.8862576485e-01
1068,4.9021157622e-01,-4.8858052492e-01
1069,4.9021816254e-01,-4.8858028650e-01
1070,4.9029117823e-01,-4.8857453465e-01
1071,4.9034246802e-01,-4.8854207993e-01
1072,4.9035227299e-01,-4.8847705126e-01
1073,4.9031481147e-01,-4.8842769861e-01
1074,4.9025440216e-01,-4.8842871189e-01
1075,4.9023014307e-01,-4.8845276237e-01
1076,4.9025085568e-01,-4.8851743340e-01
1077,4.9022611976e-01,-4.8852437735e-01
1078,4.9017265439e-01,-4.8846432567e-01
1079,4.9007678032e-01,-4.8834258318e-01
1080,4.9001833797e-01,-4.8828384280e-01
1081,4.9004149437e-01,-4.8830541968e-01
1082,4.9011638761e-01,-4.8837351799e-01
1083,4.9019929767e-01,-4.8848336935e-01
1084,4.9019345641e-01,-4.8853719234e-01
1085,4.9014168978e-01,-4.8847693205e-01
1086,4.9006253481e-01,-4.8840200901e-01
1087,4.8997354507e-01,-4.8832058907e-01
1088,4.8995256424e-01,-4.8828816414e-01
1089,4.8996111751e-01,-4.8828786612e-01
1090,4.9000960588e-01,-4.8825147748e-01
1091,4.9003651738e-01,-4.8818928003e-01
1092,4.9000671506e-01,-4.8810908198e-01
1093,4.8995411396e-01,-4.8804229498e-01
1094,4.8997598886e-01,-4.8814010620e-01
1095,4.9005058408e-01,-4.8824873567e-01
1096,4.9016880989e-01,-4.8834639788e-01
1097,4.9021035433e-01,-4.8836472631e-01
1098,4.9017065763e-01,-4.8834985495e-01
1099,4.9006858468e-01,-4.8828035593e-01
1100,4.8993849754e-01,-4.8813155293e-01
1101,4.8980510235e-01,-4.8798802495e-01
1102,4.8971709609e-01,-4.8788034916e-01
1103,4.8973748088e-01,-4.8790904880e-01
1104,4.8984506726e-01,-4.8800927401e-01
1105,4.8999595642e-01,-4.8818567395e-01
1106,4.9003455043e-01,-4.8825880885e-01
1107,4.8997029662e-01,-4.8825693130e-01
1108,4.8978555202e-01,-4.8811334372e-01
1109,4.8966377974e-01,-4.8797863722e-01
1110,4.8963645101e-01,-4.8788192868e-01
1111,4.8969170451e-01,-4.8793068528e-01
1112,4.8980402946e-01,-4.8803380132e-01
1113,4.8984861374e-01,-4.8809465766e-01
1114,4.8982879519e-01,-4.8807665706e-01
1115,4.8974111676e-01,-4.8797801137e-01
1116,4.8968157172e-01,-4.8789435625e-01
1117,4.8966258764e-01,-4.8787537217e-01
1118,4.8967960477e-01,-4.8784068227e-01
1119,4.8969131708e-01,-4.8781543970e-01
1120,4.8970127106e-01,-4.8777467012e-01
1121,4.8970478773e-01,-4.8771232367e-01
1122,4.8972633481e-01,-4.8771208525e-01
1123,4.8976701498e-01,-4.8774072528e-01
1124,4.8984473944e-01,-4.8777976632e-01
1125,4.8984992504e-01,-4.8776623607e-01
1126,4.8980769515e-01,-4.8772102594e-01
1127,4.8977208138e-01,-4.8764029145e-01
1128,4.8976519704e-01,-4.8758071661e-01
1129,4.8976022005e-01,-4.8759156466e-01
1130,4.8977860808e-01,-4.8763629794e-01
1131,4.8973706365e-01,-4.8772811890e-01
1132,4.8971337080e-01,-4.8783662915e-01
1133,4.8969540000e-01,-4.8789861798e-01
1134,4.8962619901e-01,-4.8790422082e-01
1135,4.8956868052e-01,-4.8783764243e-01
1136,4.8949050903e-01,-4.8779550195e-01
1137,4.8949635029e-01,-4.8775979877e-01
1138,4.8954293132e-01,-4.8784708977e-01
1139,4.8963701725e-01,-4.8800998926e-01
1140,4.8969277740e-01,-4.8812529445e-01
1141,4.8968681693e-01,-4.8807004094e-01
1142,4.8952925205e-01,-4.8783257604e-01
1143,4.8935151100e-01,-4.8752433062e-01
1144,4.8925673962e-01,-4.8727175593e-01
1145,4.8935177922e-01,-4.8716089129e-01
1146,4.8954892159e-01,-4.8718550801e-01
1147,4.8975172639e-01,-4.8726913333e-01
1148,4.8985818028e-01,-4.8734226823e-01
1149,4.8982545733e-01,-4.8736023903e-01
1150,4.8970934749e-01,-4.8742350936e-01
1151,4.8961505294e-01,-4.8758396506e-01
1152,4.8954501748e-01,-4.8769590259e-01
1153,4.8951348662e-01,-4.8768222332e-01
1154,4.8939669132e-01,-4.8750847578e-01
1155,4.8928534985e-01,-4.8734542727e-01
1156,4.8929011822e-01,-4.8724675179e-01
1157,4.8942530155e-01,-4.8723056912e-01
1158,4.8963731527e-01,-4.8727703094e-01
1159,4.8975265026e-01,-4.8736739159e-01
1160,4.8976889253e-01,-4.8739773035e-01
1161,4.8964351416e-01,-4.8732158542e-01
1162,4.8950454593e-01,-4.8721593618e-01
1163,4.8939523101e-01,-4.8716369271e-01
1164,4.8935776949e-01,-4.8719343543e-01
1165,4.8940515518e-01,-4.8731532693e-01
1166,4.8948279023e-01,-4.8742669821e-01
1167,4.8950725794e-01,-4.8748779297e-01
1168,4.8942992091e-01,-4.8742473125e-01
1169,4.8932394385e-01,-4.8733690381e-01
1170,4.8926743865e-01,-4.8723670840e-01
1171,4.8930832744e-01,-4.8723411560e-01
1172,4.8939555883e-01,-4.8725873232e-01
1173,4.8942625523e-01,-4.8726353049e-01
1174,4.8936903477e-01,-4.8724576831e-01
1175,4.8928034306e-01,-4.8719567060e-01
1176,4.8915308714e-01,-4.8707565665e-01
1177,4.8908284307e-01,-4.8700079322e-01
1178,4.8907130957e-01,-4.8701131344e-01
1179,4.8904681206e-01,-4.8709452152e-01
1180,4.8910459876e-01,-4.8722290993e-01
1181,4.8911449313e-01,-4.8724320531e-01
1182,4.8903462291e-01,-4.8724260926e-01
1183,4.8887524009e-01,-4.8726949096e-01
1184,4.8875284195e-01,-4.8729225993e-01
1185,4.8869401217e-01,-4.8722785711e-01
1186,4.8870861530e-01,-4.8712000251e-01
1187,4.8875367641e-01,-4.8700815439e-01
1188,4.8881679773e-01,-4.8693409562e-01
1189,4.8892453313e-01,-4.8687776923e-01
1190,4.8903590441e-01,-4.8687836528e-01
1191,4.8908773065e-01,-4.8688697815e-01
1192,4.8906797171e-01,-4.8696041107e-01
1193,4.8905473948e-01,-4.8706084490e-01
1194,4.8900061846e-01,-4.8709037900e-01
1195,4.8891603947e-01,-4.8714235425e-01
1196,4.8879903555e-01,-4.8705026507e-01
1197,4.8875862360e-01,-4.8693963885e-01
1198,4.8873606324e-01,-4.8686203361e-01
1199,4.8876523972e-01,-4.8683649302e-01
1200,4.8885384202e-01,-4.8685884476e-01
1201,4.8889523745e-01,-4.8684296012e-01
1202,4.8891314864e-01,-4.8681968451e-01
1203,4.8884493113e-01,-4.8681843281e-01
1204,4.8876893520e-01,-4.8689219356e-01
1205,4.8872077465e-01,-4.8700225353e-01
1206,4.8867294192e-01,-4.8706486821e-01
1207,4.8863184452e-01,-4.8711296916e-01
1208,4.8856127262e-01,-4.8703595996e-01
1209,4.8851343989e-01,-4.8698586226e-01
1210,4.8849552870e-01,-4.8687136173e-01
1211,4.8852112889e-01,-4.8670902848e-01
1212,4.8855987191e-01,-4.8656883836e-01
1213,4.8856541514e-01,-4.8644927144e-01
1214,4.8857897520e-01,-4.8646557331e-01
1215,4.8861736059e-01,-4.8658812046e-01
1216,4.8871523142e-01,-4.8677119613e-01
1217,4.8878854513e-01,-4.8691931367e-01
1218,4.8878338933e-01,-4.8697173595e-01
1219,4.8868358135e-01,-4.8689365387e-01
1220,4.8853808641e-01,-4.8668217659e-01
1221,4.8842516541e-01,-4.8646536469e-01
1222,4.8839309812e-01,-4.8632612824e-01
1223,4.8848700523e-01,-4.8633632064e-01
1224,4.8858100176e-01,-4.8642289639e-01
1225,4.8864611983e-01,-4.8648980260e-01
1226,4.8858979344e-01,-4.8649433255e-01
1227,4.8853102326e-01,-4.8646867275e-01
1228,4.8847445846e-01,-4.8646610975e-01
1229,4.8843440413e-01,-4.8645761609e-01
1230,4.8841962218e-01,-4.8645520210e-01
1231,4.8841032386e-01,-4.8651111126e-01
1232,4.8841792345e-01,-4.8650753498e-01
1233,4.8847910762e-01,-4.8657894135e-01
1234,4.8850899935e-01,-4.8665076494e-01
1235,4.8856589198e-01,-4.8674634099e-01
1236,4.8860573769e-01,-4.8678845167e-01
1237,4.8856043816e-01,-4.8672130704e-01
1238,4.8846060038e-01,-4.8656436801e-01
1239,4.8833686113e-01,-4.8637500405e-01
1240,4.8829045892e-01,-4.8622366786e-01
1241,4.8832502961e-01,-4.8620396852e-01
1242,4.8841652274e-01,-4.8626676202e-01
1243,4.8848190904e-01,-4.8636263609e-01
1244,4.8851504922e-01,-4.8647919297e-01
1245,4.8847663403e-01,-4.8656153679e-01
1246,4.8844313622e-01,-4.8663812876e-01
1247,4.8837739229e-01,-4.8669975996e-01
1248,4.8831874132e-01,-4.8669010401e-01
1249,4.8826143146e-01,-4.8661413789e-01
1250,4.8818457127e-01,-4.8649030924e-01
1251,4.8812875152e-01,-4.8637354374e-01
1252,4.8816403747e-01,-4.8629418015e-01
1253,4.8823046684e-01,-4.8632964492e-01
1254,4.8831579089e-01,-4.8634666204e-01
1255,4.8831254244e-01,-4.8633542657e-01
1256,4.8826241493e-01,-4.8626571894e-01
1257,4.8815432191e-01,-4.8621857166e-01
1258,4.8806375265e-01,-4.8615035415e-01
1259,4.8802590370e-01,-4.8613771796e-01
1260,4.8800867796e-01,-4.8615026474e-01
1261,4.8804989457e-01,-4.8620510101e-01
1262,4.8810416460e-01,-4.8625594378e-01
1263,4.8818325996e-01,-4.8633810878e-01
1264,4.8822867870e-01,-4.8640769720e-01
1265,4.8824596405e-01,-4.8645672202e-01
1266,4.8819717765e-01,-4.8649057746e-01
1267,4.8811307549e-01,-4.8638811707e-01
1268,4.8804342747e-01,-4.8626923561e-01
1269,4.8799443245e-01,-4.8611253500e-01
1270,4.8797401786e-01,-4.8598548770e-01
1271,4.8802110553e-01,-4.8593357205e-01
1272,4.8806628585e-01,-4.8592945933e-01
1273,4.8810970783e-01,-4.8592191935e-01
1274,4.8808848858e-01,-4.8585829139e-01
1275,4.8804292083e-01,-4.8578393459e-01
1276,4.8793077469e-01,-4.8574244976e-01
1277,4.8789054155e-01,-4.8580020666e-01
1278,4.8792874813e-01,-4.8596498370e-01
1279,4.8801988363e-01,-4.8606052995e-01
1280,4.8812919855e-01,-4.8604056239e-01
1281,4.8811423779e-01,-4.8588410020e-01
1282,4.8804259300e-01,-4.8566892743e-01
1283,4.8798659444e-01,-4.8553210497e-01
1284,4.8804348707e-01,-4.8554924130e-01
1285,4.8815655708e-01,-4.8565915227e-01
1286,4.8824068904e-01,-4.8576825857e-01
1287,4.8821103573e-01,-4.8579007387e-01
1288,4.8805209994e-01,-4.8572555184e-01
1289,4.8789414763e-01,-4.8565679789e-01
1290,4.8781433702e-01,-4.8559886217e-01
1291,4.8793420196e-01,-4.8571243882e-01
1292,4.8810645938e-01,-4.8577755690e-01
1293,4.8819276690e-01,-4.8586630821e-01
1294,4.8809367418e-01,-4.8586115241e-01
1295,4.8790609837e-01,-4.8580491543e-01
1296,4.8773613572e-01,-4.8574051261e-01
1297,4.8765581846e-01,-4.8568227887e-01
1298,4.8767933249e-01,-4.8568895459e-01
1299,4.8774972558e-01,-4.8574134707e-01
1300,4.8786246777e-01,-4.8580232263e-01
1301,4.8789161444e-01,-4.8568877578e-01
1302,4.8787793517e-01,-4.8551517725e-01
1303,4.8783633113e-01,-4.8535522819e-01
1304,4.8786947131e-01,-4.8531883955e-01
1305,4.8794552684e-01,-4.8540556431e-01
1306,4.8797413707e-01,-4.8551505804e-01
1307,4.8794069886e-01,-4.8556083441e-01
1308,4.8782700300e-01,-4.8550307751e-01
1309,4.8771458864e-01,-4.8546230793e-01
1310,4.8764929175e-01,-4.8546415567e-01
1311,4.8770558834e-01,-4.8552051187e-01
1312,4.8776665330e-01,-4.8556023836e-01
1313,4.8777329922e-01,-4.8549318314e-01
1314,4.8768538237e-01,-4.8538163304e-01
1315,4.8756387830e-01,-4.8531326652e-01
1316,4.8752427101e-01,-4.8535570502e-01
1317,4.8755893111e-01,-4.8543447256e-01
1318,4.8763796687e-01,-4.8554921150e-01
1319,4.8769560456e-01,-4.8559319973e-01
1320,4.8769360781e-01,-4.8553937674e-01
1321,4.8761221766e-01,-4.8541668057e-01
1322,4.8753404617e-01,-4.8526164889e-01
1323,4.8751181364e-01,-4.8513320088e-01
1324,4.8753279448e-01,-4.8507803679e-01
1325,4.8758056760e-01,-4.8509109020e-01
1326,4.8763209581e-01,-4.8515751958e-01
1327,4.8764529824e-01,-4.8529070616e-01
1328,4.8760524392e-01,-4.8533490300e-01
1329,4.8756334186e-01,-4.8538234830e-01
1330,4.8750585318e-01,-4.8533192277e-01
1331,4.8743158579e-01,-4.8524007201e-01
1332,4.8743054271e-01,-4.8517608643e-01
1333,4.8741734028e-01,-4.8515039682e-01
1334,4.8747900128e-01,-4.8522889614e-01
1335,4.8756670952e-01,-4.8532491922e-01
1336,4.8761254549e-01,-4.8543399572e-01
1337,4.8757314682e-01,-4.8548692465e-01
1338,4.8741951585e-01,-4.8541519046e-01
1339,4.8724555969e-01,-4.8527577519e-01
1340,4.8711827397e-01,-4.8513805866e-01
1341,4.8714706302e-01,-4.8507395387e-01
1342,4.8725825548e-01,-4.8505118489e-01
1343,4.8738831282e-01,-4.8504787683e-01
1344,4.8748448491e-01,-4.8503011465e-01
1345,4.8750630021e-01,-4.8503327370e-01
1346,4.8751598597e-01,-4.8509347439e-01
1347,4.8748981953e-01,-4.8517206311e-01
1348,4.8744863272e-01,-4.8518714309e-01
1349,4.8728385568e-01,-4.8509126902e-01
1350,4.8707053065e-01,-4.8491653800e-01
1351,4.8690590262e-01,-4.8478552699e-01
1352,4.8689228296e-01,-4.8477375507e-01
1353,4.8703390360e-01,-4.8486271501e-01
1354,4.8722597957e-01,-4.8498964310e-01
1355,4.8736950755e-01,-4.8508957028e-01
1356,4.8733779788e-01,-4.8511841893e-01
1357,4.8726582527e-01,-4.8514813185e-01
1358,4.8720923066e-01,-4.8513567448e-01
1359,4.8716250062e-01,-4.8508420587e-01
1360,4.8708331585e-01,-4.8500090837e-01
1361,4.8700743914e-01,-4.8488816619e-01
1362,4.8697024584e-01,-4.8485001922e-01
1363,4.8696357012e-01,-4.8489883542e-01
1364,4.8700618744e-01,-4.8497754335e-01
1365,4.8699522018e-01,-4.8496764898e-01
1366,4.8690110445e-01,-4.8491626978e-01
1367,4.8679012060e-01,-4.8486196995e-01
1368,4.8678377271e-01,-4.8493188620e-01
1369,4.8685351014e-01,-4.8497539759e-01
1370,4.8696252704e-01,-4.8494741321e-01
1371,4.8698964715e-01,-4.8488169909e-01
1372,4.8692575097e-01,-4.8481941223e-01
1373,4.8693293333e-01,-4.8484382033e-01
1374,4.8697897792e-01,-4.8492410779e-01
1375,4.8700350523e-01,-4.8501110077e-01
1376,4.8695725203e-01,-4.8504808545e-01
1377,4.8685494065e-01,-4.8497375846e-01
1378,4.8674407601e-01,-4.8487210274e-01
1379,4.8672458529e-01,-4.8480460048e-01
1380,4.8675513268e-01,-4.8478928208e-01
1381,4.8682978749e-01,-4.8482471704e-01
1382,4.8688519001e-01,-4.8487526178e-01
1383,4.8689597845e-01,-4.8494225740e-01
1384,4.8687630892e-01,-4.8494651914e-01
1385,4.8681056499e-01,-4.8488226533e-01
1386,4.8674598336e-01,-4.8479586840e-01
1387,4.8673745990e-01,-4.8472118378e-01
1388,4.8679554462e-01,-4.8466828465e-01
1389,4.8689496517e-01,-4.8460397124e-01
1390,4.8701277375e-01,-4.8460865021e-01
1391,4.8705962300e-01,-4.8466047645e-01
1392,4.8705881834e-01,-4.8474490643e-01
1393,4.8702964187e-01,-4.8479163647e-01
1394,4.8696428537e-01,-4.8477810621e-01
1395,4.8682501912e-01,-4.8464700580e-01
1396,4.8668128252e-01,-4.8443931341e-01
1397,4.8659986258e-01,-4.8424628377e-01
1398,4.8666012287e-01,-4.8418158293e-01
1399,4.8685541749e-01,-4.8429027200e-01
1400,4.8701798916e-01,-4.8442164063e-01
1401,4.8708456755e-01,-4.8446896672e-01
1402,4.8698958755e-01,-4.8437672853e-01
1403,4.8679420352e-01,-4.8426520824e-01
1404,4.8664632440e-01,-4.8418638110e-01
1405,4.8663210869e-01,-4.8425933719e-01
1406,4.8667985201e-01,-4.8442047834e-01
1407,4.8670732975e-01,-4.8456510901e-01
1408,4.8667323589e-01,-4.8464167118e-01
1409,4.8655697703e-01,-4.8461329937e-01
1410,4.8647484183e-01,-4.8454028368e-01
1411,4.8642867804e-01,-4.8451060057e-01
1412,4.8645913601e-01,-4.8452964425e-01
1413,4.8649618030e-01,-4.8456090689e-01
1414,4.8651668429e-01,-4.8457476497e-01
1415,4.8649024963e-01,-4.8455962539e-01
1416,4.8636472225e-01,-4.8449000716e-01
1417,4.8626595736e-01,-4.8441416025e-01
1418,4.8618403077e-01,-4.8428523540e-01
1419,4.8618856072e-01,-4.8410195112e-01
1420,4.8626336455e-01,-4.8392221332e-01
1421,4.8634773493e-01,-4.8377805948e-01
1422,4.8648214340e-01,-4.8379805684e-01
1423,4.8662793636e-01,-4.8394021392e-01
1424,4.8674863577e-01,-4.8403623700e-01
1425,4.8678460717e-01,-4.8402261734e-01
1426,4.8666498065e-01,-4.8387771845e-01
1427,4.8654687405e-01,-4.8374283314e-01
1428,4.8653572798e-01,-4.8370006680e-01
1429,4.8663887382e-01,-4.8379901052e-01
1430,4.8683047295e-01,-4.8395776749e-01
1431,4.8691025376e-01,-4.8398116231e-01
1432,4.8684972525e-01,-4.8385995626e-01
1433,4.8669850826e-01,-4.8368939757e-01
1434,4.8651105165e-01,-4.8357394338e-01
1435,4.8644152284e-01,-4.8357638717e-01
1436,4.8649370670e-01,-4.8361808062e-01
1437,4.8657056689e-01,-4.8370018601e-01
1438,4.8656785488e-01,-4.8374736309e-01
1439,4.8651772738e-01,-4.8381629586e-01
1440,4.8646143079e-01,-4.8388528824e-01
1441,4.8642456532e-01,-4.8392322659e-01
1442,4.8641574383e-01,-4.8388785124e-01
1443,4.8634698987e-01,-4.8375630379e-01
1444,4.8626607656e-01,-4.8362109065e-01
1445,4.8621416092e-01,-4.8356312513e-01
1446,4.8630663753e-01,-4.8365184665e-01
1447,4.8644703627e-01,-4.8377755284e-01
1448,4.8655292392e-01,-4.8386603594e-01
1449,4.8655304313e-01,-4.8384314775e-01
1450,4.8646393418e-01,-4.8372399807e-01
1451,4.8633518815e-01,-4.8352956772e-01
1452,4.8623591661e-01,-4.8338228464e-01
1453,4.8625451326e-01,-4.8334759474e-01
1454,4.8638066649e-01,-4.8342958093e-01
1455,4.8653221130e-01,-4.8355641961e-01
1456,4.8659709096e-01,-4.8358416557e-01
1457,4.8653888702e-01,-4.8351794481e-01
1458,4.8634490371e-01,-4.8341718316e-01
1459,4.8619112372e-01,-4.8339813948e-01
1460,4.8612526059e-01,-4.8352780938e-01
1461,4.8616781831e-01,-4.8372361064e-01
1462,4.8622000217e-01,-4.8386135697e-01
1463,4.8617389798e-01,-4.8386901617e-01
1464,4.8603183031e-01,-4.8376989365e-01
1465,4.8584952950e-01,-4.8360651731e-01
1466,4.8580288887e-01,-4.8351335526e-01
1467,4.8587071896e-01,-4.8348242044e-01
1468,4.8600268364e-01,-4.8351275921e-01
1469,4.8610159755e-01,-4.8356753588e-01
1470,4.8610904813e-01,-4.8359802365e-01
1471,4.8601368070e-01,-4.8363819718e-01
1472,4.8591482639e-01,-4.8368102312e-01
1473,4.8586738110e-01,-4.8372712731e-01
1474,4.8582288623e-01,-4.8375427723e-01
1475,4.8573890328e-01,-4.8374494910e-01
1476,4.8567906022e-01,-4.8369020224e-01
1477,4.8565140367e-01,-4.8361191154e-01
1478,4.8567497730e-01,-4.8354452848e-01
1479,4.8569962382e-01,-4.8351001740e-01
1480,4.8575291038e-01,-4.8353433609e-01
1481,4.8576268554e-01,-4.8355332017e-01
1482,4.8572668433e-01,-4.8360118270e-01
1483,4.8562347889e-01,-4.8361805081e-01
1484,4.8552948236e-01,-4.8366466165e-01
1485,4.8547747731e-01,-4.8370754719e-01
1486,4.8546129465e-01,-4.8371723294e-01
1487,4.8543596268e-01,-4.8371812701e-01
1488,4.8540771008e-01,-4.8368564248e-01
1489,4.8543047905e-01,-4.8363015056e-01
1490,4.8540651798e-01,-4.8364272714e-01
1491,4.8538088799e-01,-4.8363348842e-01
1492,4.8539307714e-01,-4.8358377814e-01
1493,4.8541146517e-01,-4.8354130983e-01
1494,4.8539012671e-01,-4.8348298669e-01
1495,4.8537880182e-01,-4.8345631361e-01
1496,4.8535171151e-01,-4.8346573114e-01
1497,4.8535740376e-01,-4.8347228765e-01
1498,4.8534929752e-01,-4.8349216580e-01
1499,4.8529773951e-01,-4.8353350163e-01
1500,4.8524853587e-01,-4.8358023167e-01
1501,4.8519581556e-01,-4.8359835148e-01
1502,4.8513343930e-01,-4.8351895809e-01
1503,4.8508352041e-01,-4.8335498571e-01
1504,4.8505169153e-01,-4.8319995403e-01
1505,4.8509141803e-01,-4.8314899206e-01
1506,4.8523202538e-01,-4.8324868083e-01
1507,4.8536017537e-01,-4.8337784410e-01
1508,4.8543649912e-01,-4.8347327113e-01
1509,4.8537969589e-01,-4.8343810439e-01
1510,4.8525959253e-01,-4.8325178027e-01
1511,4.8511388898e-01,-4.8307707906e-01
1512,4.8501357436e-01,-4.8300281167e-01
1513,4.8507651687e-01,-4.8312088847e-01
1514,4.8522156477e-01,-4.8324239254e-01
1515,4.8533621430e-01,-4.8328980803e-01
1516,4.8529165983e-01,-4.8323911428e-01
1517,4.8513409495e-01,-4.8308232427e-01
1518,4.8500248790e-01,-4.8291921616e-01
1519,4.8497864604e-01,-4.8280552030e-01
1520,4.8509618640e-01,-4.8279449344e-01
1521,4.8525193334e-01,-4.8289018869e-01
1522,4.8539286852e-01,-4.8299688101e-01
1523,4.8546856642e-01,-4.8310676217e-01
1524,4.8539161682e-01,-4.8317316175e-01
1525,4.8529148102e-01,-4.8320540786e-01
1526,4.8521125317e-01,-4.8321416974e-01
1527,4.8514220119e-01,-4.8318320513e-01
1528,4.8509269953e-01,-4.8312962055e-01
1529,4.8500952125e-01,-4.8310759664e-01
1530,4.8495781422e-01,-4.8311820626e-01
1531,4.8491328955e-01,-4.8315444589e-01
1532,4.8490795493e-01,-4.8321187496e-01
1533,4.8493623734e-01,-4.8318070173e-01
1534,4.8493912816e-01,-4.8310798407e-01
1535,4.8493397236e-01,-4.8304104805e-01
1536,4.8492470384e-01,-4.8301881552e-01
1537,4.8495072126e-01,-4.8305925727e-01
1538,4.8500019312e-01,-4.8309212923e-01
1539,4.8500540853e-01,-4.8311457038e-01
1540,4.8486587405e-01,-4.8313561082e-01
1541,4.8476418853e-01,-4.8323214054e-01
1542,4.8474371433e-01,-4.8334401846e-01
1543,4.8480865359e-01,-4.8338860273e-01
1544,4.8485913873e-01,-4.8336175084e-01
1545,4.8484811187e-01,-4.8324623704e-01
1546,4.8479369283e-01,-4.8308107257e-01
1547,4.8478728533e-01,-4.8298481107e-01
1548,4.8477828503e-01,-4.8293095827e-01
1549,4.8479151726e-01,-4.8295027018e-01
1550,4.8479413986e-01,-4.8299616575e-01
1551,4.8481893539e-01,-4.8303347826e-01
1552,4.8479330540e-01,-4.8303282261e-01
1553,4.8473140597e-01,-4.8299321532e-01
1554,4.8474881053e-01,-4.8301303387e-01
1555,4.8480850458e-01,-4.8303914070e-01
1556,4.8488605022e-01,-4.8308613896e-01
1557,4.8485794663e-01,-4.8303660750e-01
1558,4.8477533460e-01,-4.8293349147e-01
1559,4.8465752602e-01,-4.8281896114e-01
1560,4.8455137014e-01,-4.8272582889e-01
1561,4.8454356194e-01,-4.8274940252e-01
1562,4.8458591104e-01,-4.8281830549e-01
1563,4.8465541005e-01,-4.8292750120e-01
1564,4.8466604948e-01,-4.8298028111e-01
1565,4.8461654782e-01,-4.8299145699e-01
1566,4.8451653123e-01,-4.8294737935e-01
1567,4.8444080353e-01,-4.8294562101e-01
1568,4.8444798589e-01,-4.8298111558e-01
1569,4.8443606496e-01,-4.8297658563e-01
1570,4.8440992832e-01,-4.8296231031e-01
1571,4.8432898521e-01,-4.8290041089e-01
1572,4.8429417610e-01,-4.8287379742e-01
1573,4.8433661461e-01,-4.8294109106e-01
1574,4.8447468877e-01,-4.8307344317e-01
1575,4.8460242152e-01,-4.8314917088e-01
1576,4.8457249999e-01,-4.8309051991e-01
1577,4.8441696167e-01,-4.8281142116e-01
1578,4.8419633508e-01,-4.8248499632e-01
1579,4.8406147957e-01,-4.8221096396e-01
1580,4.8408889771e-01,-4.8212724924e-01
1581,4.8425891995e-01,-4.8220264912e-01
1582,4.8445585370e-01,-4.8239314556e-01
1583,4.8463112116e-01,-4.8255744576e-01
1584,4.8466813564e-01,-4.8266318440e-01
1585,4.8462241888e-01,-4.8271286488e-01
1586,4.8449811339e-01,-4.8271444440e-01
1587,4.8439815640e-01,-4.8267140985e-01
1588,4.8434567451e-01,-4.8261943460e-01
1589,4.8434042931e-01,-4.8257303238e-01
1590,4.8435735703e-01,-4.8253178596e-01
1591,4.8436409235e-01,-4.8249730468e-01
1592,4.8438236117e-01,-4.8253321648e-01
1593,4.8439213634e-01,-4.8263221979e-01
1594,4.8438224196e-01,-4.8281946778e-01
1595,4.8434111476e-01,-4.8296898603e-01
1596,4.8424375057e-01,-4.8300874233e-01
1597,4.8406815529e-01,-4.8293715715e-01
1598,4.8388844728e-01,-4.8274567723e-01
1599,4.8382541537e-01,-4.8258045316e-01
1600,4.8386472464e-01,-4.8248374462e-01
1601,4.8405274749e-01,-4.8254558444e-01
1602,4.8423960805e-01,-4.8271083832e-01
1603,4.8433053493e-01,-4.8280444741e-01
1604,4.8429560661e-01,-4.8275801539e-01
1605,4.8408013582e-01,-4.8259252310e-01
1606,4.8389187455e-01,-4.8245373368e-01
1607,4.8377415538e-01,-4.8244854808e-01
1608,4.8383396864e-01,-4.8260727525e-01
1609,4.8397284746e-01,-4.8276373744e-01
1610,4.8405513167e-01,-4.8280227184e-01
1611,4.8398280144e-01,-4.8275429010e-01
1612,4.8385018110e-01,-4.8264634609e-01
1613,4.8372423649e-01,-4.8252215981e-01
1614,4.8371112347e-01,-4.8244163394e-01
1615,4.8380416632e-01,-4.8240810633e-01
1616,4.8391816020e-01,-4.8247897625e-01
1617,4.8395749927e-01,-4.8258098960e-01
1618,4.8396304250e-01,-4.8264658451e-01
1619,4.8392492533e-01,-4.8256093264e-01
1620,4.8379254341e-01,-4.8236799240e-01
1621,4.8368385434e-01,-4.8218521476e-01
1622,4.8363718390e-01,-4.8205754161e-01
1623,4.8373034596e-01,-4.8208329082e-01
1624,4.8390308022e-01,-4.8223242164e-01
1625,4.8406180739e-01,-4.8241573572e-01
1626,4.8407667875e-01,-4.8258078098e-01
1627,4.8397314548e-01,-4.8266869783e-01
1628,4.8379752040e-01,-4.8266452551e-01
1629,4.8361521959e-01,-4.8252829909e-01
1630,4.8349374533e-01,-4.8237806559e-01
1631,4.8342627287e-01,-4.8225113750e-01
1632,4.8351690173e-01,-4.8224350810e-01
1633,4.8366835713e-01,-4.8228338361e-01
1634,4.8380124569e-01,-4.8229932785e-01
1635,4.8387500644e-01,-4.8229780793e-01
1636,4.8387184739e-01,-4.8225471377e-01
1637,4.8380967975e-01,-4.8225262761e-01
1638,4.8372033238e-01,-4.8222473264e-01
1639,4.8365345597e-01,-4.8213860393e-01
1640,4.8360252380e-01,-4.8200011253e-01
1641,4.8351776600e-01,-4.8188847303e-01
1642,4.8349744081e-01,-4.8189264536e-01
1643,4.8353427649e-01,-4.8205345869e-01
1644,4.8367226124e-01,-4.8227509856e-01
1645,4.8378902674e-01,-4.8240983486e-01
1646,4.8374271393e-01,-4.8233282566e-01
1647,4.8353523016e-01,-4.8211777210e-01
1648,4.8331275582e-01,-4.8187255859e-01
1649,4.8328751326e-01,-4.8181253672e-01
1650,4.8342382908e-01,-4.8194068670e-01
1651,4.8361739516e-01,-4.8214930296e-01
1652,4.8373705149e-01,-4.8234614730e-01
1653,4.8364219069e-01,-4.8244592547e-01
1654,4.8339131474e-01,-4.8245576024e-01
1655,4.8315456510e-01,-4.8239398003e-01
1656,4.8304882646e-01,-4.8230299354e-01
1657,4.8303472996e-01,-4.8219114542e-01
1658,4.8308953643e-01,-4.8215368390e-01
1659,4.8317292333e-01,-4.8220005631e-01
1660,4.8325741291e-01,-4.8227357864e-01
1661,4.8335090280e-01,-4.8238071799e-01
1662,4.8332288861e-01,-4.8244768381e-01
1663,4.8320072889e-01,-4.8249918222e-01
1664,4.8303166032e-01,-4.8245489597e-01
1665,4.8289570212e-01,-4.8232999444e-01
1666,4.8281288147e-01,-4.8210069537e-01
1667,4.8280256987e-01,-4.8184585571e-01
1668,4.8290532827e-01,-4.8166367412e-01
1669,4.8308157921e-01,-4.8165842891e-01
1670,4.8327320814e-01,-4.8182293773e-01
1671,4.8342469335e-01,-4.8203620315e-01
1672,4.8345813155e-01,-4.8216339946e-01
1673,4.8334765434e-01,-4.8215705156e-01
1674,4.8314324021e-01,-4.8207092285e-01
1675,4.8294705153e-01,-4.8190453649e-01
1676,4.8289576173e-01,-4.8171347380e-01
1677,4.8299646378e-01,-4.8158162832e-01
1678,4.8317539692e-01,-4.8157352209e-01
1679,4.8332840204e-01,-4.8169621825e-01
1680,4.8336911201e-01,-4.8185735941e-01
1681,4.8328158259e-01,-4.8192518950e-01
1682,4.8312282562e-01,-4.8196363449e-01
1683,4.8294222355e-01,-4.8196229339e-01
1684,4.8283538222e-01,-4.8191532493e-01
1685,4.8283952475e-01,-4.8181709647e-01
1686,4.8289686441e-01,-4.8176318407e-01
1687,4.8299211264e-01,-4.8176690936e-01
1688,4.8305898905e-01,-4.8180761933e-01
1689,4.8312222958e-01,-4.8192155361e-01
1690,4.8313862085e-01,-4.8203289509e-01
1691,4.8308101296e-01,-4.8211127520e-01
1692,4.8291599751e-01,-4.8208969831e-01
1693,4.8270115256e-01,-4.8196399212e-01
1694,4.8254635930e-01,-4.8180952668e-01
1695,4.8249477148e-01,-4.8168882728e-01
1696,4.8255726695e-01,-4.8161453009e-01
1697,4.8268845677e-01,-4.8162296414e-01
1698,4.8279857635e-01,-4.8166868091e-01
1699,4.8286759853e-01,-4.8172143102e-01
1700,4.8287105560e-01,-4.8175466061e-01
1701,4.8282119632e-01,-4.8178848624e-01
1702,4.8275017738e-01,-4.8181355000e-01
1703,4.8267599940e-01,-4.8189499974e-01
1704,4.8263695836e-01,-4.8193594813e-01
1705,4.8260360956e-01,-4.8190611601e-01
1706,4.8252728581e-01,-4.8180681467e-01
1707,4.8245462775e-01,-4.8171550035e-01
1708,4.8244225979e-01,-4.8164433241e-01
1709,4.8249402642e-01,-4.8163926601e-01
1710,4.8263254762e-01,-4.8167100549e-01
1711,4.8277625442e-01,-4.8178601265e-01
1712,4.8285794258e-01,-4.8187163472e-01
1713,4.8285073042e-01,-4.8188915849e-01
1714,4.8278370500e-01,-4.8182404041e-01
1715,4.8266997933e-01,-4.8170137405e-01
1716,4.8262995481e-01,-4.8162257671e-01
1717,4.8261055350e-01,-4.8156026006e-01
1718,4.8264947534e-01,-4.8156201839e-01
1719,4.8264285922e-01,-4.8152470589e-01
1720,4.8260360956e-01,-4.8146218061e-01
1721,4.8259475827e-01,-4.8142769933e-01
1722,4.8259648681e-01,-4.8145613074e-01
1723,4.8266512156e-01,-4.8161789775e-01
1724,4.8268455267e-01,-4.8172581196e-01
1725,4.8269745708e-01,-4.8171728849e-01
1726,4.8256435990e-01,-4.8160558939e-01
1727,4.8245209455e-01,-4.8146539927e-01
1728,4.8243224621e-01,-4.8138010502e-01
1729,4.8251706362e-01,-4.8134547472e-01
1730,4.8264411092e-01,-4.8137164116e-01
1731,4.8271080852e-01,-4.8140051961e-01
1732,4.8273152113e-01,-4.8139899969e-01
1733,4.8271754384e-01,-4.8136314750e-01
1734,4.8264962435e-01,-4.8131272197e-01
1735,4.8249909282e-01,-4.8131290078e-01
1736,4.8233225942e-01,-4.8132231832e-01
1737,4.8226591945e-01,-4.8138591647e-01
1738,4.8227298260e-01,-4.8150840402e-01
1739,4.8227393627e-01,-4.8166489601e-01
1740,4.8227626085e-01,-4.8179191351e-01
1741,4.8220565915e-01,-4.8181059957e-01
1742,4.8208278418e-01,-4.8170804977e-01
1743,4.8196336627e-01,-4.8158520460e-01
1744,4.8190420866e-01,-4.8148712516e-01
1745,4.8192334175e-01,-4.8143056035e-01
1746,4.8201835155e-01,-4.8139566183e-01
1747,4.8208582401e-01,-4.8136723042e-01
1748,4.8209437728e-01,-4.8139521480e-01
1749,4.8215505481e-01,-4.8155179620e-01
1750,4.8223930597e-01,-4.8175555468e-01
1751,4.8228260875e-01,-4.8189690709e-01
1752,4.8218700290e-01,-4.8187685013e-01
1753,4.8190948367e-01,-4.8168021441e-01
1754,4.8165458441e-01,-4.8141899705e-01
1755,4.8155292869e-01,-4.8123124242e-01
1756,4.8165777326e-01,-4.8115471005e-01
1757,4.8184677958e-01,-4.8118504882e-01
1758,4.8203116655e-01,-4.8130285740e-01
1759,4.8216935992e-01,-4.8146229982e-01
1760,4.8219889402e-01,-4.8155897856e-01
1761,4.8213037848e-01,-4.8155131936e-01
1762,4.8201164603e-01,-4.8144188523e-01
1763,4.8188287020e-01,-4.8133572936e-01
1764,4.8187038302e-01,-4.8131608963e-01
1765,4.8193311691e-01,-4.8133403063e-01
1766,4.8207345605e-01,-4.8135033250e-01
1767,4.8211053014e-01,-4.8127800226e-01
1768,4.8206371069e-01,-4.8116257787e-01
1769,4.8196539283e-01,-4.8104587197e-01
1770,4.8193353415e-01,-4.8095631599e-01
1771,4.8201251030e-01,-4.8092985153e-01
1772,4.8209211230e-01,-4.8101314902e-01
1773,4.8215350509e-01,-4.8114269972e-01
1774,4.8219275475e-01,-4.8129105568e-01
1775,4.8216819763e-01,-4.8141497374e-01
1776,4.8204714060e-01,-4.8142114282e-01
1777,4.8188069463e-01,-4.8132014275e-01
1778,4.8170462251e-01,-4.8110562563e-01
1779,4.8164880276e-01,-4.8098552227e-01
1780,4.8165819049e-01,-4.8093172908e-01
1781,4.8178163171e-01,-4.8103594780e-01
1782,4.8192241788e-01,-4.8116058111e-01
1783,4.8200511932e-01,-4.8116523027e-01
1784,4.8193696141e-01,-4.8103237152e-01
1785,4.8177486658e-01,-4.8082339764e-01
1786,4.8172935843e-01,-4.8066645861e-01
1787,4.8177498579e-01,-4.8065274954e-01
1788,4.8189634085e-01,-4.8074221611e-01
1789,4.8198866844e-01,-4.8082542419e-01
1790,4.8195847869e-01,-4.8086276650e-01
1791,4.8183873296e-01,-4.8086017370e-01
1792,4.8167771101e-01,-4.8080474138e-01
1793,4.8153582215e-01,-4.8076218367e-01
1794,4.8151192069e-01,-4.8079904914e-01
1795,4.8155468702e-01,-4.8085084558e-01
1796,4.8162400723e-01,-4.8097404838e-01
1797,4.8169052601e-01,-4.8105865717e-01
1798,4.8171490431e-01,-4.8109033704e-01
1799,4.8163452744e-01,-4.8106801510e-01
1800,4.8149132729e-01,-4.8100101948e-01
1801,4.8140892386e-01,-4.8095244169e-01
1802,4.8138785362e-01,-4.8097631335e-01
1803,4.8142778873e-01,-4.8107406497e-01
1804,4.8146906495e-01,-4.8119151592e-01
1805,4.8144650459e-01,-4.8123839498e-01
1806,4.8138505220e-01,-4.8120796680e-01
1807,4.8128625751e-01,-4.8112356663e-01
1808,4.8122936487e-01,-4.8099166155e-01
1809,4.8127335310e-01,-4.8087540269e-01
1810,4.8135992885e-01,-4.8082342744e-01
1811,4.8143514991e-01,-4.8078909516e-01
1812,4.8148277402e-01,-4.8085600138e-01
1813,4.8146003485e-01,-4.8097679019e-01
1814,4.8144271970e-01,-4.8108395934e-01
1815,4.8137673736e-01,-4.8114973307e-01
1816,4.8127159476e-01,-4.8114433885e-01
1817,4.8123192787e-01,-4.8112046719e-01
1818,4.8120179772e-01,-4.8106202483e-01
1819,4.8127201200e-01,-4.8104113340e-01
1820,4.8135650158e-01,-4.8103058338e-01
1821,4.8140853643e-01,-4.8099955916e-01
1822,4.8135766387e-01,-4.8090669513e-01
1823,4.8125880957e-01,-4.8076274991e-01
1824,4.8116195202e-01,-4.8065358400e-01
1825,4.8116341233e-01,-4.8072707653e-01
1826,4.8126593232e-01,-4.8091715574e-01
1827,4.8141941428e-01,-4.8115488887e-01
1828,4.8150366545e-01,-4.8130917549e-01
1829,4.8144039512e-01,-4.8129600286e-01
1830,4.8129960895e-01,-4.8119768500e-01
1831,4.8116812110e-01,-4.8108023405e-01
1832,4.8113548756e-01,-4.8105123639e-01
1833,4.8114809394e-01,-4.8107215762e-01
1834,4.8115399480e-01,-4.8107990623e-01
1835,4.8110359907e-01,-4.8106151819e-01
1836,4.8100295663e-01,-4.8097303510e-01
1837,4.8092690110e-01,-4.8087629676e-01
1838,4.8089376092e-01,-4.8081868887e-01
1839,4.8095446825e-01,-4.8082092404e-01
1840,4.8103424907e-01,-4.8086008430e-01
1841,4.8109343648e-01,-4.8085141182e-01
1842,4.8111540079e-01,-4.8076352477e-01
1843,4.8105522990e-01,-4.8065063357e-01
1844,4.8097643256e-01,-4.8058438301e-01
1845,4.8097741604e-01,-4.8060712218e-01
1846,4.8110604286e-01,-4.8069649935e-01
1847,4.8123753071e-01,-4.8075419664e-01
1848,4.8127374053e-01,-4.8072060943e-01
1849,4.8119103909e-01,-4.8061645031e-01
1850,4.8105427623e-01,-4.8051154613e-01
1851,4.8099091649e-01,-4.8047649860e-01
1852,4.8105031252e-01,-4.8055377603e-01
1853,4.8113805056e-01,-4.8064565659e-01
1854,4.8119243979e-01,-4.8066258430e-01
1855,4.8113659024e-01,-4.8055458069e-01
1856,4.8101738095e-01,-4.8041790724e-01
1857,4.8092398047e-01,-4.8038291931e-01
1858,4.8095205426e-01,-4.8044419289e-01
1859,4.8103007674e-01,-4.8050600290e-01
1860,4.8102819920e-01,-4.8046341538e-01
1861,4.8092567921e-01,-4.8033285141e-01
1862,4.8079907894e-01,-4.8026517034e-01
1863,4.8074603081e-01,-4.8023164272e-01
1864,4.8079806566e-01,-4.8019838333e-01
1865,4.8093804717e-01,-4.8017686605e-01
1866,4.8103326559e-01,-4.8011988401e-01
1867,4.8106625676e-01,-4.8000410199e-01
1868,4.8107972741e-01,-4.7989779711e-01
1869,4.8112604022e-01,-4.7989457846e-01
1870,4.8118749261e-01,-4.8001599312e-01
1871,4.8126795888e-01,-4.8019954562e-01
1872,4.8128694296e-01,-4.8039942980e-01
1873,4.8120334744e-01,-4.8049110174e-01
1874,4.8109808564e-01,-4.8044082522e-01
1875,4.8097497225e-01,-4.8036819696e-01
1876,4.8091894388e-01,-4.8028531671e-01
1877,4.8099675775e-01,-4.8026266694e-01
1878,4.8106887937e-01,-4.8026955128e-01
1879,4.8108860850e-01,-4.8023161292e-01
1880,4.8102849722e-01,-4.8014321923e-01
1881,4.8089021444e-01,-4.8005908728e-01
1882,4.8078206182e-01,-4.8010018468e-01
1883,4.8076009750e-01,-4.8030346632e-01
1884,4.8081827164e-01,-4.8054778576e-01
1885,4.8089036345e-01,-4.8072046041e-01
1886,4.8084723949e-01,-4.8069280386e-01
1887,4.8069936037e-01,-4.8050007224e-01
1888,4.8052203655e-01,-4.8022663593e-01
1889,4.8046004772e-01,-4.8000749946e-01
1890,4.8053458333e-01,-4.7989833355e-01
1891,4.8068451881e-01,-4.7985681891e-01
1892,4.8085612059e-01,-4.7986543179e-01
1893,4.8096224666e-01,-4.7989863157e-01
1894,4.8097634315e-01,-4.7998365760e-01
1895,4.8097509146e-01,-4.8012945056e-01
1896,4.8096740246e-01,-4.8028743267e-01
1897,4.8094913363e-01,-4.8036909103e-01
1898,4.8081642389e-01,-4.8031184077e-01
1899,4.8065844178e-01,-4.8020607233e-01
1900,4.8053991795e-01,-4.8015585542e-01
1901,4.8053979874e-01,-4.8017847538e-01
1902,4.8060247302e-01,-4.8027780652e-01
1903,4.8067510128e-01,-4.8036658764e-01
1904,4.8069861531e-01,-4.8040840030e-01
1905,4.8063817620e-01,-4.8039543629e-01
1906,4.8053714633e-01,-4.8035764694e-01
1907,4.8043307662e-01,-4.8032051325e-01
1908,4.8040834069e-01,-4.8023682833e-01
1909,4.8040500283e-01,-4.8017621040e-01
1910,4.8043331504e-01,-4.8016494513e-01
1911,4.8047050834e-01,-4.8026946187e-01
1912,4.8048859835e-01,-4.8044484854e-01
1913,4.8044568300e-01,-4.8050364852e-01
1914,4.8037481308e-01,-4.8046398163e-01
1915,4.8020970821e-01,-4.8036265373e-01
1916,4.8009598255e-01,-4.8028132319e-01
1917,4.8005753756e-01,-4.8018580675e-01
1918,4.8017132282e-01,-4.8009607196e-01
1919,4.8034191132e-01,-4.7996106744e-01
1920,4.8041915894e-01,-4.7978895903e-01
1921,4.8045617342e-01,-4.7975680232e-01
1922,4.8047220707e-01,-4.7984805703e-01
1923,4.8053014278e-01,-4.8004639149e-01
1924,4.8056578636e-01,-4.8020741343e-01
1925,4.8055619001e-01,-4.8023882508e-01
1926,4.8044893146e-01,-4.8014339805e-01
1927,4.8027181625e-01,-4.8001825809e-01
1928,4.8014250398e-01,-4.7991785407e-01
1929,4.8017191887e-01,-4.7986799479e-01
1930,4.8029986024e-01,-4.7979000211e-01
1931,4.8040580750e-01,-4.7968015075e-01
1932,4.8044228554e-01,-4.7960007191e-01
1933,4.8039802909e-01,-4.7955554724e-01
1934,4.8041558266e-01,-4.7964763641e-01
1935,4.8045721650e-01,-4.7977468371e-01
1936,4.8048245907e-01,-4.7989526391e-01
1937,4.8040038347e-01,-4.7992184758e-01
1938,4.8027718067e-01,-4.7992300987e-01
1939,4.8016464710e-01,-4.7995197773e-01
1940,4.8010152578e-01,-4.7998601198e-01
1941,4.8017239571e-01,-4.8005601764e-01
1942,4.8021087050e-01,-4.8008453846e-01
1943,4.8020479083e-01,-4.8001980782e-01
1944,4.8018583655e-01,-4.7988560796e-01
1945,4.8013845086e-01,-4.7971531749e-01
1946,4.8015236855e-01,-4.7961881757e-01
1947,4.8017832637e-01,-4.7960400581e-01
1948,4.8027294874e-01,-4.7961556911e-01
1949,4.8035550117e-01,-4.7958889604e-01
1950,4.8038020730e-01,-4.7957509756e-01
1951,4.8032915592e-01,-4.7954356670e-01
1952,4.8028919101e-01,-4.7957700491e-01
1953,4.8030734062e-01,-4.7966152430e-01
1954,4.8037108779e-01,-4.7974693775e-01
1955,4.8038578033e-01,-4.7984135151e-01
1956,4.8031437397e-01,-4.7987642884e-01
1957,4.8021915555e-01,-4.7982436419e-01
1958,4.8012733459e-01,-4.7968554497e-01
1959,4.8008319736e-01,-4.7956404090e-01
1960,4.8007562757e-01,-4.7954246402e-01
1961,4.8009991646e-01,-4.7959619761e-01
1962,4.8014417291e-01,-4.7966793180e-01
1963,4.8014122248e-01,-4.7964674234e-01
1964,4.8006373644e-01,-4.7953569889e-01
1965,4.7992843390e-01,-4.7938358784e-01
1966,4.7984859347e-01,-4.7931092978e-01
1967,4.7986042500e-01,-4.7933742404e-01
1968,4.7998636961e-01,-4.7950857878e-01
1969,4.8010289669e-01,-4.7971796989e-01
1970,4.8014551401e-01,-4.7984272242e-01
1971,4.8006385565e-01,-4.7982901335e-01
1972,4.7984382510e-01,-4.7963899374e-01
1973,4.7962620854e-01,-4.7944712639e-01
1974,4.7953984141e-01,-4.7935232520e-01
1975,4.7965642810e-01,-4.7936499119e-01
1976,4.7984495759e-01,-4.7942149639e-01
1977,4.7996458411e-01,-4.7945997119e-01
1978,4.7997739911e-01,-4.7940391302e-01
1979,4.7988173366e-01,-4.7931864858e-01
1980,4.7976228595e-01,-4.7934079170e-01
1981,4.7971490026e-01,-4.7942325473e-01
1982,4.7975969315e-01,-4.7947472334e-01
1983,4.7984641790e-01,-4.7947016358e-01
1984,4.7990465164e-01,-4.7938397527e-01
1985,4.7989448905e-01,-4.7924745083e-01
1986,4.7983378172e-01,-4.7910371423e-01
1987,4.7985070944e-01,-4.7898086905e-01
1988,4.7993478179e-01,-4.7897541523e-01
1989,4.7999423742e-01,-4.7910550237e-01
1990,4.8002329469e-01,-4.7928950191e-01
1991,4.7995001078e-01,-4.7944799066e-01
1992,4.7984513640e-01,-4.7950914502e-01
1993,4.7972077131e-01,-4.7947645187e-01
1994,4.7960621119e-01,-4.7945389152e-01
1995,4.7950991988e-01,-4.7939428687e-01
1996,4.7949448228e-01,-4.7937339544e-01
1997,4.7950491309e-01,-4.7933894396e-01
1998,4.7949668765e-01,-4.7933676839e-01
1999,4.7950765491e-01,-4.7937014699e-01
2000,4.7951325774e-01,-4.7938254476e-01
2001,4.7950574756e-01,-4.7936701775e-01
2002,4.7945892811e-01,-4.7926765680e-01
2003,4.7944521904e-01,-4.7914621234e-01
2004,4.7942373157e-01,-4.7905063629e-01
2005,4.7946470976e-01,-4.7905445099e-01
2006,4.7959846258e-01,-4.7918772697e-01
2007,4.7967666388e-01,-4.7931343317e-01
2008,4.7967424989e-01,-4.7937595844e-01
2009,4.7954973578e-01,-4.7931587696e-01
2010,4.7939518094e-01,-4.7924423218e-01
2011,4.7931715846e-01,-4.7923594713e-01
2012,4.7931474447e-01,-4.7921404243e-01
2013,4.7938984632e-01,-4.7925600410e-01
2014,4.7940203547e-01,-4.7927883267e-01
2015,4.7937858105e-01,-4.7929313779e-01
2016,4.7933334112e-01,-4.7930309176e-01
2017,4.7925877571e-01,-4.7928217053e-01
2018,4.7925481200e-01,-4.7928404808e-01
2019,4.7926199436e-01,-4.7929859161e-01
2020,4.7926709056e-01,-4.7931110859e-01
2021,4.7923511267e-01,-4.7930830717e-01
2022,4.7920715809e-01,-4.7928863764e-01
2023,4.7920501232e-01,-4.7924059629e-01
2024,4.7921994328e-01,-4.7916492820e-01
2025,4.7923612595e-01,-4.7910398245e-01
2026,4.7923123837e-01,-4.7909358144e-01
2027,4.7927725315e-01,-4.7918084264e-01
2028,4.7931391001e-01,-4.7924506664e-01
2029,4.7932052612e-01,-4.7932103276e-01
2030,4.7923058271e-01,-4.7933134437e-01
2031,4.7912240028e-01,-4.7930076718e-01
2032,4.7904413939e-01,-4.7927409410e-01
2033,4.7902557254e-01,-4.7918805480e-01
2034,4.7909522057e-01,-4.7907274961e-01
2035,4.7913709283e-01,-4.7886306047e-01
2036,4.7921699286e-01,-4.7866556048e-01
2037,4.7925570607e-01,-4.7852662206e-01
2038,4.7932574153e-01,-4.7857064009e-01
2039,4.7945943475e-01,-4.7876212001e-01
2040,4.7958219051e-01,-4.7894197702e-01
2041,4.7964826226e-01,-4.7903066874e-01
2042,4.7953215241e-01,-4.7894793749e-01
2043,4.7935476899e-01,-4.7880768776e-01
2044,4.7922348976e-01,-4.7871026397e-01
2045,4.7923675179e-01,-4.7872093320e-01
2046,4.7937253118e-01,-4.7881829739e-01
2047,4.7944691777e-01,-4.7889345884e-01
2048,4.7944474220e-01,-4.7892236710e-01
2049,4.7934958339e-01,-4.7883325815e-01
2050,4.7926211357e-01,-4.7873175144e-01
2051,4.7921589017e-01,-4.7867882252e-01
2052,4.7926139832e-01,-4.7871723771e-01
2053,4.7936081886e-01,-4.7882047296e-01
2054,4.7937965393e-01,-4.7894415259e-01
2055,4.7931763530e-01,-4.7898069024e-01
2056,4.7916764021e-01,-4.7893223166e-01
2057,4.7902187705e-01,-4.7882786393e-01
2058,4.7894516587e-01,-4.7869542241e-01
2059,4.7894749045e-01,-4.7864824533e-01
2060,4.7896903753e-01,-4.7866690159e-01
2061,4.7906738520e-01,-4.7874179482e-01
2062,4.7912368178e-01,-4.7881793976e-01
2063,4.7911551595e-01,-4.7886806726e-01
2064,4.7903469205e-01,-4.7884038091e-01
2065,4.7896176577e-01,-4.7875696421e-01
2066,4.7892054915e-01,-4.7868195176e-01
2067,4.7891372442e-01,-4.7861129045e-01
2068,4.7896847129e-01,-4.7858029604e-01
2069,4.7902253270e-01,-4.7861260176e-01
2070,4.7907793522e-01,-4.7864574194e-01
2071,4.7906878591e-01,-4.7870415449e-01
2072,4.7897252440e-01,-4.7875243425e-01
2073,4.7889441252e-01,-4.7878313065e-01
2074,4.7883072495e-01,-4.7874754667e-01
2075,4.7880589962e-01,-4.7864702344e-01
2076,4.7883740067e-01,-4.7855401039e-01
2077,4.7889140248e-01,-4.7855246067e-01
2078,4.7898867726e-01,-4.7864559293e-01
2079,4.7908166051e-01,-4.7878351808e-01
2080,4.7911551595e-01,-4.7890731692e-01
2081,4.7904530168e-01,-4.7888517380e-01
2082,4.7885370255e-01,-4.7870689631e-01
2083,4.7863599658e-01,-4.7848093510e-01
2084,4.7852745652e-01,-4.7827616334e-01
2085,4.7863367200e-01,-4.7818535566e-01
2086,4.7886103392e-01,-4.7821375728e-01
2087,4.7908061743e-01,-4.7830232978e-01
2088,4.7921460867e-01,-4.7839826345e-01
2089,4.7918739915e-01,-4.7850939631e-01
2090,4.7905835509e-01,-4.7858059406e-01
2091,4.7888675332e-01,-4.7861719131e-01
2092,4.7869172692e-01,-4.7860354185e-01
2093,4.7856438160e-01,-4.7850373387e-01
2094,4.7849175334e-01,-4.7835916281e-01
2095,4.7849103808e-01,-4.7826263309e-01
2096,4.7860816121e-01,-4.7826042771e-01
2097,4.7878453135e-01,-4.7834423184e-01
2098,4.7891739011e-01,-4.7842964530e-01
2099,4.7898620367e-01,-4.7847658396e-01
2100,4.7893264890e-01,-4.7840800881e-01
2101,4.7877603769e-01,-4.7831100225e-01
2102,4.7861689329e-01,-4.7816911340e-01
2103,4.7854703665e-01,-4.7802555561e-01
2104,4.7856506705e-01,-4.7801765800e-01
2105,4.7866100073e-01,-4.7812852263e-01
2106,4.7874420881e-01,-4.7829195857e-01
2107,4.7878322005e-01,-4.7842186689e-01
2108,4.7874215245e-01,-4.7846806049e-01
2109,4.7859832644e-01,-4.7837182879e-01
2110,4.7842377424e-01,-4.7825741768e-01
2111,4.7833660245e-01,-4.7821733356e-01
2112,4.7838068008e-01,-4.7822147608e-01
2113,4.7851476073e-01,-4.7822126746e-01
2114,4.7858500481e-01,-4.7818037868e-01
2115,4.7857612371e-01,-4.7813132405e-01
2116,4.7853037715e-01,-4.7809857130e-01
2117,4.7851845622e-01,-4.7809985280e-01
2118,4.7856104374e-01,-4.7810721397e-01
2119,4.7856038809e-01,-4.7808995843e-01
2120,4.7850760818e-01,-4.7806262970e-01
2121,4.7844389081e-01,-4.7803848982e-01
2122,4.7842037678e-01,-4.7804230452e-01
2123,4.7845113277e-01,-4.7807508707e-01
2124,4.7850358486e-01,-4.7815075517e-01
2125,4.7854480147e-01,-4.7816544771e-01
2126,4.7853711247e-01,-4.7809132934e-01
2127,4.7848743200e-01,-4.7804203629e-01
2128,4.7846397758e-01,-4.7805404663e-01
2129,4.7852182388e-01,-4.7814536095e-01
2130,4.7861665487e-01,-4.7829985619e-01
2131,4.7865265608e-01,-4.7836929560e-01
2132,4.7855192423e-01,-4.7829315066e-01
2133,4.7837045789e-01,-4.7813051939e-01
2134,4.7817859054e-01,-4.7795483470e-01
2135,4.7807553411e-01,-4.7779101133e-01
2136,4.7806218266e-01,-4.7766271234e-01
2137,4.7814491391e-01,-4.7759822011e-01
2138,4.7831779718e-01,-4.7764110565e-01
2139,4.7846657038e-01,-4.7775307298e-01
2140,4.7861233354e-01,-4.7794190049e-01
2141,4.7867286205e-01,-4.7805878520e-01
2142,4.7864905000e-01,-4.7814458609e-01
2143,4.7854068875e-01,-4.7818917036e-01
2144,4.7842988372e-01,-4.7821027040e-01
2145,4.7837832570e-01,-4.7822687030e-01
2146,4.7836437821e-01,-4.7815617919e-01
2147,4.7836905718e-01,-4.7802677751e-01
2148,4.7834503651e-01,-4.7787341475e-01
2149,4.7831544280e-01,-4.7777515650e-01
2150,4.7837829590e-01,-4.7781640291e-01
2151,4.7846651077e-01,-4.7794920206e-01
2152,4.7854784131e-01,-4.7807464004e-01
2153,4.7853049636e-01,-4.7809490561e-01
2154,4.7842112184e-01,-4.7801190615e-01
2155,4.7830045223e-01,-4.7788572311e-01
2156,4.7823846340e-01,-4.7777083516e-01
2157,4.7827830911e-01,-4.7769778967e-01
2158,4.7835513949e-01,-4.7769153118e-01
2159,4.7837740183e-01,-4.7765630484e-01
2160,4.7833096981e-01,-4.7756373882e-01
2161,4.7822648287e-01,-4.7747337818e-01
2162,4.7812661529e-01,-4.7744160891e-01
2163,4.7817915678e-01,-4.7753050923e-01
2164,4.7830671072e-01,-4.7773233056e-01
2165,4.7845140100e-01,-4.7795632482e-01
2166,4.7852402925e-01,-4.7803425789e-01
2167,4.7846543789e-01,-4.7799104452e-01
2168,4.7830706835e-01,-4.7778043151e-01
2169,4.7820138931e-01,-4.7756618261e-01
2170,4.7823220491e-01,-4.7747254372e-01
2171,4.7835284472e-01,-4.7749319673e-01
2172,4.7848904133e-01,-4.7755208611e-01
2173,4.7849106789e-01,-4.7761857510e-01
2174,4.7837740183e-01,-4.7768041492e-01
2175,4.7821164131e-01,-4.7767010331e-01
2176,4.7806128860e-01,-4.7760090232e-01
2177,4.7793999314e-01,-4.7747525573e-01
2178,4.7790515423e-01,-4.7740048170e-01
2179,4.7798022628e-01,-4.7743445635e-01
2180,4.7812652588e-01,-4.7751900554e-01
2181,4.7827261686e-01,-4.7757405043e-01
2182,4.7827965021e-01,-4.7752925754e-01
2183,4.7817853093e-01,-4.7748848796e-01
2184,4.7804847360e-01,-4.7744861245e-01
2185,4.7799351811e-01,-4.7744169831e-01
2186,4.7800844908e-01,-4.7745570540e-01
2187,4.7808405757e-01,-4.7749885917e-01
2188,4.7815406322e-01,-4.7751843929e-01
2189,4.7817510366e-01,-4.7751390934e-01
2190,4.7821390629e-01,-4.7751075029e-01
2191,4.7823214531e-01,-4.7750169039e-01
2192,4.7824919224e-01,-4.7751066089e-01
2193,4.7823926806e-01,-4.7755607963e-01
2194,4.7821033001e-01,-4.7759661078e-01
2195,4.7819542885e-01,-4.7764289379e-01
2196,4.7813850641e-01,-4.7764244676e-01
2197,4.7805821896e-01,-4.7754263878e-01
2198,4.7796070576e-01,-4.7732651234e-01
2199,4.7790071368e-01,-4.7709578276e-01
2200,4.7797194123e-01,-4.7696191072e-01
2201,4.7813236713e-01,-4.7695815563e-01
2202,4.7832190990e-01,-4.7698551416e-01
2203,4.7843337059e-01,-4.7704654932e-01
2204,4.7841811180e-01,-4.7712326050e-01
2205,4.7830724716e-01,-4.7725442052e-01
2206,4.7819757462e-01,-4.7739011049e-01
2207,4.7811812162e-01,-4.7746518254e-01
2208,4.7807204723e-01,-4.7746467590e-01
2209,4.7799625993e-01,-4.7741824389e-01
2210,4.7789791226e-01,-4.7736954689e-01
2211,4.7783619165e-01,-4.7728630900e-01
2212,4.7784593701e-01,-4.7724756598e-01
2213,4.7785836458e-01,-4.7720202804e-01
2214,4.7783872485e-01,-4.7714602947e-01
2215,4.7778999805e-01,-4.7707214952e-01
2216,4.7780025005e-01,-4.7705581784e-01
2217,4.7787284851e-01,-4.7708392143e-01
2218,4.7801548243e-01,-4.7718885541e-01
2219,4.7814956307e-01,-4.7725409269e-01
2220,4.7818756104e-01,-4.7727081180e-01
2221,4.7815001011e-01,-4.7722855210e-01
2222,4.7804144025e-01,-4.7714409232e-01
2223,4.7792354226e-01,-4.7705146670e-01
2224,4.7783464193e-01,-4.7699472308e-01
2225,4.7780272365e-01,-4.7696921229e-01
2226,4.7780445218e-01,-4.7693938017e-01
2227,4.7780144215e-01,-4.7684341669e-01
2228,4.7777828574e-01,-4.7671976686e-01
2229,4.7778511047e-01,-4.7668197751e-01
2230,4.7781044245e-01,-4.7675746679e-01
2231,4.7791594267e-01,-4.7694754601e-01
2232,4.7809174657e-01,-4.7713568807e-01
2233,4.7819000483e-01,-4.7728011012e-01
2234,4.7812327743e-01,-4.7731217742e-01
2235,4.7794312239e-01,-4.7722226381e-01
2236,4.7777441144e-01,-4.7710478306e-01
2237,4.7768759727e-01,-4.7699236870e-01
2238,4.7768864036e-01,-4.7689995170e-01
2239,4.7769674659e-01,-4.7687393427e-01
2240,4.7770395875e-01,-4.7692540288e-01
2241,4.7771620750e-01,-4.7697362304e-01
2242,4.7771671414e-01,-4.7697803378e-01
2243,4.7770261765e-01,-4.7687789798e-01
2244,4.7766336799e-01,-4.7675508261e-01
2245,4.7767919302e-01,-4.7673380375e-01
2246,4.7776001692e-01,-4.7682562470e-01
2247,4.7789242864e-01,-4.7706171870e-01
2248,4.7795817256e-01,-4.7724723816e-01
2249,4.7792413831e-01,-4.7733131051e-01
2250,4.7771012783e-01,-4.7726738453e-01
2251,4.7745439410e-01,-4.7711494565e-01
2252,4.7734826803e-01,-4.7701409459e-01
2253,4.7738367319e-01,-4.7703522444e-01
2254,4.7755435109e-01,-4.7718212008e-01
2255,4.7768431902e-01,-4.7725057602e-01
2256,4.7768634558e-01,-4.7714269161e-01
2257,4.7750636935e-01,-4.7687244415e-01
2258,4.7730049491e-01,-4.7661364079e-01
2259,4.7719636559e-01,-4.7649076581e-01
2260,4.7725310922e-01,-4.7659993172e-01
2261,4.7747638822e-01,-4.7686731815e-01
2262,4.7769933939e-01,-4.7711163759e-01
2263,4.7778785229e-01,-4.7722372413e-01
2264,4.7767990828e-01,-4.7711193562e-01
2265,4.7749200463e-01,-4.7693726420e-01
2266,4.7730487585e-01,-4.7673439980e-01
2267,4.7727078199e-01,-4.7658392787e-01
2268,4.7735863924e-01,-4.7646602988e-01
2269,4.7746822238e-01,-4.7637116909e-01
2270,4.7755253315e-01,-4.7635504603e-01
2271,4.7761106491e-01,-4.7638788819e-01
2272,4.7769433260e-01,-4.7646990418e-01
2273,4.7770154476e-01,-4.7655043006e-01
2274,4.7767183185e-01,-4.7661730647e-01
2275,4.7762209177e-01,-4.7666686773e-01
2276,4.7752609849e-01,-4.7668099403e-01
2277,4.7745335102e-01,-4.7664350271e-01
2278,4.7736701369e-01,-4.7658964992e-01
2279,4.7730121017e-01,-4.7656756639e-01
2280,4.7729742527e-01,-4.7656837106e-01
2281,4.7736203671e-01,-4.7659680247e-01
2282,4.7744309902e-01,-4.7658789158e-01
2283,4.7749012709e-01,-4.7648206353e-01
2284,4.7748845816e-01,-4.7631508112e-01
2285,4.7744479775e-01,-4.7611421347e-01
2286,4.7746798396e-01,-4.7598281503e-01
2287,4.7756239772e-01,-4.7593274713e-01
2288,4.7770380974e-01,-4.7599792480e-01
2289,4.7783762217e-01,-4.7614979744e-01
2290,4.7788053751e-01,-4.7629666328e-01
2291,4.7787046432e-01,-4.7641333938e-01
2292,4.7774732113e-01,-4.7644522786e-01
2293,4.7760143876e-01,-4.7644796968e-01
2294,4.7748756409e-01,-4.7639915347e-01
2295,4.7738832235e-01,-4.7634023428e-01
2296,4.7736546397e-01,-4.7632846236e-01
2297,4.7739455104e-01,-4.7632896900e-01
2298,4.7744417191e-01,-4.7638881207e-01
2299,4.7748240829e-01,-4.7644934058e-01
2300,4.7746345401e-01,-4.7640234232e-01
2301,4.7735765576e-01,-4.7623595595e-01
2302,4.7719991207e-01,-4.7603169084e-01
2303,4.7712752223e-01,-4.7586417198e-01
2304,4.7720417380e-01,-4.7584271431e-01
2305,4.7735044360e-01,-4.7592586279e-01
2306,4.7752082348e-01,-4.7605186701e-01
2307,4.7760412097e-01,-4.7618326545e-01
2308,4.7751614451e-01,-4.7630438209e-01
2309,4.7738221288e-01,-4.7636893392e-01
2310,4.7724848986e-01,-4.7639134526e-01
2311,4.7710889578e-01,-4.7632864118e-01
2312,4.7697708011e-01,-4.7616627812e-01
2313,4.7688707709e-01,-4.7595718503e-01
2314,4.7686389089e-01,-4.7578847408e-01
2315,4.7698464990e-01,-4.7575637698e-01
2316,4.7720021009e-01,-4.7585183382e-01
2317,4.7742900252e-01,-4.7602009773e-01
2318,4.7756561637e-01,-4.7615766525e-01
2319,4.7753047943e-01,-4.7621473670e-01
2320,4.7736942768e-01,-4.7619473934e-01
2321,4.7721716762e-01,-4.7608694434e-01
2322,4.7714003921e-01,-4.7601425648e-01
2323,4.7711852193e-01,-4.7599610686e-01
2324,4.7717207670e-01,-4.7600787878e-01
2325,4.7722619772e-01,-4.7598272562e-01
2326,4.7726002336e-01,-4.7595992684e-01
2327,4.7726628184e-01,-4.7598516941e-01
2328,4.7722399235e-01,-4.7600638866e-01
2329,4.7718435526e-01,-4.7604694963e-01
2330,4.7710600495e-01,-4.7604411840e-01
2331,4.7702270746e-01,-4.7604003549e-01
2332,4.7696003318e-01,-4.7602161765e-01
2333,4.7695279121e-01,-4.7608205676e-01
2334,4.7699567676e-01,-4.7615149617e-01
2335,4.7703143954e-01,-4.7621458769e-01
2336,4.7707390785e-01,-4.7630143166e-01
2337,4.7705826163e-01,-4.7632688284e-01
2338,4.7702193260e-01,-4.7631537914e-01
2339,4.7696244717e-01,-4.7622245550e-01
2340,4.7690322995e-01,-4.7607758641e-01
2341,4.7688260674e-01,-4.7596085072e-01
2342,4.7688958049e-01,-4.7591155767e-01
2343,4.7693726420e-01,-4.7591251135e-01
2344,4.7694271803e-01,-4.7593536973e-01
2345,4.7692126036e-01,-4.7596466541e-01
2346,4.7686126828e-01,-4.7599855065e-01
2347,4.7687923908e-01,-4.7606694698e-01
2348,4.7693130374e-01,-4.7616747022e-01
2349,4.7701454163e-01,-4.7628822923e-01
2350,4.7705715895e-01,-4.7628629208e-01
2351,4.7701379657e-01,-4.7613781691e-01
2352,4.7689831257e-01,-4.7591108084e-01
2353,4.7682419419e-01,-4.7567835450e-01
2354,4.7681590915e-01,-4.7552600503e-01
2355,4.7686737776e-01,-4.7548213601e-01
2356,4.7698405385e-01,-4.7559812665e-01
2357,4.7708746791e-01,-4.7577682137e-01
2358,4.7714728117e-01,-4.7594830394e-01
2359,4.7713208199e-01,-4.7605264187e-01
2360,4.7705277801e-01,-4.7607520223e-01
2361,4.7695264220e-01,-4.7604492307e-01
2362,4.7682684660e-01,-4.7595643997e-01
2363,4.7672846913e-01,-4.7583734989e-01
2364,4.7667729855e-01,-4.7563797235e-01
2365,4.7667574883e-01,-4.7546753287e-01
2366,4.7669586539e-01,-4.7540038824e-01
2367,4.7674363852e-01,-4.7545868158e-01
2368,4.7678762674e-01,-4.7561392188e-01
2369,4.7682619095e-01,-4.7574645281e-01
2370,4.7686442733e-01,-4.7584813833e-01
2371,4.7681728005e-01,-4.7586834431e-01
2372,4.7673565149e-01,-4.7579744458e-01
2373,4.7663226724e-01,-4.7571131587e-01
2374,4.7653812170e-01,-4.7565037012e-01
2375,4.7649320960e-01,-4.7564691305e-01
2376,4.7647556663e-01,-4.7566887736e-01
2377,4.7648555040e-01,-4.7563180327e-01
2378,4.7647851706e-01,-4.7553476691e-01
2379,4.7641751170e-01,-4.7541129589e-01
2380,4.7636869550e-01,-4.7533273697e-01
2381,4.7638481855e-01,-4.7533351183e-01
2382,4.7645670176e-01,-4.7541064024e-01
2383,4.7649595141e-01,-4.7554790974e-01
2384,4.7649937868e-01,-4.7567227483e-01
2385,4.7643551230e-01,-4.7572341561e-01
2386,4.7633114457e-01,-4.7566688061e-01
2387,4.7621425986e-01,-4.7550794482e-01
2388,4.7617110610e-01,-4.7532266378e-01
2389,4.7622463107e-01,-4.7519427538e-01
2390,4.7635367513e-01,-4.7514384985e-01
2391,4.7650903463e-01,-4.7519931197e-01
2392,4.7661489248e-01,-4.7530943155e-01
2393,4.7659298778e-01,-4.7539710999e-01
2394,4.7654199600e-01,-4.7547656298e-01
2395,4.7642886639e-01,-4.7545483708e-01
2396,4.7632601857e-01,-4.7544667125e-01
2397,4.7628533840e-01,-4.7542417049e-01
2398,4.7631976008e-01,-4.7543457150e-01
2399,4.7633677721e-01,-4.7542402148e-01
2400,4.7628772259e-01,-4.7528824210e-01
2401,4.7619888186e-01,-4.7508955002e-01
2402,4.7610104084e-01,-4.7487130761e-01
2403,4.7607064247e-01,-4.7475484014e-01
2404,4.7613799572e-01,-4.7482028604e-01
2405,4.7627136111e-01,-4.7500324249e-01
2406,4.7640925646e-01,-4.7518357635e-01
2407,4.7648504376e-01,-4.7531387210e-01
2408,4.7644010186e-01,-4.7532156110e-01
2409,4.7635442019e-01,-4.7527691722e-01
2410,4.7625431418e-01,-4.7516629100e-01
2411,4.7619405389e-01,-4.7510549426e-01
2412,4.7619754076e-01,-4.7509965301e-01
2413,4.7622194886e-01,-4.7508728504e-01
2414,4.7624278069e-01,-4.7507500648e-01
2415,4.7621029615e-01,-4.7500818968e-01
2416,4.7619575262e-01,-4.7497284412e-01
2417,4.7618895769e-01,-4.7499498725e-01
2418,4.7622880340e-01,-4.7506287694e-01
2419,4.7632622719e-01,-4.7509410977e-01
2420,4.7633314133e-01,-4.7503471375e-01
2421,4.7626429796e-01,-4.7487542033e-01
2422,4.7613325715e-01,-4.7475066781e-01
2423,4.7601214051e-01,-4.7474497557e-01
2424,4.7602140903e-01,-4.7485411167e-01
2425,4.7608688474e-01,-4.7498595715e-01
2426,4.7616019845e-01,-4.7507238388e-01
2427,4.7612631321e-01,-4.7502976656e-01
2428,4.7600182891e-01,-4.7488555312e-01
2429,4.7587895393e-01,-4.7472721338e-01
2430,4.7579526901e-01,-4.7460672259e-01
2431,4.7583660483e-01,-4.7460147738e-01
2432,4.7596260905e-01,-4.7471690178e-01
2433,4.7608628869e-01,-4.7491529584e-01
2434,4.7616726160e-01,-4.7505116463e-01
2435,4.7612103820e-01,-4.7506818175e-01
2436,4.7605454922e-01,-4.7506779432e-01
2437,4.7595095634e-01,-4.7502064705e-01
2438,4.7591468692e-01,-4.7502118349e-01
2439,4.7593304515e-01,-4.7508573532e-01
2440,4.7597053647e-01,-4.7515636683e-01
2441,4.7595804930e-01,-4.7518566251e-01
2442,4.7580683231e-01,-4.7510409355e-01
2443,4.7564858198e-01,-4.7496381402e-01
2444,4.7553750873e-01,-4.7483640909e-01
2445,4.7553184628e-01,-4.7483149171e-01
2446,4.7564196587e-01,-4.7487848997e-01
2447,4.7578313947e-01,-4.7491413355e-01
2448,4.7584933043e-01,-4.7491040826e-01
2449,4.7585147619e-01,-4.7489029169e-01
2450,4.7582846880e-01,-4.7489672899e-01
2451,4.7581496835e-01,-4.7487610579e-01
2452,4.7582489252e-01,-4.7484356165e-01
2453,4.7578364611e-01,-4.7479894757e-01
2454,4.7569513321e-01,-4.7475799918e-01
2455,4.7566813231e-01,-4.7474443913e-01
2456,4.7569850087e-01,-4.7479376197e-01
2457,4.7575798631e-01,-4.7489148378e-01
2458,4.7580093145e-01,-4.7495681047e-01
2459,4.7576344013e-01,-4.7494038939e-01
2460,4.7564950585e-01,-4.7482621670e-01
2461,4.7555342317e-01,-4.7469252348e-01
2462,4.7549828887e-01,-4.7463446856e-01
2463,4.7553852201e-01,-4.7463902831e-01
2464,4.7566762567e-01,-4.7472047806e-01
2465,4.7580063343e-01,-4.7481632233e-01
2466,4.7585189342e-01,-4.7486791015e-01
2467,4.7580823302e-01,-4.7483235598e-01
2468,4.7567266226e-01,-4.7477135062e-01
2469,4.7554275393e-01,-4.7472494841e-01
2470,4.7545352578e-01,-4.7469744086e-01
2471,4.7546088696e-01,-4.7465333343e-01
2472,4.7546300292e-01,-4.7456333041e-01
2473,4.7542777658e-01,-4.7447171807e-01
2474,4.7537341714e-01,-4.7439000010e-01
2475,4.7535252571e-01,-4.7428131104e-01
2476,4.7538679838e-01,-4.7418513894e-01
2477,4.7544658184e-01,-4.7412845492e-01
2478,4.7552886605e-01,-4.7418162227e-01
2479,4.7564107180e-01,-4.7429749370e-01
2480,4.7574025393e-01,-4.7440770268e-01
2481,4.7574761510e-01,-4.7445303202e-01
2482,4.7567078471e-01,-4.7445568442e-01
2483,4.7555837035e-01,-4.7445768118e-01
2484,4.7547394037e-01,-4.7444456816e-01
2485,4.7543510795e-01,-4.7444567084e-01
2486,4.7537979484e-01,-4.7446572781e-01
2487,4.7535011172e-01,-4.7448217869e-01
2488,4.7538268566e-01,-4.7449713945e-01
2489,4.7539117932e-01,-4.7448635101e-01
2490,4.7539719939e-01,-4.7438758612e-01
2491,4.7536697984e-01,-4.7429668903e-01
2492,4.7534251213e-01,-4.7416031361e-01
2493,4.7539198399e-01,-4.7406452894e-01
2494,4.7545444965e-01,-4.7399419546e-01
2495,4.7550344467e-01,-4.7399264574e-01
2496,4.7551208735e-01,-4.7402974963e-01
2497,4.7546115518e-01,-4.7415024042e-01
2498,4.7544702888e-01,-4.7431480885e-01
2499,4.7543346882e-01,-4.7447538376e-01
2500,4.7538179159e-01,-4.7452020645e-01
2501,4.7527348995e-01,-4.7441676259e-01
2502,4.7514054179e-01,-4.7428086400e-01
2503,4.7499233484e-01,-4.7414302826e-01
2504,4.7495791316e-01,-4.7412118316e-01
2505,4.7499424219e-01,-4.7413605452e-01
2506,4.7505575418e-01,-4.7415077686e-01
2507,4.7507828474e-01,-4.7418731451e-01
2508,4.7502133250e-01,-4.7425538301e-01
2509,4.7500354052e-01,-4.7431698442e-01
2510,4.7500592470e-01,-4.7429057956e-01
2511,4.7505661845e-01,-4.7417825460e-01
2512,4.7506850958e-01,-4.7404742241e-01
2513,4.7507676482e-01,-4.7396689653e-01
2514,4.7512465715e-01,-4.7398319840e-01
2515,4.7521504760e-01,-4.7405344248e-01
2516,4.7529676557e-01,-4.7415050864e-01
2517,4.7526872158e-01,-4.7414442897e-01
2518,4.7510206699e-01,-4.7400835156e-01
2519,4.7490072250e-01,-4.7387063503e-01
2520,4.7479730844e-01,-4.7381305695e-01
2521,4.7487092018e-01,-4.7387880087e-01
2522,4.7505509853e-01,-4.7405701876e-01
2523,4.7523885965e-01,-4.7414657474e-01
2524,4.7526511550e-01,-4.7411870956e-01
2525,4.7514241934e-01,-4.7397121787e-01
2526,4.7497209907e-01,-4.7378808260e-01
2527,4.7487765551e-01,-4.7365605831e-01
2528,4.7490620613e-01,-4.7362571955e-01
2529,4.7502508759e-01,-4.7367084026e-01
2530,4.7515243292e-01,-4.7368243337e-01
2531,4.7523999214e-01,-4.7367215157e-01
2532,4.7526422143e-01,-4.7372359037e-01
2533,4.7523894906e-01,-4.7374290228e-01
2534,4.7520864010e-01,-4.7368830442e-01
2535,4.7509780526e-01,-4.7354784608e-01
2536,4.7495052218e-01,-4.7336018085e-01
2537,4.7484549880e-01,-4.7329491377e-01
2538,4.7485744953e-01,-4.7340068221e-01
2539,4.7498956323e-01,-4.7358474135e-01
2540,4.7512158751e-01,-4.7382700443e-01
2541,4.7515723109e-01,-4.7395610809e-01
2542,4.7507423162e-01,-4.7391355038e-01
2543,4.7488367558e-01,-4.7377699614e-01
2544,4.7473514080e-01,-4.7366461158e-01
2545,4.7469839454e-01,-4.7365131974e-01
2546,4.7472983599e-01,-4.7363555431e-01
2547,4.7477406263e-01,-4.7362634540e-01
2548,4.7474578023e-01,-4.7360214591e-01
2549,4.7468343377e-01,-4.7360482812e-01
2550,4.7461795807e-01,-4.7354948521e-01
2551,4.7454789281e-01,-4.7340670228e-01
2552,4.7453451157e-01,-4.7326827049e-01
2553,4.7449445724e-01,-4.7320115566e-01
2554,4.7452324629e-01,-4.7324609756e-01
2555,4.7460025549e-01,-4.7336298227e-01
2556,4.7464337945e-01,-4.7346004844e-01
2557,4.7467726469e-01,-4.7351521254e-01
2558,4.7460898757e-01,-4.7349888086e-01
2559,4.7451803088e-01,-4.7345706820e-01
2560,4.7445923090e-01,-4.7337323427e-01
2561,4.7444683313e-01,-4.7330889106e-01
2562,4.7448781133e-01,-4.7332382202e-01
2563,4.7452762723e-01,-4.7341868281e-01
2564,4.7455495596e-01,-4.7352847457e-01
2565,4.7455757856e-01,-4.7361448407e-01
2566,4.7450155020e-01,-4.7359943390e-01
2567,4.7440138459e-01,-4.7351032495e-01
2568,4.7431179881e-01,-4.7336846590e-01
2569,4.7431212664e-01,-4.7325712442e-01
2570,4.7439122200e-01,-4.7316974401e-01
2571,4.7446802258e-01,-4.7305908799e-01
2572,4.7452580929e-01,-4.7293874621e-01
2573,4.7449296713e-01,-4.7279784083e-01
2574,4.7446331382e-01,-4.7278735042e-01
2575,4.7448390722e-01,-4.7289091349e-01
2576,4.7455987334e-01,-4.7305300832e-01
2577,4.7462949157e-01,-4.7320953012e-01
2578,4.7459587455e-01,-4.7324791551e-01
2579,4.7444251180e-01,-4.7317790985e-01
2580,4.7424778342e-01,-4.7306922078e-01
2581,4.7414442897e-01,-4.7299268842e-01
2582,4.7418466210e-01,-4.7303953767e-01
2583,4.7432705760e-01,-4.7319209576e-01
2584,4.7449687123e-01,-4.7332742810e-01
2585,4.7454401851e-01,-4.7336953878e-01
2586,4.7446334362e-01,-4.7333610058e-01
2587,4.7435256839e-01,-4.7327071428e-01
2588,4.7427952290e-01,-4.7315126657e-01
2589,4.7428920865e-01,-4.7303897142e-01
2590,4.7433817387e-01,-4.7296947241e-01
2591,4.7438532114e-01,-4.7296628356e-01
2592,4.7441416979e-01,-4.7298181057e-01
2593,4.7444212437e-01,-4.7301650047e-01
2594,4.7445651889e-01,-4.7299399972e-01
2595,4.7443899512e-01,-4.7298461199e-01
2596,4.7440260649e-01,-4.7299045324e-01
2597,4.7438994050e-01,-4.7304496169e-01
2598,4.7442030907e-01,-4.7310337424e-01
2599,4.7441464663e-01,-4.7310766578e-01
2600,4.7438302636e-01,-4.7313433886e-01
2601,4.7426879406e-01,-4.7319397330e-01
2602,4.7415667772e-01,-4.7324669361e-01
2603,4.7403770685e-01,-4.7321435809e-01
2604,4.7389498353e-01,-4.7306066751e-01
2605,4.7380536795e-01,-4.7283357382e-01
2606,4.7379708290e-01,-4.7265407443e-01
2607,4.7389853001e-01,-4.7263517976e-01
2608,4.7409963608e-01,-4.7279420495e-01
2609,4.7428911924e-01,-4.7300320864e-01
2610,4.7438767552e-01,-4.7312453389e-01
2611,4.7431725264e-01,-4.7310173512e-01
2612,4.7412294149e-01,-4.7297292948e-01
2613,4.7392487526e-01,-4.7285836935e-01
2614,4.7382864356e-01,-4.7273814678e-01
2615,4.7386544943e-01,-4.7269326448e-01
2616,4.7393241525e-01,-4.7272181511e-01
2617,4.7397708893e-01,-4.7276273370e-01
2618,4.7396618128e-01,-4.7280153632e-01
2619,4.7388425469e-01,-4.7277566791e-01
2620,4.7378012538e-01,-4.7275850177e-01
2621,4.7371128201e-01,-4.7273281217e-01
2622,4.7370216250e-01,-4.7273677588e-01
2623,4.7378489375e-01,-4.7281301022e-01
2624,4.7381669283e-01,-4.7285747528e-01
2625,4.7380301356e-01,-4.7286510468e-01
2626,4.7369587421e-01,-4.7272533178e-01
2627,4.7360396385e-01,-4.7258105874e-01
2628,4.7354474664e-01,-4.7247776389e-01
2629,4.7354471684e-01,-4.7244077921e-01
2630,4.7368034720e-01,-4.7246468067e-01
2631,4.7381547093e-01,-4.7247266769e-01
2632,4.7392037511e-01,-4.7253814340e-01
2633,4.7393497825e-01,-4.7266381979e-01
2634,4.7388470173e-01,-4.7282865644e-01
2635,4.7385993600e-01,-4.7302734852e-01
2636,4.7379583120e-01,-4.7314918041e-01
2637,4.7364747524e-01,-4.7315666080e-01
2638,4.7343125939e-01,-4.7295820713e-01
2639,4.7324323654e-01,-4.7265350819e-01
2640,4.7316759825e-01,-4.7237831354e-01
2641,4.7324430943e-01,-4.7220686078e-01
2642,4.7348585725e-01,-4.7221937776e-01
2643,4.7375285625e-01,-4.7231680155e-01
2644,4.7396591306e-01,-4.7244602442e-01
2645,4.7398117185e-01,-4.7250205278e-01
2646,4.7386762500e-01,-4.7245928645e-01
2647,4.7370865941e-01,-4.7236993909e-01
2648,4.7357094288e-01,-4.7232219577e-01
2649,4.7355681658e-01,-4.7236344218e-01
2650,4.7358933091e-01,-4.7248372436e-01
2651,4.7366309166e-01,-4.7259539366e-01
2652,4.7366994619e-01,-4.7264912724e-01
2653,4.7357693315e-01,-4.7258844972e-01
2654,4.7347143292e-01,-4.7245788574e-01
2655,4.7339811921e-01,-4.7233650088e-01
2656,4.7339454293e-01,-4.7229644656e-01
2657,4.7345665097e-01,-4.7237175703e-01
2658,4.7350072861e-01,-4.7250121832e-01
2659,4.7350788116e-01,-4.7255340219e-01
2660,4.7344377637e-01,-4.7242423892e-01
2661,4.7328644991e-01,-4.7218993306e-01
2662,4.7313806415e-01,-4.7194963694e-01
2663,4.7307458520e-01,-4.7179919481e-01
2664,4.7313961387e-01,-4.7176167369e-01
2665,4.7331139445e-01,-4.7183579206e-01
2666,4.7350567579e-01,-4.7199392319e-01
2667,4.7360730171e-01,-4.7214895487e-01
2668,4.7361397743e-01,-4.7226420045e-01
2669,4.7344118357e-01,-4.7229328752e-01
2670,4.7321259975e-01,-4.7225320339e-01
2671,4.7301450372e-01,-4.7217550874e-01
2672,4.7292742133e-01,-4.7210687399e-01
2673,4.7294473648e-01,-4.7202888131e-01
2674,4.7298893332e-01,-4.7194162011e-01
2675,4.7302868962e-01,-4.7188282013e-01
2676,4.7310039401e-01,-4.7185596824e-01
2677,4.7319528461e-01,-4.7190746665e-01
2678,4.7333189845e-01,-4.7201815248e-01
2679,4.7340708971e-01,-4.7207704186e-01
2680,4.7337946296e-01,-4.7212570906e-01
2681,4.7325578332e-01,-4.7214254737e-01
2682,4.7312036157e-01,-4.7213852406e-01
2683,4.7302421927e-01,-4.7210693359e-01
2684,4.7297433019e-01,-4.7203809023e-01
2685,4.7297343612e-01,-4.7200080752e-01
2686,4.7298917174e-01,-4.7199371457e-01
2687,4.7304689884e-01,-4.7199791670e-01
2688,4.7309193015e-01,-4.7200483084e-01
2689,4.7308880091e-01,-4.7201192379e-01
2690,4.7305881977e-01,-4.7207829356e-01
2691,4.7301253676e-01,-4.7213163972e-01
2692,4.7298237681e-01,-4.7214144468e-01
2693,4.7296634316e-01,-4.7209805250e-01
2694,4.7296741605e-01,-4.7204187512e-01
2695,4.7296854854e-01,-4.7200948000e-01
2696,4.7297459841e-01,-4.7199392319e-01
2697,4.7300648689e-01,-4.7204822302e-01
2698,4.7297179699e-01,-4.7211265564e-01
2699,4.7295713425e-01,-4.7220838070e-01
2700,4.7290316224e-01,-4.7228822112e-01
2701,4.7280848026e-01,-4.7233438492e-01
2702,4.7270610929e-01,-4.7229063511e-01
2703,4.7262042761e-01,-4.7219136357e-01
2704,4.7256866097e-01,-4.7205352783e-01
2705,4.7257417440e-01,-4.7185790539e-01
2706,4.7262915969e-01,-4.7171360254e-01
2707,4.7264558077e-01,-4.7163575888e-01
2708,4.7270104289e-01,-4.7166311741e-01
2709,4.7279483080e-01,-4.7176393867e-01
2710,4.7287169099e-01,-4.7185921669e-01
2711,4.7290271521e-01,-4.7186648846e-01
2712,4.7282969952e-01,-4.7181510925e-01
2713,4.7274705768e-01,-4.7173285484e-01
2714,4.7269356251e-01,-4.7164407372e-01
2715,4.7269672155e-01,-4.7158589959e-01
2716,4.7272545099e-01,-4.7159716487e-01
2717,4.7277745605e-01,-4.7169864178e-01
2718,4.7281646729e-01,-4.7184461355e-01
2719,4.7284600139e-01,-4.7200110555e-01
2720,4.7279024124e-01,-4.7208991647e-01
2721,4.7267317772e-01,-4.7204494476e-01
2722,4.7256889939e-01,-4.7196277976e-01
2723,4.7246652842e-01,-4.7184363008e-01
2724,4.7241035104e-01,-4.7176361084e-01
2725,4.7241380811e-01,-4.7170719504e-01
2726,4.7245678306e-01,-4.7165441513e-01
2727,4.7247216105e-01,-4.7157970071e-01
2728,4.7243535519e-01,-4.7143602371e-01
2729,4.7243434191e-01,-4.7129368782e-01
2730,4.7244113684e-01,-4.7116494179e-01
2731,4.7251239419e-01,-4.7117143869e-01
2732,4.7265020013e-01,-4.7130829096e-01
2733,4.7276470065e-01,-4.7151598334e-01
2734,4.7283896804e-01,-4.7169238329e-01
2735,4.7276383638e-01,-4.7172454000e-01
2736,4.7260397673e-01,-4.7166109085e-01
2737,4.7237825394e-01,-4.7146624327e-01
2738,4.7222408652e-01,-4.7126364708e-01
2739,4.7216486931e-01,-4.7112643719e-01
2740,4.7218522429e-01,-4.7109803557e-01
2741,4.7230780125e-01,-4.7120022774e-01
2742,4.7243669629e-01,-4.7142776847e-01
2743,4.7253403068e-01,-4.7167792916e-01
2744,4.7255471349e-01,-4.7181519866e-01
2745,4.7248500586e-01,-4.7173953056e-01
2746,4.7234994173e-01,-4.7149974108e-01
2747,4.7226214409e-01,-4.7115078568e-01
2748,4.7229376435e-01,-4.7085472941e-01
2749,4.7243404388e-01,-4.7074994445e-01
2750,4.7261902690e-01,-4.7084066272e-01
2751,4.7278362513e-01,-4.7099503875e-01
2752,4.7285082936e-01,-4.7115430236e-01
2753,4.7276926041e-01,-4.7126427293e-01
2754,4.7265541553e-01,-4.7136813402e-01
2755,4.7252231836e-01,-4.7147548199e-01
2756,4.7240489721e-01,-4.7144308686e-01
2757,4.7235015035e-01,-4.7133192420e-01
2758,4.7220429778e-01,-4.7116440535e-01
2759,4.7207674384e-01,-4.7101840377e-01
2760,4.7206038237e-01,-4.7090142965e-01
2761,4.7204679251e-01,-4.7082319856e-01
2762,4.7210475802e-01,-4.7081285715e-01
2763,4.7217589617e-01,-4.7092121840e-01
2764,4.7226616740e-01,-4.7108247876e-01
2765,4.7236466408e-01,-4.7130829096e-01
2766,4.7238671780e-01,-4.7145393491e-01
2767,4.7233769298e-01,-4.7151982784e-01
2768,4.7218629718e-01,-4.7146123648e-01
2769,4.7197681665e-01,-4.7125077248e-01
2770,4.7184270620e-01,-4.7103345394e-01
2771,4.7178596258e-01,-4.7080510855e-01
2772,4.7187575698e-01,-4.7067034245e-01
2773,4.7205048800e-01,-4.7064515948e-01
2774,4.7225248814e-01,-4.7077071667e-01
2775,4.7241911292e-01,-4.7091954947e-01
2776,4.7242707014e-01,-4.7103336453e-01
2777,4.7229170799e-01,-4.7107735276e-01
2778,4.7207352519e-01,-4.7102636099e-01
2779,4.7192120552e-01,-4.7100061178e-01
2780,4.7178101540e-01,-4.7095787525e-01
2781,4.7178739309e-01,-4.7097378969e-01
2782,4.7185552120e-01,-4.7101846337e-01
2783,4.7193855047e-01,-4.7103321552e-01
2784,4.7204613686e-01,-4.7100016475e-01
2785,4.7204878926e-01,-4.7091248631e-01
2786,4.7202742100e-01,-4.7091224790e-01
2787,4.7199490666e-01,-4.7095817327e-01
2788,4.7195556760e-01,-4.7106042504e-01
2789,4.7188541293e-01,-4.7109872103e-01
2790,4.7179937363e-01,-4.7104543447e-01
2791,4.7169646621e-01,-4.7097960114e-01
2792,4.7163835168e-01,-4.7090792656e-01
2793,4.7172015905e-01,-4.7090864182e-01
2794,4.7184705734e-01,-4.7095686197e-01
2795,4.7196954489e-01,-4.7097566724e-01
2796,4.7199431062e-01,-4.7091272473e-01
2797,4.7190526128e-01,-4.7080969810e-01
2798,4.7180095315e-01,-4.7076958418e-01
2799,4.7175112367e-01,-4.7079607844e-01
2800,4.7180998325e-01,-4.7093197703e-01
2801,4.7187998891e-01,-4.7103932500e-01
2802,4.7186958790e-01,-4.7105741501e-01
2803,4.7177883983e-01,-4.7094702721e-01
2804,4.7161343694e-01,-4.7072678804e-01
2805,4.7151562572e-01,-4.7052231431e-01
2806,4.7150146961e-01,-4.7039574385e-01
2807,4.7155711055e-01,-4.7038275003e-01
2808,4.7167381644e-01,-4.7039973736e-01
2809,4.7179421782e-01,-4.7044587135e-01
2810,4.7186675668e-01,-4.7048461437e-01
2811,4.7187215090e-01,-4.7053605318e-01
2812,4.7183081508e-01,-4.7059124708e-01
2813,4.7175544500e-01,-4.7066318989e-01
2814,4.7169849277e-01,-4.7072660923e-01
2815,4.7158479691e-01,-4.7073006630e-01
2816,4.7147935629e-01,-4.7070753574e-01
2817,4.7142669559e-01,-4.7065091133e-01
2818,4.7147652507e-01,-4.7062334418e-01
2819,4.7158512473e-01,-4.7059816122e-01
2820,4.7166097164e-01,-4.7053477168e-01
2821,4.7171613574e-01,-4.7047331929e-01
2822,4.7171661258e-01,-4.7040244937e-01
2823,4.7172892094e-01,-4.7037929296e-01
2824,4.7172626853e-01,-4.7041183710e-01
2825,4.7172892094e-01,-4.7053781152e-01
2826,4.7171905637e-01,-4.7071388364e-01
2827,4.7168782353e-01,-4.7087135911e-01
2828,4.7156676650e-01,-4.7093957663e-01
2829,4.7141104937e-01,-4.7086748481e-01
2830,4.7128850222e-01,-4.7071555257e-01
2831,4.7121077776e-01,-4.7053301334e-01
2832,4.7121617198e-01,-4.7035613656e-01
2833,4.7130659223e-01,-4.7030517459e-01
2834,4.7145822644e-01,-4.7035706043e-01
2835,4.7158327699e-01,-4.7050312161e-01
2836,4.7160330415e-01,-4.7070562840e-01
2837,4.7153532505e-01,-4.7087481618e-01
2838,4.7137212753e-01,-4.7090658545e-01
2839,4.7116503119e-01,-4.7085577250e-01
2840,4.7097966075e-01,-4.7073620558e-01
2841,4.7087603807e-01,-4.7064906359e-01
2842,4.7095477581e-01,-4.7062855959e-01
2843,4.7112077475e-01,-4.7058823705e-01
2844,4.7128218412e-01,-4.7057572007e-01
2845,4.7130951285e-01,-4.7050914168e-01
2846,4.7124689817e-01,-4.7046220303e-01
2847,4.7120115161e-01,-4.7048485279e-01
2848,4.7113120556e-01,-4.7056064010e-01
2849,4.7112122178e-01,-4.7065067291e-01
2850,4.7111231089e-01,-4.7064918280e-01
2851,4.7103068233e-01,-4.7052633762e-01
2852,4.7091299295e-01,-4.7038850188e-01
2853,4.7081977129e-01,-4.7031548619e-01
2854,4.7084128857e-01,-4.7040775418e-01
2855,4.7096285224e-01,-4.7053730488e-01
2856,4.7104650736e-01,-4.7062286735e-01
2857,4.7104412317e-01,-4.7062870860e-01
2858,4.7092005610e-01,-4.7051194310e-01
2859,4.7077602148e-01,-4.7040468454e-01
2860,4.7071999311e-01,-4.7037953138e-01
2861,4.7078618407e-01,-4.7044113278e-01
2862,4.7088971734e-01,-4.7048532963e-01
2863,4.7088566422e-01,-4.7051647305e-01
2864,4.7075244784e-01,-4.7041305900e-01
2865,4.7053700686e-01,-4.7024273872e-01
2866,4.7042226791e-01,-4.7010159492e-01
2867,4.7040978074e-01,-4.7005361319e-01
2868,4.7054255009e-01,-4.7015410662e-01
2869,4.7072443366e-01,-4.7031882405e-01
2870,4.7088733315e-01,-4.7045505047e-01
2871,4.7087785602e-01,-4.7044923902e-01
2872,4.7070500255e-01,-4.7036328912e-01
2873,4.7047060728e-01,-4.7022882104e-01
2874,4.7032979131e-01,-4.7014573216e-01
2875,4.7038280964e-01,-4.7022071481e-01
2876,4.7048276663e-01,-4.7029551864e-01
2877,4.7059857845e-01,-4.7037205100e-01
2878,4.7059199214e-01,-4.7038596869e-01
2879,4.7050723433e-01,-4.7037518024e-01
2880,4.7040745616e-01,-4.7030445933e-01
2881,4.7032094002e-01,-4.7019216418e-01
2882,4.7032001615e-01,-4.7010985017e-01
2883,4.7036209702e-01,-4.7006917000e-01
2884,4.7046765685e-01,-4.7009336948e-01
2885,4.7061780095e-01,-4.7020933032e-01
2886,4.7079706192e-01,-4.7034817934e-01
2887,4.7085949779e-01,-4.7043746710e-01
2888,4.7077172995e-01,-4.7040882707e-01
2889,4.7057348490e-01,-4.7029224038e-01
2890,4.7037917376e-01,-4.7017470002e-01
2891,4.7028246522e-01,-4.7016113997e-01
2892,4.7029829025e-01,-4.7020569444e-01
2893,4.7034782171e-01,-4.7028139234e-01
2894,4.7035771608e-01,-4.7025474906e-01
2895,4.7031968832e-01,-4.7010439634e-01
2896,4.7027224302e-01,-4.6987551451e-01
2897,4.7023007274e-01,-4.6965667605e-01
2898,4.7031044960e-01,-4.6965214610e-01
2899,4.7047674656e-01,-4.6980318427e-01
2900,4.7067248821e-01,-4.7003203630e-01
2901,4.7075438499e-01,-4.7022375464e-01
2902,4.7062671185e-01,-4.7018530965e-01
2903,4.7036492825e-01,-4.7000357509e-01
2904,4.7007876635e-01,-4.6974703670e-01
2905,4.6996104717e-01,-4.6956661344e-01
2906,4.7002881765e-01,-4.6951958537e-01
2907,4.7021803260e-01,-4.6961465478e-01
2908,4.7044444084e-01,-4.6975925565e-01
2909,4.7054961324e-01,-4.6985033154e-01
2910,4.7048994899e-01,-4.6985569596e-01
2911,4.7031086683e-01,-4.6978744864e-01
2912,4.7016945481e-01,-4.6969458461e-01
2913,4.7012293339e-01,-4.6962112188e-01
2914,4.7018039227e-01,-4.6960952878e-01
2915,4.7029832006e-01,-4.6963071823e-01
2916,4.7040459514e-01,-4.6962663531e-01
2917,4.7043222189e-01,-4.6951693296e-01
2918,4.7037553787e-01,-4.6941676736e-01
2919,4.7031283379e-01,-4.6941122413e-01
2920,4.7030571103e-01,-4.6955820918e-01
2921,4.7037479281e-01,-4.6979776025e-01
2922,4.7037974000e-01,-4.6995550394e-01
2923,4.7032889724e-01,-4.7002112865e-01
2924,4.7013598680e-01,-4.6996483207e-01
2925,4.6995064616e-01,-4.6989125013e-01
2926,4.6986514330e-01,-4.6988141537e-01
2927,4.6987256408e-01,-4.6987435222e-01
2928,4.6993046999e-01,-4.6984982491e-01
2929,4.6993190050e-01,-4.6974679828e-01
2930,4.6990558505e-01,-4.6964842081e-01
2931,4.6987223625e-01,-4.6950376034e-01
2932,4.6989256144e-01,-4.6941444278e-01
2933,4.6996521950e-01,-4.6937957406e-01
2934,4.7004690766e-01,-4.6940496564e-01
2935,4.7016894817e-01,-4.6953177452e-01
2936,4.7022384405e-01,-4.6965849400e-01
2937,4.7023814917e-01,-4.6976897120e-01
2938,4.7014996409e-01,-4.6983486414e-01
2939,4.7002208233e-01,-4.6989223361e-01
2940,4.6991997957e-01,-4.6988794208e-01
2941,4.6988907456e-01,-4.6981418133e-01
2942,4.6990814805e-01,-4.6968245506e-01
2943,4.6991723776e-01,-4.6956592798e-01
2944,4.6996733546e-01,-4.6949371696e-01
2945,4.7002184391e-01,-4.6949300170e-01
2946,4.7010445595e-01,-4.6957486868e-01
2947,4.7017744184e-01,-4.6971386671e-01
2948,4.7018235922e-01,-4.6987414360e-01
2949,4.7010114789e-01,-4.6993002295e-01
2950,4.6992960572e-01,-4.6986228228e-01
2951,4.6974131465e-01,-4.6975061297e-01
2952,4.6954843402e-01,-4.6962541342e-01
2953,4.6945410967e-01,-4.6950361133e-01
2954,4.6943545341e-01,-4.6942260861e-01
2955,4.6941310167e-01,-4.6935394406e-01
2956,4.6939015388e-01,-4.6928536892e-01
2957,4.6942016482e-01,-4.6925053000e-01
2958,4.6950426698e-01,-4.6927237511e-01
2959,4.6963539720e-01,-4.6933367848e-01
2960,4.6979504824e-01,-4.6947848797e-01
2961,4.6988779306e-01,-4.6962404251e-01
2962,4.6990573406e-01,-4.6964761615e-01
2963,4.6985083818e-01,-4.6954804659e-01
2964,4.6965551376e-01,-4.6931275725e-01
2965,4.6950733662e-01,-4.6915277839e-01
2966,4.6948072314e-01,-4.6913599968e-01
2967,4.6956720948e-01,-4.6925294399e-01
2968,4.6971911192e-01,-4.6938827634e-01
2969,4.6980014443e-01,-4.6947798133e-01
2970,4.6978774667e-01,-4.6951758862e-01
2971,4.6970432997e-01,-4.6947658062e-01
2972,4.6968230605e-01,-4.6943044662e-01
2973,4.6969002485e-01,-4.6940276027e-01
2974,4.6972355247e-01,-4.6938583255e-01
2975,4.6975573897e-01,-4.6931612492e-01
2976,4.6975243092e-01,-4.6921560168e-01
2977,4.6976774931e-01,-4.6914178133e-01
2978,4.6976995468e-01,-4.6912699938e-01
2979,4.6974739432e-01,-4.6910125017e-01
2980,4.6966400743e-01,-4.6906265616e-01
2981,4.6952244639e-01,-4.6902334690e-01
2982,4.6940252185e-01,-4.6904271841e-01
2983,4.6941027045e-01,-4.6911728382e-01
2984,4.6953886747e-01,-4.6918478608e-01
2985,4.6965858340e-01,-4.6924936771e-01
2986,4.6969124675e-01,-4.6928888559e-01
2987,4.6966192126e-01,-4.6928426623e-01
2988,4.6964108944e-01,-4.6930021048e-01
2989,4.6961942315e-01,-4.6930944920e-01
2990,4.6955683827e-01,-4.6930387616e-01
2991,4.6944236755e-01,-4.6925094724e-01
2992,4.6936532855e-01,-4.6922099590e-01
2993,4.6935573220e-01,-4.6924880147e-01
2994,4.6942445636e-01,-4.6928948164e-01
2995,4.6951594949e-01,-4.6928215027e-01
2996,4.6959134936e-01,-4.6920132637e-01
2997,4.6956282854e-01,-4.6908190846e-01
2998,4.6943750978e-01,-4.6898114681e-01
2999,4.6939754486e-01,-4.6894362569e-01
3000,4.6943378448e-01,-4.6894198656e-01
3001,4.6948859096e-01,-4.6894851327e-01
3002,4.6951383352e-01,-4.6900901198e-01
3003,4.6951860189e-01,-4.6912574768e-01
3004,4.6953588724e-01,-4.6930167079e-01
3005,4.6952891350e-01,-4.6944457293e-01
3006,4.6945363283e-01,-4.6947351098e-01
3007,4.6926096082e-01,-4.6937298775e-01
3008,4.6901559830e-01,-4.6923920512e-01
3009,4.6885693073e-01,-4.6915844083e-01
3010,4.6883872151e-01,-4.6921744943e-01
3011,4.6896108985e-01,-4.6930092573e-01
3012,4.6910130978e-01,-4.6933022141e-01
3013,4.6914312243e-01,-4.6923172474e-01
3014,4.6905183792e-01,-4.6908557415e-01
3015,4.6895676851e-01,-4.6895220876e-01
3016,4.6897238493e-01,-4.6890270710e-01
3017,4.6908909082e-01,-4.6896043420e-01
3018,4.6921095252e-01,-4.6900033951e-01
3019,4.6926501393e-01,-4.6903112531e-01
3020,4.6917909384e-01,-4.6901494265e-01
3021,4.6901458502e-01,-4.6898183227e-01
3022,4.6891018748e-01,-4.6894925833e-01
3023,4.6884533763e-01,-4.6886286139e-01
3024,4.6887806058e-01,-4.6879374981e-01
3025,4.6894949675e-01,-4.6874648333e-01
3026,4.6907803416e-01,-4.6874758601e-01
3027,4.6922793984e-01,-4.6877080202e-01
3028,4.6931892633e-01,-4.6879458427e-01
3029,4.6931260824e-01,-4.6877175570e-01
3030,4.6920785308e-01,-4.6871265769e-01
3031,4.6907457709e-01,-4.6866711974e-01
3032,4.6893677115e-01,-4.6866717935e-01
3033,4.6886315942e-01,-4.6873682737e-01
3034,4.6888589859e-01,-4.6889716387e-01
3035,4.6898153424e-01,-4.6911773086e-01
3036,4.6903854609e-01,-4.6921536326e-01
3037,4.6895503998e-01,-4.6913474798e-01
3038,4.6875163913e-01,-4.6892455220e-01
3039,4.6855381131e-01,-4.6868705750e-01
3040,4.6846252680e-01,-4.6852701902e-01
3041,4.6852019429e-01,-4.6854618192e-01
3042,4.6865272522e-01,-4.6865525842e-01
3043,4.6877232194e-01,-4.6874412894e-01
3044,4.6878606081e-01,-4.6872696280e-01
3045,4.6865934134e-01,-4.6857321262e-01
3046,4.6851500869e-01,-4.6843490005e-01
3047,4.6844786406e-01,-4.6837544441e-01
3048,4.6851739287e-01,-4.6849560738e-01
3049,4.6867495775e-01,-4.6869218349e-01
3050,4.6882385015e-01,-4.6883121133e-01
3051,4.6888941526e-01,-4.6888223290e-01
3052,4.6880683303e-01,-4.6881139278e-01
3053,4.6867755055e-01,-4.6870130301e-01
3054,4.6853640676e-01,-4.6860089898e-01
3055,4.6842160821e-01,-4.6854412556e-01
3056,4.6836599708e-01,-4.6852251887e-01
3057,4.6832758188e-01,-4.6848839521e-01
3058,4.6831980348e-01,-4.6848547459e-01
3059,4.6832403541e-01,-4.6848240495e-01
3060,4.6836653352e-01,-4.6846255660e-01
3061,4.6841895580e-01,-4.6846103668e-01
3062,4.6850863099e-01,-4.6849802136e-01
3063,4.6858948469e-01,-4.6861147881e-01
3064,4.6858492494e-01,-4.6872514486e-01
3065,4.6854913235e-01,-4.6873891354e-01
3066,4.6839827299e-01,-4.6858051419e-01
3067,4.6820023656e-01,-4.6838086843e-01
3068,4.6804890037e-01,-4.6821898222e-01
3069,4.6806427836e-01,-4.6816238761e-01
3070,4.6826052666e-01,-4.6816334128e-01
3071,4.6846267581e-01,-4.6812140942e-01
3072,4.6854987741e-01,-4.6808484197e-01
3073,4.6848741174e-01,-4.6806877851e-01
3074,4.6840766072e-01,-4.6812891960e-01
3075,4.6841272712e-01,-4.6826988459e-01
3076,4.6841967106e-01,-4.6835514903e-01
3077,4.6846485138e-01,-4.6843856573e-01
3078,4.6845400333e-01,-4.6845626831e-01
3079,4.6837449074e-01,-4.6845987439e-01
3080,4.6833527088e-01,-4.6854260564e-01
3081,4.6832999587e-01,-4.6860858798e-01
3082,4.6834704280e-01,-4.6861612797e-01
3083,4.6828293800e-01,-4.6853560209e-01
3084,4.6815845370e-01,-4.6838501096e-01
3085,4.6806275845e-01,-4.6826440096e-01
3086,4.6806415915e-01,-4.6825703979e-01
3087,4.6816664934e-01,-4.6831268072e-01
3088,4.6826106310e-01,-4.6836537123e-01
3089,4.6829521656e-01,-4.6838992834e-01
3090,4.6828237176e-01,-4.6840840578e-01
3091,4.6820080280e-01,-4.6838122606e-01
3092,4.6813282371e-01,-4.6835774183e-01
3093,4.6812692285e-01,-4.6832817793e-01
3094,4.6814492345e-01,-4.6829491854e-01
3095,4.6817213297e-01,-4.6824446321e-01
3096,4.6815511584e-01,-4.6817415953e-01
3097,4.6813452244e-01,-4.6810871363e-01
3098,4.6810236573e-01,-4.6806627512e-01
3099,4.6807956696e-01,-4.6807080507e-01
3100,4.6805575490e-01,-4.6808746457e-01
3101,4.6802428365e-01,-4.6810731292e-01
3102,4.6799415350e-01,-4.6817368269e-01
3103,4.6798193455e-01,-4.6823024750e-01
3104,4.6798387170e-01,-4.6826204658e-01
3105,4.6797305346e-01,-4.6827876568e-01
3106,4.6793100238e-01,-4.6828353405e-01
3107,4.6787953377e-01,-4.6831530333e-01
3108,4.6782273054e-01,-4.6836197376e-01
3109,4.6781381965e-01,-4.6843218803e-01
3110,4.6780177951e-01,-4.6840015054e-01
3111,4.6774509549e-01,-4.6825423837e-01
3112,4.6767365932e-01,-4.6800929308e-01
3113,4.6759289503e-01,-4.6778675914e-01
3114,4.6762922406e-01,-4.6772494912e-01
3115,4.6781188250e-01,-4.6791157126e-01
3116,4.6803870797e-01,-4.6818298101e-01
3117,4.6815916896e-01,-4.6837753057e-01
3118,4.6806257963e-01,-4.6837672591e-01
3119,4.6778476238e-01,-4.6823599935e-01
3120,4.6751883626e-01,-4.6810707450e-01
3121,4.6744093299e-01,-4.6807706356e-01
3122,4.6751025319e-01,-4.6817860007e-01
3123,4.6761718392e-01,-4.6829840541e-01
3124,4.6767413616e-01,-4.6837335825e-01
3125,4.6763083339e-01,-4.6839857101e-01
3126,4.6752348542e-01,-4.6837627888e-01
3127,4.6743062139e-01,-4.6831801534e-01
3128,4.6738526225e-01,-4.6823620796e-01
3129,4.6738922596e-01,-4.6813735366e-01
3130,4.6741357446e-01,-4.6805167198e-01
3131,4.6744078398e-01,-4.6795856953e-01
3132,4.6751028299e-01,-4.6786326170e-01
3133,4.6759021282e-01,-4.6779111028e-01
3134,4.6766412258e-01,-4.6779993176e-01
3135,4.6771761775e-01,-4.6784031391e-01
3136,4.6778139472e-01,-4.6789595485e-01
3137,4.6784621477e-01,-4.6792194247e-01
3138,4.6789532900e-01,-4.6794399619e-01
3139,4.6790608764e-01,-4.6793887019e-01
3140,4.6784627438e-01,-4.6787229180e-01
3141,4.6777346730e-01,-4.6779176593e-01
3142,4.6766588092e-01,-4.6775582433e-01
3143,4.6761092544e-01,-4.6781262755e-01
3144,4.6759054065e-01,-4.6795400977e-01
3145,4.6757262945e-01,-4.6810767055e-01
3146,4.6755534410e-01,-4.6820706129e-01
3147,4.6751621366e-01,-4.6818098426e-01
3148,4.6747168899e-01,-4.6808356047e-01
3149,4.6743246913e-01,-4.6793153882e-01
3150,4.6744823456e-01,-4.6778374910e-01
3151,4.6752452850e-01,-4.6772307158e-01
3152,4.6762698889e-01,-4.6771392226e-01
3153,4.6773374081e-01,-4.6775594354e-01
3154,4.6775582433e-01,-4.6783679724e-01
3155,4.6771690249e-01,-4.6799775958e-01
3156,4.6756669879e-01,-4.6813464165e-01
3157,4.6738842130e-01,-4.6815395355e-01
3158,4.6719291806e-01,-4.6802780032e-01
3159,4.6696501970e-01,-4.6780937910e-01
3160,4.6685215831e-01,-4.6765372157e-01
3161,4.6684080362e-01,-4.6753180027e-01
3162,4.6697321534e-01,-4.6746987104e-01
3163,4.6717971563e-01,-4.6750801802e-01
3164,4.6734139323e-01,-4.6759143472e-01
3165,4.6746799350e-01,-4.6778309345e-01
3166,4.6748623252e-01,-4.6801269054e-01
3167,4.6739092469e-01,-4.6807289124e-01
3168,4.6723943949e-01,-4.6798196435e-01
3169,4.6700382233e-01,-4.6774312854e-01
3170,4.6684458852e-01,-4.6748962998e-01
3171,4.6685445309e-01,-4.6740448475e-01
3172,4.6697121859e-01,-4.6748691797e-01
3173,4.6717911959e-01,-4.6765106916e-01
3174,4.6733495593e-01,-4.6777293086e-01
3175,4.6736454964e-01,-4.6783515811e-01
3176,4.6726873517e-01,-4.6784549952e-01
3177,4.6709644794e-01,-4.6776437759e-01
3178,4.6701270342e-01,-4.6771225333e-01
3179,4.6702870727e-01,-4.6772775054e-01
3180,4.6713730693e-01,-4.6777412295e-01
3181,4.6728006005e-01,-4.6788260341e-01
3182,4.6731799841e-01,-4.6795722842e-01
3183,4.6725419164e-01,-4.6798083186e-01
3184,4.6715244651e-01,-4.6794351935e-01
3185,4.6702122688e-01,-4.6784210205e-01
3186,4.6694314480e-01,-4.6778246760e-01
3187,4.6690994501e-01,-4.6782842278e-01
3188,4.6691018343e-01,-4.6794277430e-01
3189,4.6688604355e-01,-4.6797490120e-01
3190,4.6684575081e-01,-4.6785956621e-01
3191,4.6678906679e-01,-4.6766230464e-01
3192,4.6677899361e-01,-4.6748080850e-01
3193,4.6689361334e-01,-4.6738982201e-01
3194,4.6706819534e-01,-4.6737816930e-01
3195,4.6726685762e-01,-4.6735149622e-01
3196,4.6737536788e-01,-4.6721836925e-01
3197,4.6735090017e-01,-4.6703618765e-01
3198,4.6723908186e-01,-4.6690148115e-01
3199,4.6717932820e-01,-4.6690490842e-01
3200,4.6720349789e-01,-4.6705448627e-01
3201,4.6728730202e-01,-4.6721917391e-01
3202,4.6734267473e-01,-4.6737766266e-01
3203,4.6727558970e-01,-4.6743109822e-01
3204,4.6715852618e-01,-4.6742817760e-01
3205,4.6703174710e-01,-4.6736532450e-01
3206,4.6694001555e-01,-4.6726399660e-01
3207,4.6694764495e-01,-4.6719878912e-01
3208,4.6702229977e-01,-4.6716961265e-01
3209,4.6718555689e-01,-4.6720626950e-01
3210,4.6730104089e-01,-4.6721947193e-01
3211,4.6731957793e-01,-4.6720522642e-01
3212,4.6722298861e-01,-4.6715518832e-01
3213,4.6708399057e-01,-4.6707862616e-01
3214,4.6697136760e-01,-4.6698707342e-01
3215,4.6691536903e-01,-4.6693626046e-01
3216,4.6690610051e-01,-4.6692296863e-01
3217,4.6694326401e-01,-4.6701619029e-01
3218,4.6703377366e-01,-4.6715369821e-01
3219,4.6710321307e-01,-4.6731048822e-01
3220,4.6712493896e-01,-4.6743470430e-01
3221,4.6706715226e-01,-4.6743085980e-01
3222,4.6693828702e-01,-4.6740430593e-01
3223,4.6678188443e-01,-4.6729716659e-01
3224,4.6671661735e-01,-4.6714869142e-01
3225,4.6671548486e-01,-4.6704760194e-01
3226,4.6674776077e-01,-4.6701911092e-01
3227,4.6688279510e-01,-4.6710598469e-01
3228,4.6699064970e-01,-4.6727076173e-01
3229,4.6703350544e-01,-4.6743062139e-01
3230,4.6691998839e-01,-4.6747106314e-01
3231,4.6671414375e-01,-4.6737152338e-01
3232,4.6647888422e-01,-4.6718445420e-01
3233,4.6630752087e-01,-4.6698838472e-01
3234,4.6629458666e-01,-4.6685719490e-01
3235,4.6642780304e-01,-4.6686202288e-01
3236,4.6666646004e-01,-4.6695888042e-01
3237,4.6689006686e-01,-4.6711289883e-01
3238,4.6700954437e-01,-4.6723696589e-01
3239,4.6698766947e-01,-4.6727305651e-01
3240,4.6683472395e-01,-4.6720844507e-01
3241,4.6663957834e-01,-4.6714961529e-01
3242,4.6650245786e-01,-4.6710854769e-01
3243,4.6646079421e-01,-4.6706819534e-01
3244,4.6652716398e-01,-4.6701523662e-01
3245,4.6660605073e-01,-4.6692907810e-01
3246,4.6663433313e-01,-4.6682873368e-01
3247,4.6665459871e-01,-4.6676570177e-01
3248,4.6667212248e-01,-4.6674689651e-01
3249,4.6670776606e-01,-4.6675547957e-01
3250,4.6676662564e-01,-4.6682071686e-01
3251,4.6677273512e-01,-4.6691495180e-01
3252,4.6677398682e-01,-4.6701875329e-01
3253,4.6670255065e-01,-4.6707323194e-01
3254,4.6659547091e-01,-4.6701031923e-01
3255,4.6647849679e-01,-4.6684560180e-01
3256,4.6639162302e-01,-4.6665611863e-01
3257,4.6640029550e-01,-4.6653801203e-01
3258,4.6650147438e-01,-4.6657577157e-01
3259,4.6661162376e-01,-4.6675914526e-01
3260,4.6675488353e-01,-4.6703097224e-01
3261,4.6686884761e-01,-4.6734958887e-01
3262,4.6681925654e-01,-4.6757307649e-01
3263,4.6661877632e-01,-4.6762588620e-01
3264,4.6629911661e-01,-4.6748358011e-01
3265,4.6592134237e-01,-4.6721607447e-01
3266,4.6571847796e-01,-4.6689563990e-01
3267,4.6572056413e-01,-4.6661496162e-01
3268,4.6592998505e-01,-4.6645134687e-01
3269,4.6621555090e-01,-4.6638038754e-01
3270,4.6649882197e-01,-4.6647274494e-01
3271,4.6669265628e-01,-4.6657934785e-01
3272,4.6675032377e-01,-4.6664753556e-01
3273,4.6670436859e-01,-4.6668612957e-01
3274,4.6654543281e-01,-4.6670326591e-01
3275,4.6642974019e-01,-4.6673497558e-01
3276,4.6639561653e-01,-4.6686744690e-01
3277,4.6647119522e-01,-4.6703892946e-01
3278,4.6653848886e-01,-4.6716508269e-01
3279,4.6651762724e-01,-4.6717387438e-01
3280,4.6637904644e-01,-4.6709334850e-01
3281,4.6622020006e-01,-4.6696266532e-01
3282,4.6612390876e-01,-4.6689468622e-01
3283,4.6612375975e-01,-4.6690508723e-01
3284,4.6615532041e-01,-4.6697080135e-01
3285,4.6621644497e-01,-4.6699535847e-01
3286,4.6624287963e-01,-4.6693941951e-01
3287,4.6623125672e-01,-4.6686497331e-01
3288,4.6616888046e-01,-4.6677827835e-01
3289,4.6615132689e-01,-4.6675804257e-01
3290,4.6620604396e-01,-4.6674415469e-01
3291,4.6631279588e-01,-4.6672531962e-01
3292,4.6639835835e-01,-4.6674048901e-01
3293,4.6640723944e-01,-4.6673223376e-01
3294,4.6640825272e-01,-4.6672067046e-01
3295,4.6638041735e-01,-4.6671065688e-01
3296,4.6637579799e-01,-4.6670502424e-01
3297,4.6638429165e-01,-4.6672141552e-01
3298,4.6634203196e-01,-4.6678888798e-01
3299,4.6624714136e-01,-4.6684044600e-01
3300,4.6615627408e-01,-4.6686938405e-01
3301,4.6610519290e-01,-4.6692797542e-01
3302,4.6608114243e-01,-4.6694520116e-01
3303,4.6610265970e-01,-4.6692073345e-01
3304,4.6610063314e-01,-4.6679925919e-01
3305,4.6607008576e-01,-4.6663561463e-01
3306,4.6601933241e-01,-4.6653357148e-01
3307,4.6599835157e-01,-4.6657371521e-01
3308,4.6604707837e-01,-4.6669390798e-01
3309,4.6609330177e-01,-4.6678292751e-01
3310,4.6605601907e-01,-4.6678429842e-01
3311,4.6590462327e-01,-4.6667045355e-01
3312,4.6576604247e-01,-4.6650812030e-01
3313,4.6572479606e-01,-4.6643838286e-01
3314,4.6580341458e-01,-4.6644183993e-01
3315,4.6595123410e-01,-4.6650075912e-01
3316,4.6605369449e-01,-4.6658444405e-01
3317,4.6604853868e-01,-4.6659868956e-01
3318,4.6591880918e-01,-4.6651917696e-01
3319,4.6574592590e-01,-4.6640399098e-01
3320,4.6563014388e-01,-4.6624851227e-01
3321,4.6564394236e-01,-4.6621441841e-01
3322,4.6574026346e-01,-4.6620777249e-01
3323,4.6586307883e-01,-4.6622473001e-01
3324,4.6595853567e-01,-4.6627524495e-01
3325,4.6597963572e-01,-4.6633151174e-01
3326,4.6599122882e-01,-4.6640768647e-01
3327,4.6596151590e-01,-4.6646690369e-01
3328,4.6592059731e-01,-4.6651014686e-01
3329,4.6588578820e-01,-4.6660929918e-01
3330,4.6581634879e-01,-4.6669265628e-01
3331,4.6573558450e-01,-4.6672010422e-01
3332,4.6564200521e-01,-4.6667519212e-01
3333,4.6551346779e-01,-4.6655568480e-01
3334,4.6541896462e-01,-4.6645030379e-01
3335,4.6533551812e-01,-4.6630299091e-01
3336,4.6533378959e-01,-4.6613219380e-01
3337,4.6539753675e-01,-4.6601063013e-01
3338,4.6553063393e-01,-4.6594423056e-01
3339,4.6572738886e-01,-4.6599170566e-01
3340,4.6595394611e-01,-4.6613472700e-01
3341,4.6611323953e-01,-4.6626934409e-01
3342,4.6615013480e-01,-4.6629744768e-01
3343,4.6600669622e-01,-4.6621453762e-01
3344,4.6579438448e-01,-4.6606257558e-01
3345,4.6563941240e-01,-4.6594968438e-01
3346,4.6559333801e-01,-4.6592980623e-01
3347,4.6565362811e-01,-4.6600028872e-01
3348,4.6575608850e-01,-4.6609807014e-01
3349,4.6581548452e-01,-4.6616572142e-01
3350,4.6577951312e-01,-4.6615183353e-01
3351,4.6566495299e-01,-4.6607896686e-01
3352,4.6559572220e-01,-4.6599420905e-01
3353,4.6559959650e-01,-4.6594801545e-01
3354,4.6565139294e-01,-4.6593967080e-01
3355,4.6574458480e-01,-4.6597608924e-01
3356,4.6585088968e-01,-4.6605601907e-01
3357,4.6590536833e-01,-4.6609255672e-01
3358,4.6585819125e-01,-4.6604976058e-01
3359,4.6569740772e-01,-4.6596005559e-01
3360,4.6553066373e-01,-4.6586707234e-01
3361,4.6541494131e-01,-4.6586054564e-01
3362,4.6543535590e-01,-4.6597442031e-01
3363,4.6554812789e-01,-4.6612364054e-01
3364,4.6565270424e-01,-4.6621161699e-01
3365,4.6569481492e-01,-4.6616974473e-01
3366,4.6565437317e-01,-4.6602773666e-01
3367,4.6556243300e-01,-4.6588045359e-01
3368,4.6548730135e-01,-4.6577578783e-01
3369,4.6552339196e-01,-4.6576654911e-01
3370,4.6560269594e-01,-4.6582269669e-01
3371,4.6567872167e-01,-4.6593788266e-01
3372,4.6571248770e-01,-4.6603384614e-01
3373,4.6567994356e-01,-4.6606090665e-01
3374,4.6561670303e-01,-4.6604245901e-01
3375,4.6552053094e-01,-4.6599069238e-01
3376,4.6541190147e-01,-4.6595820785e-01
3377,4.6534249187e-01,-4.6587908268e-01
3378,4.6530607343e-01,-4.6577706933e-01
3379,4.6533572674e-01,-4.6572569013e-01
3380,4.6536996961e-01,-4.6569880843e-01
3381,4.6546351910e-01,-4.6573290229e-01
3382,4.6553951502e-01,-4.6577322483e-01
3383,4.6554714441e-01,-4.6582499146e-01
3384,4.6546596289e-01,-4.6580022573e-01
3385,4.6533372998e-01,-4.6573153138e-01
3386,4.6519529819e-01,-4.6565866470e-01
3387,4.6508151293e-01,-4.6567663550e-01
3388,4.6507343650e-01,-4.6576088667e-01
3389,4.6515661478e-01,-4.6582731605e-01
3390,4.6526721120e-01,-4.6585088968e-01
3391,4.6531626582e-01,-4.6579146385e-01
3392,4.6534898877e-01,-4.6574988961e-01
3393,4.6537595987e-01,-4.6567153931e-01
3394,4.6538585424e-01,-4.6554708481e-01
3395,4.6535503864e-01,-4.6540078521e-01
3396,4.6528795362e-01,-4.6531915665e-01
3397,4.6527299285e-01,-4.6536087990e-01
3398,4.6530500054e-01,-4.6542733908e-01
3399,4.6536320448e-01,-4.6549507976e-01
3400,4.6536046267e-01,-4.6554797888e-01
3401,4.6532955766e-01,-4.6554523706e-01
3402,4.6529909968e-01,-4.6549648046e-01
3403,4.6523633599e-01,-4.6538788080e-01
3404,4.6521207690e-01,-4.6530038118e-01
3405,4.6520194411e-01,-4.6527683735e-01
3406,4.6525159478e-01,-4.6538233757e-01
3407,4.6534138918e-01,-4.6558603644e-01
3408,4.6537244320e-01,-4.6578323841e-01
3409,4.6535256505e-01,-4.6593147516e-01
3410,4.6520346403e-01,-4.6595939994e-01
3411,4.6502187848e-01,-4.6588551998e-01
3412,4.6484097838e-01,-4.6576344967e-01
3413,4.6471923590e-01,-4.6563541889e-01
3414,4.6469986439e-01,-4.6554049850e-01
3415,4.6474438906e-01,-4.6545293927e-01
3416,4.6479231119e-01,-4.6534743905e-01
3417,4.6484059095e-01,-4.6519827843e-01
3418,4.6487113833e-01,-4.6502915025e-01
3419,4.6493530273e-01,-4.6494117379e-01
3420,4.6502870321e-01,-4.6498072147e-01
3421,4.6516120434e-01,-4.6514892578e-01
3422,4.6527922153e-01,-4.6534952521e-01
3423,4.6532803774e-01,-4.6543136239e-01
3424,4.6521139145e-01,-4.6536895633e-01
3425,4.6497392654e-01,-4.6524667740e-01
3426,4.6477451921e-01,-4.6515592933e-01
3427,4.6469655633e-01,-4.6514400840e-01
3428,4.6473017335e-01,-4.6517053246e-01
3429,4.6476319432e-01,-4.6516117454e-01
3430,4.6478655934e-01,-4.6520808339e-01
3431,4.6481186152e-01,-4.6525597572e-01
3432,4.6484920382e-01,-4.6527999640e-01
3433,4.6491122246e-01,-4.6527206898e-01
3434,4.6489930153e-01,-4.6515834332e-01
3435,4.6485564113e-01,-4.6503672004e-01
3436,4.6478775144e-01,-4.6497201920e-01
3437,4.6471226215e-01,-4.6495878696e-01
3438,4.6469706297e-01,-4.6503135562e-01
3439,4.6471652389e-01,-4.6511527896e-01
3440,4.6470308304e-01,-4.6516340971e-01
3441,4.6465635300e-01,-4.6517968178e-01
3442,4.6458646655e-01,-4.6517130733e-01
3443,4.6456125379e-01,-4.6517908573e-01
3444,4.6455639601e-01,-4.6517798305e-01
3445,4.6455684304e-01,-4.6508163214e-01
3446,4.6453568339e-01,-4.6493279934e-01
3447,4.6450465918e-01,-4.6483266354e-01
3448,4.6453481913e-01,-4.6482041478e-01
3449,4.6462926269e-01,-4.6492791176e-01
3450,4.6474605799e-01,-4.6508172154e-01
3451,4.6484267712e-01,-4.6519187093e-01
3452,4.6483397484e-01,-4.6524304152e-01
3453,4.6471256018e-01,-4.6520510316e-01
3454,4.6458435059e-01,-4.6519404650e-01
3455,4.6449717879e-01,-4.6519330144e-01
3456,4.6448096633e-01,-4.6518075466e-01
3457,4.6449130774e-01,-4.6514788270e-01
3458,4.6448603272e-01,-4.6509823203e-01
3459,4.6451029181e-01,-4.6510607004e-01
3460,4.6452954412e-01,-4.6521711349e-01
3461,4.6453493834e-01,-4.6537950635e-01
3462,4.6451342106e-01,-4.6549794078e-01
3463,4.6441701055e-01,-4.6550995111e-01
3464,4.6425879002e-01,-4.6538466215e-01
3465,4.6409583092e-01,-4.6521237493e-01
3466,4.6400386095e-01,-4.6506774426e-01
3467,4.6409544349e-01,-4.6500730515e-01
3468,4.6427357197e-01,-4.6504867077e-01
3469,4.6440953016e-01,-4.6506112814e-01
3470,4.6449202299e-01,-4.6507307887e-01
3471,4.6445727348e-01,-4.6502247453e-01
3472,4.6438559890e-01,-4.6503293514e-01
3473,4.6433797479e-01,-4.6509781480e-01
3474,4.6429908276e-01,-4.6515759826e-01
3475,4.6429485083e-01,-4.6521055698e-01
3476,4.6423110366e-01,-4.6517267823e-01
3477,4.6413722634e-01,-4.6506473422e-01
3478,4.6403065324e-01,-4.6491202712e-01
3479,4.6396753192e-01,-4.6475222707e-01
3480,4.6397915483e-01,-4.6459320188e-01
3481,4.6403524280e-01,-4.6445131302e-01
3482,4.6413651109e-01,-4.6436989307e-01
3483,4.6425566077e-01,-4.6436756849e-01
3484,4.6435558796e-01,-4.6445783973e-01
3485,4.6444934607e-01,-4.6463477612e-01
3486,4.6449139714e-01,-4.6481135488e-01
3487,4.6451449394e-01,-4.6493855119e-01
3488,4.6448126435e-01,-4.6498742700e-01
3489,4.6442553401e-01,-4.6495589614e-01
3490,4.6433770657e-01,-4.6491760015e-01
3491,4.6426275373e-01,-4.6490126848e-01
3492,4.6422436833e-01,-4.6491411328e-01
3493,4.6422514319e-01,-4.6491459012e-01
3494,4.6420887113e-01,-4.6488675475e-01
3495,4.6414557099e-01,-4.6481430531e-01
3496,4.6406728029e-01,-4.6475154161e-01
3497,4.6405044198e-01,-4.6476083994e-01
3498,4.6409305930e-01,-4.6477693319e-01
3499,4.6418389678e-01,-4.6469920874e-01
3500,4.6421083808e-01,-4.6456035972e-01
3501,4.6419239044e-01,-4.6444603801e-01
3502,4.6420076489e-01,-4.6446487308e-01
3503,4.6423316002e-01,-4.6457797289e-01
3504,4.6431773901e-01,-4.6470397711e-01
3505,4.6432122588e-01,-4.6473005414e-01
3506,4.6415477991e-01,-4.6467712522e-01
3507,4.6393090487e-01,-4.6455773711e-01
3508,4.6376994252e-01,-4.6441465616e-01
3509,4.6372744441e-01,-4.6429768205e-01
3510,4.6379148960e-01,-4.6426579356e-01
3511,4.6396011114e-01,-4.6437090635e-01
3512,4.6411037445e-01,-4.6454289556e-01
3513,4.6421828866e-01,-4.6471816301e-01
3514,4.6425744891e-01,-4.6483892202e-01
3515,4.6419441700e-01,-4.6482527256e-01
3516,4.6401196718e-01,-4.6470057964e-01
3517,4.6384400129e-01,-4.6450197697e-01
3518,4.6374973655e-01,-4.6430441737e-01
3519,4.6372503042e-01,-4.6409416199e-01
3520,4.6376520395e-01,-4.6401518583e-01
3521,4.6386304498e-01,-4.6408164501e-01
3522,4.6393218637e-01,-4.6425402164e-01
3523,4.6402412653e-01,-4.6448078752e-01
3524,4.6403142810e-01,-4.6459844708e-01
3525,4.6391513944e-01,-4.6458390355e-01
3526,4.6368813515e-01,-4.6448144317e-01
3527,4.6348899603e-01,-4.6431854367e-01
3528,4.6346458793e-01,-4.6414270997e-01
3529,4.6354916692e-01,-4.6398589015e-01
3530,4.6370887756e-01,-4.6388408542e-01
3531,4.6392744780e-01,-4.6390050650e-01
3532,4.6411430836e-01,-4.6401804686e-01
3533,4.6422645450e-01,-4.6419209242e-01
3534,4.6421328187e-01,-4.6432629228e-01
3535,4.6408635378e-01,-4.6436652541e-01
3536,4.6389332414e-01,-4.6430766582e-01
3537,4.6371263266e-01,-4.6421390772e-01
3538,4.6361488104e-01,-4.6412816644e-01
3539,4.6358668804e-01,-4.6407669783e-01
3540,4.6359863877e-01,-4.6407163143e-01
3541,4.6364420652e-01,-4.6413320303e-01
3542,4.6368691325e-01,-4.6421155334e-01
3543,4.6373552084e-01,-4.6427834034e-01
3544,4.6374043822e-01,-4.6427580714e-01
3545,4.6370056272e-01,-4.6427357197e-01
3546,4.6363273263e-01,-4.6428132057e-01
3547,4.6357962489e-01,-4.6422129869e-01
3548,4.6355170012e-01,-4.6409773827e-01
3549,4.6350979805e-01,-4.6397742629e-01
3550,4.6348696947e-01,-4.6389833093e-01
3551,4.6349993348e-01,-4.6391999722e-01
3552,4.6355667710e-01,-4.6402573586e-01
3553,4.6361312270e-01,-4.6411868930e-01
3554,4.6364212036e-01,-4.6413001418e-01
3555,4.6359992027e-01,-4.6406164765e-01
3556,4.6354585886e-01,-4.6398848295e-01
3557,4.6349683404e-01,-4.6396052837e-01
3558,4.6350631118e-01,-4.6399059892e-01
3559,4.6351909637e-01,-4.6404299140e-01
3560,4.6349945664e-01,-4.6403279901e-01
3561,4.6341684461e-01,-4.6393638849e-01
3562,4.6334314346e-01,-4.6382600069e-01
3563,4.6329310536e-01,-4.6373489499e-01
3564,4.6333390474e-01,-4.6378615499e-01
3565,4.6344122291e-01,-4.6400594711e-01
3566,4.6352240443e-01,-4.6421757340e-01
3567,4.6352234483e-01,-4.6434834599e-01
3568,4.6335101128e-01,-4.6429762244e-01
3569,4.6311068535e-01,-4.6415144205e-01
3570,4.6290394664e-01,-4.6395868063e-01
3571,4.6283569932e-01,-4.6373796463e-01
3572,4.6294239163e-01,-4.6354544163e-01
3573,4.6304726601e-01,-4.6342393756e-01
3574,4.6315801144e-01,-4.6343976259e-01
3575,4.6330586076e-01,-4.6356287599e-01
3576,4.6347478032e-01,-4.6374723315e-01
3577,4.6360769868e-01,-4.6385663748e-01
3578,4.6360859275e-01,-4.6388486028e-01
3579,4.6348536015e-01,-4.6385800838e-01
3580,4.6334868670e-01,-4.6385684609e-01
3581,4.6327966452e-01,-4.6396243572e-01
3582,4.6329295635e-01,-4.6412906051e-01
3583,4.6333819628e-01,-4.6424785256e-01
3584,4.6328073740e-01,-4.6426859498e-01
3585,4.6305951476e-01,-4.6420484781e-01
3586,4.6282219887e-01,-4.6411064267e-01
3587,4.6270644665e-01,-4.6402594447e-01
3588,4.6272838116e-01,-4.6394363046e-01
3589,4.6281683445e-01,-4.6385055780e-01
3590,4.6285286546e-01,-4.6378731728e-01
3591,4.6283319592e-01,-4.6374341846e-01
3592,4.6282106638e-01,-4.6369516850e-01
3593,4.6287894249e-01,-4.6367090940e-01
3594,4.6293494105e-01,-4.6364578605e-01
3595,4.6300587058e-01,-4.6368402243e-01
3596,4.6308138967e-01,-4.6371674538e-01
3597,4.6309638023e-01,-4.6370777488e-01
3598,4.6310481429e-01,-4.6367305517e-01
3599,4.6308112144e-01,-4.6364429593e-01
3600,4.6306926012e-01,-4.6368592978e-01
3601,4.6306657791e-01,-4.6368774772e-01
3602,4.6306350827e-01,-4.6370568871e-01
3603,4.6301603317e-01,-4.6366953850e-01
3604,4.6294081211e-01,-4.6360772848e-01
3605,4.6285691857e-01,-4.6353840828e-01
3606,4.6277725697e-01,-4.6345055103e-01
3607,4.6280872822e-01,-4.6348983049e-01
3608,4.6283626556e-01,-4.6358254552e-01
3609,4.6287363768e-01,-4.6372118592e-01
3610,4.6284186840e-01,-4.6381193399e-01
3611,4.6274104714e-01,-4.6381750703e-01
3612,4.6266224980e-01,-4.6373665333e-01
3613,4.6255213022e-01,-4.6359750628e-01
3614,4.6251806617e-01,-4.6342843771e-01
3615,4.6252432466e-01,-4.6325016022e-01
3616,4.6260881424e-01,-4.6316388249e-01
3617,4.6273922920e-01,-4.6315369010e-01
3618,4.6287459135e-01,-4.6326121688e-01
3619,4.6296271682e-01,-4.6341788769e-01
3620,4.6297594905e-01,-4.6355143189e-01
3621,4.6290397644e-01,-4.6362861991e-01
3622,4.6274030209e-01,-4.6357774734e-01
3623,4.6259722114e-01,-4.6341678500e-01
3624,4.6247759461e-01,-4.6319517493e-01
3625,4.6245694160e-01,-4.6306294203e-01
3626,4.6258807182e-01,-4.6310499310e-01
3627,4.6273621917e-01,-4.6329110861e-01
3628,4.6286323667e-01,-4.6349775791e-01
3629,4.6288794279e-01,-4.6360558271e-01
3630,4.6278601885e-01,-4.6359455585e-01
3631,4.6258804202e-01,-4.6344542503e-01
3632,4.6240678430e-01,-4.6323594451e-01
3633,4.6237295866e-01,-4.6305695176e-01
3634,4.6247458458e-01,-4.6302708983e-01
3635,4.6269813180e-01,-4.6316158772e-01
3636,4.6289315820e-01,-4.6342507005e-01
3637,4.6299138665e-01,-4.6361264586e-01
3638,4.6292346716e-01,-4.6363225579e-01
3639,4.6272298694e-01,-4.6357363462e-01
3640,4.6247160435e-01,-4.6347388625e-01
3641,4.6228656173e-01,-4.6340289712e-01
3642,4.6223893762e-01,-4.6340394020e-01
3643,4.6229031682e-01,-4.6334448457e-01
3644,4.6233654022e-01,-4.6323755383e-01
3645,4.6234235168e-01,-4.6313610673e-01
3646,4.6237328649e-01,-4.6303206682e-01
3647,4.6245434880e-01,-4.6304762363e-01
3648,4.6254262328e-01,-4.6311390400e-01
3649,4.6265420318e-01,-4.6318420768e-01
3650,4.6265339851e-01,-4.6324223280e-01
3651,4.6256393194e-01,-4.6327328682e-01
3652,4.6250629425e-01,-4.6329888701e-01
3653,4.6243515611e-01,-4.6325927973e-01
3654,4.6233794093e-01,-4.6317413449e-01
3655,4.6222662926e-01,-4.6305021644e-01
3656,4.6215584874e-01,-4.6298056841e-01
3657,4.6217778325e-01,-4.6297621727e-01
3658,4.6228516102e-01,-4.6304741502e-01
3659,4.6241536736e-01,-4.6310228109e-01
3660,4.6243095398e-01,-4.6307015419e-01
3661,4.6236649156e-01,-4.6298879385e-01
3662,4.6231570840e-01,-4.6295148134e-01
3663,4.6234661341e-01,-4.6303018928e-01
3664,4.6246719360e-01,-4.6313315630e-01
3665,4.6259528399e-01,-4.6315047145e-01
3666,4.6255594492e-01,-4.6301367879e-01
3667,4.6237626672e-01,-4.6273216605e-01
3668,4.6219983697e-01,-4.6245050430e-01
3669,4.6211376786e-01,-4.6223172545e-01
3670,4.6218290925e-01,-4.6213075519e-01
3671,4.6233761311e-01,-4.6216741204e-01
3672,4.6246814728e-01,-4.6230340004e-01
3673,4.6254146099e-01,-4.6247649193e-01
3674,4.6258953214e-01,-4.6262362599e-01
3675,4.6259373426e-01,-4.6270900965e-01
3676,4.6255463362e-01,-4.6280157566e-01
3677,4.6251463890e-01,-4.6289226413e-01
3678,4.6245977283e-01,-4.6298041940e-01
3679,4.6238797903e-01,-4.6298116446e-01
3680,4.6227961779e-01,-4.6285104752e-01
3681,4.6213117242e-01,-4.6261388063e-01
3682,4.6202361584e-01,-4.6241447330e-01
3683,4.6203342080e-01,-4.6239349246e-01
3684,4.6216449142e-01,-4.6249404550e-01
3685,4.6236583591e-01,-4.6258196235e-01
3686,4.6251794696e-01,-4.6258211136e-01
3687,4.6253052354e-01,-4.6249467134e-01
3688,4.6242126822e-01,-4.6242672205e-01
3689,4.6227702498e-01,-4.6245229244e-01
3690,4.6222203970e-01,-4.6259182692e-01
3691,4.6223562956e-01,-4.6278685331e-01
3692,4.6226283908e-01,-4.6291995049e-01
3693,4.6220061183e-01,-4.6294569969e-01
3694,4.6209177375e-01,-4.6280667186e-01
3695,4.6201547980e-01,-4.6261629462e-01
3696,4.6203544736e-01,-4.6245500445e-01
3697,4.6217155457e-01,-4.6230316162e-01
3698,4.6233409643e-01,-4.6223330498e-01
3699,4.6245592833e-01,-4.6227359772e-01
3700,4.6248760819e-01,-4.6236124635e-01
3701,4.6244755387e-01,-4.6243426204e-01
3702,4.6232423186e-01,-4.6245053411e-01
3703,4.6220037341e-01,-4.6241253614e-01
3704,4.6208560467e-01,-4.6239331365e-01
3705,4.6199309826e-01,-4.6238973737e-01
3706,4.6194425225e-01,-4.6239873767e-01
3707,4.6193087101e-01,-4.6239984035e-01
3708,4.6190792322e-01,-4.6238452196e-01
3709,4.6187454462e-01,-4.6227711439e-01
3710,4.6179836988e-01,-4.6215415001e-01
3711,4.6176064014e-01,-4.6205031872e-01
3712,4.6179136634e-01,-4.6200230718e-01
3713,4.6190845966e-01,-4.6207019687e-01
3714,4.6202462912e-01,-4.6211892366e-01
3715,4.6212956309e-01,-4.6212348342e-01
3716,4.6215593815e-01,-4.6209228039e-01
3717,4.6209579706e-01,-4.6206161380e-01
3718,4.6202176809e-01,-4.6215352416e-01
3719,4.6195805073e-01,-4.6236237884e-01
3720,4.6197000146e-01,-4.6254548430e-01
3721,4.6199572086e-01,-4.6258473396e-01
3722,4.6192362905e-01,-4.6247467399e-01
3723,4.6177390218e-01,-4.6229410172e-01
3724,4.6163371205e-01,-4.6210819483e-01
3725,4.6162289381e-01,-4.6201813221e-01
3726,4.6176347136e-01,-4.6197646856e-01
3727,4.6191614866e-01,-4.6191763878e-01
3728,4.6200194955e-01,-4.6185934544e-01
3729,4.6200424433e-01,-4.6183535457e-01
3730,4.6201333404e-01,-4.6191212535e-01
3731,4.6198424697e-01,-4.6205541492e-01
3732,4.6192693710e-01,-4.6213260293e-01
3733,4.6186396480e-01,-4.6207103133e-01
3734,4.6177259088e-01,-4.6199622750e-01
3735,4.6168133616e-01,-4.6194854379e-01
3736,4.6172061563e-01,-4.6201467514e-01
3737,4.6187084913e-01,-4.6212130785e-01
3738,4.6200251579e-01,-4.6217060089e-01
3739,4.6209177375e-01,-4.6215814352e-01
3740,4.6198979020e-01,-4.6203920245e-01
3741,4.6187907457e-01,-4.6193563938e-01
3742,4.6185463667e-01,-4.6191877127e-01
3743,4.6191152930e-01,-4.6195593476e-01
3744,4.6199157834e-01,-4.6200633049e-01
3745,4.6199160814e-01,-4.6200883389e-01
3746,4.6192687750e-01,-4.6197366714e-01
3747,4.6184277534e-01,-4.6193450689e-01
3748,4.6174922585e-01,-4.6192291379e-01
3749,4.6169531345e-01,-4.6195873618e-01
3750,4.6166837215e-01,-4.6204191446e-01
3751,4.6164238453e-01,-4.6206656098e-01
3752,4.6157374978e-01,-4.6203336120e-01
3753,4.6147128940e-01,-4.6190151572e-01
3754,4.6137323976e-01,-4.6178179979e-01
3755,4.6137219667e-01,-4.6177110076e-01
3756,4.6143171191e-01,-4.6186253428e-01
3757,4.6150740981e-01,-4.6198350191e-01
3758,4.6153092384e-01,-4.6205753088e-01
3759,4.6147438884e-01,-4.6205151081e-01
3760,4.6134692430e-01,-4.6200180054e-01
3761,4.6124023199e-01,-4.6187499166e-01
3762,4.6120712161e-01,-4.6170932055e-01
3763,4.6123474836e-01,-4.6153351665e-01
3764,4.6131584048e-01,-4.6140927076e-01
3765,4.6140390635e-01,-4.6138224006e-01
3766,4.6148785949e-01,-4.6142774820e-01
3767,4.6158212423e-01,-4.6156653762e-01
3768,4.6160659194e-01,-4.6175530553e-01
3769,4.6155983210e-01,-4.6195679903e-01
3770,4.6141603589e-01,-4.6209725738e-01
3771,4.6121224761e-01,-4.6210470796e-01
3772,4.6103239059e-01,-4.6199700236e-01
3773,4.6089720726e-01,-4.6179407835e-01
3774,4.6086037159e-01,-4.6157267690e-01
3775,4.6089437604e-01,-4.6139994264e-01
3776,4.6099239588e-01,-4.6127527952e-01
3777,4.6114262938e-01,-4.6126165986e-01
3778,4.6132707596e-01,-4.6131199598e-01
3779,4.6146023273e-01,-4.6137964725e-01
3780,4.6152192354e-01,-4.6144014597e-01
3781,4.6148517728e-01,-4.6149975061e-01
3782,4.6138367057e-01,-4.6154445410e-01
3783,4.6129783988e-01,-4.6154433489e-01
3784,4.6122911572e-01,-4.6146732569e-01
3785,4.6116921306e-01,-4.6136090159e-01
3786,4.6113237739e-01,-4.6127709746e-01
3787,4.6113628149e-01,-4.6129810810e-01
3788,4.6115726233e-01,-4.6144881845e-01
3789,4.6120443940e-01,-4.6163833141e-01
3790,4.6124741435e-01,-4.6176129580e-01
3791,4.6120190620e-01,-4.6179187298e-01
3792,4.6107891202e-01,-4.6178176999e-01
3793,4.6093800664e-01,-4.6173220873e-01
3794,4.6085619926e-01,-4.6164011955e-01
3795,4.6085295081e-01,-4.6157515049e-01
3796,4.6088957787e-01,-4.6155479550e-01
3797,4.6093332767e-01,-4.6157371998e-01
3798,4.6094071865e-01,-4.6158191562e-01
3799,4.6087241173e-01,-4.6149638295e-01
3800,4.6072402596e-01,-4.6134933829e-01
3801,4.6055927873e-01,-4.6119457483e-01
3802,4.6054357290e-01,-4.6114197373e-01
3803,4.6065035462e-01,-4.6122252941e-01
3804,4.6082448959e-01,-4.6138021350e-01
3805,4.6099221706e-01,-4.6150809526e-01
3806,4.6102869511e-01,-4.6155044436e-01
3807,4.6096506715e-01,-4.6157979965e-01
3808,4.6086615324e-01,-4.6162554622e-01
3809,4.6079775691e-01,-4.6172645688e-01
3810,4.6076363325e-01,-4.6177521348e-01
3811,4.6072939038e-01,-4.6174594760e-01
3812,4.6068662405e-01,-4.6164867282e-01
3813,4.6056964993e-01,-4.6157407761e-01
3814,4.6051907539e-01,-4.6154618263e-01
3815,4.6054846048e-01,-4.6152618527e-01
3816,4.6067124605e-01,-4.6155166626e-01
3817,4.6077135205e-01,-4.6155595779e-01
3818,4.6083003283e-01,-4.6152538061e-01
3819,4.6083453298e-01,-4.6148115396e-01
3820,4.6079841256e-01,-4.6136477590e-01
3821,4.6076607704e-01,-4.6120816469e-01
3822,4.6070939302e-01,-4.6101185679e-01
3823,4.6071392298e-01,-4.6086397767e-01
3824,4.6076709032e-01,-4.6081417799e-01
3825,4.6084499359e-01,-4.6087136865e-01
3826,4.6094948053e-01,-4.6103507280e-01
3827,4.6096697450e-01,-4.6118238568e-01
3828,4.6088632941e-01,-4.6125486493e-01
3829,4.6076846123e-01,-4.6123045683e-01
3830,4.6064612269e-01,-4.6113449335e-01
3831,4.6060520411e-01,-4.6105906367e-01
3832,4.6066680551e-01,-4.6103155613e-01
3833,4.6077245474e-01,-4.6106457710e-01
3834,4.6087577939e-01,-4.6114432812e-01
3835,4.6093860269e-01,-4.6119418740e-01
3836,4.6096169949e-01,-4.6113556623e-01
3837,4.6088078618e-01,-4.6102833748e-01
3838,4.6075418591e-01,-4.6096563339e-01
3839,4.6067056060e-01,-4.6102619171e-01
3840,4.6066284180e-01,-4.6110972762e-01
3841,4.6071243286e-01,-4.6118119359e-01
3842,4.6074092388e-01,-4.6117180586e-01
3843,4.6067985892e-01,-4.6107190847e-01
3844,4.6057540178e-01,-4.6097359061e-01
3845,4.6044668555e-01,-4.6094670892e-01
3846,4.6042054892e-01,-4.6101784706e-01
3847,4.6046575904e-01,-4.6114650369e-01
3848,4.6052935719e-01,-4.6121960878e-01
3849,4.6054515243e-01,-4.6125057340e-01
3850,4.6046125889e-01,-4.6120923758e-01
3851,4.6036523581e-01,-4.6113616228e-01
3852,4.6026957035e-01,-4.6103999019e-01
3853,4.6020588279e-01,-4.6090489626e-01
3854,4.6017149091e-01,-4.6079355478e-01
3855,4.6014940739e-01,-4.6077483892e-01
3856,4.6018373966e-01,-4.6087554097e-01
3857,4.6022728086e-01,-4.6105235815e-01
3858,4.6026778221e-01,-4.6123862267e-01
3859,4.6025216579e-01,-4.6134912968e-01
3860,4.6012642980e-01,-4.6127679944e-01
3861,4.5997071266e-01,-4.6113151312e-01
3862,4.5985907316e-01,-4.6097362041e-01
3863,4.5987531543e-01,-4.6088346839e-01
3864,4.6000775695e-01,-4.6088513732e-01
3865,4.6014127135e-01,-4.6090140939e-01
3866,4.6022912860e-01,-4.6094092727e-01
3867,4.6023410559e-01,-4.6097427607e-01
3868,4.6018376946e-01,-4.6101319790e-01
3869,4.6014434099e-01,-4.6102994680e-01
3870,4.6010524035e-01,-4.6107169986e-01
3871,4.6008363366e-01,-4.6112290025e-01
3872,4.6004402637e-01,-4.6113339067e-01
3873,4.6001121402e-01,-4.6106123924e-01
3874,4.5999863744e-01,-4.6095198393e-01
3875,4.6003684402e-01,-4.6086609364e-01
3876,4.6012952924e-01,-4.6084201336e-01
3877,4.6024745703e-01,-4.6083697677e-01
3878,4.6031618118e-01,-4.6084955335e-01
3879,4.6033003926e-01,-4.6087908745e-01
3880,4.6025249362e-01,-4.6091288328e-01
3881,4.6013185382e-01,-4.6095764637e-01
3882,4.6000501513e-01,-4.6098515391e-01
3883,4.5991322398e-01,-4.6097323298e-01
3884,4.5984080434e-01,-4.6086534858e-01
3885,4.5976871252e-01,-4.6066284180e-01
3886,4.5976111293e-01,-4.6043419838e-01
3887,4.5984217525e-01,-4.6027934551e-01
3888,4.6005687118e-01,-4.6021753550e-01
3889,4.6033251286e-01,-4.6025833488e-01
3890,4.6055755019e-01,-4.6038329601e-01
3891,4.6063691378e-01,-4.6052181721e-01
3892,4.6055722237e-01,-4.6067136526e-01
3893,4.6036168933e-01,-4.6076253057e-01
3894,4.6015414596e-01,-4.6079030633e-01
3895,4.5996025205e-01,-4.6074241400e-01
3896,4.5977336168e-01,-4.6062156558e-01
3897,4.5968562365e-01,-4.6049451828e-01
3898,4.5965951681e-01,-4.6032536030e-01
3899,4.5972344279e-01,-4.6021726727e-01
3900,4.5983567834e-01,-4.6013277769e-01
3901,4.5994809270e-01,-4.6013182402e-01
3902,4.6003326774e-01,-4.6019315720e-01
3903,4.6006980538e-01,-4.6028995514e-01
3904,4.6010953188e-01,-4.6044749022e-01
3905,4.6007934213e-01,-4.6056941152e-01
3906,4.6005037427e-01,-4.6068292856e-01
3907,4.5993593335e-01,-4.6072968841e-01
3908,4.5980936289e-01,-4.6072718501e-01
3909,4.5969063044e-01,-4.6067768335e-01
3910,4.5957201719e-01,-4.6059852839e-01
3911,4.5948219299e-01,-4.6047985554e-01
3912,4.5943927765e-01,-4.6035960317e-01
3913,4.5943304896e-01,-4.6029952168e-01
3914,4.5947372913e-01,-4.6032151580e-01
3915,4.5954731107e-01,-4.6037074924e-01
3916,4.5958960056e-01,-4.6036332846e-01
3917,4.5956358314e-01,-4.6028128266e-01
3918,4.5947712660e-01,-4.6018624306e-01
3919,4.5943987370e-01,-4.6015673876e-01
3920,4.5947745442e-01,-4.6013140678e-01
3921,4.5961534977e-01,-4.6012496948e-01
3922,4.5976388454e-01,-4.6014356613e-01
3923,4.5983755589e-01,-4.6016386151e-01
3924,4.5986181498e-01,-4.6020710468e-01
3925,4.5981493592e-01,-4.6026524901e-01
3926,4.5974686742e-01,-4.6037375927e-01
3927,4.5965230465e-01,-4.6049124002e-01
3928,4.5954537392e-01,-4.6055883169e-01
3929,4.5943397284e-01,-4.6054390073e-01
3930,4.5930746198e-01,-4.6042025089e-01
3931,4.5926669240e-01,-4.6024200320e-01
3932,4.5932206511e-01,-4.6003860235e-01
3933,4.5946168900e-01,-4.5986083150e-01
3934,4.5963436365e-01,-4.5977383852e-01
3935,4.5977702737e-01,-4.5977398753e-01
3936,4.5992362499e-01,-4.5983362198e-01
3937,4.6000614762e-01,-4.5987987518e-01
3938,4.6000880003e-01,-4.5989924669e-01
3939,4.5997393131e-01,-4.5994132757e-01
3940,4.5994520187e-01,-4.6002152562e-01
3941,4.5994952321e-01,-4.6007871628e-01
3942,4.5995801687e-01,-4.6011659503e-01
3943,4.5991685987e-01,-4.6011564136e-01
3944,4.5983517170e-01,-4.6004742384e-01
3945,4.5974144340e-01,-4.5995151997e-01
3946,4.5966055989e-01,-4.5987749100e-01
3947,4.5959600806e-01,-4.5981895924e-01
3948,4.5959317684e-01,-4.5983737707e-01
3949,4.5961949229e-01,-4.5989102125e-01
3950,4.5963007212e-01,-4.5991572738e-01
3951,4.5961263776e-01,-4.5988744497e-01
3952,4.5957285166e-01,-4.5979946852e-01
3953,4.5951819420e-01,-4.5968085527e-01
3954,4.5943412185e-01,-4.5963776112e-01
3955,4.5939597487e-01,-4.5970499516e-01
3956,4.5941206813e-01,-4.5982053876e-01
3957,4.5945471525e-01,-4.5992049575e-01
3958,4.5948377252e-01,-4.5996540785e-01
3959,4.5943284035e-01,-4.5990863442e-01
3960,4.5938685536e-01,-4.5984175801e-01
3961,4.5934796333e-01,-4.5976650715e-01
3962,4.5936730504e-01,-4.5972990990e-01
3963,4.5943853259e-01,-4.5971113443e-01
3964,4.5950353146e-01,-4.5968425274e-01
3965,4.5952534676e-01,-4.5963963866e-01
3966,4.5944717526e-01,-4.5956626534e-01
3967,4.5934072137e-01,-4.5959058404e-01
3968,4.5926147699e-01,-4.5971798897e-01
3969,4.5924526453e-01,-4.5991280675e-01
3970,4.5924553275e-01,-4.6004375815e-01
3971,4.5918497443e-01,-4.6006962657e-01
3972,4.5911198854e-01,-4.6003577113e-01
3973,4.5900991559e-01,-4.5997679234e-01
3974,4.5897680521e-01,-4.5994272828e-01
3975,4.5898866653e-01,-4.5982870460e-01
3976,4.5902490616e-01,-4.5963987708e-01
3977,4.5905667543e-01,-4.5944568515e-01
3978,4.5905458927e-01,-4.5931676030e-01
3979,4.5906221867e-01,-4.5930701494e-01
3980,4.5912247896e-01,-4.5943859220e-01
3981,4.5924082398e-01,-4.5958518982e-01
3982,4.5930743217e-01,-4.5966547728e-01
3983,4.5929113030e-01,-4.5965647697e-01
3984,4.5920717716e-01,-4.5958179235e-01
3985,4.5914873481e-01,-4.5948660374e-01
3986,4.5911929011e-01,-4.5940634608e-01
3987,4.5913255215e-01,-4.5936140418e-01
3988,4.5920741558e-01,-4.5938941836e-01
3989,4.5927315950e-01,-4.5948567986e-01
3990,4.5932906866e-01,-4.5963528752e-01
3991,4.5932921767e-01,-4.5978364348e-01
3992,4.5924657583e-01,-4.5987188816e-01
3993,4.5912715793e-01,-4.5985570550e-01
3994,4.5895224810e-01,-4.5969781280e-01
3995,4.5878940821e-01,-4.5942249894e-01
3996,4.5869326591e-01,-4.5916444063e-01
3997,4.5868396759e-01,-4.5908501744e-01
3998,4.5878207684e-01,-4.5920386910e-01
3999,4.5896708965e-01,-4.5946267247e-01
