step,vx_25_25,vy_25_25,pressure_25_25,energy
0,4.9975326657e-01,-4.9975326657e-01,0.0000000000e+00,2.3998945312e+03
1,5.0267070532e-01,-5.0267064571e-01,3.8418389158e-04,2.4999936523e+03
2,5.0233262777e-01,-5.0233846903e-01,-1.0508092642e+00,2.4996418457e+03
3,5.0227254629e-01,-5.0223636627e-01,-1.1771471500e+00,2.4992885742e+03
4,5.0224387646e-01,-5.0217062235e-01,-1.1242377758e+00,2.4989355469e+03
5,5.0221651793e-01,-5.0210458040e-01,-1.1242377758e+00,2.4985827637e+03
6,5.0221061707e-01,-5.0207054615e-01,-1.0613367558e+00,2.4982309570e+03
7,5.0220465660e-01,-5.0203394890e-01,-1.0613367558e+00,2.4978784180e+03
8,5.0219851732e-01,-5.0199538469e-01,-1.0613367558e+00,2.4975270996e+03
9,5.0219225883e-01,-5.0195527077e-01,-1.0613367558e+00,2.4971748047e+03
10,5.0218582153e-01,-5.0191402435e-01,-1.0613367558e+00,2.4968239746e+03
11,5.0217932463e-01,-5.0187182426e-01,-1.0613367558e+00,2.4964719238e+03
12,5.0218302011e-01,-5.0187778473e-01,-9.8113709688e-01,2.4961213379e+03
13,5.0215846300e-01,-5.0189918280e-01,-5.7239478827e-01,2.4957690430e+03
14,5.0218415260e-01,-5.0192362070e-01,-1.0624147654e+00,2.4954179688e+03
15,5.0217479467e-01,-5.0191098452e-01,-9.8615562916e-01,2.4950666504e+03
16,5.0204926729e-01,-5.0181305408e-01,-1.5940209627e+00,2.4947138672e+03
17,5.0209128857e-01,-5.0174999237e-01,-3.7437418103e-01,2.4943625488e+03
18,5.0200241804e-01,-5.0170344114e-01,-2.2617967129e+00,2.4940090332e+03
19,5.0188803673e-01,-5.0154995918e-01,-8.6144119501e-01,2.4936594238e+03
20,5.0198012590e-01,-5.0166171789e-01,-2.4034795761e+00,2.4933061523e+03
21,5.0195747614e-01,-5.0152373314e-01,1.0220215321e+00,2.4929555664e+03
22,5.0183349848e-01,-5.0143796206e-01,-3.1397700310e+00,2.4926037598e+03
23,5.0183141232e-01,-5.0147432089e-01,4.3947154284e-01,2.4922517090e+03
24,5.0170826912e-01,-5.0123971701e-01,2.8094910085e-03,2.4919018555e+03
25,5.0182253122e-01,-5.0135898590e-01,-2.4664142132e+00,2.4915498047e+03
26,5.0162988901e-01,-5.0123053789e-01,-3.4592038393e-01,2.4911987305e+03
27,5.0173705816e-01,-5.0123751163e-01,-2.4857308716e-02,2.4908471680e+03
28,5.0171709061e-01,-5.0114011765e-01,-1.2588306665e+00,2.4904960938e+03
29,5.0150299072e-01,-5.0105208158e-01,-1.9983739853e+00,2.4901445312e+03
30,5.0169277191e-01,-5.0110954046e-01,1.2533083558e-01,2.4897944336e+03
31,5.0154542923e-01,-5.0100427866e-01,-1.3553841114e+00,2.4894421387e+03
32,5.0162935257e-01,-5.0105118752e-01,-1.5930144787e+00,2.4890922852e+03
33,5.0159251690e-01,-5.0101763010e-01,-1.0377860814e-01,2.4887399902e+03
34,5.0151085854e-01,-5.0090676546e-01,-1.5228762627e+00,2.4883906250e+03
35,5.0151401758e-01,-5.0087696314e-01,-1.6751334667e+00,2.4880385742e+03
36,5.0144785643e-01,-5.0080221891e-01,-2.7090126276e-01,2.4876877441e+03
37,5.0141984224e-01,-5.0074458122e-01,-1.0161731243e+00,2.4873371582e+03
38,5.0145858526e-01,-5.0079888105e-01,-1.7593352795e+00,2.4869887695e+03
39,5.0129759312e-01,-5.0061231852e-01,-8.8482195139e-01,2.4866357422e+03
40,5.0138336420e-01,-5.0063741207e-01,6.5175004303e-02,2.4862878418e+03
41,5.0125265121e-01,-5.0050735474e-01,-2.0596311092e+00,2.4859355469e+03
42,5.0127512217e-01,-5.0055503845e-01,-7.5047314167e-01,2.4855871582e+03
43,5.0118184090e-01,-5.0044524670e-01,-2.8382092714e-03,2.4852348633e+03
44,5.0109964609e-01,-5.0037586689e-01,-1.8297183514e+00,2.4848852539e+03
45,5.0114738941e-01,-5.0039595366e-01,-6.4041697979e-01,2.4845351562e+03
46,5.0117409229e-01,-5.0033783913e-01,-5.3401947021e-01,2.4841865234e+03
47,5.0113141537e-01,-5.0028365850e-01,-7.6429361105e-01,2.4838347168e+03
48,5.0097274780e-01,-5.0011765957e-01,-1.0286363363e+00,2.4834848633e+03
49,5.0107467175e-01,-5.0023865700e-01,-1.9065905809e+00,2.4831357422e+03
50,5.0102710724e-01,-5.0015616417e-01,-2.7662587166e-01,2.4827861328e+03
51,5.0102436543e-01,-5.0010073185e-01,-1.1245293617e+00,2.4824365234e+03
52,5.0098848343e-01,-5.0011807680e-01,-1.6119427681e+00,2.4820869141e+03
53,5.0097525120e-01,-5.0001978874e-01,-2.6978778839e-01,2.4817370605e+03
54,5.0093328953e-01,-4.9998632073e-01,-1.6427041292e+00,2.4813889160e+03
55,5.0091665983e-01,-4.9995556474e-01,-1.0800802708e+00,2.4810373535e+03
56,5.0074881315e-01,-4.9981606007e-01,-8.6463934183e-01,2.4806901855e+03
57,5.0080639124e-01,-4.9980995059e-01,-4.3457227945e-01,2.4803386230e+03
58,5.0087934732e-01,-4.9983942509e-01,-2.0315971375e+00,2.4799909668e+03
59,5.0077557564e-01,-4.9976184964e-01,5.9001046419e-01,2.4796416016e+03
60,5.0073152781e-01,-4.9968475103e-01,-2.5769395828e+00,2.4792922363e+03
61,5.0065886974e-01,-4.9962878227e-01,3.5923892260e-01,2.4789438477e+03
62,5.0063580275e-01,-4.9952733517e-01,-1.4642696381e+00,2.4785937500e+03
63,5.0062453747e-01,-4.9958318472e-01,-9.5128262043e-01,2.4782453613e+03
64,5.0061756372e-01,-4.9951317906e-01,-8.1893908978e-01,2.4778967285e+03
65,5.0054615736e-01,-4.9947479367e-01,-1.2433546782e+00,2.4775480957e+03
66,5.0050044060e-01,-4.9937236309e-01,-3.8779489696e-02,2.4771999512e+03
67,5.0048857927e-01,-4.9933248758e-01,-2.5234189034e+00,2.4768513184e+03
68,5.0040060282e-01,-4.9922901392e-01,-1.8460324407e-01,2.4765021973e+03
69,5.0043380260e-01,-4.9926269054e-01,-1.0607365370e+00,2.4761535645e+03
70,5.0036740303e-01,-4.9920043349e-01,-1.0576884747e+00,2.4758049316e+03
71,5.0029683113e-01,-4.9908804893e-01,-6.9250291586e-01,2.4754577637e+03
72,5.0033295155e-01,-4.9914807081e-01,-1.3688075542e+00,2.4751079102e+03
73,5.0025773048e-01,-4.9903109670e-01,-7.1727222204e-01,2.4747612305e+03
74,5.0026184320e-01,-4.9905851483e-01,-1.3920676708e+00,2.4744123535e+03
75,5.0028455257e-01,-4.9908328056e-01,-3.0770462751e-01,2.4740651855e+03
76,5.0019216537e-01,-4.9890318513e-01,-1.7936301231e+00,2.4737158203e+03
77,5.0020647049e-01,-4.9895039201e-01,1.8427899480e-01,2.4733688965e+03
78,5.0007760525e-01,-4.9880713224e-01,-2.0797243118e+00,2.4730212402e+03
79,5.0011914968e-01,-4.9881941080e-01,-6.4356282353e-02,2.4726726074e+03
80,5.0004172325e-01,-4.9872964621e-01,-1.4416604042e+00,2.4723256836e+03
81,4.9997800589e-01,-4.9867212772e-01,-8.2635951042e-01,2.4719770508e+03
82,5.0002056360e-01,-4.9869650602e-01,-5.7941234112e-01,2.4716296387e+03
83,4.9995934963e-01,-4.9858859181e-01,-1.5414386988e+00,2.4712829590e+03
84,4.9988883734e-01,-4.9854978919e-01,-3.4467735887e-01,2.4709350586e+03
85,4.9991017580e-01,-4.9848422408e-01,-6.9417542219e-01,2.4705878906e+03
86,4.9982804060e-01,-4.9846100807e-01,-1.9294285774e+00,2.4702412109e+03
87,4.9986508489e-01,-4.9844390154e-01,-2.0526692271e-01,2.4698928223e+03
88,4.9972525239e-01,-4.9835392833e-01,-1.6653883457e+00,2.4695458984e+03
89,4.9978357553e-01,-4.9831801653e-01,-6.3506942987e-01,2.4691982422e+03
90,4.9968317151e-01,-4.9829763174e-01,-1.0170167685e+00,2.4688515625e+03
91,4.9968549609e-01,-4.9820145965e-01,-9.8362725973e-01,2.4685048828e+03
92,4.9967694283e-01,-4.9823653698e-01,-1.6937453747e+00,2.4681577148e+03
93,4.9959006906e-01,-4.9810341001e-01,2.3961046338e-01,2.4678115234e+03
94,4.9953693151e-01,-4.9808138609e-01,-1.8152757883e+00,2.4674643555e+03
95,4.9958938360e-01,-4.9809071422e-01,-3.9314749837e-01,2.4671184082e+03
96,4.9948227406e-01,-4.9798157811e-01,-1.3822524548e+00,2.4667714844e+03
97,4.9945273995e-01,-4.9797201157e-01,-3.9992004633e-01,2.4664245605e+03
98,4.9945962429e-01,-4.9789300561e-01,-1.7031512260e+00,2.4660788574e+03
99,4.9934816360e-01,-4.9785947800e-01,2.4551476538e-01,2.4657319336e+03
100,4.9947965145e-01,-4.9784055352e-01,-1.9950884581e+00,2.4653852539e+03
101,4.9920514226e-01,-4.9775385857e-01,-2.1239159107e+00,2.4650400391e+03
102,4.9929931760e-01,-4.9768355489e-01,2.0447676182e+00,2.4646936035e+03
103,4.9912840128e-01,-4.9764439464e-01,-3.5929763317e+00,2.4643471680e+03
104,4.9925392866e-01,-4.9762603641e-01,9.8038935661e-01,2.4640009766e+03
105,4.9915224314e-01,-4.9759772420e-01,-1.9046075344e+00,2.4636550293e+03
106,4.9919697642e-01,-4.9754807353e-01,-9.0228497982e-01,2.4633100586e+03
107,4.9911904335e-01,-4.9754297733e-01,-7.5742185116e-01,2.4629641113e+03
108,4.9903446436e-01,-4.9740603566e-01,-1.4642873406e-01,2.4626176758e+03
109,4.9907392263e-01,-4.9742299318e-01,-2.6352291107e+00,2.4622722168e+03
110,4.9900230765e-01,-4.9737691879e-01,4.6234264970e-01,2.4619270020e+03
111,4.9896907806e-01,-4.9727362394e-01,-1.3652845621e+00,2.4615812988e+03
112,4.9894022942e-01,-4.9732857943e-01,-1.1692576408e+00,2.4612358398e+03
113,4.9891373515e-01,-4.9721542001e-01,-1.2067850828e+00,2.4608901367e+03
114,4.9891293049e-01,-4.9725905061e-01,7.6919496059e-02,2.4605451660e+03
115,4.9885109067e-01,-4.9712193012e-01,-2.2312009335e+00,2.4601994629e+03
116,4.9877440929e-01,-4.9717327952e-01,1.5402524173e-01,2.4598547363e+03
117,4.9886009097e-01,-4.9703681469e-01,-9.6683162451e-01,2.4595092773e+03
118,4.9866470695e-01,-4.9701496959e-01,-3.5369012356e+00,2.4591643066e+03
119,4.9874082208e-01,-4.9700149894e-01,3.3083331585e+00,2.4588198242e+03
120,4.9863824248e-01,-4.9692702293e-01,-4.7287611961e+00,2.4584755859e+03
121,4.9865788221e-01,-4.9689087272e-01,1.8954536915e+00,2.4581296387e+03
122,4.9858361483e-01,-4.9687355757e-01,-2.5951609612e+00,2.4577849121e+03
123,4.9851566553e-01,-4.9678495526e-01,3.9236154407e-02,2.4574406738e+03
124,4.9855163693e-01,-4.9680498242e-01,-2.0689325333e+00,2.4570961914e+03
125,4.9847275019e-01,-4.9670624733e-01,5.0990927219e-01,2.4567519531e+03
126,4.9845981598e-01,-4.9669179320e-01,-2.5340805054e+00,2.4564072266e+03
127,4.9842044711e-01,-4.9665132165e-01,5.8367836475e-01,2.4560629883e+03
128,4.9837759137e-01,-4.9650344253e-01,-1.0586240292e+00,2.4557185059e+03
129,4.9832943082e-01,-4.9662294984e-01,-1.6522775888e+00,2.4553740234e+03
130,4.9832671881e-01,-4.9643984437e-01,-1.5872364044e+00,2.4550305176e+03
131,4.9824118614e-01,-4.9652001262e-01,1.1620637178e+00,2.4546867676e+03
132,4.9826127291e-01,-4.9638843536e-01,-3.7558097839e+00,2.4543425293e+03
133,4.9814701080e-01,-4.9642297626e-01,1.4529912472e+00,2.4539982910e+03
134,4.9828416109e-01,-4.9633091688e-01,-6.3005018234e-01,2.4536545410e+03
135,4.9807175994e-01,-4.9628487229e-01,-3.3126881123e+00,2.4533112793e+03
136,4.9810421467e-01,-4.9628531933e-01,7.1360528469e-01,2.4529672852e+03
137,4.9806571007e-01,-4.9621367455e-01,-1.6293901205e+00,2.4526237793e+03
138,4.9795112014e-01,-4.9616923928e-01,-1.2713530064e+00,2.4522802734e+03
139,4.9798476696e-01,-4.9612241983e-01,-8.8781875372e-01,2.4519367676e+03
140,4.9790728092e-01,-4.9604949355e-01,-3.4989422560e-01,2.4515935059e+03
141,4.9796524644e-01,-4.9606791139e-01,-1.1671395302e+00,2.4512502441e+03
142,4.9780035019e-01,-4.9602401257e-01,-9.1203182936e-01,2.4509067383e+03
143,4.9788907170e-01,-4.9592313170e-01,-6.9108122587e-01,2.4505637207e+03
144,4.9778735638e-01,-4.9600395560e-01,-2.2297408581e+00,2.4502202148e+03
145,4.9773806334e-01,-4.9582573771e-01,1.2114787102e+00,2.4498774414e+03
146,4.9772891402e-01,-4.9588426948e-01,-2.8954572678e+00,2.4495346680e+03
147,4.9770194292e-01,-4.9576187134e-01,3.8568162918e-01,2.4491923828e+03
148,4.9760678411e-01,-4.9578055739e-01,-2.0734515190e+00,2.4488493652e+03
149,4.9766954780e-01,-4.9570542574e-01,5.8880609274e-01,2.4485063477e+03
150,4.9751082063e-01,-4.9565476179e-01,-3.3653635979e+00,2.4481640625e+03
151,4.9757578969e-01,-4.9565938115e-01,2.3568277359e+00,2.4478217773e+03
152,4.9746873975e-01,-4.9558362365e-01,-4.3862967491e+00,2.4474790039e+03
153,4.9746608734e-01,-4.9555256963e-01,2.2489144802e+00,2.4471364746e+03
154,4.9746808410e-01,-4.9552229047e-01,-3.5763859749e+00,2.4467944336e+03
155,4.9723777175e-01,-4.9552246928e-01,-4.2057186365e-01,2.4464519043e+03
156,4.9745073915e-01,-4.9540674686e-01,-5.5455613136e-01,2.4461098633e+03
157,4.9725282192e-01,-4.9535462260e-01,5.3436188027e-03,2.4457678223e+03
158,4.9732831120e-01,-4.9536567926e-01,-2.5920064449e+00,2.4454260254e+03
159,4.9719733000e-01,-4.9530369043e-01,9.3708819151e-01,2.4450839844e+03
160,4.9722552299e-01,-4.9524924159e-01,-2.6259386539e+00,2.4447419434e+03
161,4.9716019630e-01,-4.9533769488e-01,-6.0807919502e-01,2.4444013672e+03
162,4.9716183543e-01,-4.9511048198e-01,-2.7642148733e-01,2.4440585938e+03
163,4.9702116847e-01,-4.9524307251e-01,-1.4378257990e+00,2.4437170410e+03
164,4.9715119600e-01,-4.9504798651e-01,-1.3658152819e+00,2.4433759766e+03
165,4.9688136578e-01,-4.9511602521e-01,8.6085230112e-02,2.4430344238e+03
166,4.9713352323e-01,-4.9499994516e-01,-7.9201310873e-01,2.4426928711e+03
167,4.9680820107e-01,-4.9500703812e-01,-2.2084114552e+00,2.4423518066e+03
168,4.9697604775e-01,-4.9496221542e-01,-3.0537176132e-01,2.4420102539e+03
169,4.9683800340e-01,-4.9490889907e-01,-2.4438558519e-01,2.4416691895e+03
170,4.9682357907e-01,-4.9481436610e-01,-2.6679422855e+00,2.4413281250e+03
171,4.9675145745e-01,-4.9495109916e-01,2.2538463771e-01,2.4409870605e+03
172,4.9679088593e-01,-4.9467444420e-01,-1.6101216078e+00,2.4406462402e+03
173,4.9676442146e-01,-4.9477478862e-01,1.2969269753e+00,2.4403051758e+03
174,4.9662390351e-01,-4.9472171068e-01,-4.3218922615e+00,2.4399650879e+03
175,4.9671265483e-01,-4.9463146925e-01,2.4395813942e+00,2.4396240234e+03
176,4.9654266238e-01,-4.9471062422e-01,-4.4586462975e+00,2.4392834473e+03
177,4.9653646350e-01,-4.9455529451e-01,2.9436881542e+00,2.4389428711e+03
178,4.9656197429e-01,-4.9458274245e-01,-4.6783485413e+00,2.4386027832e+03
179,4.9645236135e-01,-4.9452599883e-01,1.8369057178e+00,2.4382614746e+03
180,4.9644875526e-01,-4.9448400736e-01,-3.3390173912e+00,2.4379216309e+03
181,4.9643483758e-01,-4.9446189404e-01,1.8559381962e+00,2.4375817871e+03
182,4.9632036686e-01,-4.9437853694e-01,-4.5011959076e+00,2.4372414551e+03
183,4.9640041590e-01,-4.9439650774e-01,3.6394259930e+00,2.4369018555e+03
184,4.9620863795e-01,-4.9434643984e-01,-6.2473673820e+00,2.4365612793e+03
185,4.9631994963e-01,-4.9427416921e-01,4.4634895325e+00,2.4362219238e+03
186,4.9615490437e-01,-4.9429878592e-01,-5.9298682213e+00,2.4358811035e+03
187,4.9621739984e-01,-4.9417388439e-01,3.4757382870e+00,2.4355417480e+03
188,4.9610677361e-01,-4.9424964190e-01,-4.8843283653e+00,2.4352023926e+03
189,4.9611970782e-01,-4.9407133460e-01,2.5958783627e+00,2.4348630371e+03
190,4.9603483081e-01,-4.9419701099e-01,-4.3348851204e+00,2.4345231934e+03
191,4.9606099725e-01,-4.9398669600e-01,2.3117945194e+00,2.4341835938e+03
192,4.9594616890e-01,-4.9409946799e-01,-4.1331863403e+00,2.4338442383e+03
193,4.9601066113e-01,-4.9393969774e-01,1.9360399246e+00,2.4335053711e+03
194,4.9582621455e-01,-4.9401000142e-01,-3.4567937851e+00,2.4331660156e+03
195,4.9598962069e-01,-4.9385944009e-01,1.2561635971e+00,2.4328271484e+03
196,4.9569872022e-01,-4.9395427108e-01,-3.1434116364e+00,2.4324875488e+03
197,4.9594530463e-01,-4.9376285076e-01,1.4329745770e+00,2.4321486816e+03
198,4.9561607838e-01,-4.9390101433e-01,-3.5566802025e+00,2.4318107910e+03
199,4.9585390091e-01,-4.9366781116e-01,1.6423716545e+00,2.4314709473e+03
200,4.9557060003e-01,-4.9383965135e-01,-2.6040852070e+00,2.4311325684e+03
201,4.9575024843e-01,-4.9357360601e-01,-3.1267350912e-01,2.4307937012e+03
202,4.9550309777e-01,-4.9380084872e-01,-1.1859916449e+00,2.4304558105e+03
203,4.9567618966e-01,-4.9347886443e-01,-1.5416229963e+00,2.4301166992e+03
204,4.9556815624e-01,-4.9355217814e-01,1.3880610466e+00,2.4297785645e+03
205,4.9558424950e-01,-4.9345669150e-01,-1.7418078184e+00,2.4294399414e+03
206,4.9559423327e-01,-4.9336829782e-01,-1.7418078184e+00,2.4291018066e+03
207,4.9535086751e-01,-4.9352553487e-01,-2.5542149544e+00,2.4287631836e+03
208,4.9546292424e-01,-4.9338114262e-01,2.1273515224e+00,2.4284252930e+03
209,4.9529004097e-01,-4.9342641234e-01,-3.9346904755e+00,2.4280874023e+03
210,4.9535226822e-01,-4.9334472418e-01,1.1444200277e+00,2.4277495117e+03
211,4.9522092938e-01,-4.9336528778e-01,-2.6944758892e+00,2.4274108887e+03
212,4.9529898167e-01,-4.9322906137e-01,1.6620488167e+00,2.4270739746e+03
213,4.9512052536e-01,-4.9333903193e-01,-4.5263524055e+00,2.4267358398e+03
214,4.9520200491e-01,-4.9315515161e-01,2.7351086140e+00,2.4263989258e+03
215,4.9508255720e-01,-4.9324497581e-01,-4.1822562218e+00,2.4260610352e+03
216,4.9509850144e-01,-4.9311536551e-01,1.4453808069e+00,2.4257233887e+03
217,4.9500566721e-01,-4.9314951897e-01,-2.5628695488e+00,2.4253859863e+03
218,4.9503004551e-01,-4.9306762218e-01,1.2319966555e+00,2.4250490723e+03
219,4.9491599202e-01,-4.9306717515e-01,-4.7278342247e+00,2.4247119141e+03
220,4.9497509003e-01,-4.9298802018e-01,4.2390942574e+00,2.4243742676e+03
221,4.9482566118e-01,-4.9300667644e-01,-6.6561346054e+00,2.4240375977e+03
222,4.9487507343e-01,-4.9292871356e-01,4.3722281456e+00,2.4237009277e+03
223,4.9476647377e-01,-4.9293613434e-01,-5.2854995728e+00,2.4233637695e+03
224,4.9478107691e-01,-4.9285066128e-01,2.5893251896e+00,2.4230266113e+03
225,4.9473688006e-01,-4.9284890294e-01,-4.6878280640e+00,2.4226901855e+03
226,4.9468839169e-01,-4.9278709292e-01,3.1847310066e+00,2.4223535156e+03
227,4.9469068646e-01,-4.9274480343e-01,-5.5955553055e+00,2.4220170898e+03
228,4.9460363388e-01,-4.9273917079e-01,3.9202663898e+00,2.4216806641e+03
229,4.9458017945e-01,-4.9269044399e-01,-5.8495340347e+00,2.4213442383e+03
230,4.9453771114e-01,-4.9268376827e-01,3.9072823524e+00,2.4210080566e+03
231,4.9451211095e-01,-4.9259218574e-01,-6.1701641083e+00,2.4206713867e+03
232,4.9443575740e-01,-4.9264565110e-01,4.6950497627e+00,2.4203354492e+03
233,4.9446392059e-01,-4.9250593781e-01,-6.9086341858e+00,2.4199995117e+03
234,4.9434340000e-01,-4.9257120490e-01,5.0867609978e+00,2.4196635742e+03
235,4.9440604448e-01,-4.9244144559e-01,-7.0145235062e+00,2.4193281250e+03
236,4.9423035979e-01,-4.9251449108e-01,4.7135047913e+00,2.4189916992e+03
237,4.9433121085e-01,-4.9238821864e-01,-6.5576682091e+00,2.4186562500e+03
238,4.9420151114e-01,-4.9239575863e-01,5.0049514771e+00,2.4183208008e+03
239,4.9423703551e-01,-4.9233710766e-01,-7.2649297714e+00,2.4179848633e+03
240,4.9412879348e-01,-4.9233162403e-01,5.4747977257e+00,2.4176494141e+03
241,4.9418914318e-01,-4.9222198129e-01,-7.0090384483e+00,2.4173137207e+03
242,4.9404913187e-01,-4.9229010940e-01,4.4564003944e+00,2.4169782715e+03
243,4.9412479997e-01,-4.9212759733e-01,-5.6926221848e+00,2.4166430664e+03
244,4.9396035075e-01,-4.9224606156e-01,3.3481366634e+00,2.4163081055e+03
245,4.9406644702e-01,-4.9204540253e-01,-5.1874713898e+00,2.4159729004e+03
246,4.9386274815e-01,-4.9218922853e-01,3.3860099316e+00,2.4156376953e+03
247,4.9398288131e-01,-4.9199879169e-01,-5.8681154251e+00,2.4153027344e+03
248,4.9379202724e-01,-4.9210190773e-01,4.2288675308e+00,2.4149680176e+03
249,4.9373841286e-01,-4.9210378528e-01,-5.6115217209e+00,2.4146333008e+03
250,4.9363198876e-01,-4.9210140109e-01,1.8206921816e+00,2.4142985840e+03
251,4.9385663867e-01,-4.9183866382e-01,-1.5894514322e+00,2.4139638672e+03
252,4.9361538887e-01,-4.9200135469e-01,-7.9523462057e-01,2.4136291504e+03
253,4.9375754595e-01,-4.9178481102e-01,-1.4857695103e+00,2.4132954102e+03
254,4.9356743693e-01,-4.9192264676e-01,-1.0063709021e+00,2.4129604492e+03
255,4.9371001124e-01,-4.9168390036e-01,-7.3131990433e-01,2.4126257324e+03
256,4.9341711402e-01,-4.9192887545e-01,-1.1313713789e+00,2.4122919922e+03
257,4.9372243881e-01,-4.9154451489e-01,-1.5232509375e+00,2.4119577637e+03
258,4.9331942201e-01,-4.9186551571e-01,9.6614414454e-01,2.4116240234e+03
259,4.9366047978e-01,-4.9148499966e-01,-3.6468765736e+00,2.4112900391e+03
260,4.9324825406e-01,-4.9178022146e-01,1.9458646774e+00,2.4109555664e+03
261,4.9357575178e-01,-4.9143439531e-01,-3.9254000187e+00,2.4106220703e+03
262,4.9315986037e-01,-4.9172928929e-01,1.9654078484e+00,2.4102880859e+03
263,4.9350652099e-01,-4.9135613441e-01,-5.0592956543e+00,2.4099548340e+03
264,4.9307784438e-01,-4.9168419838e-01,4.6392054558e+00,2.4096206055e+03
265,4.9315908551e-01,-4.9155893922e-01,-8.1146631241e+00,2.4092871094e+03
266,4.9301064014e-01,-4.9162328243e-01,4.4365649223e+00,2.4089541016e+03
267,4.9334156513e-01,-4.9121856689e-01,-1.3273597956e+00,2.4086203613e+03
268,4.9297812581e-01,-4.9152338505e-01,-4.0788655281e+00,2.4082875977e+03
269,4.9319428205e-01,-4.9122852087e-01,2.9494757652e+00,2.4079541016e+03
270,4.9297833443e-01,-4.9137377739e-01,-5.1081023216e+00,2.4076206055e+03
271,4.9312424660e-01,-4.9117019773e-01,3.0021276474e+00,2.4072878418e+03
272,4.9281743169e-01,-4.9138608575e-01,-5.3746767044e+00,2.4069550781e+03
273,4.9314314127e-01,-4.9101868272e-01,1.9829063416e+00,2.4066220703e+03
274,4.9274167418e-01,-4.9132484198e-01,-1.2206466198e+00,2.4062890625e+03
275,4.9301949143e-01,-4.9099490047e-01,-2.7785279751e+00,2.4059572754e+03
276,4.9271622300e-01,-4.9122241139e-01,2.0835247040e+00,2.4056245117e+03
277,4.9291184545e-01,-4.9096244574e-01,-4.7916345596e+00,2.4052915039e+03
278,4.9261948466e-01,-4.9117773771e-01,2.0122194290e+00,2.4049589844e+03
279,4.9292141199e-01,-4.9082264304e-01,-2.7380645275e+00,2.4046259766e+03
280,4.9277660251e-01,-4.9088916183e-01,2.6540279388e+00,2.4042941895e+03
281,4.9282905459e-01,-4.9077782035e-01,-3.9123113155e+00,2.4039619141e+03
282,4.9251726270e-01,-4.9100771546e-01,-1.7014266253e+00,2.4036301270e+03
283,4.9269992113e-01,-4.9076414108e-01,7.8339123726e-01,2.4032978516e+03
284,4.9248260260e-01,-4.9091130495e-01,-3.2002170086e+00,2.4029665527e+03
285,4.9257528782e-01,-4.9074563384e-01,1.3689059019e+00,2.4026342773e+03
286,4.9241268635e-01,-4.9085071683e-01,-3.3422501087e+00,2.4023022461e+03
287,4.9256312847e-01,-4.9062055349e-01,1.1785832644e+00,2.4019704590e+03
288,4.9226343632e-01,-4.9085974693e-01,-2.8451480865e+00,2.4016391602e+03
289,4.9255204201e-01,-4.9050447345e-01,6.6256636381e-01,2.4013073730e+03
290,4.9216645956e-01,-4.9080982804e-01,-2.5565414429e+00,2.4009758301e+03
291,4.9247509241e-01,-4.9045684934e-01,-3.3311795443e-02,2.4006435547e+03
292,4.9210485816e-01,-4.9072757363e-01,-2.1801414490e+00,2.4003127441e+03
293,4.9238562584e-01,-4.9041375518e-01,3.4073504806e-01,2.3999816895e+03
294,4.9205294251e-01,-4.9064892530e-01,-2.7334272861e+00,2.3996508789e+03
295,4.9234989285e-01,-4.9030575156e-01,9.1196966171e-01,2.3993188477e+03
296,4.9192741513e-01,-4.9065011740e-01,-1.9942963123e+00,2.3989877930e+03
297,4.9228286743e-01,-4.9023127556e-01,-2.0467102528e+00,2.3986574707e+03
298,4.9188709259e-01,-4.9056279659e-01,1.5067733526e+00,2.3983264160e+03
299,4.9219295382e-01,-4.9018123746e-01,-4.0486373901e+00,2.3979958496e+03
300,4.9183747172e-01,-4.9048048258e-01,1.8537288904e+00,2.3976650391e+03
301,4.9212986231e-01,-4.9010854959e-01,-2.4408020973e+00,2.3973342285e+03
302,4.9176782370e-01,-4.9041011930e-01,-9.7603952885e-01,2.3970031738e+03
303,4.9208834767e-01,-4.9001923203e-01,3.6048024893e-01,2.3966730957e+03
304,4.9166542292e-01,-4.9037805200e-01,-2.5159597397e+00,2.3963430176e+03
305,4.9200522900e-01,-4.8997092247e-01,-1.5250178576e+00,2.3960124512e+03
306,4.9183493853e-01,-4.9007716775e-01,2.2130856514e+00,2.3956821289e+03
307,4.9189314246e-01,-4.8994240165e-01,-4.9996538162e+00,2.3953522949e+03
308,4.9161267281e-01,-4.9018332362e-01,1.6877133846e+00,2.3950219727e+03
309,4.9181157351e-01,-4.8987701535e-01,-2.5161683559e+00,2.3946923828e+03
310,4.9155715108e-01,-4.9011301994e-01,-9.1103059053e-01,2.3943620605e+03
311,4.9173891544e-01,-4.8982059956e-01,2.2684054077e-01,2.3940324707e+03
312,4.9145039916e-01,-4.9008592963e-01,-3.2456278801e+00,2.3937021484e+03
313,4.9172526598e-01,-4.8970761895e-01,-3.2888913155e-01,2.3933732910e+03
314,4.9137187004e-01,-4.9002707005e-01,1.6002374887e+00,2.3930434570e+03
315,4.9140277505e-01,-4.8992359638e-01,-5.6218996048e+00,2.3927138672e+03
316,4.9135166407e-01,-4.8991099000e-01,3.3146691322e+00,2.3923842773e+03
317,4.9154391885e-01,-4.8962613940e-01,-3.5276143551e+00,2.3920544434e+03
318,4.9127775431e-01,-4.8986810446e-01,-3.6892995238e-01,2.3917250977e+03
319,4.9145710468e-01,-4.8957222700e-01,-1.1676174402e+00,2.3913967285e+03
320,4.9122336507e-01,-4.8978865147e-01,-1.5310901403e+00,2.3910673828e+03
321,4.9142444134e-01,-4.8947763443e-01,-2.8639063239e-01,2.3907382812e+03
322,4.9108755589e-01,-4.8979043961e-01,-1.9284125566e+00,2.3904091797e+03
323,4.9140372872e-01,-4.8937806487e-01,-1.8885340691e+00,2.3900803223e+03
324,4.9100598693e-01,-4.8973685503e-01,1.0123140812e+00,2.3897517090e+03
325,4.9131920934e-01,-4.8933127522e-01,-3.8998711109e+00,2.3894226074e+03
326,4.9095854163e-01,-4.8965936899e-01,2.1514279842e+00,2.3890937500e+03
327,4.9125868082e-01,-4.8925548792e-01,-4.1046075821e+00,2.3887656250e+03
328,4.9086126685e-01,-4.8963394761e-01,1.7079728842e+00,2.3884375000e+03
329,4.9124464393e-01,-4.8913314939e-01,-3.9195802212e+00,2.3881081543e+03
330,4.9109703302e-01,-4.8923322558e-01,4.1021175385e+00,2.3877802734e+03
331,4.9114853144e-01,-4.8910686374e-01,-4.9984121323e+00,2.3874519043e+03
332,4.9080741405e-01,-4.8941439390e-01,-2.7241218090e+00,2.3871232910e+03
333,4.9101671576e-01,-4.8911103606e-01,3.5104079247e+00,2.3867954102e+03
334,4.9081274867e-01,-4.8928353190e-01,-5.7992053032e+00,2.3864672852e+03
335,4.9084416032e-01,-4.8917013407e-01,3.0798177719e+00,2.3861396484e+03
336,4.9083378911e-01,-4.8912152648e-01,-3.9549710751e+00,2.3858115234e+03
337,4.9077990651e-01,-4.8911324143e-01,2.0163657665e+00,2.3854836426e+03
338,4.9070721865e-01,-4.8911601305e-01,-6.2630009651e+00,2.3851560059e+03
339,4.9081960320e-01,-4.8895496130e-01,5.7864894867e+00,2.3848286133e+03
340,4.9058142304e-01,-4.8909494281e-01,-7.1213626862e+00,2.3845012207e+03
341,4.9071383476e-01,-4.8895904422e-01,1.2762744427e+00,2.3841733398e+03
342,4.9062779546e-01,-4.8889803886e-01,1.6181302071e+00,2.3838454590e+03
343,4.9052837491e-01,-4.8902678490e-01,-8.0314617157e+00,2.3835187988e+03
344,4.9067091942e-01,-4.8874044418e-01,4.3802003860e+00,2.3831918945e+03
345,4.9046719074e-01,-4.8895171285e-01,-4.4107837677e+00,2.3828642578e+03
346,4.9054041505e-01,-4.8874521255e-01,1.5404791832e+00,2.3825371094e+03
347,4.9044358730e-01,-4.8883956671e-01,-2.2859971523e+00,2.3822097168e+03
348,4.9046319723e-01,-4.8870244622e-01,6.3959848881e-01,2.3818830566e+03
349,4.9032226205e-01,-4.8882648349e-01,-4.2893309593e+00,2.3815559082e+03
350,4.9049982429e-01,-4.8854508996e-01,2.4787971973e+00,2.3812290039e+03
351,4.9031695724e-01,-4.8868089914e-01,-1.2752307653e+00,2.3809025879e+03
352,4.9039697647e-01,-4.8852172494e-01,-1.9774200916e+00,2.3805754395e+03
353,4.9021258950e-01,-4.8868152499e-01,-2.6467549801e+00,2.3802495117e+03
354,4.9032995105e-01,-4.8845985532e-01,1.4485887289e+00,2.3799223633e+03
355,4.9015435576e-01,-4.8861286044e-01,-4.4289255142e+00,2.3795959473e+03
356,4.9025121331e-01,-4.8842465878e-01,2.2876195908e+00,2.3792697754e+03
357,4.9010857940e-01,-4.8852249980e-01,-4.3751516342e+00,2.3789438477e+03
358,4.9019891024e-01,-4.8835813999e-01,2.6817998886e+00,2.3786169434e+03
359,4.8999860883e-01,-4.8850521445e-01,-5.8698964119e+00,2.3782915039e+03
360,4.9018380046e-01,-4.8824712634e-01,5.1525683403e+00,2.3779653320e+03
361,4.8991402984e-01,-4.8846533895e-01,-7.8092164993e+00,2.3776391602e+03
362,4.9011757970e-01,-4.8818153143e-01,4.5202164650e+00,2.3773127441e+03
363,4.8989483714e-01,-4.8836952448e-01,-5.8260879517e+00,2.3769875488e+03
364,4.9004653096e-01,-4.8812064528e-01,2.2216920853e+00,2.3766613770e+03
365,4.8982027173e-01,-4.8832398653e-01,-4.5851931572e+00,2.3763359375e+03
366,4.9004173279e-01,-4.8799952865e-01,2.8132801056e+00,2.3760107422e+03
367,4.8980528116e-01,-4.8820224404e-01,-1.3571584225e+00,2.3756845703e+03
368,4.8996353149e-01,-4.8796513677e-01,-1.4715319872e+00,2.3753588867e+03
369,4.8972868919e-01,-4.8815608025e-01,-4.6392483711e+00,2.3750341797e+03
370,4.8987320065e-01,-4.8793154955e-01,3.5873143673e+00,2.3747084961e+03
371,4.8968130350e-01,-4.8807767034e-01,-6.6414451599e+00,2.3743835449e+03
372,4.8976764083e-01,-4.8791286349e-01,4.0771665573e+00,2.3740581055e+03
373,4.8966637254e-01,-4.8797777295e-01,-5.7935557365e+00,2.3737329102e+03
374,4.8969513178e-01,-4.8784744740e-01,3.5746514797e+00,2.3734077148e+03
375,4.8954758048e-01,-4.8797255754e-01,-6.2954745293e+00,2.3730832520e+03
376,4.8972535133e-01,-4.8769247532e-01,3.9353985786e+00,2.3727587891e+03
377,4.8946151137e-01,-4.8793500662e-01,-6.0934267044e+00,2.3724335938e+03
378,4.8966085911e-01,-4.8764312267e-01,2.6315360069e+00,2.3721088867e+03
379,4.8942416906e-01,-4.8784646392e-01,-3.9441146851e+00,2.3717844238e+03
380,4.8959127069e-01,-4.8759233952e-01,1.8787107468e+00,2.3714597168e+03
381,4.8935028911e-01,-4.8780435324e-01,-4.9883465767e+00,2.3711350098e+03
382,4.8951360583e-01,-4.8755848408e-01,-2.8470042348e-01,2.3708107910e+03
383,4.8932027817e-01,-4.8770636320e-01,-1.5857676268e+00,2.3704865723e+03
384,4.8943898082e-01,-4.8749092221e-01,2.1191418171e+00,2.3701621094e+03
385,4.8929113150e-01,-4.8762226105e-01,-5.2144856453e+00,2.3698378906e+03
386,4.8937788606e-01,-4.8743289709e-01,2.9696085453e+00,2.3695146484e+03
387,4.8925161362e-01,-4.8752510548e-01,-4.9223561287e+00,2.3691896973e+03
388,4.8931810260e-01,-4.8738560081e-01,2.1839759350e+00,2.3688654785e+03
389,4.8918297887e-01,-4.8745992780e-01,-5.1135158539e+00,2.3685424805e+03
390,4.8931112885e-01,-4.8724880815e-01,3.5309851170e+00,2.3682182617e+03
391,4.8903897405e-01,-4.8749542236e-01,-6.3375449181e+00,2.3678945312e+03
392,4.8929488659e-01,-4.8715138435e-01,3.1942818165e+00,2.3675710449e+03
393,4.8900902271e-01,-4.8741424084e-01,-4.6582260132e+00,2.3672470703e+03
394,4.8921620846e-01,-4.8709529638e-01,1.7853510380e+00,2.3669233398e+03
395,4.8897531629e-01,-4.8733583093e-01,-3.7797389030e+00,2.3666000977e+03
396,4.8918661475e-01,-4.8699647188e-01,1.3696331978e+00,2.3662768555e+03
397,4.8886239529e-01,-4.8733401299e-01,-3.9123256207e+00,2.3659533691e+03
398,4.8903584480e-01,-4.8705807328e-01,-1.9407794476e+00,2.3656301270e+03
399,4.8885568976e-01,-4.8720115423e-01,6.4049318433e-02,2.3653071289e+03
400,4.8903861642e-01,-4.8692005873e-01,9.4138777256e-01,2.3649843750e+03
401,4.8882567883e-01,-4.8711365461e-01,-5.0251803398e+00,2.3646608887e+03
402,4.8896235228e-01,-4.8687118292e-01,3.2488772869e+00,2.3643381348e+03
403,4.8880252242e-01,-4.8701459169e-01,-5.6567392349e+00,2.3640156250e+03
404,4.8889830709e-01,-4.8680609465e-01,2.7557632923e+00,2.3636926270e+03
405,4.8870494962e-01,-4.8699969053e-01,-5.0520696640e+00,2.3633696289e+03
406,4.8892354965e-01,-4.8665288091e-01,2.1126968861e+00,2.3630473633e+03
407,4.8859977722e-01,-4.8698744178e-01,-5.0686235428e+00,2.3627241211e+03
408,4.8888176680e-01,-4.8657950759e-01,1.9261639118e+00,2.3624023438e+03
409,4.8855933547e-01,-4.8690494895e-01,-3.3656733036e+00,2.3620798340e+03
410,4.8880544305e-01,-4.8653474450e-01,9.3124285340e-02,2.3617575684e+03
411,4.8850896955e-01,-4.8683616519e-01,-2.5142216682e+00,2.3614348145e+03
412,4.8879486322e-01,-4.8641881347e-01,6.9291174412e-01,2.3611125488e+03
413,4.8861619830e-01,-4.8656076193e-01,1.6674105078e-02,2.3607902832e+03
414,4.8865905404e-01,-4.8645597696e-01,-2.4884324074e+00,2.3604685059e+03
415,4.8869559169e-01,-4.8635801673e-01,-2.4884324074e+00,2.3601459961e+03
416,4.8847383261e-01,-4.8655891418e-01,-3.0748155117e+00,2.3598239746e+03
417,4.8853614926e-01,-4.8638620973e-01,2.3011786938e+00,2.3595021973e+03
418,4.8845854402e-01,-4.8645457625e-01,-4.9589195251e+00,2.3591806641e+03
419,4.8844555020e-01,-4.8637673259e-01,2.2778851986e+00,2.3588586426e+03
420,4.8840808868e-01,-4.8636987805e-01,-4.5701451302e+00,2.3585371094e+03
421,4.8840242624e-01,-4.8630511761e-01,2.8475174904e+00,2.3582160645e+03
422,4.8833051324e-01,-4.8633173108e-01,-6.8448023796e+00,2.3578942871e+03
423,4.8838433623e-01,-4.8620447516e-01,5.4195065498e+00,2.3575727539e+03
424,4.8829519749e-01,-4.8623982072e-01,-8.2324962616e+00,2.3572517090e+03
425,4.8829516768e-01,-4.8619085550e-01,3.5413601398e+00,2.3569301758e+03
426,4.8825976253e-01,-4.8612761497e-01,-2.6918339729e+00,2.3566086426e+03
427,4.8826566339e-01,-4.8612266779e-01,-3.1738986969e+00,2.3562873535e+03
428,4.8816856742e-01,-4.8608076572e-01,1.9664888382e+00,2.3559663086e+03
429,4.8821309209e-01,-4.8607012630e-01,-5.1433377266e+00,2.3556457520e+03
430,4.8819163442e-01,-4.8597031832e-01,-1.3684251308e+00,2.3553247070e+03
431,4.8803821206e-01,-4.8611056805e-01,2.5981682539e-01,2.3550039062e+03
432,4.8819670081e-01,-4.8583102226e-01,-1.1294527054e+00,2.3546828613e+03
433,4.8803338408e-01,-4.8597797751e-01,-8.9691293240e-01,2.3543623047e+03
434,4.8809704185e-01,-4.8581472039e-01,-2.3587360382e+00,2.3540412598e+03
435,4.8798319697e-01,-4.8591020703e-01,1.0541941226e-01,2.3537211914e+03
436,4.8807573318e-01,-4.8570686579e-01,-3.5090997219e+00,2.3534001465e+03
437,4.8794129491e-01,-4.8583239317e-01,2.1071667671e+00,2.3530805664e+03
438,4.8787829280e-01,-4.8583418131e-01,-3.2125763893e+00,2.3527595215e+03
439,4.8795416951e-01,-4.8568698764e-01,-3.4068575501e-01,2.3524394531e+03
440,4.8791292310e-01,-4.8566684127e-01,-3.7047114372e+00,2.3521191406e+03
441,4.8792064190e-01,-4.8559752107e-01,2.4512365460e-01,2.3517990723e+03
442,4.8783490062e-01,-4.8562163115e-01,-2.5151662827e+00,2.3514787598e+03
443,4.8781219125e-01,-4.8559364676e-01,-1.3402754068e+00,2.3511589355e+03
444,4.8785820603e-01,-4.8546698689e-01,-1.3117414713e+00,2.3508386230e+03
445,4.8775565624e-01,-4.8552772403e-01,-3.6915624142e-01,2.3505190430e+03
446,4.8769125342e-01,-4.8556500673e-01,-2.8316769600e+00,2.3501987305e+03
447,4.8775634170e-01,-4.8541167378e-01,8.3091640472e-01,2.3498796387e+03
448,4.8770821095e-01,-4.8539525270e-01,-6.1999545097e+00,2.3495593262e+03
449,4.8769685626e-01,-4.8534840345e-01,4.1550440788e+00,2.3492397461e+03
450,4.8768210411e-01,-4.8528653383e-01,-6.2626371384e+00,2.3489204102e+03
451,4.8758390546e-01,-4.8535209894e-01,1.6097288132e+00,2.3486013184e+03
452,4.8770272732e-01,-4.8514384031e-01,-2.8971128464e+00,2.3482817383e+03
453,4.8750489950e-01,-4.8529893160e-01,-6.0458183289e-01,2.3479621582e+03
454,4.8752871156e-01,-4.8524227738e-01,-2.4901983738e+00,2.3476425781e+03
455,4.8749831319e-01,-4.8518785834e-01,2.2327060997e-01,2.3473234863e+03
456,4.8758301139e-01,-4.8501184583e-01,-2.8626532555e+00,2.3470041504e+03
457,4.8741841316e-01,-4.8517403007e-01,-8.9481914043e-01,2.3466853027e+03
458,4.8756369948e-01,-4.8490715027e-01,-1.1425366402e+00,2.3463659668e+03
459,4.8735323548e-01,-4.8512694240e-01,-3.8371651173e+00,2.3460471191e+03
460,4.8753160238e-01,-4.8481789231e-01,1.9572818279e+00,2.3457282715e+03
461,4.8728120327e-01,-4.8505979776e-01,-4.1840615273e+00,2.3454096680e+03
462,4.8733276129e-01,-4.8497641087e-01,-1.5668764114e+00,2.3450908203e+03
463,4.8732200265e-01,-4.8490366340e-01,1.5530157089e-01,2.3447722168e+03
464,4.8732545972e-01,-4.8474469781e-01,-1.5207245350e+00,2.3444536133e+03
465,4.8727214336e-01,-4.8486274481e-01,-3.4557681084e+00,2.3441347656e+03
466,4.8729565740e-01,-4.8467358947e-01,1.6725674868e+00,2.3438164062e+03
467,4.8728311062e-01,-4.8471090198e-01,-5.0489010811e+00,2.3434985352e+03
468,4.8715707660e-01,-4.8472142220e-01,1.2908924818e+00,2.3431796875e+03
469,4.8728334904e-01,-4.8460361362e-01,-3.9075384140e+00,2.3428610840e+03
470,4.8720851541e-01,-4.8463678360e-01,7.2911322117e-01,2.3425432129e+03
471,4.8721653223e-01,-4.8453402519e-01,-2.0726187229e+00,2.3422248535e+03
472,4.8705786467e-01,-4.8452216387e-01,-3.0856833458e+00,2.3419069824e+03
473,4.8722800612e-01,-4.8444667459e-01,3.7807125598e-02,2.3415893555e+03
474,4.8698762059e-01,-4.8446914554e-01,-2.5997588634e+00,2.3412712402e+03
475,4.8711031675e-01,-4.8440685868e-01,-7.1608632803e-01,2.3409533691e+03
476,4.8697993159e-01,-4.8442509770e-01,-2.2697072029e+00,2.3406352539e+03
477,4.8706465960e-01,-4.8433992267e-01,-1.7263736725e+00,2.3403173828e+03
478,4.8696219921e-01,-4.8434317112e-01,-1.5677486360e-01,2.3399997559e+03
479,4.8691967130e-01,-4.8425820470e-01,-2.7418298721e+00,2.3396828613e+03
480,4.8688408732e-01,-4.8424217105e-01,-9.4752013683e-01,2.3393647461e+03
481,4.8694095016e-01,-4.8425465822e-01,-1.4071508646e+00,2.3390476074e+03
482,4.8685553670e-01,-4.8414522409e-01,-2.5317196846e+00,2.3387297363e+03
483,4.8689207435e-01,-4.8417100310e-01,-1.2493134737e+00,2.3384125977e+03
484,4.8682773113e-01,-4.8408803344e-01,-9.9295890331e-01,2.3380952148e+03
485,4.8686867952e-01,-4.8404482007e-01,-3.6159148216e+00,2.3377780762e+03
486,4.8671662807e-01,-4.8407271504e-01,1.2306950092e+00,2.3374609375e+03
487,4.8666912317e-01,-4.8402971029e-01,-3.8190572262e+00,2.3371442871e+03
488,4.8668444157e-01,-4.8397225142e-01,-4.0907776356e-01,2.3368266602e+03
489,4.8680672050e-01,-4.8389258981e-01,-1.3427340984e+00,2.3365102539e+03
490,4.8664331436e-01,-4.8391222954e-01,-2.9227347374e+00,2.3361923828e+03
491,4.8672068119e-01,-4.8381963372e-01,-9.1902923584e-01,2.3358759766e+03
492,4.8663938046e-01,-4.8383569717e-01,-2.6892800331e+00,2.3355595703e+03
493,4.8660588264e-01,-4.8377570510e-01,-3.2231697440e-01,2.3352426758e+03
494,4.8659229279e-01,-4.8375204206e-01,-2.2922530174e+00,2.3349260254e+03
495,4.8659121990e-01,-4.8370328546e-01,-1.6468384266e+00,2.3346096191e+03
496,4.8654976487e-01,-4.8365253210e-01,-1.6728543043e+00,2.3342927246e+03
497,4.8657250404e-01,-4.8367553949e-01,-1.4235625267e+00,2.3339763184e+03
498,4.8647248745e-01,-4.8353567719e-01,-2.2386991978e+00,2.3336606445e+03
499,4.8654240370e-01,-4.8359787464e-01,-1.5071306229e+00,2.3333442383e+03
500,4.8642942309e-01,-4.8348197341e-01,-2.9667931795e-01,2.3330270996e+03
501,4.8644042015e-01,-4.8350727558e-01,-5.5297236443e+00,2.3327116699e+03
502,4.8649725318e-01,-4.8342019320e-01,-3.1862023473e-01,2.3323955078e+03
503,4.8640024662e-01,-4.8339992762e-01,-2.4793074131e+00,2.3320791016e+03
504,4.8630702496e-01,-4.8338249326e-01,-1.3991076946e+00,2.3317634277e+03
505,4.8633903265e-01,-4.8330801725e-01,2.1455818415e-01,2.3314477539e+03
506,4.8641377687e-01,-4.8329356313e-01,-1.1449352503e+00,2.3311315918e+03
507,4.8619008064e-01,-4.8327991366e-01,-3.6725440025e+00,2.3308159180e+03
508,4.8638233542e-01,-4.8318251967e-01,6.4320743084e-02,2.3305000000e+03
509,4.8617890477e-01,-4.8325431347e-01,-3.0797369480e+00,2.3301843262e+03
510,4.8624476790e-01,-4.8308435082e-01,-1.0141928196e+00,2.3298691406e+03
511,4.8618328571e-01,-4.8322072625e-01,-2.1946737766e+00,2.3295534668e+03
512,4.8618388176e-01,-4.8301231861e-01,-1.6078056097e+00,2.3292380371e+03
513,4.8610204458e-01,-4.8311209679e-01,-1.5896573067e+00,2.3289223633e+03
514,4.8617321253e-01,-4.8295262456e-01,-2.0858857632e+00,2.3286069336e+03
515,4.8604321480e-01,-4.8304092884e-01,-1.4763214588e+00,2.3282919922e+03
516,4.8614349961e-01,-4.8286911845e-01,-1.5815029144e+00,2.3279760742e+03
517,4.8593965173e-01,-4.8296049237e-01,-3.6079332829e+00,2.3276616211e+03
518,4.8613458872e-01,-4.8281088471e-01,2.2081930637e+00,2.3273461914e+03
519,4.8589470983e-01,-4.8288398981e-01,-6.8760461807e+00,2.3270312500e+03
520,4.8605728149e-01,-4.8272719979e-01,2.8536930084e+00,2.3267160645e+03
521,4.8589128256e-01,-4.8282414675e-01,-5.3296928406e+00,2.3264013672e+03
522,4.8595350981e-01,-4.8265883327e-01,1.5089365840e-01,2.3260869141e+03
523,4.8586890101e-01,-4.8276525736e-01,-3.0017807484e+00,2.3257717285e+03
524,4.8590999842e-01,-4.8256325722e-01,-8.8642907143e-01,2.3254567871e+03
525,4.8579391837e-01,-4.8270028830e-01,-2.9235959053e+00,2.3251430664e+03
526,4.8590275645e-01,-4.8247724771e-01,-2.9006358981e-01,2.3248281250e+03
527,4.8570039868e-01,-4.8263353109e-01,-3.7711448669e+00,2.3245139160e+03
528,4.8589679599e-01,-4.8238822818e-01,-3.9358264208e-01,2.3241989746e+03
529,4.8560205102e-01,-4.8257580400e-01,-2.8266551495e+00,2.3238847656e+03
530,4.8589575291e-01,-4.8230937123e-01,-1.4242917299e-02,2.3235705566e+03
531,4.8552593589e-01,-4.8251396418e-01,-4.5802040100e+00,2.3232561035e+03
532,4.8584321141e-01,-4.8222032189e-01,1.1574519873e+00,2.3229418945e+03
533,4.8549878597e-01,-4.8243454099e-01,-4.4081559181e+00,2.3226274414e+03
534,4.8576316237e-01,-4.8214650154e-01,-4.1622972488e-01,2.3223137207e+03
535,4.8549443483e-01,-4.8234844208e-01,-1.9022585154e+00,2.3219995117e+03
536,4.8568266630e-01,-4.8206889629e-01,-3.4059960842e+00,2.3216855469e+03
537,4.8544025421e-01,-4.8231551051e-01,-9.6496820450e-02,2.3213715820e+03
538,4.8565289378e-01,-4.8197314143e-01,-4.0914559364e+00,2.3210581055e+03
539,4.8555284739e-01,-4.8203787208e-01,1.2633222342e+00,2.3207443848e+03
540,4.8559352756e-01,-4.8194086552e-01,-2.9238014221e+00,2.3204301758e+03
541,4.8559397459e-01,-4.8186406493e-01,-4.0174784660e+00,2.3201164551e+03
542,4.8533385992e-01,-4.8204836249e-01,-2.2511222363e+00,2.3198027344e+03
543,4.8547628522e-01,-4.8188349605e-01,9.6383899450e-01,2.3194890137e+03
544,4.8531419039e-01,-4.8194673657e-01,-4.5431728363e+00,2.3191762695e+03
545,4.8539876938e-01,-4.8183983564e-01,1.8572367728e-02,2.3188627930e+03
546,4.8526552320e-01,-4.8188614845e-01,-3.7674717903e+00,2.3185490723e+03
547,4.8538619280e-01,-4.8170053959e-01,4.4494751096e-01,2.3182360840e+03
548,4.8518979549e-01,-4.8186382651e-01,-5.0888152122e+00,2.3179223633e+03
549,4.8531141877e-01,-4.8162674904e-01,9.5210099220e-01,2.3176098633e+03
550,4.8516100645e-01,-4.8176291585e-01,-4.5349841118e+00,2.3172961426e+03
551,4.8524856567e-01,-4.8157808185e-01,-4.2397886515e-01,2.3169836426e+03
552,4.8513111472e-01,-4.8165225983e-01,-2.9146873951e+00,2.3166704102e+03
553,4.8520463705e-01,-4.8152214289e-01,-3.9972257614e-01,2.3163576660e+03
554,4.8503509164e-01,-4.8160016537e-01,-5.0441446304e+00,2.3160451660e+03
555,4.8520341516e-01,-4.8141622543e-01,2.4666624069e+00,2.3157326660e+03
556,4.8494365811e-01,-4.8155379295e-01,-6.9160952568e+00,2.3154184570e+03
557,4.8516890407e-01,-4.8132726550e-01,2.1405084133e+00,2.3151066895e+03
558,4.8489093781e-01,-4.8148885369e-01,-4.9446039200e+00,2.3147939453e+03
559,4.8510932922e-01,-4.8124074936e-01,-1.9777822495e-01,2.3144816895e+03
560,4.8484465480e-01,-4.8143392801e-01,-3.6152322292e+00,2.3141684570e+03
561,4.8505994678e-01,-4.8113712668e-01,-1.8265742064e-01,2.3138562012e+03
562,4.8477673531e-01,-4.8139524460e-01,-4.4846649170e+00,2.3135439453e+03
563,4.8502951860e-01,-4.8102918267e-01,4.6560555696e-01,2.3132314453e+03
564,4.8474687338e-01,-4.8128184676e-01,-3.2188224792e+00,2.3129194336e+03
565,4.8496460915e-01,-4.8098292947e-01,-2.3910822868e+00,2.3126074219e+03
566,4.8465970159e-01,-4.8123669624e-01,-1.4576898813e+00,2.3122949219e+03
567,4.8494929075e-01,-4.8088899255e-01,-3.4197452068e+00,2.3119831543e+03
568,4.8480391502e-01,-4.8096618056e-01,8.7454998493e-01,2.3116713867e+03
569,4.8485219479e-01,-4.8087358475e-01,-2.9359679222e+00,2.3113593750e+03
570,4.8489180207e-01,-4.8078867793e-01,-2.9359679222e+00,2.3110471191e+03
571,4.8460757732e-01,-4.8097214103e-01,-4.3402414322e+00,2.3107355957e+03
572,4.8472914100e-01,-4.8078927398e-01,1.2867366076e+00,2.3104238281e+03
573,4.8456516862e-01,-4.8088118434e-01,-4.9097771645e+00,2.3101123047e+03
574,4.8459628224e-01,-4.8076447845e-01,-5.3597956896e-01,2.3098002930e+03
575,4.8452451825e-01,-4.8081651330e-01,-3.0587139130e+00,2.3094890137e+03
576,4.8460572958e-01,-4.8062440753e-01,-7.8601163626e-01,2.3091770020e+03
577,4.8441976309e-01,-4.8078620434e-01,-4.3972849846e+00,2.3088657227e+03
578,4.8457583785e-01,-4.8054632545e-01,4.6111199260e-01,2.3085541992e+03
579,4.8435747623e-01,-4.8069155216e-01,-4.3962502480e+00,2.3082429199e+03
580,4.8446980119e-01,-4.8050606251e-01,-6.8207532167e-01,2.3079316406e+03
581,4.8434540629e-01,-4.8059147596e-01,-3.2342524529e+00,2.3076203613e+03
582,4.8442924023e-01,-4.8043107986e-01,-9.6180844307e-01,2.3073093262e+03
583,4.8426520824e-01,-4.8053675890e-01,-4.5376572609e+00,2.3069987793e+03
584,4.8440915346e-01,-4.8033013940e-01,9.6083837748e-01,2.3066875000e+03
585,4.8412638903e-01,-4.8052689433e-01,-4.9801387787e+00,2.3063759766e+03
586,4.8439577222e-01,-4.8021620512e-01,-7.2752815485e-01,2.3060651855e+03
587,4.8409116268e-01,-4.8045107722e-01,-2.7125110626e+00,2.3057546387e+03
588,4.8435008526e-01,-4.8011654615e-01,-2.3182175159e+00,2.3054440918e+03
589,4.8401993513e-01,-4.8040938377e-01,-2.5329911709e+00,2.3051330566e+03
590,4.8428532481e-01,-4.8007351160e-01,-2.1533730030e+00,2.3048222656e+03
591,4.8396697640e-01,-4.8033052683e-01,-1.5003188848e+00,2.3045117188e+03
592,4.8403435946e-01,-4.8018130660e-01,-4.5326495171e+00,2.3042011719e+03
593,4.8397043347e-01,-4.8018714786e-01,-1.9331593513e+00,2.3038911133e+03
594,4.8391136527e-01,-4.8018580675e-01,-1.9331593513e+00,2.3035808105e+03
595,4.8386338353e-01,-4.8016905785e-01,-2.8414258361e-01,2.3032702637e+03
596,4.8404994607e-01,-4.7989347577e-01,-2.3756568432e+00,2.3029602051e+03
597,4.8388126493e-01,-4.7999244928e-01,-4.8968539238e+00,2.3026499023e+03
598,4.8397406936e-01,-4.7984308004e-01,6.9416415691e-01,2.3023398438e+03
599,4.8384594917e-01,-4.7991293669e-01,-4.5356683731e+00,2.3020295410e+03
600,4.8393020034e-01,-4.7974276543e-01,-1.2075742483e+00,2.3017197266e+03
601,4.8372817039e-01,-4.7990930080e-01,-3.0898420811e+00,2.3014099121e+03
602,4.8392435908e-01,-4.7961261868e-01,-1.3536936045e+00,2.3010998535e+03
603,4.8364841938e-01,-4.7985294461e-01,-3.8391232491e+00,2.3007900391e+03
604,4.8387080431e-01,-4.7954356670e-01,-5.8351588249e-01,2.3004804688e+03
605,4.8359623551e-01,-4.7976112366e-01,-3.9085316658e+00,2.3001704102e+03
606,4.8381152749e-01,-4.7948014736e-01,-1.1677886248e+00,2.2998613281e+03
607,4.8354351521e-01,-4.7966796160e-01,-2.6993427277e+00,2.2995510254e+03
608,4.8375967145e-01,-4.7939568758e-01,-2.3960683346e+00,2.2992414551e+03
609,4.8363521695e-01,-4.7944113612e-01,-4.2988261580e-01,2.2989316406e+03
610,4.8361483216e-01,-4.7937873006e-01,-3.3014762402e+00,2.2986223145e+03
611,4.8359617591e-01,-4.7931882739e-01,-3.3014762402e+00,2.2983129883e+03
612,4.8350289464e-01,-4.7940620780e-01,-4.2803692818e+00,2.2980034180e+03
613,4.8348146677e-01,-4.7931897640e-01,6.7458808422e-01,2.2976943359e+03
614,4.8346173763e-01,-4.7930425406e-01,-5.1080255508e+00,2.2973847656e+03
615,4.8342320323e-01,-4.7926840186e-01,-4.1723045707e-01,2.2970751953e+03
616,4.8334866762e-01,-4.7926315665e-01,-3.7948091030e+00,2.2967668457e+03
617,4.8340350389e-01,-4.7913786769e-01,-1.7055133581e+00,2.2964572754e+03
618,4.8326894641e-01,-4.7919422388e-01,-4.5453877449e+00,2.2961484375e+03
619,4.8329463601e-01,-4.7915458679e-01,1.7451282740e+00,2.2958398438e+03
620,4.8328897357e-01,-4.7902780771e-01,-6.5973253250e+00,2.2955302734e+03
621,4.8314386606e-01,-4.7911205888e-01,-3.4925687313e-01,2.2952221680e+03
622,4.8326960206e-01,-4.7897991538e-01,-2.0199737549e+00,2.2949130859e+03
623,4.8312503099e-01,-4.7898879647e-01,-3.7865350246e+00,2.2946040039e+03
624,4.8321330547e-01,-4.7892469168e-01,-8.8887536526e-01,2.2942958984e+03
625,4.8305475712e-01,-4.7900179029e-01,-4.1489062309e+00,2.2939870605e+03
626,4.8322623968e-01,-4.7874653339e-01,-3.1748586893e-01,2.2936784668e+03
627,4.8295015097e-01,-4.7895464301e-01,-4.8817806244e+00,2.2933701172e+03
628,4.8310363293e-01,-4.7867920995e-01,-1.1792986393e+00,2.2930620117e+03
629,4.8287725449e-01,-4.7883293033e-01,-3.1863880157e+00,2.2927534180e+03
630,4.8302611709e-01,-4.7865140438e-01,-2.3847596645e+00,2.2924448242e+03
631,4.8286041617e-01,-4.7873792052e-01,-2.2974092960e+00,2.2921367188e+03
632,4.8297467828e-01,-4.7857773304e-01,-2.0451946259e+00,2.2918288574e+03
633,4.8276686668e-01,-4.7870141268e-01,-4.5700111389e+00,2.2915209961e+03
634,4.8294639587e-01,-4.7845953703e-01,-7.1529291570e-02,2.2912121582e+03
635,4.8268121481e-01,-4.7865888476e-01,-4.5230755806e+00,2.2909042969e+03
636,4.8290309310e-01,-4.7837015986e-01,-1.3266329765e+00,2.2905964355e+03
637,4.8260775208e-01,-4.7859251499e-01,-2.8443965912e+00,2.2902883301e+03
638,4.8285365105e-01,-4.7828751802e-01,-2.5551822186e+00,2.2899809570e+03
639,4.8252236843e-01,-4.7853657603e-01,-3.1221535206e+00,2.2896730957e+03
640,4.8277199268e-01,-4.7822231054e-01,-2.0052587986e+00,2.2893652344e+03
641,4.8246425390e-01,-4.7848263383e-01,-3.0930905342e+00,2.2890571289e+03
642,4.8253902793e-01,-4.7832724452e-01,-4.0421833992e+00,2.2887500000e+03
643,4.8249223828e-01,-4.7832608223e-01,-1.5098989010e+00,2.2884431152e+03
644,4.8244535923e-01,-4.7832170129e-01,-1.5098989010e+00,2.2881354980e+03
645,4.8239812255e-01,-4.7831472754e-01,-1.5098989010e+00,2.2878278809e+03
646,4.8251029849e-01,-4.7806087136e-01,-3.6096999645e+00,2.2875209961e+03
647,4.8234286904e-01,-4.7817504406e-01,-4.2280454636e+00,2.2872136230e+03
648,4.8245742917e-01,-4.7802203894e-01,-2.3516185582e-02,2.2869064941e+03
649,4.8228114843e-01,-4.7805163264e-01,-5.4848194122e+00,2.2865991211e+03
650,4.8241302371e-01,-4.7785592079e-01,-9.4067686796e-01,2.2862919922e+03
651,4.8218908906e-01,-4.7806560993e-01,-2.9646103382e+00,2.2859848633e+03
652,4.8235964775e-01,-4.7778341174e-01,-3.1984965801e+00,2.2856782227e+03
653,4.8212400079e-01,-4.7801291943e-01,-1.9063267708e+00,2.2853708496e+03
654,4.8229402304e-01,-4.7771021724e-01,-3.0428414345e+00,2.2850639648e+03
655,4.8201417923e-01,-4.7790774703e-01,-2.4400453568e+00,2.2847570801e+03
656,4.8227509856e-01,-4.7762909532e-01,-2.6845922470e+00,2.2844504395e+03
657,4.8192304373e-01,-4.7791349888e-01,-3.1524279118e+00,2.2841430664e+03
658,4.8204168677e-01,-4.7776451707e-01,-4.4617295265e+00,2.2838371582e+03
659,4.8197281361e-01,-4.7779160738e-01,-1.6060476303e+00,2.2835302734e+03
660,4.8190495372e-01,-4.7777047753e-01,-4.6371462941e-01,2.2832236328e+03
661,4.8198631406e-01,-4.7746953368e-01,-3.1872038841e+00,2.2829177246e+03
662,4.8191058636e-01,-4.7766539454e-01,-4.7521595955e+00,2.2826105957e+03
663,4.8200294375e-01,-4.7748100758e-01,-5.9792250395e-01,2.2823044434e+03
664,4.8180079460e-01,-4.7751647234e-01,-4.6268477440e+00,2.2819985352e+03
665,4.8186060786e-01,-4.7736680508e-01,-1.2509641647e+00,2.2816918945e+03
666,4.8168569803e-01,-4.7750416398e-01,-4.1147470474e+00,2.2813859863e+03
667,4.8189106584e-01,-4.7726395726e-01,-1.1452077627e+00,2.2810805664e+03
668,4.8157918453e-01,-4.7744673491e-01,-4.5943703651e+00,2.2807736816e+03
669,4.8182520270e-01,-4.7720780969e-01,-1.2637728453e+00,2.2804677734e+03
670,4.8153993487e-01,-4.7733503580e-01,-3.5446836948e+00,2.2801621094e+03
671,4.8174434900e-01,-4.7717276216e-01,-2.5099637508e+00,2.2798557129e+03
672,4.8152321577e-01,-4.7732776403e-01,-2.7694959641e+00,2.2795500488e+03
673,4.8166871071e-01,-4.7702082992e-01,-2.6574480534e+00,2.2792446289e+03
674,4.8135247827e-01,-4.7724592686e-01,-2.7650375366e+00,2.2789387207e+03
675,4.8163747787e-01,-4.7694501281e-01,-3.1851763725e+00,2.2786330566e+03
676,4.8131462932e-01,-4.7719728947e-01,-2.4801042080e+00,2.2783271484e+03
677,4.8153424263e-01,-4.7686243057e-01,-3.3042197227e+00,2.2780224609e+03
678,4.8139631748e-01,-4.7694084048e-01,-9.1560411453e-01,2.2777163086e+03
679,4.8149740696e-01,-4.7687494755e-01,-4.1037282944e+00,2.2774106445e+03
680,4.8128581047e-01,-4.7695040703e-01,-4.0992379189e+00,2.2771052246e+03
681,4.8127135634e-01,-4.7680038214e-01,-5.7358515263e-01,2.2767998047e+03
682,4.8121017218e-01,-4.7683688998e-01,-5.3899984360e+00,2.2764941406e+03
683,4.8123088479e-01,-4.7682821751e-01,-8.9440941811e-01,2.2761894531e+03
684,4.8119649291e-01,-4.7678846121e-01,-4.5355224609e+00,2.2758842773e+03
685,4.8114365339e-01,-4.7672188282e-01,-1.6183969378e-01,2.2755788574e+03
686,4.8118403554e-01,-4.7663462162e-01,-6.6370143890e+00,2.2752734375e+03
687,4.8096811771e-01,-4.7678717971e-01,2.8886578977e-02,2.2749689941e+03
688,4.8113995790e-01,-4.7652733326e-01,-4.1804456711e+00,2.2746635742e+03
689,4.8094111681e-01,-4.7667539120e-01,-2.6011166573e+00,2.2743593750e+03
690,4.8100918531e-01,-4.7648721933e-01,-1.9195277691e+00,2.2740544434e+03
691,4.8086878657e-01,-4.7662466764e-01,-5.3725719452e+00,2.2737492676e+03
692,4.8104196787e-01,-4.7638556361e-01,-3.3328366280e-01,2.2734450684e+03
693,4.8071688414e-01,-4.7659185529e-01,-4.2086811066e+00,2.2731401367e+03
694,4.8096513748e-01,-4.7628033161e-01,-3.2750749588e+00,2.2728356934e+03
695,4.8067516088e-01,-4.7651734948e-01,-1.0197318792e+00,2.2725314941e+03
696,4.8084872961e-01,-4.7621157765e-01,-5.1820187569e+00,2.2722270508e+03
697,4.8063886166e-01,-4.7646000981e-01,-1.5937771797e+00,2.2719218750e+03
698,4.8077467084e-01,-4.7612127662e-01,-2.6285843849e+00,2.2716179199e+03
699,4.8068881035e-01,-4.7615709901e-01,-1.4954140186e+00,2.2713134766e+03
700,4.8061269522e-01,-4.7614768147e-01,-4.1634807587e+00,2.2710090332e+03
701,4.8051545024e-01,-4.7613415122e-01,-4.7157993317e+00,2.2707048340e+03
702,4.8047885299e-01,-4.7609570622e-01,-3.4251012802e+00,2.2704003906e+03
703,4.8045155406e-01,-4.7609665990e-01,-1.4546391964e+00,2.2700966797e+03
704,4.8050993681e-01,-4.7598844767e-01,-1.0509175062e+00,2.2697927246e+03
705,4.8034185171e-01,-4.7609105706e-01,-7.7236990929e+00,2.2694887695e+03
706,4.8044770956e-01,-4.7590756416e-01,2.4461562634e+00,2.2691848145e+03
707,4.8025766015e-01,-4.7606363893e-01,-5.8407530785e+00,2.2688813477e+03
708,4.8042508960e-01,-4.7585019469e-01,-3.1025958061e+00,2.2685769043e+03
709,4.8021972179e-01,-4.7599056363e-01,-2.1499323845e+00,2.2682734375e+03
710,4.8033854365e-01,-4.7577500343e-01,-3.4215476513e+00,2.2679702148e+03
711,4.8014703393e-01,-4.7587594390e-01,-3.7931027412e+00,2.2676660156e+03
712,4.8023459315e-01,-4.7576501966e-01,-1.1691422462e+00,2.2673630371e+03
713,4.8009401560e-01,-4.7579398751e-01,-5.8984065056e+00,2.2670590820e+03
714,4.8016023636e-01,-4.7567671537e-01,5.0403505564e-01,2.2667558594e+03
715,4.8001837730e-01,-4.7576764226e-01,-6.5044374466e+00,2.2664526367e+03
716,4.8010107875e-01,-4.7555279732e-01,-1.9216844440e-01,2.2661489258e+03
717,4.7993627191e-01,-4.7573819757e-01,-4.9454598427e+00,2.2658457031e+03
718,4.8004090786e-01,-4.7548577189e-01,-1.9821940660e+00,2.2655427246e+03
719,4.7982916236e-01,-4.7563722730e-01,-3.7296168804e+00,2.2652392578e+03
720,4.8001396656e-01,-4.7544965148e-01,-2.1476619244e+00,2.2649362793e+03
721,4.7978955507e-01,-4.7558861971e-01,-4.2425255775e+00,2.2646330566e+03
722,4.7992327809e-01,-4.7534629703e-01,-9.6459573507e-01,2.2643305664e+03
723,4.7966140509e-01,-4.7553735971e-01,-6.0293440819e+00,2.2640275879e+03
724,4.7987058759e-01,-4.7527933121e-01,-4.1434559226e-01,2.2637246094e+03
725,4.7959643602e-01,-4.7543802857e-01,-4.9818654060e+00,2.2634218750e+03
726,4.7977346182e-01,-4.7523522377e-01,-2.2379610538e+00,2.2631191406e+03
727,4.7952279449e-01,-4.7539246082e-01,-3.3165624142e+00,2.2628164062e+03
728,4.7969296575e-01,-4.7517636418e-01,-3.5553646088e+00,2.2625141602e+03
729,4.7943946719e-01,-4.7530815005e-01,-2.4979295731e+00,2.2622119141e+03
730,4.7967171669e-01,-4.7500571609e-01,-3.7988986969e+00,2.2619084473e+03
731,4.7933930159e-01,-4.7531467676e-01,-2.2484207153e+00,2.2616064453e+03
732,4.7941544652e-01,-4.7513759136e-01,-5.1155557632e+00,2.2613039551e+03
733,4.7934710979e-01,-4.7514486313e-01,-2.2619464397e+00,2.2610017090e+03
734,4.7928127646e-01,-4.7514510155e-01,-2.2619464397e+00,2.2606997070e+03
735,4.7935274243e-01,-4.7502598166e-01,-1.4496843815e+00,2.2603974609e+03
736,4.7925317287e-01,-4.7500386834e-01,-6.4302582741e+00,2.2600957031e+03
737,4.7930669785e-01,-4.7491559386e-01,-3.6420902610e-01,2.2597929688e+03
738,4.7924652696e-01,-4.7489318252e-01,-5.0102448463e+00,2.2594912109e+03
739,4.7921347618e-01,-4.7485047579e-01,-1.8045085669e+00,2.2591889648e+03
740,4.7910928726e-01,-4.7490242124e-01,-5.6976552010e+00,2.2588876953e+03
741,4.7913932800e-01,-4.7479581833e-01,1.1066297293e+00,2.2585852051e+03
742,4.7912722826e-01,-4.7471290827e-01,-8.1059970856e+00,2.2582832031e+03
743,4.7895392776e-01,-4.7487357259e-01,-5.8849006891e-02,2.2579819336e+03
744,4.7909387946e-01,-4.7461351752e-01,-3.7559251785e+00,2.2576796875e+03
745,4.7890263796e-01,-4.7474086285e-01,-3.7011272907e+00,2.2573784180e+03
746,4.7901669145e-01,-4.7458320856e-01,-1.9581768513e+00,2.2570771484e+03
747,4.7874754667e-01,-4.7472390532e-01,-5.5172309875e+00,2.2567753906e+03
748,4.7892591357e-01,-4.7453865409e-01,-3.7172126770e+00,2.2564738770e+03
749,4.7871202230e-01,-4.7460046411e-01,-8.4696733952e-01,2.2561726074e+03
750,4.7885119915e-01,-4.7442519665e-01,-4.2377490997e+00,2.2558713379e+03
751,4.7865134478e-01,-4.7452810407e-01,-3.1656746864e+00,2.2555703125e+03
752,4.7869908810e-01,-4.7441133857e-01,-2.0398559570e+00,2.2552687988e+03
753,4.7867983580e-01,-4.7441652417e-01,-5.0238122940e+00,2.2549672852e+03
754,4.7865965962e-01,-4.7433239222e-01,-4.9709457159e-01,2.2546665039e+03
755,4.7852969170e-01,-4.7441980243e-01,-6.5704469681e+00,2.2543654785e+03
756,4.7865000367e-01,-4.7424170375e-01,3.2723769546e-03,2.2540639648e+03
757,4.7842371464e-01,-4.7434982657e-01,-5.6636118889e+00,2.2537634277e+03
758,4.7852861881e-01,-4.7419098020e-01,-1.4139227867e+00,2.2534626465e+03
759,4.7841170430e-01,-4.7427719831e-01,-4.8312005997e+00,2.2531613770e+03
760,4.7843605280e-01,-4.7416913509e-01,-1.7420511246e+00,2.2528610840e+03
761,4.7836762667e-01,-4.7411537170e-01,-5.4463958740e+00,2.2525603027e+03
762,4.7834324837e-01,-4.7412168980e-01,2.1150368452e-01,2.2522592773e+03
763,4.7826078534e-01,-4.7413063049e-01,-8.0248060226e+00,2.2519587402e+03
764,4.7832012177e-01,-4.7397553921e-01,1.8900245428e+00,2.2516586914e+03
765,4.7815078497e-01,-4.7411373258e-01,-7.7415885925e+00,2.2513576660e+03
766,4.7822061181e-01,-4.7397875786e-01,4.1418194771e-02,2.2510573730e+03
767,4.7822496295e-01,-4.7386518121e-01,-5.8964972496e+00,2.2507568359e+03
768,4.7810363770e-01,-4.7395947576e-01,-5.7000058889e-01,2.2504572754e+03
769,4.7810909152e-01,-4.7385835648e-01,-5.5819640160e+00,2.2501562500e+03
770,4.7792744637e-01,-4.7393316031e-01,-1.9486286640e+00,2.2498562012e+03
771,4.7803291678e-01,-4.7375550866e-01,-6.0221004486e+00,2.2495559082e+03
772,4.7782886028e-01,-4.7392106056e-01,-1.7826281786e+00,2.2492563477e+03
773,4.7805172205e-01,-4.7361829877e-01,-1.6530553102e+00,2.2489555664e+03
774,4.7778150439e-01,-4.7383922338e-01,-5.0260558128e+00,2.2486564941e+03
775,4.7793826461e-01,-4.7362357378e-01,-2.4118103981e+00,2.2483564453e+03
776,4.7771054506e-01,-4.7377514839e-01,-3.7904982567e+00,2.2480566406e+03
777,4.7786590457e-01,-4.7351697087e-01,-2.6080682278e+00,2.2477563477e+03
778,4.7762280703e-01,-4.7370955348e-01,-4.4836077690e+00,2.2474565430e+03
779,4.7778981924e-01,-4.7351518273e-01,-2.8507523537e+00,2.2471572266e+03
780,4.7770276666e-01,-4.7349354625e-01,-1.9644131660e+00,2.2468571777e+03
781,4.7767367959e-01,-4.7347635031e-01,-6.4434590340e+00,2.2465581055e+03
782,4.7751125693e-01,-4.7354170680e-01,3.3105111122e-01,2.2462587891e+03
783,4.7759860754e-01,-4.7338682413e-01,-6.7276940346e+00,2.2459589844e+03
784,4.7746676207e-01,-4.7344768047e-01,-6.0852724314e-01,2.2456594238e+03
785,4.7750031948e-01,-4.7335106134e-01,-5.4550166130e+00,2.2453601074e+03
786,4.7740384936e-01,-4.7337752581e-01,-9.6462380886e-01,2.2450607910e+03
787,4.7729122639e-01,-4.7342589498e-01,-4.9004898071e+00,2.2447614746e+03
788,4.7735115886e-01,-4.7329086065e-01,-8.3887082338e-01,2.2444626465e+03
789,4.7735837102e-01,-4.7322371602e-01,-8.3213510513e+00,2.2441633301e+03
790,4.7726586461e-01,-4.7323974967e-01,1.8397825956e+00,2.2438642578e+03
791,4.7728753090e-01,-4.7315397859e-01,-8.4659557343e+00,2.2435656738e+03
792,4.7713148594e-01,-4.7323626280e-01,3.7107765675e-01,2.2432663574e+03
793,4.7726067901e-01,-4.7303315997e-01,-6.0449552536e+00,2.2429670410e+03
794,4.7702020407e-01,-4.7323128581e-01,-8.1554329395e-01,2.2426691895e+03
795,4.7720760107e-01,-4.7293451428e-01,-7.0842132568e+00,2.2423701172e+03
796,4.7713214159e-01,-4.7295466065e-01,4.5578709245e-01,2.2420715332e+03
797,4.7712892294e-01,-4.7288826108e-01,-5.6065435410e+00,2.2417722168e+03
798,4.7687703371e-01,-4.7308221459e-01,-5.1332564354e+00,2.2414741211e+03
799,4.7701326013e-01,-4.7286984324e-01,6.4931571484e-01,2.2411757812e+03
800,4.7683867812e-01,-4.7296825051e-01,-7.2926702499e+00,2.2408769531e+03
801,4.7690585256e-01,-4.7284710407e-01,6.4890980721e-01,2.2405791016e+03
802,4.7682788968e-01,-4.7286871076e-01,-7.4304885864e+00,2.2402810059e+03
803,4.7677770257e-01,-4.7283309698e-01,2.8141170740e-01,2.2399821777e+03
804,4.7673481703e-01,-4.7281467915e-01,-6.6875543594e+00,2.2396843262e+03
805,4.7679710388e-01,-4.7268414497e-01,3.1381726265e-01,2.2393857422e+03
806,4.7664365172e-01,-4.7276067734e-01,-2.5819981098e+00,2.2390881348e+03
807,4.7679126263e-01,-4.7254845500e-01,-3.8015394211e+00,2.2387897949e+03
808,4.7655615211e-01,-4.7271835804e-01,-7.5950016975e+00,2.2384916992e+03
809,4.7659939528e-01,-4.7260552645e-01,-1.9915729761e+00,2.2381936035e+03
810,4.7653442621e-01,-4.7260245681e-01,-1.5383234024e+00,2.2378959961e+03
811,4.7649580240e-01,-4.7256815434e-01,-7.4236145020e+00,2.2375981445e+03
812,4.7643652558e-01,-4.7258228064e-01,-8.9572519064e-01,2.2373002930e+03
813,4.7641012073e-01,-4.7249782085e-01,-4.0240297318e+00,2.2370024414e+03
814,4.7640663385e-01,-4.7245407104e-01,-2.6376106739e+00,2.2367048340e+03
815,4.7633388638e-01,-4.7248315811e-01,-6.4044103622e+00,2.2364069824e+03
816,4.7635689378e-01,-4.7235667706e-01,1.7500499487e+00,2.2361098633e+03
817,4.7614499927e-01,-4.7251981497e-01,-9.2750768661e+00,2.2358129883e+03
818,4.7628468275e-01,-4.7226604819e-01,9.5943492651e-01,2.2355144043e+03
819,4.7611722350e-01,-4.7243741155e-01,-6.8152599335e+00,2.2352177734e+03
820,4.7623473406e-01,-4.7222009301e-01,-8.2023155689e-01,2.2349201660e+03
821,4.7607275844e-01,-4.7236785293e-01,-5.8651404381e+00,2.2346230469e+03
822,4.7613817453e-01,-4.7217670083e-01,-8.0888187885e-01,2.2343256836e+03
823,4.7596374154e-01,-4.7227090597e-01,-7.2440724373e+00,2.2340283203e+03
824,4.7609516978e-01,-4.7211667895e-01,8.4406691790e-01,2.2337314453e+03
825,4.7586733103e-01,-4.7226211429e-01,-7.6103382111e+00,2.2334343262e+03
826,4.7606673837e-01,-4.7198575735e-01,-3.9685612917e-01,2.2331374512e+03
827,4.7574234009e-01,-4.7223168612e-01,-5.6343021393e+00,2.2328400879e+03
828,4.7600406408e-01,-4.7192287445e-01,-2.7125663757e+00,2.2325439453e+03
829,4.7567358613e-01,-4.7217127681e-01,-4.0148048401e+00,2.2322468262e+03
830,4.7592937946e-01,-4.7186011076e-01,-2.3844056129e+00,2.2319506836e+03
831,4.7558259964e-01,-4.7213202715e-01,-4.3502502441e+00,2.2316540527e+03
832,4.7566378117e-01,-4.7199603915e-01,-5.2335205078e+00,2.2313579102e+03
833,4.7559234500e-01,-4.7200456262e-01,-2.4984710217e+00,2.2310605469e+03
834,4.7552347183e-01,-4.7200950980e-01,-2.4984710217e+00,2.2307644043e+03
835,4.7563272715e-01,-4.7181144357e-01,-2.8562040329e+00,2.2304680176e+03
836,4.7549670935e-01,-4.7190853953e-01,-5.9434771538e+00,2.2301716309e+03
837,4.7554925084e-01,-4.7176361084e-01,-8.8057154417e-01,2.2298752441e+03
838,4.7545248270e-01,-4.7182103992e-01,-5.8522644043e+00,2.2295793457e+03
839,4.7550517321e-01,-4.7167769074e-01,-1.9146221876e+00,2.2292829590e+03
840,4.7531613708e-01,-4.7178494930e-01,-5.3712425232e+00,2.2289868164e+03
841,4.7549006343e-01,-4.7157743573e-01,-1.3810111284e+00,2.2286904297e+03
842,4.7523945570e-01,-4.7175860405e-01,-6.0128016472e+00,2.2283945312e+03
843,4.7539928555e-01,-4.7154948115e-01,-8.9879685640e-01,2.2280988770e+03
844,4.7519692779e-01,-4.7163185477e-01,-6.3049926758e+00,2.2278029785e+03
845,4.7529444098e-01,-4.7150263190e-01,-1.3020530939e+00,2.2275073242e+03
846,4.7514098883e-01,-4.7159114480e-01,-5.9254493713e+00,2.2272104492e+03
847,4.7521629930e-01,-4.7142830491e-01,-7.1280771494e-01,2.2269155273e+03
848,4.7503492236e-01,-4.7155219316e-01,-6.9839520454e+00,2.2266196289e+03
849,4.7518858314e-01,-4.7134983540e-01,-2.8282213211e-01,2.2263239746e+03
850,4.7493511438e-01,-4.7151121497e-01,-6.3225712776e+00,2.2260288086e+03
851,4.7511821985e-01,-4.7127631307e-01,-1.6875423193e+00,2.2257329102e+03
852,4.7486764193e-01,-4.7147050500e-01,-5.0975275040e+00,2.2254382324e+03
853,4.7504636645e-01,-4.7120210528e-01,-2.0114316940e+00,2.2251425781e+03
854,4.7478458285e-01,-4.7141304612e-01,-5.7421550751e+00,2.2248474121e+03
855,4.7499263287e-01,-4.7115215659e-01,-1.0613512993e+00,2.2245517578e+03
856,4.7468724847e-01,-4.7138732672e-01,-5.5669975281e+00,2.2242561035e+03
857,4.7492736578e-01,-4.7108328342e-01,-2.7750508785e+00,2.2239614258e+03
858,4.7461250424e-01,-4.7130668163e-01,-3.8553409576e+00,2.2236669922e+03
859,4.7487741709e-01,-4.7100394964e-01,-3.7992489338e+00,2.2233710938e+03
860,4.7454148531e-01,-4.7125408053e-01,-2.8520073891e+00,2.2230761719e+03
861,4.7460427880e-01,-4.7114554048e-01,-6.3289685249e+00,2.2227817383e+03
862,4.7450292110e-01,-4.7116914392e-01,-2.7281575203e+00,2.2224860840e+03
863,4.7440889478e-01,-4.7118550539e-01,-2.7281575203e+00,2.2221918945e+03
864,4.7460004687e-01,-4.7096458077e-01,-2.1178770065e+00,2.2218974609e+03
865,4.7443190217e-01,-4.7105976939e-01,-6.6376147270e+00,2.2216030273e+03
866,4.7449931502e-01,-4.7087824345e-01,-9.8267227411e-01,2.2213083496e+03
867,4.7439381480e-01,-4.7098103166e-01,-5.5557384491e+00,2.2210131836e+03
868,4.7443896532e-01,-4.7082611918e-01,-2.1592485905e+00,2.2207187500e+03
869,4.7426742315e-01,-4.7096657753e-01,-5.8314661980e+00,2.2204243164e+03
870,4.7443127632e-01,-4.7072026134e-01,-1.5933951139e+00,2.2201301270e+03
871,4.7418421507e-01,-4.7091102600e-01,-5.5021138191e+00,2.2198354492e+03
872,4.7433447838e-01,-4.7069582343e-01,-1.5528455973e+00,2.2195419922e+03
873,4.7414225340e-01,-4.7081518173e-01,-5.3885393143e+00,2.2192475586e+03
874,4.7424903512e-01,-4.7064808011e-01,-2.5205209255e+00,2.2189536133e+03
875,4.7405207157e-01,-4.7077423334e-01,-5.2457332611e+00,2.2186591797e+03
876,4.7422149777e-01,-4.7054859996e-01,-1.3377174139e+00,2.2183654785e+03
877,4.7394192219e-01,-4.7075745463e-01,-6.6231336594e+00,2.2180712891e+03
878,4.7417512536e-01,-4.7046640515e-01,-1.7002549171e+00,2.2177778320e+03
879,4.7386312485e-01,-4.7070640326e-01,-4.4245085716e+00,2.2174833984e+03
880,4.7410210967e-01,-4.7040840983e-01,-3.6333029270e+00,2.2171894531e+03
881,4.7378498316e-01,-4.7066429257e-01,-3.4864771366e+00,2.2168957520e+03
882,4.7405332327e-01,-4.7032275796e-01,-3.4159419537e+00,2.2166020508e+03
883,4.7390207648e-01,-4.7040981054e-01,-2.1877937317e+00,2.2163083496e+03
884,4.7387027740e-01,-4.7037833929e-01,-4.2398962975e+00,2.2160151367e+03
885,4.7383743525e-01,-4.7034823895e-01,-4.2398962975e+00,2.2157207031e+03
886,4.7380396724e-01,-4.7031909227e-01,-4.2398962975e+00,2.2154272461e+03
887,4.7377020121e-01,-4.7029051185e-01,-4.2398962975e+00,2.2151337891e+03
888,4.7371169925e-01,-4.7027722001e-01,-4.7644233704e+00,2.2148405762e+03
889,4.7370153666e-01,-4.7023704648e-01,-4.1579594612e+00,2.2145473633e+03
890,4.7363165021e-01,-4.7026717663e-01,-2.5086061954e+00,2.2142541504e+03
891,4.7361961007e-01,-4.7021290660e-01,-1.5339783430e+00,2.2139609375e+03
892,4.7351172566e-01,-4.7026273608e-01,-8.0617380142e+00,2.2136674805e+03
893,4.7364193201e-01,-4.7004255652e-01,2.5697445869e-01,2.2133740234e+03
894,4.7339630127e-01,-4.7022694349e-01,-4.7971925735e+00,2.2130815430e+03
895,4.7351428866e-01,-4.7004693747e-01,-5.1074304581e+00,2.2127883301e+03
896,4.7336786985e-01,-4.7013303638e-01,-1.3652371168e+00,2.2124960938e+03
897,4.7338536382e-01,-4.7004455328e-01,-5.6337623596e+00,2.2122033691e+03
898,4.7329217196e-01,-4.7007337213e-01,-3.9058632851e+00,2.2119104004e+03
899,4.7336444259e-01,-4.6995049715e-01,-1.2315726280e+00,2.2116179199e+03
900,4.7314286232e-01,-4.7009170055e-01,-8.0095014572e+00,2.2113249512e+03
901,4.7336214781e-01,-4.6982744336e-01,-4.6643176675e-01,2.2110327148e+03
902,4.7303789854e-01,-4.7008413076e-01,-5.2325940132e+00,2.2107399902e+03
903,4.7328910232e-01,-4.6975982189e-01,-3.3210549355e+00,2.2104472656e+03
904,4.7301167250e-01,-4.6998384595e-01,-4.4349493980e+00,2.2101550293e+03
905,4.7317585349e-01,-4.6974506974e-01,-2.0782992840e+00,2.2098625488e+03
906,4.7296690941e-01,-4.6989572048e-01,-6.2866716385e+00,2.2095703125e+03
907,4.7311884165e-01,-4.6970504522e-01,-6.6144120693e-01,2.2092785645e+03
908,4.7285717726e-01,-4.6989959478e-01,-6.1382427216e+00,2.2089860840e+03
909,4.7309330106e-01,-4.6959373355e-01,-2.8181803226e+00,2.2086938477e+03
910,4.7275844216e-01,-4.6985372901e-01,-3.8141512871e+00,2.2084020996e+03
911,4.7304257751e-01,-4.6951499581e-01,-5.0218157768e+00,2.2081093750e+03
912,4.7287139297e-01,-4.6962031722e-01,-1.0928966999e+00,2.2078183594e+03
913,4.7290170193e-01,-4.6952605247e-01,-4.5717821121e+00,2.2075263672e+03
914,4.7292411327e-01,-4.6944126487e-01,-4.5717821121e+00,2.2072343750e+03
915,4.7265976667e-01,-4.6965625882e-01,-6.2539443970e+00,2.2069418945e+03
916,4.7277283669e-01,-4.6946081519e-01,3.1668379903e-02,2.2066503906e+03
917,4.7265398502e-01,-4.6953889728e-01,-6.4494819641e+00,2.2063593750e+03
918,4.7267773747e-01,-4.6943801641e-01,-2.2875115871e+00,2.2060678711e+03
919,4.7257426381e-01,-4.6949067712e-01,-4.5488662720e+00,2.2057758789e+03
920,4.7263932228e-01,-4.6935844421e-01,-2.7651209831e+00,2.2054848633e+03
921,4.7244909406e-01,-4.6948724985e-01,-5.9213590622e+00,2.2051928711e+03
922,4.7261261940e-01,-4.6926850080e-01,-9.7345185280e-01,2.2049016113e+03
923,4.7235384583e-01,-4.6944996715e-01,-6.6292023659e+00,2.2046101074e+03
924,4.7248318791e-01,-4.6927022934e-01,-1.7141232491e+00,2.2043190918e+03
925,4.7231903672e-01,-4.6935579181e-01,-5.4221253395e+00,2.2040275879e+03
926,4.7246435285e-01,-4.6918141842e-01,-2.1620504856e+00,2.2037368164e+03
927,4.7222697735e-01,-4.6933600307e-01,-6.3468933105e+00,2.2034458008e+03
928,4.7239893675e-01,-4.6909651160e-01,-7.1590781212e-01,2.2031545410e+03
929,4.7218388319e-01,-4.6928030252e-01,-6.8881640434e+00,2.2028642578e+03
930,4.7231251001e-01,-4.6905547380e-01,-1.5720773935e+00,2.2025727539e+03
931,4.7210350633e-01,-4.6922665834e-01,-5.3320956230e+00,2.2022819824e+03
932,4.7229209542e-01,-4.6897161007e-01,-2.7463729382e+00,2.2019919434e+03
933,4.7197499871e-01,-4.6921202540e-01,-5.2393774986e+00,2.2017014160e+03
934,4.7222143412e-01,-4.6890440583e-01,-2.8890900612e+00,2.2014101562e+03
935,4.7189846635e-01,-4.6918192506e-01,-4.7276496887e+00,2.2011191406e+03
936,4.7217071056e-01,-4.6885409951e-01,-3.7175536156e+00,2.2008288574e+03
937,4.7183775902e-01,-4.6911525726e-01,-3.0598053932e+00,2.2005380859e+03
938,4.7191083431e-01,-4.6898591518e-01,-6.0764584541e+00,2.2002480469e+03
939,4.7183138132e-01,-4.6900305152e-01,-2.9959084988e+00,2.1999577637e+03
940,4.7175636888e-01,-4.6901467443e-01,-2.9959084988e+00,2.1996677246e+03
941,4.7190672159e-01,-4.6879214048e-01,-2.3289027214e+00,2.1993774414e+03
942,4.7176036239e-01,-4.6890383959e-01,-7.0848603249e+00,2.1990874023e+03
943,4.7182592750e-01,-4.6876254678e-01,-8.3598935604e-01,2.1987971191e+03
944,4.7175708413e-01,-4.6876266599e-01,-6.0292634964e+00,2.1985070801e+03
945,4.7163310647e-01,-4.6881854534e-01,-4.1102771759e+00,2.1982175293e+03
946,4.7178092599e-01,-4.6862742305e-01,-3.3877892494e+00,2.1979274902e+03
947,4.7152853012e-01,-4.6881875396e-01,-1.7812302113e+00,2.1976379395e+03
948,4.7178092599e-01,-4.6850642562e-01,-7.1851663589e+00,2.1973481445e+03
949,4.7165262699e-01,-4.6857315302e-01,-1.2236019969e-01,2.1970583496e+03
950,4.7167274356e-01,-4.6849647164e-01,-4.1494584084e+00,2.1967678223e+03
951,4.7168168426e-01,-4.6842333674e-01,-5.1648855209e+00,2.1964787598e+03
952,4.7148418427e-01,-4.6856239438e-01,-7.1259284019e+00,2.1961892090e+03
953,4.7151681781e-01,-4.6846151352e-01,9.7355222702e-01,2.1958994141e+03
954,4.7138863802e-01,-4.6853661537e-01,-7.5030875206e+00,2.1956103516e+03
955,4.7143235803e-01,-4.6843776107e-01,-2.2671747208e+00,2.1953208008e+03
956,4.7145345807e-01,-4.6836391091e-01,-5.1723990440e+00,2.1950319824e+03
957,4.7127351165e-01,-4.6847146749e-01,-2.2853159904e+00,2.1947416992e+03
958,4.7143602371e-01,-4.6825593710e-01,-4.9418187141e+00,2.1944523926e+03
959,4.7113716602e-01,-4.6848702431e-01,-3.8815538883e+00,2.1941635742e+03
960,4.7137224674e-01,-4.6819174290e-01,-2.6426739693e+00,2.1938742676e+03
961,4.7104680538e-01,-4.6845433116e-01,-5.9636898041e+00,2.1935847168e+03
962,4.7132843733e-01,-4.6812474728e-01,-2.6687128544e+00,2.1932963867e+03
963,4.7096478939e-01,-4.6840620041e-01,-4.2418193817e+00,2.1930068359e+03
964,4.7124013305e-01,-4.6808147430e-01,-5.0169925690e+00,2.1927185059e+03
965,4.7113430500e-01,-4.6812805533e-01,-1.2587115765e+00,2.1924296875e+03
966,4.7111192346e-01,-4.6808570623e-01,-4.3701953888e+00,2.1921403809e+03
967,4.7108745575e-01,-4.6804609895e-01,-4.3701953888e+00,2.1918518066e+03
968,4.7106167674e-01,-4.6800842881e-01,-4.3701953888e+00,2.1915629883e+03
969,4.7104069591e-01,-4.6799236536e-01,-5.2320818901e+00,2.1912746582e+03
970,4.7096878290e-01,-4.6800205112e-01,-5.9262051582e+00,2.1909860840e+03
971,4.7085493803e-01,-4.6809920669e-01,-1.1803671122e+00,2.1906970215e+03
972,4.7091791034e-01,-4.6794828773e-01,-1.5127720833e+00,2.1904086914e+03
973,4.7071728110e-01,-4.6802806854e-01,-8.5438308716e+00,2.1901206055e+03
974,4.7085726261e-01,-4.6788582206e-01,-2.7822154760e-01,2.1898322754e+03
975,4.7066506743e-01,-4.6804258227e-01,-5.1965923309e+00,2.1895441895e+03
976,4.7079065442e-01,-4.6783372760e-01,-5.8492302895e+00,2.1892558594e+03
977,4.7057116032e-01,-4.6796041727e-01,-1.6654099226e+00,2.1889680176e+03
978,4.7074744105e-01,-4.6772897243e-01,-4.6947197914e+00,2.1886796875e+03
979,4.7047984600e-01,-4.6795967221e-01,-4.6801629066e+00,2.1883918457e+03
980,4.7073972225e-01,-4.6763449907e-01,-2.3918085098e+00,2.1881037598e+03
981,4.7042241693e-01,-4.6789655089e-01,-5.5519981384e+00,2.1878159180e+03
982,4.7060418129e-01,-4.6764242649e-01,-3.0561952591e+00,2.1875278320e+03
983,4.7025743127e-01,-4.6794036031e-01,-4.3967490196e+00,2.1872399902e+03
984,4.7062671185e-01,-4.6753445268e-01,-4.8959498405e+00,2.1869519043e+03
985,4.7048020363e-01,-4.6758553386e-01,-8.8608556986e-01,2.1866643066e+03
986,4.7048339248e-01,-4.6752873063e-01,-5.4207754135e+00,2.1863769531e+03
987,4.7032785416e-01,-4.6766740084e-01,-6.2780447006e+00,2.1860891113e+03
988,4.7037777305e-01,-4.6748492122e-01,-6.3005465269e-01,2.1858015137e+03
989,4.7026628256e-01,-4.6759295464e-01,-7.0648345947e+00,2.1855146484e+03
990,4.7028714418e-01,-4.6746382117e-01,-1.9269902706e+00,2.1852270508e+03
991,4.7018036246e-01,-4.6754848957e-01,-5.7901377678e+00,2.1849396973e+03
992,4.7026085854e-01,-4.6739193797e-01,-1.3931363821e+00,2.1846523438e+03
993,4.7010654211e-01,-4.6750235558e-01,-7.6744537354e+00,2.1843654785e+03
994,4.7017538548e-01,-4.6737170219e-01,8.8453784585e-02,2.1840781250e+03
995,4.7006720304e-01,-4.6740812063e-01,-8.0953779221e+00,2.1837910156e+03
996,4.7009184957e-01,-4.6735429764e-01,-8.8821363449e-01,2.1835041504e+03
997,4.7009849548e-01,-4.6725147963e-01,-6.2695899010e+00,2.1832163086e+03
998,4.6994242072e-01,-4.6735346317e-01,-2.6196732521e+00,2.1829301758e+03
999,4.7010487318e-01,-4.6714690328e-01,-4.3513979912e+00,2.1826435547e+03
1000,4.6977284551e-01,-4.6741870046e-01,-4.9004750252e+00,2.1823566895e+03
1001,4.7007054090e-01,-4.6707034111e-01,-2.6208970547e+00,2.1820695801e+03
1002,4.6973282099e-01,-4.6732228994e-01,-5.5552649498e+00,2.1817829590e+03
1003,4.6997001767e-01,-4.6703666449e-01,-2.8855137825e+00,2.1814965820e+03
1004,4.6970120072e-01,-4.6727493405e-01,-4.4602193832e+00,2.1812099609e+03
1005,4.6989974380e-01,-4.6700242162e-01,-4.7932744026e+00,2.1809235840e+03
1006,4.6961075068e-01,-4.6718841791e-01,-2.3616487980e+00,2.1806369629e+03
1007,4.6986275911e-01,-4.6693319082e-01,-6.1613845825e+00,2.1803503418e+03
1008,4.6956840158e-01,-4.6712023020e-01,-1.3916774988e+00,2.1800644531e+03
1009,4.6981769800e-01,-4.6685755253e-01,-6.4418678284e+00,2.1797780762e+03
1010,4.6944007277e-01,-4.6716630459e-01,-2.9316315651e+00,2.1794919434e+03
1011,4.6951678395e-01,-4.6702992916e-01,-6.3469047546e+00,2.1792060547e+03
1012,4.6947854757e-01,-4.6700990200e-01,-3.5008692741e+00,2.1789199219e+03
1013,4.6944147348e-01,-4.6698713303e-01,-3.5008692741e+00,2.1786340332e+03
1014,4.6940514445e-01,-4.6696227789e-01,-3.5008692741e+00,2.1783481445e+03
1015,4.6941721439e-01,-4.6689972281e-01,-2.3708949089e+00,2.1780620117e+03
1016,4.6943226457e-01,-4.6679276228e-01,-3.6030063629e+00,2.1777766113e+03
1017,4.6945092082e-01,-4.6676221490e-01,-7.0766892433e+00,2.1774902344e+03
1018,4.6929144859e-01,-4.6680852771e-01,-2.3100345135e+00,2.1772050781e+03
1019,4.6940997243e-01,-4.6666681767e-01,-5.6679859161e+00,2.1769191895e+03
1020,4.6923562884e-01,-4.6679052711e-01,-3.0415995121e+00,2.1766337891e+03
1021,4.6924874187e-01,-4.6671923995e-01,-6.1100363731e+00,2.1763481445e+03
1022,4.6925345063e-01,-4.6663400531e-01,-1.6321923733e+00,2.1760625000e+03
1023,4.6922174096e-01,-4.6660038829e-01,-5.8774781227e+00,2.1757768555e+03
1024,4.6907401085e-01,-4.6673333645e-01,-3.8214547634e+00,2.1754914551e+03
1025,4.6917971969e-01,-4.6653097868e-01,-2.7320845127e+00,2.1752062988e+03
1026,4.6906864643e-01,-4.6662348509e-01,-7.2524104118e+00,2.1749211426e+03
1027,4.6912682056e-01,-4.6647253633e-01,6.3405327499e-02,2.1746359863e+03
1028,4.6894267201e-01,-4.6654504538e-01,-6.8885478973e+00,2.1743500977e+03
1029,4.6911841631e-01,-4.6641987562e-01,-3.1785035133e+00,2.1740659180e+03
1030,4.6896213293e-01,-4.6647474170e-01,-4.1234030724e+00,2.1737802734e+03
1031,4.6908223629e-01,-4.6637243032e-01,-4.3194184303e+00,2.1734958496e+03
1032,4.6886935830e-01,-4.6641132236e-01,-4.8641939163e+00,2.1732106934e+03
1033,4.6887242794e-01,-4.6632725000e-01,-2.2403652668e+00,2.1729260254e+03
1034,4.6888411045e-01,-4.6636050940e-01,-7.0783457756e+00,2.1726408691e+03
1035,4.6896654367e-01,-4.6617218852e-01,-1.1731766462e+00,2.1723562012e+03
1036,4.6869048476e-01,-4.6635782719e-01,-6.6726813316e+00,2.1720712891e+03
1037,4.6887961030e-01,-4.6611180902e-01,-2.3243045807e+00,2.1717868652e+03
1038,4.6865758300e-01,-4.6632802486e-01,-5.0534253120e+00,2.1715021973e+03
1039,4.6874544024e-01,-4.6613335609e-01,-3.5633471012e+00,2.1712177734e+03
1040,4.6852320433e-01,-4.6633145213e-01,-4.9651269913e+00,2.1709328613e+03
1041,4.6871441603e-01,-4.6605083346e-01,-3.2902009487e+00,2.1706486816e+03
1042,4.6850124002e-01,-4.6620804071e-01,-4.9418544769e+00,2.1703637695e+03
1043,4.6874064207e-01,-4.6594810486e-01,-3.3248381615e+00,2.1700800781e+03
1044,4.6842882037e-01,-4.6617904305e-01,-4.0261731148e+00,2.1697956543e+03
1045,4.6867045760e-01,-4.6588608623e-01,-5.1461033821e+00,2.1695117188e+03
1046,4.6833118796e-01,-4.6614754200e-01,-3.3033185005e+00,2.1692272949e+03
1047,4.6840548515e-01,-4.6602001786e-01,-6.0861821175e+00,2.1689436035e+03
1048,4.6836316586e-01,-4.6600776911e-01,-3.8722116947e+00,2.1686591797e+03
1049,4.6832385659e-01,-4.6599203348e-01,-3.8722116947e+00,2.1683757324e+03
1050,4.6828699112e-01,-4.6597337723e-01,-3.8722116947e+00,2.1680920410e+03
1051,4.6826502681e-01,-4.6593862772e-01,-3.0218997002e+00,2.1678081055e+03
1052,4.6817728877e-01,-4.6595236659e-01,-2.5859963894e+00,2.1675244141e+03
1053,4.6826660633e-01,-4.6578189731e-01,-7.3963575363e+00,2.1672414551e+03
1054,4.6818929911e-01,-4.6584540606e-01,-4.2136464119e+00,2.1669572754e+03
1055,4.6816268563e-01,-4.6581280231e-01,-2.5779280663e+00,2.1666733398e+03
1056,4.6821787953e-01,-4.6566855907e-01,-6.0475640297e+00,2.1663901367e+03
1057,4.6812385321e-01,-4.6568661928e-01,-2.6474287510e+00,2.1661069336e+03
1058,4.6806281805e-01,-4.6576622128e-01,-5.1646618843e+00,2.1658234863e+03
1059,4.6817928553e-01,-4.6551918983e-01,-3.5858578682e+00,2.1655402832e+03
1060,4.6791687608e-01,-4.6573296189e-01,-4.5275740623e+00,2.1652568359e+03
1061,4.6807715297e-01,-4.6555182338e-01,-4.6874380112e+00,2.1649731445e+03
1062,4.6801772714e-01,-4.6552616358e-01,-2.9957337379e+00,2.1646899414e+03
1063,4.6787816286e-01,-4.6557888389e-01,-5.3139305115e+00,2.1644069824e+03
1064,4.6775251627e-01,-4.6564510465e-01,-4.5878396034e+00,2.1641240234e+03
1065,4.6802866459e-01,-4.6534997225e-01,-2.0519831181e+00,2.1638408203e+03
1066,4.6772742271e-01,-4.6560597420e-01,-6.1153793335e+00,2.1635578613e+03
1067,4.6799448133e-01,-4.6526893973e-01,-3.1626498699e+00,2.1632753906e+03
1068,4.6765667200e-01,-4.6553102136e-01,-4.9160313606e+00,2.1629919434e+03
1069,4.6784880757e-01,-4.6528255939e-01,-4.5821537971e+00,2.1627094727e+03
1070,4.6766817570e-01,-4.6542268991e-01,-3.3411626816e+00,2.1624265137e+03
1071,4.6778106689e-01,-4.6522334218e-01,-4.9699954987e+00,2.1621437988e+03
1072,4.6773901582e-01,-4.6522870660e-01,-1.7483149767e+00,2.1618610840e+03
1073,4.6771797538e-01,-4.6519449353e-01,-6.2343773842e+00,2.1615783691e+03
1074,4.6746850014e-01,-4.6535053849e-01,-5.8993105888e+00,2.1612958984e+03
1075,4.6758124232e-01,-4.6520400047e-01,-1.8086796999e+00,2.1610134277e+03
1076,4.6759673953e-01,-4.6515464783e-01,-6.0916948318e+00,2.1607312012e+03
1077,4.6753814816e-01,-4.6515551209e-01,-2.5721213818e+00,2.1604487305e+03
1078,4.6753761172e-01,-4.6510511637e-01,-5.8488349915e+00,2.1601665039e+03
1079,4.6748018265e-01,-4.6503803134e-01,-1.7073346376e+00,2.1598847656e+03
1080,4.6744221449e-01,-4.6506068110e-01,-7.6040053368e+00,2.1596022949e+03
1081,4.6736294031e-01,-4.6510511637e-01,-6.0631126165e-01,2.1593198242e+03
1082,4.6743574739e-01,-4.6496662498e-01,-7.5571331978e+00,2.1590371094e+03
1083,4.6726587415e-01,-4.6509370208e-01,-3.1402103901e+00,2.1587561035e+03
1084,4.6725812554e-01,-4.6500232816e-01,-4.2223348618e+00,2.1584743652e+03
1085,4.6721175313e-01,-4.6501502395e-01,-4.8553099632e+00,2.1581916504e+03
1086,4.6719145775e-01,-4.6491435170e-01,-4.5562105179e+00,2.1579104004e+03
1087,4.6734836698e-01,-4.6473520994e-01,-2.2669944763e+00,2.1576284180e+03
1088,4.6723708510e-01,-4.6477305889e-01,-2.9544754028e+00,2.1573464355e+03
1089,4.6720787883e-01,-4.6474099159e-01,-5.7779669762e+00,2.1570651855e+03
1090,4.6713784337e-01,-4.6474984288e-01,-7.2429566383e+00,2.1567832031e+03
1091,4.6702206135e-01,-4.6482759714e-01,-3.0226554871e+00,2.1565017090e+03
1092,4.6698600054e-01,-4.6479812264e-01,-2.9974343777e+00,2.1562197266e+03
1093,4.6707811952e-01,-4.6467477083e-01,-2.7090716362e+00,2.1559387207e+03
1094,4.6695053577e-01,-4.6469247341e-01,-9.3202133179e+00,2.1556569824e+03
1095,4.6702039242e-01,-4.6458768845e-01,-2.6871705055e+00,2.1553762207e+03
1096,4.6682676673e-01,-4.6473652124e-01,-2.7659430504e+00,2.1550949707e+03
1097,4.6698448062e-01,-4.6454209089e-01,-5.1987600327e+00,2.1548139648e+03
1098,4.6681630611e-01,-4.6462371945e-01,-3.7050535679e+00,2.1545329590e+03
1099,4.6680477262e-01,-4.6454194188e-01,-3.5288066864e+00,2.1542517090e+03
1100,4.6679010987e-01,-4.6453607082e-01,-6.5151333809e+00,2.1539704590e+03
1101,4.6682962775e-01,-4.6442762017e-01,-1.3484559059e+00,2.1536894531e+03
1102,4.6673476696e-01,-4.6445289254e-01,-5.7226428986e+00,2.1534084473e+03
1103,4.6679162979e-01,-4.6435216069e-01,-4.0172424316e+00,2.1531279297e+03
1104,4.6662503481e-01,-4.6443226933e-01,-4.3921871185e+00,2.1528469238e+03
1105,4.6668812633e-01,-4.6432301402e-01,-4.3395981789e+00,2.1525664062e+03
1106,4.6650394797e-01,-4.6447649598e-01,-5.4437513351e+00,2.1522854004e+03
1107,4.6671870351e-01,-4.6418082714e-01,-2.2164924145e+00,2.1520051270e+03
1108,4.6638283134e-01,-4.6443319321e-01,-6.7183022499e+00,2.1517243652e+03
1109,4.6659094095e-01,-4.6417966485e-01,-3.0426230431e+00,2.1514438477e+03
1110,4.6629786491e-01,-4.6440839767e-01,-4.9567975998e+00,2.1511633301e+03
1111,4.6662107110e-01,-4.6404936910e-01,-3.7016844749e+00,2.1508833008e+03
1112,4.6628245711e-01,-4.6432486176e-01,-4.6721682549e+00,2.1506030273e+03
1113,4.6655583382e-01,-4.6400135756e-01,-4.3754806519e+00,2.1503225098e+03
1114,4.6619978547e-01,-4.6428897977e-01,-4.2009696960e+00,2.1500424805e+03
1115,4.6645516157e-01,-4.6396836638e-01,-4.5260920525e+00,2.1497622070e+03
1116,4.6616530418e-01,-4.6419629455e-01,-3.8756737709e+00,2.1494819336e+03
1117,4.6620243788e-01,-4.6410551667e-01,-6.1234846115e+00,2.1492016602e+03
1118,4.6618032455e-01,-4.6407175064e-01,-3.8602192402e+00,2.1489221191e+03
1119,4.6615740657e-01,-4.6403759718e-01,-3.8602192402e+00,2.1486420898e+03
1120,4.6613365412e-01,-4.6400326490e-01,-3.8602192402e+00,2.1483620605e+03
1121,4.6610337496e-01,-4.6397832036e-01,-2.8171846867e+00,2.1480822754e+03
1122,4.6607032418e-01,-4.6394801140e-01,-4.7444229126e+00,2.1478027344e+03
1123,4.6604156494e-01,-4.6390178800e-01,-6.5699229240e+00,2.1475231934e+03
1124,4.6591866016e-01,-4.6396163106e-01,-3.1144204140e+00,2.1472441406e+03
1125,4.6612435579e-01,-4.6372377872e-01,-4.7508335114e+00,2.1469638672e+03
1126,4.6594086289e-01,-4.6383750439e-01,-3.7306978703e+00,2.1466845703e+03
1127,4.6581882238e-01,-4.6386486292e-01,-6.7898659706e+00,2.1464050293e+03
1128,4.6582767367e-01,-4.6380427480e-01,-2.0237042904e+00,2.1461252441e+03
1129,4.6577194333e-01,-4.6378651261e-01,-7.2439465523e+00,2.1458459473e+03
1130,4.6580591798e-01,-4.6371620893e-01,-4.3891439438e+00,2.1455664062e+03
1131,4.6570131183e-01,-4.6375453472e-01,-2.6354806423e+00,2.1452873535e+03
1132,4.6583014727e-01,-4.6359041333e-01,-2.7692224979e+00,2.1450083008e+03
1133,4.6556499600e-01,-4.6378195286e-01,-8.9248809814e+00,2.1447292480e+03
1134,4.6586599946e-01,-4.6344223619e-01,-1.0592517853e+00,2.1444499512e+03
1135,4.6562299132e-01,-4.6361011267e-01,-3.9989557266e+00,2.1441708984e+03
1136,4.6578544378e-01,-4.6339917183e-01,-6.2998781204e+00,2.1438916016e+03
1137,4.6558293700e-01,-4.6353560686e-01,-1.5464978218e+00,2.1436125488e+03
1138,4.6564453840e-01,-4.6341055632e-01,-6.0416016579e+00,2.1433344727e+03
1139,4.6549406648e-01,-4.6350383759e-01,-5.9029517174e+00,2.1430549316e+03
1140,4.6558752656e-01,-4.6334838867e-01,-4.0727794170e-01,2.1427768555e+03
1141,4.6535724401e-01,-4.6351805329e-01,-8.6281013489e+00,2.1424973145e+03
1142,4.6559593081e-01,-4.6321547031e-01,-2.0047991276e+00,2.1422192383e+03
1143,4.6529689431e-01,-4.6346059442e-01,-4.4424929619e+00,2.1419399414e+03
1144,4.6548801661e-01,-4.6322125196e-01,-6.2526664734e+00,2.1416616211e+03
1145,4.6529135108e-01,-4.6333479881e-01,-2.5678739548e+00,2.1413833008e+03
1146,4.6541759372e-01,-4.6315246820e-01,-4.6621384621e+00,2.1411049805e+03
1147,4.6515902877e-01,-4.6332961321e-01,-5.6282644272e+00,2.1408266602e+03
1148,4.6539324522e-01,-4.6306604147e-01,-2.8975012302e+00,2.1405480957e+03
1149,4.6528768539e-01,-4.6310150623e-01,-3.4294273853e+00,2.1402692871e+03
1150,4.6525505185e-01,-4.6306291223e-01,-5.7719240189e+00,2.1399912109e+03
1151,4.6522688866e-01,-4.6302202344e-01,-5.7719240189e+00,2.1397133789e+03
1152,4.6508142352e-01,-4.6313738823e-01,-4.8629622459e+00,2.1394353027e+03
1153,4.6517330408e-01,-4.6298623085e-01,-1.5100313425e+00,2.1391577148e+03
1154,4.6505111456e-01,-4.6304780245e-01,-7.8951673508e+00,2.1388793945e+03
1155,4.6503248811e-01,-4.6300008893e-01,-1.4411059618e+00,2.1386010742e+03
1156,4.6502545476e-01,-4.6296650171e-01,-6.2387332916e+00,2.1383232422e+03
1157,4.6500816941e-01,-4.6290352941e-01,-3.4067122936e+00,2.1380451660e+03
1158,4.6489566565e-01,-4.6296188235e-01,-4.7460784912e+00,2.1377673340e+03
1159,4.6498009562e-01,-4.6282815933e-01,-2.8007645607e+00,2.1374899902e+03
1160,4.6481385827e-01,-4.6290555596e-01,-7.9987030029e+00,2.1372121582e+03
1161,4.6482834220e-01,-4.6285161376e-01,-1.4715760946e+00,2.1369348145e+03
1162,4.6491897106e-01,-4.6271276474e-01,-6.1156311035e+00,2.1366572266e+03
1163,4.6475556493e-01,-4.6281552315e-01,-3.2873113155e+00,2.1363801270e+03
1164,4.6474537253e-01,-4.6273234487e-01,-6.2836732864e+00,2.1361022949e+03
1165,4.6476218104e-01,-4.6267569065e-01,-1.5870500803e+00,2.1358247070e+03
1166,4.6472075582e-01,-4.6262750030e-01,-7.7517337799e+00,2.1355476074e+03
1167,4.6464189887e-01,-4.6266841888e-01,-2.2619006634e+00,2.1352700195e+03
1168,4.6469172835e-01,-4.6252754331e-01,-4.3244400024e+00,2.1349926758e+03
1169,4.6459171176e-01,-4.6259856224e-01,-6.3009724617e+00,2.1347158203e+03
1170,4.6461001039e-01,-4.6250110865e-01,-2.0375216007e+00,2.1344387207e+03
1171,4.6452885866e-01,-4.6254363656e-01,-7.0526642799e+00,2.1341616211e+03
1172,4.6450489759e-01,-4.6250119805e-01,-1.5336916447e+00,2.1338842773e+03
1173,4.6450072527e-01,-4.6246781945e-01,-8.3707294464e+00,2.1336074219e+03
1174,4.6442830563e-01,-4.6246260405e-01,-3.1359940767e-01,2.1333308105e+03
1175,4.6436122060e-01,-4.6247270703e-01,-7.1878952980e+00,2.1330544434e+03
1176,4.6436905861e-01,-4.6240776777e-01,-5.0956563950e+00,2.1327770996e+03
1177,4.6441188455e-01,-4.6229270101e-01,-7.2868990898e-01,2.1325004883e+03
1178,4.6416640282e-01,-4.6249684691e-01,-9.7331333160e+00,2.1322241211e+03
1179,4.6441453695e-01,-4.6217009425e-01,-1.7013692856e+00,2.1319472656e+03
1180,4.6411383152e-01,-4.6241781116e-01,-4.4698352814e+00,2.1316708984e+03
1181,4.6429461241e-01,-4.6217328310e-01,-5.5450596809e+00,2.1313942871e+03
1182,4.6410733461e-01,-4.6231764555e-01,-2.9915075302e+00,2.1311181641e+03
1183,4.6428623796e-01,-4.6209535003e-01,-5.2590022087e+00,2.1308417969e+03
1184,4.6400579810e-01,-4.6227636933e-01,-4.7005887032e+00,2.1305649414e+03
1185,4.6417602897e-01,-4.6204736829e-01,-3.7338626385e+00,2.1302890625e+03
1186,4.6410807967e-01,-4.6206426620e-01,-3.4515008926e+00,2.1300129395e+03
1187,4.6405783296e-01,-4.6203944087e-01,-5.5990633965e+00,2.1297363281e+03
1188,4.6407017112e-01,-4.6200799942e-01,-5.8484683037e+00,2.1294602051e+03
1189,4.6394830942e-01,-4.6204349399e-01,-2.4842619896e+00,2.1291838379e+03
1190,4.6389687061e-01,-4.6199372411e-01,-6.5171828270e+00,2.1289082031e+03
1191,4.6390828490e-01,-4.6197783947e-01,-2.9438669682e+00,2.1286325684e+03
1192,4.6383735538e-01,-4.6197113395e-01,-5.9208006859e+00,2.1283562012e+03
1193,4.6383094788e-01,-4.6193224192e-01,-2.9895825386e+00,2.1280805664e+03
1194,4.6384325624e-01,-4.6182355285e-01,-4.8701510429e+00,2.1278046875e+03
1195,4.6380057931e-01,-4.6185222268e-01,-4.6266808510e+00,2.1275285645e+03
1196,4.6368423104e-01,-4.6185848117e-01,-4.7534470558e+00,2.1272534180e+03
1197,4.6368971467e-01,-4.6181491017e-01,-4.4971280098e+00,2.1269777832e+03
1198,4.6368083358e-01,-4.6175605059e-01,-5.0140490532e+00,2.1267019043e+03
1199,4.6357446909e-01,-4.6180537343e-01,-3.9797687531e+00,2.1264262695e+03
1200,4.6366819739e-01,-4.6163228154e-01,-4.8447456360e+00,2.1261511230e+03
1201,4.6348857880e-01,-4.6179032326e-01,-4.4077177048e+00,2.1258759766e+03
1202,4.6347722411e-01,-4.6173354983e-01,-5.2561683655e+00,2.1256005859e+03
1203,4.6351912618e-01,-4.6160110831e-01,-4.3112168312e+00,2.1253247070e+03
1204,4.6345612407e-01,-4.6162024140e-01,-4.1499090195e+00,2.1250502930e+03
1205,4.6347343922e-01,-4.6152517200e-01,-4.1445484161e+00,2.1247746582e+03
1206,4.6347206831e-01,-4.6144354343e-01,-4.1893863678e+00,2.1244992676e+03
1207,4.6331879497e-01,-4.6160596609e-01,-5.5388584137e+00,2.1242246094e+03
1208,4.6340063214e-01,-4.6138799191e-01,-4.3842473030e+00,2.1239501953e+03
1209,4.6332433820e-01,-4.6143859625e-01,-3.1987578869e+00,2.1236748047e+03
1210,4.6324226260e-01,-4.6148654819e-01,-6.0011630058e+00,2.1233994141e+03
1211,4.6321532130e-01,-4.6143630147e-01,-4.4357471466e+00,2.1231252441e+03
1212,4.6318444610e-01,-4.6140718460e-01,-4.5433359146e+00,2.1228498535e+03
1213,4.6318238974e-01,-4.6133676171e-01,-4.6771883965e+00,2.1225754395e+03
1214,4.6304786205e-01,-4.6139672399e-01,-5.0013585091e+00,2.1223010254e+03
1215,4.6312293410e-01,-4.6130058169e-01,-3.9958343506e+00,2.1220258789e+03
1216,4.6308624744e-01,-4.6126803756e-01,-4.9753603935e+00,2.1217519531e+03
1217,4.6305072308e-01,-4.6120929718e-01,-5.3963441849e+00,2.1214772949e+03
1218,4.6295961738e-01,-4.6125075221e-01,-3.0010228157e+00,2.1212028809e+03
1219,4.6306371689e-01,-4.6110817790e-01,-5.3129525185e+00,2.1209282227e+03
1220,4.6283897758e-01,-4.6123421192e-01,-4.2105431557e+00,2.1206540527e+03
1221,4.6294119954e-01,-4.6109980345e-01,-4.8067336082e+00,2.1203798828e+03
1222,4.6291819215e-01,-4.6106138825e-01,-4.0590300560e+00,2.1201052246e+03
1223,4.6293705702e-01,-4.6099436283e-01,-4.3255858421e+00,2.1198315430e+03
1224,4.6272060275e-01,-4.6111148596e-01,-5.4302139282e+00,2.1195571289e+03
1225,4.6263694763e-01,-4.6111646295e-01,-5.2128901482e+00,2.1192829590e+03
1226,4.6281152964e-01,-4.6094614267e-01,-3.4646906853e+00,2.1190090332e+03
1227,4.6259483695e-01,-4.6103456616e-01,-5.4132781029e+00,2.1187351074e+03
1228,4.6259710193e-01,-4.6099948883e-01,-4.6334681511e+00,2.1184609375e+03
1229,4.6270194650e-01,-4.6085360646e-01,-3.4857513905e+00,2.1181870117e+03
1230,4.6258351207e-01,-4.6091422439e-01,-5.3709154129e+00,2.1179133301e+03
1231,4.6261507273e-01,-4.6083700657e-01,-4.2058839798e+00,2.1176394043e+03
1232,4.6252065897e-01,-4.6080502868e-01,-4.9266805649e+00,2.1173657227e+03
1233,4.6258643270e-01,-4.6072840691e-01,-3.9213590622e+00,2.1170922852e+03
1234,4.6234482527e-01,-4.6088096499e-01,-6.0224075317e+00,2.1168188477e+03
1235,4.6253994107e-01,-4.6062624454e-01,-3.0853781700e+00,2.1165449219e+03
1236,4.6244534850e-01,-4.6066373587e-01,-5.1921882629e+00,2.1162714844e+03
1237,4.6232330799e-01,-4.6073478460e-01,-5.1648569107e+00,2.1159980469e+03
1238,4.6232518554e-01,-4.6066552401e-01,-4.2062554359e+00,2.1157246094e+03
1239,4.6223965287e-01,-4.6069771051e-01,-5.0224752426e+00,2.1154514160e+03
1240,4.6231266856e-01,-4.6054336429e-01,-4.0191140175e+00,2.1151784668e+03
1241,4.6214732528e-01,-4.6066448092e-01,-5.3038711548e+00,2.1149050293e+03
1242,4.6231591702e-01,-4.6040657163e-01,-3.4427416325e+00,2.1146318359e+03
1243,4.6210041642e-01,-4.6058732271e-01,-5.6882629395e+00,2.1143586426e+03
1244,4.6213975549e-01,-4.6048209071e-01,-4.2260971069e+00,2.1140854492e+03
1245,4.6205633879e-01,-4.6052089334e-01,-5.0401930809e+00,2.1138127441e+03
1246,4.6201321483e-01,-4.6050786972e-01,-4.8204450607e+00,2.1135400391e+03
1247,4.6197184920e-01,-4.6049237251e-01,-4.8204450607e+00,2.1132666016e+03
1248,4.6196061373e-01,-4.6042889357e-01,-4.6121568680e+00,2.1129936523e+03
1249,4.6194657683e-01,-4.6036922932e-01,-4.6121568680e+00,2.1127214355e+03
1250,4.6196791530e-01,-4.6026560664e-01,-3.9557588100e+00,2.1124487305e+03
1251,4.6183970571e-01,-4.6038854122e-01,-5.2959704399e+00,2.1121757812e+03
1252,4.6192955971e-01,-4.6019741893e-01,-3.7772097588e+00,2.1119030762e+03
1253,4.6185672283e-01,-4.6021905541e-01,-5.2850518227e+00,2.1116306152e+03
1254,4.6179056168e-01,-4.6020847559e-01,-4.3455271721e+00,2.1113583984e+03
1255,4.6182480454e-01,-4.6012887359e-01,-4.1655387878e+00,2.1110856934e+03
1256,4.6170955896e-01,-4.6015849710e-01,-5.4232835770e+00,2.1108134766e+03
1257,4.6180018783e-01,-4.6005812287e-01,-4.0006971359e+00,2.1105410156e+03
1258,4.6177136898e-01,-4.5998626947e-01,-4.3540959358e+00,2.1102690430e+03
1259,4.6177276969e-01,-4.5992532372e-01,-4.4362940788e+00,2.1099960938e+03
1260,4.6154713631e-01,-4.6005868912e-01,-5.7260351181e+00,2.1097241211e+03
1261,4.6150013804e-01,-4.6007412672e-01,-4.4206886292e+00,2.1094519043e+03
1262,4.6151554585e-01,-4.5999598503e-01,-4.1060795784e+00,2.1091799316e+03
1263,4.6156516671e-01,-4.5986321568e-01,-4.6371617317e+00,2.1089077148e+03
1264,4.6152719855e-01,-4.5983803272e-01,-5.2631449699e+00,2.1086359863e+03
1265,4.6153193712e-01,-4.5979902148e-01,-3.4789366722e+00,2.1083642578e+03
1266,4.6145653725e-01,-4.5979017019e-01,-5.3676490784e+00,2.1080922852e+03
1267,4.6126890182e-01,-4.5990005136e-01,-5.0368018150e+00,2.1078205566e+03
1268,4.6133005619e-01,-4.5981156826e-01,-4.8641500473e+00,2.1075490723e+03
1269,4.6120843291e-01,-4.5980596542e-01,-4.2114667892e+00,2.1072768555e+03
1270,4.6127003431e-01,-4.5974645019e-01,-4.4048957825e+00,2.1070058594e+03
1271,4.6126502752e-01,-4.5970049500e-01,-6.0523052216e+00,2.1067333984e+03
1272,4.6119257808e-01,-4.5972090960e-01,-2.5509045124e+00,2.1064624023e+03
1273,4.6127033234e-01,-4.5954331756e-01,-5.7844786644e+00,2.1061906738e+03
1274,4.6110150218e-01,-4.5966818929e-01,-4.7250585556e+00,2.1059189453e+03
1275,4.6106731892e-01,-4.5963487029e-01,-4.0781631470e+00,2.1056479492e+03
1276,4.6104595065e-01,-4.5957002044e-01,-4.8314232826e+00,2.1053767090e+03
1277,4.6114200354e-01,-4.5943841338e-01,-5.1196780205e+00,2.1051052246e+03
1278,4.6103712916e-01,-4.5946940780e-01,-2.8384635448e+00,2.1048342285e+03
1279,4.6108198166e-01,-4.5937514305e-01,-5.8362178802e+00,2.1045625000e+03
1280,4.6081718802e-01,-4.5956757665e-01,-5.7413678169e+00,2.1042917480e+03
1281,4.6091434360e-01,-4.5942121744e-01,-3.4844126701e+00,2.1040202637e+03
1282,4.6081668139e-01,-4.5945012569e-01,-5.9624052048e+00,2.1037495117e+03
1283,4.6095085144e-01,-4.5924624801e-01,-2.8601436615e+00,2.1034790039e+03
1284,4.6075502038e-01,-4.5938554406e-01,-5.5573663712e+00,2.1032080078e+03
1285,4.6079996228e-01,-4.5928502083e-01,-4.8566961288e+00,2.1029370117e+03
1286,4.6067789197e-01,-4.5931345224e-01,-4.6272878647e+00,2.1026657715e+03
1287,4.6079564095e-01,-4.5916283131e-01,-3.8050131798e+00,2.1023955078e+03
1288,4.6055915952e-01,-4.5935031772e-01,-6.4678735733e+00,2.1021247559e+03
1289,4.6071583033e-01,-4.5907586813e-01,-2.7174992561e+00,2.1018540039e+03
1290,4.6046483517e-01,-4.5927757025e-01,-5.8403277397e+00,2.1015832520e+03
1291,4.6064895391e-01,-4.5906993747e-01,-3.9987850189e+00,2.1013129883e+03
1292,4.6041536331e-01,-4.5922827721e-01,-5.7345805168e+00,2.1010424805e+03
1293,4.6062827110e-01,-4.5894029737e-01,-3.1768815517e+00,2.1007719727e+03
1294,4.6037182212e-01,-4.5913791656e-01,-5.5489163399e+00,2.1005014648e+03
1295,4.6054798365e-01,-4.5889508724e-01,-4.3672556877e+00,2.1002309570e+03
1296,4.6024131775e-01,-4.5915266871e-01,-5.2476983070e+00,2.0999609375e+03
1297,4.6044853330e-01,-4.5887944102e-01,-5.3400187492e+00,2.0996909180e+03
1298,4.6018204093e-01,-4.5908826590e-01,-3.4195046425e+00,2.0994208984e+03
1299,4.6023553610e-01,-4.5896819234e-01,-7.0465168953e+00,2.0991506348e+03
1300,4.6013301611e-01,-4.5899793506e-01,-3.9654595852e+00,2.0988803711e+03
1301,4.6003887057e-01,-4.5902052522e-01,-3.9654595852e+00,2.0986110840e+03
1302,4.6022510529e-01,-4.5878341794e-01,-2.8393845558e+00,2.0983405762e+03
1303,4.6007028222e-01,-4.5887517929e-01,-7.8163623810e+00,2.0980710449e+03
1304,4.6012336016e-01,-4.5875576138e-01,-1.9680675268e+00,2.0978012695e+03
1305,4.6009913087e-01,-4.5873787999e-01,-6.4891695976e+00,2.0975314941e+03
1306,4.6007913351e-01,-4.5868173242e-01,-3.1920921803e+00,2.0972617188e+03
1307,4.5994901657e-01,-4.5874792337e-01,-7.0247912407e+00,2.0969919434e+03
1308,4.6008056402e-01,-4.5857539773e-01,-1.4363790751e+00,2.0967224121e+03
1309,4.5991754532e-01,-4.5865884423e-01,-8.4278450012e+00,2.0964521484e+03
1310,4.5992651582e-01,-4.5858094096e-01,-1.3135478497e+00,2.0961835938e+03
1311,4.5988667011e-01,-4.5854645967e-01,-7.2227058411e+00,2.0959133301e+03
1312,4.5979398489e-01,-4.5859867334e-01,-3.7713961601e+00,2.0956442871e+03
1313,4.5987436175e-01,-4.5844322443e-01,-4.3918509483e+00,2.0953752441e+03
1314,4.5972579718e-01,-4.5853579044e-01,-5.2183732986e+00,2.0951054688e+03
1315,4.5985198021e-01,-4.5836406946e-01,-3.2552003860e+00,2.0948369141e+03
1316,4.5956468582e-01,-4.5856198668e-01,-7.3209857941e+00,2.0945671387e+03
1317,4.5978745818e-01,-4.5829561353e-01,-2.7548339367e+00,2.0942983398e+03
1318,4.5953726768e-01,-4.5846831799e-01,-5.4597864151e+00,2.0940288086e+03
1319,4.5972433686e-01,-4.5823803544e-01,-4.5931153297e+00,2.0937600098e+03
1320,4.5945811272e-01,-4.5843842626e-01,-4.0455174446e+00,2.0934912109e+03
1321,4.5967459679e-01,-4.5814782381e-01,-5.5826015472e+00,2.0932221680e+03
1322,4.5938548446e-01,-4.5838305354e-01,-4.0438332558e+00,2.0929526367e+03
1323,4.5962950587e-01,-4.5807212591e-01,-5.3794360161e+00,2.0926840820e+03
1324,4.5928519964e-01,-4.5836007595e-01,-4.0923514366e+00,2.0924152832e+03
1325,4.5936712623e-01,-4.5821255445e-01,-6.6294140816e+00,2.0921464844e+03
1326,4.5929881930e-01,-4.5821386576e-01,-3.6750214100e+00,2.0918781738e+03
1327,4.5923373103e-01,-4.5821282268e-01,-3.6750214100e+00,2.0916096191e+03
1328,4.5936295390e-01,-4.5802405477e-01,-3.6517028809e+00,2.0913410645e+03
1329,4.5920979977e-01,-4.5811498165e-01,-7.5126776695e+00,2.0910727539e+03
1330,4.5927646756e-01,-4.5799106359e-01,-1.8105319738e+00,2.0908044434e+03
1331,4.5916411281e-01,-4.5803055167e-01,-7.5913901329e+00,2.0905354004e+03
1332,4.5921674371e-01,-4.5793384314e-01,-2.3429291248e+00,2.0902675781e+03
1333,4.5909288526e-01,-4.5799008012e-01,-6.5600647926e+00,2.0899992676e+03
1334,4.5914486051e-01,-4.5786026120e-01,-3.0378570557e+00,2.0897309570e+03
1335,4.5901647210e-01,-4.5794492960e-01,-6.4137196541e+00,2.0894624023e+03
1336,4.5905405283e-01,-4.5783340931e-01,-2.9059355259e+00,2.0891943359e+03
1337,4.5895108581e-01,-4.5786982775e-01,-6.7570161819e+00,2.0889262695e+03
1338,4.5896151662e-01,-4.5779478550e-01,-2.8388919830e+00,2.0886586914e+03
1339,4.5892274380e-01,-4.5778778195e-01,-6.6752958298e+00,2.0883898926e+03
1340,4.5896595716e-01,-4.5769008994e-01,-1.9336071014e+00,2.0881223145e+03
1341,4.5875534415e-01,-4.5780432224e-01,-8.2082366943e+00,2.0878542480e+03
1342,4.5895329118e-01,-4.5757687092e-01,-1.1554651260e+00,2.0875864258e+03
1343,4.5871058106e-01,-4.5775687695e-01,-7.5856699944e+00,2.0873186035e+03
1344,4.5881325006e-01,-4.5755985379e-01,-2.9148995876e+00,2.0870512695e+03
1345,4.5871061087e-01,-4.5763179660e-01,-5.6673617363e+00,2.0867832031e+03
1346,4.5872804523e-01,-4.5755162835e-01,-3.8670556545e+00,2.0865153809e+03
1347,4.5861428976e-01,-4.5757442713e-01,-5.2763957977e+00,2.0862480469e+03
1348,4.5867788792e-01,-4.5747917891e-01,-5.5101113319e+00,2.0859804688e+03
1349,4.5861193538e-01,-4.5747068524e-01,-2.5749754906e+00,2.0857128906e+03
1350,4.5863965154e-01,-4.5739293098e-01,-4.9584488869e+00,2.0854455566e+03
1351,4.5847854018e-01,-4.5749697089e-01,-7.6728458405e+00,2.0851779785e+03
1352,4.5847183466e-01,-4.5743751526e-01,-1.5767532587e+00,2.0849106445e+03
1353,4.5849940181e-01,-4.5732763410e-01,-7.0022964478e+00,2.0846435547e+03
1354,4.5838487148e-01,-4.5738890767e-01,-2.8797984123e+00,2.0843757324e+03
1355,4.5851740241e-01,-4.5717447996e-01,-5.4262886047e+00,2.0841091309e+03
1356,4.5827856660e-01,-4.5736035705e-01,-4.4103894234e+00,2.0838420410e+03
1357,4.5847359300e-01,-4.5709139109e-01,-4.5951828957e+00,2.0835749512e+03
1358,4.5817783475e-01,-4.5733892918e-01,-5.6642374992e+00,2.0833076172e+03
1359,4.5835703611e-01,-4.5711424947e-01,-3.2218403816e+00,2.0830407715e+03
1360,4.5814099908e-01,-4.5724225044e-01,-6.8113870621e+00,2.0827736816e+03
1361,4.5826941729e-01,-4.5706981421e-01,-2.5952506065e+00,2.0825068359e+03
1362,4.5804607868e-01,-4.5722928643e-01,-6.4778814316e+00,2.0822397461e+03
1363,4.5826858282e-01,-4.5694187284e-01,-3.6306159496e+00,2.0819736328e+03
1364,4.5791855454e-01,-4.5721888542e-01,-4.9668459892e+00,2.0817070312e+03
1365,4.5818778872e-01,-4.5691183209e-01,-5.2446122169e+00,2.0814404297e+03
1366,4.5789349079e-01,-4.5712521672e-01,-3.8303003311e+00,2.0811735840e+03
1367,4.5814967155e-01,-4.5682656765e-01,-5.1124801636e+00,2.0809069824e+03
1368,4.5777395368e-01,-4.5710986853e-01,-5.0890531540e+00,2.0806401367e+03
1369,4.5789936185e-01,-4.5694491267e-01,-6.3509140015e+00,2.0803742676e+03
1370,4.5774289966e-01,-4.5702376962e-01,-3.5704321861e+00,2.0801079102e+03
1371,4.5790347457e-01,-4.5680209994e-01,-2.8960735798e+00,2.0798413086e+03
1372,4.5786416531e-01,-4.5679989457e-01,-6.9147543907e+00,2.0795751953e+03
1373,4.5783317089e-01,-4.5675554872e-01,-2.0732181072e+00,2.0793085938e+03
1374,4.5763745904e-01,-4.5687663555e-01,-7.7003059387e+00,2.0790424805e+03
1375,4.5784568787e-01,-4.5662176609e-01,-2.0786600113e+00,2.0787766113e+03
1376,4.5765513182e-01,-4.5673802495e-01,-5.9562182426e+00,2.0785104980e+03
1377,4.5777079463e-01,-4.5657885075e-01,-3.0769038200e+00,2.0782443848e+03
1378,4.5754063129e-01,-4.5672914386e-01,-8.0832948685e+00,2.0779780273e+03
1379,4.5756950974e-01,-4.5663714409e-01,-1.5894522667e+00,2.0777121582e+03
1380,4.5760884881e-01,-4.5654779673e-01,-6.7408323288e+00,2.0774465332e+03
1381,4.5756080747e-01,-4.5653596520e-01,-2.7302041054e+00,2.0771809082e+03
1382,4.5758548379e-01,-4.5644158125e-01,-6.0796718597e+00,2.0769147949e+03
1383,4.5730406046e-01,-4.5665803552e-01,-4.4990701675e+00,2.0766491699e+03
1384,4.5751941204e-01,-4.5638597012e-01,-5.1467251778e+00,2.0763835449e+03
1385,4.5719847083e-01,-4.5664596558e-01,-4.8381786346e+00,2.0761181641e+03
1386,4.5745068789e-01,-4.5632657409e-01,-3.5077056885e+00,2.0758520508e+03
1387,4.5722436905e-01,-4.5648729801e-01,-6.6240739822e+00,2.0755869141e+03
1388,4.5739081502e-01,-4.5625901222e-01,-2.2176942825e+00,2.0753208008e+03
1389,4.5710682869e-01,-4.5648974180e-01,-6.9422473907e+00,2.0750561523e+03
1390,4.5730975270e-01,-4.5621177554e-01,-3.4648380280e+00,2.0747907715e+03
1391,4.5710170269e-01,-4.5635819435e-01,-4.5530171394e+00,2.0745251465e+03
1392,4.5714631677e-01,-4.5627263188e-01,-6.2626819611e+00,2.0742600098e+03
1393,4.5709002018e-01,-4.5623058081e-01,-2.4887790680e+00,2.0739946289e+03
1394,4.5711851120e-01,-4.5616912842e-01,-6.4904928207e+00,2.0737297363e+03
1395,4.5699790120e-01,-4.5620608330e-01,-3.2305674553e+00,2.0734643555e+03
1396,4.5712450147e-01,-4.5602583885e-01,-4.9021191597e+00,2.0731992188e+03
1397,4.5690426230e-01,-4.5617577434e-01,-5.5546350479e+00,2.0729340820e+03
1398,4.5700043440e-01,-4.5603621006e-01,-3.9402704239e+00,2.0726694336e+03
1399,4.5671769977e-01,-4.5625057817e-01,-5.3978276253e+00,2.0724042969e+03
1400,4.5696386695e-01,-4.5594587922e-01,-4.8238711357e+00,2.0721398926e+03
1401,4.5672619343e-01,-4.5611196756e-01,-4.1070070267e+00,2.0718747559e+03
1402,4.5690682530e-01,-4.5587617159e-01,-5.2170810699e+00,2.0716098633e+03
1403,4.5662981272e-01,-4.5608481765e-01,-4.0732970238e+00,2.0713449707e+03
1404,4.5684781671e-01,-4.5580986142e-01,-5.5418472290e+00,2.0710805664e+03
1405,4.5672905445e-01,-4.5586225390e-01,-3.0453402996e+00,2.0708156738e+03
1406,4.5669540763e-01,-4.5583602786e-01,-5.2493114471e+00,2.0705507812e+03
1407,4.5666167140e-01,-4.5580965281e-01,-5.2493114471e+00,2.0702863770e+03
1408,4.5662778616e-01,-4.5578327775e-01,-5.2493114471e+00,2.0700217285e+03
1409,4.5658993721e-01,-4.5575678349e-01,-5.6500887871e+00,2.0697570801e+03
1410,4.5663487911e-01,-4.5567357540e-01,-3.2057797909e+00,2.0694924316e+03
1411,4.5639204979e-01,-4.5581221581e-01,-4.4118971825e+00,2.0692282715e+03
1412,4.5641407371e-01,-4.5575234294e-01,-6.8320899010e+00,2.0689645996e+03
1413,4.5629474521e-01,-4.5577466488e-01,-2.9756329060e+00,2.0687001953e+03
1414,4.5643800497e-01,-4.5560705662e-01,-5.1833658218e+00,2.0684360352e+03
1415,4.5632877946e-01,-4.5561397076e-01,-3.5961465836e+00,2.0681718750e+03
1416,4.5635417104e-01,-4.5554712415e-01,-8.3321571350e+00,2.0679074707e+03
1417,4.5615527034e-01,-4.5566856861e-01,-4.5700490475e-01,2.0676435547e+03
1418,4.5630484819e-01,-4.5547875762e-01,-7.2107033730e+00,2.0673796387e+03
1419,4.5621001720e-01,-4.5552322268e-01,-4.6554875374e+00,2.0671159668e+03
1420,4.5621749759e-01,-4.5546373725e-01,-1.7855913639e+00,2.0668522949e+03
1421,4.5614278316e-01,-4.5545697212e-01,-9.3880481720e+00,2.0665881348e+03
1422,4.5625263453e-01,-4.5529007912e-01,-3.9054405689e-01,2.0663247070e+03
1423,4.5602154732e-01,-4.5545572042e-01,-7.4475283623e+00,2.0660607910e+03
1424,4.5609027147e-01,-4.5532414317e-01,-3.1366944313e+00,2.0657973633e+03
1425,4.5591562986e-01,-4.5543876290e-01,-5.6696281433e+00,2.0655329590e+03
1426,4.5605769753e-01,-4.5522901416e-01,-3.6810092926e+00,2.0652695312e+03
1427,4.5595037937e-01,-4.5527955890e-01,-5.4945259094e+00,2.0650063477e+03
1428,4.5592224598e-01,-4.5524281263e-01,-3.0543544292e+00,2.0647429199e+03
1429,4.5583480597e-01,-4.5526805520e-01,-8.2322702408e+00,2.0644797363e+03
1430,4.5587539673e-01,-4.5517611504e-01,1.6430588439e-02,2.0642165527e+03
1431,4.5577123761e-01,-4.5519423485e-01,-9.3156480789e+00,2.0639528809e+03
1432,4.5579129457e-01,-4.5513552427e-01,-1.2328659296e+00,2.0636901855e+03
1433,4.5568612218e-01,-4.5517674088e-01,-6.9368739128e+00,2.0634270020e+03
1434,4.5567196608e-01,-4.5514842868e-01,-3.6942710876e+00,2.0631633301e+03
1435,4.5561468601e-01,-4.5511090755e-01,-5.7897977829e+00,2.0629001465e+03
1436,4.5557501912e-01,-4.5511403680e-01,-3.1025218964e+00,2.0626374512e+03
1437,4.5554047823e-01,-4.5507302880e-01,-7.7771615982e+00,2.0623740234e+03
1438,4.5559895039e-01,-4.5493894815e-01,3.0434343219e-01,2.0621115723e+03
1439,4.5547291636e-01,-4.5500895381e-01,-1.0258371353e+01,2.0618486328e+03
1440,4.5551180840e-01,-4.5491406322e-01,2.0852972567e-01,2.0615849609e+03
1441,4.5548599958e-01,-4.5487397909e-01,-8.0527486801e+00,2.0613229980e+03
1442,4.5550879836e-01,-4.5479571819e-01,-1.8202283382e+00,2.0610605469e+03
1443,4.5545116067e-01,-4.5478650928e-01,-7.3292164803e+00,2.0607973633e+03
1444,4.5524457097e-01,-4.5492458344e-01,-2.5408723354e+00,2.0605349121e+03
1445,4.5540618896e-01,-4.5470356941e-01,-7.0568976402e+00,2.0602722168e+03
1446,4.5520329475e-01,-4.5485636592e-01,-2.0971374512e+00,2.0600092773e+03
1447,4.5539641380e-01,-4.5459634066e-01,-7.5676469803e+00,2.0597473145e+03
1448,4.5511782169e-01,-4.5482024550e-01,-1.1994557381e+00,2.0594851074e+03
1449,4.5532348752e-01,-4.5453536510e-01,-8.6154870987e+00,2.0592224121e+03
1450,4.5524740219e-01,-4.5455810428e-01,-6.4314663410e-01,2.0589599609e+03
1451,4.5517328382e-01,-4.5456403494e-01,-8.4233951569e+00,2.0586979980e+03
1452,4.5498830080e-01,-4.5467510819e-01,-1.8118511438e+00,2.0584355469e+03
1453,4.5507207513e-01,-4.5452842116e-01,-6.6438202858e+00,2.0581730957e+03
1454,4.5494562387e-01,-4.5462244749e-01,-3.9605288506e+00,2.0579113770e+03
1455,4.5511963964e-01,-4.5437443256e-01,-3.6889114380e+00,2.0576494141e+03
1456,4.5487305522e-01,-4.5456933975e-01,-5.3866076469e+00,2.0573874512e+03
1457,4.5507797599e-01,-4.5430487394e-01,-4.9582118988e+00,2.0571247559e+03
1458,4.5478186011e-01,-4.5451211929e-01,-3.1550018787e+00,2.0568625488e+03
1459,4.5481273532e-01,-4.5444214344e-01,-7.2514419556e+00,2.0566010742e+03
1460,4.5475140214e-01,-4.5441740751e-01,-2.2701926231e+00,2.0563391113e+03
1461,4.5486718416e-01,-4.5425736904e-01,-6.8668103218e+00,2.0560776367e+03
1462,4.5473647118e-01,-4.5431962609e-01,-2.2053179741e+00,2.0558159180e+03
1463,4.5470562577e-01,-4.5428863168e-01,-7.2639632225e+00,2.0555539551e+03
1464,4.5463880897e-01,-4.5430526137e-01,-2.9109361172e+00,2.0552924805e+03
1465,4.5473417640e-01,-4.5413365960e-01,-5.7473392487e+00,2.0550312500e+03
1466,4.5456489921e-01,-4.5424455404e-01,-2.3161454201e+00,2.0547697754e+03
1467,4.5446553826e-01,-4.5428475738e-01,-7.0408763885e+00,2.0545083008e+03
1468,4.5451778173e-01,-4.5416721702e-01,-1.8650456667e+00,2.0542463379e+03
1469,4.5453494787e-01,-4.5409715176e-01,-9.2392520905e+00,2.0539848633e+03
1470,4.5446485281e-01,-4.5409753919e-01,1.4555537701e-01,2.0537233887e+03
1471,4.5448702574e-01,-4.5401915908e-01,-9.2155513763e+00,2.0534624023e+03
1472,4.5431089401e-01,-4.5413410664e-01,-1.5452718735e+00,2.0532014160e+03
1473,4.5447576046e-01,-4.5390939713e-01,-6.1997013092e+00,2.0529399414e+03
1474,4.5417767763e-01,-4.5414376259e-01,-3.7776706219e+00,2.0526789551e+03
1475,4.5446321368e-01,-4.5378124714e-01,-6.4624123573e+00,2.0524177246e+03
1476,4.5434728265e-01,-4.5384246111e-01,-1.3711605072e+00,2.0521567383e+03
1477,4.5436131954e-01,-4.5376655459e-01,-6.8786420822e+00,2.0518959961e+03
1478,4.5409759879e-01,-4.5396986604e-01,-6.0822305679e+00,2.0516345215e+03
1479,4.5424848795e-01,-4.5375996828e-01,-1.2089291811e+00,2.0513737793e+03
1480,4.5408475399e-01,-4.5386278629e-01,-8.1720314026e+00,2.0511130371e+03
1481,4.5412313938e-01,-4.5375669003e-01,-1.2395977974e+00,2.0508525391e+03
1482,4.5403623581e-01,-4.5379459858e-01,-8.3581733704e+00,2.0505920410e+03
1483,4.5407369733e-01,-4.5368483663e-01,-2.4687477946e-01,2.0503305664e+03
1484,4.5389929414e-01,-4.5380452275e-01,-8.3043470383e+00,2.0500703125e+03
1485,4.5405352116e-01,-4.5359337330e-01,-4.7536544800e+00,2.0498095703e+03
1486,4.5389595628e-01,-4.5367720723e-01,-2.1758936346e-01,2.0495490723e+03
1487,4.5387804508e-01,-4.5363798738e-01,-1.1271421432e+01,2.0492883301e+03
1488,4.5385625958e-01,-4.5359230042e-01,1.9994071722e+00,2.0490285645e+03
1489,4.5382767916e-01,-4.5355677605e-01,-1.0213173866e+01,2.0487675781e+03
1490,4.5379865170e-01,-4.5354267955e-01,4.6619841456e-01,2.0485080566e+03
1491,4.5374834538e-01,-4.5350459218e-01,-9.9478111267e+00,2.0482468262e+03
1492,4.5370826125e-01,-4.5349311829e-01,-2.0829987526e+00,2.0479870605e+03
1493,4.5371958613e-01,-4.5342293382e-01,-3.0673539639e+00,2.0477264404e+03
1494,4.5349508524e-01,-4.5356795192e-01,-8.8402318954e+00,2.0474664307e+03
1495,4.5377135277e-01,-4.5326206088e-01,3.3625099063e-01,2.0472064209e+03
1496,4.5352673531e-01,-4.5341500640e-01,-6.9839515686e+00,2.0469462891e+03
1497,4.5360946655e-01,-4.5329800248e-01,-4.8804483414e+00,2.0466865234e+03
1498,4.5347288251e-01,-4.5335718989e-01,-2.6746990681e+00,2.0464260254e+03
1499,4.5356777310e-01,-4.5321619511e-01,-6.7329697609e+00,2.0461667480e+03
1500,4.5337823033e-01,-4.5332670212e-01,-5.1913652420e+00,2.0459067383e+03
1501,4.5345017314e-01,-4.5320284367e-01,-1.7565275431e+00,2.0456469727e+03
1502,4.5337355137e-01,-4.5321744680e-01,-7.1164555550e+00,2.0453870850e+03
1503,4.5335707068e-01,-4.5317035913e-01,-4.2466850281e+00,2.0451279297e+03
1504,4.5333012938e-01,-4.5313307643e-01,-2.9797763824e+00,2.0448676758e+03
1505,4.5326015353e-01,-4.5314401388e-01,-7.0154008865e+00,2.0446082764e+03
1506,4.5331874490e-01,-4.5301756263e-01,-2.3722989559e+00,2.0443488770e+03
1507,4.5311573148e-01,-4.5316949487e-01,-6.8182253838e+00,2.0440894775e+03
1508,4.5327803493e-01,-4.5294582844e-01,-2.6168937683e+00,2.0438299561e+03
1509,4.5305016637e-01,-4.5309710503e-01,-7.4943532944e+00,2.0435705566e+03
1510,4.5320546627e-01,-4.5289275050e-01,-1.0252537578e-01,2.0433110352e+03
1511,4.5295581222e-01,-4.5307183266e-01,-1.0338523865e+01,2.0430513916e+03
1512,4.5316419005e-01,-4.5280867815e-01,2.6460844278e-01,2.0427923584e+03
1513,4.5287126303e-01,-4.5303931832e-01,-7.3449921608e+00,2.0425334473e+03
1514,4.5309725404e-01,-4.5275163651e-01,-3.6097023487e+00,2.0422741699e+03
1515,4.5282831788e-01,-4.5296022296e-01,-4.4402585030e+00,2.0420152588e+03
1516,4.5300909877e-01,-4.5271465182e-01,-4.7115645409e+00,2.0417563477e+03
1517,4.5275861025e-01,-4.5291024446e-01,-5.2222938538e+00,2.0414965820e+03
1518,4.5296335220e-01,-4.5263588428e-01,-3.3838682175e+00,2.0412385254e+03
1519,4.5266020298e-01,-4.5287945867e-01,-5.0423469543e+00,2.0409790039e+03
1520,4.5291817188e-01,-4.5256230235e-01,-5.4397954941e+00,2.0407204590e+03
1521,4.5278921723e-01,-4.5262843370e-01,-2.1653079987e+00,2.0404616699e+03
1522,4.5278710127e-01,-4.5256778598e-01,-5.7839722633e+00,2.0402019043e+03
1523,4.5278376341e-01,-4.5250949264e-01,-5.7839722633e+00,2.0399437256e+03
1524,4.5277971029e-01,-4.5245292783e-01,-5.7839722633e+00,2.0396848145e+03
1525,4.5249891281e-01,-4.5267555118e-01,-4.2203378677e+00,2.0394261475e+03
1526,4.5269834995e-01,-4.5241355896e-01,-1.4238182306e+00,2.0391672363e+03
1527,4.5244285464e-01,-4.5261266828e-01,-8.2084331512e+00,2.0389091797e+03
1528,4.5255976915e-01,-4.5242425799e-01,-1.6227965355e+00,2.0386510010e+03
1529,4.5239141583e-01,-4.5254233479e-01,-5.9986181259e+00,2.0383924561e+03
1530,4.5253795385e-01,-4.5233023167e-01,-4.3085246086e+00,2.0381342773e+03
1531,4.5227789879e-01,-4.5252874494e-01,-3.7729570866e+00,2.0378759766e+03
1532,4.5248082280e-01,-4.5226809382e-01,-5.6451015472e+00,2.0376174316e+03
1533,4.5220738649e-01,-4.5246967673e-01,-4.1908578873e+00,2.0373594971e+03
1534,4.5242562890e-01,-4.5220291615e-01,-4.3996334076e+00,2.0371010742e+03
1535,4.5211204886e-01,-4.5244362950e-01,-5.2991890907e+00,2.0368430176e+03
1536,4.5239681005e-01,-4.5210370421e-01,-3.5153784752e+00,2.0365850830e+03
1537,4.5225825906e-01,-4.5217591524e-01,-3.2674322128e+00,2.0363265381e+03
1538,4.5220881701e-01,-4.5216703415e-01,-5.5793523788e+00,2.0360684814e+03
1539,4.5216196775e-01,-4.5215609670e-01,-5.5793523788e+00,2.0358104248e+03
1540,4.5211735368e-01,-4.5214340091e-01,-5.5793523788e+00,2.0355526123e+03
1541,4.5207464695e-01,-4.5212915540e-01,-5.5793523788e+00,2.0352945557e+03
1542,4.5206296444e-01,-4.5206972957e-01,-5.5287322998e+00,2.0350369873e+03
1543,4.5194283128e-01,-4.5214501023e-01,-2.2060554028e+00,2.0347789307e+03
1544,4.5198681951e-01,-4.5200636983e-01,-1.9349577427e+00,2.0345212402e+03
1545,4.5196351409e-01,-4.5200473070e-01,-8.5062885284e+00,2.0342634277e+03
1546,4.5196568966e-01,-4.5192527771e-01,-3.1149438024e-01,2.0340059814e+03
1547,4.5186546445e-01,-4.5196729898e-01,-7.0054593086e+00,2.0337482910e+03
1548,4.5184454322e-01,-4.5191487670e-01,-3.4335474968e+00,2.0334914551e+03
1549,4.5173528790e-01,-4.5197337866e-01,-5.6780409813e+00,2.0332336426e+03
1550,4.5182770491e-01,-4.5181572437e-01,-3.4290897846e+00,2.0329764404e+03
1551,4.5179933310e-01,-4.5178496838e-01,-4.9723944664e+00,2.0327191162e+03
1552,4.5169255137e-01,-4.5182684064e-01,-5.6196680069e+00,2.0324619141e+03
1553,4.5171418786e-01,-4.5175191760e-01,-1.1023377180e+00,2.0322049561e+03
1554,4.5164331794e-01,-4.5174419880e-01,-9.3699970245e+00,2.0319470215e+03
1555,4.5165255666e-01,-4.5167988539e-01,-2.4265975952e+00,2.0316904297e+03
1556,4.5153063536e-01,-4.5174342394e-01,-5.5580525398e+00,2.0314327393e+03
1557,4.5154026151e-01,-4.5167031884e-01,-5.1337283850e-01,2.0311759033e+03
1558,4.5147246122e-01,-4.5169520378e-01,-8.4342145920e+00,2.0309189453e+03
1559,4.5152023435e-01,-4.5158809423e-01,-1.7084538937e+00,2.0306617432e+03
1560,4.5146942139e-01,-4.5156282187e-01,-5.6545000076e+00,2.0304050293e+03
1561,4.5137038827e-01,-4.5158392191e-01,-5.2142381668e+00,2.0301486816e+03
1562,4.5129120350e-01,-4.5160451531e-01,-2.8133380413e+00,2.0298917236e+03
1563,4.5137190819e-01,-4.5148518682e-01,-6.5659556389e+00,2.0296345215e+03
1564,4.5128712058e-01,-4.5148080587e-01,-4.1629271507e+00,2.0293781738e+03
1565,4.5120850205e-01,-4.5152774453e-01,-3.8961880207e+00,2.0291214600e+03
1566,4.5117506385e-01,-4.5148584247e-01,-5.9889287949e+00,2.0288647461e+03
1567,4.5114105940e-01,-4.5144674182e-01,-4.5918269157e+00,2.0286080322e+03
1568,4.5117840171e-01,-4.5138126612e-01,-2.9168143272e+00,2.0283516846e+03
1569,4.5111247897e-01,-4.5139747858e-01,-4.3632106781e+00,2.0280948486e+03
1570,4.5108747482e-01,-4.5131778717e-01,-6.1515588760e+00,2.0278388672e+03
1571,4.5105323195e-01,-4.5128658414e-01,-2.4236087799e+00,2.0275826416e+03
1572,4.5097038150e-01,-4.5131444931e-01,-7.2414422035e+00,2.0273260498e+03
1573,4.5101255178e-01,-4.5122340322e-01,-2.7341073751e-01,2.0270701904e+03
1574,4.5091325045e-01,-4.5126068592e-01,-9.9518661499e+00,2.0268134766e+03
1575,4.5083341002e-01,-4.5127424598e-01,1.5588358641e+00,2.0265576172e+03
1576,4.5089861751e-01,-4.5116233826e-01,-1.0336908340e+01,2.0263015137e+03
1577,4.5082068443e-01,-4.5116764307e-01,7.8362697363e-01,2.0260450439e+03
1578,4.5073035359e-01,-4.5119404793e-01,-1.1408624649e+01,2.0257895508e+03
1579,4.5090076327e-01,-4.5095765591e-01,6.0917720795e+00,2.0255334473e+03
1580,4.5077991486e-01,-4.5103374124e-01,-1.3207750320e+01,2.0252774658e+03
1581,4.5076766610e-01,-4.5098081231e-01,-3.6223080158e+00,2.0250216064e+03
1582,4.5074862242e-01,-4.5093426108e-01,-3.6223080158e+00,2.0247657471e+03
1583,4.5064187050e-01,-4.5097869635e-01,-5.2900962830e+00,2.0245098877e+03
1584,4.5056015253e-01,-4.5099747181e-01,-1.9400217533e+00,2.0242537842e+03
1585,4.5053929090e-01,-4.5096483827e-01,-8.9106912613e+00,2.0239981689e+03
1586,4.5064243674e-01,-4.5079043508e-01,-1.2374804020e+00,2.0237427979e+03
1587,4.5060685277e-01,-4.5076778531e-01,-5.6723041534e+00,2.0234871826e+03
1588,4.5051309466e-01,-4.5080515742e-01,-2.4254317284e+00,2.0232315674e+03
1589,4.5032346249e-01,-4.5093789697e-01,-7.3874006271e+00,2.0229759521e+03
1590,4.5048898458e-01,-4.5069530606e-01,-1.6161330938e+00,2.0227204590e+03
1591,4.5033603907e-01,-4.5079925656e-01,-5.4759459496e+00,2.0224650879e+03
1592,4.5032918453e-01,-4.5075204968e-01,-4.2678961754e+00,2.0222095947e+03
1593,4.5032888651e-01,-4.5068389177e-01,-2.1902732849e+00,2.0219545898e+03
1594,4.5027127862e-01,-4.5065611601e-01,-8.0079107285e+00,2.0216990967e+03
1595,4.5017609000e-01,-4.5069026947e-01,-9.4592916965e-01,2.0214439697e+03
1596,4.5021697879e-01,-4.5061242580e-01,-6.9395766258e+00,2.0211892090e+03
1597,4.5013430715e-01,-4.5062461495e-01,-2.1380074024e+00,2.0209338379e+03
1598,4.5019197464e-01,-4.5052132010e-01,-9.0914525986e+00,2.0206788330e+03
1599,4.5009681582e-01,-4.5054078102e-01,2.2984125614e+00,2.0204238281e+03
1600,4.5005813241e-01,-4.5051467419e-01,-6.1093564034e+00,2.0201688232e+03
1601,4.5008698106e-01,-4.5043230057e-01,-5.9614725113e+00,2.0199138184e+03
1602,4.5011457801e-01,-4.5035269856e-01,-6.4193191528e+00,2.0196591797e+03
1603,4.4990041852e-01,-4.5049282908e-01,-3.7145264149e+00,2.0194042969e+03
1604,4.5002338290e-01,-4.5031213760e-01,-1.6687989235e+00,2.0191494141e+03
1605,4.4981014729e-01,-4.5046183467e-01,-8.8360757828e+00,2.0188947754e+03
1606,4.4988423586e-01,-4.5033854246e-01,-4.0827107430e-01,2.0186398926e+03
1607,4.4984847307e-01,-4.5031240582e-01,-6.5714268684e+00,2.0183854980e+03
1608,4.4971817732e-01,-4.5035097003e-01,-3.7282850742e+00,2.0181307373e+03
1609,4.4965046644e-01,-4.5037350059e-01,-6.2629513741e+00,2.0178759766e+03
1610,4.4973826408e-01,-4.5022863150e-01,9.9628247321e-02,2.0176219482e+03
1611,4.4962778687e-01,-4.5025435090e-01,-9.6873350143e+00,2.0173670654e+03
1612,4.4957619905e-01,-4.5026496053e-01,-1.4317164421e+00,2.0171130371e+03
1613,4.4972851872e-01,-4.5005413890e-01,-3.6624212265e+00,2.0168583984e+03
1614,4.4961920381e-01,-4.5011171699e-01,-7.0148735046e+00,2.0166042480e+03
1615,4.4961780310e-01,-4.5003321767e-01,-2.0374083519e+00,2.0163499756e+03
1616,4.4941332936e-01,-4.5019721985e-01,-6.7337656021e+00,2.0160959473e+03
1617,4.4956114888e-01,-4.4998306036e-01,-2.5208234787e+00,2.0158417969e+03
1618,4.4939717650e-01,-4.5008492470e-01,-5.7023849487e+00,2.0155876465e+03
1619,4.4946238399e-01,-4.4995686412e-01,-3.7495090961e+00,2.0153334961e+03
1620,4.4931697845e-01,-4.5004639030e-01,-4.5883407593e+00,2.0150797119e+03
1621,4.4935053587e-01,-4.4992503524e-01,-5.4200377464e+00,2.0148260498e+03
1622,4.4930347800e-01,-4.4997227192e-01,-2.2798018456e+00,2.0145721436e+03
1623,4.4932588935e-01,-4.4983822107e-01,-5.6437034607e+00,2.0143176270e+03
1624,4.4928541780e-01,-4.4986918569e-01,-4.3206076622e+00,2.0140643311e+03
1625,4.4921168685e-01,-4.4982817769e-01,-3.5802090168e+00,2.0138103027e+03
1626,4.4922506809e-01,-4.4978016615e-01,-4.9869651794e+00,2.0135566406e+03
1627,4.4908666611e-01,-4.4983062148e-01,-5.3987154961e+00,2.0133032227e+03
1628,4.4917801023e-01,-4.4969329238e-01,-2.0238208771e+00,2.0130490723e+03
1629,4.4901180267e-01,-4.4981148839e-01,-7.3179244995e+00,2.0127962646e+03
1630,4.4914972782e-01,-4.4958615303e-01,-9.3965703249e-01,2.0125426025e+03
1631,4.4890907407e-01,-4.4979166985e-01,-7.9830856323e+00,2.0122889404e+03
1632,4.4898724556e-01,-4.4964909554e-01,-4.5069065094e+00,2.0120355225e+03
1633,4.4889929891e-01,-4.4967949390e-01,-3.5846347809e+00,2.0117821045e+03
1634,4.4892403483e-01,-4.4958737493e-01,-1.6821017265e+00,2.0115288086e+03
1635,4.4887319207e-01,-4.4956675172e-01,-7.6068296432e+00,2.0112756348e+03
1636,4.4886004925e-01,-4.4953462481e-01,-1.2081197500e+00,2.0110225830e+03
1637,4.4891130924e-01,-4.4941711426e-01,-5.9864568710e+00,2.0107691650e+03
1638,4.4869536161e-01,-4.4957265258e-01,-4.4795312881e+00,2.0105161133e+03
1639,4.4881856441e-01,-4.4937968254e-01,-4.3113126755e+00,2.0102633057e+03
1640,4.4861024618e-01,-4.4953703880e-01,-3.9016084671e+00,2.0100100098e+03
1641,4.4880107045e-01,-4.4928044081e-01,-4.3068728447e+00,2.0097573242e+03
1642,4.4850569963e-01,-4.4950613379e-01,-5.1545963287e+00,2.0095040283e+03
1643,4.4877725840e-01,-4.4918704033e-01,-2.4590857029e+00,2.0092510986e+03
1644,4.4844499230e-01,-4.4945859909e-01,-6.7597327232e+00,2.0089979248e+03
1645,4.4864308834e-01,-4.4919207692e-01,-2.2803456783e+00,2.0087457275e+03
1646,4.4843652844e-01,-4.4933220744e-01,-5.2267127037e+00,2.0084927979e+03
1647,4.4858995080e-01,-4.4914197922e-01,-4.6136507988e+00,2.0082398682e+03
1648,4.4830629230e-01,-4.4933944941e-01,-3.4473807812e+00,2.0079874268e+03
1649,4.4856542349e-01,-4.4903066754e-01,-4.9919753075e+00,2.0077349854e+03
1650,4.4827222824e-01,-4.4925054908e-01,-3.5288124084e+00,2.0074820557e+03
1651,4.4850414991e-01,-4.4897398353e-01,-4.7938184738e+00,2.0072301025e+03
1652,4.4818288088e-01,-4.4922614098e-01,-3.5142722130e+00,2.0069769287e+03
1653,4.4844084978e-01,-4.4891515374e-01,-5.8609962463e+00,2.0067248535e+03
1654,4.4831019640e-01,-4.4897890091e-01,-2.0834341049e+00,2.0064724121e+03
1655,4.4828438759e-01,-4.4894802570e-01,-4.6227068901e+00,2.0062198486e+03
1656,4.4825690985e-01,-4.4891870022e-01,-4.6227068901e+00,2.0059675293e+03
1657,4.4822824001e-01,-4.4889047742e-01,-4.6227068901e+00,2.0057152100e+03
1658,4.4819873571e-01,-4.4886294007e-01,-4.6227068901e+00,2.0054628906e+03
1659,4.4816860557e-01,-4.4883584976e-01,-4.6227068901e+00,2.0052103271e+03
1660,4.4813805819e-01,-4.4880908728e-01,-4.6227068901e+00,2.0049582520e+03
1661,4.4810718298e-01,-4.4878250360e-01,-4.6227068901e+00,2.0047061768e+03
1662,4.4804900885e-01,-4.4873374701e-01,-6.0011982918e+00,2.0044543457e+03
1663,4.4789901376e-01,-4.4883739948e-01,-1.0176903009e+00,2.0042021484e+03
1664,4.4799825549e-01,-4.4869154692e-01,-3.6812450886e+00,2.0039501953e+03
1665,4.4779497385e-01,-4.4883075356e-01,-7.0080337524e+00,2.0036982422e+03
1666,4.4793903828e-01,-4.4862931967e-01,-1.3127046824e+00,2.0034467773e+03
1667,4.4778263569e-01,-4.4873178005e-01,-5.1839594841e+00,2.0031948242e+03
1668,4.4776988029e-01,-4.4865575433e-01,-6.2394566536e+00,2.0029434814e+03
1669,4.4774991274e-01,-4.4863358140e-01,-1.8386094570e+00,2.0026916504e+03
1670,4.4774842262e-01,-4.4856911898e-01,-4.8487596512e+00,2.0024405518e+03
1671,4.4766286016e-01,-4.4860503078e-01,-5.8701424599e+00,2.0021879883e+03
1672,4.4766280055e-01,-4.4854673743e-01,-8.4711819887e-01,2.0019368896e+03
1673,4.4761362672e-01,-4.4852522016e-01,-8.1557245255e+00,2.0016854248e+03
1674,4.4764357805e-01,-4.4844350219e-01,-9.3438309431e-01,2.0014342041e+03
1675,4.4745299220e-01,-4.4855704904e-01,-7.0715107918e+00,2.0011820068e+03
1676,4.4760319591e-01,-4.4836080074e-01,-9.9303531647e-01,2.0009315186e+03
1677,4.4739153981e-01,-4.4849464297e-01,-7.8294901848e+00,2.0006798096e+03
1678,4.4749242067e-01,-4.4834902883e-01,-2.7134329081e-01,2.0004287109e+03
1679,4.4741261005e-01,-4.4836610556e-01,-8.1156396866e+00,2.0001778564e+03
1680,4.4741222262e-01,-4.4830954075e-01,-9.9119192362e-01,1.9999263916e+03
1681,4.4734826684e-01,-4.4830569625e-01,-7.1265335083e+00,1.9996755371e+03
1682,4.4731068611e-01,-4.4828921556e-01,-8.4250259399e-01,1.9994245605e+03
1683,4.4730409980e-01,-4.4822829962e-01,-8.7729015350e+00,1.9991732178e+03
1684,4.4717678428e-01,-4.4829902053e-01,1.2443603277e+00,1.9989226074e+03
1685,4.4727119803e-01,-4.4813877344e-01,-9.9965429306e+00,1.9986711426e+03
1686,4.4708281755e-01,-4.4827938080e-01,6.9858282804e-01,1.9984204102e+03
1687,4.4730570912e-01,-4.4797796011e-01,-7.0304293633e+00,1.9981695557e+03
1688,4.4694185257e-01,-4.4829505682e-01,-3.0949649811e+00,1.9979188232e+03
1689,4.4719752669e-01,-4.4795995951e-01,-5.5729837418e+00,1.9976679688e+03
1690,4.4711446762e-01,-4.4799217582e-01,-1.0700911283e+00,1.9974176025e+03
1691,4.4714623690e-01,-4.4790875912e-01,-7.2089896202e+00,1.9971669922e+03
1692,4.4685989618e-01,-4.4812285900e-01,-3.5498380661e+00,1.9969162598e+03
1693,4.4704782963e-01,-4.4789126515e-01,-3.1832418442e+00,1.9966658936e+03
1694,4.4688129425e-01,-4.4797834754e-01,-5.3738646507e+00,1.9964154053e+03
1695,4.4694656134e-01,-4.4784396887e-01,-2.7689626217e+00,1.9961647949e+03
1696,4.4683378935e-01,-4.4791880250e-01,-5.5606489182e+00,1.9959145508e+03
1697,4.4684362411e-01,-4.4784903526e-01,-2.5508112907e+00,1.9956644287e+03
1698,4.4667917490e-01,-4.4795012474e-01,-6.0429549217e+00,1.9954143066e+03
1699,4.4680359960e-01,-4.4777911901e-01,-4.5936918259e+00,1.9951633301e+03
1700,4.4682794809e-01,-4.4767847657e-01,-3.1909487247e+00,1.9949136963e+03
1701,4.4666218758e-01,-4.4779464602e-01,-5.7467832565e+00,1.9946633301e+03
1702,4.4666635990e-01,-4.4770985842e-01,-1.9691976905e-01,1.9944133301e+03
1703,4.4663214684e-01,-4.4769909978e-01,-8.4298734665e+00,1.9941634521e+03
1704,4.4656461477e-01,-4.4769856334e-01,-3.3741211891e-01,1.9939133301e+03
1705,4.4657623768e-01,-4.4762882590e-01,-7.0190696716e+00,1.9936634521e+03
1706,4.4638612866e-01,-4.4776815176e-01,-2.7654407024e+00,1.9934130859e+03
1707,4.4662436843e-01,-4.4746199250e-01,-4.7344350815e+00,1.9931639404e+03
1708,4.4628289342e-01,-4.4774982333e-01,-2.7838082314e+00,1.9929136963e+03
1709,4.4659090042e-01,-4.4736307859e-01,-6.4545931816e+00,1.9926643066e+03
1710,4.4623276591e-01,-4.4766885042e-01,-9.2015582323e-01,1.9924144287e+03
1711,4.4644463062e-01,-4.4740357995e-01,-7.9924325943e+00,1.9921643066e+03
1712,4.4633987546e-01,-4.4744431973e-01,-6.3460218906e-01,1.9919151611e+03
1713,4.4638603926e-01,-4.4733420014e-01,-6.1019005775e+00,1.9916649170e+03
1714,4.4619041681e-01,-4.4746896625e-01,-2.9157919884e+00,1.9914158936e+03
1715,4.4632482529e-01,-4.4727903605e-01,-5.2594175339e+00,1.9911662598e+03
1716,4.4609054923e-01,-4.4745528698e-01,-3.6186342239e+00,1.9909168701e+03
1717,4.4623777270e-01,-4.4723588228e-01,-3.6633236408e+00,1.9906676025e+03
1718,4.4606629014e-01,-4.4737279415e-01,-5.7109265327e+00,1.9904179688e+03
1719,4.4615480304e-01,-4.4719827175e-01,-1.9044899940e+00,1.9901689453e+03
1720,4.4595950842e-01,-4.4735455513e-01,-6.5738630295e+00,1.9899194336e+03
1721,4.4614771008e-01,-4.4710448384e-01,-2.0381758213e+00,1.9896700439e+03
1722,4.4592761993e-01,-4.4725808501e-01,-3.6884536743e+00,1.9894210205e+03
1723,4.4587764144e-01,-4.4724383950e-01,-5.5608611107e+00,1.9891718750e+03
1724,4.4591578841e-01,-4.4714677334e-01,-2.4329636097e+00,1.9889228516e+03
1725,4.4590750337e-01,-4.4708085060e-01,-6.8028650284e+00,1.9886738281e+03
1726,4.4587725401e-01,-4.4707509875e-01,-7.3271816969e-01,1.9884248047e+03
1727,4.4586485624e-01,-4.4701468945e-01,-7.4152150154e+00,1.9881761475e+03
1728,4.4579696655e-01,-4.4702911377e-01,-1.3326374292e+00,1.9879268799e+03
1729,4.4575515389e-01,-4.4700056314e-01,-6.4488992691e+00,1.9876779785e+03
1730,4.4571569562e-01,-4.4699087739e-01,-1.7032021284e+00,1.9874291992e+03
1731,4.4572323561e-01,-4.4693002105e-01,-7.3712544441e+00,1.9871806641e+03
1732,4.4553387165e-01,-4.4704347849e-01,-2.9921058565e-02,1.9869320068e+03
1733,4.4571655989e-01,-4.4681406021e-01,-8.7417879105e+00,1.9866832275e+03
1734,4.4564881921e-01,-4.4681426883e-01,1.1351331472e+00,1.9864345703e+03
1735,4.4561097026e-01,-4.4677790999e-01,-8.3015546799e+00,1.9861862793e+03
1736,4.4552159309e-01,-4.4683331251e-01,-7.8706014156e-01,1.9859376221e+03
1737,4.4552397728e-01,-4.4675046206e-01,-7.2447457314e+00,1.9856892090e+03
1738,4.4550928473e-01,-4.4670981169e-01,-1.2319464236e-01,1.9854409180e+03
1739,4.4555413723e-01,-4.4660913944e-01,-7.6394858360e+00,1.9851923828e+03
1740,4.4537475705e-01,-4.4671794772e-01,-8.8887584209e-01,1.9849444580e+03
1741,4.4540178776e-01,-4.4664567709e-01,-6.8884468079e+00,1.9846953125e+03
1742,4.4530647993e-01,-4.4666200876e-01,-1.6027075052e+00,1.9844477539e+03
1743,4.4539809227e-01,-4.4650098681e-01,-5.7555866241e+00,1.9841993408e+03
1744,4.4521474838e-01,-4.4664764404e-01,-2.6982271671e+00,1.9839512939e+03
1745,4.4532364607e-01,-4.4644770026e-01,-5.5221605301e+00,1.9837030029e+03
1746,4.4518947601e-01,-4.4653552771e-01,-1.9417760372e+00,1.9834550781e+03
1747,4.4524914026e-01,-4.4643983245e-01,-5.8141360283e+00,1.9832066650e+03
1748,4.4508817792e-01,-4.4652503729e-01,-2.5546822548e+00,1.9829594727e+03
1749,4.4516903162e-01,-4.4639745355e-01,-6.3875355721e+00,1.9827116699e+03
1750,4.4516509771e-01,-4.4632914662e-01,-1.7413121462e+00,1.9824633789e+03
1751,4.4510799646e-01,-4.4632819295e-01,-5.9854474068e+00,1.9822154541e+03
1752,4.4492870569e-01,-4.4644579291e-01,-2.3349380493e+00,1.9819681396e+03
1753,4.4505077600e-01,-4.4626635313e-01,-5.2925744057e+00,1.9817200928e+03
1754,4.4486114383e-01,-4.4640052319e-01,-2.5258352757e+00,1.9814726562e+03
1755,4.4499176741e-01,-4.4620224833e-01,-4.8838129044e+00,1.9812249756e+03
1756,4.4480755925e-01,-4.4633200765e-01,-3.3036499023e+00,1.9809775391e+03
1757,4.4495165348e-01,-4.4612574577e-01,-4.6656861305e+00,1.9807297363e+03
1758,4.4467431307e-01,-4.4634139538e-01,-2.5056686401e+00,1.9804822998e+03
1759,4.4473370910e-01,-4.4623240829e-01,-7.9373178482e+00,1.9802353516e+03
1760,4.4461807609e-01,-4.4627735019e-01,7.5301364064e-02,1.9799876709e+03
1761,4.4481593370e-01,-4.4602501392e-01,-5.8094358444e+00,1.9797402344e+03
1762,4.4458296895e-01,-4.4619569182e-01,-3.3868415356e+00,1.9794929199e+03
1763,4.4474056363e-01,-4.4597434998e-01,-3.5619010925e+00,1.9792460938e+03
1764,4.4450023770e-01,-4.4616237283e-01,-4.6069707870e+00,1.9789985352e+03
1765,4.4473379850e-01,-4.4586634636e-01,-2.8394365311e+00,1.9787513428e+03
1766,4.4441899657e-01,-4.4611436129e-01,-3.8026521206e+00,1.9785043945e+03
1767,4.4444772601e-01,-4.4603291154e-01,-6.4128127098e+00,1.9782573242e+03
1768,4.4440758228e-01,-4.4600906968e-01,-2.1428215504e+00,1.9780102539e+03
1769,4.4452580810e-01,-4.4583609700e-01,-4.3021154404e+00,1.9777629395e+03
1770,4.4435054064e-01,-4.4594699144e-01,-3.2760109901e+00,1.9775162354e+03
1771,4.4443985820e-01,-4.4579526782e-01,-4.9160466194e+00,1.9772694092e+03
1772,4.4430455565e-01,-4.4587519765e-01,-3.4440190792e+00,1.9770222168e+03
1773,4.4437927008e-01,-4.4573488832e-01,-3.8223574162e+00,1.9767750244e+03
1774,4.4421592355e-01,-4.4584119320e-01,-3.5398130417e+00,1.9765290527e+03
1775,4.4433814287e-01,-4.4566383958e-01,-6.2708044052e+00,1.9762821045e+03
1776,4.4427943230e-01,-4.4565233588e-01,5.6680679321e-01,1.9760354004e+03
1777,4.4425880909e-01,-4.4562122226e-01,-9.3504047394e+00,1.9757890625e+03
1778,4.4408622384e-01,-4.4573119283e-01,1.1793360710e+00,1.9755426025e+03
1779,4.4419705868e-01,-4.4556075335e-01,-7.9553546906e+00,1.9752956543e+03
1780,4.4400778413e-01,-4.4569262862e-01,-7.3907238245e-01,1.9750493164e+03
1781,4.4417932630e-01,-4.4545683265e-01,-6.3595962524e+00,1.9748031006e+03
1782,4.4385847449e-01,-4.4572269917e-01,-1.7096947432e+00,1.9745568848e+03
1783,4.4389608502e-01,-4.4562521577e-01,-6.8596262932e+00,1.9743103027e+03
1784,4.4386267662e-01,-4.4559681416e-01,-2.7509531975e+00,1.9740639648e+03
1785,4.4386216998e-01,-4.4553795457e-01,-1.6842892170e+00,1.9738181152e+03
1786,4.4398212433e-01,-4.4536536932e-01,-5.4531159401e+00,1.9735717773e+03
1787,4.4380885363e-01,-4.4547683001e-01,-3.1671271324e+00,1.9733253174e+03
1788,4.4388934970e-01,-4.4533213973e-01,-4.5669255257e+00,1.9730794678e+03
1789,4.4373437762e-01,-4.4542470574e-01,-4.6036920547e+00,1.9728333740e+03
1790,4.4385650754e-01,-4.4524446130e-01,-9.9929374456e-01,1.9725874023e+03
1791,4.4360142946e-01,-4.4543620944e-01,-8.0935697556e+00,1.9723414307e+03
1792,4.4383946061e-01,-4.4514134526e-01,-1.0961625576e+00,1.9720953369e+03
1793,4.4362735748e-01,-4.4529217482e-01,-2.1504416466e+00,1.9718493652e+03
1794,4.4367468357e-01,-4.4518306851e-01,-9.3035974503e+00,1.9716037598e+03
1795,4.4363698363e-01,-4.4515621662e-01,2.6660490036e+00,1.9713580322e+03
1796,4.4358134270e-01,-4.4515520334e-01,-9.5362520218e+00,1.9711126709e+03
1797,4.4348743558e-01,-4.4519674778e-01,1.1112253368e-01,1.9708663330e+03
1798,4.4359600544e-01,-4.4502425194e-01,-6.6189222336e+00,1.9706209717e+03
1799,4.4357064366e-01,-4.4498565793e-01,-9.3325501680e-01,1.9703751221e+03
1800,4.4349157810e-01,-4.4501045346e-01,-7.2178788185e+00,1.9701300049e+03
1801,4.4333288074e-01,-4.4510635734e-01,-1.1299107075e+00,1.9698845215e+03
1802,4.4346824288e-01,-4.4491091371e-01,-4.9859066010e+00,1.9696391602e+03
1803,4.4328680634e-01,-4.4503629208e-01,-3.2837636471e+00,1.9693935547e+03
1804,4.4338306785e-01,-4.4487366080e-01,-3.7907843590e+00,1.9691483154e+03
1805,4.4321656227e-01,-4.4498816133e-01,-3.9264795780e+00,1.9689031982e+03
1806,4.4336587191e-01,-4.4477856159e-01,-3.8836615086e+00,1.9686578369e+03
1807,4.4304487109e-01,-4.4503745437e-01,-3.1754665375e+00,1.9684124756e+03
1808,4.4315487146e-01,-4.4487777352e-01,-7.4055294991e+00,1.9681674805e+03
1809,4.4302988052e-01,-4.4493132830e-01,-2.4289485067e-02,1.9679224854e+03
1810,4.4319853187e-01,-4.4470733404e-01,-5.0664663315e+00,1.9676771240e+03
1811,4.4300174713e-01,-4.4484299421e-01,-3.3707885742e+00,1.9674315186e+03
1812,4.4313922524e-01,-4.4464030862e-01,-2.8226191998e+00,1.9671872559e+03
1813,4.4291064143e-01,-4.4481709599e-01,-5.5894532204e+00,1.9669420166e+03
1814,4.4314348698e-01,-4.4451817870e-01,-8.2653748989e-01,1.9666968994e+03
1815,4.4276240468e-01,-4.4484248757e-01,-6.9778389931e+00,1.9664525146e+03
1816,4.4284904003e-01,-4.4470128417e-01,-4.3875751495e+00,1.9662078857e+03
1817,4.4281262159e-01,-4.4466781616e-01,-1.3469465971e+00,1.9659630127e+03
1818,4.4294607639e-01,-4.4448256493e-01,-4.8123326302e+00,1.9657180176e+03
1819,4.4274857640e-01,-4.4462037086e-01,-2.5250325203e+00,1.9654733887e+03
1820,4.4286718965e-01,-4.4444054365e-01,-4.7953691483e+00,1.9652287598e+03
1821,4.4268471003e-01,-4.4456467032e-01,-3.6611483097e+00,1.9649843750e+03
1822,4.4280794263e-01,-4.4437813759e-01,-2.9937531948e+00,1.9647395020e+03
1823,4.4259533286e-01,-4.4453814626e-01,-4.6411662102e+00,1.9644952393e+03
1824,4.4279167056e-01,-4.4428414106e-01,-3.9169945717e+00,1.9642503662e+03
1825,4.4250220060e-01,-4.4450187683e-01,-1.9767189026e+00,1.9640069580e+03
1826,4.4265863299e-01,-4.4429889321e-01,-6.8575558662e+00,1.9637619629e+03
1827,4.4249224663e-01,-4.4439110160e-01,-3.7604668736e-01,1.9635178223e+03
1828,4.4259333611e-01,-4.4424703717e-01,-6.3404479027e+00,1.9632736816e+03
1829,4.4243425131e-01,-4.4433131814e-01,-1.6164755821e+00,1.9630292969e+03
1830,4.4255849719e-01,-4.4416069984e-01,-5.5529017448e+00,1.9627852783e+03
1831,4.4233402610e-01,-4.4431731105e-01,-1.6060818434e+00,1.9625410156e+03
1832,4.4252678752e-01,-4.4406786561e-01,-6.0475144386e+00,1.9622971191e+03
1833,4.4231659174e-01,-4.4421663880e-01,-1.8040587008e-01,1.9620527344e+03
1834,4.4235792756e-01,-4.4412025809e-01,-7.9474086761e+00,1.9618092041e+03
1835,4.4229152799e-01,-4.4412249327e-01,-1.1536647379e-01,1.9615648193e+03
1836,4.4228750467e-01,-4.4407010078e-01,-6.4579019547e+00,1.9613212891e+03
1837,4.4224104285e-01,-4.4405785203e-01,-1.6780216694e+00,1.9610776367e+03
1838,4.4223648310e-01,-4.4399729371e-01,-4.9621467590e+00,1.9608334961e+03
1839,4.4211381674e-01,-4.4406342506e-01,-3.6054992676e+00,1.9605902100e+03
1840,4.4226497412e-01,-4.4384199381e-01,-2.0375385284e+00,1.9603460693e+03
1841,4.4199672341e-01,-4.4406598806e-01,-5.7105545998e+00,1.9601027832e+03
1842,4.4220593572e-01,-4.4379401207e-01,-2.8751122952e+00,1.9598591309e+03
1843,4.4198733568e-01,-4.4395592809e-01,-1.7011280060e+00,1.9596153564e+03
1844,4.4194525480e-01,-4.4394165277e-01,-5.0172290802e+00,1.9593718262e+03
1845,4.4201412797e-01,-4.4380241632e-01,-2.0930490494e+00,1.9591284180e+03
1846,4.4201660156e-01,-4.4374808669e-01,-6.5809769630e+00,1.9588843994e+03
1847,4.4183748960e-01,-4.4386738539e-01,-2.0207126141e+00,1.9586418457e+03
1848,4.4202706218e-01,-4.4361585379e-01,-4.1639904976e+00,1.9583979492e+03
1849,4.4175538421e-01,-4.4383057952e-01,-4.2751646042e+00,1.9581547852e+03
1850,4.4192713499e-01,-4.4359651208e-01,-2.4118008614e+00,1.9579111328e+03
1851,4.4166842103e-01,-4.4379740953e-01,-5.8645796776e+00,1.9576684570e+03
1852,4.4191271067e-01,-4.4349470735e-01,-1.2448490858e+00,1.9574255371e+03
1853,4.4160544872e-01,-4.4372949004e-01,-4.1678109169e+00,1.9571821289e+03
1854,4.4177776575e-01,-4.4352349639e-01,-5.1836848259e+00,1.9569389648e+03
1855,4.4160816073e-01,-4.4361269474e-01,-1.1144231558e+00,1.9566959229e+03
1856,4.4172188640e-01,-4.4345673919e-01,-6.0024857521e+00,1.9564531250e+03
1857,4.4153207541e-01,-4.4356659055e-01,-1.4215682745e+00,1.9562098389e+03
1858,4.4168195128e-01,-4.4337457418e-01,-5.0153603554e+00,1.9559671631e+03
1859,4.4147115946e-01,-4.4351640344e-01,-2.6667642593e+00,1.9557243652e+03
1860,4.4158026576e-01,-4.4334989786e-01,-4.3420014381e+00,1.9554814453e+03
1861,4.4139835238e-01,-4.4347980618e-01,-3.5200598240e+00,1.9552385254e+03
1862,4.4154813886e-01,-4.4326543808e-01,-3.0093431473e+00,1.9549959717e+03
1863,4.4132077694e-01,-4.4343364239e-01,-4.3572611809e+00,1.9547532959e+03
1864,4.4147205353e-01,-4.4322282076e-01,-2.9637510777e+00,1.9545107422e+03
1865,4.4126099348e-01,-4.4337719679e-01,-3.9506659508e+00,1.9542679443e+03
1866,4.4141542912e-01,-4.4316506386e-01,-3.2598576546e+00,1.9540260010e+03
1867,4.4119685888e-01,-4.4331485033e-01,-3.9388289452e+00,1.9537832031e+03
1868,4.4135603309e-01,-4.4311070442e-01,-2.8580482006e+00,1.9535407715e+03
1869,4.4110330939e-01,-4.4329023361e-01,-4.7321481705e+00,1.9532977295e+03
1870,4.4132223725e-01,-4.4302585721e-01,-2.8205986023e+00,1.9530561523e+03
1871,4.4101133943e-01,-4.4326475263e-01,-3.7012424469e+00,1.9528138428e+03
1872,4.4128766656e-01,-4.4293889403e-01,-3.4126539230e+00,1.9525718994e+03
1873,4.4095104933e-01,-4.4320797920e-01,-2.7353243828e+00,1.9523292236e+03
1874,4.4102558494e-01,-4.4308206439e-01,-6.1104187965e+00,1.9520871582e+03
1875,4.4093656540e-01,-4.4310921431e-01,-2.6974251270e+00,1.9518453369e+03
1876,4.4085383415e-01,-4.4312995672e-01,-2.6974251270e+00,1.9516033936e+03
1877,4.4103676081e-01,-4.4288384914e-01,-1.7400888205e+00,1.9513613281e+03
1878,4.4086924195e-01,-4.4300284982e-01,-6.7134885788e+00,1.9511195068e+03
1879,4.4095245004e-01,-4.4284921885e-01,-7.2236573696e-01,1.9508775635e+03
1880,4.4083023071e-01,-4.4292092323e-01,-5.3722877502e+00,1.9506353760e+03
1881,4.4090020657e-01,-4.4278612733e-01,-2.1725926399e+00,1.9503939209e+03
1882,4.4071510434e-01,-4.4291481376e-01,-5.2700619698e+00,1.9501520996e+03
1883,4.4088378549e-01,-4.4268989563e-01,-1.7767654657e+00,1.9499097900e+03
1884,4.4064673781e-01,-4.4286161661e-01,-5.1280088425e+00,1.9496684570e+03
1885,4.4080707431e-01,-4.4265028834e-01,-1.2893785238e+00,1.9494271240e+03
1886,4.4060611725e-01,-4.4278228283e-01,-5.3917531967e+00,1.9491850586e+03
1887,4.4072914124e-01,-4.4261109829e-01,-2.1546931267e+00,1.9489437256e+03
1888,4.4053274393e-01,-4.4273644686e-01,-4.9641051292e+00,1.9487020264e+03
1889,4.4069516659e-01,-4.4252678752e-01,-1.3704626560e+00,1.9484608154e+03
1890,4.4043901563e-01,-4.4271364808e-01,-6.0756912231e+00,1.9482189941e+03
1891,4.4065371156e-01,-4.4244799018e-01,-1.5822004080e+00,1.9479780273e+03
1892,4.4037353992e-01,-4.4266301394e-01,-4.2487158775e+00,1.9477365723e+03
1893,4.4058442116e-01,-4.4239768386e-01,-3.2086465359e+00,1.9474954834e+03
1894,4.4029939175e-01,-4.4262039661e-01,-3.3829813004e+00,1.9472542725e+03
1895,4.4055023789e-01,-4.4231411815e-01,-3.0798137188e+00,1.9470125732e+03
1896,4.4021469355e-01,-4.4258552790e-01,-3.6363284588e+00,1.9467718506e+03
1897,4.4028055668e-01,-4.4246470928e-01,-5.0600390434e+00,1.9465305176e+03
1898,4.4024953246e-01,-4.4243738055e-01,-3.0396158695e+00,1.9462893066e+03
1899,4.4021871686e-01,-4.4240954518e-01,-3.0396158695e+00,1.9460487061e+03
1900,4.4018810987e-01,-4.4238126278e-01,-3.0396158695e+00,1.9458076172e+03
1901,4.4015759230e-01,-4.4235271215e-01,-3.0396158695e+00,1.9455671387e+03
1902,4.4012725353e-01,-4.4232386351e-01,-3.0396158695e+00,1.9453265381e+03
1903,4.4009697437e-01,-4.4229477644e-01,-3.0396158695e+00,1.9450859375e+03
1904,4.4004011154e-01,-4.4228753448e-01,-2.6355128288e+00,1.9448454590e+03
1905,4.4009956717e-01,-4.4216346741e-01,-4.5632910728e+00,1.9446052246e+03
1906,4.4003888965e-01,-4.4217714667e-01,-4.6502485275e+00,1.9443647461e+03
1907,4.3999025226e-01,-4.4215819240e-01,-1.3377250433e+00,1.9441239014e+03
1908,4.3997323513e-01,-4.4212618470e-01,-5.8925023079e+00,1.9438828125e+03
1909,4.4000038505e-01,-4.4203564525e-01,-6.5369266272e-01,1.9436429443e+03
1910,4.3984127045e-01,-4.4213455915e-01,-6.5657892227e+00,1.9434022217e+03
1911,4.3997064233e-01,-4.4194662571e-01,-2.7790862322e-01,1.9431618652e+03
1912,4.3983533978e-01,-4.4201895595e-01,-6.6696438789e+00,1.9429208984e+03
1913,4.3978658319e-01,-4.4202548265e-01,-2.9054597020e-01,1.9426810303e+03
1914,4.3983870745e-01,-4.4190418720e-01,-4.4492220879e+00,1.9424405518e+03
1915,4.3978649378e-01,-4.4188970327e-01,-2.3801562786e+00,1.9422003174e+03
1916,4.3967768550e-01,-4.4194760919e-01,-6.7745475769e+00,1.9419602051e+03
1917,4.3976357579e-01,-4.4180724025e-01,2.3845741749e+00,1.9417198486e+03
1918,4.3981400132e-01,-4.4169056416e-01,-6.3095941544e+00,1.9414794922e+03
1919,4.3954774737e-01,-4.4189298153e-01,-2.5692145824e+00,1.9412395020e+03
1920,4.3960583210e-01,-4.4177916646e-01,-7.3799343109e+00,1.9409990234e+03
1921,4.3958526850e-01,-4.4174438715e-01,3.3528082371e+00,1.9407595215e+03
1922,4.3948951364e-01,-4.4177791476e-01,-6.4577727318e+00,1.9405197754e+03
1923,4.3940940499e-01,-4.4179755449e-01,-6.4577727318e+00,1.9402795410e+03
1924,4.3938308954e-01,-4.4177922606e-01,-1.3108569384e+00,1.9400391846e+03
1925,4.3935522437e-01,-4.4176006317e-01,-1.3108569384e+00,1.9397998047e+03
1926,4.3947482109e-01,-4.4156357646e-01,-6.3954629898e+00,1.9395600586e+03
1927,4.3940946460e-01,-4.4157436490e-01,-5.7588224411e+00,1.9393201904e+03
1928,4.3928974867e-01,-4.4162255526e-01,-7.1895197034e-03,1.9390805664e+03
1929,4.3933892250e-01,-4.4153061509e-01,-2.9626762867e+00,1.9388405762e+03
1930,4.3938651681e-01,-4.4140434265e-01,-1.3118442297e+00,1.9386011963e+03
1931,4.3926697969e-01,-4.4147640467e-01,-7.9022974968e+00,1.9383612061e+03
1932,4.3927389383e-01,-4.4140884280e-01,2.2999689579e+00,1.9381219482e+03
1933,4.3917268515e-01,-4.4145280123e-01,-4.2760424614e+00,1.9378823242e+03
1934,4.3928298354e-01,-4.4127970934e-01,-5.7181577682e+00,1.9376429443e+03
1935,4.3915703893e-01,-4.4135397673e-01,-1.5710990429e+00,1.9374035645e+03
1936,4.3911433220e-01,-4.4133195281e-01,-2.5562512875e+00,1.9371641846e+03
1937,4.3921872973e-01,-4.4117772579e-01,-4.9672369957e+00,1.9369250488e+03
1938,4.3890789151e-01,-4.4140994549e-01,-5.8928031921e+00,1.9366854248e+03
1939,4.3905258179e-01,-4.4122469425e-01,1.3313150406e+00,1.9364466553e+03
1940,4.3898937106e-01,-4.4122263789e-01,-6.8436059952e+00,1.9362064209e+03
1941,4.3907889724e-01,-4.4107982516e-01,-1.4154418707e+00,1.9359682617e+03
1942,4.3876847625e-01,-4.4132626057e-01,-2.0121743679e+00,1.9357288818e+03
1943,4.3899568915e-01,-4.4104161859e-01,-5.8242406845e+00,1.9354898682e+03
1944,4.3878337741e-01,-4.4119599462e-01,-1.9870183468e+00,1.9352510986e+03
1945,4.3892765045e-01,-4.4098594785e-01,-2.1017909050e+00,1.9350117188e+03
1946,4.3868416548e-01,-4.4118192792e-01,-5.9106001854e+00,1.9347730713e+03
1947,4.3887671828e-01,-4.4092133641e-01,-3.9763385057e-01,1.9345344238e+03
1948,4.3863067031e-01,-4.4111773372e-01,-4.9190030098e+00,1.9342950439e+03
1949,4.3885582685e-01,-4.4083330035e-01,-3.5924348831e+00,1.9340567627e+03
1950,4.3855291605e-01,-4.4107380509e-01,-1.3878509998e+00,1.9338177490e+03
1951,4.3876874447e-01,-4.4079667330e-01,-4.7913231850e+00,1.9335793457e+03
1952,4.3845966458e-01,-4.4103619456e-01,-1.9589774609e+00,1.9333403320e+03
1953,4.3874126673e-01,-4.4071865082e-01,-3.8328351974e+00,1.9331018066e+03
1954,4.3837511539e-01,-4.4100856781e-01,-3.1712086201e+00,1.9328635254e+03
1955,4.3844759464e-01,-4.4089153409e-01,-4.8022694588e+00,1.9326250000e+03
1956,4.3842843175e-01,-4.4084665179e-01,-2.3752694130e+00,1.9323864746e+03
1957,4.3840846419e-01,-4.4080299139e-01,-2.3752694130e+00,1.9321481934e+03
1958,4.3838772178e-01,-4.4076031446e-01,-2.3752694130e+00,1.9319095459e+03
1959,4.3836632371e-01,-4.4071850181e-01,-2.3752694130e+00,1.9316716309e+03
1960,4.3833854795e-01,-4.4070607424e-01,-2.0598790646e+00,1.9314332275e+03
1961,4.3831139803e-01,-4.4065752625e-01,-5.2212314606e+00,1.9311955566e+03
1962,4.3828561902e-01,-4.4064986706e-01,-5.3490443230e+00,1.9309573975e+03
1963,4.3821507692e-01,-4.4063416123e-01,7.9562053084e-02,1.9307191162e+03
1964,4.3830126524e-01,-4.4052150846e-01,-5.9601016045e+00,1.9304809570e+03
1965,4.3824601173e-01,-4.4049420953e-01,-1.3422182798e+00,1.9302431641e+03
1966,4.3811035156e-01,-4.4057834148e-01,-5.5767931938e+00,1.9300050049e+03
1967,4.3824830651e-01,-4.4038182497e-01,-4.7319447994e-01,1.9297664795e+03
1968,4.3810340762e-01,-4.4047924876e-01,-7.1029262543e+00,1.9295285645e+03
1969,4.3797507882e-01,-4.4056242704e-01,1.3811984658e-01,1.9292908936e+03
1970,4.3807756901e-01,-4.4040173292e-01,-3.7623894215e+00,1.9290532227e+03
1971,4.3802598119e-01,-4.4036668539e-01,-8.2681006193e-01,1.9288155518e+03
1972,4.3793228269e-01,-4.4043114781e-01,-9.9386186600e+00,1.9285778809e+03
1973,4.3797257543e-01,-4.4029563665e-01,-9.0589851141e-01,1.9283394775e+03
1974,4.3783053756e-01,-4.4037419558e-01,-7.6301252842e-01,1.9281021729e+03
1975,4.3799415231e-01,-4.4016477466e-01,-3.5767803192e+00,1.9278649902e+03
1976,4.3788030744e-01,-4.4019389153e-01,-1.9639781713e+00,1.9276269531e+03
1977,4.3786200881e-01,-4.4017362595e-01,-2.9150192738e+00,1.9273895264e+03
1978,4.3783971667e-01,-4.4017386436e-01,-2.1537489891e+00,1.9271523438e+03
1979,4.3769726157e-01,-4.4022729993e-01,-2.7041203976e+00,1.9269143066e+03
1980,4.3783804774e-01,-4.4002965093e-01,-2.9624445438e+00,1.9266773682e+03
1981,4.3766480684e-01,-4.4015869498e-01,-5.3298563957e+00,1.9264398193e+03
1982,4.3773123622e-01,-4.4001179934e-01,-2.7419185638e+00,1.9262027588e+03
1983,4.3768471479e-01,-4.4000005722e-01,-2.3674952984e+00,1.9259655762e+03
1984,4.3762800097e-01,-4.4000703096e-01,-2.3547360897e+00,1.9257281494e+03
1985,4.3762061000e-01,-4.3997800350e-01,-4.4586358070e+00,1.9254908447e+03
1986,4.3745827675e-01,-4.4004806876e-01,-3.2639262676e+00,1.9252539062e+03
1987,4.3756413460e-01,-4.3991529942e-01,-4.7366957664e+00,1.9250166016e+03
1988,4.3746155500e-01,-4.3993866444e-01,-1.4261537790e+00,1.9247802734e+03
1989,4.3755888939e-01,-4.3979480863e-01,-1.4832544327e+00,1.9245424805e+03
1990,4.3742001057e-01,-4.3988400698e-01,-4.8253884315e+00,1.9243060303e+03
1991,4.3735507131e-01,-4.3985730410e-01,-1.5261460543e+00,1.9240687256e+03
1992,4.3743935227e-01,-4.3971851468e-01,-2.7090494633e+00,1.9238319092e+03
1993,4.3726408482e-01,-4.3986439705e-01,-4.7662301064e+00,1.9235949707e+03
1994,4.3749558926e-01,-4.3957138062e-01,-2.5377893448e+00,1.9233581543e+03
1995,4.3710243702e-01,-4.3988835812e-01,-2.1834564209e+00,1.9231220703e+03
1996,4.3732500076e-01,-4.3959864974e-01,-5.3073859215e+00,1.9228847656e+03
1997,4.3709436059e-01,-4.3979072571e-01,-3.2709074020e-01,1.9226486816e+03
1998,4.3730008602e-01,-4.3951532245e-01,-4.4220118523e+00,1.9224113770e+03
1999,4.3702766299e-01,-4.3973609805e-01,-2.5445456505e+00,1.9221749268e+03
2000,4.3708449602e-01,-4.3961861730e-01,-4.3785176277e+00,1.9219383545e+03
2001,4.3706700206e-01,-4.3957892060e-01,-2.0892720222e+00,1.9217021484e+03
2002,4.3704819679e-01,-4.3954107165e-01,-2.0892720222e+00,1.9214656982e+03
2003,4.3707615137e-01,-4.3944910169e-01,-1.1813877821e+00,1.9212294922e+03
2004,4.3703287840e-01,-4.3943876028e-01,-4.3115324974e+00,1.9209935303e+03
2005,4.3704995513e-01,-4.3936491013e-01,-3.0466723442e+00,1.9207573242e+03
2006,4.3683207035e-01,-4.3954098225e-01,-5.6148605347e+00,1.9205209961e+03
2007,4.3701222539e-01,-4.3924146891e-01,2.5511946678e+00,1.9202845459e+03
2008,4.3686994910e-01,-4.3937170506e-01,-4.5591092110e+00,1.9200482178e+03
2009,4.3689149618e-01,-4.3931519985e-01,-5.3477659225e+00,1.9198121338e+03
2010,4.3678089976e-01,-4.3935167789e-01,-1.3968430758e+00,1.9195761719e+03
2011,4.3685284257e-01,-4.3918833137e-01,-3.7404723167e+00,1.9193399658e+03
2012,4.3668454885e-01,-4.3932604790e-01,-3.6173570156e+00,1.9191038818e+03
2013,4.3681350350e-01,-4.3912410736e-01,-1.6922129393e+00,1.9188682861e+03
2014,4.3662646413e-01,-4.3926665187e-01,-3.5447094440e+00,1.9186319580e+03
2015,4.3665859103e-01,-4.3916255236e-01,-3.6301474571e+00,1.9183964844e+03
2016,4.3659681082e-01,-4.3914502859e-01,-2.4653184414e+00,1.9181605225e+03
2017,4.3660882115e-01,-4.3912863731e-01,-2.3538177013e+00,1.9179248047e+03
2018,4.3658524752e-01,-4.3905958533e-01,-3.4386844635e+00,1.9176887207e+03
2019,4.3661370873e-01,-4.3898198009e-01,-2.1708576679e+00,1.9174531250e+03
2020,4.3648213148e-01,-4.3904545903e-01,-4.2532544136e+00,1.9172174072e+03
2021,4.3652722239e-01,-4.3895921111e-01,-1.2689040899e+00,1.9169814453e+03
2022,4.3637183309e-01,-4.3902724981e-01,-4.6409459114e+00,1.9167463379e+03
2023,4.3649119139e-01,-4.3890845776e-01,-1.0380232334e+00,1.9165108643e+03
2024,4.3633419275e-01,-4.3892055750e-01,-4.2148623466e+00,1.9162752686e+03
2025,4.3640631437e-01,-4.3890103698e-01,-2.0041656494e+00,1.9160400391e+03
2026,4.3634861708e-01,-4.3889516592e-01,-2.9917163849e+00,1.9158049316e+03
2027,4.3627199531e-01,-4.3888339400e-01,-2.9451794624e+00,1.9155693359e+03
2028,4.3624415994e-01,-4.3878632784e-01,-3.2396507263e+00,1.9153341064e+03
2029,4.3617731333e-01,-4.3881022930e-01,-2.7030465603e+00,1.9150986328e+03
2030,4.3615886569e-01,-4.3880918622e-01,-1.9461237192e+00,1.9148632812e+03
2031,4.3625131249e-01,-4.3865197897e-01,-2.5856192112e+00,1.9146284180e+03
2032,4.3609946966e-01,-4.3873536587e-01,-4.3456039429e+00,1.9143934326e+03
2033,4.3615168333e-01,-4.3864530325e-01,-5.2638918161e-01,1.9141580811e+03
2034,4.3610489368e-01,-4.3864214420e-01,-5.6749029160e+00,1.9139227295e+03
2035,4.3594029546e-01,-4.3870678544e-01,-2.3283524513e+00,1.9136878662e+03
2036,4.3610182405e-01,-4.3853768706e-01,-2.5847783089e+00,1.9134530029e+03
2037,4.3592870235e-01,-4.3859133124e-01,-1.8171248436e+00,1.9132186279e+03
2038,4.3603122234e-01,-4.3848204613e-01,-4.5422616005e+00,1.9129840088e+03
2039,4.3596881628e-01,-4.3846434355e-01,-4.0505275130e-02,1.9127485352e+03
2040,4.3601375818e-01,-4.3836435676e-01,-3.6312708855e+00,1.9125137939e+03
2041,4.3580102921e-01,-4.3852677941e-01,-5.8546309471e+00,1.9122792969e+03
2042,4.3591955304e-01,-4.3833684921e-01,1.3330564499e+00,1.9120443115e+03
2043,4.3574520946e-01,-4.3846082687e-01,-5.9478464127e+00,1.9118099365e+03
2044,4.3578714132e-01,-4.3834531307e-01,-1.1485768557e+00,1.9115751953e+03
2045,4.3570509553e-01,-4.3836387992e-01,-3.7218854427e+00,1.9113405762e+03
2046,4.3578043580e-01,-4.3824511766e-01,-7.6296758652e-01,1.9111064453e+03
2047,4.3563595414e-01,-4.3832921982e-01,-6.0147566795e+00,1.9108718262e+03
2048,4.3567234278e-01,-4.3824338913e-01,1.0972892046e+00,1.9106372070e+03
2049,4.3563261628e-01,-4.3821322918e-01,-6.4511709213e+00,1.9104027100e+03
2050,4.3554109335e-01,-4.3826004863e-01,-3.3695879579e-01,1.9101685791e+03
2051,4.3564984202e-01,-4.3809315562e-01,-3.0538299084e+00,1.9099340820e+03
2052,4.3545830250e-01,-4.3822279572e-01,-3.5528261662e+00,1.9096997070e+03
2053,4.3560603261e-01,-4.3802228570e-01,-1.8573691845e+00,1.9094655762e+03
2054,4.3534860015e-01,-4.3821084499e-01,-4.4806985855e+00,1.9092313232e+03
2055,4.3556848168e-01,-4.3794202805e-01,1.8534275889e-01,1.9089974365e+03
2056,4.3530303240e-01,-4.3814700842e-01,-6.5884084702e+00,1.9087635498e+03
2057,4.3549370766e-01,-4.3789860606e-01,4.6969145536e-01,1.9085296631e+03
2058,4.3526276946e-01,-4.3806824088e-01,-4.2343602180e+00,1.9082955322e+03
2059,4.3541836739e-01,-4.3785390258e-01,-2.2872049809e+00,1.9080614014e+03
2060,4.3520474434e-01,-4.3801397085e-01,-2.2398657799e+00,1.9078277588e+03
2061,4.3535947800e-01,-4.3779993057e-01,-3.3046140671e+00,1.9075936279e+03
2062,4.3513584137e-01,-4.3796315789e-01,-3.0555732250e+00,1.9073598633e+03
2063,4.3531444669e-01,-4.3773522973e-01,-1.1909329891e+00,1.9071260986e+03
2064,4.3503221869e-01,-4.3794822693e-01,-4.1424155235e+00,1.9068922119e+03
2065,4.3529087305e-01,-4.3764272332e-01,-2.0688054562e+00,1.9066583252e+03
2066,4.3495321274e-01,-4.3791237473e-01,-2.6011693478e+00,1.9064248047e+03
2067,4.3522253633e-01,-4.3759420514e-01,-4.1569099426e+00,1.9061912842e+03
2068,4.3509531021e-01,-4.3765661120e-01,4.2716836929e-01,1.9059577637e+03
2069,4.3512198329e-01,-4.3757107854e-01,-3.4045739174e+00,1.9057243652e+03
2070,4.3514880538e-01,-4.3749535084e-01,-4.3822045326e+00,1.9054904785e+03
2071,4.3488886952e-01,-4.3769934773e-01,-3.3271837234e+00,1.9052569580e+03
2072,4.3500971794e-01,-4.3750777841e-01,2.6194781065e-01,1.9050234375e+03
2073,4.3485888839e-01,-4.3761572242e-01,-5.3967294693e+00,1.9047906494e+03
2074,4.3490943313e-01,-4.3749511242e-01,-9.3046295643e-01,1.9045570068e+03
2075,4.3478024006e-01,-4.3757513165e-01,-3.5936288834e+00,1.9043238525e+03
2076,4.3491196632e-01,-4.3738004565e-01,-1.6889421940e+00,1.9040906982e+03
2077,4.3467098475e-01,-4.3756723404e-01,-3.9526941776e+00,1.9038570557e+03
2078,4.3486583233e-01,-4.3731167912e-01,-9.8576545715e-01,1.9036243896e+03
2079,4.3461874127e-01,-4.3750286102e-01,-4.1269063950e+00,1.9033912354e+03
2080,4.3478888273e-01,-4.3727600574e-01,-1.6554191113e+00,1.9031584473e+03
2081,4.3456310034e-01,-4.3743795156e-01,-3.1629612446e+00,1.9029250488e+03
2082,4.3475797772e-01,-4.3719732761e-01,-1.8054558039e+00,1.9026923828e+03
2083,4.3445527554e-01,-4.3743139505e-01,-3.2171108723e+00,1.9024594727e+03
2084,4.3471363187e-01,-4.3712419271e-01,-2.9329216480e+00,1.9022264404e+03
2085,4.3459209800e-01,-4.3718096614e-01,-5.7093101740e-01,1.9019941406e+03
2086,4.3455505371e-01,-4.3716201186e-01,-2.7960474491e+00,1.9017607422e+03
2087,4.3463996053e-01,-4.3701973557e-01,-2.9757165909e+00,1.9015277100e+03
2088,4.3444275856e-01,-4.3716907501e-01,-5.0048837662e+00,1.9012952881e+03
2089,4.3443483114e-01,-4.3710413575e-01,2.5689896941e-01,1.9010626221e+03
2090,4.3443018198e-01,-4.3706256151e-01,-4.7221918106e+00,1.9008299561e+03
2091,4.3431660533e-01,-4.3710640073e-01,-1.6146411896e+00,1.9005971680e+03
2092,4.3437355757e-01,-4.3701088428e-01,-2.5216121674e+00,1.9003645020e+03
2093,4.3428406119e-01,-4.3701356649e-01,-2.7299430370e+00,1.9001320801e+03
2094,4.3414127827e-01,-4.3709418178e-01,-3.2201368809e+00,1.8998996582e+03
2095,4.3432009220e-01,-4.3687283993e-01,-1.6078385711e-01,1.8996673584e+03
2096,4.3419772387e-01,-4.3692305684e-01,-5.5131764412e+00,1.8994350586e+03
2097,4.3419581652e-01,-4.3688169122e-01,1.7336238921e-01,1.8992027588e+03
2098,4.3412494659e-01,-4.3690401316e-01,-5.4688997269e+00,1.8989704590e+03
2099,4.3412947655e-01,-4.3685358763e-01,4.2090928555e-01,1.8987382812e+03
2100,4.3411368132e-01,-4.3679103255e-01,-5.6337246895e+00,1.8985059814e+03
2101,4.3398311734e-01,-4.3686410785e-01,5.9267187119e-01,1.8982735596e+03
2102,4.3414747715e-01,-4.3665274978e-01,-4.4437227249e+00,1.8980421143e+03
2103,4.3390598893e-01,-4.3684116006e-01,-1.9489316940e+00,1.8978096924e+03
2104,4.3408837914e-01,-4.3658679724e-01,-2.4118344784e+00,1.8975777588e+03
2105,4.3389877677e-01,-4.3672403693e-01,-3.1781828403e+00,1.8973457031e+03
2106,4.3401417136e-01,-4.3654960394e-01,-1.1105657816e+00,1.8971136475e+03
2107,4.3377017975e-01,-4.3673256040e-01,-3.4684555531e+00,1.8968819580e+03
2108,4.3395769596e-01,-4.3649688363e-01,-2.6441557407e+00,1.8966503906e+03
2109,4.3373560905e-01,-4.3665063381e-01,-1.1131228209e+00,1.8964184570e+03
2110,4.3387991190e-01,-4.3646511436e-01,-5.0233111382e+00,1.8961868896e+03
2111,4.3368089199e-01,-4.3658417463e-01,3.9013093710e-01,1.8959548340e+03
2112,4.3383267522e-01,-4.3639978766e-01,-4.6307106018e+00,1.8957231445e+03
2113,4.3359246850e-01,-4.3656510115e-01,-1.6968793869e+00,1.8954914551e+03
2114,4.3384850025e-01,-4.3626639247e-01,-2.3934226036e+00,1.8952603760e+03
2115,4.3369126320e-01,-4.3635770679e-01,-5.5354213715e-01,1.8950285645e+03
2116,4.3370440602e-01,-4.3630087376e-01,-3.4918982983e+00,1.8947971191e+03
2117,4.3371376395e-01,-4.3624517322e-01,-3.4918982983e+00,1.8945654297e+03
2118,4.3350368738e-01,-4.3638241291e-01,-3.6310184002e+00,1.8943333740e+03
2119,4.3358206749e-01,-4.3624472618e-01,5.2589565516e-01,1.8941026611e+03
2120,4.3346416950e-01,-4.3628472090e-01,-5.6847648621e+00,1.8938708496e+03
2121,4.3351116776e-01,-4.3621405959e-01,6.4836502075e-01,1.8936398926e+03
2122,4.3335032463e-01,-4.3627244234e-01,-4.8002729416e+00,1.8934086914e+03
2123,4.3355241418e-01,-4.3605732918e-01,-5.6231004000e-01,1.8931774902e+03
2124,4.3338921666e-01,-4.3615463376e-01,-2.7094614506e+00,1.8929467773e+03
2125,4.3343311548e-01,-4.3603584170e-01,-2.2923376560e+00,1.8927154541e+03
2126,4.3319845200e-01,-4.3620917201e-01,-4.1004366875e+00,1.8924843750e+03
2127,4.3335595727e-01,-4.3600434065e-01,-2.6777088642e-01,1.8922525635e+03
2128,4.3322065473e-01,-4.3608573079e-01,-4.5190553665e+00,1.8920219727e+03
2129,4.3326678872e-01,-4.3596953154e-01,-3.3197574317e-02,1.8917911377e+03
2130,4.3313503265e-01,-4.3606361747e-01,-4.9299507141e+00,1.8915600586e+03
2131,4.3328621984e-01,-4.3586257100e-01,-6.5271317959e-01,1.8913297119e+03
2132,4.3304130435e-01,-4.3602368236e-01,-3.1289513111e+00,1.8910989990e+03
2133,4.3321508169e-01,-4.3580901623e-01,-1.9051088095e+00,1.8908680420e+03
2134,4.3297839165e-01,-4.3597954512e-01,-2.7917239666e+00,1.8906372070e+03
2135,4.3315842748e-01,-4.3573170900e-01,-1.5165631771e+00,1.8904071045e+03
2136,4.3288356066e-01,-4.3593850732e-01,-2.9877121449e+00,1.8901759033e+03
2137,4.3315535784e-01,-4.3564423919e-01,-1.8525555134e+00,1.8899453125e+03
2138,4.3286582828e-01,-4.3587180972e-01,-1.9265449047e+00,1.8897145996e+03
2139,4.3307122588e-01,-4.3560084701e-01,-3.7094242573e+00,1.8894841309e+03
2140,4.3275815248e-01,-4.3585485220e-01,-1.1226236820e+00,1.8892536621e+03
2141,4.3282666802e-01,-4.3572548032e-01,-4.6606044769e+00,1.8890234375e+03
2142,4.3273192644e-01,-4.3576020002e-01,-1.7472236156e+00,1.8887930908e+03
2143,4.3268015981e-01,-4.3575736880e-01,-1.0772482306e-01,1.8885627441e+03
2144,4.3286287785e-01,-4.3552598357e-01,-2.5842421055e+00,1.8883327637e+03
2145,4.3267631531e-01,-4.3565955758e-01,-4.2085685730e+00,1.8881020508e+03
2146,4.3278017640e-01,-4.3548691273e-01,-5.3791373968e-01,1.8878723145e+03
2147,4.3265768886e-01,-4.3555390835e-01,-3.5548090935e+00,1.8876422119e+03
2148,4.3272310495e-01,-4.3543386459e-01,-1.4791229963e+00,1.8874116211e+03
2149,4.3255537748e-01,-4.3553894758e-01,-3.1956562996e+00,1.8871818848e+03
2150,4.3274208903e-01,-4.3530061841e-01,-1.6203169823e+00,1.8869519043e+03
2151,4.3246513605e-01,-4.3550947309e-01,-2.5886468887e+00,1.8867218018e+03
2152,4.3265536427e-01,-4.3527951837e-01,-2.1731853485e+00,1.8864914551e+03
2153,4.3242603540e-01,-4.3543159962e-01,-2.0528326035e+00,1.8862617188e+03
2154,4.3259435892e-01,-4.3522381783e-01,-2.3724439144e+00,1.8860318604e+03
2155,4.3234166503e-01,-4.3540933728e-01,-2.6902797222e+00,1.8858018799e+03
2156,4.3242633343e-01,-4.3527516723e-01,-3.6450579166e+00,1.8855722656e+03
2157,4.3231096864e-01,-4.3531450629e-01,-1.1332011223e+00,1.8853424072e+03
2158,4.3237820268e-01,-4.3519774079e-01,-9.4981837273e-01,1.8851127930e+03
2159,4.3229696155e-01,-4.3521749973e-01,-4.0741086006e+00,1.8848835449e+03
2160,4.3236154318e-01,-4.3512246013e-01,-1.1011437327e-01,1.8846540527e+03
2161,4.3229764700e-01,-4.3513777852e-01,-3.5912051201e+00,1.8844239502e+03
2162,4.3226256967e-01,-4.3509122729e-01,-1.1222006083e+00,1.8841944580e+03
2163,4.3217658997e-01,-4.3509924412e-01,-4.3901686668e+00,1.8839649658e+03
2164,4.3223199248e-01,-4.3502131104e-01,7.0011943579e-01,1.8837354736e+03
2165,4.3214958906e-01,-4.3503603339e-01,-5.5065412521e+00,1.8835061035e+03
2166,4.3208473921e-01,-4.3502092361e-01,3.0460709333e-01,1.8832769775e+03
2167,4.3217062950e-01,-4.3490403891e-01,-2.9660265446e+00,1.8830476074e+03
2168,4.3201637268e-01,-4.3499678373e-01,-2.4795043468e+00,1.8828181152e+03
2169,4.3206679821e-01,-4.3489912152e-01,-1.9315607548e+00,1.8825891113e+03
2170,4.3195754290e-01,-4.3491259217e-01,-2.9986360073e+00,1.8823601074e+03
2171,4.3209838867e-01,-4.3476882577e-01,3.5509109497e-02,1.8821308594e+03
2172,4.3188124895e-01,-4.3492299318e-01,-4.5820555687e+00,1.8819014893e+03
2173,4.3202590942e-01,-4.3469950557e-01,-4.1717380285e-01,1.8816724854e+03
2174,4.3183651567e-01,-4.3484303355e-01,-3.4372408390e+00,1.8814434814e+03
2175,4.3194213510e-01,-4.3468439579e-01,-1.7442740202e+00,1.8812144775e+03
2176,4.3179973960e-01,-4.3474987149e-01,-1.8477846384e+00,1.8809858398e+03
2177,4.3187022209e-01,-4.3462896347e-01,-2.2329945564e+00,1.8807569580e+03
2178,4.3172004819e-01,-4.3472057581e-01,-3.3631503582e+00,1.8805277100e+03
2179,4.3184220791e-01,-4.3453189731e-01,3.6263144016e-01,1.8802989502e+03
2180,4.3161347508e-01,-4.3469381332e-01,-4.4664001465e+00,1.8800700684e+03
2181,4.3181207776e-01,-4.3446433544e-01,-8.2584798336e-01,1.8798415527e+03
2182,4.3155732751e-01,-4.3464237452e-01,-2.6125621796e+00,1.8796124268e+03
2183,4.3175172806e-01,-4.3440893292e-01,-2.3363041878e+00,1.8793843994e+03
2184,4.3150371313e-01,-4.3458724022e-01,-2.0984101295e+00,1.8791557617e+03
2185,4.3169301748e-01,-4.3434727192e-01,-1.3794118166e+00,1.8789272461e+03
2186,4.3139821291e-01,-4.3457815051e-01,-3.1082944870e+00,1.8786984863e+03
2187,4.3167689443e-01,-4.3425807357e-01,-1.3513858318e+00,1.8784694824e+03
2188,4.3152448535e-01,-4.3434303999e-01,-1.0212543011e+00,1.8782416992e+03
2189,4.3152230978e-01,-4.3429905176e-01,-3.0852513313e+00,1.8780131836e+03
2190,4.3152016401e-01,-4.3425551057e-01,-3.0852513313e+00,1.8777845459e+03
2191,4.3149930239e-01,-4.3422627449e-01,-3.7831521034e+00,1.8775561523e+03
2192,4.3130546808e-01,-4.3432679772e-01,-1.7510718107e-01,1.8773276367e+03
2193,4.3144431710e-01,-4.3414774537e-01,-1.2357355356e+00,1.8770997314e+03
2194,4.3124622107e-01,-4.3428668380e-01,-3.8311879635e+00,1.8768715820e+03
2195,4.3136674166e-01,-4.3409469724e-01,2.1607957780e-02,1.8766429443e+03
2196,4.3118366599e-01,-4.3422296643e-01,-2.8980624676e+00,1.8764151611e+03
2197,4.3133980036e-01,-4.3401086330e-01,-2.2309098244e+00,1.8761871338e+03
2198,4.3109071255e-01,-4.3420958519e-01,-1.7242246866e+00,1.8759591064e+03
2199,4.3130746484e-01,-4.3393820524e-01,-2.2523596287e+00,1.8757310791e+03
2200,4.3103727698e-01,-4.3414819241e-01,-1.6129857302e+00,1.8755030518e+03
2201,4.3124160171e-01,-4.3389466405e-01,-2.5803494453e+00,1.8752752686e+03
2202,4.3095609546e-01,-4.3411102891e-01,-2.0289433002e+00,1.8750466309e+03
2203,4.3121919036e-01,-4.3380391598e-01,-1.8183896542e+00,1.8748194580e+03
2204,4.3089643121e-01,-4.3405747414e-01,-1.5474189520e+00,1.8745917969e+03
2205,4.3095064163e-01,-4.3395486474e-01,-4.5541567802e+00,1.8743643799e+03
2206,4.3085709214e-01,-4.3398529291e-01,-1.1192785501e+00,1.8741365967e+03
2207,4.3080872297e-01,-4.3397277594e-01,3.8053596020e-01,1.8739083252e+03
2208,4.3101575971e-01,-4.3371516466e-01,-2.5090286732e+00,1.8736809082e+03
2209,4.3080759048e-01,-4.3386828899e-01,-4.4116821289e+00,1.8734536133e+03
2210,4.3094164133e-01,-4.3367403746e-01,6.9831407070e-01,1.8732263184e+03
2211,4.3074759841e-01,-4.3381607533e-01,-4.1621990204e+00,1.8729985352e+03
2212,4.3089979887e-01,-4.3360063434e-01,-7.3835945129e-01,1.8727712402e+03
2213,4.3065419793e-01,-4.3379798532e-01,-2.7856218815e+00,1.8725440674e+03
2214,4.3085721135e-01,-4.3353784084e-01,-1.8883461952e+00,1.8723164062e+03
2215,4.3058213592e-01,-4.3374863267e-01,-1.8346910477e+00,1.8720897217e+03
2216,4.3081116676e-01,-4.3346756697e-01,-1.8550696373e+00,1.8718625488e+03
2217,4.3054103851e-01,-4.3368041515e-01,-2.0459096432e+00,1.8716343994e+03
2218,4.3074074388e-01,-4.3341946602e-01,-1.7562786341e+00,1.8714075928e+03
2219,4.3046969175e-01,-4.3363940716e-01,-2.5864119530e+00,1.8711807861e+03
2220,4.3051716685e-01,-4.3353953958e-01,-3.1074163914e+00,1.8709533691e+03
2221,4.3050879240e-01,-4.3348780274e-01,-1.2854716778e+00,1.8707263184e+03
2222,4.3048927188e-01,-4.3345600367e-01,-6.2132370472e-01,1.8704993896e+03
2223,4.3046051264e-01,-4.3339371681e-01,-5.9238970280e-01,1.8702722168e+03
2224,4.3044075370e-01,-4.3338593841e-01,-4.5221347809e+00,1.8700457764e+03
2225,4.3036401272e-01,-4.3338403106e-01,-2.4813601971e+00,1.8698186035e+03
2226,4.3035957217e-01,-4.3333277106e-01,8.6125552654e-01,1.8695915527e+03
2227,4.3040925264e-01,-4.3322855234e-01,-4.4609971046e+00,1.8693649902e+03
2228,4.3040436506e-01,-4.3315842748e-01,-1.2346386164e-01,1.8691385498e+03
2229,4.3035241961e-01,-4.3320262432e-01,-4.0445785522e+00,1.8689111328e+03
2230,4.3018952012e-01,-4.3328851461e-01,1.9272817373e+00,1.8686848145e+03
2231,4.3033647537e-01,-4.3308475614e-01,-6.9594593048e+00,1.8684578857e+03
2232,4.3021300435e-01,-4.3316149712e-01,2.1040964127e+00,1.8682314453e+03
2233,4.3021127582e-01,-4.3309709430e-01,-2.6766974926e+00,1.8680050049e+03
2234,4.3012806773e-01,-4.3312549591e-01,-4.9070658684e+00,1.8677783203e+03
2235,4.3021160364e-01,-4.3298831582e-01,3.4751367569e+00,1.8675522461e+03
2236,4.2999523878e-01,-4.3314000964e-01,-6.2325091362e+00,1.8673256836e+03
2237,4.3018758297e-01,-4.3290671706e-01,-1.0174585134e-01,1.8670993652e+03
2238,4.2995381355e-01,-4.3308201432e-01,-2.1851093769e+00,1.8668728027e+03
2239,4.3011796474e-01,-4.3285959959e-01,-2.4387552738e+00,1.8666467285e+03
2240,4.2990759015e-01,-4.3300023675e-01,-1.3515756130e+00,1.8664200439e+03
2241,4.3005448580e-01,-4.3282026052e-01,-1.0834112167e+00,1.8661939697e+03
2242,4.2983281612e-01,-4.3295639753e-01,-4.1207318306e+00,1.8659678955e+03
2243,4.3003183603e-01,-4.3272787333e-01,1.2700729370e+00,1.8657419434e+03
2244,4.2973926663e-01,-4.3295183778e-01,-4.0037231445e+00,1.8655151367e+03
2245,4.3001216650e-01,-4.3263053894e-01,-1.1858965158e+00,1.8652894287e+03
2246,4.2965686321e-01,-4.3291163445e-01,-1.6795339584e+00,1.8650637207e+03
2247,4.2990407348e-01,-4.3261551857e-01,-3.1342089176e+00,1.8648377686e+03
2248,4.2962992191e-01,-4.3283331394e-01,-4.9339973927e-01,1.8646119385e+03
2249,4.2988589406e-01,-4.3252468109e-01,-2.1311697960e+00,1.8643858643e+03
2250,4.2976126075e-01,-4.3258735538e-01,-2.3858964443e-01,1.8641600342e+03
2251,4.2973145843e-01,-4.3255805969e-01,-2.3942725658e+00,1.8639334717e+03
2252,4.2970126867e-01,-4.3252956867e-01,-2.3942725658e+00,1.8637080078e+03
2253,4.2967092991e-01,-4.3250161409e-01,-2.3942725658e+00,1.8634821777e+03
2254,4.2964041233e-01,-4.3249535561e-01,-2.7682967186e+00,1.8632563477e+03
2255,4.2956382036e-01,-4.3251404166e-01,-1.0129889250e+00,1.8630306396e+03
2256,4.2947262526e-01,-4.3256849051e-01,-2.0519514084e+00,1.8628051758e+03
2257,4.2953705788e-01,-4.3243172765e-01,-2.3574676514e+00,1.8625795898e+03
2258,4.2945733666e-01,-4.3243795633e-01,-3.1850488186e+00,1.8623540039e+03
2259,4.2948192358e-01,-4.3236744404e-01,2.0917787552e+00,1.8621280518e+03
2260,4.2942106724e-01,-4.3238094449e-01,-2.7859704494e+00,1.8619028320e+03
2261,4.2942586541e-01,-4.3230852485e-01,-2.0211224556e+00,1.8616776123e+03
2262,4.2934995890e-01,-4.3231755495e-01,-1.1032013893e+00,1.8614521484e+03
2263,4.2935135961e-01,-4.3228819966e-01,-2.7443978786e+00,1.8612269287e+03
2264,4.2922803760e-01,-4.3234235048e-01,-1.8344788551e+00,1.8610014648e+03
2265,4.2930337787e-01,-4.3220719695e-01,-4.7383415699e-01,1.8607761230e+03
2266,4.2925745249e-01,-4.3219578266e-01,-3.3962931633e+00,1.8605507812e+03
2267,4.2920449376e-01,-4.3218559027e-01,-3.5609129071e-01,1.8603264160e+03
2268,4.2906546593e-01,-4.3226787448e-01,-3.3982906342e+00,1.8601008301e+03
2269,4.2924913764e-01,-4.3206241727e-01,-1.4628507197e-02,1.8598757324e+03
2270,4.2910620570e-01,-4.3214151263e-01,-3.6429593563e+00,1.8596507568e+03
2271,4.2918974161e-01,-4.3198180199e-01,9.2241531610e-01,1.8594254150e+03
2272,4.2905855179e-01,-4.3207663298e-01,-4.1802163124e+00,1.8592009277e+03
2273,4.2908990383e-01,-4.3198558688e-01,2.5328454375e-01,1.8589760742e+03
2274,4.2901068926e-01,-4.3200343847e-01,-4.0373249054e+00,1.8587509766e+03
2275,4.2903229594e-01,-4.3191510439e-01,1.1980134249e+00,1.8585263672e+03
2276,4.2893290520e-01,-4.3195739388e-01,-5.2459149361e+00,1.8583012695e+03
2277,4.2898461223e-01,-4.3185165524e-01,2.2112371922e+00,1.8580765381e+03
2278,4.2886739969e-01,-4.3190464377e-01,-5.7524981499e+00,1.8578518066e+03
2279,4.2890313268e-01,-4.3182358146e-01,2.2030222416e+00,1.8576273193e+03
2280,4.2885342240e-01,-4.3180102110e-01,-5.2034921646e+00,1.8574023438e+03
2281,4.2878308892e-01,-4.3183365464e-01,1.7548035383e+00,1.8571782227e+03
2282,4.2889547348e-01,-4.3165171146e-01,-4.7347936630e+00,1.8569531250e+03
2283,4.2864030600e-01,-4.3185523152e-01,2.0075899363e-01,1.8567287598e+03
2284,4.2890065908e-01,-4.3153017759e-01,-2.2439432144e+00,1.8565043945e+03
2285,4.2854344845e-01,-4.3183946609e-01,-2.0596606731e+00,1.8562797852e+03
2286,4.2884966731e-01,-4.3147745728e-01,-1.4763553143e+00,1.8560556641e+03
2287,4.2853346467e-01,-4.3174037337e-01,-4.5886105299e-01,1.8558315430e+03
2288,4.2871409655e-01,-4.3151974678e-01,-4.3589277267e+00,1.8556069336e+03
2289,4.2852911353e-01,-4.3161937594e-01,2.1957163811e+00,1.8553828125e+03
2290,4.2864853144e-01,-4.3146741390e-01,-5.8859567642e+00,1.8551589355e+03
2291,4.2847025394e-01,-4.3156901002e-01,2.6950745583e+00,1.8549345703e+03
2292,4.2860424519e-01,-4.3139141798e-01,-5.5104107857e+00,1.8547105713e+03
2293,4.2839339375e-01,-4.3154421449e-01,1.3832192421e+00,1.8544863281e+03
2294,4.2857781053e-01,-4.3129494786e-01,-3.4996201992e+00,1.8542619629e+03
2295,4.2830190063e-01,-4.3152949214e-01,-7.5986260176e-01,1.8540383301e+03
2296,4.2856699228e-01,-4.3120890856e-01,-2.6383571625e+00,1.8538140869e+03
2297,4.2821353674e-01,-4.3149757385e-01,-1.7653615773e-01,1.8535905762e+03
2298,4.2830985785e-01,-4.3135404587e-01,-4.0478110313e+00,1.8533666992e+03
2299,4.2824253440e-01,-4.3136465549e-01,-9.3979811668e-01,1.8531425781e+03
2300,4.2817869782e-01,-4.3137004972e-01,-9.3979811668e-01,1.8529189453e+03
2301,4.2832660675e-01,-4.3116375804e-01,8.3618932962e-01,1.8526951904e+03
2302,4.2817252874e-01,-4.3126153946e-01,-5.4677786827e+00,1.8524718018e+03
2303,4.2823919654e-01,-4.3113210797e-01,2.0506970882e+00,1.8522482910e+03
2304,4.2815926671e-01,-4.3116000295e-01,-4.0942158699e+00,1.8520246582e+03
2305,4.2817768455e-01,-4.3107810616e-01,-2.1818712354e-02,1.8518010254e+03
2306,4.2807108164e-01,-4.3113815784e-01,-3.2123951912e+00,1.8515772705e+03
2307,4.2815756798e-01,-4.3099188805e-01,6.4603519440e-01,1.8513532715e+03
2308,4.2802181840e-01,-4.3107026815e-01,-4.7825655937e+00,1.8511300049e+03
2309,4.2806783319e-01,-4.3097895384e-01,2.1968197823e+00,1.8509064941e+03
2310,4.2803284526e-01,-4.3094521761e-01,-4.7940263748e+00,1.8506833496e+03
2311,4.2789927125e-01,-4.3102890253e-01,-2.7648591995e-01,1.8504600830e+03
2312,4.2803415656e-01,-4.3084377050e-01,-1.1858826876e+00,1.8502368164e+03
2313,4.2783489823e-01,-4.3097591400e-01,-2.2828865051e+00,1.8500135498e+03
2314,4.2803090811e-01,-4.3073219061e-01,-3.7658706307e-02,1.8497906494e+03
2315,4.2773082852e-01,-4.3096998334e-01,-3.7863602638e+00,1.8495667725e+03
2316,4.2798361182e-01,-4.3066921830e-01,4.8916628957e-01,1.8493437500e+03
2317,4.2769289017e-01,-4.3089735508e-01,-2.8806891441e+00,1.8491204834e+03
2318,4.2790126801e-01,-4.3063604832e-01,-7.5397348404e-01,1.8488978271e+03
2319,4.2765754461e-01,-4.3082427979e-01,-1.1244859695e+00,1.8486749268e+03
2320,4.2784598470e-01,-4.3057751656e-01,-2.6373915672e+00,1.8484517822e+03
2321,4.2758420110e-01,-4.3078568578e-01,-2.5223922729e-01,1.8482286377e+03
2322,4.2781835794e-01,-4.3049752712e-01,-2.0881443024e+00,1.8480062256e+03
2323,4.2750471830e-01,-4.3075284362e-01,-1.0351294279e+00,1.8477832031e+03
2324,4.2756634951e-01,-4.3063497543e-01,-3.3089268208e+00,1.8475595703e+03
2325,4.2753249407e-01,-4.3061596155e-01,-1.0423479080e+00,1.8473378906e+03
2326,4.2749926448e-01,-4.3059578538e-01,-1.0423479080e+00,1.8471147461e+03
2327,4.2746657133e-01,-4.3057468534e-01,-1.0423479080e+00,1.8468927002e+03
2328,4.2743429542e-01,-4.3055275083e-01,-1.0423479080e+00,1.8466700439e+03
2329,4.2740225792e-01,-4.3053013086e-01,-1.0423479080e+00,1.8464477539e+03
2330,4.2737048864e-01,-4.3050691485e-01,-1.0423479080e+00,1.8462252197e+03
2331,4.2734754086e-01,-4.3047168851e-01,-5.4169648886e-01,1.8460032959e+03
2332,4.2741465569e-01,-4.3031665683e-01,-2.8222668171e+00,1.8457814941e+03
2333,4.2736309767e-01,-4.3035307527e-01,-3.5309567451e+00,1.8455587158e+03
2334,4.2735293508e-01,-4.3029472232e-01,1.9404234886e+00,1.8453363037e+03
2335,4.2733684182e-01,-4.3024870753e-01,-5.0876569748e+00,1.8451136475e+03
2336,4.2729195952e-01,-4.3023401499e-01,1.4096733332e+00,1.8448918457e+03
2337,4.2721691728e-01,-4.3025851250e-01,-3.4923586845e+00,1.8446694336e+03
2338,4.2728513479e-01,-4.3013370037e-01,-4.8304419965e-02,1.8444471436e+03
2339,4.2716363072e-01,-4.3018370867e-01,-3.1990535259e+00,1.8442246094e+03
2340,4.2717829347e-01,-4.3015453219e-01,1.4830818176e+00,1.8440026855e+03
2341,4.2718914151e-01,-4.3007856607e-01,-3.1101417542e+00,1.8437805176e+03
2342,4.2712730169e-01,-4.3002972007e-01,-6.2377882004e-01,1.8435582275e+03
2343,4.2711398005e-01,-4.3007227778e-01,-1.1612501144e+00,1.8433365479e+03
2344,4.2718678713e-01,-4.2992684245e-01,-2.6220393181e-01,1.8431146240e+03
2345,4.2702117562e-01,-4.3000534177e-01,-1.3679383993e+00,1.8428924561e+03
2346,4.2707046866e-01,-4.2992565036e-01,-3.6399126053e+00,1.8426705322e+03
2347,4.2698463798e-01,-4.2994567752e-01,-2.1601510048e+00,1.8424486084e+03
2348,4.2701157928e-01,-4.2984640598e-01,1.6598047018e+00,1.8422263184e+03
2349,4.2687928677e-01,-4.2993962765e-01,-5.9429078102e+00,1.8420047607e+03
2350,4.2695501447e-01,-4.2981192470e-01,3.3265798092e+00,1.8417830811e+03
2351,4.2682158947e-01,-4.2984327674e-01,-4.7908382416e+00,1.8415612793e+03
2352,4.2684030533e-01,-4.2976540327e-01,4.5097154379e-01,1.8413394775e+03
2353,4.2675769329e-01,-4.2984017730e-01,-2.7870097160e+00,1.8411180420e+03
2354,4.2683458328e-01,-4.2971849442e-01,9.0222829580e-01,1.8408961182e+03
2355,4.2676502466e-01,-4.2971149087e-01,-4.6046242714e+00,1.8406743164e+03
2356,4.2671802640e-01,-4.2969560623e-01,2.4556622505e+00,1.8404531250e+03
2357,4.2677342892e-01,-4.2957353592e-01,-4.3780798912e+00,1.8402314453e+03
2358,4.2661666870e-01,-4.2968985438e-01,5.6114047766e-01,1.8400102539e+03
2359,4.2677396536e-01,-4.2945277691e-01,-1.7167078257e+00,1.8397885742e+03
2360,4.2648205161e-01,-4.2972284555e-01,-1.2498555183e+00,1.8395675049e+03
2361,4.2675641179e-01,-4.2939716578e-01,-1.9611319304e+00,1.8393460693e+03
2362,4.2641448975e-01,-4.2967578769e-01,-5.9643208981e-01,1.8391247559e+03
2363,4.2668631673e-01,-4.2935958505e-01,-1.8978219032e+00,1.8389034424e+03
2364,4.2645061016e-01,-4.2951244116e-01,-4.3229132891e-02,1.8386822510e+03
2365,4.2652770877e-01,-4.2940467596e-01,-3.4549345970e+00,1.8384613037e+03
2366,4.2645177245e-01,-4.2941948771e-01,1.3671379089e+00,1.8382396240e+03
2367,4.2648279667e-01,-4.2932936549e-01,-4.5429053307e+00,1.8380187988e+03
2368,4.2629128695e-01,-4.2946290970e-01,1.5923511982e+00,1.8377979736e+03
2369,4.2641258240e-01,-4.2929837108e-01,-4.1571664810e+00,1.8375772705e+03
2370,4.2620408535e-01,-4.2942586541e-01,8.4215068817e-01,1.8373562012e+03
2371,4.2649534345e-01,-4.2911413312e-01,-1.9376090765e+00,1.8371348877e+03
2372,4.2618417740e-01,-4.2935490608e-01,-1.1169258505e-01,1.8369139404e+03
2373,4.2643076181e-01,-4.2905503511e-01,-2.7865703106e+00,1.8366933594e+03
2374,4.2609044909e-01,-4.2934092879e-01,-2.0382243395e-01,1.8364722900e+03
2375,4.2637234926e-01,-4.2899811268e-01,-2.0331501961e+00,1.8362514648e+03
2376,4.2624902725e-01,-4.2905855179e-01,6.0374546051e-01,1.8360306396e+03
2377,4.2622068524e-01,-4.2904785275e-01,-1.5371937752e+00,1.8358101807e+03
2378,4.2619180679e-01,-4.2903593183e-01,-1.5371937752e+00,1.8355894775e+03
2379,4.2616459727e-01,-4.2900502682e-01,-2.8316271305e+00,1.8353685303e+03
2380,4.2610177398e-01,-4.2900943756e-01,-3.2765152454e+00,1.8351481934e+03
2381,4.2597112060e-01,-4.2908367515e-01,8.8990861177e-01,1.8349274902e+03
2382,4.2602428794e-01,-4.2894318700e-01,-2.0082354546e-01,1.8347069092e+03
2383,4.2604807019e-01,-4.2890733480e-01,-2.5287237167e+00,1.8344868164e+03
2384,4.2591106892e-01,-4.2894461751e-01,1.4608608186e-01,1.8342658691e+03
2385,4.2593824863e-01,-4.2890459299e-01,-2.1109225750e+00,1.8340454102e+03
2386,4.2600247264e-01,-4.2877563834e-01,-1.2062102556e+00,1.8338253174e+03
2387,4.2578148842e-01,-4.2892280221e-01,-1.2432260513e+00,1.8336052246e+03
2388,4.2599409819e-01,-4.2865732312e-01,2.2636461258e-01,1.8333850098e+03
2389,4.2575439811e-01,-4.2886227369e-01,-3.2121710777e+00,1.8331644287e+03
2390,4.2589595914e-01,-4.2865449190e-01,3.7501102686e-01,1.8329443359e+03
2391,4.2576238513e-01,-4.2872884870e-01,-1.9897179604e+00,1.8327243652e+03
2392,4.2581757903e-01,-4.2862966657e-01,6.5612152219e-02,1.8325043945e+03
2393,4.2566621304e-01,-4.2870810628e-01,-3.6951544285e+00,1.8322839355e+03
2394,4.2576321959e-01,-4.2856743932e-01,2.3117983341e+00,1.8320640869e+03
2395,4.2560803890e-01,-4.2867338657e-01,-4.7316145897e+00,1.8318442383e+03
2396,4.2572057247e-01,-4.2849165201e-01,1.4993431568e+00,1.8316241455e+03
2397,4.2553928494e-01,-4.2861619592e-01,-2.5355706215e+00,1.8314042969e+03
2398,4.2559179664e-01,-4.2849862576e-01,-7.7988696098e-01,1.8311845703e+03
2399,4.2553907633e-01,-4.2851170897e-01,-1.6112039089e+00,1.8309648438e+03
2400,4.2559266090e-01,-4.2840766907e-01,5.7479751110e-01,1.8307453613e+03
2401,4.2540043592e-01,-4.2854759097e-01,-4.4433002472e+00,1.8305253906e+03
2402,4.2553526163e-01,-4.2837443948e-01,1.7836121321e+00,1.8303055420e+03
2403,4.2534673214e-01,-4.2848303914e-01,-3.5203058720e+00,1.8300856934e+03
2404,4.2550611496e-01,-4.2829245329e-01,8.0877542496e-01,1.8298664551e+03
2405,4.2530897260e-01,-4.2840203643e-01,-2.0615911484e+00,1.8296467285e+03
2406,4.2549332976e-01,-4.2818579078e-01,-1.5279291570e-01,1.8294274902e+03
2407,4.2521899939e-01,-4.2838454247e-01,-2.5454967022e+00,1.8292075195e+03
2408,4.2543786764e-01,-4.2813429236e-01,8.1284344196e-01,1.8289882812e+03
2409,4.2516881227e-01,-4.2833867669e-01,-2.6351742744e+00,1.8287685547e+03
2410,4.2538943887e-01,-4.2806357145e-01,-2.1813428402e-01,1.8285493164e+03
2411,4.2513024807e-01,-4.2826050520e-01,-1.5063314438e+00,1.8283300781e+03
2412,4.2531865835e-01,-4.2803248763e-01,-1.2216603756e+00,1.8281110840e+03
2413,4.2505192757e-01,-4.2824062705e-01,-4.7330838442e-01,1.8278914795e+03
2414,4.2529121041e-01,-4.2793765664e-01,-1.7793362141e+00,1.8276724854e+03
2415,4.2516618967e-01,-4.2800903320e-01,7.3710113764e-01,1.8274527588e+03
2416,4.2517858744e-01,-4.2794451118e-01,-1.7975466251e+00,1.8272338867e+03
2417,4.2518785596e-01,-4.2788484693e-01,-1.7975466251e+00,1.8270146484e+03
2418,4.2501327395e-01,-4.2800438404e-01,-2.4045183659e+00,1.8267955322e+03
2419,4.2505890131e-01,-4.2789152265e-01,1.1768373251e+00,1.8265766602e+03
2420,4.2495495081e-01,-4.2794016004e-01,-3.3094344139e+00,1.8263577881e+03
2421,4.2498993874e-01,-4.2785903811e-01,8.2812345028e-01,1.8261387939e+03
2422,4.2491453886e-01,-4.2788258195e-01,-2.8337190151e+00,1.8259196777e+03
2423,4.2497095466e-01,-4.2776957154e-01,1.3748829365e+00,1.8257011719e+03
2424,4.2483952641e-01,-4.2783999443e-01,-3.9369859695e+00,1.8254815674e+03
2425,4.2490205169e-01,-4.2772278190e-01,2.4480941296e+00,1.8252631836e+03
2426,4.2481470108e-01,-4.2775082588e-01,-4.4593153000e+00,1.8250445557e+03
2427,4.2480036616e-01,-4.2772227526e-01,1.5027681589e+00,1.8248258057e+03
2428,4.2489895225e-01,-4.2757084966e-01,-1.5311863422e+00,1.8246069336e+03
2429,4.2470574379e-01,-4.2769578099e-01,-1.8850244284e+00,1.8243883057e+03
2430,4.2477655411e-01,-4.2758274078e-01,2.5566935539e-01,1.8241702881e+03
2431,4.2458865047e-01,-4.2770817876e-01,-3.7483127117e+00,1.8239514160e+03
2432,4.2480254173e-01,-4.2745083570e-01,2.2213962078e+00,1.8237327881e+03
2433,4.2451381683e-01,-4.2767632008e-01,-4.0613942146e+00,1.8235142822e+03
2434,4.2474588752e-01,-4.2739528418e-01,1.6738293171e+00,1.8232958984e+03
2435,4.2448893189e-01,-4.2759299278e-01,-2.4110476971e+00,1.8230776367e+03
2436,4.2467358708e-01,-4.2735299468e-01,-7.1001160145e-01,1.8228593750e+03
2437,4.2442727089e-01,-4.2755204439e-01,-7.3693698645e-01,1.8226409912e+03
2438,4.2464736104e-01,-4.2727231979e-01,-1.0116320848e+00,1.8224224854e+03
2439,4.2436721921e-01,-4.2749664187e-01,-9.4868898392e-01,1.8222044678e+03
2440,4.2461329699e-01,-4.2719873786e-01,-8.9863634109e-01,1.8219860840e+03
2441,4.2429310083e-01,-4.2745482922e-01,-4.4548383355e-01,1.8217683105e+03
2442,4.2456606030e-01,-4.2714124918e-01,-2.4029438496e+00,1.8215499268e+03
2443,4.2442828417e-01,-4.2721605301e-01,1.4250959158e+00,1.8213322754e+03
2444,4.2443943024e-01,-4.2715331912e-01,-1.9223096371e+00,1.8211138916e+03
2445,4.2444774508e-01,-4.2709422112e-01,-1.9223096371e+00,1.8208955078e+03
2446,4.2424064875e-01,-4.2724725604e-01,-2.4730153084e+00,1.8206777344e+03
2447,4.2434471846e-01,-4.2708525062e-01,2.5505366325e+00,1.8204593506e+03
2448,4.2420998216e-01,-4.2716720700e-01,-4.0321736336e+00,1.8202420654e+03
2449,4.2424616218e-01,-4.2707130313e-01,1.2902799845e+00,1.8200238037e+03
2450,4.2415770888e-01,-4.2710897326e-01,-2.1631522179e+00,1.8198059082e+03
2451,4.2423528433e-01,-4.2698055506e-01,1.2379662693e-01,1.8195883789e+03
2452,4.2406240106e-01,-4.2709121108e-01,-2.5923755169e+00,1.8193706055e+03
2453,4.2419645190e-01,-4.2691224813e-01,1.4424235821e+00,1.8191527100e+03
2454,4.2402717471e-01,-4.2701813579e-01,-3.8399608135e+00,1.8189354248e+03
2455,4.2411524057e-01,-4.2688494921e-01,1.6691188812e+00,1.8187176514e+03
2456,4.2399320006e-01,-4.2694202065e-01,-2.8127853870e+00,1.8185000000e+03
2457,4.2405790091e-01,-4.2683187127e-01,9.9264961481e-01,1.8182825928e+03
2458,4.2392021418e-01,-4.2690905929e-01,-3.3195376396e+00,1.8180651855e+03
2459,4.2403239012e-01,-4.2674759030e-01,2.3480660915e+00,1.8178477783e+03
2460,4.2384994030e-01,-4.2687091231e-01,-4.4439420700e+00,1.8176300049e+03
2461,4.2397913337e-01,-4.2669048905e-01,2.2468836308e+00,1.8174127197e+03
2462,4.2381313443e-01,-4.2679822445e-01,-3.5644893646e+00,1.8171958008e+03
2463,4.2391768098e-01,-4.2664501071e-01,1.4219990969e+00,1.8169785156e+03
2464,4.2375257611e-01,-4.2674928904e-01,-3.0344576836e+00,1.8167612305e+03
2465,4.2387434840e-01,-4.2658156157e-01,1.7176407576e+00,1.8165438232e+03
2466,4.2368662357e-01,-4.2670556903e-01,-3.8491709232e+00,1.8163269043e+03
2467,4.2383030057e-01,-4.2651578784e-01,2.1077680588e+00,1.8161098633e+03
2468,4.2363104224e-01,-4.2665717006e-01,-3.3457601070e+00,1.8158925781e+03
2469,4.2377683520e-01,-4.2645418644e-01,9.8503339291e-01,1.8156755371e+03
2470,4.2356953025e-01,-4.2661464214e-01,-2.2602858543e+00,1.8154584961e+03
2471,4.2374646664e-01,-4.2639008164e-01,-8.6416214705e-02,1.8152410889e+03
2472,4.2350563407e-01,-4.2656472325e-01,-1.2823274136e+00,1.8150245361e+03
2473,4.2369037867e-01,-4.2632439733e-01,-1.9411003590e-01,1.8148079834e+03
2474,4.2345178127e-01,-4.2651668191e-01,-1.5302941799e+00,1.8145910645e+03
2475,4.2367377877e-01,-4.2624956369e-01,-6.1420345306e-01,1.8143742676e+03
2476,4.2336574197e-01,-4.2648044229e-01,-5.7460325956e-01,1.8141569824e+03
2477,4.2362999916e-01,-4.2618051171e-01,-1.0794378519e+00,1.8139407959e+03
2478,4.2350310087e-01,-4.2624503374e-01,6.4176952839e-01,1.8137233887e+03
2479,4.2350044847e-01,-4.2620268464e-01,-9.0994280577e-01,1.8135069580e+03
2480,4.2349389195e-01,-4.2616316676e-01,-9.0994280577e-01,1.8132901611e+03
2481,4.2350274324e-01,-4.2609655857e-01,-2.3194773197e+00,1.8130736084e+03
2482,4.2334505916e-01,-4.2620706558e-01,-1.4765602350e+00,1.8128566895e+03
2483,4.2334794998e-01,-4.2611566186e-01,1.7197725773e+00,1.8126405029e+03
2484,4.2332664132e-01,-4.2607784271e-01,-2.6368978024e+00,1.8124241943e+03
2485,4.2317408323e-01,-4.2619776726e-01,-2.1627449989e+00,1.8122078857e+03
2486,4.2328122258e-01,-4.2600041628e-01,2.0674810410e+00,1.8119910889e+03
2487,4.2312562466e-01,-4.2615795135e-01,-1.7292040586e+00,1.8117747803e+03
2488,4.2324307561e-01,-4.2593398690e-01,-2.4480195045e+00,1.8115582275e+03
2489,4.2318078876e-01,-4.2593181133e-01,3.0162506104e+00,1.8113422852e+03
2490,4.2323842645e-01,-4.2585164309e-01,-2.6824443340e+00,1.8111258545e+03
2491,4.2302644253e-01,-4.2603597045e-01,-2.2009057999e+00,1.8109100342e+03
2492,4.2314624786e-01,-4.2581632733e-01,2.0906543732e+00,1.8106938477e+03
2493,4.2304384708e-01,-4.2585662007e-01,-3.1967282295e+00,1.8104772949e+03
2494,4.2303073406e-01,-4.2586553097e-01,9.2241269350e-01,1.8102615967e+03
2495,4.2297255993e-01,-4.2583769560e-01,-2.1283729076e+00,1.8100454102e+03
2496,4.2308652401e-01,-4.2568656802e-01,4.6578931808e-01,1.8098297119e+03
2497,4.2290061712e-01,-4.2582529783e-01,-2.2921910286e+00,1.8096134033e+03
2498,4.2297443748e-01,-4.2569810152e-01,1.4543573856e+00,1.8093978271e+03
2499,4.2287313938e-01,-4.2573258281e-01,-2.9371755123e+00,1.8091818848e+03
2500,4.2286455631e-01,-4.2567721009e-01,9.5811754465e-01,1.8089656982e+03
2501,4.2284557223e-01,-4.2565935850e-01,-2.2646138668e+00,1.8087502441e+03
2502,4.2273429036e-01,-4.2572712898e-01,-3.8640093803e-01,1.8085345459e+03
2503,4.2290234566e-01,-4.2549812794e-01,5.1638180017e-01,1.8083187256e+03
2504,4.2264094949e-01,-4.2571002245e-01,-9.5751559734e-01,1.8081035156e+03
2505,4.2286780477e-01,-4.2540878057e-01,-1.4180930853e+00,1.8078874512e+03
2506,4.2260557413e-01,-4.2563986778e-01,-1.5004430711e-01,1.8076717529e+03
2507,4.2279085517e-01,-4.2537677288e-01,-9.4433069229e-01,1.8074561768e+03
2508,4.2255577445e-01,-4.2557513714e-01,-1.0600886345e+00,1.8072407227e+03
2509,4.2277991772e-01,-4.2529705167e-01,-6.6239756346e-01,1.8070251465e+03
2510,4.2246448994e-01,-4.2555069923e-01,-1.8988177180e-02,1.8068094482e+03
2511,4.2254233360e-01,-4.2542639375e-01,-2.5550546646e+00,1.8065939941e+03
2512,4.2248675227e-01,-4.2542335391e-01,2.8380310535e-01,1.8063790283e+03
2513,4.2243233323e-01,-4.2541766167e-01,2.8380310535e-01,1.8061635742e+03
2514,4.2250692844e-01,-4.2528247833e-01,4.0841078758e-01,1.8059487305e+03
2515,4.2245233059e-01,-4.2530667782e-01,-3.7978060246e+00,1.8057331543e+03
2516,4.2245689034e-01,-4.2522022128e-01,2.1825339794e+00,1.8055179443e+03
2517,4.2241284251e-01,-4.2523643374e-01,-2.7577135563e+00,1.8053027344e+03
2518,4.2244222760e-01,-4.2513507605e-01,5.1734614372e-01,1.8050878906e+03
2519,4.2230337858e-01,-4.2522525787e-01,-1.5671143532e+00,1.8048725586e+03
2520,4.2240366340e-01,-4.2506581545e-01,2.1604099870e-01,1.8046575928e+03
2521,4.2225822806e-01,-4.2517739534e-01,-2.7009403706e+00,1.8044420166e+03
2522,4.2231124640e-01,-4.2508432269e-01,2.3966083527e+00,1.8042272949e+03
2523,4.2226475477e-01,-4.2505061626e-01,-3.2865829468e+00,1.8040125732e+03
2524,4.2224788666e-01,-4.2500528693e-01,1.6520506144e+00,1.8037976074e+03
2525,4.2223444581e-01,-4.2496132851e-01,-2.7605266571e+00,1.8035825195e+03
2526,4.2212608457e-01,-4.2501473427e-01,1.3615320921e+00,1.8033681641e+03
2527,4.2228949070e-01,-4.2479473352e-01,-1.5928143263e+00,1.8031534424e+03
2528,4.2200955749e-01,-4.2503151298e-01,-5.6054109335e-01,1.8029384766e+03
2529,4.2223444581e-01,-4.2475286126e-01,-4.5882645249e-01,1.8027237549e+03
2530,4.2196926475e-01,-4.2497214675e-01,-1.1121714115e+00,1.8025089111e+03
2531,4.2217805982e-01,-4.2470067739e-01,4.5474454761e-01,1.8022944336e+03
2532,4.2191916704e-01,-4.2492148280e-01,-2.0201232433e+00,1.8020798340e+03
2533,4.2214027047e-01,-4.2465105653e-01,-1.8471109867e-01,1.8018651123e+03
2534,4.2184591293e-01,-4.2487281561e-01,4.2013183236e-01,1.8016505127e+03
2535,4.2208862305e-01,-4.2458420992e-01,-2.5541777611e+00,1.8014362793e+03
2536,4.2181786895e-01,-4.2480140924e-01,1.8840627670e+00,1.8012218018e+03
2537,4.2200389504e-01,-4.2455095053e-01,-2.5301637650e+00,1.8010074463e+03
2538,4.2171400785e-01,-4.2477735877e-01,6.3225066662e-01,1.8007932129e+03
2539,4.2203515768e-01,-4.2443269491e-01,-1.1137527227e+00,1.8005788574e+03
2540,4.2189896107e-01,-4.2450132966e-01,1.0568921566e+00,1.8003641357e+03
2541,4.2188107967e-01,-4.2447677255e-01,-1.1887177229e+00,1.8001499023e+03
2542,4.2186385393e-01,-4.2445293069e-01,-1.1887177229e+00,1.7999353027e+03
2543,4.2184689641e-01,-4.2442968488e-01,-1.1887177229e+00,1.7997216797e+03
2544,4.2167481780e-01,-4.2447331548e-01,-1.7278621197e+00,1.7995068359e+03
2545,4.2170196772e-01,-4.2448267341e-01,6.9537943602e-01,1.7992928467e+03
2546,4.2174658179e-01,-4.2437085509e-01,8.3387225866e-02,1.7990791016e+03
2547,4.2161601782e-01,-4.2442604899e-01,-3.3225970268e+00,1.7988647461e+03
2548,4.2159622908e-01,-4.2434164882e-01,3.3206186295e+00,1.7986507568e+03
2549,4.2160335183e-01,-4.2437058687e-01,-2.5364761353e+00,1.7984371338e+03
2550,4.2162156105e-01,-4.2429712415e-01,-3.6720776558e-01,1.7982227783e+03
2551,4.2154404521e-01,-4.2427057028e-01,-1.7608504295e+00,1.7980087891e+03
2552,4.2149499059e-01,-4.2430025339e-01,2.7700858116e+00,1.7977952881e+03
2553,4.2155805230e-01,-4.2412954569e-01,-3.2448086739e+00,1.7975812988e+03
2554,4.2142975330e-01,-4.2420750856e-01,4.5819729567e-01,1.7973676758e+03
2555,4.2148381472e-01,-4.2410567403e-01,7.3749637604e-01,1.7971541748e+03
2556,4.2137366533e-01,-4.2420101166e-01,-3.8332540989e+00,1.7969400635e+03
2557,4.2145988345e-01,-4.2398521304e-01,4.1127810478e+00,1.7967268066e+03
2558,4.2130681872e-01,-4.2407599092e-01,-3.9322264194e+00,1.7965128174e+03
2559,4.2142435908e-01,-4.2392984033e-01,1.6885899305e+00,1.7962993164e+03
2560,4.2120659351e-01,-4.2413637042e-01,-2.7122941017e+00,1.7960859375e+03
2561,4.2135509849e-01,-4.2389515042e-01,1.0044169426e+00,1.7958724365e+03
2562,4.2119622231e-01,-4.2400723696e-01,-1.8726141453e+00,1.7956588135e+03
2563,4.2127311230e-01,-4.2390212417e-01,1.4162524939e+00,1.7954451904e+03
2564,4.2116761208e-01,-4.2395028472e-01,-3.0198087692e+00,1.7952322998e+03
2565,4.2124444246e-01,-4.2381760478e-01,2.9265284538e+00,1.7950185547e+03
2566,4.2106473446e-01,-4.2395696044e-01,-4.2987289429e+00,1.7948056641e+03
2567,4.2123287916e-01,-4.2371183634e-01,3.0524704456e+00,1.7945922852e+03
2568,4.2101663351e-01,-4.2391103506e-01,-3.1075994968e+00,1.7943787842e+03
2569,4.2114520073e-01,-4.2368319631e-01,1.1976135969e+00,1.7941656494e+03
2570,4.2099609971e-01,-4.2382463813e-01,-1.5477893353e+00,1.7939525146e+03
2571,4.2110517621e-01,-4.2363181710e-01,7.1454960108e-01,1.7937395020e+03
2572,4.2090260983e-01,-4.2377281189e-01,-1.5867052078e+00,1.7935263672e+03
2573,4.2106541991e-01,-4.2356291413e-01,6.3656282425e-01,1.7933132324e+03
2574,4.2087128758e-01,-4.2374587059e-01,-1.5834488869e+00,1.7931007080e+03
2575,4.2109364271e-01,-4.2349392176e-01,-7.1539141238e-02,1.7928873291e+03
2576,4.2077097297e-01,-4.2367729545e-01,-8.7307125330e-02,1.7926748047e+03
2577,4.2100268602e-01,-4.2346552014e-01,-9.5991230011e-01,1.7924617920e+03
2578,4.2072778940e-01,-4.2361524701e-01,4.7431424260e-02,1.7922487793e+03
2579,4.2094621062e-01,-4.2336389422e-01,-1.1108297110e+00,1.7920363770e+03
2580,4.2065453529e-01,-4.2359995842e-01,3.6381196976e-01,1.7918237305e+03
2581,4.2071020603e-01,-4.2348882556e-01,-2.4273219109e+00,1.7916105957e+03
2582,4.2064318061e-01,-4.2349350452e-01,4.1211736202e-01,1.7913983154e+03
2583,4.2057868838e-01,-4.2349451780e-01,4.1211736202e-01,1.7911853027e+03
2584,4.2070847750e-01,-4.2330607772e-01,6.3664156199e-01,1.7909729004e+03
2585,4.2062973976e-01,-4.2337223887e-01,-2.9156064987e+00,1.7907601318e+03
2586,4.2065805197e-01,-4.2325851321e-01,2.3790853024e+00,1.7905478516e+03
2587,4.2060548067e-01,-4.2332398891e-01,-2.7586541176e+00,1.7903355713e+03
2588,4.2061993480e-01,-4.2317572236e-01,1.6293984652e+00,1.7901226807e+03
2589,4.2052379251e-01,-4.2330715060e-01,-2.3745238781e+00,1.7899104004e+03
2590,4.2057880759e-01,-4.2312067747e-01,1.6064031124e+00,1.7896983643e+03
2591,4.2049032450e-01,-4.2320773005e-01,-2.2698662281e+00,1.7894857178e+03
2592,4.2051193118e-01,-4.2312562466e-01,1.1622236967e+00,1.7892734375e+03
2593,4.2043000460e-01,-4.2310363054e-01,-1.4405957460e+00,1.7890606689e+03
2594,4.2050889134e-01,-4.2308461666e-01,4.6970507503e-01,1.7888485107e+03
2595,4.2039096355e-01,-4.2316019535e-01,-1.1168475151e+00,1.7886367188e+03
2596,4.2050155997e-01,-4.2295163870e-01,1.0241633654e+00,1.7884248047e+03
2597,4.2025902867e-01,-4.2307648063e-01,-3.1582989693e+00,1.7882122803e+03
2598,4.2046120763e-01,-4.2288669944e-01,2.8778271675e+00,1.7880002441e+03
2599,4.2019674182e-01,-4.2302149534e-01,-3.0929520130e+00,1.7877884521e+03
2600,4.2039245367e-01,-4.2284500599e-01,1.5636744499e+00,1.7875762939e+03
2601,4.2016416788e-01,-4.2296516895e-01,-1.5001069307e+00,1.7873643799e+03
2602,4.2029148340e-01,-4.2279806733e-01,-4.4910833240e-02,1.7871523438e+03
2603,4.2012479901e-01,-4.2294085026e-01,-1.0479433537e+00,1.7869399414e+03
2604,4.2027497292e-01,-4.2269688845e-01,1.3777347803e+00,1.7867285156e+03
2605,4.2006322742e-01,-4.2289468646e-01,-2.3942837715e+00,1.7865172119e+03
2606,4.2026615143e-01,-4.2264977098e-01,1.3068979979e+00,1.7863046875e+03
2607,4.1999855638e-01,-4.2283087969e-01,-1.1396605968e+00,1.7860935059e+03
2608,4.2019176483e-01,-4.2258527875e-01,-1.4938861132e-02,1.7858817139e+03
2609,4.1994976997e-01,-4.2279472947e-01,-2.7510219812e-01,1.7856695557e+03
2610,4.2017591000e-01,-4.2253890634e-01,-8.1275415421e-01,1.7854583740e+03
2611,4.1986531019e-01,-4.2273068428e-01,2.4787843227e-01,1.7852468262e+03
2612,4.1994857788e-01,-4.2263340950e-01,-2.0708379745e+00,1.7850350342e+03
2613,4.1988012195e-01,-4.2262399197e-01,3.7042188644e-01,1.7848236084e+03
2614,4.1981515288e-01,-4.2261257768e-01,3.7042188644e-01,1.7846125488e+03
2615,4.1992405057e-01,-4.2245632410e-01,1.4190639257e+00,1.7844007568e+03
2616,4.1984736919e-01,-4.2253220081e-01,-3.0007686615e+00,1.7841895752e+03
2617,4.1986167431e-01,-4.2240235209e-01,2.0708315372e+00,1.7839785156e+03
2618,4.1979980469e-01,-4.2241394520e-01,-2.2582776546e+00,1.7837666016e+03
2619,4.1967898607e-01,-4.2247760296e-01,-4.4488066435e-01,1.7835555420e+03
2620,4.1987949610e-01,-4.2228505015e-01,8.4792035818e-01,1.7833443604e+03
2621,4.1960531473e-01,-4.2245283723e-01,4.0011905134e-02,1.7831333008e+03
2622,4.1981855035e-01,-4.2217490077e-01,-1.9191495180e+00,1.7829222412e+03
2623,4.1957333684e-01,-4.2242029309e-01,1.5265530348e+00,1.7827106934e+03
2624,4.1981700063e-01,-4.2211911082e-01,-9.5956420898e-01,1.7824998779e+03
2625,4.1951161623e-01,-4.2234835029e-01,-6.1123526096e-01,1.7822888184e+03
2626,4.1974893212e-01,-4.2204669118e-01,1.8986466527e-01,1.7820776367e+03
2627,4.1946437955e-01,-4.2233374715e-01,-1.8626965582e-01,1.7818666992e+03
2628,4.1953405738e-01,-4.2218625546e-01,-1.9086605310e+00,1.7816557617e+03
2629,4.1949471831e-01,-4.2219534516e-01,1.0196613073e+00,1.7814449463e+03
2630,4.1945520043e-01,-4.2220115662e-01,1.0196613073e+00,1.7812343750e+03
2631,4.1955018044e-01,-4.2201450467e-01,-8.8066235185e-04,1.7810238037e+03
2632,4.1943711042e-01,-4.2209842801e-01,-2.9426770210e+00,1.7808127441e+03
2633,4.1946992278e-01,-4.2196327448e-01,2.7354769707e+00,1.7806018066e+03
2634,4.1938990355e-01,-4.2198696733e-01,-2.9295246601e+00,1.7803911133e+03
2635,4.1945284605e-01,-4.2191144824e-01,1.6779640913e+00,1.7801801758e+03
2636,4.1929417849e-01,-4.2199382186e-01,-1.7089433670e+00,1.7799699707e+03
2637,4.1944733262e-01,-4.2180332541e-01,1.4579603672e+00,1.7797591553e+03
2638,4.1923820972e-01,-4.2196553946e-01,-2.3462140560e+00,1.7795483398e+03
2639,4.1936728358e-01,-4.2175474763e-01,2.0063295364e+00,1.7793385010e+03
2640,4.1924789548e-01,-4.2187380791e-01,-1.9617947340e+00,1.7791271973e+03
2641,4.1925427318e-01,-4.2174944282e-01,8.9439922571e-01,1.7789171143e+03
2642,4.1910356283e-01,-4.2183130980e-01,-1.0582152605e+00,1.7787062988e+03
2643,4.1927582026e-01,-4.2166265845e-01,1.1717245579e+00,1.7784962158e+03
2644,4.1905158758e-01,-4.2180547118e-01,-2.2825150490e+00,1.7782857666e+03
2645,4.1926953197e-01,-4.2158040404e-01,2.0374984741e+00,1.7780754395e+03
2646,4.1902926564e-01,-4.2172104120e-01,-2.0367693901e+00,1.7778651123e+03
2647,4.1917693615e-01,-4.2157086730e-01,8.6873567104e-01,1.7776552734e+03
2648,4.1900855303e-01,-4.2164218426e-01,-6.6831129789e-01,1.7774451904e+03
2649,4.1913506389e-01,-4.2149212956e-01,3.1186577678e-01,1.7772347412e+03
2650,4.1893646121e-01,-4.2161014676e-01,-9.6222899854e-02,1.7770245361e+03
2651,4.1896834970e-01,-4.2151257396e-01,-2.0782155991e+00,1.7768144531e+03
2652,4.1888868809e-01,-4.2157781124e-01,2.4334865808e-01,1.7766046143e+03
2653,4.1895544529e-01,-4.2142653465e-01,2.1037707329e+00,1.7763952637e+03
2654,4.1890555620e-01,-4.2142751813e-01,-2.8427667618e+00,1.7761845703e+03
2655,4.1892781854e-01,-4.2138320208e-01,2.4688613415e+00,1.7759744873e+03
2656,4.1889131069e-01,-4.2138522863e-01,-2.1935758591e+00,1.7757646484e+03
2657,4.1879692674e-01,-4.2142793536e-01,7.0344692469e-01,1.7755550537e+03
2658,4.1890433431e-01,-4.2126923800e-01,-1.7274391651e-01,1.7753448486e+03
2659,4.1868877411e-01,-4.2140772939e-01,-4.6536087990e-01,1.7751359863e+03
2660,4.1886883974e-01,-4.2118814588e-01,5.8907026052e-01,1.7749257812e+03
2661,4.1867408156e-01,-4.2129832506e-01,-1.5007414818e+00,1.7747159424e+03
2662,4.1881152987e-01,-4.2114710808e-01,1.9560472965e+00,1.7745063477e+03
2663,4.1859868169e-01,-4.2130511999e-01,-2.0283455849e+00,1.7742966309e+03
2664,4.1876769066e-01,-4.2106008530e-01,9.2714643478e-01,1.7740874023e+03
2665,4.1856041551e-01,-4.2122432590e-01,-4.2033362389e-01,1.7738771973e+03
2666,4.1873720288e-01,-4.2099553347e-01,-4.9385592341e-01,1.7736677246e+03
2667,4.1848486662e-01,-4.2117571831e-01,3.0555140972e-01,1.7734580078e+03
2668,4.1869297624e-01,-4.2091768980e-01,-8.1675374508e-01,1.7732491455e+03
2669,4.1842481494e-01,-4.2115277052e-01,4.0618416667e-01,1.7730394287e+03
2670,4.1867297888e-01,-4.2083427310e-01,-3.1305193901e-02,1.7728304443e+03
2671,4.1857051849e-01,-4.2089146376e-01,1.2537419796e+00,1.7726206055e+03
2672,4.1851857305e-01,-4.2087569833e-01,-7.3147362471e-01,1.7724111328e+03
2673,4.1847026348e-01,-4.2085862160e-01,-7.3147362471e-01,1.7722015381e+03
2674,4.1844186187e-01,-4.2082566023e-01,-1.2706223726e+00,1.7719926758e+03
2675,4.1842481494e-01,-4.2087799311e-01,-1.2935122252e+00,1.7717838135e+03
2676,4.1829723120e-01,-4.2085668445e-01,2.7929368019e+00,1.7715743408e+03
2677,4.1843718290e-01,-4.2075762153e-01,-1.6540608406e+00,1.7713651123e+03
2678,4.1839659214e-01,-4.2073526978e-01,1.5862689018e+00,1.7711563721e+03
2679,4.1836836934e-01,-4.2068380117e-01,9.9402362108e-01,1.7709466553e+03
2680,4.1826578975e-01,-4.2072209716e-01,-1.7981731892e+00,1.7707381592e+03
2681,4.1826909781e-01,-4.2068770528e-01,1.8176919222e-01,1.7705289307e+03
2682,4.1821536422e-01,-4.2066597939e-01,-1.0315941572e+00,1.7703200684e+03
2683,4.1822320223e-01,-4.2059379816e-01,1.5721260309e+00,1.7701110840e+03
2684,4.1822689772e-01,-4.2060202360e-01,-2.3724579811e+00,1.7699020996e+03
2685,4.1813153028e-01,-4.2064452171e-01,1.0829735994e+00,1.7696933594e+03
2686,4.1815659404e-01,-4.2051389813e-01,2.3598659039e+00,1.7694843750e+03
2687,4.1814556718e-01,-4.2046269774e-01,-3.6860322952e+00,1.7692757568e+03
2688,4.1806656122e-01,-4.2053201795e-01,1.5891273022e+00,1.7690670166e+03
2689,4.1807392240e-01,-4.2046219110e-01,-1.7587845027e-01,1.7688585205e+03
2690,4.1799372435e-01,-4.2048382759e-01,5.6175816059e-01,1.7686500244e+03
2691,4.1804808378e-01,-4.2036053538e-01,-2.4710824490e+00,1.7684415283e+03
2692,4.1801419854e-01,-4.2035070062e-01,2.9907193184e+00,1.7682329102e+03
2693,4.1796752810e-01,-4.2034685612e-01,-1.7773903608e+00,1.7680239258e+03
2694,4.1790828109e-01,-4.2034274340e-01,-1.1956551075e+00,1.7678154297e+03
2695,4.1775876284e-01,-4.2045402527e-01,2.3212988675e-01,1.7676069336e+03
2696,4.1791072488e-01,-4.2026376724e-01,-4.4495660067e-01,1.7673988037e+03
2697,4.1781237721e-01,-4.2029231787e-01,4.9378216267e-02,1.7671900635e+03
2698,4.1787949204e-01,-4.2017868161e-01,1.9472655058e+00,1.7669819336e+03
2699,4.1776952147e-01,-4.2023709416e-01,-1.1590950489e+00,1.7667734375e+03
2700,4.1784790158e-01,-4.2010796070e-01,1.3343597651e+00,1.7665651855e+03
2701,4.1772705317e-01,-4.2018821836e-01,-1.8864271641e+00,1.7663569336e+03
2702,4.1778126359e-01,-4.2006489635e-01,2.4899702072e+00,1.7661486816e+03
2703,4.1767457128e-01,-4.2013809085e-01,-2.7404885292e+00,1.7659411621e+03
2704,4.1774773598e-01,-4.2000854015e-01,2.6000719070e+00,1.7657327881e+03
2705,4.1766256094e-01,-4.2003306746e-01,-2.2693614960e+00,1.7655242920e+03
2706,4.1764718294e-01,-4.1999962926e-01,2.1139307022e+00,1.7653166504e+03
2707,4.1760659218e-01,-4.1999360919e-01,-2.5818850994e+00,1.7651083984e+03
2708,4.1758710146e-01,-4.1996106505e-01,3.1991658211e+00,1.7649005127e+03
2709,4.1764077544e-01,-4.1984328628e-01,-3.2476842403e+00,1.7646926270e+03
2710,4.1740223765e-01,-4.2004033923e-01,1.3439401388e+00,1.7644846191e+03
2711,4.1761296988e-01,-4.1976290941e-01,9.3830227852e-01,1.7642768555e+03
2712,4.1735172272e-01,-4.1998898983e-01,-1.8178470135e+00,1.7640688477e+03
2713,4.1758233309e-01,-4.1970330477e-01,1.3616997004e+00,1.7638615723e+03
2714,4.1735237837e-01,-4.1987466812e-01,-3.1479787827e-01,1.7636534424e+03
2715,4.1752859950e-01,-4.1967159510e-01,8.8813230395e-02,1.7634459229e+03
2716,4.1729715466e-01,-4.1983854771e-01,4.8946568370e-01,1.7632379150e+03
2717,4.1748631001e-01,-4.1960442066e-01,-9.8803716898e-01,1.7630307617e+03
2718,4.1726049781e-01,-4.1975882649e-01,1.5664502382e+00,1.7628226318e+03
2719,4.1741108894e-01,-4.1957551241e-01,-2.1595392227e+00,1.7626149902e+03
2720,4.1721439362e-01,-4.1970100999e-01,2.2056040764e+00,1.7624077148e+03
2721,4.1739213467e-01,-4.1948467493e-01,-1.2870866060e+00,1.7622003174e+03
2722,4.1712167859e-01,-4.1969928145e-01,1.5162938833e-01,1.7619929199e+03
2723,4.1718897223e-01,-4.1958469152e-01,-1.4332515001e+00,1.7617852783e+03
2724,4.1716143489e-01,-4.1955703497e-01,5.8610415459e-01,1.7615780029e+03
2725,4.1713514924e-01,-4.1952979565e-01,5.8610415459e-01,1.7613709717e+03
2726,4.1716495156e-01,-4.1946002841e-01,1.3867713213e+00,1.7611635742e+03
2727,4.1705763340e-01,-4.1949290037e-01,5.3229856491e-01,1.7609565430e+03
2728,4.1717451811e-01,-4.1933572292e-01,-9.3254226446e-01,1.7607492676e+03
2729,4.1699585319e-01,-4.1947835684e-01,-1.4714310169e+00,1.7605422363e+03
2730,4.1709232330e-01,-4.1930723190e-01,3.0523858070e+00,1.7603347168e+03
2731,4.1696453094e-01,-4.1939380765e-01,-3.0501399040e+00,1.7601281738e+03
2732,4.1711398959e-01,-4.1920065880e-01,1.9588222504e+00,1.7599204102e+03
2733,4.1697233915e-01,-4.1926988959e-01,6.4272725582e-01,1.7597137451e+03
2734,4.1694340110e-01,-4.1925850511e-01,-1.9803950787e+00,1.7595063477e+03
2735,4.1696810722e-01,-4.1918683052e-01,1.6674873829e+00,1.7592995605e+03
2736,4.1690632701e-01,-4.1919496655e-01,-5.6835003197e-02,1.7590924072e+03
2737,4.1681104898e-01,-4.1922003031e-01,-9.8536014557e-01,1.7588857422e+03
2738,4.1691869497e-01,-4.1909089684e-01,1.8452314138e+00,1.7586789551e+03
2739,4.1672676802e-01,-4.1920670867e-01,-1.7252826691e+00,1.7584718018e+03
2740,4.1692754626e-01,-4.1896405816e-01,1.3045947552e+00,1.7582655029e+03
2741,4.1671332717e-01,-4.1914257407e-01,-6.0401725769e-01,1.7580582275e+03
2742,4.1684240103e-01,-4.1893339157e-01,8.9035773277e-01,1.7578516846e+03
2743,4.1663965583e-01,-4.1910201311e-01,-7.6276707649e-01,1.7576450195e+03
2744,4.1685050726e-01,-4.1882798076e-01,1.2356454134e+00,1.7574384766e+03
2745,4.1655060649e-01,-4.1909405589e-01,-1.3599743843e+00,1.7572318115e+03
2746,4.1680356860e-01,-4.1878837347e-01,5.9541469812e-01,1.7570250244e+03
2747,4.1650253534e-01,-4.1902616620e-01,5.5725538731e-01,1.7568187256e+03
2748,4.1677772999e-01,-4.1870486736e-01,-5.5408948660e-01,1.7566124268e+03
2749,4.1662842035e-01,-4.1879761219e-01,2.2388913631e+00,1.7564055176e+03
2750,4.1662216187e-01,-4.1877019405e-01,-1.2166103125e+00,1.7561992188e+03
2751,4.1647958755e-01,-4.1885551810e-01,-1.7102909088e+00,1.7559926758e+03
2752,4.1655173898e-01,-4.1873651743e-01,3.0169141293e+00,1.7557862549e+03
2753,4.1651850939e-01,-4.1871231794e-01,-2.5470075607e+00,1.7555797119e+03
2754,4.1639417410e-01,-4.1879481077e-01,2.5533413887e-01,1.7553739014e+03
2755,4.1654071212e-01,-4.1858837008e-01,1.6829861403e+00,1.7551672363e+03
2756,4.1632372141e-01,-4.1874834895e-01,-1.1091560870e-01,1.7549614258e+03
2757,4.1651666164e-01,-4.1850045323e-01,-4.3961423635e-01,1.7547553711e+03
2758,4.1629445553e-01,-4.1868433356e-01,8.2156825066e-01,1.7545491943e+03
2759,4.1650795937e-01,-4.1842454672e-01,-2.6712659001e-01,1.7543428955e+03
2760,4.1620296240e-01,-4.1865259409e-01,1.0450976342e-01,1.7541372070e+03
2761,4.1644889116e-01,-4.1837516427e-01,7.0294380188e-01,1.7539307861e+03
2762,4.1616475582e-01,-4.1860082746e-01,-3.0767130852e-01,1.7537249756e+03
2763,4.1640657187e-01,-4.1832065582e-01,-3.6184862256e-01,1.7535189209e+03
2764,4.1608417034e-01,-4.1856685281e-01,1.5205365419e+00,1.7533129883e+03
2765,4.1616368294e-01,-4.1844981909e-01,-1.8238294125e+00,1.7531074219e+03
2766,4.1610574722e-01,-4.1844463348e-01,2.8921568394e-01,1.7529013672e+03
2767,4.1605296731e-01,-4.1843503714e-01,2.8921568394e-01,1.7526956787e+03
2768,4.1602975130e-01,-4.1839966178e-01,1.8137251139e+00,1.7524899902e+03
2769,4.1609790921e-01,-4.1830044985e-01,1.1712608337e+00,1.7522841797e+03
2770,4.1611996293e-01,-4.1825303435e-01,-2.7954831123e+00,1.7520786133e+03
2771,4.1600266099e-01,-4.1827124357e-01,2.0361278057e+00,1.7518729248e+03
2772,4.1603425145e-01,-4.1820317507e-01,-5.9097594023e-01,1.7516674805e+03
2773,4.1603171825e-01,-4.1818082333e-01,-5.0755488873e-01,1.7514619141e+03
2774,4.1598233581e-01,-4.1816183925e-01,1.0822266340e-01,1.7512557373e+03
2775,4.1597247124e-01,-4.1812708974e-01,2.6259913445e+00,1.7510509033e+03
2776,4.1596925259e-01,-4.1806676984e-01,-2.5861532688e+00,1.7508452148e+03
2777,4.1584804654e-01,-4.1816034913e-01,9.2526525259e-03,1.7506398926e+03
2778,4.1594085097e-01,-4.1800323129e-01,3.5285568237e+00,1.7504342041e+03
2779,4.1589856148e-01,-4.1799250245e-01,-3.2459640503e+00,1.7502291260e+03
2780,4.1573834419e-01,-4.1809421778e-01,2.0200146735e-01,1.7500236816e+03
2781,4.1589799523e-01,-4.1790613532e-01,3.6581759453e+00,1.7498184814e+03
2782,4.1578790545e-01,-4.1793289781e-01,-2.2061526775e+00,1.7496127930e+03
2783,4.1584900022e-01,-4.1784638166e-01,1.1658265591e+00,1.7494083252e+03
2784,4.1569283605e-01,-4.1792944074e-01,-4.6233913302e-01,1.7492025146e+03
2785,4.1581150889e-01,-4.1779229045e-01,1.6113395691e+00,1.7489975586e+03
2786,4.1565296054e-01,-4.1786849499e-01,-2.3085067272e+00,1.7487924805e+03
2787,4.1572672129e-01,-4.1776406765e-01,2.9602999687e+00,1.7485877686e+03
2788,4.1564148664e-01,-4.1779974103e-01,-1.8326377869e+00,1.7483825684e+03
2789,4.1569590569e-01,-4.1767501831e-01,1.4415310621e+00,1.7481773682e+03
2790,4.1553366184e-01,-4.1779401898e-01,8.4620036185e-02,1.7479726562e+03
2791,4.1571745276e-01,-4.1756922007e-01,7.9362154007e-01,1.7477672119e+03
2792,4.1545414925e-01,-4.1777494550e-01,-1.5916708708e+00,1.7475626221e+03
2793,4.1565614939e-01,-4.1752046347e-01,2.6422224045e+00,1.7473575439e+03
2794,4.1543570161e-01,-4.1770240664e-01,-2.3434085846e+00,1.7471525879e+03
2795,4.1558706760e-01,-4.1748386621e-01,2.3012433052e+00,1.7469478760e+03
2796,4.1536563635e-01,-4.1764935851e-01,-5.8584272861e-01,1.7467427979e+03
2797,4.1556817293e-01,-4.1741001606e-01,8.4547586739e-02,1.7465383301e+03
2798,4.1530296206e-01,-4.1762664914e-01,5.3283500671e-01,1.7463334961e+03
2799,4.1554152966e-01,-4.1734734178e-01,-3.9061319828e-01,1.7461292725e+03
2800,4.1523855925e-01,-4.1757780313e-01,8.8801187277e-01,1.7459246826e+03
2801,4.1532197595e-01,-4.1745495796e-01,-1.3812741041e+00,1.7457196045e+03
2802,4.1526043415e-01,-4.1746425629e-01,9.4751226902e-01,1.7455153809e+03
2803,4.1520237923e-01,-4.1746956110e-01,9.4751226902e-01,1.7453109131e+03
2804,4.1531038284e-01,-4.1730040312e-01,1.7816557884e+00,1.7451064453e+03
2805,4.1521897912e-01,-4.1735643148e-01,-2.3247218132e+00,1.7449022217e+03
2806,4.1526159644e-01,-4.1725820303e-01,2.5753886700e+00,1.7446977539e+03
2807,4.1519847512e-01,-4.1727948189e-01,-1.7173917294e+00,1.7444934082e+03
2808,4.1520959139e-01,-4.1720283031e-01,2.2107782364e+00,1.7442889404e+03
2809,4.1512343287e-01,-4.1725224257e-01,-2.1534113884e+00,1.7440852051e+03
2810,4.1517120600e-01,-4.1715687513e-01,3.6219811440e+00,1.7438811035e+03
2811,4.1515159607e-01,-4.1710028052e-01,-3.8412466049e+00,1.7436762695e+03
2812,4.1499131918e-01,-4.1722339392e-01,3.0337462425e+00,1.7434720459e+03
2813,4.1515925527e-01,-4.1701021791e-01,-3.5026955605e-01,1.7432679443e+03
2814,4.1499820352e-01,-4.1710770130e-01,2.1858975291e-01,1.7430639648e+03
2815,4.1506221890e-01,-4.1700768471e-01,9.7967976332e-01,1.7428598633e+03
2816,4.1493427753e-01,-4.1707137227e-01,-1.4210431576e+00,1.7426557617e+03
2817,4.1512200236e-01,-4.1684225202e-01,2.0946745872e+00,1.7424516602e+03
2818,4.1484162211e-01,-4.1707131267e-01,2.0135730505e-01,1.7422481689e+03
2819,4.1505014896e-01,-4.1681164503e-01,-3.9780583978e-01,1.7420444336e+03
2820,4.1482138634e-01,-4.1699194908e-01,1.3900804520e+00,1.7418400879e+03
2821,4.1496846080e-01,-4.1679093242e-01,-1.3434567451e+00,1.7416362305e+03
2822,4.1476559639e-01,-4.1693529487e-01,1.3764603138e+00,1.7414324951e+03
2823,4.1496610641e-01,-4.1670522094e-01,4.1631036997e-01,1.7412287598e+03
2824,4.1468393803e-01,-4.1693055630e-01,-1.5705287457e-01,1.7410249023e+03
2825,4.1474154592e-01,-4.1681244969e-01,-1.4793698788e+00,1.7408210449e+03
2826,4.1468560696e-01,-4.1680693626e-01,1.3738627434e+00,1.7406174316e+03
2827,4.1463196278e-01,-4.1680085659e-01,1.3738627434e+00,1.7404141846e+03
2828,4.1473659873e-01,-4.1665205359e-01,1.1129186153e+00,1.7402105713e+03
2829,4.1464266181e-01,-4.1669911146e-01,-2.1560409069e+00,1.7400068359e+03
2830,4.1472145915e-01,-4.1659486294e-01,3.2771811485e+00,1.7398034668e+03
2831,4.1458830237e-01,-4.1665565968e-01,-2.4476852417e+00,1.7396002197e+03
2832,4.1470822692e-01,-4.1648834944e-01,2.4579870701e+00,1.7393969727e+03
2833,4.1454944015e-01,-4.1658878326e-01,-5.3021907806e-01,1.7391932373e+03
2834,4.1464614868e-01,-4.1644990444e-01,8.7342125177e-01,1.7389898682e+03
2835,4.1447216272e-01,-4.1658765078e-01,-1.2189519405e+00,1.7387860107e+03
2836,4.1458460689e-01,-4.1641446948e-01,2.2819521427e+00,1.7385827637e+03
2837,4.1446366906e-01,-4.1648501158e-01,-1.6255543232e+00,1.7383797607e+03
2838,4.1453596950e-01,-4.1637209058e-01,2.4369432926e+00,1.7381763916e+03
2839,4.1439592838e-01,-4.1643652320e-01,-1.7835670710e+00,1.7379732666e+03
2840,4.1453549266e-01,-4.1624861956e-01,1.9770615101e+00,1.7377702637e+03
2841,4.1432175040e-01,-4.1642212868e-01,-1.3096561432e+00,1.7375672607e+03
2842,4.1449445486e-01,-4.1618987918e-01,2.3412904739e+00,1.7373635254e+03
2843,4.1426676512e-01,-4.1639316082e-01,-1.4010524750e+00,1.7371607666e+03
2844,4.1444855928e-01,-4.1614687443e-01,2.1151788235e+00,1.7369575195e+03
2845,4.1421756148e-01,-4.1631749272e-01,-1.3284645081e+00,1.7367546387e+03
2846,4.1440328956e-01,-4.1611489654e-01,2.0312628746e+00,1.7365517578e+03
2847,4.1414359212e-01,-4.1631716490e-01,-6.8835175037e-01,1.7363489990e+03
2848,4.1439363360e-01,-4.1600897908e-01,9.2322069407e-01,1.7361458740e+03
2849,4.1407975554e-01,-4.1625681520e-01,-9.8552137613e-02,1.7359429932e+03
2850,4.1432222724e-01,-4.1596597433e-01,3.5694122314e-02,1.7357401123e+03
2851,4.1403406858e-01,-4.1620925069e-01,1.1088631153e+00,1.7355371094e+03
2852,4.1411757469e-01,-4.1607373953e-01,-1.4613462687e+00,1.7353349609e+03
2853,4.1404098272e-01,-4.1609576344e-01,1.1189677715e+00,1.7351319580e+03
2854,4.1397011280e-01,-4.1611197591e-01,1.1189677715e+00,1.7349295654e+03
2855,4.1413629055e-01,-4.1589704156e-01,1.7586480379e+00,1.7347268066e+03
2856,4.1399517655e-01,-4.1599598527e-01,-2.1628074646e+00,1.7345246582e+03
2857,4.1404649615e-01,-4.1588634253e-01,2.8103342056e+00,1.7343218994e+03
2858,4.1400897503e-01,-4.1588294506e-01,-1.5992192030e+00,1.7341191406e+03
2859,4.1388201714e-01,-4.1595846415e-01,9.3840673566e-02,1.7339168701e+03
2860,4.1405466199e-01,-4.1572791338e-01,1.6352019310e+00,1.7337142334e+03
2861,4.1379991174e-01,-4.1593319178e-01,1.4238770008e+00,1.7335119629e+03
2862,4.1406992078e-01,-4.1562357545e-01,-1.8628939390e+00,1.7333098145e+03
2863,4.1377872229e-01,-4.1586229205e-01,3.0761413574e+00,1.7331076660e+03
2864,4.1402402520e-01,-4.1557234526e-01,-1.7738149166e+00,1.7329049072e+03
2865,4.1370445490e-01,-4.1582757235e-01,1.0526617765e+00,1.7327028809e+03
2866,4.1399392486e-01,-4.1550287604e-01,7.6065975428e-01,1.7325002441e+03
2867,4.1386538744e-01,-4.1557773948e-01,1.4119336605e+00,1.7322980957e+03
2868,4.1384243965e-01,-4.1554868221e-01,-5.2998739481e-01,1.7320959473e+03
2869,4.1382038593e-01,-4.1552034020e-01,-5.2998739481e-01,1.7318937988e+03
2870,4.1379898787e-01,-4.1549274325e-01,-5.2998739481e-01,1.7316912842e+03
2871,4.1377815604e-01,-4.1546577215e-01,-5.2998739481e-01,1.7314893799e+03
2872,4.1375768185e-01,-4.1543945670e-01,-5.2998739481e-01,1.7312873535e+03
2873,4.1373759508e-01,-4.1541367769e-01,-5.2998739481e-01,1.7310848389e+03
2874,4.1367149353e-01,-4.1543394327e-01,4.9455342293e+00,1.7308823242e+03
2875,4.1360291839e-01,-4.1545721889e-01,-7.1599602699e-01,1.7306805420e+03
2876,4.1371139884e-01,-4.1526249051e-01,4.8917465210e+00,1.7304787598e+03
2877,4.1360434890e-01,-4.1532886028e-01,3.4894582629e-01,1.7302769775e+03
2878,4.1359204054e-01,-4.1529729962e-01,-1.0938870907e+00,1.7300749512e+03
2879,4.1354420781e-01,-4.1529986262e-01,9.6428561211e-01,1.7298732910e+03
2880,4.1340368986e-01,-4.1537714005e-01,-3.9313497543e+00,1.7296715088e+03
2881,4.1353753209e-01,-4.1521242261e-01,5.4905986786e+00,1.7294697266e+03
2882,4.1346025467e-01,-4.1524061561e-01,-1.1197576523e+00,1.7292680664e+03
2883,4.1346666217e-01,-4.1517215967e-01,-1.4126130939e-01,1.7290667725e+03
2884,4.1342747211e-01,-4.1515165567e-01,-4.2152423859e+00,1.7288649902e+03
2885,4.1352415085e-01,-4.1502386332e-01,6.3636164665e+00,1.7286632080e+03
2886,4.1342070699e-01,-4.1506865621e-01,-3.3243408203e+00,1.7284616699e+03
2887,4.1332325339e-01,-4.1513016820e-01,7.4485111237e-01,1.7282601318e+03
2888,4.1330820322e-01,-4.1508617997e-01,3.3634254932e+00,1.7280585938e+03
2889,4.1334703565e-01,-4.1499394178e-01,-7.9270958900e-01,1.7278570557e+03
2890,4.1317161918e-01,-4.1512143612e-01,-3.4246838093e+00,1.7276558838e+03
2891,4.1326126456e-01,-4.1497877240e-01,5.6189188957e+00,1.7274545898e+03
2892,4.1326460242e-01,-4.1492569447e-01,1.7630543709e+00,1.7272532959e+03
2893,4.1321319342e-01,-4.1495129466e-01,-4.1317939758e+00,1.7270517578e+03
2894,4.1314467788e-01,-4.1496756673e-01,2.3783562183e+00,1.7268503418e+03
2895,4.1325613856e-01,-4.1476649046e-01,1.9065891504e+00,1.7266492920e+03
2896,4.1303890944e-01,-4.1496652365e-01,-2.6887516975e+00,1.7264479980e+03
2897,4.1318362951e-01,-4.1476029158e-01,3.3173704147e+00,1.7262473145e+03
2898,4.1305255890e-01,-4.1484782100e-01,-8.9664739370e-01,1.7260455322e+03
2899,4.1313263774e-01,-4.1473317146e-01,3.9772957563e-01,1.7258447266e+03
2900,4.1292265058e-01,-4.1487312317e-01,7.9571384192e-01,1.7256437988e+03
2901,4.1312670708e-01,-4.1460719705e-01,8.1005275249e-01,1.7254427490e+03
2902,4.1293478012e-01,-4.1479176283e-01,-3.8515198231e-01,1.7252418213e+03
2903,4.1309502721e-01,-4.1458481550e-01,1.5510228872e+00,1.7250407715e+03
2904,4.1290944815e-01,-4.1465586424e-01,-3.8941600919e-01,1.7248400879e+03
2905,4.1306713223e-01,-4.1449791193e-01,1.5078104734e+00,1.7246389160e+03
2906,4.1276440024e-01,-4.1474726796e-01,-8.1531459093e-01,1.7244383545e+03
2907,4.1299250722e-01,-4.1449508071e-01,9.9617403746e-01,1.7242375488e+03
2908,4.1271036863e-01,-4.1468256712e-01,3.4249591827e-01,1.7240371094e+03
2909,4.1297990084e-01,-4.1436168551e-01,1.0230994225e+00,1.7238360596e+03
2910,4.1270375252e-01,-4.1460412741e-01,2.3250609636e-01,1.7236353760e+03
2911,4.1288587451e-01,-4.1435882449e-01,5.0928610563e-01,1.7234350586e+03
2912,4.1267123818e-01,-4.1452983022e-01,5.2999502420e-01,1.7232336426e+03
2913,4.1270786524e-01,-4.1444379091e-01,-8.6898827553e-01,1.7230333252e+03
2914,4.1266587377e-01,-4.1442698240e-01,5.1772356033e-01,1.7228326416e+03
2915,4.1263011098e-01,-4.1440850496e-01,1.3962323666e+00,1.7226329346e+03
2916,4.1259503365e-01,-4.1439080238e-01,1.3962323666e+00,1.7224323730e+03
2917,4.1262787580e-01,-4.1433054209e-01,2.3972156048e+00,1.7222318115e+03
2918,4.1264429688e-01,-4.1423425078e-01,-2.5134658813e+00,1.7220317383e+03
2919,4.1253054142e-01,-4.1430759430e-01,1.4782316685e+00,1.7218310547e+03
2920,4.1262036562e-01,-4.1416078806e-01,2.2717180252e+00,1.7216308594e+03
2921,4.1252845526e-01,-4.1423287988e-01,-3.1677622795e+00,1.7214306641e+03
2922,4.1257691383e-01,-4.1411682963e-01,2.5782477856e+00,1.7212302246e+03
2923,4.1247835755e-01,-4.1419479251e-01,-4.9880310893e-02,1.7210295410e+03
2924,4.1253834963e-01,-4.1407278180e-01,8.2857829332e-01,1.7208297119e+03
2925,4.1238152981e-01,-4.1415381432e-01,-8.6395484209e-01,1.7206293945e+03
2926,4.1249954700e-01,-4.1399210691e-01,3.4850142002e+00,1.7204291992e+03
2927,4.1246074438e-01,-4.1400119662e-01,-2.5273361206e+00,1.7202294922e+03
2928,4.1228440404e-01,-4.1410684586e-01,1.0687550306e+00,1.7200288086e+03
2929,4.1242697835e-01,-4.1390347481e-01,2.7782492638e+00,1.7198297119e+03
2930,4.1233336926e-01,-4.1395694017e-01,-1.6568869352e+00,1.7196291504e+03
2931,4.1240692139e-01,-4.1383966804e-01,1.4861086607e+00,1.7194295654e+03
2932,4.1219601035e-01,-4.1401502490e-01,1.7453736067e-01,1.7192292480e+03
2933,4.1236200929e-01,-4.1379934549e-01,3.0491384864e-01,1.7190296631e+03
2934,4.1214883327e-01,-4.1395869851e-01,4.5344763994e-01,1.7188294678e+03
2935,4.1235446930e-01,-4.1369110346e-01,1.6042534113e+00,1.7186300049e+03
2936,4.1210529208e-01,-4.1391858459e-01,-6.2930941582e-01,1.7184301758e+03
2937,4.1231873631e-01,-4.1362661123e-01,1.3985785246e+00,1.7182305908e+03
2938,4.1207385063e-01,-4.1383755207e-01,8.7513405085e-01,1.7180306396e+03
2939,4.1228747368e-01,-4.1355663538e-01,-3.5953611135e-01,1.7178310547e+03
2940,4.1216462851e-01,-4.1365605593e-01,2.6231551170e+00,1.7176312256e+03
2941,4.1217589378e-01,-4.1358393431e-01,-2.8619089723e-01,1.7174311523e+03
2942,4.1216048598e-01,-4.1353493929e-01,-1.4513182640e+00,1.7172319336e+03
2943,4.1201290488e-01,-4.1362395883e-01,9.3019580841e-01,1.7170324707e+03
2944,4.1210168600e-01,-4.1347333789e-01,2.6675627232e+00,1.7168326416e+03
2945,4.1195198894e-01,-4.1361695528e-01,-2.0624032021e+00,1.7166331787e+03
2946,4.1203248501e-01,-4.1345742345e-01,2.7453734875e+00,1.7164339600e+03
2947,4.1192460060e-01,-4.1355130076e-01,-9.1086679697e-01,1.7162346191e+03
2948,4.1200256348e-01,-4.1341653466e-01,1.8520455360e+00,1.7160347900e+03
2949,4.1180717945e-01,-4.1356700659e-01,-5.0920641422e-01,1.7158359375e+03
2950,4.1201093793e-01,-4.1330844164e-01,2.1692659855e+00,1.7156367188e+03
2951,4.1181549430e-01,-4.1344195604e-01,-1.5949912071e+00,1.7154372559e+03
2952,4.1194775701e-01,-4.1327342391e-01,2.5195193291e+00,1.7152381592e+03
2953,4.1174983978e-01,-4.1341093183e-01,-1.2281658649e+00,1.7150390625e+03
2954,4.1188633442e-01,-4.1323947906e-01,2.4627561569e+00,1.7148398438e+03
2955,4.1172569990e-01,-4.1334348917e-01,-1.5177594423e+00,1.7146405029e+03
2956,4.1190704703e-01,-4.1313368082e-01,2.6212975979e+00,1.7144416504e+03
2957,4.1163945198e-01,-4.1332170367e-01,-9.4073039293e-01,1.7142424316e+03
2958,4.1179969907e-01,-4.1311776638e-01,1.4226942062e+00,1.7140435791e+03
2959,4.1164517403e-01,-4.1324672103e-01,3.7883290648e-01,1.7138444824e+03
2960,4.1174432635e-01,-4.1305950284e-01,8.0760014057e-01,1.7136457520e+03
2961,4.1152682900e-01,-4.1324651241e-01,-3.1110286713e-01,1.7134464111e+03
2962,4.1170209646e-01,-4.1301041842e-01,1.1552115679e+00,1.7132475586e+03
2963,4.1149091721e-01,-4.1319018602e-01,4.0810668468e-01,1.7130491943e+03
2964,4.1171795130e-01,-4.1290676594e-01,9.7765916586e-01,1.7128504639e+03
2965,4.1160005331e-01,-4.1297775507e-01,1.9579689503e+00,1.7126511230e+03
2966,4.1163921356e-01,-4.1289964318e-01,1.3326808810e-01,1.7124522705e+03
2967,4.1166561842e-01,-4.1282621026e-01,-1.0413802862e+00,1.7122537842e+03
2968,4.1144514084e-01,-4.1298294067e-01,6.0359179974e-01,1.7120548096e+03
2969,4.1156643629e-01,-4.1281333566e-01,2.6555342674e+00,1.7118565674e+03
2970,4.1139921546e-01,-4.1293564439e-01,-1.8194596767e+00,1.7116580811e+03
2971,4.1145971417e-01,-4.1282382607e-01,2.4647860527e+00,1.7114589844e+03
2972,4.1136470437e-01,-4.1285923123e-01,-4.5494645834e-01,1.7112611084e+03
2973,4.1144949198e-01,-4.1274678707e-01,1.2494957447e+00,1.7110621338e+03
2974,4.1126558185e-01,-4.1286975145e-01,-2.0419639349e-01,1.7108637695e+03
2975,4.1142290831e-01,-4.1268691421e-01,1.0590356588e+00,1.7106650391e+03
2976,4.1122075915e-01,-4.1283461452e-01,-1.2740556896e-01,1.7104669189e+03
2977,4.1136685014e-01,-4.1264480352e-01,1.7444493771e+00,1.7102687988e+03
2978,4.1119170189e-01,-4.1271445155e-01,-1.8668353558e-01,1.7100698242e+03
2979,4.1133147478e-01,-4.1258510947e-01,1.6958653927e+00,1.7098723145e+03
2980,4.1111001372e-01,-4.1272965074e-01,-2.0231087506e-01,1.7096738281e+03
2981,4.1131874919e-01,-4.1248959303e-01,1.0874388218e+00,1.7094755859e+03
2982,4.1105374694e-01,-4.1267523170e-01,2.4377040565e-01,1.7092774658e+03
2983,4.1127797961e-01,-4.1241386533e-01,8.6361557245e-01,1.7090794678e+03
2984,4.1101601720e-01,-4.1261422634e-01,1.0575507879e+00,1.7088809814e+03
2985,4.1123566031e-01,-4.1236335039e-01,-1.8439966440e-01,1.7086831055e+03
2986,4.1094425321e-01,-4.1259881854e-01,1.0607261658e+00,1.7084851074e+03
2987,4.1100856662e-01,-4.1248542070e-01,-9.7745507956e-01,1.7082868652e+03
2988,4.1098684072e-01,-4.1246059537e-01,1.0519567728e+00,1.7080891113e+03
2989,4.1096553206e-01,-4.1243457794e-01,1.0519567728e+00,1.7078912354e+03
2990,4.1094461083e-01,-4.1240757704e-01,1.0519567728e+00,1.7076934814e+03
2991,4.1091623902e-01,-4.1238471866e-01,1.9201391935e+00,1.7074957275e+03
2992,4.1089981794e-01,-4.1233766079e-01,1.7372837067e+00,1.7072978516e+03
2993,4.1095069051e-01,-4.1224640608e-01,-1.8049787283e+00,1.7071002197e+03
2994,4.1081610322e-01,-4.1232594848e-01,-7.9847508669e-01,1.7069028320e+03
2995,4.1087090969e-01,-4.1220751405e-01,3.9835660458e+00,1.7067049561e+03
2996,4.1089722514e-01,-4.1218376160e-01,-2.3470978737e+00,1.7065073242e+03
2997,4.1092732549e-01,-4.1208916903e-01,2.1807968616e+00,1.7063094482e+03
2998,4.1073241830e-01,-4.1221091151e-01,4.0989866853e-01,1.7061121826e+03
2999,4.1088461876e-01,-4.1202774644e-01,1.9387926161e-01,1.7059140625e+03
3000,4.1068208218e-01,-4.1215923429e-01,4.6147835255e-01,1.7057165527e+03
3001,4.1081526875e-01,-4.1199964285e-01,2.0515408516e+00,1.7055191650e+03
3002,4.1066598892e-01,-4.1207104921e-01,-9.7060745955e-01,1.7053217773e+03
3003,4.1074508429e-01,-4.1198369861e-01,2.2549419403e+00,1.7051243896e+03
3004,4.1063681245e-01,-4.1201838851e-01,-1.3371649981e+00,1.7049267578e+03
3005,4.1070991755e-01,-4.1190236807e-01,3.0897793770e+00,1.7047296143e+03
3006,4.1057309508e-01,-4.1198977828e-01,-1.9591280222e+00,1.7045317383e+03
3007,4.1068518162e-01,-4.1183552146e-01,3.0180816650e+00,1.7043350830e+03
3008,4.1050928831e-01,-4.1195410490e-01,-1.1136277914e+00,1.7041372070e+03
3009,4.1065201163e-01,-4.1175788641e-01,1.7898694277e+00,1.7039400635e+03
3010,4.1046813130e-01,-4.1191545129e-01,-1.3724750280e-01,1.7037431641e+03
3011,4.1059297323e-01,-4.1172057390e-01,1.6229808331e+00,1.7035456543e+03
3012,4.1037467122e-01,-4.1190901399e-01,-5.2416408062e-01,1.7033485107e+03
3013,4.1061106324e-01,-4.1159391403e-01,2.1796810627e+00,1.7031513672e+03
3014,4.1032078862e-01,-4.1185861826e-01,-9.7116583586e-01,1.7029547119e+03
3015,4.1053432226e-01,-4.1158086061e-01,1.2585198879e+00,1.7027575684e+03
3016,4.1032257676e-01,-4.1173693538e-01,6.4596199989e-01,1.7025605469e+03
3017,4.1049095988e-01,-4.1152110696e-01,8.9594888687e-01,1.7023635254e+03
3018,4.1024279594e-01,-4.1174831986e-01,2.8791108727e-01,1.7021662598e+03
3019,4.1044020653e-01,-4.1150167584e-01,6.9064241648e-01,1.7019698486e+03
3020,4.1019320488e-01,-4.1169402003e-01,9.2660367489e-01,1.7017727051e+03
3021,4.1025856137e-01,-4.1157308221e-01,-9.2862260342e-01,1.7015758057e+03
3022,4.1020944715e-01,-4.1157361865e-01,1.5824067593e+00,1.7013795166e+03
3023,4.1016170382e-01,-4.1157239676e-01,1.5824067593e+00,1.7011827393e+03
3024,4.1015705466e-01,-4.1153654456e-01,2.4182465076e+00,1.7009855957e+03
3025,4.1029065847e-01,-4.1135659814e-01,-9.2937141657e-01,1.7007894287e+03
3026,4.1010829806e-01,-4.1148597002e-01,-8.0795991421e-01,1.7005928955e+03
3027,4.1022172570e-01,-4.1131541133e-01,3.2309379578e+00,1.7003961182e+03
3028,4.1010171175e-01,-4.1139149666e-01,-1.9417890310e+00,1.7001989746e+03
3029,4.1017171741e-01,-4.1125997901e-01,2.6250567436e+00,1.7000028076e+03
3030,4.0997302532e-01,-4.1141292453e-01,3.4450747073e-02,1.6998063965e+03
3031,4.1017344594e-01,-4.1116270423e-01,2.4271872640e-01,1.6996097412e+03
3032,4.0995752811e-01,-4.1134434938e-01,1.4386725426e+00,1.6994134521e+03
3033,4.1011914611e-01,-4.1112259030e-01,6.4083933830e-02,1.6992172852e+03
3034,4.0990668535e-01,-4.1128161550e-01,7.5705987215e-01,1.6990206299e+03
3035,4.1012394428e-01,-4.1104212403e-01,1.4287580252e+00,1.6988242188e+03
3036,4.0986177325e-01,-4.1124740243e-01,2.3344981670e-01,1.6986276855e+03
3037,4.0988975763e-01,-4.1116064787e-01,-1.2050288916e+00,1.6984313965e+03
3038,4.0984964371e-01,-4.1113582253e-01,1.8790700436e+00,1.6982355957e+03
3039,4.0983727574e-01,-4.1109415889e-01,2.9601497650e+00,1.6980393066e+03
3040,4.0997552872e-01,-4.1093337536e-01,-2.2597697377e-01,1.6978428955e+03
3041,4.0974372625e-01,-4.1112494469e-01,-1.1477696896e+00,1.6976470947e+03
3042,4.0991306305e-01,-4.1086670756e-01,3.0945110321e+00,1.6974506836e+03
3043,4.0974503756e-01,-4.1103461385e-01,-1.3724434376e+00,1.6972547607e+03
3044,4.0985816717e-01,-4.1085407138e-01,1.5616217852e+00,1.6970587158e+03
3045,4.0967801213e-01,-4.1098126769e-01,5.7877647877e-01,1.6968629150e+03
3046,4.0984511375e-01,-4.1076457500e-01,8.2819437981e-01,1.6966666260e+03
3047,4.0961346030e-01,-4.1094586253e-01,3.4561389685e-01,1.6964709473e+03
3048,4.0980851650e-01,-4.1069975495e-01,9.9119812250e-01,1.6962749023e+03
3049,4.0955641866e-01,-4.1091117263e-01,4.9501997232e-01,1.6960792236e+03
3050,4.0976846218e-01,-4.1065594554e-01,1.0432627201e+00,1.6958833008e+03
3051,4.0952157974e-01,-4.1083642840e-01,6.1347997189e-01,1.6956871338e+03
3052,4.0977558494e-01,-4.1054090858e-01,3.6817499995e-01,1.6954916992e+03
3053,4.0942743421e-01,-4.1083878279e-01,1.3184063435e+00,1.6952956543e+03
3054,4.0954297781e-01,-4.1068786383e-01,-1.0868927240e+00,1.6951000977e+03
3055,4.0949866176e-01,-4.1067874432e-01,1.3730369806e+00,1.6949047852e+03
3056,4.0945488214e-01,-4.1066706181e-01,1.3730369806e+00,1.6947089844e+03
3057,4.0955510736e-01,-4.1053169966e-01,2.3520386219e+00,1.6945135498e+03
3058,4.0945443511e-01,-4.1057780385e-01,-1.7953197956e+00,1.6943177490e+03
3059,4.0950670838e-01,-4.1048145294e-01,3.1591434479e+00,1.6941221924e+03
3060,4.0939739347e-01,-4.1054299474e-01,-1.5746347904e+00,1.6939268799e+03
3061,4.0945801139e-01,-4.1043525934e-01,2.7006587982e+00,1.6937316895e+03
3062,4.0933585167e-01,-4.1049510241e-01,-1.3886655569e+00,1.6935358887e+03
3063,4.0939742327e-01,-4.1039130092e-01,3.0694823265e+00,1.6933402100e+03
3064,4.0929484367e-01,-4.1043439507e-01,-2.1580758095e+00,1.6931450195e+03
3065,4.0935999155e-01,-4.1034284234e-01,3.8338518143e+00,1.6929497070e+03
3066,4.0932333469e-01,-4.1031184793e-01,-1.6482936144e+00,1.6927543945e+03
3067,4.0916284919e-01,-4.1041982174e-01,1.0196769238e+00,1.6925594482e+03
3068,4.0933629870e-01,-4.1021507978e-01,2.0375661850e+00,1.6923643799e+03
3069,4.0910235047e-01,-4.1038462520e-01,-9.7530102730e-01,1.6921684570e+03
3070,4.0934440494e-01,-4.1011127830e-01,3.1016571522e+00,1.6919741211e+03
3071,4.0907773376e-01,-4.1032651067e-01,-1.9113218784e+00,1.6917786865e+03
3072,4.0932637453e-01,-4.1004037857e-01,2.7814271450e+00,1.6915834961e+03
3073,4.0902546048e-01,-4.1028171778e-01,-4.1921034455e-01,1.6913884277e+03
3074,4.0920993686e-01,-4.1004070640e-01,1.0464944839e+00,1.6911939697e+03
3075,4.0903264284e-01,-4.1018277407e-01,1.2631500959e+00,1.6909982910e+03
3076,4.0915170312e-01,-4.1001060605e-01,-1.3127021492e-02,1.6908033447e+03
3077,4.0894216299e-01,-4.1015946865e-01,1.0316407681e+00,1.6906083984e+03
3078,4.0914061666e-01,-4.0991649032e-01,2.8975623846e-01,1.6904138184e+03
3079,4.0888226032e-01,-4.1013044119e-01,1.3838584423e+00,1.6902188721e+03
3080,4.0893837810e-01,-4.1003218293e-01,-1.0574061871e+00,1.6900242920e+03
3081,4.0888041258e-01,-4.1004386544e-01,1.5404777527e+00,1.6898294678e+03
3082,4.0882486105e-01,-4.1005182266e-01,1.5404777527e+00,1.6896348877e+03
3083,4.0895852447e-01,-4.0986856818e-01,1.7896562815e+00,1.6894400635e+03
3084,4.0881654620e-01,-4.0996652842e-01,-1.8980308771e+00,1.6892452393e+03
3085,4.0893766284e-01,-4.0977787971e-01,3.8219094276e+00,1.6890505371e+03
3086,4.0881177783e-01,-4.0987160802e-01,-1.9233317375e+00,1.6888562012e+03
3087,4.0886023641e-01,-4.0977257490e-01,2.3947932720e+00,1.6886613770e+03
3088,4.0878522396e-01,-4.0979227424e-01,-4.0140315890e-02,1.6884671631e+03
3089,4.0882202983e-01,-4.0970394015e-01,1.2765893936e+00,1.6882724609e+03
3090,4.0870159864e-01,-4.0980279446e-01,-1.8655806780e-01,1.6880778809e+03
3091,4.0885049105e-01,-4.0956959128e-01,2.2942850590e+00,1.6878833008e+03
3092,4.0872484446e-01,-4.0965348482e-01,-6.9661512971e-02,1.6876890869e+03
3093,4.0876805782e-01,-4.0959557891e-01,1.2901639938e+00,1.6874946289e+03
3094,4.0857505798e-01,-4.0970832109e-01,-9.7311896086e-01,1.6873004150e+03
3095,4.0872758627e-01,-4.0953889489e-01,2.9084873199e+00,1.6871059570e+03
3096,4.0851515532e-01,-4.0968641639e-01,-1.2793974876e+00,1.6869113770e+03
3097,4.0869542956e-01,-4.0944665670e-01,3.0864524841e+00,1.6867176514e+03
3098,4.0847748518e-01,-4.0961781144e-01,-1.6149457693e+00,1.6865234375e+03
3099,4.0866711736e-01,-4.0939620137e-01,2.4693171978e+00,1.6863289795e+03
3100,4.0847089887e-01,-4.0952479839e-01,-4.0120595694e-01,1.6861345215e+03
3101,4.0858149529e-01,-4.0937557817e-01,1.6248220205e+00,1.6859407959e+03
3102,4.0843394399e-01,-4.0948024392e-01,-3.2221636176e-01,1.6857465820e+03
3103,4.0860089660e-01,-4.0926963091e-01,1.7482168674e+00,1.6855528564e+03
3104,4.0837055445e-01,-4.0944153070e-01,1.5989117324e-01,1.6853582764e+03
3105,4.0853548050e-01,-4.0923321247e-01,1.1800607443e+00,1.6851646729e+03
3106,4.0829840302e-01,-4.0941938758e-01,1.0492457151e+00,1.6849707031e+03
3107,4.0849208832e-01,-4.0917631984e-01,-7.7066585422e-02,1.6847768555e+03
3108,4.0825986862e-01,-4.0935853124e-01,1.4986888170e+00,1.6845827637e+03
3109,4.0829387307e-01,-4.0928032994e-01,-1.3786803484e+00,1.6843889160e+03
3110,4.0821465850e-01,-4.0930175781e-01,1.3323674202e+00,1.6841951904e+03
3111,4.0817621350e-01,-4.0928572416e-01,2.8325457573e+00,1.6840015869e+03
3112,4.0838345885e-01,-4.0904390812e-01,8.6780476570e-01,1.6838076172e+03
3113,4.0821316838e-01,-4.0916246176e-01,-1.1053096056e+00,1.6836142578e+03
3114,4.0830987692e-01,-4.0902140737e-01,2.7486104965e+00,1.6834204102e+03
3115,4.0815165639e-01,-4.0913808346e-01,-1.1184207201e+00,1.6832266846e+03
3116,4.0826359391e-01,-4.0896368027e-01,2.1398861408e+00,1.6830334473e+03
3117,4.0811005235e-01,-4.0908503532e-01,-2.2374317050e-01,1.6828399658e+03
3118,4.0829327703e-01,-4.0884801745e-01,1.4719287157e+00,1.6826457520e+03
3119,4.0803048015e-01,-4.0906602144e-01,3.5670208931e-01,1.6824528809e+03
3120,4.0822049975e-01,-4.0883108974e-01,1.6426512003e+00,1.6822591553e+03
3121,4.0799123049e-01,-4.0900316834e-01,-3.2241958380e-01,1.6820654297e+03
3122,4.0815541148e-01,-4.0880051255e-01,1.7756241560e+00,1.6818724365e+03
3123,4.0795612335e-01,-4.0893965960e-01,-5.5581086874e-01,1.6816788330e+03
3124,4.0816372633e-01,-4.0869340301e-01,2.0292711258e+00,1.6814854736e+03
3125,4.0786361694e-01,-4.0893584490e-01,-1.2362199277e-01,1.6812922363e+03
3126,4.0811431408e-01,-4.0865248442e-01,1.3063108921e+00,1.6810991211e+03
3127,4.0783083439e-01,-4.0888136625e-01,1.2683690786e+00,1.6809058838e+03
3128,4.0806090832e-01,-4.0860810876e-01,-2.9969531298e-01,1.6807125244e+03
3129,4.0778040886e-01,-4.0882986784e-01,1.5921993256e+00,1.6805194092e+03
3130,4.0784388781e-01,-4.0872368217e-01,-1.0498189926e+00,1.6803264160e+03
3131,4.0781494975e-01,-4.0870639682e-01,1.2159291506e+00,1.6801334229e+03
3132,4.0778824687e-01,-4.0868681669e-01,1.2159291506e+00,1.6799401855e+03
3133,4.0776330233e-01,-4.0866532922e-01,1.2159291506e+00,1.6797469482e+03
3134,4.0772891045e-01,-4.0864485502e-01,1.8229087591e+00,1.6795543213e+03
3135,4.0785434842e-01,-4.0846186876e-01,1.1942719221e+00,1.6793615723e+03
3136,4.0778365731e-01,-4.0848639607e-01,-7.2271567583e-01,1.6791687012e+03
3137,4.0770292282e-01,-4.0851053596e-01,1.5110726357e+00,1.6789758301e+03
3138,4.0775263309e-01,-4.0843570232e-01,3.3396680355e+00,1.6787827148e+03
3139,4.0766894817e-01,-4.0845197439e-01,-3.4945237637e+00,1.6785899658e+03
3140,4.0775266290e-01,-4.0830853581e-01,1.8989713192e+00,1.6783967285e+03
3141,4.0759348869e-01,-4.0845367312e-01,1.8373889923e+00,1.6782043457e+03
3142,4.0774336457e-01,-4.0824303031e-01,-6.6628855467e-01,1.6780114746e+03
3143,4.0750434995e-01,-4.0843933821e-01,6.5424966812e-01,1.6778186035e+03
3144,4.0766224265e-01,-4.0823835135e-01,2.4843034744e+00,1.6776262207e+03
3145,4.0752366185e-01,-4.0832400322e-01,-1.6508953571e+00,1.6774333496e+03
3146,4.0757223964e-01,-4.0824607015e-01,3.3917026520e+00,1.6772409668e+03
3147,4.0746828914e-01,-4.0826901793e-01,-1.3699283600e+00,1.6770483398e+03
3148,4.0759611130e-01,-4.0813586116e-01,2.4905354977e+00,1.6768559570e+03
3149,4.0734648705e-01,-4.0830102563e-01,-7.1317714453e-01,1.6766632080e+03
3150,4.0759474039e-01,-4.0802347660e-01,2.3179862499e+00,1.6764709473e+03
3151,4.0732395649e-01,-4.0825426579e-01,-6.9696456194e-01,1.6762784424e+03
3152,4.0747448802e-01,-4.0802779794e-01,1.9859647751e+00,1.6760859375e+03
3153,4.0727058053e-01,-4.0818986297e-01,-7.0212185383e-02,1.6758934326e+03
3154,4.0744107962e-01,-4.0798476338e-01,1.8606014252e+00,1.6757012939e+03
3155,4.0719541907e-01,-4.0817803144e-01,-1.0379260778e+00,1.6755087891e+03
3156,4.0742257237e-01,-4.0790382028e-01,2.0929210186e+00,1.6753166504e+03
3157,4.0717545152e-01,-4.0810590982e-01,8.2509368658e-03,1.6751245117e+03
3158,4.0741229057e-01,-4.0782859921e-01,1.6468856335e+00,1.6749323730e+03
3159,4.0712273121e-01,-4.0805920959e-01,3.0374968052e-01,1.6747401123e+03
3160,4.0738070011e-01,-4.0776503086e-01,1.0617403984e+00,1.6745478516e+03
3161,4.0710201859e-01,-4.0798431635e-01,1.2532159090e+00,1.6743558350e+03
3162,4.0715914965e-01,-4.0788799524e-01,-1.5057172775e+00,1.6741639404e+03
3163,4.0708965063e-01,-4.0790387988e-01,1.7419406176e+00,1.6739716797e+03
3164,4.0703883767e-01,-4.0792030096e-01,2.5688149929e+00,1.6737796631e+03
3165,4.0716692805e-01,-4.0772533417e-01,4.2342892289e-01,1.6735877686e+03
3166,4.0704205632e-01,-4.0783309937e-01,-7.4055570364e-01,1.6733959961e+03
3167,4.0716665983e-01,-4.0762579441e-01,2.8472664356e+00,1.6732043457e+03
3168,4.0694645047e-01,-4.0781080723e-01,-1.3022878170e+00,1.6730122070e+03
3169,4.0706610680e-01,-4.0762761235e-01,1.3912477493e+00,1.6728200684e+03
3170,4.0691015124e-01,-4.0776908398e-01,1.1866583824e+00,1.6726286621e+03
3171,4.0714067221e-01,-4.0746459365e-01,6.8259352446e-01,1.6724368896e+03
3172,4.0692105889e-01,-4.0764242411e-01,1.6242169142e+00,1.6722453613e+03
3173,4.0705522895e-01,-4.0747967362e-01,2.6262840629e-01,1.6720532227e+03
3174,4.0686762333e-01,-4.0760546923e-01,4.5466205478e-01,1.6718615723e+03
3175,4.0701150894e-01,-4.0741783381e-01,1.4310586452e+00,1.6716700439e+03
3176,4.0678077936e-01,-4.0759083629e-01,5.0883609056e-01,1.6714782715e+03
3177,4.0699630976e-01,-4.0734374523e-01,5.1947623491e-01,1.6712871094e+03
3178,4.0689775348e-01,-4.0738397837e-01,2.6594130993e+00,1.6710953369e+03
3179,4.0690556169e-01,-4.0732786059e-01,4.3546482921e-03,1.6709035645e+03
3180,4.0691268444e-01,-4.0727400780e-01,4.3546482921e-03,1.6707119141e+03
3181,4.0675505996e-01,-4.0740349889e-01,-1.0756382942e+00,1.6705205078e+03
3182,4.0679326653e-01,-4.0730124712e-01,4.1730222702e+00,1.6703288574e+03
3183,4.0675690770e-01,-4.0729200840e-01,-1.9907503128e+00,1.6701378174e+03
3184,4.0671384335e-01,-4.0730622411e-01,2.6840009689e+00,1.6699460449e+03
3185,4.0666079521e-01,-4.0728047490e-01,-2.8839319944e-01,1.6697553711e+03
3186,4.0678030252e-01,-4.0714150667e-01,1.9542746544e+00,1.6695642090e+03
3187,4.0653541684e-01,-4.0733504295e-01,-9.3600112200e-01,1.6693723145e+03
3188,4.0672323108e-01,-4.0707272291e-01,3.0168273449e+00,1.6691816406e+03
3189,4.0655583143e-01,-4.0718615055e-01,-9.8038834333e-01,1.6689901123e+03
3190,4.0667352080e-01,-4.0705019236e-01,2.5952761173e+00,1.6687993164e+03
3191,4.0658742189e-01,-4.0707555413e-01,-9.0653866529e-01,1.6686077881e+03
3192,4.0651395917e-01,-4.0710321069e-01,1.0125929117e+00,1.6684167480e+03
3193,4.0659397840e-01,-4.0698242188e-01,2.1203703880e+00,1.6682258301e+03
3194,4.0640875697e-01,-4.0711843967e-01,-8.6538517475e-01,1.6680350342e+03
3195,4.0661141276e-01,-4.0688738227e-01,2.5670385361e+00,1.6678438721e+03
3196,4.0632939339e-01,-4.0709534287e-01,-9.9091130495e-01,1.6676529541e+03
3197,4.0655761957e-01,-4.0684676170e-01,2.2834668159e+00,1.6674616699e+03
3198,4.0633627772e-01,-4.0700930357e-01,-1.6590201855e-01,1.6672709961e+03
3199,4.0646633506e-01,-4.0681806207e-01,1.3322342634e+00,1.6670800781e+03
3200,4.0621998906e-01,-4.0700453520e-01,4.8631203175e-01,1.6668895264e+03
3201,4.0648177266e-01,-4.0673458576e-01,8.9603763819e-01,1.6666986084e+03
3202,4.0636301041e-01,-4.0678513050e-01,2.5070326328e+00,1.6665081787e+03
3203,4.0635395050e-01,-4.0674537420e-01,-3.7565581501e-02,1.6663167725e+03
3204,4.0643021464e-01,-4.0664362907e-01,-1.9342282414e-01,1.6661259766e+03
3205,4.0624329448e-01,-4.0675660968e-01,5.9036409855e-01,1.6659351807e+03
3206,4.0624627471e-01,-4.0672454238e-01,1.7919553518e+00,1.6657446289e+03
3207,4.0607401729e-01,-4.0683537722e-01,-6.8987202644e-01,1.6655541992e+03
3208,4.0627446771e-01,-4.0658473969e-01,2.3754363060e+00,1.6653640137e+03
3209,4.0618178248e-01,-4.0666091442e-01,-1.2001505494e-01,1.6651729736e+03
3210,4.0623638034e-01,-4.0656644106e-01,9.5687580109e-01,1.6649827881e+03
3211,4.0609925985e-01,-4.0663644671e-01,8.6466234922e-01,1.6647924805e+03
3212,4.0618792176e-01,-4.0649238229e-01,1.1696354151e+00,1.6646015625e+03
3213,4.0599799156e-01,-4.0666407347e-01,1.1379808933e-01,1.6644107666e+03
3214,4.0619671345e-01,-4.0638059378e-01,1.7046115398e+00,1.6642210693e+03
3215,4.0595024824e-01,-4.0660047531e-01,6.6195003688e-02,1.6640303955e+03
3216,4.0616521239e-01,-4.0633225441e-01,1.1956028938e+00,1.6638404541e+03
3217,4.0586778522e-01,-4.0659925342e-01,4.5474892855e-01,1.6636499023e+03
3218,4.0613296628e-01,-4.0626436472e-01,1.3335826397e+00,1.6634599609e+03
3219,4.0598127246e-01,-4.0638816357e-01,1.8869874477e+00,1.6632697754e+03
3220,4.0606629848e-01,-4.0622943640e-01,4.1445952654e-01,1.6630789795e+03
3221,4.0588438511e-01,-4.0637490153e-01,-9.3328815699e-01,1.6628890381e+03
3222,4.0601149201e-01,-4.0618500113e-01,3.0936696529e+00,1.6626990967e+03
3223,4.0589866042e-01,-4.0625110269e-01,-1.1518267393e+00,1.6625089111e+03
3224,4.0582272410e-01,-4.0630671382e-01,1.8415063620e+00,1.6623193359e+03
3225,4.0582171082e-01,-4.0627837181e-01,-4.3720975518e-01,1.6621289062e+03
3226,4.0578404069e-01,-4.0624997020e-01,2.3245840073e+00,1.6619393311e+03
3227,4.0572816133e-01,-4.0627148747e-01,-1.6665962934e+00,1.6617491455e+03
3228,4.0571367741e-01,-4.0622025728e-01,3.8506975174e+00,1.6615592041e+03
3229,4.0580189228e-01,-4.0610349178e-01,-8.3198761940e-01,1.6613695068e+03
3230,4.0573593974e-01,-4.0612602234e-01,1.0455589294e+00,1.6611796875e+03
3231,4.0576079488e-01,-4.0605711937e-01,1.0577267408e+00,1.6609899902e+03
3232,4.0560010076e-01,-4.0612241626e-01,1.5506777167e-01,1.6607999268e+03
3233,4.0580958128e-01,-4.0592792630e-01,2.4250597954e+00,1.6606107178e+03
3234,4.0558812022e-01,-4.0608242154e-01,-5.9958648682e-01,1.6604205322e+03
3235,4.0578916669e-01,-4.0584102273e-01,2.0704276562e+00,1.6602309570e+03
3236,4.0545052290e-01,-4.0609526634e-01,-4.2840620875e-01,1.6600412598e+03
3237,4.0569886565e-01,-4.0583375096e-01,1.0171451569e+00,1.6598518066e+03
3238,4.0553295612e-01,-4.0594032407e-01,1.8631275892e+00,1.6596618652e+03
3239,4.0568551421e-01,-4.0575638413e-01,-3.2471215725e-01,1.6594729004e+03
3240,4.0545326471e-01,-4.0593421459e-01,1.1491446495e+00,1.6592832031e+03
3241,4.0567746758e-01,-4.0566387773e-01,1.8087257147e+00,1.6590938721e+03
3242,4.0540146828e-01,-4.0589106083e-01,7.9271718860e-03,1.6589036865e+03
3243,4.0560320020e-01,-4.0563121438e-01,1.0764067173e+00,1.6587143555e+03
3244,4.0529042482e-01,-4.0590420365e-01,6.1441504955e-01,1.6585252686e+03
3245,4.0557301044e-01,-4.0557798743e-01,4.4444772601e-01,1.6583359375e+03
3246,4.0525358915e-01,-4.0583261847e-01,1.4255976677e+00,1.6581468506e+03
3247,4.0552356839e-01,-4.0551778674e-01,1.3413064182e-02,1.6579573975e+03
3248,4.0541878343e-01,-4.0558218956e-01,2.8438930511e+00,1.6577680664e+03
3249,4.0538904071e-01,-4.0556511283e-01,3.5041648149e-01,1.6575787354e+03
3250,4.0536054969e-01,-4.0554749966e-01,3.5041648149e-01,1.6573891602e+03
3251,4.0533334017e-01,-4.0552923083e-01,3.5041648149e-01,1.6571999512e+03
3252,4.0538302064e-01,-4.0543577075e-01,2.0147791505e-01,1.6570107422e+03
3253,4.0522021055e-01,-4.0555992723e-01,1.2101602554e-01,1.6568215332e+03
3254,4.0515947342e-01,-4.0557566285e-01,2.3611602783e+00,1.6566325684e+03
3255,4.0521731973e-01,-4.0546965599e-01,-3.3433988690e-01,1.6564431152e+03
3256,4.0519618988e-01,-4.0542587638e-01,2.4283072948e+00,1.6562548828e+03
3257,4.0519636869e-01,-4.0538409352e-01,-6.4538961649e-01,1.6560657959e+03
3258,4.0512391925e-01,-4.0542981029e-01,3.2479023933e+00,1.6558769531e+03
3259,4.0509834886e-01,-4.0539777279e-01,-2.8125038147e+00,1.6556877441e+03
3260,4.0511363745e-01,-4.0532401204e-01,5.1404881477e+00,1.6554992676e+03
3261,4.0504768491e-01,-4.0534728765e-01,-2.8460578918e+00,1.6553105469e+03
3262,4.0499547124e-01,-4.0534704924e-01,1.6404674053e+00,1.6551218262e+03
3263,4.0500608087e-01,-4.0530642867e-01,2.0755302906e+00,1.6549328613e+03
3264,4.0511840582e-01,-4.0512457490e-01,2.2369043827e+00,1.6547440186e+03
3265,4.0497633815e-01,-4.0524464846e-01,-3.6590639502e-02,1.6545549316e+03
3266,4.0492418408e-01,-4.0523830056e-01,-1.5902180672e+00,1.6543665771e+03
3267,4.0484654903e-01,-4.0527284145e-01,2.1090514660e+00,1.6541781006e+03
3268,4.0507343411e-01,-4.0500694513e-01,8.2044732571e-01,1.6539892578e+03
3269,4.0478816628e-01,-4.0524405241e-01,2.2706355155e-01,1.6538006592e+03
3270,4.0488678217e-01,-4.0510761738e-01,1.8807733059e-01,1.6536123047e+03
3271,4.0475130081e-01,-4.0518075228e-01,5.8442956209e-01,1.6534235840e+03
3272,4.0487784147e-01,-4.0501585603e-01,2.7216432095e+00,1.6532349854e+03
3273,4.0481975675e-01,-4.0502756834e-01,-1.0009495020e+00,1.6530466309e+03
3274,4.0484899282e-01,-4.0495184064e-01,2.8408117294e+00,1.6528585205e+03
3275,4.0480935574e-01,-4.0494161844e-01,-1.2835763693e+00,1.6526699219e+03
3276,4.0460675955e-01,-4.0509179235e-01,1.3817474842e+00,1.6524816895e+03
3277,4.0484622121e-01,-4.0479457378e-01,1.7006582022e+00,1.6522938232e+03
3278,4.0465739369e-01,-4.0496799350e-01,6.4141035080e-01,1.6521052246e+03
3279,4.0471786261e-01,-4.0484604239e-01,9.1892257333e-03,1.6519169922e+03
3280,4.0453377366e-01,-4.0499246120e-01,1.5196752548e+00,1.6517287598e+03
3281,4.0479794145e-01,-4.0467146039e-01,1.4237643480e+00,1.6515406494e+03
3282,4.0453127027e-01,-4.0488433838e-01,6.1912141740e-02,1.6513521729e+03
3283,4.0471714735e-01,-4.0467208624e-01,3.5145375133e-01,1.6511641846e+03
3284,4.0448695421e-01,-4.0483975410e-01,1.8120615482e+00,1.6509761963e+03
3285,4.0467581153e-01,-4.0460351110e-01,-4.9111366272e-01,1.6507880859e+03
3286,4.0459915996e-01,-4.0464374423e-01,2.9641094208e+00,1.6506002197e+03
3287,4.0464749932e-01,-4.0453946590e-01,3.3424723148e-01,1.6504122314e+03
3288,4.0448147058e-01,-4.0465116501e-01,-1.5910903215e+00,1.6502241211e+03
3289,4.0453296900e-01,-4.0456008911e-01,4.1648006439e+00,1.6500360107e+03
3290,4.0448427200e-01,-4.0456181765e-01,-1.9416676760e+00,1.6498481445e+03
3291,4.0432673693e-01,-4.0468385816e-01,5.0566071272e-01,1.6496602783e+03
3292,4.0443763137e-01,-4.0451121330e-01,2.5522356033e+00,1.6494726562e+03
3293,4.0429386497e-01,-4.0462443233e-01,3.7066191435e-02,1.6492847900e+03
3294,4.0449160337e-01,-4.0438544750e-01,1.3365299702e+00,1.6490970459e+03
3295,4.0425440669e-01,-4.0455332398e-01,1.2585811317e-02,1.6489093018e+03
3296,4.0446728468e-01,-4.0429946780e-01,2.0862123966e+00,1.6487214355e+03
3297,4.0418210626e-01,-4.0453889966e-01,-7.7323138714e-01,1.6485339355e+03
3298,4.0439626575e-01,-4.0429607034e-01,2.2532365322e+00,1.6483464355e+03
3299,4.0420669317e-01,-4.0442845225e-01,2.6559507847e-01,1.6481583252e+03
3300,4.0430197120e-01,-4.0428903699e-01,5.1745760441e-01,1.6479713135e+03
3301,4.0415093303e-01,-4.0438953042e-01,1.3176684380e+00,1.6477836914e+03
3302,4.0432000160e-01,-4.0417429805e-01,1.9629442692e-01,1.6475960693e+03
3303,4.0408828855e-01,-4.0436375141e-01,1.3812376261e+00,1.6474088135e+03
3304,4.0426957607e-01,-4.0414249897e-01,6.4830392599e-01,1.6472211914e+03
3305,4.0401503444e-01,-4.0434870124e-01,1.3963801861e+00,1.6470334473e+03
3306,4.0423217416e-01,-4.0408593416e-01,-3.8191580772e-01,1.6468466797e+03
3307,4.0397563577e-01,-4.0428656340e-01,2.1040441990e+00,1.6466589355e+03
3308,4.0403741598e-01,-4.0418103337e-01,-1.1382257938e+00,1.6464716797e+03
3309,4.0398976207e-01,-4.0418726206e-01,1.0087507963e+00,1.6462846680e+03
3310,4.0394628048e-01,-4.0418824553e-01,1.0087507963e+00,1.6460974121e+03
3311,4.0390637517e-01,-4.0418490767e-01,1.0087507963e+00,1.6459107666e+03
3312,4.0388998389e-01,-4.0415325761e-01,2.3572564125e+00,1.6457236328e+03
3313,4.0399369597e-01,-4.0399947762e-01,1.7990665436e+00,1.6455362549e+03
3314,4.0400299430e-01,-4.0393093228e-01,-1.8413734436e+00,1.6453493652e+03
3315,4.0388095379e-01,-4.0401673317e-01,1.7818889618e+00,1.6451622314e+03
3316,4.0388146043e-01,-4.0398082137e-01,1.0034939647e-01,1.6449749756e+03
3317,4.0386074781e-01,-4.0393117070e-01,6.8392270803e-01,1.6447879639e+03
3318,4.0381681919e-01,-4.0393710136e-01,2.1326132119e-02,1.6446010742e+03
3319,4.0382796526e-01,-4.0391474962e-01,3.5913033485e+00,1.6444140625e+03
3320,4.0380433202e-01,-4.0388733149e-01,-2.7797110081e+00,1.6442270508e+03
3321,4.0370267630e-01,-4.0389791131e-01,2.8719463348e+00,1.6440402832e+03
3322,4.0386214852e-01,-4.0369296074e-01,1.4909141064e+00,1.6438533936e+03
3323,4.0375059843e-01,-4.0380263329e-01,-1.6426692009e+00,1.6436666260e+03
3324,4.0382912755e-01,-4.0364742279e-01,4.2234587669e+00,1.6434798584e+03
3325,4.0359812975e-01,-4.0381041169e-01,-1.8775783777e+00,1.6432928467e+03
3326,4.0371242166e-01,-4.0364617109e-01,1.1726018190e+00,1.6431063232e+03
3327,4.0355715156e-01,-4.0376237035e-01,9.8110467196e-01,1.6429195557e+03
3328,4.0367969871e-01,-4.0359547734e-01,1.5397474766e+00,1.6427332764e+03
3329,4.0356045961e-01,-4.0368002653e-01,-5.9481817484e-01,1.6425460205e+03
3330,4.0361249447e-01,-4.0357872844e-01,3.0028221607e+00,1.6423598633e+03
3331,4.0356203914e-01,-4.0359404683e-01,-1.6913632154e+00,1.6421729736e+03
3332,4.0361991525e-01,-4.0349394083e-01,3.2785232067e+00,1.6419863281e+03
3333,4.0353089571e-01,-4.0353712440e-01,-1.6621502638e+00,1.6418000488e+03
3334,4.0359368920e-01,-4.0343216062e-01,3.4749162197e+00,1.6416135254e+03
3335,4.0343350172e-01,-4.0353530645e-01,-2.0628864765e+00,1.6414270020e+03
3336,4.0350282192e-01,-4.0343317389e-01,3.6829292774e+00,1.6412403564e+03
3337,4.0345808864e-01,-4.0342804790e-01,-1.9717643261e+00,1.6410541992e+03
3338,4.0345561504e-01,-4.0337175131e-01,3.5020797253e+00,1.6408681641e+03
3339,4.0342456102e-01,-4.0335616469e-01,-2.0312721729e+00,1.6406815186e+03
3340,4.0335816145e-01,-4.0340587497e-01,3.9410109520e+00,1.6404956055e+03
3341,4.0344971418e-01,-4.0323746204e-01,-2.8333284855e+00,1.6403090820e+03
3342,4.0324607491e-01,-4.0342205763e-01,4.3765411377e+00,1.6401231689e+03
3343,4.0345990658e-01,-4.0315175056e-01,-1.7105460167e+00,1.6399366455e+03
3344,4.0315639973e-01,-4.0342327952e-01,1.7846087217e+00,1.6397509766e+03
3345,4.0340301394e-01,-4.0311351418e-01,1.4097067714e-01,1.6395645752e+03
3346,4.0313258767e-01,-4.0334689617e-01,1.1108748913e+00,1.6393784180e+03
3347,4.0337473154e-01,-4.0304797888e-01,6.2582021952e-01,1.6391923828e+03
3348,4.0315973759e-01,-4.0320739150e-01,2.8175964355e+00,1.6390063477e+03
3349,4.0327090025e-01,-4.0307500958e-01,-2.7977168560e+00,1.6388204346e+03
3350,4.0314868093e-01,-4.0312182903e-01,4.8939776421e+00,1.6386340332e+03
3351,4.0323925018e-01,-4.0301007032e-01,-2.9150619507e+00,1.6384483643e+03
3352,4.0310537815e-01,-4.0307909250e-01,3.4804420471e+00,1.6382623291e+03
3353,4.0319573879e-01,-4.0294826031e-01,-6.4962917566e-01,1.6380764160e+03
3354,4.0298822522e-01,-4.0311819315e-01,6.5397554636e-01,1.6378907471e+03
3355,4.0319469571e-01,-4.0286436677e-01,8.5941475630e-01,1.6377048340e+03
3356,4.0293359756e-01,-4.0308064222e-01,1.2904821634e+00,1.6375192871e+03
3357,4.0318322182e-01,-4.0277391672e-01,3.2129681110e-01,1.6373334961e+03
3358,4.0290898085e-01,-4.0300288796e-01,2.1462078094e+00,1.6371473389e+03
3359,4.0312585235e-01,-4.0274292231e-01,-7.3140335083e-01,1.6369621582e+03
3360,4.0302097797e-01,-4.0279990435e-01,2.6518287659e+00,1.6367763672e+03
3361,4.0301677585e-01,-4.0276077390e-01,5.8991366625e-01,1.6365906982e+03
3362,4.0300950408e-01,-4.0272450447e-01,5.8991366625e-01,1.6364049072e+03
3363,4.0299981833e-01,-4.0269052982e-01,5.8991366625e-01,1.6362194824e+03
3364,4.0297621489e-01,-4.0266963840e-01,-3.3263066411e-01,1.6360339355e+03
3365,4.0287989378e-01,-4.0269103646e-01,-1.2968893051e+00,1.6358480225e+03
3366,4.0277257562e-01,-4.0277132392e-01,3.3744969368e+00,1.6356625977e+03
3367,4.0279188752e-01,-4.0267932415e-01,3.0640754104e-01,1.6354772949e+03
3368,4.0277758241e-01,-4.0267562866e-01,-6.2921279669e-01,1.6352921143e+03
3369,4.0285924077e-01,-4.0257900953e-01,4.1346354485e+00,1.6351063232e+03
3370,4.0266504884e-01,-4.0269911289e-01,-1.2461524010e+00,1.6349213867e+03
3371,4.0277963877e-01,-4.0254917741e-01,7.0142567158e-01,1.6347358398e+03
3372,4.0270760655e-01,-4.0257936716e-01,1.6016942263e+00,1.6345506592e+03
3373,4.0269988775e-01,-4.0252557397e-01,1.4538864791e-01,1.6343654785e+03
3374,4.0267878771e-01,-4.0249586105e-01,8.3599495888e-01,1.6341799316e+03
3375,4.0266934037e-01,-4.0245777369e-01,1.5096614361e+00,1.6339951172e+03
3376,4.0269187093e-01,-4.0239354968e-01,-2.4807459116e-01,1.6338098145e+03
3377,4.0264412761e-01,-4.0239864588e-01,2.2940936089e+00,1.6336246338e+03
3378,4.0274131298e-01,-4.0226200223e-01,6.7263734341e-01,1.6334399414e+03
3379,4.0246400237e-01,-4.0249460936e-01,-1.3716086149e+00,1.6332543945e+03
3380,4.0267735720e-01,-4.0224292874e-01,1.8800307512e+00,1.6330693359e+03
3381,4.0241414309e-01,-4.0246275067e-01,8.3291774988e-01,1.6328843994e+03
3382,4.0262383223e-01,-4.0218216181e-01,1.1282571554e+00,1.6326994629e+03
3383,4.0241247416e-01,-4.0236845613e-01,2.8484502435e-01,1.6325145264e+03
3384,4.0254572034e-01,-4.0218129754e-01,1.5033839941e+00,1.6323297119e+03
3385,4.0237632394e-01,-4.0229970217e-01,-3.4064501524e-03,1.6321453857e+03
3386,4.0257808566e-01,-4.0204697847e-01,1.1713098288e+00,1.6319599609e+03
3387,4.0244746208e-01,-4.0214338899e-01,2.3724060059e+00,1.6317752686e+03
3388,4.0242266655e-01,-4.0213054419e-01,-3.9160469174e-01,1.6315900879e+03
3389,4.0248882771e-01,-4.0200394392e-01,-7.0925807953e-01,1.6314055176e+03
3390,4.0226185322e-01,-4.0219140053e-01,2.2234721184e+00,1.6312209473e+03
3391,4.0239036083e-01,-4.0203565359e-01,1.5131637454e-01,1.6310360107e+03
3392,4.0222898126e-01,-4.0215155482e-01,1.3856482506e+00,1.6308515625e+03
3393,4.0236392617e-01,-4.0196153522e-01,1.2179377079e+00,1.6306671143e+03
3394,4.0224435925e-01,-4.0202033520e-01,-2.8348681331e-01,1.6304820557e+03
3395,4.0225586295e-01,-4.0196579695e-01,1.4283318520e+00,1.6302979736e+03
3396,4.0219497681e-01,-4.0199643373e-01,-3.0286303163e-01,1.6301134033e+03
3397,4.0228068829e-01,-4.0186163783e-01,1.6323829889e+00,1.6299283447e+03
3398,4.0207865834e-01,-4.0199783444e-01,-2.4165603518e-01,1.6297443848e+03
3399,4.0221560001e-01,-4.0183269978e-01,1.7097668648e+00,1.6295596924e+03
3400,4.0210935473e-01,-4.0189176798e-01,4.2514604330e-01,1.6293752441e+03
3401,4.0215212107e-01,-4.0179255605e-01,1.3135015965e+00,1.6291912842e+03
3402,4.0201994777e-01,-4.0188592672e-01,-3.9825376868e-01,1.6290069580e+03
3403,4.0221118927e-01,-4.0166160464e-01,2.7074871063e+00,1.6288225098e+03
3404,4.0190473199e-01,-4.0189433098e-01,-1.5032901764e+00,1.6286383057e+03
3405,4.0209698677e-01,-4.0167039633e-01,1.8910220861e+00,1.6284542236e+03
3406,4.0187555552e-01,-4.0183976293e-01,3.2931059599e-01,1.6282700195e+03
3407,4.0213957429e-01,-4.0154355764e-01,1.4141291380e+00,1.6280855713e+03
3408,4.0185427666e-01,-4.0178081393e-01,2.7217912674e-01,1.6279013672e+03
3409,4.0209722519e-01,-4.0150219202e-01,9.7744530439e-01,1.6277176514e+03
3410,4.0177652240e-01,-4.0176156163e-01,5.1778596640e-01,1.6275335693e+03
3411,4.0205490589e-01,-4.0144437551e-01,1.1584051847e+00,1.6273498535e+03
3412,4.0175193548e-01,-4.0169432759e-01,1.0918750763e+00,1.6271655273e+03
3413,4.0202054381e-01,-4.0138417482e-01,-4.0075682104e-02,1.6269810791e+03
3414,4.0170019865e-01,-4.0165817738e-01,1.5122731924e+00,1.6267973633e+03
3415,4.0179881454e-01,-4.0151217580e-01,-1.2227525711e+00,1.6266134033e+03
3416,4.0175992250e-01,-4.0149900317e-01,1.6643009186e+00,1.6264293213e+03
3417,4.0173149109e-01,-4.0148267150e-01,2.9330487251e+00,1.6262459717e+03
3418,4.0180605650e-01,-4.0137910843e-01,-1.4702886343e-01,1.6260622559e+03
3419,4.0167793632e-01,-4.0145781636e-01,-7.2744631767e-01,1.6258784180e+03
3420,4.0174975991e-01,-4.0133869648e-01,2.3291327953e+00,1.6256948242e+03
3421,4.0166938305e-01,-4.0136891603e-01,-5.2496337891e-01,1.6255108643e+03
3422,4.0175738931e-01,-4.0123233199e-01,1.9089040756e+00,1.6253273926e+03
3423,4.0153038502e-01,-4.0142369270e-01,-6.5472996235e-01,1.6251434326e+03
3424,4.0170356631e-01,-4.0120103955e-01,1.3156385422e+00,1.6249600830e+03
3425,4.0150409937e-01,-4.0136033297e-01,6.3380652666e-01,1.6247761230e+03
3426,4.0171253681e-01,-4.0109384060e-01,1.1904158592e+00,1.6245931396e+03
3427,4.0145736933e-01,-4.0130728483e-01,4.5758152008e-01,1.6244089355e+03
3428,4.0165206790e-01,-4.0107873082e-01,9.6838569641e-01,1.6242259521e+03
3429,4.0144947171e-01,-4.0121540427e-01,4.4238397479e-01,1.6240423584e+03
3430,4.0167847276e-01,-4.0095525980e-01,1.1505419016e+00,1.6238588867e+03
3431,4.0136086941e-01,-4.0121716261e-01,5.5018711090e-01,1.6236750488e+03
3432,4.0144780278e-01,-4.0109667182e-01,-6.3426166773e-01,1.6234920654e+03
3433,4.0142968297e-01,-4.0107354522e-01,1.4901695251e+00,1.6233085938e+03
3434,4.0140938759e-01,-4.0105083585e-01,1.4901695251e+00,1.6231256104e+03
3435,4.0144836903e-01,-4.0094646811e-01,2.2526435852e+00,1.6229423828e+03
3436,4.0130639076e-01,-4.0105080605e-01,-2.5100052357e+00,1.6227590332e+03
3437,4.0144529939e-01,-4.0087369084e-01,4.0452222824e+00,1.6225758057e+03
3438,4.0130490065e-01,-4.0095484257e-01,-1.7423282862e+00,1.6223928223e+03
3439,4.0131565928e-01,-4.0090629458e-01,1.8548722267e+00,1.6222094727e+03
3440,4.0132626891e-01,-4.0084776282e-01,4.4280600548e-01,1.6220264893e+03
3441,4.0137580037e-01,-4.0074738860e-01,1.3274514675e+00,1.6218432617e+03
3442,4.0127190948e-01,-4.0081986785e-01,-6.8519586325e-01,1.6216605225e+03
3443,4.0130305290e-01,-4.0074574947e-01,3.1796040535e+00,1.6214772949e+03
3444,4.0125513077e-01,-4.0073880553e-01,-1.8274017572e+00,1.6212939453e+03
3445,4.0106391907e-01,-4.0087491274e-01,1.0475120544e+00,1.6211109619e+03
3446,4.0126821399e-01,-4.0064057708e-01,2.0057270527e+00,1.6209282227e+03
3447,4.0107199550e-01,-4.0078130364e-01,2.0269626379e-01,1.6207452393e+03
3448,4.0121269226e-01,-4.0060034394e-01,5.5977958441e-01,1.6205625000e+03
3449,4.0100571513e-01,-4.0075096488e-01,1.5471169949e+00,1.6203796387e+03
3450,4.0123537183e-01,-4.0047940612e-01,7.3647761345e-01,1.6201970215e+03
3451,4.0095686913e-01,-4.0071505308e-01,-3.0364692211e-01,1.6200141602e+03
3452,4.0114334226e-01,-4.0049898624e-01,1.6327736378e+00,1.6198312988e+03
3453,4.0089344978e-01,-4.0070313215e-01,2.7318233252e-01,1.6196484375e+03
3454,4.0110731125e-01,-4.0043294430e-01,1.1977916956e-01,1.6194655762e+03
3455,4.0090620518e-01,-4.0058746934e-01,2.2461023331e+00,1.6192830811e+03
3456,4.0105104446e-01,-4.0040284395e-01,-1.0891648531e+00,1.6191002197e+03
3457,4.0096879005e-01,-4.0043705702e-01,2.8620440960e+00,1.6189179688e+03
3458,4.0098583698e-01,-4.0036317706e-01,7.6980715990e-01,1.6187351074e+03
3459,4.0098062158e-01,-4.0034788847e-01,-7.6906777918e-02,1.6185523682e+03
3460,4.0096610785e-01,-4.0030995011e-01,-6.2572276592e-01,1.6183699951e+03
3461,4.0095704794e-01,-4.0028584003e-01,2.8417654037e+00,1.6181875000e+03
3462,4.0089061856e-01,-4.0027663112e-01,6.5286159515e-01,1.6180047607e+03
3463,4.0074878931e-01,-4.0038320422e-01,-1.7403261662e+00,1.6178223877e+03
3464,4.0083652735e-01,-4.0025565028e-01,2.8661873341e+00,1.6176400146e+03
3465,4.0073278546e-01,-4.0030527115e-01,-5.9178930521e-01,1.6174580078e+03
3466,4.0079531074e-01,-4.0020161867e-01,1.3405638933e+00,1.6172756348e+03
3467,4.0069836378e-01,-4.0025976300e-01,2.6740893722e-01,1.6170931396e+03
3468,4.0078249574e-01,-4.0012958646e-01,1.4056720734e+00,1.6169111328e+03
3469,4.0063503385e-01,-4.0021923184e-01,5.7137273252e-02,1.6167285156e+03
3470,4.0072160959e-01,-4.0010634065e-01,1.0407919884e+00,1.6165465088e+03
3471,4.0064993501e-01,-4.0012344718e-01,5.7213139534e-01,1.6163646240e+03
3472,4.0068691969e-01,-4.0004125237e-01,1.5682569742e+00,1.6161824951e+03
3473,4.0058106184e-01,-4.0010395646e-01,-1.1242479086e+00,1.6159998779e+03
3474,4.0071415901e-01,-3.9992383122e-01,2.8062176704e+00,1.6158182373e+03
3475,4.0046834946e-01,-4.0011560917e-01,-1.7837295532e+00,1.6156361084e+03
3476,4.0063470602e-01,-3.9990994334e-01,2.9512431622e+00,1.6154538574e+03
3477,4.0047100186e-01,-4.0003678203e-01,-4.4505092502e-01,1.6152717285e+03
3478,4.0056300163e-01,-3.9988660812e-01,1.2569832802e+00,1.6150902100e+03
3479,4.0042203665e-01,-3.9999774098e-01,1.0587383807e-01,1.6149079590e+03
3480,4.0056148171e-01,-3.9980354905e-01,1.9422599077e+00,1.6147261963e+03
3481,4.0033710003e-01,-3.9998677373e-01,-6.2606459856e-01,1.6145444336e+03
3482,4.0053516626e-01,-3.9974272251e-01,1.6715811491e+00,1.6143627930e+03
3483,4.0030741692e-01,-3.9992332458e-01,7.3353096843e-02,1.6141806641e+03
3484,4.0048599243e-01,-3.9970567822e-01,8.6812621355e-01,1.6139991455e+03
3485,4.0024676919e-01,-3.9989259839e-01,5.0350379944e-01,1.6138170166e+03
3486,4.0044328570e-01,-3.9965921640e-01,3.7334048748e-01,1.6136354980e+03
3487,4.0019577742e-01,-3.9985173941e-01,1.1737296581e+00,1.6134541016e+03
3488,4.0026122332e-01,-3.9974784851e-01,-9.8877179623e-01,1.6132723389e+03
3489,4.0018427372e-01,-3.9977911115e-01,1.2835381031e+00,1.6130908203e+03
3490,4.0011310577e-01,-3.9980509877e-01,1.2835381031e+00,1.6129093018e+03
3491,4.0027111769e-01,-3.9959800243e-01,2.0867788792e+00,1.6127277832e+03
3492,4.0013769269e-01,-3.9969262481e-01,-1.6378500462e+00,1.6125463867e+03
3493,4.0019467473e-01,-3.9957958460e-01,3.0822525024e+00,1.6123646240e+03
3494,4.0013960004e-01,-3.9960154891e-01,-1.4330317974e+00,1.6121831055e+03
3495,4.0016487241e-01,-3.9952695370e-01,2.7054994106e+00,1.6120019531e+03
3496,4.0008088946e-01,-3.9956566691e-01,-1.7363418341e+00,1.6118206787e+03
3497,4.0017393231e-01,-3.9942884445e-01,3.5113301277e+00,1.6116390381e+03
3498,4.0006545186e-01,-3.9948749542e-01,-2.4325807095e+00,1.6114577637e+03
3499,4.0008985996e-01,-3.9942485094e-01,3.6760990620e+00,1.6112763672e+03
3500,4.0007594228e-01,-3.9938670397e-01,-1.6353160143e+00,1.6110948486e+03
3501,3.9996683598e-01,-3.9945358038e-01,1.1814177036e+00,1.6109139404e+03
3502,4.0007132292e-01,-3.9931166172e-01,1.8693314791e+00,1.6107329102e+03
3503,3.9992293715e-01,-3.9940601587e-01,-9.6957284212e-01,1.6105513916e+03
3504,4.0006649494e-01,-3.9922153950e-01,2.9412775040e+00,1.6103706055e+03
3505,3.9982140064e-01,-3.9941754937e-01,-2.1998035908e+00,1.6101890869e+03
3506,4.0003624558e-01,-3.9916419983e-01,2.7204041481e+00,1.6100081787e+03
3507,3.9980843663e-01,-3.9934155345e-01,-2.1530976892e-01,1.6098272705e+03
3508,3.9997577667e-01,-3.9913284779e-01,9.1781276464e-01,1.6096464844e+03
3509,3.9976173639e-01,-3.9929679036e-01,1.0071177483e+00,1.6094653320e+03
3510,3.9996618032e-01,-3.9905461669e-01,3.4685033560e-01,1.6092839355e+03
3511,3.9969116449e-01,-3.9927819371e-01,5.8713644743e-01,1.6091035156e+03
3512,3.9992648363e-01,-3.9900445938e-01,5.7883936167e-01,1.6089226074e+03
3513,3.9963012934e-01,-3.9924913645e-01,8.7256830931e-01,1.6087412109e+03
3514,3.9972519875e-01,-3.9911296964e-01,-7.8733789921e-01,1.6085605469e+03
3515,3.9966967702e-01,-3.9912405610e-01,1.4609760046e+00,1.6083796387e+03
3516,3.9961683750e-01,-3.9913210273e-01,1.4609760046e+00,1.6081992188e+03
3517,3.9956611395e-01,-3.9913767576e-01,1.4609760046e+00,1.6080184326e+03
3518,3.9972683787e-01,-3.9892745018e-01,2.3994210362e-01,1.6078377686e+03
3519,3.9959019423e-01,-3.9902681112e-01,-8.2231253386e-01,1.6076573486e+03
3520,3.9969336987e-01,-3.9886748791e-01,3.0215704441e+00,1.6074768066e+03
3521,3.9954057336e-01,-3.9898738265e-01,-2.1317293644e+00,1.6072960205e+03
3522,3.9969620109e-01,-3.9877814054e-01,2.9928498268e+00,1.6071154785e+03
3523,3.9948493242e-01,-3.9894816279e-01,-5.6359425187e-02,1.6069344482e+03
3524,3.9967167377e-01,-3.9871469140e-01,1.7572163045e-01,1.6067542725e+03
3525,3.9940539002e-01,-3.9893564582e-01,1.0856781006e+00,1.6065736084e+03
3526,3.9962923527e-01,-3.9867505431e-01,4.6074640751e-01,1.6063930664e+03
3527,3.9940527081e-01,-3.9883857965e-01,4.0685287118e-01,1.6062128906e+03
3528,3.9962992072e-01,-3.9858022332e-01,1.1723788977e+00,1.6060325928e+03
3529,3.9930838346e-01,-3.9884865284e-01,1.2404017150e-01,1.6058518066e+03
3530,3.9955642819e-01,-3.9856651425e-01,1.6634291410e-01,1.6056719971e+03
3531,3.9925244451e-01,-3.9881598949e-01,1.9548002481e+00,1.6054912109e+03
3532,3.9934465289e-01,-3.9868515730e-01,-1.4519056082e+00,1.6053110352e+03
3533,3.9927449822e-01,-3.9870765805e-01,1.1651477814e+00,1.6051306152e+03
3534,3.9920964837e-01,-3.9872515202e-01,1.1651477814e+00,1.6049508057e+03
3535,3.9932599664e-01,-3.9856553078e-01,2.7992823124e+00,1.6047707520e+03
3536,3.9927527308e-01,-3.9857691526e-01,-2.6377203465e+00,1.6045904541e+03
3537,3.9929947257e-01,-3.9850175381e-01,3.2060120106e+00,1.6044102783e+03
3538,3.9924669266e-01,-3.9851593971e-01,-9.3611675501e-01,1.6042301025e+03
3539,3.9916819334e-01,-3.9855381846e-01,9.8696976900e-01,1.6040504150e+03
3540,3.9929604530e-01,-3.9836680889e-01,5.4740583897e-01,1.6038699951e+03
3541,3.9910119772e-01,-3.9853277802e-01,1.4859337807e+00,1.6036901855e+03
3542,3.9931866527e-01,-3.9826110005e-01,-4.6109491587e-01,1.6035103760e+03
3543,3.9902383089e-01,-3.9851558208e-01,8.7805593014e-01,1.6033302002e+03
3544,3.9926841855e-01,-3.9822050929e-01,1.5043470860e+00,1.6031505127e+03
3545,3.9900165796e-01,-3.9844721556e-01,-6.3987457752e-01,1.6029700928e+03
3546,3.9922881126e-01,-3.9817798138e-01,1.1610287428e+00,1.6027906494e+03
3547,3.9894393086e-01,-3.9841079712e-01,1.1480832100e+00,1.6026105957e+03
3548,3.9899313450e-01,-3.9831995964e-01,-1.0771439075e+00,1.6024309082e+03
3549,3.9898070693e-01,-3.9828959107e-01,1.3107931614e+00,1.6022509766e+03
3550,3.9896756411e-01,-3.9825975895e-01,1.3107931614e+00,1.6020715332e+03
3551,3.9895379543e-01,-3.9823034406e-01,1.3107931614e+00,1.6018918457e+03
3552,3.9893949032e-01,-3.9820122719e-01,1.3107931614e+00,1.6017124023e+03
3553,3.9892479777e-01,-3.9817237854e-01,1.3107931614e+00,1.6015328369e+03
3554,3.9890974760e-01,-3.9814370871e-01,1.3107931614e+00,1.6013527832e+03
3555,3.9889797568e-01,-3.9808210731e-01,1.3651722670e+00,1.6011734619e+03
3556,3.9893040061e-01,-3.9799842238e-01,-3.0804181099e+00,1.6009943848e+03
3557,3.9877098799e-01,-3.9811140299e-01,-5.5049437284e-01,1.6008148193e+03
3558,3.9889803529e-01,-3.9795166254e-01,4.6198291779e+00,1.6006353760e+03
3559,3.9882707596e-01,-3.9801385999e-01,-3.9700589180e+00,1.6004555664e+03
3560,3.9882269502e-01,-3.9793571830e-01,2.3379662037e+00,1.6002764893e+03
3561,3.9877086878e-01,-3.9797815681e-01,1.9678094387e+00,1.6000968018e+03
3562,3.9876607060e-01,-3.9790946245e-01,-2.2663021088e+00,1.5999173584e+03
3563,3.9869216084e-01,-3.9794033766e-01,2.0129199028e+00,1.5997384033e+03
3564,3.9877662063e-01,-3.9782693982e-01,1.7931993008e+00,1.5995585938e+03
3565,3.9864951372e-01,-3.9790076017e-01,-2.1309728622e+00,1.5993796387e+03
3566,3.9874354005e-01,-3.9776629210e-01,3.7582910061e+00,1.5992008057e+03
3567,3.9863058925e-01,-3.9780753851e-01,-1.9430283308e+00,1.5990208740e+03
3568,3.9872291684e-01,-3.9770898223e-01,2.6689908504e+00,1.5988419189e+03
3569,3.9852994680e-01,-3.9783647656e-01,-1.5927519798e+00,1.5986628418e+03
3570,3.9867964387e-01,-3.9766359329e-01,3.1413383484e+00,1.5984835205e+03
3571,3.9853072166e-01,-3.9774036407e-01,-1.9324644804e+00,1.5983046875e+03
3572,3.9857691526e-01,-3.9768084884e-01,2.4581856728e+00,1.5981253662e+03
3573,3.9851897955e-01,-3.9767605066e-01,-4.0419712663e-01,1.5979460449e+03
3574,3.9857760072e-01,-3.9756613970e-01,1.3054729700e+00,1.5977673340e+03
3575,3.9844802022e-01,-3.9763131738e-01,3.5381683707e-01,1.5975883789e+03
3576,3.9858323336e-01,-3.9747735858e-01,1.8161810637e+00,1.5974089355e+03
3577,3.9839208126e-01,-3.9761847258e-01,-1.8450826406e+00,1.5972304688e+03
3578,3.9848527312e-01,-3.9749655128e-01,2.8777902126e+00,1.5970516357e+03
3579,3.9836093783e-01,-3.9756363630e-01,-1.3896424770e+00,1.5968728027e+03
3580,3.9847695827e-01,-3.9742362499e-01,1.8885687590e+00,1.5966940918e+03
3581,3.9825713634e-01,-3.9756646752e-01,-2.1514481306e-01,1.5965147705e+03
3582,3.9838430285e-01,-3.9740020037e-01,5.0717663765e-01,1.5963364258e+03
3583,3.9821052551e-01,-3.9754158258e-01,7.5184828043e-01,1.5961572266e+03
3584,3.9845430851e-01,-3.9726012945e-01,1.0868769884e+00,1.5959788818e+03
3585,3.9821502566e-01,-3.9745298028e-01,7.8429865837e-01,1.5958000488e+03
3586,3.9839717746e-01,-3.9722713828e-01,-4.5451872051e-02,1.5956210938e+03
3587,3.9811509848e-01,-3.9745995402e-01,8.5246634483e-01,1.5954427490e+03
3588,3.9836248755e-01,-3.9716699719e-01,3.2200029492e-01,1.5952644043e+03
3589,3.9823156595e-01,-3.9725100994e-01,2.0988647938e+00,1.5950856934e+03
3590,3.9829626679e-01,-3.9716359973e-01,-4.8149776459e-01,1.5949069824e+03
3591,3.9816942811e-01,-3.9724013209e-01,-8.9504647255e-01,1.5947280273e+03
3592,3.9821988344e-01,-3.9714834094e-01,3.1452870369e+00,1.5945498047e+03
3593,3.9812195301e-01,-3.9719444513e-01,-1.8907752037e+00,1.5943710938e+03
3594,3.9805477858e-01,-3.9720797539e-01,2.1339898109e+00,1.5941932373e+03
3595,3.9809677005e-01,-3.9711639285e-01,8.5985690355e-02,1.5940145264e+03
3596,3.9795747399e-01,-3.9722117782e-01,1.5149736404e-01,1.5938361816e+03
3597,3.9809826016e-01,-3.9703771472e-01,2.9362031817e-01,1.5936579590e+03
3598,3.9795932174e-01,-3.9712390304e-01,1.3799219131e+00,1.5934796143e+03
3599,3.9808014035e-01,-3.9697527885e-01,4.7729295492e-01,1.5933012695e+03
3600,3.9788997173e-01,-3.9711353183e-01,3.4170156717e-01,1.5931231689e+03
3601,3.9808112383e-01,-3.9687380195e-01,1.6626700163e+00,1.5929448242e+03
3602,3.9784675837e-01,-3.9706060290e-01,-1.1102875471e+00,1.5927663574e+03
3603,3.9802029729e-01,-3.9685842395e-01,1.6298274994e+00,1.5925885010e+03
3604,3.9776995778e-01,-3.9705348015e-01,4.3554693460e-01,1.5924101562e+03
3605,3.9799112082e-01,-3.9680221677e-01,-3.6663049459e-01,1.5922325439e+03
3606,3.9774206281e-01,-3.9698341489e-01,1.6707472801e+00,1.5920540771e+03
3607,3.9796471596e-01,-3.9673349261e-01,-1.9311343133e-01,1.5918758545e+03
3608,3.9769265056e-01,-3.9694699645e-01,1.2014719248e+00,1.5916984863e+03
3609,3.9774978161e-01,-3.9685863256e-01,-1.6249151230e+00,1.5915202637e+03
3610,3.9769616723e-01,-3.9686131477e-01,1.5511286259e+00,1.5913425293e+03
3611,3.9768040180e-01,-3.9682376385e-01,2.8703019619e+00,1.5911643066e+03
3612,3.9782899618e-01,-3.9663669467e-01,-5.2655982971e-01,1.5909868164e+03
3613,3.9767339826e-01,-3.9675369859e-01,-7.7002775669e-01,1.5908085938e+03
3614,3.9774915576e-01,-3.9662790298e-01,2.3653416634e+00,1.5906306152e+03
3615,3.9760383964e-01,-3.9673730731e-01,-1.5490914583e+00,1.5904533691e+03
3616,3.9776596427e-01,-3.9652833343e-01,2.4695742130e+00,1.5902752686e+03
3617,3.9757284522e-01,-3.9668121934e-01,-2.2611440718e-01,1.5900977783e+03
3618,3.9772012830e-01,-3.9648613334e-01,4.3218281865e-01,1.5899197998e+03
3619,3.9746999741e-01,-3.9668786526e-01,4.9521535635e-01,1.5897423096e+03
3620,3.9769083261e-01,-3.9643034339e-01,5.8696758747e-01,1.5895648193e+03
3621,3.9743846655e-01,-3.9663425088e-01,3.3657285571e-01,1.5893872070e+03
3622,3.9762794971e-01,-3.9639785886e-01,8.9201819897e-01,1.5892094727e+03
3623,3.9737907052e-01,-3.9659363031e-01,2.2631904483e-01,1.5890319824e+03
3624,3.9761930704e-01,-3.9632183313e-01,6.1347663403e-01,1.5888544922e+03
3625,3.9750877023e-01,-3.9638513327e-01,2.1668212414e+00,1.5886768799e+03
3626,3.9750432968e-01,-3.9634355903e-01,-4.0196254849e-01,1.5884993896e+03
3627,3.9749968052e-01,-3.9630222321e-01,-4.0196254849e-01,1.5883220215e+03
3628,3.9739742875e-01,-3.9637428522e-01,-4.8095127940e-01,1.5881441650e+03
3629,3.9740845561e-01,-3.9630571008e-01,2.9943990707e+00,1.5879669189e+03
3630,3.9733293653e-01,-3.9634868503e-01,-2.1022143364e+00,1.5877896729e+03
3631,3.9740487933e-01,-3.9622715116e-01,2.7666311264e+00,1.5876121826e+03
3632,3.9722463489e-01,-3.9636662602e-01,-1.0769915581e+00,1.5874354248e+03
3633,3.9740091562e-01,-3.9614075422e-01,1.6194249392e+00,1.5872579346e+03
3634,3.9721354842e-01,-3.9629158378e-01,-4.0073823929e-01,1.5870808105e+03
3635,3.9735719562e-01,-3.9610543847e-01,1.3684954643e+00,1.5869033203e+03
3636,3.9720225334e-01,-3.9620953798e-01,-6.4845979214e-01,1.5867260742e+03
3637,3.9723524451e-01,-3.9613708854e-01,1.9671763182e+00,1.5865491943e+03
3638,3.9716544747e-01,-3.9615848660e-01,-1.0721882582e+00,1.5863717041e+03
3639,3.9722871780e-01,-3.9605292678e-01,2.4641835690e+00,1.5861951904e+03
3640,3.9707657695e-01,-3.9615723491e-01,-1.8866732121e+00,1.5860175781e+03
3641,3.9720743895e-01,-3.9598229527e-01,2.3287811279e+00,1.5858411865e+03
3642,3.9703750610e-01,-3.9610111713e-01,-9.8986560106e-01,1.5856634521e+03
3643,3.9716973901e-01,-3.9593246579e-01,1.9926236868e+00,1.5854866943e+03
3644,3.9699205756e-01,-3.9607685804e-01,-6.9789457321e-01,1.5853100586e+03
3645,3.9713957906e-01,-3.9586940408e-01,1.8343405724e+00,1.5851331787e+03
3646,3.9694547653e-01,-3.9602905512e-01,-1.1190248728e+00,1.5849564209e+03
3647,3.9708814025e-01,-3.9584720135e-01,2.2967932224e+00,1.5847796631e+03
3648,3.9684930444e-01,-3.9603793621e-01,-9.8186826706e-01,1.5846024170e+03
3649,3.9708930254e-01,-3.9575648308e-01,1.4194045067e+00,1.5844257812e+03
3650,3.9684182405e-01,-3.9595007896e-01,-9.8389461637e-03,1.5842491455e+03
3651,3.9700737596e-01,-3.9575034380e-01,4.9826970696e-01,1.5840725098e+03
3652,3.9675861597e-01,-3.9594823122e-01,7.4371892214e-01,1.5838956299e+03
3653,3.9701622725e-01,-3.9565241337e-01,1.5839265287e-01,1.5837188721e+03
3654,3.9673498273e-01,-3.9588418603e-01,6.5692567825e-01,1.5835421143e+03
3655,3.9681571722e-01,-3.9576268196e-01,-1.2120306492e+00,1.5833659668e+03
3656,3.9678511024e-01,-3.9574635029e-01,1.3154563904e+00,1.5831894531e+03
3657,3.9675325155e-01,-3.9573165774e-01,2.3763031960e+00,1.5830126953e+03
3658,3.9683181047e-01,-3.9561820030e-01,-5.1837265491e-03,1.5828363037e+03
3659,3.9670959115e-01,-3.9569944143e-01,-1.0301420689e+00,1.5826601562e+03
3660,3.9678338170e-01,-3.9557513595e-01,2.2811527252e+00,1.5824836426e+03
3661,3.9667695761e-01,-3.9562904835e-01,-1.2980365753e+00,1.5823067627e+03
3662,3.9677003026e-01,-3.9550611377e-01,1.9438862801e+00,1.5821303711e+03
3663,3.9659669995e-01,-3.9562454820e-01,-8.1277102232e-01,1.5819544678e+03
3664,3.9676374197e-01,-3.9541739225e-01,1.0275807381e+00,1.5817779541e+03
3665,3.9655640721e-01,-3.9557966590e-01,-1.7051053047e-01,1.5816018066e+03
3666,3.9672151208e-01,-3.9537632465e-01,1.6013088226e+00,1.5814254150e+03
3667,3.9649361372e-01,-3.9555329084e-01,-6.1577737331e-01,1.5812492676e+03
3668,3.9668220282e-01,-3.9532351494e-01,1.6910325289e+00,1.5810728760e+03
3669,3.9646279812e-01,-3.9550057054e-01,-9.1352790594e-01,1.5808966064e+03
3670,3.9667543769e-01,-3.9525055885e-01,1.5051828623e+00,1.5807204590e+03
3671,3.9636704326e-01,-3.9550304413e-01,-2.9683893919e-01,1.5805440674e+03
3672,3.9664244652e-01,-3.9519095421e-01,1.0890383720e+00,1.5803686523e+03
3673,3.9636421204e-01,-3.9542064071e-01,7.3668801785e-01,1.5801922607e+03
3674,3.9658868313e-01,-3.9515778422e-01,-3.0480533838e-01,1.5800164795e+03
3675,3.9629015326e-01,-3.9540195465e-01,9.0130513906e-01,1.5798404541e+03
3676,3.9652842283e-01,-3.9512327313e-01,-4.2192402482e-01,1.5796644287e+03
3677,3.9643493295e-01,-3.9517569542e-01,2.6887466908e+00,1.5794882812e+03
3678,3.9646980166e-01,-3.9510062337e-01,-3.6270454526e-01,1.5793122559e+03
3679,3.9646095037e-01,-3.9506494999e-01,-1.6805675030e+00,1.5791362305e+03
3680,3.9626589417e-01,-3.9521065354e-01,1.3100759983e+00,1.5789605713e+03
3681,3.9638572931e-01,-3.9504438639e-01,1.9512171745e+00,1.5787845459e+03
3682,3.9624157548e-01,-3.9515507221e-01,-1.3620419502e+00,1.5786092529e+03
3683,3.9629992843e-01,-3.9504581690e-01,1.7232687473e+00,1.5784331055e+03
3684,3.9619687200e-01,-3.9511272311e-01,-2.9585033655e-01,1.5782570801e+03
3685,3.9632567763e-01,-3.9493232965e-01,1.1003602743e+00,1.5780814209e+03
3686,3.9611592889e-01,-3.9509883523e-01,3.0209606886e-01,1.5779060059e+03
3687,3.9627650380e-01,-3.9489915967e-01,1.2420020998e-01,1.5777302246e+03
3688,3.9607694745e-01,-3.9505079389e-01,5.9847390652e-01,1.5775541992e+03
3689,3.9625069499e-01,-3.9483791590e-01,2.8864586353e-01,1.5773791504e+03
3690,3.9599281549e-01,-3.9504954219e-01,1.9846686721e-01,1.5772031250e+03
3691,3.9625793695e-01,-3.9474001527e-01,1.1458443403e+00,1.5770274658e+03
3692,3.9614251256e-01,-3.9481034875e-01,1.5466049910e+00,1.5768525391e+03
3693,3.9611402154e-01,-3.9479401708e-01,-2.8190016747e-01,1.5766770020e+03
3694,3.9608728886e-01,-3.9477783442e-01,-2.8190016747e-01,1.5765013428e+03
3695,3.9602681994e-01,-3.9480075240e-01,-7.8874611855e-01,1.5763256836e+03
3696,3.9595851302e-01,-3.9481616020e-01,1.0638458729e+00,1.5761503906e+03
3697,3.9602258801e-01,-3.9469888806e-01,1.2094560862e+00,1.5759748535e+03
3698,3.9593204856e-01,-3.9476406574e-01,-1.8104170561e+00,1.5757998047e+03
3699,3.9595684409e-01,-3.9468875527e-01,3.4800930023e+00,1.5756243896e+03
3700,3.9586213231e-01,-3.9474800229e-01,-1.4610170126e+00,1.5754490967e+03
3701,3.9590194821e-01,-3.9466118813e-01,2.0090813637e+00,1.5752738037e+03
3702,3.9582687616e-01,-3.9469256997e-01,-2.2235791683e+00,1.5750985107e+03
3703,3.9585462213e-01,-3.9461183548e-01,4.0206980705e+00,1.5749238281e+03
3704,3.9585474133e-01,-3.9458587766e-01,-2.6439766884e+00,1.5747485352e+03
3705,3.9583623409e-01,-3.9456626773e-01,1.6579525471e+00,1.5745734863e+03
3706,3.9582920074e-01,-3.9451175928e-01,1.4573334455e+00,1.5743985596e+03
3707,3.9576932788e-01,-3.9453732967e-01,-2.5027196407e+00,1.5742230225e+03
3708,3.9577522874e-01,-3.9448004961e-01,3.4147326946e+00,1.5740479736e+03
3709,3.9561948180e-01,-3.9459511638e-01,-1.4580422640e+00,1.5738730469e+03
3710,3.9579987526e-01,-3.9436861873e-01,8.8316047192e-01,1.5736982422e+03
3711,3.9563149214e-01,-3.9449489117e-01,5.0284832716e-01,1.5735231934e+03
3712,3.9569228888e-01,-3.9438942075e-01,2.0315194130e-01,1.5733483887e+03
3713,3.9561259747e-01,-3.9442506433e-01,-3.9012205601e-01,1.5731733398e+03
3714,3.9567968249e-01,-3.9431527257e-01,2.5709862709e+00,1.5729987793e+03
3715,3.9553183317e-01,-3.9442023635e-01,-2.9365091324e+00,1.5728233643e+03
3716,3.9566007257e-01,-3.9425587654e-01,3.1744916439e+00,1.5726489258e+03
3717,3.9545318484e-01,-3.9440771937e-01,-1.3852679729e+00,1.5724743652e+03
3718,3.9566364884e-01,-3.9416021109e-01,1.4057147503e+00,1.5722994385e+03
3719,3.9542925358e-01,-3.9434307814e-01,7.2188451886e-02,1.5721242676e+03
3720,3.9556494355e-01,-3.9417237043e-01,5.1470017433e-01,1.5719500732e+03
3721,3.9536103606e-01,-3.9432787895e-01,-2.2802487016e-01,1.5717753906e+03
3722,3.9555859566e-01,-3.9408501983e-01,1.9568305016e+00,1.5716004639e+03
3723,3.9529937506e-01,-3.9430344105e-01,-1.9619778395e+00,1.5714259033e+03
3724,3.9556267858e-01,-3.9399603009e-01,2.5438432693e+00,1.5712513428e+03
3725,3.9528408647e-01,-3.9423063397e-01,-5.2387404442e-01,1.5710770264e+03
3726,3.9551955462e-01,-3.9395305514e-01,1.8926140666e-01,1.5709022217e+03
3727,3.9522475004e-01,-3.9420011640e-01,6.8742865324e-01,1.5707279053e+03
3728,3.9545902610e-01,-3.9392775297e-01,-4.3285161257e-02,1.5705533447e+03
3729,3.9516690373e-01,-3.9416915178e-01,8.1298267841e-01,1.5703791504e+03
3730,3.9526814222e-01,-3.9402985573e-01,-1.5810078382e+00,1.5702047119e+03
3731,3.9520892501e-01,-3.9404308796e-01,1.2094084024e+00,1.5700305176e+03
3732,3.9529141784e-01,-3.9391696453e-01,2.9958171844e+00,1.5698560791e+03
3733,3.9520385861e-01,-3.9396381378e-01,-3.2207684517e+00,1.5696818848e+03
3734,3.9516466856e-01,-3.9395421743e-01,3.0329320431e+00,1.5695076904e+03
3735,3.9533218741e-01,-3.9374607801e-01,2.9538685083e-01,1.5693333740e+03
3736,3.9513516426e-01,-3.9390346408e-01,-8.1398802996e-01,1.5691591797e+03
3737,3.9517268538e-01,-3.9381194115e-01,-4.2422980070e-02,1.5689848633e+03
3738,3.9511755109e-01,-3.9383476973e-01,1.8329305649e+00,1.5688106689e+03
3739,3.9514988661e-01,-3.9375513792e-01,-1.9558126926e+00,1.5686364746e+03
3740,3.9508265257e-01,-3.9377903938e-01,3.0219933987e+00,1.5684624023e+03
3741,3.9516812563e-01,-3.9365151525e-01,8.5566020012e-01,1.5682884521e+03
3742,3.9507642388e-01,-3.9370048046e-01,-2.9682319164e+00,1.5681142578e+03
3743,3.9496836066e-01,-3.9376324415e-01,2.7429687977e+00,1.5679403076e+03
3744,3.9506253600e-01,-3.9362248778e-01,-8.4408682585e-01,1.5677662354e+03
3745,3.9498466253e-01,-3.9365729690e-01,1.1082799435e+00,1.5675921631e+03
3746,3.9503934979e-01,-3.9355662465e-01,-5.0915765762e-01,1.5674183350e+03
3747,3.9492267370e-01,-3.9362651110e-01,1.3819837570e+00,1.5672445068e+03
3748,3.9496752620e-01,-3.9355376363e-01,-5.2522706985e-01,1.5670706787e+03
3749,3.9480888844e-01,-3.9366504550e-01,2.0340207964e-02,1.5668966064e+03
3750,3.9493536949e-01,-3.9349585772e-01,1.4570981264e+00,1.5667231445e+03
3751,3.9481759071e-01,-3.9355716109e-01,-7.0013964176e-01,1.5665490723e+03
3752,3.9494401217e-01,-3.9339393377e-01,3.4816569090e-01,1.5663754883e+03
3753,3.9469403028e-01,-3.9360076189e-01,8.6651027203e-01,1.5662016602e+03
3754,3.9490628242e-01,-3.9334943891e-01,-5.0325173140e-01,1.5660283203e+03
3755,3.9468839765e-01,-3.9351415634e-01,1.0833088160e+00,1.5658546143e+03
3756,3.9490827918e-01,-3.9325660467e-01,3.1662651896e-01,1.5656811523e+03
3757,3.9459875226e-01,-3.9351746440e-01,-3.6791267991e-01,1.5655069580e+03
3758,3.9483869076e-01,-3.9324101806e-01,4.6126264334e-01,1.5653334961e+03
3759,3.9455890656e-01,-3.9347279072e-01,1.0626251698e+00,1.5651601562e+03
3760,3.9481854439e-01,-3.9317485690e-01,-7.9288548231e-01,1.5649868164e+03
3761,3.9469051361e-01,-3.9325442910e-01,2.5658316612e+00,1.5648133545e+03
3762,3.9471057057e-01,-3.9319202304e-01,-4.7103005648e-01,1.5646395264e+03
3763,3.9474660158e-01,-3.9311432838e-01,-1.0218628645e+00,1.5644661865e+03
3764,3.9453142881e-01,-3.9329382777e-01,-1.4721852541e-01,1.5642923584e+03
3765,3.9468085766e-01,-3.9309057593e-01,2.4678452015e+00,1.5641191406e+03
3766,3.9447170496e-01,-3.9325848222e-01,-1.8579493761e+00,1.5639459229e+03
3767,3.9458253980e-01,-3.9311182499e-01,1.7314143181e+00,1.5637720947e+03
3768,3.9441126585e-01,-3.9324206114e-01,-1.2705653906e-01,1.5635991211e+03
3769,3.9454814792e-01,-3.9305043221e-01,4.4329917431e-01,1.5634260254e+03
3770,3.9433270693e-01,-3.9322730899e-01,-5.7184183598e-01,1.5632525635e+03
3771,3.9459642768e-01,-3.9291906357e-01,1.8554637432e+00,1.5630794678e+03
3772,3.9437553287e-01,-3.9309030771e-01,-5.1201754808e-01,1.5629062500e+03
3773,3.9448052645e-01,-3.9294955134e-01,5.7501459122e-01,1.5627333984e+03
3774,3.9431777596e-01,-3.9306086302e-01,-2.6027175784e-01,1.5625600586e+03
3775,3.9447051287e-01,-3.9287671447e-01,9.3507659435e-01,1.5623872070e+03
3776,3.9423918724e-01,-3.9305666089e-01,-1.8985727429e-01,1.5622141113e+03
3777,3.9445328712e-01,-3.9280384779e-01,5.9784984589e-01,1.5620410156e+03
3778,3.9417922497e-01,-3.9302662015e-01,4.0701133013e-01,1.5618679199e+03
3779,3.9440822601e-01,-3.9276352525e-01,-5.9074324369e-01,1.5616950684e+03
3780,3.9413422346e-01,-3.9298567176e-01,1.0888960361e+00,1.5615219727e+03
3781,3.9436444640e-01,-3.9271891117e-01,-1.0650714636e+00,1.5613491211e+03
3782,3.9426887035e-01,-3.9276638627e-01,2.7637569904e+00,1.5611762695e+03
3783,3.9428794384e-01,-3.9270764589e-01,-7.4116140604e-01,1.5610029297e+03
3784,3.9430376887e-01,-3.9265167713e-01,-7.4116140604e-01,1.5608304443e+03
3785,3.9412167668e-01,-3.9279082417e-01,-5.8456379175e-01,1.5606573486e+03
3786,3.9419010282e-01,-3.9267268777e-01,2.5850274563e+00,1.5604844971e+03
3787,3.9407613873e-01,-3.9274913073e-01,-1.8527936935e+00,1.5603116455e+03
3788,3.9416027069e-01,-3.9261397719e-01,1.9710220098e+00,1.5601391602e+03
3789,3.9398086071e-01,-3.9275714755e-01,-9.9771773815e-01,1.5599666748e+03
3790,3.9417478442e-01,-3.9251717925e-01,1.4866024256e+00,1.5597938232e+03
3791,3.9394035935e-01,-3.9271017909e-01,-5.1065737009e-01,1.5596210938e+03
3792,3.9413118362e-01,-3.9247438312e-01,8.1812888384e-01,1.5594484863e+03
3793,3.9388284087e-01,-3.9267677069e-01,-5.3600513935e-01,1.5592760010e+03
3794,3.9407065511e-01,-3.9245232940e-01,7.4461060762e-01,1.5591035156e+03
3795,3.9386171103e-01,-3.9260840416e-01,-1.0356913507e-01,1.5589310303e+03
3796,3.9403322339e-01,-3.9240232110e-01,7.6784408092e-01,1.5587584229e+03
3797,3.9378193021e-01,-3.9260312915e-01,-1.0784966499e-01,1.5585855713e+03
3798,3.9402228594e-01,-3.9232480526e-01,2.9272785783e-01,1.5584136963e+03
3799,3.9374783635e-01,-3.9254766703e-01,8.1191033125e-01,1.5582410889e+03
3800,3.9396712184e-01,-3.9229556918e-01,-1.0092239380e+00,1.5580687256e+03
3801,3.9371013641e-01,-3.9250075817e-01,1.3913166523e+00,1.5578962402e+03
3802,3.9393794537e-01,-3.9223605394e-01,-7.2229701281e-01,1.5577243652e+03
3803,3.9382877946e-01,-3.9229872823e-01,1.9908450842e+00,1.5575518799e+03
3804,3.9382544160e-01,-3.9225879312e-01,-1.7099854350e-01,1.5573791504e+03
3805,3.9381885529e-01,-3.9222130179e-01,-1.7099854350e-01,1.5572071533e+03
3806,3.9377528429e-01,-3.9222010970e-01,-8.5235530138e-01,1.5570349121e+03
3807,3.9364182949e-01,-3.9232856035e-01,-5.4860216379e-01,1.5568623047e+03
3808,3.9364299178e-01,-3.9226961136e-01,1.8146921396e+00,1.5566903076e+03
3809,3.9373937249e-01,-3.9212501049e-01,-2.5144720078e-01,1.5565183105e+03
3810,3.9356118441e-01,-3.9227101207e-01,7.8091847897e-01,1.5563461914e+03
3811,3.9366441965e-01,-3.9210745692e-01,-4.6078085899e-01,1.5561743164e+03
3812,3.9357453585e-01,-3.9217913151e-01,1.8688108027e-01,1.5560021973e+03
3813,3.9352071285e-01,-3.9219141006e-01,7.8998374939e-01,1.5558302002e+03
3814,3.9347031713e-01,-3.9219942689e-01,7.8998374939e-01,1.5556585693e+03
3815,3.9355888963e-01,-3.9204329252e-01,8.9366728067e-01,1.5554864502e+03
3816,3.9356335998e-01,-3.9199784398e-01,-2.8361082077e+00,1.5553144531e+03
3817,3.9346015453e-01,-3.9205512404e-01,2.0348966122e+00,1.5551424561e+03
3818,3.9351004362e-01,-3.9195320010e-01,6.7719304562e-01,1.5549705811e+03
3819,3.9341154695e-01,-3.9202606678e-01,-2.0666000843e+00,1.5547987061e+03
3820,3.9349591732e-01,-3.9190581441e-01,2.9164042473e+00,1.5546269531e+03
3821,3.9333969355e-01,-3.9201548696e-01,-1.7660819292e+00,1.5544548340e+03
3822,3.9350363612e-01,-3.9182358980e-01,1.3449211121e+00,1.5542836914e+03
3823,3.9329773188e-01,-3.9196309447e-01,-7.0931422710e-01,1.5541115723e+03
3824,3.9345139265e-01,-3.9178124070e-01,8.0520188808e-01,1.5539404297e+03
3825,3.9323669672e-01,-3.9192950726e-01,-6.5959239006e-01,1.5537686768e+03
3826,3.9339289069e-01,-3.9175561070e-01,1.5630757809e+00,1.5535966797e+03
3827,3.9323019981e-01,-3.9187496901e-01,-1.2750093937e+00,1.5534252930e+03
3828,3.9330714941e-01,-3.9173966646e-01,1.7531216145e+00,1.5532537842e+03
3829,3.9316594601e-01,-3.9184457064e-01,-1.6578866243e+00,1.5530821533e+03
3830,3.9332675934e-01,-3.9163345098e-01,1.9197884798e+00,1.5529106445e+03
3831,3.9308694005e-01,-3.9183083177e-01,-1.4805709124e+00,1.5527388916e+03
3832,3.9329490066e-01,-3.9158198237e-01,1.6173170805e+00,1.5525679932e+03
3833,3.9306560159e-01,-3.9176553488e-01,-1.0562264919e+00,1.5523962402e+03
3834,3.9324864745e-01,-3.9155066013e-01,9.9879604578e-01,1.5522249756e+03
3835,3.9300584793e-01,-3.9173293114e-01,-4.0349468589e-01,1.5520535889e+03
3836,3.9322564006e-01,-3.9147880673e-01,7.6979756355e-01,1.5518824463e+03
3837,3.9295092225e-01,-3.9169773459e-01,1.3749486208e-01,1.5517108154e+03
3838,3.9318934083e-01,-3.9143547416e-01,-2.1457026899e-01,1.5515397949e+03
3839,3.9306977391e-01,-3.9149802923e-01,1.6385945082e+00,1.5513686523e+03
3840,3.9306938648e-01,-3.9146348834e-01,-5.1613301039e-01,1.5511968994e+03
3841,3.9306777716e-01,-3.9142909646e-01,-5.1613301039e-01,1.5510255127e+03
3842,3.9294487238e-01,-3.9150872827e-01,-1.3360466957e+00,1.5508546143e+03
3843,3.9301830530e-01,-3.9137181640e-01,2.9939312935e+00,1.5506833496e+03
3844,3.9287456870e-01,-3.9149776101e-01,-2.4980692863e+00,1.5505124512e+03
3845,3.9296349883e-01,-3.9133825898e-01,2.2124454975e+00,1.5503414307e+03
3846,3.9286100864e-01,-3.9141944051e-01,-1.0667045116e+00,1.5501700439e+03
3847,3.9288693666e-01,-3.9133891463e-01,9.5957762003e-01,1.5499987793e+03
3848,3.9274454117e-01,-3.9143860340e-01,-8.0291581154e-01,1.5498281250e+03
3849,3.9286810160e-01,-3.9127793908e-01,2.0425746441e+00,1.5496575928e+03
3850,3.9275768399e-01,-3.9133793116e-01,-2.7748901844e+00,1.5494858398e+03
3851,3.9279145002e-01,-3.9126253128e-01,2.9428474903e+00,1.5493151855e+03
3852,3.9278221130e-01,-3.9122143388e-01,-2.0693285465e+00,1.5491440430e+03
3853,3.9271232486e-01,-3.9125117660e-01,2.0952861309e+00,1.5489738770e+03
3854,3.9282214642e-01,-3.9109328389e-01,-5.3189289570e-01,1.5488028564e+03
3855,3.9262139797e-01,-3.9125463367e-01,-4.6307992935e-01,1.5486320801e+03
3856,3.9278969169e-01,-3.9106142521e-01,5.7826250792e-01,1.5484611816e+03
3857,3.9254179597e-01,-3.9123761654e-01,-4.3501874804e-01,1.5482900391e+03
3858,3.9278963208e-01,-3.9098042250e-01,1.1717522144e+00,1.5481195068e+03
3859,3.9256307483e-01,-3.9115637541e-01,-4.5245260000e-01,1.5479488525e+03
3860,3.9272084832e-01,-3.9095097780e-01,2.6630407572e-01,1.5477784424e+03
3861,3.9244493842e-01,-3.9117610455e-01,-4.5381650329e-02,1.5476074219e+03
3862,3.9261934161e-01,-3.9096298814e-01,-1.1435779333e+00,1.5474372559e+03
3863,3.9242494106e-01,-3.9111143351e-01,1.7237833738e+00,1.5472664795e+03
3864,3.9260187745e-01,-3.9089599252e-01,-9.1610527039e-01,1.5470959473e+03
3865,3.9239618182e-01,-3.9105287194e-01,6.9807523489e-01,1.5469254150e+03
3866,3.9260700345e-01,-3.9080035686e-01,-1.8017613888e-01,1.5467550049e+03
3867,3.9249998331e-01,-3.9086750150e-01,2.0707285404e+00,1.5465842285e+03
3868,3.9248761535e-01,-3.9083334804e-01,-1.0690342188e+00,1.5464144287e+03
3869,3.9247754216e-01,-3.9079910517e-01,-1.0690342188e+00,1.5462436523e+03
3870,3.9232236147e-01,-3.9090719819e-01,2.7994334698e-02,1.5460727539e+03
3871,3.9248165488e-01,-3.9072847366e-01,2.0640389919e+00,1.5459025879e+03
3872,3.9225292206e-01,-3.9088284969e-01,-2.6287555695e+00,1.5457321777e+03
3873,3.9238372445e-01,-3.9071094990e-01,2.3802924156e+00,1.5455621338e+03
3874,3.9227128029e-01,-3.9080390334e-01,-1.4022357464e+00,1.5453916016e+03
3875,3.9238938689e-01,-3.9062803984e-01,1.3629596233e+00,1.5452213135e+03
3876,3.9215135574e-01,-3.9083009958e-01,-1.0164302588e+00,1.5450512695e+03
3877,3.9237174392e-01,-3.9057219028e-01,1.2563545704e+00,1.5448812256e+03
3878,3.9215239882e-01,-3.9074313641e-01,-4.9722796679e-01,1.5447106934e+03
3879,3.9226856828e-01,-3.9058688283e-01,5.8602660894e-01,1.5445408936e+03
3880,3.9209070802e-01,-3.9071670175e-01,-1.0510318279e+00,1.5443703613e+03
3881,3.9229384065e-01,-3.9047291875e-01,1.6775954962e+00,1.5442008057e+03
3882,3.9205181599e-01,-3.9066481590e-01,-9.8197793961e-01,1.5440308838e+03
3883,3.9225739241e-01,-3.9042243361e-01,6.3806700706e-01,1.5438607178e+03
3884,3.9198946953e-01,-3.9063814282e-01,2.0330598950e-01,1.5436906738e+03
3885,3.9220431447e-01,-3.9039415121e-01,-8.6236584187e-01,1.5435206299e+03
3886,3.9193463326e-01,-3.9061260223e-01,7.9442483187e-01,1.5433508301e+03
3887,3.9216411114e-01,-3.9034932852e-01,-1.0408514738e+00,1.5431809082e+03
3888,3.9206662774e-01,-3.9039459825e-01,2.4281249046e+00,1.5430108643e+03
3889,3.9208433032e-01,-3.9033925533e-01,-8.2982861996e-01,1.5428409424e+03
3890,3.9209938049e-01,-3.9028668404e-01,-8.2982861996e-01,1.5426712646e+03
3891,3.9192336798e-01,-3.9041310549e-01,-7.9222136736e-01,1.5425012207e+03
3892,3.9199221134e-01,-3.9030241966e-01,2.1335499287e+00,1.5423312988e+03
3893,3.9186793566e-01,-3.9038577676e-01,-1.9189258814e+00,1.5421617432e+03
3894,3.9195984602e-01,-3.9024147391e-01,1.7457031012e+00,1.5419923096e+03
3895,3.9179110527e-01,-3.9038169384e-01,-1.2391929626e+00,1.5418227539e+03
3896,3.9194807410e-01,-3.9017015696e-01,1.2831124067e+00,1.5416529541e+03
3897,3.9171579480e-01,-3.9036321640e-01,-8.2981324196e-01,1.5414833984e+03
3898,3.9192014933e-01,-3.9011532068e-01,7.0287603140e-01,1.5413135986e+03
3899,3.9169833064e-01,-3.9028987288e-01,-1.1625300646e+00,1.5411439209e+03
3900,3.9186716080e-01,-3.9008641243e-01,1.4497832060e+00,1.5409743652e+03
3901,3.9165320992e-01,-3.9025157690e-01,-1.3013759851e+00,1.5408050537e+03
3902,3.9182803035e-01,-3.9003717899e-01,1.6256861687e+00,1.5406357422e+03
3903,3.9157882333e-01,-3.9023435116e-01,-1.2538959980e+00,1.5404660645e+03
3904,3.9181703329e-01,-3.8996571302e-01,9.3320834637e-01,1.5402967529e+03
3905,3.9154136181e-01,-3.9019230008e-01,-6.2979036570e-01,1.5401273193e+03
3906,3.9177292585e-01,-3.8992610574e-01,-2.5165778399e-01,1.5399582520e+03
3907,3.9149853587e-01,-3.9014661312e-01,8.5168612003e-01,1.5397885742e+03
3908,3.9173448086e-01,-3.8987678289e-01,-5.7718884945e-01,1.5396193848e+03
3909,3.9163607359e-01,-3.8992822170e-01,1.7400031090e+00,1.5394500732e+03
3910,3.9161473513e-01,-3.8990539312e-01,-4.2108458281e-01,1.5392805176e+03
3911,3.9159294963e-01,-3.8988330960e-01,-4.2108458281e-01,1.5391112061e+03
3912,3.9157104492e-01,-3.8986167312e-01,-4.2108458281e-01,1.5389423828e+03
3913,3.9154917002e-01,-3.8984033465e-01,-4.2108458281e-01,1.5387725830e+03
3914,3.9150878787e-01,-3.8983651996e-01,-1.3996769190e+00,1.5386035156e+03
3915,3.9147242904e-01,-3.8983282447e-01,-8.5894173384e-01,1.5384343262e+03
3916,3.9142426848e-01,-3.8984411955e-01,3.3905358315e+00,1.5382652588e+03
3917,3.9146730304e-01,-3.8975170255e-01,3.8303822279e-01,1.5380960693e+03
3918,3.9135780931e-01,-3.8983032107e-01,-3.1925618649e+00,1.5379274902e+03
3919,3.9142486453e-01,-3.8970211148e-01,3.9860167503e+00,1.5377580566e+03
3920,3.9127522707e-01,-3.8982215524e-01,-1.4457162619e+00,1.5375893555e+03
3921,3.9138334990e-01,-3.8967287540e-01,-1.4271469116e+00,1.5374202881e+03
3922,3.9124211669e-01,-3.8977238536e-01,1.9782683849e+00,1.5372518311e+03
3923,3.9136436582e-01,-3.8959455490e-01,-1.5206190348e+00,1.5370825195e+03
3924,3.9120015502e-01,-3.8972705603e-01,2.5883662701e-01,1.5369138184e+03
3925,3.9132064581e-01,-3.8956543803e-01,1.4233679771e+00,1.5367445068e+03
3926,3.9110088348e-01,-3.8974031806e-01,-2.1851487160e+00,1.5365759277e+03
3927,3.9134809375e-01,-3.8944250345e-01,2.0167932510e+00,1.5364075928e+03
3928,3.9104092121e-01,-3.8971558213e-01,-1.4039887190e+00,1.5362385254e+03
3929,3.9129084349e-01,-3.8941818476e-01,4.7920066118e-01,1.5360699463e+03
3930,3.9102292061e-01,-3.8964158297e-01,4.5278754830e-01,1.5359008789e+03
3931,3.9121359587e-01,-3.8940876722e-01,-2.2874575853e-01,1.5357322998e+03
3932,3.9099800587e-01,-3.8958543539e-01,-8.3382141590e-01,1.5355634766e+03
3933,3.9120289683e-01,-3.8933262229e-01,1.2685070038e+00,1.5353953857e+03
3934,3.9096406102e-01,-3.8952550292e-01,-8.5828769207e-01,1.5352268066e+03
3935,3.9116036892e-01,-3.8929578662e-01,-7.3062968254e-01,1.5350581055e+03
3936,3.9107075334e-01,-3.8933697343e-01,2.1543943882e+00,1.5348897705e+03
3937,3.9107370377e-01,-3.8929176331e-01,-5.9885966778e-01,1.5347210693e+03
3938,3.9105147123e-01,-3.8927507401e-01,-1.1752853394e+00,1.5345524902e+03
3939,3.9090448618e-01,-3.8937458396e-01,-1.2482768297e+00,1.5343843994e+03
3940,3.9100092649e-01,-3.8924407959e-01,3.1735191345e+00,1.5342154541e+03
3941,3.9088356495e-01,-3.8930934668e-01,-3.1187798977e+00,1.5340467529e+03
3942,3.9089873433e-01,-3.8924878836e-01,1.9659314156e+00,1.5338789062e+03
3943,3.9088597894e-01,-3.8924095035e-01,-5.2162891626e-01,1.5337102051e+03
3944,3.9086848497e-01,-3.8918158412e-01,-2.7232787013e-01,1.5335419922e+03
3945,3.9075133204e-01,-3.8926300406e-01,1.9717264920e-02,1.5333737793e+03
3946,3.9091867208e-01,-3.8907599449e-01,1.0312228203e+00,1.5332053223e+03
3947,3.9071273804e-01,-3.8922202587e-01,-2.0031914711e+00,1.5330372314e+03
3948,3.9082539082e-01,-3.8906803727e-01,1.7296568155e+00,1.5328691406e+03
3949,3.9072617888e-01,-3.8913774490e-01,-1.3350460529e+00,1.5327008057e+03
3950,3.9075738192e-01,-3.8904726505e-01,7.5537294149e-01,1.5325328369e+03
3951,3.9057603478e-01,-3.8918998837e-01,-5.0241088867e-01,1.5323647461e+03
3952,3.9080241323e-01,-3.8892814517e-01,9.2269563675e-01,1.5321967773e+03
3953,3.9054790139e-01,-3.8913422823e-01,-1.7077958584e+00,1.5320284424e+03
3954,3.9075165987e-01,-3.8888931274e-01,1.5123213530e+00,1.5318605957e+03
3955,3.9053392410e-01,-3.8906529546e-01,-1.4958062172e+00,1.5316927490e+03
3956,3.9071056247e-01,-3.8885322213e-01,5.4611003399e-01,1.5315246582e+03
3957,3.9046874642e-01,-3.8903412223e-01,4.4186085463e-02,1.5313568115e+03
3958,3.9069694281e-01,-3.8877886534e-01,-2.8241911530e-01,1.5311887207e+03
3959,3.9043235779e-01,-3.8898828626e-01,7.0069950819e-01,1.5310211182e+03
3960,3.9065477252e-01,-3.8874045014e-01,-1.0022556782e+00,1.5308530273e+03
3961,3.9054062963e-01,-3.8879585266e-01,1.7111845016e+00,1.5306851807e+03
3962,3.9055600762e-01,-3.8874009252e-01,-6.4685338736e-01,1.5305175781e+03
3963,3.9056792855e-01,-3.8868698478e-01,-6.4685338736e-01,1.5303496094e+03
3964,3.9039719105e-01,-3.8882958889e-01,-1.9497613907e+00,1.5301815186e+03
3965,3.9047160745e-01,-3.8869330287e-01,2.6945698261e+00,1.5300137939e+03
3966,3.9037176967e-01,-3.8875404000e-01,-2.3002049923e+00,1.5298464355e+03
3967,3.9041343331e-01,-3.8865980506e-01,1.8104244471e+00,1.5296785889e+03
3968,3.9035126567e-01,-3.8869822025e-01,-1.9519757032e+00,1.5295108643e+03
3969,3.9039087296e-01,-3.8860097528e-01,2.3677365780e+00,1.5293431396e+03
3970,3.9024963975e-01,-3.8871467113e-01,-3.2656543255e+00,1.5291757812e+03
3971,3.9029163122e-01,-3.8862836361e-01,3.3952243328e+00,1.5290083008e+03
3972,3.9033660293e-01,-3.8852518797e-01,-3.1169433594e+00,1.5288404541e+03
3973,3.9017349482e-01,-3.8865470886e-01,1.2163810730e+00,1.5286733398e+03
3974,3.9031103253e-01,-3.8847041130e-01,3.3431538939e-01,1.5285059814e+03
3975,3.9016357064e-01,-3.8857439160e-01,-1.0873951912e+00,1.5283383789e+03
3976,3.9025732875e-01,-3.8844308257e-01,1.4216926098e+00,1.5281710205e+03
3977,3.9008826017e-01,-3.8857999444e-01,-2.6515645981e+00,1.5280032959e+03
3978,3.9027726650e-01,-3.8835790753e-01,2.6744236946e+00,1.5278363037e+03
3979,3.9001706243e-01,-3.8855886459e-01,-2.3447985649e+00,1.5276683350e+03
3980,3.9018499851e-01,-3.8834291697e-01,1.1218606234e+00,1.5275017090e+03
3981,3.9003431797e-01,-3.8846284151e-01,1.0976907611e-01,1.5273339844e+03
3982,3.9010941982e-01,-3.8834035397e-01,-1.2891378403e+00,1.5271671143e+03
3983,3.8996607065e-01,-3.8842645288e-01,9.7233599424e-01,1.5269996338e+03
3984,3.9014717937e-01,-3.8823029399e-01,-3.1883202493e-02,1.5268325195e+03
3985,3.8985005021e-01,-3.8845896721e-01,-3.7598502636e-01,1.5266654053e+03
3986,3.8992834091e-01,-3.8834148645e-01,-1.9721931219e+00,1.5264982910e+03
3987,3.8990089297e-01,-3.8833314180e-01,6.3416957855e-01,1.5263312988e+03
3988,3.8997262716e-01,-3.8822713494e-01,2.2577645779e+00,1.5261639404e+03
3989,3.8985472918e-01,-3.8828799129e-01,-3.1553082466e+00,1.5259971924e+03
3990,3.8995715976e-01,-3.8815453649e-01,2.7138314247e+00,1.5258303223e+03
3991,3.8982719183e-01,-3.8823714852e-01,-2.4313039780e+00,1.5256632080e+03
3992,3.8987940550e-01,-3.8813188672e-01,1.5016064644e+00,1.5254962158e+03
3993,3.8982370496e-01,-3.8817521930e-01,-1.4938265085e+00,1.5253292236e+03
3994,3.8981541991e-01,-3.8809856772e-01,1.3416882753e+00,1.5251622314e+03
3995,3.8972714543e-01,-3.8815012574e-01,-1.5412033796e+00,1.5249952393e+03
3996,3.8978409767e-01,-3.8808512688e-01,1.6933777332e+00,1.5248286133e+03
3997,3.8975039124e-01,-3.8805675507e-01,-2.4616262913e+00,1.5246618652e+03
3998,3.8972875476e-01,-3.8805526495e-01,1.9291311502e+00,1.5244948730e+03
3999,3.8971957564e-01,-3.8799026608e-01,-2.1014554501e+00,1.5243282471e+03
