step,vx_50_50,vy_50_50,pressure_50_50,energy
0,4.9993833899e-01,-4.9993833899e-01,0.0000000000e+00,9.7999472656e+03
1,5.0127965212e-01,-5.0169080496e-01,3.9970701933e-01,9.9261220703e+03
2,5.0089138746e-01,-5.0134974718e-01,2.0084965229e+00,9.9310585938e+03
3,5.0081300735e-01,-5.0072252750e-01,4.6885880828e-01,9.9336542969e+03
4,5.0090897083e-01,-5.0046247244e-01,-3.5348048806e-01,9.9348613281e+03
5,5.0104188919e-01,-5.0064998865e-01,1.6734080017e-01,9.9351972656e+03
6,5.0078743696e-01,-5.0052821636e-01,1.0500082374e-01,9.9349990234e+03
7,5.0053381920e-01,-5.0042277575e-01,1.2722922862e-01,9.9344160156e+03
8,5.0065863132e-01,-5.0056463480e-01,-6.0130506754e-01,9.9335742188e+03
9,5.0090330839e-01,-5.0056660175e-01,-4.1349697113e-01,9.9325458984e+03
10,5.0082147121e-01,-5.0070083141e-01,-1.7105373740e-01,9.9313691406e+03
11,5.0063627958e-01,-5.0072771311e-01,1.6597272828e-02,9.9300849609e+03
12,5.0040274858e-01,-5.0062614679e-01,1.3640841842e-01,9.9287226562e+03
13,5.0023096800e-01,-5.0031405687e-01,-2.1362549067e-01,9.9272832031e+03
14,5.0029087067e-01,-5.0016206503e-01,-1.0370678455e-01,9.9257822266e+03
15,5.0052446127e-01,-5.0052899122e-01,-2.1647876501e-01,9.9242304688e+03
16,5.0068926811e-01,-5.0118207932e-01,-3.7936642766e-02,9.9226357422e+03
17,5.0029969215e-01,-5.0138592720e-01,1.1665425263e-02,9.9210097656e+03
18,4.9970895052e-01,-5.0090497732e-01,5.9811854362e-01,9.9193564453e+03
19,4.9933287501e-01,-5.0016403198e-01,3.6503341794e-01,9.9176738281e+03
20,4.9936711788e-01,-4.9960964918e-01,2.0701280236e-01,9.9159755859e+03
21,4.9976930022e-01,-4.9947986007e-01,-1.2945385277e-01,9.9142578125e+03
22,5.0015008450e-01,-4.9966806173e-01,-3.2764577866e-01,9.9125253906e+03
23,5.0038093328e-01,-4.9986448884e-01,-3.0319476128e-01,9.9107724609e+03
24,5.0028812885e-01,-4.9968776107e-01,6.2233891338e-02,9.9090039062e+03
25,5.0005286932e-01,-4.9933731556e-01,-1.6918407381e-01,9.9072285156e+03
26,5.0001549721e-01,-4.9949124455e-01,5.0168279558e-02,9.9054423828e+03
27,5.0018870831e-01,-4.9972930551e-01,-2.0492252707e-01,9.9036513672e+03
28,4.9976113439e-01,-4.9965888262e-01,-3.0337294936e-01,9.9018427734e+03
29,4.9930420518e-01,-4.9977278709e-01,-4.0758651495e-01,9.9000283203e+03
30,4.9934476614e-01,-5.0012177229e-01,-2.1828426421e-01,9.8982089844e+03
31,4.9944737554e-01,-4.9978464842e-01,-1.4622072875e-01,9.8963798828e+03
32,4.9919179082e-01,-4.9901470542e-01,9.6902642399e-03,9.8945458984e+03
33,4.9946901202e-01,-4.9905896187e-01,1.4470042288e-01,9.8927011719e+03
34,4.9993199110e-01,-4.9969732761e-01,1.2955932319e-01,9.8908535156e+03
35,4.9949038029e-01,-4.9963045120e-01,-1.0823065042e-01,9.8890019531e+03
36,4.9881023169e-01,-4.9907425046e-01,1.6474683583e-01,9.8871494141e+03
37,4.9897664785e-01,-4.9908542633e-01,1.0169108212e-01,9.8852871094e+03
38,4.9955943227e-01,-4.9947965145e-01,1.3610053807e-02,9.8834228516e+03
39,4.9947911501e-01,-4.9939614534e-01,-1.9046691060e-01,9.8815625000e+03
40,4.9899855256e-01,-4.9894484878e-01,1.5248127282e-01,9.8796933594e+03
41,4.9892675877e-01,-4.9884045124e-01,-1.0223314911e-01,9.8778115234e+03
42,4.9925032258e-01,-4.9884912372e-01,-3.7712055445e-01,9.8759326172e+03
43,4.9940147996e-01,-4.9882915616e-01,-5.8069092035e-01,9.8740546875e+03
44,4.9928811193e-01,-4.9908268452e-01,-4.8364937305e-01,9.8721738281e+03
45,4.9937227368e-01,-4.9929973483e-01,-5.9422571212e-02,9.8702900391e+03
46,4.9908831716e-01,-4.9907866120e-01,-1.3677328825e-01,9.8684033203e+03
47,4.9853244424e-01,-4.9878451228e-01,4.2726237327e-02,9.8665166016e+03
48,4.9837616086e-01,-4.9875712395e-01,-2.8393685818e-01,9.8646279297e+03
49,4.9837559462e-01,-4.9868375063e-01,-1.6057462990e-01,9.8627304688e+03
50,4.9834144115e-01,-4.9856996536e-01,-1.3702100515e-01,9.8608369141e+03
51,4.9842432141e-01,-4.9847856164e-01,5.3340848535e-03,9.8589384766e+03
52,4.9866908789e-01,-4.9847263098e-01,-1.3585476577e-01,9.8570419922e+03
53,4.9880516529e-01,-4.9851828814e-01,-1.5764330328e-01,9.8551416016e+03
54,4.9865278602e-01,-4.9831101298e-01,-6.7660242319e-02,9.8532382812e+03
55,4.9854779243e-01,-4.9837103486e-01,1.1059225351e-01,9.8513408203e+03
56,4.9862256646e-01,-4.9857780337e-01,1.4832126908e-03,9.8494375000e+03
57,4.9846360087e-01,-4.9837169051e-01,-8.2061938941e-02,9.8475351562e+03
58,4.9809542298e-01,-4.9796599150e-01,-9.4189822674e-02,9.8456308594e+03
59,4.9814087152e-01,-4.9806496501e-01,5.3709466010e-02,9.8437246094e+03
60,4.9839016795e-01,-4.9836248159e-01,3.8568861783e-02,9.8418144531e+03
61,4.9813029170e-01,-4.9819847941e-01,2.6311151683e-02,9.8399072266e+03
62,4.9767386913e-01,-4.9787303805e-01,-2.1023266017e-01,9.8380058594e+03
63,4.9766421318e-01,-4.9781754613e-01,-7.9214349389e-02,9.8360908203e+03
64,4.9790614843e-01,-4.9793621898e-01,-2.0250087976e-01,9.8341787109e+03
65,4.9797710776e-01,-4.9794340134e-01,-1.9170093536e-01,9.8322724609e+03
66,4.9787706137e-01,-4.9779021740e-01,-4.3978929520e-01,9.8303652344e+03
67,4.9781149626e-01,-4.9758046865e-01,-1.9653849304e-01,9.8284570312e+03
68,4.9782511592e-01,-4.9737435579e-01,-2.5328692794e-01,9.8265419922e+03
69,4.9785202742e-01,-4.9758195877e-01,-2.1775428951e-01,9.8246308594e+03
70,4.9793016911e-01,-4.9794545770e-01,-1.2190530449e-01,9.8227197266e+03
71,4.9766099453e-01,-4.9795845151e-01,5.8563303202e-02,9.8208027344e+03
72,4.9728378654e-01,-4.9796375632e-01,1.1548629031e-02,9.8188906250e+03
73,4.9716383219e-01,-4.9815538526e-01,-1.4765734971e-01,9.8169755859e+03
74,4.9701377749e-01,-4.9822518229e-01,-2.5532028079e-01,9.8150537109e+03
75,4.9663561583e-01,-4.9790167809e-01,-4.3611407280e-01,9.8131406250e+03
76,4.9667683244e-01,-4.9746015668e-01,-2.8155383468e-01,9.8112246094e+03
77,4.9708828330e-01,-4.9727356434e-01,-2.3427839577e-01,9.8093134766e+03
78,4.9740716815e-01,-4.9709302187e-01,-1.8271552026e-01,9.8074013672e+03
79,4.9744400382e-01,-4.9694317579e-01,-3.5029414296e-01,9.8054785156e+03
80,4.9744081497e-01,-4.9720367789e-01,-1.1535868794e-01,9.8035644531e+03
81,4.9745431542e-01,-4.9743115902e-01,-8.8377326727e-02,9.8016445312e+03
82,4.9687400460e-01,-4.9711346626e-01,-1.0610570759e-01,9.7997265625e+03
83,4.9642151594e-01,-4.9692252278e-01,-3.1128871441e-01,9.7978115234e+03
84,4.9661245942e-01,-4.9716597795e-01,-3.6901068687e-01,9.7958945312e+03
85,4.9675276875e-01,-4.9715745449e-01,-4.8721235991e-01,9.7939804688e+03
86,4.9653747678e-01,-4.9680736661e-01,-4.5837336779e-01,9.7920605469e+03
87,4.9673521519e-01,-4.9691963196e-01,-4.1893098503e-02,9.7901445312e+03
88,4.9707388878e-01,-4.9714496732e-01,-2.1339184046e-01,9.7882216797e+03
89,4.9695026875e-01,-4.9697160721e-01,-3.3515516669e-02,9.7863105469e+03
90,4.9660617113e-01,-4.9682214856e-01,-2.0848846436e-01,9.7843876953e+03
91,4.9651899934e-01,-4.9704745412e-01,-4.1609516740e-01,9.7824687500e+03
92,4.9661901593e-01,-4.9715363979e-01,-4.7848635912e-01,9.7805488281e+03
93,4.9644148350e-01,-4.9681764841e-01,-5.9525769949e-01,9.7786318359e+03
94,4.9636518955e-01,-4.9648717046e-01,-4.0006381273e-01,9.7767158203e+03
95,4.9663075805e-01,-4.9638164043e-01,-3.3790990710e-01,9.7747998047e+03
96,4.9667707086e-01,-4.9630084634e-01,-2.2348268330e-01,9.7728828125e+03
97,4.9657726288e-01,-4.9642381072e-01,-2.1636591852e-01,9.7709658203e+03
98,4.9649664760e-01,-4.9640056491e-01,-3.0739314388e-03,9.7690468750e+03
99,4.9624961615e-01,-4.9619039893e-01,-1.1829435825e-01,9.7671328125e+03
100,4.9620416760e-01,-4.9614688754e-01,-6.4558550715e-02,9.7652109375e+03
101,4.9623167515e-01,-4.9614295363e-01,-1.2072472274e-01,9.7632958984e+03
102,4.9606195092e-01,-4.9582183361e-01,-4.1975292563e-01,9.7613779297e+03
103,4.9600625038e-01,-4.9571678042e-01,-4.7509083152e-01,9.7594628906e+03
104,4.9627631903e-01,-4.9622827768e-01,-3.5324391723e-01,9.7575507812e+03
105,4.9634480476e-01,-4.9643212557e-01,-4.1940528154e-01,9.7556220703e+03
106,4.9589011073e-01,-4.9627381563e-01,-4.0760102868e-01,9.7537167969e+03
107,4.9568286538e-01,-4.9645662308e-01,-3.4644642472e-01,9.7517968750e+03
108,4.9580055475e-01,-4.9656406045e-01,-3.7205210328e-01,9.7498779297e+03
109,4.9552753568e-01,-4.9606049061e-01,-4.7733327746e-01,9.7479648438e+03
110,4.9522832036e-01,-4.9581468105e-01,-1.8942555785e-01,9.7460498047e+03
111,4.9561089277e-01,-4.9614825845e-01,-2.2392015159e-01,9.7441406250e+03
112,4.9592006207e-01,-4.9645972252e-01,-1.1713096499e-01,9.7422207031e+03
113,4.9561351538e-01,-4.9610325694e-01,-3.6484402418e-01,9.7403085938e+03
114,4.9523076415e-01,-4.9541732669e-01,-2.6342415810e-01,9.7383955078e+03
115,4.9523001909e-01,-4.9506181479e-01,-7.1209007502e-01,9.7364746094e+03
116,4.9566200376e-01,-4.9560981989e-01,-7.4960947037e-01,9.7345673828e+03
117,4.9593037367e-01,-4.9618601799e-01,-7.5378835201e-01,9.7326542969e+03
118,4.9558821321e-01,-4.9595677853e-01,-3.6463910341e-01,9.7307333984e+03
119,4.9514314532e-01,-4.9522677064e-01,-2.1486811340e-01,9.7288203125e+03
120,4.9526348710e-01,-4.9498090148e-01,-4.5551589131e-01,9.7269033203e+03
121,4.9573364854e-01,-4.9532309175e-01,-6.7257887125e-01,9.7249902344e+03
122,4.9579116702e-01,-4.9545514584e-01,-7.3137265444e-01,9.7230820312e+03
123,4.9534180760e-01,-4.9537378550e-01,-4.7232520580e-01,9.7211640625e+03
124,4.9504479766e-01,-4.9549829960e-01,-3.4203380346e-01,9.7192578125e+03
125,4.9504521489e-01,-4.9570819736e-01,-2.6922753453e-01,9.7173427734e+03
126,4.9492421746e-01,-4.9580499530e-01,-3.5514062643e-01,9.7154296875e+03
127,4.9464407563e-01,-4.9577757716e-01,-3.6685416102e-01,9.7135136719e+03
128,4.9448367953e-01,-4.9561884999e-01,-8.7939754128e-02,9.7116074219e+03
129,4.9444502592e-01,-4.9548798800e-01,-2.4965591729e-01,9.7096962891e+03
130,4.9431747198e-01,-4.9531581998e-01,-5.4171216488e-01,9.7077841797e+03
131,4.9417400360e-01,-4.9506264925e-01,-5.2016097307e-01,9.7058662109e+03
132,4.9414885044e-01,-4.9495911598e-01,-5.8707934618e-01,9.7039531250e+03
133,4.9430945516e-01,-4.9489843845e-01,-6.8330305815e-01,9.7020507812e+03
134,4.9454176426e-01,-4.9499446154e-01,-3.9112398028e-01,9.7001376953e+03
135,4.9469393492e-01,-4.9483451247e-01,-4.9580076337e-01,9.6982255859e+03
136,4.9469742179e-01,-4.9447879195e-01,-5.5171513557e-01,9.6963105469e+03
137,4.9461871386e-01,-4.9448916316e-01,-7.2477585077e-01,9.6944052734e+03
138,4.9467971921e-01,-4.9461546540e-01,-6.6856235266e-01,9.6925009766e+03
139,4.9463081360e-01,-4.9473586679e-01,-5.7698029280e-01,9.6905878906e+03
140,4.9457216263e-01,-4.9494540691e-01,-4.6861118078e-01,9.6886865234e+03
141,4.9451351166e-01,-4.9501055479e-01,-4.6996402740e-01,9.6867773438e+03
142,4.9430719018e-01,-4.9462896585e-01,-5.2889996767e-01,9.6848681641e+03
143,4.9413692951e-01,-4.9426352978e-01,-6.7848068476e-01,9.6829648438e+03
144,4.9424952269e-01,-4.9435964227e-01,-6.1526668072e-01,9.6810546875e+03
145,4.9443259835e-01,-4.9451822042e-01,-8.1920409203e-01,9.6791455078e+03
146,4.9440455437e-01,-4.9461251497e-01,-5.3503948450e-01,9.6772412109e+03
147,4.9427422881e-01,-4.9454656243e-01,-4.2527481914e-01,9.6753330078e+03
148,4.9413767457e-01,-4.9435552955e-01,-3.8915419579e-01,9.6734326172e+03
149,4.9407935143e-01,-4.9454790354e-01,-7.7781474590e-01,9.6715263672e+03
150,4.9407213926e-01,-4.9471363425e-01,-3.2637760043e-01,9.6696142578e+03
151,4.9391230941e-01,-4.9455204606e-01,-2.7792051435e-01,9.6677158203e+03
152,4.9356433749e-01,-4.9430310726e-01,-4.8083758354e-01,9.6658125000e+03
153,4.9347922206e-01,-4.9436926842e-01,-6.1038929224e-01,9.6639042969e+03
154,4.9350729585e-01,-4.9438282847e-01,-7.1069830656e-01,9.6620048828e+03
155,4.9327266216e-01,-4.9421250820e-01,-9.6788102388e-01,9.6600966797e+03
156,4.9346551299e-01,-4.9409782887e-01,-8.4763419628e-01,9.6581962891e+03
157,4.9386328459e-01,-4.9418848753e-01,-4.9333018064e-01,9.6562929688e+03
158,4.9397736788e-01,-4.9414938688e-01,-4.8836913705e-01,9.6543876953e+03
159,4.9364620447e-01,-4.9380239844e-01,-8.4693717957e-01,9.6524863281e+03
160,4.9337378144e-01,-4.9382984638e-01,-4.7637519240e-01,9.6505791016e+03
161,4.9359744787e-01,-4.9399620295e-01,-4.8475736380e-01,9.6486845703e+03
162,4.9346575141e-01,-4.9369776249e-01,-4.4251409173e-01,9.6467841797e+03
163,4.9308630824e-01,-4.9324992299e-01,-6.9357329607e-01,9.6448818359e+03
164,4.9315449595e-01,-4.9315023422e-01,-8.0280232430e-01,9.6429755859e+03
165,4.9350920320e-01,-4.9344629049e-01,-1.0155650377e+00,9.6410820312e+03
166,4.9361786246e-01,-4.9345743656e-01,-1.0911012888e+00,9.6391767578e+03
167,4.9337732792e-01,-4.9314558506e-01,-8.7895035744e-01,9.6372802734e+03
168,4.9342948198e-01,-4.9305415154e-01,-4.4669353962e-01,9.6353759766e+03
169,4.9378588796e-01,-4.9330112338e-01,-3.3439314365e-01,9.6334794922e+03
170,4.9371480942e-01,-4.9340578914e-01,-1.8402920663e-01,9.6315839844e+03
171,4.9327704310e-01,-4.9317130446e-01,-4.3349322677e-01,9.6296904297e+03
172,4.9287328124e-01,-4.9276703596e-01,-8.3842068911e-01,9.6277949219e+03
173,4.9303054810e-01,-4.9268072844e-01,-1.3593715429e+00,9.6258935547e+03
174,4.9341890216e-01,-4.9271038175e-01,-1.0984939337e+00,9.6239960938e+03
175,4.9353033304e-01,-4.9276143312e-01,-8.1928783655e-01,9.6221035156e+03
176,4.9348494411e-01,-4.9294510484e-01,-4.8937028646e-01,9.6202031250e+03
177,4.9338504672e-01,-4.9308830500e-01,-4.8649048805e-01,9.6183085938e+03
178,4.9317446351e-01,-4.9288666248e-01,-3.6077839136e-01,9.6164111328e+03
179,4.9286171794e-01,-4.9239438772e-01,-5.7592648268e-01,9.6145146484e+03
180,4.9269542098e-01,-4.9210417271e-01,-8.3454012871e-01,9.6126220703e+03
181,4.9287402630e-01,-4.9234026670e-01,-9.7225391865e-01,9.6107285156e+03
182,4.9310079217e-01,-4.9257028103e-01,-9.9336981773e-01,9.6088369141e+03
183,4.9298307300e-01,-4.9266684055e-01,-1.0165207386e+00,9.6069414062e+03
184,4.9277547002e-01,-4.9291652441e-01,-7.0347046852e-01,9.6050449219e+03
185,4.9267494678e-01,-4.9314624071e-01,-4.7612121701e-01,9.6031582031e+03
186,4.9235156178e-01,-4.9290558696e-01,-5.5801063776e-01,9.6012636719e+03
187,4.9205589294e-01,-4.9246835709e-01,-6.5019655228e-01,9.5993740234e+03
188,4.9211364985e-01,-4.9231046438e-01,-1.0696120262e+00,9.5974853516e+03
189,4.9245998263e-01,-4.9250972271e-01,-1.1591111422e+00,9.5955947266e+03
190,4.9245968461e-01,-4.9281466007e-01,-1.1428058147e+00,9.5937080078e+03
191,4.9224483967e-01,-4.9290832877e-01,-7.9181033373e-01,9.5918125000e+03
192,4.9223223329e-01,-4.9281808734e-01,-4.1007080674e-01,9.5899257812e+03
193,4.9218750000e-01,-4.9252334237e-01,-6.4144814014e-01,9.5880419922e+03
194,4.9209395051e-01,-4.9218019843e-01,-7.3657077551e-01,9.5861484375e+03
195,4.9217584729e-01,-4.9203574657e-01,-7.8754186630e-01,9.5842656250e+03
196,4.9227604270e-01,-4.9207720160e-01,-9.2372328043e-01,9.5823671875e+03
197,4.9220147729e-01,-4.9223461747e-01,-1.1870329380e+00,9.5804824219e+03
198,4.9220919609e-01,-4.9233028293e-01,-1.1565001011e+00,9.5785947266e+03
199,4.9220234156e-01,-4.9258512259e-01,-1.0712819099e+00,9.5767119141e+03
200,4.9206182361e-01,-4.9242395163e-01,-1.0104720592e+00,9.5748193359e+03
201,4.9202707410e-01,-4.9196180701e-01,-5.1278346777e-01,9.5729384766e+03
202,4.9212831259e-01,-4.9174779654e-01,-5.4372882843e-01,9.5710556641e+03
203,4.9229216576e-01,-4.9196520448e-01,-5.8233410120e-01,9.5691699219e+03
204,4.9209508300e-01,-4.9189269543e-01,-7.9329419136e-01,9.5672880859e+03
205,4.9159023166e-01,-4.9166035652e-01,-8.8763839006e-01,9.5654052734e+03
206,4.9160012603e-01,-4.9175247550e-01,-8.2405120134e-01,9.5635156250e+03
207,4.9182325602e-01,-4.9176275730e-01,-7.6346313953e-01,9.5616376953e+03
208,4.9165523052e-01,-4.9167507887e-01,-9.3024957180e-01,9.5597490234e+03
209,4.9153554440e-01,-4.9176406860e-01,-8.7949883938e-01,9.5578701172e+03
210,4.9156713486e-01,-4.9189311266e-01,-8.8772284985e-01,9.5559902344e+03
211,4.9152693152e-01,-4.9184101820e-01,-9.6557843685e-01,9.5541025391e+03
212,4.9149292707e-01,-4.9158620834e-01,-9.1456013918e-01,9.5522255859e+03
213,4.9155393243e-01,-4.9154540896e-01,-1.1709612608e+00,9.5503398438e+03
214,4.9162456393e-01,-4.9173879623e-01,-1.2410777807e+00,9.5484599609e+03
215,4.9147051573e-01,-4.9176344275e-01,-1.1301773787e+00,9.5465839844e+03
216,4.9122488499e-01,-4.9168756604e-01,-9.9014419317e-01,9.5447050781e+03
217,4.9120476842e-01,-4.9182808399e-01,-1.0503560305e+00,9.5428271484e+03
218,4.9134853482e-01,-4.9189329147e-01,-8.2372003794e-01,9.5409462891e+03
219,4.9133780599e-01,-4.9155136943e-01,-8.0965447426e-01,9.5390693359e+03
220,4.9126160145e-01,-4.9138379097e-01,-5.6381762028e-01,9.5371845703e+03
221,4.9145856500e-01,-4.9136060476e-01,-5.4778116941e-01,9.5353095703e+03
222,4.9141225219e-01,-4.9072599411e-01,-6.8805330992e-01,9.5334287109e+03
223,4.9110201001e-01,-4.9031862617e-01,-1.1026289463e+00,9.5315595703e+03
224,4.9141523242e-01,-4.9068415165e-01,-1.3903911114e+00,9.5296855469e+03
225,4.9191412330e-01,-4.9109932780e-01,-9.4486427307e-01,9.5278085938e+03
226,4.9183219671e-01,-4.9099498987e-01,-8.1638616323e-01,9.5259335938e+03
227,4.9148279428e-01,-4.9051409960e-01,-8.8953948021e-01,9.5240527344e+03
228,4.9155440927e-01,-4.9037390947e-01,-8.4098774195e-01,9.5221826172e+03
229,4.9172851443e-01,-4.9044421315e-01,-9.7597491741e-01,9.5203076172e+03
230,4.9152481556e-01,-4.9024143815e-01,-8.0875551701e-01,9.5184355469e+03
231,4.9118059874e-01,-4.9020439386e-01,-5.6274902821e-01,9.5165683594e+03
232,4.9112704396e-01,-4.9057742953e-01,-7.8331077099e-01,9.5146923828e+03
233,4.9112847447e-01,-4.9071413279e-01,-1.0481710434e+00,9.5128251953e+03
234,4.9082165956e-01,-4.9024581909e-01,-1.0062587261e+00,9.5109531250e+03
235,4.9083924294e-01,-4.8999804258e-01,-1.0539226532e+00,9.5090781250e+03
236,4.9126988649e-01,-4.9010995030e-01,-1.0144265890e+00,9.5072089844e+03
237,4.9143883586e-01,-4.9012961984e-01,-1.1147172451e+00,9.5053378906e+03
238,4.9128243327e-01,-4.9034947157e-01,-1.2684003115e+00,9.5034667969e+03
239,4.9120429158e-01,-4.9065148830e-01,-9.8961740732e-01,9.5015996094e+03
240,4.9113136530e-01,-4.9052822590e-01,-1.0360008478e+00,9.4997294922e+03
241,4.9093779922e-01,-4.9007204175e-01,-8.3846634626e-01,9.4978652344e+03
242,4.9092930555e-01,-4.8994430900e-01,-7.2709631920e-01,9.4959941406e+03
243,4.9107542634e-01,-4.8990201950e-01,-9.4720304012e-01,9.4941220703e+03
244,4.9089801311e-01,-4.8977416754e-01,-8.2712161541e-01,9.4922568359e+03
245,4.9068182707e-01,-4.8989951611e-01,-9.5905506611e-01,9.4903925781e+03
246,4.9068912864e-01,-4.9015319347e-01,-8.9892375469e-01,9.4885312500e+03
247,4.9039405584e-01,-4.8966339231e-01,-1.0241206884e+00,9.4866611328e+03
248,4.8997494578e-01,-4.8900085688e-01,-8.5734874010e-01,9.4847939453e+03
249,4.9033778906e-01,-4.8913291097e-01,-1.1043747663e+00,9.4829287109e+03
250,4.9101531506e-01,-4.8954674602e-01,-1.0349595547e+00,9.4810625000e+03
251,4.9086952209e-01,-4.8944067955e-01,-1.2013024092e+00,9.4792011719e+03
252,4.9048423767e-01,-4.8922842741e-01,-1.1888304949e+00,9.4773378906e+03
253,4.9051189423e-01,-4.8918616772e-01,-1.1762728691e+00,9.4754746094e+03
254,4.9060940742e-01,-4.8928305507e-01,-7.3353993893e-01,9.4736162109e+03
255,4.9044945836e-01,-4.8963880539e-01,-6.1655402184e-01,9.4717558594e+03
256,4.9027073383e-01,-4.8960644007e-01,-8.8414233923e-01,9.4698896484e+03
257,4.8994386196e-01,-4.8906373978e-01,-8.7506413460e-01,9.4680302734e+03
258,4.8981177807e-01,-4.8870721459e-01,-8.4788316488e-01,9.4661708984e+03
259,4.9012941122e-01,-4.8879092932e-01,-9.8214823008e-01,9.4643076172e+03
260,4.9030780792e-01,-4.8877865076e-01,-1.1424505711e+00,9.4624501953e+03
261,4.9009194970e-01,-4.8856744170e-01,-1.1789313555e+00,9.4605878906e+03
262,4.9002736807e-01,-4.8838043213e-01,-1.1859301329e+00,9.4587333984e+03
263,4.9028265476e-01,-4.8826351762e-01,-9.4763255119e-01,9.4568740234e+03
264,4.9038010836e-01,-4.8815673590e-01,-9.1851556301e-01,9.4550166016e+03
265,4.9029985070e-01,-4.8827099800e-01,-6.6432690620e-01,9.4531572266e+03
266,4.9010348320e-01,-4.8863330483e-01,-1.0637162924e+00,9.4512988281e+03
267,4.8970517516e-01,-4.8872742057e-01,-1.3319900036e+00,9.4494433594e+03
268,4.8931521177e-01,-4.8852458596e-01,-1.1582833529e+00,9.4475878906e+03
269,4.8931622505e-01,-4.8862895370e-01,-9.1143929958e-01,9.4457294922e+03
270,4.8958638310e-01,-4.8878929019e-01,-9.9725925922e-01,9.4438769531e+03
271,4.8961645365e-01,-4.8851388693e-01,-6.3159966469e-01,9.4420253906e+03
272,4.8940575123e-01,-4.8811373115e-01,-9.6860533953e-01,9.4401748047e+03
273,4.8949825764e-01,-4.8821267486e-01,-9.1446143389e-01,9.4383154297e+03
274,4.8984357715e-01,-4.8839581013e-01,-1.1400595903e+00,9.4364648438e+03
275,4.8959189653e-01,-4.8801490664e-01,-1.0641130209e+00,9.4346113281e+03
276,4.8929971457e-01,-4.8742267489e-01,-1.1174178123e+00,9.4327607422e+03
277,4.8946276307e-01,-4.8744955659e-01,-1.1162058115e+00,9.4309091797e+03
278,4.8979648948e-01,-4.8798614740e-01,-1.1567937136e+00,9.4290527344e+03
279,4.8973226547e-01,-4.8818054795e-01,-9.8005247116e-01,9.4272050781e+03
280,4.8928138614e-01,-4.8785221577e-01,-9.8707038164e-01,9.4253535156e+03
281,4.8902732134e-01,-4.8764294386e-01,-1.1266212463e+00,9.4235068359e+03
282,4.8929294944e-01,-4.8785030842e-01,-1.1903622150e+00,9.4216582031e+03
283,4.8951894045e-01,-4.8809868097e-01,-1.1969861984e+00,9.4198085938e+03
284,4.8924764991e-01,-4.8794147372e-01,-1.2783954144e+00,9.4179619141e+03
285,4.8893168569e-01,-4.8785346746e-01,-7.5874763727e-01,9.4161132812e+03
286,4.8899483681e-01,-4.8783719540e-01,-9.3095600605e-01,9.4142675781e+03
287,4.8906373978e-01,-4.8755088449e-01,-8.4933024645e-01,9.4124179688e+03
288,4.8887661099e-01,-4.8729205132e-01,-1.0660097599e+00,9.4105742188e+03
289,4.8874068260e-01,-4.8726829886e-01,-1.0616376400e+00,9.4087246094e+03
290,4.8885628581e-01,-4.8741024733e-01,-1.0845606327e+00,9.4068779297e+03
291,4.8885014653e-01,-4.8742192984e-01,-1.0667202473e+00,9.4050322266e+03
292,4.8867622018e-01,-4.8747399449e-01,-8.4392225742e-01,9.4031845703e+03
293,4.8854959011e-01,-4.8750910163e-01,-8.6277359724e-01,9.4013427734e+03
294,4.8838156462e-01,-4.8727545142e-01,-1.1087268591e+00,9.3994980469e+03
295,4.8815390468e-01,-4.8700088263e-01,-1.1311360598e+00,9.3976552734e+03
296,4.8821392655e-01,-4.8678994179e-01,-1.1434669495e+00,9.3958115234e+03
297,4.8844319582e-01,-4.8670035601e-01,-1.3412322998e+00,9.3939667969e+03
298,4.8866233230e-01,-4.8664945364e-01,-1.5094673634e+00,9.3921240234e+03
299,4.8886770010e-01,-4.8654887080e-01,-1.2917729616e+00,9.3902880859e+03
300,4.8900929093e-01,-4.8654574156e-01,-1.0076376200e+00,9.3884462891e+03
301,4.8902538419e-01,-4.8672536016e-01,-9.6853142977e-01,9.3866074219e+03
302,4.8893818259e-01,-4.8673602939e-01,-9.1049396992e-01,9.3847685547e+03
303,4.8874604702e-01,-4.8605570197e-01,-9.8986053467e-01,9.3829267578e+03
304,4.8856079578e-01,-4.8525625467e-01,-1.0123002529e+00,9.3810878906e+03
305,4.8892772198e-01,-4.8516321182e-01,-1.0699963570e+00,9.3792509766e+03
306,4.8940140009e-01,-4.8561486602e-01,-1.2541610003e+00,9.3774140625e+03
307,4.8934593797e-01,-4.8584908247e-01,-1.2725855112e+00,9.3755742188e+03
308,4.8881173134e-01,-4.8570841551e-01,-1.1448312998e+00,9.3737402344e+03
309,4.8856738210e-01,-4.8551374674e-01,-1.1728162766e+00,9.3719003906e+03
310,4.8872551322e-01,-4.8555704951e-01,-1.1486347914e+00,9.3700644531e+03
311,4.8868796229e-01,-4.8555952311e-01,-1.1391668320e+00,9.3682324219e+03
312,4.8843139410e-01,-4.8573252559e-01,-1.0317844152e+00,9.3663916016e+03
313,4.8854240775e-01,-4.8592913151e-01,-1.0942653418e+00,9.3645615234e+03
314,4.8852017522e-01,-4.8556327820e-01,-1.1033595800e+00,9.3627265625e+03
315,4.8818519711e-01,-4.8513415456e-01,-1.2911109924e+00,9.3608964844e+03
316,4.8821771145e-01,-4.8521342874e-01,-1.4078878164e+00,9.3590585938e+03
317,4.8843026161e-01,-4.8550975323e-01,-1.4199337959e+00,9.3572255859e+03
318,4.8838207126e-01,-4.8554334044e-01,-1.2500813007e+00,9.3553955078e+03
319,4.8830443621e-01,-4.8566600680e-01,-1.0415947437e+00,9.3535585938e+03
320,4.8826995492e-01,-4.8583522439e-01,-9.1095435619e-01,9.3517314453e+03
321,4.8788124323e-01,-4.8547869921e-01,-9.9106431007e-01,9.3498955078e+03
322,4.8739326000e-01,-4.8489329219e-01,-1.1017534733e+00,9.3480703125e+03
323,4.8738625646e-01,-4.8467308283e-01,-1.1500580311e+00,9.3462382812e+03
324,4.8780322075e-01,-4.8479601741e-01,-1.1763393879e+00,9.3444101562e+03
325,4.8788025975e-01,-4.8483145237e-01,-1.2446780205e+00,9.3425820312e+03
326,4.8755037785e-01,-4.8491421342e-01,-1.0962433815e+00,9.3407519531e+03
327,4.8738011718e-01,-4.8485049605e-01,-1.0905886889e+00,9.3389296875e+03
328,4.8730492592e-01,-4.8447754979e-01,-9.5469564199e-01,9.3370937500e+03
329,4.8726928234e-01,-4.8401516676e-01,-9.5776700974e-01,9.3352666016e+03
330,4.8725253344e-01,-4.8376950622e-01,-1.4187582731e+00,9.3334433594e+03
331,4.8714283109e-01,-4.8385909200e-01,-1.7091933489e+00,9.3316201172e+03
332,4.8702260852e-01,-4.8405641317e-01,-1.6900564432e+00,9.3297919922e+03
333,4.8709353805e-01,-4.8410573602e-01,-1.4527159929e+00,9.3279667969e+03
334,4.8724436760e-01,-4.8392620683e-01,-1.1570119858e+00,9.3261386719e+03
335,4.8741161823e-01,-4.8383837938e-01,-1.1141737700e+00,9.3243125000e+03
336,4.8762857914e-01,-4.8393547535e-01,-1.3595229387e+00,9.3224892578e+03
337,4.8757815361e-01,-4.8386833072e-01,-1.4574664831e+00,9.3206621094e+03
338,4.8735883832e-01,-4.8338028789e-01,-1.2474892139e+00,9.3188378906e+03
339,4.8730626702e-01,-4.8318397999e-01,-1.2672377825e+00,9.3170195312e+03
340,4.8760879040e-01,-4.8361483216e-01,-1.1088080406e+00,9.3152001953e+03
341,4.8775228858e-01,-4.8402082920e-01,-1.2440479994e+00,9.3133789062e+03
342,4.8726281524e-01,-4.8386323452e-01,-1.1648095846e+00,9.3115566406e+03
343,4.8673567176e-01,-4.8338943720e-01,-1.5476607084e+00,9.3097324219e+03
344,4.8679694533e-01,-4.8322322965e-01,-1.4613763094e+00,9.3079121094e+03
345,4.8708263040e-01,-4.8368340731e-01,-1.6983753443e+00,9.3060927734e+03
346,4.8712334037e-01,-4.8429965973e-01,-1.5753979683e+00,9.3042695312e+03
347,4.8658236861e-01,-4.8431628942e-01,-1.6474891901e+00,9.3024511719e+03
348,4.8603713512e-01,-4.8379489779e-01,-1.0537254810e+00,9.3006328125e+03
349,4.8610717058e-01,-4.8357027769e-01,-1.0336688757e+00,9.2988183594e+03
350,4.8659616709e-01,-4.8353415728e-01,-1.0377070904e+00,9.2969951172e+03
351,4.8661702871e-01,-4.8354306817e-01,-1.4695988894e+00,9.2951796875e+03
352,4.8615446687e-01,-4.8349890113e-01,-1.5993219614e+00,9.2933623047e+03
353,4.8596388102e-01,-4.8351153731e-01,-1.6299450397e+00,9.2915390625e+03
354,4.8606801033e-01,-4.8365482688e-01,-1.2204353809e+00,9.2897294922e+03
355,4.8603293300e-01,-4.8340761662e-01,-1.5586423874e+00,9.2879091797e+03
356,4.8581227660e-01,-4.8317956924e-01,-1.5387808084e+00,9.2860917969e+03
357,4.8603332043e-01,-4.8359057307e-01,-1.7027670145e+00,9.2842802734e+03
358,4.8629993200e-01,-4.8398393393e-01,-1.6779664755e+00,9.2824697266e+03
359,4.8597851396e-01,-4.8398208618e-01,-1.4713720083e+00,9.2806523438e+03
360,4.8551583290e-01,-4.8370906711e-01,-1.2019281387e+00,9.2788369141e+03
361,4.8560401797e-01,-4.8345845938e-01,-1.2208570242e+00,9.2770302734e+03
362,4.8569893837e-01,-4.8301512003e-01,-1.3309550285e+00,9.2752158203e+03
363,4.8562425375e-01,-4.8264527321e-01,-1.3343752623e+00,9.2733984375e+03
364,4.8563849926e-01,-4.8285698891e-01,-1.3606117964e+00,9.2715888672e+03
365,4.8588821292e-01,-4.8342832923e-01,-1.1840720177e+00,9.2697802734e+03
366,4.8564854264e-01,-4.8330238461e-01,-1.0904550552e+00,9.2679707031e+03
367,4.8500356078e-01,-4.8250100017e-01,-1.0140299797e+00,9.2661601562e+03
368,4.8484683037e-01,-4.8190087080e-01,-1.5898022652e+00,9.2643457031e+03
369,4.8514971137e-01,-4.8166745901e-01,-1.9865217209e+00,9.2625371094e+03
370,4.8547858000e-01,-4.8212906718e-01,-2.0109417439e+00,9.2607314453e+03
371,4.8570695519e-01,-4.8260214925e-01,-1.9922604561e+00,9.2589208984e+03
372,4.8556572199e-01,-4.8235425353e-01,-1.5828765631e+00,9.2571093750e+03
373,4.8521527648e-01,-4.8184573650e-01,-1.5111757517e+00,9.2553076172e+03
374,4.8544898629e-01,-4.8175638914e-01,-1.1874082088e+00,9.2534931641e+03
375,4.8572668433e-01,-4.8187956214e-01,-1.1056890488e+00,9.2516875000e+03
376,4.8534253240e-01,-4.8170068860e-01,-1.3995401859e+00,9.2498847656e+03
377,4.8478049040e-01,-4.8114836216e-01,-1.4157783985e+00,9.2480800781e+03
378,4.8479616642e-01,-4.8091924191e-01,-1.7010130882e+00,9.2462724609e+03
379,4.8528450727e-01,-4.8121857643e-01,-1.5269242525e+00,9.2444687500e+03
380,4.8555588722e-01,-4.8164242506e-01,-1.4237737656e+00,9.2426640625e+03
381,4.8536080122e-01,-4.8152390122e-01,-1.3809334040e+00,9.2408544922e+03
382,4.8503679037e-01,-4.8087698221e-01,-1.3674093485e+00,9.2390595703e+03
383,4.8495706916e-01,-4.8053312302e-01,-1.7047187090e+00,9.2372529297e+03
384,4.8529326916e-01,-4.8071157932e-01,-1.7716329098e+00,9.2354492188e+03
385,4.8547065258e-01,-4.8106119037e-01,-1.5566712618e+00,9.2336494141e+03
386,4.8509275913e-01,-4.8091402650e-01,-1.4375175238e+00,9.2318486328e+03
387,4.8459684849e-01,-4.8034262657e-01,-1.5105038881e+00,9.2300537109e+03
388,4.8462545872e-01,-4.8002958298e-01,-1.5328724384e+00,9.2282470703e+03
389,4.8497003317e-01,-4.8027339578e-01,-1.8677285910e+00,9.2264521484e+03
390,4.8522615433e-01,-4.8082116246e-01,-2.0827560425e+00,9.2246562500e+03
391,4.8505228758e-01,-4.8104327917e-01,-1.7558611631e+00,9.2228525391e+03
392,4.8462942243e-01,-4.8061621189e-01,-1.4756218195e+00,9.2210537109e+03
393,4.8443242908e-01,-4.8023635149e-01,-1.5458468199e+00,9.2192568359e+03
394,4.8461121321e-01,-4.8017969728e-01,-1.6072096825e+00,9.2174628906e+03
395,4.8487210274e-01,-4.8022413254e-01,-1.8097620010e+00,9.2156591797e+03
396,4.8461306095e-01,-4.8035907745e-01,-1.6963996887e+00,9.2138662109e+03
397,4.8446461558e-01,-4.8074370623e-01,-1.7037254572e+00,9.2120751953e+03
398,4.8452171683e-01,-4.8101079464e-01,-1.6211749315e+00,9.2102734375e+03
399,4.8421540856e-01,-4.8065972328e-01,-1.4028760195e+00,9.2084804688e+03
400,4.8377573490e-01,-4.8009568453e-01,-1.7398027182e+00,9.2066845703e+03
401,4.8372119665e-01,-4.8008814454e-01,-1.9232149124e+00,9.2048867188e+03
402,4.8405233026e-01,-4.8072332144e-01,-1.7436360121e+00,9.2030976562e+03
403,4.8410823941e-01,-4.8114970326e-01,-1.5786224604e+00,9.2013066406e+03
404,4.8359414935e-01,-4.8097789288e-01,-1.5996637344e+00,9.1995117188e+03
405,4.8317295313e-01,-4.8063308001e-01,-1.6519773006e+00,9.1977158203e+03
406,4.8317995667e-01,-4.8063737154e-01,-1.8596874475e+00,9.1959189453e+03
407,4.8336642981e-01,-4.8096406460e-01,-1.8786410093e+00,9.1941337891e+03
408,4.8321712017e-01,-4.8099610209e-01,-1.6075329781e+00,9.1923457031e+03
409,4.8278987408e-01,-4.8067846894e-01,-1.4425308704e+00,9.1905478516e+03
410,4.8249065876e-01,-4.8015946150e-01,-1.5963807106e+00,9.1887587891e+03
411,4.8265132308e-01,-4.7986048460e-01,-1.8937097788e+00,9.1869775391e+03
412,4.8307561874e-01,-4.7985887527e-01,-1.9321504831e+00,9.1851806641e+03
413,4.8334354162e-01,-4.7998088598e-01,-1.9337563515e+00,9.1834023438e+03
414,4.8320659995e-01,-4.7999349236e-01,-2.0969629288e+00,9.1816074219e+03
415,4.8288664222e-01,-4.7991561890e-01,-2.0216019154e+00,9.1798193359e+03
416,4.8268055916e-01,-4.7991508245e-01,-1.6438218355e+00,9.1780322266e+03
417,4.8271781206e-01,-4.7991836071e-01,-1.6489822865e+00,9.1762431641e+03
418,4.8265779018e-01,-4.7978687286e-01,-2.0331721306e+00,9.1744609375e+03
419,4.8238790035e-01,-4.7965484858e-01,-1.9458241463e+00,9.1726757812e+03
420,4.8228088021e-01,-4.7958472371e-01,-1.8366521597e+00,9.1708876953e+03
421,4.8228204250e-01,-4.7946169972e-01,-1.5983864069e+00,9.1691044922e+03
422,4.8236054182e-01,-4.7944322228e-01,-1.7136806250e+00,9.1673193359e+03
423,4.8245468736e-01,-4.7940045595e-01,-1.9328353405e+00,9.1655302734e+03
424,4.8258048296e-01,-4.7940224409e-01,-1.8154085875e+00,9.1637490234e+03
425,4.8254945874e-01,-4.7925072908e-01,-1.8820158243e+00,9.1619638672e+03
426,4.8239439726e-01,-4.7883933783e-01,-1.9486196041e+00,9.1601845703e+03
427,4.8244196177e-01,-4.7855037451e-01,-1.8374357224e+00,9.1583994141e+03
428,4.8272779584e-01,-4.7887843847e-01,-1.9285274744e+00,9.1566171875e+03
429,4.8288536072e-01,-4.7918874025e-01,-2.0396084785e+00,9.1548349609e+03
430,4.8261836171e-01,-4.7897830606e-01,-1.7078887224e+00,9.1530517578e+03
431,4.8221385479e-01,-4.7873064876e-01,-1.8722620010e+00,9.1512724609e+03
432,4.8223343492e-01,-4.7882097960e-01,-2.0681648254e+00,9.1494941406e+03
433,4.8222458363e-01,-4.7899085283e-01,-2.2684338093e+00,9.1477128906e+03
434,4.8196992278e-01,-4.7919771075e-01,-2.1143507957e+00,9.1459414062e+03
435,4.8181834817e-01,-4.7917491198e-01,-1.9528824091e+00,9.1441552734e+03
436,4.8182332516e-01,-4.7895279527e-01,-1.5388225317e+00,9.1423769531e+03
437,4.8194113374e-01,-4.7882553935e-01,-1.9270095825e+00,9.1405996094e+03
438,4.8203375936e-01,-4.7861620784e-01,-2.3027315140e+00,9.1388222656e+03
439,4.8202767968e-01,-4.7867330909e-01,-2.1702528000e+00,9.1370468750e+03
440,4.8195886612e-01,-4.7897201777e-01,-2.1689476967e+00,9.1352714844e+03
441,4.8190179467e-01,-4.7944250703e-01,-2.1405832767e+00,9.1334882812e+03
442,4.8188188672e-01,-4.7923949361e-01,-1.6642764807e+00,9.1317167969e+03
443,4.8156124353e-01,-4.7825425863e-01,-1.6723793745e+00,9.1299443359e+03
444,4.8145082593e-01,-4.7771501541e-01,-1.6682771444e+00,9.1281621094e+03
445,4.8198696971e-01,-4.7838467360e-01,-1.9534198046e+00,9.1263925781e+03
446,4.8241496086e-01,-4.7917956114e-01,-1.9025861025e+00,9.1246191406e+03
447,4.8176574707e-01,-4.7906848788e-01,-1.9678273201e+00,9.1228457031e+03
448,4.8081663251e-01,-4.7853863239e-01,-1.9382680655e+00,9.1210712891e+03
449,4.8075586557e-01,-4.7835743427e-01,-1.9700924158e+00,9.1192998047e+03
450,4.8101481795e-01,-4.7857069969e-01,-1.8971222639e+00,9.1175283203e+03
451,4.8087280989e-01,-4.7878599167e-01,-1.8250925541e+00,9.1157578125e+03
452,4.8050656915e-01,-4.7840595245e-01,-1.7611936331e+00,9.1139853516e+03
453,4.8036038876e-01,-4.7794976830e-01,-1.9633257389e+00,9.1122089844e+03
454,4.8070463538e-01,-4.7802540660e-01,-2.0168857574e+00,9.1104433594e+03
455,4.8093175888e-01,-4.7830033302e-01,-2.1669442654e+00,9.1086767578e+03
456,4.8059913516e-01,-4.7821432352e-01,-2.2480502129e+00,9.1069033203e+03
457,4.8008531332e-01,-4.7799420357e-01,-2.3865318298e+00,9.1051367188e+03
458,4.8005941510e-01,-4.7801721096e-01,-1.9478416443e+00,9.1033730469e+03
459,4.8035097122e-01,-4.7836998105e-01,-1.9225193262e+00,9.1016015625e+03
460,4.8038533330e-01,-4.7825741768e-01,-2.2429254055e+00,9.0998291016e+03
461,4.7989872098e-01,-4.7779461741e-01,-2.2420275211e+00,9.0980673828e+03
462,4.7967904806e-01,-4.7770094872e-01,-2.2919509411e+00,9.0963007812e+03
463,4.8005461693e-01,-4.7797241807e-01,-2.1219439507e+00,9.0945312500e+03
464,4.8025774956e-01,-4.7811055183e-01,-1.9173196554e+00,9.0927666016e+03
465,4.7986605763e-01,-4.7769984603e-01,-1.7042418718e+00,9.0909990234e+03
466,4.7958579659e-01,-4.7738096118e-01,-1.7659183741e+00,9.0892373047e+03
467,4.7971299291e-01,-4.7743842006e-01,-2.0960812569e+00,9.0874677734e+03
468,4.7979336977e-01,-4.7773730755e-01,-2.1925830841e+00,9.0857099609e+03
469,4.7957631946e-01,-4.7811448574e-01,-2.1063046455e+00,9.0839433594e+03
470,4.7928613424e-01,-4.7832718492e-01,-2.2552912235e+00,9.0821806641e+03
471,4.7893613577e-01,-4.7827714682e-01,-1.9890183210e+00,9.0804111328e+03
472,4.7861644626e-01,-4.7821152210e-01,-2.3481552601e+00,9.0786572266e+03
473,4.7857230902e-01,-4.7791177034e-01,-2.1147274971e+00,9.0769003906e+03
474,4.7862869501e-01,-4.7768956423e-01,-2.1516137123e+00,9.0751406250e+03
475,4.7885593772e-01,-4.7784626484e-01,-2.1157624722e+00,9.0733710938e+03
476,4.7905510664e-01,-4.7809821367e-01,-2.0388875008e+00,9.0716132812e+03
477,4.7894141078e-01,-4.7799485922e-01,-1.8175396919e+00,9.0698535156e+03
478,4.7870904207e-01,-4.7782024741e-01,-1.8540096283e+00,9.0680976562e+03
479,4.7860464454e-01,-4.7764688730e-01,-2.2094986439e+00,9.0663300781e+03
480,4.7867766023e-01,-4.7728312016e-01,-2.5198266506e+00,9.0645722656e+03
481,4.7869294882e-01,-4.7725665569e-01,-2.4158127308e+00,9.0628115234e+03
482,4.7879412770e-01,-4.7758355737e-01,-2.3191199303e+00,9.0610605469e+03
483,4.7874465585e-01,-4.7754648328e-01,-2.0772352219e+00,9.0592988281e+03
484,4.7847199440e-01,-4.7699528933e-01,-2.1739287376e+00,9.0575410156e+03
485,4.7855770588e-01,-4.7637680173e-01,-2.3324663639e+00,9.0557851562e+03
486,4.7902581096e-01,-4.7640374303e-01,-2.3202414513e+00,9.0540253906e+03
487,4.7941803932e-01,-4.7686633468e-01,-2.2749748230e+00,9.0522685547e+03
488,4.7930452228e-01,-4.7697794437e-01,-2.2072725296e+00,9.0505087891e+03
489,4.7883713245e-01,-4.7685584426e-01,-2.1521418095e+00,9.0487607422e+03
490,4.7863256931e-01,-4.7683817148e-01,-2.1574234962e+00,9.0470048828e+03
491,4.7882866859e-01,-4.7688645124e-01,-2.4157943726e+00,9.0452548828e+03
492,4.7892346978e-01,-4.7693189979e-01,-2.2950928211e+00,9.0434960938e+03
493,4.7867262363e-01,-4.7705098987e-01,-2.2684392929e+00,9.0417402344e+03
494,4.7859188914e-01,-4.7744044662e-01,-2.1559278965e+00,9.0399882812e+03
495,4.7845420241e-01,-4.7772556543e-01,-2.3531990051e+00,9.0382402344e+03
496,4.7806617618e-01,-4.7737210989e-01,-2.1130044460e+00,9.0364814453e+03
497,4.7776576877e-01,-4.7653678060e-01,-2.2334096432e+00,9.0347343750e+03
498,4.7785696387e-01,-4.7613862157e-01,-2.1511576176e+00,9.0329873047e+03
499,4.7853749990e-01,-4.7666251659e-01,-2.0294630527e+00,9.0312363281e+03
500,4.7885575891e-01,-4.7706660628e-01,-2.2743234634e+00,9.0294863281e+03
501,4.7831982374e-01,-4.7662904859e-01,-2.3846263885e+00,9.0277304688e+03
502,4.7765409946e-01,-4.7632086277e-01,-2.1292238235e+00,9.0259853516e+03
503,4.7758325934e-01,-4.7656917572e-01,-2.3145186901e+00,9.0242412109e+03
504,4.7762298584e-01,-4.7667610645e-01,-2.0243337154e+00,9.0224892578e+03
505,4.7742119431e-01,-4.7635000944e-01,-2.1776049137e+00,9.0207363281e+03
506,4.7731187940e-01,-4.7604039311e-01,-2.1969025135e+00,9.0189892578e+03
507,4.7766593099e-01,-4.7608539462e-01,-2.3260805607e+00,9.0172373047e+03
508,4.7806441784e-01,-4.7636204958e-01,-2.1378669739e+00,9.0154960938e+03
509,4.7795554996e-01,-4.7648909688e-01,-2.3602263927e+00,9.0137441406e+03
510,4.7740024328e-01,-4.7634860873e-01,-2.4264748096e+00,9.0120019531e+03
511,4.7722831368e-01,-4.7621679306e-01,-2.3856127262e+00,9.0102519531e+03
512,4.7741258144e-01,-4.7606360912e-01,-2.5601201057e+00,9.0085039062e+03
513,4.7753342986e-01,-4.7614061832e-01,-2.3143227100e+00,9.0067578125e+03
514,4.7750863433e-01,-4.7607371211e-01,-2.4909851551e+00,9.0050117188e+03
515,4.7742834687e-01,-4.7603082657e-01,-2.1941196918e+00,9.0032714844e+03
516,4.7745469213e-01,-4.7603973746e-01,-2.6793487072e+00,9.0015214844e+03
517,4.7732391953e-01,-4.7598615289e-01,-2.5094358921e+00,8.9997812500e+03
518,4.7717124224e-01,-4.7601619363e-01,-2.3883676529e+00,8.9980390625e+03
519,4.7727280855e-01,-4.7627717257e-01,-2.4613585472e+00,8.9962919922e+03
520,4.7726294398e-01,-4.7633847594e-01,-2.4365200996e+00,8.9945507812e+03
521,4.7684890032e-01,-4.7592642903e-01,-2.4668681622e+00,8.9928115234e+03
522,4.7660309076e-01,-4.7576591372e-01,-2.4193723202e+00,8.9910644531e+03
523,4.7690829635e-01,-4.7608143091e-01,-2.5049660206e+00,8.9893232422e+03
524,4.7707039118e-01,-4.7618186474e-01,-2.4433872700e+00,8.9875859375e+03
525,4.7688832879e-01,-4.7606092691e-01,-2.3811068535e+00,8.9858417969e+03
526,4.7693586349e-01,-4.7591966391e-01,-2.1334545612e+00,8.9841025391e+03
527,4.7713342309e-01,-4.7584518790e-01,-2.0252022743e+00,8.9823613281e+03
528,4.7700551152e-01,-4.7568538785e-01,-2.2379617691e+00,8.9806201172e+03
529,4.7658681870e-01,-4.7543433309e-01,-2.4736442566e+00,8.9788886719e+03
530,4.7667005658e-01,-4.7564628720e-01,-2.3468194008e+00,8.9771474609e+03
531,4.7685694695e-01,-4.7619426250e-01,-2.7253444195e+00,8.9754042969e+03
532,4.7669386864e-01,-4.7630622983e-01,-2.4826393127e+00,8.9736640625e+03
533,4.7618052363e-01,-4.7606340051e-01,-2.1242904663e+00,8.9719287109e+03
534,4.7591802478e-01,-4.7598659992e-01,-2.0286598206e+00,8.9701923828e+03
535,4.7601488233e-01,-4.7602245212e-01,-2.3607003689e+00,8.9684589844e+03
536,4.7608807683e-01,-4.7571268678e-01,-2.4115831852e+00,8.9667226562e+03
537,4.7592049837e-01,-4.7529163957e-01,-2.5931940079e+00,8.9649843750e+03
538,4.7613736987e-01,-4.7553950548e-01,-2.5161378384e+00,8.9632480469e+03
539,4.7639754415e-01,-4.7594642639e-01,-2.4865140915e+00,8.9615097656e+03
540,4.7619360685e-01,-4.7597765923e-01,-2.4595181942e+00,8.9597792969e+03
541,4.7575724125e-01,-4.7578936815e-01,-2.3922016621e+00,8.9580429688e+03
542,4.7570666671e-01,-4.7561150789e-01,-2.3927142620e+00,8.9563095703e+03
543,4.7603592277e-01,-4.7562223673e-01,-2.1504499912e+00,8.9545771484e+03
544,4.7603809834e-01,-4.7559279203e-01,-2.2775611877e+00,8.9528408203e+03
545,4.7581902146e-01,-4.7548079491e-01,-2.4364576340e+00,8.9511093750e+03
546,4.7572278976e-01,-4.7555491328e-01,-2.3720872402e+00,8.9493789062e+03
547,4.7564029694e-01,-4.7558122873e-01,-2.5329389572e+00,8.9476425781e+03
548,4.7532629967e-01,-4.7537106276e-01,-2.3758916855e+00,8.9459082031e+03
549,4.7518676519e-01,-4.7514605522e-01,-2.4024727345e+00,8.9441767578e+03
550,4.7538200021e-01,-4.7519290447e-01,-2.3744947910e+00,8.9424453125e+03
551,4.7557091713e-01,-4.7530227900e-01,-2.3673732281e+00,8.9407167969e+03
552,4.7557255626e-01,-4.7519254684e-01,-2.4183418751e+00,8.9389863281e+03
553,4.7546279430e-01,-4.7498837113e-01,-2.3171291351e+00,8.9372607422e+03
554,4.7527873516e-01,-4.7489500046e-01,-2.5825953484e+00,8.9355253906e+03
555,4.7524416447e-01,-4.7479775548e-01,-2.3557667732e+00,8.9337958984e+03
556,4.7519546747e-01,-4.7472238541e-01,-2.5410516262e+00,8.9320673828e+03
557,4.7518816590e-01,-4.7499027848e-01,-2.4938704967e+00,8.9303359375e+03
558,4.7528323531e-01,-4.7535827756e-01,-2.5423386097e+00,8.9286142578e+03
559,4.7516605258e-01,-4.7534146905e-01,-2.2297229767e+00,8.9268886719e+03
560,4.7483617067e-01,-4.7491839528e-01,-2.3706986904e+00,8.9251582031e+03
561,4.7469964623e-01,-4.7447267175e-01,-2.3617966175e+00,8.9234287109e+03
562,4.7482773662e-01,-4.7449722886e-01,-2.6566221714e+00,8.9217060547e+03
563,4.7509914637e-01,-4.7482934594e-01,-2.5272712708e+00,8.9199824219e+03
564,4.7506618500e-01,-4.7492834926e-01,-2.5429477692e+00,8.9182558594e+03
565,4.7466760874e-01,-4.7464540601e-01,-2.3843543530e+00,8.9165302734e+03
566,4.7450485826e-01,-4.7442626953e-01,-2.1764240265e+00,8.9148027344e+03
567,4.7466161847e-01,-4.7469571233e-01,-2.4508209229e+00,8.9130800781e+03
568,4.7469106317e-01,-4.7491058707e-01,-2.4486775398e+00,8.9113525391e+03
569,4.7437113523e-01,-4.7482025623e-01,-2.7036550045e+00,8.9096396484e+03
570,4.7408869863e-01,-4.7444915771e-01,-2.4319038391e+00,8.9079140625e+03
571,4.7419542074e-01,-4.7417271137e-01,-2.4996833801e+00,8.9061875000e+03
572,4.7451016307e-01,-4.7434529662e-01,-2.5382170677e+00,8.9044667969e+03
573,4.7463104129e-01,-4.7451356053e-01,-2.6631498337e+00,8.9027460938e+03
574,4.7426822782e-01,-4.7431150079e-01,-2.6713430882e+00,8.9010224609e+03
575,4.7399699688e-01,-4.7418740392e-01,-2.3199038506e+00,8.8992958984e+03
576,4.7418561578e-01,-4.7416624427e-01,-2.3638098240e+00,8.8975810547e+03
577,4.7433331609e-01,-4.7403594851e-01,-2.2355153561e+00,8.8958525391e+03
578,4.7425645590e-01,-4.7372317314e-01,-2.3051965237e+00,8.8941367188e+03
579,4.7426593304e-01,-4.7339859605e-01,-2.6444358826e+00,8.8924179688e+03
580,4.7425803542e-01,-4.7353678942e-01,-2.6932239532e+00,8.8906982422e+03
581,4.7412076592e-01,-4.7379145026e-01,-2.7638463974e+00,8.8889775391e+03
582,4.7391378880e-01,-4.7364336252e-01,-2.3515720367e+00,8.8872597656e+03
583,4.7365421057e-01,-4.7344985604e-01,-2.3739268780e+00,8.8855400391e+03
584,4.7384533286e-01,-4.7358471155e-01,-2.1422579288e+00,8.8838222656e+03
585,4.7404888272e-01,-4.7366407514e-01,-2.3745100498e+00,8.8821025391e+03
586,4.7384414077e-01,-4.7335010767e-01,-2.5514268875e+00,8.8803857422e+03
587,4.7365763783e-01,-4.7313967347e-01,-2.6257321835e+00,8.8786630859e+03
588,4.7379145026e-01,-4.7318285704e-01,-2.9453773499e+00,8.8769453125e+03
589,4.7393798828e-01,-4.7337305546e-01,-2.7253954411e+00,8.8752343750e+03
590,4.7403064370e-01,-4.7374656796e-01,-2.7327251434e+00,8.8735195312e+03
591,4.7385075688e-01,-4.7400924563e-01,-2.7202501297e+00,8.8718007812e+03
592,4.7330865264e-01,-4.7407838702e-01,-2.8010046482e+00,8.8700917969e+03
593,4.7308072448e-01,-4.7384497523e-01,-2.5149037838e+00,8.8683710938e+03
594,4.7316658497e-01,-4.7347703576e-01,-2.6413452625e+00,8.8666611328e+03
595,4.7338518500e-01,-4.7319862247e-01,-2.5345911980e+00,8.8649453125e+03
596,4.7376963496e-01,-4.7336623073e-01,-2.3859517574e+00,8.8632314453e+03
597,4.7392693162e-01,-4.7376087308e-01,-2.4501633644e+00,8.8615117188e+03
598,4.7355502844e-01,-4.7378817201e-01,-2.7186782360e+00,8.8597998047e+03
599,4.7295078635e-01,-4.7326025367e-01,-2.4564878941e+00,8.8580898438e+03
600,4.7287628055e-01,-4.7275942564e-01,-2.3059227467e+00,8.8563730469e+03
601,4.7326514125e-01,-4.7286209464e-01,-2.4221742153e+00,8.8546660156e+03
602,4.7363078594e-01,-4.7306787968e-01,-2.5272629261e+00,8.8529472656e+03
603,4.7333616018e-01,-4.7302016616e-01,-2.7680270672e+00,8.8512382812e+03
604,4.7294932604e-01,-4.7280988097e-01,-2.7969133854e+00,8.8495234375e+03
605,4.7301268578e-01,-4.7279158235e-01,-2.8275275230e+00,8.8478154297e+03
606,4.7343787551e-01,-4.7322079539e-01,-2.8449363708e+00,8.8461103516e+03
607,4.7343921661e-01,-4.7344610095e-01,-2.9059166908e+00,8.8443925781e+03
608,4.7288963199e-01,-4.7311124206e-01,-2.6902406216e+00,8.8426875000e+03
609,4.7260215878e-01,-4.7298789024e-01,-2.5532648563e+00,8.8409785156e+03
610,4.7286301851e-01,-4.7313824296e-01,-2.7446451187e+00,8.8392685547e+03
611,4.7304904461e-01,-4.7322970629e-01,-2.6508281231e+00,8.8375566406e+03
612,4.7297257185e-01,-4.7321674228e-01,-2.4871010780e+00,8.8358505859e+03
613,4.7288820148e-01,-4.7308406234e-01,-2.3589084148e+00,8.8341416016e+03
614,4.7267016768e-01,-4.7248733044e-01,-2.3739402294e+00,8.8324345703e+03
615,4.7243016958e-01,-4.7173210979e-01,-2.1811773777e+00,8.8307285156e+03
616,4.7279471159e-01,-4.7170904279e-01,-2.3374719620e+00,8.8290175781e+03
617,4.7340971231e-01,-4.7217673063e-01,-2.9973092079e+00,8.8273134766e+03
618,4.7349920869e-01,-4.7239795327e-01,-3.1046497822e+00,8.8256054688e+03
619,4.7314456105e-01,-4.7247883677e-01,-3.1039276123e+00,8.8238994141e+03
620,4.7298777103e-01,-4.7258234024e-01,-2.7165949345e+00,8.8221972656e+03
621,4.7302806377e-01,-4.7243991494e-01,-2.5923318863e+00,8.8204912109e+03
622,4.7287684679e-01,-4.7211661935e-01,-2.6564352512e+00,8.8187832031e+03
623,4.7271919250e-01,-4.7226205468e-01,-2.8883113861e+00,8.8170810547e+03
624,4.7288265824e-01,-4.7275546193e-01,-2.8436079025e+00,8.8153759766e+03
625,4.7282159328e-01,-4.7271940112e-01,-2.7612984180e+00,8.8136708984e+03
626,4.7240915895e-01,-4.7229355574e-01,-2.4542469978e+00,8.8119658203e+03
627,4.7235226631e-01,-4.7216337919e-01,-2.3414132595e+00,8.8102646484e+03
628,4.7260269523e-01,-4.7218567133e-01,-2.3929669857e+00,8.8085654297e+03
629,4.7252017260e-01,-4.7193056345e-01,-2.5410215855e+00,8.8068574219e+03
630,4.7218275070e-01,-4.7183766961e-01,-2.8043069839e+00,8.8051611328e+03
631,4.7210091352e-01,-4.7221642733e-01,-2.9660396576e+00,8.8034501953e+03
632,4.7206673026e-01,-4.7258192301e-01,-3.0000431538e+00,8.8017500000e+03
633,4.7180706263e-01,-4.7239732742e-01,-3.0263912678e+00,8.8000546875e+03
634,4.7168171406e-01,-4.7192865610e-01,-2.7106158733e+00,8.7983505859e+03
635,4.7208070755e-01,-4.7155219316e-01,-2.6977024078e+00,8.7966474609e+03
636,4.7256967425e-01,-4.7136446834e-01,-2.6521165371e+00,8.7949482422e+03
637,4.7280812263e-01,-4.7124868631e-01,-2.6912007332e+00,8.7932500000e+03
638,4.7270005941e-01,-4.7115787864e-01,-2.5530705452e+00,8.7915546875e+03
639,4.7244623303e-01,-4.7101792693e-01,-2.5668110847e+00,8.7898554688e+03
640,4.7243076563e-01,-4.7122710943e-01,-2.4607205391e+00,8.7881542969e+03
641,4.7259801626e-01,-4.7154971957e-01,-2.5366363525e+00,8.7864531250e+03
642,4.7237685323e-01,-4.7159588337e-01,-2.7474291325e+00,8.7847587891e+03
643,4.7176197171e-01,-4.7126170993e-01,-2.8966600895e+00,8.7830634766e+03
644,4.7146135569e-01,-4.7108259797e-01,-2.9129869938e+00,8.7813603516e+03
645,4.7166022658e-01,-4.7136354446e-01,-2.7147471905e+00,8.7796621094e+03
646,4.7198387980e-01,-4.7151935101e-01,-2.6245603561e+00,8.7779638672e+03
647,4.7176045179e-01,-4.7124472260e-01,-2.7560513020e+00,8.7762744141e+03
648,4.7140175104e-01,-4.7095742822e-01,-2.9061019421e+00,8.7745742188e+03
649,4.7163605690e-01,-4.7111743689e-01,-2.8138372898e+00,8.7728779297e+03
650,4.7202843428e-01,-4.7164079547e-01,-2.5789546967e+00,8.7711826172e+03
651,4.7181579471e-01,-4.7151094675e-01,-2.5857212543e+00,8.7694843750e+03
652,4.7110420465e-01,-4.7086089849e-01,-2.6513092518e+00,8.7677929688e+03
653,4.7085830569e-01,-4.7069516778e-01,-2.9529449940e+00,8.7660937500e+03
654,4.7120636702e-01,-4.7120127082e-01,-3.2615680695e+00,8.7643994141e+03
655,4.7154667974e-01,-4.7157612443e-01,-3.0970211029e+00,8.7627119141e+03
656,4.7149768472e-01,-4.7129240632e-01,-2.8195364475e+00,8.7610126953e+03
657,4.7140929103e-01,-4.7075411677e-01,-2.6686127186e+00,8.7593212891e+03
658,4.7157695889e-01,-4.7045359015e-01,-2.7630896568e+00,8.7576279297e+03
659,4.7167876363e-01,-4.7045904398e-01,-2.8326683044e+00,8.7559335938e+03
660,4.7155031562e-01,-4.7061967850e-01,-2.8090822697e+00,8.7542451172e+03
661,4.7131651640e-01,-4.7064545751e-01,-2.8860151768e+00,8.7525488281e+03
662,4.7127178311e-01,-4.7057759762e-01,-2.7315223217e+00,8.7508574219e+03
663,4.7132647038e-01,-4.7066843510e-01,-2.6517832279e+00,8.7491728516e+03
664,4.7126719356e-01,-4.7106975317e-01,-2.8971602917e+00,8.7474765625e+03
665,4.7102370858e-01,-4.7140100598e-01,-2.7464997768e+00,8.7457939453e+03
666,4.7066581249e-01,-4.7132831812e-01,-2.6339273453e+00,8.7441015625e+03
667,4.7031143308e-01,-4.7110071778e-01,-2.5996768475e+00,8.7424082031e+03
668,4.7032397985e-01,-4.7085022926e-01,-2.7905809879e+00,8.7407207031e+03
669,4.7050148249e-01,-4.7028663754e-01,-2.6723349094e+00,8.7390341797e+03
670,4.7055608034e-01,-4.6964517236e-01,-2.7936224937e+00,8.7373476562e+03
671,4.7084930539e-01,-4.6971413493e-01,-2.6773791313e+00,8.7356601562e+03
672,4.7141546011e-01,-4.7024676204e-01,-2.7866616249e+00,8.7339726562e+03
673,4.7132918239e-01,-4.7022494674e-01,-2.7647228241e+00,8.7322841797e+03
674,4.7048076987e-01,-4.6948072314e-01,-2.8773970604e+00,8.7305937500e+03
675,4.7017487884e-01,-4.6910977364e-01,-2.9813952446e+00,8.7289072266e+03
676,4.7082602978e-01,-4.6940743923e-01,-2.9384326935e+00,8.7272197266e+03
677,4.7140094638e-01,-4.6993717551e-01,-3.0631108284e+00,8.7255361328e+03
678,4.7122499347e-01,-4.6995982528e-01,-2.8894290924e+00,8.7238535156e+03
679,4.7071135044e-01,-4.6956500411e-01,-3.0591478348e+00,8.7221660156e+03
680,4.7064554691e-01,-4.6920099854e-01,-3.0427117348e+00,8.7204785156e+03
681,4.7089698911e-01,-4.6921423078e-01,-2.7920341492e+00,8.7187919922e+03
682,4.7100165486e-01,-4.6939370036e-01,-2.6948571205e+00,8.7171152344e+03
683,4.7076162696e-01,-4.6943306923e-01,-2.5037724972e+00,8.7154306641e+03
684,4.7040992975e-01,-4.6934607625e-01,-2.5181632042e+00,8.7137470703e+03
685,4.7019681334e-01,-4.6913930774e-01,-2.7884972095e+00,8.7120595703e+03
686,4.7031512856e-01,-4.6854582429e-01,-2.9548268318e+00,8.7103759766e+03
687,4.7037062049e-01,-4.6841457486e-01,-2.9624998569e+00,8.7086953125e+03
688,4.7066381574e-01,-4.6897876263e-01,-3.0268049240e+00,8.7070078125e+03
689,4.7078412771e-01,-4.6961802244e-01,-3.0214362144e+00,8.7053281250e+03
690,4.7032582760e-01,-4.6979376674e-01,-2.7709391117e+00,8.7036474609e+03
691,4.6962171793e-01,-4.6940001845e-01,-2.8661966324e+00,8.7019638672e+03
692,4.6961620450e-01,-4.6883571148e-01,-2.8493797779e+00,8.7002822266e+03
693,4.7001874447e-01,-4.6851730347e-01,-3.0803282261e+00,8.6985996094e+03
694,4.7030147910e-01,-4.6858370304e-01,-3.0488586426e+00,8.6969199219e+03
695,4.7042164207e-01,-4.6867495775e-01,-2.8898322582e+00,8.6952412109e+03
696,4.7015634179e-01,-4.6855962276e-01,-2.8070774078e+00,8.6935615234e+03
697,4.6988102794e-01,-4.6858128905e-01,-2.6640782356e+00,8.6918847656e+03
698,4.6987977624e-01,-4.6868932247e-01,-2.9720199108e+00,8.6902041016e+03
699,4.6980491281e-01,-4.6850860119e-01,-3.2287659645e+00,8.6885273438e+03
700,4.6962609887e-01,-4.6841284633e-01,-3.1957211494e+00,8.6868457031e+03
701,4.6976539493e-01,-4.6874696016e-01,-3.0368602276e+00,8.6851728516e+03
702,4.6989068389e-01,-4.6883365512e-01,-2.9650080204e+00,8.6834902344e+03
703,4.6962893009e-01,-4.6848389506e-01,-2.8763535023e+00,8.6818115234e+03
704,4.6942254901e-01,-4.6805772185e-01,-2.8746097088e+00,8.6801406250e+03
705,4.6970185637e-01,-4.6783229709e-01,-2.7340834141e+00,8.6784599609e+03
706,4.7008296847e-01,-4.6774482727e-01,-2.7366445065e+00,8.6767851562e+03
707,4.7015076876e-01,-4.6773993969e-01,-2.8331515789e+00,8.6751103516e+03
708,4.7011938691e-01,-4.6777597070e-01,-2.5423426628e+00,8.6734375000e+03
709,4.6989008784e-01,-4.6776321530e-01,-3.1770801544e+00,8.6717636719e+03
710,4.6961992979e-01,-4.6777907014e-01,-3.0531136990e+00,8.6700898438e+03
711,4.6954911947e-01,-4.6794813871e-01,-2.9519381523e+00,8.6684130859e+03
712,4.6950784326e-01,-4.6774411201e-01,-2.7720501423e+00,8.6667373047e+03
713,4.6937555075e-01,-4.6726149321e-01,-3.0803737640e+00,8.6650634766e+03
714,4.6939471364e-01,-4.6689894795e-01,-3.3423495293e+00,8.6633867188e+03
715,4.6970388293e-01,-4.6692261100e-01,-3.2460889816e+00,8.6617197266e+03
716,4.7000786662e-01,-4.6719607711e-01,-3.0902836323e+00,8.6600507812e+03
717,4.6983149648e-01,-4.6736162901e-01,-3.1315186024e+00,8.6583779297e+03
718,4.6948212385e-01,-4.6735820174e-01,-3.0110406876e+00,8.6567041016e+03
719,4.6932956576e-01,-4.6728488803e-01,-2.9493811131e+00,8.6550312500e+03
720,4.6932849288e-01,-4.6717321873e-01,-2.9334416389e+00,8.6533632812e+03
721,4.6945637465e-01,-4.6712833643e-01,-3.1439397335e+00,8.6516962891e+03
722,4.6946987510e-01,-4.6716651320e-01,-3.1442182064e+00,8.6500205078e+03
723,4.6934702992e-01,-4.6715483069e-01,-3.0208988190e+00,8.6483525391e+03
724,4.6913161874e-01,-4.6694663167e-01,-3.0319230556e+00,8.6466855469e+03
725,4.6888375282e-01,-4.6661534905e-01,-2.9662821293e+00,8.6450107422e+03
726,4.6888732910e-01,-4.6634107828e-01,-2.9732108116e+00,8.6433437500e+03
727,4.6913084388e-01,-4.6648138762e-01,-3.0844674110e+00,8.6416757812e+03
728,4.6950948238e-01,-4.6684470773e-01,-3.0037858486e+00,8.6400097656e+03
729,4.6964395046e-01,-4.6698218584e-01,-3.1792435646e+00,8.6383457031e+03
730,4.6914625168e-01,-4.6689769626e-01,-3.2395942211e+00,8.6366748047e+03
731,4.6901032329e-01,-4.6693629026e-01,-3.4835984707e+00,8.6350058594e+03
732,4.6888366342e-01,-4.6676120162e-01,-3.4846167564e+00,8.6333388672e+03
733,4.6887019277e-01,-4.6645092964e-01,-3.1579687595e+00,8.6316757812e+03
734,4.6903365850e-01,-4.6638372540e-01,-3.2333080769e+00,8.6300078125e+03
735,4.6923062205e-01,-4.6656194329e-01,-3.2000031471e+00,8.6283447266e+03
736,4.6918019652e-01,-4.6683633327e-01,-3.1070625782e+00,8.6266767578e+03
737,4.6885553002e-01,-4.6709957719e-01,-3.0438017845e+00,8.6250117188e+03
738,4.6847739816e-01,-4.6728616953e-01,-3.1696453094e+00,8.6233496094e+03
739,4.6818435192e-01,-4.6724337339e-01,-3.2487320900e+00,8.6216865234e+03
740,4.6807941794e-01,-4.6697291732e-01,-2.9481859207e+00,8.6200195312e+03
741,4.6795585752e-01,-4.6665099263e-01,-2.8484413624e+00,8.6183574219e+03
742,4.6775153279e-01,-4.6633154154e-01,-2.8965504169e+00,8.6166923828e+03
743,4.6773627400e-01,-4.6604382992e-01,-3.1151671410e+00,8.6150312500e+03
744,4.6780273318e-01,-4.6600109339e-01,-3.4064691067e+00,8.6133710938e+03
745,4.6803414822e-01,-4.6629890800e-01,-3.5238969326e+00,8.6117070312e+03
746,4.6830275655e-01,-4.6693161130e-01,-3.2670819759e+00,8.6100429688e+03
747,4.6825695038e-01,-4.6685406566e-01,-2.9989578724e+00,8.6083847656e+03
748,4.6765288711e-01,-4.6610838175e-01,-2.8561253548e+00,8.6067246094e+03
749,4.6742868423e-01,-4.6561390162e-01,-3.0468094349e+00,8.6050673828e+03
750,4.6792879701e-01,-4.6559110284e-01,-3.1475450993e+00,8.6034033203e+03
751,4.6830177307e-01,-4.6561285853e-01,-2.7703647614e+00,8.6017480469e+03
752,4.6811017394e-01,-4.6548694372e-01,-3.0716714859e+00,8.6000839844e+03
753,4.6781527996e-01,-4.6529600024e-01,-3.1670622826e+00,8.5984218750e+03
754,4.6773114800e-01,-4.6514040232e-01,-3.3219828606e+00,8.5967695312e+03
755,4.6781930327e-01,-4.6500611305e-01,-3.1463451385e+00,8.5951132812e+03
756,4.6792629361e-01,-4.6506413817e-01,-3.3981137276e+00,8.5934638672e+03
757,4.6815124154e-01,-4.6524709463e-01,-3.1758277416e+00,8.5917998047e+03
758,4.6807006001e-01,-4.6534767747e-01,-3.4091901779e+00,8.5901445312e+03
759,4.6762698889e-01,-4.6525695920e-01,-3.4315247536e+00,8.5884843750e+03
760,4.6738252044e-01,-4.6512228251e-01,-3.4763062000e+00,8.5868310547e+03
761,4.6766161919e-01,-4.6546745300e-01,-3.2208786011e+00,8.5851777344e+03
762,4.6788802743e-01,-4.6603742242e-01,-3.0882577896e+00,8.5835156250e+03
763,4.6747261286e-01,-4.6581915021e-01,-3.2761170864e+00,8.5818583984e+03
764,4.6676596999e-01,-4.6500170231e-01,-3.1869821548e+00,8.5802060547e+03
765,4.6669045091e-01,-4.6457782388e-01,-3.4695367813e+00,8.5785595703e+03
766,4.6733465791e-01,-4.6483820677e-01,-3.1759798527e+00,8.5768984375e+03
767,4.6793177724e-01,-4.6528494358e-01,-3.2860591412e+00,8.5752451172e+03
768,4.6772587299e-01,-4.6518453956e-01,-3.0204963684e+00,8.5735908203e+03
769,4.6698608994e-01,-4.6464550495e-01,-3.1912889481e+00,8.5719384766e+03
770,4.6668863297e-01,-4.6452111006e-01,-3.4139540195e+00,8.5702841797e+03
771,4.6697145700e-01,-4.6461153030e-01,-3.5258915424e+00,8.5686328125e+03
772,4.6712809801e-01,-4.6469461918e-01,-3.4067213535e+00,8.5669785156e+03
773,4.6713688970e-01,-4.6480020881e-01,-3.1023428440e+00,8.5653310547e+03
774,4.6715328097e-01,-4.6493896842e-01,-3.1351141930e+00,8.5636796875e+03
775,4.6704041958e-01,-4.6504297853e-01,-3.2361094952e+00,8.5620263672e+03
776,4.6677491069e-01,-4.6478807926e-01,-3.0757563114e+00,8.5603769531e+03
777,4.6647006273e-01,-4.6424102783e-01,-3.3001060486e+00,8.5587285156e+03
778,4.6647369862e-01,-4.6389201283e-01,-3.2220749855e+00,8.5570742188e+03
779,4.6679508686e-01,-4.6402108669e-01,-3.2208390236e+00,8.5554316406e+03
780,4.6700584888e-01,-4.6426260471e-01,-3.4588046074e+00,8.5537792969e+03
781,4.6682202816e-01,-4.6427923441e-01,-3.3615756035e+00,8.5521279297e+03
782,4.6641260386e-01,-4.6428075433e-01,-3.2341177464e+00,8.5504833984e+03
783,4.6629473567e-01,-4.6425458789e-01,-3.1704764366e+00,8.5488378906e+03
784,4.6627512574e-01,-4.6408396959e-01,-2.9872224331e+00,8.5471865234e+03
785,4.6612164378e-01,-4.6394515038e-01,-3.0219306946e+00,8.5455439453e+03
786,4.6615001559e-01,-4.6407157183e-01,-3.1588237286e+00,8.5438945312e+03
787,4.6610701084e-01,-4.6397131681e-01,-3.4036746025e+00,8.5422519531e+03
788,4.6586582065e-01,-4.6381840110e-01,-3.4368774891e+00,8.5406015625e+03
789,4.6571904421e-01,-4.6384167671e-01,-3.4816107750e+00,8.5389531250e+03
790,4.6584248543e-01,-4.6377933025e-01,-3.5251646042e+00,8.5373056641e+03
791,4.6589773893e-01,-4.6381470561e-01,-3.4496154785e+00,8.5356679688e+03
792,4.6589010954e-01,-4.6376231313e-01,-3.3110928535e+00,8.5340185547e+03
793,4.6574416757e-01,-4.6371901035e-01,-3.2900190353e+00,8.5323720703e+03
794,4.6556240320e-01,-4.6372473240e-01,-3.4447190762e+00,8.5307314453e+03
795,4.6544247866e-01,-4.6372878551e-01,-3.3407154083e+00,8.5290878906e+03
796,4.6534541249e-01,-4.6393251419e-01,-3.3691446781e+00,8.5274472656e+03
797,4.6534436941e-01,-4.6421283484e-01,-3.3462452888e+00,8.5258007812e+03
798,4.6514698863e-01,-4.6423947811e-01,-3.4458663464e+00,8.5241552734e+03
799,4.6477386355e-01,-4.6397471428e-01,-3.6327886581e+00,8.5225175781e+03
800,4.6465149522e-01,-4.6374180913e-01,-3.4454808235e+00,8.5208730469e+03
801,4.6497917175e-01,-4.6390435100e-01,-3.4169633389e+00,8.5192324219e+03
802,4.6526643634e-01,-4.6435293555e-01,-3.3536036015e+00,8.5175917969e+03
803,4.6522918344e-01,-4.6454262733e-01,-3.2924342155e+00,8.5159521484e+03
804,4.6473115683e-01,-4.6426466107e-01,-3.2331647873e+00,8.5143105469e+03
805,4.6422684193e-01,-4.6375641227e-01,-3.3503291607e+00,8.5126748047e+03
806,4.6425050497e-01,-4.6329495311e-01,-3.3701307774e+00,8.5110332031e+03
807,4.6447357535e-01,-4.6330621839e-01,-3.2318596840e+00,8.5093925781e+03
808,4.6468541026e-01,-4.6372261643e-01,-3.2083101273e+00,8.5077607422e+03
809,4.6457943320e-01,-4.6422767639e-01,-3.5206782818e+00,8.5061210938e+03
810,4.6425297856e-01,-4.6428793669e-01,-3.4536740780e+00,8.5044785156e+03
811,4.6395727992e-01,-4.6403309703e-01,-3.3429930210e+00,8.5028398438e+03
812,4.6384453773e-01,-4.6347150207e-01,-2.9499268532e+00,8.5012099609e+03
813,4.6381312609e-01,-4.6303719282e-01,-3.0353620052e+00,8.4995732422e+03
814,4.6386146545e-01,-4.6302077174e-01,-3.2819244862e+00,8.4979355469e+03
815,4.6391189098e-01,-4.6316549182e-01,-3.3661537170e+00,8.4962968750e+03
816,4.6397185326e-01,-4.6334657073e-01,-3.3976697922e+00,8.4946650391e+03
817,4.6399396658e-01,-4.6367371082e-01,-3.4174430370e+00,8.4930283203e+03
818,4.6398332715e-01,-4.6383759379e-01,-3.4904422760e+00,8.4913945312e+03
819,4.6353605390e-01,-4.6359416842e-01,-3.2934422493e+00,8.4897568359e+03
820,4.6314430237e-01,-4.6327626705e-01,-3.4767701626e+00,8.4881230469e+03
821,4.6320143342e-01,-4.6311125159e-01,-3.4231119156e+00,8.4864931641e+03
822,4.6351340413e-01,-4.6306371689e-01,-3.3446812630e+00,8.4848642578e+03
823,4.6379220486e-01,-4.6312570572e-01,-3.1209065914e+00,8.4832255859e+03
824,4.6371763945e-01,-4.6301406622e-01,-3.3832116127e+00,8.4815898438e+03
825,4.6331802011e-01,-4.6253219247e-01,-3.1794979572e+00,8.4799589844e+03
826,4.6292844415e-01,-4.6209532022e-01,-3.3152852058e+00,8.4783291016e+03
827,4.6312797070e-01,-4.6202731133e-01,-3.3665900230e+00,8.4767021484e+03
828,4.6374791861e-01,-4.6238115430e-01,-3.3821201324e+00,8.4750654297e+03
829,4.6403688192e-01,-4.6267375350e-01,-3.4128210545e+00,8.4734375000e+03
830,4.6385759115e-01,-4.6270418167e-01,-3.1265695095e+00,8.4718085938e+03
831,4.6341824532e-01,-4.6239286661e-01,-3.2995910645e+00,8.4701718750e+03
832,4.6302035451e-01,-4.6181705594e-01,-3.2834112644e+00,8.4685478516e+03
833,4.6291783452e-01,-4.6155542135e-01,-3.6870844364e+00,8.4669150391e+03
834,4.6329125762e-01,-4.6186035872e-01,-3.6165237427e+00,8.4652851562e+03
835,4.6372732520e-01,-4.6216839552e-01,-3.5096449852e+00,8.4636621094e+03
836,4.6358549595e-01,-4.6227461100e-01,-3.1597285271e+00,8.4620332031e+03
837,4.6309617162e-01,-4.6223318577e-01,-3.3350183964e+00,8.4604003906e+03
838,4.6276628971e-01,-4.6196344495e-01,-3.4047429562e+00,8.4587753906e+03
839,4.6260827780e-01,-4.6146166325e-01,-3.2961699963e+00,8.4571474609e+03
840,4.6259513497e-01,-4.6076527238e-01,-3.3573045731e+00,8.4555195312e+03
841,4.6292808652e-01,-4.6054509282e-01,-3.1624531746e+00,8.4538906250e+03
842,4.6350720525e-01,-4.6110892296e-01,-3.3630058765e+00,8.4522724609e+03
843,4.6372535825e-01,-4.6169584990e-01,-3.3343412876e+00,8.4506406250e+03
844,4.6320676804e-01,-4.6168068051e-01,-3.5594260693e+00,8.4490166016e+03
845,4.6248981357e-01,-4.6134033799e-01,-3.4557039738e+00,8.4473945312e+03
846,4.6235847473e-01,-4.6097344160e-01,-3.2313234806e+00,8.4457666016e+03
847,4.6271970868e-01,-4.6095865965e-01,-3.2915058136e+00,8.4441435547e+03
848,4.6279871464e-01,-4.6103173494e-01,-3.3518462181e+00,8.4425195312e+03
849,4.6264716983e-01,-4.6124503016e-01,-3.2919483185e+00,8.4408964844e+03
850,4.6240657568e-01,-4.6144542098e-01,-3.2370576859e+00,8.4392724609e+03
851,4.6214711666e-01,-4.6148827672e-01,-3.2014081478e+00,8.4376533203e+03
852,4.6177002788e-01,-4.6150788665e-01,-3.1607208252e+00,8.4360341797e+03
853,4.6166634560e-01,-4.6180921793e-01,-3.1896383762e+00,8.4344072266e+03
854,4.6165007353e-01,-4.6169692278e-01,-3.2367227077e+00,8.4327851562e+03
855,4.6116569638e-01,-4.6107172966e-01,-3.4133787155e+00,8.4311650391e+03
856,4.6102467179e-01,-4.6059498191e-01,-3.2116527557e+00,8.4295439453e+03
857,4.6143072844e-01,-4.6085283160e-01,-3.2218289375e+00,8.4279218750e+03
858,4.6182063222e-01,-4.6150705218e-01,-3.1498804092e+00,8.4263095703e+03
859,4.6161961555e-01,-4.6194556355e-01,-3.1621596813e+00,8.4246835938e+03
860,4.6086066961e-01,-4.6173775196e-01,-3.1754984856e+00,8.4230664062e+03
861,4.6022060513e-01,-4.6107313037e-01,-3.2689552307e+00,8.4214531250e+03
862,4.6019077301e-01,-4.6044719219e-01,-3.7110297680e+00,8.4198251953e+03
863,4.6068790555e-01,-4.6015641093e-01,-3.6609327793e+00,8.4182109375e+03
864,4.6132928133e-01,-4.6032026410e-01,-3.3072085381e+00,8.4165966797e+03
865,4.6168553829e-01,-4.6055296063e-01,-3.0763580799e+00,8.4149765625e+03
866,4.6149826050e-01,-4.6074432135e-01,-3.0245065689e+00,8.4133623047e+03
867,4.6104437113e-01,-4.6067953110e-01,-2.9687557220e+00,8.4117480469e+03
868,4.6067300439e-01,-4.6038615704e-01,-3.2524836063e+00,8.4101318359e+03
869,4.6035975218e-01,-4.6016433835e-01,-3.6997604370e+00,8.4085107422e+03
870,4.6035343409e-01,-4.6021243930e-01,-3.6812496185e+00,8.4068964844e+03
871,4.6061697602e-01,-4.6053066850e-01,-3.6060390472e+00,8.4052900391e+03
872,4.6081382036e-01,-4.6056735516e-01,-3.2698304653e+00,8.4036689453e+03
873,4.6066451073e-01,-4.6012732387e-01,-3.2833352089e+00,8.4020546875e+03
874,4.6050527692e-01,-4.5974743366e-01,-3.0895571709e+00,8.4004404297e+03
875,4.6072617173e-01,-4.6010187268e-01,-3.3792285919e+00,8.3988320312e+03
876,4.6081662178e-01,-4.6045136452e-01,-3.5032043457e+00,8.3972158203e+03
877,4.6029040217e-01,-4.6021309495e-01,-3.4029409885e+00,8.3955986328e+03
878,4.5979014039e-01,-4.5987996459e-01,-3.4006419182e+00,8.3939892578e+03
879,4.6002328396e-01,-4.5998337865e-01,-3.3756408691e+00,8.3923759766e+03
880,4.6030601859e-01,-4.6049055457e-01,-3.2432625294e+00,8.3907617188e+03
881,4.6026918292e-01,-4.6073800325e-01,-3.2831912041e+00,8.3891494141e+03
882,4.5974859595e-01,-4.6052122116e-01,-3.1882526875e+00,8.3875400391e+03
883,4.5944434404e-01,-4.6006828547e-01,-3.3965659142e+00,8.3859296875e+03
884,4.5961505175e-01,-4.5962780714e-01,-3.3143835068e+00,8.3843222656e+03
885,4.6002197266e-01,-4.5946592093e-01,-3.3079028130e+00,8.3827099609e+03
886,4.6028926969e-01,-4.5944699645e-01,-3.5571367741e+00,8.3811015625e+03
887,4.6024462581e-01,-4.5965781808e-01,-3.6393098831e+00,8.3794912109e+03
888,4.6024405956e-01,-4.6008673310e-01,-3.6981861591e+00,8.3778857422e+03
889,4.6010982990e-01,-4.6031439304e-01,-3.7322287560e+00,8.3762744141e+03
890,4.5973131061e-01,-4.6004652977e-01,-3.4573299885e+00,8.3746699219e+03
891,4.5964887738e-01,-4.5976302028e-01,-2.9404859543e+00,8.3730615234e+03
892,4.5987194777e-01,-4.5967563987e-01,-3.0586433411e+00,8.3714550781e+03
893,4.6017882228e-01,-4.5966830850e-01,-3.2949779034e+00,8.3698476562e+03
894,4.6025902033e-01,-4.5987096429e-01,-3.3908708096e+00,8.3682373047e+03
895,4.6017631888e-01,-4.6017384529e-01,-3.4999413490e+00,8.3666376953e+03
896,4.5993274450e-01,-4.6001258492e-01,-3.2651219368e+00,8.3650302734e+03
897,4.5952683687e-01,-4.5962551236e-01,-3.3930656910e+00,8.3634257812e+03
898,4.5943894982e-01,-4.5957159996e-01,-3.3529286385e+00,8.3618212891e+03
899,4.5973271132e-01,-4.5999783278e-01,-3.2199339867e+00,8.3602119141e+03
900,4.5964968204e-01,-4.6021035314e-01,-3.3158137798e+00,8.3586113281e+03
901,4.5906749368e-01,-4.5986190438e-01,-3.1780259609e+00,8.3570058594e+03
902,4.5861703157e-01,-4.5939552784e-01,-3.3740963936e+00,8.3554042969e+03
903,4.5880380273e-01,-4.5935237408e-01,-3.3756937981e+00,8.3538007812e+03
904,4.5923137665e-01,-4.5986169577e-01,-3.5675983429e+00,8.3521982422e+03
905,4.5937222242e-01,-4.6054232121e-01,-3.3912804127e+00,8.3505937500e+03
906,4.5902058482e-01,-4.6056294441e-01,-3.4301204681e+00,8.3489931641e+03
907,4.5847752690e-01,-4.5990985632e-01,-3.5147657394e+00,8.3473916016e+03
908,4.5850756764e-01,-4.5934951305e-01,-3.2838611603e+00,8.3457871094e+03
909,4.5933991671e-01,-4.5934632421e-01,-3.2366659641e+00,8.3441845703e+03
910,4.6002289653e-01,-4.5921969414e-01,-2.9522316456e+00,8.3425830078e+03
911,4.5969575644e-01,-4.5882660151e-01,-2.8529920578e+00,8.3409873047e+03
912,4.5915615559e-01,-4.5867386460e-01,-2.9006352425e+00,8.3393886719e+03
913,4.5910379291e-01,-4.5883059502e-01,-3.2116351128e+00,8.3377919922e+03
914,4.5910421014e-01,-4.5936730504e-01,-3.5894398689e+00,8.3361875000e+03
915,4.5909559727e-01,-4.5991498232e-01,-3.6206634045e+00,8.3345869141e+03
916,4.5887708664e-01,-4.5985281467e-01,-3.3975920677e+00,8.3329921875e+03
917,4.5842030644e-01,-4.5914316177e-01,-3.3862850666e+00,8.3313935547e+03
918,4.5814931393e-01,-4.5848831534e-01,-3.2914044857e+00,8.3297939453e+03
919,4.5836803317e-01,-4.5858988166e-01,-3.2878484726e+00,8.3281962891e+03
920,4.5883074403e-01,-4.5918938518e-01,-3.5334720612e+00,8.3266015625e+03
921,4.5899331570e-01,-4.5965543389e-01,-3.4406216145e+00,8.3250078125e+03
922,4.5875453949e-01,-4.5975404978e-01,-3.3389103413e+00,8.3234130859e+03
923,4.5849159360e-01,-4.5957723260e-01,-3.1882431507e+00,8.3218134766e+03
924,4.5838853717e-01,-4.5916199684e-01,-3.1565098763e+00,8.3202226562e+03
925,4.5846763253e-01,-4.5887595415e-01,-3.2084939480e+00,8.3186259766e+03
926,4.5856139064e-01,-4.5878428221e-01,-3.3679602146e+00,8.3170292969e+03
927,4.5857900381e-01,-4.5886677504e-01,-3.2786192894e+00,8.3154404297e+03
928,4.5853969455e-01,-4.5893406868e-01,-3.2559175491e+00,8.3138457031e+03
929,4.5835614204e-01,-4.5887196064e-01,-3.3321564198e+00,8.3122500000e+03
930,4.5822179317e-01,-4.5858791471e-01,-3.3919227123e+00,8.3106621094e+03
931,4.5827451348e-01,-4.5843175054e-01,-3.1358284950e+00,8.3090703125e+03
932,4.5843207836e-01,-4.5857334137e-01,-3.5086688995e+00,8.3074736328e+03
933,4.5843291283e-01,-4.5854237676e-01,-3.5061852932e+00,8.3058818359e+03
934,4.5819908381e-01,-4.5824524760e-01,-3.3830707073e+00,8.3042871094e+03
935,4.5803484321e-01,-4.5831146836e-01,-3.4005930424e+00,8.3026992188e+03
936,4.5817849040e-01,-4.5858114958e-01,-3.4910030365e+00,8.3011132812e+03
937,4.5826536417e-01,-4.5852142572e-01,-3.4635410309e+00,8.2995175781e+03
938,4.5813497901e-01,-4.5799571276e-01,-3.1081271172e+00,8.2979296875e+03
939,4.5791900158e-01,-4.5759537816e-01,-3.2543697357e+00,8.2963378906e+03
940,4.5825237036e-01,-4.5764532685e-01,-3.2381267548e+00,8.2947490234e+03
941,4.5852369070e-01,-4.5796376467e-01,-3.3798842430e+00,8.2931621094e+03
942,4.5828670263e-01,-4.5808374882e-01,-3.2481465340e+00,8.2915732422e+03
943,4.5780193806e-01,-4.5799896121e-01,-3.4381887913e+00,8.2899814453e+03
944,4.5768105984e-01,-4.5796209574e-01,-3.2800199986e+00,8.2883945312e+03
945,4.5773774385e-01,-4.5795017481e-01,-3.2307558060e+00,8.2868056641e+03
946,4.5772156119e-01,-4.5787030458e-01,-3.1762452126e+00,8.2852226562e+03
947,4.5756766200e-01,-4.5775151253e-01,-3.0857930183e+00,8.2836357422e+03
948,4.5762348175e-01,-4.5786285400e-01,-3.3842570782e+00,8.2820488281e+03
949,4.5775014162e-01,-4.5784771442e-01,-3.2221269608e+00,8.2804638672e+03
950,4.5766669512e-01,-4.5741567016e-01,-3.3748304844e+00,8.2788730469e+03
951,4.5755097270e-01,-4.5696631074e-01,-3.2790505886e+00,8.2772900391e+03
952,4.5774608850e-01,-4.5693284273e-01,-3.1265482903e+00,8.2757089844e+03
953,4.5807948709e-01,-4.5718881488e-01,-3.0809991360e+00,8.2741230469e+03
954,4.5803505182e-01,-4.5730528235e-01,-3.3320379257e+00,8.2725380859e+03
955,4.5759096742e-01,-4.5722234249e-01,-3.3763484955e+00,8.2709541016e+03
956,4.5735469460e-01,-4.5733910799e-01,-3.5958261490e+00,8.2693750000e+03
957,4.5729032159e-01,-4.5755615830e-01,-3.6273188591e+00,8.2677890625e+03
958,4.5721945167e-01,-4.5753529668e-01,-3.3676803112e+00,8.2662021484e+03
959,4.5701190829e-01,-4.5736518502e-01,-2.9240558147e+00,8.2646142578e+03
960,4.5698326826e-01,-4.5745331049e-01,-2.8674690723e+00,8.2630380859e+03
961,4.5710748434e-01,-4.5765602589e-01,-2.9565200806e+00,8.2614550781e+03
962,4.5700514317e-01,-4.5758765936e-01,-3.1728968620e+00,8.2598701172e+03
963,4.5680421591e-01,-4.5740592480e-01,-3.1490182877e+00,8.2582919922e+03
964,4.5666643977e-01,-4.5699831843e-01,-3.2330403328e+00,8.2567128906e+03
965,4.5657634735e-01,-4.5646345615e-01,-3.3306853771e+00,8.2551328125e+03
966,4.5663702488e-01,-4.5620110631e-01,-3.1376845837e+00,8.2535556641e+03
967,4.5690929890e-01,-4.5653671026e-01,-3.3629155159e+00,8.2519746094e+03
968,4.5719197392e-01,-4.5716831088e-01,-3.5483980179e+00,8.2503955078e+03
969,4.5697423816e-01,-4.5756143332e-01,-3.6802263260e+00,8.2488125000e+03
970,4.5654842257e-01,-4.5735546947e-01,-3.4491536617e+00,8.2472343750e+03
971,4.5636537671e-01,-4.5711952448e-01,-3.3092257977e+00,8.2456542969e+03
972,4.5649373531e-01,-4.5716705918e-01,-3.3478264809e+00,8.2440781250e+03
973,4.5644566417e-01,-4.5733284950e-01,-3.1384515762e+00,8.2425039062e+03
974,4.5614030957e-01,-4.5702219009e-01,-3.2377507687e+00,8.2409218750e+03
975,4.5564839244e-01,-4.5659577847e-01,-3.2001640797e+00,8.2393466797e+03
976,4.5562374592e-01,-4.5659652352e-01,-3.4792113304e+00,8.2377666016e+03
977,4.5618680120e-01,-4.5686653256e-01,-3.3724579811e+00,8.2361894531e+03
978,4.5659726858e-01,-4.5688194036e-01,-3.2623369694e+00,8.2346181641e+03
979,4.5655199885e-01,-4.5665666461e-01,-3.0458590984e+00,8.2330429688e+03
980,4.5643234253e-01,-4.5671173930e-01,-3.1556227207e+00,8.2314687500e+03
981,4.5642420650e-01,-4.5662963390e-01,-3.1418337822e+00,8.2298916016e+03
982,4.5617067814e-01,-4.5621082187e-01,-3.3639166355e+00,8.2283173828e+03
983,4.5599517226e-01,-4.5604786277e-01,-3.0016529560e+00,8.2267451172e+03
984,4.5620745420e-01,-4.5632207394e-01,-3.1183214188e+00,8.2251699219e+03
985,4.5623707771e-01,-4.5632487535e-01,-3.0276935101e+00,8.2236025391e+03
986,4.5575872064e-01,-4.5605549216e-01,-3.1250915527e+00,8.2220263672e+03
987,4.5541813970e-01,-4.5580667257e-01,-3.7373619080e+00,8.2204521484e+03
988,4.5573988557e-01,-4.5598646998e-01,-3.7284317017e+00,8.2188828125e+03
989,4.5624193549e-01,-4.5632675290e-01,-3.5167784691e+00,8.2173125000e+03
990,4.5629936457e-01,-4.5624116063e-01,-3.1875472069e+00,8.2157392578e+03
991,4.5601719618e-01,-4.5597383380e-01,-3.0095081329e+00,8.2141650391e+03
992,4.5582053065e-01,-4.5577245951e-01,-3.1688656807e+00,8.2125927734e+03
993,4.5570692420e-01,-4.5582485199e-01,-3.1869828701e+00,8.2110273438e+03
994,4.5553517342e-01,-4.5588019490e-01,-3.5510036945e+00,8.2094560547e+03
995,4.5543035865e-01,-4.5606806874e-01,-3.3769657612e+00,8.2078847656e+03
996,4.5539617538e-01,-4.5631861687e-01,-3.1992785931e+00,8.2063144531e+03
997,4.5532125235e-01,-4.5617881417e-01,-3.0275783539e+00,8.2047470703e+03
998,4.5516946912e-01,-4.5562630892e-01,-3.2052328587e+00,8.2031757812e+03
999,4.5512881875e-01,-4.5522579551e-01,-3.1752924919e+00,8.2016093750e+03
1000,4.5513790846e-01,-4.5531120896e-01,-3.6344416142e+00,8.2000410156e+03
1001,4.5528066158e-01,-4.5578470826e-01,-3.6657001972e+00,8.1984726562e+03
1002,4.5528176427e-01,-4.5631614327e-01,-3.8784811497e+00,8.1969023438e+03
1003,4.5500683784e-01,-4.5644471049e-01,-3.4410109520e+00,8.1953349609e+03
1004,4.5470628142e-01,-4.5634320378e-01,-3.0822527409e+00,8.1937744141e+03
1005,4.5475730300e-01,-4.5621785522e-01,-3.1549892426e+00,8.1922099609e+03
1006,4.5482712984e-01,-4.5607662201e-01,-3.2102620602e+00,8.1906362305e+03
1007,4.5480644703e-01,-4.5574387908e-01,-3.1732430458e+00,8.1890693359e+03
1008,4.5481139421e-01,-4.5550554991e-01,-2.9257161617e+00,8.1875097656e+03
1009,4.5505532622e-01,-4.5582470298e-01,-3.1244530678e+00,8.1859399414e+03
1010,4.5523667336e-01,-4.5611467957e-01,-3.0566520691e+00,8.1843750000e+03
1011,4.5486229658e-01,-4.5583346486e-01,-3.0545396805e+00,8.1828144531e+03
1012,4.5414999127e-01,-4.5535859466e-01,-3.0004744530e+00,8.1812470703e+03
1013,4.5399206877e-01,-4.5543044806e-01,-3.5022122860e+00,8.1796894531e+03
1014,4.5430710912e-01,-4.5578706264e-01,-3.6203730106e+00,8.1781269531e+03
1015,4.5438939333e-01,-4.5596587658e-01,-3.2248599529e+00,8.1765566406e+03
1016,4.5419797301e-01,-4.5580452681e-01,-3.0873825550e+00,8.1749970703e+03
1017,4.5411357284e-01,-4.5555770397e-01,-2.9720003605e+00,8.1734375000e+03
1018,4.5416247845e-01,-4.5562914014e-01,-3.1906974316e+00,8.1718774414e+03
1019,4.5413193107e-01,-4.5562466979e-01,-3.0181767941e+00,8.1703149414e+03
1020,4.5388710499e-01,-4.5527657866e-01,-3.3587570190e+00,8.1687524414e+03
1021,4.5350331068e-01,-4.5474812388e-01,-3.2427303791e+00,8.1671904297e+03
1022,4.5354822278e-01,-4.5456510782e-01,-3.3003866673e+00,8.1656342773e+03
1023,4.5389014482e-01,-4.5470741391e-01,-3.2191953659e+00,8.1640708008e+03
1024,4.5416411757e-01,-4.5508411527e-01,-3.2253396511e+00,8.1625112305e+03
1025,4.5410275459e-01,-4.5547837019e-01,-3.4848327637e+00,8.1609423828e+03
1026,4.5390638709e-01,-4.5565238595e-01,-2.9877333641e+00,8.1593916016e+03
1027,4.5364138484e-01,-4.5546913147e-01,-3.0298080444e+00,8.1578349609e+03
1028,4.5329073071e-01,-4.5486959815e-01,-2.9581375122e+00,8.1562739258e+03
1029,4.5321720839e-01,-4.5458117127e-01,-3.2244713306e+00,8.1547138672e+03
1030,4.5347735286e-01,-4.5472347736e-01,-3.3409066200e+00,8.1531562500e+03
1031,4.5375132561e-01,-4.5502638817e-01,-3.3938436508e+00,8.1515991211e+03
1032,4.5352298021e-01,-4.5509332418e-01,-3.2729496956e+00,8.1500429688e+03
1033,4.5301544666e-01,-4.5462706685e-01,-3.1992046833e+00,8.1484824219e+03
1034,4.5290684700e-01,-4.5397734642e-01,-3.2723987103e+00,8.1469223633e+03
1035,4.5328536630e-01,-4.5384910703e-01,-3.5064368248e+00,8.1453627930e+03
1036,4.5391392708e-01,-4.5448809862e-01,-3.4984433651e+00,8.1438125000e+03
1037,4.5430907607e-01,-4.5520517230e-01,-3.3711440563e+00,8.1422529297e+03
1038,4.5389136672e-01,-4.5534992218e-01,-3.3747177124e+00,8.1407021484e+03
1039,4.5322975516e-01,-4.5513516665e-01,-2.9172048569e+00,8.1391455078e+03
1040,4.5293518901e-01,-4.5474225283e-01,-2.8726384640e+00,8.1375869141e+03
1041,4.5292302966e-01,-4.5413973927e-01,-2.9454555511e+00,8.1360332031e+03
1042,4.5306441188e-01,-4.5371890068e-01,-2.9582984447e+00,8.1344794922e+03
1043,4.5341661572e-01,-4.5390778780e-01,-3.1040060520e+00,8.1329204102e+03
1044,4.5373606682e-01,-4.5434057713e-01,-3.4674236774e+00,8.1313710938e+03
1045,4.5351305604e-01,-4.5427647233e-01,-3.6768488884e+00,8.1298183594e+03
1046,4.5292875171e-01,-4.5397514105e-01,-3.5025417805e+00,8.1282690430e+03
1047,4.5278620720e-01,-4.5415922999e-01,-3.3654634953e+00,8.1267197266e+03
1048,4.5317259431e-01,-4.5447468758e-01,-3.0993142128e+00,8.1251655273e+03
1049,4.5326957107e-01,-4.5429497957e-01,-3.0013539791e+00,8.1236142578e+03
1050,4.5312476158e-01,-4.5377942920e-01,-2.8747692108e+00,8.1220629883e+03
1051,4.5294097066e-01,-4.5345976949e-01,-2.9933078289e+00,8.1205058594e+03
1052,4.5302498341e-01,-4.5341357589e-01,-2.9155471325e+00,8.1189594727e+03
1053,4.5302644372e-01,-4.5343214273e-01,-3.0827739239e+00,8.1174082031e+03
1054,4.5276013017e-01,-4.5332220197e-01,-3.2215433121e+00,8.1158564453e+03
1055,4.5268633962e-01,-4.5306402445e-01,-3.2763369083e+00,8.1143090820e+03
1056,4.5293194056e-01,-4.5286157727e-01,-3.3289299011e+00,8.1127617188e+03
1057,4.5316645503e-01,-4.5296394825e-01,-3.5500698090e+00,8.1112104492e+03
1058,4.5328941941e-01,-4.5327919722e-01,-3.3808538914e+00,8.1096611328e+03
1059,4.5322313905e-01,-4.5364484191e-01,-3.2491741180e+00,8.1081157227e+03
1060,4.5319122076e-01,-4.5408114791e-01,-3.0655968189e+00,8.1065654297e+03
1061,4.5299294591e-01,-4.5397564769e-01,-2.8854739666e+00,8.1050219727e+03
1062,4.5252478123e-01,-4.5313939452e-01,-2.7059884071e+00,8.1034711914e+03
1063,4.5217552781e-01,-4.5233085752e-01,-2.9781031609e+00,8.1019223633e+03
1064,4.5228701830e-01,-4.5268398523e-01,-3.3275647163e+00,8.1003828125e+03
1065,4.5273384452e-01,-4.5370420814e-01,-3.5044550896e+00,8.0988334961e+03
1066,4.5277234912e-01,-4.5415878296e-01,-3.4225156307e+00,8.0972797852e+03
1067,4.5198881626e-01,-4.5370009542e-01,-3.3462138176e+00,8.0957343750e+03
1068,4.5165228844e-01,-4.5306754112e-01,-2.8269498348e+00,8.0941948242e+03
1069,4.5218268037e-01,-4.5299133658e-01,-2.8651158810e+00,8.0926503906e+03
1070,4.5272269845e-01,-4.5312356949e-01,-2.8679702282e+00,8.0911044922e+03
1071,4.5249670744e-01,-4.5282870531e-01,-3.0218729973e+00,8.0895590820e+03
1072,4.5183080435e-01,-4.5263195038e-01,-2.9091856480e+00,8.0880112305e+03
1073,4.5150595903e-01,-4.5256349444e-01,-3.1567955017e+00,8.0864731445e+03
1074,4.5153075457e-01,-4.5261067152e-01,-3.4928858280e+00,8.0849277344e+03
1075,4.5172965527e-01,-4.5295551419e-01,-3.1415936947e+00,8.0833828125e+03
1076,4.5190709829e-01,-4.5315131545e-01,-3.1501138210e+00,8.0818417969e+03
1077,4.5183894038e-01,-4.5298042893e-01,-3.1182003021e+00,8.0803032227e+03
1078,4.5157054067e-01,-4.5266029239e-01,-2.9688262939e+00,8.0787597656e+03
1079,4.5155206323e-01,-4.5252573490e-01,-2.8859016895e+00,8.0772177734e+03
1080,4.5161741972e-01,-4.5257204771e-01,-3.0392477512e+00,8.0756723633e+03
1081,4.5150241256e-01,-4.5235496759e-01,-3.3771660328e+00,8.0741303711e+03
1082,4.5126229525e-01,-4.5187211037e-01,-3.3376517296e+00,8.0725893555e+03
1083,4.5137068629e-01,-4.5160201192e-01,-3.2455775738e+00,8.0710522461e+03
1084,4.5186072588e-01,-4.5172151923e-01,-3.0240027905e+00,8.0695141602e+03
1085,4.5230954885e-01,-4.5200639963e-01,-2.9998698235e+00,8.0679707031e+03
1086,4.5237889886e-01,-4.5210906863e-01,-2.9743330479e+00,8.0664335938e+03
1087,4.5193985105e-01,-4.5211136341e-01,-3.2575192451e+00,8.0648935547e+03
1088,4.5153999329e-01,-4.5186474919e-01,-3.1130566597e+00,8.0633574219e+03
1089,4.5131754875e-01,-4.5167964697e-01,-3.0651731491e+00,8.0618168945e+03
1090,4.5134842396e-01,-4.5163646340e-01,-3.0148310661e+00,8.0602812500e+03
1091,4.5154967904e-01,-4.5180737972e-01,-3.2540893555e+00,8.0587392578e+03
1092,4.5163041353e-01,-4.5172747970e-01,-3.1231870651e+00,8.0572001953e+03
1093,4.5140346885e-01,-4.5166072249e-01,-3.1583998203e+00,8.0556640625e+03
1094,4.5125398040e-01,-4.5165839791e-01,-3.1907231808e+00,8.0541264648e+03
1095,4.5126557350e-01,-4.5167455077e-01,-3.2751057148e+00,8.0525927734e+03
1096,4.5132482052e-01,-4.5159730315e-01,-3.2625949383e+00,8.0510537109e+03
1097,4.5143145323e-01,-4.5155757666e-01,-3.0919444561e+00,8.0495200195e+03
1098,4.5151731372e-01,-4.5151472092e-01,-3.0696794987e+00,8.0479848633e+03
1099,4.5144540071e-01,-4.5155686140e-01,-3.0378217697e+00,8.0464526367e+03
1100,4.5116934180e-01,-4.5159193873e-01,-3.0093641281e+00,8.0449116211e+03
1101,4.5098215342e-01,-4.5183667541e-01,-3.1026887894e+00,8.0433803711e+03
1102,4.5083710551e-01,-4.5190173388e-01,-3.1332576275e+00,8.0418496094e+03
1103,4.5079591870e-01,-4.5161464810e-01,-3.0293815136e+00,8.0403139648e+03
1104,4.5066583157e-01,-4.5124179125e-01,-2.9055757523e+00,8.0387783203e+03
1105,4.5056566596e-01,-4.5116347075e-01,-2.8733685017e+00,8.0372446289e+03
1106,4.5060992241e-01,-4.5148938894e-01,-2.9352917671e+00,8.0357104492e+03
1107,4.5061838627e-01,-4.5176380873e-01,-2.9676420689e+00,8.0341782227e+03
1108,4.5005032420e-01,-4.5153030753e-01,-3.0560688972e+00,8.0326455078e+03
1109,4.4960021973e-01,-4.5110353827e-01,-2.9355189800e+00,8.0311191406e+03
1110,4.4958356023e-01,-4.5084327459e-01,-3.2168567181e+00,8.0295859375e+03
1111,4.5006275177e-01,-4.5115140080e-01,-3.0678000450e+00,8.0280488281e+03
1112,4.5047405362e-01,-4.5160120726e-01,-2.8905353546e+00,8.0265170898e+03
1113,4.5026725531e-01,-4.5143336058e-01,-2.8838999271e+00,8.0249868164e+03
1114,4.4971331954e-01,-4.5094764233e-01,-2.9730637074e+00,8.0234570312e+03
1115,4.4953635335e-01,-4.5081919432e-01,-3.4991223812e+00,8.0219282227e+03
1116,4.4978681207e-01,-4.5117509365e-01,-3.4202048779e+00,8.0203955078e+03
1117,4.5000004768e-01,-4.5152345300e-01,-3.3803937435e+00,8.0188686523e+03
1118,4.4992437959e-01,-4.5167735219e-01,-3.1269474030e+00,8.0173398438e+03
1119,4.4967904687e-01,-4.5144471526e-01,-2.7511305809e+00,8.0158100586e+03
1120,4.4936758280e-01,-4.5092549920e-01,-2.7006840706e+00,8.0142812500e+03
1121,4.4923180342e-01,-4.5033764839e-01,-2.5857176781e+00,8.0127524414e+03
1122,4.4918760657e-01,-4.4992336631e-01,-3.0176520348e+00,8.0112275391e+03
1123,4.4938465953e-01,-4.4995158911e-01,-2.9445405006e+00,8.0096962891e+03
1124,4.4961363077e-01,-4.5015922189e-01,-3.0083272457e+00,8.0081728516e+03
1125,4.4960880280e-01,-4.5004743338e-01,-2.9026303291e+00,8.0066455078e+03
1126,4.4938632846e-01,-4.4993329048e-01,-3.0669975281e+00,8.0051127930e+03
1127,4.4958198071e-01,-4.5041850209e-01,-3.0084700584e+00,8.0035888672e+03
1128,4.4990614057e-01,-4.5088997483e-01,-2.9280221462e+00,8.0020620117e+03
1129,4.4968518615e-01,-4.5067110658e-01,-2.9631400108e+00,8.0005400391e+03
1130,4.4901844859e-01,-4.4988557696e-01,-3.0109155178e+00,7.9990107422e+03
1131,4.4876492023e-01,-4.4942981005e-01,-3.3139810562e+00,7.9974848633e+03
1132,4.4921973348e-01,-4.4942659140e-01,-3.1151087284e+00,7.9959604492e+03
1133,4.4969400764e-01,-4.4945383072e-01,-3.2132139206e+00,7.9944379883e+03
1134,4.4961899519e-01,-4.4960826635e-01,-3.0032017231e+00,7.9929165039e+03
1135,4.4954362512e-01,-4.5028609037e-01,-2.8301675320e+00,7.9913925781e+03
1136,4.4947496057e-01,-4.5085862279e-01,-2.9791641235e+00,7.9898676758e+03
1137,4.4906976819e-01,-4.5074930787e-01,-2.9222240448e+00,7.9883461914e+03
1138,4.4838687778e-01,-4.5007470250e-01,-3.1902589798e+00,7.9868256836e+03
1139,4.4820630550e-01,-4.4935485721e-01,-3.0098555088e+00,7.9853007812e+03
1140,4.4871386886e-01,-4.4909724593e-01,-3.0879466534e+00,7.9837778320e+03
1141,4.4923719764e-01,-4.4911441207e-01,-3.1543338299e+00,7.9822568359e+03
1142,4.4951307774e-01,-4.4930392504e-01,-3.2467765808e+00,7.9807373047e+03
1143,4.4942459464e-01,-4.4971045852e-01,-3.1825139523e+00,7.9792148438e+03
1144,4.4917517900e-01,-4.5011624694e-01,-3.3026306629e+00,7.9776972656e+03
1145,4.4899761677e-01,-4.5026391745e-01,-3.0324220657e+00,7.9761757812e+03
1146,4.4853952527e-01,-4.4990727305e-01,-3.0303711891e+00,7.9746582031e+03
1147,4.4831487536e-01,-4.4958707690e-01,-2.9400901794e+00,7.9731376953e+03
1148,4.4862586260e-01,-4.4948360324e-01,-2.7766947746e+00,7.9716171875e+03
1149,4.4893300533e-01,-4.4921854138e-01,-2.9735119343e+00,7.9700966797e+03
1150,4.4890218973e-01,-4.4903326035e-01,-2.8546621799e+00,7.9685834961e+03
1151,4.4887858629e-01,-4.4894045591e-01,-3.1141891479e+00,7.9670566406e+03
1152,4.4891101122e-01,-4.4913661480e-01,-2.9717268944e+00,7.9655439453e+03
1153,4.4877305627e-01,-4.4944015145e-01,-3.1198806763e+00,7.9640253906e+03
1154,4.4848880172e-01,-4.4931375980e-01,-2.8282434940e+00,7.9625097656e+03
1155,4.4802644849e-01,-4.4896703959e-01,-2.8603279591e+00,7.9609877930e+03
1156,4.4796657562e-01,-4.4881054759e-01,-2.7120974064e+00,7.9594746094e+03
1157,4.4820225239e-01,-4.4878128171e-01,-2.9785680771e+00,7.9579628906e+03
1158,4.4833776355e-01,-4.4863587618e-01,-3.1181764603e+00,7.9564433594e+03
1159,4.4829216599e-01,-4.4838127494e-01,-2.9408476353e+00,7.9549267578e+03
1160,4.4829484820e-01,-4.4829320908e-01,-3.1559219360e+00,7.9534125977e+03
1161,4.4826972485e-01,-4.4829833508e-01,-3.0192439556e+00,7.9518979492e+03
1162,4.4823589921e-01,-4.4845765829e-01,-3.0501110554e+00,7.9503798828e+03
1163,4.4820824265e-01,-4.4868162274e-01,-2.7802898884e+00,7.9488666992e+03
1164,4.4811862707e-01,-4.4866907597e-01,-2.8100976944e+00,7.9473549805e+03
1165,4.4790926576e-01,-4.4831603765e-01,-2.6906168461e+00,7.9458422852e+03
1166,4.4787591696e-01,-4.4807431102e-01,-2.9029815197e+00,7.9443256836e+03
1167,4.4802579284e-01,-4.4832134247e-01,-3.1047742367e+00,7.9428125000e+03
1168,4.4799834490e-01,-4.4866257906e-01,-3.0250692368e+00,7.9413012695e+03
1169,4.4756960869e-01,-4.4858080149e-01,-3.0067749023e+00,7.9397910156e+03
1170,4.4705572724e-01,-4.4824787974e-01,-2.9935367107e+00,7.9382778320e+03
1171,4.4705152512e-01,-4.4816556573e-01,-2.9781279564e+00,7.9367705078e+03
1172,4.4735267758e-01,-4.4808271527e-01,-3.0985004902e+00,7.9352587891e+03
1173,4.4753193855e-01,-4.4777384400e-01,-3.0174226761e+00,7.9337446289e+03
1174,4.4759461284e-01,-4.4773861766e-01,-2.9168984890e+00,7.9322343750e+03
1175,4.4776898623e-01,-4.4786882401e-01,-2.8446683884e+00,7.9307250977e+03
1176,4.4787913561e-01,-4.4804355502e-01,-2.6197628975e+00,7.9292128906e+03
1177,4.4758629799e-01,-4.4801402092e-01,-2.8518128395e+00,7.9277045898e+03
1178,4.4729748368e-01,-4.4772899151e-01,-2.8291230202e+00,7.9261938477e+03
1179,4.4707623124e-01,-4.4753912091e-01,-2.9980125427e+00,7.9246840820e+03
1180,4.4702827930e-01,-4.4755214453e-01,-3.1420252323e+00,7.9231757812e+03
1181,4.4716361165e-01,-4.4773620367e-01,-3.2176179886e+00,7.9216733398e+03
1182,4.4713383913e-01,-4.4804137945e-01,-3.1014242172e+00,7.9201606445e+03
1183,4.4694077969e-01,-4.4814595580e-01,-3.0277640820e+00,7.9186503906e+03
1184,4.4677695632e-01,-4.4798883796e-01,-2.9502310753e+00,7.9171479492e+03
1185,4.4665750861e-01,-4.4767642021e-01,-3.0226995945e+00,7.9156376953e+03
1186,4.4665202498e-01,-4.4765374064e-01,-2.9170949459e+00,7.9141308594e+03
1187,4.4682973623e-01,-4.4784009457e-01,-2.7573282719e+00,7.9126264648e+03
1188,4.4681033492e-01,-4.4792354107e-01,-2.7716894150e+00,7.9111201172e+03
1189,4.4645968080e-01,-4.4774952531e-01,-2.5953791142e+00,7.9096181641e+03
1190,4.4608378410e-01,-4.4766670465e-01,-2.8286826611e+00,7.9081137695e+03
1191,4.4593772292e-01,-4.4767326117e-01,-2.9564707279e+00,7.9066059570e+03
1192,4.4579187036e-01,-4.4760873914e-01,-3.0776612759e+00,7.9050996094e+03
1193,4.4569697976e-01,-4.4752565026e-01,-3.0342183113e+00,7.9036015625e+03
1194,4.4581350684e-01,-4.4752299786e-01,-2.9291179180e+00,7.9020976562e+03
1195,4.4599184394e-01,-4.4749122858e-01,-2.6981484890e+00,7.9005893555e+03
1196,4.4599428773e-01,-4.4728177786e-01,-2.6619863510e+00,7.8990913086e+03
1197,4.4596132636e-01,-4.4734632969e-01,-2.7607097626e+00,7.8975859375e+03
1198,4.4593113661e-01,-4.4734770060e-01,-3.1343634129e+00,7.8960815430e+03
1199,4.4581997395e-01,-4.4698849320e-01,-3.1742546558e+00,7.8945849609e+03
1200,4.4574841857e-01,-4.4670954347e-01,-3.0103158951e+00,7.8930834961e+03
1201,4.4599130750e-01,-4.4691291451e-01,-3.1334686279e+00,7.8915825195e+03
1202,4.4634905457e-01,-4.4725078344e-01,-2.9833958149e+00,7.8900844727e+03
1203,4.4612136483e-01,-4.4736826420e-01,-2.9579014778e+00,7.8885834961e+03
1204,4.4568267465e-01,-4.4709900022e-01,-2.5194456577e+00,7.8870830078e+03
1205,4.4549864531e-01,-4.4675216079e-01,-2.5952222347e+00,7.8855791016e+03
1206,4.4561281800e-01,-4.4657409191e-01,-2.6194305420e+00,7.8840781250e+03
1207,4.4579267502e-01,-4.4660300016e-01,-2.6725482941e+00,7.8825795898e+03
1208,4.4590008259e-01,-4.4687542319e-01,-2.9603209496e+00,7.8810805664e+03
1209,4.4570744038e-01,-4.4702488184e-01,-3.0416045189e+00,7.8795776367e+03
1210,4.4551032782e-01,-4.4692033529e-01,-2.8972792625e+00,7.8780791016e+03
1211,4.4532537460e-01,-4.4647979736e-01,-2.6341738701e+00,7.8765864258e+03
1212,4.4520077109e-01,-4.4601905346e-01,-2.5771181583e+00,7.8750859375e+03
1213,4.4537201524e-01,-4.4601359963e-01,-2.6896767616e+00,7.8735864258e+03
1214,4.4585683942e-01,-4.4638580084e-01,-2.8308732510e+00,7.8720913086e+03
1215,4.4582998753e-01,-4.4626912475e-01,-2.9017832279e+00,7.8705932617e+03
1216,4.4540879130e-01,-4.4591504335e-01,-2.8111915588e+00,7.8690976562e+03
1217,4.4516453147e-01,-4.4589880109e-01,-2.8493733406e+00,7.8675976562e+03
1218,4.4525367022e-01,-4.4613137841e-01,-2.7886581421e+00,7.8661020508e+03
1219,4.4524979591e-01,-4.4618442655e-01,-2.7657096386e+00,7.8646064453e+03
1220,4.4502323866e-01,-4.4623363018e-01,-2.9306173325e+00,7.8631098633e+03
1221,4.4492271543e-01,-4.4629538059e-01,-3.0242147446e+00,7.8616157227e+03
1222,4.4484329224e-01,-4.4629317522e-01,-2.9729688168e+00,7.8601181641e+03
1223,4.4474714994e-01,-4.4603827596e-01,-2.7324893475e+00,7.8586259766e+03
1224,4.4473025203e-01,-4.4561797380e-01,-2.4839389324e+00,7.8571328125e+03
1225,4.4501781464e-01,-4.4556456804e-01,-2.4415941238e+00,7.8556411133e+03
1226,4.4536241889e-01,-4.4558846951e-01,-2.3932030201e+00,7.8541450195e+03
1227,4.4533771276e-01,-4.4529196620e-01,-2.5726683140e+00,7.8526494141e+03
1228,4.4483292103e-01,-4.4506368041e-01,-2.6311440468e+00,7.8511523438e+03
1229,4.4447180629e-01,-4.4526043534e-01,-3.0496544838e+00,7.8496616211e+03
1230,4.4465240836e-01,-4.4567903876e-01,-2.9568052292e+00,7.8481743164e+03
1231,4.4479402900e-01,-4.4572168589e-01,-2.8120615482e+00,7.8466821289e+03
1232,4.4466543198e-01,-4.4532570243e-01,-2.5090463161e+00,7.8451899414e+03
1233,4.4471210241e-01,-4.4501012564e-01,-2.4154834747e+00,7.8436953125e+03
1234,4.4493240118e-01,-4.4512507319e-01,-2.6116521358e+00,7.8422070312e+03
1235,4.4490486383e-01,-4.4528272748e-01,-2.8917510509e+00,7.8407163086e+03
1236,4.4462496042e-01,-4.4532737136e-01,-2.5381572247e+00,7.8392250977e+03
1237,4.4428080320e-01,-4.4526264071e-01,-2.5408117771e+00,7.8377343750e+03
1238,4.4398960471e-01,-4.4509294629e-01,-2.6003460884e+00,7.8362446289e+03
1239,4.4395664334e-01,-4.4517746568e-01,-2.7726590633e+00,7.8347519531e+03
1240,4.4401234388e-01,-4.4530436397e-01,-3.1054854393e+00,7.8332622070e+03
1241,4.4398847222e-01,-4.4509035349e-01,-3.1207699776e+00,7.8317792969e+03
1242,4.4393968582e-01,-4.4484612346e-01,-2.9322061539e+00,7.8302910156e+03
1243,4.4404387474e-01,-4.4476753473e-01,-2.6729917526e+00,7.8288032227e+03
1244,4.4430905581e-01,-4.4493585825e-01,-2.2783575058e+00,7.8273164062e+03
1245,4.4428372383e-01,-4.4509670138e-01,-2.4422571659e+00,7.8258261719e+03
1246,4.4390916824e-01,-4.4491511583e-01,-2.2730267048e+00,7.8243398438e+03
1247,4.4339019060e-01,-4.4449388981e-01,-2.6266338825e+00,7.8228510742e+03
1248,4.4321963191e-01,-4.4414663315e-01,-2.7539849281e+00,7.8213671875e+03
1249,4.4349941611e-01,-4.4427284598e-01,-2.9300098419e+00,7.8198818359e+03
1250,4.4397288561e-01,-4.4501867890e-01,-2.9137625694e+00,7.8183964844e+03
1251,4.4403585792e-01,-4.4552668929e-01,-2.6599044800e+00,7.8169116211e+03
1252,4.4346982241e-01,-4.4527944922e-01,-2.6050713062e+00,7.8154262695e+03
1253,4.4289064407e-01,-4.4465970993e-01,-2.6305816174e+00,7.8139423828e+03
1254,4.4287237525e-01,-4.4430181384e-01,-2.5308828354e+00,7.8124536133e+03
1255,4.4336554408e-01,-4.4423249364e-01,-2.7950279713e+00,7.8109736328e+03
1256,4.4375681877e-01,-4.4427666068e-01,-2.5934319496e+00,7.8094902344e+03
1257,4.4374924898e-01,-4.4441908598e-01,-2.6835277081e+00,7.8080019531e+03
1258,4.4356009364e-01,-4.4455015659e-01,-2.6979324818e+00,7.8065185547e+03
1259,4.4329634309e-01,-4.4464519620e-01,-2.5230989456e+00,7.8050405273e+03
1260,4.4292026758e-01,-4.4451847672e-01,-2.6507830620e+00,7.8035566406e+03
1261,4.4263899326e-01,-4.4439205527e-01,-2.5080513954e+00,7.8020737305e+03
1262,4.4273930788e-01,-4.4455426931e-01,-2.5616526604e+00,7.8005893555e+03
1263,4.4289901853e-01,-4.4474944472e-01,-2.8218634129e+00,7.7991069336e+03
1264,4.4283059239e-01,-4.4468167424e-01,-2.5998215675e+00,7.7976293945e+03
1265,4.4254094362e-01,-4.4457188249e-01,-2.4501116276e+00,7.7961503906e+03
1266,4.4238847494e-01,-4.4461351633e-01,-2.2212088108e+00,7.7946699219e+03
1267,4.4227164984e-01,-4.4449558854e-01,-2.3149247169e+00,7.7931889648e+03
1268,4.4203001261e-01,-4.4410800934e-01,-2.5277385712e+00,7.7917041016e+03
1269,4.4181823730e-01,-4.4360220432e-01,-2.5676119328e+00,7.7902280273e+03
1270,4.4204288721e-01,-4.4347146153e-01,-2.6573286057e+00,7.7887543945e+03
1271,4.4246441126e-01,-4.4342327118e-01,-2.2685630322e+00,7.7872719727e+03
1272,4.4246616960e-01,-4.4320321083e-01,-2.3368558884e+00,7.7857944336e+03
1273,4.4221720099e-01,-4.4306373596e-01,-2.3111293316e+00,7.7843188477e+03
1274,4.4239428639e-01,-4.4351688027e-01,-2.5482542515e+00,7.7828378906e+03
1275,4.4265004992e-01,-4.4402632117e-01,-2.6423621178e+00,7.7813642578e+03
1276,4.4258934259e-01,-4.4420346618e-01,-2.8748116493e+00,7.7798901367e+03
1277,4.4215479493e-01,-4.4395694137e-01,-2.6023044586e+00,7.7784121094e+03
1278,4.4189459085e-01,-4.4393867254e-01,-2.5031075478e+00,7.7769272461e+03
1279,4.4175148010e-01,-4.4411146641e-01,-2.7342612743e+00,7.7754531250e+03
1280,4.4162082672e-01,-4.4417691231e-01,-2.7694702148e+00,7.7739804688e+03
1281,4.4145599008e-01,-4.4403097034e-01,-2.6046772003e+00,7.7725039062e+03
1282,4.4141507149e-01,-4.4361451268e-01,-2.6999933720e+00,7.7710292969e+03
1283,4.4187071919e-01,-4.4331672788e-01,-2.7184662819e+00,7.7695546875e+03
1284,4.4242507219e-01,-4.4312632084e-01,-2.5798478127e+00,7.7680839844e+03
1285,4.4258171320e-01,-4.4299018383e-01,-2.3055748940e+00,7.7666030273e+03
1286,4.4244363904e-01,-4.4303834438e-01,-2.3855738640e+00,7.7651264648e+03
1287,4.4231459498e-01,-4.4321623445e-01,-2.3966755867e+00,7.7636523438e+03
1288,4.4222229719e-01,-4.4357112050e-01,-2.3881297112e+00,7.7621845703e+03
1289,4.4215208292e-01,-4.4359681010e-01,-2.4685769081e+00,7.7607138672e+03
1290,4.4184151292e-01,-4.4342479110e-01,-2.4632871151e+00,7.7592397461e+03
1291,4.4159668684e-01,-4.4346308708e-01,-2.5471858978e+00,7.7577646484e+03
1292,4.4154232740e-01,-4.4380319118e-01,-2.4758248329e+00,7.7562968750e+03
1293,4.4146966934e-01,-4.4395342469e-01,-2.5165212154e+00,7.7548193359e+03
1294,4.4126322865e-01,-4.4341138005e-01,-2.5605497360e+00,7.7533535156e+03
1295,4.4109922647e-01,-4.4263222814e-01,-2.4171476364e+00,7.7518842773e+03
1296,4.4159293175e-01,-4.4239363074e-01,-2.3550736904e+00,7.7504125977e+03
1297,4.4229301810e-01,-4.4279387593e-01,-2.3671634197e+00,7.7489462891e+03
1298,4.4247838855e-01,-4.4318884611e-01,-2.3911118507e+00,7.7474726562e+03
1299,4.4191971421e-01,-4.4322678447e-01,-2.4414665699e+00,7.7460029297e+03
1300,4.4109785557e-01,-4.4292539358e-01,-2.6336016655e+00,7.7445317383e+03
1301,4.4072279334e-01,-4.4284117222e-01,-2.8726410866e+00,7.7430625000e+03
1302,4.4081375003e-01,-4.4318458438e-01,-2.6969392300e+00,7.7415966797e+03
1303,4.4106820226e-01,-4.4366204739e-01,-2.4511973858e+00,7.7401254883e+03
1304,4.4100394845e-01,-4.4376492500e-01,-2.2848179340e+00,7.7386572266e+03
1305,4.4058895111e-01,-4.4350519776e-01,-2.3109295368e+00,7.7371904297e+03
1306,4.4028684497e-01,-4.4310432673e-01,-2.2392797470e+00,7.7357221680e+03
1307,4.4021809101e-01,-4.4273954630e-01,-2.3163619041e+00,7.7342519531e+03
1308,4.4017818570e-01,-4.4228217006e-01,-2.5352468491e+00,7.7327890625e+03
1309,4.4027686119e-01,-4.4216269255e-01,-2.6747295856e+00,7.7313237305e+03
1310,4.4083374739e-01,-4.4251355529e-01,-2.2588710785e+00,7.7298549805e+03
1311,4.4118231535e-01,-4.4272798300e-01,-2.2204275131e+00,7.7283876953e+03
1312,4.4097775221e-01,-4.4229662418e-01,-2.0644087791e+00,7.7269238281e+03
1313,4.4054779410e-01,-4.4186416268e-01,-2.4269421101e+00,7.7254599609e+03
1314,4.4052499533e-01,-4.4190064073e-01,-2.5069642067e+00,7.7239951172e+03
1315,4.4088912010e-01,-4.4232639670e-01,-2.4136545658e+00,7.7225366211e+03
1316,4.4080302119e-01,-4.4223842025e-01,-2.4366004467e+00,7.7210668945e+03
1317,4.4035413861e-01,-4.4178244472e-01,-2.1251220703e+00,7.7196064453e+03
1318,4.4021835923e-01,-4.4146293402e-01,-2.0768249035e+00,7.7181445312e+03
1319,4.4043046236e-01,-4.4161501527e-01,-2.2329819202e+00,7.7166826172e+03
1320,4.4070181251e-01,-4.4179835916e-01,-2.3371872902e+00,7.7152182617e+03
1321,4.4061231613e-01,-4.4168254733e-01,-2.7411019802e+00,7.7137519531e+03
1322,4.4045791030e-01,-4.4162595272e-01,-2.4322023392e+00,7.7122958984e+03
1323,4.4069078565e-01,-4.4185838103e-01,-2.4080228806e+00,7.7108305664e+03
1324,4.4092336297e-01,-4.4195520878e-01,-2.3281555176e+00,7.7093701172e+03
1325,4.4063264132e-01,-4.4158110023e-01,-2.3607490063e+00,7.7079077148e+03
1326,4.4026648998e-01,-4.4143420458e-01,-2.1590700150e+00,7.7064482422e+03
1327,4.4011935592e-01,-4.4180938601e-01,-2.4080345631e+00,7.7049868164e+03
1328,4.4015491009e-01,-4.4211250544e-01,-2.4212710857e+00,7.7035244141e+03
1329,4.3984264135e-01,-4.4210514426e-01,-1.9921289682e+00,7.7020659180e+03
1330,4.3944406509e-01,-4.4184401631e-01,-2.0555839539e+00,7.7006035156e+03
1331,4.3937230110e-01,-4.4147863984e-01,-2.2287220955e+00,7.6991484375e+03
1332,4.3959218264e-01,-4.4108942151e-01,-2.4696397781e+00,7.6976899414e+03
1333,4.3983313441e-01,-4.4068458676e-01,-2.4730513096e+00,7.6962333984e+03
1334,4.4004264474e-01,-4.4051715732e-01,-2.2899918556e+00,7.6947739258e+03
1335,4.4019564986e-01,-4.4059646130e-01,-2.2546935081e+00,7.6933125000e+03
1336,4.4029861689e-01,-4.4086140394e-01,-2.2935349941e+00,7.6918583984e+03
1337,4.4026505947e-01,-4.4120925665e-01,-2.3388211727e+00,7.6904003906e+03
1338,4.3994754553e-01,-4.4109687209e-01,-2.3989250660e+00,7.6889423828e+03
1339,4.3960425258e-01,-4.4085016847e-01,-2.3446445465e+00,7.6874843750e+03
1340,4.3945565820e-01,-4.4081833959e-01,-2.4836881161e+00,7.6860332031e+03
1341,4.3941113353e-01,-4.4087290764e-01,-2.0766963959e+00,7.6845712891e+03
1342,4.3939602375e-01,-4.4071793556e-01,-2.0779058933e+00,7.6831186523e+03
1343,4.3931356072e-01,-4.4051393867e-01,-2.4709038734e+00,7.6816625977e+03
1344,4.3957749009e-01,-4.4054672122e-01,-2.4497783184e+00,7.6802060547e+03
1345,4.4001039863e-01,-4.4061872363e-01,-2.1721758842e+00,7.6787558594e+03
1346,4.4008433819e-01,-4.4074872136e-01,-2.0493819714e+00,7.6772978516e+03
1347,4.3971562386e-01,-4.4086083770e-01,-2.1773266792e+00,7.6758427734e+03
1348,4.3919804692e-01,-4.4074612856e-01,-2.2951388359e+00,7.6743916016e+03
1349,4.3882822990e-01,-4.4038343430e-01,-2.4973099232e+00,7.6729438477e+03
1350,4.3878236413e-01,-4.4032311440e-01,-2.5516562462e+00,7.6714848633e+03
1351,4.3924176693e-01,-4.4054424763e-01,-2.3209621906e+00,7.6700336914e+03
1352,4.3952003121e-01,-4.4081833959e-01,-2.3251490593e+00,7.6685791016e+03
1353,4.3931555748e-01,-4.4065609574e-01,-2.0919222832e+00,7.6671289062e+03
1354,4.3888661265e-01,-4.4035097957e-01,-2.3342103958e+00,7.6656782227e+03
1355,4.3874225020e-01,-4.4016394019e-01,-2.2603530884e+00,7.6642231445e+03
1356,4.3894860148e-01,-4.4026267529e-01,-2.1324241161e+00,7.6627724609e+03
1357,4.3913590908e-01,-4.4046160579e-01,-1.9508348703e+00,7.6613217773e+03
1358,4.3914604187e-01,-4.4069328904e-01,-1.8104492426e+00,7.6598706055e+03
1359,4.3894708157e-01,-4.4072887301e-01,-1.9126118422e+00,7.6584199219e+03
1360,4.3858850002e-01,-4.4071015716e-01,-2.1222786903e+00,7.6569707031e+03
1361,4.3834546208e-01,-4.4066929817e-01,-2.2614710331e+00,7.6555234375e+03
1362,4.3813380599e-01,-4.4049847126e-01,-2.3207077980e+00,7.6540708008e+03
1363,4.3793356419e-01,-4.4038006663e-01,-2.1627640724e+00,7.6526215820e+03
1364,4.3790426850e-01,-4.4042086601e-01,-2.3766984940e+00,7.6511752930e+03
1365,4.3802142143e-01,-4.4039681554e-01,-2.3804147243e+00,7.6497250977e+03
1366,4.3817812204e-01,-4.4011586905e-01,-2.2911646366e+00,7.6482832031e+03
1367,4.3822655082e-01,-4.3991476297e-01,-2.0034577847e+00,7.6468300781e+03
1368,4.3827059865e-01,-4.3999189138e-01,-1.9514480829e+00,7.6453876953e+03
1369,4.3822678924e-01,-4.3996563554e-01,-2.0158321857e+00,7.6439414062e+03
1370,4.3788516521e-01,-4.3968555331e-01,-1.9973781109e+00,7.6424912109e+03
1371,4.3752664328e-01,-4.3971696496e-01,-2.1939115524e+00,7.6410507812e+03
1372,4.3751764297e-01,-4.4001740217e-01,-2.3023886681e+00,7.6396030273e+03
1373,4.3771952391e-01,-4.3995177746e-01,-2.3436868191e+00,7.6381508789e+03
1374,4.3775811791e-01,-4.3959632516e-01,-2.1563227177e+00,7.6367080078e+03
1375,4.3792474270e-01,-4.3935215473e-01,-2.0136089325e+00,7.6352661133e+03
1376,4.3816259503e-01,-4.3920743465e-01,-2.1063029766e+00,7.6338183594e+03
1377,4.3829786777e-01,-4.3914401531e-01,-1.9882513285e+00,7.6323764648e+03
1378,4.3819400668e-01,-4.3925800920e-01,-2.1462283134e+00,7.6309335938e+03
1379,4.3789002299e-01,-4.3959310651e-01,-2.4111359119e+00,7.6294892578e+03
1380,4.3761911988e-01,-4.3994498253e-01,-2.4415085316e+00,7.6280458984e+03
1381,4.3742179871e-01,-4.4016852975e-01,-2.4357457161e+00,7.6266005859e+03
1382,4.3732550740e-01,-4.4010275602e-01,-2.0693111420e+00,7.6251562500e+03
1383,4.3722292781e-01,-4.3970185518e-01,-1.9002996683e+00,7.6237182617e+03
1384,4.3726712465e-01,-4.3920975924e-01,-1.9536749125e+00,7.6222753906e+03
1385,4.3744185567e-01,-4.3889746070e-01,-2.2416989803e+00,7.6208325195e+03
1386,4.3764835596e-01,-4.3907991052e-01,-2.1423194408e+00,7.6193891602e+03
1387,4.3766397238e-01,-4.3973296881e-01,-1.9580528736e+00,7.6179497070e+03
1388,4.3742111325e-01,-4.4023382664e-01,-2.0162489414e+00,7.6165107422e+03
1389,4.3684360385e-01,-4.4020691514e-01,-2.1950399876e+00,7.6150683594e+03
1390,4.3627235293e-01,-4.3978837132e-01,-2.1742255688e+00,7.6136333008e+03
1391,4.3632093072e-01,-4.3930011988e-01,-1.9288214445e+00,7.6121894531e+03
1392,4.3685495853e-01,-4.3891438842e-01,-1.9366439581e+00,7.6107460938e+03
1393,4.3732836843e-01,-4.3860712647e-01,-1.9476277828e+00,7.6093134766e+03
1394,4.3740490079e-01,-4.3849617243e-01,-1.8645825386e+00,7.6078740234e+03
1395,4.3728935719e-01,-4.3861082196e-01,-1.9635072947e+00,7.6064379883e+03
1396,4.3715208769e-01,-4.3897417188e-01,-2.2024919987e+00,7.6050043945e+03
1397,4.3698304892e-01,-4.3917593360e-01,-2.4138712883e+00,7.6035644531e+03
1398,4.3669879436e-01,-4.3905696273e-01,-2.4359972477e+00,7.6021220703e+03
1399,4.3640163541e-01,-4.3869253993e-01,-2.2539653778e+00,7.6006850586e+03
1400,4.3650853634e-01,-4.3847724795e-01,-2.3093988895e+00,7.5992543945e+03
1401,4.3683579564e-01,-4.3848121166e-01,-2.2855441570e+00,7.5978139648e+03
1402,4.3702444434e-01,-4.3857437372e-01,-2.1852264404e+00,7.5963779297e+03
1403,4.3692550063e-01,-4.3877512217e-01,-2.2220706940e+00,7.5949423828e+03
1404,4.3677046895e-01,-4.3899229169e-01,-2.1655776501e+00,7.5935048828e+03
1405,4.3657413125e-01,-4.3881234527e-01,-2.1981384754e+00,7.5920737305e+03
1406,4.3638640642e-01,-4.3838834763e-01,-2.1482257843e+00,7.5906386719e+03
1407,4.3648144603e-01,-4.3820267916e-01,-2.0042111874e+00,7.5892031250e+03
1408,4.3691730499e-01,-4.3814027309e-01,-1.5714385509e+00,7.5877661133e+03
1409,4.3719550967e-01,-4.3792393804e-01,-1.5783438683e+00,7.5863354492e+03
1410,4.3698605895e-01,-4.3767023087e-01,-1.6339036226e+00,7.5849028320e+03
1411,4.3674224615e-01,-4.3762063980e-01,-2.0590567589e+00,7.5834731445e+03
1412,4.3669784069e-01,-4.3776142597e-01,-2.3690514565e+00,7.5820366211e+03
1413,4.3678286672e-01,-4.3795132637e-01,-2.4666576385e+00,7.5806020508e+03
1414,4.3674334884e-01,-4.3811488152e-01,-2.2974085808e+00,7.5791733398e+03
1415,4.3671140075e-01,-4.3828967214e-01,-2.0970091820e+00,7.5777392578e+03
1416,4.3664231896e-01,-4.3826857209e-01,-1.8557208776e+00,7.5763085938e+03
1417,4.3651938438e-01,-4.3804597855e-01,-1.8435857296e+00,7.5748706055e+03
1418,4.3634271622e-01,-4.3758344650e-01,-1.8572293520e+00,7.5734414062e+03
1419,4.3637040257e-01,-4.3705666065e-01,-1.8586443663e+00,7.5720107422e+03
1420,4.3667069077e-01,-4.3698212504e-01,-1.8517713547e+00,7.5705820312e+03
1421,4.3687775731e-01,-4.3721804023e-01,-1.9567457438e+00,7.5691538086e+03
1422,4.3684676290e-01,-4.3738067150e-01,-1.8354002237e+00,7.5677172852e+03
1423,4.3658640981e-01,-4.3758076429e-01,-1.7074809074e+00,7.5662905273e+03
1424,4.3627917767e-01,-4.3773761392e-01,-1.8159401417e+00,7.5648662109e+03
1425,4.3599110842e-01,-4.3748751283e-01,-1.9648791552e+00,7.5634350586e+03
1426,4.3568557501e-01,-4.3707486987e-01,-1.8741824627e+00,7.5620058594e+03
1427,4.3569713831e-01,-4.3698862195e-01,-1.9078309536e+00,7.5605761719e+03
1428,4.3603423238e-01,-4.3727850914e-01,-1.9819015265e+00,7.5591474609e+03
1429,4.3603393435e-01,-4.3719911575e-01,-2.1110908985e+00,7.5577197266e+03
1430,4.3570318818e-01,-4.3664249778e-01,-2.0915391445e+00,7.5562924805e+03
1431,4.3559530377e-01,-4.3610957265e-01,-1.8261116743e+00,7.5548662109e+03
1432,4.3606930971e-01,-4.3611478806e-01,-1.7122219801e+00,7.5534375000e+03
1433,4.3668940663e-01,-4.3650707603e-01,-1.6319489479e+00,7.5520131836e+03
1434,4.3669971824e-01,-4.3679824471e-01,-1.7764568329e+00,7.5505893555e+03
1435,4.3630984426e-01,-4.3684411049e-01,-1.8375810385e+00,7.5491591797e+03
1436,4.3584206700e-01,-4.3694031239e-01,-1.9649349451e+00,7.5477338867e+03
1437,4.3557575345e-01,-4.3696147203e-01,-2.0565853119e+00,7.5463081055e+03
1438,4.3546047807e-01,-4.3657204509e-01,-1.9435001612e+00,7.5448828125e+03
1439,4.3537423015e-01,-4.3609017134e-01,-1.9913792610e+00,7.5434565430e+03
1440,4.3544256687e-01,-4.3591344357e-01,-1.8799586296e+00,7.5420356445e+03
1441,4.3569961190e-01,-4.3619138002e-01,-1.8720761538e+00,7.5406123047e+03
1442,4.3590509892e-01,-4.3652892113e-01,-1.7543082237e+00,7.5391889648e+03
1443,4.3563622236e-01,-4.3633010983e-01,-1.7330943346e+00,7.5377695312e+03
1444,4.3505746126e-01,-4.3576499820e-01,-2.1021704674e+00,7.5363461914e+03
1445,4.3489900231e-01,-4.3563079834e-01,-2.2737607956e+00,7.5349228516e+03
1446,4.3522736430e-01,-4.3614551425e-01,-2.5918042660e+00,7.5335004883e+03
1447,4.3559092283e-01,-4.3679472804e-01,-2.2169988155e+00,7.5320751953e+03
1448,4.3551120162e-01,-4.3701225519e-01,-1.8120313883e+00,7.5306547852e+03
1449,4.3509483337e-01,-4.3656629324e-01,-1.5420029163e+00,7.5292353516e+03
1450,4.3478226662e-01,-4.3602386117e-01,-1.4679349661e+00,7.5278159180e+03
1451,4.3490436673e-01,-4.3597075343e-01,-1.7064825296e+00,7.5263930664e+03
1452,4.3506932259e-01,-4.3614584208e-01,-1.8144261837e+00,7.5249746094e+03
1453,4.3494001031e-01,-4.3610140681e-01,-2.0713031292e+00,7.5235507812e+03
1454,4.3461337686e-01,-4.3596145511e-01,-2.1649477482e+00,7.5221284180e+03
1455,4.3462905288e-01,-4.3605107069e-01,-2.0096251965e+00,7.5207109375e+03
1456,4.3487927318e-01,-4.3622612953e-01,-1.7652776241e+00,7.5192861328e+03
1457,4.3481945992e-01,-4.3626335263e-01,-1.6796717644e+00,7.5178715820e+03
1458,4.3440800905e-01,-4.3605712056e-01,-1.8132441044e+00,7.5164531250e+03
1459,4.3421646953e-01,-4.3573284149e-01,-1.9813838005e+00,7.5150312500e+03
1460,4.3430265784e-01,-4.3542006612e-01,-2.2047290802e+00,7.5136157227e+03
1461,4.3458530307e-01,-4.3553704023e-01,-2.3658473492e+00,7.5122016602e+03
1462,4.3490552902e-01,-4.3604922295e-01,-2.0392222404e+00,7.5107836914e+03
1463,4.3486756086e-01,-4.3651238084e-01,-1.8939653635e+00,7.5093647461e+03
1464,4.3441513181e-01,-4.3672713637e-01,-1.7804526091e+00,7.5079462891e+03
1465,4.3394178152e-01,-4.3660557270e-01,-1.9634331465e+00,7.5065288086e+03
1466,4.3372160196e-01,-4.3612319231e-01,-2.2372372150e+00,7.5051118164e+03
1467,4.3385672569e-01,-4.3576836586e-01,-1.8486064672e+00,7.5036953125e+03
1468,4.3423002958e-01,-4.3607386947e-01,-1.7328895330e+00,7.5022792969e+03
1469,4.3443733454e-01,-4.3667289615e-01,-1.8213514090e+00,7.5008706055e+03
1470,4.3410113454e-01,-4.3691739440e-01,-1.8016291857e+00,7.4994497070e+03
1471,4.3351757526e-01,-4.3656402826e-01,-1.7865864038e+00,7.4980341797e+03
1472,4.3325170875e-01,-4.3588325381e-01,-1.7240549326e+00,7.4966240234e+03
1473,4.3357729912e-01,-4.3542152643e-01,-1.7566699982e+00,7.4952089844e+03
1474,4.3411046267e-01,-4.3550202250e-01,-1.7651687860e+00,7.4937944336e+03
1475,4.3430042267e-01,-4.3574103713e-01,-1.6928266287e+00,7.4923789062e+03
1476,4.3394944072e-01,-4.3598246574e-01,-1.9368427992e+00,7.4909633789e+03
1477,4.3351492286e-01,-4.3614679575e-01,-1.9708248377e+00,7.4895566406e+03
1478,4.3333679438e-01,-4.3604815006e-01,-2.1302952766e+00,7.4881445312e+03
1479,4.3340131640e-01,-4.3573904037e-01,-2.0294387341e+00,7.4867314453e+03
1480,4.3359127641e-01,-4.3543678522e-01,-1.7632122040e+00,7.4853173828e+03
1481,4.3393012881e-01,-4.3531033397e-01,-1.4997872114e+00,7.4839038086e+03
1482,4.3404173851e-01,-4.3520325422e-01,-1.4672998190e+00,7.4825000000e+03
1483,4.3394863605e-01,-4.3502232432e-01,-1.4065653086e+00,7.4810898438e+03
1484,4.3378970027e-01,-4.3489480019e-01,-1.3408623934e+00,7.4796757812e+03
1485,4.3364694715e-01,-4.3485248089e-01,-1.8123615980e+00,7.4782636719e+03
1486,4.3352133036e-01,-4.3484359980e-01,-1.9470604658e+00,7.4768530273e+03
1487,4.3345430493e-01,-4.3481221795e-01,-2.0235965252e+00,7.4754467773e+03
1488,4.3340396881e-01,-4.3480297923e-01,-1.7731467485e+00,7.4740341797e+03
1489,4.3333399296e-01,-4.3493649364e-01,-1.7800409794e+00,7.4726250000e+03
1490,4.3316686153e-01,-4.3504402041e-01,-1.6799937487e+00,7.4712128906e+03
1491,4.3306428194e-01,-4.3487158418e-01,-1.5665870905e+00,7.4698105469e+03
1492,4.3304619193e-01,-4.3474134803e-01,-1.9488713741e+00,7.4684033203e+03
1493,4.3316230178e-01,-4.3479025364e-01,-1.9542286396e+00,7.4669926758e+03
1494,4.3331718445e-01,-4.3491351604e-01,-2.1369435787e+00,7.4655888672e+03
1495,4.3338328600e-01,-4.3496662378e-01,-2.0112652779e+00,7.4641811523e+03
1496,4.3323782086e-01,-4.3503874540e-01,-1.8507874012e+00,7.4627724609e+03
1497,4.3292632699e-01,-4.3474322557e-01,-1.8162126541e+00,7.4613598633e+03
1498,4.3271142244e-01,-4.3409383297e-01,-1.5805968046e+00,7.4599550781e+03
1499,4.3288505077e-01,-4.3358889222e-01,-1.6513942480e+00,7.4585585938e+03
1500,4.3336459994e-01,-4.3364754319e-01,-1.5586681366e+00,7.4571455078e+03
1501,4.3382632732e-01,-4.3409469724e-01,-1.3253870010e+00,7.4557412109e+03
1502,4.3368673325e-01,-4.3425723910e-01,-1.4893449545e+00,7.4543398438e+03
1503,4.3303081393e-01,-4.3403309584e-01,-1.7362009287e+00,7.4529326172e+03
1504,4.3273425102e-01,-4.3400910497e-01,-1.8471584320e+00,7.4515268555e+03
1505,4.3275883794e-01,-4.3418344855e-01,-1.8053684235e+00,7.4501259766e+03
1506,4.3272736669e-01,-4.3406409025e-01,-1.9941039085e+00,7.4487211914e+03
1507,4.3240642548e-01,-4.3384584785e-01,-1.7001807690e+00,7.4473168945e+03
1508,4.3226718903e-01,-4.3397337198e-01,-1.6834243536e+00,7.4459106445e+03
1509,4.3239942193e-01,-4.3414917588e-01,-1.5514388084e+00,7.4445131836e+03
1510,4.3238782883e-01,-4.3409034610e-01,-1.7409873009e+00,7.4431093750e+03
1511,4.3224060535e-01,-4.3376505375e-01,-1.7885668278e+00,7.4417055664e+03
1512,4.3236118555e-01,-4.3332010508e-01,-1.7182190418e+00,7.4403032227e+03
1513,4.3266364932e-01,-4.3302071095e-01,-1.7212651968e+00,7.4389033203e+03
1514,4.3298000097e-01,-4.3309691548e-01,-1.6476162672e+00,7.4375004883e+03
1515,4.3316501379e-01,-4.3343296647e-01,-1.5382380486e+00,7.4360991211e+03
1516,4.3297383189e-01,-4.3344017863e-01,-1.4653770924e+00,7.4346992188e+03
1517,4.3243154883e-01,-4.3332010508e-01,-1.6411759853e+00,7.4332978516e+03
1518,4.3205571175e-01,-4.3332946301e-01,-1.8352998495e+00,7.4318950195e+03
1519,4.3203100562e-01,-4.3349665403e-01,-1.9213992357e+00,7.4304960938e+03
1520,4.3205729127e-01,-4.3366602063e-01,-1.8862547874e+00,7.4290961914e+03
1521,4.3206915259e-01,-4.3390142918e-01,-1.8093800545e+00,7.4276948242e+03
1522,4.3212857842e-01,-4.3397533894e-01,-1.7594389915e+00,7.4262944336e+03
1523,4.3206143379e-01,-4.3384420872e-01,-1.8188476562e+00,7.4248979492e+03
1524,4.3192431331e-01,-4.3364003301e-01,-1.9347109795e+00,7.4234995117e+03
1525,4.3191990256e-01,-4.3333992362e-01,-1.6878608465e+00,7.4220996094e+03
1526,4.3190819025e-01,-4.3314668536e-01,-1.4066177607e+00,7.4207041016e+03
1527,4.3186363578e-01,-4.3321767449e-01,-1.6859740019e+00,7.4193061523e+03
1528,4.3170046806e-01,-4.3339449167e-01,-1.5977785587e+00,7.4179101562e+03
1529,4.3145287037e-01,-4.3340522051e-01,-1.8483996391e+00,7.4165097656e+03
1530,4.3114402890e-01,-4.3325564265e-01,-1.7560452223e+00,7.4151118164e+03
1531,4.3111115694e-01,-4.3318167329e-01,-1.5359820127e+00,7.4137158203e+03
1532,4.3143942952e-01,-4.3315544724e-01,-1.4659323692e+00,7.4123227539e+03
1533,4.3158259988e-01,-4.3279269338e-01,-1.3292038441e+00,7.4109262695e+03
1534,4.3159288168e-01,-4.3239212036e-01,-1.5872213840e+00,7.4095292969e+03
1535,4.3172669411e-01,-4.3239483237e-01,-1.8082885742e+00,7.4081367188e+03
1536,4.3187010288e-01,-4.3273353577e-01,-1.6905391216e+00,7.4067373047e+03
1537,4.3187081814e-01,-4.3300470710e-01,-1.4691860676e+00,7.4053432617e+03
1538,4.3134734035e-01,-4.3284490705e-01,-1.8348028660e+00,7.4039482422e+03
1539,4.3080675602e-01,-4.3257725239e-01,-1.8592038155e+00,7.4025517578e+03
1540,4.3079826236e-01,-4.3250298500e-01,-1.7639219761e+00,7.4011601562e+03
1541,4.3118813634e-01,-4.3265110254e-01,-1.7573261261e+00,7.3997724609e+03
1542,4.3147280812e-01,-4.3280941248e-01,-1.4294997454e+00,7.3983750000e+03
1543,4.3136677146e-01,-4.3268468976e-01,-1.2760999203e+00,7.3969785156e+03
1544,4.3107149005e-01,-4.3244791031e-01,-1.1051321030e+00,7.3955869141e+03
1545,4.3089354038e-01,-4.3241259456e-01,-1.4047448635e+00,7.3941918945e+03
1546,4.3096190691e-01,-4.3248412013e-01,-1.6943372488e+00,7.3928017578e+03
1547,4.3082121015e-01,-4.3234363198e-01,-1.8025035858e+00,7.3914077148e+03
1548,4.3056374788e-01,-4.3213820457e-01,-2.0137014389e+00,7.3900156250e+03
1549,4.3056455255e-01,-4.3205326796e-01,-1.8324140310e+00,7.3886269531e+03
1550,4.3093177676e-01,-4.3218156695e-01,-1.7859641314e+00,7.3872329102e+03
1551,4.3127909303e-01,-4.3235120177e-01,-1.6486239433e+00,7.3858422852e+03
1552,4.3129202724e-01,-4.3250596523e-01,-1.5784025192e+00,7.3844555664e+03
1553,4.3107089400e-01,-4.3251949549e-01,-1.5363999605e+00,7.3830654297e+03
1554,4.3065908551e-01,-4.3228885531e-01,-1.6872200966e+00,7.3816767578e+03
1555,4.3022608757e-01,-4.3186566234e-01,-1.4378119707e+00,7.3802817383e+03
1556,4.3005225062e-01,-4.3166565895e-01,-1.5345786810e+00,7.3788940430e+03
1557,4.3029990792e-01,-4.3184953928e-01,-1.5392256975e+00,7.3775073242e+03
1558,4.3068659306e-01,-4.3232855201e-01,-1.4268559217e+00,7.3761186523e+03
1559,4.3080261350e-01,-4.3257260323e-01,-1.3910832405e+00,7.3747275391e+03
1560,4.3028092384e-01,-4.3227726221e-01,-1.5577390194e+00,7.3733398438e+03
1561,4.2982009053e-01,-4.3169903755e-01,-1.5931081772e+00,7.3719531250e+03
1562,4.2989361286e-01,-4.3121412396e-01,-1.5647201538e+00,7.3705590820e+03
1563,4.3024796247e-01,-4.3099287152e-01,-1.7327567339e+00,7.3691772461e+03
1564,4.3069761992e-01,-4.3111193180e-01,-1.7890325785e+00,7.3677910156e+03
1565,4.3109959364e-01,-4.3138149381e-01,-1.7472075224e+00,7.3663979492e+03
1566,4.3128469586e-01,-4.3140298128e-01,-1.5926226377e+00,7.3650136719e+03
1567,4.3118351698e-01,-4.3123269081e-01,-1.6339762211e+00,7.3636284180e+03
1568,4.3099954724e-01,-4.3112736940e-01,-1.6398735046e+00,7.3622382812e+03
1569,4.3088525534e-01,-4.3144899607e-01,-1.5201096535e+00,7.3608544922e+03
1570,4.3075141311e-01,-4.3208140135e-01,-1.4526828527e+00,7.3594682617e+03
1571,4.3047547340e-01,-4.3254455924e-01,-1.3975191116e+00,7.3580888672e+03
1572,4.2993149161e-01,-4.3238013983e-01,-1.4972126484e+00,7.3567006836e+03
1573,4.2930075526e-01,-4.3193042278e-01,-1.5158027411e+00,7.3553188477e+03
1574,4.2930650711e-01,-4.3168750405e-01,-1.5950727463e+00,7.3539345703e+03
1575,4.2968118191e-01,-4.3160918355e-01,-1.6529518366e+00,7.3525522461e+03
1576,4.2982974648e-01,-4.3147835135e-01,-1.4126422405e+00,7.3511640625e+03
1577,4.2976188660e-01,-4.3130955100e-01,-1.3386271000e+00,7.3497866211e+03
1578,4.2973443866e-01,-4.3118935823e-01,-1.2891942263e+00,7.3484028320e+03
1579,4.2970341444e-01,-4.3109795451e-01,-1.2583694458e+00,7.3470136719e+03
1580,4.2966720462e-01,-4.3089652061e-01,-1.5507327318e+00,7.3456357422e+03
1581,4.2964833975e-01,-4.3056219816e-01,-1.6878819466e+00,7.3442617188e+03
1582,4.2978394032e-01,-4.3055459857e-01,-1.9154391289e+00,7.3428774414e+03
1583,4.3013572693e-01,-4.3107196689e-01,-1.7209715843e+00,7.3414990234e+03
1584,4.3034201860e-01,-4.3161225319e-01,-1.5702217817e+00,7.3401123047e+03
1585,4.2982426286e-01,-4.3147909641e-01,-1.3500128984e+00,7.3387290039e+03
1586,4.2905342579e-01,-4.3107408285e-01,-1.4245785475e+00,7.3373471680e+03
1587,4.2875367403e-01,-4.3094289303e-01,-1.4423495531e+00,7.3359716797e+03
1588,4.2896303535e-01,-4.3103000522e-01,-1.4448167086e+00,7.3345952148e+03
1589,4.2913639545e-01,-4.3108192086e-01,-1.2547239065e+00,7.3332148438e+03
1590,4.2887258530e-01,-4.3084257841e-01,-1.0850486755e+00,7.3318349609e+03
1591,4.2854315042e-01,-4.3047735095e-01,-1.0619101524e+00,7.3304497070e+03
1592,4.2844626307e-01,-4.3027800322e-01,-1.3056626320e+00,7.3290732422e+03
1593,4.2853793502e-01,-4.3031585217e-01,-1.4539247751e+00,7.3276967773e+03
1594,4.2863771319e-01,-4.3050327897e-01,-1.6489409208e+00,7.3263208008e+03
1595,4.2867320776e-01,-4.3066528440e-01,-1.7706035376e+00,7.3249409180e+03
1596,4.2857810855e-01,-4.3058022857e-01,-1.7442855835e+00,7.3235634766e+03
1597,4.2856386304e-01,-4.3049883842e-01,-1.5941585302e+00,7.3221870117e+03
1598,4.2880928516e-01,-4.3059948087e-01,-1.3320578337e+00,7.3208100586e+03
1599,4.2906308174e-01,-4.3060138822e-01,-1.0693658590e+00,7.3194355469e+03
1600,4.2895275354e-01,-4.3012362719e-01,-9.0433162451e-01,7.3180537109e+03
1601,4.2853689194e-01,-4.2941981554e-01,-1.0322281122e+00,7.3166757812e+03
1602,4.2840829492e-01,-4.2893803120e-01,-1.2139313221e+00,7.3153051758e+03
1603,4.2859965563e-01,-4.2879596353e-01,-1.5946381092e+00,7.3139282227e+03
1604,4.2894718051e-01,-4.2908516526e-01,-1.8026039600e+00,7.3125502930e+03
1605,4.2934218049e-01,-4.2966160178e-01,-1.7613027096e+00,7.3111748047e+03
1606,4.2948472500e-01,-4.3003702164e-01,-1.7153015137e+00,7.3097968750e+03
1607,4.2909139395e-01,-4.2979848385e-01,-1.4559240341e+00,7.3084208984e+03
1608,4.2851370573e-01,-4.2952880263e-01,-1.4999167919e+00,7.3070493164e+03
1609,4.2835995555e-01,-4.2961239815e-01,-1.4303404093e+00,7.3056787109e+03
1610,4.2852452397e-01,-4.2973774672e-01,-1.4320275784e+00,7.3043017578e+03
1611,4.2860835791e-01,-4.2964151502e-01,-1.5063745975e+00,7.3029282227e+03
1612,4.2851930857e-01,-4.2959764600e-01,-1.3390940428e+00,7.3015551758e+03
1613,4.2852872610e-01,-4.2957118154e-01,-1.5694921017e+00,7.3001762695e+03
1614,4.2856553197e-01,-4.2931059003e-01,-1.4875777960e+00,7.2988085938e+03
1615,4.2837411165e-01,-4.2904740572e-01,-1.4940423965e+00,7.2974316406e+03
1616,4.2835023999e-01,-4.2906767130e-01,-1.4031403065e+00,7.2960605469e+03
1617,4.2857447267e-01,-4.2921394110e-01,-1.1761386395e+00,7.2946899414e+03
1618,4.2868185043e-01,-4.2925962806e-01,-1.1260559559e+00,7.2933203125e+03
1619,4.2844536901e-01,-4.2909309268e-01,-1.1961066723e+00,7.2919482422e+03
1620,4.2813253403e-01,-4.2914712429e-01,-1.3481318951e+00,7.2905810547e+03
1621,4.2802086473e-01,-4.2931884527e-01,-1.3191940784e+00,7.2892094727e+03
1622,4.2787632346e-01,-4.2915505171e-01,-1.2120568752e+00,7.2878408203e+03
1623,4.2767238617e-01,-4.2874702811e-01,-1.1950788498e+00,7.2864663086e+03
1624,4.2764276266e-01,-4.2847231030e-01,-1.3049000502e+00,7.2851010742e+03
1625,4.2797961831e-01,-4.2861419916e-01,-1.3244413137e+00,7.2837319336e+03
1626,4.2831295729e-01,-4.2904224992e-01,-1.3201465607e+00,7.2823593750e+03
1627,4.2819923162e-01,-4.2943829298e-01,-1.3047844172e+00,7.2809902344e+03
1628,4.2762297392e-01,-4.2954066396e-01,-1.4593092203e+00,7.2796245117e+03
1629,4.2694649100e-01,-4.2926180363e-01,-1.2459281683e+00,7.2782534180e+03
1630,4.2656373978e-01,-4.2903795838e-01,-1.3036803007e+00,7.2768862305e+03
1631,4.2665213346e-01,-4.2917537689e-01,-1.5802565813e+00,7.2755180664e+03
1632,4.2698565125e-01,-4.2934074998e-01,-1.7541682720e+00,7.2741479492e+03
1633,4.2715033889e-01,-4.2915278673e-01,-1.5634236336e+00,7.2727846680e+03
1634,4.2708501220e-01,-4.2866542935e-01,-1.5467795134e+00,7.2714174805e+03
1635,4.2705255747e-01,-4.2832931876e-01,-1.1113469601e+00,7.2700473633e+03
1636,4.2734542489e-01,-4.2832398415e-01,-1.0181509256e+00,7.2686777344e+03
1637,4.2755925655e-01,-4.2849373817e-01,-1.1054493189e+00,7.2673149414e+03
1638,4.2747199535e-01,-4.2862203717e-01,-1.0687509775e+00,7.2659501953e+03
1639,4.2717498541e-01,-4.2869576812e-01,-1.3690381050e+00,7.2645815430e+03
1640,4.2690357566e-01,-4.2860537767e-01,-1.3665035963e+00,7.2632192383e+03
1641,4.2687913775e-01,-4.2839747667e-01,-1.4090945721e+00,7.2618544922e+03
1642,4.2687472701e-01,-4.2802864313e-01,-1.4482194185e+00,7.2604873047e+03
1643,4.2691931129e-01,-4.2767059803e-01,-1.3626587391e+00,7.2591250000e+03
1644,4.2714554071e-01,-4.2769721150e-01,-1.3115872145e+00,7.2577578125e+03
1645,4.2739713192e-01,-4.2783075571e-01,-1.1825826168e+00,7.2563916016e+03
1646,4.2747375369e-01,-4.2794033885e-01,-1.4246674776e+00,7.2550327148e+03
1647,4.2720329762e-01,-4.2801013589e-01,-1.3602527380e+00,7.2536708984e+03
1648,4.2691978812e-01,-4.2819198966e-01,-1.2460733652e+00,7.2523066406e+03
1649,4.2668613791e-01,-4.2832916975e-01,-1.3879473209e+00,7.2509438477e+03
1650,4.2639645934e-01,-4.2818632722e-01,-1.4907042980e+00,7.2495781250e+03
1651,4.2618161440e-01,-4.2801868916e-01,-1.4814176559e+00,7.2482177734e+03
1652,4.2627882957e-01,-4.2795071006e-01,-1.3431442976e+00,7.2468505859e+03
1653,4.2649924755e-01,-4.2781823874e-01,-1.1085313559e+00,7.2454941406e+03
1654,4.2659029365e-01,-4.2748397589e-01,-1.1855109930e+00,7.2441337891e+03
1655,4.2666703463e-01,-4.2717969418e-01,-1.0175595284e+00,7.2427695312e+03
1656,4.2684796453e-01,-4.2729765177e-01,-1.1237897873e+00,7.2414091797e+03
1657,4.2702466249e-01,-4.2768386006e-01,-1.4340927601e+00,7.2400473633e+03
1658,4.2699602246e-01,-4.2798197269e-01,-1.2836222649e+00,7.2386855469e+03
1659,4.2671164870e-01,-4.2794263363e-01,-1.7912541628e+00,7.2373271484e+03
1660,4.2631110549e-01,-4.2765679955e-01,-1.8205524683e+00,7.2359721680e+03
1661,4.2618149519e-01,-4.2759343982e-01,-1.6242465973e+00,7.2346083984e+03
1662,4.2640915513e-01,-4.2788738012e-01,-1.2925360203e+00,7.2332465820e+03
1663,4.2659771442e-01,-4.2811650038e-01,-1.1462191343e+00,7.2318857422e+03
1664,4.2647001147e-01,-4.2799249291e-01,-1.2840293646e+00,7.2305244141e+03
1665,4.2616137862e-01,-4.2777982354e-01,-1.1411747932e+00,7.2291704102e+03
1666,4.2608827353e-01,-4.2778822780e-01,-1.1574180126e+00,7.2278139648e+03
1667,4.2615333200e-01,-4.2783418298e-01,-1.1280694008e+00,7.2264541016e+03
1668,4.2615061998e-01,-4.2783215642e-01,-8.2587569952e-01,7.2250957031e+03
1669,4.2588278651e-01,-4.2754596472e-01,-7.8535544872e-01,7.2237407227e+03
1670,4.2560568452e-01,-4.2697197199e-01,-6.5882235765e-01,7.2223828125e+03
1671,4.2553246021e-01,-4.2650815845e-01,-1.2284042835e+00,7.2210273438e+03
1672,4.2555654049e-01,-4.2646384239e-01,-1.4279628992e+00,7.2196679688e+03
1673,4.2569336295e-01,-4.2684021592e-01,-1.5044565201e+00,7.2183120117e+03
1674,4.2575439811e-01,-4.2731776834e-01,-1.5721184015e+00,7.2169594727e+03
1675,4.2570176721e-01,-4.2761233449e-01,-1.5159841776e+00,7.2156059570e+03
1676,4.2567086220e-01,-4.2779567838e-01,-1.2523958683e+00,7.2142490234e+03
1677,4.2550262809e-01,-4.2774477601e-01,-1.0748213530e+00,7.2128940430e+03
1678,4.2531016469e-01,-4.2746555805e-01,-9.4693756104e-01,7.2115400391e+03
1679,4.2517268658e-01,-4.2685785890e-01,-9.6017265320e-01,7.2101875000e+03
1680,4.2505079508e-01,-4.2614150047e-01,-1.2368314266e+00,7.2088320312e+03
1681,4.2526984215e-01,-4.2587840557e-01,-1.2013633251e+00,7.2074765625e+03
1682,4.2574864626e-01,-4.2606145144e-01,-1.2629445791e+00,7.2061225586e+03
1683,4.2602211237e-01,-4.2638161778e-01,-1.3632969856e+00,7.2047670898e+03
1684,4.2585971951e-01,-4.2659121752e-01,-1.3979293108e+00,7.2034179688e+03
1685,4.2552474141e-01,-4.2672321200e-01,-1.6160011292e+00,7.2020649414e+03
1686,4.2537096143e-01,-4.2669081688e-01,-1.4536170959e+00,7.2007133789e+03
1687,4.2545217276e-01,-4.2640212178e-01,-1.5225965977e+00,7.1993593750e+03
1688,4.2551565170e-01,-4.2602068186e-01,-1.0904157162e+00,7.1980058594e+03
1689,4.2568981647e-01,-4.2593422532e-01,-1.0311822891e+00,7.1966586914e+03
1690,4.2579752207e-01,-4.2605215311e-01,-1.1548395157e+00,7.1953066406e+03
1691,4.2553967237e-01,-4.2603147030e-01,-1.2231858969e+00,7.1939521484e+03
1692,4.2517620325e-01,-4.2619448900e-01,-1.3690389395e+00,7.1925991211e+03
1693,4.2506811023e-01,-4.2661958933e-01,-1.2099909782e+00,7.1912558594e+03
1694,4.2510825396e-01,-4.2680373788e-01,-1.2337155342e+00,7.1899082031e+03
1695,4.2485302687e-01,-4.2640322447e-01,-1.2055838108e+00,7.1885527344e+03
1696,4.2436543107e-01,-4.2557328939e-01,-1.1287068129e+00,7.1872045898e+03
1697,4.2432874441e-01,-4.2503574491e-01,-8.6317574978e-01,7.1858569336e+03
1698,4.2477494478e-01,-4.2506736517e-01,-1.0096666813e+00,7.1845083008e+03
1699,4.2519712448e-01,-4.2535123229e-01,-1.0624786615e+00,7.1831572266e+03
1700,4.2536872625e-01,-4.2572113872e-01,-1.0204741955e+00,7.1818046875e+03
1701,4.2517101765e-01,-4.2602047324e-01,-1.1510010958e+00,7.1804580078e+03
1702,4.2472851276e-01,-4.2605879903e-01,-1.1527931690e+00,7.1791113281e+03
1703,4.2419096828e-01,-4.2570820451e-01,-1.3086909056e+00,7.1777626953e+03
1704,4.2389315367e-01,-4.2530423403e-01,-1.2051796913e+00,7.1764140625e+03
1705,4.2420765758e-01,-4.2507824302e-01,-1.3711613417e+00,7.1750688477e+03
1706,4.2485919595e-01,-4.2499080300e-01,-1.3763078451e+00,7.1737255859e+03
1707,4.2534372211e-01,-4.2519900203e-01,-1.2018905878e+00,7.1723750000e+03
1708,4.2543348670e-01,-4.2553886771e-01,-1.1437934637e+00,7.1710332031e+03
1709,4.2506030202e-01,-4.2552754283e-01,-1.1907227039e+00,7.1696879883e+03
1710,4.2449018359e-01,-4.2524871230e-01,-1.0850427151e+00,7.1683398438e+03
1711,4.2422071099e-01,-4.2493239045e-01,-1.3018882275e+00,7.1669951172e+03
1712,4.2440044880e-01,-4.2489531636e-01,-1.1611590385e+00,7.1656464844e+03
1713,4.2480051517e-01,-4.2517852783e-01,-9.4036942720e-01,7.1643056641e+03
1714,4.2488676310e-01,-4.2556148767e-01,-1.1251795292e+00,7.1629643555e+03
1715,4.2446616292e-01,-4.2555579543e-01,-1.1291670799e+00,7.1616201172e+03
1716,4.2394626141e-01,-4.2511364818e-01,-1.2286753654e+00,7.1602758789e+03
1717,4.2373532057e-01,-4.2460483313e-01,-1.2749828100e+00,7.1589321289e+03
1718,4.2400950193e-01,-4.2446190119e-01,-1.2713347673e+00,7.1575869141e+03
1719,4.2454937100e-01,-4.2465823889e-01,-1.3404178619e+00,7.1562421875e+03
1720,4.2484587431e-01,-4.2488873005e-01,-1.2132537365e+00,7.1548994141e+03
1721,4.2474588752e-01,-4.2485523224e-01,-1.2250121832e+00,7.1535585938e+03
1722,4.2439481616e-01,-4.2450970411e-01,-1.2208441496e+00,7.1522177734e+03
1723,4.2425218225e-01,-4.2426347733e-01,-1.0357230902e+00,7.1508715820e+03
1724,4.2433455586e-01,-4.2457711697e-01,-1.0537490845e+00,7.1495341797e+03
1725,4.2442533374e-01,-4.2501324415e-01,-1.1883944273e+00,7.1481909180e+03
1726,4.2423856258e-01,-4.2503532767e-01,-1.2541550398e+00,7.1468476562e+03
1727,4.2373582721e-01,-4.2452439666e-01,-1.1658281088e+00,7.1455068359e+03
1728,4.2352560163e-01,-4.2417898774e-01,-1.0151814222e+00,7.1441689453e+03
1729,4.2387941480e-01,-4.2437475920e-01,-1.0636354685e+00,7.1428266602e+03
1730,4.2416328192e-01,-4.2461922765e-01,-9.1068458557e-01,7.1414863281e+03
1731,4.2387276888e-01,-4.2451369762e-01,-8.2152968645e-01,7.1401494141e+03
1732,4.2327460647e-01,-4.2431551218e-01,-1.2131268978e+00,7.1388129883e+03
1733,4.2307013273e-01,-4.2413139343e-01,-1.5407865047e+00,7.1374707031e+03
1734,4.2325454950e-01,-4.2422389984e-01,-1.5338863134e+00,7.1361323242e+03
1735,4.2345070839e-01,-4.2448124290e-01,-1.3657847643e+00,7.1347949219e+03
1736,4.2341291904e-01,-4.2460197210e-01,-1.1918827295e+00,7.1334545898e+03
1737,4.2325857282e-01,-4.2448890209e-01,-1.1121042967e+00,7.1321171875e+03
1738,4.2305716872e-01,-4.2434084415e-01,-9.5270234346e-01,7.1307822266e+03
1739,4.2309924960e-01,-4.2424443364e-01,-9.3684989214e-01,7.1294418945e+03
1740,4.2328336835e-01,-4.2430058122e-01,-9.7339498997e-01,7.1281049805e+03
1741,4.2330455780e-01,-4.2430818081e-01,-1.0141996145e+00,7.1267709961e+03
1742,4.2321920395e-01,-4.2429286242e-01,-8.9264911413e-01,7.1254340820e+03
1743,4.2317694426e-01,-4.2446354032e-01,-1.1294392347e+00,7.1240976562e+03
1744,4.2307141423e-01,-4.2466616631e-01,-1.1465514898e+00,7.1227617188e+03
1745,4.2286351323e-01,-4.2470636964e-01,-1.1783237457e+00,7.1214267578e+03
1746,4.2261847854e-01,-4.2449510098e-01,-1.1223945618e+00,7.1200908203e+03
1747,4.2245692015e-01,-4.2411717772e-01,-1.2043319941e+00,7.1187539062e+03
1748,4.2256054282e-01,-4.2387044430e-01,-1.0980669260e+00,7.1174223633e+03
1749,4.2280802131e-01,-4.2377075553e-01,-1.2860567570e+00,7.1160888672e+03
1750,4.2306131124e-01,-4.2372393608e-01,-1.3465087414e+00,7.1147500000e+03
1751,4.2314878106e-01,-4.2377525568e-01,-1.2679631710e+00,7.1134169922e+03
1752,4.2315825820e-01,-4.2413201928e-01,-9.3241924047e-01,7.1120805664e+03
1753,4.2308977246e-01,-4.2424887419e-01,-7.6235932112e-01,7.1107480469e+03
1754,4.2274934053e-01,-4.2390313745e-01,-8.3550518751e-01,7.1094194336e+03
1755,4.2237034440e-01,-4.2360407114e-01,-7.8911602497e-01,7.1080844727e+03
1756,4.2247420549e-01,-4.2391830683e-01,-1.0674332380e+00,7.1067514648e+03
1757,4.2272990942e-01,-4.2439019680e-01,-1.2142204046e+00,7.1054252930e+03
1758,4.2251372337e-01,-4.2430129647e-01,-1.2934025526e+00,7.1040908203e+03
1759,4.2191991210e-01,-4.2368566990e-01,-9.2637568712e-01,7.1027543945e+03
1760,4.2172777653e-01,-4.2309242487e-01,-9.0994167328e-01,7.1014238281e+03
1761,4.2210987210e-01,-4.2303490639e-01,-1.1587558985e+00,7.1000966797e+03
1762,4.2263451219e-01,-4.2344161868e-01,-1.2782392502e+00,7.0987695312e+03
1763,4.2295718193e-01,-4.2387655377e-01,-1.2661839724e+00,7.0974326172e+03
1764,4.2277294397e-01,-4.2403611541e-01,-1.1659497023e+00,7.0961030273e+03
1765,4.2227739096e-01,-4.2374294996e-01,-1.1626964808e+00,7.0947734375e+03
1766,4.2193815112e-01,-4.2354327440e-01,-7.6774144173e-01,7.0934418945e+03
1767,4.2190283537e-01,-4.2367491126e-01,-8.4115040302e-01,7.0921147461e+03
1768,4.2185580730e-01,-4.2378127575e-01,-8.4980821609e-01,7.0907856445e+03
1769,4.2174625397e-01,-4.2367643118e-01,-1.2435140610e+00,7.0894609375e+03
1770,4.2149981856e-01,-4.2353856564e-01,-1.1330351830e+00,7.0881318359e+03
1771,4.2154526711e-01,-4.2354536057e-01,-9.1201454401e-01,7.0868076172e+03
1772,4.2181059718e-01,-4.2356368899e-01,-8.6253052950e-01,7.0854780273e+03
1773,4.2178496718e-01,-4.2323145270e-01,-8.9360743761e-01,7.0841508789e+03
1774,4.2152738571e-01,-4.2283552885e-01,-9.7534227371e-01,7.0828266602e+03
1775,4.2150810361e-01,-4.2271971703e-01,-9.2794817686e-01,7.0814995117e+03
1776,4.2174464464e-01,-4.2274984717e-01,-8.8049536943e-01,7.0801728516e+03
1777,4.2195102572e-01,-4.2272779346e-01,-8.2746785879e-01,7.0788432617e+03
1778,4.2191603780e-01,-4.2288735509e-01,-1.1269376278e+00,7.0775180664e+03
1779,4.2180299759e-01,-4.2332834005e-01,-1.3354154825e+00,7.0761958008e+03
1780,4.2162999511e-01,-4.2362943292e-01,-1.4312418699e+00,7.0748681641e+03
1781,4.2133492231e-01,-4.2365425825e-01,-1.2043780088e+00,7.0735375977e+03
1782,4.2111852765e-01,-4.2352589965e-01,-8.6392068863e-01,7.0722177734e+03
1783,4.2114850879e-01,-4.2320114374e-01,-5.2816480398e-01,7.0708906250e+03
1784,4.2111709714e-01,-4.2265632749e-01,-5.9089827538e-01,7.0695688477e+03
1785,4.2112472653e-01,-4.2210158706e-01,-9.2957794666e-01,7.0682431641e+03
1786,4.2120948434e-01,-4.2172387242e-01,-1.1762599945e+00,7.0669160156e+03
1787,4.2138108611e-01,-4.2162188888e-01,-1.2057040930e+00,7.0655947266e+03
1788,4.2162501812e-01,-4.2178592086e-01,-1.2249211073e+00,7.0642719727e+03
1789,4.2186784744e-01,-4.2199915648e-01,-1.0210608244e+00,7.0629487305e+03
1790,4.2204037309e-01,-4.2232075334e-01,-5.9056150913e-01,7.0616289062e+03
1791,4.2188435793e-01,-4.2264050245e-01,-9.5901536942e-01,7.0603012695e+03
1792,4.2147529125e-01,-4.2259982228e-01,-9.2420107126e-01,7.0589785156e+03
1793,4.2105379701e-01,-4.2230084538e-01,-9.2379462719e-01,7.0576606445e+03
1794,4.2078578472e-01,-4.2178356647e-01,-1.0498586893e+00,7.0563388672e+03
1795,4.2078685760e-01,-4.2147472501e-01,-9.3323189020e-01,7.0550166016e+03
1796,4.2113751173e-01,-4.2162925005e-01,-1.0456248522e+00,7.0536933594e+03
1797,4.2149794102e-01,-4.2206919193e-01,-8.5261195898e-01,7.0523769531e+03
1798,4.2146274447e-01,-4.2239698768e-01,-1.0147476196e+00,7.0510585938e+03
1799,4.2083603144e-01,-4.2247375846e-01,-1.2382465601e+00,7.0497373047e+03
1800,4.2025393248e-01,-4.2230445147e-01,-1.3008743525e+00,7.0484150391e+03
1801,4.2015278339e-01,-4.2197421193e-01,-1.4141235352e+00,7.0470981445e+03
1802,4.2040404677e-01,-4.2166274786e-01,-1.0823414326e+00,7.0457773438e+03
1803,4.2082202435e-01,-4.2136818171e-01,-8.4571701288e-01,7.0444580078e+03
1804,4.2113375664e-01,-4.2121028900e-01,-6.6513770819e-01,7.0431416016e+03
1805,4.2131999135e-01,-4.2146009207e-01,-7.4082589149e-01,7.0418227539e+03
1806,4.2127019167e-01,-4.2179858685e-01,-9.0729355812e-01,7.0405039062e+03
1807,4.2097142339e-01,-4.2200782895e-01,-9.6608793736e-01,7.0391884766e+03
1808,4.2054834962e-01,-4.2213672400e-01,-1.1301925182e+00,7.0378681641e+03
1809,4.2013043165e-01,-4.2205518484e-01,-1.2769169807e+00,7.0365498047e+03
1810,4.1994401813e-01,-4.2171269655e-01,-1.1235753298e+00,7.0352324219e+03
1811,4.1989627481e-01,-4.2103266716e-01,-9.2248958349e-01,7.0339165039e+03
1812,4.2002087831e-01,-4.2049679160e-01,-6.9615745544e-01,7.0325991211e+03
1813,4.2040246725e-01,-4.2039045691e-01,-8.0405139923e-01,7.0312836914e+03
1814,4.2090192437e-01,-4.2052617669e-01,-6.8194180727e-01,7.0299667969e+03
1815,4.2113691568e-01,-4.2070204020e-01,-5.6797266006e-01,7.0286499023e+03
1816,4.2098006606e-01,-4.2092901468e-01,-7.2481411695e-01,7.0273339844e+03
1817,4.2064553499e-01,-4.2114543915e-01,-6.9515186548e-01,7.0260224609e+03
1818,4.2026051879e-01,-4.2114078999e-01,-8.1731760502e-01,7.0247080078e+03
1819,4.1997349262e-01,-4.2095294595e-01,-8.2266342640e-01,7.0233925781e+03
1820,4.1988778114e-01,-4.2067942023e-01,-9.5320433378e-01,7.0220781250e+03
1821,4.1996118426e-01,-4.2036566138e-01,-8.2360953093e-01,7.0207626953e+03
1822,4.2011865973e-01,-4.2011862993e-01,-9.7816264629e-01,7.0194482422e+03
1823,4.2027714849e-01,-4.2002362013e-01,-9.2921835184e-01,7.0181386719e+03
1824,4.2035502195e-01,-4.2021161318e-01,-9.4681620598e-01,7.0168266602e+03
1825,4.2030155659e-01,-4.2054390907e-01,-1.1037607193e+00,7.0155146484e+03
1826,4.2006936669e-01,-4.2066431046e-01,-9.6998721361e-01,7.0141977539e+03
1827,4.1971132159e-01,-4.2047500610e-01,-1.0648211241e+00,7.0128833008e+03
1828,4.1952720284e-01,-4.1997343302e-01,-1.0657168627e+00,7.0115708008e+03
1829,4.1969600320e-01,-4.1950395703e-01,-1.0697213411e+00,7.0102597656e+03
1830,4.2024755478e-01,-4.1954767704e-01,-8.9677190781e-01,7.0089433594e+03
1831,4.2071077228e-01,-4.2006090283e-01,-9.9208271503e-01,7.0076362305e+03
1832,4.2066648602e-01,-4.2037338018e-01,-1.2591013908e+00,7.0063242188e+03
1833,4.2014893889e-01,-4.2037972808e-01,-8.7059432268e-01,7.0050136719e+03
1834,4.1965183616e-01,-4.2033538222e-01,-7.9895859957e-01,7.0037075195e+03
1835,4.1939190030e-01,-4.2040997744e-01,-8.2658076286e-01,7.0023940430e+03
1836,4.1929501295e-01,-4.2054322362e-01,-7.9968565702e-01,7.0010830078e+03
1837,4.1916030645e-01,-4.2054894567e-01,-8.5502105951e-01,6.9997797852e+03
1838,4.1893979907e-01,-4.2045202851e-01,-8.4865576029e-01,6.9984653320e+03
1839,4.1876244545e-01,-4.2034417391e-01,-9.6157711744e-01,6.9971577148e+03
1840,4.1872856021e-01,-4.2002469301e-01,-9.6808326244e-01,6.9958525391e+03
1841,4.1884160042e-01,-4.1990798712e-01,-8.2658123970e-01,6.9945444336e+03
1842,4.1922822595e-01,-4.2003312707e-01,-8.1790477037e-01,6.9932382812e+03
1843,4.1943359375e-01,-4.2005577683e-01,-8.6509561539e-01,6.9919252930e+03
1844,4.1935479641e-01,-4.1993591189e-01,-9.3801641464e-01,6.9906186523e+03
1845,4.1919520497e-01,-4.1964071989e-01,-1.1039806604e+00,6.9893105469e+03
1846,4.1909959912e-01,-4.1914534569e-01,-9.7381788492e-01,6.9880029297e+03
1847,4.1911393404e-01,-4.1877436638e-01,-8.1621795893e-01,6.9866948242e+03
1848,4.1923958063e-01,-4.1883319616e-01,-8.5508286953e-01,6.9853920898e+03
1849,4.1942703724e-01,-4.1928178072e-01,-8.5504639149e-01,6.9840834961e+03
1850,4.1942754388e-01,-4.1974619031e-01,-9.0395241976e-01,6.9827792969e+03
1851,4.1904973984e-01,-4.1990318894e-01,-8.2804405689e-01,6.9814741211e+03
1852,4.1861233115e-01,-4.1977688670e-01,-7.9388839006e-01,6.9801665039e+03
1853,4.1839066148e-01,-4.1954520345e-01,-1.2071340084e+00,6.9788647461e+03
1854,4.1846337914e-01,-4.1924548149e-01,-1.5120608807e+00,6.9775566406e+03
1855,4.1869717836e-01,-4.1898769140e-01,-1.4388350248e+00,6.9762548828e+03
1856,4.1902202368e-01,-4.1901445389e-01,-1.1801928282e+00,6.9749550781e+03
1857,4.1939038038e-01,-4.1937434673e-01,-1.0177018642e+00,6.9736474609e+03
1858,4.1950875521e-01,-4.1959175467e-01,-7.9242140055e-01,6.9723422852e+03
1859,4.1935610771e-01,-4.1946890950e-01,-2.8559708595e-01,6.9710400391e+03
1860,4.1901353002e-01,-4.1922050714e-01,-1.9890110195e-01,6.9697368164e+03
1861,4.1882985830e-01,-4.1899496317e-01,-5.1044470072e-01,6.9684360352e+03
1862,4.1879037023e-01,-4.1890624166e-01,-6.2569856644e-01,6.9671328125e+03
1863,4.1864058375e-01,-4.1881343722e-01,-8.5776579380e-01,6.9658305664e+03
1864,4.1832062602e-01,-4.1848096251e-01,-9.7466266155e-01,6.9645283203e+03
1865,4.1821759939e-01,-4.1824927926e-01,-1.1250624657e+00,6.9632309570e+03
1866,4.1851079464e-01,-4.1830983758e-01,-1.1985278130e+00,6.9619287109e+03
1867,4.1891938448e-01,-4.1862785816e-01,-1.1107853651e+00,6.9606250000e+03
1868,4.1918173432e-01,-4.1904494166e-01,-8.8778543472e-01,6.9593217773e+03
1869,4.1891631484e-01,-4.1907012463e-01,-8.5232496262e-01,6.9580278320e+03
1870,4.1833767295e-01,-4.1878855228e-01,-7.9199028015e-01,6.9567285156e+03
1871,4.1794672608e-01,-4.1867500544e-01,-8.8499075174e-01,6.9554262695e+03
1872,4.1795346141e-01,-4.1893538833e-01,-8.4862887859e-01,6.9541284180e+03
1873,4.1811105609e-01,-4.1915780306e-01,-8.4889477491e-01,6.9528281250e+03
1874,4.1806966066e-01,-4.1906905174e-01,-9.6602493525e-01,6.9515297852e+03
1875,4.1775614023e-01,-4.1868904233e-01,-1.0599348545e+00,6.9502338867e+03
1876,4.1764155030e-01,-4.1843250394e-01,-1.0564249754e+00,6.9489370117e+03
1877,4.1789203882e-01,-4.1839492321e-01,-1.0724952221e+00,6.9476347656e+03
1878,4.1813758016e-01,-4.1848665476e-01,-1.0929615498e+00,6.9463388672e+03
1879,4.1823598742e-01,-4.1862687469e-01,-9.5177793503e-01,6.9450390625e+03
1880,4.1813811660e-01,-4.1883081198e-01,-8.1034469604e-01,6.9437431641e+03
1881,4.1794756055e-01,-4.1904532909e-01,-6.7632687092e-01,6.9424482422e+03
1882,4.1757988930e-01,-4.1908901930e-01,-7.2101694345e-01,6.9411455078e+03
1883,4.1721761227e-01,-4.1900897026e-01,-7.2799748182e-01,6.9398496094e+03
1884,4.1706973314e-01,-4.1858053207e-01,-5.4354381561e-01,6.9385566406e+03
1885,4.1710278392e-01,-4.1797593236e-01,-7.7774304152e-01,6.9372563477e+03
1886,4.1729667783e-01,-4.1778513789e-01,-9.3656235933e-01,6.9359614258e+03
1887,4.1762450337e-01,-4.1818469763e-01,-1.0739548206e+00,6.9346630859e+03
1888,4.1782277822e-01,-4.1851827502e-01,-8.5188931227e-01,6.9333686523e+03
1889,4.1753718257e-01,-4.1837647557e-01,-9.7098350525e-01,6.9320766602e+03
1890,4.1709655523e-01,-4.1802042723e-01,-9.9623608589e-01,6.9307792969e+03
1891,4.1707140207e-01,-4.1779249907e-01,-1.0421028137e+00,6.9294824219e+03
1892,4.1735285521e-01,-4.1792279482e-01,-1.0239517689e+00,6.9281879883e+03
1893,4.1747003794e-01,-4.1831749678e-01,-7.9719156027e-01,6.9268974609e+03
1894,4.1732904315e-01,-4.1859906912e-01,-8.8410907984e-01,6.9255986328e+03
1895,4.1694563627e-01,-4.1858696938e-01,-1.0090756416e+00,6.9243066406e+03
1896,4.1667056084e-01,-4.1838386655e-01,-8.1351602077e-01,6.9230117188e+03
1897,4.1673627496e-01,-4.1811627150e-01,-7.3184740543e-01,6.9217187500e+03
1898,4.1702368855e-01,-4.1805738211e-01,-6.8895632029e-01,6.9204321289e+03
1899,4.1726115346e-01,-4.1810515523e-01,-6.6459274292e-01,6.9191396484e+03
1900,4.1721534729e-01,-4.1792130470e-01,-5.9389299154e-01,6.9178432617e+03
1901,4.1693755984e-01,-4.1753026843e-01,-2.8909897804e-01,6.9165478516e+03
1902,4.1663888097e-01,-4.1709139943e-01,-3.7262260914e-01,6.9152568359e+03
1903,4.1659352183e-01,-4.1686657071e-01,-6.6290748119e-01,6.9139663086e+03
1904,4.1667702794e-01,-4.1685423255e-01,-9.3092828989e-01,6.9126777344e+03
1905,4.1684275866e-01,-4.1694858670e-01,-1.1735458374e+00,6.9113886719e+03
1906,4.1702985764e-01,-4.1695386171e-01,-1.1707359552e+00,6.9100986328e+03
1907,4.1701033711e-01,-4.1708594561e-01,-1.0933344364e+00,6.9088051758e+03
1908,4.1698947549e-01,-4.1751375794e-01,-9.9785971642e-01,6.9075131836e+03
1909,4.1693314910e-01,-4.1799885035e-01,-7.7912729979e-01,6.9062280273e+03
1910,4.1662392020e-01,-4.1800829768e-01,-7.9375737906e-01,6.9049355469e+03
1911,4.1615331173e-01,-4.1746139526e-01,-9.6609467268e-01,6.9036464844e+03
1912,4.1585043073e-01,-4.1669824719e-01,-8.7314528227e-01,6.9023549805e+03
1913,4.1607567668e-01,-4.1657724977e-01,-8.2892119884e-01,6.9010678711e+03
1914,4.1676032543e-01,-4.1728109121e-01,-7.2247403860e-01,6.8997832031e+03
1915,4.1720274091e-01,-4.1781952977e-01,-8.0356538296e-01,6.8984951172e+03
1916,4.1683939099e-01,-4.1779360175e-01,-8.9805251360e-01,6.8972050781e+03
1917,4.1611704230e-01,-4.1739326715e-01,-7.5847500563e-01,6.8959165039e+03
1918,4.1584333777e-01,-4.1709324718e-01,-6.0960447788e-01,6.8946298828e+03
1919,4.1597855091e-01,-4.1698980331e-01,-8.8567376137e-01,6.8933432617e+03
1920,4.1606971622e-01,-4.1678538918e-01,-8.3827459812e-01,6.8920561523e+03
1921,4.1603744030e-01,-4.1666710377e-01,-9.3881070614e-01,6.8907690430e+03
1922,4.1618078947e-01,-4.1674917936e-01,-8.1064999104e-01,6.8894819336e+03
1923,4.1653549671e-01,-4.1685277224e-01,-7.8363960981e-01,6.8882001953e+03
1924,4.1672706604e-01,-4.1675105691e-01,-6.5423339605e-01,6.8869116211e+03
1925,4.1656970978e-01,-4.1650226712e-01,-7.0844179392e-01,6.8856308594e+03
1926,4.1629064083e-01,-4.1625845432e-01,-8.8854467869e-01,6.8843447266e+03
1927,4.1609570384e-01,-4.1624647379e-01,-1.1813068390e+00,6.8830590820e+03
1928,4.1593250632e-01,-4.1642379761e-01,-1.2036337852e+00,6.8817763672e+03
1929,4.1589766741e-01,-4.1675639153e-01,-8.4571594000e-01,6.8804882812e+03
1930,4.1593506932e-01,-4.1706731915e-01,-8.3656251431e-01,6.8792036133e+03
1931,4.1580715775e-01,-4.1713184118e-01,-5.2980661392e-01,6.8779228516e+03
1932,4.1561660171e-01,-4.1679707170e-01,-3.7806761265e-01,6.8766352539e+03
1933,4.1538110375e-01,-4.1628780961e-01,-7.5704187155e-01,6.8753540039e+03
1934,4.1539803147e-01,-4.1605260968e-01,-1.0022636652e+00,6.8740698242e+03
1935,4.1568639874e-01,-4.1642120481e-01,-1.1118727922e+00,6.8727919922e+03
1936,4.1595852375e-01,-4.1664585471e-01,-9.7910928726e-01,6.8715083008e+03
1937,4.1580769420e-01,-4.1629528999e-01,-7.9365724325e-01,6.8702207031e+03
1938,4.1541063786e-01,-4.1597723961e-01,-6.0295063257e-01,6.8689433594e+03
1939,4.1529271007e-01,-4.1637903452e-01,-5.6927824020e-01,6.8676591797e+03
1940,4.1550129652e-01,-4.1700658202e-01,-5.1237678528e-01,6.8663798828e+03
1941,4.1527029872e-01,-4.1694888473e-01,-6.6610592604e-01,6.8650981445e+03
1942,4.1441082954e-01,-4.1628825665e-01,-9.5621705055e-01,6.8638173828e+03
1943,4.1407564282e-01,-4.1560676694e-01,-1.0827047825e+00,6.8625351562e+03
1944,4.1472291946e-01,-4.1525492072e-01,-1.0931686163e+00,6.8612587891e+03
1945,4.1560742259e-01,-4.1509255767e-01,-1.0732662678e+00,6.8599809570e+03
1946,4.1612300277e-01,-4.1513663530e-01,-1.1045316458e+00,6.8587021484e+03
1947,4.1639187932e-01,-4.1533258557e-01,-1.1659734249e+00,6.8574160156e+03
1948,4.1639932990e-01,-4.1548949480e-01,-1.0773177147e+00,6.8561357422e+03
1949,4.1625142097e-01,-4.1548624635e-01,-7.2132492065e-01,6.8548564453e+03
1950,4.1608986259e-01,-4.1561260819e-01,-4.4479268789e-01,6.8535771484e+03
1951,4.1588383913e-01,-4.1556823254e-01,-5.2485954762e-01,6.8523002930e+03
1952,4.1552740335e-01,-4.1525956988e-01,-4.7457233071e-01,6.8510209961e+03
1953,4.1513597965e-01,-4.1509899497e-01,-8.4693109989e-01,6.8497436523e+03
1954,4.1488060355e-01,-4.1540488601e-01,-9.3254840374e-01,6.8484667969e+03
1955,4.1497620940e-01,-4.1575211287e-01,-9.1359782219e-01,6.8471870117e+03
1956,4.1489863396e-01,-4.1573929787e-01,-8.9965164661e-01,6.8459125977e+03
1957,4.1452795267e-01,-4.1564732790e-01,-8.7527036667e-01,6.8446367188e+03
1958,4.1449928284e-01,-4.1575369239e-01,-7.9576092958e-01,6.8433598633e+03
1959,4.1472458839e-01,-4.1583925486e-01,-8.5569596291e-01,6.8420849609e+03
1960,4.1475430131e-01,-4.1564738750e-01,-9.5357853174e-01,6.8408051758e+03
1961,4.1459217668e-01,-4.1522625089e-01,-7.6167839766e-01,6.8395292969e+03
1962,4.1460928321e-01,-4.1486188769e-01,-6.2756186724e-01,6.8382558594e+03
1963,4.1480088234e-01,-4.1483530402e-01,-5.9098374844e-01,6.8369785156e+03
1964,4.1494089365e-01,-4.1499197483e-01,-4.4471666217e-01,6.8357041016e+03
1965,4.1483652592e-01,-4.1526576877e-01,-4.8748740554e-01,6.8344326172e+03
1966,4.1443020105e-01,-4.1529196501e-01,-8.0955260992e-01,6.8331591797e+03
1967,4.1404983401e-01,-4.1513627768e-01,-8.9656203985e-01,6.8318828125e+03
1968,4.1406109929e-01,-4.1504460573e-01,-9.0446054935e-01,6.8306088867e+03
1969,4.1441863775e-01,-4.1513708234e-01,-1.0450917482e+00,6.8293398438e+03
1970,4.1467824578e-01,-4.1524180770e-01,-1.0001428127e+00,6.8280634766e+03
1971,4.1469094157e-01,-4.1522815824e-01,-1.1844485998e+00,6.8267944336e+03
1972,4.1449713707e-01,-4.1517686844e-01,-7.0635819435e-01,6.8255224609e+03
1973,4.1418933868e-01,-4.1505831480e-01,-5.0931537151e-01,6.8242470703e+03
1974,4.1386225820e-01,-4.1484346986e-01,-5.7944995165e-01,6.8229731445e+03
1975,4.1376122832e-01,-4.1472724080e-01,-9.2302781343e-01,6.8217001953e+03
1976,4.1394478083e-01,-4.1496270895e-01,-1.1839714050e+00,6.8204267578e+03
1977,4.1424933076e-01,-4.1523334384e-01,-1.2391641140e+00,6.8191606445e+03
1978,4.1420212388e-01,-4.1526043415e-01,-1.1223021746e+00,6.8178886719e+03
1979,4.1391545534e-01,-4.1506996751e-01,-6.4590185881e-01,6.8166166992e+03
1980,4.1390269995e-01,-4.1497120261e-01,-4.6698322892e-01,6.8153481445e+03
1981,4.1394802928e-01,-4.1474044323e-01,-3.7812429667e-01,6.8140781250e+03
1982,4.1392049193e-01,-4.1429182887e-01,-4.7635278106e-01,6.8128110352e+03
1983,4.1380754113e-01,-4.1388607025e-01,-9.0521132946e-01,6.8115371094e+03
1984,4.1391566396e-01,-4.1405484080e-01,-7.6188051701e-01,6.8102636719e+03
1985,4.1404244304e-01,-4.1447889805e-01,-6.3023698330e-01,6.8089941406e+03
1986,4.1386669874e-01,-4.1436216235e-01,-5.6575423479e-01,6.8077285156e+03
1987,4.1337776184e-01,-4.1384059191e-01,-6.3282340765e-01,6.8064619141e+03
1988,4.1315811872e-01,-4.1363427043e-01,-1.1324176788e+00,6.8051933594e+03
1989,4.1366612911e-01,-4.1429114342e-01,-1.0110608339e+00,6.8039243164e+03
1990,4.1425850987e-01,-4.1500115395e-01,-9.6121138334e-01,6.8026552734e+03
1991,4.1403320432e-01,-4.1498714685e-01,-8.3107966185e-01,6.8013808594e+03
1992,4.1323816776e-01,-4.1443762183e-01,-7.4282783270e-01,6.8001220703e+03
1993,4.1293886304e-01,-4.1414251924e-01,-7.3981040716e-01,6.7988579102e+03
1994,4.1331315041e-01,-4.1406768560e-01,-7.2816473246e-01,6.7975878906e+03
1995,4.1370442510e-01,-4.1414716840e-01,-5.6632560492e-01,6.7963203125e+03
1996,4.1361805797e-01,-4.1415864229e-01,-6.8596094847e-01,6.7950566406e+03
1997,4.1322654486e-01,-4.1381072998e-01,-6.2561786175e-01,6.7937846680e+03
1998,4.1290768981e-01,-4.1334494948e-01,-8.6363381147e-01,6.7925249023e+03
1999,4.1303217411e-01,-4.1303607821e-01,-1.0911102295e+00,6.7912578125e+03
2000,4.1349232197e-01,-4.1293996572e-01,-1.2138447762e+00,6.7899931641e+03
2001,4.1403466463e-01,-4.1292902827e-01,-1.1472438574e+00,6.7887265625e+03
2002,4.1423040628e-01,-4.1299796104e-01,-9.1263419390e-01,6.7874624023e+03
2003,4.1414523125e-01,-4.1334003210e-01,-7.3301345110e-01,6.7862001953e+03
2004,4.1394051909e-01,-4.1372361779e-01,-5.9101563692e-01,6.7849335938e+03
2005,4.1362276673e-01,-4.1385728121e-01,-3.6113780737e-01,6.7836679688e+03
2006,4.1325116158e-01,-4.1358172894e-01,-4.1783660650e-01,6.7824023438e+03
2007,4.1305303574e-01,-4.1320195794e-01,-5.6260126829e-01,6.7811406250e+03
2008,4.1314926744e-01,-4.1293984652e-01,-7.0048642159e-01,6.7798803711e+03
2009,4.1325712204e-01,-4.1280755401e-01,-9.7283244133e-01,6.7786147461e+03
2010,4.1330894828e-01,-4.1268333793e-01,-9.6726787090e-01,6.7773500977e+03
2011,4.1327109933e-01,-4.1284665465e-01,-1.0056676865e+00,6.7760917969e+03
2012,4.1333204508e-01,-4.1331985593e-01,-9.6922641993e-01,6.7748276367e+03
2013,4.1335105896e-01,-4.1366660595e-01,-1.2185817957e+00,6.7735639648e+03
2014,4.1316699982e-01,-4.1355049610e-01,-1.1210807562e+00,6.7723037109e+03
2015,4.1287660599e-01,-4.1331142187e-01,-7.5432270765e-01,6.7710385742e+03
2016,4.1283130646e-01,-4.1325083375e-01,-7.2650945187e-01,6.7697788086e+03
2017,4.1300913692e-01,-4.1341346502e-01,-5.3186577559e-01,6.7685185547e+03
2018,4.1309085488e-01,-4.1339182854e-01,-6.8072491884e-01,6.7672553711e+03
2019,4.1283699870e-01,-4.1317859292e-01,-7.8333264589e-01,6.7659951172e+03
2020,4.1262716055e-01,-4.1288399696e-01,-8.4276312590e-01,6.7647353516e+03
2021,4.1265672445e-01,-4.1273596883e-01,-8.0704361200e-01,6.7634785156e+03
2022,4.1285058856e-01,-4.1274678707e-01,-6.9354546070e-01,6.7622187500e+03
2023,4.1304603219e-01,-4.1300171614e-01,-5.7116365433e-01,6.7609589844e+03
2024,4.1308534145e-01,-4.1307365894e-01,-6.8435418606e-01,6.7597016602e+03
2025,4.1282287240e-01,-4.1264864802e-01,-6.9344103336e-01,6.7584414062e+03
2026,4.1234171391e-01,-4.1211670637e-01,-5.8560705185e-01,6.7571826172e+03
2027,4.1224253178e-01,-4.1189706326e-01,-7.4682563543e-01,6.7559277344e+03
2028,4.1239494085e-01,-4.1191685200e-01,-4.2522463202e-01,6.7546704102e+03
2029,4.1261518002e-01,-4.1182214022e-01,-6.1860907078e-01,6.7534082031e+03
2030,4.1258510947e-01,-4.1169607639e-01,-8.1870985031e-01,6.7521513672e+03
2031,4.1264608502e-01,-4.1184979677e-01,-7.8264248371e-01,6.7508984375e+03
2032,4.1276216507e-01,-4.1220888495e-01,-1.3351442814e+00,6.7496401367e+03
2033,4.1262239218e-01,-4.1218832135e-01,-1.3501343727e+00,6.7483793945e+03
2034,4.1226229072e-01,-4.1215682030e-01,-1.2841228247e+00,6.7471347656e+03
2035,4.1212967038e-01,-4.1234818101e-01,-1.0062923431e+00,6.7458764648e+03
2036,4.1238087416e-01,-4.1265636683e-01,-5.5953723192e-01,6.7446142578e+03
2037,4.1257756948e-01,-4.1264477372e-01,-7.9217863083e-01,6.7433652344e+03
2038,4.1227787733e-01,-4.1218906641e-01,-5.1008456945e-01,6.7421118164e+03
2039,4.1197293997e-01,-4.1179978848e-01,-5.1037615538e-01,6.7408505859e+03
2040,4.1201743484e-01,-4.1174358130e-01,-8.9596629143e-01,6.7395981445e+03
2041,4.1219663620e-01,-4.1190451384e-01,-8.7731117010e-01,6.7383466797e+03
2042,4.1213604808e-01,-4.1209444404e-01,-1.0090699196e+00,6.7370927734e+03
2043,4.1189429164e-01,-4.1226255894e-01,-7.2303509712e-01,6.7358388672e+03
2044,4.1173857450e-01,-4.1238471866e-01,-7.1871030331e-01,6.7345834961e+03
2045,4.1156220436e-01,-4.1234382987e-01,-7.1156370640e-01,6.7333305664e+03
2046,4.1137540340e-01,-4.1203087568e-01,-7.6094287634e-01,6.7320805664e+03
2047,4.1140827537e-01,-4.1176950932e-01,-5.0032204390e-01,6.7308276367e+03
2048,4.1166204214e-01,-4.1161608696e-01,-5.6071865559e-01,6.7295698242e+03
2049,4.1184344888e-01,-4.1172647476e-01,-7.6440781355e-01,6.7283173828e+03
2050,4.1196617484e-01,-4.1194823384e-01,-7.1645730734e-01,6.7270649414e+03
2051,4.1176494956e-01,-4.1192191839e-01,-7.7512657642e-01,6.7258149414e+03
2052,4.1141292453e-01,-4.1178694367e-01,-8.4056949615e-01,6.7245605469e+03
2053,4.1120320559e-01,-4.1172078252e-01,-9.0242636204e-01,6.7233090820e+03
2054,4.1133230925e-01,-4.1176125407e-01,-7.3170596361e-01,6.7220585938e+03
2055,4.1138467193e-01,-4.1174522042e-01,-5.8361846209e-01,6.7208071289e+03
2056,4.1126370430e-01,-4.1135463119e-01,-5.9757781029e-01,6.7195576172e+03
2057,4.1097277403e-01,-4.1082543135e-01,-8.3269935846e-01,6.7183085938e+03
2058,4.1100704670e-01,-4.1058251262e-01,-8.5321956873e-01,6.7170585938e+03
2059,4.1143515706e-01,-4.1074231267e-01,-8.9985066652e-01,6.7158125000e+03
2060,4.1180536151e-01,-4.1092172265e-01,-8.7932360172e-01,6.7145585938e+03
2061,4.1181311011e-01,-4.1086480021e-01,-8.1565439701e-01,6.7133120117e+03
2062,4.1166284680e-01,-4.1075006127e-01,-8.6585104465e-01,6.7120673828e+03
2063,4.1154962778e-01,-4.1067287326e-01,-6.9187617302e-01,6.7108120117e+03
2064,4.1149812937e-01,-4.1076436639e-01,-5.7616621256e-01,6.7095644531e+03
2065,4.1135784984e-01,-4.1090875864e-01,-7.2953951359e-01,6.7083173828e+03
2066,4.1117885709e-01,-4.1074684262e-01,-8.0707007647e-01,6.7070722656e+03
2067,4.1099321842e-01,-4.1051575541e-01,-9.1487342119e-01,6.7058222656e+03
2068,4.1103076935e-01,-4.1035133600e-01,-9.4603514671e-01,6.7045732422e+03
2069,4.1129255295e-01,-4.1037753224e-01,-6.7000067234e-01,6.7033276367e+03
2070,4.1148975492e-01,-4.1057890654e-01,-6.9427496195e-01,6.7020786133e+03
2071,4.1137221456e-01,-4.1091334820e-01,-7.6990938187e-01,6.7008300781e+03
2072,4.1098633409e-01,-4.1122484207e-01,-7.2382330894e-01,6.6995888672e+03
2073,4.1058459878e-01,-4.1134548187e-01,-9.3749177456e-01,6.6983442383e+03
2074,4.1020324826e-01,-4.1106536984e-01,-7.7010011673e-01,6.6970952148e+03
2075,4.1017258167e-01,-4.1061475873e-01,-5.3203731775e-01,6.6958520508e+03
2076,4.1036131978e-01,-4.1030192375e-01,-7.0092266798e-01,6.6946064453e+03
2077,4.1070136428e-01,-4.1021668911e-01,-6.9906425476e-01,6.6933603516e+03
2078,4.1077253222e-01,-4.1036257148e-01,-9.6794474125e-01,6.6921201172e+03
2079,4.1057851911e-01,-4.1066306829e-01,-8.7029826641e-01,6.6908779297e+03
2080,4.1024398804e-01,-4.1077503562e-01,-1.1641860008e+00,6.6896318359e+03
2081,4.0997281671e-01,-4.1043671966e-01,-1.0182466507e+00,6.6883906250e+03
2082,4.0988555551e-01,-4.1000905633e-01,-9.3607068062e-01,6.6871469727e+03
2083,4.1004148126e-01,-4.0976661444e-01,-1.1607012749e+00,6.6858979492e+03
2084,4.1051006317e-01,-4.0996840596e-01,-1.0659140348e+00,6.6846533203e+03
2085,4.1084176302e-01,-4.1030839086e-01,-1.1530649662e+00,6.6834130859e+03
2086,4.1073390841e-01,-4.1044473648e-01,-9.5883756876e-01,6.6821733398e+03
2087,4.1032889485e-01,-4.1033813357e-01,-6.0258775949e-01,6.6809326172e+03
2088,4.1026553512e-01,-4.1039353609e-01,-4.2849138379e-01,6.6796889648e+03
2089,4.1040331125e-01,-4.1053378582e-01,-3.8428270817e-01,6.6784423828e+03
2090,4.1031286120e-01,-4.1056847572e-01,-6.7520540953e-01,6.6772001953e+03
2091,4.0997612476e-01,-4.1044834256e-01,-7.3539513350e-01,6.6759619141e+03
2092,4.0976396203e-01,-4.1033232212e-01,-1.0537887812e+00,6.6747167969e+03
2093,4.0970596671e-01,-4.1020441055e-01,-1.2607326508e+00,6.6734775391e+03
2094,4.0986180305e-01,-4.1006162763e-01,-1.1766374111e+00,6.6722387695e+03
2095,4.1009080410e-01,-4.0988159180e-01,-1.0432230234e+00,6.6710014648e+03
2096,4.1031566262e-01,-4.0991529822e-01,-5.5343341827e-01,6.6697617188e+03
2097,4.1034287214e-01,-4.1010043025e-01,-4.3161398172e-01,6.6685205078e+03
2098,4.1018399596e-01,-4.1056197882e-01,-4.1451951861e-01,6.6672792969e+03
2099,4.0988337994e-01,-4.1070783138e-01,-4.6438312531e-01,6.6660375977e+03
2100,4.0939679742e-01,-4.1041797400e-01,-7.2875416279e-01,6.6647988281e+03
2101,4.0901777148e-01,-4.1004294157e-01,-9.3472868204e-01,6.6635600586e+03
2102,4.0910321474e-01,-4.0973639488e-01,-1.0012395382e+00,6.6623203125e+03
2103,4.0948274732e-01,-4.0953686833e-01,-9.7359353304e-01,6.6610820312e+03
2104,4.0976220369e-01,-4.0951338410e-01,-8.5820329189e-01,6.6598461914e+03
2105,4.0984651446e-01,-4.0963134170e-01,-6.5340596437e-01,6.6586064453e+03
2106,4.0985724330e-01,-4.0989196301e-01,-6.0845339298e-01,6.6573681641e+03
2107,4.0972074866e-01,-4.0991625190e-01,-7.4028760195e-01,6.6561323242e+03
2108,4.0943998098e-01,-4.0955716372e-01,-8.7214851379e-01,6.6548950195e+03
2109,4.0923917294e-01,-4.0927338600e-01,-8.1975305080e-01,6.6536611328e+03
2110,4.0940266848e-01,-4.0940162539e-01,-6.9807803631e-01,6.6524248047e+03
2111,4.0984311700e-01,-4.0969011188e-01,-5.1052135229e-01,6.6511879883e+03
2112,4.0978875756e-01,-4.0951085091e-01,-6.1856931448e-01,6.6499516602e+03
2113,4.0929311514e-01,-4.0910205245e-01,-6.3125532866e-01,6.6487128906e+03
2114,4.0892484784e-01,-4.0881714225e-01,-9.2923623323e-01,6.6474746094e+03
2115,4.0903675556e-01,-4.0878653526e-01,-1.2042152882e+00,6.6462421875e+03
2116,4.0944173932e-01,-4.0899053216e-01,-1.3168418407e+00,6.6450097656e+03
2117,4.0977230668e-01,-4.0911498666e-01,-1.4639065266e+00,6.6437705078e+03
2118,4.0998724103e-01,-4.0919840336e-01,-1.0224405527e+00,6.6425400391e+03
2119,4.1016715765e-01,-4.0928444266e-01,-3.9056348801e-01,6.6413081055e+03
2120,4.1017800570e-01,-4.0929767489e-01,-3.3425292373e-01,6.6400688477e+03
2121,4.0996053815e-01,-4.0926992893e-01,-3.4022912383e-01,6.6388330078e+03
2122,4.0947946906e-01,-4.0923318267e-01,-3.7706550956e-01,6.6376035156e+03
2123,4.0893477201e-01,-4.0913474560e-01,-6.7034512758e-01,6.6363730469e+03
2124,4.0857663751e-01,-4.0885734558e-01,-8.7895721197e-01,6.6351386719e+03
2125,4.0853798389e-01,-4.0849801898e-01,-9.8276448250e-01,6.6339038086e+03
2126,4.0880298615e-01,-4.0824645758e-01,-9.1385984421e-01,6.6326704102e+03
2127,4.0922015905e-01,-4.0820240974e-01,-9.2879533768e-01,6.6314389648e+03
2128,4.0966776013e-01,-4.0833213925e-01,-1.0838475227e+00,6.6302080078e+03
2129,4.0973773599e-01,-4.0839955211e-01,-1.1270440817e+00,6.6289736328e+03
2130,4.0960496664e-01,-4.0848439932e-01,-9.9217873812e-01,6.6277451172e+03
2131,4.0940406919e-01,-4.0871077776e-01,-9.9888986349e-01,6.6265131836e+03
2132,4.0930324793e-01,-4.0909013152e-01,-9.1730135679e-01,6.6252817383e+03
2133,4.0913605690e-01,-4.0930730104e-01,-8.6759781837e-01,6.6240493164e+03
2134,4.0888297558e-01,-4.0917852521e-01,-8.7315106392e-01,6.6228203125e+03
2135,4.0854358673e-01,-4.0874323249e-01,-6.1387777328e-01,6.6215888672e+03
2136,4.0840512514e-01,-4.0825498104e-01,-6.8992376328e-01,6.6203623047e+03
2137,4.0849524736e-01,-4.0802448988e-01,-7.3564749956e-01,6.6191323242e+03
2138,4.0864428878e-01,-4.0797045827e-01,-9.6874403954e-01,6.6179033203e+03
2139,4.0875801444e-01,-4.0801990032e-01,-1.2769613266e+00,6.6166752930e+03
2140,4.0889587998e-01,-4.0826570988e-01,-1.1707476377e+00,6.6154443359e+03
2141,4.0908104181e-01,-4.0852972865e-01,-1.0063232183e+00,6.6142192383e+03
2142,4.0921291709e-01,-4.0849959850e-01,-4.1066324711e-01,6.6129916992e+03
2143,4.0909913182e-01,-4.0816277266e-01,-4.5895859599e-01,6.6117607422e+03
2144,4.0893170238e-01,-4.0786081553e-01,-7.7879816294e-01,6.6105332031e+03
2145,4.0886759758e-01,-4.0788635612e-01,-9.5450598001e-01,6.6093071289e+03
2146,4.0884861350e-01,-4.0833109617e-01,-1.1578091383e+00,6.6080791016e+03
2147,4.0868476033e-01,-4.0866923332e-01,-8.3102124929e-01,6.6068510742e+03
2148,4.0821745992e-01,-4.0856328607e-01,-7.0060169697e-01,6.6056269531e+03
2149,4.0779772401e-01,-4.0801203251e-01,-5.8275109529e-01,6.6044023438e+03
2150,4.0771153569e-01,-4.0744423866e-01,-6.9310271740e-01,6.6031767578e+03
2151,4.0803834796e-01,-4.0712815523e-01,-1.0400320292e+00,6.6019501953e+03
2152,4.0851861238e-01,-4.0724200010e-01,-1.0420482159e+00,6.6007250977e+03
2153,4.0882992744e-01,-4.0756684542e-01,-1.1467717886e+00,6.5995000000e+03
2154,4.0870419145e-01,-4.0769049525e-01,-9.2628788948e-01,6.5982783203e+03
2155,4.0821516514e-01,-4.0783819556e-01,-9.2486947775e-01,6.5970498047e+03
2156,4.0783819556e-01,-4.0794622898e-01,-9.9167782068e-01,6.5958251953e+03
2157,4.0789720416e-01,-4.0810003877e-01,-8.4153300524e-01,6.5945996094e+03
2158,4.0807750821e-01,-4.0794390440e-01,-8.6575883627e-01,6.5933798828e+03
2159,4.0811318159e-01,-4.0760669112e-01,-7.4762398005e-01,6.5921547852e+03
2160,4.0811699629e-01,-4.0742492676e-01,-8.1756949425e-01,6.5909287109e+03
2161,4.0817639232e-01,-4.0754941106e-01,-6.9450831413e-01,6.5897089844e+03
2162,4.0807211399e-01,-4.0753507614e-01,-7.3637753725e-01,6.5884843750e+03
2163,4.0768414736e-01,-4.0729281306e-01,-9.0192699432e-01,6.5872607422e+03
2164,4.0735375881e-01,-4.0710833669e-01,-1.0959833860e+00,6.5860395508e+03
2165,4.0746039152e-01,-4.0711063147e-01,-1.0546104908e+00,6.5848183594e+03
2166,4.0780690312e-01,-4.0716150403e-01,-8.9482808113e-01,6.5835966797e+03
2167,4.0791264176e-01,-4.0729615092e-01,-7.9367971420e-01,6.5823730469e+03
2168,4.0784946084e-01,-4.0734082460e-01,-5.3513944149e-01,6.5811489258e+03
2169,4.0763550997e-01,-4.0721264482e-01,-5.9890109301e-01,6.5799301758e+03
2170,4.0732035041e-01,-4.0698784590e-01,-6.6946446896e-01,6.5787114258e+03
2171,4.0721228719e-01,-4.0687975287e-01,-1.0023448467e+00,6.5774902344e+03
2172,4.0731531382e-01,-4.0711939335e-01,-1.2517317533e+00,6.5762695312e+03
2173,4.0744963288e-01,-4.0746620297e-01,-1.1462314129e+00,6.5750488281e+03
2174,4.0740633011e-01,-4.0762144327e-01,-1.2330169678e+00,6.5738295898e+03
2175,4.0725129843e-01,-4.0753790736e-01,-9.2417579889e-01,6.5726083984e+03
2176,4.0714886785e-01,-4.0723413229e-01,-9.8221945763e-01,6.5713916016e+03
2177,4.0718796849e-01,-4.0691164136e-01,-9.9610602856e-01,6.5701723633e+03
2178,4.0736007690e-01,-4.0675434470e-01,-1.0244846344e+00,6.5689511719e+03
2179,4.0755131841e-01,-4.0665987134e-01,-1.0617233515e+00,6.5677363281e+03
2180,4.0755593777e-01,-4.0653246641e-01,-8.0780768394e-01,6.5665170898e+03
2181,4.0740641952e-01,-4.0642446280e-01,-6.4262443781e-01,6.5652973633e+03
2182,4.0711367130e-01,-4.0637770295e-01,-5.9139829874e-01,6.5640791016e+03
2183,4.0695944428e-01,-4.0641397238e-01,-5.7647275925e-01,6.5628642578e+03
2184,4.0688696504e-01,-4.0660175681e-01,-7.5850033760e-01,6.5616430664e+03
2185,4.0685179830e-01,-4.0674197674e-01,-1.0118364096e+00,6.5604282227e+03
2186,4.0679642558e-01,-4.0675422549e-01,-1.0457599163e+00,6.5592114258e+03
2187,4.0663415194e-01,-4.0640610456e-01,-1.0114940405e+00,6.5579946289e+03
2188,4.0645560622e-01,-4.0591102839e-01,-1.0409853458e+00,6.5567778320e+03
2189,4.0646845102e-01,-4.0573430061e-01,-1.0064977407e+00,6.5555615234e+03
2190,4.0683639050e-01,-4.0587216616e-01,-1.0777317286e+00,6.5543457031e+03
2191,4.0725269914e-01,-4.0614721179e-01,-9.1628283262e-01,6.5531308594e+03
2192,4.0739646554e-01,-4.0637549758e-01,-7.1099978685e-01,6.5519179688e+03
2193,4.0730240941e-01,-4.0637823939e-01,-7.1101588011e-01,6.5507041016e+03
2194,4.0694183111e-01,-4.0626278520e-01,-6.3071542978e-01,6.5494833984e+03
2195,4.0666061640e-01,-4.0626004338e-01,-5.4788392782e-01,6.5482675781e+03
2196,4.0642464161e-01,-4.0622293949e-01,-6.3495749235e-01,6.5470595703e+03
2197,4.0622362494e-01,-4.0609318018e-01,-9.6770113707e-01,6.5458417969e+03
2198,4.0603250265e-01,-4.0589371324e-01,-1.2452176809e+00,6.5446313477e+03
2199,4.0604877472e-01,-4.0561920404e-01,-1.0839945078e+00,6.5434165039e+03
2200,4.0623515844e-01,-4.0569883585e-01,-9.1934090853e-01,6.5421958008e+03
2201,4.0637943149e-01,-4.0594139695e-01,-9.0938031673e-01,6.5409838867e+03
2202,4.0648475289e-01,-4.0629217029e-01,-8.0231320858e-01,6.5397788086e+03
2203,4.0628725290e-01,-4.0641251206e-01,-9.7425961494e-01,6.5385590820e+03
2204,4.0594738722e-01,-4.0629115701e-01,-6.3157409430e-01,6.5373466797e+03
2205,4.0568327904e-01,-4.0614157915e-01,-6.0047757626e-01,6.5361357422e+03
2206,4.0563973784e-01,-4.0611642599e-01,-7.0760625601e-01,6.5349199219e+03
2207,4.0572792292e-01,-4.0603634715e-01,-5.3616893291e-01,6.5337099609e+03
2208,4.0569713712e-01,-4.0591102839e-01,-8.5855013132e-01,6.5325014648e+03
2209,4.0551358461e-01,-4.0577197075e-01,-1.1603229046e+00,6.5312871094e+03
2210,4.0535050631e-01,-4.0576091409e-01,-1.3452122211e+00,6.5300751953e+03
2211,4.0527123213e-01,-4.0580430627e-01,-1.2984504700e+00,6.5288642578e+03
2212,4.0517172217e-01,-4.0576753020e-01,-9.6141779423e-01,6.5276542969e+03
2213,4.0506172180e-01,-4.0575703979e-01,-9.6997481585e-01,6.5264433594e+03
2214,4.0509521961e-01,-4.0584927797e-01,-8.3143812418e-01,6.5252338867e+03
2215,4.0532043576e-01,-4.0587639809e-01,-1.0250605345e+00,6.5240244141e+03
2216,4.0546059608e-01,-4.0586724877e-01,-9.6898114681e-01,6.5228149414e+03
2217,4.0551042557e-01,-4.0587472916e-01,-8.9034330845e-01,6.5216088867e+03
2218,4.0566438437e-01,-4.0582621098e-01,-8.9860373735e-01,6.5203959961e+03
2219,4.0574178100e-01,-4.0549916029e-01,-7.8544479609e-01,6.5191870117e+03
2220,4.0566071868e-01,-4.0500968695e-01,-8.0059605837e-01,6.5179814453e+03
2221,4.0567031503e-01,-4.0482255816e-01,-7.6451891661e-01,6.5167729492e+03
2222,4.0577021241e-01,-4.0500044823e-01,-7.3492884636e-01,6.5155625000e+03
2223,4.0574774146e-01,-4.0517663956e-01,-8.6415016651e-01,6.5143525391e+03
2224,4.0536528826e-01,-4.0496647358e-01,-8.9000982046e-01,6.5131459961e+03
2225,4.0489435196e-01,-4.0459966660e-01,-9.2746299505e-01,6.5119375000e+03
2226,4.0472775698e-01,-4.0440675616e-01,-8.8997930288e-01,6.5107319336e+03
2227,4.0498968959e-01,-4.0472730994e-01,-7.8071880341e-01,6.5095283203e+03
2228,4.0537348390e-01,-4.0519836545e-01,-8.9729857445e-01,6.5083217773e+03
2229,4.0540432930e-01,-4.0526494384e-01,-1.0325525999e+00,6.5071147461e+03
2230,4.0509286523e-01,-4.0504783392e-01,-1.0663498640e+00,6.5059086914e+03
2231,4.0490189195e-01,-4.0487661958e-01,-1.4047200680e+00,6.5046992188e+03
2232,4.0500321984e-01,-4.0477079153e-01,-1.3371431828e+00,6.5034921875e+03
2233,4.0529870987e-01,-4.0472695231e-01,-1.0270988941e+00,6.5022905273e+03
2234,4.0532299876e-01,-4.0475279093e-01,-9.7441440821e-01,6.5010830078e+03
2235,4.0516483784e-01,-4.0484097600e-01,-7.8603082895e-01,6.4998793945e+03
2236,4.0509620309e-01,-4.0497192740e-01,-6.5094733238e-01,6.4986748047e+03
2237,4.0497672558e-01,-4.0494444966e-01,-8.9633971453e-01,6.4974687500e+03
2238,4.0489262342e-01,-4.0477168560e-01,-8.5858607292e-01,6.4962641602e+03
2239,4.0493097901e-01,-4.0471616387e-01,-9.8266047239e-01,6.4950590820e+03
2240,4.0497687459e-01,-4.0463832021e-01,-1.1504781246e+00,6.4938588867e+03
2241,4.0496176481e-01,-4.0459433198e-01,-1.0471704006e+00,6.4926557617e+03
2242,4.0477833152e-01,-4.0467426181e-01,-1.1401616335e+00,6.4914526367e+03
2243,4.0470311046e-01,-4.0489515662e-01,-1.0061342716e+00,6.4902490234e+03
2244,4.0483400226e-01,-4.0526372194e-01,-7.5608879328e-01,6.4890449219e+03
2245,4.0477383137e-01,-4.0546718240e-01,-6.2591296434e-01,6.4878417969e+03
2246,4.0435075760e-01,-4.0517854691e-01,-5.5565249920e-01,6.4866420898e+03
2247,4.0386942029e-01,-4.0461137891e-01,-7.8961318731e-01,6.4854409180e+03
2248,4.0368852019e-01,-4.0422731638e-01,-1.0031050444e+00,6.4842392578e+03
2249,4.0386983752e-01,-4.0419307351e-01,-1.1938506365e+00,6.4830405273e+03
2250,4.0428104997e-01,-4.0431889892e-01,-1.0174831152e+00,6.4818349609e+03
2251,4.0453729033e-01,-4.0448024869e-01,-8.4156012535e-01,6.4806367188e+03
2252,4.0463152528e-01,-4.0448114276e-01,-7.9677200317e-01,6.4794365234e+03
2253,4.0461024642e-01,-4.0433606505e-01,-7.4582457542e-01,6.4782407227e+03
2254,4.0445163846e-01,-4.0415221453e-01,-7.2169768810e-01,6.4770395508e+03
2255,4.0422233939e-01,-4.0415000916e-01,-9.6653926373e-01,6.4758354492e+03
2256,4.0426421165e-01,-4.0425390005e-01,-1.1246541739e+00,6.4746337891e+03
2257,4.0433698893e-01,-4.0433493257e-01,-1.1263850927e+00,6.4734389648e+03
2258,4.0427979827e-01,-4.0409734845e-01,-9.5701086521e-01,6.4722426758e+03
2259,4.0419739485e-01,-4.0378838778e-01,-8.7751203775e-01,6.4710415039e+03
2260,4.0427812934e-01,-4.0365222096e-01,-8.8669556379e-01,6.4698422852e+03
2261,4.0438881516e-01,-4.0345683694e-01,-9.6178460121e-01,6.4686450195e+03
2262,4.0443620086e-01,-4.0324509144e-01,-1.0181386471e+00,6.4674482422e+03
2263,4.0422013402e-01,-4.0309926867e-01,-9.2718017101e-01,6.4662504883e+03
2264,4.0427693725e-01,-4.0323624015e-01,-9.8154383898e-01,6.4650522461e+03
2265,4.0454149246e-01,-4.0347886086e-01,-9.1369235516e-01,6.4638540039e+03
2266,4.0472111106e-01,-4.0376052260e-01,-8.1444126368e-01,6.4626567383e+03
2267,4.0468418598e-01,-4.0399754047e-01,-9.0994870663e-01,6.4614589844e+03
2268,4.0440872312e-01,-4.0401381254e-01,-8.3605772257e-01,6.4602636719e+03
2269,4.0403404832e-01,-4.0374702215e-01,-8.0048114061e-01,6.4590668945e+03
2270,4.0364193916e-01,-4.0329632163e-01,-7.3514682055e-01,6.4578706055e+03
2271,4.0348646045e-01,-4.0295636654e-01,-8.4492588043e-01,6.4566723633e+03
2272,4.0359547734e-01,-4.0296214819e-01,-9.4728362560e-01,6.4554726562e+03
2273,4.0379658341e-01,-4.0305325389e-01,-1.1663569212e+00,6.4542763672e+03
2274,4.0390032530e-01,-4.0328562260e-01,-1.1432098150e+00,6.4530859375e+03
2275,4.0395537019e-01,-4.0361985564e-01,-9.8718827963e-01,6.4518950195e+03
2276,4.0396922827e-01,-4.0375843644e-01,-1.0945470333e+00,6.4506987305e+03
2277,4.0379366279e-01,-4.0346029401e-01,-8.9477926493e-01,6.4495024414e+03
2278,4.0352424979e-01,-4.0314239264e-01,-8.2530754805e-01,6.4483095703e+03
2279,4.0345945954e-01,-4.0304654837e-01,-6.2698638439e-01,6.4471137695e+03
2280,4.0362039208e-01,-4.0316820145e-01,-6.1722093821e-01,6.4459189453e+03
2281,4.0367382765e-01,-4.0310066938e-01,-6.5492987633e-01,6.4447260742e+03
2282,4.0348544717e-01,-4.0271866322e-01,-7.7259135246e-01,6.4435327148e+03
2283,4.0326479077e-01,-4.0222901106e-01,-7.2581815720e-01,6.4423417969e+03
2284,4.0326216817e-01,-4.0192744136e-01,-9.3920803070e-01,6.4411533203e+03
2285,4.0359029174e-01,-4.0186396241e-01,-9.6901959181e-01,6.4399584961e+03
2286,4.0383744240e-01,-4.0180855989e-01,-9.6941596270e-01,6.4387651367e+03
2287,4.0378943086e-01,-4.0180733800e-01,-1.1501351595e+00,6.4375761719e+03
2288,4.0366169810e-01,-4.0215674043e-01,-9.7800230980e-01,6.4363847656e+03
2289,4.0366891026e-01,-4.0262243152e-01,-1.0148905516e+00,6.4351923828e+03
2290,4.0353029966e-01,-4.0268510580e-01,-1.0730289221e+00,6.4339980469e+03
2291,4.0312471986e-01,-4.0243530273e-01,-1.0817410946e+00,6.4328095703e+03
2292,4.0275260806e-01,-4.0225720406e-01,-1.1930460930e+00,6.4316191406e+03
2293,4.0280088782e-01,-4.0234962106e-01,-1.3333319426e+00,6.4304248047e+03
2294,4.0307003260e-01,-4.0248718858e-01,-1.3203765154e+00,6.4292343750e+03
2295,4.0320965648e-01,-4.0255391598e-01,-1.2064348459e+00,6.4280473633e+03
2296,4.0327182412e-01,-4.0250656009e-01,-9.7742563486e-01,6.4268588867e+03
2297,4.0334916115e-01,-4.0256953239e-01,-7.5191807747e-01,6.4256674805e+03
2298,4.0338799357e-01,-4.0245813131e-01,-7.3476767540e-01,6.4244775391e+03
2299,4.0312230587e-01,-4.0220156312e-01,-8.6229926348e-01,6.4232929688e+03
2300,4.0278729796e-01,-4.0193152428e-01,-1.1413743496e+00,6.4221025391e+03
2301,4.0258634090e-01,-4.0177160501e-01,-9.2975717783e-01,6.4209125977e+03
2302,4.0272986889e-01,-4.0177291632e-01,-7.6634919643e-01,6.4197285156e+03
2303,4.0300112963e-01,-4.0200033784e-01,-6.1569792032e-01,6.4185390625e+03
2304,4.0309345722e-01,-4.0216174722e-01,-6.7735177279e-01,6.4173466797e+03
2305,4.0279036760e-01,-4.0222775936e-01,-9.5338827372e-01,6.4161601562e+03
2306,4.0238943696e-01,-4.0230089426e-01,-1.2671372890e+00,6.4149731445e+03
2307,4.0205016732e-01,-4.0233561397e-01,-1.5523979664e+00,6.4137827148e+03
2308,4.0201663971e-01,-4.0233072639e-01,-1.3810790777e+00,6.4125937500e+03
2309,4.0214818716e-01,-4.0231829882e-01,-1.1310778856e+00,6.4114106445e+03
2310,4.0231022239e-01,-4.0219801664e-01,-7.5973981619e-01,6.4102265625e+03
2311,4.0228095651e-01,-4.0202593803e-01,-6.4898878336e-01,6.4090400391e+03
2312,4.0206795931e-01,-4.0186011791e-01,-7.6047277451e-01,6.4078535156e+03
2313,4.0194192529e-01,-4.0183845162e-01,-1.0777586699e+00,6.4066694336e+03
2314,4.0180549026e-01,-4.0187135339e-01,-1.1064404249e+00,6.4054809570e+03
2315,4.0169343352e-01,-4.0194767714e-01,-1.2284175158e+00,6.4042934570e+03
2316,4.0158721805e-01,-4.0189379454e-01,-1.2350214720e+00,6.4031127930e+03
2317,4.0158793330e-01,-4.0167510509e-01,-8.8589721918e-01,6.4019316406e+03
2318,4.0172183514e-01,-4.0138384700e-01,-6.6251718998e-01,6.4007480469e+03
2319,4.0177896619e-01,-4.0123710036e-01,-5.8405405283e-01,6.3995600586e+03
2320,4.0171888471e-01,-4.0134260058e-01,-7.1258729696e-01,6.3983764648e+03
2321,4.0167570114e-01,-4.0147641301e-01,-9.0665906668e-01,6.3971948242e+03
2322,4.0145325661e-01,-4.0147402883e-01,-1.1873980761e+00,6.3960097656e+03
2323,4.0124943852e-01,-4.0136495233e-01,-1.0763921738e+00,6.3948251953e+03
2324,4.0140476823e-01,-4.0128329396e-01,-1.1630430222e+00,6.3936474609e+03
2325,4.0173980594e-01,-4.0111654997e-01,-1.0945760012e+00,6.3924599609e+03
2326,4.0188544989e-01,-4.0098804235e-01,-1.1225512028e+00,6.3912763672e+03
2327,4.0186920762e-01,-4.0098825097e-01,-1.0332572460e+00,6.3900971680e+03
2328,4.0177717805e-01,-4.0115168691e-01,-7.6817315817e-01,6.3889145508e+03
2329,4.0162709355e-01,-4.0126794577e-01,-8.0842822790e-01,6.3877338867e+03
2330,4.0141725540e-01,-4.0133300424e-01,-8.2037717104e-01,6.3865512695e+03
2331,4.0124028921e-01,-4.0124413371e-01,-7.5469201803e-01,6.3853691406e+03
2332,4.0110424161e-01,-4.0125298500e-01,-1.0868111849e+00,6.3841879883e+03
2333,4.0112471581e-01,-4.0131387115e-01,-1.2566549778e+00,6.3830043945e+03
2334,4.0115508437e-01,-4.0133261681e-01,-1.5058834553e+00,6.3818310547e+03
2335,4.0106427670e-01,-4.0135109425e-01,-1.3389861584e+00,6.3806469727e+03
2336,4.0096727014e-01,-4.0142220259e-01,-1.0693844557e+00,6.3794648438e+03
2337,4.0107744932e-01,-4.0138259530e-01,-8.9310646057e-01,6.3782871094e+03
2338,4.0111768246e-01,-4.0108749270e-01,-8.6470758915e-01,6.3771079102e+03
2339,4.0102672577e-01,-4.0062239766e-01,-8.6526715755e-01,6.3759296875e+03
2340,4.0104907751e-01,-4.0028727055e-01,-1.0747618675e+00,6.3747490234e+03
2341,4.0123522282e-01,-4.0035235882e-01,-1.1419801712e+00,6.3735712891e+03
2342,4.0133246779e-01,-4.0052083135e-01,-9.8957115412e-01,6.3723950195e+03
2343,4.0116378665e-01,-4.0032538772e-01,-8.3188998699e-01,6.3712207031e+03
2344,4.0087547898e-01,-3.9990562201e-01,-8.4212589264e-01,6.3700429688e+03
2345,4.0076443553e-01,-3.9987257123e-01,-1.1236287355e+00,6.3688608398e+03
2346,4.0105178952e-01,-4.0037432313e-01,-1.3902057409e+00,6.3676826172e+03
2347,4.0140017867e-01,-4.0083298087e-01,-1.3942710161e+00,6.3665102539e+03
2348,4.0127772093e-01,-4.0076804161e-01,-1.3756291866e+00,6.3653281250e+03
2349,4.0085786581e-01,-4.0060558915e-01,-1.2135119438e+00,6.3641533203e+03
2350,4.0075761080e-01,-4.0068218112e-01,-9.2556440830e-01,6.3629785156e+03
2351,4.0100586414e-01,-4.0071839094e-01,-7.9161643982e-01,6.3618002930e+03
2352,4.0099549294e-01,-4.0038070083e-01,-1.0054728985e+00,6.3606220703e+03
2353,4.0066814423e-01,-4.0006038547e-01,-1.1515144110e+00,6.3594477539e+03
2354,4.0061110258e-01,-4.0018317103e-01,-1.2445707321e+00,6.3582739258e+03
2355,4.0084478259e-01,-4.0037009120e-01,-1.1754482985e+00,6.3570952148e+03
2356,4.0103521943e-01,-4.0045225620e-01,-1.0805023909e+00,6.3559150391e+03
2357,4.0094482899e-01,-4.0028271079e-01,-9.5635861158e-01,6.3547456055e+03
2358,4.0074691176e-01,-3.9999675751e-01,-9.3365418911e-01,6.3535722656e+03
2359,4.0069404244e-01,-3.9973014593e-01,-1.0474455357e+00,6.3523994141e+03
2360,4.0070283413e-01,-3.9947032928e-01,-1.2760586739e+00,6.3512246094e+03
2361,4.0059858561e-01,-3.9932623506e-01,-1.2963352203e+00,6.3500517578e+03
2362,4.0067073703e-01,-3.9953154325e-01,-1.0818277597e+00,6.3488798828e+03
2363,4.0079903603e-01,-3.9985233545e-01,-1.1233223677e+00,6.3477016602e+03
2364,4.0087562799e-01,-4.0001407266e-01,-9.0477597713e-01,6.3465288086e+03
2365,4.0069225430e-01,-3.9992025495e-01,-7.8404819965e-01,6.3453564453e+03
2366,4.0047326684e-01,-3.9964976907e-01,-1.0546449423e+00,6.3441835938e+03
2367,4.0051066875e-01,-3.9934110641e-01,-1.0404274464e+00,6.3430126953e+03
2368,4.0067869425e-01,-3.9912083745e-01,-1.0241688490e+00,6.3418383789e+03
2369,4.0080255270e-01,-3.9889970422e-01,-1.1937191486e+00,6.3406679688e+03
2370,4.0083098412e-01,-3.9876633883e-01,-1.0202791691e+00,6.3395009766e+03
2371,4.0089696646e-01,-3.9894619584e-01,-1.1153458357e+00,6.3383276367e+03
2372,4.0093427896e-01,-3.9933076501e-01,-1.0223934650e+00,6.3371557617e+03
2373,4.0093713999e-01,-3.9955541492e-01,-9.4472277164e-01,6.3359877930e+03
2374,4.0051007271e-01,-3.9948797226e-01,-1.0349444151e+00,6.3348203125e+03
2375,3.9997968078e-01,-3.9933627844e-01,-1.1167737246e+00,6.3336484375e+03
2376,3.9970624447e-01,-3.9929926395e-01,-1.0946216583e+00,6.3324775391e+03
2377,3.9980033040e-01,-3.9925894141e-01,-1.1939483881e+00,6.3313095703e+03
2378,3.9976099133e-01,-3.9932689071e-01,-1.2733553648e+00,6.3301396484e+03
2379,3.9974471927e-01,-3.9939180017e-01,-1.0809875727e+00,6.3289667969e+03
2380,3.9986723661e-01,-3.9937588573e-01,-1.0623202324e+00,6.3278017578e+03
2381,4.0002191067e-01,-3.9908114076e-01,-8.8743847609e-01,6.3266318359e+03
2382,4.0001928806e-01,-3.9880353212e-01,-8.5174262524e-01,6.3254614258e+03
2383,4.0004867315e-01,-3.9881917834e-01,-9.5241194963e-01,6.3242958984e+03
2384,4.0005901456e-01,-3.9892423153e-01,-9.7566062212e-01,6.3231259766e+03
2385,4.0007445216e-01,-3.9885401726e-01,-1.0597541332e+00,6.3219565430e+03
2386,3.9988785982e-01,-3.9871361852e-01,-1.2093949318e+00,6.3207880859e+03
2387,3.9968320727e-01,-3.9872252941e-01,-1.1218236685e+00,6.3196220703e+03
2388,3.9964258671e-01,-3.9896237850e-01,-1.1682199240e+00,6.3184565430e+03
2389,3.9960476756e-01,-3.9916715026e-01,-1.0983874798e+00,6.3172905273e+03
2390,3.9937970042e-01,-3.9929354191e-01,-1.2041629553e+00,6.3161201172e+03
2391,3.9888355136e-01,-3.9921227098e-01,-1.3104522228e+00,6.3149511719e+03
2392,3.9851659536e-01,-3.9909848571e-01,-1.3912473917e+00,6.3137851562e+03
2393,3.9853769541e-01,-3.9921873808e-01,-1.4738166332e+00,6.3126250000e+03
2394,3.9885687828e-01,-3.9945441484e-01,-1.5160117149e+00,6.3114619141e+03
2395,3.9917480946e-01,-3.9962881804e-01,-1.3415017128e+00,6.3102924805e+03
2396,3.9927285910e-01,-3.9944532514e-01,-1.1504664421e+00,6.3091289062e+03
2397,3.9921748638e-01,-3.9920336008e-01,-7.6314121485e-01,6.3079653320e+03
2398,3.9930340648e-01,-3.9925515652e-01,-6.2170642614e-01,6.3068037109e+03
2399,3.9933758974e-01,-3.9938420057e-01,-8.0677551031e-01,6.3056372070e+03
2400,3.9913734794e-01,-3.9904952049e-01,-9.4823020697e-01,6.3044716797e+03
2401,3.9861074090e-01,-3.9830523729e-01,-1.1690080166e+00,6.3033081055e+03
2402,3.9831653237e-01,-3.9771559834e-01,-1.3451671600e+00,6.3021430664e+03
2403,3.9875221252e-01,-3.9783445001e-01,-1.4485929012e+00,6.3009804688e+03
2404,3.9952984452e-01,-3.9842247963e-01,-1.4442976713e+00,6.2998178711e+03
2405,4.0001335740e-01,-3.9882335067e-01,-1.3294954300e+00,6.2986523438e+03
2406,3.9975929260e-01,-3.9890760183e-01,-1.2279684544e+00,6.2974921875e+03
2407,3.9926493168e-01,-3.9862450957e-01,-9.7939383984e-01,6.2963237305e+03
2408,3.9900594950e-01,-3.9811852574e-01,-8.9342880249e-01,6.2951660156e+03
2409,3.9899262786e-01,-3.9766612649e-01,-7.9490280151e-01,6.2940073242e+03
2410,3.9901718497e-01,-3.9755952358e-01,-8.7502330542e-01,6.2928422852e+03
2411,3.9907032251e-01,-3.9782512188e-01,-9.5574450493e-01,6.2916791992e+03
2412,3.9900827408e-01,-3.9823609591e-01,-1.2000017166e+00,6.2905229492e+03
2413,3.9875298738e-01,-3.9841914177e-01,-1.4474320412e+00,6.2893613281e+03
2414,3.9851167798e-01,-3.9848518372e-01,-1.2824608088e+00,6.2881972656e+03
2415,3.9841669798e-01,-3.9848735929e-01,-1.0844314098e+00,6.2870346680e+03
2416,3.9845192432e-01,-3.9832177758e-01,-1.0020099878e+00,6.2858774414e+03
2417,3.9845016599e-01,-3.9809152484e-01,-1.0728679895e+00,6.2847192383e+03
2418,3.9841303229e-01,-3.9781674743e-01,-1.1566730738e+00,6.2835605469e+03
2419,3.9849290252e-01,-3.9774653316e-01,-1.1963793039e+00,6.2823984375e+03
2420,3.9859828353e-01,-3.9792501926e-01,-1.2147444487e+00,6.2812392578e+03
2421,3.9868181944e-01,-3.9825451374e-01,-1.2615560293e+00,6.2800776367e+03
2422,3.9867377281e-01,-3.9843863249e-01,-1.1132572889e+00,6.2789184570e+03
2423,3.9852318168e-01,-3.9834225178e-01,-9.1461038589e-01,6.2777602539e+03
2424,3.9822867513e-01,-3.9801979065e-01,-9.6045261621e-01,6.2766035156e+03
2425,3.9800313115e-01,-3.9752113819e-01,-1.0449643135e+00,6.2754467773e+03
2426,3.9794233441e-01,-3.9715155959e-01,-1.1640655994e+00,6.2742866211e+03
2427,3.9803457260e-01,-3.9715328813e-01,-1.0964608192e+00,6.2731279297e+03
2428,3.9815711975e-01,-3.9762020111e-01,-1.1787178516e+00,6.2719711914e+03
2429,3.9814546704e-01,-3.9815768600e-01,-1.1527707577e+00,6.2708115234e+03
2430,3.9796483517e-01,-3.9831399918e-01,-1.2115621567e+00,6.2696538086e+03
2431,3.9768716693e-01,-3.9812374115e-01,-1.2388529778e+00,6.2684980469e+03
2432,3.9756605029e-01,-3.9769771695e-01,-1.2427141666e+00,6.2673408203e+03
2433,3.9778903127e-01,-3.9739951491e-01,-1.2699421644e+00,6.2661845703e+03
2434,3.9812195301e-01,-3.9734926820e-01,-1.1161057949e+00,6.2650312500e+03
2435,3.9820632339e-01,-3.9749822021e-01,-1.1583114862e+00,6.2638784180e+03
2436,3.9796197414e-01,-3.9748382568e-01,-1.3127101660e+00,6.2627241211e+03
2437,3.9755564928e-01,-3.9741724730e-01,-1.2063121796e+00,6.2615639648e+03
2438,3.9740228653e-01,-3.9729323983e-01,-1.1741616726e+00,6.2604125977e+03
2439,3.9753291011e-01,-3.9706778526e-01,-1.1837503910e+00,6.2592568359e+03
2440,3.9766719937e-01,-3.9689642191e-01,-1.1245820522e+00,6.2580986328e+03
2441,3.9769706130e-01,-3.9682227373e-01,-8.6990970373e-01,6.2569453125e+03
2442,3.9770263433e-01,-3.9683628082e-01,-9.7967255116e-01,6.2557939453e+03
2443,3.9763227105e-01,-3.9703142643e-01,-1.2005336285e+00,6.2546381836e+03
2444,3.9749932289e-01,-3.9726227522e-01,-1.4724925756e+00,6.2534838867e+03
2445,3.9742648602e-01,-3.9713421464e-01,-1.2718788385e+00,6.2523349609e+03
2446,3.9741069078e-01,-3.9673590660e-01,-1.2763509750e+00,6.2511811523e+03
2447,3.9745399356e-01,-3.9631611109e-01,-1.2115688324e+00,6.2500278320e+03
2448,3.9757767320e-01,-3.9627239108e-01,-1.2760819197e+00,6.2488769531e+03
2449,3.9780777693e-01,-3.9670377970e-01,-1.4566582441e+00,6.2477211914e+03
2450,3.9776283503e-01,-3.9719927311e-01,-1.1860688925e+00,6.2465693359e+03
2451,3.9750939608e-01,-3.9756691456e-01,-1.0923490524e+00,6.2454150391e+03
2452,3.9702588320e-01,-3.9754724503e-01,-9.2772001028e-01,6.2442602539e+03
2453,3.9668875933e-01,-3.9724710584e-01,-9.5230215788e-01,6.2431108398e+03
2454,3.9662626386e-01,-3.9675998688e-01,-1.0066710711e+00,6.2419614258e+03
2455,3.9677041769e-01,-3.9640146494e-01,-1.0101610422e+00,6.2408051758e+03
2456,3.9706483483e-01,-3.9646106958e-01,-1.1381467581e+00,6.2396538086e+03
2457,3.9727696776e-01,-3.9665064216e-01,-1.1640610695e+00,6.2385053711e+03
2458,3.9716348052e-01,-3.9662483335e-01,-1.1937136650e+00,6.2373569336e+03
2459,3.9683753252e-01,-3.9634671807e-01,-9.0115928650e-01,6.2362031250e+03
2460,3.9661279321e-01,-3.9603179693e-01,-7.8945237398e-01,6.2350527344e+03
2461,3.9664134383e-01,-3.9580768347e-01,-1.1230881214e+00,6.2339028320e+03
2462,3.9680770040e-01,-3.9584547281e-01,-1.3633080721e+00,6.2327519531e+03
2463,3.9691126347e-01,-3.9591285586e-01,-1.4576324224e+00,6.2316030273e+03
2464,3.9685368538e-01,-3.9577421546e-01,-1.4872771502e+00,6.2304541016e+03
2465,3.9669317007e-01,-3.9560589194e-01,-1.2943558693e+00,6.2293076172e+03
2466,3.9660778642e-01,-3.9569583535e-01,-1.2950676680e+00,6.2281582031e+03
2467,3.9674428105e-01,-3.9609384537e-01,-1.1848731041e+00,6.2270136719e+03
2468,3.9693540335e-01,-3.9648532867e-01,-1.0302990675e+00,6.2258603516e+03
2469,3.9680671692e-01,-3.9653170109e-01,-1.0334863663e+00,6.2247094727e+03
2470,3.9644461870e-01,-3.9615318179e-01,-1.0611970425e+00,6.2235644531e+03
2471,3.9619389176e-01,-3.9555305243e-01,-1.1581187248e+00,6.2224174805e+03
2472,3.9623254538e-01,-3.9510804415e-01,-1.4928145409e+00,6.2212666016e+03
2473,3.9650291204e-01,-3.9511284232e-01,-1.2199648619e+00,6.2201240234e+03
2474,3.9698699117e-01,-3.9550197124e-01,-1.1692048311e+00,6.2189746094e+03
2475,3.9725735784e-01,-3.9566600323e-01,-1.1732422113e+00,6.2178266602e+03
2476,3.9702200890e-01,-3.9523342252e-01,-1.2069960833e+00,6.2166811523e+03
2477,3.9663189650e-01,-3.9459455013e-01,-1.3784563541e+00,6.2155395508e+03
2478,3.9661735296e-01,-3.9433559775e-01,-1.4059414864e+00,6.2143911133e+03
2479,3.9713129401e-01,-3.9484342933e-01,-1.2897680998e+00,6.2132426758e+03
2480,3.9750549197e-01,-3.9546206594e-01,-1.3348308802e+00,6.2120991211e+03
2481,3.9728721976e-01,-3.9575016499e-01,-1.2957689762e+00,6.2109545898e+03
2482,3.9669784904e-01,-3.9575797319e-01,-9.9565488100e-01,6.2098110352e+03
2483,3.9629346132e-01,-3.9573922753e-01,-1.1191326380e+00,6.2086699219e+03
2484,3.9615735412e-01,-3.9561241865e-01,-1.2214181423e+00,6.2075253906e+03
2485,3.9595550299e-01,-3.9530345798e-01,-1.2582360506e+00,6.2063784180e+03
2486,3.9585614204e-01,-3.9505711198e-01,-1.2876384258e+00,6.2052353516e+03
2487,3.9590507746e-01,-3.9493054152e-01,-1.3235485554e+00,6.2040922852e+03
2488,3.9610469341e-01,-3.9499571919e-01,-1.3392291069e+00,6.2029501953e+03
2489,3.9625191689e-01,-3.9522460103e-01,-1.3138446808e+00,6.2018032227e+03
2490,3.9622837305e-01,-3.9534854889e-01,-1.1706769466e+00,6.2006577148e+03
2491,3.9607152343e-01,-3.9526265860e-01,-1.1456817389e+00,6.1995146484e+03
2492,3.9582595229e-01,-3.9513868093e-01,-9.2245227098e-01,6.1983745117e+03
2493,3.9584445953e-01,-3.9526963234e-01,-7.5502520800e-01,6.1972329102e+03
2494,3.9591881633e-01,-3.9550098777e-01,-1.1380265951e+00,6.1960947266e+03
2495,3.9580789208e-01,-3.9547011256e-01,-1.1487022638e+00,6.1949506836e+03
2496,3.9545974135e-01,-3.9514029026e-01,-1.0553529263e+00,6.1938061523e+03
2497,3.9510083199e-01,-3.9475265145e-01,-1.1082582474e+00,6.1926650391e+03
2498,3.9504769444e-01,-3.9451947808e-01,-1.1180952787e+00,6.1915268555e+03
2499,3.9526513219e-01,-3.9431884885e-01,-1.4418404102e+00,6.1903837891e+03
2500,3.9548927546e-01,-3.9410334826e-01,-1.3094593287e+00,6.1892412109e+03
2501,3.9551696181e-01,-3.9408233762e-01,-1.3689689636e+00,6.1881000977e+03
2502,3.9559221268e-01,-3.9431288838e-01,-1.4452052116e+00,6.1869614258e+03
2503,3.9574044943e-01,-3.9472773671e-01,-1.3052022457e+00,6.1858208008e+03
2504,3.9576077461e-01,-3.9508882165e-01,-1.4128445387e+00,6.1846855469e+03
2505,3.9539974928e-01,-3.9514455199e-01,-1.4090849161e+00,6.1835463867e+03
2506,3.9502373338e-01,-3.9503687620e-01,-1.1598842144e+00,6.1824062500e+03
2507,3.9480549097e-01,-3.9489775896e-01,-1.2534691095e+00,6.1812661133e+03
2508,3.9469486475e-01,-3.9474335313e-01,-1.4138271809e+00,6.1801289062e+03
2509,3.9475804567e-01,-3.9463621378e-01,-1.2507706881e+00,6.1789907227e+03
2510,3.9485424757e-01,-3.9454188943e-01,-1.1104091406e+00,6.1778491211e+03
2511,3.9494717121e-01,-3.9441058040e-01,-1.1849600077e+00,6.1767109375e+03
2512,3.9497011900e-01,-3.9430037141e-01,-1.1554081440e+00,6.1755727539e+03
2513,3.9485237002e-01,-3.9421319962e-01,-1.1308552027e+00,6.1744375000e+03
2514,3.9480727911e-01,-3.9418748021e-01,-1.3674454689e+00,6.1732988281e+03
2515,3.9472943544e-01,-3.9418262243e-01,-1.4494068623e+00,6.1721611328e+03
2516,3.9467951655e-01,-3.9433938265e-01,-1.5601125956e+00,6.1710268555e+03
2517,3.9473065734e-01,-3.9454746246e-01,-1.4726928473e+00,6.1698857422e+03
2518,3.9470615983e-01,-3.9469626546e-01,-1.5748372078e+00,6.1687524414e+03
2519,3.9459404349e-01,-3.9470365644e-01,-1.4154900312e+00,6.1676142578e+03
2520,3.9448750019e-01,-3.9461597800e-01,-1.1777433157e+00,6.1664794922e+03
2521,3.9443933964e-01,-3.9440876245e-01,-1.2324607372e+00,6.1653447266e+03
2522,3.9441201091e-01,-3.9395740628e-01,-1.2134878635e+00,6.1642104492e+03
2523,3.9454829693e-01,-3.9357972145e-01,-9.9295216799e-01,6.1630673828e+03
2524,3.9479947090e-01,-3.9350596070e-01,-9.2748516798e-01,6.1619365234e+03
2525,3.9502432942e-01,-3.9367479086e-01,-8.6584424973e-01,6.1608012695e+03
2526,3.9495334029e-01,-3.9360019565e-01,-1.0600904226e+00,6.1596665039e+03
2527,3.9451003075e-01,-3.9329794049e-01,-1.3680611849e+00,6.1585322266e+03
2528,3.9409387112e-01,-3.9315161109e-01,-1.4868355989e+00,6.1574003906e+03
2529,3.9405089617e-01,-3.9340123534e-01,-1.6094778776e+00,6.1562641602e+03
2530,3.9443841577e-01,-3.9397883415e-01,-1.5105715990e+00,6.1551303711e+03
2531,3.9464020729e-01,-3.9445701241e-01,-1.4617027044e+00,6.1540000000e+03
2532,3.9449271560e-01,-3.9456450939e-01,-1.4208738804e+00,6.1528671875e+03
2533,3.9410841465e-01,-3.9415284991e-01,-1.3062077761e+00,6.1517348633e+03
2534,3.9389476180e-01,-3.9357933402e-01,-1.4254519939e+00,6.1505996094e+03
2535,3.9402586222e-01,-3.9327916503e-01,-1.3076027632e+00,6.1494667969e+03
2536,3.9442938566e-01,-3.9340585470e-01,-1.1353092194e+00,6.1483320312e+03
2537,3.9470925927e-01,-3.9350205660e-01,-1.0360466242e+00,6.1472031250e+03
2538,3.9454263449e-01,-3.9324283600e-01,-9.1912335157e-01,6.1460717773e+03
2539,3.9411330223e-01,-3.9292326570e-01,-1.0735617876e+00,6.1449384766e+03
2540,3.9399242401e-01,-3.9281800389e-01,-1.2874169350e+00,6.1438076172e+03
2541,3.9421623945e-01,-3.9298012853e-01,-1.4215972424e+00,6.1426752930e+03
2542,3.9438137412e-01,-3.9331641793e-01,-1.4705491066e+00,6.1415439453e+03
2543,3.9427474141e-01,-3.9344960451e-01,-1.4442821741e+00,6.1404150391e+03
2544,3.9398020506e-01,-3.9323762059e-01,-1.4570285082e+00,6.1392861328e+03
2545,3.9366525412e-01,-3.9299696684e-01,-1.2147270441e+00,6.1381528320e+03
