step,vx_112_50,vy_112_50,pressure_112_50,Cd,Cl,energy
0,0.0000000000e+00,0.0000000000e+00,0.0000000000e+00,0.0000000000e+00,0.0000000000e+00,1.9600000000e+02
1,1.9716626406e+00,-6.6250003874e-04,3.6470806250e+05,7.6582107544e+01,-4.9218749627e-03,2.9759378906e+04
2,2.0181715488e+00,4.6838534763e-04,8.7541396484e+03,1.7810015678e+00,-2.7036743239e-02,3.0745617188e+04
3,2.0139231682e+00,3.3235401497e-04,-8.0128198242e+02,1.0451561213e+00,-3.8233336061e-02,3.0654552734e+04
4,2.0090310574e+00,2.3645391047e-04,-9.0788226318e+02,1.0354024172e+00,4.0292358026e-03,3.0557109375e+04
5,2.0040748119e+00,6.3756262534e-05,-9.4038415527e+02,9.9315363169e-01,2.3427734151e-02,3.0452273438e+04
6,1.9989407063e+00,-2.5426250068e-04,-9.4365948486e+02,9.7183424234e-01,6.0888673179e-03,3.0349386719e+04
7,1.9943627119e+00,-1.5333844931e-04,-8.9823907471e+02,9.8057985306e-01,5.7151792571e-03,3.0248648438e+04
8,1.9898453951e+00,-2.1000337438e-04,-8.2560858154e+02,9.7576004267e-01,8.7046809494e-03,3.0155849609e+04
9,1.9875341654e+00,-3.0787475407e-04,-4.4098242188e+02,9.9820482731e-01,8.4353638813e-03,3.0104144531e+04
10,1.9876576662e+00,-3.0060083373e-04,2.1926570892e+01,1.0378323793e+00,6.1058043502e-04,3.0107515625e+04
11,1.9883431196e+00,-3.1459814636e-04,1.2420877075e+02,1.0804733038e+00,-9.5648197457e-03,3.0123964844e+04
12,1.9893206358e+00,-3.7199814687e-04,1.8669900513e+02,1.1024966240e+00,-4.9620820209e-03,3.0148087891e+04
13,1.9905723333e+00,-1.4200736769e-04,2.3877616882e+02,1.1177146435e+00,-1.5837632120e-02,3.0179246094e+04
14,1.9919228554e+00,-2.0878425858e-04,2.7454434204e+02,1.1016757488e+00,1.7073594034e-02,3.0214908203e+04
15,1.9935828447e+00,1.5344429994e-04,3.0102706909e+02,1.1475257874e+00,-9.2824557796e-03,3.0253652344e+04
16,1.9953806400e+00,8.7042542873e-05,3.1939340210e+02,1.1281461716e+00,-1.3681945391e-02,3.0295912109e+04
17,1.9970657825e+00,3.6741775693e-04,3.3570745850e+02,1.1976723671e+00,1.6138916835e-02,3.0338392578e+04
18,1.9988656044e+00,3.0849798350e-04,3.3645562744e+02,1.1852319241e+00,-3.4198760986e-03,3.0381462891e+04
19,2.0007905960e+00,1.0566989658e-04,3.3777291870e+02,1.2101668119e+00,-1.7980881035e-02,3.0423335938e+04
20,2.0024991035e+00,1.1804463429e-04,3.2393493652e+02,1.2384419441e+00,1.2768325396e-02,3.0464658203e+04
21,2.0039584637e+00,2.7793608024e-04,3.0264218140e+02,1.2466616631e+00,-8.2021327689e-03,3.0503562500e+04
22,2.0049808025e+00,-1.3502510265e-03,2.5660827637e+02,1.2177702188e+00,-2.7032471262e-03,3.0539373047e+04
23,2.0068891048e+00,-3.8508401485e-04,2.2581134033e+02,1.2657694817e+00,-1.6824569553e-02,3.0570625000e+04
24,2.0076072216e+00,7.6447700849e-05,1.7227708435e+02,1.3005225658e+00,-4.8467256129e-03,3.0596453125e+04
25,2.0083863735e+00,-2.1019513952e-07,1.0886381531e+02,1.2794212103e+00,6.5423585474e-03,3.0615873047e+04
26,2.0086822510e+00,-7.6426309533e-05,4.3242828369e+01,1.3066809177e+00,1.3172759674e-02,3.0627304688e+04
27,2.0083072186e+00,3.1060475158e-04,-8.4151000977e+00,1.3085392714e+00,2.8190841898e-02,3.0632550781e+04
28,2.0080068111e+00,6.5895110311e-05,-5.8466922760e+01,1.2872378826e+00,1.1506271549e-02,3.0631498047e+04
29,2.0075395107e+00,1.7728999956e-04,-1.0957677460e+02,1.2934906483e+00,-2.1995926276e-02,3.0624699219e+04
30,2.0065760612e+00,1.5899050049e-04,-1.4868771362e+02,1.3279142380e+00,3.9490507916e-03,3.0613859375e+04
31,2.0056066513e+00,8.9711233159e-05,-1.8459512329e+02,1.3094981909e+00,-1.2718200684e-02,3.0598785156e+04
32,2.0044622421e+00,4.4354965212e-06,-2.1041275024e+02,1.3145023584e+00,8.0755613744e-03,3.0581539062e+04
33,2.0031023026e+00,2.9233322130e-04,-2.3604222107e+02,1.2844163179e+00,2.9125900939e-02,3.0560814453e+04
34,2.0018913746e+00,3.9015218499e-04,-2.4521150208e+02,1.3412965536e+00,2.5920104235e-03,3.0539197266e+04
35,2.0004613400e+00,-7.2839218774e-05,-2.5640661621e+02,1.3154429197e+00,1.0873260908e-02,3.0517322266e+04
36,1.9996726513e+00,-7.8103528358e-04,-2.5333607483e+02,1.3019561768e+00,1.8858872354e-02,3.0495011719e+04
37,1.9971990585e+00,4.3677724898e-04,-2.5029280090e+02,1.3184808493e+00,-3.8453673478e-03,3.0472480469e+04
38,1.9965062141e+00,1.9380412414e-04,-2.3398970032e+02,1.3075851202e+00,-6.4824675210e-03,3.0451417969e+04
39,1.9959003925e+00,-1.5373254428e-05,-2.1404251099e+02,1.3333282471e+00,9.6839908510e-03,3.0433609375e+04
40,1.9941679239e+00,5.3124640544e-05,-1.9829145813e+02,1.2865512371e+00,-1.9105605781e-02,3.0417839844e+04
41,1.9933669567e+00,-8.4497711214e-05,-1.6980412292e+02,1.2811230421e+00,-7.0701597724e-04,3.0404363281e+04
42,1.9926679134e+00,-7.0422800491e-05,-1.3734384155e+02,1.2952148914e+00,3.0460052192e-02,3.0395603516e+04
43,1.9922215939e+00,1.2080078159e-04,-1.0028177643e+02,1.3287576437e+00,-9.5390318893e-04,3.0389267578e+04
44,1.9918270111e+00,-7.3134928243e-05,-6.4532379150e+01,1.2949957848e+00,-1.2580489740e-02,3.0388798828e+04
45,1.9917852879e+00,-2.3485698330e-04,-2.2580612183e+01,1.2358229160e+00,1.0311126243e-03,3.0392583984e+04
46,1.9913136959e+00,2.4757348001e-04,1.7364114761e+01,1.2780092955e+00,5.2635191241e-04,3.0400603516e+04
47,1.9926129580e+00,-5.5067322683e-04,6.5144943237e+01,1.2793885469e+00,6.2512969598e-03,3.0413666016e+04
48,1.9926012754e+00,-5.1506923046e-04,9.9608627319e+01,1.2849270105e+00,6.6986847669e-03,3.0430300781e+04
49,1.9927288294e+00,-3.0240326305e-04,1.2552677155e+02,1.2827575207e+00,2.8119506314e-02,3.0450375000e+04
50,1.9929860830e+00,7.5938893133e-05,1.5392317200e+02,1.2570948601e+00,9.6505740657e-03,3.0473070312e+04
51,1.9937406778e+00,6.7061296431e-04,1.6921569824e+02,1.2801749706e+00,2.6197051629e-03,3.0497072266e+04
52,1.9949096441e+00,9.4520708080e-04,1.8534494019e+02,1.2898511887e+00,-1.7324142158e-02,3.0522285156e+04
53,1.9962947369e+00,7.9398398520e-04,1.9513995361e+02,1.2669705153e+00,-2.4765015114e-03,3.0550126953e+04
54,1.9980711937e+00,6.9150369382e-04,1.9836070251e+02,1.2334604263e+00,-6.9120787084e-03,3.0578382812e+04
55,1.9996814728e+00,6.4713024767e-04,1.9541706848e+02,1.2305737734e+00,-1.6607208177e-02,3.0605224609e+04
56,2.0009305477e+00,4.7115745838e-04,1.8465715027e+02,1.2565256357e+00,2.8962707147e-03,3.0631544922e+04
57,2.0022394657e+00,1.8002586148e-04,1.7861572266e+02,1.2497491837e+00,-9.6912384033e-03,3.0657208984e+04
58,2.0030732155e+00,9.1193032858e-06,1.6418536377e+02,1.2206879854e+00,-3.4266663715e-03,3.0680957031e+04
59,2.0039107800e+00,-1.3280153507e-04,1.4417823792e+02,1.2065515518e+00,-7.5120544061e-03,3.0702505859e+04
60,2.0044696331e+00,-2.4293540628e-04,1.2009078979e+02,1.1932189465e+00,-1.7222290859e-02,3.0720718750e+04
61,2.0054898262e+00,7.8068545554e-04,9.8946090698e+01,1.1919658184e+00,-1.9892729819e-02,3.0736630859e+04
62,2.0046927929e+00,-1.2660444481e-03,5.6441223145e+01,1.1973268986e+00,1.5443725511e-02,3.0748001953e+04
63,2.0049691200e+00,-5.7899969397e-04,4.2689525604e+01,1.2074829340e+00,-7.9171750695e-03,3.0756974609e+04
64,2.0053718090e+00,-1.7353217117e-05,3.9195082188e+00,1.2469924688e+00,-1.7671126872e-02,3.0762531250e+04
65,2.0051424503e+00,3.5397482861e-05,-1.7315223694e+01,1.1669089794e+00,-1.9786376506e-02,3.0765500000e+04
66,2.0047557354e+00,2.0299060270e-04,-5.4421390533e+01,1.1498652697e+00,-3.3583909273e-02,3.0765839844e+04
67,2.0043826103e+00,5.5202760268e-04,-7.4663818359e+01,1.1707402468e+00,2.3804701865e-02,3.0762369141e+04
68,2.0038418770e+00,2.4840413244e-04,-1.0151266479e+02,1.1841830015e+00,-1.2616805732e-02,3.0755490234e+04
69,2.0024852753e+00,3.6544588511e-04,-1.1669051361e+02,1.1804193258e+00,-6.6815949976e-03,3.0746121094e+04
70,2.0013411045e+00,2.4478838895e-04,-1.2351821899e+02,1.1678811312e+00,-6.3974764198e-03,3.0736316406e+04
71,2.0022625923e+00,-1.7056806246e-04,-1.3813983154e+02,1.1647310257e+00,-4.9315644428e-03,3.0724716797e+04
72,2.0009164810e+00,-3.5620451672e-04,-1.5150465393e+02,1.1490267515e+00,-2.6628111955e-03,3.0712328125e+04
73,1.9999601841e+00,-1.7133576330e-04,-1.5338851929e+02,1.1584237814e+00,-4.0383607149e-02,3.0699246094e+04
74,1.9991276264e+00,-1.9330965006e-04,-1.5968389893e+02,1.1266958714e+00,-2.6393508539e-02,3.0686546875e+04
75,1.9980310202e+00,-7.9886282037e-05,-1.5624664307e+02,1.1423932314e+00,2.0079879090e-02,3.0673597656e+04
76,1.9974693060e+00,3.1253322959e-04,-1.4612031555e+02,1.1726353168e+00,-3.2194823027e-02,3.0662568359e+04
77,1.9967161417e+00,4.6012466191e-04,-1.3542201233e+02,1.1341447830e+00,-2.4099884555e-02,3.0651269531e+04
78,1.9962311983e+00,-9.5224997494e-05,-1.2147110748e+02,1.1459635496e+00,-2.4777526036e-02,3.0641132812e+04
79,1.9956784248e+00,-4.5417589718e-05,-1.0826625061e+02,1.1609632969e+00,-1.5603560954e-02,3.0633726562e+04
80,1.9948828220e+00,-3.2773340354e-04,-8.3686630249e+01,1.1248775721e+00,8.0070493277e-04,3.0628875000e+04
81,1.9949233532e+00,3.5213673254e-04,-7.1003402710e+01,1.1411111355e+00,-3.0852736905e-02,3.0626837891e+04
82,1.9937473536e+00,-4.7487451229e-04,-3.9228187561e+01,1.1453142166e+00,-1.0262069292e-02,3.0627480469e+04
83,1.9942542315e+00,-1.9060111663e-04,-1.7628046036e+01,1.1414297819e+00,2.8191223741e-02,3.0630150391e+04
84,1.9940514565e+00,-2.6822733344e-04,7.9536223412e+00,1.1006525755e+00,-2.8058394790e-02,3.0635882812e+04
85,1.9944881201e+00,-4.7086976701e-04,3.3234134674e+01,1.1091358662e+00,-1.8777847290e-02,3.0643726562e+04
86,1.9945890903e+00,-1.7115497030e-04,5.4361648560e+01,1.1580778360e+00,-1.9965362735e-03,3.0653765625e+04
87,1.9950696230e+00,1.6238958051e-04,7.2650009155e+01,1.1361480951e+00,-4.3118284084e-03,3.0665578125e+04
88,1.9954844713e+00,-1.3322260929e-04,8.7768608093e+01,1.1173084974e+00,-2.4817885831e-02,3.0679595703e+04
89,1.9965744019e+00,3.7261057878e-04,9.7813568115e+01,1.1334087849e+00,-1.6221389174e-02,3.0695480469e+04
90,1.9966405630e+00,-1.3184096315e-04,1.0892566681e+02,1.1438711882e+00,-5.4025650024e-02,3.0711908203e+04
91,1.9980939627e+00,3.2832197030e-04,1.1412438965e+02,1.1301217079e+00,-1.6641769558e-02,3.0729173828e+04
92,1.9983481169e+00,3.0382419936e-05,1.1951861572e+02,1.1403959990e+00,-3.6322020460e-03,3.0747152344e+04
93,1.9989584684e+00,1.1410528532e-04,1.1808673096e+02,1.1303354502e+00,-1.5446471982e-02,3.0765572266e+04
94,1.9999806881e+00,6.0297708842e-05,1.1989990234e+02,1.1306957006e+00,-4.4258307666e-02,3.0784085938e+04
95,2.0003075600e+00,-1.5653173250e-05,1.1185306549e+02,1.1189907789e+00,-2.5859756395e-02,3.0801730469e+04
96,2.0011832714e+00,-1.1479053501e-04,1.0689289093e+02,1.1403272152e+00,-1.8493270501e-02,3.0818625000e+04
97,2.0016810894e+00,-9.3364586064e-05,9.5859558105e+01,1.1426815987e+00,-1.5026855981e-03,3.0834378906e+04
98,2.0018048286e+00,2.9456589255e-04,8.9499229431e+01,1.1303964853e+00,-2.6254042983e-02,3.0848205078e+04
99,2.0020551682e+00,3.8987692096e-04,7.3632308960e+01,1.1231009960e+00,1.0924834758e-02,3.0861207031e+04
100,2.0035278797e+00,-1.3093434973e-04,6.1637123108e+01,1.1367225647e+00,-3.1048584729e-02,3.0871685547e+04
101,2.0031936169e+00,2.0857329946e-04,4.1812152863e+01,1.1280597448e+00,-1.6325987875e-02,3.0880175781e+04
102,2.0035271645e+00,4.5448599849e-05,2.5049571991e+01,1.1090917587e+00,-1.8033752218e-02,3.0886785156e+04
103,2.0034704208e+00,1.6479479382e-04,9.0749225616e+00,1.0887122154e+00,-1.0046234354e-02,3.0891652344e+04
104,2.0031855106e+00,1.1808914132e-04,-1.1903716087e+01,1.1164263487e+00,-1.4560317621e-02,3.0894542969e+04
105,2.0031166077e+00,2.7050768040e-05,-3.4382320404e+01,1.1273878813e+00,-1.8932037055e-02,3.0895671875e+04
106,2.0031154156e+00,1.9634250202e-04,-4.7874210358e+01,1.1028977633e+00,-2.9650498182e-02,3.0895457031e+04
107,2.0022449493e+00,9.7975818790e-05,-6.5793182373e+01,1.1149752140e+00,9.3103023246e-03,3.0892996094e+04
108,2.0020725727e+00,9.4927410828e-05,-7.3560638428e+01,1.1171441078e+00,-2.7567062527e-02,3.0888451172e+04
109,2.0017066002e+00,7.3334886110e-05,-8.3738632202e+01,1.1082612276e+00,-6.8910215050e-03,3.0883812500e+04
110,2.0011346340e+00,-5.1302249631e-05,-8.5317321777e+01,1.0819106102e+00,1.9493026659e-02,3.0878494141e+04
111,2.0007207394e+00,-3.0350725865e-04,-9.4096824646e+01,1.0838724375e+00,4.5102690347e-03,3.0871697266e+04
112,2.0002663136e+00,-7.3783259722e-05,-9.7133544922e+01,1.1169514656e+00,-4.9495697021e-03,3.0864384766e+04
113,1.9993947744e+00,-2.7289002901e-04,-9.8755523682e+01,1.1389616728e+00,-1.5630798414e-02,3.0857066406e+04
114,1.9991352558e+00,-2.2617750801e-05,-9.4886169434e+01,1.0602891445e+00,1.1865234701e-03,3.0851408203e+04
115,1.9990060329e+00,-1.7221068265e-04,-9.0099311829e+01,1.0659823418e+00,-3.3006362617e-02,3.0845175781e+04
116,1.9980742931e+00,-2.6000244543e-04,-9.1853736877e+01,1.0926041603e+00,6.5799714066e-03,3.0839941406e+04
117,1.9980554581e+00,-3.5338237649e-04,-7.9986557007e+01,1.0922439098e+00,-6.9288634695e-03,3.0835134766e+04
118,1.9981036186e+00,3.1356880208e-04,-6.4819915771e+01,1.0865052938e+00,4.6508787200e-03,3.0831017578e+04
119,1.9978531599e+00,5.4156698752e-06,-5.8379608154e+01,1.0837953091e+00,2.6732636616e-03,3.0829626953e+04
120,1.9973725080e+00,1.4858916984e-05,-3.9018802643e+01,1.0525530577e+00,1.7238005996e-02,3.0829099609e+04
121,1.9971734285e+00,9.7341377113e-05,-3.0958387375e+01,1.0843443871e+00,2.1085357293e-03,3.0829884766e+04
122,1.9970806837e+00,5.7018274674e-05,-1.0366272926e+01,1.0720870495e+00,-2.6410980150e-02,3.0832597656e+04
123,1.9970682859e+00,2.1931243828e-04,-5.6061685085e-01,1.0948846340e+00,4.7605130821e-03,3.0836492188e+04
124,1.9971015453e+00,1.4007615391e-04,1.6640878677e+01,1.0891438723e+00,8.9824674651e-03,3.0842345703e+04
125,1.9971250296e+00,1.3188627781e-04,2.7438045502e+01,1.0660771132e+00,-9.3483738601e-03,3.0850232422e+04
126,1.9973464012e+00,1.2059079017e-04,4.3979701996e+01,1.0572663546e+00,8.5897827521e-03,3.0858892578e+04
127,1.9978442192e+00,-1.4909557649e-04,5.0753639221e+01,1.0569552183e+00,1.4954375802e-03,3.0869347656e+04
128,1.9984241724e+00,-2.0521620172e-04,6.6760177612e+01,1.0492702723e+00,-9.2098237947e-03,3.0880273438e+04
129,1.9986122847e+00,-5.0018505135e-05,7.2555572510e+01,1.0522623062e+00,2.8939056210e-03,3.0892210938e+04
130,1.9994269609e+00,-2.8421258321e-04,8.1768081665e+01,1.0783283710e+00,9.3678664416e-03,3.0905675781e+04
131,1.9998703003e+00,1.2344871357e-04,8.6879867554e+01,1.0811229944e+00,1.5511703677e-02,3.0918003906e+04
132,2.0007135868e+00,-8.5256804596e-05,8.5532897949e+01,1.0796114206e+00,-6.8383789621e-03,3.0931693359e+04
133,2.0010280609e+00,1.4730071416e-04,8.3785789490e+01,1.0540575981e+00,-7.1583557874e-03,3.0944943359e+04
134,2.0016691685e+00,-1.5704648104e-04,8.1892936707e+01,1.0588984489e+00,2.5715941563e-02,3.0958101562e+04
135,2.0023984909e+00,2.7097307611e-04,7.2321037292e+01,1.0597701073e+00,3.1033705920e-02,3.0970611328e+04
136,2.0028018951e+00,-4.1455103201e-05,7.3615837097e+01,1.0527365208e+00,3.6764526740e-03,3.0982050781e+04
137,2.0033059120e+00,-4.6097156883e-05,5.6165710449e+01,1.0566107035e+00,-1.9893722609e-02,3.0993396484e+04
138,2.0036730766e+00,-1.0113276221e-04,5.6710079193e+01,1.0562247038e+00,-1.8386153504e-02,3.1003228516e+04
139,2.0041711330e+00,2.0108505851e-05,3.9946498871e+01,1.1002765894e+00,3.8053893950e-03,3.1011855469e+04
140,2.0044305325e+00,-9.7331314464e-05,3.3139942169e+01,1.0642783642e+00,1.9245224074e-02,3.1019427734e+04
141,2.0044884682e+00,-2.7277204208e-04,1.6076705933e+01,1.0375162363e+00,-1.0237121023e-03,3.1026302734e+04
142,2.0047202110e+00,-3.1798833515e-04,7.4191536903e+00,1.0494858027e+00,2.0873032510e-02,3.1030904297e+04
143,2.0047647953e+00,-5.2505655913e-04,-5.0112824440e+00,1.0750789642e+00,-5.0777434371e-03,3.1033945312e+04
144,2.0047268867e+00,-6.5846729558e-04,-1.3851781845e+01,1.0761823654e+00,2.0630646497e-02,3.1035064453e+04
145,2.0045711994e+00,-6.6177285044e-04,-2.3590484619e+01,1.0420885086e+00,-3.4378052806e-04,3.1035689453e+04
146,2.0042710304e+00,-6.7939294968e-04,-3.4978702545e+01,1.0545328856e+00,-1.9828109071e-02,3.1034960938e+04
147,2.0043931007e+00,-3.5216126707e-04,-4.1905601501e+01,1.0354803801e+00,3.5802766681e-02,3.1033451172e+04
148,2.0039484501e+00,-2.8137562913e-04,-5.1241943359e+01,1.0964545012e+00,2.5120163336e-02,3.1030751953e+04
149,2.0036151409e+00,-4.3532991549e-04,-6.1909484863e+01,1.0526801348e+00,1.7388001084e-02,3.1029140625e+04
150,2.0037007332e+00,-3.8474082248e-04,-6.6472160339e+01,1.0272294283e+00,-3.9707948454e-03,3.1026023438e+04
151,2.0035588741e+00,7.2569953045e-04,-6.5462692261e+01,1.0173929930e+00,1.2315979227e-02,3.1023113281e+04
152,2.0034182072e+00,6.9831561996e-04,-7.4476303101e+01,1.0179325342e+00,2.5623321999e-03,3.1019886719e+04
153,2.0031001568e+00,2.3784051882e-04,-5.9976650238e+01,1.0713784695e+00,1.6134567559e-02,3.1016185547e+04
154,2.0028097630e+00,4.7754758270e-04,-6.3361156464e+01,1.0805784464e+00,4.4936064631e-02,3.1012390625e+04
155,2.0025706291e+00,2.3635258549e-04,-4.7215042114e+01,1.0376874208e+00,2.9826126993e-02,3.1009865234e+04
156,2.0024437904e+00,-3.8235302782e-05,-5.0334609985e+01,1.0524280071e+00,2.2142486647e-02,3.1008191406e+04
157,2.0028910637e+00,6.7885540193e-04,-3.6868080139e+01,1.0631110668e+00,1.4590835199e-02,3.1007757812e+04
158,2.0026302338e+00,1.4922692208e-04,-4.1288757324e+01,1.0316842794e+00,2.2919464856e-02,3.1006806641e+04
159,2.0031528473e+00,6.3147133915e-04,-2.5976020813e+01,1.0548679829e+00,4.5100249350e-02,3.1008263672e+04
160,2.0033397675e+00,3.0315900221e-04,-2.0511352539e+01,1.0226123333e+00,1.1578750797e-02,3.1010931641e+04
161,2.0036187172e+00,4.8696913291e-04,-4.3501024246e+00,1.0383242369e+00,3.2366715372e-02,3.1013986328e+04
162,2.0035376549e+00,2.3592059733e-04,-3.6919827461e+00,1.0498532057e+00,4.2042694986e-02,3.1017876953e+04
163,2.0038833618e+00,1.8245908723e-04,2.0067743301e+01,1.0628221035e+00,6.7022398114e-02,3.1023302734e+04
164,2.0042541027e+00,-4.5033360948e-05,2.1454057693e+01,1.0338830948e+00,2.4640884250e-02,3.1029365234e+04
165,2.0049226284e+00,3.3529731445e-04,3.6335662842e+01,1.0719510317e+00,1.7066191882e-02,3.1035792969e+04
166,2.0052013397e+00,7.0975202834e-04,3.3269279480e+01,1.0677579641e+00,5.7654571719e-03,3.1044244141e+04
167,2.0063302517e+00,2.7421102277e-04,4.9315097809e+01,1.0406198502e+00,1.8046265468e-02,3.1052681641e+04
168,2.0065777302e+00,-1.3852014672e-04,4.3688468933e+01,1.0725462437e+00,1.2150955386e-02,3.1061591797e+04
169,2.0071680546e+00,-5.6044640951e-04,5.5743598938e+01,1.0335998535e+00,4.1348189116e-02,3.1070693359e+04
170,2.0074725151e+00,-6.9574295776e-04,5.4615917206e+01,1.0425467491e+00,2.0171547309e-02,3.1080582031e+04
171,2.0075669289e+00,-7.8873161692e-04,5.8123908997e+01,1.0400315523e+00,3.8801766932e-02,3.1090242188e+04
172,2.0080950260e+00,-4.1572016198e-04,5.6001628876e+01,1.0240850449e+00,3.1762695871e-03,3.1100197266e+04
173,2.0082693100e+00,-5.7668302907e-04,5.1284942627e+01,1.0428464413e+00,1.4678192092e-03,3.1110687500e+04
174,2.0085527897e+00,-4.3033604743e-04,5.0164333344e+01,1.0288062096e+00,1.4175796881e-02,3.1120718750e+04
175,2.0090129375e+00,1.2707858696e-04,4.4231304169e+01,1.0344772339e+00,1.7348326743e-02,3.1129902344e+04
176,2.0098776817e+00,6.6999939736e-04,4.1316024780e+01,1.0326476097e+00,4.4152222574e-02,3.1137847656e+04
177,2.0102579594e+00,1.0289712809e-03,3.9519382477e+01,1.0329804420e+00,2.4651031941e-02,3.1145892578e+04
178,2.0120971203e+00,4.9144675722e-04,3.2545398712e+01,1.0224452019e+00,3.1729698181e-02,3.1152671875e+04
179,2.0113008022e+00,1.8794622738e-03,3.2611957550e+01,1.0494239330e+00,1.0254288092e-02,3.1158695312e+04
180,2.0129573345e+00,8.8000181131e-04,1.3869660378e+01,1.0430264473e+00,3.1167831272e-02,3.1164894531e+04
181,2.0139770508e+00,1.0396162979e-03,1.7002185822e+01,1.0372598171e+00,-1.2499771081e-02,3.1169552734e+04
182,2.0142996311e+00,6.3361483626e-04,-7.0355734825e+00,1.0285311937e+00,-6.8752290681e-03,3.1173339844e+04
183,2.0151453018e+00,4.9132155254e-04,-3.5688891411e+00,1.0055450201e+00,9.3804933131e-03,3.1176679688e+04
184,2.0153460503e+00,4.1470481665e-04,-1.4903262138e+01,1.0452275276e+00,1.2993164361e-02,3.1178460938e+04
185,2.0159311295e+00,1.9859115127e-04,-1.6463094711e+01,1.0545338392e+00,1.1508331634e-02,3.1179498047e+04
186,2.0164449215e+00,4.4218191761e-05,-1.9548433304e+01,1.0214500427e+00,-2.5698013604e-02,3.1180283203e+04
187,2.0167531967e+00,3.9491435746e-04,-2.4048217773e+01,1.0089464188e+00,1.0698547587e-02,3.1180275391e+04
188,2.0166604519e+00,1.0164157720e-04,-3.3465950012e+01,1.0328201056e+00,5.2845003083e-03,3.1180060547e+04
189,2.0171282291e+00,3.4551660065e-05,-3.2395721436e+01,1.0149520636e+00,3.3589784056e-02,3.1179101562e+04
190,2.0178234577e+00,2.9251226806e-04,-4.0156257629e+01,1.0114210844e+00,-4.5246123336e-03,3.1178636719e+04
191,2.0178749561e+00,8.5770676378e-05,-4.2323291779e+01,1.0169010162e+00,1.9069671398e-03,3.1177226562e+04
192,2.0184171200e+00,3.1662842957e-04,-3.6934211731e+01,1.0225659609e+00,-1.7425002530e-02,3.1176156250e+04
193,2.0192089081e+00,6.0713244602e-04,-3.9674015045e+01,1.0172709227e+00,1.3827285729e-02,3.1175921875e+04
194,2.0195853710e+00,6.9130450720e-04,-3.1510200500e+01,1.0120987892e+00,-5.3507233970e-03,3.1174472656e+04
195,2.0200886726e+00,8.0528092803e-04,-3.3591175079e+01,1.0196822882e+00,-3.1785737723e-02,3.1174408203e+04
196,2.0205974579e+00,1.0049319826e-03,-2.1559930801e+01,1.0046657324e+00,-3.1956709921e-02,3.1174667969e+04
197,2.0212328434e+00,7.4995431351e-04,-2.6637525558e+01,1.0168167353e+00,-4.5590437949e-02,3.1175667969e+04
198,2.0231168270e+00,4.4958066428e-04,-8.7299060822e+00,1.0004533529e+00,-3.4804534167e-02,3.1176591797e+04
199,2.0223855972e+00,-6.6546589369e-04,-7.0438017845e+00,1.0095421076e+00,-1.8638152629e-02,3.1178626953e+04
200,2.0252077579e+00,7.9104141332e-04,-5.5071625710e+00,1.0398675203e+00,-2.1372376010e-02,3.1181535156e+04
201,2.0286738873e+00,-5.0404560752e-03,-2.6111518860e+01,1.0507035255e+00,-3.4269791096e-02,3.1184562500e+04
202,2.0278358459e+00,-1.5487559140e-03,9.1278991699e+00,1.0282604694e+00,-2.6078643277e-02,3.1188289062e+04
203,2.0261406898e+00,-2.7102517197e-04,1.5104701042e+01,1.0314887762e+00,-5.0924453884e-02,3.1193576172e+04
204,2.0270893574e+00,1.1104424484e-03,2.0576101303e+01,9.9122881889e-01,-3.1721610576e-02,3.1199828125e+04
205,2.0282716751e+00,1.7619618447e-03,2.5593362808e+01,1.0302734375e+00,-3.6400299519e-02,3.1205810547e+04
206,2.0297341347e+00,1.8953557592e-03,2.8844747543e+01,1.0059776306e+00,-4.8005446792e-02,3.1212300781e+04
207,2.0317392349e+00,2.0905823912e-03,4.0630886078e+01,1.0396455526e+00,-6.4380414784e-02,3.1219843750e+04
208,2.0334823132e+00,1.7475024797e-03,4.0709461212e+01,1.0300914049e+00,-3.5047873855e-02,3.1227382812e+04
209,2.0355052948e+00,2.0993903745e-03,4.6405303955e+01,1.0219413042e+00,-5.1770363003e-02,3.1234833984e+04
210,2.0373914242e+00,2.1381331608e-03,4.6087146759e+01,1.0015156269e+00,-8.2920990884e-02,3.1242414062e+04
211,2.0381791592e+00,1.1080540717e-03,5.2381221771e+01,1.0097436905e+00,-5.7689093053e-02,3.1250027344e+04
212,2.0395457745e+00,6.6702818731e-04,4.3289470673e+01,1.0223703384e+00,-7.1373023093e-02,3.1258517578e+04
213,2.0409004688e+00,2.8551957803e-04,4.7826301575e+01,1.0307852030e+00,-7.7018775046e-02,3.1265671875e+04
214,2.0415873528e+00,3.2399245538e-04,3.3916145325e+01,9.8603308201e-01,-3.9223480970e-02,3.1273285156e+04
215,2.0450465679e+00,8.8478112593e-04,4.7572212219e+01,1.0289379358e+00,-8.5902787745e-02,3.1280722656e+04
216,2.0460627079e+00,1.0735918768e-03,3.1953720093e+01,1.0174665451e+00,-6.2703669071e-02,3.1287335938e+04
217,2.0455231667e+00,1.2367572635e-03,2.6402065277e+01,9.9862289429e-01,-6.7561529577e-02,3.1293316406e+04
218,2.0469205379e+00,1.9138677744e-03,2.9339124680e+01,1.0023981333e+00,-9.9416770041e-02,3.1298486328e+04
219,2.0485236645e+00,2.5815910194e-03,2.7808570862e+01,1.0072593689e+00,-8.1561587751e-02,3.1303660156e+04
220,2.0500791073e+00,3.0992308166e-03,2.2144643784e+01,1.0148048401e+00,-7.4992291629e-02,3.1308460938e+04
221,2.0517594814e+00,3.9109629579e-03,1.4258773804e+01,1.0012906790e+00,-9.7383648157e-02,3.1312054688e+04
222,2.0546925068e+00,4.9666208215e-03,9.2144832611e+00,1.0301909447e+00,-9.7995869815e-02,3.1315654297e+04
223,2.0569705963e+00,5.7841604576e-03,1.9361152649e+00,9.8063308001e-01,-8.1723250449e-02,3.1318046875e+04
224,2.0606207848e+00,6.8574082106e-03,-1.9173679352e+00,1.0207229853e+00,-5.3519476205e-02,3.1320433594e+04
225,2.0646207333e+00,7.8221084550e-03,-5.1687583923e+00,1.0110359192e+00,-9.9272534251e-02,3.1321949219e+04
226,2.0693502426e+00,8.8623128831e-03,-5.0927548409e+00,1.0019057989e+00,-9.8682060838e-02,3.1323623047e+04
227,2.0746667385e+00,9.7218975425e-03,-1.5278162956e+01,9.9552261829e-01,-9.1241687536e-02,3.1324765625e+04
228,2.0808441639e+00,1.0642244481e-02,-8.6902074814e+00,9.9229359627e-01,-1.0370139778e-01,3.1324933594e+04
229,2.0874333382e+00,1.1043961160e-02,-1.4617987633e+01,1.0058444738e+00,-8.3068735898e-02,3.1325841797e+04
230,2.0944979191e+00,1.1097944342e-02,-1.3248659134e+01,1.0126304626e+00,-9.5755539834e-02,3.1327054688e+04
231,2.1023674011e+00,1.1276107281e-02,-1.6497356415e+01,9.8267674446e-01,-1.0714176297e-01,3.1327351562e+04
232,2.1104671955e+00,1.1232143268e-02,-1.3365490913e+01,1.0256490707e+00,-1.0192482173e-01,3.1327898438e+04
233,2.1186718941e+00,1.1599090882e-02,-1.6035516739e+01,1.0014426708e+00,-9.3538135290e-02,3.1328121094e+04
234,2.1285197735e+00,1.1932055466e-02,-4.1565761566e+00,9.8563170433e-01,-1.0104774684e-01,3.1328734375e+04
235,2.1349399090e+00,9.7782304510e-03,-1.5779663086e+01,9.9949479103e-01,-1.0699031502e-01,3.1330935547e+04
236,2.1414141655e+00,9.1435490176e-03,-4.7158737183e+00,1.0003156662e+00,-9.2605285347e-02,3.1332093750e+04
237,2.1472616196e+00,7.4548772536e-03,-8.9084672928e+00,1.0141149759e+00,-1.0931678861e-01,3.1334494141e+04
238,2.1531243324e+00,8.2776853815e-03,-1.3365569115e+00,9.6446847916e-01,-1.1138641089e-01,3.1337210938e+04
239,2.1563353539e+00,7.6948222704e-03,8.1122457981e-01,9.7713243961e-01,-9.9426344037e-02,3.1339890625e+04
240,2.1585011482e+00,7.6945791952e-03,6.5745787621e+00,9.9410635233e-01,-6.1241075397e-02,3.1343224609e+04
241,2.1594359875e+00,7.6751927845e-03,1.1960383415e+01,9.9995696545e-01,-6.1768110842e-02,3.1347066406e+04
242,2.1588115692e+00,7.2617861442e-03,1.4869629860e+01,1.0030589104e+00,-8.6904831231e-02,3.1350132812e+04
243,2.1568362713e+00,7.4649844319e-03,2.0691589355e+01,1.0145227909e+00,-1.0115081817e-01,3.1355218750e+04
244,2.1533582211e+00,7.3278690688e-03,1.9057729721e+01,9.8168063164e-01,-8.8610000908e-02,3.1360753906e+04
245,2.1488170624e+00,7.2808242403e-03,2.1721780777e+01,9.9999219179e-01,-6.4120903611e-02,3.1366546875e+04
246,2.1425483227e+00,7.7518313192e-03,1.8814441681e+01,9.7760993242e-01,-7.6642878354e-02,3.1371884766e+04
247,2.1359822750e+00,7.9190386459e-03,2.2619710922e+01,1.0161889791e+00,-9.8690532148e-02,3.1377648438e+04
248,2.1287004948e+00,7.9348711297e-03,2.2674810410e+01,1.0007243156e+00,-5.3912237287e-02,3.1383591797e+04
249,2.1212911606e+00,6.9328774698e-03,2.9017404556e+01,9.9222123623e-01,-5.8392450213e-02,3.1389623047e+04
250,2.1136455536e+00,6.0031227767e-03,2.3826669693e+01,9.8182404041e-01,-8.1926457584e-02,3.1395771484e+04
251,2.1064372063e+00,4.9094562419e-03,2.7360742569e+01,1.0000982285e+00,-6.3554346561e-02,3.1402691406e+04
252,2.1004304886e+00,3.6815553904e-03,2.1371240616e+01,1.0267691612e+00,-5.9422113001e-02,3.1408541016e+04
253,2.0951755047e+00,1.2396411039e-03,1.3311342239e+01,1.0163646936e+00,-5.1118392497e-02,3.1414283203e+04
254,2.0904963017e+00,-6.7122885957e-04,1.0164048195e+01,1.0075716972e+00,-3.1367797405e-02,3.1420058594e+04
255,2.0875906944e+00,-2.8182100505e-03,1.3096577644e+01,9.8433393240e-01,-4.9974367023e-02,3.1425974609e+04
256,2.0858361721e+00,-4.9768146127e-03,4.9857125282e+00,1.0011926889e+00,-5.1829759032e-02,3.1431355469e+04
257,2.0856885910e+00,-7.4152615853e-03,8.6160783768e+00,1.0235602856e+00,-3.2745245844e-02,3.1436089844e+04
258,2.0866956711e+00,-9.9701993167e-03,-3.3841316700e+00,1.0158485174e+00,-1.8905945122e-02,3.1440693359e+04
259,2.0885488987e+00,-1.2823860161e-02,-1.4308395386e+00,1.0079395771e+00,-1.4996910468e-02,3.1444650391e+04
260,2.0911624432e+00,-1.5183491632e-02,-1.0589465141e+01,1.0022767782e+00,-1.3292427175e-02,3.1449197266e+04
261,2.0937924385e+00,-1.7317792401e-02,-1.1264646530e+01,1.0178052187e+00,6.9774626754e-03,3.1453431641e+04
262,2.0963356495e+00,-1.8404260278e-02,-1.8936525345e+01,1.0226935148e+00,-2.5636290666e-03,3.1456820312e+04
263,2.0998508930e+00,-1.9957037643e-02,-2.0415222168e+01,1.0221971273e+00,-9.6084596589e-03,3.1459560547e+04
264,2.1038503647e+00,-2.1973820403e-02,-2.6401655197e+01,9.9769341946e-01,2.2062148899e-02,3.1462503906e+04
265,2.1082191467e+00,-2.3368278518e-02,-2.2123210907e+01,1.0119854212e+00,1.1445465498e-02,3.1464919922e+04
266,2.1123409271e+00,-2.4650728330e-02,-2.2020278931e+01,1.0153340101e+00,4.1664808989e-02,3.1467130859e+04
267,2.1176245213e+00,-2.6039930061e-02,-2.3952669144e+01,9.9187314510e-01,4.6908836812e-02,3.1468863281e+04
268,2.1232380867e+00,-2.7701273561e-02,-2.8996078491e+01,1.0150227547e+00,1.4111518860e-02,3.1470539062e+04
269,2.1286046505e+00,-2.8968675062e-02,-2.8884449005e+01,9.8323190212e-01,4.7210656106e-02,3.1471998047e+04
270,2.1343803406e+00,-3.0569374561e-02,-2.8389585495e+01,1.0103796721e+00,4.4978026301e-02,3.1473931641e+04
271,2.1400630474e+00,-3.2808296382e-02,-3.6656871796e+01,1.0112214088e+00,7.6456144452e-02,3.1476140625e+04
272,2.1460728645e+00,-3.4484580159e-02,-2.9899385452e+01,1.0225863457e+00,8.1489413977e-02,3.1477966797e+04
273,2.1533038616e+00,-3.5869814456e-02,-3.5724964142e+01,1.0279150009e+00,7.6969869435e-02,3.1480271484e+04
274,2.1598670483e+00,-3.8172975183e-02,-2.9632802963e+01,9.7470963001e-01,9.0239718556e-02,3.1482201172e+04
275,2.1656761169e+00,-4.0718380362e-02,-3.1618518829e+01,1.0005083084e+00,8.2650035620e-02,3.1485150391e+04
276,2.1717634201e+00,-4.2913764715e-02,-2.2955717087e+01,9.9302047491e-01,9.0743906796e-02,3.1487867188e+04
277,2.1775333881e+00,-4.5084875077e-02,-2.4864854813e+01,1.0544707775e+00,1.2340549380e-01,3.1490320312e+04
278,2.1832318306e+00,-4.7443032265e-02,-2.1898771286e+01,1.0157442093e+00,1.1589214206e-01,3.1494658203e+04
279,2.1884171963e+00,-4.9518194050e-02,-1.2153876305e+01,9.9703478813e-01,1.4407089353e-01,3.1497779297e+04
280,2.1928052902e+00,-5.1681645215e-02,-1.7349859238e+01,9.9806505442e-01,1.2985508144e-01,3.1500882812e+04
281,2.1954560280e+00,-5.3759232163e-02,-7.6975612640e+00,1.0046958923e+00,1.4202499390e-01,3.1505119141e+04
282,2.1986176968e+00,-5.6213382632e-02,-7.5586643219e+00,1.0345900059e+00,1.5459549427e-01,3.1509492188e+04
283,2.2013108730e+00,-5.9361416847e-02,-1.0822985649e+01,1.0457262993e+00,1.4573985338e-01,3.1513806641e+04
284,2.2017996311e+00,-6.0139905661e-02,-1.2188748360e+01,1.0277361870e+00,1.5915481746e-01,3.1519072266e+04
285,2.2020645142e+00,-6.2268693000e-02,-1.3904747963e+01,1.0101982355e+00,1.9096572697e-01,3.1524128906e+04
286,2.2010064125e+00,-6.2706395984e-02,-8.4080324173e+00,9.9035537243e-01,1.8519665301e-01,3.1529923828e+04
287,2.1985073090e+00,-6.3217170537e-02,-1.1745758057e+01,1.0169333220e+00,1.6400058568e-01,3.1535072266e+04
288,2.1941597462e+00,-6.2976807356e-02,-2.5039248466e+00,1.0127159357e+00,1.9056674838e-01,3.1540623047e+04
289,2.1881303787e+00,-6.2234185636e-02,-4.9785833359e+00,1.0129603148e+00,2.1705047786e-01,3.1546740234e+04
290,2.1802232265e+00,-6.1002682894e-02,-3.7728326321e+00,9.9060493708e-01,2.1449035406e-01,3.1551529297e+04
291,2.1711010933e+00,-5.9195358306e-02,-6.2323260307e+00,1.0303730965e+00,2.1450194716e-01,3.1556931641e+04
292,2.1602983475e+00,-5.6717909873e-02,-4.4900369644e+00,1.0270864964e+00,2.0870807767e-01,3.1562320312e+04
293,2.1471285820e+00,-5.2800104022e-02,-8.8618698120e+00,1.0080549717e+00,2.2278805077e-01,3.1567175781e+04
294,2.1333894730e+00,-4.7325342894e-02,-8.8717308044e+00,1.0175627470e+00,2.2903552651e-01,3.1572806641e+04
295,2.1185498238e+00,-4.0932074189e-02,-6.6099491119e+00,9.9219274521e-01,2.5701010227e-01,3.1577011719e+04
296,2.1034245491e+00,-3.3936038613e-02,-2.0334836960e+01,1.0166332722e+00,2.3011329770e-01,3.1581589844e+04
297,2.0871236324e+00,-2.5561947376e-02,-1.5798766136e+01,1.0270327330e+00,2.5065666437e-01,3.1585773438e+04
298,2.0715715885e+00,-1.6264462844e-02,-1.3086185455e+01,1.0238583088e+00,2.3259167373e-01,3.1590396484e+04
299,2.0568962097e+00,-7.2479420342e-03,-2.2199529648e+01,1.0169781446e+00,2.3094715178e-01,3.1594218750e+04
300,2.0438754559e+00,2.3367484100e-03,-2.1893733978e+01,1.0142799616e+00,2.6322928071e-01,3.1598005859e+04
301,2.0312480927e+00,1.3117432594e-02,-2.6450220108e+01,1.0255511999e+00,2.8491255641e-01,3.1601937500e+04
302,2.0192518234e+00,2.3524992168e-02,-2.1013233185e+01,1.0239207745e+00,2.5348296762e-01,3.1605972656e+04
303,2.0089068413e+00,3.4911874682e-02,-2.7770189285e+01,1.0157762766e+00,2.3141548038e-01,3.1608687500e+04
304,2.0007412434e+00,4.5754663646e-02,-2.3056114197e+01,1.0350674391e+00,2.6127761602e-01,3.1611140625e+04
305,1.9965469837e+00,5.4665088654e-02,-1.8010946274e+01,1.0340969563e+00,2.7753475308e-01,3.1614054688e+04
306,1.9968925714e+00,6.0969099402e-02,-1.7488277435e+01,1.0040559769e+00,2.6118901372e-01,3.1616880859e+04
307,2.0013015270e+00,6.6425062716e-02,-2.8426528931e+01,9.9034905434e-01,2.4749134481e-01,3.1619664062e+04
308,2.0082340240e+00,7.2177298367e-02,-2.8694419861e+01,1.0231167078e+00,2.6979908347e-01,3.1622056641e+04
309,2.0192077160e+00,7.6830364764e-02,-3.1515630722e+01,1.0199350119e+00,2.8299260139e-01,3.1624369141e+04
310,2.0352640152e+00,7.9631529748e-02,-3.1787832260e+01,1.0214494467e+00,2.5733345747e-01,3.1627398438e+04
311,2.0556645393e+00,8.1669703126e-02,-3.2646118164e+01,1.0184087753e+00,2.5111782551e-01,3.1630253906e+04
312,2.0814561844e+00,8.3310209215e-02,-3.3544040680e+01,9.6749991179e-01,2.9273539782e-01,3.1633503906e+04
313,2.1119196415e+00,8.6127273738e-02,-3.0396129608e+01,1.0244373083e+00,2.6455175877e-01,3.1635949219e+04
314,2.1455073357e+00,8.9598365128e-02,-2.8319726944e+01,1.0266346931e+00,2.6470607519e-01,3.1638880859e+04
315,2.1852183342e+00,9.2280067503e-02,-1.9032859802e+01,1.0253872871e+00,2.4175815284e-01,3.1642236328e+04
316,2.2296237946e+00,9.5553755760e-02,-1.3038785934e+01,1.0045531988e+00,2.3265755177e-01,3.1644984375e+04
317,2.2780983448e+00,9.7783952951e-02,-5.6238594055e+00,1.0366533995e+00,2.3283489048e-01,3.1648341797e+04
318,2.3308100700e+00,9.6997961402e-02,-9.2034387589e+00,1.0240060091e+00,2.4484795332e-01,3.1651941406e+04
319,2.3840987682e+00,9.6583664417e-02,-5.0813078880e-01,1.0323985815e+00,2.2385792434e-01,3.1655408203e+04
320,2.4390544891e+00,9.5538243651e-02,-2.8918833733e+00,1.0140286684e+00,2.1899279952e-01,3.1658787109e+04
321,2.4928636551e+00,9.3956261873e-02,6.1879038811e-01,1.0122319460e+00,2.1817696095e-01,3.1662402344e+04
322,2.5435767174e+00,9.0952947736e-02,-1.0206316948e+01,1.0042916536e+00,1.9791018963e-01,3.1667001953e+04
323,2.5872299671e+00,8.7612949312e-02,-7.5119013786e+00,9.9486833811e-01,1.9510108232e-01,3.1671746094e+04
324,2.6254656315e+00,8.6627826095e-02,-1.2401265144e+01,1.0276399851e+00,1.8272896111e-01,3.1676228516e+04
325,2.6576812267e+00,8.6445637047e-02,-5.0308508873e+00,1.0319005251e+00,1.9472858310e-01,3.1680044922e+04
326,2.6807553768e+00,8.7274581194e-02,-1.2990923882e+01,1.0246136189e+00,1.7697997391e-01,3.1684371094e+04
327,2.6968643665e+00,9.1688394547e-02,-5.2545089722e+00,1.0038824081e+00,1.5637294948e-01,3.1688589844e+04
328,2.7059955597e+00,9.9052987993e-02,-8.2125568390e+00,1.0334715843e+00,1.5347194672e-01,3.1693007812e+04
329,2.7105102539e+00,1.0828934610e-01,-6.4563794136e+00,1.0389328003e+00,1.5259677172e-01,3.1697564453e+04
330,2.7119939327e+00,1.1970926821e-01,-1.0204251289e+01,1.0198377371e+00,1.3132400811e-01,3.1702097656e+04
331,2.7109146118e+00,1.3276743889e-01,-1.1831377029e+01,9.9422228336e-01,1.1429923773e-01,3.1706466797e+04
332,2.7085614204e+00,1.4615871012e-01,-1.5392065048e+01,1.0312832594e+00,1.2160129845e-01,3.1710734375e+04
333,2.7042729855e+00,1.5966601670e-01,-1.6813472748e+01,1.0565811396e+00,9.2289313674e-02,3.1715279297e+04
334,2.7033097744e+00,1.7381827533e-01,-1.4402358055e+01,1.0354351997e+00,9.5878064632e-02,3.1719279297e+04
335,2.6973237991e+00,1.8536080420e-01,-2.1281330109e+01,1.0169628859e+00,7.9040944576e-02,3.1723476562e+04
336,2.6917767525e+00,1.9646793604e-01,-1.8153888702e+01,1.0119438171e+00,5.1304090768e-02,3.1728060547e+04
337,2.6859383583e+00,2.0677188039e-01,-1.9378128052e+01,1.0111038685e+00,4.9510803074e-02,3.1732044922e+04
338,2.6806387901e+00,2.1501025558e-01,-2.1391550064e+01,1.0525965691e+00,-1.6284942103e-04,3.1735464844e+04
339,2.6759212017e+00,2.1989810467e-01,-2.2475971222e+01,1.0386614799e+00,1.0557480156e-02,3.1738482422e+04
340,2.6684951782e+00,2.2262498736e-01,-2.4160654068e+01,1.0149768591e+00,-2.4586869404e-03,3.1741509766e+04
341,2.6594178677e+00,2.2288852930e-01,-2.2670934677e+01,1.0617365837e+00,-2.7526779100e-02,3.1745087891e+04
342,2.6477909088e+00,2.2004109621e-01,-2.5774763107e+01,1.0405384302e+00,-6.8241007626e-02,3.1747943359e+04
343,2.6336174011e+00,2.1343289316e-01,-2.6047786713e+01,1.0361927748e+00,-5.5721856654e-02,3.1751777344e+04
344,2.6164615154e+00,2.0287956297e-01,-3.3120670319e+01,1.0361448526e+00,-6.4740374684e-02,3.1754591797e+04
345,2.5939168930e+00,1.8944387138e-01,-3.3194904327e+01,1.0178620815e+00,-7.3737904429e-02,3.1757236328e+04
346,2.5667183399e+00,1.7148351669e-01,-3.6478305817e+01,1.0571137667e+00,-1.1114135385e-01,3.1760496094e+04
347,2.5355300903e+00,1.5147966146e-01,-3.0346534729e+01,1.0325709581e+00,-1.3614879549e-01,3.1763136719e+04
348,2.4991948605e+00,1.2553742528e-01,-4.1476661682e+01,1.0398352146e+00,-1.5890689194e-01,3.1766269531e+04
349,2.4577448368e+00,9.8470650613e-02,-2.8912900925e+01,1.0585781336e+00,-1.5009909868e-01,3.1769478516e+04
350,2.4121227264e+00,7.0667557418e-02,-3.4865207672e+01,1.0407135487e+00,-1.7962501943e-01,3.1772650391e+04
351,2.3641798496e+00,4.1805364192e-02,-2.9643089294e+01,1.0690401793e+00,-1.9367423654e-01,3.1775615234e+04
352,2.3134057522e+00,9.7265364602e-03,-4.3500617981e+01,1.0379760265e+00,-2.0413410664e-01,3.1778191406e+04
353,2.2614748478e+00,-1.6517018899e-02,-3.2359203339e+01,1.0509612560e+00,-2.5650334358e-01,3.1781427734e+04
354,2.2108874321e+00,-4.3270040303e-02,-3.6104816437e+01,1.0374906063e+00,-2.5513851643e-01,3.1785041016e+04
355,2.1627655029e+00,-6.7074723542e-02,-4.0751876831e+01,1.0488504171e+00,-2.5919142365e-01,3.1788228516e+04
356,2.1195011139e+00,-8.7503537536e-02,-3.3987152100e+01,1.0770492554e+00,-2.7793833613e-01,3.1791771484e+04
357,2.0826711655e+00,-1.0204350948e-01,-3.3848293304e+01,1.0800263882e+00,-3.0797949433e-01,3.1794884766e+04
358,2.0544848442e+00,-1.1040559411e-01,-3.5482128143e+01,1.0689159632e+00,-3.1502923369e-01,3.1798906250e+04
359,2.0361580849e+00,-1.0909559578e-01,-2.2719728470e+01,1.0453276634e+00,-3.1234073639e-01,3.1802386719e+04
360,2.0287990570e+00,-1.0690331459e-01,-2.4303781509e+01,1.0290001631e+00,-3.1005734205e-01,3.1806660156e+04
361,2.0375313759e+00,-9.5534406602e-02,-1.9024555206e+01,1.0779522657e+00,-3.8126671314e-01,3.1810443359e+04
362,2.0594763756e+00,-8.0621793866e-02,-6.8163318634e+00,1.0974071026e+00,-3.7591746449e-01,3.1815070312e+04
363,2.0950746536e+00,-6.2565840781e-02,-7.8874778748e+00,1.0736787319e+00,-3.9641311765e-01,3.1819593750e+04
364,2.1412880421e+00,-4.4402103871e-02,4.5659751892e+00,1.0791615248e+00,-4.0863895416e-01,3.1823560547e+04
365,2.1932032108e+00,-2.6800915599e-02,1.5579705238e+00,1.0899795294e+00,-4.0283107758e-01,3.1827261719e+04
366,2.2478876114e+00,-1.0809062980e-02,1.1686827660e+01,1.0806530714e+00,-4.3179199100e-01,3.1830951172e+04
367,2.3012690544e+00,-2.9724452179e-04,2.7384669781e+00,1.0476620197e+00,-4.2936077714e-01,3.1835279297e+04
368,2.3492977619e+00,5.9097195044e-03,4.1628437042e+00,1.0577503443e+00,-4.5444062352e-01,3.1840044922e+04
369,2.3882715702e+00,4.7387829982e-03,-7.6130151749e+00,1.0806087255e+00,-4.5430350304e-01,3.1844554688e+04
370,2.4159970284e+00,-2.0507518202e-03,-8.5790119171e+00,1.1020629406e+00,-4.5900046825e-01,3.1848238281e+04
371,2.4311254025e+00,-1.4929842204e-02,-2.1163078308e+01,1.0943996906e+00,-4.7557106614e-01,3.1852955078e+04
372,2.4352974892e+00,-3.1086657196e-02,-1.6340772629e+01,1.0673875809e+00,-4.6784615517e-01,3.1857710938e+04
373,2.4292719364e+00,-4.9737591296e-02,-2.5644107819e+01,1.0476899147e+00,-5.0810343027e-01,3.1861873047e+04
374,2.4170186520e+00,-6.9484673440e-02,-2.3823926926e+01,1.0983489752e+00,-4.7314330935e-01,3.1866611328e+04
375,2.3978726864e+00,-9.0017005801e-02,-2.7582660675e+01,1.0860071182e+00,-4.8364853859e-01,3.1870818359e+04
376,2.3741643429e+00,-1.1008208245e-01,-2.6427577972e+01,1.0977078676e+00,-5.0465017557e-01,3.1874035156e+04
377,2.3473284245e+00,-1.2856398523e-01,-3.3459537506e+01,1.1186180115e+00,-4.8714232445e-01,3.1877117188e+04
378,2.3209273815e+00,-1.4527949691e-01,-2.2833763123e+01,1.0729603767e+00,-5.2245950699e-01,3.1881164062e+04
379,2.2950086594e+00,-1.5988793969e-01,-2.9745092392e+01,1.0682531595e+00,-5.2605533600e-01,3.1885080078e+04
380,2.2717401981e+00,-1.7332082987e-01,-3.8424530029e+01,1.0690704584e+00,-5.1181119680e-01,3.1888533203e+04
381,2.2520003319e+00,-1.8403065205e-01,-4.3197380066e+01,1.0954527855e+00,-5.0791138411e-01,3.1891847656e+04
382,2.2350225449e+00,-1.9207343459e-01,-3.7351043701e+01,1.1150069237e+00,-5.1314663887e-01,3.1895128906e+04
383,2.2229640484e+00,-1.9831514359e-01,-4.1627399445e+01,1.1003526449e+00,-4.9858611822e-01,3.1898472656e+04
384,2.2149686813e+00,-2.0428484678e-01,-4.0892681122e+01,1.0818157196e+00,-5.0938326120e-01,3.1902167969e+04
385,2.2110507488e+00,-2.0949931443e-01,-4.5446670532e+01,1.0814133883e+00,-4.7677385807e-01,3.1906328125e+04
386,2.2103307247e+00,-2.1421906352e-01,-3.6392784119e+01,1.0673699379e+00,-4.8543277383e-01,3.1909408203e+04
387,2.2125859261e+00,-2.1912473440e-01,-4.3476371765e+01,1.1148792505e+00,-5.1474022865e-01,3.1912744141e+04
388,2.2165350914e+00,-2.2445721924e-01,-3.7871429443e+01,1.0791385174e+00,-4.6801543236e-01,3.1916072266e+04
389,2.2240841389e+00,-2.2976419330e-01,-4.2916824341e+01,1.0561932325e+00,-4.6039050817e-01,3.1919818359e+04
390,2.2293763161e+00,-2.3561158776e-01,-4.2717834473e+01,1.0768054724e+00,-4.5185661316e-01,3.1923617188e+04
391,2.2363350391e+00,-2.4166038632e-01,-3.9952850342e+01,1.0846637487e+00,-4.4938033819e-01,3.1925910156e+04
392,2.2433819771e+00,-2.4879044294e-01,-4.0483860016e+01,1.0982711315e+00,-4.4428071380e-01,3.1929298828e+04
393,2.2506616116e+00,-2.5617057085e-01,-4.1713108063e+01,1.1200053692e+00,-4.1199913621e-01,3.1933046875e+04
394,2.2572960854e+00,-2.6198339462e-01,-3.7143165588e+01,1.1149748564e+00,-4.0379616618e-01,3.1936507812e+04
395,2.2627966404e+00,-2.7090203762e-01,-5.2196334839e+01,1.0477296114e+00,-3.7635201216e-01,3.1940484375e+04
396,2.2678532600e+00,-2.8166958690e-01,-5.4524513245e+01,1.0818850994e+00,-3.7731006742e-01,3.1943824219e+04
397,2.2741727829e+00,-2.9209205508e-01,-5.1105625153e+01,1.0920372009e+00,-3.6826801300e-01,3.1946923828e+04
398,2.2806479931e+00,-3.0294877291e-01,-4.7869262695e+01,1.0832864046e+00,-3.4277129173e-01,3.1951892578e+04
399,2.2874591351e+00,-3.1616780162e-01,-5.4598911285e+01,1.0955336094e+00,-3.4243446589e-01,3.1955339844e+04
400,2.2967374325e+00,-3.3042439818e-01,-5.3777328491e+01,1.1189029217e+00,-3.1628388166e-01,3.1958419922e+04
401,2.3076510429e+00,-3.4701883793e-01,-5.8832664490e+01,1.1363835335e+00,-3.0583071709e-01,3.1962949219e+04
402,2.3202383518e+00,-3.6491090059e-01,-5.2883949280e+01,1.1053999662e+00,-2.6910385489e-01,3.1966443359e+04
403,2.3350787163e+00,-3.8491287827e-01,-6.3431106567e+01,1.0943788290e+00,-2.0475456119e-01,3.1969890625e+04
404,2.3520207405e+00,-4.0642684698e-01,-6.5233749390e+01,1.0899798870e+00,-2.1311789751e-01,3.1974664062e+04
405,2.3692822456e+00,-4.3320852518e-01,-7.3595909119e+01,1.1068621874e+00,-2.2983719409e-01,3.1978505859e+04
406,2.3887474537e+00,-4.5797818899e-01,-7.2856025696e+01,1.1244933605e+00,-1.7552387714e-01,3.1982039062e+04
407,2.4075298309e+00,-4.8521324992e-01,-7.9919891357e+01,1.1398402452e+00,-1.5125656128e-01,3.1985630859e+04
408,2.4263846874e+00,-5.1151895523e-01,-8.9504158020e+01,1.0661007166e+00,-1.2717552483e-01,3.1990363281e+04
409,2.4417102337e+00,-5.3485935926e-01,-7.5009933472e+01,1.1033062935e+00,-1.0777927190e-01,3.1994220703e+04
410,2.4529218674e+00,-5.5565971136e-01,-1.0620131683e+02,1.1105890274e+00,-9.5951996744e-02,3.1998349609e+04
411,2.4601190090e+00,-5.6859314442e-01,-1.0176211548e+02,1.1371185780e+00,-4.6370200813e-02,3.2002384766e+04
412,2.4599549770e+00,-5.7107943296e-01,-1.2223277283e+02,1.1070592403e+00,-2.9608421028e-02,3.2006332031e+04
413,2.4527318478e+00,-5.6317043304e-01,-1.2837696838e+02,1.1127656698e+00,4.4423751533e-02,3.2010125000e+04
414,2.4367382526e+00,-5.4429990053e-01,-1.2524602509e+02,1.1312247515e+00,4.5134123415e-02,3.2013919922e+04
415,2.4120702744e+00,-5.0510144234e-01,-1.4673916626e+02,1.1332175732e+00,6.8208999932e-02,3.2018048828e+04
416,2.3781547546e+00,-4.5118865371e-01,-1.5346641541e+02,1.1216627359e+00,9.3516767025e-02,3.2021347656e+04
417,2.3378410339e+00,-3.8644367456e-01,-1.6518081665e+02,1.1411019564e+00,1.3485817611e-01,3.2025646484e+04
418,2.2918989658e+00,-3.0696636438e-01,-1.8278613281e+02,1.1339460611e+00,1.1516983062e-01,3.2029681641e+04
419,2.2425420284e+00,-2.1777182817e-01,-1.8207756042e+02,1.1324244738e+00,1.8001438677e-01,3.2032320312e+04
420,2.1930260658e+00,-1.2503272295e-01,-1.9073565674e+02,1.1336647272e+00,2.1965743601e-01,3.2036640625e+04
421,2.1444668770e+00,-3.1304899603e-02,-1.8615292358e+02,1.1201307774e+00,2.3913075030e-01,3.2040132812e+04
422,2.0990540981e+00,5.8450900018e-02,-1.9014961243e+02,1.1469600201e+00,2.4250106514e-01,3.2044099609e+04
423,2.0594480038e+00,1.4037454128e-01,-1.8355632019e+02,1.1203114986e+00,2.8967207670e-01,3.2048189453e+04
424,2.0245058537e+00,2.1290400624e-01,-1.8191317749e+02,1.1404054165e+00,3.2542023063e-01,3.2052126953e+04
425,1.9969773293e+00,2.7201402187e-01,-1.7616903687e+02,1.1337107420e+00,3.6922806501e-01,3.2055468750e+04
426,1.9812088013e+00,3.1057441235e-01,-1.6293450928e+02,1.1335687637e+00,3.7837126851e-01,3.2059625000e+04
427,1.9743330479e+00,3.3935999870e-01,-1.5065841675e+02,1.1414800882e+00,3.9844176173e-01,3.2063044922e+04
428,1.9726797342e+00,3.4684062004e-01,-1.4989410400e+02,1.1429600716e+00,4.2448809743e-01,3.2067304688e+04
429,1.9803401232e+00,3.4109863639e-01,-1.3570043945e+02,1.1675456762e+00,4.5610138774e-01,3.2071001953e+04
430,1.9926704168e+00,3.2647177577e-01,-1.3225068665e+02,1.1583449841e+00,4.7239154577e-01,3.2075767578e+04
431,2.0081524849e+00,3.0805963278e-01,-1.2841342163e+02,1.1645665169e+00,4.9755665660e-01,3.2079484375e+04
432,2.0247519016e+00,2.8779295087e-01,-1.2111834717e+02,1.1252881289e+00,5.1466929913e-01,3.2083179688e+04
433,2.0392184258e+00,2.6825788617e-01,-1.2560061646e+02,1.1488406658e+00,5.3797167540e-01,3.2087482422e+04
434,2.0519137383e+00,2.5515043736e-01,-1.0562709808e+02,1.1693736315e+00,5.5803084373e-01,3.2090378906e+04
435,2.0601093769e+00,2.4972447753e-01,-1.0943970490e+02,1.1624320745e+00,5.7472068071e-01,3.2094892578e+04
436,2.0648097992e+00,2.5089046359e-01,-1.0621063995e+02,1.1914589405e+00,6.0250425339e-01,3.2099207031e+04
437,2.0665626526e+00,2.5891348720e-01,-1.1335455322e+02,1.1835865974e+00,5.9587424994e-01,3.2103242188e+04
438,2.0644290447e+00,2.7288010716e-01,-1.1055742645e+02,1.1710784435e+00,6.5322464705e-01,3.2107884766e+04
439,2.0618703365e+00,2.8868693113e-01,-1.0426887512e+02,1.1393032074e+00,6.6430449486e-01,3.2111548828e+04
440,2.0591678619e+00,3.0603757501e-01,-1.1044579315e+02,1.1954231262e+00,6.7933762074e-01,3.2116123047e+04
441,2.0569491386e+00,3.2321178913e-01,-1.0026197815e+02,1.2097948790e+00,6.8490219116e-01,3.2120248047e+04
442,2.0564670563e+00,3.3840736747e-01,-9.8418220520e+01,1.1918747425e+00,6.9660168886e-01,3.2124699219e+04
443,2.0572924614e+00,3.5145094991e-01,-1.0515355682e+02,1.1971464157e+00,6.7904967070e-01,3.2129820312e+04
444,2.0601994991e+00,3.6212885380e-01,-9.3420104980e+01,1.1943426132e+00,6.9806832075e-01,3.2133396484e+04
445,2.0648875237e+00,3.7069025636e-01,-1.0342577362e+02,1.2000275850e+00,7.0607328415e-01,3.2138248047e+04
446,2.0703258514e+00,3.7745940685e-01,-9.7964447021e+01,1.1888600588e+00,7.2266840935e-01,3.2142968750e+04
447,2.0759606361e+00,3.8365679979e-01,-1.0187591553e+02,1.1925681829e+00,7.5284004211e-01,3.2147697266e+04
448,2.0815136433e+00,3.9031136036e-01,-1.0296706390e+02,1.1990212202e+00,7.2838383913e-01,3.2152527344e+04
449,2.0864531994e+00,3.9748916030e-01,-1.0160024261e+02,1.1877906322e+00,7.2127014399e-01,3.2157287109e+04
450,2.0898268223e+00,4.0598711371e-01,-1.0704455566e+02,1.2178388834e+00,7.1326202154e-01,3.2161677734e+04
451,2.0919661522e+00,4.1561603546e-01,-1.0404706573e+02,1.2083854675e+00,7.2503203154e-01,3.2165951172e+04
452,2.0935163498e+00,4.2696574330e-01,-1.0513581085e+02,1.2025923729e+00,7.3188936710e-01,3.2171523438e+04
453,2.0934958458e+00,4.3871077895e-01,-1.1009400177e+02,1.2011495829e+00,6.9625490904e-01,3.2175337891e+04
454,2.0942440033e+00,4.5364239812e-01,-1.0895712280e+02,1.2141864300e+00,7.1639251709e-01,3.2179861328e+04
455,2.0924539566e+00,4.6674495935e-01,-1.2486735535e+02,1.2031215429e+00,6.9003224373e-01,3.2184421875e+04
456,2.0908591747e+00,4.8133155704e-01,-1.1689846802e+02,1.2215634584e+00,6.7573869228e-01,3.2189259766e+04
457,2.0893697739e+00,4.9687778950e-01,-1.3080276489e+02,1.1939882040e+00,6.7403024435e-01,3.2193667969e+04
458,2.0880441666e+00,5.1292723417e-01,-1.2910858154e+02,1.2082664967e+00,6.5522134304e-01,3.2198132812e+04
459,2.0868139267e+00,5.2827012539e-01,-1.3852352905e+02,1.2200233936e+00,6.6875898838e-01,3.2202720703e+04
460,2.0851294994e+00,5.4416167736e-01,-1.3230439758e+02,1.2378016710e+00,6.4716446400e-01,3.2206404297e+04
461,2.0844080448e+00,5.6028997898e-01,-1.4727850342e+02,1.2219762802e+00,6.4861327410e-01,3.2210007812e+04
462,2.0831162930e+00,5.7676726580e-01,-1.4361332703e+02,1.2009316683e+00,5.5588078499e-01,3.2214250000e+04
463,2.0810246468e+00,5.9280246496e-01,-1.5789459229e+02,1.2463694811e+00,5.8147639036e-01,3.2218744141e+04
464,2.0782494545e+00,6.0990941525e-01,-1.6979794312e+02,1.2086315155e+00,5.4639965296e-01,3.2223021484e+04
465,2.0764026642e+00,6.2727171183e-01,-1.7532382202e+02,1.2218557596e+00,5.3280788660e-01,3.2226509766e+04
466,2.0732665062e+00,6.4500230551e-01,-1.9196429443e+02,1.2109340429e+00,4.9822199345e-01,3.2231195312e+04
467,2.0698940754e+00,6.6554236412e-01,-1.9940461731e+02,1.1988742352e+00,4.7680047154e-01,3.2235720703e+04
468,2.0661523342e+00,6.8778628111e-01,-2.1184724426e+02,1.2176398039e+00,4.4057002664e-01,3.2239351562e+04
469,2.0623657703e+00,7.1485042572e-01,-2.2259379578e+02,1.2287789583e+00,4.2048469186e-01,3.2243253906e+04
470,2.0591864586e+00,7.4648338556e-01,-2.3224232483e+02,1.2186763287e+00,4.1736018658e-01,3.2246851562e+04
471,2.0550982952e+00,7.8441089392e-01,-2.4851190186e+02,1.2151466608e+00,3.8093432784e-01,3.2250726562e+04
472,2.0509932041e+00,8.2798743248e-01,-2.7317205811e+02,1.1934878826e+00,3.6578604579e-01,3.2254773438e+04
473,2.0464313030e+00,8.7634807825e-01,-2.9694815063e+02,1.2284629345e+00,3.1562215090e-01,3.2258556641e+04
474,2.0415196419e+00,9.2790490389e-01,-3.2649822998e+02,1.2052797079e+00,2.7092579007e-01,3.2262287109e+04
475,2.0350480080e+00,9.7792589664e-01,-3.5247683716e+02,1.1954035759e+00,2.2670757771e-01,3.2266484375e+04
476,2.0272712708e+00,1.0227322578e+00,-3.9426663208e+02,1.1998759508e+00,2.1007767320e-01,3.2270017578e+04
477,2.0193397999e+00,1.0575464964e+00,-4.4313250732e+02,1.2202951908e+00,1.4361831546e-01,3.2273457031e+04
478,2.0122890472e+00,1.0729376078e+00,-4.8046154785e+02,1.2397799492e+00,1.2161407620e-01,3.2277939453e+04
479,2.0050344467e+00,1.0656034946e+00,-5.4398327637e+02,1.2118000984e+00,7.5169295073e-02,3.2280937500e+04
480,2.0004165173e+00,1.0331918001e+00,-6.0406982422e+02,1.1897439957e+00,4.6717833728e-02,3.2285107422e+04
481,2.0007710457e+00,9.6937537193e-01,-6.5305364990e+02,1.1733422279e+00,-2.7619933244e-03,3.2289056641e+04
482,2.0061023235e+00,8.8074666262e-01,-6.9938970947e+02,1.1914166212e+00,-1.2172698975e-02,3.2292541016e+04
483,2.0159862041e+00,7.7341353893e-01,-7.6920239258e+02,1.2168012857e+00,-4.8963926733e-02,3.2296074219e+04
484,2.0293161869e+00,6.4915704727e-01,-7.8851934814e+02,1.2294065952e+00,-1.1144344509e-01,3.2299570312e+04
485,2.0497436523e+00,5.1407110691e-01,-8.3316577148e+02,1.2225770950e+00,-1.2866687775e-01,3.2303570312e+04
486,2.0751416683e+00,3.6918485165e-01,-8.6480694580e+02,1.1829922199e+00,-1.5997874737e-01,3.2306642578e+04
487,2.1036314964e+00,2.1811801195e-01,-8.8516650391e+02,1.2048020363e+00,-2.0120292902e-01,3.2310876953e+04
488,2.1332738400e+00,6.9303713739e-02,-8.7714483643e+02,1.2239381075e+00,-2.7511963248e-01,3.2314119141e+04
489,2.1625769138e+00,-7.7107712626e-02,-8.8805090332e+02,1.2078109980e+00,-2.8376835585e-01,3.2317632812e+04
490,2.1907916069e+00,-2.1666972339e-01,-8.6967669678e+02,1.2062597275e+00,-3.3592891693e-01,3.2321244141e+04
491,2.2168920040e+00,-3.4690266848e-01,-8.5189343262e+02,1.2239216566e+00,-3.6930510402e-01,3.2324623047e+04
492,2.2401340008e+00,-4.6452176571e-01,-8.2370898438e+02,1.2028731108e+00,-4.2357409000e-01,3.2328406250e+04
493,2.2586884499e+00,-5.6983065605e-01,-7.8629626465e+02,1.2359062433e+00,-4.3252491951e-01,3.2330375000e+04
494,2.2734749317e+00,-6.6109412909e-01,-7.4636907959e+02,1.2358276844e+00,-4.5677882433e-01,3.2333400391e+04
495,2.2814974785e+00,-7.3462736607e-01,-7.1244659424e+02,1.2166584730e+00,-5.0688827038e-01,3.2337296875e+04
496,2.2854807377e+00,-7.8941124678e-01,-6.5594775391e+02,1.2266367674e+00,-5.2070641518e-01,3.2340388672e+04
497,2.2829926014e+00,-8.2738834620e-01,-6.3090582275e+02,1.2389359474e+00,-5.5001473427e-01,3.2343207031e+04
498,2.2772440910e+00,-8.4924888611e-01,-5.7499487305e+02,1.2513729334e+00,-5.7009059191e-01,3.2346228516e+04
499,2.2677729130e+00,-8.5519945621e-01,-5.4525085449e+02,1.2791383266e+00,-6.1587297916e-01,3.2348921875e+04
500,2.2536072731e+00,-8.4924006462e-01,-5.0466580200e+02,1.2395161390e+00,-6.2460333109e-01,3.2352353516e+04
501,2.2386462688e+00,-8.3486676216e-01,-4.6140768433e+02,1.2914129496e+00,-6.5815156698e-01,3.2355957031e+04
502,2.2212712765e+00,-8.1328833103e-01,-4.2290634155e+02,1.2551753521e+00,-6.5498262644e-01,3.2359564453e+04
503,2.2018744946e+00,-7.8791505098e-01,-4.1178717041e+02,1.2665383816e+00,-7.0979988575e-01,3.2362869141e+04
504,2.1821603775e+00,-7.6272052526e-01,-3.8836413574e+02,1.2922877073e+00,-7.1299040318e-01,3.2366320312e+04
505,2.1639595032e+00,-7.3936140537e-01,-3.6048733521e+02,1.2960400581e+00,-7.4073863029e-01,3.2368990234e+04
506,2.1474897861e+00,-7.2024202347e-01,-3.4740203857e+02,1.3095892668e+00,-7.4517363310e-01,3.2373152344e+04
507,2.1324129105e+00,-7.0537525415e-01,-3.2496591187e+02,1.2784196138e+00,-7.4955636263e-01,3.2377191406e+04
508,2.1189188957e+00,-6.9697797298e-01,-3.2262033081e+02,1.3095332384e+00,-7.3835128546e-01,3.2382222656e+04
509,2.1072759628e+00,-6.9228595495e-01,-3.1399221802e+02,1.2991452217e+00,-7.6029950380e-01,3.2386912109e+04
510,2.0972051620e+00,-6.9250261784e-01,-2.9986270142e+02,1.3486117125e+00,-7.5867265463e-01,3.2391105469e+04
511,2.0881490707e+00,-6.9499087334e-01,-2.9860488892e+02,1.3107632399e+00,-7.5765329599e-01,3.2395714844e+04
512,2.0807549953e+00,-6.9922351837e-01,-2.7294903564e+02,1.3186480999e+00,-7.4104261398e-01,3.2401103516e+04
513,2.0737302303e+00,-7.0668935776e-01,-2.7935980225e+02,1.3229384422e+00,-7.3902487755e-01,3.2405648438e+04
514,2.0668895245e+00,-7.1558392048e-01,-2.6783508301e+02,1.3408567905e+00,-7.2670847178e-01,3.2409613281e+04
515,2.0610280037e+00,-7.2389882803e-01,-2.7034735107e+02,1.3460533619e+00,-7.3873049021e-01,3.2414751953e+04
516,2.0549015999e+00,-7.3243832588e-01,-2.5834252930e+02,1.3597079515e+00,-7.2847640514e-01,3.2420302734e+04
517,2.0492529869e+00,-7.4088573456e-01,-2.6575665283e+02,1.3098666668e+00,-7.0146721601e-01,3.2425750000e+04
518,2.0439848900e+00,-7.4928069115e-01,-2.6236233521e+02,1.3330163956e+00,-6.9705194235e-01,3.2430255859e+04
519,2.0386996269e+00,-7.5759339333e-01,-2.6580130005e+02,1.3509182930e+00,-6.7069000006e-01,3.2435800781e+04
520,2.0343544483e+00,-7.6669824123e-01,-2.5693557739e+02,1.3428399563e+00,-6.0872769356e-01,3.2440703125e+04
521,2.0295932293e+00,-7.7553063631e-01,-2.6503082275e+02,1.3568661213e+00,-6.1346578598e-01,3.2445417969e+04
522,2.0256590843e+00,-7.8540045023e-01,-2.6142517090e+02,1.3575500250e+00,-6.0208648443e-01,3.2450201172e+04
523,2.0228991508e+00,-7.9816287756e-01,-2.7575415039e+02,1.3213338852e+00,-5.6214570999e-01,3.2455402344e+04
524,2.0207328796e+00,-8.1137943268e-01,-2.7065393066e+02,1.3553497791e+00,-5.3834378719e-01,3.2460218750e+04
525,2.0162944794e+00,-8.2578754425e-01,-2.8361636353e+02,1.3440382481e+00,-4.8946586251e-01,3.2464210938e+04
526,2.0130963326e+00,-8.4209740162e-01,-2.9104815674e+02,1.3567538261e+00,-4.7231841087e-01,3.2468964844e+04
527,2.0097868443e+00,-8.5947370529e-01,-2.9225216675e+02,1.3313175440e+00,-4.2363899946e-01,3.2473269531e+04
528,2.0067515373e+00,-8.7796556950e-01,-3.0169778442e+02,1.3469986916e+00,-3.8092499971e-01,3.2477771484e+04
529,2.0041787624e+00,-8.9826309681e-01,-3.1728781128e+02,1.3407396078e+00,-3.2678261399e-01,3.2481708984e+04
530,2.0009336472e+00,-9.1968417168e-01,-3.2452960205e+02,1.3454427719e+00,-2.9897812009e-01,3.2485783203e+04
531,1.9984214306e+00,-9.4149959087e-01,-3.3978906250e+02,1.3458236456e+00,-2.5048676133e-01,3.2490187500e+04
532,1.9954546690e+00,-9.6448862553e-01,-3.4894815063e+02,1.2986488342e+00,-1.8649208546e-01,3.2494087891e+04
533,1.9923834801e+00,-9.9044930935e-01,-3.7187701416e+02,1.3172508478e+00,-1.7203117907e-01,3.2496957031e+04
534,1.9904850721e+00,-1.0183503628e+00,-3.7865304565e+02,1.3253370523e+00,-1.1460106075e-01,3.2500007812e+04
535,1.9883980751e+00,-1.0506961346e+00,-4.0437164307e+02,1.3318573236e+00,-7.9795457423e-02,3.2503642578e+04
536,1.9843789339e+00,-1.0905789137e+00,-4.2782827759e+02,1.3198857307e+00,-4.8785783350e-02,3.2507386719e+04
537,1.9820390940e+00,-1.1361066103e+00,-4.6044287109e+02,1.3060947657e+00,2.3398665711e-02,3.2510996094e+04
538,1.9788320065e+00,-1.1891402006e+00,-4.9389050293e+02,1.3332501650e+00,6.2693938613e-02,3.2513406250e+04
539,1.9757748842e+00,-1.2480646372e+00,-5.3368908691e+02,1.3002974987e+00,1.1060325801e-01,3.2516585938e+04
540,1.9728291035e+00,-1.3057914972e+00,-5.6295782471e+02,1.3402912617e+00,1.4075171947e-01,3.2518912109e+04
541,1.9689273834e+00,-1.3590958118e+00,-6.2182751465e+02,1.3347605467e+00,1.8154907227e-01,3.2522500000e+04
542,1.9653049707e+00,-1.3961436749e+00,-6.8083007812e+02,1.3228458166e+00,2.5651580095e-01,3.2525958984e+04
543,1.9648009539e+00,-1.4088295698e+00,-7.5648840332e+02,1.2889204025e+00,2.8996369243e-01,3.2528806641e+04
544,1.9696223736e+00,-1.4020905495e+00,-8.1566271973e+02,1.2896432877e+00,2.8241011500e-01,3.2532294922e+04
545,1.9813603163e+00,-1.3616557121e+00,-8.9369989014e+02,1.3377920389e+00,3.6352407932e-01,3.2535277344e+04
546,1.9977506399e+00,-1.2929949760e+00,-9.7604101562e+02,1.3708624840e+00,3.9228776097e-01,3.2537908203e+04
547,2.0260157585e+00,-1.2045589685e+00,-1.0442601318e+03,1.3592225313e+00,4.2974907160e-01,3.2541177734e+04
548,2.0622427464e+00,-1.1041085720e+00,-1.1149970703e+03,1.3518075943e+00,4.6678093076e-01,3.2544185547e+04
549,2.1070919037e+00,-1.0034452677e+00,-1.1894448242e+03,1.3590377569e+00,4.9608048797e-01,3.2547001953e+04
550,2.1558954716e+00,-9.0521901846e-01,-1.2527828369e+03,1.3650960922e+00,5.3134095669e-01,3.2551771484e+04
551,2.2059020996e+00,-8.1122857332e-01,-1.3136546631e+03,1.3657189608e+00,5.2527320385e-01,3.2555201172e+04
552,2.2537076473e+00,-7.1911376715e-01,-1.3773970947e+03,1.3946276903e+00,5.4453611374e-01,3.2558632812e+04
553,2.2992897034e+00,-6.2658858299e-01,-1.4174781494e+03,1.3850528002e+00,5.7441109419e-01,3.2562121094e+04
554,2.3432416916e+00,-5.3141462803e-01,-1.4583565674e+03,1.4034538269e+00,5.4871916771e-01,3.2565359375e+04
555,2.3841929436e+00,-4.3632379174e-01,-1.5040430908e+03,1.3923419714e+00,5.8178460598e-01,3.2569304688e+04
556,2.4239604473e+00,-3.3860489726e-01,-1.5379301758e+03,1.4155876637e+00,5.9703546762e-01,3.2573503906e+04
557,2.4600338936e+00,-2.3983298242e-01,-1.5660447998e+03,1.4071502686e+00,6.1766040325e-01,3.2576701172e+04
558,2.4936995506e+00,-1.3859291375e-01,-1.5872258301e+03,1.4191468954e+00,6.0322225094e-01,3.2580199219e+04
559,2.5241644382e+00,-3.5348877311e-02,-1.5961768799e+03,1.3940182924e+00,5.9784787893e-01,3.2583376953e+04
560,2.5509314537e+00,6.7555919290e-02,-1.5962669678e+03,1.4464298487e+00,5.7406699657e-01,3.2586150391e+04
561,2.5751903057e+00,1.6744168103e-01,-1.5926754150e+03,1.4221055508e+00,5.7011055946e-01,3.2589330078e+04
562,2.5944139957e+00,2.6559606194e-01,-1.5741776123e+03,1.4551984072e+00,5.7624435425e-01,3.2592173828e+04
563,2.6103796959e+00,3.6097520590e-01,-1.5501708984e+03,1.4453401566e+00,5.4731184244e-01,3.2594419922e+04
564,2.6214036942e+00,4.5268371701e-01,-1.5184267578e+03,1.4241939783e+00,5.4475021362e-01,3.2596281250e+04
565,2.6278181076e+00,5.3910577297e-01,-1.4819487305e+03,1.4445589781e+00,5.0408363342e-01,3.2599136719e+04
566,2.6305108070e+00,6.2041151524e-01,-1.4257967529e+03,1.4148118496e+00,4.8115524650e-01,3.2602494141e+04
567,2.6293168068e+00,6.9812577963e-01,-1.3782597656e+03,1.4226965904e+00,4.6059563756e-01,3.2605429688e+04
568,2.6238713264e+00,7.6779961586e-01,-1.3225078125e+03,1.4235413074e+00,4.1544288397e-01,3.2608812500e+04
569,2.6138911247e+00,8.2962137461e-01,-1.2498239746e+03,1.4231321812e+00,4.0416854620e-01,3.2611177734e+04
570,2.5998904705e+00,8.8616085052e-01,-1.1873221436e+03,1.4265909195e+00,3.8250815868e-01,3.2612794922e+04
571,2.5811111927e+00,9.3646991253e-01,-1.1217183838e+03,1.4370841980e+00,3.4617727995e-01,3.2615470703e+04
572,2.5579242706e+00,9.8043644428e-01,-1.0449307861e+03,1.4186835289e+00,3.0470442772e-01,3.2618207031e+04
573,2.5332725048e+00,1.0147650242e+00,-9.8749200439e+02,1.4207295179e+00,2.5582686067e-01,3.2620708984e+04
574,2.5069298744e+00,1.0428168774e+00,-9.1715771484e+02,1.4123163223e+00,2.6057717204e-01,3.2623181641e+04
575,2.4772925377e+00,1.0660587549e+00,-8.6752856445e+02,1.3751015663e+00,2.1196182072e-01,3.2626117188e+04
576,2.4464039803e+00,1.0830411911e+00,-8.0473443604e+02,1.3952322006e+00,1.3114173710e-01,3.2629066406e+04
577,2.4131605625e+00,1.0945553780e+00,-7.4897912598e+02,1.4278368950e+00,1.1715804785e-01,3.2632626953e+04
578,2.3789992332e+00,1.1012656689e+00,-6.9041754150e+02,1.3936057091e+00,6.6027604043e-02,3.2636044922e+04
579,2.3456563950e+00,1.1025897264e+00,-6.4999346924e+02,1.3482155800e+00,5.7045593858e-02,3.2638705078e+04
580,2.3140459061e+00,1.1002088785e+00,-6.0385711670e+02,1.3888375759e+00,1.1263885535e-02,3.2642375000e+04
581,2.2823929787e+00,1.0959123373e+00,-5.6162731934e+02,1.3541034460e+00,-1.2465209700e-02,3.2646417969e+04
582,2.2520053387e+00,1.0894104242e+00,-5.2098370361e+02,1.3999210596e+00,-7.7996365726e-02,3.2650464844e+04
583,2.2231760025e+00,1.0818996429e+00,-5.0626275635e+02,1.3399026394e+00,-8.9045330882e-02,3.2654144531e+04
584,2.1945369244e+00,1.0757186413e+00,-4.6591259766e+02,1.3715126514e+00,-1.5581329167e-01,3.2658628906e+04
585,2.1668806076e+00,1.0676236153e+00,-4.5956262207e+02,1.3502972126e+00,-1.7653450370e-01,3.2663023438e+04
586,2.1419968605e+00,1.0620824099e+00,-4.3364270020e+02,1.3792114258e+00,-1.8160362542e-01,3.2666824219e+04
587,2.1179378033e+00,1.0588114262e+00,-4.2738546753e+02,1.3913363218e+00,-2.4772727489e-01,3.2671763672e+04
588,2.0975546837e+00,1.0567188263e+00,-4.0571759033e+02,1.3616135120e+00,-2.8991118073e-01,3.2677349609e+04
589,2.0787372589e+00,1.0558364391e+00,-4.1327066040e+02,1.3281219006e+00,-3.0752059817e-01,3.2683054688e+04
590,2.0611481667e+00,1.0574201345e+00,-4.0934039307e+02,1.3229224682e+00,-3.1627213955e-01,3.2687683594e+04
591,2.0463380814e+00,1.0613306761e+00,-3.9111508179e+02,1.3745487928e+00,-3.3191916347e-01,3.2691839844e+04
592,2.0329287052e+00,1.0665578842e+00,-4.0092013550e+02,1.3968429565e+00,-3.6868682504e-01,3.2696031250e+04
593,2.0208375454e+00,1.0720604658e+00,-3.9705184937e+02,1.3460751772e+00,-3.9397978783e-01,3.2700898438e+04
594,2.0095055103e+00,1.0803433657e+00,-4.0314831543e+02,1.4025458097e+00,-4.0775030851e-01,3.2705300781e+04
595,1.9990141392e+00,1.0894489288e+00,-4.0949890137e+02,1.3776065111e+00,-4.2129111290e-01,3.2709326172e+04
596,1.9893751144e+00,1.0992887020e+00,-4.2132785034e+02,1.4205762148e+00,-4.4293281436e-01,3.2713173828e+04
597,1.9807444811e+00,1.1097651720e+00,-4.3148242188e+02,1.3861682415e+00,-4.3837165833e-01,3.2716802734e+04
598,1.9725183249e+00,1.1223387718e+00,-4.4174444580e+02,1.3607277870e+00,-4.7499388456e-01,3.2720085938e+04
599,1.9645762444e+00,1.1355760098e+00,-4.5813983154e+02,1.3564394712e+00,-4.7578942776e-01,3.2723316406e+04
600,1.9575670958e+00,1.1502710581e+00,-4.6437554932e+02,1.3962500095e+00,-4.5124998689e-01,3.2725513672e+04
601,1.9504356384e+00,1.1654125452e+00,-4.8729824829e+02,1.3971992731e+00,-4.3065810204e-01,3.2727533203e+04
602,1.9430313110e+00,1.1826140881e+00,-5.0337066650e+02,1.3794082403e+00,-4.3799117208e-01,3.2729105469e+04
603,1.9375668764e+00,1.2011878490e+00,-5.2331195068e+02,1.4117872715e+00,-4.7662994266e-01,3.2730384766e+04
604,1.9321639538e+00,1.2209982872e+00,-5.4242077637e+02,1.4057673216e+00,-4.7091591358e-01,3.2730968750e+04
605,1.9264686108e+00,1.2417650223e+00,-5.6650097656e+02,1.4270095825e+00,-4.4390007854e-01,3.2731347656e+04
606,1.9210141897e+00,1.2658369541e+00,-5.9535589600e+02,1.4012897015e+00,-4.1640022397e-01,3.2732314453e+04
607,1.9150873423e+00,1.2941242456e+00,-6.2473382568e+02,1.3880989552e+00,-4.1762688756e-01,3.2732085938e+04
608,1.9096205235e+00,1.3265159130e+00,-6.5837854004e+02,1.3880599737e+00,-4.3705353141e-01,3.2731904297e+04
609,1.9040362835e+00,1.3660277128e+00,-6.8152008057e+02,1.3851764202e+00,-3.8162139058e-01,3.2732152344e+04
610,1.8984677792e+00,1.4121822119e+00,-7.2302789307e+02,1.3987497091e+00,-3.6161682010e-01,3.2730978516e+04
611,1.8926769495e+00,1.4635412693e+00,-7.6916381836e+02,1.4221595526e+00,-3.5058417916e-01,3.2730785156e+04
612,1.8851537704e+00,1.5191864967e+00,-8.0583636475e+02,1.3728390932e+00,-2.9144355655e-01,3.2730488281e+04
613,1.8791640997e+00,1.5702544451e+00,-8.7154632568e+02,1.3827990294e+00,-3.0630728602e-01,3.2729679688e+04
614,1.8735672235e+00,1.6160385609e+00,-9.3635601807e+02,1.3889155388e+00,-2.8759667277e-01,3.2729513672e+04
615,1.8698934317e+00,1.6454741955e+00,-1.0031777344e+03,1.3812817335e+00,-2.5216391683e-01,3.2730062500e+04
616,1.8710786104e+00,1.6547294855e+00,-1.0799194336e+03,1.3832821846e+00,-1.9754485786e-01,3.2729529297e+04
617,1.8789145947e+00,1.6380763054e+00,-1.1663800049e+03,1.3566378355e+00,-1.9420929253e-01,3.2729941406e+04
618,1.8937379122e+00,1.5942159891e+00,-1.2481251221e+03,1.3411304951e+00,-1.6270118952e-01,3.2730511719e+04
619,1.9204107523e+00,1.5314964056e+00,-1.3160046387e+03,1.3574891090e+00,-1.3078376651e-01,3.2731542969e+04
620,1.9516949654e+00,1.4553186893e+00,-1.3993536377e+03,1.3636697531e+00,-9.7242660820e-02,3.2732447266e+04
621,1.9898506403e+00,1.3697800636e+00,-1.4880460205e+03,1.3723747730e+00,-9.1424331069e-02,3.2734056641e+04
622,2.0327465534e+00,1.2852123976e+00,-1.5515946045e+03,1.3254014254e+00,-5.6801833212e-02,3.2735535156e+04
623,2.0758965015e+00,1.2037442923e+00,-1.6179327393e+03,1.3278229237e+00,-2.3089598864e-02,3.2737328125e+04
624,2.1169197559e+00,1.1276338100e+00,-1.6898502197e+03,1.3378608227e+00,1.9431380555e-02,3.2738822266e+04
625,2.1540441513e+00,1.0564860106e+00,-1.7696182861e+03,1.3352119923e+00,6.3722684979e-02,3.2740673828e+04
626,2.1870512962e+00,9.8441874981e-01,-1.8231088867e+03,1.3302417994e+00,7.6610870659e-02,3.2741576172e+04
627,2.2162947655e+00,9.1058480740e-01,-1.8998088379e+03,1.3438534737e+00,1.0090950131e-01,3.2742488281e+04
628,2.2442443371e+00,8.2986736298e-01,-1.9745997314e+03,1.3511276245e+00,1.3472221792e-01,3.2744705078e+04
629,2.2685580254e+00,7.4395799637e-01,-2.0336724854e+03,1.3606735468e+00,1.8302322924e-01,3.2745658203e+04
630,2.2919442654e+00,6.5245354176e-01,-2.0968923340e+03,1.3040002584e+00,2.1638908982e-01,3.2746648438e+04
631,2.3131666183e+00,5.5670821667e-01,-2.1589636230e+03,1.3297799826e+00,2.2849997878e-01,3.2747679688e+04
632,2.3329563141e+00,4.5694160461e-01,-2.1998759766e+03,1.3519644737e+00,2.3567801714e-01,3.2748796875e+04
633,2.3503830433e+00,3.5462650657e-01,-2.2463918457e+03,1.3333538771e+00,2.7074065804e-01,3.2749412109e+04
634,2.3645217419e+00,2.4983897805e-01,-2.2785646973e+03,1.3187602758e+00,3.1378257275e-01,3.2749832031e+04
635,2.3772933483e+00,1.4539097250e-01,-2.2964863281e+03,1.3069387674e+00,2.9394730926e-01,3.2750375000e+04
636,2.3872778416e+00,3.9295643568e-02,-2.3190598145e+03,1.3425559998e+00,3.2078576088e-01,3.2750843750e+04
637,2.3958399296e+00,-6.9066032767e-02,-2.3258498535e+03,1.3308470249e+00,3.4995475411e-01,3.2751386719e+04
638,2.3992018700e+00,-1.7689532042e-01,-2.3302329102e+03,1.3592196703e+00,3.6327254772e-01,3.2750853516e+04
639,2.4005603790e+00,-2.8691479564e-01,-2.3243095703e+03,1.3153510094e+00,3.6991301179e-01,3.2749929688e+04
640,2.3988957405e+00,-3.9488565922e-01,-2.3052045898e+03,1.3451825380e+00,3.6110565066e-01,3.2749500000e+04
641,2.3950922489e+00,-5.0432145596e-01,-2.2714306641e+03,1.3653558493e+00,3.9831206203e-01,3.2748085938e+04
642,2.3893692493e+00,-6.1284625530e-01,-2.2419562988e+03,1.3443042040e+00,3.7937912345e-01,3.2747054688e+04
643,2.3809101582e+00,-7.2067427635e-01,-2.2014479980e+03,1.3382143974e+00,4.0526360273e-01,3.2745804688e+04
644,2.3705029488e+00,-8.2621544600e-01,-2.1460034180e+03,1.3405890465e+00,4.1072472930e-01,3.2744037109e+04
645,2.3569922447e+00,-9.2778605223e-01,-2.0797885742e+03,1.3286968470e+00,4.3378394842e-01,3.2742777344e+04
646,2.3417422771e+00,-1.0277820826e+00,-2.0076533203e+03,1.3657662868e+00,4.0295562148e-01,3.2740439453e+04
647,2.3235051632e+00,-1.1249566078e+00,-1.9459897461e+03,1.3855334520e+00,4.0389296412e-01,3.2739316406e+04
648,2.3031604290e+00,-1.2152687311e+00,-1.8520822754e+03,1.3602478504e+00,4.0964728594e-01,3.2737150391e+04
649,2.2803249359e+00,-1.2967383862e+00,-1.7783378906e+03,1.3739323616e+00,4.2484635115e-01,3.2735521484e+04
650,2.2542579174e+00,-1.3708667755e+00,-1.6861912842e+03,1.3525085449e+00,4.1423043609e-01,3.2734134766e+04
651,2.2294340134e+00,-1.4379228354e+00,-1.5695870361e+03,1.3909845352e+00,3.7667441368e-01,3.2732740234e+04
652,2.2004709244e+00,-1.4959801435e+00,-1.5003839111e+03,1.3638628721e+00,3.7019753456e-01,3.2731599609e+04
653,2.1708593369e+00,-1.5461589098e+00,-1.3985621338e+03,1.3823924065e+00,3.3935829997e-01,3.2731404297e+04
654,2.1419155598e+00,-1.5892742872e+00,-1.3223912354e+03,1.3571051359e+00,3.1779000163e-01,3.2731931641e+04
655,2.1127219200e+00,-1.6210827827e+00,-1.2375419922e+03,1.3531264067e+00,3.0828207731e-01,3.2733646484e+04
656,2.0832240582e+00,-1.6430845261e+00,-1.1526766357e+03,1.3389153481e+00,3.1386902928e-01,3.2734837891e+04
657,2.0561254025e+00,-1.6585773230e+00,-1.0855277100e+03,1.3774917126e+00,2.7272698283e-01,3.2735875000e+04
658,2.0294508934e+00,-1.6689275503e+00,-1.0119951782e+03,1.3657429218e+00,2.2942978144e-01,3.2738916016e+04
659,2.0056116581e+00,-1.6748315096e+00,-9.5176940918e+02,1.3318554163e+00,2.3122520745e-01,3.2741619141e+04
660,1.9819890261e+00,-1.6765094995e+00,-8.9074865723e+02,1.3716458082e+00,2.0810508728e-01,3.2745537109e+04
661,1.9612253904e+00,-1.6777880192e+00,-8.5984149170e+02,1.3398545980e+00,1.8546806276e-01,3.2749410156e+04
662,1.9418123960e+00,-1.6759897470e+00,-8.1141217041e+02,1.3305749893e+00,1.4894378185e-01,3.2753375000e+04
663,1.9247962236e+00,-1.6734886169e+00,-7.8096722412e+02,1.3397858143e+00,1.2478729337e-01,3.2757236328e+04
664,1.9096256495e+00,-1.6724581718e+00,-7.4707067871e+02,1.3136612177e+00,1.0145057738e-01,3.2762123047e+04
665,1.8959593773e+00,-1.6717042923e+00,-7.4863751221e+02,1.3208242655e+00,6.2173385173e-02,3.2767056641e+04
666,1.8821454048e+00,-1.6699258089e+00,-7.2259515381e+02,1.3237075806e+00,5.6500092149e-02,3.2771296875e+04
667,1.8700383902e+00,-1.6718380451e+00,-7.2336700439e+02,1.3275872469e+00,-2.9943771660e-02,3.2775214844e+04
668,1.8575485945e+00,-1.6730495691e+00,-7.1940264893e+02,1.3426733017e+00,-5.1498565823e-02,3.2778960938e+04
669,1.8471328020e+00,-1.6705687046e+00,-7.3363989258e+02,1.3179484606e+00,-3.8428649306e-02,3.2782027344e+04
670,1.8380167484e+00,-1.6724561453e+00,-7.3900964355e+02,1.3353736401e+00,-9.0740963817e-02,3.2785750000e+04
671,1.8287550211e+00,-1.6800869703e+00,-7.7062066650e+02,1.3386703730e+00,-1.0202965140e-01,3.2788714844e+04
672,1.8187395334e+00,-1.6931269169e+00,-7.9677990723e+02,1.3058143854e+00,-1.1547157168e-01,3.2790410156e+04
673,1.8078739643e+00,-1.7134786844e+00,-8.2188525391e+02,1.2866661549e+00,-1.5039131045e-01,3.2790531250e+04
674,1.7980568409e+00,-1.7408947945e+00,-8.5981427002e+02,1.3230029345e+00,-1.8926048279e-01,3.2791343750e+04
675,1.7878497839e+00,-1.7730743885e+00,-9.0157897949e+02,1.3355389833e+00,-2.4802474678e-01,3.2790656250e+04
676,1.7810926437e+00,-1.8073810339e+00,-9.4208483887e+02,1.3461869955e+00,-2.6053833961e-01,3.2789328125e+04
677,1.7720344067e+00,-1.8452074528e+00,-1.0246086426e+03,1.3218439817e+00,-2.7534690499e-01,3.2786964844e+04
678,1.7626727819e+00,-1.8802571297e+00,-1.0935859375e+03,1.3087862730e+00,-2.8918603063e-01,3.2784730469e+04
679,1.7541235685e+00,-1.9022500515e+00,-1.1639201660e+03,1.3016064167e+00,-3.1125390530e-01,3.2781289062e+04
680,1.7495282888e+00,-1.9030815363e+00,-1.2348569336e+03,1.3212683201e+00,-3.5543167591e-01,3.2776816406e+04
681,1.7508300543e+00,-1.8830019236e+00,-1.3488238525e+03,1.3378697634e+00,-3.6579763889e-01,3.2773132812e+04
682,1.7575989962e+00,-1.8361127377e+00,-1.4257141113e+03,1.3346191645e+00,-4.0579208732e-01,3.2767123047e+04
683,1.7724728584e+00,-1.7630085945e+00,-1.5375056152e+03,1.3240623474e+00,-3.9558097720e-01,3.2761650391e+04
684,1.7977007627e+00,-1.6806985140e+00,-1.6249987793e+03,1.3300464153e+00,-4.1333428025e-01,3.2755994141e+04
685,1.8279728889e+00,-1.5912854671e+00,-1.7314617920e+03,1.2908266783e+00,-4.0783813596e-01,3.2749439453e+04
686,1.8599210978e+00,-1.4991493225e+00,-1.8266365967e+03,1.3452190161e+00,-4.2376899719e-01,3.2743214844e+04
687,1.8933666945e+00,-1.4089601040e+00,-1.9189096680e+03,1.3608440161e+00,-4.4786384702e-01,3.2736878906e+04
688,1.9247901440e+00,-1.3206527233e+00,-2.0088109131e+03,1.3437427282e+00,-4.4472068548e-01,3.2731085938e+04
689,1.9518809319e+00,-1.2305051088e+00,-2.1118513184e+03,1.3568850756e+00,-4.5952650905e-01,3.2724572266e+04
690,1.9767216444e+00,-1.1354155540e+00,-2.1795854492e+03,1.3668240309e+00,-4.5611411333e-01,3.2718140625e+04
691,1.9993686676e+00,-1.0346968174e+00,-2.2637758789e+03,1.3532409668e+00,-4.4488364458e-01,3.2711800781e+04
692,2.0208742619e+00,-9.2520433664e-01,-2.3391015625e+03,1.3678370714e+00,-4.5599570870e-01,3.2706726562e+04
693,2.0414705276e+00,-8.0770868063e-01,-2.4063737793e+03,1.3445675373e+00,-4.7889328003e-01,3.2701962891e+04
694,2.0628106594e+00,-6.8288052082e-01,-2.4673588867e+03,1.3546887636e+00,-4.4788703322e-01,3.2697568359e+04
695,2.0851697922e+00,-5.5514347553e-01,-2.5265854492e+03,1.3688343763e+00,-4.2605057359e-01,3.2692882812e+04
696,2.1099286079e+00,-4.2462742329e-01,-2.5656286621e+03,1.3699399233e+00,-4.1404601932e-01,3.2689757812e+04
697,2.1364374161e+00,-2.9020714760e-01,-2.5990527344e+03,1.3725820780e+00,-4.2660322785e-01,3.2687000000e+04
698,2.1638829708e+00,-1.5572957695e-01,-2.6169689941e+03,1.3672778606e+00,-3.9258438349e-01,3.2684656250e+04
699,2.1929461956e+00,-1.8071562052e-02,-2.6311608887e+03,1.3919008970e+00,-3.9883720875e-01,3.2683166016e+04
700,2.2232489586e+00,1.2028651685e-01,-2.6369499512e+03,1.3518196344e+00,-3.6987000704e-01,3.2681570312e+04
701,2.2556838989e+00,2.5921705365e-01,-2.6282783203e+03,1.3742604256e+00,-3.5969239473e-01,3.2681175781e+04
702,2.2898383141e+00,3.9950948954e-01,-2.6140651855e+03,1.3707424402e+00,-3.0860146880e-01,3.2680785156e+04
703,2.3244702816e+00,5.4006361961e-01,-2.5808002930e+03,1.3507977724e+00,-3.2730728388e-01,3.2680910156e+04
704,2.3614521027e+00,6.8165838718e-01,-2.5491362305e+03,1.3568111658e+00,-2.5568208098e-01,3.2680501953e+04
705,2.3998138905e+00,8.2238632441e-01,-2.4874733887e+03,1.3824353218e+00,-2.6823502779e-01,3.2680953125e+04
706,2.4385654926e+00,9.5934492350e-01,-2.4287348633e+03,1.3342313766e+00,-2.3266609013e-01,3.2682115234e+04
707,2.4778442383e+00,1.0923694372e+00,-2.3541252441e+03,1.3348780870e+00,-2.0364387333e-01,3.2682728516e+04
708,2.5167708397e+00,1.2167631388e+00,-2.2727675781e+03,1.3375719786e+00,-1.4285141230e-01,3.2683740234e+04
709,2.5552561283e+00,1.3324348927e+00,-2.1754790039e+03,1.3556448221e+00,-1.3437926769e-01,3.2684228516e+04
710,2.5924441814e+00,1.4366580248e+00,-2.0695275879e+03,1.3060916662e+00,-9.8478466272e-02,3.2683914062e+04
711,2.6266493797e+00,1.5250755548e+00,-1.9649107666e+03,1.3242805004e+00,-2.9602967203e-02,3.2684015625e+04
712,2.6589200497e+00,1.5994671583e+00,-1.8500505371e+03,1.3233022690e+00,-1.6782607883e-02,3.2684521484e+04
713,2.6892294884e+00,1.6602487564e+00,-1.7317015381e+03,1.3347048759e+00,1.7838288099e-02,3.2684148438e+04
714,2.7182755470e+00,1.7052798271e+00,-1.6235196533e+03,1.3317360878e+00,3.7507630885e-02,3.2683273438e+04
715,2.7423555851e+00,1.7321236134e+00,-1.5045573730e+03,1.3506778479e+00,6.0934294015e-02,3.2682275391e+04
716,2.7649011612e+00,1.7429802418e+00,-1.3951345215e+03,1.3222680092e+00,1.1818038672e-01,3.2680902344e+04
717,2.7841501236e+00,1.7421678305e+00,-1.2881329346e+03,1.2997628450e+00,1.5459083021e-01,3.2679570312e+04
718,2.8036603928e+00,1.7261483669e+00,-1.1830677490e+03,1.3112440109e+00,1.6879646480e-01,3.2677056641e+04
719,2.8196325302e+00,1.7027071714e+00,-1.0870756836e+03,1.3312069178e+00,2.2137397528e-01,3.2673853516e+04
720,2.8365166187e+00,1.6676350832e+00,-9.8963031006e+02,1.3075317144e+00,2.4206352234e-01,3.2670457031e+04
721,2.8515002728e+00,1.6262847185e+00,-9.0495178223e+02,1.3170796633e+00,2.7452650666e-01,3.2666748047e+04
722,2.8625648022e+00,1.5737146139e+00,-8.3730816650e+02,1.3063830137e+00,2.7861648798e-01,3.2662871094e+04
723,2.8729169369e+00,1.5135796070e+00,-7.4658087158e+02,1.3300131559e+00,3.3575996757e-01,3.2658500000e+04
724,2.8835482597e+00,1.4490439892e+00,-6.9139221191e+02,1.3517103195e+00,3.6825394630e-01,3.2653048828e+04
725,2.8933959007e+00,1.3851833344e+00,-6.0175860596e+02,1.3136134148e+00,4.1883704066e-01,3.2647859375e+04
726,2.9017610550e+00,1.3199759722e+00,-5.6416467285e+02,1.3215191364e+00,4.2012879252e-01,3.2643023438e+04
727,2.9157252312e+00,1.2581136227e+00,-4.9275820923e+02,1.3154344559e+00,4.3318274617e-01,3.2637349609e+04
728,2.9302661419e+00,1.1971620321e+00,-4.5623373413e+02,1.3434749842e+00,4.6262961626e-01,3.2633056641e+04
729,2.9507396221e+00,1.1380965710e+00,-3.9847296143e+02,1.3527922630e+00,4.7569558024e-01,3.2628763672e+04
730,2.9750769138e+00,1.0777628422e+00,-3.4947607422e+02,1.3733259439e+00,4.8768803477e-01,3.2624134766e+04
731,3.0028350353e+00,1.0151377916e+00,-2.8503787231e+02,1.3596283197e+00,5.1706135273e-01,3.2621181641e+04
732,3.0321979523e+00,9.4747745991e-01,-2.6018893433e+02,1.3533667326e+00,5.1873135567e-01,3.2618695312e+04
733,3.0620145798e+00,8.7460368872e-01,-2.1724151611e+02,1.3687154055e+00,5.3462237120e-01,3.2617349609e+04
734,3.0905277729e+00,7.9173171520e-01,-1.8039019775e+02,1.3818452358e+00,5.3630143404e-01,3.2616248047e+04
735,3.1161003113e+00,7.0261627436e-01,-1.3370526123e+02,1.3599426746e+00,5.7051146030e-01,3.2616761719e+04
736,3.1363596916e+00,6.0516583920e-01,-1.1223348999e+02,1.3730633259e+00,5.4307359457e-01,3.2617992188e+04
737,3.1536321640e+00,5.0025296211e-01,-7.3108016968e+01,1.3765933514e+00,5.2545988560e-01,3.2619306641e+04
738,3.1634554863e+00,3.9103299379e-01,-4.6522041321e+01,1.3998531103e+00,5.6143939495e-01,3.2620955078e+04
739,3.1667001247e+00,2.7859687805e-01,-2.7096584320e+01,1.4181468487e+00,5.3776270151e-01,3.2624457031e+04
740,3.1615104675e+00,1.6094608605e-01,1.3626950264e+01,1.3975640535e+00,5.4696810246e-01,3.2628462891e+04
741,3.1496050358e+00,3.4363180399e-02,1.4320385933e+01,1.4058368206e+00,5.2298027277e-01,3.2632820312e+04
742,3.1193633080e+00,-3.8554601371e-02,3.8459053040e+00,1.4086804390e+00,4.9917802215e-01,3.2637953125e+04
743,3.1016550064e+00,-1.4140389860e-01,5.1284156799e+01,1.4114419222e+00,5.0032258034e-01,3.2644195312e+04
744,3.0791499615e+00,-2.4843886495e-01,4.5739509583e+01,1.3878788948e+00,4.8318356276e-01,3.2649910156e+04
745,3.0453026295e+00,-3.5023277998e-01,4.8618164062e+01,1.4199336767e+00,4.5890122652e-01,3.2654554688e+04
746,3.0061419010e+00,-4.3697476387e-01,5.3198902130e+01,1.3889256716e+00,4.5378789306e-01,3.2659806641e+04
747,2.9654850960e+00,-5.1252508163e-01,6.0497695923e+01,1.3832000494e+00,4.1400995851e-01,3.2663998047e+04
748,2.9230430126e+00,-5.7667255402e-01,5.3624877930e+01,1.3846673965e+00,3.7853366137e-01,3.2667291016e+04
749,2.8800849915e+00,-6.3179028034e-01,4.1560401917e+01,1.4113827944e+00,3.6165541410e-01,3.2670261719e+04
750,2.8368628025e+00,-6.7744898796e-01,2.5036293030e+01,1.4036724567e+00,3.2032072544e-01,3.2671863281e+04
751,2.7963240147e+00,-7.1480566263e-01,1.0838838577e+01,1.3883652687e+00,2.8547477722e-01,3.2672875000e+04
752,2.7531964779e+00,-7.4630939960e-01,-3.6768993378e+01,1.3962719440e+00,2.9792046547e-01,3.2672937500e+04
753,2.7158966064e+00,-7.7230972052e-01,-3.2900978088e+01,1.3428497314e+00,2.3433662951e-01,3.2672000000e+04
754,2.6801822186e+00,-7.9396498203e-01,-8.2684692383e+01,1.3725943565e+00,1.8747779727e-01,3.2668978516e+04
755,2.6485919952e+00,-8.1426727772e-01,-9.8261482239e+01,1.3798884153e+00,1.5676398575e-01,3.2664015625e+04
756,2.6218874454e+00,-8.3337384462e-01,-1.1991276550e+02,1.3500716686e+00,1.6147376597e-01,3.2658691406e+04
757,2.6013932228e+00,-8.5252499580e-01,-1.5893371582e+02,1.3327896595e+00,9.5858380198e-02,3.2651578125e+04
758,2.5831131935e+00,-8.7481480837e-01,-1.9150901794e+02,1.3614935875e+00,3.5845793784e-02,3.2643033203e+04
759,2.5692515373e+00,-8.9284920692e-01,-2.1518077087e+02,1.3263046741e+00,2.4273224175e-02,3.2633005859e+04
760,2.5603556633e+00,-9.0951442719e-01,-2.5634091187e+02,1.3718136549e+00,-2.5174789131e-02,3.2623093750e+04
761,2.5541956425e+00,-9.2409408092e-01,-2.7803738403e+02,1.3460409641e+00,-5.8819733560e-02,3.2611388672e+04
762,2.5495762825e+00,-9.3327754736e-01,-3.1749325562e+02,1.3242267370e+00,-1.0502937436e-01,3.2599013672e+04
763,2.5443935394e+00,-9.3902206421e-01,-3.5009628296e+02,1.3279575109e+00,-1.3230147958e-01,3.2585453125e+04
764,2.5395786762e+00,-9.3762040138e-01,-3.8507385254e+02,1.3401632309e+00,-1.6296653450e-01,3.2572587891e+04
765,2.5361807346e+00,-9.3283575773e-01,-4.0873260498e+02,1.3177679777e+00,-2.1419028938e-01,3.2558875000e+04
766,2.5339550972e+00,-9.2436349392e-01,-4.3511370850e+02,1.3344651461e+00,-2.4542503059e-01,3.2545021484e+04
767,2.5331916809e+00,-9.1709798574e-01,-4.7924493408e+02,1.3450909853e+00,-2.6998847723e-01,3.2530957031e+04
768,2.5347681046e+00,-9.1151356697e-01,-4.9905154419e+02,1.3437942266e+00,-3.0190932751e-01,3.2517416016e+04
769,2.5392274857e+00,-9.1132867336e-01,-5.3426141357e+02,1.3202950954e+00,-3.6324095726e-01,3.2504972656e+04
770,2.5472223759e+00,-9.1585344076e-01,-5.5754156494e+02,1.3276541233e+00,-3.9097365737e-01,3.2492507812e+04
771,2.5587525368e+00,-9.2344641685e-01,-5.9500354004e+02,1.3535999060e+00,-3.8518494368e-01,3.2479927734e+04
772,2.5736882687e+00,-9.3540984392e-01,-6.3019262695e+02,1.3588565588e+00,-4.3785345554e-01,3.2468558594e+04
773,2.5909190178e+00,-9.4769465923e-01,-6.6790075684e+02,1.3468228579e+00,-4.7706848383e-01,3.2457937500e+04
774,2.6079216003e+00,-9.5192795992e-01,-7.1555169678e+02,1.3704385757e+00,-5.1033586264e-01,3.2448287109e+04
775,2.6265094280e+00,-9.5046579838e-01,-7.6333850098e+02,1.3827600479e+00,-5.3007078171e-01,3.2439656250e+04
776,2.6412370205e+00,-9.3580251932e-01,-7.9891528320e+02,1.3655004501e+00,-5.2656340599e-01,3.2431785156e+04
777,2.6568951607e+00,-9.0884286165e-01,-8.7419812012e+02,1.3658636808e+00,-5.5205011368e-01,3.2425500000e+04
778,2.6695029736e+00,-8.6502760649e-01,-9.3777655029e+02,1.3704571724e+00,-5.6735682487e-01,3.2419396484e+04
779,2.6775860786e+00,-8.0678075552e-01,-9.9317333984e+02,1.3839160204e+00,-5.8894544840e-01,3.2415230469e+04
780,2.6825797558e+00,-7.3080313206e-01,-1.0472805176e+03,1.4226373434e+00,-5.6978487968e-01,3.2412412109e+04
781,2.6820578575e+00,-6.3678652048e-01,-1.1121730957e+03,1.4000480175e+00,-5.6362932920e-01,3.2410414062e+04
782,2.6772468090e+00,-5.3678709269e-01,-1.1852828369e+03,1.4264031649e+00,-6.1309295893e-01,3.2410205078e+04
783,2.6684365273e+00,-4.1955476999e-01,-1.2169289551e+03,1.4269665480e+00,-6.0597407818e-01,3.2409259766e+04
784,2.6576859951e+00,-2.9578366876e-01,-1.2618579102e+03,1.4551086426e+00,-5.8156263828e-01,3.2408728516e+04
785,2.6419270039e+00,-1.6060389578e-01,-1.2877156982e+03,1.4246978760e+00,-6.0268384218e-01,3.2409625000e+04
786,2.6242074966e+00,-1.9385695457e-02,-1.3017133789e+03,1.4117850065e+00,-6.0138940811e-01,3.2410214844e+04
787,2.6033661366e+00,1.2484665215e-01,-1.3236990967e+03,1.4082316160e+00,-5.7705211639e-01,3.2410671875e+04
788,2.5792369843e+00,2.7138587832e-01,-1.3210626221e+03,1.4156222343e+00,-5.5544519424e-01,3.2411216797e+04
789,2.5541226864e+00,4.1918629408e-01,-1.2875118408e+03,1.4365197420e+00,-5.4465365410e-01,3.2410169922e+04
790,2.5280861855e+00,5.6459152699e-01,-1.2697861328e+03,1.4361871481e+00,-5.3454852104e-01,3.2409867188e+04
791,2.5017814636e+00,7.0482724905e-01,-1.2353139648e+03,1.4382023811e+00,-5.1367121935e-01,3.2408546875e+04
792,2.4746286869e+00,8.3994120359e-01,-1.1939265137e+03,1.4380295277e+00,-5.0408643484e-01,3.2405390625e+04
793,2.4469387531e+00,9.6668088436e-01,-1.1462365723e+03,1.4574029446e+00,-4.6709290147e-01,3.2401556641e+04
794,2.4216709137e+00,1.0831300020e+00,-1.0726912842e+03,1.4085617065e+00,-4.4850122929e-01,3.2396257812e+04
795,2.3960227966e+00,1.1870428324e+00,-1.0179404297e+03,1.4139732122e+00,-4.3136397004e-01,3.2389830078e+04
796,2.3700733185e+00,1.2774327993e+00,-9.4061480713e+02,1.4073419571e+00,-3.5524544120e-01,3.2381183594e+04
797,2.3464035988e+00,1.3538331985e+00,-8.7298474121e+02,1.4070343971e+00,-3.2776013017e-01,3.2371132812e+04
798,2.3224129677e+00,1.4072041512e+00,-8.0068566895e+02,1.4328318834e+00,-3.2543241978e-01,3.2359599609e+04
799,2.2998237610e+00,1.4470913410e+00,-7.5125000000e+02,1.4139144421e+00,-3.1295037270e-01,3.2346035156e+04
800,2.2770826817e+00,1.4730359316e+00,-6.7944757080e+02,1.3979213238e+00,-2.2565543652e-01,3.2330175781e+04
801,2.2561361790e+00,1.4761128426e+00,-6.2370208740e+02,1.3765377998e+00,-1.7740958929e-01,3.2313601562e+04
802,2.2371582985e+00,1.4657375813e+00,-5.7050848389e+02,1.3989216089e+00,-1.8310661614e-01,3.2295634766e+04
803,2.2163653374e+00,1.4428910017e+00,-5.3811181641e+02,1.3834460974e+00,-1.2538924813e-01,3.2276267578e+04
804,2.2009859085e+00,1.4084969759e+00,-5.0908029175e+02,1.3883068562e+00,-6.8514101207e-02,3.2255794922e+04
805,2.1877861023e+00,1.3687086105e+00,-4.7140460205e+02,1.3419289589e+00,-4.0436323732e-02,3.2234302734e+04
806,2.1771142483e+00,1.3285814524e+00,-4.4676113892e+02,1.3797146082e+00,-1.4128417708e-02,3.2213939453e+04
807,2.1682908535e+00,1.2917107344e+00,-4.3083294678e+02,1.3665994406e+00,8.0121688545e-02,3.2192417969e+04
808,2.1632084846e+00,1.2614312172e+00,-4.2246191406e+02,1.3234155178e+00,7.9299241304e-02,3.2171919922e+04
809,2.1619753838e+00,1.2391705513e+00,-4.0070544434e+02,1.3838162422e+00,1.4112327993e-01,3.2151304688e+04
810,2.1626086235e+00,1.2265113592e+00,-3.9460656738e+02,1.3428496122e+00,1.5789489448e-01,3.2133351562e+04
811,2.1663839817e+00,1.2229199409e+00,-3.8279348755e+02,1.3433828354e+00,2.0831961930e-01,3.2116177734e+04
812,2.1737265587e+00,1.2276061773e+00,-3.7464172363e+02,1.3731006384e+00,2.4305304885e-01,3.2099910156e+04
813,2.1823735237e+00,1.2378262281e+00,-3.8484100342e+02,1.3553597927e+00,2.8719651699e-01,3.2085437500e+04
814,2.1907963753e+00,1.2506364584e+00,-3.7345297241e+02,1.3318030834e+00,3.1327202916e-01,3.2074298828e+04
815,2.2013959885e+00,1.2642182112e+00,-3.6952880859e+02,1.3327478170e+00,3.5982504487e-01,3.2064312500e+04
816,2.2147748470e+00,1.2736945152e+00,-3.6861062622e+02,1.3615255356e+00,3.9266639948e-01,3.2056462891e+04
817,2.2282888889e+00,1.2772748470e+00,-3.9265093994e+02,1.3511798382e+00,4.3590858579e-01,3.2050226562e+04
818,2.2431902885e+00,1.2731493711e+00,-3.9370388794e+02,1.3814818859e+00,4.6311691403e-01,3.2045628906e+04
819,2.2590761185e+00,1.2635149956e+00,-4.1847518921e+02,1.3781876564e+00,4.7214496136e-01,3.2043503906e+04
820,2.2767341137e+00,1.2498781681e+00,-4.2941088867e+02,1.3797317743e+00,4.8377415538e-01,3.2044365234e+04
821,2.2948639393e+00,1.2332922220e+00,-4.6753094482e+02,1.3604037762e+00,5.4099214077e-01,3.2045759766e+04
822,2.3147790432e+00,1.2176213264e+00,-4.8467996216e+02,1.3756991625e+00,5.5368930101e-01,3.2050150391e+04
823,2.3368694782e+00,1.2053172588e+00,-5.2626013184e+02,1.3877105713e+00,5.8090645075e-01,3.2055125000e+04
824,2.3611602783e+00,1.1964448690e+00,-5.4458923340e+02,1.4007197618e+00,5.9440529346e-01,3.2060169922e+04
825,2.3879466057e+00,1.1890720129e+00,-6.0528430176e+02,1.4002711773e+00,5.9829151630e-01,3.2067218750e+04
826,2.4159131050e+00,1.1788388491e+00,-6.3786279297e+02,1.4086569548e+00,6.1303257942e-01,3.2074281250e+04
827,2.4452466965e+00,1.1611561775e+00,-6.9552124023e+02,1.4301587343e+00,6.2735587358e-01,3.2082400391e+04
828,2.4738178253e+00,1.1377060413e+00,-7.6762713623e+02,1.4063431025e+00,6.3223862648e-01,3.2091074219e+04
829,2.5006070137e+00,1.1009770632e+00,-8.3854278564e+02,1.4092667103e+00,5.8561575413e-01,3.2099648438e+04
830,2.5288424492e+00,1.0457947254e+00,-9.0907208252e+02,1.4638953209e+00,6.2855798006e-01,3.2108154297e+04
831,2.5535244942e+00,9.7750854492e-01,-9.8737207031e+02,1.4553414583e+00,6.4484560490e-01,3.2116121094e+04
832,2.5742468834e+00,8.9315497875e-01,-1.0690354004e+03,1.4288508892e+00,5.8811610937e-01,3.2123000000e+04
833,2.5907666683e+00,7.9368591309e-01,-1.1372928467e+03,1.4515224695e+00,5.7812941074e-01,3.2130695312e+04
834,2.6046350002e+00,6.7746174335e-01,-1.2111878662e+03,1.4444313049e+00,5.8713090420e-01,3.2137298828e+04
835,2.6142902374e+00,5.5173194408e-01,-1.2573033447e+03,1.4243109226e+00,5.6537944078e-01,3.2141830078e+04
836,2.6206130981e+00,4.1670122743e-01,-1.3325838623e+03,1.4547101259e+00,5.2391111851e-01,3.2145992188e+04
837,2.6233453751e+00,2.7443063259e-01,-1.3706574707e+03,1.4039297104e+00,5.3482246399e-01,3.2148355469e+04
838,2.6209146976e+00,1.2562775612e-01,-1.4012540283e+03,1.4338638783e+00,5.0027680397e-01,3.2150355469e+04
839,2.6143388748e+00,-2.5797959417e-02,-1.4274599609e+03,1.4469790459e+00,4.8382079601e-01,3.2149121094e+04
840,2.6048905849e+00,-1.7790757120e-01,-1.4298360596e+03,1.4536129236e+00,4.5943406224e-01,3.2147228516e+04
841,2.5921823978e+00,-3.2883042097e-01,-1.4413765869e+03,1.4320989847e+00,4.2745253444e-01,3.2143664062e+04
842,2.5769507885e+00,-4.7747099400e-01,-1.4140397949e+03,1.4274673462e+00,3.6743590236e-01,3.2139945312e+04
843,2.5576438904e+00,-6.2166583538e-01,-1.3946497803e+03,1.3830357790e+00,3.5569739342e-01,3.2134398438e+04
844,2.5369043350e+00,-7.5515693426e-01,-1.3464693604e+03,1.3868325949e+00,3.1363341212e-01,3.2128914062e+04
845,2.5152199268e+00,-8.7723594904e-01,-1.3156015625e+03,1.3808724880e+00,2.9040238261e-01,3.2121992188e+04
846,2.4907095432e+00,-9.9146288633e-01,-1.2425118408e+03,1.4159545898e+00,2.6650106907e-01,3.2114671875e+04
847,2.4622683525e+00,-1.0938308239e+00,-1.1927540283e+03,1.3772827387e+00,1.7881813645e-01,3.2106416016e+04
848,2.4352250099e+00,-1.1745619774e+00,-1.1122365723e+03,1.3875852823e+00,1.4323264360e-01,3.2099171875e+04
849,2.4071183205e+00,-1.2439123392e+00,-1.0526871338e+03,1.3869476318e+00,1.2999886274e-01,3.2091236328e+04
850,2.3785879612e+00,-1.2956058979e+00,-9.7233001709e+02,1.3737734556e+00,1.1068069190e-01,3.2083816406e+04
851,2.3484580517e+00,-1.3270351887e+00,-9.2883764648e+02,1.3455858231e+00,5.8451157063e-02,3.2077066406e+04
852,2.3212752342e+00,-1.3438574076e+00,-8.4318334961e+02,1.3626475334e+00,1.6865005717e-02,3.2071423828e+04
853,2.2925839424e+00,-1.3465549946e+00,-8.0281243896e+02,1.3795824051e+00,-2.6719512418e-02,3.2066078125e+04
854,2.2656731606e+00,-1.3379464149e+00,-7.4164630127e+02,1.3607238531e+00,-9.0005569160e-02,3.2061478516e+04
855,2.2400581837e+00,-1.3190094233e+00,-7.0087542725e+02,1.3280557394e+00,-1.2942329049e-01,3.2059425781e+04
856,2.2187466621e+00,-1.2975186110e+00,-6.5585760498e+02,1.3399398327e+00,-1.7721657455e-01,3.2057537109e+04
857,2.2018508911e+00,-1.2759679556e+00,-6.2350933838e+02,1.3720488548e+00,-2.0236785710e-01,3.2056484375e+04
858,2.1863520145e+00,-1.2590576410e+00,-5.9251403809e+02,1.3453129530e+00,-2.5727126002e-01,3.2057277344e+04
859,2.1746919155e+00,-1.2475342751e+00,-5.6664526367e+02,1.3343899250e+00,-2.7828729153e-01,3.2059044922e+04
860,2.1649343967e+00,-1.2442854643e+00,-5.5463244629e+02,1.3447549343e+00,-3.4224089980e-01,3.2061564453e+04
861,2.1569044590e+00,-1.2482159138e+00,-5.2840649414e+02,1.3679592609e+00,-3.5291939974e-01,3.2064783203e+04
862,2.1517930031e+00,-1.2576655149e+00,-5.1816540527e+02,1.3479733467e+00,-3.6242705584e-01,3.2068832031e+04
863,2.1482493877e+00,-1.2691296339e+00,-5.1054306030e+02,1.3701788187e+00,-4.4356071949e-01,3.2074138672e+04
864,2.1471931934e+00,-1.2795220613e+00,-5.0205767822e+02,1.3712459803e+00,-4.6602526307e-01,3.2080173828e+04
865,2.1458244324e+00,-1.2877643108e+00,-5.2223120117e+02,1.3626573086e+00,-4.8120975494e-01,3.2086384766e+04
866,2.1460359097e+00,-1.2893002033e+00,-5.2489318848e+02,1.3618118763e+00,-5.1408690214e-01,3.2092648438e+04
867,2.1472814083e+00,-1.2836635113e+00,-5.3924011230e+02,1.4031106234e+00,-5.2004259825e-01,3.2099511719e+04
868,2.1504857540e+00,-1.2712438107e+00,-5.6082916260e+02,1.4349811077e+00,-5.7526934147e-01,3.2106935547e+04
869,2.1557214260e+00,-1.2554200888e+00,-5.7907092285e+02,1.4236667156e+00,-5.9154874086e-01,3.2113652344e+04
870,2.1617386341e+00,-1.2395784855e+00,-6.2922882080e+02,1.3950332403e+00,-5.8994036913e-01,3.2120542969e+04
871,2.1683557034e+00,-1.2245533466e+00,-6.6763507080e+02,1.4071847200e+00,-5.9380930662e-01,3.2127458984e+04
872,2.1747910976e+00,-1.2123756409e+00,-7.0941314697e+02,1.4105858803e+00,-6.0544776917e-01,3.2134197266e+04
873,2.1820611954e+00,-1.2009060383e+00,-7.6411633301e+02,1.4429904222e+00,-6.2682718039e-01,3.2139902344e+04
874,2.1892981529e+00,-1.1908975840e+00,-8.2607354736e+02,1.4339584112e+00,-6.1959284544e-01,3.2145455078e+04
875,2.1952834129e+00,-1.1768788099e+00,-8.9163916016e+02,1.4379616976e+00,-6.4478594065e-01,3.2150970703e+04
876,2.1978111267e+00,-1.1531732082e+00,-9.6626757812e+02,1.4351031780e+00,-6.2337893248e-01,3.2155048828e+04
877,2.1986258030e+00,-1.1152333021e+00,-1.0370900879e+03,1.4423900843e+00,-6.3659739494e-01,3.2159515625e+04
878,2.1987347603e+00,-1.0633826256e+00,-1.1332971191e+03,1.4511648417e+00,-6.1150747538e-01,3.2163019531e+04
879,2.1968731880e+00,-9.9401861429e-01,-1.2122061768e+03,1.4532208443e+00,-6.0488379002e-01,3.2165123047e+04
880,2.1927607059e+00,-9.1032755375e-01,-1.3048361816e+03,1.4514552355e+00,-5.7797563076e-01,3.2167109375e+04
881,2.1888706684e+00,-8.1389975548e-01,-1.3684768066e+03,1.4220639467e+00,-5.6105768681e-01,3.2168601562e+04
882,2.1815867424e+00,-7.0263361931e-01,-1.4526282959e+03,1.4456025362e+00,-5.6878125668e-01,3.2169298828e+04
883,2.1721403599e+00,-5.7596445084e-01,-1.5270841064e+03,1.4494721889e+00,-5.2780336142e-01,3.2169861328e+04
884,2.1623837948e+00,-4.4030439854e-01,-1.6001790771e+03,1.4219735861e+00,-5.0807225704e-01,3.2169474609e+04
885,2.1528594494e+00,-2.9653057456e-01,-1.6432239990e+03,1.4661369324e+00,-4.6935698390e-01,3.2168492188e+04
886,2.1423020363e+00,-1.4686074853e-01,-1.6857416992e+03,1.4293198586e+00,-4.4707787037e-01,3.2167703125e+04
887,2.1304230690e+00,7.8789247200e-03,-1.7014951172e+03,1.4465124607e+00,-4.0962326527e-01,3.2166195312e+04
888,2.1186172962e+00,1.6221971810e-01,-1.7191552734e+03,1.4162577391e+00,-3.7409409881e-01,3.2164613281e+04
889,2.1056311131e+00,3.1574380398e-01,-1.7111726074e+03,1.4094220400e+00,-3.6437180638e-01,3.2163265625e+04
890,2.0942399502e+00,4.6679672599e-01,-1.7011658936e+03,1.4017328024e+00,-3.2125183940e-01,3.2162083984e+04
891,2.0844995975e+00,6.1593562365e-01,-1.6718079834e+03,1.4268100262e+00,-2.9431998730e-01,3.2158863281e+04
892,2.0745432377e+00,7.6081496477e-01,-1.6275715332e+03,1.4425616264e+00,-2.4024124444e-01,3.2156593750e+04
893,2.0663652420e+00,9.0126317739e-01,-1.5706771240e+03,1.4234896898e+00,-1.8136909604e-01,3.2154449219e+04
894,2.0589134693e+00,1.0310161114e+00,-1.5166704102e+03,1.3862931728e+00,-1.7420242727e-01,3.2152173828e+04
895,2.0513622761e+00,1.1497933865e+00,-1.4563218994e+03,1.4190865755e+00,-1.0485252738e-01,3.2149511719e+04
896,2.0489966869e+00,1.2587264776e+00,-1.3543872070e+03,1.3788855076e+00,-1.0110641271e-01,3.2147751953e+04
897,2.0463442802e+00,1.3517683744e+00,-1.3092823486e+03,1.3863396645e+00,-3.6787413061e-02,3.2145298828e+04
898,2.0472502708e+00,1.4259080887e+00,-1.2070146484e+03,1.3655685186e+00,1.6064072028e-02,3.2143177734e+04
899,2.0463862419e+00,1.4831632376e+00,-1.1593309326e+03,1.3579223156e+00,3.7869643420e-02,3.2142230469e+04
900,2.0466642380e+00,1.5215630531e+00,-1.0671757812e+03,1.3592746258e+00,1.1103133857e-01,3.2140173828e+04
901,2.0507078171e+00,1.5415120125e+00,-1.0113973389e+03,1.3518446684e+00,1.1293029785e-01,3.2138140625e+04
902,2.0527503490e+00,1.5479412079e+00,-9.4608074951e+02,1.3410134315e+00,1.7970375717e-01,3.2136833984e+04
903,2.0580413342e+00,1.5354462862e+00,-8.9257800293e+02,1.3492202759e+00,2.1685348451e-01,3.2135039062e+04
904,2.0637309551e+00,1.5164774656e+00,-8.4368664551e+02,1.3543101549e+00,2.7705672383e-01,3.2133783203e+04
905,2.0733335018e+00,1.4926506281e+00,-7.9999963379e+02,1.3546735048e+00,3.0750143528e-01,3.2131990234e+04
906,2.0817141533e+00,1.4660964012e+00,-7.8479565430e+02,1.4017387629e+00,3.4452101588e-01,3.2130511719e+04
907,2.0954034328e+00,1.4454194307e+00,-7.6146588135e+02,1.3430334330e+00,3.7101945281e-01,3.2129919922e+04
908,2.1099672318e+00,1.4301854372e+00,-7.3604058838e+02,1.3405870199e+00,3.9844313264e-01,3.2129382812e+04
909,2.1275684834e+00,1.4208970070e+00,-7.2969342041e+02,1.3625389338e+00,4.6890106797e-01,3.2127761719e+04
910,2.1457562447e+00,1.4172497988e+00,-7.2693994141e+02,1.4140194654e+00,4.3126922846e-01,3.2126980469e+04
911,2.1675918102e+00,1.4152483940e+00,-7.0899743652e+02,1.3766512871e+00,4.9655038118e-01,3.2125070312e+04
912,2.1890220642e+00,1.4114745855e+00,-7.0971527100e+02,1.3705503941e+00,5.3362828493e-01,3.2123587891e+04
913,2.2095987797e+00,1.4023669958e+00,-7.2083953857e+02,1.3608535528e+00,5.2672624588e-01,3.2122400391e+04
914,2.2313711643e+00,1.3887910843e+00,-7.1809942627e+02,1.3719769716e+00,5.6831389666e-01,3.2120800781e+04
915,2.2535386086e+00,1.3689879179e+00,-7.4723333740e+02,1.3998153210e+00,5.7344239950e-01,3.2119718750e+04
916,2.2770633698e+00,1.3461415768e+00,-7.6066564941e+02,1.4146096706e+00,5.9046202898e-01,3.2118312500e+04
917,2.3019700050e+00,1.3229843378e+00,-7.9140203857e+02,1.4242947102e+00,6.1559683084e-01,3.2117007812e+04
918,2.3293159008e+00,1.3008636236e+00,-8.0997491455e+02,1.3936827183e+00,6.3485288620e-01,3.2116328125e+04
919,2.3587684631e+00,1.2793771029e+00,-8.3706341553e+02,1.4489859343e+00,6.5199136734e-01,3.2115556641e+04
920,2.3904263973e+00,1.2580337524e+00,-8.7646020508e+02,1.4373714924e+00,6.4856809378e-01,3.2114978516e+04
921,2.4223041534e+00,1.2327476740e+00,-9.1084869385e+02,1.4258201122e+00,6.4031827450e-01,3.2114908203e+04
922,2.4535694122e+00,1.2019002438e+00,-9.5354632568e+02,1.4763936996e+00,6.0566318035e-01,3.2114671875e+04
923,2.4833135605e+00,1.1570994854e+00,-9.9936016846e+02,1.4328672886e+00,6.1162889004e-01,3.2115769531e+04
924,2.5145466328e+00,1.0924850702e+00,-1.0443782959e+03,1.4296211004e+00,6.3092678785e-01,3.2116185547e+04
925,2.5428802967e+00,1.0090359449e+00,-1.0873123779e+03,1.4428433180e+00,6.0893553495e-01,3.2117529297e+04
926,2.5659651756e+00,9.0901619196e-01,-1.1469547119e+03,1.4134271145e+00,5.9304368496e-01,3.2119564453e+04
927,2.5868737698e+00,7.9643708467e-01,-1.1837811279e+03,1.4680191278e+00,5.6311118603e-01,3.2121546875e+04
928,2.6025557518e+00,6.7288970947e-01,-1.2364246826e+03,1.4589771032e+00,5.4615318775e-01,3.2124582031e+04
929,2.6169927120e+00,5.4006397724e-01,-1.2626376953e+03,1.4670586586e+00,5.5040788651e-01,3.2128414062e+04
930,2.6288337708e+00,3.9646214247e-01,-1.3030845947e+03,1.4521200657e+00,5.0951379538e-01,3.2131308594e+04
931,2.6364603043e+00,2.4591070414e-01,-1.3253299561e+03,1.4432094097e+00,4.6257218719e-01,3.2135513672e+04
932,2.6410686970e+00,9.0038657188e-02,-1.3373251953e+03,1.4403756857e+00,4.5048287511e-01,3.2140683594e+04
933,2.6432001591e+00,-6.9628842175e-02,-1.3431446533e+03,1.4375742674e+00,4.4678473473e-01,3.2145857422e+04
934,2.6416387558e+00,-2.2909796238e-01,-1.3365209961e+03,1.4305959940e+00,3.7755286694e-01,3.2151943359e+04
935,2.6360354424e+00,-3.8797104359e-01,-1.3212465820e+03,1.4061130285e+00,3.8327744603e-01,3.2157144531e+04
936,2.6296796799e+00,-5.4268491268e-01,-1.2911131592e+03,1.4237296581e+00,3.2782050967e-01,3.2162277344e+04
937,2.6195125580e+00,-6.8722724915e-01,-1.2629786377e+03,1.4266756773e+00,2.7285987139e-01,3.2167283203e+04
938,2.6080088615e+00,-8.2578474283e-01,-1.2163410645e+03,1.3972804546e+00,2.2872970998e-01,3.2173398438e+04
939,2.5955698490e+00,-9.5535588264e-01,-1.1734956055e+03,1.4066314697e+00,1.9579955935e-01,3.2178841797e+04
940,2.5806784630e+00,-1.0737048388e+00,-1.1306043701e+03,1.3504985571e+00,1.5884925425e-01,3.2182578125e+04
941,2.5624642372e+00,-1.1767311096e+00,-1.0846925049e+03,1.3918251991e+00,1.2223243713e-01,3.2186732422e+04
942,2.5441637039e+00,-1.2585601807e+00,-1.0251835938e+03,1.4082580805e+00,6.9463804364e-02,3.2190462891e+04
943,2.5220375061e+00,-1.3289399147e+00,-9.7207373047e+02,1.3805888891e+00,2.5037001818e-02,3.2194230469e+04
944,2.4985077381e+00,-1.3823742867e+00,-9.4076171875e+02,1.3891044855e+00,-2.2106857970e-02,3.2196906250e+04
945,2.4742913246e+00,-1.4129594564e+00,-9.0510760498e+02,1.3441956043e+00,-6.6187821329e-02,3.2197296875e+04
946,2.4510495663e+00,-1.4302247763e+00,-8.5584210205e+02,1.3569930792e+00,-1.1890861392e-01,3.2199277344e+04
947,2.4278409481e+00,-1.4360070229e+00,-8.3155670166e+02,1.3704599142e+00,-1.6036781669e-01,3.2200134766e+04
948,2.4040296078e+00,-1.4271117449e+00,-8.0813415527e+02,1.3641532660e+00,-1.9750015438e-01,3.2199763672e+04
949,2.3850362301e+00,-1.4122104645e+00,-7.9985955811e+02,1.3762218952e+00,-2.0825095475e-01,3.2199044922e+04
950,2.3681361675e+00,-1.3952063322e+00,-7.8183020020e+02,1.3501602411e+00,-2.6746481657e-01,3.2196849609e+04
951,2.3546159267e+00,-1.3776057959e+00,-7.7168707275e+02,1.3436455727e+00,-3.2434257865e-01,3.2195308594e+04
952,2.3454549313e+00,-1.3654103279e+00,-7.6791650391e+02,1.3677031994e+00,-3.3659338951e-01,3.2192748047e+04
953,2.3415529728e+00,-1.3565096855e+00,-7.7362377930e+02,1.3632503748e+00,-3.8493865728e-01,3.2188605469e+04
954,2.3407554626e+00,-1.3511981964e+00,-7.8226239014e+02,1.3703128099e+00,-4.2717078328e-01,3.2184437500e+04
955,2.3418698311e+00,-1.3485511541e+00,-7.7692449951e+02,1.3585982323e+00,-4.5112511516e-01,3.2180636719e+04
956,2.3450653553e+00,-1.3441578150e+00,-7.9891247559e+02,1.3289920092e+00,-4.7599929571e-01,3.2176839844e+04
957,2.3497638702e+00,-1.3364535570e+00,-8.1825610352e+02,1.3652904034e+00,-5.1558947563e-01,3.2171414062e+04
958,2.3565912247e+00,-1.3245060444e+00,-8.3212469482e+02,1.3837344646e+00,-5.3489381075e-01,3.2167017578e+04
959,2.3631825447e+00,-1.3095414639e+00,-8.5547326660e+02,1.3929486275e+00,-5.5499577522e-01,3.2161800781e+04
960,2.3712048531e+00,-1.2924159765e+00,-8.7994293213e+02,1.3968204260e+00,-6.0163491964e-01,3.2157232422e+04
961,2.3801109791e+00,-1.2757253647e+00,-9.1169403076e+02,1.3977040052e+00,-5.9656542540e-01,3.2152781250e+04
962,2.3939793110e+00,-1.2634210587e+00,-9.2881213379e+02,1.3972276449e+00,-5.7647824287e-01,3.2148443359e+04
963,2.4092035294e+00,-1.2548104525e+00,-9.6781079102e+02,1.4274919033e+00,-6.3530164957e-01,3.2144134766e+04
964,2.4261918068e+00,-1.2450839281e+00,-1.0011957397e+03,1.4248495102e+00,-6.2306785583e-01,3.2140314453e+04
965,2.4431812763e+00,-1.2364265919e+00,-1.0573195801e+03,1.4162592888e+00,-6.2454718351e-01,3.2136224609e+04
966,2.4630072117e+00,-1.2203934193e+00,-1.0871208496e+03,1.4582744837e+00,-6.3986390829e-01,3.2133804688e+04
967,2.4816558361e+00,-1.1957790852e+00,-1.1482426758e+03,1.4381442070e+00,-6.3824617863e-01,3.2132314453e+04
968,2.4969701767e+00,-1.1556791067e+00,-1.1992810059e+03,1.4496454000e+00,-6.2580782175e-01,3.2130501953e+04
969,2.5103003979e+00,-1.0989218950e+00,-1.2780474854e+03,1.4591265917e+00,-6.5141862631e-01,3.2130035156e+04
970,2.5240423679e+00,-1.0266650915e+00,-1.3048259277e+03,1.4410569668e+00,-6.2213325500e-01,3.2131134766e+04
971,2.5321764946e+00,-9.3401533365e-01,-1.3758317871e+03,1.4405077696e+00,-5.8863490820e-01,3.2132402344e+04
972,2.5361454487e+00,-8.2777684927e-01,-1.4296417236e+03,1.4637926817e+00,-5.7191073895e-01,3.2133583984e+04
973,2.5390241146e+00,-7.0932626724e-01,-1.4741669922e+03,1.4784636497e+00,-5.7112473249e-01,3.2136142578e+04
974,2.5401258469e+00,-5.7582139969e-01,-1.5006705322e+03,1.4822022915e+00,-5.4556536674e-01,3.2140271484e+04
975,2.5368297100e+00,-4.3511450291e-01,-1.5389562988e+03,1.4572879076e+00,-5.1988583803e-01,3.2144353516e+04
976,2.5310316086e+00,-2.8641432524e-01,-1.5701571045e+03,1.4350329638e+00,-5.2601248026e-01,3.2149724609e+04
977,2.5240843296e+00,-1.3186243176e-01,-1.5769416504e+03,1.4505959749e+00,-4.7315391898e-01,3.2155439453e+04
978,2.5144102573e+00,2.5770325214e-02,-1.5728405762e+03,1.4388909340e+00,-4.5610916615e-01,3.2161886719e+04
979,2.5035367012e+00,1.8443387747e-01,-1.5716685791e+03,1.4504486322e+00,-4.2628327012e-01,3.2169562500e+04
980,2.4917223454e+00,3.4164977074e-01,-1.5418536377e+03,1.4447840452e+00,-3.8840582967e-01,3.2176669922e+04
981,2.4791808128e+00,4.9579036236e-01,-1.5122281494e+03,1.4413393736e+00,-3.5672804713e-01,3.2184587891e+04
982,2.4648771286e+00,6.4469242096e-01,-1.4656087646e+03,1.4265584946e+00,-3.2942375541e-01,3.2192027344e+04
983,2.4508686066e+00,7.8742343187e-01,-1.4096484375e+03,1.4293181896e+00,-2.6554054022e-01,3.2199384766e+04
984,2.4360618591e+00,9.2204129696e-01,-1.3670202637e+03,1.4262744188e+00,-2.2016486526e-01,3.2207904297e+04
985,2.4223968983e+00,1.0457710028e+00,-1.2821693115e+03,1.3938392401e+00,-1.8519286811e-01,3.2214671875e+04
986,2.4037294388e+00,1.1568684578e+00,-1.2541309814e+03,1.3955122232e+00,-1.4248099923e-01,3.2220677734e+04
987,2.3906428814e+00,1.2515805960e+00,-1.1523594971e+03,1.4167990685e+00,-1.0363411158e-01,3.2225699219e+04
988,2.3750216961e+00,1.3298000097e+00,-1.0914735107e+03,1.3829694986e+00,-4.2316742241e-02,3.2230759766e+04
989,2.3587119579e+00,1.3898267746e+00,-1.0394053955e+03,1.3792172670e+00,-9.6075441688e-03,3.2234351562e+04
990,2.3429930210e+00,1.4332302809e+00,-9.8315087891e+02,1.3661576509e+00,2.4465102702e-02,3.2237486328e+04
991,2.3289408684e+00,1.4568905830e+00,-9.1475915527e+02,1.3940048218e+00,6.4001537859e-02,3.2239644531e+04
992,2.3135471344e+00,1.4652869701e+00,-8.8812402344e+02,1.3726538420e+00,9.6023328602e-02,3.2240644531e+04
993,2.2959856987e+00,1.4619221687e+00,-8.4343310547e+02,1.3545928001e+00,1.6873450577e-01,3.2239667969e+04
994,2.2822408676e+00,1.4459781647e+00,-8.0879943848e+02,1.3648707867e+00,2.3071540892e-01,3.2237701172e+04
995,2.2701749802e+00,1.4231259823e+00,-7.9482513428e+02,1.3403357267e+00,2.3024840653e-01,3.2235808594e+04
996,2.2620940208e+00,1.3977627754e+00,-7.7670196533e+02,1.3379327059e+00,2.8385177255e-01,3.2232583984e+04
997,2.2566540241e+00,1.3757135868e+00,-7.6215631104e+02,1.3749563694e+00,3.4920960665e-01,3.2227712891e+04
998,2.2539088726e+00,1.3601567745e+00,-7.6543048096e+02,1.4014019966e+00,3.7399399281e-01,3.2222146484e+04
999,2.2548046112e+00,1.3504674435e+00,-7.6375384521e+02,1.3680950403e+00,3.9917746186e-01,3.2216349609e+04
1000,2.2588570118e+00,1.3463823795e+00,-7.5714624023e+02,1.3664758205e+00,4.4433403015e-01,3.2210607422e+04
1001,2.2648749352e+00,1.3466886282e+00,-7.6804010010e+02,1.3884592056e+00,4.6261292696e-01,3.2203945312e+04
1002,2.2731640339e+00,1.3478986025e+00,-7.7463342285e+02,1.4010589123e+00,4.8311707377e-01,3.2197593750e+04
1003,2.2828917503e+00,1.3467198610e+00,-7.8239837646e+02,1.3527128696e+00,5.2533310652e-01,3.2190613281e+04
1004,2.2932374477e+00,1.3427654505e+00,-8.0124157715e+02,1.3754578829e+00,5.2767288685e-01,3.2183964844e+04
1005,2.3046553135e+00,1.3349518776e+00,-8.1664129639e+02,1.3795514107e+00,5.4939538240e-01,3.2176804688e+04
1006,2.3170378208e+00,1.3245648146e+00,-8.2572155762e+02,1.4184991121e+00,5.9852766991e-01,3.2169828125e+04
1007,2.3307449818e+00,1.3123424053e+00,-8.5963250732e+02,1.4253193140e+00,6.3525861502e-01,3.2162945312e+04
1008,2.3462448120e+00,1.3031266928e+00,-8.7761859131e+02,1.4246896505e+00,6.4024651051e-01,3.2156517578e+04
1009,2.3639090061e+00,1.2955340147e+00,-9.0632177734e+02,1.4267151356e+00,6.4501184225e-01,3.2150140625e+04
1010,2.3842732906e+00,1.2880799770e+00,-9.4550128174e+02,1.4685403109e+00,6.4948219061e-01,3.2145369141e+04
1011,2.4045906067e+00,1.2829670906e+00,-9.7729052734e+02,1.4456564188e+00,6.4607691765e-01,3.2140273438e+04
1012,2.4265303612e+00,1.2717208862e+00,-1.0234683838e+03,1.4456361532e+00,6.5937292576e-01,3.2136839844e+04
1013,2.4497940540e+00,1.2519406080e+00,-1.0545706787e+03,1.4074778557e+00,6.4808499813e-01,3.2133562500e+04
1014,2.4710352421e+00,1.2162766457e+00,-1.1171988525e+03,1.4643654823e+00,6.5149325132e-01,3.2131859375e+04
1015,2.4911680222e+00,1.1660475731e+00,-1.1720804443e+03,1.4856054783e+00,6.6450989246e-01,3.2131265625e+04
1016,2.5086116791e+00,1.0992975235e+00,-1.2172954102e+03,1.4709986448e+00,6.4959722757e-01,3.2131535156e+04
1017,2.5239634514e+00,1.0105772018e+00,-1.2703355713e+03,1.4662076235e+00,6.3130933046e-01,3.2133078125e+04
1018,2.5377612114e+00,9.0908598900e-01,-1.3282346191e+03,1.4730916023e+00,6.0728091002e-01,3.2135019531e+04
1019,2.5466511250e+00,7.9196375608e-01,-1.3851557617e+03,1.4684264660e+00,5.8559352160e-01,3.2138214844e+04
1020,2.5553827286e+00,6.5787905455e-01,-1.4243513184e+03,1.4768536091e+00,6.0193777084e-01,3.2142259766e+04
1021,2.5587735176e+00,5.1207941771e-01,-1.4686781006e+03,1.4870786667e+00,5.5350458622e-01,3.2147707031e+04
1022,2.5586159229e+00,3.5950613022e-01,-1.4937756348e+03,1.4629352093e+00,5.2160382271e-01,3.2153839844e+04
1023,2.5561208725e+00,2.0115734637e-01,-1.5200832520e+03,1.4575790167e+00,5.0736171007e-01,3.2160203125e+04
1024,2.5516021252e+00,3.8946874440e-02,-1.5359279785e+03,1.4598568678e+00,4.6460324526e-01,3.2167943359e+04
1025,2.5473544598e+00,-1.2501856685e-01,-1.5263358154e+03,1.4451199770e+00,4.2820781469e-01,3.2175902344e+04
1026,2.5398411751e+00,-2.8773748875e-01,-1.5237237549e+03,1.4375396967e+00,4.1501021385e-01,3.2183882812e+04
1027,2.5315260887e+00,-4.4921365380e-01,-1.4971072998e+03,1.4500451088e+00,3.6040374637e-01,3.2191685547e+04
1028,2.5220410824e+00,-6.0647886992e-01,-1.4581446533e+03,1.4344048500e+00,3.0583450198e-01,3.2200712891e+04
1029,2.5092236996e+00,-7.5552469492e-01,-1.4250175781e+03,1.4341473579e+00,2.6466780901e-01,3.2208117188e+04
1030,2.4949216843e+00,-8.9473831654e-01,-1.3796057129e+03,1.4267050028e+00,2.6072356105e-01,3.2214632812e+04
1031,2.4825654030e+00,-1.0232568979e+00,-1.3158845215e+03,1.4225405455e+00,2.1772003174e-01,3.2220814453e+04
1032,2.4672691822e+00,-1.1366897821e+00,-1.2658284912e+03,1.3809039593e+00,1.3037566841e-01,3.2226074219e+04
1033,2.4533963203e+00,-1.2396467924e+00,-1.2022465820e+03,1.4161425829e+00,9.8205715418e-02,3.2229953125e+04
1034,2.4385449886e+00,-1.3298952579e+00,-1.1437258301e+03,1.4265036583e+00,5.1682814956e-02,3.2233779297e+04
1035,2.4199771881e+00,-1.4034475088e+00,-1.0921354980e+03,1.3628325462e+00,3.1545180827e-02,3.2236273438e+04
1036,2.4054043293e+00,-1.4569621086e+00,-1.0339179688e+03,1.3759167194e+00,-2.0057678223e-02,3.2237273438e+04
1037,2.3877437115e+00,-1.4891546965e+00,-9.9225122070e+02,1.4102581739e+00,-6.0357283801e-02,3.2237683594e+04
1038,2.3693225384e+00,-1.5036240816e+00,-9.4441973877e+02,1.3919076920e+00,-9.4286575913e-02,3.2236490234e+04
1039,2.3512105942e+00,-1.5020868778e+00,-9.1215234375e+02,1.3744332790e+00,-1.3558357954e-01,3.2234011719e+04
1040,2.3352153301e+00,-1.4857451916e+00,-8.8040667725e+02,1.3389620781e+00,-1.9287918508e-01,3.2231722656e+04
1041,2.3206570148e+00,-1.4602611065e+00,-8.4359027100e+02,1.3475857973e+00,-2.4575218558e-01,3.2227302734e+04
1042,2.3066964149e+00,-1.4317725897e+00,-8.4325726318e+02,1.3479049206e+00,-2.9286599159e-01,3.2222777344e+04
1043,2.2956998348e+00,-1.4014545679e+00,-8.1607495117e+02,1.3698742390e+00,-3.2429802418e-01,3.2216714844e+04
1044,2.2906284332e+00,-1.3773475885e+00,-8.0938940430e+02,1.3854702711e+00,-3.3906197548e-01,3.2210044922e+04
1045,2.2885327339e+00,-1.3593505621e+00,-8.0343621826e+02,1.3820638657e+00,-3.9188292623e-01,3.2203201172e+04
1046,2.2905955315e+00,-1.3469169140e+00,-7.9590283203e+02,1.3504760265e+00,-4.3399170041e-01,3.2196066406e+04
1047,2.2941567898e+00,-1.3408194780e+00,-8.0433502197e+02,1.3738397360e+00,-4.8316565156e-01,3.2187808594e+04
1048,2.3003516197e+00,-1.3375245333e+00,-8.0582006836e+02,1.4041270018e+00,-5.0372999907e-01,3.2179593750e+04
1049,2.3084752560e+00,-1.3324738741e+00,-8.1665228271e+02,1.3741748333e+00,-5.3470385075e-01,3.2171460938e+04
1050,2.3173201084e+00,-1.3232271671e+00,-8.3242926025e+02,1.3889929056e+00,-5.5568993092e-01,3.2164595703e+04
1051,2.3277497292e+00,-1.3124481440e+00,-8.3940789795e+02,1.3863167763e+00,-5.6774413586e-01,3.2156849609e+04
1052,2.3394677639e+00,-1.2986556292e+00,-8.5531243896e+02,1.4113197327e+00,-5.8482277393e-01,3.2149515625e+04
1053,2.3516061306e+00,-1.2854046822e+00,-8.8293267822e+02,1.4217242002e+00,-6.1995309591e-01,3.2142271484e+04
1054,2.3659300804e+00,-1.2735064030e+00,-8.9404449463e+02,1.4122334719e+00,-6.1363798380e-01,3.2135576172e+04
1055,2.3829746246e+00,-1.2632157803e+00,-9.0123223877e+02,1.4178173542e+00,-6.6731041670e-01,3.2130054688e+04
1056,2.3999726772e+00,-1.2546133995e+00,-9.5007189941e+02,1.4220924377e+00,-6.6938328743e-01,3.2124927734e+04
1057,2.4215152264e+00,-1.2464176416e+00,-9.7472100830e+02,1.4503388405e+00,-6.6568040848e-01,3.2121150391e+04
1058,2.4444055557e+00,-1.2358031273e+00,-1.0092008667e+03,1.4290999174e+00,-6.5075492859e-01,3.2118652344e+04
1059,2.4667816162e+00,-1.2160370350e+00,-1.0508695068e+03,1.4483932257e+00,-6.6635394096e-01,3.2117046875e+04
1060,2.4888911247e+00,-1.1813622713e+00,-1.1002597656e+03,1.4635567665e+00,-6.6438537836e-01,3.2115910156e+04
1061,2.5102822781e+00,-1.1359288692e+00,-1.1450989990e+03,1.5021638870e+00,-6.5961545706e-01,3.2116138672e+04
1062,2.5263993740e+00,-1.0750436783e+00,-1.1980358887e+03,1.4687668085e+00,-6.8484616280e-01,3.2118675781e+04
1063,2.5407919884e+00,-9.9452364445e-01,-1.2626896973e+03,1.4663228989e+00,-6.2774705887e-01,3.2122406250e+04
1064,2.5534126759e+00,-8.9332729578e-01,-1.3144549561e+03,1.4599658251e+00,-6.3550943136e-01,3.2126863281e+04
1065,2.5632529259e+00,-7.8426784277e-01,-1.3585657959e+03,1.4405881166e+00,-6.2094187737e-01,3.2132162109e+04
1066,2.5658078194e+00,-6.5443688631e-01,-1.4032685547e+03,1.4760808945e+00,-5.8570939302e-01,3.2139669922e+04
1067,2.5699245930e+00,-5.1376354694e-01,-1.4460458984e+03,1.4560132027e+00,-5.5490076542e-01,3.2147763672e+04
1068,2.5704386234e+00,-3.6792683601e-01,-1.4694191895e+03,1.4579769373e+00,-5.6364530325e-01,3.2155599609e+04
1069,2.5675187111e+00,-2.1523945034e-01,-1.5023720703e+03,1.4593237638e+00,-5.0456517935e-01,3.2164531250e+04
1070,2.5625002384e+00,-5.6239880621e-02,-1.5019912109e+03,1.4666879177e+00,-4.7590893507e-01,3.2173935547e+04
1071,2.5544075966e+00,1.0442823172e-01,-1.5052888184e+03,1.4583418369e+00,-4.0702986717e-01,3.2183931641e+04
1072,2.5453553200e+00,2.6519110799e-01,-1.4886699219e+03,1.4468151331e+00,-4.3606215715e-01,3.2192736328e+04
1073,2.5348677635e+00,4.2147788405e-01,-1.4822119141e+03,1.4317805767e+00,-3.6687147617e-01,3.2202087891e+04
1074,2.5236692429e+00,5.7413351536e-01,-1.4327346191e+03,1.4349005222e+00,-2.7871277928e-01,3.2210988281e+04
1075,2.5109000206e+00,7.2103953362e-01,-1.3998662109e+03,1.4382727146e+00,-2.9487898946e-01,3.2219599609e+04
1076,2.4968669415e+00,8.5713309050e-01,-1.3617628174e+03,1.4174510241e+00,-2.4846321344e-01,3.2225912109e+04
1077,2.4824097157e+00,9.8644626141e-01,-1.3110697021e+03,1.4361494780e+00,-2.2544388473e-01,3.2232882812e+04
1078,2.4676511288e+00,1.1026269197e+00,-1.2496724854e+03,1.4213821888e+00,-1.7300231755e-01,3.2237390625e+04
1079,2.4527330399e+00,1.1996496916e+00,-1.1985081787e+03,1.4156512022e+00,-1.2088546902e-01,3.2241078125e+04
1080,2.4383811951e+00,1.2794804573e+00,-1.1311156006e+03,1.4056640863e+00,-6.8204119802e-02,3.2243609375e+04
1081,2.4197165966e+00,1.3463946581e+00,-1.0810988770e+03,1.3688877821e+00,-2.3929901421e-02,3.2244595703e+04
1082,2.4001531601e+00,1.3952608109e+00,-1.0267233887e+03,1.3716999292e+00,4.0816497058e-03,3.2245160156e+04
1083,2.3806138039e+00,1.4274363518e+00,-9.8839343262e+02,1.3950052261e+00,4.2673185468e-02,3.2243214844e+04
1084,2.3625009060e+00,1.4421747923e+00,-9.4822558594e+02,1.3846935034e+00,1.1988884211e-01,3.2240585938e+04
1085,2.3439612389e+00,1.4395654202e+00,-9.0233337402e+02,1.3709796667e+00,1.2593360245e-01,3.2236320312e+04
1086,2.3261132240e+00,1.4279313087e+00,-8.7265563965e+02,1.3623940945e+00,2.0687118173e-01,3.2231718750e+04
1087,2.3106386662e+00,1.4092818499e+00,-8.4743206787e+02,1.3939892054e+00,2.2826980054e-01,3.2226523438e+04
1088,2.2956526279e+00,1.3897013664e+00,-8.3451385498e+02,1.3608170748e+00,2.9055222869e-01,3.2220644531e+04
1089,2.2855350971e+00,1.3695609570e+00,-8.2582995605e+02,1.3724249601e+00,3.3536314964e-01,3.2212501953e+04
1090,2.2778806686e+00,1.3534203768e+00,-8.0945678711e+02,1.3777573109e+00,3.8597267866e-01,3.2204861328e+04
1091,2.2734894753e+00,1.3440095186e+00,-7.9803405762e+02,1.3970153332e+00,4.0074348450e-01,3.2197484375e+04
1092,2.2729363441e+00,1.3400350809e+00,-8.0146441650e+02,1.3606759310e+00,4.2975196242e-01,3.2188984375e+04
1093,2.2754456997e+00,1.3398703337e+00,-8.0958148193e+02,1.3464556932e+00,4.9006697536e-01,3.2181671875e+04
1094,2.2809534073e+00,1.3402930498e+00,-8.0667871094e+02,1.3666412830e+00,4.9417960644e-01,3.2173546875e+04
1095,2.2865557671e+00,1.3405245543e+00,-8.2143859863e+02,1.3921068907e+00,5.3741937876e-01,3.2165384766e+04
1096,2.2954802513e+00,1.3392463923e+00,-8.1203173828e+02,1.3909469843e+00,5.7188165188e-01,3.2157820312e+04
1097,2.3035366535e+00,1.3330273628e+00,-8.2948095703e+02,1.3787834644e+00,5.3671681881e-01,3.2150689453e+04
1098,2.3129038811e+00,1.3256481886e+00,-8.3991064453e+02,1.4103828669e+00,6.0296851397e-01,3.2144000000e+04
1099,2.3239340782e+00,1.3173612356e+00,-8.5655987549e+02,1.4212629795e+00,6.3167518377e-01,3.2138144531e+04
1100,2.3364593983e+00,1.3110920191e+00,-8.8213568115e+02,1.4261190891e+00,6.4409792423e-01,3.2132578125e+04
1101,2.3502862453e+00,1.3061978817e+00,-8.9933441162e+02,1.4397698641e+00,6.6946429014e-01,3.2128070312e+04
1102,2.3657209873e+00,1.3023959398e+00,-9.3523083496e+02,1.4180873632e+00,6.3623541594e-01,3.2124431641e+04
1103,2.3852028847e+00,1.2965351343e+00,-9.5548315430e+02,1.4453942776e+00,6.6434949636e-01,3.2121642578e+04
1104,2.4034526348e+00,1.2864131927e+00,-1.0004575195e+03,1.4550262690e+00,6.7196214199e-01,3.2119972656e+04
1105,2.4226515293e+00,1.2668387890e+00,-1.0447773438e+03,1.4739187956e+00,6.7858535051e-01,3.2118871094e+04
1106,2.4411854744e+00,1.2323859930e+00,-1.0885264893e+03,1.4569804668e+00,6.7223477364e-01,3.2120339844e+04
1107,2.4572632313e+00,1.1820440292e+00,-1.1416488037e+03,1.4597212076e+00,6.8750923872e-01,3.2123048828e+04
1108,2.4711446762e+00,1.1167912483e+00,-1.2032464600e+03,1.4668368101e+00,6.5885388851e-01,3.2126382812e+04
1109,2.4822247028e+00,1.0314615965e+00,-1.2635839844e+03,1.4840264320e+00,6.5114915371e-01,3.2131410156e+04
1110,2.4927885532e+00,9.2714989185e-01,-1.3142569580e+03,1.4851460457e+00,6.1574369669e-01,3.2137062500e+04
1111,2.5010151863e+00,8.0884468555e-01,-1.3665640869e+03,1.4664880037e+00,5.9878098965e-01,3.2144203125e+04
1112,2.5042221546e+00,6.7873924971e-01,-1.4203546143e+03,1.4581626654e+00,6.1109101772e-01,3.2151910156e+04
1113,2.5062270164e+00,5.3434401751e-01,-1.4547869873e+03,1.4641650915e+00,5.8600425720e-01,3.2159310547e+04
1114,2.5061447620e+00,3.8293802738e-01,-1.4890197754e+03,1.4873396158e+00,5.3886210918e-01,3.2168507812e+04
1115,2.5002446175e+00,2.2508479655e-01,-1.5192928467e+03,1.4765199423e+00,5.1177668571e-01,3.2177761719e+04
1116,2.4960882664e+00,6.1804428697e-02,-1.5422956543e+03,1.4546283484e+00,4.8459771276e-01,3.2187458984e+04
1117,2.4902443886e+00,-1.0366555303e-01,-1.5458533936e+03,1.4599292278e+00,4.7336798906e-01,3.2196771484e+04
1118,2.4816370010e+00,-2.6716569066e-01,-1.5306828613e+03,1.4480859041e+00,3.9821648598e-01,3.2205714844e+04
1119,2.4721519947e+00,-4.2815482616e-01,-1.5138240967e+03,1.4714496136e+00,3.9474213123e-01,3.2214333984e+04
1120,2.4612751007e+00,-5.8839613199e-01,-1.4980434570e+03,1.4655008316e+00,3.1716683507e-01,3.2222169922e+04
1121,2.4504201412e+00,-7.3864036798e-01,-1.4545404053e+03,1.4547222853e+00,3.1514626741e-01,3.2228505859e+04
1122,2.4397075176e+00,-8.7991207838e-01,-1.4146624756e+03,1.4213391542e+00,2.6242667437e-01,3.2235267578e+04
1123,2.4270749092e+00,-1.0123313665e+00,-1.3571389160e+03,1.4334230423e+00,2.1649825573e-01,3.2240410156e+04
1124,2.4154496193e+00,-1.1319245100e+00,-1.3104449463e+03,1.4091230631e+00,1.7580643296e-01,3.2244414062e+04
1125,2.4008042812e+00,-1.2403973341e+00,-1.2613514404e+03,1.3980765343e+00,1.2303993106e-01,3.2247242188e+04
1126,2.3868927956e+00,-1.3297567368e+00,-1.2002595215e+03,1.3881759644e+00,4.6999663115e-02,3.2248013672e+04
1127,2.3719513416e+00,-1.4011600018e+00,-1.1272042236e+03,1.3954436779e+00,2.3803711520e-04,3.2248406250e+04
1128,2.3585615158e+00,-1.4545351267e+00,-1.0764353027e+03,1.4008436203e+00,-3.3277053386e-02,3.2247158203e+04
1129,2.3452494144e+00,-1.4918099642e+00,-1.0282487793e+03,1.3907803297e+00,-5.2262037992e-02,3.2244312500e+04
1130,2.3318057060e+00,-1.5114383698e+00,-9.7614318848e+02,1.3649778366e+00,-1.0374297947e-01,3.2240281250e+04
1131,2.3158080578e+00,-1.5090019703e+00,-9.3265478516e+02,1.4033507109e+00,-1.4702445269e-01,3.2235421875e+04
1132,2.2985942364e+00,-1.4922854900e+00,-9.1383666992e+02,1.3739160299e+00,-1.8872581422e-01,3.2229894531e+04
1133,2.2868530750e+00,-1.4679894447e+00,-8.6813311768e+02,1.3480865955e+00,-2.5170966983e-01,3.2222798828e+04
1134,2.2767946720e+00,-1.4367326498e+00,-8.5426916504e+02,1.3713934422e+00,-3.0650284886e-01,3.2217259766e+04
1135,2.2689304352e+00,-1.4061214924e+00,-8.3187829590e+02,1.3984937668e+00,-3.4410339594e-01,3.2208941406e+04
1136,2.2642879486e+00,-1.3797043562e+00,-8.2785363770e+02,1.3870539665e+00,-3.6757948995e-01,3.2201308594e+04
1137,2.2640137672e+00,-1.3591282368e+00,-8.2112823486e+02,1.3447637558e+00,-4.2283943295e-01,3.2193785156e+04
1138,2.2651326656e+00,-1.3462034464e+00,-8.0136199951e+02,1.3741514683e+00,-4.3539145589e-01,3.2186003906e+04
1139,2.2696328163e+00,-1.3395859003e+00,-8.0142938232e+02,1.3850609064e+00,-4.5824944973e-01,3.2178046875e+04
1140,2.2764551640e+00,-1.3344818354e+00,-8.0091937256e+02,1.3869379759e+00,-5.3054940701e-01,3.2170601562e+04
1141,2.2850971222e+00,-1.3305584192e+00,-8.0929339600e+02,1.4088571072e+00,-5.4084378481e-01,3.2163435547e+04
1142,2.2945525646e+00,-1.3250063658e+00,-8.1428167725e+02,1.4101229906e+00,-5.8086675406e-01,3.2156662109e+04
1143,2.3045310974e+00,-1.3146184683e+00,-8.1815368652e+02,1.3852249384e+00,-5.9936767817e-01,3.2150408203e+04
1144,2.3143949509e+00,-1.3007785082e+00,-8.3873449707e+02,1.4332513809e+00,-6.2085258961e-01,3.2144671875e+04
1145,2.3272135258e+00,-1.2864234447e+00,-8.4331311035e+02,1.4225714207e+00,-6.2231886387e-01,3.2139673828e+04
1146,2.3409318924e+00,-1.2726585865e+00,-8.6884063721e+02,1.4296802282e+00,-6.5903478861e-01,3.2135058594e+04
1147,2.3572156429e+00,-1.2619816065e+00,-8.8581750488e+02,1.4360934496e+00,-6.5696662664e-01,3.2131056641e+04
1148,2.3746356964e+00,-1.2548266649e+00,-9.1474182129e+02,1.4683151245e+00,-6.8200421333e-01,3.2128638672e+04
1149,2.3940508366e+00,-1.2471315861e+00,-9.3584704590e+02,1.4597357512e+00,-6.9953018427e-01,3.2126714844e+04
1150,2.4146137238e+00,-1.2357279062e+00,-9.7147833252e+02,1.4410783052e+00,-6.5894514322e-01,3.2125902344e+04
1151,2.4366033077e+00,-1.2204015255e+00,-1.0300091553e+03,1.4652487040e+00,-6.8462371826e-01,3.2126255859e+04
1152,2.4580523968e+00,-1.1912637949e+00,-1.0593392334e+03,1.4660937786e+00,-6.8708235025e-01,3.2127224609e+04
1153,2.4764242172e+00,-1.1477311850e+00,-1.1229012451e+03,1.4869027138e+00,-6.5410500765e-01,3.2129136719e+04
1154,2.4934217930e+00,-1.0882866383e+00,-1.1751831055e+03,1.4799755812e+00,-6.4171433449e-01,3.2132466797e+04
1155,2.5091681480e+00,-1.0090086460e+00,-1.2326170654e+03,1.4895453453e+00,-6.6883111000e-01,3.2137763672e+04
1156,2.5209834576e+00,-9.1590356827e-01,-1.2797573242e+03,1.4835989475e+00,-6.3044166565e-01,3.2141873047e+04
1157,2.5300145149e+00,-8.0634087324e-01,-1.3519028320e+03,1.4680844545e+00,-6.1652898788e-01,3.2149246094e+04
1158,2.5377864838e+00,-6.8075835705e-01,-1.3884896240e+03,1.4746518135e+00,-5.7664197683e-01,3.2155958984e+04
1159,2.5415904522e+00,-5.4317152500e-01,-1.4294895020e+03,1.4601060152e+00,-5.5070108175e-01,3.2163748047e+04
1160,2.5418174267e+00,-3.9472925663e-01,-1.4607542725e+03,1.4656019211e+00,-5.3707128763e-01,3.2171677734e+04
1161,2.5394237041e+00,-2.4231314659e-01,-1.4858105469e+03,1.4748398066e+00,-5.1981592178e-01,3.2179099609e+04
1162,2.5343210697e+00,-8.4961980581e-02,-1.5054548340e+03,1.4930212498e+00,-4.5754981041e-01,3.2187511719e+04
1163,2.5277526379e+00,7.5460396707e-02,-1.5017921143e+03,1.4919055700e+00,-4.3538776040e-01,3.2195611328e+04
1164,2.5184376240e+00,2.3699843884e-01,-1.5006394043e+03,1.4848265648e+00,-4.3035727739e-01,3.2204091797e+04
1165,2.5082588196e+00,3.9451861382e-01,-1.4851882324e+03,1.4437265396e+00,-3.8254615664e-01,3.2211164062e+04
1166,2.4972770214e+00,5.4657024145e-01,-1.4611201172e+03,1.4355642796e+00,-2.9339590669e-01,3.2218964844e+04
1167,2.4847064018e+00,6.9491803646e-01,-1.4248870850e+03,1.4409729242e+00,-2.9123511910e-01,3.2224968750e+04
1168,2.4698650837e+00,8.3465600014e-01,-1.3762181396e+03,1.4471213818e+00,-2.2581581771e-01,3.2230681641e+04
1169,2.4563326836e+00,9.6851456165e-01,-1.3315148926e+03,1.4252706766e+00,-2.0787185431e-01,3.2234859375e+04
1170,2.4427547455e+00,1.0863866806e+00,-1.2652359619e+03,1.4362461567e+00,-1.7101165652e-01,3.2238960938e+04
1171,2.4288287163e+00,1.1862429380e+00,-1.2191611328e+03,1.3802535534e+00,-1.1190086603e-01,3.2243019531e+04
1172,2.4152777195e+00,1.2711879015e+00,-1.1554256592e+03,1.3719502687e+00,-7.5014650822e-02,3.2243822266e+04
1173,2.3984012604e+00,1.3403754234e+00,-1.1018579102e+03,1.3889311552e+00,-7.4877166189e-03,3.2243859375e+04
1174,2.3785939217e+00,1.3931245804e+00,-1.0432470703e+03,1.3929188251e+00,2.8357543051e-02,3.2243351562e+04
1175,2.3616709709e+00,1.4289690256e+00,-9.9218518066e+02,1.4098433256e+00,7.4894942343e-02,3.2241277344e+04
1176,2.3439130783e+00,1.4463864565e+00,-9.5006079102e+02,1.3599609137e+00,1.4567108452e-01,3.2239294922e+04
1177,2.3255348206e+00,1.4493508339e+00,-9.2327258301e+02,1.3393599987e+00,1.8149650097e-01,3.2235437500e+04
1178,2.3103389740e+00,1.4374206066e+00,-8.7840106201e+02,1.3977029324e+00,2.2466979921e-01,3.2231138672e+04
1179,2.2943723202e+00,1.4198265076e+00,-8.5875964355e+02,1.3932049274e+00,2.7135375142e-01,3.2225873047e+04
1180,2.2812800407e+00,1.3973597288e+00,-8.3445245361e+02,1.3631718159e+00,2.8836646676e-01,3.2220105469e+04
1181,2.2705128193e+00,1.3781819344e+00,-8.2517156982e+02,1.3585345745e+00,3.5629600286e-01,3.2213968750e+04
1182,2.2637455463e+00,1.3616505861e+00,-8.1176385498e+02,1.3795031309e+00,3.8098374009e-01,3.2206146484e+04
1183,2.2607822418e+00,1.3499662876e+00,-8.0363922119e+02,1.3911815882e+00,4.2234054208e-01,3.2199298828e+04
1184,2.2603945732e+00,1.3454461098e+00,-7.9138427734e+02,1.3775056601e+00,4.6904152632e-01,3.2192402344e+04
1185,2.2618792057e+00,1.3443510532e+00,-8.0237518311e+02,1.3784735203e+00,4.9661505222e-01,3.2185544922e+04
1186,2.2660346031e+00,1.3465503454e+00,-8.0557971191e+02,1.3833775520e+00,5.1734703779e-01,3.2178919922e+04
1187,2.2730429173e+00,1.3468551636e+00,-8.1519427490e+02,1.4091269970e+00,5.8174729347e-01,3.2171791016e+04
1188,2.2785034180e+00,1.3457505703e+00,-8.1891827393e+02,1.4073556662e+00,6.3618963957e-01,3.2165494141e+04
1189,2.2866094112e+00,1.3421027660e+00,-8.2151049805e+02,1.3740142584e+00,5.8062362671e-01,3.2159224609e+04
1190,2.2952058315e+00,1.3349385262e+00,-8.4215625000e+02,1.4084533453e+00,6.0717993975e-01,3.2154042969e+04
1191,2.3057210445e+00,1.3269156218e+00,-8.5476684570e+02,1.4424538612e+00,6.1437064409e-01,3.2147933594e+04
1192,2.3177540302e+00,1.3202806711e+00,-8.7660626221e+02,1.4481478930e+00,6.5184706450e-01,3.2143203125e+04
1193,2.3304815292e+00,1.3160948753e+00,-9.0174450684e+02,1.4438657761e+00,6.6859006882e-01,3.2139923828e+04
1194,2.3464233875e+00,1.3130664825e+00,-9.3051849365e+02,1.4531273842e+00,7.0471692085e-01,3.2136648438e+04
1195,2.3640356064e+00,1.3080420494e+00,-9.7327435303e+02,1.4723762274e+00,6.6873914003e-01,3.2133767578e+04
1196,2.3834757805e+00,1.2982391119e+00,-1.0024766235e+03,1.4651684761e+00,6.8431645632e-01,3.2131970703e+04
1197,2.4005885124e+00,1.2822793722e+00,-1.0510314941e+03,1.4645414352e+00,6.7659395933e-01,3.2132595703e+04
1198,2.4171795845e+00,1.2565325499e+00,-1.0990202637e+03,1.4611618519e+00,6.6902846098e-01,3.2133015625e+04
1199,2.4324555397e+00,1.2112768888e+00,-1.1585596924e+03,1.4362819195e+00,6.5653491020e-01,3.2134019531e+04
1200,2.4463450909e+00,1.1487090588e+00,-1.2106948242e+03,1.4960997105e+00,6.2408757210e-01,3.2136953125e+04
1201,2.4572005272e+00,1.0648713112e+00,-1.2787178955e+03,1.5033725500e+00,6.4373773336e-01,3.2140412109e+04
1202,2.4680161476e+00,9.6301072836e-01,-1.3297584229e+03,1.4690408707e+00,6.3021588326e-01,3.2145326172e+04
1203,2.4731881618e+00,8.4832811356e-01,-1.3917604980e+03,1.4945062399e+00,5.7604593039e-01,3.2150390625e+04
1204,2.4778687954e+00,7.1971052885e-01,-1.4395686035e+03,1.4997718334e+00,5.5536186695e-01,3.2156777344e+04
1205,2.4802448750e+00,5.7819718122e-01,-1.4880855713e+03,1.5138385296e+00,5.3840601444e-01,3.2163154297e+04
1206,2.4782876968e+00,4.2849263549e-01,-1.5238038330e+03,1.5018130541e+00,4.9780163169e-01,3.2171349609e+04
1207,2.4779150486e+00,2.6844692230e-01,-1.5620510254e+03,1.4485945702e+00,4.7720605135e-01,3.2179318359e+04
1208,2.4737470150e+00,1.0377410054e-01,-1.5716236572e+03,1.4774236679e+00,4.5685756207e-01,3.2187320312e+04
1209,2.4666619301e+00,-6.1183217913e-02,-1.5861718750e+03,1.4522171021e+00,4.2439460754e-01,3.2195675781e+04
1210,2.4588048458e+00,-2.2707109153e-01,-1.5676137695e+03,1.4587942362e+00,3.8804504275e-01,3.2204500000e+04
1211,2.4494578838e+00,-3.9000853896e-01,-1.5655592041e+03,1.4461687803e+00,3.6667501926e-01,3.2212453125e+04
1212,2.4365692139e+00,-5.5101734400e-01,-1.5323068848e+03,1.4460793734e+00,2.7009728551e-01,3.2219429688e+04
1213,2.4267463684e+00,-7.0443052053e-01,-1.4945961914e+03,1.4272996187e+00,2.1927711368e-01,3.2225923828e+04
1214,2.4152257442e+00,-8.5114771128e-01,-1.4407999268e+03,1.4155868292e+00,2.2445487976e-01,3.2232115234e+04
1215,2.4031057358e+00,-9.8419034481e-01,-1.4039534912e+03,1.4247465134e+00,1.7559203506e-01,3.2237287109e+04
1216,2.3908386230e+00,-1.1063990593e+00,-1.3334984131e+03,1.4124505520e+00,1.2348999083e-01,3.2242167969e+04
1217,2.3794281483e+00,-1.2189447880e+00,-1.2882182617e+03,1.4105960131e+00,9.0102389455e-02,3.2245216797e+04
1218,2.3655474186e+00,-1.3155695200e+00,-1.2216121826e+03,1.4266784191e+00,1.5133972280e-02,3.2247871094e+04
1219,2.3529615402e+00,-1.3926055431e+00,-1.1627277832e+03,1.3694702387e+00,-1.5579070896e-02,3.2250283203e+04
1220,2.3395590782e+00,-1.4515051842e+00,-1.0971453857e+03,1.3910462856e+00,-6.5732955933e-02,3.2250234375e+04
1221,2.3262863159e+00,-1.4922186136e+00,-1.0463557129e+03,1.3678103685e+00,-1.5156021714e-01,3.2249042969e+04
1222,2.3152468204e+00,-1.5141254663e+00,-9.9027807617e+02,1.3712878227e+00,-1.5720871091e-01,3.2247031250e+04
1223,2.3009119034e+00,-1.5169728994e+00,-9.5599633789e+02,1.3967981339e+00,-2.0149536431e-01,3.2243894531e+04
1224,2.2878775597e+00,-1.5088851452e+00,-9.0252929688e+02,1.3975782394e+00,-2.1846511960e-01,3.2240302734e+04
1225,2.2746629715e+00,-1.4880381823e+00,-8.9188586426e+02,1.3597824574e+00,-3.1252366304e-01,3.2235277344e+04
1226,2.2638926506e+00,-1.4575960636e+00,-8.5455755615e+02,1.3494609594e+00,-3.6638993025e-01,3.2229515625e+04
1227,2.2560253143e+00,-1.4251612425e+00,-8.5223632812e+02,1.3608719110e+00,-3.6553564668e-01,3.2224037109e+04
1228,2.2519524097e+00,-1.3971126080e+00,-8.3039910889e+02,1.3971505165e+00,-4.1965278983e-01,3.2217246094e+04
1229,2.2511453629e+00,-1.3740320206e+00,-8.2492810059e+02,1.4071240425e+00,-4.3428984284e-01,3.2210341797e+04
1230,2.2506487370e+00,-1.3583129644e+00,-8.2009967041e+02,1.3675582409e+00,-4.6795418859e-01,3.2204021484e+04
1231,2.2559871674e+00,-1.3496745825e+00,-8.1507623291e+02,1.3835742474e+00,-5.2424210310e-01,3.2196333984e+04
1232,2.2616777420e+00,-1.3444190025e+00,-8.2013360596e+02,1.3909264803e+00,-5.4204088449e-01,3.2187925781e+04
1233,2.2710721493e+00,-1.3417023420e+00,-8.0962237549e+02,1.4378749132e+00,-5.5279052258e-01,3.2181140625e+04
1234,2.2795312405e+00,-1.3367946148e+00,-8.2466912842e+02,1.3783972263e+00,-5.7875680923e-01,3.2173980469e+04
1235,2.2894988060e+00,-1.3269256353e+00,-8.3888061523e+02,1.3912411928e+00,-6.1645960808e-01,3.2167054688e+04
1236,2.3002765179e+00,-1.3132756948e+00,-8.4712652588e+02,1.4333077669e+00,-6.5353482962e-01,3.2160562500e+04
1237,2.3153357506e+00,-1.2989695072e+00,-8.4988220215e+02,1.4761817455e+00,-6.5389460325e-01,3.2154996094e+04
1238,2.3274166584e+00,-1.2853728533e+00,-9.0429193115e+02,1.4201720953e+00,-6.5924000740e-01,3.2148841797e+04
1239,2.3439662457e+00,-1.2753170729e+00,-9.0061029053e+02,1.4638415575e+00,-6.9906699657e-01,3.2143839844e+04
1240,2.3618931770e+00,-1.2661272287e+00,-9.1992004395e+02,1.4453570843e+00,-6.9639146328e-01,3.2139804688e+04
1241,2.3816449642e+00,-1.2582482100e+00,-9.6151269531e+02,1.4866775274e+00,-6.6509276628e-01,3.2136941406e+04
1242,2.4042172432e+00,-1.2484948635e+00,-9.9956445312e+02,1.4795253277e+00,-6.6747474670e-01,3.2134187500e+04
1243,2.4235107899e+00,-1.2341634035e+00,-1.0371931152e+03,1.4673058987e+00,-6.7547851801e-01,3.2134226562e+04
1244,2.4440770149e+00,-1.2088888884e+00,-1.0779279785e+03,1.4907972813e+00,-7.0602250099e-01,3.2134230469e+04
1245,2.4646859169e+00,-1.1702111959e+00,-1.1307613525e+03,1.4825915098e+00,-6.6165679693e-01,3.2135457031e+04
1246,2.4835605621e+00,-1.1145001650e+00,-1.1911148682e+03,1.4745084047e+00,-6.4227467775e-01,3.2138039062e+04
1247,2.4988412857e+00,-1.0396213531e+00,-1.2344223633e+03,1.4873789549e+00,-6.2603628635e-01,3.2141583984e+04
1248,2.5094721317e+00,-9.4881868362e-01,-1.3040543213e+03,1.4907107353e+00,-6.0465359688e-01,3.2146269531e+04
1249,2.5199971199e+00,-8.4312266111e-01,-1.3436145020e+03,1.4876767397e+00,-5.5852562189e-01,3.2151873047e+04
1250,2.5268633366e+00,-7.2078227997e-01,-1.4049591064e+03,1.5226767063e+00,-5.5956059694e-01,3.2158574219e+04
1251,2.5319876671e+00,-5.8512258530e-01,-1.4416080322e+03,1.4586672783e+00,-5.5555301905e-01,3.2166005859e+04
1252,2.5328171253e+00,-4.4017621875e-01,-1.4846069336e+03,1.4609146118e+00,-5.1886606216e-01,3.2174437500e+04
1253,2.5324630737e+00,-2.8871053457e-01,-1.5026374512e+03,1.4467617273e+00,-4.6857914329e-01,3.2182654297e+04
1254,2.5278275013e+00,-1.3001310825e-01,-1.5245238037e+03,1.4915450811e+00,-4.5941075683e-01,3.2191548828e+04
1255,2.5216839314e+00,3.0820202082e-02,-1.5247263184e+03,1.4798383713e+00,-4.1906929016e-01,3.2200226562e+04
1256,2.5145828724e+00,1.9330114126e-01,-1.5290322266e+03,1.4436945915e+00,-3.7000128627e-01,3.2209138672e+04
1257,2.5053322315e+00,3.5317033529e-01,-1.5099860840e+03,1.4396548271e+00,-3.2880881429e-01,3.2218429688e+04
1258,2.4952132702e+00,5.0980323553e-01,-1.4870289307e+03,1.4134536982e+00,-2.8347191215e-01,3.2226166016e+04
1259,2.4851648808e+00,6.6116350889e-01,-1.4550598145e+03,1.4746770859e+00,-2.3903167248e-01,3.2233205078e+04
1260,2.4740691185e+00,8.0385577679e-01,-1.4062662354e+03,1.4356677532e+00,-1.9750572741e-01,3.2239244141e+04
1261,2.4626247883e+00,9.3579512835e-01,-1.3514726562e+03,1.4633233547e+00,-1.2766700983e-01,3.2244857422e+04
1262,2.4492645264e+00,1.0592892170e+00,-1.3010136719e+03,1.4112832546e+00,-1.0483459383e-01,3.2249720703e+04
1263,2.4333517551e+00,1.1697018147e+00,-1.2577635498e+03,1.3927611113e+00,-3.3895645291e-02,3.2252761719e+04
1264,2.4193019867e+00,1.2618945837e+00,-1.1932370605e+03,1.4088025093e+00,2.2308349144e-03,3.2255335938e+04
1265,2.4032695293e+00,1.3364030123e+00,-1.1392882080e+03,1.4089595079e+00,6.3220061362e-02,3.2255906250e+04
1266,2.3864355087e+00,1.3946527243e+00,-1.0722919922e+03,1.3916289806e+00,9.8575741053e-02,3.2256324219e+04
1267,2.3707525730e+00,1.4359320402e+00,-1.0333558350e+03,1.3800965548e+00,1.2552879751e-01,3.2254996094e+04
1268,2.3547360897e+00,1.4602845907e+00,-9.6965869141e+02,1.3731950521e+00,1.9243301451e-01,3.2252837891e+04
1269,2.3349792957e+00,1.4689698219e+00,-9.4732775879e+02,1.4088678360e+00,2.1811240911e-01,3.2249160156e+04
1270,2.3182213306e+00,1.4596898556e+00,-9.0054138184e+02,1.3899047375e+00,2.5856858492e-01,3.2244593750e+04
1271,2.3034236431e+00,1.4424201250e+00,-8.8289648438e+02,1.3613809347e+00,2.9930877686e-01,3.2238933594e+04
1272,2.2908043861e+00,1.4213875532e+00,-8.5329547119e+02,1.3802485466e+00,3.1538382173e-01,3.2233093750e+04
1273,2.2788107395e+00,1.4014136791e+00,-8.4009747314e+02,1.3912924528e+00,4.2027151585e-01,3.2226292969e+04
1274,2.2705366611e+00,1.3816397190e+00,-8.2426147461e+02,1.3906112909e+00,4.3234390020e-01,3.2219544922e+04
1275,2.2659580708e+00,1.3683903217e+00,-8.2183001709e+02,1.3612097502e+00,4.8604750633e-01,3.2212628906e+04
1276,2.2619931698e+00,1.3613537550e+00,-8.1855871582e+02,1.3924243450e+00,5.0282889605e-01,3.2205667969e+04
1277,2.2641894817e+00,1.3581904173e+00,-8.1587353516e+02,1.4041488171e+00,5.5569767952e-01,3.2198937500e+04
1278,2.2699739933e+00,1.3568739891e+00,-8.1853002930e+02,1.3897703886e+00,5.6704491377e-01,3.2191244141e+04
1279,2.2758152485e+00,1.3569394350e+00,-8.1784582520e+02,1.3982489109e+00,5.7922798395e-01,3.2184248047e+04
1280,2.2844123840e+00,1.3537570238e+00,-8.2216638184e+02,1.4014114141e+00,5.9123682976e-01,3.2178226562e+04
1281,2.2918436527e+00,1.3492093086e+00,-8.4100781250e+02,1.4228622913e+00,6.2403512001e-01,3.2172091797e+04
1282,2.3009145260e+00,1.3419482708e+00,-8.5055517578e+02,1.4183956385e+00,6.5105175972e-01,3.2165593750e+04
1283,2.3107450008e+00,1.3348258734e+00,-8.6589880371e+02,1.4412837029e+00,6.6827118397e-01,3.2160039062e+04
1284,2.3229074478e+00,1.3281728029e+00,-8.6896673584e+02,1.4771596193e+00,6.7873662710e-01,3.2156435547e+04
1285,2.3352835178e+00,1.3237686157e+00,-9.2004418945e+02,1.4558072090e+00,7.1137928963e-01,3.2151830078e+04
1286,2.3511340618e+00,1.3209887743e+00,-9.3696783447e+02,1.4527496099e+00,6.9364082813e-01,3.2148583984e+04
1287,2.3685677052e+00,1.3167902231e+00,-9.7080328369e+02,1.4837272167e+00,6.8168836832e-01,3.2146136719e+04
1288,2.3859455585e+00,1.3126922846e+00,-1.0092905273e+03,1.4974181652e+00,7.2211426497e-01,3.2144121094e+04
1289,2.4036390781e+00,1.2981518507e+00,-1.0585061035e+03,1.4538592100e+00,6.7239379883e-01,3.2144574219e+04
1290,2.4214475155e+00,1.2672539949e+00,-1.1032366943e+03,1.4500306845e+00,6.5941220522e-01,3.2144968750e+04
1291,2.4371254444e+00,1.2288480997e+00,-1.1608677979e+03,1.4959073067e+00,6.7048674822e-01,3.2146224609e+04
1292,2.4505040646e+00,1.1737097502e+00,-1.2197950439e+03,1.4951338768e+00,6.7012625933e-01,3.2148375000e+04
1293,2.4635567665e+00,1.0923359394e+00,-1.2723811035e+03,1.5040779114e+00,6.3763189316e-01,3.2151650391e+04
1294,2.4767718315e+00,9.9052256346e-01,-1.3362753906e+03,1.5127072334e+00,6.1885213852e-01,3.2156369141e+04
1295,2.4854485989e+00,8.7457561493e-01,-1.3876575928e+03,1.4900207520e+00,5.9064579010e-01,3.2161968750e+04
1296,2.4889054298e+00,7.4866044521e-01,-1.4510592041e+03,1.4844436646e+00,5.6139588356e-01,3.2168107422e+04
1297,2.4900515079e+00,6.0912692547e-01,-1.4900137939e+03,1.4733084440e+00,5.1794534922e-01,3.2175232422e+04
1298,2.4904043674e+00,4.6052730083e-01,-1.5352744141e+03,1.4735122919e+00,5.1140856743e-01,3.2181962891e+04
1299,2.4865770340e+00,3.0239576101e-01,-1.5590543213e+03,1.4492269754e+00,4.9086657166e-01,3.2189585938e+04
1300,2.4831237793e+00,1.3912370801e-01,-1.5762172852e+03,1.4884653091e+00,4.3833619356e-01,3.2197074219e+04
1301,2.4768137932e+00,-2.6123935357e-02,-1.5776846924e+03,1.4803471565e+00,4.0574997663e-01,3.2205250000e+04
1302,2.4682011604e+00,-1.9293278456e-01,-1.5866759033e+03,1.4434503317e+00,3.4877195954e-01,3.2213607422e+04
1303,2.4603199959e+00,-3.5779324174e-01,-1.5697987061e+03,1.4436519146e+00,3.1492981315e-01,3.2221222656e+04
1304,2.4503505230e+00,-5.2041882277e-01,-1.5540554199e+03,1.4649984837e+00,2.6593551040e-01,3.2228839844e+04
1305,2.4399147034e+00,-6.7699277401e-01,-1.5218676758e+03,1.4322689772e+00,2.3233886063e-01,3.2234589844e+04
1306,2.4277679920e+00,-8.2301032543e-01,-1.4709919434e+03,1.4327459335e+00,1.8826530874e-01,3.2241722656e+04
1307,2.4176259041e+00,-9.6129775047e-01,-1.4294384766e+03,1.4150173664e+00,1.3413757086e-01,3.2246935547e+04
1308,2.4034843445e+00,-1.0874540806e+00,-1.3629803467e+03,1.4364660978e+00,9.5276489854e-02,3.2251208984e+04
1309,2.3905389309e+00,-1.2001764774e+00,-1.3008004150e+03,1.4307857752e+00,3.8290482014e-02,3.2254658203e+04
1310,2.3766138554e+00,-1.3006262779e+00,-1.2407683105e+03,1.3810671568e+00,-1.1109772138e-02,3.2256056641e+04
1311,2.3641817570e+00,-1.3832421303e+00,-1.1851806641e+03,1.3844959736e+00,-6.9141387939e-02,3.2257861328e+04
1312,2.3520722389e+00,-1.4477560520e+00,-1.1104678955e+03,1.4214614630e+00,-1.0723686218e-01,3.2256578125e+04
1313,2.3361592293e+00,-1.4908752441e+00,-1.0696710205e+03,1.3763999939e+00,-1.2859222293e-01,3.2255365234e+04
1314,2.3229753971e+00,-1.5187131166e+00,-1.0129348755e+03,1.3795764446e+00,-1.9934417307e-01,3.2253775391e+04
1315,2.3073737621e+00,-1.5260732174e+00,-9.7112646484e+02,1.3720284700e+00,-2.4444144964e-01,3.2250343750e+04
1316,2.2912724018e+00,-1.5160819292e+00,-9.3842602539e+02,1.3941787481e+00,-2.8147086501e-01,3.2245707031e+04
1317,2.2809877396e+00,-1.4948617220e+00,-9.0657031250e+02,1.3740981817e+00,-3.1981369853e-01,3.2241121094e+04
1318,2.2689311504e+00,-1.4667465687e+00,-8.8172698975e+02,1.3724832535e+00,-3.6967018247e-01,3.2235152344e+04
1319,2.2593834400e+00,-1.4369168282e+00,-8.5943750000e+02,1.3842175007e+00,-3.9751526713e-01,3.2228498047e+04
1320,2.2549998760e+00,-1.4054377079e+00,-8.4207489014e+02,1.4012991190e+00,-4.2343604565e-01,3.2221441406e+04
1321,2.2521796227e+00,-1.3807239532e+00,-8.2736627197e+02,1.4075490236e+00,-5.0778597593e-01,3.2213587891e+04
1322,2.2527000904e+00,-1.3636097908e+00,-8.1764611816e+02,1.3706500530e+00,-5.1879584789e-01,3.2206611328e+04
1323,2.2545444965e+00,-1.3542423248e+00,-8.2129168701e+02,1.4050735235e+00,-5.4435330629e-01,3.2198705078e+04
1324,2.2589633465e+00,-1.3490852118e+00,-8.2213012695e+02,1.4070860147e+00,-6.0048788786e-01,3.2191759766e+04
1325,2.2657337189e+00,-1.3450186253e+00,-8.3000292969e+02,1.3912163973e+00,-5.9183859825e-01,3.2185658203e+04
1326,2.2732863426e+00,-1.3394137621e+00,-8.3102813721e+02,1.4140214920e+00,-6.0039609671e-01,3.2179009766e+04
1327,2.2818853855e+00,-1.3314285278e+00,-8.3946484375e+02,1.4231753349e+00,-6.3230574131e-01,3.2172546875e+04
1328,2.2918872833e+00,-1.3205810785e+00,-8.5522576904e+02,1.4333767891e+00,-6.5635412931e-01,3.2167001953e+04
1329,2.3037536144e+00,-1.3076567650e+00,-8.6022863770e+02,1.4832834005e+00,-6.8287283182e-01,3.2161703125e+04
1330,2.3146684170e+00,-1.2958416939e+00,-8.7769482422e+02,1.4760562181e+00,-6.9840157032e-01,3.2157076172e+04
1331,2.3295929432e+00,-1.2868027687e+00,-9.0406115723e+02,1.4532973766e+00,-7.0685052872e-01,3.2153142578e+04
1332,2.3457481861e+00,-1.2806192636e+00,-9.2727062988e+02,1.4685269594e+00,-7.3433214426e-01,3.2149839844e+04
1333,2.3640551567e+00,-1.2746717930e+00,-9.6689251709e+02,1.4664752483e+00,-6.6363632679e-01,3.2146554688e+04
1334,2.3837411404e+00,-1.2671176195e+00,-9.9173840332e+02,1.4920144081e+00,-6.7951339483e-01,3.2144751953e+04
1335,2.4023592472e+00,-1.2546908855e+00,-1.0513510742e+03,1.4857274294e+00,-7.0128434896e-01,3.2144193359e+04
1336,2.4205920696e+00,-1.2325553894e+00,-1.0774897461e+03,1.4693408012e+00,-6.8037718534e-01,3.2145132812e+04
1337,2.4379410744e+00,-1.1933866739e+00,-1.1558394775e+03,1.5022114515e+00,-6.4299893379e-01,3.2147244141e+04
1338,2.4546771049e+00,-1.1370915174e+00,-1.1997943115e+03,1.4806621075e+00,-6.7886716127e-01,3.2149044922e+04
1339,2.4687507153e+00,-1.0650631189e+00,-1.2603581543e+03,1.4946750402e+00,-6.3694113493e-01,3.2153013672e+04
1340,2.4793386459e+00,-9.7806751728e-01,-1.3105828857e+03,1.5009037256e+00,-6.0619759560e-01,3.2156933594e+04
1341,2.4876730442e+00,-8.7233275175e-01,-1.3637097168e+03,1.4777828455e+00,-5.7831579447e-01,3.2162123047e+04
1342,2.4920961857e+00,-7.4534296989e-01,-1.4255318604e+03,1.4954818487e+00,-5.8554744720e-01,3.2168179688e+04
1343,2.4973225594e+00,-6.0571640730e-01,-1.4681059570e+03,1.5040359497e+00,-5.4429930449e-01,3.2174855469e+04
1344,2.4983532429e+00,-4.5837187767e-01,-1.5093006592e+03,1.4543942213e+00,-4.9230706692e-01,3.2183085938e+04
1345,2.4976751804e+00,-3.0369734764e-01,-1.5487619629e+03,1.4611659050e+00,-4.5971518755e-01,3.2190605469e+04
1346,2.4936087132e+00,-1.4203327894e-01,-1.5621962891e+03,1.4616872072e+00,-4.4478720427e-01,3.2198859375e+04
1347,2.4884588718e+00,2.2377692163e-02,-1.5698111572e+03,1.4663580656e+00,-4.0958106518e-01,3.2207601562e+04
1348,2.4813799858e+00,1.8694680929e-01,-1.5596401367e+03,1.4750411510e+00,-3.2753953338e-01,3.2215507812e+04
1349,2.4731802940e+00,3.5041278601e-01,-1.5497513428e+03,1.4264591932e+00,-3.1971108913e-01,3.2223685547e+04
1350,2.4637429714e+00,5.1048338413e-01,-1.5231447754e+03,1.4477076530e+00,-2.9079398513e-01,3.2231212891e+04
1351,2.4540934563e+00,6.6533792019e-01,-1.4923103027e+03,1.4328304529e+00,-2.2474899888e-01,3.2237466797e+04
1352,2.4438912868e+00,8.1188309193e-01,-1.4399444580e+03,1.4590512514e+00,-1.9517722726e-01,3.2243671875e+04
1353,2.4336245060e+00,9.4792962074e-01,-1.4004125977e+03,1.4204630852e+00,-1.5201331675e-01,3.2248884766e+04
1354,2.4219951630e+00,1.0738867521e+00,-1.3336932373e+03,1.3987742662e+00,-8.4813535213e-02,3.2253279297e+04
1355,2.4076271057e+00,1.1836370230e+00,-1.2877149658e+03,1.4236085415e+00,-5.1743391901e-02,3.2256371094e+04
1356,2.3943498135e+00,1.2771294117e+00,-1.2248757324e+03,1.4067964554e+00,-8.7989808526e-04,3.2258542969e+04
1357,2.3825159073e+00,1.3592020273e+00,-1.1675041504e+03,1.4055691957e+00,6.4279176295e-02,3.2259119141e+04
1358,2.3679678440e+00,1.4178496599e+00,-1.1010380859e+03,1.3939059973e+00,9.3197859824e-02,3.2259835938e+04
1359,2.3582708836e+00,1.4539228678e+00,-1.0487907715e+03,1.3732687235e+00,1.4636215568e-01,3.2258498047e+04
1360,2.3423511982e+00,1.4800331593e+00,-1.0040659180e+03,1.3597995043e+00,1.9634902477e-01,3.2256927734e+04
1361,2.3261427879e+00,1.4878681898e+00,-9.6529193115e+02,1.3823379278e+00,2.5992310047e-01,3.2253460938e+04
1362,2.3132824898e+00,1.4781663418e+00,-9.1629321289e+02,1.3704574108e+00,2.8323784471e-01,3.2249062500e+04
1363,2.2993772030e+00,1.4624515772e+00,-8.9898352051e+02,1.3914259672e+00,3.2896766067e-01,3.2243332031e+04
1364,2.2861673832e+00,1.4414119720e+00,-8.6430639648e+02,1.3599171638e+00,3.4507292509e-01,3.2238748047e+04
1365,2.2756116390e+00,1.4191879034e+00,-8.5593853760e+02,1.3712562323e+00,3.9540863037e-01,3.2232210938e+04
1366,2.2687008381e+00,1.4008200169e+00,-8.3725769043e+02,1.3731257915e+00,4.5577231050e-01,3.2225191406e+04
1367,2.2643816471e+00,1.3856295347e+00,-8.3937072754e+02,1.3914306164e+00,4.6689444780e-01,3.2218373047e+04
1368,2.2651641369e+00,1.3760789633e+00,-8.2503338623e+02,1.4021923542e+00,5.0907188654e-01,3.2211642578e+04
1369,2.2676684856e+00,1.3726769686e+00,-8.2894219971e+02,1.3936506510e+00,5.6222856045e-01,3.2204660156e+04
1370,2.2722921371e+00,1.3711377382e+00,-8.2983392334e+02,1.3811404705e+00,5.9440863132e-01,3.2197191406e+04
1371,2.2787513733e+00,1.3691542149e+00,-8.3608404541e+02,1.3946217299e+00,6.1930984259e-01,3.2190888672e+04
1372,2.2871084213e+00,1.3665560484e+00,-8.4377673340e+02,1.4138896465e+00,6.2850821018e-01,3.2184583984e+04
1373,2.2951071262e+00,1.3621848822e+00,-8.5717779541e+02,1.4295791388e+00,6.6124075651e-01,3.2178205078e+04
1374,2.3052861691e+00,1.3562676907e+00,-8.6673199463e+02,1.4232593775e+00,6.5352004766e-01,3.2172283203e+04
1375,2.3160083294e+00,1.3499435186e+00,-8.9525073242e+02,1.4220154285e+00,6.5864545107e-01,3.2167148438e+04
1376,2.3290181160e+00,1.3448876143e+00,-9.0942718506e+02,1.4564666748e+00,6.8143355846e-01,3.2161703125e+04
1377,2.3429412842e+00,1.3416461945e+00,-9.3261541748e+02,1.4439804554e+00,6.8874204159e-01,3.2157847656e+04
1378,2.3594148159e+00,1.3391922712e+00,-9.6808709717e+02,1.4869433641e+00,7.0705014467e-01,3.2154076172e+04
1379,2.3766298294e+00,1.3330817223e+00,-1.0013713989e+03,1.4603430033e+00,6.7710459232e-01,3.2150357422e+04
1380,2.3948271275e+00,1.3222252131e+00,-1.0384246826e+03,1.4683456421e+00,6.9529891014e-01,3.2148060547e+04
1381,2.4132938385e+00,1.3033608198e+00,-1.0880455322e+03,1.4916480780e+00,6.8955659866e-01,3.2146230469e+04
1382,2.4310088158e+00,1.2669957876e+00,-1.1385515137e+03,1.4857952595e+00,6.5914535522e-01,3.2145892578e+04
1383,2.4463381767e+00,1.2141835690e+00,-1.1910021973e+03,1.4549328089e+00,6.7875444889e-01,3.2146667969e+04
1384,2.4583599567e+00,1.1456737518e+00,-1.2570672607e+03,1.4665045738e+00,6.3407033682e-01,3.2148955078e+04
1385,2.4705085754e+00,1.0565685034e+00,-1.3187382812e+03,1.4541805983e+00,6.1585879326e-01,3.2151896484e+04
1386,2.4799332619e+00,9.5111846924e-01,-1.3730292969e+03,1.5220965147e+00,5.7372426987e-01,3.2155892578e+04
1387,2.4862830639e+00,8.2925772667e-01,-1.4241452637e+03,1.5107884407e+00,5.9267425537e-01,3.2160779297e+04
1388,2.4906575680e+00,6.9379311800e-01,-1.4692060547e+03,1.4647332430e+00,5.4049909115e-01,3.2166552734e+04
1389,2.4934954643e+00,5.4849863052e-01,-1.5129044189e+03,1.4867939949e+00,5.2153760195e-01,3.2173333984e+04
1390,2.4927611351e+00,3.9258858562e-01,-1.5467393799e+03,1.4965213537e+00,4.7398978472e-01,3.2179962891e+04
1391,2.4907522202e+00,2.2867549956e-01,-1.5655273438e+03,1.4185154438e+00,4.4705498219e-01,3.2187503906e+04
1392,2.4864649773e+00,6.1956606805e-02,-1.5838416748e+03,1.4589972496e+00,4.0548995137e-01,3.2195085938e+04
1393,2.4799692631e+00,-1.0622388870e-01,-1.5761917725e+03,1.4635847807e+00,3.5517355800e-01,3.2203611328e+04
1394,2.4728929996e+00,-2.7421525121e-01,-1.5694584961e+03,1.4602470398e+00,3.5114014149e-01,3.2211375000e+04
1395,2.4642317295e+00,-4.3915197253e-01,-1.5529805908e+03,1.4666266441e+00,3.0007857084e-01,3.2219455078e+04
1396,2.4556748867e+00,-5.9901231527e-01,-1.5141582031e+03,1.4529910088e+00,2.4762199819e-01,3.2226814453e+04
1397,2.4452998638e+00,-7.5196218491e-01,-1.4834685059e+03,1.4099311829e+00,1.8560622633e-01,3.2234242188e+04
1398,2.4349415302e+00,-8.9752030373e-01,-1.4412272949e+03,1.4100799561e+00,1.2800712883e-01,3.2241191406e+04
1399,2.4252688885e+00,-1.0312861204e+00,-1.3705706787e+03,1.4143255949e+00,1.0385124385e-01,3.2246714844e+04
1400,2.4124684334e+00,-1.1510534286e+00,-1.3208409424e+03,1.4472680092e+00,7.5701065361e-02,3.2251613281e+04
1401,2.3995902538e+00,-1.2586387396e+00,-1.2506136475e+03,1.3927012682e+00,-1.1056060903e-02,3.2256058594e+04
1402,2.3852870464e+00,-1.3459922075e+00,-1.2002041016e+03,1.3772658110e+00,-4.9803465605e-02,3.2258707031e+04
1403,2.3734655380e+00,-1.4165871143e+00,-1.1228635254e+03,1.3843978643e+00,-1.1130729318e-01,3.2260287109e+04
1404,2.3605687618e+00,-1.4723278284e+00,-1.0670642090e+03,1.4401748180e+00,-1.3885551691e-01,3.2260152344e+04
1405,2.3457286358e+00,-1.5039887428e+00,-1.0192502441e+03,1.3942407370e+00,-1.8405143917e-01,3.2259519531e+04
1406,2.3315007687e+00,-1.5201239586e+00,-9.7719958496e+02,1.3829221725e+00,-2.1934288740e-01,3.2257710938e+04
1407,2.3168194294e+00,-1.5213363171e+00,-9.3461651611e+02,1.3611925840e+00,-2.9021462798e-01,3.2255011719e+04
1408,2.3006768227e+00,-1.5037961006e+00,-9.1560437012e+02,1.3838115931e+00,-2.7488180995e-01,3.2250802734e+04
1409,2.2887394428e+00,-1.4766886234e+00,-8.8085119629e+02,1.3801614046e+00,-3.6130255461e-01,3.2246830078e+04
1410,2.2813942432e+00,-1.4475677013e+00,-8.6495257568e+02,1.3910782337e+00,-4.2627945542e-01,3.2242056641e+04
1411,2.2745633125e+00,-1.4183367491e+00,-8.4960137939e+02,1.3966637850e+00,-4.7279509902e-01,3.2235279297e+04
1412,2.2707102299e+00,-1.3934881687e+00,-8.2435443115e+02,1.4207701683e+00,-4.7379362583e-01,3.2228917969e+04
1413,2.2694790363e+00,-1.3743380308e+00,-8.2677581787e+02,1.4089796543e+00,-5.0680643320e-01,3.2222269531e+04
1414,2.2716429234e+00,-1.3603072166e+00,-8.2591467285e+02,1.3836681843e+00,-5.4545569420e-01,3.2214433594e+04
1415,2.2749550343e+00,-1.3526545763e+00,-8.3157495117e+02,1.4142997265e+00,-5.6295859814e-01,3.2206541016e+04
1416,2.2809031010e+00,-1.3471219540e+00,-8.2904870605e+02,1.4048043489e+00,-5.8866912127e-01,3.2199808594e+04
1417,2.2882163525e+00,-1.3416838646e+00,-8.3717535400e+02,1.4338389635e+00,-6.4357542992e-01,3.2192818359e+04
1418,2.2973413467e+00,-1.3355041742e+00,-8.5733435059e+02,1.4333208799e+00,-6.8389511108e-01,3.2185781250e+04
1419,2.3066632748e+00,-1.3251805305e+00,-8.6350726318e+02,1.4335119724e+00,-6.8043166399e-01,3.2179623047e+04
1420,2.3178448677e+00,-1.3135904074e+00,-8.8772119141e+02,1.4514396191e+00,-6.6543197632e-01,3.2172191406e+04
1421,2.3308343887e+00,-1.3035833836e+00,-8.9844219971e+02,1.4675941467e+00,-6.8896657228e-01,3.2166824219e+04
1422,2.3457610607e+00,-1.2938444614e+00,-9.2811199951e+02,1.4762045145e+00,-6.9397550821e-01,3.2161328125e+04
1423,2.3632371426e+00,-1.2869977951e+00,-9.4667944336e+02,1.4900375605e+00,-7.1197867393e-01,3.2156486328e+04
1424,2.3820805550e+00,-1.2813575268e+00,-9.9132727051e+02,1.4835829735e+00,-7.1223086119e-01,3.2153246094e+04
1425,2.4019877911e+00,-1.2723898888e+00,-1.0147466431e+03,1.4744763374e+00,-7.3053163290e-01,3.2150619141e+04
1426,2.4223923683e+00,-1.2577397823e+00,-1.0705098877e+03,1.4962594509e+00,-7.0494949818e-01,3.2148544922e+04
1427,2.4416522980e+00,-1.2316573858e+00,-1.1159206543e+03,1.5159344673e+00,-6.7400026321e-01,3.2147082031e+04
1428,2.4604177475e+00,-1.1942870617e+00,-1.1607825928e+03,1.4973751307e+00,-6.8479418755e-01,3.2147001953e+04
1429,2.4749288559e+00,-1.1374365091e+00,-1.2126586914e+03,1.5039821863e+00,-6.9803327322e-01,3.2147910156e+04
1430,2.4889667034e+00,-1.0626252890e+00,-1.2772935791e+03,1.5518164635e+00,-6.2952923775e-01,3.2149511719e+04
1431,2.5015101433e+00,-9.6711772680e-01,-1.3289803467e+03,1.5127165318e+00,-6.4077413082e-01,3.2152375000e+04
1432,2.5109829903e+00,-8.5824155807e-01,-1.3813371582e+03,1.4850558043e+00,-6.1120176315e-01,3.2156873047e+04
1433,2.5190420151e+00,-7.3429238796e-01,-1.4382879639e+03,1.4811547995e+00,-5.5892604589e-01,3.2162111328e+04
1434,2.5218262672e+00,-5.9744167328e-01,-1.4707342529e+03,1.4954525232e+00,-5.4859143496e-01,3.2168242188e+04
1435,2.5207657814e+00,-4.4845524430e-01,-1.5167515869e+03,1.5102559328e+00,-5.2790033817e-01,3.2175087891e+04
1436,2.5200948715e+00,-2.9322662950e-01,-1.5302048340e+03,1.5167725086e+00,-4.9630683661e-01,3.2182599609e+04
1437,2.5163552761e+00,-1.3225223124e-01,-1.5489854736e+03,1.4987179041e+00,-4.6035721898e-01,3.2191275391e+04
1438,2.5096108913e+00,3.2169319689e-02,-1.5447624512e+03,1.4744507074e+00,-3.8521996140e-01,3.2199539062e+04
1439,2.5011475086e+00,1.9576196373e-01,-1.5391439209e+03,1.4648898840e+00,-3.5907667875e-01,3.2208333984e+04
1440,2.4921746254e+00,3.5741329193e-01,-1.5209965820e+03,1.4484744072e+00,-3.4916794300e-01,3.2216406250e+04
1441,2.4819757938e+00,5.1680439711e-01,-1.4888225098e+03,1.4388254881e+00,-2.7338540554e-01,3.2224625000e+04
1442,2.4722292423e+00,6.7032796144e-01,-1.4487447510e+03,1.4429336786e+00,-2.2338081896e-01,3.2232169922e+04
1443,2.4612834454e+00,8.1664115191e-01,-1.4005632324e+03,1.4625169039e+00,-2.0905113220e-01,3.2239636719e+04
1444,2.4498319626e+00,9.5138227940e-01,-1.3514173584e+03,1.4114395380e+00,-1.5296363831e-01,3.2246357422e+04
1445,2.4380221367e+00,1.0725401640e+00,-1.2967659912e+03,1.4097622633e+00,-1.1162322760e-01,3.2251169922e+04
1446,2.4271433353e+00,1.1806199551e+00,-1.2344195557e+03,1.4422287941e+00,-3.5302583128e-02,3.2255632812e+04
1447,2.4131824970e+00,1.2735691071e+00,-1.1837469482e+03,1.4317890406e+00,-1.1736374348e-02,3.2259578125e+04
1448,2.3993573189e+00,1.3487689495e+00,-1.1197532959e+03,1.4114577770e+00,7.7867202461e-02,3.2262023438e+04
1449,2.3830933571e+00,1.4070585966e+00,-1.0775430908e+03,1.4110647440e+00,7.7687300742e-02,3.2263134766e+04
1450,2.3678541183e+00,1.4433190823e+00,-1.0123499756e+03,1.3797760010e+00,1.3968826830e-01,3.2263673828e+04
1451,2.3511669636e+00,1.4681663513e+00,-9.8551745605e+02,1.3521029949e+00,2.0767615736e-01,3.2262775391e+04
1452,2.3364100456e+00,1.4732310772e+00,-9.2026696777e+02,1.3616186380e+00,2.3489800096e-01,3.2260355469e+04
1453,2.3208866119e+00,1.4635086060e+00,-9.0327856445e+02,1.3989667892e+00,2.8342238069e-01,3.2257179688e+04
1454,2.3049192429e+00,1.4464863539e+00,-8.6154290771e+02,1.3863694668e+00,3.4841439128e-01,3.2252767578e+04
1455,2.2924203873e+00,1.4240404367e+00,-8.5151818848e+02,1.4081972837e+00,3.9043426514e-01,3.2246812500e+04
1456,2.2829542160e+00,1.4011076689e+00,-8.2673919678e+02,1.3971052170e+00,4.0809157491e-01,3.2241173828e+04
1457,2.2771904469e+00,1.3816269636e+00,-8.1960284424e+02,1.3772270679e+00,4.2497864366e-01,3.2235378906e+04
1458,2.2730231285e+00,1.3685932159e+00,-8.2043170166e+02,1.3822491169e+00,5.1954621077e-01,3.2228380859e+04
1459,2.2725913525e+00,1.3605930805e+00,-8.2116302490e+02,1.3953667879e+00,5.6047552824e-01,3.2221578125e+04
1460,2.2746448517e+00,1.3580143452e+00,-8.1795129395e+02,1.3919535875e+00,5.7197070122e-01,3.2214501953e+04
1461,2.2783749104e+00,1.3575445414e+00,-8.2541314697e+02,1.4090114832e+00,5.9772604704e-01,3.2207281250e+04
1462,2.2835829258e+00,1.3573925495e+00,-8.2255627441e+02,1.4260735512e+00,5.9440648556e-01,3.2199351562e+04
1463,2.2903275490e+00,1.3552027941e+00,-8.4045092773e+02,1.4455609322e+00,6.3499772549e-01,3.2192230469e+04
1464,2.2988080978e+00,1.3509221077e+00,-8.4820910645e+02,1.4299153090e+00,6.6543036699e-01,3.2185669922e+04
1465,2.3073537350e+00,1.3456013203e+00,-8.7193804932e+02,1.4359515905e+00,6.7435717583e-01,3.2179025391e+04
1466,2.3178353310e+00,1.3399239779e+00,-8.8543316650e+02,1.4718090296e+00,6.8044960499e-01,3.2172337891e+04
1467,2.3296797276e+00,1.3354984522e+00,-9.0976458740e+02,1.4690909386e+00,7.1382158995e-01,3.2166080078e+04
1468,2.3441748619e+00,1.3334749937e+00,-9.3813714600e+02,1.4636920691e+00,7.2137337923e-01,3.2160781250e+04
1469,2.3600659370e+00,1.3290370703e+00,-9.7077618408e+02,1.4661300182e+00,7.0321458578e-01,3.2156283203e+04
1470,2.3782777786e+00,1.3242965937e+00,-1.0046793823e+03,1.4786314964e+00,7.1652650833e-01,3.2153347656e+04
1471,2.3963871002e+00,1.3132740259e+00,-1.0478659668e+03,1.4594005346e+00,7.3010420799e-01,3.2150246094e+04
1472,2.4132738113e+00,1.2968893051e+00,-1.0872983398e+03,1.4972184896e+00,7.0790374279e-01,3.2148585938e+04
1473,2.4308648109e+00,1.2664096355e+00,-1.1388637695e+03,1.5087207556e+00,6.7072176933e-01,3.2147921875e+04
1474,2.4458670616e+00,1.2195258141e+00,-1.1883039551e+03,1.5132997036e+00,6.7920297384e-01,3.2147644531e+04
1475,2.4594216347e+00,1.1466813087e+00,-1.2528986816e+03,1.5019984245e+00,6.7161005735e-01,3.2148787109e+04
1476,2.4734199047e+00,1.0567368269e+00,-1.3039782715e+03,1.4753994942e+00,6.4403486252e-01,3.2151250000e+04
1477,2.4828829765e+00,9.5332998037e-01,-1.3596760254e+03,1.4803510904e+00,6.2759792805e-01,3.2155236328e+04
1478,2.4887285233e+00,8.3320599794e-01,-1.4272907715e+03,1.4970321655e+00,5.8958017826e-01,3.2159224609e+04
1479,2.4923226833e+00,6.9828248024e-01,-1.4616572266e+03,1.5071862936e+00,5.6093269587e-01,3.2164814453e+04
1480,2.4935321808e+00,5.5357092619e-01,-1.5104565430e+03,1.4933112860e+00,5.5584108829e-01,3.2170744141e+04
1481,2.4922001362e+00,3.9639237523e-01,-1.5374018555e+03,1.4854716063e+00,5.2719992399e-01,3.2178812500e+04
1482,2.4888772964e+00,2.3273937404e-01,-1.5611763916e+03,1.4857867956e+00,4.6099638939e-01,3.2186785156e+04
1483,2.4833650589e+00,6.6220641136e-02,-1.5709202881e+03,1.4619675875e+00,4.3101394176e-01,3.2194488281e+04
1484,2.4767889977e+00,-1.0161998123e-01,-1.5858614502e+03,1.4902491570e+00,3.9337441325e-01,3.2202666016e+04
1485,2.4700522423e+00,-2.6808449626e-01,-1.5527757568e+03,1.4681810141e+00,3.3899459243e-01,3.2210474609e+04
1486,2.4621632099e+00,-4.3322256207e-01,-1.5388015137e+03,1.4399158955e+00,3.0870941281e-01,3.2218935547e+04
1487,2.4531412125e+00,-5.9393584728e-01,-1.5094017334e+03,1.4527124166e+00,2.6305305958e-01,3.2227330078e+04
1488,2.4439458847e+00,-7.4813693762e-01,-1.4731007080e+03,1.4338469505e+00,1.9352699816e-01,3.2235056641e+04
1489,2.4323227406e+00,-8.9058053493e-01,-1.4277814941e+03,1.4116019011e+00,1.7527824640e-01,3.2241777344e+04
1490,2.4204187393e+00,-1.0248411894e+00,-1.3730194092e+03,1.4061102867e+00,1.0356239229e-01,3.2247589844e+04
1491,2.4090809822e+00,-1.1472003460e+00,-1.3041682129e+03,1.4335082769e+00,6.1185304075e-02,3.2253072266e+04
1492,2.3930523396e+00,-1.2536897659e+00,-1.2548524170e+03,1.4253373146e+00,4.6878434718e-02,3.2256919922e+04
1493,2.3820755482e+00,-1.3431720734e+00,-1.1862915039e+03,1.4151366949e+00,1.5226516873e-02,3.2260558594e+04
1494,2.3709359169e+00,-1.4145699739e+00,-1.1272452393e+03,1.3886232376e+00,-4.5644074678e-02,3.2262902344e+04
1495,2.3571732044e+00,-1.4669637680e+00,-1.0779481201e+03,1.3513500690e+00,-1.3971397281e-01,3.2263378906e+04
1496,2.3438084126e+00,-1.5002464056e+00,-1.0113711548e+03,1.4049122334e+00,-1.7028816044e-01,3.2262128906e+04
1497,2.3301463127e+00,-1.5166295767e+00,-9.6627478027e+02,1.4183403254e+00,-1.8969298899e-01,3.2260349609e+04
1498,2.3121566772e+00,-1.5123386383e+00,-9.3723645020e+02,1.3976907730e+00,-2.6769196987e-01,3.2257609375e+04
1499,2.3007757664e+00,-1.4973405600e+00,-8.9754534912e+02,1.3898398876e+00,-3.0337172747e-01,3.2253771484e+04
1500,2.2883172035e+00,-1.4725595713e+00,-8.7190295410e+02,1.4012948275e+00,-3.5076537728e-01,3.2249003906e+04
1501,2.2758483887e+00,-1.4399865866e+00,-8.4905303955e+02,1.3634924889e+00,-3.9297661185e-01,3.2243332031e+04
1502,2.2688076496e+00,-1.4092527628e+00,-8.3235162354e+02,1.3878113031e+00,-4.4351416826e-01,3.2237654297e+04
1503,2.2650079727e+00,-1.3822333813e+00,-8.2818365479e+02,1.3720464706e+00,-4.9337309599e-01,3.2230111328e+04
1504,2.2636065483e+00,-1.3627666235e+00,-8.1905078125e+02,1.3742746115e+00,-4.9371612072e-01,3.2222847656e+04
1505,2.2637112141e+00,-1.3501135111e+00,-8.1818896484e+02,1.4161334038e+00,-5.3320473433e-01,3.2215800781e+04
1506,2.2684972286e+00,-1.3433320522e+00,-8.1116961670e+02,1.3947918415e+00,-5.7004714012e-01,3.2208236328e+04
1507,2.2724909782e+00,-1.3397010565e+00,-8.2704974365e+02,1.4319720268e+00,-5.8604508638e-01,3.2200361328e+04
1508,2.2800135612e+00,-1.3361886740e+00,-8.2508557129e+02,1.4298262596e+00,-6.1371427774e-01,3.2192880859e+04
1509,2.2875428200e+00,-1.3297357559e+00,-8.4127697754e+02,1.3570752144e+00,-6.2778192759e-01,3.2186558594e+04
1510,2.2974128723e+00,-1.3208708763e+00,-8.4714544678e+02,1.4482431412e+00,-6.6550397873e-01,3.2179705078e+04
1511,2.3078656197e+00,-1.3100773096e+00,-8.6481622314e+02,1.4393343925e+00,-6.8778878450e-01,3.2173398438e+04
1512,2.3194103241e+00,-1.2984290123e+00,-8.8521026611e+02,1.4396777153e+00,-6.9515746832e-01,3.2166927734e+04
1513,2.3334662914e+00,-1.2888178825e+00,-9.0014666748e+02,1.4615533352e+00,-7.1071195602e-01,3.2161761719e+04
1514,2.3486311436e+00,-1.2813649178e+00,-9.2613159180e+02,1.4631494284e+00,-7.3872041702e-01,3.2157058594e+04
1515,2.3660535812e+00,-1.2768415213e+00,-9.4586962891e+02,1.4994169474e+00,-7.0446228981e-01,3.2152906250e+04
1516,2.3843572140e+00,-1.2709828615e+00,-1.0053867188e+03,1.4801537991e+00,-7.1124356985e-01,3.2148882812e+04
1517,2.4046332836e+00,-1.2630596161e+00,-1.0234816284e+03,1.4704895020e+00,-6.8581926823e-01,3.2146818359e+04
1518,2.4225275517e+00,-1.2424488068e+00,-1.0777360840e+03,1.4894412756e+00,-6.9982266426e-01,3.2145390625e+04
1519,2.4418017864e+00,-1.2118964195e+00,-1.1120548096e+03,1.4799865484e+00,-6.7952591181e-01,3.2145830078e+04
1520,2.4588696957e+00,-1.1675570011e+00,-1.1686959229e+03,1.4908694029e+00,-6.6983199120e-01,3.2146919922e+04
1521,2.4724314213e+00,-1.1024199724e+00,-1.2438861084e+03,1.5046386719e+00,-6.7790877819e-01,3.2149638672e+04
1522,2.4873127937e+00,-1.0196294785e+00,-1.2911313477e+03,1.4672909975e+00,-6.3244521618e-01,3.2153775391e+04
1523,2.4986786842e+00,-9.1901212931e-01,-1.3474405518e+03,1.4875402451e+00,-5.9610348940e-01,3.2158826172e+04
1524,2.5054867268e+00,-8.0042296648e-01,-1.3928201904e+03,1.4906533957e+00,-5.9897649288e-01,3.2164281250e+04
1525,2.5106377602e+00,-6.7129296064e-01,-1.4454663086e+03,1.4627450705e+00,-5.5996042490e-01,3.2171064453e+04
1526,2.5125584602e+00,-5.3044474125e-01,-1.4816425781e+03,1.4997078180e+00,-5.2369809151e-01,3.2177451172e+04
1527,2.5112233162e+00,-3.7978836894e-01,-1.5095086670e+03,1.5028872490e+00,-5.2074670792e-01,3.2185031250e+04
1528,2.5083470345e+00,-2.2329831123e-01,-1.5403127441e+03,1.4748171568e+00,-4.6465760469e-01,3.2193115234e+04
1529,2.5036456585e+00,-6.4005240798e-02,-1.5511228027e+03,1.4853607416e+00,-4.3221732974e-01,3.2201314453e+04
1530,2.4978644848e+00,9.8782718182e-02,-1.5629511719e+03,1.4815771580e+00,-3.8653397560e-01,3.2210046875e+04
1531,2.4903433323e+00,2.6293295622e-01,-1.5447069092e+03,1.4426290989e+00,-3.3191201091e-01,3.2218314453e+04
1532,2.4802021980e+00,4.2466691136e-01,-1.5275780029e+03,1.4454872608e+00,-2.9145646095e-01,3.2226759766e+04
1533,2.4707651138e+00,5.8183556795e-01,-1.4941054688e+03,1.4557735920e+00,-2.9078361392e-01,3.2233082031e+04
1534,2.4605476856e+00,7.3064625263e-01,-1.4585880127e+03,1.4439990520e+00,-2.3756293952e-01,3.2240541016e+04
1535,2.4491240978e+00,8.6993300915e-01,-1.4069699707e+03,1.4353518486e+00,-1.3772346079e-01,3.2246087891e+04
1536,2.4369573593e+00,9.9935203791e-01,-1.3457823486e+03,1.4223998785e+00,-1.0051941127e-01,3.2251003906e+04
1537,2.4233374596e+00,1.1165144444e+00,-1.2972141113e+03,1.4138739109e+00,-7.1835100651e-02,3.2255316406e+04
1538,2.4096632004e+00,1.2177393436e+00,-1.2455902100e+03,1.3939137459e+00,-1.0529861785e-02,3.2258339844e+04
1539,2.3971142769e+00,1.3028160334e+00,-1.1728764648e+03,1.4048405886e+00,1.1445236392e-02,3.2259429688e+04
1540,2.3812675476e+00,1.3702433109e+00,-1.1220369873e+03,1.3849252462e+00,6.2111664563e-02,3.2259558594e+04
1541,2.3662092686e+00,1.4219180346e+00,-1.0602169189e+03,1.3959234953e+00,1.4546675980e-01,3.2259628906e+04
1542,2.3495080471e+00,1.4552570581e+00,-1.0137568359e+03,1.3723317385e+00,1.6388580203e-01,3.2258785156e+04
1543,2.3324189186e+00,1.4701976776e+00,-9.7550671387e+02,1.3571648598e+00,2.2658829391e-01,3.2256572266e+04
1544,2.3149735928e+00,1.4700320959e+00,-9.3467828369e+02,1.3678960800e+00,2.5957840681e-01,3.2252787109e+04
1545,2.2992165089e+00,1.4585224390e+00,-8.9892456055e+02,1.3949679136e+00,3.3664718270e-01,3.2247951172e+04
1546,2.2842557430e+00,1.4390674829e+00,-8.6613641357e+02,1.3835085630e+00,3.3932450414e-01,3.2242824219e+04
1547,2.2737729549e+00,1.4155719280e+00,-8.4454205322e+02,1.3919330835e+00,4.0032464266e-01,3.2236289062e+04
1548,2.2649924755e+00,1.3934595585e+00,-8.3891235352e+02,1.3891984224e+00,4.3225944042e-01,3.2230167969e+04
1549,2.2572937012e+00,1.3767591715e+00,-8.2974102783e+02,1.3691587448e+00,4.6071022749e-01,3.2224291016e+04
1550,2.2532253265e+00,1.3662770987e+00,-8.1423370361e+02,1.4164242744e+00,5.2281743288e-01,3.2217757812e+04
1551,2.2535333633e+00,1.3606901169e+00,-8.1975823975e+02,1.3769898415e+00,5.7926058769e-01,3.2210496094e+04
1552,2.2592325211e+00,1.3649926186e+00,-7.8885266113e+02,1.4114501476e+00,5.8874779940e-01,3.2204054688e+04
1553,2.2655203342e+00,1.3695360422e+00,-8.2000708008e+02,1.3984341621e+00,5.5376607180e-01,3.2197406250e+04
1554,2.2784888744e+00,1.3613581657e+00,-8.0468121338e+02,1.4331345558e+00,6.2145912647e-01,3.2190613281e+04
1555,2.2822148800e+00,1.3598318100e+00,-8.5285717773e+02,1.4202874899e+00,6.8081861734e-01,3.2184736328e+04
1556,2.2832853794e+00,1.3597371578e+00,-8.2995538330e+02,1.4237095118e+00,6.6162842512e-01,3.2178435547e+04
1557,2.2861104012e+00,1.3569005728e+00,-8.7086822510e+02,1.4595980644e+00,6.7174768448e-01,3.2172255859e+04
1558,2.2942509651e+00,1.3497837782e+00,-8.8340350342e+02,1.4545888901e+00,7.0658636093e-01,3.2167357422e+04
1559,2.3063087463e+00,1.3419775963e+00,-9.1107714844e+02,1.4651757479e+00,7.1385359764e-01,3.2162980469e+04
1560,2.3201854229e+00,1.3357144594e+00,-9.2887908936e+02,1.4637711048e+00,7.1686637402e-01,3.2159679688e+04
1561,2.3358688354e+00,1.3311870098e+00,-9.5487603760e+02,1.4878758192e+00,7.0447659492e-01,3.2155595703e+04
1562,2.3503854275e+00,1.3263462782e+00,-1.0051695557e+03,1.4709954262e+00,7.4667555094e-01,3.2152751953e+04
1563,2.3669242859e+00,1.3179571629e+00,-1.0450128174e+03,1.4986639023e+00,6.7550581694e-01,3.2151558594e+04
1564,2.3828244209e+00,1.2998276949e+00,-1.0765704346e+03,1.4625936747e+00,6.9557386637e-01,3.2151539062e+04
1565,2.3970868587e+00,1.2683863640e+00,-1.1400450439e+03,1.5020642281e+00,6.5693068504e-01,3.2151384766e+04
1566,2.4118068218e+00,1.2158048153e+00,-1.1976833496e+03,1.5166146755e+00,6.8732100725e-01,3.2152429688e+04
1567,2.4237892628e+00,1.1452826262e+00,-1.2611729736e+03,1.5034148693e+00,6.4462262392e-01,3.2155015625e+04
1568,2.4323079586e+00,1.0592632294e+00,-1.3107509766e+03,1.4712437391e+00,6.1921453476e-01,3.2159501953e+04
1569,2.4389600754e+00,9.5555782318e-01,-1.3874265137e+03,1.4840105772e+00,6.2797570229e-01,3.2163886719e+04
1570,2.4426457882e+00,8.3560544252e-01,-1.4322374268e+03,1.4939827919e+00,5.9493982792e-01,3.2168564453e+04
1571,2.4456565380e+00,7.0129895210e-01,-1.4877443848e+03,1.5246456861e+00,5.5507266521e-01,3.2174496094e+04
1572,2.4458782673e+00,5.5284100771e-01,-1.5292899170e+03,1.4970834255e+00,5.0684088469e-01,3.2181876953e+04
1573,2.4449303150e+00,3.9632093906e-01,-1.5598211670e+03,1.4783254862e+00,4.9722167850e-01,3.2187941406e+04
1574,2.4413440228e+00,2.3439450562e-01,-1.5908424072e+03,1.4857270718e+00,4.6300736070e-01,3.2196474609e+04
1575,2.4359927177e+00,6.7258156836e-02,-1.6086281738e+03,1.4584224224e+00,4.3381735682e-01,3.2203781250e+04
1576,2.4301326275e+00,-1.0220228136e-01,-1.6114462891e+03,1.4683576822e+00,3.6771392822e-01,3.2211044922e+04
1577,2.4230809212e+00,-2.7024984360e-01,-1.6035625000e+03,1.4481800795e+00,3.2475128770e-01,3.2219177734e+04
1578,2.4145009518e+00,-4.3769097328e-01,-1.5820648193e+03,1.4735749960e+00,2.9547318816e-01,3.2227302734e+04
1579,2.4050979614e+00,-5.9738492966e-01,-1.5628192139e+03,1.4184675217e+00,2.2963172197e-01,3.2235001953e+04
1580,2.3955802917e+00,-7.5074148178e-01,-1.5192657471e+03,1.4251605272e+00,2.0042571425e-01,3.2241701172e+04
1581,2.3854320049e+00,-8.9732128382e-01,-1.4724184570e+03,1.4414156675e+00,1.5723404288e-01,3.2247195312e+04
1582,2.3748445511e+00,-1.0329650640e+00,-1.4107159424e+03,1.4456065893e+00,1.2383003533e-01,3.2252388672e+04
1583,2.3638827801e+00,-1.1551718712e+00,-1.3536553955e+03,1.3862283230e+00,4.0496367961e-02,3.2256603516e+04
1584,2.3544445038e+00,-1.2659404278e+00,-1.2895621338e+03,1.3971713781e+00,2.1564865485e-02,3.2260042969e+04
1585,2.3445265293e+00,-1.3557966948e+00,-1.2334119873e+03,1.3756872416e+00,-4.0851060301e-02,3.2262689453e+04
1586,2.3348815441e+00,-1.4307450056e+00,-1.1709759521e+03,1.3949601650e+00,-9.4613038003e-02,3.2263642578e+04
1587,2.3261954784e+00,-1.4883652925e+00,-1.1002130127e+03,1.3930234909e+00,-1.3312232494e-01,3.2263761719e+04
1588,2.3132545948e+00,-1.5231852531e+00,-1.0583269043e+03,1.3741104603e+00,-1.5937523544e-01,3.2262185547e+04
1589,2.2997009754e+00,-1.5381208658e+00,-1.0140377808e+03,1.4066498280e+00,-2.2106765211e-01,3.2259923828e+04
1590,2.2874069214e+00,-1.5375164747e+00,-9.6078387451e+02,1.3787082434e+00,-2.6316481829e-01,3.2256603516e+04
1591,2.2768378258e+00,-1.5225917101e+00,-9.2764392090e+02,1.3818483353e+00,-3.1807166338e-01,3.2252769531e+04
1592,2.2675316334e+00,-1.4974901676e+00,-9.0197094727e+02,1.3919790983e+00,-3.6425551772e-01,3.2247902344e+04
1593,2.2580597401e+00,-1.4662981033e+00,-8.8720526123e+02,1.3723175526e+00,-4.1808891296e-01,3.2242507812e+04
1594,2.2524533272e+00,-1.4360190630e+00,-8.6747167969e+02,1.3906930685e+00,-4.3187430501e-01,3.2236279297e+04
1595,2.2496099472e+00,-1.4095798731e+00,-8.5770166016e+02,1.4026204348e+00,-4.9135276675e-01,3.2229658203e+04
1596,2.2486736774e+00,-1.3897505999e+00,-8.4400738525e+02,1.3963494301e+00,-5.1955765486e-01,3.2223298828e+04
1597,2.2505128384e+00,-1.3756767511e+00,-8.4346875000e+02,1.3631819487e+00,-5.4143899679e-01,3.2216115234e+04
1598,2.2556118965e+00,-1.3672715425e+00,-8.3951452637e+02,1.3833354712e+00,-5.7238721848e-01,3.2208763672e+04
1599,2.2629745007e+00,-1.3627198935e+00,-8.4576788330e+02,1.4103769064e+00,-5.8317971230e-01,3.2201779297e+04
1600,2.2704293728e+00,-1.3579088449e+00,-8.4855932617e+02,1.4391232729e+00,-6.0104864836e-01,3.2194484375e+04
1601,2.2802155018e+00,-1.3484072685e+00,-8.5586145020e+02,1.4467386007e+00,-6.3623207808e-01,3.2187201172e+04
1602,2.2906906605e+00,-1.3401365280e+00,-8.7326910400e+02,1.3901690245e+00,-6.9012284279e-01,3.2181003906e+04
1603,2.3008482456e+00,-1.3309926987e+00,-9.0257495117e+02,1.4231359959e+00,-6.5684235096e-01,3.2174425781e+04
1604,2.3148610592e+00,-1.3224377632e+00,-9.1027166748e+02,1.4581643343e+00,-6.8043440580e-01,3.2168326172e+04
1605,2.3297498226e+00,-1.3151293993e+00,-9.4039062500e+02,1.4902405739e+00,-7.1309179068e-01,3.2162753906e+04
1606,2.3462479115e+00,-1.3083018064e+00,-9.6305694580e+02,1.4593112469e+00,-7.1344506741e-01,3.2157664062e+04
1607,2.3639268875e+00,-1.3034460545e+00,-1.0029502563e+03,1.4637142420e+00,-7.0341950655e-01,3.2154332031e+04
1608,2.3841450214e+00,-1.2938981056e+00,-1.0369719238e+03,1.4590698481e+00,-6.6509890556e-01,3.2150908203e+04
1609,2.4025833607e+00,-1.2786251307e+00,-1.0715618896e+03,1.4720671177e+00,-6.9405245781e-01,3.2148914062e+04
1610,2.4218316078e+00,-1.2533758879e+00,-1.1301263428e+03,1.5051553249e+00,-6.6806060076e-01,3.2147957031e+04
1611,2.4395689964e+00,-1.2095686197e+00,-1.1723482666e+03,1.5000271797e+00,-6.9374090433e-01,3.2147746094e+04
1612,2.4551448822e+00,-1.1518861055e+00,-1.2424158936e+03,1.4656506777e+00,-6.5152925253e-01,3.2149666016e+04
1613,2.4688444138e+00,-1.0767480135e+00,-1.2818464355e+03,1.4835784435e+00,-6.3477545977e-01,3.2150892578e+04
1614,2.4798536301e+00,-9.7860836983e-01,-1.3577440186e+03,1.5102483034e+00,-6.3284254074e-01,3.2153251953e+04
1615,2.4898850918e+00,-8.6617600918e-01,-1.3850882568e+03,1.4960021973e+00,-5.9976255894e-01,3.2157794922e+04
1616,2.4970746040e+00,-7.3928833008e-01,-1.4476948242e+03,1.4814556837e+00,-5.6640708447e-01,3.2163437500e+04
1617,2.5004501343e+00,-5.9701973200e-01,-1.4917828369e+03,1.4605680704e+00,-5.4789954424e-01,3.2170171875e+04
1618,2.5007424355e+00,-4.4543874264e-01,-1.5353382568e+03,1.4943444729e+00,-4.6395647526e-01,3.2177195312e+04
1619,2.5006692410e+00,-2.8548380733e-01,-1.5474322510e+03,1.4688830376e+00,-4.8589473963e-01,3.2185246094e+04
1620,2.4979043007e+00,-1.2127854675e-01,-1.5715788574e+03,1.4853119850e+00,-4.4606888294e-01,3.2193089844e+04
1621,2.4937582016e+00,4.4400461018e-02,-1.5672229004e+03,1.4307430983e+00,-4.1289222240e-01,3.2201892578e+04
1622,2.4887282848e+00,2.1023771167e-01,-1.5616339111e+03,1.4412289858e+00,-3.7280678749e-01,3.2209732422e+04
1623,2.4824297428e+00,3.7512600422e-01,-1.5356724854e+03,1.4778884649e+00,-3.0824118853e-01,3.2218300781e+04
1624,2.4746108055e+00,5.3583413363e-01,-1.5102595215e+03,1.4536474943e+00,-2.6678627729e-01,3.2226681641e+04
1625,2.4656894207e+00,6.8905496597e-01,-1.4666823730e+03,1.4271228313e+00,-2.1330840886e-01,3.2234308594e+04
1626,2.4575684071e+00,8.3237075806e-01,-1.4263245850e+03,1.4382513762e+00,-1.7072379589e-01,3.2241744141e+04
1627,2.4474866390e+00,9.6702396870e-01,-1.3673674316e+03,1.4178963900e+00,-1.3016974926e-01,3.2248466797e+04
1628,2.4376497269e+00,1.0894806385e+00,-1.3142137451e+03,1.4307495356e+00,-8.5589751601e-02,3.2253732422e+04
1629,2.4264612198e+00,1.2002769709e+00,-1.2568962402e+03,1.4239158630e+00,-2.6227798313e-02,3.2258248047e+04
1630,2.4150438309e+00,1.2901389599e+00,-1.1948381348e+03,1.3826758862e+00,6.3304137439e-03,3.2261132812e+04
1631,2.4037392139e+00,1.3592240810e+00,-1.1385456543e+03,1.3924498558e+00,3.5006180406e-02,3.2264265625e+04
1632,2.3901903629e+00,1.4151415825e+00,-1.0725858154e+03,1.3726129532e+00,1.1248122901e-01,3.2266076172e+04
1633,2.3758895397e+00,1.4529297352e+00,-1.0272503662e+03,1.3734042645e+00,1.6037254035e-01,3.2265960938e+04
1634,2.3606641293e+00,1.4748556614e+00,-9.8364593506e+02,1.3915209770e+00,2.1353317797e-01,3.2264789062e+04
1635,2.3475666046e+00,1.4815711975e+00,-9.3765527344e+02,1.3848108053e+00,2.1041718125e-01,3.2261751953e+04
1636,2.3320605755e+00,1.4732691050e+00,-9.0098748779e+02,1.3686227798e+00,3.0220007896e-01,3.2258425781e+04
1637,2.3157801628e+00,1.4567199945e+00,-8.8244042969e+02,1.3957911730e+00,3.5498023033e-01,3.2254472656e+04
1638,2.3040959835e+00,1.4316228628e+00,-8.6285980225e+02,1.4008501768e+00,4.0449914336e-01,3.2248710938e+04
1639,2.2975573540e+00,1.4063539505e+00,-8.4048687744e+02,1.3764463663e+00,4.1477975249e-01,3.2242839844e+04
1640,2.2927672863e+00,1.3856281042e+00,-8.3639410400e+02,1.3306192160e+00,4.6402022243e-01,3.2236365234e+04
1641,2.2921731472e+00,1.3722541332e+00,-8.3082354736e+02,1.3804848194e+00,4.7954344749e-01,3.2228878906e+04
1642,2.2934501171e+00,1.3645156622e+00,-8.2595208740e+02,1.4369399548e+00,5.1716041565e-01,3.2221408203e+04
1643,2.2964179516e+00,1.3610451221e+00,-8.2336889648e+02,1.3747707605e+00,5.4795640707e-01,3.2214041016e+04
1644,2.3004770279e+00,1.3608729839e+00,-8.3917437744e+02,1.4317562580e+00,5.8187639713e-01,3.2206685547e+04
1645,2.3053805828e+00,1.3591465950e+00,-8.3951483154e+02,1.3935971260e+00,6.0438621044e-01,3.2199728516e+04
1646,2.3125762939e+00,1.3562082052e+00,-8.4596838379e+02,1.4310314655e+00,6.4528459311e-01,3.2192052734e+04
1647,2.3216297626e+00,1.3503909111e+00,-8.5936010742e+02,1.4225147963e+00,6.6752505302e-01,3.2184933594e+04
1648,2.3316173553e+00,1.3436989784e+00,-8.7382208252e+02,1.4438084364e+00,6.8005371094e-01,3.2178554688e+04
1649,2.3436124325e+00,1.3367496729e+00,-8.8611181641e+02,1.4510055780e+00,6.8920707703e-01,3.2172142578e+04
1650,2.3573265076e+00,1.3329539299e+00,-9.1541540527e+02,1.4763207436e+00,7.0997816324e-01,3.2166808594e+04
1651,2.3729379177e+00,1.3296440840e+00,-9.3966046143e+02,1.4509350061e+00,7.0797240734e-01,3.2162207031e+04
1652,2.3911161423e+00,1.3254363537e+00,-9.6662481689e+02,1.4669394493e+00,7.0003455877e-01,3.2158421875e+04
1653,2.4110293388e+00,1.3218234777e+00,-1.0150866089e+03,1.4604156017e+00,7.2300279140e-01,3.2154328125e+04
1654,2.4313452244e+00,1.3067780733e+00,-1.0433227539e+03,1.4741206169e+00,6.8739503622e-01,3.2151468750e+04
1655,2.4530827999e+00,1.2805553675e+00,-1.0871102295e+03,1.4905211926e+00,7.0467221737e-01,3.2150474609e+04
1656,2.4727921486e+00,1.2435276508e+00,-1.1354080811e+03,1.5033171177e+00,6.7372530699e-01,3.2150035156e+04
1657,2.4901876450e+00,1.1888920069e+00,-1.1901951904e+03,1.4847729206e+00,6.6653424501e-01,3.2150558594e+04
1658,2.5065195560e+00,1.1123051643e+00,-1.2490301514e+03,1.4976345301e+00,6.8659138680e-01,3.2151140625e+04
1659,2.5192532539e+00,1.0205941200e+00,-1.3029168701e+03,1.5208125114e+00,6.6492152214e-01,3.2153550781e+04
1660,2.5294287205e+00,9.1006684303e-01,-1.3566649170e+03,1.4968404770e+00,6.0788512230e-01,3.2157703125e+04
1661,2.5392849445e+00,7.8386622667e-01,-1.3977700195e+03,1.4945123196e+00,5.8538788557e-01,3.2162664062e+04
1662,2.5436966419e+00,6.4567118883e-01,-1.4435093994e+03,1.5005108118e+00,5.6116807461e-01,3.2167960938e+04
1663,2.5452404022e+00,4.9718886614e-01,-1.4855822754e+03,1.4849566221e+00,5.0837689638e-01,3.2174273438e+04
1664,2.5446989536e+00,3.3869487047e-01,-1.5140933838e+03,1.5199505091e+00,5.0275236368e-01,3.2180625000e+04
1665,2.5423502922e+00,1.7558446527e-01,-1.5270356445e+03,1.4947451353e+00,4.5852935314e-01,3.2188429688e+04
1666,2.5375349522e+00,8.5861347616e-03,-1.5269843750e+03,1.4518539906e+00,4.3636748195e-01,3.2196607422e+04
1667,2.5301396847e+00,-1.5918791294e-01,-1.5204693604e+03,1.4397469759e+00,4.0345627069e-01,3.2205736328e+04
1668,2.5222752094e+00,-3.2502469420e-01,-1.5132808838e+03,1.4392422438e+00,3.2733389735e-01,3.2213929688e+04
1669,2.5130572319e+00,-4.8995286226e-01,-1.4835131836e+03,1.4642577171e+00,2.9809615016e-01,3.2222148438e+04
1670,2.5027799606e+00,-6.4231985807e-01,-1.4514516602e+03,1.4675533772e+00,2.9233124852e-01,3.2229939453e+04
1671,2.4910535812e+00,-7.8721028566e-01,-1.4034416504e+03,1.4589340687e+00,1.9854134321e-01,3.2237736328e+04
1672,2.4762473106e+00,-9.2618417740e-01,-1.3611021729e+03,1.4157977104e+00,1.5127128363e-01,3.2245128906e+04
1673,2.4610536098e+00,-1.0560110807e+00,-1.2998143311e+03,1.3976793289e+00,1.4025108516e-01,3.2251197266e+04
1674,2.4466929436e+00,-1.1748640537e+00,-1.2379976807e+03,1.4392881393e+00,9.8644107580e-02,3.2256804688e+04
1675,2.4297802448e+00,-1.2783318758e+00,-1.1943052979e+03,1.3984924555e+00,1.4877472073e-02,3.2260949219e+04
1676,2.4160070419e+00,-1.3614690304e+00,-1.1172841797e+03,1.3839907646e+00,-2.5317993015e-02,3.2263685547e+04
1677,2.3994762897e+00,-1.4244154692e+00,-1.0715942383e+03,1.4120819569e+00,-6.7128144205e-02,3.2266343750e+04
1678,2.3825008869e+00,-1.4694150686e+00,-1.0180057983e+03,1.3884289265e+00,-1.1403488368e-01,3.2267525391e+04
1679,2.3668169975e+00,-1.5002486706e+00,-9.6875909424e+02,1.4202554226e+00,-1.6931122541e-01,3.2267492188e+04
1680,2.3464994431e+00,-1.5072216988e+00,-9.3094836426e+02,1.4034848213e+00,-2.1542671323e-01,3.2266246094e+04
1681,2.3287594318e+00,-1.4987591505e+00,-8.9465393066e+02,1.3624584675e+00,-2.7473527193e-01,3.2263236328e+04
1682,2.3113722801e+00,-1.4790651798e+00,-8.6398980713e+02,1.4002194405e+00,-3.0138978362e-01,3.2260353516e+04
1683,2.2959418297e+00,-1.4503192902e+00,-8.5127770996e+02,1.3913679123e+00,-3.6599671841e-01,3.2255587891e+04
1684,2.2808072567e+00,-1.4209610224e+00,-8.2571899414e+02,1.3717576265e+00,-3.6806580424e-01,3.2250523438e+04
1685,2.2736539841e+00,-1.3916499615e+00,-8.1711627197e+02,1.3893101215e+00,-4.3738251925e-01,3.2243662109e+04
1686,2.2667009830e+00,-1.3692117929e+00,-8.0619470215e+02,1.3908240795e+00,-4.8177185655e-01,3.2236882812e+04
1687,2.2627701759e+00,-1.3536711931e+00,-8.1136810303e+02,1.3818169832e+00,-4.9814963341e-01,3.2228892578e+04
1688,2.2619931698e+00,-1.3437885046e+00,-8.1678869629e+02,1.3981448412e+00,-5.4861778021e-01,3.2221187500e+04
1689,2.2637190819e+00,-1.3396847248e+00,-8.1771173096e+02,1.4088283777e+00,-5.5199348927e-01,3.2214126953e+04
1690,2.2669343948e+00,-1.3389339447e+00,-8.3101080322e+02,1.4223611355e+00,-6.0372602940e-01,3.2207404297e+04
1691,2.2711830139e+00,-1.3363518715e+00,-8.4219665527e+02,1.3960747719e+00,-6.5560805798e-01,3.2199417969e+04
1692,2.2778947353e+00,-1.3323746920e+00,-8.4786437988e+02,1.4170857668e+00,-6.1214536428e-01,3.2191785156e+04
1693,2.2844574451e+00,-1.3261549473e+00,-8.6574652100e+02,1.4370678663e+00,-6.6236287355e-01,3.2184191406e+04
1694,2.2918510437e+00,-1.3172912598e+00,-8.6901910400e+02,1.4542129040e+00,-6.7389559746e-01,3.2177072266e+04
1695,2.3011424541e+00,-1.3086240292e+00,-9.0819134521e+02,1.4535943270e+00,-7.1152448654e-01,3.2171230469e+04
1696,2.3128166199e+00,-1.3014892340e+00,-9.1249566650e+02,1.4528449774e+00,-6.9774866104e-01,3.2165550781e+04
1697,2.3259398937e+00,-1.2955899239e+00,-9.6728845215e+02,1.4607250690e+00,-7.0830869675e-01,3.2159660156e+04
1698,2.3402814865e+00,-1.2915726900e+00,-9.8784027100e+02,1.4650056362e+00,-6.9537156820e-01,3.2155207031e+04
1699,2.3547971249e+00,-1.2870191336e+00,-1.0436738281e+03,1.4765301943e+00,-7.0897710323e-01,3.2151597656e+04
1700,2.3689484596e+00,-1.2775712013e+00,-1.0687015381e+03,1.4951862097e+00,-7.3123282194e-01,3.2148257812e+04
1701,2.3832128048e+00,-1.2586561441e+00,-1.1342302246e+03,1.5166586637e+00,-7.1237367392e-01,3.2146199219e+04
1702,2.3975622654e+00,-1.2248266935e+00,-1.1706545410e+03,1.5047036409e+00,-6.7330092192e-01,3.2145263672e+04
1703,2.4109807014e+00,-1.1742740870e+00,-1.2366883545e+03,1.4791078568e+00,-6.5186899900e-01,3.2145779297e+04
1704,2.4212973118e+00,-1.1057008505e+00,-1.2919809570e+03,1.4968543053e+00,-6.7035585642e-01,3.2147593750e+04
1705,2.4288272858e+00,-1.0157657862e+00,-1.3623120117e+03,1.4944717884e+00,-6.4703565836e-01,3.2151222656e+04
1706,2.4366602898e+00,-9.0976762772e-01,-1.4210181885e+03,1.4810694456e+00,-6.2251639366e-01,3.2155125000e+04
1707,2.4412095547e+00,-7.9107904434e-01,-1.4665274658e+03,1.4986319542e+00,-5.7930296659e-01,3.2159789062e+04
1708,2.4417862892e+00,-6.5820151567e-01,-1.5181583252e+03,1.4798948765e+00,-5.4770827293e-01,3.2166154297e+04
1709,2.4409914017e+00,-5.1246011257e-01,-1.5553527832e+03,1.5002388954e+00,-5.2306413651e-01,3.2173312500e+04
1710,2.4378569126e+00,-3.5691988468e-01,-1.5905158691e+03,1.4685547352e+00,-4.7864419222e-01,3.2180667969e+04
1711,2.4336664677e+00,-1.9568301737e-01,-1.6112845459e+03,1.4759112597e+00,-4.6206200123e-01,3.2188718750e+04
1712,2.4272274971e+00,-3.0797066167e-02,-1.6207156982e+03,1.4667849541e+00,-4.0542748570e-01,3.2196814453e+04
1713,2.4206674099e+00,1.3597172499e-01,-1.6204916992e+03,1.4673713446e+00,-4.0508460999e-01,3.2205533203e+04
1714,2.4142665863e+00,3.0049493909e-01,-1.6082231445e+03,1.4607925415e+00,-3.5342681408e-01,3.2214533203e+04
1715,2.4049539566e+00,4.6464496851e-01,-1.5866025391e+03,1.4531937838e+00,-2.9139405489e-01,3.2223052734e+04
1716,2.3975982666e+00,6.2058794498e-01,-1.5521870117e+03,1.4461971521e+00,-2.3515571654e-01,3.2231685547e+04
1717,2.3893520832e+00,7.7021455765e-01,-1.5051567383e+03,1.4311840534e+00,-2.1024192870e-01,3.2239681641e+04
1718,2.3795537949e+00,9.1314208508e-01,-1.4585499268e+03,1.4317044020e+00,-1.5582275391e-01,3.2246480469e+04
1719,2.3700335026e+00,1.0444555283e+00,-1.3973645020e+03,1.4259892702e+00,-8.0273129046e-02,3.2252505859e+04
1720,2.3612461090e+00,1.1635115147e+00,-1.3377574463e+03,1.3748756647e+00,-3.9386902004e-02,3.2256925781e+04
1721,2.3512949944e+00,1.2662281990e+00,-1.2705025635e+03,1.4083895683e+00,-8.8343806565e-03,3.2261306641e+04
1722,2.3425819874e+00,1.3526867628e+00,-1.2120416260e+03,1.3812655210e+00,5.0604704767e-02,3.2263917969e+04
1723,2.3328640461e+00,1.4223420620e+00,-1.1483326416e+03,1.3974990845e+00,1.0184875131e-01,3.2265310547e+04
1724,2.3205690384e+00,1.4722492695e+00,-1.0981868896e+03,1.3899550438e+00,1.2664833665e-01,3.2265162109e+04
1725,2.3098144531e+00,1.5015031099e+00,-1.0393533936e+03,1.3919874430e+00,1.7985062301e-01,3.2264457031e+04
1726,2.2982790470e+00,1.5127213001e+00,-9.9667388916e+02,1.4196929932e+00,2.0069183409e-01,3.2263142578e+04
1727,2.2897758484e+00,1.5098136663e+00,-9.5723132324e+02,1.3851532936e+00,3.0819779634e-01,3.2260390625e+04
1728,2.2776513100e+00,1.4967149496e+00,-9.2048992920e+02,1.3877373934e+00,3.2181167603e-01,3.2256148438e+04
1729,2.2687835693e+00,1.4733504057e+00,-8.9368554688e+02,1.3591200113e+00,3.4624549747e-01,3.2250697266e+04
1730,2.2621414661e+00,1.4482707977e+00,-8.6865447998e+02,1.3738479614e+00,4.2824402452e-01,3.2244650391e+04
1731,2.2570044994e+00,1.4237323999e+00,-8.5268774414e+02,1.4031337500e+00,4.5362013578e-01,3.2237707031e+04
1732,2.2565016747e+00,1.4033945799e+00,-8.4511456299e+02,1.4050455093e+00,4.7908249497e-01,3.2230138672e+04
1733,2.2579748631e+00,1.3879014254e+00,-8.3353997803e+02,1.3656567335e+00,4.9725434184e-01,3.2222646484e+04
1734,2.2616100311e+00,1.3805149794e+00,-8.3555413818e+02,1.3713011742e+00,5.4127860069e-01,3.2214755859e+04
1735,2.2677025795e+00,1.3770229816e+00,-8.4210632324e+02,1.4213021994e+00,5.9846878052e-01,3.2206222656e+04
1736,2.2755076885e+00,1.3740938902e+00,-8.4098620605e+02,1.4376391172e+00,6.1273795366e-01,3.2198203125e+04
1737,2.2836031914e+00,1.3711869717e+00,-8.5118048096e+02,1.4497162104e+00,6.4711761475e-01,3.2190316406e+04
1738,2.2954127789e+00,1.3665944338e+00,-8.5261840820e+02,1.4385230541e+00,6.7065763474e-01,3.2182267578e+04
1739,2.3054559231e+00,1.3599067926e+00,-8.7514440918e+02,1.4334037304e+00,6.7460191250e-01,3.2174789062e+04
1740,2.3166372776e+00,1.3525588512e+00,-8.8511395264e+02,1.4446344376e+00,6.8413704634e-01,3.2168207031e+04
1741,2.3277542591e+00,1.3428996801e+00,-9.3272515869e+02,1.4460501671e+00,6.9434219599e-01,3.2161777344e+04
1742,2.3444020748e+00,1.3388543129e+00,-9.0987005615e+02,1.4676797390e+00,7.0851159096e-01,3.2156126953e+04
1743,2.3613882065e+00,1.3337745667e+00,-9.4601519775e+02,1.4640873671e+00,7.2410696745e-01,3.2150587891e+04
1744,2.3742408752e+00,1.3324784040e+00,-9.7019146729e+02,1.4791467190e+00,7.1469378471e-01,3.2147408203e+04
1745,2.3951702118e+00,1.3238143921e+00,-9.9577868652e+02,1.4681478739e+00,7.2575515509e-01,3.2143712891e+04
1746,2.4215817451e+00,1.3045378923e+00,-1.0457386475e+03,1.5206439495e+00,6.7271852493e-01,3.2141412109e+04
1747,2.4482321739e+00,1.2738436460e+00,-1.0892170410e+03,1.4947752953e+00,6.9195646048e-01,3.2140667969e+04
1748,2.4718873501e+00,1.2303864956e+00,-1.1336894531e+03,1.4868223667e+00,7.0581412315e-01,3.2140769531e+04
1749,2.4917752743e+00,1.1696279049e+00,-1.1947445068e+03,1.5101008415e+00,6.6891932487e-01,3.2142591797e+04
1750,2.5082917213e+00,1.0897583961e+00,-1.2423917236e+03,1.5082751513e+00,6.3742399216e-01,3.2145533203e+04
1751,2.5193412304e+00,9.8915183544e-01,-1.3101888428e+03,1.4985518456e+00,6.5417647362e-01,3.2149474609e+04
1752,2.5311949253e+00,8.7125128508e-01,-1.3501474609e+03,1.4743291140e+00,6.0395973921e-01,3.2155406250e+04
1753,2.5398788452e+00,7.3707425594e-01,-1.3974011230e+03,1.4918136597e+00,6.0264778137e-01,3.2161683594e+04
1754,2.5454208851e+00,5.9205287695e-01,-1.4352003174e+03,1.4795407057e+00,5.4300010204e-01,3.2168945312e+04
1755,2.5461690426e+00,4.3946224451e-01,-1.4680908203e+03,1.4838149548e+00,5.2237993479e-01,3.2177150391e+04
1756,2.5455529690e+00,2.7957645059e-01,-1.4867530518e+03,1.4775445461e+00,4.9140545726e-01,3.2186388672e+04
1757,2.5428037643e+00,1.1411983520e-01,-1.4985982666e+03,1.4842250347e+00,4.5740237832e-01,3.2194210938e+04
1758,2.5365178585e+00,-5.4301120341e-02,-1.5157958984e+03,1.4691373110e+00,3.9228096604e-01,3.2204248047e+04
1759,2.5315515995e+00,-2.2048848867e-01,-1.4985863037e+03,1.4459627867e+00,3.3638930321e-01,3.2213830078e+04
1760,2.5248889923e+00,-3.8457724452e-01,-1.4747886963e+03,1.4758023024e+00,3.2364869118e-01,3.2222365234e+04
1761,2.5161778927e+00,-5.4475176334e-01,-1.4679975586e+03,1.4386881590e+00,2.8377228975e-01,3.2231146484e+04
1762,2.5072638988e+00,-6.9898939133e-01,-1.4174444580e+03,1.4141787291e+00,2.4207229912e-01,3.2239207031e+04
1763,2.4959268570e+00,-8.4429436922e-01,-1.3930638428e+03,1.4534125328e+00,2.0651054382e-01,3.2246468750e+04
1764,2.4851253033e+00,-9.7868853807e-01,-1.3184013672e+03,1.4368456602e+00,1.4293174446e-01,3.2253802734e+04
1765,2.4711589813e+00,-1.1013700962e+00,-1.2842521973e+03,1.4261445999e+00,8.6372144520e-02,3.2259501953e+04
1766,2.4569997787e+00,-1.2101185322e+00,-1.2182569580e+03,1.3967635632e+00,4.4870682061e-02,3.2264275391e+04
1767,2.4415936470e+00,-1.3025603294e+00,-1.1733280029e+03,1.4029902220e+00,-5.6785582565e-03,3.2267386719e+04
1768,2.4256322384e+00,-1.3760411739e+00,-1.1027578125e+03,1.4005547762e+00,-4.1633833200e-02,3.2269474609e+04
1769,2.4105970860e+00,-1.4378569126e+00,-1.0547215576e+03,1.3720917702e+00,-8.2162857056e-02,3.2270312500e+04
1770,2.3905291557e+00,-1.4754214287e+00,-9.9853179932e+02,1.4025300741e+00,-1.2883597612e-01,3.2269242188e+04
1771,2.3711798191e+00,-1.4932512045e+00,-9.6795867920e+02,1.4187605381e+00,-1.9436927140e-01,3.2266589844e+04
1772,2.3518917561e+00,-1.4966655970e+00,-9.1899597168e+02,1.3808635473e+00,-2.7048155665e-01,3.2263375000e+04
1773,2.3326168060e+00,-1.4835060835e+00,-9.0166607666e+02,1.3825165033e+00,-2.8009757400e-01,3.2259732422e+04
1774,2.3153393269e+00,-1.4599007368e+00,-8.7204516602e+02,1.3793401718e+00,-2.8913047910e-01,3.2254363281e+04
1775,2.2992026806e+00,-1.4307186604e+00,-8.6064581299e+02,1.3756430149e+00,-3.6736893654e-01,3.2247992188e+04
1776,2.2888095379e+00,-1.4016084671e+00,-8.3775970459e+02,1.3809994459e+00,-4.0431120992e-01,3.2240806641e+04
1777,2.2819302082e+00,-1.3771917820e+00,-8.3062170410e+02,1.3936624527e+00,-4.5946693420e-01,3.2233347656e+04
1778,2.2762084007e+00,-1.3572322130e+00,-8.1982623291e+02,1.4169783592e+00,-4.7872954607e-01,3.2226031250e+04
1779,2.2734758854e+00,-1.3448725939e+00,-8.2112768555e+02,1.3795287609e+00,-5.2483904362e-01,3.2217988281e+04
1780,2.2730069160e+00,-1.3390218019e+00,-8.2703887939e+02,1.3690822124e+00,-5.7677114010e-01,3.2210306641e+04
1781,2.2748641968e+00,-1.3356630802e+00,-8.2695275879e+02,1.4007234573e+00,-6.1495518684e-01,3.2201923828e+04
1782,2.2792255878e+00,-1.3341681957e+00,-8.3439672852e+02,1.4320092201e+00,-6.1815333366e-01,3.2193062500e+04
1783,2.2851336002e+00,-1.3299995661e+00,-8.4313195801e+02,1.4413931370e+00,-6.4957726002e-01,3.2185914062e+04
1784,2.2906184196e+00,-1.3237638474e+00,-8.4862902832e+02,1.4190667868e+00,-6.3800972700e-01,3.2178751953e+04
1785,2.2985491753e+00,-1.3152750731e+00,-8.7216717529e+02,1.4348630905e+00,-6.8206930161e-01,3.2172664062e+04
1786,2.3086261749e+00,-1.3063184023e+00,-8.8737023926e+02,1.4423714876e+00,-7.0717215538e-01,3.2166300781e+04
1787,2.3193256855e+00,-1.2987302542e+00,-9.0308801270e+02,1.4532092810e+00,-6.9717144966e-01,3.2160886719e+04
1788,2.3308651447e+00,-1.2933837175e+00,-9.3205151367e+02,1.4619544744e+00,-6.8029057980e-01,3.2157056641e+04
1789,2.3474068642e+00,-1.2914421558e+00,-9.5298297119e+02,1.4504380226e+00,-6.8488031626e-01,3.2153687500e+04
1790,2.3615362644e+00,-1.2859590054e+00,-9.9450433350e+02,1.4851948023e+00,-7.5081360340e-01,3.2150621094e+04
1791,2.3769671917e+00,-1.2755447626e+00,-1.0337825928e+03,1.5110702515e+00,-7.0840817690e-01,3.2148712891e+04
1792,2.3938624859e+00,-1.2586596012e+00,-1.0720822754e+03,1.4850426912e+00,-6.7211937904e-01,3.2147443359e+04
1793,2.4102492332e+00,-1.2336146832e+00,-1.1248630371e+03,1.4769124985e+00,-6.8468689919e-01,3.2147447266e+04
1794,2.4249169827e+00,-1.1951252222e+00,-1.1792261963e+03,1.5146627426e+00,-6.7829865217e-01,3.2149435547e+04
1795,2.4362969398e+00,-1.1357029676e+00,-1.2322366943e+03,1.5152306557e+00,-6.7906969786e-01,3.2151599609e+04
1796,2.4439828396e+00,-1.0565716028e+00,-1.3086077881e+03,1.5054875612e+00,-6.6315269470e-01,3.2154748047e+04
1797,2.4514255524e+00,-9.6197319031e-01,-1.3667894287e+03,1.4852921963e+00,-6.0233420134e-01,3.2160011719e+04
1798,2.4567682743e+00,-8.5090357065e-01,-1.4158439941e+03,1.5113723278e+00,-5.8818620443e-01,3.2165189453e+04
1799,2.4582715034e+00,-7.2325849533e-01,-1.4698511963e+03,1.5104894638e+00,-5.5922502279e-01,3.2170875000e+04
1800,2.4564094543e+00,-5.8284801245e-01,-1.5147751465e+03,1.4857358932e+00,-5.6254857779e-01,3.2178259766e+04
1801,2.4542896748e+00,-4.3247380853e-01,-1.5555238037e+03,1.4743933678e+00,-5.1886850595e-01,3.2186435547e+04
1802,2.4502494335e+00,-2.7352565527e-01,-1.5769731445e+03,1.4739456177e+00,-4.5252695680e-01,3.2195101562e+04
1803,2.4450619221e+00,-1.0854966938e-01,-1.5896396484e+03,1.4488148689e+00,-4.1548773646e-01,3.2203273438e+04
1804,2.4389421940e+00,6.1982098967e-02,-1.5957266846e+03,1.4579788446e+00,-4.1449233890e-01,3.2210818359e+04
1805,2.4336278439e+00,2.2327330709e-01,-1.5835148926e+03,1.4572693110e+00,-3.5591375828e-01,3.2219328125e+04
1806,2.4262797832e+00,3.8030457497e-01,-1.5642050781e+03,1.4717745781e+00,-2.9732933640e-01,3.2227906250e+04
1807,2.4160912037e+00,5.3735619783e-01,-1.5454404297e+03,1.4302314520e+00,-2.6988685131e-01,3.2235302734e+04
1808,2.4044446945e+00,6.9106572866e-01,-1.5039775391e+03,1.4730683565e+00,-2.2725410759e-01,3.2242357422e+04
1809,2.3917303085e+00,8.3859378099e-01,-1.4612030029e+03,1.4208062887e+00,-1.9056755304e-01,3.2248939453e+04
1810,2.3804433346e+00,9.7675865889e-01,-1.4124029541e+03,1.4071060419e+00,-1.3177260756e-01,3.2254152344e+04
1811,2.3700900078e+00,1.1005667448e+00,-1.3580559082e+03,1.3978381157e+00,-9.2465132475e-02,3.2259076172e+04
1812,2.3603127003e+00,1.2099612951e+00,-1.2908730469e+03,1.4034659863e+00,-4.0989838541e-02,3.2262308594e+04
1813,2.3484756947e+00,1.3048454523e+00,-1.2277916260e+03,1.4121050835e+00,2.1096266806e-02,3.2263626953e+04
1814,2.3352868557e+00,1.3808948994e+00,-1.1667194824e+03,1.3883630037e+00,8.1054456532e-02,3.2264523438e+04
1815,2.3227822781e+00,1.4365873337e+00,-1.1133889160e+03,1.3889240026e+00,1.2158226222e-01,3.2264472656e+04
1816,2.3127353191e+00,1.4746583700e+00,-1.0385831299e+03,1.3825314045e+00,1.5190513432e-01,3.2263503906e+04
1817,2.3000714779e+00,1.4950895309e+00,-1.0093882446e+03,1.3875275850e+00,2.0006079972e-01,3.2261109375e+04
1818,2.2863802910e+00,1.5007708073e+00,-9.6784527588e+02,1.3742840290e+00,2.3115035892e-01,3.2257583984e+04
1819,2.2732152939e+00,1.4911111593e+00,-9.3270056152e+02,1.3747848272e+00,2.8371849656e-01,3.2253427734e+04
1820,2.2636485100e+00,1.4723412991e+00,-8.8942059326e+02,1.3921113014e+00,3.4764847159e-01,3.2247976562e+04
1821,2.2535638809e+00,1.4477320910e+00,-8.7005828857e+02,1.4052054882e+00,3.7449035048e-01,3.2242132812e+04
1822,2.2473621368e+00,1.4235312939e+00,-8.5341717529e+02,1.3808963299e+00,4.0973746777e-01,3.2235871094e+04
1823,2.2429997921e+00,1.4026631117e+00,-8.3971069336e+02,1.3832888603e+00,4.5835259557e-01,3.2229269531e+04
1824,2.2431802750e+00,1.3872681856e+00,-8.3176092529e+02,1.3861682415e+00,5.2647751570e-01,3.2222300781e+04
1825,2.2448956966e+00,1.3777942657e+00,-8.2243792725e+02,1.4217149019e+00,5.3983545303e-01,3.2214353516e+04
1826,2.2487938404e+00,1.3735715151e+00,-8.2342486572e+02,1.4218063354e+00,5.5530428886e-01,3.2206681641e+04
1827,2.2546446323e+00,1.3717248440e+00,-8.3109619141e+02,1.4233274460e+00,5.7088661194e-01,3.2200009766e+04
1828,2.2616298199e+00,1.3705542088e+00,-8.2681500244e+02,1.4173953533e+00,6.1313086748e-01,3.2193781250e+04
1829,2.2703649998e+00,1.3679590225e+00,-8.4452014160e+02,1.4345353842e+00,6.3964670897e-01,3.2186912109e+04
1830,2.2802302837e+00,1.3624411821e+00,-8.5580078125e+02,1.4249920845e+00,6.3851428032e-01,3.2180226562e+04
1831,2.2894501686e+00,1.3573535681e+00,-8.7611785889e+02,1.4793117046e+00,6.7941427231e-01,3.2174408203e+04
1832,2.3004670143e+00,1.3521571159e+00,-8.8026818848e+02,1.4614928961e+00,6.9340002537e-01,3.2169007812e+04
1833,2.3140056133e+00,1.3472073078e+00,-8.9092993164e+02,1.4539757967e+00,6.9467717409e-01,3.2163939453e+04
1834,2.3287279606e+00,1.3437380791e+00,-9.3320483398e+02,1.4824618101e+00,6.9067764282e-01,3.2159033203e+04
1835,2.3448553085e+00,1.3425370455e+00,-9.6772119141e+02,1.4662988186e+00,6.9392085075e-01,3.2156433594e+04
1836,2.3627059460e+00,1.3380463123e+00,-1.0005108032e+03,1.4604605436e+00,7.0706021786e-01,3.2153736328e+04
1837,2.3802542686e+00,1.3283423185e+00,-1.0251469727e+03,1.4645992517e+00,6.8965238333e-01,3.2151839844e+04
1838,2.3992276192e+00,1.3147684336e+00,-1.0802585449e+03,1.4885580540e+00,7.1687406301e-01,3.2150677734e+04
1839,2.4174001217e+00,1.2798097134e+00,-1.1388658447e+03,1.4380933046e+00,6.5556824207e-01,3.2151591797e+04
1840,2.4368891716e+00,1.2218823433e+00,-1.1879970703e+03,1.4939475060e+00,6.7443102598e-01,3.2152544922e+04
1841,2.4509282112e+00,1.1494421959e+00,-1.2438740234e+03,1.4932109118e+00,6.6370618343e-01,3.2154794922e+04
1842,2.4613349438e+00,1.0584963560e+00,-1.2962409668e+03,1.4947639704e+00,6.0243207216e-01,3.2157773438e+04
1843,2.4702730179e+00,9.5371305943e-01,-1.3588297119e+03,1.4994897842e+00,6.0097956657e-01,3.2161689453e+04
1844,2.4755234718e+00,8.3271610737e-01,-1.4136240234e+03,1.5156741142e+00,6.1559367180e-01,3.2166628906e+04
1845,2.4789738655e+00,6.9791215658e-01,-1.4718182373e+03,1.4833825827e+00,5.6549912691e-01,3.2172937500e+04
1846,2.4822425842e+00,5.4691231251e-01,-1.5125292969e+03,1.4730560780e+00,5.4243636131e-01,3.2179269531e+04
1847,2.4835166931e+00,3.8787773252e-01,-1.5378251953e+03,1.4749130011e+00,5.0031602383e-01,3.2186136719e+04
1848,2.4809460640e+00,2.2395932674e-01,-1.5653519287e+03,1.4703708887e+00,4.3768021464e-01,3.2193671875e+04
1849,2.4773912430e+00,5.5577896535e-02,-1.5789550781e+03,1.4788836241e+00,4.4484788179e-01,3.2202066406e+04
1850,2.4715585709e+00,-1.1490399390e-01,-1.5763242188e+03,1.4806741476e+00,4.0326645970e-01,3.2210113281e+04
1851,2.4650347233e+00,-2.8217399120e-01,-1.5734993896e+03,1.4753692150e+00,3.4612753987e-01,3.2217685547e+04
1852,2.4573552608e+00,-4.4729387760e-01,-1.5422316895e+03,1.4289120436e+00,2.8546011448e-01,3.2225246094e+04
1853,2.4492778778e+00,-6.0806274414e-01,-1.5169199219e+03,1.4194293022e+00,2.5232192874e-01,3.2232310547e+04
1854,2.4402399063e+00,-7.6047700644e-01,-1.4675184326e+03,1.4407249689e+00,2.2006179392e-01,3.2238751953e+04
1855,2.4307188988e+00,-9.0415018797e-01,-1.4295596924e+03,1.4545904398e+00,1.7898666859e-01,3.2244322266e+04
1856,2.4201416969e+00,-1.0387270451e+00,-1.3661055908e+03,1.4264419079e+00,1.2384010106e-01,3.2249394531e+04
1857,2.4087984562e+00,-1.1604760885e+00,-1.3175861816e+03,1.3970413208e+00,6.2699280679e-02,3.2253908203e+04
1858,2.3990132809e+00,-1.2659996748e+00,-1.2508078613e+03,1.4108841419e+00,3.5512849689e-02,3.2257753906e+04
1859,2.3871665001e+00,-1.3541686535e+00,-1.1994616699e+03,1.3858484030e+00,-2.4608230218e-02,3.2260109375e+04
1860,2.3726649284e+00,-1.4247868061e+00,-1.1377313232e+03,1.3801171780e+00,-8.8503800333e-02,3.2261318359e+04
1861,2.3588826656e+00,-1.4766900539e+00,-1.0742280273e+03,1.3876644373e+00,-1.0697021335e-01,3.2261007812e+04
1862,2.3431291580e+00,-1.5117000341e+00,-1.0270471191e+03,1.4074267149e+00,-1.7518806458e-01,3.2259351562e+04
1863,2.3298194408e+00,-1.5213935375e+00,-9.7334204102e+02,1.3833578825e+00,-2.0992049575e-01,3.2256613281e+04
1864,2.3159646988e+00,-1.5177500248e+00,-9.3848529053e+02,1.3931111097e+00,-2.5239783525e-01,3.2253126953e+04
1865,2.3028261662e+00,-1.5013508797e+00,-9.0249768066e+02,1.3653613329e+00,-2.9872566462e-01,3.2249335938e+04
1866,2.2909882069e+00,-1.4760802984e+00,-8.8675042725e+02,1.3751974106e+00,-3.8763627410e-01,3.2244984375e+04
1867,2.2802336216e+00,-1.4450187683e+00,-8.7430535889e+02,1.4111077785e+00,-3.9462479949e-01,3.2238677734e+04
1868,2.2724943161e+00,-1.4165023565e+00,-8.5206530762e+02,1.3816336393e+00,-4.3949806690e-01,3.2233152344e+04
1869,2.2689607143e+00,-1.3912087679e+00,-8.4920654297e+02,1.3693841696e+00,-4.5688384771e-01,3.2227494141e+04
1870,2.2675044537e+00,-1.3733888865e+00,-8.2469372559e+02,1.3816275597e+00,-5.0544255972e-01,3.2220480469e+04
1871,2.2679908276e+00,-1.3607760668e+00,-8.3162567139e+02,1.4197201729e+00,-5.2410227060e-01,3.2213277344e+04
1872,2.2708494663e+00,-1.3548444510e+00,-8.1950268555e+02,1.4114664793e+00,-5.7344281673e-01,3.2206386719e+04
1873,2.2775318623e+00,-1.3506687880e+00,-8.2666369629e+02,1.3625003099e+00,-6.0661101341e-01,3.2199578125e+04
1874,2.2835221291e+00,-1.3460596800e+00,-8.4078186035e+02,1.4323402643e+00,-6.1259180307e-01,3.2192607422e+04
1875,2.2913122177e+00,-1.3394500017e+00,-8.5033697510e+02,1.4429152012e+00,-6.2880402803e-01,3.2185773438e+04
1876,2.3009741306e+00,-1.3316669464e+00,-8.6478021240e+02,1.4331432581e+00,-6.4715248346e-01,3.2179517578e+04
1877,2.3099238873e+00,-1.3209949732e+00,-8.9226251221e+02,1.4272543192e+00,-6.3387751579e-01,3.2173287109e+04
1878,2.3218231201e+00,-1.3103781939e+00,-9.0291717529e+02,1.4578448534e+00,-6.8712705374e-01,3.2167873047e+04
1879,2.3338279724e+00,-1.3029849529e+00,-9.3772473145e+02,1.4794329405e+00,-6.9641309977e-01,3.2163238281e+04
1880,2.3494017124e+00,-1.2956033945e+00,-9.5061370850e+02,1.4761111736e+00,-7.2355729342e-01,3.2158646484e+04
1881,2.3673908710e+00,-1.2889231443e+00,-9.9716137695e+02,1.4616613388e+00,-6.9733589888e-01,3.2155326172e+04
1882,2.3857066631e+00,-1.2813153267e+00,-1.0225210571e+03,1.4578076601e+00,-7.1005213261e-01,3.2152705078e+04
1883,2.4033207893e+00,-1.2663859129e+00,-1.0746182861e+03,1.5153176785e+00,-6.5926253796e-01,3.2150064453e+04
1884,2.4235394001e+00,-1.2431632280e+00,-1.1182720947e+03,1.4842352867e+00,-6.7923825979e-01,3.2148925781e+04
1885,2.4402172565e+00,-1.2068437338e+00,-1.1686320801e+03,1.5028266907e+00,-6.8076545000e-01,3.2149341797e+04
1886,2.4575541019e+00,-1.1495764256e+00,-1.2269776611e+03,1.4990661144e+00,-6.6382348537e-01,3.2150675781e+04
1887,2.4714758396e+00,-1.0711323023e+00,-1.2895844727e+03,1.4931511879e+00,-6.6011369228e-01,3.2152775391e+04
1888,2.4831209183e+00,-9.7729080915e-01,-1.3430867920e+03,1.5025231838e+00,-6.1124551296e-01,3.2156384766e+04
1889,2.4897274971e+00,-8.6757433414e-01,-1.4045686035e+03,1.4702569246e+00,-5.6988328695e-01,3.2160291016e+04
1890,2.4949169159e+00,-7.4358904362e-01,-1.4505035400e+03,1.4988483191e+00,-6.0192024708e-01,3.2165562500e+04
1891,2.4988899231e+00,-6.0630047321e-01,-1.4944859619e+03,1.4814457893e+00,-5.5375069380e-01,3.2171167969e+04
1892,2.5006408691e+00,-4.5941868424e-01,-1.5268574219e+03,1.4953377247e+00,-4.5877587795e-01,3.2177744141e+04
1893,2.4998931885e+00,-3.0229970813e-01,-1.5648079834e+03,1.4697358608e+00,-4.8419120908e-01,3.2184697266e+04
1894,2.4968917370e+00,-1.3979923725e-01,-1.5666373291e+03,1.4715896845e+00,-4.7261837125e-01,3.2193001953e+04
1895,2.4921367168e+00,2.4413447827e-02,-1.5816060791e+03,1.4364037514e+00,-4.1454041004e-01,3.2201261719e+04
1896,2.4860429764e+00,1.8933878839e-01,-1.5776104736e+03,1.4764013290e+00,-3.7859711051e-01,3.2209335938e+04
1897,2.4791789055e+00,3.5404536128e-01,-1.5518188477e+03,1.4575088024e+00,-3.4908393025e-01,3.2217240234e+04
1898,2.4696712494e+00,5.1428079605e-01,-1.5203166504e+03,1.4428805113e+00,-2.9469358921e-01,3.2224892578e+04
1899,2.4601984024e+00,6.6940456629e-01,-1.4804367676e+03,1.4343854189e+00,-2.5963738561e-01,3.2233222656e+04
1900,2.4482839108e+00,8.1671118736e-01,-1.4406250000e+03,1.4307434559e+00,-2.0455260575e-01,3.2239201172e+04
1901,2.4379749298e+00,9.5169925690e-01,-1.3891164551e+03,1.4157395363e+00,-1.6398605704e-01,3.2245632812e+04
1902,2.4270844460e+00,1.0748820305e+00,-1.3270424805e+03,1.3995776176e+00,-9.8454363644e-02,3.2250816406e+04
1903,2.4151945114e+00,1.1857662201e+00,-1.2638879395e+03,1.4173438549e+00,-6.1627656221e-02,3.2255332031e+04
1904,2.4045941830e+00,1.2772039175e+00,-1.2006632080e+03,1.4285709858e+00,-3.1274337322e-02,3.2259113281e+04
1905,2.3891108036e+00,1.3525630236e+00,-1.1480942383e+03,1.4164841175e+00,3.7127304822e-02,3.2261781250e+04
1906,2.3754291534e+00,1.4152305126e+00,-1.0834688721e+03,1.3954577446e+00,9.2387005687e-02,3.2263351562e+04
1907,2.3616304398e+00,1.4527660608e+00,-1.0287553711e+03,1.3919161558e+00,1.3869774342e-01,3.2263347656e+04
1908,2.3466322422e+00,1.4738172293e+00,-9.7577392578e+02,1.3707907200e+00,2.0047158003e-01,3.2262464844e+04
1909,2.3307280540e+00,1.4809626341e+00,-9.3997241211e+02,1.3827939034e+00,2.1123962104e-01,3.2261140625e+04
1910,2.3151330948e+00,1.4719388485e+00,-8.9393402100e+02,1.3803143501e+00,2.7930992842e-01,3.2258509766e+04
1911,2.3025381565e+00,1.4543340206e+00,-8.7664019775e+02,1.3861901760e+00,3.4835395217e-01,3.2255074219e+04
1912,2.2901818752e+00,1.4325596094e+00,-8.5246765137e+02,1.3801584244e+00,3.8150376081e-01,3.2250937500e+04
1913,2.2818913460e+00,1.4086060524e+00,-8.3272467041e+02,1.3786494732e+00,3.9121550322e-01,3.2245796875e+04
1914,2.2751080990e+00,1.3893395662e+00,-8.2698510742e+02,1.3734827042e+00,4.4035500288e-01,3.2239050781e+04
1915,2.2710323334e+00,1.3743211031e+00,-8.1474584961e+02,1.4242402315e+00,4.6469247341e-01,3.2232080078e+04
1916,2.2703669071e+00,1.3648260832e+00,-8.1333178711e+02,1.3865671158e+00,4.8829269409e-01,3.2225486328e+04
1917,2.2732937336e+00,1.3613129854e+00,-8.0780993652e+02,1.3927111626e+00,5.7529306412e-01,3.2218546875e+04
1918,2.2781422138e+00,1.3572801352e+00,-8.2438159180e+02,1.4161871672e+00,5.8026361465e-01,3.2211990234e+04
1919,2.2846472263e+00,1.3557845354e+00,-8.3035748291e+02,1.4303627014e+00,6.0436081886e-01,3.2204955078e+04
1920,2.2917592525e+00,1.3535419703e+00,-8.4714605713e+02,1.4078521729e+00,6.1743283272e-01,3.2197687500e+04
1921,2.2991836071e+00,1.3489888906e+00,-8.5362890625e+02,1.4336780310e+00,6.3158798218e-01,3.2190748047e+04
1922,2.3093240261e+00,1.3445470333e+00,-8.7293981934e+02,1.4387512207e+00,6.7808675766e-01,3.2185023438e+04
1923,2.3194780350e+00,1.3400659561e+00,-8.8253765869e+02,1.4744530916e+00,6.8294560909e-01,3.2177750000e+04
1924,2.3316903114e+00,1.3374458551e+00,-9.0779608154e+02,1.4399886131e+00,6.8598574400e-01,3.2172050781e+04
1925,2.3461620808e+00,1.3356348276e+00,-9.2830029297e+02,1.4497816563e+00,7.1090698242e-01,3.2167296875e+04
1926,2.3624694347e+00,1.3364874125e+00,-9.6806365967e+02,1.4490559101e+00,7.1599912643e-01,3.2163062500e+04
1927,2.3813734055e+00,1.3334321976e+00,-9.9073236084e+02,1.4696991444e+00,6.9325643778e-01,3.2158876953e+04
1928,2.4001863003e+00,1.3256659508e+00,-1.0420115967e+03,1.4729049206e+00,7.0582580566e-01,3.2154863281e+04
1929,2.4199221134e+00,1.3030147552e+00,-1.0810335693e+03,1.4988226891e+00,7.0340299606e-01,3.2151976562e+04
1930,2.4396135807e+00,1.2693393230e+00,-1.1299299316e+03,1.4821913242e+00,6.8858766556e-01,3.2150478516e+04
1931,2.4550349712e+00,1.2225254774e+00,-1.1871784668e+03,1.4658154249e+00,6.9116836786e-01,3.2150306641e+04
1932,2.4697935581e+00,1.1540802717e+00,-1.2453286133e+03,1.4894776344e+00,6.5499079227e-01,3.2151330078e+04
1933,2.4844214916e+00,1.0680561066e+00,-1.3035540771e+03,1.5204561949e+00,6.6354596615e-01,3.2152972656e+04
1934,2.4942030907e+00,9.6335279942e-01,-1.3647626953e+03,1.4765155315e+00,6.3617444038e-01,3.2156748047e+04
1935,2.5021874905e+00,8.4103280306e-01,-1.4119095459e+03,1.4728056192e+00,6.1092340946e-01,3.2161214844e+04
1936,2.5085816383e+00,7.0467346907e-01,-1.4646522217e+03,1.4782779217e+00,5.8440250158e-01,3.2166400391e+04
1937,2.5107245445e+00,5.5663013458e-01,-1.5042089844e+03,1.5145025253e+00,5.3202122450e-01,3.2171509766e+04
1938,2.5104768276e+00,4.0119919181e-01,-1.5269112549e+03,1.5074222088e+00,5.4689919949e-01,3.2178535156e+04
1939,2.5085086823e+00,2.3828068376e-01,-1.5507971191e+03,1.4391250610e+00,4.7518265247e-01,3.2186619141e+04
1940,2.5053842068e+00,7.1550652385e-02,-1.5610966797e+03,1.4696707726e+00,4.4702568650e-01,3.2194373047e+04
1941,2.4999613762e+00,-9.6073262393e-02,-1.5641499023e+03,1.4828093052e+00,4.1182282567e-01,3.2202130859e+04
1942,2.4926013947e+00,-2.6349240541e-01,-1.5507513428e+03,1.4787095785e+00,4.1335502267e-01,3.2211050781e+04
1943,2.4848980904e+00,-4.2767402530e-01,-1.5305690918e+03,1.4679687023e+00,3.3992943168e-01,3.2219273438e+04
1944,2.4757869244e+00,-5.8734446764e-01,-1.5016239014e+03,1.4472001791e+00,3.0346083641e-01,3.2227974609e+04
1945,2.4664876461e+00,-7.3951554298e-01,-1.4622069092e+03,1.4229083061e+00,2.1476432681e-01,3.2235310547e+04
1946,2.4564781189e+00,-8.8312166929e-01,-1.4081915283e+03,1.4386308193e+00,2.0395232737e-01,3.2242257812e+04
1947,2.4439015388e+00,-1.0167981386e+00,-1.3614272461e+03,1.4460715055e+00,1.4224433899e-01,3.2248636719e+04
1948,2.4330875874e+00,-1.1383737326e+00,-1.2927806396e+03,1.4284554720e+00,9.5528639853e-02,3.2253990234e+04
1949,2.4199793339e+00,-1.2469556332e+00,-1.2484227295e+03,1.4156754017e+00,7.0736236870e-02,3.2258921875e+04
1950,2.4065890312e+00,-1.3368740082e+00,-1.1722767334e+03,1.3826620579e+00,-7.7484128997e-03,3.2262058594e+04
1951,2.3905160427e+00,-1.4081050158e+00,-1.1299584961e+03,1.4056811333e+00,-6.5773159266e-02,3.2264476562e+04
1952,2.3781039715e+00,-1.4620188475e+00,-1.0608889160e+03,1.4052532911e+00,-8.2961656153e-02,3.2265230469e+04
1953,2.3627967834e+00,-1.4987648726e+00,-1.0066974487e+03,1.3901968002e+00,-1.2461914122e-01,3.2265177734e+04
1954,2.3444097042e+00,-1.5130643845e+00,-9.7512127686e+02,1.3551919460e+00,-1.8466301262e-01,3.2264144531e+04
1955,2.3277096748e+00,-1.5094075203e+00,-9.2569946289e+02,1.3823177814e+00,-2.1318961680e-01,3.2261761719e+04
1956,2.3126709461e+00,-1.4951537848e+00,-8.9841497803e+02,1.3830478191e+00,-2.8176987171e-01,3.2257886719e+04
1957,2.2990539074e+00,-1.4725518227e+00,-8.7049627686e+02,1.4049645662e+00,-3.0957618356e-01,3.2253353516e+04
1958,2.2848587036e+00,-1.4406038523e+00,-8.5190014648e+02,1.3899185658e+00,-3.6677873135e-01,3.2247750000e+04
1959,2.2754054070e+00,-1.4107501507e+00,-8.3543933105e+02,1.3926831484e+00,-3.8326218724e-01,3.2242214844e+04
1960,2.2683753967e+00,-1.3838106394e+00,-8.3153497314e+02,1.3633141518e+00,-4.3680053949e-01,3.2235246094e+04
1961,2.2648653984e+00,-1.3636156321e+00,-8.1391198730e+02,1.3654104471e+00,-5.0835657120e-01,3.2227236328e+04
1962,2.2642083168e+00,-1.3502370119e+00,-8.2521557617e+02,1.4140945673e+00,-5.0204813480e-01,3.2219740234e+04
1963,2.2669968605e+00,-1.3415952921e+00,-8.2215710449e+02,1.4193226099e+00,-5.4918634892e-01,3.2211333984e+04
1964,2.2712066174e+00,-1.3378098011e+00,-8.2644042969e+02,1.4056652784e+00,-5.8277642727e-01,3.2203197266e+04
1965,2.2775502205e+00,-1.3333356380e+00,-8.3264477539e+02,1.3883950710e+00,-5.9593725204e-01,3.2195171875e+04
1966,2.2834444046e+00,-1.3322243690e+00,-8.5275366211e+02,1.4287441969e+00,-6.2582337856e-01,3.2188875000e+04
1967,2.2925164700e+00,-1.3254247904e+00,-8.5857952881e+02,1.4006989002e+00,-6.4917230606e-01,3.2181609375e+04
1968,2.3003330231e+00,-1.3163719177e+00,-8.7939483643e+02,1.4311699867e+00,-6.8648034334e-01,3.2174460938e+04
1969,2.3106777668e+00,-1.3081825972e+00,-8.9086865234e+02,1.4856193066e+00,-6.5847420692e-01,3.2168527344e+04
1970,2.3206870556e+00,-1.3014967442e+00,-9.0956549072e+02,1.4462466240e+00,-6.7608511448e-01,3.2162589844e+04
1971,2.3326871395e+00,-1.2966035604e+00,-9.3726977539e+02,1.4463043213e+00,-6.9977551699e-01,3.2157859375e+04
1972,2.3473310471e+00,-1.2938369513e+00,-9.5987390137e+02,1.4702831507e+00,-7.0220720768e-01,3.2153097656e+04
1973,2.3634786606e+00,-1.2917879820e+00,-9.9215942383e+02,1.5160641670e+00,-6.7535787821e-01,3.2148804688e+04
1974,2.3806450367e+00,-1.2842557430e+00,-1.0464489746e+03,1.4612338543e+00,-6.8650519848e-01,3.2146296875e+04
1975,2.3992729187e+00,-1.2683606148e+00,-1.0836184082e+03,1.4901864529e+00,-7.0462846756e-01,3.2145154297e+04
1976,2.4158139229e+00,-1.2371531725e+00,-1.1370745850e+03,1.5074239969e+00,-6.7911607027e-01,3.2145023438e+04
1977,2.4312753677e+00,-1.1912946701e+00,-1.2095000000e+03,1.5049870014e+00,-6.6041010618e-01,3.2145943359e+04
1978,2.4428505898e+00,-1.1254732609e+00,-1.2504941406e+03,1.5159722567e+00,-6.4945107698e-01,3.2148439453e+04
1979,2.4532847404e+00,-1.0464071035e+00,-1.3125249023e+03,1.5272088051e+00,-6.4136672020e-01,3.2150980469e+04
1980,2.4611809254e+00,-9.4587886333e-01,-1.3670067139e+03,1.5018093586e+00,-6.1463797092e-01,3.2155289062e+04
1981,2.4683935642e+00,-8.2551825047e-01,-1.4232716064e+03,1.4684659243e+00,-5.9885048866e-01,3.2161205078e+04
1982,2.4739942551e+00,-6.9628667831e-01,-1.4726019287e+03,1.4309426546e+00,-5.5581808090e-01,3.2168001953e+04
1983,2.4756805897e+00,-5.5691814423e-01,-1.5191424561e+03,1.5002388954e+00,-5.1992583275e-01,3.2174554688e+04
1984,2.4753310680e+00,-4.0474683046e-01,-1.5539505615e+03,1.4785492420e+00,-5.1162225008e-01,3.2182267578e+04
1985,2.4720346928e+00,-2.4504995346e-01,-1.5740919189e+03,1.4899693727e+00,-4.6326005459e-01,3.2190773438e+04
1986,2.4674308300e+00,-8.0297872424e-02,-1.5868374023e+03,1.4595638514e+00,-4.2461571097e-01,3.2199716797e+04
1987,2.4608681202e+00,8.7027728558e-02,-1.5885854492e+03,1.4558421373e+00,-4.0034788847e-01,3.2208585938e+04
1988,2.4534485340e+00,2.5371849537e-01,-1.5851539307e+03,1.4979901314e+00,-3.4935212135e-01,3.2216738281e+04
1989,2.4468262196e+00,4.1913372278e-01,-1.5547402344e+03,1.4685195684e+00,-3.2297608256e-01,3.2225431641e+04
1990,2.4380800724e+00,5.7885503769e-01,-1.5371605225e+03,1.4369680882e+00,-2.7951440215e-01,3.2233652344e+04
1991,2.4288907051e+00,7.3010116816e-01,-1.5051202393e+03,1.4275966883e+00,-2.3620994389e-01,3.2241521484e+04
1992,2.4195723534e+00,8.7157052755e-01,-1.4433367920e+03,1.4340929985e+00,-1.9923523068e-01,3.2247250000e+04
1993,2.4101946354e+00,1.0028036833e+00,-1.3917005615e+03,1.4497582912e+00,-1.5397995710e-01,3.2252826172e+04
1994,2.3995680809e+00,1.1226514578e+00,-1.3287844238e+03,1.4286025763e+00,-6.5584942698e-02,3.2257949219e+04
1995,2.3868296146e+00,1.2305556536e+00,-1.2735061035e+03,1.3989993334e+00,-1.5339813195e-02,3.2261789062e+04
1996,2.3741924763e+00,1.3211125135e+00,-1.2164572754e+03,1.4209480286e+00,2.2976838052e-02,3.2263824219e+04
1997,2.3655574322e+00,1.3901281357e+00,-1.1487558594e+03,1.3818789721e+00,7.1800917387e-02,3.2265121094e+04
1998,2.3519344330e+00,1.4402971268e+00,-1.0994783936e+03,1.3805246353e+00,1.0524544120e-01,3.2265623047e+04
1999,2.3368823528e+00,1.4773517847e+00,-1.0303363037e+03,1.3771036863e+00,1.5140335262e-01,3.2264111328e+04
2000,2.3233025074e+00,1.4932385683e+00,-9.9995111084e+02,1.3854784966e+00,2.0610801876e-01,3.2262091797e+04
2001,2.3111982346e+00,1.4953260422e+00,-9.5249340820e+02,1.3765671253e+00,2.4753433466e-01,3.2258914062e+04
2002,2.2990036011e+00,1.4832980633e+00,-9.2080249023e+02,1.3662701845e+00,2.6939833164e-01,3.2255189453e+04
2003,2.2876214981e+00,1.4618304968e+00,-8.8485357666e+02,1.3944778442e+00,3.3502539992e-01,3.2249677734e+04
2004,2.2780761719e+00,1.4384514093e+00,-8.7357794189e+02,1.3671931028e+00,3.7390059233e-01,3.2243943359e+04
2005,2.2695968151e+00,1.4168341160e+00,-8.5394799805e+02,1.3835543394e+00,4.2973616719e-01,3.2237412109e+04
2006,2.2653474808e+00,1.3973084688e+00,-8.3792474365e+02,1.3849616051e+00,4.5235884190e-01,3.2230843750e+04
2007,2.2639141083e+00,1.3831775188e+00,-8.3752423096e+02,1.4117392302e+00,4.9374687672e-01,3.2223289062e+04
2008,2.2661917210e+00,1.3742955923e+00,-8.2909643555e+02,1.3921868801e+00,4.9574485421e-01,3.2215509766e+04
2009,2.2708773613e+00,1.3704499006e+00,-8.2685357666e+02,1.3992520571e+00,5.6723326445e-01,3.2208470703e+04
2010,2.2773847580e+00,1.3694260120e+00,-8.3327294922e+02,1.3953115940e+00,6.0527473688e-01,3.2200808594e+04
2011,2.2855188847e+00,1.3673682213e+00,-8.3578045654e+02,1.4013289213e+00,5.8508169651e-01,3.2193070312e+04
2012,2.2931063175e+00,1.3642594814e+00,-8.4789294434e+02,1.4427601099e+00,6.1781781912e-01,3.2185738281e+04
2013,2.3016629219e+00,1.3591816425e+00,-8.6263330078e+02,1.4593586922e+00,6.8234956264e-01,3.2179175781e+04
2014,2.3112151623e+00,1.3529045582e+00,-8.7530627441e+02,1.4045388699e+00,6.7190533876e-01,3.2172740234e+04
2015,2.3237991333e+00,1.3458529711e+00,-8.9275982666e+02,1.4794355631e+00,6.9485664368e-01,3.2166839844e+04
2016,2.3384125233e+00,1.3416947126e+00,-9.1534020996e+02,1.4520167112e+00,6.8352425098e-01,3.2161841797e+04
2017,2.3547601700e+00,1.3385556936e+00,-9.3622363281e+02,1.4565875530e+00,7.0106106997e-01,3.2157091797e+04
2018,2.3734121323e+00,1.3331490755e+00,-9.7148162842e+02,1.4800238609e+00,7.1588397026e-01,3.2153236328e+04
2019,2.3926153183e+00,1.3288974762e+00,-1.0034672852e+03,1.5189890862e+00,7.0320159197e-01,3.2150476562e+04
2020,2.4122467041e+00,1.3148913383e+00,-1.0434923096e+03,1.4624220133e+00,6.6464960575e-01,3.2148535156e+04
2021,2.4315037727e+00,1.2879334688e+00,-1.0864833984e+03,1.5047771931e+00,6.6038113832e-01,3.2147958984e+04
2022,2.4500310421e+00,1.2473348379e+00,-1.1392320557e+03,1.4771292210e+00,6.9818818569e-01,3.2148558594e+04
2023,2.4680404663e+00,1.1899379492e+00,-1.1909241943e+03,1.4993652105e+00,6.6353362799e-01,3.2150457031e+04
2024,2.4836490154e+00,1.1142189503e+00,-1.2587083740e+03,1.5074821711e+00,6.2926650047e-01,3.2153060547e+04
2025,2.4962348938e+00,1.0182210207e+00,-1.3083819580e+03,1.4993882179e+00,6.1209332943e-01,3.2156601562e+04
2026,2.5076601505e+00,9.0188109875e-01,-1.3661851807e+03,1.5082744360e+00,6.2086898088e-01,3.2161539062e+04
2027,2.5184707642e+00,7.7537667751e-01,-1.4046335449e+03,1.4883860350e+00,5.9483313560e-01,3.2166871094e+04
2028,2.5211672783e+00,6.3288933039e-01,-1.4623673096e+03,1.5027760267e+00,5.4234945774e-01,3.2173136719e+04
2029,2.5257394314e+00,4.8266834021e-01,-1.4953453369e+03,1.4745919704e+00,5.4392111301e-01,3.2180058594e+04
2030,2.5248920918e+00,3.1967464089e-01,-1.5326979980e+03,1.5066906214e+00,5.1430094242e-01,3.2188113281e+04
2031,2.5230519772e+00,1.5450064838e-01,-1.5416508789e+03,1.4779933691e+00,4.5206424594e-01,3.2196630859e+04
2032,2.5182867050e+00,-1.4110794291e-02,-1.5521776123e+03,1.4864404202e+00,4.1027817130e-01,3.2204798828e+04
2033,2.5124456882e+00,-1.8245895207e-01,-1.5486906738e+03,1.4916281700e+00,4.0990212560e-01,3.2213423828e+04
2034,2.5056710243e+00,-3.4936675429e-01,-1.5278273926e+03,1.4504235983e+00,3.6981210113e-01,3.2222255859e+04
2035,2.4970612526e+00,-5.1206117868e-01,-1.5053997803e+03,1.4287508726e+00,3.1119057536e-01,3.2230906250e+04
2036,2.4868633747e+00,-6.6802757978e-01,-1.4618382568e+03,1.4245065451e+00,2.5573912263e-01,3.2238697266e+04
2037,2.4755671024e+00,-8.1675893068e-01,-1.4208703613e+03,1.4184465408e+00,2.2567839921e-01,3.2244714844e+04
2038,2.4649510384e+00,-9.5419251919e-01,-1.3706582031e+03,1.4469616413e+00,1.7217963934e-01,3.2251162109e+04
2039,2.4538114071e+00,-1.0811240673e+00,-1.3199589844e+03,1.4098312855e+00,1.1602707207e-01,3.2256052734e+04
2040,2.4420607090e+00,-1.1943349838e+00,-1.2537663574e+03,1.4098204374e+00,9.3662410975e-02,3.2260597656e+04
2041,2.4301691055e+00,-1.2920379639e+00,-1.2123315430e+03,1.4082821608e+00,1.9123153761e-02,3.2263648438e+04
2042,2.4157714844e+00,-1.3708170652e+00,-1.1391315918e+03,1.3886909485e+00,-1.1005554348e-02,3.2264992188e+04
2043,2.4020237923e+00,-1.4326679707e+00,-1.0912644043e+03,1.4282499552e+00,-6.8623654544e-02,3.2266296875e+04
2044,2.3861293793e+00,-1.4763911963e+00,-1.0280727539e+03,1.3590484858e+00,-9.8622821271e-02,3.2266783203e+04
2045,2.3676042557e+00,-1.5031911135e+00,-9.9358306885e+02,1.3658881187e+00,-1.6673858464e-01,3.2265115234e+04
2046,2.3501610756e+00,-1.5077745914e+00,-9.4618676758e+02,1.3939973116e+00,-2.1000999212e-01,3.2262400391e+04
2047,2.3359620571e+00,-1.4989960194e+00,-9.1020605469e+02,1.3961254358e+00,-2.4483032525e-01,3.2258609375e+04
2048,2.3215098381e+00,-1.4776309729e+00,-8.7837353516e+02,1.3961081505e+00,-2.8027945757e-01,3.2254775391e+04
2049,2.3074042797e+00,-1.4502384663e+00,-8.4933923340e+02,1.3543713093e+00,-3.4168899059e-01,3.2249291016e+04
2050,2.2954561710e+00,-1.4191843271e+00,-8.4026489258e+02,1.3743075132e+00,-3.9719817042e-01,3.2243152344e+04
2051,2.2873606682e+00,-1.3909008503e+00,-8.3235473633e+02,1.4128178358e+00,-3.9313414693e-01,3.2236669922e+04
2052,2.2826147079e+00,-1.3684430122e+00,-8.2005017090e+02,1.3989926577e+00,-4.7083199024e-01,3.2230664062e+04
2053,2.2807147503e+00,-1.3531061411e+00,-8.2344665527e+02,1.3567225933e+00,-4.8890212178e-01,3.2222177734e+04
2054,2.2827305794e+00,-1.3448467255e+00,-8.1665997314e+02,1.3787963390e+00,-4.9786582589e-01,3.2215871094e+04
2055,2.2843773365e+00,-1.3395662308e+00,-8.2378460693e+02,1.4012939930e+00,-5.5468153954e-01,3.2208439453e+04
2056,2.2895929813e+00,-1.3365572691e+00,-8.2575842285e+02,1.3944522142e+00,-5.9018051624e-01,3.2201117188e+04
2057,2.2957527637e+00,-1.3315699100e+00,-8.3231829834e+02,1.3929308653e+00,-6.1405825615e-01,3.2193927734e+04
2058,2.3028781414e+00,-1.3251001835e+00,-8.4653118896e+02,1.4268939495e+00,-6.4381211996e-01,3.2186816406e+04
2059,2.3122625351e+00,-1.3149076700e+00,-8.6013226318e+02,1.4288253784e+00,-6.4101791382e-01,3.2179910156e+04
2060,2.3214821815e+00,-1.3053848743e+00,-8.8035992432e+02,1.4499566555e+00,-6.6574263573e-01,3.2173853516e+04
2061,2.3334076405e+00,-1.2956933975e+00,-8.9804010010e+02,1.4811563492e+00,-6.5948998928e-01,3.2167933594e+04
2062,2.3473956585e+00,-1.2880196571e+00,-9.2607751465e+02,1.4309588671e+00,-6.9122648239e-01,3.2162179688e+04
2063,2.3632612228e+00,-1.2817308903e+00,-9.5105889893e+02,1.4617590904e+00,-7.0607674122e-01,3.2158191406e+04
2064,2.3819417953e+00,-1.2764862776e+00,-9.8105596924e+02,1.4310507774e+00,-7.2042131424e-01,3.2154644531e+04
2065,2.4009492397e+00,-1.2706207037e+00,-1.0226569214e+03,1.4787564278e+00,-6.9188505411e-01,3.2151994141e+04
2066,2.4188027382e+00,-1.2542934418e+00,-1.0740572510e+03,1.4664901495e+00,-6.7399752140e-01,3.2150277344e+04
2067,2.4373567104e+00,-1.2260563374e+00,-1.1091231689e+03,1.4702242613e+00,-6.6388887167e-01,3.2149177734e+04
2068,2.4551281929e+00,-1.1895608902e+00,-1.1625069580e+03,1.5069812536e+00,-6.6240888834e-01,3.2149302734e+04
2069,2.4689946175e+00,-1.1310549974e+00,-1.2247785645e+03,1.4894865751e+00,-6.4969575405e-01,3.2150039062e+04
2070,2.4835724831e+00,-1.0523912907e+00,-1.2715286865e+03,1.5041886568e+00,-6.3976114988e-01,3.2152621094e+04
2071,2.4951250553e+00,-9.5762544870e-01,-1.3495047607e+03,1.4869606495e+00,-6.0453778505e-01,3.2155708984e+04
2072,2.5040097237e+00,-8.4805017710e-01,-1.3816080322e+03,1.5034878254e+00,-6.0709130764e-01,3.2159585938e+04
2073,2.5087456703e+00,-7.2165411711e-01,-1.4468500977e+03,1.5072168112e+00,-5.4650634527e-01,3.2165130859e+04
2074,2.5101964474e+00,-5.8445262909e-01,-1.4890114746e+03,1.4977729321e+00,-5.5262529850e-01,3.2172031250e+04
2075,2.5105686188e+00,-4.3630838394e-01,-1.5196062012e+03,1.4775533676e+00,-4.9882707000e-01,3.2179130859e+04
2076,2.5079262257e+00,-2.8039070964e-01,-1.5442569580e+03,1.4712285995e+00,-4.8443853855e-01,3.2186259766e+04
2077,2.5035383701e+00,-1.1896723509e-01,-1.5570195312e+03,1.4749200344e+00,-4.5421597362e-01,3.2195511719e+04
2078,2.4966528416e+00,4.4967446476e-02,-1.5625264893e+03,1.4503098726e+00,-3.9393326640e-01,3.2203777344e+04
2079,2.4900677204e+00,2.0857228339e-01,-1.5530372314e+03,1.4365875721e+00,-3.7071785331e-01,3.2212550781e+04
2080,2.4806623459e+00,3.7125957012e-01,-1.5238480225e+03,1.4259921312e+00,-3.2315978408e-01,3.2220906250e+04
2081,2.4710602760e+00,5.2943623066e-01,-1.4959891357e+03,1.4693304300e+00,-3.0675941706e-01,3.2228820312e+04
2082,2.4601929188e+00,6.8114596605e-01,-1.4679134521e+03,1.4574981928e+00,-2.4850571156e-01,3.2235640625e+04
2083,2.4500584602e+00,8.2236534357e-01,-1.4116372070e+03,1.4437365532e+00,-1.8081977963e-01,3.2242705078e+04
2084,2.4375731945e+00,9.5727145672e-01,-1.3732609863e+03,1.3942959309e+00,-1.4243309200e-01,3.2249626953e+04
2085,2.4249362946e+00,1.0820049047e+00,-1.3042819824e+03,1.4120361805e+00,-1.3164192438e-01,3.2254222656e+04
2086,2.4108214378e+00,1.1902780533e+00,-1.2771190186e+03,1.4124073982e+00,-4.9591369927e-02,3.2258335938e+04
2087,2.3993699551e+00,1.2791651487e+00,-1.1826032715e+03,1.4337099791e+00,2.2692946717e-02,3.2260945312e+04
2088,2.3868653774e+00,1.3530420065e+00,-1.1321047363e+03,1.3915808201e+00,5.9527207166e-02,3.2263648438e+04
2089,2.3702235222e+00,1.4106159210e+00,-1.0807271729e+03,1.3797233105e+00,1.0765258968e-01,3.2264253906e+04
2090,2.3528256416e+00,1.4481251240e+00,-1.0269196777e+03,1.4003589153e+00,1.2165870517e-01,3.2263359375e+04
2091,2.3374888897e+00,1.4703220129e+00,-9.7626013184e+02,1.4109512568e+00,1.9697670639e-01,3.2261742188e+04
2092,2.3207106590e+00,1.4753055573e+00,-9.2871557617e+02,1.3886181116e+00,2.4177154899e-01,3.2259812500e+04
2093,2.3048551083e+00,1.4671070576e+00,-9.0127929688e+02,1.3414987326e+00,2.9855811596e-01,3.2256957031e+04
2094,2.2899079323e+00,1.4507278204e+00,-8.6627062988e+02,1.3389550447e+00,3.4392386675e-01,3.2251642578e+04
2095,2.2769942284e+00,1.4274435043e+00,-8.5232745361e+02,1.3974730968e+00,3.4234991670e-01,3.2246611328e+04
2096,2.2656276226e+00,1.4014823437e+00,-8.5165338135e+02,1.3877780437e+00,4.1093772650e-01,3.2239568359e+04
2097,2.2593946457e+00,1.3808307648e+00,-8.1001501465e+02,1.3841636181e+00,4.2499640584e-01,3.2233513672e+04
2098,2.2557058334e+00,1.3670010567e+00,-7.9888464355e+02,1.3576688766e+00,4.8095694184e-01,3.2226916016e+04
2099,2.2501332760e+00,1.3584746122e+00,-8.3043859863e+02,1.3834620714e+00,5.0762289762e-01,3.2219505859e+04
2100,2.2530059814e+00,1.3517301083e+00,-8.1566479492e+02,1.4304465055e+00,5.3845435381e-01,3.2211810547e+04
2101,2.2600367069e+00,1.3490252495e+00,-8.1256958008e+02,1.3904168606e+00,5.8076065779e-01,3.2204298828e+04
2102,2.2681221962e+00,1.3471504450e+00,-8.2488031006e+02,1.4101175070e+00,6.1609047651e-01,3.2197359375e+04
2103,2.2743029594e+00,1.3453319073e+00,-8.3260052490e+02,1.4277846813e+00,6.3372200727e-01,3.2189968750e+04
2104,2.2814438343e+00,1.3444653749e+00,-8.3809204102e+02,1.4642274380e+00,6.8493193388e-01,3.2182226562e+04
2105,2.2875711918e+00,1.3422436714e+00,-8.5414782715e+02,1.4496474266e+00,6.7115324736e-01,3.2176203125e+04
2106,2.2953996658e+00,1.3377315998e+00,-8.7369665527e+02,1.4298205376e+00,6.9506365061e-01,3.2170320312e+04
2107,2.3072507381e+00,1.3316299915e+00,-8.9657867432e+02,1.4412734509e+00,7.0487189293e-01,3.2164906250e+04
2108,2.3206417561e+00,1.3232339621e+00,-9.2786437988e+02,1.4594405890e+00,7.2174257040e-01,3.2159363281e+04
2109,2.3363449574e+00,1.3225767612e+00,-9.3437078857e+02,1.4741425514e+00,7.2103381157e-01,3.2154359375e+04
2110,2.3541374207e+00,1.3178786039e+00,-9.7292962646e+02,1.4618086815e+00,7.3461502790e-01,3.2150503906e+04
2111,2.3725168705e+00,1.3117760420e+00,-1.0078268433e+03,1.4928854704e+00,7.1824294329e-01,3.2147937500e+04
2112,2.3911209106e+00,1.2996606827e+00,-1.0723764648e+03,1.5054223537e+00,7.0185118914e-01,3.2146876953e+04
2113,2.4099156857e+00,1.2742067575e+00,-1.1051356201e+03,1.5046390295e+00,7.0672845840e-01,3.2146691406e+04
2114,2.4254500866e+00,1.2314347029e+00,-1.1736956787e+03,1.4767141342e+00,6.8426132202e-01,3.2147263672e+04
2115,2.4407358170e+00,1.1666959524e+00,-1.2233195801e+03,1.4916319847e+00,6.7760419846e-01,3.2148958984e+04
2116,2.4529523849e+00,1.0897144079e+00,-1.2664414062e+03,1.4909967184e+00,6.4146530628e-01,3.2150816406e+04
2117,2.4624764919e+00,9.9657988548e-01,-1.3400924072e+03,1.5150076151e+00,6.4723342657e-01,3.2154755859e+04
2118,2.4710438251e+00,8.8089799881e-01,-1.3834028320e+03,1.4847497940e+00,6.1628592014e-01,3.2159851562e+04
2119,2.4747495651e+00,7.5266152620e-01,-1.4312515869e+03,1.4877302647e+00,5.8470791578e-01,3.2165599609e+04
2120,2.4757804871e+00,6.1436074972e-01,-1.4914638672e+03,1.4791833162e+00,5.5498999357e-01,3.2173201172e+04
2121,2.4756119251e+00,4.6392780542e-01,-1.5190688477e+03,1.4702907801e+00,5.3647977114e-01,3.2180660156e+04
2122,2.4735748768e+00,3.0482068658e-01,-1.5544569092e+03,1.4924436808e+00,4.7796225548e-01,3.2188746094e+04
2123,2.4693217278e+00,1.4159210026e-01,-1.5754481201e+03,1.5015783310e+00,4.3255516887e-01,3.2196478516e+04
2124,2.4632494450e+00,-2.4343654513e-02,-1.5727119141e+03,1.4689660072e+00,4.0036261082e-01,3.2205640625e+04
2125,2.4550828934e+00,-1.9145414233e-01,-1.5754733887e+03,1.5053656101e+00,3.7898871303e-01,3.2214507812e+04
2126,2.4486169815e+00,-3.5714218020e-01,-1.5557799072e+03,1.4677010775e+00,3.2135322690e-01,3.2223441406e+04
2127,2.4385967255e+00,-5.1994568110e-01,-1.5477607422e+03,1.4519445896e+00,2.8315773606e-01,3.2231417969e+04
2128,2.4280545712e+00,-6.7513072491e-01,-1.5097041016e+03,1.4327031374e+00,2.2809799016e-01,3.2238751953e+04
2129,2.4176938534e+00,-8.2481408119e-01,-1.4610898438e+03,1.4476388693e+00,1.9229629636e-01,3.2245693359e+04
2130,2.4061408043e+00,-9.6418666840e-01,-1.4114799805e+03,1.4303425550e+00,1.3744185865e-01,3.2251714844e+04
2131,2.3949055672e+00,-1.0912896395e+00,-1.3538214111e+03,1.4348309040e+00,9.5793917775e-02,3.2256785156e+04
2132,2.3823750019e+00,-1.2047698498e+00,-1.2987559814e+03,1.3834396601e+00,4.5630797744e-02,3.2261833984e+04
2133,2.3683004379e+00,-1.3055945635e+00,-1.2488343506e+03,1.4046174288e+00,1.0050049052e-02,3.2264699219e+04
2134,2.3563718796e+00,-1.3886475563e+00,-1.1726469727e+03,1.3935714960e+00,-6.7393496633e-02,3.2265927734e+04
2135,2.3428061008e+00,-1.4484767914e+00,-1.1277900391e+03,1.4242215157e+00,-1.0177063197e-01,3.2266304688e+04
2136,2.3299186230e+00,-1.4938843250e+00,-1.0625964355e+03,1.4317988157e+00,-1.4766632020e-01,3.2265132812e+04
2137,2.3152000904e+00,-1.5228331089e+00,-1.0325703125e+03,1.4009057283e+00,-1.7450706661e-01,3.2263927734e+04
2138,2.2986400127e+00,-1.5296459198e+00,-9.6458300781e+02,1.3872184753e+00,-2.4289192259e-01,3.2261027344e+04
2139,2.2855515480e+00,-1.5219943523e+00,-9.4833837891e+02,1.3611474037e+00,-2.8970634937e-01,3.2256757812e+04
2140,2.2739965916e+00,-1.5001014471e+00,-9.0434521484e+02,1.4040603638e+00,-3.5072267056e-01,3.2251562500e+04
2141,2.2622258663e+00,-1.4730278254e+00,-8.8386706543e+02,1.3856257200e+00,-3.7202286720e-01,3.2245687500e+04
2142,2.2542092800e+00,-1.4421744347e+00,-8.6132598877e+02,1.4104577303e+00,-4.1818100214e-01,3.2239333984e+04
2143,2.2479102612e+00,-1.4124498367e+00,-8.5222857666e+02,1.3989332914e+00,-4.7201386094e-01,3.2233041016e+04
2144,2.2454419136e+00,-1.3892519474e+00,-8.4722863770e+02,1.4002723694e+00,-4.9271628261e-01,3.2225314453e+04
2145,2.2445299625e+00,-1.3730394840e+00,-8.3969567871e+02,1.3879183531e+00,-5.0743532181e-01,3.2216796875e+04
2146,2.2484107018e+00,-1.3620133400e+00,-8.4741662598e+02,1.4277037382e+00,-5.6000024080e-01,3.2209914062e+04
2147,2.2532396317e+00,-1.3569127321e+00,-8.3945452881e+02,1.3911398649e+00,-5.8511781693e-01,3.2202179688e+04
2148,2.2585411072e+00,-1.3530087471e+00,-8.4471142578e+02,1.3902635574e+00,-6.6375142336e-01,3.2195253906e+04
2149,2.2651484013e+00,-1.3487607241e+00,-8.6364624023e+02,1.4267605543e+00,-6.5779721737e-01,3.2187265625e+04
2150,2.2725293636e+00,-1.3430109024e+00,-8.5728344727e+02,1.4548093081e+00,-6.5295690298e-01,3.2180908203e+04
2151,2.2809703350e+00,-1.3345829248e+00,-8.7907080078e+02,1.4166097641e+00,-6.7852437496e-01,3.2174455078e+04
2152,2.2920877934e+00,-1.3266401291e+00,-8.8221990967e+02,1.4400771856e+00,-6.8826270103e-01,3.2167931641e+04
2153,2.3040165901e+00,-1.3195652962e+00,-8.9799237061e+02,1.4757876396e+00,-6.8494993448e-01,3.2161867188e+04
2154,2.3146331310e+00,-1.3135215044e+00,-9.5196948242e+02,1.4743038416e+00,-7.3192185163e-01,3.2157464844e+04
2155,2.3300652504e+00,-1.3092246056e+00,-9.5458740234e+02,1.4696786404e+00,-7.1447235346e-01,3.2153851562e+04
2156,2.3465557098e+00,-1.3071691990e+00,-9.9821411133e+02,1.4734569788e+00,-7.1295058727e-01,3.2150369141e+04
2157,2.3636131287e+00,-1.3011757135e+00,-1.0391158447e+03,1.4958419800e+00,-7.2050547600e-01,3.2148746094e+04
2158,2.3806507587e+00,-1.2860180140e+00,-1.0869291992e+03,1.4871689081e+00,-7.1411812305e-01,3.2147595703e+04
2159,2.3986272812e+00,-1.2579457760e+00,-1.1347995605e+03,1.5141736269e+00,-6.9394183159e-01,3.2147273438e+04
2160,2.4142360687e+00,-1.2155369520e+00,-1.1838283691e+03,1.5040698051e+00,-6.7350298166e-01,3.2148824219e+04
2161,2.4278376102e+00,-1.1532496214e+00,-1.2511679688e+03,1.4744879007e+00,-6.4974576235e-01,3.2151533203e+04
2162,2.4402225018e+00,-1.0729598999e+00,-1.3104267578e+03,1.4996169806e+00,-6.4448243380e-01,3.2155662109e+04
2163,2.4484415054e+00,-9.7445434332e-01,-1.3671445312e+03,1.4879361391e+00,-6.1482197046e-01,3.2159597656e+04
2164,2.4519453049e+00,-8.5459917784e-01,-1.4194287109e+03,1.5131510496e+00,-6.0105794668e-01,3.2165234375e+04
2165,2.4556150436e+00,-7.2147262096e-01,-1.4696704102e+03,1.4978079796e+00,-6.0317742825e-01,3.2171861328e+04
2166,2.4584224224e+00,-5.8373594284e-01,-1.5245992432e+03,1.4751139879e+00,-5.3471213579e-01,3.2178861328e+04
2167,2.4594738483e+00,-4.3332690001e-01,-1.5543945312e+03,1.4795352221e+00,-5.0543665886e-01,3.2187083984e+04
2168,2.4590280056e+00,-2.7160739899e-01,-1.5790383301e+03,1.5161355734e+00,-4.8682984710e-01,3.2195037109e+04
2169,2.4536871910e+00,-1.0680311918e-01,-1.6039387207e+03,1.4735122919e+00,-4.6296039224e-01,3.2203582031e+04
2170,2.4498076439e+00,6.2222220004e-02,-1.6050705566e+03,1.4687656164e+00,-4.1135987639e-01,3.2211816406e+04
2171,2.4446759224e+00,2.3022747040e-01,-1.5957546387e+03,1.4675298929e+00,-3.4709343314e-01,3.2221117188e+04
2172,2.4378793240e+00,3.9551654458e-01,-1.5771425781e+03,1.4313584566e+00,-3.1174337864e-01,3.2229355469e+04
2173,2.4324204922e+00,5.5674642324e-01,-1.5504783936e+03,1.4268543720e+00,-2.7420952916e-01,3.2237466797e+04
2174,2.4218113422e+00,7.0976006985e-01,-1.5139683838e+03,1.4288173914e+00,-2.3363350332e-01,3.2244548828e+04
2175,2.4125390053e+00,8.5630798340e-01,-1.4582191162e+03,1.4451873302e+00,-1.8297630548e-01,3.2250253906e+04
2176,2.4019165039e+00,9.9355304241e-01,-1.4085047607e+03,1.4223605394e+00,-1.3999596238e-01,3.2255519531e+04
2177,2.3931272030e+00,1.1163506508e+00,-1.3576527100e+03,1.4254852533e+00,-7.0016935468e-02,3.2260275391e+04
2178,2.3849380016e+00,1.2228250504e+00,-1.2842447510e+03,1.4165545702e+00,-3.6763917655e-02,3.2263554688e+04
2179,2.3754158020e+00,1.3148225546e+00,-1.2359840088e+03,1.3960716724e+00,1.5327682719e-02,3.2265847656e+04
2180,2.3643028736e+00,1.3930269480e+00,-1.1739031982e+03,1.3835757971e+00,5.7059478015e-02,3.2267283203e+04
2181,2.3540561199e+00,1.4484369755e+00,-1.1205432129e+03,1.4121539593e+00,9.5358349383e-02,3.2266705078e+04
2182,2.3441450596e+00,1.4817734957e+00,-1.0551618652e+03,1.3956173658e+00,1.4924912155e-01,3.2265605469e+04
2183,2.3317368031e+00,1.4991611242e+00,-9.9892504883e+02,1.3892806768e+00,2.1229308844e-01,3.2264083984e+04
2184,2.3188261986e+00,1.5022424459e+00,-9.7218255615e+02,1.3812500238e+00,2.3733802140e-01,3.2259777344e+04
2185,2.3079025745e+00,1.4930981398e+00,-9.0954199219e+02,1.3935325146e+00,3.1679734588e-01,3.2254875000e+04
2186,2.2973425388e+00,1.4707821608e+00,-9.0363214111e+02,1.3726665974e+00,3.7581199408e-01,3.2249666016e+04
2187,2.2885501385e+00,1.4481776953e+00,-8.7405035400e+02,1.3769118786e+00,3.9146775007e-01,3.2243630859e+04
2188,2.2821984291e+00,1.4247866869e+00,-8.6099725342e+02,1.3790453672e+00,4.4197562337e-01,3.2237728516e+04
2189,2.2790081501e+00,1.4047089815e+00,-8.4803302002e+02,1.3961169720e+00,4.8504310846e-01,3.2230740234e+04
2190,2.2792854309e+00,1.3904484510e+00,-8.4746099854e+02,1.3917405605e+00,4.8811018467e-01,3.2224515625e+04
2191,2.2822339535e+00,1.3820835352e+00,-8.4000817871e+02,1.4060833454e+00,5.2891266346e-01,3.2217191406e+04
2192,2.2867381573e+00,1.3779162169e+00,-8.3047094727e+02,1.3965256214e+00,5.9319448471e-01,3.2209613281e+04
2193,2.2945697308e+00,1.3745729923e+00,-8.3953845215e+02,1.4211184978e+00,6.0265195370e-01,3.2202177734e+04
2194,2.3048052788e+00,1.3704949617e+00,-8.3294152832e+02,1.4307086468e+00,6.2419611216e-01,3.2195384766e+04
2195,2.3150174618e+00,1.3642636538e+00,-8.4857678223e+02,1.4220345020e+00,6.1629754305e-01,3.2189171875e+04
2196,2.3277719021e+00,1.3575818539e+00,-8.5210412598e+02,1.4198232889e+00,6.7189240456e-01,3.2183203125e+04
2197,2.3389146328e+00,1.3495788574e+00,-8.8500311279e+02,1.4340783358e+00,6.7997312546e-01,3.2176835938e+04
2198,2.3529860973e+00,1.3407835960e+00,-8.9880316162e+02,1.4661080837e+00,7.0494323969e-01,3.2171312500e+04
2199,2.3691890240e+00,1.3344198465e+00,-9.1485620117e+02,1.4721019268e+00,6.9503301382e-01,3.2166683594e+04
2200,2.3871290684e+00,1.3313971758e+00,-9.3762054443e+02,1.4547445774e+00,7.3290371895e-01,3.2162933594e+04
2201,2.4059543610e+00,1.3284106255e+00,-9.7571044922e+02,1.4807915688e+00,7.3992019892e-01,3.2159820312e+04
2202,2.4285595417e+00,1.3202055693e+00,-1.0019986572e+03,1.4846796989e+00,7.4165636301e-01,3.2156886719e+04
2203,2.4517114162e+00,1.3016191721e+00,-1.0478093262e+03,1.4932638407e+00,7.0897483826e-01,3.2155302734e+04
2204,2.4747071266e+00,1.2721023560e+00,-1.0840158691e+03,1.4566608667e+00,6.8827658892e-01,3.2154804688e+04
2205,2.4949321747e+00,1.2286856174e+00,-1.1348894043e+03,1.4796012640e+00,6.9455039501e-01,3.2154978516e+04
2206,2.5151083469e+00,1.1666828394e+00,-1.1976843262e+03,1.5124145746e+00,7.1510994434e-01,3.2155224609e+04
2207,2.5330457687e+00,1.0851045847e+00,-1.2427462158e+03,1.5170736313e+00,6.6134536266e-01,3.2157666016e+04
2208,2.5462498665e+00,9.8612171412e-01,-1.3050755615e+03,1.4994802475e+00,6.2033164501e-01,3.2161339844e+04
2209,2.5587904453e+00,8.7191820145e-01,-1.3463547363e+03,1.4985716343e+00,6.1711549759e-01,3.2165500000e+04
2210,2.5672504902e+00,7.4384558201e-01,-1.4020076904e+03,1.5046463013e+00,5.8500277996e-01,3.2169917969e+04
2211,2.5722258091e+00,6.0031884909e-01,-1.4418575439e+03,1.4973897934e+00,5.5349230766e-01,3.2175707031e+04
2212,2.5740592480e+00,4.4817879796e-01,-1.4706741943e+03,1.4828212261e+00,5.2895236015e-01,3.2182390625e+04
2213,2.5730571747e+00,2.8970900178e-01,-1.4881574707e+03,1.4857918024e+00,4.9746331573e-01,3.2189783203e+04
2214,2.5689532757e+00,1.2765288353e-01,-1.5122005615e+03,1.4901130199e+00,4.4207000732e-01,3.2197371094e+04
2215,2.5631773472e+00,-3.7818871439e-02,-1.5075455322e+03,1.4676575661e+00,4.2389756441e-01,3.2204939453e+04
2216,2.5554959774e+00,-2.0337666571e-01,-1.5089714355e+03,1.4569458961e+00,4.0090355277e-01,3.2213404297e+04
2217,2.5462019444e+00,-3.6759507656e-01,-1.4765045166e+03,1.4452477694e+00,3.4582808614e-01,3.2221724609e+04
2218,2.5353734493e+00,-5.2908670902e-01,-1.4564746094e+03,1.4525198936e+00,3.0462059379e-01,3.2228626953e+04
2219,2.5242402554e+00,-6.8275868893e-01,-1.4099183350e+03,1.4641987085e+00,2.4822616577e-01,3.2235804688e+04
2220,2.5102241039e+00,-8.2801043987e-01,-1.3813630371e+03,1.4402542114e+00,2.3221610487e-01,3.2243705078e+04
2221,2.4974615574e+00,-9.6375536919e-01,-1.3207260742e+03,1.4180206060e+00,1.7020125687e-01,3.2249398438e+04
2222,2.4844655991e+00,-1.0894644260e+00,-1.2739815674e+03,1.3900117874e+00,1.0678710788e-01,3.2255498047e+04
2223,2.4703791142e+00,-1.1977765560e+00,-1.2026461182e+03,1.4308803082e+00,6.3183747232e-02,3.2260193359e+04
2224,2.4547872543e+00,-1.2935079336e+00,-1.1500269775e+03,1.4275827408e+00,2.3151474074e-02,3.2263429688e+04
2225,2.4366192818e+00,-1.3702481985e+00,-1.0904471436e+03,1.4075784683e+00,-4.4399946928e-02,3.2266691406e+04
2226,2.4160625935e+00,-1.4240893126e+00,-1.0381247559e+03,1.3873224258e+00,-1.2611442804e-01,3.2268326172e+04
2227,2.3991622925e+00,-1.4615416527e+00,-9.7668139648e+02,1.4117324352e+00,-1.5027625859e-01,3.2268886719e+04
2228,2.3789560795e+00,-1.4855563641e+00,-9.4325146484e+02,1.3818917274e+00,-1.7202354968e-01,3.2267623047e+04
2229,2.3586735725e+00,-1.4909831285e+00,-8.9695239258e+02,1.3801705837e+00,-2.1494895220e-01,3.2265697266e+04
2230,2.3393046856e+00,-1.4795190096e+00,-8.7388073730e+02,1.4024075270e+00,-2.5582030416e-01,3.2262978516e+04
2231,2.3224630356e+00,-1.4570245743e+00,-8.3363922119e+02,1.3646860123e+00,-3.5800850391e-01,3.2259384766e+04
2232,2.3086748123e+00,-1.4296064377e+00,-8.2676715088e+02,1.3802781105e+00,-3.7038779259e-01,3.2254910156e+04
2233,2.2947018147e+00,-1.4000716209e+00,-8.0688989258e+02,1.3934791088e+00,-3.9599594474e-01,3.2249630859e+04
2234,2.2853887081e+00,-1.3731453419e+00,-8.0808538818e+02,1.4136525393e+00,-4.5251265168e-01,3.2243628906e+04
2235,2.2792575359e+00,-1.3531876802e+00,-8.0307653809e+02,1.3738516569e+00,-4.9540528655e-01,3.2237681641e+04
2236,2.2743105888e+00,-1.3394097090e+00,-8.0413000488e+02,1.3821361065e+00,-5.0173497200e-01,3.2231488281e+04
2237,2.2729961872e+00,-1.3319938183e+00,-8.0260302734e+02,1.3948742151e+00,-5.7770210505e-01,3.2225160156e+04
2238,2.2743134499e+00,-1.3294321299e+00,-8.0865832520e+02,1.4353939295e+00,-5.5958247185e-01,3.2217386719e+04
2239,2.2779719830e+00,-1.3274352551e+00,-8.1055572510e+02,1.4396563768e+00,-6.0640680790e-01,3.2209746094e+04
2240,2.2829644680e+00,-1.3248906136e+00,-8.2335052490e+02,1.4270254374e+00,-6.4117270708e-01,3.2203042969e+04
2241,2.2889142036e+00,-1.3189957142e+00,-8.3245153809e+02,1.4453942776e+00,-6.5839517117e-01,3.2196507812e+04
2242,2.2956204414e+00,-1.3110026121e+00,-8.4806005859e+02,1.4587646723e+00,-6.5774554014e-01,3.2189113281e+04
2243,2.3030893803e+00,-1.3020715714e+00,-8.7561224365e+02,1.4528570175e+00,-6.9310933352e-01,3.2181695312e+04
2244,2.3109190464e+00,-1.2933886051e+00,-9.0339276123e+02,1.4475731850e+00,-7.2767668962e-01,3.2176396484e+04
2245,2.3221967220e+00,-1.2865763903e+00,-9.3045886230e+02,1.4379886389e+00,-7.0265507698e-01,3.2171183594e+04
2246,2.3356814384e+00,-1.2824785709e+00,-9.5168554688e+02,1.4700642824e+00,-7.1575659513e-01,3.2165851562e+04
2247,2.3497896194e+00,-1.2797522545e+00,-1.0011997681e+03,1.4740432501e+00,-6.7403531075e-01,3.2161972656e+04
2248,2.3661887646e+00,-1.2748110294e+00,-1.0262218018e+03,1.4980208874e+00,-6.9607949257e-01,3.2158378906e+04
2249,2.3820722103e+00,-1.2658125162e+00,-1.0772337646e+03,1.4820612669e+00,-7.0413017273e-01,3.2155986328e+04
2250,2.3968856335e+00,-1.2457976341e+00,-1.1324039307e+03,1.5387448072e+00,-7.1851640940e-01,3.2154476562e+04
2251,2.4095590115e+00,-1.2064480782e+00,-1.1848671875e+03,1.5209933519e+00,-6.9380295277e-01,3.2153867188e+04
2252,2.4206118584e+00,-1.1545305252e+00,-1.2456325684e+03,1.5030083656e+00,-6.8311005831e-01,3.2153765625e+04
2253,2.4303596020e+00,-1.0829366446e+00,-1.3055333252e+03,1.5104297400e+00,-6.6853684187e-01,3.2155259766e+04
2254,2.4383378029e+00,-9.9157595634e-01,-1.3564403076e+03,1.5025750399e+00,-6.3498735428e-01,3.2158425781e+04
2255,2.4443790913e+00,-8.8500368595e-01,-1.4151600342e+03,1.4931366444e+00,-5.9921854734e-01,3.2162769531e+04
2256,2.4466156960e+00,-7.6429849863e-01,-1.4695190430e+03,1.4623454809e+00,-5.9668928385e-01,3.2167421875e+04
2257,2.4464211464e+00,-6.2734925747e-01,-1.5277679443e+03,1.4782871008e+00,-5.3969663382e-01,3.2173472656e+04
2258,2.4444689751e+00,-4.8106539249e-01,-1.5545834961e+03,1.4986572266e+00,-5.2123415470e-01,3.2180298828e+04
2259,2.4405429363e+00,-3.2795014977e-01,-1.5891621094e+03,1.4775699377e+00,-4.8845946789e-01,3.2187347656e+04
2260,2.4348556995e+00,-1.6523811221e-01,-1.6038927002e+03,1.4573298693e+00,-4.6490707994e-01,3.2195556641e+04
2261,2.4295554161e+00,-3.1246989965e-03,-1.6100089111e+03,1.4583468437e+00,-3.9852043986e-01,3.2203701172e+04
2262,2.4216842651e+00,1.6135762632e-01,-1.6058376465e+03,1.4391778708e+00,-4.0024185181e-01,3.2212117188e+04
2263,2.4121539593e+00,3.2572501898e-01,-1.5974377441e+03,1.4655174017e+00,-3.2987892628e-01,3.2220652344e+04
2264,2.4023120403e+00,4.8779600859e-01,-1.5641956787e+03,1.4496754408e+00,-3.0341690779e-01,3.2228847656e+04
2265,2.3923642635e+00,6.4330172539e-01,-1.5325379639e+03,1.4264230728e+00,-2.6047095656e-01,3.2236859375e+04
2266,2.3809051514e+00,7.9292792082e-01,-1.4827141113e+03,1.4093381166e+00,-2.3548202217e-01,3.2243789062e+04
2267,2.3701705933e+00,9.3240338564e-01,-1.4395299072e+03,1.4441630840e+00,-1.5667602420e-01,3.2250255859e+04
2268,2.3583009243e+00,1.0610331297e+00,-1.3797480469e+03,1.4077699184e+00,-1.1715568602e-01,3.2256501953e+04
2269,2.3487126827e+00,1.1792360544e+00,-1.3125627441e+03,1.4237116575e+00,-6.7465513945e-02,3.2261871094e+04
2270,2.3388500214e+00,1.2774041891e+00,-1.2585830078e+03,1.4142937660e+00,-1.0282669216e-02,3.2265193359e+04
2271,2.3278508186e+00,1.3592115641e+00,-1.1887454834e+03,1.4420921803e+00,6.6813431680e-02,3.2267998047e+04
2272,2.3167293072e+00,1.4234530926e+00,-1.1302419434e+03,1.4149891138e+00,9.0218126774e-02,3.2269443359e+04
2273,2.3042573929e+00,1.4708441496e+00,-1.0698131104e+03,1.3953399658e+00,1.3264335692e-01,3.2269986328e+04
2274,2.2892665863e+00,1.4987424612e+00,-1.0350035400e+03,1.4098690748e+00,1.6934341192e-01,3.2269529297e+04
2275,2.2788143158e+00,1.5097662210e+00,-9.6317681885e+02,1.3413602114e+00,2.1688187122e-01,3.2267248047e+04
2276,2.2682950497e+00,1.5052357912e+00,-9.3844085693e+02,1.3805900812e+00,2.7064299583e-01,3.2263265625e+04
2277,2.2566025257e+00,1.4890706539e+00,-9.0648889160e+02,1.3978888988e+00,3.2202979922e-01,3.2259564453e+04
2278,2.2462468147e+00,1.4670385122e+00,-8.7807910156e+02,1.3826951981e+00,3.5781729221e-01,3.2253720703e+04
2279,2.2394485474e+00,1.4423781633e+00,-8.6048077393e+02,1.4096596241e+00,4.1222998500e-01,3.2248253906e+04
2280,2.2362790108e+00,1.4161593914e+00,-8.5720019531e+02,1.3821651936e+00,4.6458709240e-01,3.2241787109e+04
2281,2.2343239784e+00,1.3976315260e+00,-8.4431860352e+02,1.3497719765e+00,5.0407981873e-01,3.2234460938e+04
2282,2.2353391647e+00,1.3845599890e+00,-8.3634997559e+02,1.3987938166e+00,5.1077824831e-01,3.2226404297e+04
2283,2.2370517254e+00,1.3785099983e+00,-8.3162890625e+02,1.4109826088e+00,5.5650895834e-01,3.2218259766e+04
2284,2.2429416180e+00,1.3756170273e+00,-8.3782733154e+02,1.4153327942e+00,5.7003283501e-01,3.2209884766e+04
2285,2.2488746643e+00,1.3756862879e+00,-8.3452270508e+02,1.4256259203e+00,5.8182317019e-01,3.2201960938e+04
2286,2.2572503090e+00,1.3734078407e+00,-8.5055181885e+02,1.4107891321e+00,6.1883890629e-01,3.2193791016e+04
2287,2.2655816078e+00,1.3701127768e+00,-8.5551617432e+02,1.4425761700e+00,6.5845578909e-01,3.2185087891e+04
2288,2.2755174637e+00,1.3643888235e+00,-8.7001367188e+02,1.4483889341e+00,6.8463170528e-01,3.2176898438e+04
2289,2.2869231701e+00,1.3570698500e+00,-8.8925177002e+02,1.4450268745e+00,7.0806014538e-01,3.2169433594e+04
2290,2.2998282909e+00,1.3502875566e+00,-9.0884564209e+02,1.4510793686e+00,6.9024980068e-01,3.2163160156e+04
2291,2.3140392303e+00,1.3462561369e+00,-9.3111694336e+02,1.4558815956e+00,7.2589087486e-01,3.2156564453e+04
2292,2.3298499584e+00,1.3437912464e+00,-9.6168481445e+02,1.4773297310e+00,6.9812196493e-01,3.2152152344e+04
2293,2.3469357491e+00,1.3413159847e+00,-9.9044390869e+02,1.5121432543e+00,7.0681267977e-01,3.2147962891e+04
2294,2.3650941849e+00,1.3356200457e+00,-1.0243267822e+03,1.4673804045e+00,7.3631405830e-01,3.2144941406e+04
2295,2.3822286129e+00,1.3213684559e+00,-1.0678748779e+03,1.4808359146e+00,7.1791672707e-01,3.2142460938e+04
2296,2.4011683464e+00,1.2948311567e+00,-1.0950611572e+03,1.5053018332e+00,6.8893533945e-01,3.2141568359e+04
2297,2.4184260368e+00,1.2565480471e+00,-1.1627869873e+03,1.5224233866e+00,6.8176043034e-01,3.2141671875e+04
2298,2.4320220947e+00,1.1976659298e+00,-1.1932976074e+03,1.4767348766e+00,6.6265732050e-01,3.2143150391e+04
2299,2.4488663673e+00,1.1186171770e+00,-1.2638815918e+03,1.5096000433e+00,6.3469195366e-01,3.2146582031e+04
2300,2.4595596790e+00,1.0202378035e+00,-1.3310948486e+03,1.5029003620e+00,6.3496088982e-01,3.2150175781e+04
2301,2.4690821171e+00,9.0438443422e-01,-1.3748546143e+03,1.5133795738e+00,6.1908650398e-01,3.2156277344e+04
2302,2.4760463238e+00,7.7771145105e-01,-1.4407459717e+03,1.4873626232e+00,6.2070691586e-01,3.2162755859e+04
2303,2.4786386490e+00,6.3838595152e-01,-1.4789046631e+03,1.4920592308e+00,5.5273205042e-01,3.2171080078e+04
2304,2.4809827805e+00,4.8683080077e-01,-1.5336265869e+03,1.4893838167e+00,5.2432060242e-01,3.2179341797e+04
2305,2.4802341461e+00,3.2613998652e-01,-1.5531390381e+03,1.4949246645e+00,4.6315777302e-01,3.2187998047e+04
2306,2.4769449234e+00,1.6011331975e-01,-1.5845236816e+03,1.5064797401e+00,4.6184405684e-01,3.2198382812e+04
2307,2.4725687504e+00,-8.2971192896e-03,-1.5629349365e+03,1.4492758512e+00,4.1044068336e-01,3.2208433594e+04
2308,2.4666609764e+00,-1.7669102550e-01,-1.5758867188e+03,1.4420149326e+00,3.6158844829e-01,3.2217779297e+04
2309,2.4587540627e+00,-3.4297692776e-01,-1.5529812012e+03,1.4820295572e+00,3.6157095432e-01,3.2226750000e+04
2310,2.4490063190e+00,-5.0642442703e-01,-1.5374406738e+03,1.5072102547e+00,2.8444030881e-01,3.2235833984e+04
2311,2.4404139519e+00,-6.6389322281e-01,-1.4962481689e+03,1.4539172649e+00,2.7104476094e-01,3.2243501953e+04
2312,2.4311993122e+00,-8.1568562984e-01,-1.4590611572e+03,1.4184157848e+00,2.0492722094e-01,3.2251107422e+04
2313,2.4198312759e+00,-9.5405852795e-01,-1.4156279297e+03,1.4270700216e+00,1.5264312923e-01,3.2257392578e+04
2314,2.4100465775e+00,-1.0825582743e+00,-1.3596611328e+03,1.4255768061e+00,8.3383865654e-02,3.2262531250e+04
2315,2.3975951672e+00,-1.1970043182e+00,-1.3070355225e+03,1.4156712294e+00,2.3978576064e-02,3.2266640625e+04
2316,2.3852813244e+00,-1.2951804399e+00,-1.2343404541e+03,1.4228576422e+00,-1.2898254208e-03,3.2269130859e+04
2317,2.3731293678e+00,-1.3790075779e+00,-1.1878668213e+03,1.4063143730e+00,-3.4540861845e-02,3.2271150391e+04
2318,2.3605067730e+00,-1.4465036392e+00,-1.1330878906e+03,1.3990032673e+00,-8.2770846784e-02,3.2271933594e+04
2319,2.3450591564e+00,-1.4899941683e+00,-1.0788187256e+03,1.3904314041e+00,-1.2874862552e-01,3.2271046875e+04
2320,2.3304598331e+00,-1.5172520876e+00,-1.0323887939e+03,1.3839949369e+00,-1.9055449963e-01,3.2269318359e+04
2321,2.3169009686e+00,-1.5259102583e+00,-9.8068212891e+02,1.3722257614e+00,-2.5180235505e-01,3.2265539062e+04
2322,2.3031082153e+00,-1.5198550224e+00,-9.5216351318e+02,1.3808550835e+00,-2.7016776800e-01,3.2261126953e+04
2323,2.2899367809e+00,-1.5003545284e+00,-9.1306097412e+02,1.3719836473e+00,-3.2708534598e-01,3.2256300781e+04
2324,2.2782943249e+00,-1.4719773531e+00,-9.0006707764e+02,1.3757358789e+00,-3.6539244652e-01,3.2249482422e+04
2325,2.2690658569e+00,-1.4410483837e+00,-8.7183117676e+02,1.3866800070e+00,-4.3894058466e-01,3.2241708984e+04
2326,2.2627465725e+00,-1.4145172834e+00,-8.5533062744e+02,1.4118673801e+00,-4.4332495332e-01,3.2233423828e+04
2327,2.2585418224e+00,-1.3918160200e+00,-8.5202258301e+02,1.4055221081e+00,-4.8374098539e-01,3.2225537109e+04
2328,2.2576720715e+00,-1.3756811619e+00,-8.4660089111e+02,1.3790680170e+00,-5.3119796515e-01,3.2217259766e+04
2329,2.2590153217e+00,-1.3664891720e+00,-8.4876599121e+02,1.3926727772e+00,-5.2233016491e-01,3.2209644531e+04
2330,2.2624986172e+00,-1.3616970778e+00,-8.5585046387e+02,1.4198573828e+00,-5.6505769491e-01,3.2201601562e+04
2331,2.2674973011e+00,-1.3572562933e+00,-8.5464978027e+02,1.4185993671e+00,-6.4551383257e-01,3.2193822266e+04
2332,2.2745051384e+00,-1.3519487381e+00,-8.5736315918e+02,1.4239016771e+00,-6.2711191177e-01,3.2186982422e+04
2333,2.2823512554e+00,-1.3448706865e+00,-8.6016033936e+02,1.4186794758e+00,-6.0614275932e-01,3.2179408203e+04
2334,2.2915475368e+00,-1.3354777098e+00,-8.7954656982e+02,1.4384914637e+00,-6.5930587053e-01,3.2172992188e+04
2335,2.3029956818e+00,-1.3257958889e+00,-8.8379974365e+02,1.4364426136e+00,-6.9460618496e-01,3.2167232422e+04
2336,2.3146421909e+00,-1.3164229393e+00,-9.0911303711e+02,1.4557625055e+00,-7.2281944752e-01,3.2161535156e+04
2337,2.3280291557e+00,-1.3094298840e+00,-9.3238189697e+02,1.4367735386e+00,-6.6358667612e-01,3.2158005859e+04
2338,2.3430578709e+00,-1.3037112951e+00,-9.6143841553e+02,1.4875018597e+00,-6.8719285727e-01,3.2154546875e+04
2339,2.3607659340e+00,-1.2983362675e+00,-9.9501000977e+02,1.4813451767e+00,-7.2300446033e-01,3.2151707031e+04
2340,2.3791174889e+00,-1.2881147861e+00,-1.0415437012e+03,1.4743523598e+00,-7.1403062344e-01,3.2150488281e+04
2341,2.3956904411e+00,-1.2698192596e+00,-1.0771290283e+03,1.4856209755e+00,-6.8020117283e-01,3.2150248047e+04
2342,2.4134097099e+00,-1.2419228554e+00,-1.1215002441e+03,1.5110293627e+00,-6.8768441677e-01,3.2150232422e+04
2343,2.4281764030e+00,-1.2017636299e+00,-1.1697637939e+03,1.5093189478e+00,-6.6500931978e-01,3.2152109375e+04
2344,2.4424424171e+00,-1.1394480467e+00,-1.2483297119e+03,1.4950027466e+00,-6.6812860966e-01,3.2155320312e+04
2345,2.4546918869e+00,-1.0597381592e+00,-1.2888240967e+03,1.4709820747e+00,-6.6399961710e-01,3.2159123047e+04
2346,2.4626374245e+00,-9.6243691444e-01,-1.3656497803e+03,1.5085556507e+00,-6.1674195528e-01,3.2163787109e+04
2347,2.4687826633e+00,-8.4852558374e-01,-1.4101376953e+03,1.5005677938e+00,-6.0982829332e-01,3.2170486328e+04
2348,2.4763681889e+00,-7.2002989054e-01,-1.4641905518e+03,1.4677987099e+00,-5.7107758522e-01,3.2177199219e+04
2349,2.4767522812e+00,-5.7631367445e-01,-1.5048323975e+03,1.4497573376e+00,-5.6413823366e-01,3.2184853516e+04
2350,2.4771196842e+00,-4.2471906543e-01,-1.5477036133e+03,1.4907008410e+00,-5.0496399403e-01,3.2192716797e+04
2351,2.4760167599e+00,-2.6433488727e-01,-1.5632297363e+03,1.5217765570e+00,-4.8564076424e-01,3.2200328125e+04
2352,2.4718208313e+00,-9.9318072200e-02,-1.5846967773e+03,1.4800772667e+00,-4.4129484892e-01,3.2209140625e+04
2353,2.4674510956e+00,6.7866981030e-02,-1.5877547607e+03,1.4719717503e+00,-4.0726768970e-01,3.2217878906e+04
2354,2.4612524509e+00,2.3475430906e-01,-1.5772623291e+03,1.4554785490e+00,-3.9874908328e-01,3.2226363281e+04
2355,2.4544534683e+00,3.9928355813e-01,-1.5622974854e+03,1.4223535061e+00,-3.1143555045e-01,3.2235066406e+04
2356,2.4465732574e+00,5.5995047092e-01,-1.5340566406e+03,1.3990674019e+00,-2.9122382402e-01,3.2241992188e+04
2357,2.4374198914e+00,7.1094864607e-01,-1.4958621826e+03,1.4397219419e+00,-2.2212600708e-01,3.2248783203e+04
2358,2.4286310673e+00,8.5337126255e-01,-1.4456395264e+03,1.4297189713e+00,-1.8768280745e-01,3.2254457031e+04
2359,2.4188590050e+00,9.8758572340e-01,-1.3816120605e+03,1.4190089703e+00,-1.3627929986e-01,3.2260218750e+04
2360,2.4072494507e+00,1.1090095043e+00,-1.3441000977e+03,1.3841482401e+00,-7.7831037343e-02,3.2264636719e+04
2361,2.3982648849e+00,1.2176849842e+00,-1.2682104492e+03,1.4122189283e+00,-5.4051741958e-02,3.2268072266e+04
2362,2.3841984272e+00,1.3076474667e+00,-1.2260551758e+03,1.3904900551e+00,-4.7586821020e-03,3.2269767578e+04
2363,2.3727505207e+00,1.3808120489e+00,-1.1496688232e+03,1.3767617941e+00,5.2904967219e-02,3.2270927734e+04
2364,2.3616931438e+00,1.4319083691e+00,-1.1074101562e+03,1.3790099621e+00,9.9759064615e-02,3.2271402344e+04
2365,2.3485157490e+00,1.4681936502e+00,-1.0309090576e+03,1.3871643543e+00,1.4432312548e-01,3.2269671875e+04
2366,2.3337981701e+00,1.4880917072e+00,-1.0113028564e+03,1.4023879766e+00,1.7839446664e-01,3.2266855469e+04
2367,2.3196995258e+00,1.4907913208e+00,-9.4372143555e+02,1.4126701355e+00,2.4607513845e-01,3.2263125000e+04
2368,2.3065698147e+00,1.4801182747e+00,-9.2633435059e+02,1.3702132702e+00,3.0677986145e-01,3.2258753906e+04
2369,2.2945265770e+00,1.4621040821e+00,-8.9351440430e+02,1.3812614679e+00,3.2667082548e-01,3.2253355469e+04
2370,2.2838921547e+00,1.4408708811e+00,-8.7699981689e+02,1.3853082657e+00,3.7328177691e-01,3.2247873047e+04
2371,2.2754323483e+00,1.4189711809e+00,-8.4654071045e+02,1.3634077311e+00,3.9224302769e-01,3.2241810547e+04
2372,2.2718434334e+00,1.3986983299e+00,-8.5188116455e+02,1.3857666254e+00,4.5302116871e-01,3.2234906250e+04
2373,2.2703597546e+00,1.3841943741e+00,-8.3960980225e+02,1.3798098564e+00,4.5434692502e-01,3.2227035156e+04
2374,2.2724854946e+00,1.3759745359e+00,-8.2796728516e+02,1.4197158813e+00,5.3930389881e-01,3.2219492188e+04
2375,2.2755401134e+00,1.3710060120e+00,-8.2374566650e+02,1.3994903564e+00,5.5427026749e-01,3.2211873047e+04
2376,2.2813410759e+00,1.3691399097e+00,-8.3213800049e+02,1.4028483629e+00,5.6184649467e-01,3.2205082031e+04
2377,2.2876746655e+00,1.3683748245e+00,-8.4227392578e+02,1.4032571316e+00,6.0587412119e-01,3.2197996094e+04
2378,2.2961599827e+00,1.3654404879e+00,-8.4483270264e+02,1.4116233587e+00,6.2140226364e-01,3.2190722656e+04
2379,2.3052437305e+00,1.3605519533e+00,-8.7326538086e+02,1.4372773170e+00,6.4089751244e-01,3.2184343750e+04
2380,2.3154160976e+00,1.3558295965e+00,-8.7830395508e+02,1.4228050709e+00,6.6975814104e-01,3.2178664062e+04
2381,2.3265759945e+00,1.3518729210e+00,-9.0320916748e+02,1.4383064508e+00,6.8090522289e-01,3.2173132812e+04
2382,2.3405604362e+00,1.3490682840e+00,-9.2194873047e+02,1.4487066269e+00,7.0790570974e-01,3.2168431641e+04
2383,2.3566784859e+00,1.3462052345e+00,-9.4992895508e+02,1.4842498302e+00,6.7674028873e-01,3.2163955078e+04
2384,2.3736851215e+00,1.3459602594e+00,-9.8369091797e+02,1.4804950953e+00,7.2174161673e-01,3.2160505859e+04
2385,2.3930592537e+00,1.3393840790e+00,-1.0151968384e+03,1.4682190418e+00,7.1156370640e-01,3.2157685547e+04
2386,2.4121005535e+00,1.3246899843e+00,-1.0528992920e+03,1.4772884846e+00,6.7591524124e-01,3.2155861328e+04
2387,2.4303848743e+00,1.3019131422e+00,-1.0965004883e+03,1.4761042595e+00,6.8811434507e-01,3.2154531250e+04
2388,2.4462044239e+00,1.2621009350e+00,-1.1596215820e+03,1.5043084621e+00,6.9714242220e-01,3.2154667969e+04
2389,2.4642426968e+00,1.2025612593e+00,-1.2111667480e+03,1.4871990681e+00,6.6050124168e-01,3.2156189453e+04
2390,2.4791376591e+00,1.1238396168e+00,-1.2628527832e+03,1.4810582399e+00,6.2077069283e-01,3.2158941406e+04
2391,2.4901559353e+00,1.0300394297e+00,-1.3393620605e+03,1.4911209345e+00,6.2120264769e-01,3.2161605469e+04
2392,2.4976959229e+00,9.1788327694e-01,-1.3853284912e+03,1.4896645546e+00,5.9968411922e-01,3.2165855469e+04
2393,2.5042707920e+00,7.8646606207e-01,-1.4418850098e+03,1.4948617220e+00,5.8823740482e-01,3.2171195312e+04
2394,2.5090553761e+00,6.4185941219e-01,-1.4841898193e+03,1.4921982288e+00,5.8295774460e-01,3.2176914062e+04
2395,2.5103967190e+00,4.8872131109e-01,-1.5283981934e+03,1.4929760695e+00,5.2080351114e-01,3.2183636719e+04
2396,2.5095112324e+00,3.2799673080e-01,-1.5500783691e+03,1.4607638121e+00,4.7919258475e-01,3.2189917969e+04
2397,2.5063600540e+00,1.6205592453e-01,-1.5771005859e+03,1.5076550245e+00,4.7119769454e-01,3.2197640625e+04
2398,2.5020074844e+00,-6.5228752792e-03,-1.5749483643e+03,1.4800620079e+00,4.1166183352e-01,3.2204939453e+04
2399,2.4956452847e+00,-1.7540670931e-01,-1.5733033447e+03,1.4954211712e+00,4.1586288810e-01,3.2213177734e+04
2400,2.4888329506e+00,-3.4243288636e-01,-1.5592281494e+03,1.4554150105e+00,3.4612557292e-01,3.2220976562e+04
2401,2.4809870720e+00,-5.0612574816e-01,-1.5219329834e+03,1.4452780485e+00,2.9951155186e-01,3.2228667969e+04
2402,2.4719514847e+00,-6.6518253088e-01,-1.5022369385e+03,1.4352412224e+00,2.6466590166e-01,3.2236751953e+04
2403,2.4618186951e+00,-8.1455814838e-01,-1.4496794434e+03,1.4254132509e+00,2.1456192434e-01,3.2242710938e+04
2404,2.4507308006e+00,-9.5565712452e-01,-1.4028752441e+03,1.4140096903e+00,1.7736664414e-01,3.2249146484e+04
2405,2.4403107166e+00,-1.0875802040e+00,-1.3400819092e+03,1.4405694008e+00,1.1606422067e-01,3.2254285156e+04
2406,2.4279050827e+00,-1.2013627291e+00,-1.2762471924e+03,1.4129290581e+00,9.2331543565e-02,3.2258218750e+04
2407,2.4160363674e+00,-1.2996493578e+00,-1.2170996094e+03,1.4168683290e+00,1.0093078949e-02,3.2262281250e+04
2408,2.4007067680e+00,-1.3810194731e+00,-1.1569650879e+03,1.4055618048e+00,-1.5620346181e-02,3.2263808594e+04
2409,2.3853943348e+00,-1.4439992905e+00,-1.1080483398e+03,1.3910757303e+00,-7.9449616373e-02,3.2265945312e+04
2410,2.3720252514e+00,-1.4885195494e+00,-1.0432519531e+03,1.3727489710e+00,-1.3216666877e-01,3.2266490234e+04
2411,2.3590352535e+00,-1.5151889324e+00,-9.9980426025e+02,1.3972581625e+00,-1.7156501114e-01,3.2265138672e+04
2412,2.3445520401e+00,-1.5212333202e+00,-9.5769885254e+02,1.3873144388e+00,-1.8846976757e-01,3.2262929688e+04
2413,2.3300318718e+00,-1.5130505562e+00,-9.1067602539e+02,1.3916937113e+00,-2.8160339594e-01,3.2259714844e+04
2414,2.3138308525e+00,-1.4908381701e+00,-8.8552557373e+02,1.3896670341e+00,-2.7388542891e-01,3.2255675781e+04
2415,2.3025903702e+00,-1.4607549906e+00,-8.5124450684e+02,1.4106445312e+00,-3.1842482090e-01,3.2250605469e+04
2416,2.2933351994e+00,-1.4276505709e+00,-8.3748303223e+02,1.3857749701e+00,-3.6360251904e-01,3.2245050781e+04
2417,2.2849562168e+00,-1.4015761614e+00,-8.3847961426e+02,1.3718487024e+00,-4.4583076239e-01,3.2238984375e+04
2418,2.2806770802e+00,-1.3759970665e+00,-8.2745440674e+02,1.3674906492e+00,-4.5894715190e-01,3.2232906250e+04
2419,2.2794487476e+00,-1.3585085869e+00,-8.2011315918e+02,1.3946975470e+00,-5.1116049290e-01,3.2225847656e+04
2420,2.2818205357e+00,-1.3476777077e+00,-8.1487481689e+02,1.4036788940e+00,-5.2449929714e-01,3.2218919922e+04
2421,2.2858355045e+00,-1.3408714533e+00,-8.2619763184e+02,1.4012331963e+00,-5.5227851868e-01,3.2211351562e+04
2422,2.2908113003e+00,-1.3369604349e+00,-8.2503466797e+02,1.4079961777e+00,-5.8462387323e-01,3.2205242188e+04
2423,2.2977023125e+00,-1.3314043283e+00,-8.3864257812e+02,1.4294606447e+00,-6.2327456474e-01,3.2197730469e+04
2424,2.3064336777e+00,-1.3249372244e+00,-8.4447192383e+02,1.4719206095e+00,-6.4098089933e-01,3.2190867188e+04
2425,2.3153729439e+00,-1.3161036968e+00,-8.6309613037e+02,1.4680637121e+00,-6.4514344931e-01,3.2184974609e+04
2426,2.3261852264e+00,-1.3058184385e+00,-8.8051348877e+02,1.4513920546e+00,-6.3531637192e-01,3.2178904297e+04
2427,2.3392450809e+00,-1.2975978851e+00,-9.0668542480e+02,1.4272887707e+00,-6.8170410395e-01,3.2173519531e+04
2428,2.3527531624e+00,-1.2924665213e+00,-9.3502325439e+02,1.4609951973e+00,-7.0567983389e-01,3.2167855469e+04
2429,2.3691318035e+00,-1.2890034914e+00,-9.6100286865e+02,1.4690947533e+00,-6.8877029419e-01,3.2163306641e+04
2430,2.3866558075e+00,-1.2848665714e+00,-9.9436883545e+02,1.4596172571e+00,-6.8188691139e-01,3.2160388672e+04
2431,2.4051980972e+00,-1.2755826712e+00,-1.0347404785e+03,1.4765695333e+00,-6.8188065290e-01,3.2157373047e+04
2432,2.4236643314e+00,-1.2605347633e+00,-1.0851696777e+03,1.5095132589e+00,-6.8468213081e-01,3.2155037109e+04
2433,2.4432494640e+00,-1.2339446545e+00,-1.1179838867e+03,1.4974319935e+00,-6.6877198219e-01,3.2153660156e+04
2434,2.4601547718e+00,-1.1905128956e+00,-1.1931566162e+03,1.5111042261e+00,-6.5554308891e-01,3.2153347656e+04
2435,2.4763746262e+00,-1.1299123764e+00,-1.2271192627e+03,1.5117298365e+00,-6.6850018501e-01,3.2154429688e+04
2436,2.4904863834e+00,-1.0479483604e+00,-1.3020758057e+03,1.4904693365e+00,-6.5888673067e-01,3.2155929688e+04
2437,2.5003802776e+00,-9.4930946827e-01,-1.3532447510e+03,1.5122799873e+00,-6.4576399326e-01,3.2159175781e+04
2438,2.5088126659e+00,-8.3633023500e-01,-1.4083347168e+03,1.5090175867e+00,-5.9900015593e-01,3.2163224609e+04
2439,2.5135378838e+00,-7.0758396387e-01,-1.4597042236e+03,1.4993624687e+00,-5.6823736429e-01,3.2167798828e+04
2440,2.5171854496e+00,-5.6645190716e-01,-1.4895788574e+03,1.4772714376e+00,-5.3291386366e-01,3.2174177734e+04
2441,2.5172719955e+00,-4.1549956799e-01,-1.5302041016e+03,1.5002431870e+00,-5.1966047287e-01,3.2180970703e+04
2442,2.5151929855e+00,-2.5837016106e-01,-1.5496427002e+03,1.4846996069e+00,-4.9650284648e-01,3.2188521484e+04
2443,2.5099058151e+00,-9.5717370510e-02,-1.5652281494e+03,1.4383416176e+00,-4.6712478995e-01,3.2195832031e+04
2444,2.5043022633e+00,6.8968042731e-02,-1.5607271729e+03,1.4706337452e+00,-4.2463052273e-01,3.2203980469e+04
2445,2.4966723919e+00,2.3351490498e-01,-1.5489644775e+03,1.4881253242e+00,-3.6112099886e-01,3.2211759766e+04
2446,2.4873454571e+00,3.9653122425e-01,-1.5201580811e+03,1.4630160332e+00,-3.4866654873e-01,3.2219447266e+04
2447,2.4763762951e+00,5.5356734991e-01,-1.4977838135e+03,1.4518743753e+00,-2.8608781099e-01,3.2227458984e+04
2448,2.4648311138e+00,7.0299154520e-01,-1.4526195068e+03,1.4564181566e+00,-2.3498459160e-01,3.2235472656e+04
2449,2.4540126324e+00,8.4612619877e-01,-1.4111103516e+03,1.4071338177e+00,-2.0338691771e-01,3.2242634766e+04
2450,2.4417521954e+00,9.8040294647e-01,-1.3586953125e+03,1.4211677313e+00,-1.4692962170e-01,3.2249117188e+04
2451,2.4298734665e+00,1.1031551361e+00,-1.3013675537e+03,1.4069708586e+00,-1.0078147799e-01,3.2253613281e+04
2452,2.4167671204e+00,1.2086668015e+00,-1.2417897949e+03,1.4433079958e+00,-7.4931792915e-02,3.2257755859e+04
2453,2.4039959908e+00,1.2959032059e+00,-1.1695244141e+03,1.4328260422e+00,-1.7426833510e-02,3.2260687500e+04
2454,2.3905262947e+00,1.3641506433e+00,-1.1205258789e+03,1.3969531059e+00,4.5123137534e-02,3.2263248047e+04
2455,2.3770437241e+00,1.4176927805e+00,-1.0441434326e+03,1.3865530491e+00,9.7644574940e-02,3.2264859375e+04
2456,2.3615920544e+00,1.4495669603e+00,-1.0166411743e+03,1.3699014187e+00,1.4038719237e-01,3.2264539062e+04
2457,2.3447377682e+00,1.4675499201e+00,-9.5995458984e+02,1.4063165188e+00,2.0356452465e-01,3.2262589844e+04
2458,2.3299758434e+00,1.4693849087e+00,-9.1279907227e+02,1.3900169134e+00,2.2130477428e-01,3.2260455078e+04
2459,2.3145897388e+00,1.4586372375e+00,-8.7971307373e+02,1.3686887026e+00,2.8271675110e-01,3.2257705078e+04
2460,2.3003523350e+00,1.4402785301e+00,-8.5995898438e+02,1.3572691679e+00,3.2203292847e-01,3.2254107422e+04
2461,2.2875108719e+00,1.4155665636e+00,-8.5264373779e+02,1.3919165134e+00,3.7338623405e-01,3.2249451172e+04
2462,2.2787961960e+00,1.3907439709e+00,-8.2412402344e+02,1.3586517572e+00,4.0318450332e-01,3.2243386719e+04
2463,2.2721970081e+00,1.3714276552e+00,-8.2017352295e+02,1.4039061069e+00,4.2722535133e-01,3.2236841797e+04
2464,2.2623810768e+00,1.3599883318e+00,-8.0136804199e+02,1.3770965338e+00,4.5470976830e-01,3.2230435547e+04
2465,2.2622663975e+00,1.3504637480e+00,-8.1091564941e+02,1.4322521687e+00,5.3726631403e-01,3.2223144531e+04
2466,2.2670521736e+00,1.3438854218e+00,-8.0553826904e+02,1.3932281733e+00,5.4364210367e-01,3.2215476562e+04
2467,2.2739205360e+00,1.3430644274e+00,-8.1413452148e+02,1.3784273863e+00,5.8229535818e-01,3.2208611328e+04
2468,2.2803609371e+00,1.3461951017e+00,-8.2694165039e+02,1.3977488279e+00,5.9974360466e-01,3.2201582031e+04
2469,2.2865610123e+00,1.3486800194e+00,-8.3650866699e+02,1.4391517639e+00,6.2854242325e-01,3.2193433594e+04
2470,2.2943637371e+00,1.3491806984e+00,-8.3923138428e+02,1.4513671398e+00,6.1826485395e-01,3.2187279297e+04
2471,2.3036544323e+00,1.3445384502e+00,-8.6802655029e+02,1.4567480087e+00,6.4852762222e-01,3.2180253906e+04
2472,2.3130631447e+00,1.3383225203e+00,-8.7690112305e+02,1.4262691736e+00,6.5767812729e-01,3.2174691406e+04
2473,2.3265211582e+00,1.3318278790e+00,-8.9951654053e+02,1.4614343643e+00,6.7217773199e-01,3.2168281250e+04
2474,2.3420472145e+00,1.3273390532e+00,-9.2871905518e+02,1.4610769749e+00,7.1519589424e-01,3.2163859375e+04
2475,2.3589892387e+00,1.3257989883e+00,-9.5402709961e+02,1.4311814308e+00,7.1809297800e-01,3.2159371094e+04
2476,2.3766484261e+00,1.3257929087e+00,-9.8650347900e+02,1.4529136419e+00,6.9221192598e-01,3.2155564453e+04
2477,2.3926949501e+00,1.3202775717e+00,-1.0290523682e+03,1.5018142462e+00,7.1047455072e-01,3.2152828125e+04
2478,2.4069705009e+00,1.3029564619e+00,-1.0751359863e+03,1.4847966433e+00,7.0516860485e-01,3.2151736328e+04
2479,2.4219493866e+00,1.2708456516e+00,-1.1263726807e+03,1.4712455273e+00,6.7633932829e-01,3.2150964844e+04
2480,2.4403512478e+00,1.2251789570e+00,-1.1873298340e+03,1.5057351589e+00,6.7224997282e-01,3.2150458984e+04
2481,2.4549498558e+00,1.1592907906e+00,-1.2341138916e+03,1.4923744202e+00,6.5367752314e-01,3.2151521484e+04
2482,2.4665842056e+00,1.0716389418e+00,-1.2991779785e+03,1.4883319139e+00,6.1975830793e-01,3.2154728516e+04
2483,2.4766495228e+00,9.6884739399e-01,-1.3637034912e+03,1.4846374989e+00,6.2393498421e-01,3.2158580078e+04
2484,2.4837193489e+00,8.5214751959e-01,-1.4224412842e+03,1.5064028502e+00,6.0077363253e-01,3.2163406250e+04
2485,2.4892513752e+00,7.2143244743e-01,-1.4627166748e+03,1.4903045893e+00,5.5115610361e-01,3.2168968750e+04
2486,2.4905161858e+00,5.7700419426e-01,-1.5012175293e+03,1.4911690950e+00,5.1647251844e-01,3.2175039062e+04
2487,2.4894752502e+00,4.2225798965e-01,-1.5408742676e+03,1.4647724628e+00,4.7597125173e-01,3.2182027344e+04
2488,2.4858973026e+00,2.6016190648e-01,-1.5608052979e+03,1.5001293421e+00,4.6919977665e-01,3.2188814453e+04
2489,2.4812204838e+00,9.4840303063e-02,-1.5753173828e+03,1.4974604845e+00,4.4199424982e-01,3.2196777344e+04
2490,2.4743673801e+00,-7.2567656636e-02,-1.5774831543e+03,1.4565138817e+00,4.2359793186e-01,3.2205066406e+04
2491,2.4671111107e+00,-2.4056416750e-01,-1.5819437256e+03,1.4327077866e+00,3.5102316737e-01,3.2213402344e+04
2492,2.4577858448e+00,-4.0557542443e-01,-1.5572967529e+03,1.4318853617e+00,3.1913116574e-01,3.2221750000e+04
2493,2.4472455978e+00,-5.6534075737e-01,-1.5300255127e+03,1.4407303333e+00,2.8716453910e-01,3.2229501953e+04
2494,2.4358596802e+00,-7.2046291828e-01,-1.4980631104e+03,1.4392600060e+00,2.1597915888e-01,3.2236617188e+04
2495,2.4245796204e+00,-8.6573565006e-01,-1.4477551270e+03,1.4245012999e+00,1.9290466607e-01,3.2243585938e+04
2496,2.4135057926e+00,-1.0003558397e+00,-1.3939449463e+03,1.3901705742e+00,1.2270500511e-01,3.2249869141e+04
2497,2.4025764465e+00,-1.1254738569e+00,-1.3231665039e+03,1.4286704063e+00,9.1573029757e-02,3.2254617188e+04
2498,2.3902821541e+00,-1.2360913754e+00,-1.2684454346e+03,1.4144085646e+00,6.0390014201e-02,3.2258511719e+04
2499,2.3754754066e+00,-1.3277245760e+00,-1.2125001221e+03,1.4079202414e+00,-4.0264893323e-03,3.2261550781e+04
2500,2.3629920483e+00,-1.4031605721e+00,-1.1348887939e+03,1.3600791693e+00,-4.9718476832e-02,3.2264410156e+04
2501,2.3479037285e+00,-1.4619398117e+00,-1.0956827393e+03,1.3666430712e+00,-1.2200821191e-01,3.2264253906e+04
2502,2.3324904442e+00,-1.5007178783e+00,-1.0238782959e+03,1.3895690441e+00,-1.6801750660e-01,3.2263470703e+04
2503,2.3173220158e+00,-1.5195630789e+00,-9.9605572510e+02,1.3964812756e+00,-1.9972282648e-01,3.2261505859e+04
2504,2.3013362885e+00,-1.5178084373e+00,-9.5215423584e+02,1.3688385487e+00,-2.3373115063e-01,3.2258599609e+04
2505,2.2875401974e+00,-1.5045926571e+00,-9.0692755127e+02,1.3822534084e+00,-3.0223327875e-01,3.2255042969e+04
2506,2.2745084763e+00,-1.4822071791e+00,-8.9064306641e+02,1.3691235781e+00,-3.4392219782e-01,3.2250371094e+04
2507,2.2626924515e+00,-1.4523602724e+00,-8.6192407227e+02,1.4145998955e+00,-3.5412347317e-01,3.2244271484e+04
2508,2.2540447712e+00,-1.4222447872e+00,-8.5167340088e+02,1.3501117229e+00,-4.0291899443e-01,3.2237578125e+04
2509,2.2482428551e+00,-1.3954790831e+00,-8.4636999512e+02,1.3857821226e+00,-4.7469735146e-01,3.2231050781e+04
2510,2.2438144684e+00,-1.3740466833e+00,-8.2463110352e+02,1.4108972549e+00,-4.9959921837e-01,3.2223552734e+04
2511,2.2433152199e+00,-1.3603906631e+00,-8.1899102783e+02,1.3799573183e+00,-5.1424980164e-01,3.2215992188e+04
2512,2.2453770638e+00,-1.3527805805e+00,-8.2809014893e+02,1.3981631994e+00,-5.5442827940e-01,3.2208658203e+04
2513,2.2500445843e+00,-1.3503435850e+00,-8.2512280273e+02,1.4205263853e+00,-5.5969566107e-01,3.2200324219e+04
2514,2.2551863194e+00,-1.3482719660e+00,-8.3386572266e+02,1.4314486980e+00,-6.0139197111e-01,3.2192318359e+04
2515,2.2631697655e+00,-1.3446017504e+00,-8.3508044434e+02,1.3882207870e+00,-6.6551786661e-01,3.2185929688e+04
2516,2.2678101063e+00,-1.3386187553e+00,-8.5759350586e+02,1.4380552769e+00,-6.6832137108e-01,3.2178359375e+04
2517,2.2770514488e+00,-1.3289773464e+00,-8.6987927246e+02,1.4138189554e+00,-6.5608459711e-01,3.2171394531e+04
2518,2.2866947651e+00,-1.3176417351e+00,-8.8448162842e+02,1.4493148327e+00,-6.8521654606e-01,3.2165177734e+04
2519,2.2995264530e+00,-1.3070768118e+00,-9.0185119629e+02,1.4470325708e+00,-6.6479521990e-01,3.2159839844e+04
2520,2.3134558201e+00,-1.3004243374e+00,-9.3156573486e+02,1.4623528719e+00,-7.0214521885e-01,3.2154253906e+04
2521,2.3275084496e+00,-1.2951279879e+00,-9.5661663818e+02,1.5004981756e+00,-7.2725522518e-01,3.2150078125e+04
2522,2.3435556889e+00,-1.2892271280e+00,-9.8743048096e+02,1.4590324163e+00,-6.9102168083e-01,3.2146916016e+04
2523,2.3606700897e+00,-1.2818151712e+00,-1.0252531738e+03,1.4545840025e+00,-6.6990333796e-01,3.2144472656e+04
2524,2.3794240952e+00,-1.2681698799e+00,-1.0844147949e+03,1.5062774420e+00,-6.8778109550e-01,3.2142960938e+04
2525,2.3956267834e+00,-1.2436866760e+00,-1.1258500977e+03,1.5071804523e+00,-6.9880890846e-01,3.2142966797e+04
2526,2.4099514484e+00,-1.2044553757e+00,-1.1822025146e+03,1.4919167757e+00,-6.5995198488e-01,3.2143740234e+04
2527,2.4240570068e+00,-1.1446375847e+00,-1.2293045654e+03,1.5250512362e+00,-6.6844004393e-01,3.2146705078e+04
2528,2.4339759350e+00,-1.0657390356e+00,-1.2900852051e+03,1.4824457169e+00,-6.6970181465e-01,3.2150009766e+04
2529,2.4421908855e+00,-9.7146427631e-01,-1.3591916504e+03,1.4807766676e+00,-6.1606162786e-01,3.2154912109e+04
2530,2.4471561909e+00,-8.5966849327e-01,-1.4087474365e+03,1.4923095703e+00,-6.0189294815e-01,3.2160791016e+04
2531,2.4522535801e+00,-7.3448902369e-01,-1.4657800293e+03,1.4643807411e+00,-5.4678684473e-01,3.2167402344e+04
2532,2.4533011913e+00,-5.9448218346e-01,-1.5154429932e+03,1.5085275173e+00,-5.5301606655e-01,3.2173980469e+04
2533,2.4532499313e+00,-4.4317427278e-01,-1.5410883789e+03,1.5225698948e+00,-5.1244884729e-01,3.2181578125e+04
2534,2.4508721828e+00,-2.8302758932e-01,-1.5667495117e+03,1.4888461828e+00,-4.9238550663e-01,3.2190984375e+04
2535,2.4462678432e+00,-1.1965256929e-01,-1.5893416748e+03,1.4392439127e+00,-4.3315193057e-01,3.2199257812e+04
2536,2.4419348240e+00,4.6299584210e-02,-1.6067608643e+03,1.4437766075e+00,-4.0441048145e-01,3.2208978516e+04
2537,2.4361472130e+00,2.1303923428e-01,-1.5941846924e+03,1.4565232992e+00,-3.5889062285e-01,3.2217798828e+04
2538,2.4298000336e+00,3.7842184305e-01,-1.5830061035e+03,1.4774801731e+00,-2.8313666582e-01,3.2225750000e+04
2539,2.4224328995e+00,5.3874385357e-01,-1.5497320557e+03,1.4422538280e+00,-2.5944840908e-01,3.2233335938e+04
2540,2.4147503376e+00,6.9134289026e-01,-1.4994312744e+03,1.4399780035e+00,-2.3283241689e-01,3.2240873047e+04
2541,2.4075298309e+00,8.3624404669e-01,-1.4646146240e+03,1.4388235807e+00,-1.8350173533e-01,3.2247898438e+04
2542,2.3976423740e+00,9.7120571136e-01,-1.4125960693e+03,1.4200003147e+00,-1.5226753056e-01,3.2253039062e+04
2543,2.3879656792e+00,1.0939068794e+00,-1.3670598145e+03,1.4358901978e+00,-8.7990649045e-02,3.2257957031e+04
2544,2.3778483868e+00,1.2052117586e+00,-1.3002182617e+03,1.4179530144e+00,-5.6491013616e-02,3.2262337891e+04
2545,2.3654317856e+00,1.3000444174e+00,-1.2502203369e+03,1.3730914593e+00,1.3306961395e-02,3.2264609375e+04
2546,2.3570563793e+00,1.3734523058e+00,-1.1763341064e+03,1.3992730379e+00,7.3951415718e-02,3.2265865234e+04
2547,2.3450844288e+00,1.4322291613e+00,-1.1245661621e+03,1.3977545500e+00,9.4146117568e-02,3.2266074219e+04
2548,2.3340158463e+00,1.4708896875e+00,-1.0637497559e+03,1.4070913792e+00,1.5875968337e-01,3.2264660156e+04
2549,2.3212296963e+00,1.4928227663e+00,-1.0222802124e+03,1.3793743849e+00,2.0700225234e-01,3.2262699219e+04
2550,2.3080897331e+00,1.4981203079e+00,-9.6512542725e+02,1.3708513975e+00,2.3125572503e-01,3.2259220703e+04
2551,2.2957124710e+00,1.4906407595e+00,-9.4249530029e+02,1.3511319160e+00,3.0077821016e-01,3.2253822266e+04
2552,2.2843880653e+00,1.4741889238e+00,-9.0936425781e+02,1.3949062824e+00,3.3120596409e-01,3.2248562500e+04
2553,2.2747893333e+00,1.4513421059e+00,-8.8214117432e+02,1.3918963671e+00,3.8251343369e-01,3.2242041016e+04
2554,2.2673480511e+00,1.4285650253e+00,-8.6932781982e+02,1.3919186592e+00,4.1978606582e-01,3.2235712891e+04
2555,2.2623481750e+00,1.4090464115e+00,-8.5918988037e+02,1.3644266129e+00,4.7021353245e-01,3.2228460938e+04
2556,2.2617478371e+00,1.3947060108e+00,-8.4828674316e+02,1.4058506489e+00,4.6499335766e-01,3.2220755859e+04
2557,2.2624356747e+00,1.3853654861e+00,-8.5025720215e+02,1.3890156746e+00,5.3277647495e-01,3.2213335938e+04
2558,2.2670652866e+00,1.3794611692e+00,-8.3774993896e+02,1.3991649151e+00,5.3595137596e-01,3.2205857422e+04
2559,2.2729835510e+00,1.3774734735e+00,-8.5047692871e+02,1.4310542345e+00,5.8510172367e-01,3.2198865234e+04
2560,2.2808458805e+00,1.3748912811e+00,-8.4119403076e+02,1.4221268892e+00,6.3981223106e-01,3.2191324219e+04
2561,2.2895009518e+00,1.3706012964e+00,-8.5348840332e+02,1.4128198624e+00,6.3464766741e-01,3.2183675781e+04
2562,2.2991366386e+00,1.3647623062e+00,-8.6089361572e+02,1.4327868223e+00,6.3345927000e-01,3.2177345703e+04
2563,2.3115382195e+00,1.3584058285e+00,-8.6642694092e+02,1.4207391739e+00,6.8479192257e-01,3.2170675781e+04
2564,2.3218588829e+00,1.3525555134e+00,-9.0488336182e+02,1.4523887634e+00,6.8016046286e-01,3.2164105469e+04
2565,2.3355278969e+00,1.3481801748e+00,-9.0756103516e+02,1.4381086826e+00,6.7602956295e-01,3.2159398438e+04
2566,2.3512375355e+00,1.3457763195e+00,-9.3804443359e+02,1.4793096781e+00,6.9141912460e-01,3.2154326172e+04
2567,2.3706538677e+00,1.3416260481e+00,-9.6600006104e+02,1.4850564003e+00,7.3256468773e-01,3.2150695312e+04
2568,2.3901600838e+00,1.3348596096e+00,-1.0081275635e+03,1.4787268639e+00,6.9456934929e-01,3.2147843750e+04
2569,2.4086570740e+00,1.3236081600e+00,-1.0369687500e+03,1.4711315632e+00,6.9038003683e-01,3.2145943359e+04
2570,2.4261023998e+00,1.3007011414e+00,-1.0990646973e+03,1.5041549206e+00,7.1350842714e-01,3.2145183594e+04
2571,2.4454727173e+00,1.2619861364e+00,-1.1275704346e+03,1.4959183931e+00,7.0959985256e-01,3.2145300781e+04
2572,2.4612736702e+00,1.2084411383e+00,-1.1967322998e+03,1.4951105118e+00,6.9590455294e-01,3.2146923828e+04
2573,2.4760627747e+00,1.1376768351e+00,-1.2436401367e+03,1.4988791943e+00,6.7001414299e-01,3.2148779297e+04
2574,2.4904868603e+00,1.0423620939e+00,-1.2963297119e+03,1.5065768957e+00,6.6141158342e-01,3.2152949219e+04
2575,2.5008666515e+00,9.3002068996e-01,-1.3452946777e+03,1.4934381247e+00,6.3181030750e-01,3.2158224609e+04
2576,2.5047891140e+00,8.0650120974e-01,-1.4121530762e+03,1.4860595465e+00,5.9660768509e-01,3.2164128906e+04
2577,2.5102763176e+00,6.6795361042e-01,-1.4423695068e+03,1.4831043482e+00,5.5695241690e-01,3.2170978516e+04
2578,2.5136709213e+00,5.1804685593e-01,-1.4993208008e+03,1.5067300797e+00,5.4489707947e-01,3.2178582031e+04
2579,2.5153274536e+00,3.5876774788e-01,-1.5062491455e+03,1.4637637138e+00,5.0551736355e-01,3.2186654297e+04
2580,2.5128991604e+00,1.9336095452e-01,-1.5433250732e+03,1.4919477701e+00,4.7363632917e-01,3.2195474609e+04
2581,2.5089006424e+00,2.5899022818e-02,-1.5427138672e+03,1.4772874117e+00,4.2180868983e-01,3.2204146484e+04
2582,2.5033545494e+00,-1.4237248898e-01,-1.5477200928e+03,1.4778393507e+00,3.9440101385e-01,3.2213230469e+04
2583,2.4953920841e+00,-3.1110191345e-01,-1.5289162598e+03,1.4547348022e+00,3.6478614807e-01,3.2221306641e+04
2584,2.4861741066e+00,-4.7648659348e-01,-1.5141108398e+03,1.4195955992e+00,3.1180137396e-01,3.2230025391e+04
2585,2.4757790565e+00,-6.3561230898e-01,-1.4862084961e+03,1.4467500448e+00,2.5782090425e-01,3.2237732422e+04
2586,2.4649651051e+00,-7.8530383110e-01,-1.4427863770e+03,1.4500458241e+00,2.4446707964e-01,3.2244818359e+04
2587,2.4551365376e+00,-9.2780226469e-01,-1.3938839111e+03,1.4505562782e+00,1.8893134594e-01,3.2251126953e+04
2588,2.4445304871e+00,-1.0605405569e+00,-1.3347092285e+03,1.4395935535e+00,1.2073554844e-01,3.2256455078e+04
2589,2.4324996471e+00,-1.1779030561e+00,-1.2895235596e+03,1.4173735380e+00,6.6519699991e-02,3.2260986328e+04
2590,2.4187443256e+00,-1.2791620493e+00,-1.2312846680e+03,1.4225810766e+00,4.1527174413e-02,3.2264869141e+04
2591,2.4061114788e+00,-1.3635576963e+00,-1.1614494629e+03,1.3669346571e+00,-6.2034681439e-02,3.2266683594e+04
2592,2.3886008263e+00,-1.4278665781e+00,-1.1067332764e+03,1.3773245811e+00,-6.3329085708e-02,3.2267287109e+04
2593,2.3725664616e+00,-1.4747891426e+00,-1.0441691895e+03,1.4278516769e+00,-9.5287933946e-02,3.2266478516e+04
2594,2.3584237099e+00,-1.5088787079e+00,-1.0045888672e+03,1.3844360113e+00,-1.6195930541e-01,3.2265085938e+04
2595,2.3429884911e+00,-1.5189874172e+00,-9.6227185059e+02,1.3846600056e+00,-2.0050537586e-01,3.2261949219e+04
2596,2.3256704807e+00,-1.5106337070e+00,-9.2700134277e+02,1.3694932461e+00,-2.3069733381e-01,3.2257832031e+04
2597,2.3122701645e+00,-1.4905165434e+00,-8.9850433350e+02,1.3626459837e+00,-2.9190719128e-01,3.2252708984e+04
2598,2.3001639843e+00,-1.4633672237e+00,-8.7571356201e+02,1.3972523212e+00,-3.2719489932e-01,3.2247578125e+04
2599,2.2893791199e+00,-1.4334260225e+00,-8.5557794189e+02,1.3694317341e+00,-3.7111532688e-01,3.2242167969e+04
2600,2.2810456753e+00,-1.4053124189e+00,-8.4540484619e+02,1.3812310696e+00,-4.3492996693e-01,3.2235480469e+04
2601,2.2748959064e+00,-1.3808543682e+00,-8.4439849854e+02,1.3797575235e+00,-4.3680709600e-01,3.2228621094e+04
2602,2.2744846344e+00,-1.3638832569e+00,-8.2462725830e+02,1.4056588411e+00,-4.8369491100e-01,3.2221371094e+04
2603,2.2757654190e+00,-1.3524502516e+00,-8.3379754639e+02,1.3941521645e+00,-5.4770731926e-01,3.2214292969e+04
2604,2.2785022259e+00,-1.3466272354e+00,-8.2060864258e+02,1.3708859682e+00,-5.8311623335e-01,3.2206894531e+04
2605,2.2844815254e+00,-1.3434908390e+00,-8.3268243408e+02,1.4177796841e+00,-5.8644509315e-01,3.2200074219e+04
2606,2.2905743122e+00,-1.3381559849e+00,-8.3209204102e+02,1.4086776972e+00,-5.8817803860e-01,3.2192375000e+04
2607,2.2970864773e+00,-1.3305139542e+00,-8.5062860107e+02,1.4607300758e+00,-6.2293833494e-01,3.2186011719e+04
2608,2.3064217567e+00,-1.3222483397e+00,-8.6411273193e+02,1.4437335730e+00,-6.4152044058e-01,3.2179796875e+04
2609,2.3162198067e+00,-1.3124352694e+00,-8.8149975586e+02,1.4061574936e+00,-6.7513030767e-01,3.2174564453e+04
2610,2.3272039890e+00,-1.3038153648e+00,-9.1302099609e+02,1.4269238710e+00,-6.9145196676e-01,3.2169115234e+04
2611,2.3392796516e+00,-1.2950066328e+00,-9.2998876953e+02,1.4568829536e+00,-7.0841944218e-01,3.2164140625e+04
2612,2.3546438217e+00,-1.2894726992e+00,-9.6286517334e+02,1.4891084433e+00,-7.1021306515e-01,3.2160105469e+04
2613,2.3705897331e+00,-1.2857195139e+00,-9.9793572998e+02,1.4837594032e+00,-6.9717043638e-01,3.2156687500e+04
2614,2.3896627426e+00,-1.2749863863e+00,-1.0240175781e+03,1.4541946650e+00,-6.8272691965e-01,3.2155093750e+04
2615,2.4083507061e+00,-1.2626824379e+00,-1.0839002686e+03,1.4664809704e+00,-7.0295667648e-01,3.2153714844e+04
2616,2.4249696732e+00,-1.2381978035e+00,-1.1324431152e+03,1.4884350300e+00,-7.0459794998e-01,3.2152568359e+04
2617,2.4407868385e+00,-1.2002116442e+00,-1.1858455811e+03,1.5034006834e+00,-6.7325240374e-01,3.2152880859e+04
2618,2.4548654556e+00,-1.1422475576e+00,-1.2308468018e+03,1.5078066587e+00,-6.7464643717e-01,3.2154363281e+04
2619,2.4671704769e+00,-1.0626364946e+00,-1.3015267334e+03,1.4734153748e+00,-6.6269028187e-01,3.2155933594e+04
2620,2.4789142609e+00,-9.6131235361e-01,-1.3578568115e+03,1.4974349737e+00,-6.5080416203e-01,3.2159425781e+04
2621,2.4864931107e+00,-8.4925657511e-01,-1.4036751709e+03,1.4896538258e+00,-5.8673733473e-01,3.2163863281e+04
2622,2.4901018143e+00,-7.2369241714e-01,-1.4680491943e+03,1.4870196581e+00,-5.7175165415e-01,3.2169066406e+04
2623,2.4911348820e+00,-5.8292168379e-01,-1.5158242188e+03,1.4719724655e+00,-5.4627186060e-01,3.2174992188e+04
2624,2.4901082516e+00,-4.3128255010e-01,-1.5382415771e+03,1.5217339993e+00,-5.2547305822e-01,3.2182044922e+04
2625,2.4874856472e+00,-2.7427017689e-01,-1.5660399170e+03,1.4546267986e+00,-4.9078005552e-01,3.2188707031e+04
2626,2.4821720123e+00,-1.1169175059e-01,-1.5779360352e+03,1.4525753260e+00,-4.6980991960e-01,3.2196228516e+04
2627,2.4771335125e+00,5.3810294718e-02,-1.5790057373e+03,1.4693194628e+00,-4.4804340601e-01,3.2204957031e+04
2628,2.4694304466e+00,2.2038008273e-01,-1.5741494141e+03,1.4686089754e+00,-3.7890884280e-01,3.2213068359e+04
2629,2.4600408077e+00,3.8411131501e-01,-1.5564743652e+03,1.4776391983e+00,-3.1862908602e-01,3.2220878906e+04
2630,2.4506182671e+00,5.4406625032e-01,-1.5248675537e+03,1.4591238499e+00,-3.1580558419e-01,3.2228738281e+04
2631,2.4394903183e+00,6.9799762964e-01,-1.4908797607e+03,1.4413472414e+00,-2.4327507615e-01,3.2236292969e+04
2632,2.4288845062e+00,8.4444296360e-01,-1.4355917969e+03,1.3834561110e+00,-2.1405097842e-01,3.2243009766e+04
2633,2.4208736420e+00,9.8337858915e-01,-1.3598385010e+03,1.4493701458e+00,-1.3195067644e-01,3.2247945312e+04
2634,2.4116103649e+00,1.1104876995e+00,-1.3200083008e+03,1.4592866898e+00,-1.3416892290e-01,3.2251544922e+04
2635,2.4073145390e+00,1.2084652185e+00,-1.2544838867e+03,1.4282587767e+00,-8.1719972193e-02,3.2255699219e+04
2636,2.3936157227e+00,1.2984386683e+00,-1.1924622803e+03,1.4220255613e+00,-2.8864135966e-02,3.2259101562e+04
2637,2.3746502399e+00,1.3770287037e+00,-1.1340305176e+03,1.3883923292e+00,2.8981171548e-02,3.2261042969e+04
2638,2.3587985039e+00,1.4351961613e+00,-1.0785565186e+03,1.3917142153e+00,9.3616031110e-02,3.2261179688e+04
2639,2.3441469669e+00,1.4735598564e+00,-1.0304820557e+03,1.3886905909e+00,1.3585166633e-01,3.2260923828e+04
2640,2.3297858238e+00,1.4891066551e+00,-9.7586212158e+02,1.3844119310e+00,1.6477844119e-01,3.2259857422e+04
2641,2.3174247742e+00,1.4875663519e+00,-9.3155407715e+02,1.3656828403e+00,2.2291083634e-01,3.2256955078e+04
2642,2.3039324284e+00,1.4755313396e+00,-8.9912213135e+02,1.3863300085e+00,2.6784989238e-01,3.2254966797e+04
2643,2.2919998169e+00,1.4556823969e+00,-8.6792456055e+02,1.3630467653e+00,2.9007935524e-01,3.2250107422e+04
2644,2.2810139656e+00,1.4331192970e+00,-8.5082244873e+02,1.3920161724e+00,3.3969581127e-01,3.2245562500e+04
2645,2.2730050087e+00,1.4108461142e+00,-8.3279309082e+02,1.3661639690e+00,3.6730271578e-01,3.2239779297e+04
2646,2.2675261497e+00,1.3912034035e+00,-8.1416174316e+02,1.3703417778e+00,4.2672440410e-01,3.2233726562e+04
2647,2.2671296597e+00,1.3780617714e+00,-8.1303509521e+02,1.3900822401e+00,4.7864982486e-01,3.2226955078e+04
2648,2.2669744492e+00,1.3707319498e+00,-8.1576507568e+02,1.4162219763e+00,5.1304548979e-01,3.2219736328e+04
2649,2.2701103687e+00,1.3678638935e+00,-8.1918157959e+02,1.3595596552e+00,5.3400540352e-01,3.2213886719e+04
2650,2.2753911018e+00,1.3673801422e+00,-8.1503509521e+02,1.3596429825e+00,5.5368214846e-01,3.2207517578e+04
2651,2.2830014229e+00,1.3650552034e+00,-8.3311254883e+02,1.4025568962e+00,5.7907754183e-01,3.2200082031e+04
2652,2.2915732861e+00,1.3604570627e+00,-8.3549053955e+02,1.4808285236e+00,6.1288332939e-01,3.2193136719e+04
2653,2.3024182320e+00,1.3533110619e+00,-8.5044726562e+02,1.4256366491e+00,6.3550847769e-01,3.2186671875e+04
2654,2.3145368099e+00,1.3454079628e+00,-8.5954888916e+02,1.3896663189e+00,6.6457152367e-01,3.2180273438e+04
2655,2.3276748657e+00,1.3392385244e+00,-8.8727709961e+02,1.4462459087e+00,6.6061615944e-01,3.2174302734e+04
2656,2.3418629169e+00,1.3350402117e+00,-9.0578900146e+02,1.4431838989e+00,6.9443756342e-01,3.2169117188e+04
2657,2.3580358028e+00,1.3318727016e+00,-9.3860711670e+02,1.4690124989e+00,6.9855850935e-01,3.2164267578e+04
2658,2.3756296635e+00,1.3292198181e+00,-9.6520184326e+02,1.4619921446e+00,6.9469094276e-01,3.2159332031e+04
2659,2.3930909634e+00,1.3231426477e+00,-1.0167817993e+03,1.4806405306e+00,6.9733238220e-01,3.2155587891e+04
2660,2.4137074947e+00,1.3103215694e+00,-1.0384788818e+03,1.4876817465e+00,6.9576108456e-01,3.2152382812e+04
2661,2.4335460663e+00,1.2879766226e+00,-1.0849361572e+03,1.4828683138e+00,6.4368730783e-01,3.2150619141e+04
2662,2.4537041187e+00,1.2511961460e+00,-1.1418431396e+03,1.4772925377e+00,6.7615735531e-01,3.2148876953e+04
2663,2.4700164795e+00,1.1996009350e+00,-1.1893570557e+03,1.4886038303e+00,6.7854362726e-01,3.2148457031e+04
2664,2.4864354134e+00,1.1287713051e+00,-1.2652325439e+03,1.4930878878e+00,6.8688875437e-01,3.2149255859e+04
2665,2.4999480247e+00,1.0392767191e+00,-1.2990343018e+03,1.5080376863e+00,6.4567673206e-01,3.2151726562e+04
2666,2.5102531910e+00,9.3329584599e-01,-1.3715822754e+03,1.5246481895e+00,6.1464309692e-01,3.2155250000e+04
2667,2.5174827576e+00,8.1304496527e-01,-1.4118813477e+03,1.4614962339e+00,6.0293906927e-01,3.2159556641e+04
2668,2.5230119228e+00,6.7843174934e-01,-1.4697735596e+03,1.5064876080e+00,5.9283328056e-01,3.2164914062e+04
2669,2.5259978771e+00,5.3013443947e-01,-1.4984764404e+03,1.5106610060e+00,5.5353516340e-01,3.2170064453e+04
2670,2.5269980431e+00,3.7243834138e-01,-1.5281008301e+03,1.4930517673e+00,5.1742351055e-01,3.2177205078e+04
2671,2.5248901844e+00,2.0848490298e-01,-1.5486966553e+03,1.4606311321e+00,4.8732894659e-01,3.2184070312e+04
2672,2.5201032162e+00,4.1080199182e-02,-1.5537154541e+03,1.4811424017e+00,4.6593323350e-01,3.2191810547e+04
2673,2.5131261349e+00,-1.2829320133e-01,-1.5605550537e+03,1.4887701273e+00,4.3565613031e-01,3.2200753906e+04
2674,2.5062537193e+00,-2.9654109478e-01,-1.5425908203e+03,1.4503840208e+00,3.7234506011e-01,3.2208685547e+04
2675,2.4979484081e+00,-4.6029651165e-01,-1.5264094238e+03,1.4282623529e+00,3.1756430864e-01,3.2217488281e+04
2676,2.4863579273e+00,-6.1913782358e-01,-1.4888524170e+03,1.4307419062e+00,3.3703553677e-01,3.2225470703e+04
2677,2.4759521484e+00,-7.7070927620e-01,-1.4434174805e+03,1.4427762032e+00,2.3870438337e-01,3.2233261719e+04
2678,2.4638555050e+00,-9.1103279591e-01,-1.3925006104e+03,1.4650906324e+00,1.9114799798e-01,3.2239765625e+04
2679,2.4502770901e+00,-1.0437459946e+00,-1.3373525391e+03,1.4148446321e+00,1.5795448422e-01,3.2245984375e+04
2680,2.4384491444e+00,-1.1636453867e+00,-1.2687519531e+03,1.4191279411e+00,9.5119856298e-02,3.2251875000e+04
2681,2.4254500866e+00,-1.2644493580e+00,-1.2299575195e+03,1.3798626661e+00,9.1699451208e-02,3.2255617188e+04
2682,2.4129238129e+00,-1.3487151861e+00,-1.1483120117e+03,1.4089541435e+00,-4.7058105702e-04,3.2259244141e+04
2683,2.3970625401e+00,-1.4153863192e+00,-1.1022187500e+03,1.3791949749e+00,-4.3761368841e-02,3.2261265625e+04
2684,2.3789532185e+00,-1.4651192427e+00,-1.0345865479e+03,1.4219723940e+00,-6.4428180456e-02,3.2262250000e+04
2685,2.3635725975e+00,-1.4957302809e+00,-9.9572979736e+02,1.4227887392e+00,-1.3714538515e-01,3.2261369141e+04
2686,2.3470256329e+00,-1.5060271025e+00,-9.4027239990e+02,1.3775650263e+00,-1.6070419550e-01,3.2260835938e+04
2687,2.3278841972e+00,-1.5012259483e+00,-9.1550854492e+02,1.3633465767e+00,-2.3446540534e-01,3.2258900391e+04
2688,2.3129169941e+00,-1.4854081869e+00,-8.7234637451e+02,1.3731641769e+00,-2.4999831617e-01,3.2255460938e+04
2689,2.2976298332e+00,-1.4573556185e+00,-8.6775134277e+02,1.3751268387e+00,-2.9758203030e-01,3.2251380859e+04
2690,2.2864906788e+00,-1.4266870022e+00,-8.2725500488e+02,1.3717172146e+00,-3.4211212397e-01,3.2246167969e+04
2691,2.2778761387e+00,-1.3984363079e+00,-8.2860314941e+02,1.3757916689e+00,-3.7352219224e-01,3.2239919922e+04
2692,2.2712206841e+00,-1.3746762276e+00,-8.0760021973e+02,1.3713846207e+00,-4.0441352129e-01,3.2234097656e+04
2693,2.2681879997e+00,-1.3568873405e+00,-8.1037048340e+02,1.3747134209e+00,-4.4988334179e-01,3.2226449219e+04
2694,2.2679867744e+00,-1.3463358879e+00,-8.0927929688e+02,1.3763214350e+00,-5.0948226452e-01,3.2219265625e+04
2695,2.2703168392e+00,-1.3418028355e+00,-8.1475286865e+02,1.3672734499e+00,-5.2976018190e-01,3.2211890625e+04
2696,2.2754876614e+00,-1.3402454853e+00,-8.1607116699e+02,1.4069561958e+00,-5.3273302317e-01,3.2204603516e+04
2697,2.2818832397e+00,-1.3369739056e+00,-8.3069836426e+02,1.4062478542e+00,-5.9417259693e-01,3.2196853516e+04
2698,2.2888743877e+00,-1.3311045170e+00,-8.4187548828e+02,1.3976179361e+00,-6.0198748112e-01,3.2188849609e+04
2699,2.2978103161e+00,-1.3219466209e+00,-8.6132379150e+02,1.4076626301e+00,-6.0727775097e-01,3.2181896484e+04
2700,2.3076982498e+00,-1.3104810715e+00,-8.6259863281e+02,1.4292876720e+00,-6.2536561489e-01,3.2174792969e+04
2701,2.3186020851e+00,-1.2984250784e+00,-8.9691052246e+02,1.4348634481e+00,-6.6791582108e-01,3.2168560547e+04
2702,2.3314287663e+00,-1.2877780199e+00,-9.0241088867e+02,1.4312977791e+00,-6.7537504435e-01,3.2162324219e+04
2703,2.3465082645e+00,-1.2797029018e+00,-9.4386291504e+02,1.4336258173e+00,-6.5078842640e-01,3.2156222656e+04
2704,2.3633544445e+00,-1.2745380402e+00,-9.7296105957e+02,1.4635668993e+00,-6.7518270016e-01,3.2150853516e+04
2705,2.3817739487e+00,-1.2678692341e+00,-1.0049680176e+03,1.4585258961e+00,-7.0681577921e-01,3.2146498047e+04
2706,2.4019348621e+00,-1.2598543167e+00,-1.0348677979e+03,1.4630421400e+00,-6.9933211803e-01,3.2143343750e+04
2707,2.4203047752e+00,-1.2440997362e+00,-1.0994965820e+03,1.4707043171e+00,-6.5385133028e-01,3.2141363281e+04
2708,2.4387934208e+00,-1.2114934921e+00,-1.1392314453e+03,1.4267102480e+00,-6.6982573271e-01,3.2141068359e+04
2709,2.4543917179e+00,-1.1601841450e+00,-1.2057226562e+03,1.4699010849e+00,-6.5801316500e-01,3.2141253906e+04
2710,2.4688558578e+00,-1.0923492908e+00,-1.2590582275e+03,1.4951626062e+00,-6.7334395647e-01,3.2142701172e+04
2711,2.4806113243e+00,-1.0080089569e+00,-1.3155793457e+03,1.4803781509e+00,-6.4126312733e-01,3.2144707031e+04
2712,2.4897096157e+00,-9.0965980291e-01,-1.3579417725e+03,1.4755294323e+00,-6.2120807171e-01,3.2148806641e+04
2713,2.4939026833e+00,-7.9212033749e-01,-1.4193547363e+03,1.4808683395e+00,-5.5415123701e-01,3.2153902344e+04
2714,2.4980874062e+00,-6.6351985931e-01,-1.4600649414e+03,1.4692016840e+00,-5.6156945229e-01,3.2159804688e+04
2715,2.4996039867e+00,-5.2459883690e-01,-1.5161601562e+03,1.4547871351e+00,-5.5978178978e-01,3.2166880859e+04
2716,2.4991466999e+00,-3.7302336097e-01,-1.5302447510e+03,1.4747473001e+00,-5.1417344809e-01,3.2175154297e+04
2717,2.4966604710e+00,-2.1652425826e-01,-1.5591801758e+03,1.4404734373e+00,-4.4636374712e-01,3.2183707031e+04
2718,2.4912219048e+00,-5.5341556668e-02,-1.5717817383e+03,1.4597907066e+00,-4.3597277999e-01,3.2192226562e+04
2719,2.4844386578e+00,1.0814157128e-01,-1.5686702881e+03,1.4738467932e+00,-4.0197342634e-01,3.2200052734e+04
2720,2.4761924744e+00,2.7160510421e-01,-1.5504000244e+03,1.4602630138e+00,-3.5480225086e-01,3.2209169922e+04
2721,2.4673023224e+00,4.3079668283e-01,-1.5316979980e+03,1.4622403383e+00,-3.2503250241e-01,3.2217960938e+04
2722,2.4578096867e+00,5.8430451155e-01,-1.4948072510e+03,1.4379040003e+00,-2.9785865545e-01,3.2225582031e+04
2723,2.4457602501e+00,7.3379236460e-01,-1.4673833008e+03,1.4226837158e+00,-2.2410231829e-01,3.2233863281e+04
2724,2.4329648018e+00,8.7650662661e-01,-1.4115799561e+03,1.4082418680e+00,-2.1301956475e-01,3.2240933594e+04
2725,2.4200134277e+00,1.0070203543e+00,-1.3745834961e+03,1.4112522602e+00,-1.2612007558e-01,3.2247488281e+04
2726,2.4086525440e+00,1.1239572763e+00,-1.2979860840e+03,1.4266468287e+00,-1.0882782191e-01,3.2252880859e+04
2727,2.3958604336e+00,1.2257725000e+00,-1.2427991943e+03,1.4149893522e+00,-3.2449875027e-02,3.2257587891e+04
2728,2.3840985298e+00,1.3110967875e+00,-1.1751190186e+03,1.3633925915e+00,2.7580413967e-02,3.2260607422e+04
2729,2.3697960377e+00,1.3821203709e+00,-1.1206499023e+03,1.4045405388e+00,2.1253356710e-02,3.2262697266e+04
2730,2.3529930115e+00,1.4351599216e+00,-1.0785404053e+03,1.3746368885e+00,5.4857786745e-02,3.2263824219e+04
2731,2.3405745029e+00,1.4641407728e+00,-1.0160234985e+03,1.3637562990e+00,1.3204498589e-01,3.2262796875e+04
2732,2.3255949020e+00,1.4796909094e+00,-9.7373034668e+02,1.3872860670e+00,1.9933906198e-01,3.2260796875e+04
2733,2.3100130558e+00,1.4810175896e+00,-9.3306652832e+02,1.3961701393e+00,2.0560501516e-01,3.2257384766e+04
2734,2.2954976559e+00,1.4679895639e+00,-8.9829791260e+02,1.3777960539e+00,2.7857497334e-01,3.2252593750e+04
2735,2.2827527523e+00,1.4489039183e+00,-8.8147735596e+02,1.3574018478e+00,3.2913696766e-01,3.2246546875e+04
2736,2.2703077793e+00,1.4257332087e+00,-8.6149682617e+02,1.3956016302e+00,3.6026656628e-01,3.2240082031e+04
2737,2.2616648674e+00,1.4023417234e+00,-8.4668457031e+02,1.3862850666e+00,4.0691453218e-01,3.2233265625e+04
2738,2.2560255527e+00,1.3846020699e+00,-8.4173840332e+02,1.3456605673e+00,4.4402581453e-01,3.2226302734e+04
2739,2.2545533180e+00,1.3716599941e+00,-8.3563061523e+02,1.4102896452e+00,4.5730918646e-01,3.2218515625e+04
2740,2.2545573711e+00,1.3655835390e+00,-8.3359429932e+02,1.4198368788e+00,5.1116681099e-01,3.2209386719e+04
2741,2.2583556175e+00,1.3631602526e+00,-8.3658117676e+02,1.3869552612e+00,5.3676199913e-01,3.2201662109e+04
2742,2.2633597851e+00,1.3624960184e+00,-8.2765911865e+02,1.3926767111e+00,6.0513269901e-01,3.2193583984e+04
2743,2.2695059776e+00,1.3613982201e+00,-8.3679003906e+02,1.3870271444e+00,5.6529235840e-01,3.2185970703e+04
2744,2.2767810822e+00,1.3599452972e+00,-8.4626623535e+02,1.4259778261e+00,6.3592499495e-01,3.2177666016e+04
2745,2.2841689587e+00,1.3567086458e+00,-8.6001446533e+02,1.4366638660e+00,6.5171277523e-01,3.2170244141e+04
2746,2.2951779366e+00,1.3518420458e+00,-8.5969128418e+02,1.4482748508e+00,6.7803519964e-01,3.2163525391e+04
2747,2.3037817478e+00,1.3468749523e+00,-8.9337725830e+02,1.4374375343e+00,6.9840455055e-01,3.2157568359e+04
2748,2.3161649704e+00,1.3426557779e+00,-9.1378576660e+02,1.4544104338e+00,6.7882913351e-01,3.2151750000e+04
2749,2.3309915066e+00,1.3400254250e+00,-9.3795776367e+02,1.4833064079e+00,6.8451899290e-01,3.2146712891e+04
2750,2.3468725681e+00,1.3373517990e+00,-9.6642468262e+02,1.4463562965e+00,6.8600237370e-01,3.2142937500e+04
2751,2.3632671833e+00,1.3329895735e+00,-9.8383447266e+02,1.4803247452e+00,6.9075202942e-01,3.2140333984e+04
2752,2.3806450367e+00,1.3235906363e+00,-1.0340850830e+03,1.4787162542e+00,7.0050138235e-01,3.2138992188e+04
2753,2.3979196548e+00,1.3017593622e+00,-1.0823912354e+03,1.4717705250e+00,6.7643386126e-01,3.2138964844e+04
2754,2.4141528606e+00,1.2680895329e+00,-1.1340051270e+03,1.4633842707e+00,6.7597442865e-01,3.2140402344e+04
2755,2.4290904999e+00,1.2192434072e+00,-1.1840966797e+03,1.4791891575e+00,6.8230611086e-01,3.2142443359e+04
2756,2.4412086010e+00,1.1481178999e+00,-1.2480634766e+03,1.5014045238e+00,6.6071516275e-01,3.2144656250e+04
2757,2.4558441639e+00,1.0576497316e+00,-1.2932072754e+03,1.5110499859e+00,6.2465620041e-01,3.2148929688e+04
2758,2.4640228748e+00,9.5219963789e-01,-1.3474863281e+03,1.5068168640e+00,6.4348620176e-01,3.2154794922e+04
2759,2.4685096741e+00,8.2977062464e-01,-1.4205236816e+03,1.4736349583e+00,5.8755880594e-01,3.2162000000e+04
2760,2.4700005054e+00,6.9306904078e-01,-1.4678646240e+03,1.5046570301e+00,5.4792338610e-01,3.2168882812e+04
2761,2.4720990658e+00,5.4503369331e-01,-1.5064079590e+03,1.4949375391e+00,5.5954158306e-01,3.2176341797e+04
2762,2.4693756104e+00,3.8577607274e-01,-1.5481541748e+03,1.4831260443e+00,5.1361292601e-01,3.2185431641e+04
2763,2.4668099880e+00,2.2368320823e-01,-1.5585799561e+03,1.4582208395e+00,4.7438281775e-01,3.2194119141e+04
2764,2.4624054432e+00,5.4857663810e-02,-1.5849991455e+03,1.4668954611e+00,4.2757663131e-01,3.2203404297e+04
2765,2.4555606842e+00,-1.1476802081e-01,-1.5818269043e+03,1.4750907421e+00,3.7713721395e-01,3.2211763672e+04
2766,2.4483761787e+00,-2.8342071176e-01,-1.5720465088e+03,1.4709457159e+00,3.7979584932e-01,3.2221027344e+04
2767,2.4399144650e+00,-4.4952052832e-01,-1.5600187988e+03,1.4288165569e+00,3.3226355910e-01,3.2228640625e+04
2768,2.4310264587e+00,-6.1035925150e-01,-1.5275440674e+03,1.4610987902e+00,2.9336479306e-01,3.2236304688e+04
2769,2.4220621586e+00,-7.6207667589e-01,-1.4906555176e+03,1.4351824522e+00,2.0071709156e-01,3.2243669922e+04
2770,2.4111199379e+00,-9.0462714434e-01,-1.4385360107e+03,1.4399349689e+00,1.6523788869e-01,3.2249265625e+04
2771,2.4005951881e+00,-1.0373517275e+00,-1.3935180664e+03,1.4142013788e+00,1.3786225021e-01,3.2254238281e+04
2772,2.3905558586e+00,-1.1591156721e+00,-1.3304497070e+03,1.4284740686e+00,1.0496917367e-01,3.2258292969e+04
2773,2.3799145222e+00,-1.2671294212e+00,-1.2744597168e+03,1.4181426764e+00,6.1980362982e-02,3.2260181641e+04
2774,2.3674621582e+00,-1.3540252447e+00,-1.2079998779e+03,1.4160406590e+00,-1.6999131069e-02,3.2260998047e+04
2775,2.3548526764e+00,-1.4262365103e+00,-1.1523703613e+03,1.4115076065e+00,-6.5952681005e-02,3.2261498047e+04
2776,2.3435950279e+00,-1.4801628590e+00,-1.0962683105e+03,1.3760358095e+00,-9.2132717371e-02,3.2260720703e+04
2777,2.3305692673e+00,-1.5111941099e+00,-1.0444997559e+03,1.3828598261e+00,-1.4902092516e-01,3.2258603516e+04
2778,2.3171133995e+00,-1.5239927769e+00,-1.0074364624e+03,1.3910495043e+00,-1.9760543108e-01,3.2254568359e+04
2779,2.3044445515e+00,-1.5223207474e+00,-9.4878240967e+02,1.4272589684e+00,-2.3031418025e-01,3.2249730469e+04
2780,2.2915978432e+00,-1.5038900375e+00,-9.2871032715e+02,1.3900738955e+00,-2.9269555211e-01,3.2244681641e+04
2781,2.2802400589e+00,-1.4772620201e+00,-8.8688500977e+02,1.3689739704e+00,-3.4057822824e-01,3.2239074219e+04
2782,2.2723493576e+00,-1.4490251541e+00,-8.7308312988e+02,1.3977725506e+00,-3.5848954320e-01,3.2233216797e+04
2783,2.2656698227e+00,-1.4200704098e+00,-8.5913928223e+02,1.3616802692e+00,-4.2038810253e-01,3.2226343750e+04
2784,2.2607984543e+00,-1.3944151402e+00,-8.4522314453e+02,1.3601522446e+00,-4.9183678627e-01,3.2219589844e+04
2785,2.2598931789e+00,-1.3757859468e+00,-8.3937963867e+02,1.3966574669e+00,-5.0355005264e-01,3.2212076172e+04
2786,2.2621467113e+00,-1.3636698723e+00,-8.1823327637e+02,1.4105437994e+00,-5.0740784407e-01,3.2204603516e+04
2787,2.2674059868e+00,-1.3565713167e+00,-8.2674218750e+02,1.3868538141e+00,-5.6898099184e-01,3.2197167969e+04
2788,2.2738099098e+00,-1.3519076109e+00,-8.2693994141e+02,1.4030460119e+00,-5.8814978600e-01,3.2190525391e+04
2789,2.2819635868e+00,-1.3468436003e+00,-8.3486016846e+02,1.4203555584e+00,-5.9412086010e-01,3.2184693359e+04
2790,2.2913620472e+00,-1.3391302824e+00,-8.4147601318e+02,1.4197204113e+00,-6.4502531290e-01,3.2177740234e+04
2791,2.3019952774e+00,-1.3297268152e+00,-8.6178387451e+02,1.4657692909e+00,-6.4023423195e-01,3.2171537109e+04
2792,2.3130078316e+00,-1.3191338778e+00,-8.6820458984e+02,1.4234957695e+00,-6.7845624685e-01,3.2165925781e+04
2793,2.3259868622e+00,-1.3080209494e+00,-8.8691430664e+02,1.4496788979e+00,-6.7659509182e-01,3.2161445312e+04
2794,2.3407564163e+00,-1.2958031893e+00,-9.0924554443e+02,1.4496051073e+00,-7.2014570236e-01,3.2157380859e+04
2795,2.3594942093e+00,-1.2877146006e+00,-9.3648590088e+02,1.5028561354e+00,-7.2629219294e-01,3.2153039062e+04
2796,2.3792815208e+00,-1.2816317081e+00,-9.6855426025e+02,1.4927455187e+00,-6.9728666544e-01,3.2151164062e+04
2797,2.3998813629e+00,-1.2738863230e+00,-1.0037659912e+03,1.4685142040e+00,-6.9845968485e-01,3.2148927734e+04
2798,2.4197964668e+00,-1.2593967915e+00,-1.0352054443e+03,1.4788000584e+00,-7.0383095741e-01,3.2147750000e+04
2799,2.4400429726e+00,-1.2344006300e+00,-1.0865229492e+03,1.4855101109e+00,-6.8969070911e-01,3.2147134766e+04
2800,2.4582076073e+00,-1.1958789825e+00,-1.1420032959e+03,1.4935781956e+00,-7.0195633173e-01,3.2148746094e+04
2801,2.4753680229e+00,-1.1399592161e+00,-1.2000324707e+03,1.5086435080e+00,-6.6828036308e-01,3.2151275391e+04
2802,2.4910635948e+00,-1.0676851273e+00,-1.2502387695e+03,1.4963455200e+00,-6.3447958231e-01,3.2154144531e+04
2803,2.5029335022e+00,-9.7413241863e-01,-1.3155771484e+03,1.5031069517e+00,-6.2963080406e-01,3.2157703125e+04
2804,2.5144176483e+00,-8.6432486773e-01,-1.3587778320e+03,1.4905582666e+00,-6.3717573881e-01,3.2163824219e+04
2805,2.5220243931e+00,-7.4245065451e-01,-1.4142071533e+03,1.4882282019e+00,-5.9889626503e-01,3.2169583984e+04
2806,2.5272703171e+00,-6.0685741901e-01,-1.4550228271e+03,1.4747744799e+00,-5.7809823751e-01,3.2176357422e+04
2807,2.5295226574e+00,-4.6194580197e-01,-1.4935238037e+03,1.5108008385e+00,-5.3520548344e-01,3.2183259766e+04
2808,2.5295333862e+00,-3.0783566833e-01,-1.5216240234e+03,1.4831137657e+00,-5.0787007809e-01,3.2190173828e+04
2809,2.5264861584e+00,-1.4614495635e-01,-1.5354156494e+03,1.4836087227e+00,-4.8643872142e-01,3.2198396484e+04
2810,2.5207521915e+00,1.8115147948e-02,-1.5494501953e+03,1.4510133266e+00,-4.3300369382e-01,3.2206281250e+04
2811,2.5144107342e+00,1.8186992407e-01,-1.5451119385e+03,1.4686855078e+00,-3.9538946748e-01,3.2214265625e+04
2812,2.5069506168e+00,3.4622585773e-01,-1.5309886475e+03,1.4880189896e+00,-3.6568450928e-01,3.2222015625e+04
2813,2.4987723827e+00,5.0515300035e-01,-1.5087172852e+03,1.4572899342e+00,-3.1712967157e-01,3.2229787109e+04
2814,2.4905099869e+00,6.5708237886e-01,-1.4640059814e+03,1.4575486183e+00,-2.6932358742e-01,3.2237236328e+04
2815,2.4806900024e+00,8.0152475834e-01,-1.4213675537e+03,1.4365919828e+00,-2.4425682425e-01,3.2242888672e+04
2816,2.4685599804e+00,9.3750911951e-01,-1.3715393066e+03,1.4388781786e+00,-1.6753967106e-01,3.2249138672e+04
2817,2.4573285580e+00,1.0608565807e+00,-1.3108284912e+03,1.4066506624e+00,-1.5494827926e-01,3.2254076172e+04
2818,2.4449732304e+00,1.1709386110e+00,-1.2540664062e+03,1.4264984131e+00,-7.9210661352e-02,3.2257992188e+04
2819,2.4322113991e+00,1.2653009892e+00,-1.1975030518e+03,1.4317245483e+00,-5.0794675946e-02,3.2260380859e+04
2820,2.4191813469e+00,1.3406442404e+00,-1.1286516113e+03,1.4135326147e+00,-4.3899537995e-03,3.2261505859e+04
2821,2.4039049149e+00,1.3953001499e+00,-1.0848521729e+03,1.3995441198e+00,6.7639850080e-02,3.2262250000e+04
2822,2.3869888783e+00,1.4356852770e+00,-1.0135554810e+03,1.3693213463e+00,1.3197822869e-01,3.2262125000e+04
2823,2.3722801208e+00,1.4595645666e+00,-9.8242584229e+02,1.3975208998e+00,1.4400985837e-01,3.2260269531e+04
2824,2.3533179760e+00,1.4642043114e+00,-9.4250311279e+02,1.4019665718e+00,1.9730262458e-01,3.2257017578e+04
2825,2.3381772041e+00,1.4574567080e+00,-9.0637225342e+02,1.3764129877e+00,2.5258827209e-01,3.2253562500e+04
2826,2.3220543861e+00,1.4436514378e+00,-8.7324169922e+02,1.4095234871e+00,3.0480408669e-01,3.2249242188e+04
2827,2.3093628883e+00,1.4212573767e+00,-8.5209094238e+02,1.3859319687e+00,3.2707488537e-01,3.2243957031e+04
2828,2.2989904881e+00,1.3991591930e+00,-8.3923815918e+02,1.3695425987e+00,3.7763649225e-01,3.2238427734e+04
2829,2.2913923264e+00,1.3797153234e+00,-8.2371960449e+02,1.3569805622e+00,4.1043150425e-01,3.2232566406e+04
2830,2.2884442806e+00,1.3653190136e+00,-8.1998797607e+02,1.4024578333e+00,4.4601958990e-01,3.2225853516e+04
2831,2.2876460552e+00,1.3563715219e+00,-8.1300738525e+02,1.4464178085e+00,5.2462023497e-01,3.2218853516e+04
2832,2.2890398502e+00,1.3526588678e+00,-8.1348022461e+02,1.4045836926e+00,5.3336668015e-01,3.2213123047e+04
2833,2.2938249111e+00,1.3512809277e+00,-8.0759863281e+02,1.3937368393e+00,5.6521177292e-01,3.2206054688e+04
2834,2.3000464439e+00,1.3502303362e+00,-8.2263848877e+02,1.3912234306e+00,6.0334885120e-01,3.2199656250e+04
2835,2.3068897724e+00,1.3481625319e+00,-8.2189678955e+02,1.4152221680e+00,6.5019875765e-01,3.2192667969e+04
2836,2.3145897388e+00,1.3440116644e+00,-8.3463507080e+02,1.4477591515e+00,6.3731843233e-01,3.2186576172e+04
2837,2.3236002922e+00,1.3386557102e+00,-8.4960107422e+02,1.4648895264e+00,6.5676397085e-01,3.2180220703e+04
2838,2.3344490528e+00,1.3335033655e+00,-8.6652282715e+02,1.4620944262e+00,6.4725852013e-01,3.2175064453e+04
2839,2.3461203575e+00,1.3286823034e+00,-8.9988745117e+02,1.4328805208e+00,6.9106465578e-01,3.2170673828e+04
2840,2.3612451553e+00,1.3257304430e+00,-9.0986785889e+02,1.4470635653e+00,6.9919019938e-01,3.2165781250e+04
2841,2.3784968853e+00,1.3241320848e+00,-9.4642681885e+02,1.4490092993e+00,6.9845390320e-01,3.2162460938e+04
2842,2.3963100910e+00,1.3224599361e+00,-9.8329315186e+02,1.4807440042e+00,7.3559415340e-01,3.2159052734e+04
2843,2.4165670872e+00,1.3160992861e+00,-1.0240725098e+03,1.4849389791e+00,7.1170008183e-01,3.2157005859e+04
2844,2.4365596771e+00,1.2964645624e+00,-1.0589500732e+03,1.4434829950e+00,7.0096802711e-01,3.2155386719e+04
2845,2.4565255642e+00,1.2642486095e+00,-1.1130942383e+03,1.4905035496e+00,7.1085339785e-01,3.2154304688e+04
2846,2.4740536213e+00,1.2171653509e+00,-1.1690086670e+03,1.5024632215e+00,6.8700164557e-01,3.2154558594e+04
2847,2.4893968105e+00,1.1527729034e+00,-1.2233955078e+03,1.4969263077e+00,6.7035788298e-01,3.2155626953e+04
2848,2.5035953522e+00,1.0684413910e+00,-1.2846879883e+03,1.4881024361e+00,6.7261987925e-01,3.2157708984e+04
2849,2.5145866871e+00,9.6426075697e-01,-1.3345822754e+03,1.4725430012e+00,6.3427233696e-01,3.2160839844e+04
2850,2.5227086544e+00,8.4644573927e-01,-1.4033778076e+03,1.5036642551e+00,6.3082319498e-01,3.2164500000e+04
2851,2.5275180340e+00,7.1507859230e-01,-1.4377536621e+03,1.4865212440e+00,6.0114729404e-01,3.2169076172e+04
2852,2.5283942223e+00,5.7094246149e-01,-1.4860000000e+03,1.4819067717e+00,5.6474119425e-01,3.2174966797e+04
2853,2.5275804996e+00,4.1612493992e-01,-1.5138587646e+03,1.5107923746e+00,5.2902013063e-01,3.2181058594e+04
2854,2.5258216858e+00,2.5404605269e-01,-1.5415075684e+03,1.5188741684e+00,5.2278184891e-01,3.2188781250e+04
2855,2.5207917690e+00,8.8995568454e-02,-1.5570565186e+03,1.4341961145e+00,4.6374672651e-01,3.2195681641e+04
2856,2.5130500793e+00,-7.6797030866e-02,-1.5571820068e+03,1.4524013996e+00,4.3605881929e-01,3.2203966797e+04
2857,2.5052294731e+00,-2.4250468612e-01,-1.5458892822e+03,1.4711533785e+00,3.7900274992e-01,3.2212402344e+04
2858,2.4962854385e+00,-4.0725609660e-01,-1.5200614014e+03,1.4487338066e+00,3.7081474066e-01,3.2220011719e+04
2859,2.4854435921e+00,-5.6534576416e-01,-1.4976677246e+03,1.4633624554e+00,3.1421998143e-01,3.2227769531e+04
2860,2.4737331867e+00,-7.1750336885e-01,-1.4504759521e+03,1.4438774586e+00,2.7948021889e-01,3.2234697266e+04
2861,2.4624938965e+00,-8.6357980967e-01,-1.4059487305e+03,1.4546836615e+00,2.3495757580e-01,3.2241343750e+04
2862,2.4495239258e+00,-9.9790763855e-01,-1.3508359375e+03,1.3979897499e+00,2.0265983045e-01,3.2247925781e+04
2863,2.4362149239e+00,-1.1189258099e+00,-1.2891878662e+03,1.4089038372e+00,1.0544319451e-01,3.2253576172e+04
2864,2.4229240417e+00,-1.2292861938e+00,-1.2424916992e+03,1.3960428238e+00,9.8893359303e-02,3.2258197266e+04
2865,2.4096627235e+00,-1.3212076426e+00,-1.1718106689e+03,1.4411069155e+00,5.0425108522e-02,3.2261007812e+04
2866,2.3943209648e+00,-1.3978141546e+00,-1.1174569092e+03,1.4106465578e+00,-1.7067184672e-02,3.2262843750e+04
2867,2.3790192604e+00,-1.4531186819e+00,-1.0495655518e+03,1.4261212349e+00,-6.1631392688e-02,3.2263892578e+04
2868,2.3605358601e+00,-1.4867619276e+00,-1.0064515991e+03,1.4109017849e+00,-1.1742568761e-01,3.2263916016e+04
2869,2.3435058594e+00,-1.5042198896e+00,-9.4916662598e+02,1.3759707212e+00,-1.6441291571e-01,3.2263105469e+04
2870,2.3272378445e+00,-1.5039324760e+00,-9.2668182373e+02,1.3866684437e+00,-2.2451873124e-01,3.2261101562e+04
2871,2.3112976551e+00,-1.4898808002e+00,-8.8659393311e+02,1.3801275492e+00,-2.2960320115e-01,3.2257880859e+04
2872,2.2971262932e+00,-1.4662114382e+00,-8.5800030518e+02,1.3573275805e+00,-3.0947890878e-01,3.2253056641e+04
2873,2.2838854790e+00,-1.4371592999e+00,-8.4462329102e+02,1.3964810371e+00,-3.1342545152e-01,3.2248316406e+04
2874,2.2734944820e+00,-1.4076850414e+00,-8.2473583984e+02,1.3811117411e+00,-3.8597762585e-01,3.2243044922e+04
2875,2.2658331394e+00,-1.3805208206e+00,-8.0850506592e+02,1.4023705721e+00,-4.2801201344e-01,3.2237556641e+04
2876,2.2624740601e+00,-1.3587057590e+00,-8.1686761475e+02,1.3968091011e+00,-4.8177978396e-01,3.2231181641e+04
2877,2.2619123459e+00,-1.3452528715e+00,-8.0321899414e+02,1.3826671839e+00,-5.1201605797e-01,3.2223763672e+04
2878,2.2648892403e+00,-1.3372493982e+00,-8.0296899414e+02,1.3762315512e+00,-5.4492413998e-01,3.2217078125e+04
2879,2.2683022022e+00,-1.3330279589e+00,-8.0287176514e+02,1.3993471861e+00,-5.5768102407e-01,3.2209208984e+04
2880,2.2737832069e+00,-1.3306906223e+00,-8.0914544678e+02,1.4155889750e+00,-5.7588654757e-01,3.2201412109e+04
2881,2.2792429924e+00,-1.3268722296e+00,-8.2433251953e+02,1.4279159307e+00,-6.1723840237e-01,3.2193503906e+04
2882,2.2876043320e+00,-1.3200694323e+00,-8.2776037598e+02,1.4320654869e+00,-6.4804154634e-01,3.2186332031e+04
2883,2.2962810993e+00,-1.3108115196e+00,-8.6108178711e+02,1.4175800085e+00,-6.8404793739e-01,3.2179968750e+04
2884,2.3055739403e+00,-1.3011338711e+00,-8.7861889648e+02,1.4439550638e+00,-6.7494779825e-01,3.2174181641e+04
2885,2.3169364929e+00,-1.2914614677e+00,-9.0362939453e+02,1.4338085651e+00,-6.9093215466e-01,3.2167326172e+04
2886,2.3303692341e+00,-1.2824243307e+00,-9.2709387207e+02,1.4409689903e+00,-7.2408795357e-01,3.2160998047e+04
2887,2.3463129997e+00,-1.2777653933e+00,-9.4838507080e+02,1.4705550671e+00,-7.0545220375e-01,3.2156482422e+04
2888,2.3622412682e+00,-1.2726420164e+00,-9.6616894531e+02,1.4731369019e+00,-6.9492423534e-01,3.2152685547e+04
2889,2.3805718422e+00,-1.2651011944e+00,-1.0163058472e+03,1.4858984947e+00,-7.2398269176e-01,3.2150570312e+04
2890,2.3982336521e+00,-1.2509971857e+00,-1.0691801758e+03,1.4774361849e+00,-7.3842108250e-01,3.2149009766e+04
2891,2.4161021709e+00,-1.2306138277e+00,-1.1127205811e+03,1.4847575426e+00,-6.9443941116e-01,3.2147183594e+04
2892,2.4316713810e+00,-1.1941952705e+00,-1.1689801025e+03,1.4928512573e+00,-6.8189805746e-01,3.2147808594e+04
2893,2.4446349144e+00,-1.1388924122e+00,-1.2196757812e+03,1.4710769653e+00,-6.8800294399e-01,3.2149093750e+04
2894,2.4590597153e+00,-1.0633225441e+00,-1.2668233643e+03,1.5014888048e+00,-6.6542816162e-01,3.2151658203e+04
2895,2.4687883854e+00,-9.7349363565e-01,-1.3427687988e+03,1.5088287592e+00,-6.2938153744e-01,3.2154794922e+04
2896,2.4754028320e+00,-8.6507534981e-01,-1.3914406738e+03,1.5075523853e+00,-6.3895881176e-01,3.2158761719e+04
2897,2.4787535667e+00,-7.4553513527e-01,-1.4440623779e+03,1.5104366541e+00,-6.0247439146e-01,3.2164921875e+04
2898,2.4816501141e+00,-6.1419892311e-01,-1.4891416016e+03,1.4865781069e+00,-5.6688749790e-01,3.2171701172e+04
2899,2.4795343876e+00,-4.6831592917e-01,-1.5429584961e+03,1.4808660746e+00,-5.2626889944e-01,3.2180007812e+04
2900,2.4763932228e+00,-3.1289365888e-01,-1.5638056641e+03,1.4936666489e+00,-5.3154885769e-01,3.2188332031e+04
2901,2.4711813927e+00,-1.5221735835e-01,-1.5826640625e+03,1.4732308388e+00,-4.7828188539e-01,3.2196929688e+04
2902,2.4644005299e+00,1.0838586837e-02,-1.5870463867e+03,1.4724704027e+00,-4.2051696777e-01,3.2205462891e+04
2903,2.4565711021e+00,1.7628042400e-01,-1.5806453857e+03,1.4692220688e+00,-3.8195756078e-01,3.2213433594e+04
2904,2.4468333721e+00,3.4089681506e-01,-1.5619578857e+03,1.4753326178e+00,-3.5379478335e-01,3.2222259766e+04
2905,2.4375336170e+00,5.0134801865e-01,-1.5390151367e+03,1.4412504435e+00,-3.2810881734e-01,3.2230414062e+04
2906,2.4268343449e+00,6.5574431419e-01,-1.5109573975e+03,1.4369815588e+00,-2.8447097540e-01,3.2238347656e+04
2907,2.4159021378e+00,8.0241942406e-01,-1.4693298340e+03,1.4341711998e+00,-1.9285964966e-01,3.2245128906e+04
2908,2.4044342041e+00,9.3812155724e-01,-1.4169218750e+03,1.4469510317e+00,-1.9636826217e-01,3.2251017578e+04
2909,2.3929190636e+00,1.0631364584e+00,-1.3558583984e+03,1.4196853638e+00,-1.3145728409e-01,3.2256164062e+04
2910,2.3800554276e+00,1.1752444506e+00,-1.3056318359e+03,1.4110690355e+00,-7.4106447399e-02,3.2259703125e+04
2911,2.3672866821e+00,1.2732673883e+00,-1.2373228760e+03,1.4062640667e+00,-2.1465454251e-02,3.2262896484e+04
2912,2.3546319008e+00,1.3545013666e+00,-1.1780905762e+03,1.4070744514e+00,1.1949157342e-02,3.2264496094e+04
2913,2.3406126499e+00,1.4176743031e+00,-1.1216484375e+03,1.3841136694e+00,6.2512435019e-02,3.2264765625e+04
2914,2.3245308399e+00,1.4618216753e+00,-1.0717495117e+03,1.4083151817e+00,1.2498664856e-01,3.2263753906e+04
2915,2.3152735233e+00,1.4869924784e+00,-1.0134718628e+03,1.4012821913e+00,1.5373787284e-01,3.2261824219e+04
2916,2.3007402420e+00,1.4947227240e+00,-9.6937677002e+02,1.3921766281e+00,1.9677788019e-01,3.2258066406e+04
2917,2.2861988544e+00,1.4885497093e+00,-9.4466668701e+02,1.3946697712e+00,2.6202955842e-01,3.2255044922e+04
2918,2.2739050388e+00,1.4721376896e+00,-8.9820275879e+02,1.3614779711e+00,2.9708725214e-01,3.2249775391e+04
2919,2.2629475594e+00,1.4484609365e+00,-8.7649694824e+02,1.3911502361e+00,3.2382750511e-01,3.2244253906e+04
2920,2.2541675568e+00,1.4258726835e+00,-8.5694781494e+02,1.3706092834e+00,4.0652358532e-01,3.2238841797e+04
2921,2.2486603260e+00,1.4052941799e+00,-8.3869323730e+02,1.3906234503e+00,4.1725143790e-01,3.2230890625e+04
2922,2.2444815636e+00,1.3884714842e+00,-8.4256488037e+02,1.3878493309e+00,4.4211465120e-01,3.2224324219e+04
2923,2.2445318699e+00,1.3778851032e+00,-8.2009942627e+02,1.3891645670e+00,5.0468605757e-01,3.2217484375e+04
2924,2.2466845512e+00,1.3735014200e+00,-8.3123651123e+02,1.3849300146e+00,5.4348152876e-01,3.2209892578e+04
2925,2.2520270348e+00,1.3714818954e+00,-8.3016662598e+02,1.4236339331e+00,5.6811964512e-01,3.2201960938e+04
2926,2.2597954273e+00,1.3697381020e+00,-8.3685015869e+02,1.4145333767e+00,5.9838402271e-01,3.2194439453e+04
2927,2.2679777145e+00,1.3679383993e+00,-8.4287152100e+02,1.4114581347e+00,6.0586923361e-01,3.2187562500e+04
2928,2.2757637501e+00,1.3640424013e+00,-8.4799121094e+02,1.3965640068e+00,6.4099240303e-01,3.2180445312e+04
2929,2.2855248451e+00,1.3590837717e+00,-8.6184423828e+02,1.4439758062e+00,6.4070153236e-01,3.2173978516e+04
2930,2.2953553200e+00,1.3520295620e+00,-8.8216668701e+02,1.4781521559e+00,6.6950696707e-01,3.2167607422e+04
2931,2.3074276447e+00,1.3466235399e+00,-8.9935784912e+02,1.4549953938e+00,7.0180058479e-01,3.2161873047e+04
2932,2.3221085072e+00,1.3427050114e+00,-9.2038537598e+02,1.4782357216e+00,6.8076819181e-01,3.2157402344e+04
2933,2.3356232643e+00,1.3417052031e+00,-9.4860821533e+02,1.4689996243e+00,7.1777373552e-01,3.2153054688e+04
2934,2.3530158997e+00,1.3381854296e+00,-9.8444561768e+02,1.4561331272e+00,7.2811019421e-01,3.2149425781e+04
2935,2.3719120026e+00,1.3295925856e+00,-1.0158996582e+03,1.4932281971e+00,7.1639460325e-01,3.2147259766e+04
2936,2.3911449909e+00,1.3140747547e+00,-1.0514891357e+03,1.4981313944e+00,7.0098829269e-01,3.2145591797e+04
2937,2.4098100662e+00,1.2847601175e+00,-1.1060308838e+03,1.4576296806e+00,7.2586911917e-01,3.2145583984e+04
2938,2.4288046360e+00,1.2395952940e+00,-1.1568140869e+03,1.5149841309e+00,6.8266159296e-01,3.2146429688e+04
2939,2.4425370693e+00,1.1772128344e+00,-1.2253966064e+03,1.5182498693e+00,6.5680235624e-01,3.2148365234e+04
2940,2.4551706314e+00,1.0952143669e+00,-1.2751575928e+03,1.5153779984e+00,6.6840004921e-01,3.2151371094e+04
2941,2.4652581215e+00,9.9606341124e-01,-1.3259589844e+03,1.4875820875e+00,6.5706270933e-01,3.2156849609e+04
2942,2.4725470543e+00,8.7777310610e-01,-1.3880029297e+03,1.4925146103e+00,6.1053681374e-01,3.2162197266e+04
2943,2.4773306847e+00,7.4806064367e-01,-1.4416458740e+03,1.5059932470e+00,5.9042358398e-01,3.2168855469e+04
2944,2.4791600704e+00,6.0571396351e-01,-1.4839519043e+03,1.4877667427e+00,5.6829375029e-01,3.2175789062e+04
2945,2.4800472260e+00,4.5309776068e-01,-1.5195202637e+03,1.5153129101e+00,5.2128130198e-01,3.2184000000e+04
2946,2.4782049656e+00,2.9168179631e-01,-1.5547736816e+03,1.5075902939e+00,5.0513112545e-01,3.2192781250e+04
2947,2.4747557640e+00,1.2645596266e-01,-1.5652662354e+03,1.4566340446e+00,4.6903812885e-01,3.2201134766e+04
2948,2.4707994461e+00,-4.0499344468e-02,-1.5703959961e+03,1.4740306139e+00,4.0344473720e-01,3.2209863281e+04
2949,2.4647328854e+00,-2.0820359886e-01,-1.5700290527e+03,1.4829363823e+00,3.5739165545e-01,3.2219212891e+04
2950,2.4570000172e+00,-3.7377429008e-01,-1.5450664062e+03,1.4436039925e+00,3.7028411031e-01,3.2227640625e+04
2951,2.4489936829e+00,-5.3585451841e-01,-1.5296363525e+03,1.4755201340e+00,3.0082321167e-01,3.2236337891e+04
2952,2.4387550354e+00,-6.9323682785e-01,-1.4983266602e+03,1.4204440117e+00,2.7535995841e-01,3.2243869141e+04
2953,2.4291265011e+00,-8.4055972099e-01,-1.4484077148e+03,1.4232101440e+00,2.3923492432e-01,3.2251554688e+04
2954,2.4180185795e+00,-9.7813022137e-01,-1.4015065918e+03,1.4071807861e+00,1.7338393629e-01,3.2257703125e+04
2955,2.4081246853e+00,-1.1041638851e+00,-1.3399962158e+03,1.4079279900e+00,1.2131286412e-01,3.2261857422e+04
2956,2.3965511322e+00,-1.2163800001e+00,-1.2835244141e+03,1.4451409578e+00,7.6504133642e-02,3.2265533203e+04
2957,2.3806898594e+00,-1.3113118410e+00,-1.2246556396e+03,1.3939181566e+00,3.4626539797e-02,3.2268091797e+04
2958,2.3686616421e+00,-1.3915361166e+00,-1.1566599121e+03,1.4077346325e+00,-3.0788039789e-02,3.2269781250e+04
2959,2.3556644917e+00,-1.4544489384e+00,-1.1106539307e+03,1.4064269066e+00,-5.3312074393e-02,3.2270140625e+04
2960,2.3411006927e+00,-1.4930120707e+00,-1.0486595459e+03,1.3907444477e+00,-1.1530219764e-01,3.2269312500e+04
2961,2.3287749290e+00,-1.5176160336e+00,-1.0123228149e+03,1.4010754824e+00,-1.5763466060e-01,3.2267876953e+04
2962,2.3152422905e+00,-1.5237568617e+00,-9.7843780518e+02,1.3682932854e+00,-2.0418396592e-01,3.2263837891e+04
2963,2.2994337082e+00,-1.5155024529e+00,-9.2689166260e+02,1.4011896849e+00,-2.4042144418e-01,3.2259386719e+04
2964,2.2847642899e+00,-1.4934808016e+00,-9.0622821045e+02,1.3758448362e+00,-2.8633689880e-01,3.2254787109e+04
2965,2.2747735977e+00,-1.4641054869e+00,-8.7667382812e+02,1.3819602728e+00,-3.5341531038e-01,3.2249136719e+04
2966,2.2646033764e+00,-1.4333101511e+00,-8.7140637207e+02,1.3807067871e+00,-3.8350227475e-01,3.2243539062e+04
2967,2.2592849731e+00,-1.4056318998e+00,-8.5418823242e+02,1.3717690706e+00,-4.2152625322e-01,3.2236359375e+04
2968,2.2566101551e+00,-1.3831149340e+00,-8.4458184814e+02,1.3939365149e+00,-4.3201577663e-01,3.2229214844e+04
2969,2.2564995289e+00,-1.3687957525e+00,-8.3178015137e+02,1.3926324844e+00,-4.8132035136e-01,3.2220482422e+04
2970,2.2587263584e+00,-1.3587992191e+00,-8.3161688232e+02,1.3556542397e+00,-5.1153963804e-01,3.2212341797e+04
2971,2.2642362118e+00,-1.3523547649e+00,-8.3785308838e+02,1.3901308775e+00,-5.5668616295e-01,3.2204927734e+04
2972,2.2703697681e+00,-1.3485085964e+00,-8.3688812256e+02,1.4091747999e+00,-5.7132583857e-01,3.2197242188e+04
2973,2.2776722908e+00,-1.3439283371e+00,-8.5119750977e+02,1.4540530443e+00,-6.0822379589e-01,3.2189517578e+04
2974,2.2856488228e+00,-1.3362222910e+00,-8.6542578125e+02,1.4041016102e+00,-6.0123032331e-01,3.2182375000e+04
2975,2.2938556671e+00,-1.3282290697e+00,-8.8461376953e+02,1.4140623808e+00,-6.6985321045e-01,3.2175832031e+04
2976,2.3061840534e+00,-1.3190485239e+00,-8.7914813232e+02,1.4597678185e+00,-6.4815115929e-01,3.2170482422e+04
2977,2.3170082569e+00,-1.3104034662e+00,-9.2085699463e+02,1.4366308451e+00,-6.8022656441e-01,3.2165277344e+04
2978,2.3313825130e+00,-1.3030102253e+00,-9.4047534180e+02,1.4632165432e+00,-6.7320227623e-01,3.2160617188e+04
2979,2.3469803333e+00,-1.2976672649e+00,-9.6948541260e+02,1.4569115639e+00,-6.7961764336e-01,3.2157472656e+04
2980,2.3654026985e+00,-1.2918988466e+00,-9.9230389404e+02,1.4498145580e+00,-6.8956452608e-01,3.2154310547e+04
2981,2.3841185570e+00,-1.2845270634e+00,-1.0329531250e+03,1.4638834000e+00,-6.9525635242e-01,3.2151664062e+04
2982,2.4026837349e+00,-1.2687323093e+00,-1.0755363770e+03,1.4819345474e+00,-6.5091812611e-01,3.2151646484e+04
2983,2.4196977615e+00,-1.2400097847e+00,-1.1276485596e+03,1.4711728096e+00,-6.9803690910e-01,3.2151330078e+04
2984,2.4342598915e+00,-1.1986238956e+00,-1.1870122070e+03,1.4878845215e+00,-7.1068072319e-01,3.2152230469e+04
2985,2.4462928772e+00,-1.1344187260e+00,-1.2418013916e+03,1.4903506041e+00,-6.0902619362e-01,3.2154246094e+04
2986,2.4587893486e+00,-1.0533643961e+00,-1.3049366455e+03,1.5103039742e+00,-6.2106591463e-01,3.2157875000e+04
2987,2.4674546719e+00,-9.5400887728e-01,-1.3564895020e+03,1.4969906807e+00,-6.2025278807e-01,3.2162605469e+04
2988,2.4721269608e+00,-8.3547335863e-01,-1.4286645508e+03,1.4568866491e+00,-5.7185292244e-01,3.2168560547e+04
2989,2.4766650200e+00,-7.0467716455e-01,-1.4697717285e+03,1.4921867847e+00,-5.5924421549e-01,3.2174792969e+04
2990,2.4776635170e+00,-5.6235337257e-01,-1.5230358887e+03,1.4983569384e+00,-5.0737440586e-01,3.2181275391e+04
2991,2.4769368172e+00,-4.0922120214e-01,-1.5474284668e+03,1.5049929619e+00,-5.0051397085e-01,3.2188255859e+04
2992,2.4752504826e+00,-2.4967539310e-01,-1.5704635010e+03,1.4620988369e+00,-4.7069987655e-01,3.2196828125e+04
2993,2.4717209339e+00,-8.6328402162e-02,-1.5840429688e+03,1.4763848782e+00,-4.2856228352e-01,3.2206429688e+04
2994,2.4661786556e+00,8.0757394433e-02,-1.5912244873e+03,1.4675400257e+00,-4.2528626323e-01,3.2214429688e+04
2995,2.4599113464e+00,2.4442477524e-01,-1.5817579346e+03,1.4733597040e+00,-3.5657301545e-01,3.2222361328e+04
2996,2.4526305199e+00,4.0630391240e-01,-1.5566118164e+03,1.4307371378e+00,-3.2283446193e-01,3.2230205078e+04
2997,2.4434592724e+00,5.6471896172e-01,-1.5213297119e+03,1.4367932081e+00,-2.5738775730e-01,3.2238494141e+04
2998,2.4333260059e+00,7.1850693226e-01,-1.4868134766e+03,1.4519402981e+00,-2.3492011428e-01,3.2245570312e+04
2999,2.4231762886e+00,8.6382585764e-01,-1.4361268311e+03,1.4338059425e+00,-1.9093337655e-01,3.2251316406e+04
3000,2.4116611481e+00,9.9754858017e-01,-1.3932556152e+03,1.4188952446e+00,-1.6535758972e-01,3.2257437500e+04
3001,2.4017345905e+00,1.1169817448e+00,-1.3431473389e+03,1.4186381102e+00,-8.7715223432e-02,3.2261521484e+04
3002,2.3920791149e+00,1.2243225574e+00,-1.2741064453e+03,1.4244439602e+00,-5.9532318264e-02,3.2265021484e+04
3003,2.3816664219e+00,1.3136445284e+00,-1.2150115967e+03,1.4215316772e+00,-4.4564818963e-03,3.2267048828e+04
3004,2.3700733185e+00,1.3872605562e+00,-1.1491165771e+03,1.4128931761e+00,5.9372328222e-02,3.2267781250e+04
3005,2.3573780060e+00,1.4392971992e+00,-1.0906795654e+03,1.3865356445e+00,7.7983476222e-02,3.2267718750e+04
3006,2.3430347443e+00,1.4739813805e+00,-1.0352857666e+03,1.3711044788e+00,1.2452323735e-01,3.2266851562e+04
3007,2.3286116123e+00,1.4957196712e+00,-9.9886010742e+02,1.3738435507e+00,1.9922538102e-01,3.2264628906e+04
3008,2.3155872822e+00,1.4963469505e+00,-9.4901623535e+02,1.3815674782e+00,2.0247757435e-01,3.2260568359e+04
3009,2.3036241531e+00,1.4829802513e+00,-9.1009674072e+02,1.4096386433e+00,2.5575119257e-01,3.2255783203e+04
3010,2.2914712429e+00,1.4619449377e+00,-8.8179162598e+02,1.3822180033e+00,3.0983108282e-01,3.2251093750e+04
3011,2.2814643383e+00,1.4380737543e+00,-8.6494793701e+02,1.3856005669e+00,3.8423943520e-01,3.2245861328e+04
3012,2.2755718231e+00,1.4155436754e+00,-8.4517065430e+02,1.3908758163e+00,4.1347703338e-01,3.2239253906e+04
3013,2.2719874382e+00,1.3949140310e+00,-8.3321057129e+02,1.3667840958e+00,3.9872008562e-01,3.2232074219e+04
3014,2.2712333202e+00,1.3806248903e+00,-8.2337451172e+02,1.3949475288e+00,4.8319303989e-01,3.2225646484e+04
3015,2.2722814083e+00,1.3735443354e+00,-8.2228863525e+02,1.3815311193e+00,5.2270668745e-01,3.2218162109e+04
3016,2.2771010399e+00,1.3697214127e+00,-8.1939923096e+02,1.4148777723e+00,5.2022719383e-01,3.2211089844e+04
3017,2.2834780216e+00,1.3670890331e+00,-8.2982159424e+02,1.4333205223e+00,5.8585798740e-01,3.2204871094e+04
3018,2.2906913757e+00,1.3655574322e+00,-8.2684173584e+02,1.3939059973e+00,5.9374624491e-01,3.2197839844e+04
3019,2.2999753952e+00,1.3612568378e+00,-8.4438458252e+02,1.4170702696e+00,6.1011922359e-01,3.2191750000e+04
3020,2.3095393181e+00,1.3558262587e+00,-8.4815789795e+02,1.4359551668e+00,6.2801259756e-01,3.2185578125e+04
3021,2.3202373981e+00,1.3487979174e+00,-8.6484570312e+02,1.4300402403e+00,6.4257413149e-01,3.2180232422e+04
3022,2.3333141804e+00,1.3417421579e+00,-8.8225158691e+02,1.4245067835e+00,6.7383551598e-01,3.2175656250e+04
3023,2.3488824368e+00,1.3367396593e+00,-9.0312359619e+02,1.4344308376e+00,7.1770757437e-01,3.2170857422e+04
3024,2.3663835526e+00,1.3331896067e+00,-9.3220147705e+02,1.4575930834e+00,6.9847756624e-01,3.2167166016e+04
3025,2.3851985931e+00,1.3303748369e+00,-9.6136041260e+02,1.4939922094e+00,6.8362051249e-01,3.2164076172e+04
3026,2.4048454762e+00,1.3262493610e+00,-9.9698291016e+02,1.4769091606e+00,6.7544263601e-01,3.2161560547e+04
3027,2.4255435467e+00,1.3120759726e+00,-1.0422363281e+03,1.4487330914e+00,6.8744230270e-01,3.2159824219e+04
3028,2.4468746185e+00,1.2844105959e+00,-1.0844400635e+03,1.4687528610e+00,7.1488833427e-01,3.2159289062e+04
3029,2.4670989513e+00,1.2441346645e+00,-1.1284624023e+03,1.4862385988e+00,6.3956826925e-01,3.2159355469e+04
3030,2.4856514931e+00,1.1897583008e+00,-1.1828300781e+03,1.4988036156e+00,6.6256785393e-01,3.2160136719e+04
3031,2.5019865036e+00,1.1185550690e+00,-1.2450156250e+03,1.4978419542e+00,6.5502989292e-01,3.2161281250e+04
3032,2.5152947903e+00,1.0238416195e+00,-1.2961690674e+03,1.4678978920e+00,6.7039060593e-01,3.2164609375e+04
3033,2.5271785259e+00,9.1020154953e-01,-1.3565598145e+03,1.4718313217e+00,6.4132386446e-01,3.2168771484e+04
3034,2.5354380608e+00,7.8442436457e-01,-1.4119768066e+03,1.5334538221e+00,5.8576178551e-01,3.2173064453e+04
3035,2.5424840450e+00,6.4635771513e-01,-1.4528098145e+03,1.5117568970e+00,6.0078591108e-01,3.2178826172e+04
3036,2.5456297398e+00,4.9878323078e-01,-1.4956358643e+03,1.4533092976e+00,5.3670972586e-01,3.2185470703e+04
3037,2.5447914600e+00,3.4061720967e-01,-1.5191827393e+03,1.4491789341e+00,5.1563590765e-01,3.2192728516e+04
3038,2.5433971882e+00,1.7704533041e-01,-1.5437991943e+03,1.4639321566e+00,4.8682862520e-01,3.2199804688e+04
3039,2.5389075279e+00,1.0347181931e-02,-1.5421624756e+03,1.4757727385e+00,4.5587649941e-01,3.2207037109e+04
3040,2.5328354836e+00,-1.5755832195e-01,-1.5394801025e+03,1.4855127335e+00,4.1360777617e-01,3.2214904297e+04
3041,2.5244636536e+00,-3.2315853238e-01,-1.5247449951e+03,1.4640175104e+00,3.5453978181e-01,3.2221880859e+04
3042,2.5153605938e+00,-4.8596239090e-01,-1.5030625000e+03,1.4472537041e+00,3.4677651525e-01,3.2229810547e+04
3043,2.5051825047e+00,-6.4147150517e-01,-1.4665384521e+03,1.4303352833e+00,2.6281175017e-01,3.2237138672e+04
3044,2.4927017689e+00,-7.9138356447e-01,-1.4287684326e+03,1.4351449013e+00,2.4168723822e-01,3.2243593750e+04
3045,2.4803783894e+00,-9.2946547270e-01,-1.3830427246e+03,1.4479235411e+00,1.8748733401e-01,3.2249617188e+04
3046,2.4667747021e+00,-1.0577237606e+00,-1.3252680664e+03,1.4240890741e+00,1.1873962730e-01,3.2254052734e+04
3047,2.4534273148e+00,-1.1733789444e+00,-1.2613270264e+03,1.4144891500e+00,1.0495536774e-01,3.2258992188e+04
3048,2.4368784428e+00,-1.2737480402e+00,-1.2055330811e+03,1.4194893837e+00,5.2632827312e-02,3.2262244141e+04
3049,2.4218418598e+00,-1.3558576107e+00,-1.1418658447e+03,1.3808978796e+00,8.0014802516e-03,3.2264609375e+04
3050,2.4044847488e+00,-1.4231536388e+00,-1.0925831299e+03,1.3805352449e+00,-4.0191270411e-02,3.2266003906e+04
3051,2.3871746063e+00,-1.4717305899e+00,-1.0296828613e+03,1.3909971714e+00,-1.0171882808e-01,3.2265769531e+04
3052,2.3673932552e+00,-1.4979101419e+00,-9.7802014160e+02,1.3614773750e+00,-1.3595023751e-01,3.2265314453e+04
3053,2.3517827988e+00,-1.5050077438e+00,-9.3898083496e+02,1.4147467613e+00,-1.6868919134e-01,3.2263906250e+04
3054,2.3376703262e+00,-1.4981781244e+00,-9.0069641113e+02,1.3880273104e+00,-1.9765494764e-01,3.2260195312e+04
3055,2.3189988136e+00,-1.4790533781e+00,-8.7211950684e+02,1.4022848606e+00,-2.9945549369e-01,3.2256513672e+04
3056,2.3043122292e+00,-1.4537332058e+00,-8.5334454346e+02,1.4060604572e+00,-3.3810889721e-01,3.2251871094e+04
3057,2.2905721664e+00,-1.4229165316e+00,-8.2171868896e+02,1.3515942097e+00,-3.6826491356e-01,3.2246800781e+04
3058,2.2811510563e+00,-1.3951339722e+00,-8.2938134766e+02,1.3583618402e+00,-4.2096960545e-01,3.2241207031e+04
3059,2.2733094692e+00,-1.3716714382e+00,-8.0987847900e+02,1.3425451517e+00,-4.4876900315e-01,3.2234726562e+04
3060,2.2706961632e+00,-1.3568867445e+00,-8.0870330811e+02,1.3746833801e+00,-4.6712836623e-01,3.2227798828e+04
3061,2.2703020573e+00,-1.3478022814e+00,-8.0946783447e+02,1.3887124062e+00,-5.0718653202e-01,3.2221164062e+04
3062,2.2725956440e+00,-1.3439985514e+00,-8.1489154053e+02,1.4154852629e+00,-5.4664748907e-01,3.2215269531e+04
3063,2.2767772675e+00,-1.3423497677e+00,-8.1471887207e+02,1.4010299444e+00,-5.5617392063e-01,3.2208238281e+04
3064,2.2818796635e+00,-1.3393615484e+00,-8.2957220459e+02,1.4327726364e+00,-6.3654702902e-01,3.2201019531e+04
3065,2.2888691425e+00,-1.3338056803e+00,-8.4099945068e+02,1.4069657326e+00,-6.6097676754e-01,3.2194273438e+04
3066,2.2956507206e+00,-1.3261910677e+00,-8.5377185059e+02,1.4067258835e+00,-6.6137069464e-01,3.2187734375e+04
3067,2.3043994904e+00,-1.3158016205e+00,-8.6908575439e+02,1.4379425049e+00,-6.7852479219e-01,3.2181863281e+04
3068,2.3152489662e+00,-1.3054405451e+00,-8.9161773682e+02,1.4369746447e+00,-6.6050231457e-01,3.2175890625e+04
3069,2.3262066841e+00,-1.2972918749e+00,-9.2231573486e+02,1.4768016338e+00,-6.9259887934e-01,3.2170457031e+04
3070,2.3401839733e+00,-1.2917414904e+00,-9.4366894531e+02,1.4533833265e+00,-7.0724898577e-01,3.2166158203e+04
3071,2.3550274372e+00,-1.2902939320e+00,-9.7811383057e+02,1.4688403606e+00,-7.1925485134e-01,3.2161648438e+04
3072,2.3709402084e+00,-1.2845741510e+00,-1.0040798340e+03,1.4806451797e+00,-7.1802765131e-01,3.2158683594e+04
3073,2.3867766857e+00,-1.2714843750e+00,-1.0672385254e+03,1.4669165611e+00,-7.1549636126e-01,3.2156449219e+04
3074,2.4043574333e+00,-1.2512171268e+00,-1.1112467041e+03,1.4777990580e+00,-6.9324415922e-01,3.2154824219e+04
3075,2.4206135273e+00,-1.2167737484e+00,-1.1674122314e+03,1.5332630873e+00,-6.7898678780e-01,3.2154375000e+04
3076,2.4347066879e+00,-1.1661599874e+00,-1.2250802002e+03,1.4893859625e+00,-6.9564515352e-01,3.2155119141e+04
3077,2.4450602531e+00,-1.0980387926e+00,-1.2762811279e+03,1.4663642645e+00,-6.6376096010e-01,3.2157921875e+04
3078,2.4552807808e+00,-1.0135577917e+00,-1.3458746338e+03,1.4858829975e+00,-6.5154463053e-01,3.2161142578e+04
3079,2.4622149467e+00,-9.0777903795e-01,-1.3936660156e+03,1.4948372841e+00,-5.9708803892e-01,3.2164312500e+04
3080,2.4675750732e+00,-7.8803151846e-01,-1.4532316895e+03,1.5084509850e+00,-6.1583185196e-01,3.2169470703e+04
3081,2.4729585648e+00,-6.5405976772e-01,-1.4951713867e+03,1.4895935059e+00,-5.8227801323e-01,3.2175406250e+04
3082,2.4716453552e+00,-5.0851261616e-01,-1.5509211426e+03,1.4712927341e+00,-5.5364871025e-01,3.2181666016e+04
3083,2.4713573456e+00,-3.5398739576e-01,-1.5671055908e+03,1.4578186274e+00,-5.2242749929e-01,3.2188986328e+04
3084,2.4684092999e+00,-1.9153757393e-01,-1.6026480713e+03,1.4606323242e+00,-4.8015066981e-01,3.2196486328e+04
3085,2.4625158310e+00,-2.7261864394e-02,-1.6088093262e+03,1.4769570827e+00,-4.5103156567e-01,3.2203562500e+04
3086,2.4536235332e+00,1.3883751631e-01,-1.6035869141e+03,1.4652104378e+00,-4.2712983489e-01,3.2211414062e+04
3087,2.4464876652e+00,3.0366837978e-01,-1.5907232666e+03,1.4592883587e+00,-4.0614891052e-01,3.2219408203e+04
3088,2.4366886616e+00,4.6613690257e-01,-1.5713804932e+03,1.4639309645e+00,-2.8871673346e-01,3.2227347656e+04
3089,2.4265561104e+00,6.2430965900e-01,-1.5319165039e+03,1.4351638556e+00,-2.8158730268e-01,3.2235425781e+04
3090,2.4171614647e+00,7.7416509390e-01,-1.4932440186e+03,1.4256843328e+00,-2.6148155332e-01,3.2241683594e+04
3091,2.4083845615e+00,9.1632324457e-01,-1.4299084473e+03,1.4331507683e+00,-1.9992561638e-01,3.2247714844e+04
3092,2.3978223801e+00,1.0443243980e+00,-1.3836617432e+03,1.4063866138e+00,-1.4637733996e-01,3.2253546875e+04
3093,2.3865690231e+00,1.1619347334e+00,-1.3132957764e+03,1.4123092890e+00,-1.0697463900e-01,3.2257845703e+04
3094,2.3756301403e+00,1.2649928331e+00,-1.2506223145e+03,1.4166568518e+00,-1.9650725648e-02,3.2261439453e+04
3095,2.3623738289e+00,1.3492298126e+00,-1.2024169922e+03,1.4093585014e+00,1.7553787678e-02,3.2263912109e+04
3096,2.3506722450e+00,1.4143949747e+00,-1.1242061768e+03,1.3652777672e+00,2.7410583571e-02,3.2264201172e+04
3097,2.3389747143e+00,1.4640215635e+00,-1.0884821777e+03,1.3870621920e+00,8.9533463120e-02,3.2264574219e+04
3098,2.3277223110e+00,1.4923481941e+00,-1.0232487793e+03,1.3899623156e+00,1.5376465023e-01,3.2262716797e+04
3099,2.3171424866e+00,1.5009223223e+00,-9.7249725342e+02,1.3908097744e+00,1.7695830762e-01,3.2260972656e+04
3100,2.3034732342e+00,1.4974437952e+00,-9.4167248535e+02,1.3679007292e+00,2.3463660479e-01,3.2257943359e+04
3101,2.2904810905e+00,1.4818266630e+00,-9.0430981445e+02,1.3683662415e+00,2.5459563732e-01,3.2253597656e+04
3102,2.2795999050e+00,1.4582507610e+00,-8.9070349121e+02,1.3788031340e+00,3.4959518909e-01,3.2249167969e+04
3103,2.2718827724e+00,1.4352259636e+00,-8.5417645264e+02,1.3775693178e+00,3.7769758701e-01,3.2243767578e+04
3104,2.2662625313e+00,1.4131976366e+00,-8.4497906494e+02,1.4003263712e+00,3.9493575692e-01,3.2237189453e+04
3105,2.2619800568e+00,1.3957678080e+00,-8.3755700684e+02,1.3657760620e+00,4.5223486423e-01,3.2230250000e+04
3106,2.2625141144e+00,1.3824766874e+00,-8.3114691162e+02,1.3879503012e+00,4.7738456726e-01,3.2223494141e+04
3107,2.2668945789e+00,1.3749955893e+00,-8.2559735107e+02,1.3912940025e+00,5.2373385429e-01,3.2216494141e+04
3108,2.2725472450e+00,1.3720130920e+00,-8.3091186523e+02,1.3768675327e+00,5.2526366711e-01,3.2208917969e+04
3109,2.2800538540e+00,1.3698506355e+00,-8.3949359131e+02,1.3955917358e+00,5.9218406677e-01,3.2201298828e+04
3110,2.2884221077e+00,1.3674240112e+00,-8.4634545898e+02,1.4165385962e+00,6.1811530590e-01,3.2194460938e+04
3111,2.2982041836e+00,1.3637528419e+00,-8.5021221924e+02,1.4409445524e+00,6.3849520683e-01,3.2187416016e+04
3112,2.3081021309e+00,1.3588709831e+00,-8.7322125244e+02,1.4113116264e+00,6.3109338284e-01,3.2180816406e+04
3113,2.3196034431e+00,1.3546420336e+00,-8.8140313721e+02,1.4471337795e+00,6.8173676729e-01,3.2174529297e+04
3114,2.3319754601e+00,1.3513320684e+00,-9.0217193604e+02,1.4078416824e+00,6.6184228659e-01,3.2169246094e+04
3115,2.3473098278e+00,1.3494044542e+00,-9.2693994141e+02,1.4396954775e+00,6.8994599581e-01,3.2164283203e+04
3116,2.3643734455e+00,1.3492398262e+00,-9.4667260742e+02,1.4692656994e+00,7.1366691589e-01,3.2159244141e+04
3117,2.3839156628e+00,1.3457595110e+00,-9.8163220215e+02,1.4483774900e+00,7.1536958218e-01,3.2154736328e+04
3118,2.4047336578e+00,1.3401905298e+00,-1.0197145996e+03,1.4689593315e+00,7.2153449059e-01,3.2151425781e+04
3119,2.4237489700e+00,1.3226720095e+00,-1.0555466309e+03,1.5038998127e+00,7.0295089483e-01,3.2150359375e+04
3120,2.4445893764e+00,1.2924520969e+00,-1.1110166016e+03,1.4779191017e+00,6.8482393026e-01,3.2148763672e+04
3121,2.4654188156e+00,1.2445756197e+00,-1.1728089600e+03,1.4909691811e+00,6.7294555902e-01,3.2149029297e+04
3122,2.4821875095e+00,1.1787006855e+00,-1.2234580078e+03,1.4736961126e+00,6.5373563766e-01,3.2150554688e+04
3123,2.4981472492e+00,1.0916798115e+00,-1.2796412354e+03,1.5103687048e+00,6.5254563093e-01,3.2152496094e+04
3124,2.5105636120e+00,9.9153912067e-01,-1.3329354248e+03,1.4971110821e+00,6.1408019066e-01,3.2156226562e+04
3125,2.5183677673e+00,8.7502396107e-01,-1.3872741699e+03,1.4923946857e+00,6.0943591595e-01,3.2160541016e+04
3126,2.5251226425e+00,7.4116885662e-01,-1.4463574219e+03,1.5033489466e+00,6.2272036076e-01,3.2165958984e+04
3127,2.5298426151e+00,5.9680271149e-01,-1.4858267822e+03,1.4712436199e+00,5.8027845621e-01,3.2173015625e+04
3128,2.5313353539e+00,4.4033086300e-01,-1.5226948242e+03,1.4913167953e+00,5.1983338594e-01,3.2180515625e+04
3129,2.5301995277e+00,2.7841857076e-01,-1.5287407227e+03,1.4563632011e+00,5.1968443394e-01,3.2188060547e+04
3130,2.5261657238e+00,1.1339442432e-01,-1.5549663086e+03,1.4769630432e+00,4.7885277867e-01,3.2196052734e+04
3131,2.5223996639e+00,-5.4813437164e-02,-1.5453388672e+03,1.4586368799e+00,4.2295280099e-01,3.2204117188e+04
3132,2.5177650452e+00,-2.2431883216e-01,-1.5522746582e+03,1.4662604332e+00,3.9845710993e-01,3.2211611328e+04
3133,2.5104503632e+00,-3.9002478123e-01,-1.5202567139e+03,1.4593249559e+00,3.7219718099e-01,3.2219730469e+04
3134,2.5011997223e+00,-5.5124890804e-01,-1.5055301514e+03,1.4489605427e+00,3.3750352263e-01,3.2227890625e+04
3135,2.4920318127e+00,-7.0775932074e-01,-1.4645744629e+03,1.4379298687e+00,2.7786201239e-01,3.2235341797e+04
3136,2.4823639393e+00,-8.5609477758e-01,-1.4196662598e+03,1.4362527132e+00,2.6154160500e-01,3.2242085938e+04
3137,2.4702713490e+00,-9.9133503437e-01,-1.3653044434e+03,1.4467523098e+00,1.5948349237e-01,3.2247867188e+04
3138,2.4590489864e+00,-1.1133047342e+00,-1.3220742188e+03,1.4258780479e+00,1.3016532362e-01,3.2253832031e+04
3139,2.4476923943e+00,-1.2247540951e+00,-1.2452856445e+03,1.3888583183e+00,7.3667831719e-02,3.2259308594e+04
3140,2.4344959259e+00,-1.3194576502e+00,-1.1933676758e+03,1.3957372904e+00,4.4752426445e-02,3.2263234375e+04
3141,2.4193263054e+00,-1.3943575621e+00,-1.1339117432e+03,1.4020848274e+00,-1.0936278850e-02,3.2265226562e+04
3142,2.4062681198e+00,-1.4508839846e+00,-1.0644150391e+03,1.4031295776e+00,-4.0119323879e-02,3.2265285156e+04
3143,2.3895747662e+00,-1.4871395826e+00,-1.0186435547e+03,1.4230636358e+00,-9.1180726886e-02,3.2265228516e+04
3144,2.3757648468e+00,-1.5069708824e+00,-9.5308276367e+02,1.3899927139e+00,-1.4718598127e-01,3.2263601562e+04
3145,2.3584945202e+00,-1.5070201159e+00,-9.3625085449e+02,1.3724795580e+00,-1.9061020017e-01,3.2261251953e+04
3146,2.3441407681e+00,-1.4949990511e+00,-8.9177551270e+02,1.3723113537e+00,-2.2013138235e-01,3.2258308594e+04
3147,2.3291406631e+00,-1.4700182676e+00,-8.7701934814e+02,1.3633239269e+00,-2.8478866816e-01,3.2254318359e+04
3148,2.3152418137e+00,-1.4393696785e+00,-8.5639703369e+02,1.3772845268e+00,-3.5107690096e-01,3.2249722656e+04
3149,2.3057847023e+00,-1.4093015194e+00,-8.4005035400e+02,1.3858363628e+00,-3.7564888597e-01,3.2243402344e+04
3150,2.2980701923e+00,-1.3809440136e+00,-8.3155584717e+02,1.4248982668e+00,-4.2838042974e-01,3.2236369141e+04
3151,2.2942724228e+00,-1.3599455357e+00,-8.1099743652e+02,1.4074180126e+00,-4.4822785258e-01,3.2229076172e+04
3152,2.2944889069e+00,-1.3465726376e+00,-8.1278948975e+02,1.3766107559e+00,-4.7349470854e-01,3.2222808594e+04
3153,2.2972269058e+00,-1.3364275694e+00,-8.1356243896e+02,1.4074640274e+00,-5.3557121754e-01,3.2215224609e+04
3154,2.3022673130e+00,-1.3315781355e+00,-8.1878710938e+02,1.4133547544e+00,-5.5041694641e-01,3.2207501953e+04
3155,2.3088235855e+00,-1.3266915083e+00,-8.3147955322e+02,1.4068967104e+00,-6.1276906729e-01,3.2200195312e+04
3156,2.3166062832e+00,-1.3212903738e+00,-8.3630108643e+02,1.3836693764e+00,-5.8933120966e-01,3.2192468750e+04
3157,2.3246622086e+00,-1.3129318953e+00,-8.5241448975e+02,1.4406262636e+00,-6.3683724403e-01,3.2185597656e+04
3158,2.3348937035e+00,-1.3005537987e+00,-8.5523492432e+02,1.4359539747e+00,-6.4002525806e-01,3.2178767578e+04
3159,2.3473460674e+00,-1.2888339758e+00,-8.7762329102e+02,1.4204537868e+00,-6.6179573536e-01,3.2172712891e+04
3160,2.3609519005e+00,-1.2772414684e+00,-9.0109222412e+02,1.4521108866e+00,-6.9264924526e-01,3.2167056641e+04
3161,2.3769676685e+00,-1.2666282654e+00,-9.1743090820e+02,1.4543462992e+00,-6.8813866377e-01,3.2161285156e+04
3162,2.3952257633e+00,-1.2575633526e+00,-9.5250286865e+02,1.4289022684e+00,-6.7780870199e-01,3.2156492188e+04
3163,2.4155344963e+00,-1.2500072718e+00,-9.8566998291e+02,1.4655165672e+00,-6.9159352779e-01,3.2153128906e+04
3164,2.4363615513e+00,-1.2382305861e+00,-1.0212764282e+03,1.4683935642e+00,-7.1366715431e-01,3.2149294922e+04
3165,2.4569425583e+00,-1.2224001884e+00,-1.0570147705e+03,1.5013269186e+00,-7.1361070871e-01,3.2147535156e+04
3166,2.4775135517e+00,-1.1925215721e+00,-1.1175981445e+03,1.4629956484e+00,-7.0395463705e-01,3.2146683594e+04
3167,2.4969246387e+00,-1.1434506178e+00,-1.1602803955e+03,1.4865652323e+00,-6.8322205544e-01,3.2147376953e+04
3168,2.5146076679e+00,-1.0803134441e+00,-1.2219979248e+03,1.4958827496e+00,-6.6054975986e-01,3.2148265625e+04
3169,2.5288732052e+00,-9.9847757816e-01,-1.2701916504e+03,1.4881546497e+00,-6.5131777525e-01,3.2149980469e+04
3170,2.5410387516e+00,-9.0251368284e-01,-1.3259981689e+03,1.4988769293e+00,-6.1704844236e-01,3.2153992188e+04
3171,2.5508563519e+00,-7.9059731960e-01,-1.3613095703e+03,1.4941210747e+00,-5.9780466557e-01,3.2158931641e+04
3172,2.5548667908e+00,-6.6376942396e-01,-1.4205439453e+03,1.4901424646e+00,-5.8018648624e-01,3.2164500000e+04
3173,2.5583169460e+00,-5.2249437571e-01,-1.4541389160e+03,1.5120742321e+00,-5.5375772715e-01,3.2171429688e+04
3174,2.5583114624e+00,-3.7421971560e-01,-1.4922081299e+03,1.5003380775e+00,-5.3913426399e-01,3.2179142578e+04
3175,2.5571358204e+00,-2.1987748146e-01,-1.5017810059e+03,1.4598284960e+00,-4.8418530822e-01,3.2187246094e+04
3176,2.5526144505e+00,-6.1033047736e-02,-1.5192773438e+03,1.4526404142e+00,-4.7040089965e-01,3.2195593750e+04
3177,2.5447585583e+00,1.0050456971e-01,-1.5069739990e+03,1.4563806057e+00,-4.2375403643e-01,3.2203912109e+04
3178,2.5358512402e+00,2.6247581840e-01,-1.4994016113e+03,1.4637515545e+00,-3.7653708458e-01,3.2212720703e+04
3179,2.5253448486e+00,4.2274826765e-01,-1.4683763428e+03,1.4681718349e+00,-3.4110671282e-01,3.2220722656e+04
3180,2.5135886669e+00,5.7773584127e-01,-1.4482280273e+03,1.4325903654e+00,-2.9389962554e-01,3.2229210938e+04
3181,2.5006687641e+00,7.2653245926e-01,-1.4002218018e+03,1.4772613049e+00,-2.2966308892e-01,3.2237005859e+04
3182,2.4856951237e+00,8.6354529858e-01,-1.3699185791e+03,1.4254907370e+00,-2.3004959524e-01,3.2244382812e+04
3183,2.4728465080e+00,9.8949790001e-01,-1.2987977295e+03,1.4321856499e+00,-1.5493385494e-01,3.2251109375e+04
3184,2.4586358070e+00,1.1038330793e+00,-1.2466624756e+03,1.4231774807e+00,-1.1092994362e-01,3.2256140625e+04
3185,2.4415609837e+00,1.2030390501e+00,-1.1887032471e+03,1.4157415628e+00,-5.2565842867e-02,3.2259988281e+04
3186,2.4242384434e+00,1.2862402201e+00,-1.1245439453e+03,1.3906506300e+00,-4.5931167901e-02,3.2264548828e+04
3187,2.4068245888e+00,1.3533281088e+00,-1.0696894531e+03,1.3939945698e+00,3.9996184409e-02,3.2266802734e+04
3188,2.3877487183e+00,1.4047225714e+00,-1.0217296753e+03,1.3914874792e+00,7.5348436832e-02,3.2267708984e+04
3189,2.3692297935e+00,1.4369511604e+00,-9.6243072510e+02,1.4081274271e+00,1.1173088104e-01,3.2266994141e+04
3190,2.3487331867e+00,1.4512816668e+00,-9.3320098877e+02,1.3749922514e+00,1.6867424548e-01,3.2265648438e+04
3191,2.3312273026e+00,1.4501909018e+00,-8.9694354248e+02,1.3611716032e+00,1.9274635613e-01,3.2263609375e+04
3192,2.3134546280e+00,1.4393987656e+00,-8.7054046631e+02,1.3843193054e+00,2.7948310971e-01,3.2258607422e+04
3193,2.2964689732e+00,1.4203995466e+00,-8.4717572021e+02,1.4251519442e+00,2.9352164268e-01,3.2254468750e+04
3194,2.2842617035e+00,1.3986414671e+00,-8.3456378174e+02,1.3407516479e+00,3.3203849196e-01,3.2249203125e+04
3195,2.2739427090e+00,1.3776218891e+00,-8.1377166748e+02,1.3385593891e+00,3.9681756496e-01,3.2242851562e+04
3196,2.2653014660e+00,1.3606495857e+00,-8.1142413330e+02,1.3842967749e+00,4.2717835307e-01,3.2235255859e+04
3197,2.2597274780e+00,1.3498084545e+00,-8.0609881592e+02,1.4201858044e+00,4.4686812162e-01,3.2227654297e+04
3198,2.2582492828e+00,1.3454991579e+00,-8.0413037109e+02,1.3982949257e+00,4.9208876491e-01,3.2219390625e+04
3199,2.2596349716e+00,1.3446933031e+00,-8.0249859619e+02,1.4253648520e+00,5.4326820374e-01,3.2211503906e+04
3200,2.2615845203e+00,1.3467631340e+00,-8.1780743408e+02,1.3762310743e+00,5.7205998898e-01,3.2203683594e+04
3201,2.2671632767e+00,1.3474574089e+00,-8.2251458740e+02,1.4114799500e+00,5.6842613220e-01,3.2195300781e+04
3202,2.2720797062e+00,1.3481495380e+00,-8.3543157959e+02,1.4328720570e+00,6.0890775919e-01,3.2187941406e+04
3203,2.2774658203e+00,1.3455104828e+00,-8.4191821289e+02,1.4443114996e+00,6.3372075558e-01,3.2179789062e+04
3204,2.2834565639e+00,1.3405451775e+00,-8.7705969238e+02,1.4040236473e+00,6.6713708639e-01,3.2172697266e+04
3205,2.2940094471e+00,1.3343410492e+00,-8.7327294922e+02,1.4208517075e+00,6.5455895662e-01,3.2166746094e+04
3206,2.3025205135e+00,1.3310146332e+00,-9.0997290039e+02,1.4280281067e+00,6.8991845846e-01,3.2161203125e+04
3207,2.3146576881e+00,1.3264181614e+00,-9.4081787109e+02,1.4746451378e+00,7.0444655418e-01,3.2155466797e+04
3208,2.3279688358e+00,1.3258929253e+00,-9.5772930908e+02,1.4537817240e+00,6.8248933554e-01,3.2151437500e+04
3209,2.3425300121e+00,1.3259179592e+00,-9.9251794434e+02,1.4885597229e+00,7.0000648499e-01,3.2147650391e+04
3210,2.3573348522e+00,1.3186190128e+00,-1.0341890869e+03,1.4902367592e+00,7.1741533279e-01,3.2144978516e+04
3211,2.3731176853e+00,1.3017699718e+00,-1.0775980225e+03,1.5045324564e+00,6.9679611921e-01,3.2142703125e+04
3212,2.3876652718e+00,1.2714668512e+00,-1.1291759033e+03,1.4860605001e+00,6.7891770601e-01,3.2142804688e+04
3213,2.4012267590e+00,1.2229561806e+00,-1.1852801514e+03,1.4857434034e+00,6.5226960182e-01,3.2143312500e+04
3214,2.4124693871e+00,1.1601588726e+00,-1.2413052979e+03,1.4735757113e+00,6.7096984386e-01,3.2144982422e+04
3215,2.4188508987e+00,1.0778254271e+00,-1.3139190674e+03,1.4798618555e+00,6.4265900850e-01,3.2148898438e+04
3216,2.4253799915e+00,9.7953832150e-01,-1.3712645264e+03,1.5134652853e+00,6.0534238815e-01,3.2153630859e+04
3217,2.4280765057e+00,8.6766082048e-01,-1.4239227295e+03,1.4938380718e+00,6.0329037905e-01,3.2158964844e+04
3218,2.4300422668e+00,7.3849719763e-01,-1.4854248047e+03,1.4776778221e+00,5.9267854691e-01,3.2165796875e+04
3219,2.4306013584e+00,5.9523981810e-01,-1.5260046387e+03,1.4840716124e+00,5.5968809128e-01,3.2172746094e+04
3220,2.4281537533e+00,4.4526338577e-01,-1.5645920410e+03,1.4855606556e+00,5.2447915077e-01,3.2180277344e+04
3221,2.4233360291e+00,2.8516662121e-01,-1.5995443115e+03,1.4754523039e+00,4.8577317595e-01,3.2188359375e+04
3222,2.4178473949e+00,1.1882554740e-01,-1.6089229736e+03,1.4802561998e+00,4.6655690670e-01,3.2197386719e+04
3223,2.4113514423e+00,-4.9690410495e-02,-1.6229354248e+03,1.4606590271e+00,4.2251762748e-01,3.2205925781e+04
3224,2.4040811062e+00,-2.1812470257e-01,-1.6157280273e+03,1.4652209282e+00,3.6166596413e-01,3.2214103516e+04
3225,2.3957560062e+00,-3.8296034932e-01,-1.6041345215e+03,1.4640591145e+00,3.1457808614e-01,3.2223037109e+04
3226,2.3864078522e+00,-5.4481941462e-01,-1.5714711914e+03,1.4490770102e+00,2.9898795485e-01,3.2231824219e+04
3227,2.3765218258e+00,-7.0180851221e-01,-1.5389429932e+03,1.4104166031e+00,2.3031051457e-01,3.2239748047e+04
3228,2.3658144474e+00,-8.5003787279e-01,-1.4958922119e+03,1.4249688387e+00,1.9796539843e-01,3.2246636719e+04
3229,2.3559439182e+00,-9.8707848787e-01,-1.4466275635e+03,1.4197622538e+00,1.4876182377e-01,3.2253066406e+04
3230,2.3472499847e+00,-1.1147096157e+00,-1.3854364014e+03,1.4333434105e+00,1.1385993659e-01,3.2257339844e+04
3231,2.3380103111e+00,-1.2304649353e+00,-1.3247419434e+03,1.3961987495e+00,4.1290663183e-02,3.2260470703e+04
3232,2.3280127048e+00,-1.3269490004e+00,-1.2621989746e+03,1.3855683804e+00,-8.1018069759e-03,3.2263365234e+04
3233,2.3185477257e+00,-1.4064823389e+00,-1.1944517822e+03,1.3902869225e+00,-4.8824615777e-02,3.2264705078e+04
3234,2.3105406761e+00,-1.4666906595e+00,-1.1376081543e+03,1.3790459633e+00,-6.9408796728e-02,3.2264876953e+04
3235,2.2990410328e+00,-1.5121650696e+00,-1.0946147461e+03,1.3980265856e+00,-1.0448180884e-01,3.2262710938e+04
3236,2.2891361713e+00,-1.5357409716e+00,-1.0413488770e+03,1.3787978888e+00,-1.9996833801e-01,3.2259734375e+04
3237,2.2763969898e+00,-1.5396658182e+00,-9.9278106689e+02,1.3648352623e+00,-2.2680771351e-01,3.2256007812e+04
3238,2.2662262917e+00,-1.5305339098e+00,-9.4980548096e+02,1.3945419788e+00,-2.5671607256e-01,3.2251117188e+04
3239,2.2575767040e+00,-1.5067350864e+00,-9.1957342529e+02,1.3746140003e+00,-3.0901908875e-01,3.2245595703e+04
3240,2.2491996288e+00,-1.4767482281e+00,-8.9260772705e+02,1.3970178366e+00,-3.4536215663e-01,3.2239439453e+04
3241,2.2432556152e+00,-1.4443769455e+00,-8.7823150635e+02,1.3762201071e+00,-3.8661614060e-01,3.2231578125e+04
3242,2.2403068542e+00,-1.4133627415e+00,-8.6185760498e+02,1.3772026300e+00,-4.2372512817e-01,3.2224056641e+04
3243,2.2392888069e+00,-1.3893431425e+00,-8.3519268799e+02,1.3668167591e+00,-4.7600716352e-01,3.2216277344e+04
3244,2.2426028252e+00,-1.3725067377e+00,-8.4092541504e+02,1.3825731277e+00,-5.0518715382e-01,3.2208384766e+04
3245,2.2480568886e+00,-1.3611527681e+00,-8.3535809326e+02,1.3785333633e+00,-5.1303285360e-01,3.2199263672e+04
3246,2.2554762363e+00,-1.3549466133e+00,-8.3084613037e+02,1.4140980244e+00,-5.2445763350e-01,3.2192095703e+04
3247,2.2643074989e+00,-1.3504320383e+00,-8.3395013428e+02,1.4182648659e+00,-5.6923288107e-01,3.2184154297e+04
3248,2.2738108635e+00,-1.3442956209e+00,-8.4066290283e+02,1.3756533861e+00,-6.2444567680e-01,3.2176910156e+04
3249,2.2847061157e+00,-1.3353911638e+00,-8.5256323242e+02,1.4339305162e+00,-6.3487696648e-01,3.2169613281e+04
3250,2.2967162132e+00,-1.3251556158e+00,-8.6247393799e+02,1.4107884169e+00,-6.3851839304e-01,3.2161841797e+04
3251,2.3106207848e+00,-1.3126333952e+00,-8.7573602295e+02,1.4324984550e+00,-6.7728239298e-01,3.2156152344e+04
3252,2.3240132332e+00,-1.3020615578e+00,-8.9352087402e+02,1.4442199469e+00,-6.8924921751e-01,3.2150648438e+04
3253,2.3419899940e+00,-1.2910023928e+00,-9.1223376465e+02,1.4955306053e+00,-6.7378687859e-01,3.2145812500e+04
3254,2.3604176044e+00,-1.2847887278e+00,-9.4616918945e+02,1.4467135668e+00,-6.9793379307e-01,3.2141804688e+04
3255,2.3815202713e+00,-1.2773668766e+00,-9.7606048584e+02,1.4762800932e+00,-6.8228852749e-01,3.2139769531e+04
3256,2.4027707577e+00,-1.2675213814e+00,-1.0067983398e+03,1.4819722176e+00,-6.4628374577e-01,3.2138044922e+04
3257,2.4248213768e+00,-1.2516335249e+00,-1.0473754883e+03,1.4938862324e+00,-6.5573585033e-01,3.2137154297e+04
3258,2.4446372986e+00,-1.2232023478e+00,-1.1059610596e+03,1.4838204384e+00,-6.9513320923e-01,3.2137519531e+04
3259,2.4664227962e+00,-1.1830750704e+00,-1.1358061523e+03,1.4909085035e+00,-6.8452996016e-01,3.2138968750e+04
3260,2.4848456383e+00,-1.1229131222e+00,-1.1909581299e+03,1.4883881807e+00,-6.3563042879e-01,3.2142060547e+04
3261,2.4999642372e+00,-1.0398387909e+00,-1.2503173828e+03,1.4515461922e+00,-6.2123727798e-01,3.2145957031e+04
3262,2.5123536587e+00,-9.4349008799e-01,-1.3140218506e+03,1.4947186708e+00,-5.9164923429e-01,3.2151146484e+04
3263,2.5227506161e+00,-8.3122235537e-01,-1.3627115479e+03,1.4827902317e+00,-5.5908662081e-01,3.2157417969e+04
3264,2.5309295654e+00,-7.0372664928e-01,-1.4081290283e+03,1.5003312826e+00,-5.7430571318e-01,3.2163687500e+04
3265,2.5345082283e+00,-5.6367647648e-01,-1.4616723633e+03,1.4990402460e+00,-5.4307526350e-01,3.2171527344e+04
3266,2.5361135006e+00,-4.1418913007e-01,-1.4810543213e+03,1.4634661674e+00,-4.9273666739e-01,3.2179810547e+04
3267,2.5347547531e+00,-2.5873157382e-01,-1.5105538330e+03,1.4756121635e+00,-4.6104073524e-01,3.2188652344e+04
3268,2.5315213203e+00,-9.9927976727e-02,-1.5315206299e+03,1.4637436867e+00,-4.4247058034e-01,3.2197748047e+04
3269,2.5268752575e+00,6.4853101969e-02,-1.5291278076e+03,1.4642281532e+00,-3.7411490083e-01,3.2206652344e+04
3270,2.5208652020e+00,2.2812093794e-01,-1.5232669678e+03,1.4313274622e+00,-3.6066657305e-01,3.2215179688e+04
3271,2.5132396221e+00,3.8828453422e-01,-1.5062845459e+03,1.4565397501e+00,-3.2569870353e-01,3.2223851562e+04
3272,2.5042641163e+00,5.4606401920e-01,-1.4777770996e+03,1.4676487446e+00,-2.7671432495e-01,3.2231976562e+04
3273,2.4944427013e+00,6.9586122036e-01,-1.4444289551e+03,1.4262709618e+00,-2.2484458983e-01,3.2239367188e+04
3274,2.4847080708e+00,8.3568006754e-01,-1.3998226318e+03,1.4300874472e+00,-1.6629974544e-01,3.2245410156e+04
3275,2.4727878571e+00,9.6780794859e-01,-1.3525577393e+03,1.4308772087e+00,-1.3793830574e-01,3.2251267578e+04
3276,2.4587066174e+00,1.0910785198e+00,-1.2994288330e+03,1.4021188021e+00,-9.6416398883e-02,3.2255484375e+04
3277,2.4460728168e+00,1.1959695816e+00,-1.2480036621e+03,1.3882251978e+00,-1.2206192128e-02,3.2259984375e+04
3278,2.4307203293e+00,1.2817887068e+00,-1.1824619141e+03,1.3917199373e+00,-2.5955962483e-03,3.2260996094e+04
3279,2.4154574871e+00,1.3550382853e+00,-1.1201614990e+03,1.3900544643e+00,7.9002529383e-02,3.2261968750e+04
3280,2.3987238407e+00,1.4102145433e+00,-1.0758051758e+03,1.3752104044e+00,1.1341407895e-01,3.2260785156e+04
3281,2.3829443455e+00,1.4464776516e+00,-1.0201417236e+03,1.3914008141e+00,1.2656615674e-01,3.2259339844e+04
3282,2.3656926155e+00,1.4635380507e+00,-9.7769036865e+02,1.3733068705e+00,1.9855026901e-01,3.2256964844e+04
3283,2.3479728699e+00,1.4650650024e+00,-9.2854541016e+02,1.3783344030e+00,2.4808411300e-01,3.2252312500e+04
3284,2.3307344913e+00,1.4537900686e+00,-9.1833807373e+02,1.3858065605e+00,2.8955841064e-01,3.2248242188e+04
3285,2.3151507378e+00,1.4375705719e+00,-8.7274688721e+02,1.3712271452e+00,3.3150482178e-01,3.2243210938e+04
3286,2.3044626713e+00,1.4155884981e+00,-8.6181530762e+02,1.3664033413e+00,3.6478292942e-01,3.2236937500e+04
3287,2.2924554348e+00,1.3939508200e+00,-8.5144873047e+02,1.3855339289e+00,4.1706329584e-01,3.2230890625e+04
3288,2.2861003876e+00,1.3767297268e+00,-8.2843939209e+02,1.3683853149e+00,4.4386482239e-01,3.2223791016e+04
3289,2.2811858654e+00,1.3643516302e+00,-8.2695898438e+02,1.3794188499e+00,5.0564175844e-01,3.2216474609e+04
3290,2.2794671059e+00,1.3577395678e+00,-8.2134661865e+02,1.3651934862e+00,5.1507478952e-01,3.2209181641e+04
3291,2.2813539505e+00,1.3558350801e+00,-8.2471447754e+02,1.4205596447e+00,5.4649841785e-01,3.2201990234e+04
3292,2.2838566303e+00,1.3553398848e+00,-8.2359228516e+02,1.4012832642e+00,5.9178680182e-01,3.2194056641e+04
3293,2.2904450893e+00,1.3541396856e+00,-8.2137536621e+02,1.3990436792e+00,6.0826486349e-01,3.2186445312e+04
3294,2.2956955433e+00,1.3522602320e+00,-8.4270300293e+02,1.4038723707e+00,6.2323516607e-01,3.2179953125e+04
3295,2.3035960197e+00,1.3472863436e+00,-8.5046325684e+02,1.4382644892e+00,6.2845522165e-01,3.2173332031e+04
3296,2.3119933605e+00,1.3418521881e+00,-8.6860443115e+02,1.4267519712e+00,6.3876527548e-01,3.2167181641e+04
3297,2.3223962784e+00,1.3366792202e+00,-8.7557196045e+02,1.4137809277e+00,6.7165803909e-01,3.2162041016e+04
3298,2.3352520466e+00,1.3312485218e+00,-9.1383343506e+02,1.4531031847e+00,6.8437814713e-01,3.2157308594e+04
3299,2.3492166996e+00,1.3287609816e+00,-9.3464959717e+02,1.4409582615e+00,6.7047554255e-01,3.2153148438e+04
3300,2.3646357059e+00,1.3272571564e+00,-9.6059674072e+02,1.4520684481e+00,6.9458252192e-01,3.2150380859e+04
3301,2.3829557896e+00,1.3227591515e+00,-9.9434863281e+02,1.4420360327e+00,7.1148103476e-01,3.2147638672e+04
3302,2.4011452198e+00,1.3135849237e+00,-1.0265137939e+03,1.4731298685e+00,7.1818023920e-01,3.2145294922e+04
3303,2.4187712669e+00,1.2943090200e+00,-1.0757794189e+03,1.4591716528e+00,6.7868041992e-01,3.2144753906e+04
3304,2.4357335567e+00,1.2586054802e+00,-1.1239743652e+03,1.4958670139e+00,6.4600157738e-01,3.2144869141e+04
3305,2.4513716698e+00,1.2085571289e+00,-1.1783563232e+03,1.5157330036e+00,6.7734330893e-01,3.2146197266e+04
3306,2.4643082619e+00,1.1445779800e+00,-1.2458507080e+03,1.4802889824e+00,6.3551801443e-01,3.2148830078e+04
3307,2.4751055241e+00,1.0567526817e+00,-1.2988027344e+03,1.4349718094e+00,6.2353056669e-01,3.2151626953e+04
3308,2.4826357365e+00,9.4954431057e-01,-1.3548251953e+03,1.5090674162e+00,5.9662652016e-01,3.2156255859e+04
3309,2.4913260937e+00,8.2713854313e-01,-1.4480946045e+03,1.4903014898e+00,5.6613469124e-01,3.2161804688e+04
3310,2.4931259155e+00,6.9420850277e-01,-1.4631782227e+03,1.4971270561e+00,5.5818837881e-01,3.2167884766e+04
3311,2.4922306538e+00,5.4771548510e-01,-1.5193807373e+03,1.4921079874e+00,5.2669507265e-01,3.2174382812e+04
3312,2.4924294949e+00,3.9179965854e-01,-1.5335451660e+03,1.4888974428e+00,4.6670421958e-01,3.2182476562e+04
3313,2.4882035255e+00,2.3074723780e-01,-1.5691842041e+03,1.4321616888e+00,4.7710809112e-01,3.2191136719e+04
3314,2.4826965332e+00,6.4793571830e-02,-1.5743748779e+03,1.4398287535e+00,4.2225396633e-01,3.2199257812e+04
3315,2.4761238098e+00,-1.0322297364e-01,-1.5861069336e+03,1.4774279594e+00,3.7690857053e-01,3.2208009766e+04
3316,2.4674968719e+00,-2.7098846436e-01,-1.5721026611e+03,1.4808239937e+00,3.3943948150e-01,3.2216337891e+04
3317,2.4593341351e+00,-4.3705835938e-01,-1.5566613770e+03,1.4410363436e+00,2.9537689686e-01,3.2223578125e+04
3318,2.4491505623e+00,-5.9652537107e-01,-1.5199664307e+03,1.4299997091e+00,2.4668510258e-01,3.2230404297e+04
3319,2.4374077320e+00,-7.4788165092e-01,-1.4763962402e+03,1.4353430271e+00,2.2333878279e-01,3.2237873047e+04
3320,2.4259116650e+00,-8.9209830761e-01,-1.4343150635e+03,1.4532821178e+00,1.8484032154e-01,3.2244841797e+04
3321,2.4135391712e+00,-1.0260740519e+00,-1.3774687500e+03,1.4159389734e+00,9.3493044376e-02,3.2249175781e+04
3322,2.4009325504e+00,-1.1450634003e+00,-1.3224533691e+03,1.4112247229e+00,5.7049788535e-02,3.2253263672e+04
3323,2.3871347904e+00,-1.2519673109e+00,-1.2594239502e+03,1.3781933784e+00,1.3469314203e-02,3.2257220703e+04
3324,2.3747048378e+00,-1.3418756723e+00,-1.1909593506e+03,1.3783001900e+00,-1.5575179830e-02,3.2259015625e+04
3325,2.3626720905e+00,-1.4144562483e+00,-1.1418415527e+03,1.4210500717e+00,-6.1023101211e-02,3.2260332031e+04
3326,2.3485853672e+00,-1.4670022726e+00,-1.0756591797e+03,1.4040992260e+00,-9.9374622107e-02,3.2260320312e+04
3327,2.3337104321e+00,-1.5044946671e+00,-1.0318020020e+03,1.3837684393e+00,-1.7947456241e-01,3.2259804688e+04
3328,2.3180477619e+00,-1.5238378048e+00,-9.7739648438e+02,1.3973656893e+00,-2.0191948116e-01,3.2257603516e+04
3329,2.3043694496e+00,-1.5223162174e+00,-9.3792669678e+02,1.3645275831e+00,-2.4913643301e-01,3.2254804688e+04
3330,2.2902476788e+00,-1.5083693266e+00,-9.0860461426e+02,1.3403983116e+00,-3.0700722337e-01,3.2250835938e+04
3331,2.2760493755e+00,-1.4827313423e+00,-8.7564660645e+02,1.4092565775e+00,-3.3380293846e-01,3.2245328125e+04
3332,2.2635610104e+00,-1.4516962767e+00,-8.5340795898e+02,1.3881930113e+00,-3.8983786106e-01,3.2240031250e+04
3333,2.2533903122e+00,-1.4202598333e+00,-8.4388610840e+02,1.3783584833e+00,-4.1715821624e-01,3.2233064453e+04
3334,2.2487993240e+00,-1.3928756714e+00,-8.3360607910e+02,1.4058233500e+00,-4.8804771900e-01,3.2227283203e+04
3335,2.2465596199e+00,-1.3715536594e+00,-8.2363824463e+02,1.3574146032e+00,-4.8835974932e-01,3.2220322266e+04
3336,2.2484071255e+00,-1.3580075502e+00,-8.3191540527e+02,1.3908828497e+00,-5.2277040482e-01,3.2212378906e+04
3337,2.2506692410e+00,-1.3516951799e+00,-8.2286804199e+02,1.4020887613e+00,-5.7211190462e-01,3.2205025391e+04
3338,2.2556657791e+00,-1.3463665247e+00,-8.2293145752e+02,1.4021269083e+00,-5.8040654659e-01,3.2197117188e+04
3339,2.2620317936e+00,-1.3438521624e+00,-8.3454785156e+02,1.4394851923e+00,-6.0692185163e-01,3.2189849609e+04
3340,2.2684798241e+00,-1.3401236534e+00,-8.4303259277e+02,1.4282666445e+00,-6.3074767590e-01,3.2182919922e+04
3341,2.2767300606e+00,-1.3335874081e+00,-8.5134674072e+02,1.4279369116e+00,-6.6114294529e-01,3.2175246094e+04
3342,2.2838087082e+00,-1.3232886791e+00,-8.8607592773e+02,1.4113863707e+00,-6.7294698954e-01,3.2168902344e+04
3343,2.2942981720e+00,-1.3135496378e+00,-8.8848284912e+02,1.4529772997e+00,-6.8790167570e-01,3.2162357422e+04
3344,2.3066880703e+00,-1.3062360287e+00,-9.1365234375e+02,1.4614819288e+00,-6.8309813738e-01,3.2157427734e+04
3345,2.3200941086e+00,-1.3001632690e+00,-9.5083581543e+02,1.4450712204e+00,-6.8934470415e-01,3.2152902344e+04
3346,2.3346445560e+00,-1.2968686819e+00,-9.7256799316e+02,1.4666024446e+00,-6.9782668352e-01,3.2148781250e+04
3347,2.3503990173e+00,-1.2929587364e+00,-1.0166437988e+03,1.5025646687e+00,-7.1829253435e-01,3.2145314453e+04
3348,2.3679468632e+00,-1.2848867178e+00,-1.0407882080e+03,1.4772988558e+00,-7.0627737045e-01,3.2142351562e+04
3349,2.3846435547e+00,-1.2678990364e+00,-1.0964487305e+03,1.4621096849e+00,-6.7425173521e-01,3.2140712891e+04
3350,2.4017965794e+00,-1.2378069162e+00,-1.1424682617e+03,1.4620722532e+00,-6.6094380617e-01,3.2140011719e+04
3351,2.4125044346e+00,-1.1891891956e+00,-1.2080723877e+03,1.5020800829e+00,-6.5913522243e-01,3.2140541016e+04
3352,2.4278728962e+00,-1.1212021112e+00,-1.2585289307e+03,1.5115145445e+00,-6.3637125492e-01,3.2142753906e+04
3353,2.4382302761e+00,-1.0409812927e+00,-1.3309746094e+03,1.4903526306e+00,-6.4362245798e-01,3.2145136719e+04
3354,2.4479272366e+00,-9.3526923656e-01,-1.3897968750e+03,1.4803293943e+00,-5.9511804581e-01,3.2149849609e+04
3355,2.4556093216e+00,-8.1409782171e-01,-1.4284517822e+03,1.4912225008e+00,-5.5781185627e-01,3.2155501953e+04
3356,2.4565784931e+00,-6.8146306276e-01,-1.4931984863e+03,1.5130929947e+00,-5.6821227074e-01,3.2161037109e+04
3357,2.4561333656e+00,-5.3731894493e-01,-1.5411845703e+03,1.5037897825e+00,-5.3984230757e-01,3.2167367188e+04
3358,2.4575736523e+00,-3.8431960344e-01,-1.5565988770e+03,1.4742410183e+00,-5.0127214193e-01,3.2175796875e+04
3359,2.4549107552e+00,-2.2359727323e-01,-1.5821931152e+03,1.4696017504e+00,-4.5850661397e-01,3.2183335938e+04
3360,2.4504799843e+00,-5.9625204653e-02,-1.5972740479e+03,1.4622639418e+00,-4.2438066006e-01,3.2192421875e+04
3361,2.4449102879e+00,1.0639353096e-01,-1.5891253662e+03,1.4664605856e+00,-4.0462028980e-01,3.2200623047e+04
3362,2.4384996891e+00,2.7296897769e-01,-1.5833000488e+03,1.4706062078e+00,-3.2329094410e-01,3.2209460938e+04
3363,2.4305219650e+00,4.3573492765e-01,-1.5661888428e+03,1.4439529181e+00,-3.2053002715e-01,3.2217816406e+04
3364,2.4236636162e+00,5.9515112638e-01,-1.5285855713e+03,1.3908702135e+00,-2.4397903681e-01,3.2227050781e+04
3365,2.4142410755e+00,7.4310332537e-01,-1.4898172607e+03,1.4493014812e+00,-1.9198913872e-01,3.2233802734e+04
3366,2.4038195610e+00,8.8009452820e-01,-1.4465590820e+03,1.4171814919e+00,-1.7233337462e-01,3.2239828125e+04
3367,2.3930895329e+00,1.0092126131e+00,-1.3875775146e+03,1.4215222597e+00,-1.2368698418e-01,3.2246404297e+04
3368,2.3831739426e+00,1.1303440332e+00,-1.3191297607e+03,1.4138705730e+00,-7.6890796423e-02,3.2250917969e+04
3369,2.3703441620e+00,1.2399743795e+00,-1.2677276611e+03,1.3874148130e+00,-3.1042404473e-02,3.2254611328e+04
3370,2.3589742184e+00,1.3337962627e+00,-1.1990185547e+03,1.3968414068e+00,9.4073489308e-03,3.2257556641e+04
3371,2.3481848240e+00,1.4075222015e+00,-1.1444649658e+03,1.4034036398e+00,7.8551560640e-02,3.2258929688e+04
3372,2.3376188278e+00,1.4577381611e+00,-1.0972084961e+03,1.3811705112e+00,1.4758384228e-01,3.2259169922e+04
3373,2.3278899193e+00,1.4917093515e+00,-1.0429842529e+03,1.3717749119e+00,1.9391150773e-01,3.2258804688e+04
3374,2.3170707226e+00,1.5029544830e+00,-1.0009235840e+03,1.3815208673e+00,2.2816826403e-01,3.2256009766e+04
3375,2.3082885742e+00,1.5000216961e+00,-9.6556225586e+02,1.4165028334e+00,2.7049109340e-01,3.2253072266e+04
3376,2.2970454693e+00,1.4894139767e+00,-9.2383612061e+02,1.3810043335e+00,3.2023903728e-01,3.2248044922e+04
3377,2.2857074738e+00,1.4700864553e+00,-8.9442352295e+02,1.3427561522e+00,3.4201171994e-01,3.2241988281e+04
3378,2.2760989666e+00,1.4453125000e+00,-8.7307324219e+02,1.3788828850e+00,4.1864761710e-01,3.2235679688e+04
3379,2.2704944611e+00,1.4223420620e+00,-8.6212030029e+02,1.4216161966e+00,4.4833678007e-01,3.2228156250e+04
3380,2.2674627304e+00,1.4032974243e+00,-8.5702545166e+02,1.3987683058e+00,4.5533791184e-01,3.2220031250e+04
3381,2.2680449486e+00,1.3901326656e+00,-8.4598071289e+02,1.3990087509e+00,5.3010284901e-01,3.2212457031e+04
3382,2.2701892853e+00,1.3818725348e+00,-8.4930419922e+02,1.3906397820e+00,5.5557340384e-01,3.2204599609e+04
3383,2.2748241425e+00,1.3778085709e+00,-8.4211260986e+02,1.4234929085e+00,5.7380408049e-01,3.2196365234e+04
3384,2.2810544968e+00,1.3751617670e+00,-8.5262078857e+02,1.4071234465e+00,6.1641538143e-01,3.2188628906e+04
3385,2.2899017334e+00,1.3722735643e+00,-8.5455664062e+02,1.4027041197e+00,6.6415464878e-01,3.2180898438e+04
3386,2.2985846996e+00,1.3686803579e+00,-8.6480438232e+02,1.4326412678e+00,6.6693717241e-01,3.2173671875e+04
3387,2.3094625473e+00,1.3631873131e+00,-8.6856585693e+02,1.4463049173e+00,6.9274640083e-01,3.2166666016e+04
3388,2.3216521740e+00,1.3578276634e+00,-8.8697344971e+02,1.4433801174e+00,6.8564820290e-01,3.2160130859e+04
3389,2.3351042271e+00,1.3539248705e+00,-9.0869006348e+02,1.4521131516e+00,6.6012573242e-01,3.2154773438e+04
3390,2.3513741493e+00,1.3512972593e+00,-9.2177569580e+02,1.4779963493e+00,7.0810121298e-01,3.2149660156e+04
3391,2.3685722351e+00,1.3489997387e+00,-9.6468035889e+02,1.4469431639e+00,7.2164255381e-01,3.2145107422e+04
3392,2.3878257275e+00,1.3460195065e+00,-9.8836657715e+02,1.4732275009e+00,7.2124129534e-01,3.2142039062e+04
3393,2.4077632427e+00,1.3360922337e+00,-1.0269946289e+03,1.4845216274e+00,7.3554289341e-01,3.2139990234e+04
3394,2.4291870594e+00,1.3176609278e+00,-1.0593590088e+03,1.5169892311e+00,7.2642332315e-01,3.2138855469e+04
3395,2.4488661289e+00,1.2841680050e+00,-1.1217481689e+03,1.4866946936e+00,7.1691668034e-01,3.2138953125e+04
3396,2.4674336910e+00,1.2341229916e+00,-1.1540131836e+03,1.4904839993e+00,6.9135373831e-01,3.2139763672e+04
3397,2.4834089279e+00,1.1669580936e+00,-1.2278742676e+03,1.4952334166e+00,6.7939376831e-01,3.2142494141e+04
3398,2.4975965023e+00,1.0796483755e+00,-1.2743831787e+03,1.5173412561e+00,6.5494036674e-01,3.2145789062e+04
3399,2.5089931488e+00,9.7355711460e-01,-1.3313201904e+03,1.5209643841e+00,6.6358369589e-01,3.2150486328e+04
3400,2.5189023018e+00,8.5278743505e-01,-1.3786901855e+03,1.4833712578e+00,6.2044537067e-01,3.2156785156e+04
3401,2.5260894299e+00,7.1622484922e-01,-1.4456199951e+03,1.4744633436e+00,5.7162863016e-01,3.2162677734e+04
3402,2.5309441090e+00,5.6706523895e-01,-1.4760496826e+03,1.5055601597e+00,5.7576566935e-01,3.2169355469e+04
3403,2.5329549313e+00,4.0809309483e-01,-1.4983787842e+03,1.4950768948e+00,5.3341263533e-01,3.2177554688e+04
3404,2.5321235657e+00,2.4375973642e-01,-1.5224938965e+03,1.4699468613e+00,5.1664149761e-01,3.2184910156e+04
3405,2.5288538933e+00,7.5284436345e-02,-1.5372244873e+03,1.5073870420e+00,4.7738608718e-01,3.2193488281e+04
3406,2.5241899490e+00,-9.4645522535e-02,-1.5426734619e+03,1.4710613489e+00,4.0848320723e-01,3.2202841797e+04
3407,2.5185034275e+00,-2.6307067275e-01,-1.5307757568e+03,1.4612326622e+00,3.8995566964e-01,3.2210628906e+04
3408,2.5110087395e+00,-4.2912822962e-01,-1.5102169189e+03,1.4661536217e+00,3.6734589934e-01,3.2218912109e+04
3409,2.5018036366e+00,-5.8922970295e-01,-1.4732192383e+03,1.4508601427e+00,2.8619155288e-01,3.2226732422e+04
3410,2.4926836491e+00,-7.4333703518e-01,-1.4328566895e+03,1.4218215942e+00,2.4384246767e-01,3.2233841797e+04
3411,2.4830942154e+00,-8.8829624653e-01,-1.3920266113e+03,1.4153261185e+00,2.1155479550e-01,3.2240693359e+04
3412,2.4723114967e+00,-1.0205301046e+00,-1.3332454834e+03,1.4537603855e+00,1.5827438235e-01,3.2246570312e+04
3413,2.4609420300e+00,-1.1406621933e+00,-1.2821734619e+03,1.4507651329e+00,1.1839828640e-01,3.2251638672e+04
3414,2.4495711327e+00,-1.2471975088e+00,-1.2116726074e+03,1.4146777391e+00,7.5324557722e-02,3.2254585938e+04
3415,2.4350688457e+00,-1.3381711245e+00,-1.1636479492e+03,1.4246041775e+00,1.5384292230e-02,3.2257265625e+04
3416,2.4213113785e+00,-1.4081437588e+00,-1.0928608398e+03,1.3887841702e+00,-3.9761506021e-02,3.2259492188e+04
3417,2.4064836502e+00,-1.4557404518e+00,-1.0413983154e+03,1.3599808216e+00,-7.9166263342e-02,3.2259853516e+04
3418,2.3916306496e+00,-1.4887031317e+00,-9.8806945801e+02,1.4068920612e+00,-1.3582962751e-01,3.2259363281e+04
3419,2.3734161854e+00,-1.4983119965e+00,-9.5609307861e+02,1.3720984459e+00,-1.7915305495e-01,3.2257177734e+04
3420,2.3570511341e+00,-1.4919313192e+00,-9.0146466064e+02,1.3765504360e+00,-2.0560806990e-01,3.2253632812e+04
3421,2.3422343731e+00,-1.4776599407e+00,-8.8670227051e+02,1.3770987988e+00,-2.5447815657e-01,3.2250205078e+04
3422,2.3273084164e+00,-1.4517914057e+00,-8.4773309326e+02,1.3713573217e+00,-3.0868819356e-01,3.2246361328e+04
3423,2.3142147064e+00,-1.4222784042e+00,-8.5262750244e+02,1.3609179258e+00,-3.6987763643e-01,3.2240148438e+04
3424,2.3042774200e+00,-1.3930175304e+00,-8.2187304688e+02,1.4025381804e+00,-4.1177406907e-01,3.2233455078e+04
3425,2.2976865768e+00,-1.3692349195e+00,-8.0715808105e+02,1.3844696283e+00,-4.3148803711e-01,3.2226449219e+04
3426,2.2958719730e+00,-1.3509069681e+00,-8.1288513184e+02,1.3814229965e+00,-4.7502440214e-01,3.2219277344e+04
3427,2.2975478172e+00,-1.3387236595e+00,-8.1172277832e+02,1.4068914652e+00,-5.2102601528e-01,3.2213003906e+04
3428,2.3009727001e+00,-1.3318815231e+00,-8.1051184082e+02,1.3814352751e+00,-5.3541094065e-01,3.2204998047e+04
3429,2.3068337440e+00,-1.3268516064e+00,-8.1470916748e+02,1.4271841049e+00,-5.6876212358e-01,3.2197423828e+04
3430,2.3142147064e+00,-1.3209061623e+00,-8.2577551270e+02,1.4022561312e+00,-6.0986047983e-01,3.2190291016e+04
3431,2.3229017258e+00,-1.3142695427e+00,-8.3021118164e+02,1.4375780821e+00,-6.0676115751e-01,3.2183539062e+04
3432,2.3309864998e+00,-1.3046507835e+00,-8.5079357910e+02,1.4589722157e+00,-6.4963155985e-01,3.2177421875e+04
3433,2.3406298161e+00,-1.2940120697e+00,-8.5917541504e+02,1.3989599943e+00,-6.6038304567e-01,3.2171402344e+04
3434,2.3533082008e+00,-1.2834924459e+00,-8.8390460205e+02,1.4179654121e+00,-6.9584274292e-01,3.2166095703e+04
3435,2.3672220707e+00,-1.2743928432e+00,-9.0178857422e+02,1.4251388311e+00,-6.9920164347e-01,3.2161164062e+04
3436,2.3829450607e+00,-1.2677915096e+00,-9.3288653564e+02,1.4602808952e+00,-6.8355828524e-01,3.2156664062e+04
3437,2.3992478848e+00,-1.2617654800e+00,-9.6493243408e+02,1.4733510017e+00,-7.1061795950e-01,3.2152453125e+04
3438,2.4186553955e+00,-1.2531634569e+00,-9.8424395752e+02,1.4762768745e+00,-7.2188830376e-01,3.2150052734e+04
3439,2.4411766529e+00,-1.2412921190e+00,-1.0410961914e+03,1.4858645201e+00,-6.7778015137e-01,3.2148335938e+04
3440,2.4630384445e+00,-1.2160286903e+00,-1.0793488770e+03,1.4744628668e+00,-7.0612335205e-01,3.2146541016e+04
3441,2.4826154709e+00,-1.1793290377e+00,-1.1458981934e+03,1.4740719795e+00,-6.9947326183e-01,3.2146720703e+04
3442,2.5021150112e+00,-1.1291528940e+00,-1.1799490967e+03,1.4919366837e+00,-6.9632613659e-01,3.2146787109e+04
3443,2.5170269012e+00,-1.0597550869e+00,-1.2586915283e+03,1.4938616753e+00,-6.6501706839e-01,3.2149056641e+04
3444,2.5317711830e+00,-9.7107160091e-01,-1.2949873047e+03,1.4931875467e+00,-6.2180721760e-01,3.2151539062e+04
3445,2.5386142731e+00,-8.6425656080e-01,-1.3546604004e+03,1.4997369051e+00,-6.0541945696e-01,3.2155593750e+04
3446,2.5464553833e+00,-7.4712198973e-01,-1.4142247314e+03,1.4904485941e+00,-6.0677582026e-01,3.2160728516e+04
3447,2.5516307354e+00,-6.1680924892e-01,-1.4383112793e+03,1.4786050320e+00,-5.8210539818e-01,3.2166109375e+04
3448,2.5541327000e+00,-4.7282117605e-01,-1.4842476807e+03,1.4962273836e+00,-5.4461598396e-01,3.2172365234e+04
3449,2.5528681278e+00,-3.2212096453e-01,-1.5031926270e+03,1.4763731956e+00,-5.1630377769e-01,3.2179025391e+04
3450,2.5492360592e+00,-1.6501092911e-01,-1.5174464111e+03,1.4898837805e+00,-4.6783611178e-01,3.2185960938e+04
3451,2.5416820049e+00,-5.0368569791e-03,-1.5209141846e+03,1.4789215326e+00,-4.5270538330e-01,3.2193373047e+04
3452,2.5342700481e+00,1.5540385246e-01,-1.5225019531e+03,1.4641643763e+00,-4.0931952000e-01,3.2202261719e+04
3453,2.5252742767e+00,3.1551635265e-01,-1.5094038086e+03,1.4343457222e+00,-3.5913887620e-01,3.2210400391e+04
3454,2.5136024952e+00,4.7357088327e-01,-1.4874792480e+03,1.4569804668e+00,-3.3122679591e-01,3.2218050781e+04
3455,2.5026283264e+00,6.2525743246e-01,-1.4498002930e+03,1.4619700909e+00,-2.6679474115e-01,3.2225339844e+04
3456,2.4888498783e+00,7.6896882057e-01,-1.3972176514e+03,1.4155035019e+00,-2.6029351354e-01,3.2232554688e+04
3457,2.4745280743e+00,9.0391886234e-01,-1.3534521484e+03,1.4067556858e+00,-1.8141120672e-01,3.2238859375e+04
3458,2.4610123634e+00,1.0285601616e+00,-1.2829476318e+03,1.4042035341e+00,-1.4999550581e-01,3.2243966797e+04
3459,2.4444456100e+00,1.1360945702e+00,-1.2421030273e+03,1.4304443598e+00,-1.2207771093e-01,3.2247933594e+04
3460,2.4274342060e+00,1.2296777964e+00,-1.1670629883e+03,1.4366383553e+00,-2.6047058403e-02,3.2251474609e+04
3461,2.4102365971e+00,1.3091437817e+00,-1.1248093262e+03,1.3762534857e+00,-5.1160431467e-03,3.2254378906e+04
3462,2.3921251297e+00,1.3716799021e+00,-1.0579217529e+03,1.3652130365e+00,5.0259932876e-02,3.2255953125e+04
3463,2.3734323978e+00,1.4168571234e+00,-1.0098319092e+03,1.3728049994e+00,8.7099306285e-02,3.2255714844e+04
3464,2.3574154377e+00,1.4433587790e+00,-9.5380596924e+02,1.4115819931e+00,1.1974136531e-01,3.2254222656e+04
3465,2.3353261948e+00,1.4543455839e+00,-9.3530273438e+02,1.4065394402e+00,1.8301665783e-01,3.2252339844e+04
3466,2.3159830570e+00,1.4537206888e+00,-8.7750567627e+02,1.3556222916e+00,2.4412697554e-01,3.2249238281e+04
3467,2.3014738560e+00,1.4342174530e+00,-8.4312603760e+02,1.3739142418e+00,3.0093061924e-01,3.2245138672e+04
3468,2.2856664658e+00,1.4099147320e+00,-8.3336199951e+02,1.3856482506e+00,3.1566306949e-01,3.2240470703e+04
3469,2.2722368240e+00,1.3854928017e+00,-8.1547821045e+02,1.3593032360e+00,3.8285905123e-01,3.2235367188e+04
3470,2.2624068260e+00,1.3641264439e+00,-8.0573327637e+02,1.3783161640e+00,4.0742692351e-01,3.2228568359e+04
3471,2.2574555874e+00,1.3480484486e+00,-7.8894976807e+02,1.4266842604e+00,4.3477576971e-01,3.2221748047e+04
3472,2.2549316883e+00,1.3392161131e+00,-7.9290570068e+02,1.4024761915e+00,4.7691512108e-01,3.2215330078e+04
3473,2.2543516159e+00,1.3377208710e+00,-7.8422845459e+02,1.4204117060e+00,5.5478662252e-01,3.2208339844e+04
3474,2.2561440468e+00,1.3406661749e+00,-7.9218127441e+02,1.3931959867e+00,5.3363680840e-01,3.2201103516e+04
3475,2.2577588558e+00,1.3442569971e+00,-8.0168548584e+02,1.4197287560e+00,5.7382774353e-01,3.2194417969e+04
3476,2.2625894547e+00,1.3467041254e+00,-8.0824847412e+02,1.3976883888e+00,6.2529718876e-01,3.2188082031e+04
3477,2.2676765919e+00,1.3451998234e+00,-8.1983660889e+02,1.4183589220e+00,6.4408171177e-01,3.2181482422e+04
3478,2.2753047943e+00,1.3401284218e+00,-8.3620288086e+02,1.4490973949e+00,6.4099550247e-01,3.2174884766e+04
3479,2.2829918861e+00,1.3335282803e+00,-8.4935382080e+02,1.4393159151e+00,6.7212563753e-01,3.2168560547e+04
3480,2.2922646999e+00,1.3267335892e+00,-8.6873748779e+02,1.4788790941e+00,6.9659668207e-01,3.2163119141e+04
3481,2.3020093441e+00,1.3223505020e+00,-8.9882556152e+02,1.4564642906e+00,6.6157960892e-01,3.2158343750e+04
3482,2.3139500618e+00,1.3198189735e+00,-9.2291699219e+02,1.4719275236e+00,7.0373022556e-01,3.2153076172e+04
3483,2.3275737762e+00,1.3159505129e+00,-9.4056604004e+02,1.4512176514e+00,7.2013366222e-01,3.2149546875e+04
3484,2.3424315453e+00,1.3138402700e+00,-9.8919628906e+02,1.4633958340e+00,6.6390085220e-01,3.2146503906e+04
3485,2.3560998440e+00,1.3051576614e+00,-1.0392041016e+03,1.4852300882e+00,7.0082318783e-01,3.2144187500e+04
3486,2.3719022274e+00,1.2853417397e+00,-1.0771170654e+03,1.5001380444e+00,7.0928215981e-01,3.2143154297e+04
3487,2.3860659599e+00,1.2546089888e+00,-1.1383507080e+03,1.5067417622e+00,7.0874273777e-01,3.2142765625e+04
3488,2.3981211185e+00,1.2079819441e+00,-1.1811663818e+03,1.4953624010e+00,6.6833925247e-01,3.2144148438e+04
3489,2.4078617096e+00,1.1425447464e+00,-1.2556942139e+03,1.5087851286e+00,6.6815078259e-01,3.2146203125e+04
3490,2.4147956371e+00,1.0598160028e+00,-1.3016605225e+03,1.5081208944e+00,6.7632400990e-01,3.2149460938e+04
3491,2.4235472679e+00,9.6145933867e-01,-1.3817613525e+03,1.4838305712e+00,6.0639166832e-01,3.2154208984e+04
3492,2.4279365540e+00,8.4117543697e-01,-1.4299622803e+03,1.4985320568e+00,5.8622539043e-01,3.2159197266e+04
3493,2.4302892685e+00,7.0700889826e-01,-1.4864847412e+03,1.5006295443e+00,5.9153115749e-01,3.2164970703e+04
3494,2.4317581654e+00,5.6245380640e-01,-1.5345759277e+03,1.4922223091e+00,5.4622209072e-01,3.2171550781e+04
3495,2.4293334484e+00,4.0735542774e-01,-1.5723276367e+03,1.4910032749e+00,4.9616065621e-01,3.2178244141e+04
3496,2.4252223969e+00,2.4686400592e-01,-1.5868085938e+03,1.4875258207e+00,4.7491014004e-01,3.2186871094e+04
3497,2.4185819626e+00,8.2468055189e-02,-1.6119675293e+03,1.4812698364e+00,4.4308707118e-01,3.2194580078e+04
3498,2.4110460281e+00,-8.4122724831e-02,-1.6117125244e+03,1.4349282980e+00,4.1225403547e-01,3.2202832031e+04
3499,2.4006361961e+00,-2.5174969435e-01,-1.6347585449e+03,1.4704858065e+00,3.5410749912e-01,3.2210779297e+04
3500,2.3914608955e+00,-4.1688138247e-01,-1.5894228516e+03,1.4464797974e+00,3.2583466172e-01,3.2218310547e+04
3501,2.3790242672e+00,-5.7996755838e-01,-1.5674914551e+03,1.4747977257e+00,2.9516831040e-01,3.2225492188e+04
3502,2.3623113632e+00,-7.3169291019e-01,-1.5188627930e+03,1.4518607855e+00,2.2708030045e-01,3.2232843750e+04
3503,2.3504760265e+00,-8.7355160713e-01,-1.4739119873e+03,1.4239375591e+00,1.9022415578e-01,3.2238927734e+04
3504,2.3396868706e+00,-1.0040748119e+00,-1.4292336426e+03,1.4137307405e+00,1.2147971988e-01,3.2244023438e+04
3505,2.3320605755e+00,-1.1223261356e+00,-1.3633231201e+03,1.4158985615e+00,8.5872113705e-02,3.2248181641e+04
3506,2.3257031441e+00,-1.2321091890e+00,-1.3069539795e+03,1.4065692425e+00,1.6345061362e-02,3.2251488281e+04
3507,2.3158924580e+00,-1.3275829554e+00,-1.2361944580e+03,1.4100359678e+00,2.4915771559e-02,3.2253738281e+04
3508,2.3053424358e+00,-1.4062337875e+00,-1.1859559326e+03,1.4020147324e+00,-4.1191559285e-02,3.2254134766e+04
3509,2.2939333916e+00,-1.4667392969e+00,-1.1224143066e+03,1.4021383524e+00,-1.0812736303e-01,3.2253917969e+04
3510,2.2835676670e+00,-1.5074086189e+00,-1.0646685791e+03,1.3919262886e+00,-1.5677307546e-01,3.2251988281e+04
3511,2.2735188007e+00,-1.5301029682e+00,-1.0174613037e+03,1.3742636442e+00,-1.5794318914e-01,3.2249988281e+04
3512,2.2620365620e+00,-1.5330890417e+00,-9.7506567383e+02,1.4012662172e+00,-2.2860740125e-01,3.2247478516e+04
3513,2.2515685558e+00,-1.5189594030e+00,-9.3602062988e+02,1.3791630268e+00,-2.9394629598e-01,3.2243564453e+04
3514,2.2421762943e+00,-1.4938256741e+00,-9.1364978027e+02,1.3685551882e+00,-3.2147467136e-01,3.2238812500e+04
3515,2.2333266735e+00,-1.4668686390e+00,-8.8201092529e+02,1.3583880663e+00,-3.8424026966e-01,3.2233066406e+04
3516,2.2265088558e+00,-1.4363019466e+00,-8.6275360107e+02,1.3942174911e+00,-4.2621514201e-01,3.2226927734e+04
3517,2.2228822708e+00,-1.4097567797e+00,-8.4040307617e+02,1.3662021160e+00,-4.5577606559e-01,3.2220810547e+04
3518,2.2226555347e+00,-1.3887590170e+00,-8.3430242920e+02,1.3914730549e+00,-4.7195762396e-01,3.2213716797e+04
3519,2.2244906425e+00,-1.3742007017e+00,-8.3424609375e+02,1.4312394857e+00,-4.8700255156e-01,3.2206263672e+04
3520,2.2286133766e+00,-1.3665220737e+00,-8.3211047363e+02,1.3965753317e+00,-5.7319837809e-01,3.2199449219e+04
3521,2.2346563339e+00,-1.3628622293e+00,-8.2767742920e+02,1.3920888901e+00,-5.9329015017e-01,3.2191828125e+04
3522,2.2418878078e+00,-1.3596322536e+00,-8.4027392578e+02,1.3911663294e+00,-6.2490332127e-01,3.2184937500e+04
3523,2.2494134903e+00,-1.3547427654e+00,-8.4818524170e+02,1.4344646931e+00,-6.0359251499e-01,3.2178273438e+04
3524,2.2581675053e+00,-1.3468821049e+00,-8.6033843994e+02,1.4377965927e+00,-6.5141105652e-01,3.2171482422e+04
3525,2.2680058479e+00,-1.3367251158e+00,-8.6927874756e+02,1.4232385159e+00,-7.0895469189e-01,3.2164572266e+04
3526,2.2794487476e+00,-1.3269636631e+00,-8.8728662109e+02,1.4698599577e+00,-6.6556161642e-01,3.2159236328e+04
3527,2.2921273708e+00,-1.3165547848e+00,-9.0666302490e+02,1.4416079521e+00,-6.9964563847e-01,3.2153703125e+04
3528,2.3069889545e+00,-1.3087563515e+00,-9.3499407959e+02,1.4708425999e+00,-7.0580184460e-01,3.2149812500e+04
3529,2.3233773708e+00,-1.3032681942e+00,-9.7085308838e+02,1.4763756990e+00,-7.2556489706e-01,3.2145925781e+04
3530,2.3413016796e+00,-1.2984704971e+00,-9.9847595215e+02,1.4709374905e+00,-6.7118972540e-01,3.2142791016e+04
3531,2.3599877357e+00,-1.2887285948e+00,-1.0366606445e+03,1.4788492918e+00,-6.7516952753e-01,3.2141677734e+04
3532,2.3772187233e+00,-1.2687610388e+00,-1.0692000732e+03,1.4765708447e+00,-6.9249749184e-01,3.2139972656e+04
3533,2.3948194981e+00,-1.2371246815e+00,-1.1320019531e+03,1.5038647652e+00,-6.8146395683e-01,3.2140804688e+04
3534,2.4109559059e+00,-1.1917256117e+00,-1.1965035400e+03,1.5092986822e+00,-6.7500489950e-01,3.2142802734e+04
3535,2.4252958298e+00,-1.1263799667e+00,-1.2428946533e+03,1.5106436014e+00,-6.4464604855e-01,3.2145763672e+04
3536,2.4390380383e+00,-1.0436778069e+00,-1.3047015381e+03,1.5064402819e+00,-6.7695826292e-01,3.2149087891e+04
3537,2.4486615658e+00,-9.4055211544e-01,-1.3637263184e+03,1.5083303452e+00,-6.2333893776e-01,3.2154324219e+04
3538,2.4543712139e+00,-8.2293623686e-01,-1.4128898926e+03,1.4817092419e+00,-5.9942352772e-01,3.2160492188e+04
3539,2.4599130154e+00,-6.9172924757e-01,-1.4676475830e+03,1.4834332466e+00,-5.5509763956e-01,3.2167550781e+04
3540,2.4608340263e+00,-5.4822874069e-01,-1.5149895020e+03,1.4872132540e+00,-5.2771806717e-01,3.2174888672e+04
3541,2.4619410038e+00,-3.9590182900e-01,-1.5452890625e+03,1.4855439663e+00,-5.2126544714e-01,3.2182802734e+04
3542,2.4608528614e+00,-2.3257891834e-01,-1.5656666260e+03,1.4774900675e+00,-4.8095536232e-01,3.2191558594e+04
3543,2.4569420815e+00,-6.7025378346e-02,-1.5901850586e+03,1.5087685585e+00,-4.0099379420e-01,3.2200767578e+04
3544,2.4534404278e+00,9.9553510547e-02,-1.5889208984e+03,1.4637582302e+00,-4.1595849395e-01,3.2209248047e+04
3545,2.4484558105e+00,2.6543465257e-01,-1.5838586426e+03,1.4749460220e+00,-3.7447807193e-01,3.2217804688e+04
3546,2.4421679974e+00,4.2943584919e-01,-1.5599840088e+03,1.4438526630e+00,-3.1470832229e-01,3.2226382812e+04
3547,2.4352858067e+00,5.8938944340e-01,-1.5331224365e+03,1.4483736753e+00,-2.4450576305e-01,3.2234021484e+04
3548,2.4270300865e+00,7.4428015947e-01,-1.4973544922e+03,1.4381076097e+00,-2.2200386226e-01,3.2240990234e+04
3549,2.4196968079e+00,8.8820505142e-01,-1.4432259521e+03,1.4379643202e+00,-1.6004393995e-01,3.2247167969e+04
3550,2.4109790325e+00,1.0209095478e+00,-1.3850694580e+03,1.4029898643e+00,-1.4451797307e-01,3.2251953125e+04
3551,2.4013431072e+00,1.1430348158e+00,-1.3349135742e+03,1.4154443741e+00,-8.3468548954e-02,3.2256818359e+04
3552,2.3936710358e+00,1.2476042509e+00,-1.2704620361e+03,1.3964189291e+00,-3.4639585763e-02,3.2260820312e+04
3553,2.3856823444e+00,1.3334904909e+00,-1.2142666016e+03,1.4032293558e+00,-7.1182250394e-05,3.2262609375e+04
3554,2.3749012947e+00,1.4030083418e+00,-1.1615723877e+03,1.3855781555e+00,6.4188763499e-02,3.2263771484e+04
3555,2.3632631302e+00,1.4505242109e+00,-1.0947987061e+03,1.3849192858e+00,1.2240013480e-01,3.2263337891e+04
3556,2.3523557186e+00,1.4838937521e+00,-1.0369019775e+03,1.3818713427e+00,1.1571487784e-01,3.2261976562e+04
3557,2.3381571770e+00,1.4977384806e+00,-1.0030942383e+03,1.3979028463e+00,2.4251700938e-01,3.2259878906e+04
3558,2.3246817589e+00,1.4969663620e+00,-9.5019970703e+02,1.3960103989e+00,2.3208053410e-01,3.2256148438e+04
3559,2.3131208420e+00,1.4845614433e+00,-9.3436743164e+02,1.3453086615e+00,2.8429764509e-01,3.2251435547e+04
3560,2.3025283813e+00,1.4620407820e+00,-8.9134393311e+02,1.3558709621e+00,3.4121224284e-01,3.2245273438e+04
3561,2.2937765121e+00,1.4393439293e+00,-8.7984509277e+02,1.3812316656e+00,3.5382330418e-01,3.2239445312e+04
3562,2.2862174511e+00,1.4186935425e+00,-8.5782843018e+02,1.4163650274e+00,3.8770499825e-01,3.2232388672e+04
3563,2.2837438583e+00,1.3991042376e+00,-8.4730670166e+02,1.3798125982e+00,4.4932356477e-01,3.2225810547e+04
3564,2.2837524414e+00,1.3876378536e+00,-8.5152185059e+02,1.3489174843e+00,4.8992097378e-01,3.2218845703e+04
3565,2.2875797749e+00,1.3791532516e+00,-8.4000933838e+02,1.4103487730e+00,5.3114205599e-01,3.2211054688e+04
3566,2.2937095165e+00,1.3741595745e+00,-8.4388500977e+02,1.4337140322e+00,5.3626912832e-01,3.2203613281e+04
3567,2.3001835346e+00,1.3704038858e+00,-8.4729205322e+02,1.4094599485e+00,5.8329927921e-01,3.2196591797e+04
3568,2.3090379238e+00,1.3661304712e+00,-8.4746533203e+02,1.4185391665e+00,6.2518477440e-01,3.2189511719e+04
3569,2.3198029995e+00,1.3591853380e+00,-8.5803717041e+02,1.3936141729e+00,6.2604296207e-01,3.2182919922e+04
3570,2.3299503326e+00,1.3522769213e+00,-8.6428009033e+02,1.4212843180e+00,6.7156386375e-01,3.2177335938e+04
3571,2.3423147202e+00,1.3439967632e+00,-8.7803088379e+02,1.4325882196e+00,6.5874081850e-01,3.2170558594e+04
3572,2.3569571972e+00,1.3379447460e+00,-8.9796832275e+02,1.4423812628e+00,6.7237287760e-01,3.2165285156e+04
3573,2.3732299805e+00,1.3342142105e+00,-9.1726489258e+02,1.4788808823e+00,6.8800437450e-01,3.2159869141e+04
3574,2.3910048008e+00,1.3315850496e+00,-9.4235211182e+02,1.4803587198e+00,7.2141802311e-01,3.2156003906e+04
3575,2.4118988514e+00,1.3257658482e+00,-9.7711212158e+02,1.4891324043e+00,7.3731690645e-01,3.2153109375e+04
3576,2.4337122440e+00,1.3161826134e+00,-9.9179388428e+02,1.4488439560e+00,6.6961979866e-01,3.2151310547e+04
3577,2.4545419216e+00,1.2987593412e+00,-1.0767821045e+03,1.4914873838e+00,7.0169389248e-01,3.2150554688e+04
3578,2.4770991802e+00,1.2664295435e+00,-1.1010274658e+03,1.4699003696e+00,6.9791185856e-01,3.2150359375e+04
3579,2.4989309311e+00,1.2158517838e+00,-1.1528446045e+03,1.5196591616e+00,7.0192307234e-01,3.2152361328e+04
3580,2.5181560516e+00,1.1486911774e+00,-1.1939173584e+03,1.5070369244e+00,6.9953489304e-01,3.2154257812e+04
3581,2.5334539413e+00,1.0638530254e+00,-1.2506485596e+03,1.4834434986e+00,6.5071779490e-01,3.2157058594e+04
3582,2.5466184616e+00,9.6227532625e-01,-1.2970397949e+03,1.5064953566e+00,6.3267391920e-01,3.2160912109e+04
3583,2.5572142601e+00,8.4387934208e-01,-1.3539154053e+03,1.4991189241e+00,6.0897552967e-01,3.2165076172e+04
3584,2.5658626556e+00,7.1242958307e-01,-1.3915520020e+03,1.4967257977e+00,6.0781264305e-01,3.2170392578e+04
3585,2.5694515705e+00,5.6772983074e-01,-1.4470683594e+03,1.4809484482e+00,5.3658556938e-01,3.2177271484e+04
3586,2.5708863735e+00,4.1313776374e-01,-1.4744855957e+03,1.4755777121e+00,5.7784080505e-01,3.2184375000e+04
3587,2.5707581043e+00,2.5196161866e-01,-1.4924306641e+03,1.4829777479e+00,5.2672708035e-01,3.2192068359e+04
3588,2.5666558743e+00,8.6004607379e-02,-1.5127878418e+03,1.4623959064e+00,4.5525750518e-01,3.2200267578e+04
3589,2.5612108707e+00,-8.1825233996e-02,-1.5075207520e+03,1.4538480043e+00,4.4507548213e-01,3.2208464844e+04
3590,2.5532710552e+00,-2.4906106293e-01,-1.5014724121e+03,1.4330744743e+00,3.9950233698e-01,3.2216925781e+04
3591,2.5441675186e+00,-4.1589707136e-01,-1.4785206299e+03,1.4504145384e+00,3.4777891636e-01,3.2224787109e+04
3592,2.5344827175e+00,-5.7656240463e-01,-1.4439846191e+03,1.4743961096e+00,3.2171934843e-01,3.2232593750e+04
3593,2.5219841003e+00,-7.2799164057e-01,-1.3952304688e+03,1.4567025900e+00,2.6774328947e-01,3.2239369141e+04
3594,2.5094199181e+00,-8.7360459566e-01,-1.3550915527e+03,1.4081239700e+00,2.1932616830e-01,3.2245873047e+04
3595,2.4955463409e+00,-1.0087778568e+00,-1.3089544678e+03,1.3991057873e+00,1.7155624926e-01,3.2252109375e+04
3596,2.4801962376e+00,-1.1297982931e+00,-1.2492026367e+03,1.4245948792e+00,1.1389496177e-01,3.2256570312e+04
3597,2.4659023285e+00,-1.2382203341e+00,-1.1895563965e+03,1.4286530018e+00,1.0106284916e-01,3.2259769531e+04
3598,2.4494099617e+00,-1.3263356686e+00,-1.1339141846e+03,1.4062857628e+00,5.0690155476e-02,3.2262796875e+04
3599,2.4332063198e+00,-1.3955320120e+00,-1.0721351318e+03,1.3956048489e+00,-1.1326294392e-02,3.2265226562e+04
3600,2.4139506817e+00,-1.4437507391e+00,-1.0341789551e+03,1.3661381006e+00,-5.6319963187e-02,3.2265958984e+04
3601,2.3948228359e+00,-1.4794268608e+00,-9.6615423584e+02,1.3463848829e+00,-9.6166379750e-02,3.2265671875e+04
3602,2.3740236759e+00,-1.4954282045e+00,-9.3563427734e+02,1.3911879063e+00,-1.4712005854e-01,3.2264921875e+04
3603,2.3541858196e+00,-1.4895327091e+00,-8.8758410645e+02,1.3827914000e+00,-2.0669120550e-01,3.2262306641e+04
3604,2.3343868256e+00,-1.4712854624e+00,-8.6298645020e+02,1.4197955132e+00,-2.5677430630e-01,3.2257921875e+04
3605,2.3181591034e+00,-1.4466902018e+00,-8.3978326416e+02,1.3812103271e+00,-3.0572691560e-01,3.2253529297e+04
3606,2.3051135540e+00,-1.4186599255e+00,-8.0361486816e+02,1.3651443720e+00,-3.4668394923e-01,3.2248875000e+04
3607,2.2924408913e+00,-1.3896234035e+00,-8.1565472412e+02,1.3737603426e+00,-3.6256468296e-01,3.2243242188e+04
3608,2.2825093269e+00,-1.3648275137e+00,-7.9389337158e+02,1.3733270168e+00,-3.9369994402e-01,3.2236835938e+04
3609,2.2772943974e+00,-1.3468053341e+00,-8.0175524902e+02,1.4154394865e+00,-4.6381783485e-01,3.2230291016e+04
3610,2.2754757404e+00,-1.3356386423e+00,-7.9183868408e+02,1.3832886219e+00,-4.8773673177e-01,3.2223708984e+04
3611,2.2764465809e+00,-1.3296637535e+00,-7.9721105957e+02,1.3787662983e+00,-5.1382935047e-01,3.2216964844e+04
3612,2.2798664570e+00,-1.3266726732e+00,-8.0687493896e+02,1.4136422873e+00,-5.4935187101e-01,3.2209562500e+04
3613,2.2840213776e+00,-1.3246914148e+00,-8.0545446777e+02,1.3704276085e+00,-5.7015347481e-01,3.2203769531e+04
3614,2.2891995907e+00,-1.3218029737e+00,-8.2588958740e+02,1.3890259266e+00,-6.2202781439e-01,3.2196769531e+04
3615,2.2951579094e+00,-1.3162167072e+00,-8.3456390381e+02,1.4144580364e+00,-6.5528780222e-01,3.2190988281e+04
3616,2.3021965027e+00,-1.3073104620e+00,-8.5592871094e+02,1.4377652407e+00,-6.6092741489e-01,3.2184537109e+04
3617,2.3102390766e+00,-1.2980848551e+00,-8.7371081543e+02,1.4256969690e+00,-6.3126963377e-01,3.2178736328e+04
3618,2.3206493855e+00,-1.2908500433e+00,-9.0196234131e+02,1.4722579718e+00,-6.8892401457e-01,3.2173648438e+04
3619,2.3329634666e+00,-1.2841176987e+00,-9.2170782471e+02,1.4605315924e+00,-6.8060958385e-01,3.2168580078e+04
3620,2.3453733921e+00,-1.2823357582e+00,-9.6296533203e+02,1.4355549812e+00,-7.0616459846e-01,3.2164750000e+04
3621,2.3604743481e+00,-1.2797605991e+00,-9.8450140381e+02,1.4538390636e+00,-7.0406198502e-01,3.2162291016e+04
3622,2.3754062653e+00,-1.2732177973e+00,-1.0528551025e+03,1.4669616222e+00,-7.4333739281e-01,3.2159152344e+04
3623,2.3938210011e+00,-1.2571051121e+00,-1.0821134033e+03,1.4761557579e+00,-7.0017331839e-01,3.2156910156e+04
3624,2.4097642899e+00,-1.2304873466e+00,-1.1359219971e+03,1.4899282455e+00,-6.8763887882e-01,3.2156421875e+04
3625,2.4185004234e+00,-1.1922214031e+00,-1.1957377930e+03,1.4699883461e+00,-6.7653626204e-01,3.2157443359e+04
3626,2.4309351444e+00,-1.1353873014e+00,-1.2551220703e+03,1.4822911024e+00,-6.4616400003e-01,3.2157984375e+04
3627,2.4413161278e+00,-1.0581740141e+00,-1.3154465332e+03,1.5037976503e+00,-6.3945204020e-01,3.2160369141e+04
3628,2.4502723217e+00,-9.6351623535e-01,-1.3760895996e+03,1.4913003445e+00,-6.6605073214e-01,3.2162916016e+04
3629,2.4532988071e+00,-8.5176241398e-01,-1.4237058105e+03,1.4854762554e+00,-6.2853968143e-01,3.2166921875e+04
3630,2.4560377598e+00,-7.2820878029e-01,-1.4943364258e+03,1.5002868176e+00,-6.0088926554e-01,3.2171351562e+04
3631,2.4570930004e+00,-5.8923840523e-01,-1.5406136475e+03,1.4515649080e+00,-5.6197500229e-01,3.2177656250e+04
3632,2.4564480782e+00,-4.4024184346e-01,-1.5768784180e+03,1.4423135519e+00,-5.0654566288e-01,3.2184160156e+04
3633,2.4522800446e+00,-2.8413194418e-01,-1.5939831543e+03,1.4962022305e+00,-4.9812090397e-01,3.2191005859e+04
3634,2.4475820065e+00,-1.2122568488e-01,-1.6221225586e+03,1.5065437555e+00,-5.0480151176e-01,3.2197818359e+04
3635,2.4390027523e+00,4.1890464723e-02,-1.6176821289e+03,1.4523507357e+00,-4.4760200381e-01,3.2204863281e+04
3636,2.4332098961e+00,2.0716433227e-01,-1.6157740479e+03,1.4644861221e+00,-3.7278532982e-01,3.2212343750e+04
3637,2.4247910976e+00,3.7075835466e-01,-1.5931984863e+03,1.4555004835e+00,-3.4853950143e-01,3.2219287109e+04
3638,2.4147887230e+00,5.2877098322e-01,-1.5721141357e+03,1.4536498785e+00,-3.2307434082e-01,3.2226767578e+04
3639,2.4054784775e+00,6.8412017822e-01,-1.5266898193e+03,1.4516470432e+00,-2.9031381011e-01,3.2233994141e+04
3640,2.3953170776e+00,8.3007764816e-01,-1.4871298828e+03,1.4399152994e+00,-2.1119262278e-01,3.2239912109e+04
3641,2.3850646019e+00,9.6464753151e-01,-1.4288758545e+03,1.4064310789e+00,-1.8940323591e-01,3.2245984375e+04
3642,2.3749761581e+00,1.0876792669e+00,-1.3672711182e+03,1.3995938301e+00,-1.0595939308e-01,3.2250865234e+04
3643,2.3637175560e+00,1.1983538866e+00,-1.3061483154e+03,1.4218732119e+00,-1.0479515046e-01,3.2254654297e+04
3644,2.3514082432e+00,1.2919758558e+00,-1.2340327148e+03,1.4324557781e+00,-3.4360658377e-02,3.2257111328e+04
3645,2.3380277157e+00,1.3737283945e+00,-1.1740325928e+03,1.3943684101e+00,-7.1593476459e-03,3.2259634766e+04
3646,2.3260178566e+00,1.4341018200e+00,-1.1172873535e+03,1.3496642113e+00,6.7568130791e-02,3.2261718750e+04
3647,2.3149595261e+00,1.4761904478e+00,-1.0627983398e+03,1.3571609259e+00,8.0415345728e-02,3.2261191406e+04
3648,2.3005976677e+00,1.5004225969e+00,-1.0063649292e+03,1.3841431141e+00,1.4500488341e-01,3.2259462891e+04
3649,2.2890694141e+00,1.5083881617e+00,-9.6042132568e+02,1.3812489510e+00,2.1609230340e-01,3.2257544922e+04
3650,2.2774901390e+00,1.4999219179e+00,-9.1539288330e+02,1.3478590250e+00,2.4870613217e-01,3.2255011719e+04
3651,2.2658746243e+00,1.4824373722e+00,-8.9238861084e+02,1.3825104237e+00,3.0876579881e-01,3.2250775391e+04
3652,2.2560970783e+00,1.4599276781e+00,-8.7122833252e+02,1.3968240023e+00,3.5589349270e-01,3.2245673828e+04
3653,2.2490658760e+00,1.4349156618e+00,-8.4452996826e+02,1.3577523232e+00,3.6132422090e-01,3.2240542969e+04
3654,2.2451615334e+00,1.4130231142e+00,-8.3687066650e+02,1.3686505556e+00,4.1322356462e-01,3.2234158203e+04
3655,2.2427532673e+00,1.3962079287e+00,-8.2535498047e+02,1.3620352745e+00,4.4523620605e-01,3.2226617188e+04
3656,2.2451343536e+00,1.3845906258e+00,-8.2441656494e+02,1.4249067307e+00,4.8508805037e-01,3.2219851562e+04
3657,2.2489001751e+00,1.3788224459e+00,-8.2397253418e+02,1.3919007778e+00,5.3739631176e-01,3.2212457031e+04
3658,2.2552413940e+00,1.3758364916e+00,-8.2671093750e+02,1.3864086866e+00,5.4952478409e-01,3.2205832031e+04
3659,2.2624726295e+00,1.3747270107e+00,-8.3513867188e+02,1.3886390924e+00,5.8833307028e-01,3.2197982422e+04
3660,2.2712283134e+00,1.3710645437e+00,-8.4027655029e+02,1.3874114752e+00,6.1593794823e-01,3.2190972656e+04
3661,2.2813069820e+00,1.3657498360e+00,-8.5773797607e+02,1.4224259853e+00,6.2494385242e-01,3.2183935547e+04
3662,2.2915067673e+00,1.3603776693e+00,-8.5604266357e+02,1.4177691936e+00,6.4017915726e-01,3.2175968750e+04
3663,2.3031177521e+00,1.3532922268e+00,-8.8838214111e+02,1.4352543354e+00,6.8013918400e-01,3.2168800781e+04
3664,2.3157637119e+00,1.3478428125e+00,-9.0166864014e+02,1.4552499056e+00,6.6754359007e-01,3.2161830078e+04
3665,2.3311319351e+00,1.3434439898e+00,-9.2964056396e+02,1.4394208193e+00,6.7304474115e-01,3.2156394531e+04
3666,2.3478477001e+00,1.3406744003e+00,-9.5648480225e+02,1.4348086119e+00,6.9129472971e-01,3.2151828125e+04
3667,2.3665101528e+00,1.3361150026e+00,-9.9135650635e+02,1.4809719324e+00,7.0514112711e-01,3.2146304688e+04
3668,2.3848061562e+00,1.3292483091e+00,-1.0287562256e+03,1.4610877037e+00,6.8237543106e-01,3.2142650391e+04
3669,2.4028601646e+00,1.3120545149e+00,-1.0804860840e+03,1.4634326696e+00,6.9003915787e-01,3.2140341797e+04
3670,2.4218742847e+00,1.2804083824e+00,-1.1235024414e+03,1.4590307474e+00,6.6451561451e-01,3.2139925781e+04
3671,2.4408714771e+00,1.2330873013e+00,-1.1666269531e+03,1.4796943665e+00,6.8009591103e-01,3.2138500000e+04
3672,2.4574632645e+00,1.1673704386e+00,-1.2255434570e+03,1.4924027920e+00,6.5660738945e-01,3.2140835938e+04
3673,2.4713244438e+00,1.0805521011e+00,-1.2858497314e+03,1.4731879234e+00,6.5433073044e-01,3.2143029297e+04
3674,2.4831151962e+00,9.7546648979e-01,-1.3281966553e+03,1.4931329489e+00,6.4671415091e-01,3.2145718750e+04
3675,2.4926943779e+00,8.5751289129e-01,-1.4025747070e+03,1.4742884636e+00,6.3390874863e-01,3.2150488281e+04
3676,2.5000250340e+00,7.2394627333e-01,-1.4155372314e+03,1.4884665012e+00,5.7401633263e-01,3.2156494141e+04
3677,2.5029532909e+00,5.7737052441e-01,-1.4783852539e+03,1.4748971462e+00,5.3233981133e-01,3.2163089844e+04
3678,2.5051498413e+00,4.2307925224e-01,-1.5154017334e+03,1.4873971939e+00,5.3279912472e-01,3.2170888672e+04
3679,2.5035419464e+00,2.6120576262e-01,-1.5414345703e+03,1.4763067961e+00,4.8561665416e-01,3.2180363281e+04
3680,2.5003917217e+00,9.5430143178e-02,-1.5458923340e+03,1.4584411383e+00,4.1545736790e-01,3.2189724609e+04
3681,2.4952557087e+00,-7.0801608264e-02,-1.5651130371e+03,1.4756656885e+00,4.2948779464e-01,3.2199056641e+04
3682,2.4895362854e+00,-2.3716250062e-01,-1.5476079102e+03,1.4403769970e+00,4.0699988604e-01,3.2208564453e+04
3683,2.4827277660e+00,-4.0303254128e-01,-1.5330506592e+03,1.4400024414e+00,3.3736458421e-01,3.2217687500e+04
3684,2.4753861427e+00,-5.6363290548e-01,-1.4891365967e+03,1.4251997471e+00,3.1542807817e-01,3.2226753906e+04
3685,2.4661831856e+00,-7.1826863289e-01,-1.4646448975e+03,1.4326914549e+00,2.5816497207e-01,3.2234667969e+04
3686,2.4557960033e+00,-8.6178851128e-01,-1.4113037109e+03,1.4499837160e+00,1.9819428027e-01,3.2241841797e+04
3687,2.4449126720e+00,-9.9786466360e-01,-1.3635275879e+03,1.4354852438e+00,1.6264069080e-01,3.2248652344e+04
3688,2.4317350388e+00,-1.1218905449e+00,-1.3070100098e+03,1.4191262722e+00,1.3269820809e-01,3.2253960938e+04
3689,2.4198641777e+00,-1.2285668850e+00,-1.2613371582e+03,1.4311327934e+00,4.0914915502e-02,3.2258093750e+04
3690,2.4076824188e+00,-1.3223031759e+00,-1.1947460938e+03,1.3895334005e+00,-5.3014373407e-03,3.2261998047e+04
3691,2.3935179710e+00,-1.3987201452e+00,-1.1449516602e+03,1.3950870037e+00,-2.9721070081e-02,3.2264679688e+04
3692,2.3800790310e+00,-1.4540483952e+00,-1.0872844238e+03,1.3817117214e+00,-6.9407731295e-02,3.2264859375e+04
3693,2.3659389019e+00,-1.4901485443e+00,-1.0364320068e+03,1.3691718578e+00,-1.3667067885e-01,3.2263869141e+04
3694,2.3480327129e+00,-1.5054960251e+00,-1.0083946533e+03,1.3918973207e+00,-1.7816612124e-01,3.2261804688e+04
3695,2.3354337215e+00,-1.5151097775e+00,-9.4446520996e+02,1.3983886242e+00,-1.9586776197e-01,3.2259111328e+04
3696,2.3219935894e+00,-1.5030167103e+00,-9.2410369873e+02,1.3791863918e+00,-2.6734307408e-01,3.2254464844e+04
3697,2.3085007668e+00,-1.4770926237e+00,-8.9198193359e+02,1.3849612474e+00,-3.1309470534e-01,3.2248931641e+04
3698,2.2952947617e+00,-1.4492148161e+00,-8.6706549072e+02,1.3909808397e+00,-3.4266585112e-01,3.2242503906e+04
3699,2.2859818935e+00,-1.4190739393e+00,-8.5921734619e+02,1.3995300531e+00,-3.7993597984e-01,3.2234789062e+04
3700,2.2798676491e+00,-1.3920215368e+00,-8.5692279053e+02,1.4178109169e+00,-4.1321563721e-01,3.2227900391e+04
3701,2.2767848969e+00,-1.3714504242e+00,-8.3471752930e+02,1.3686343431e+00,-4.5902413130e-01,3.2219812500e+04
3702,2.2774469852e+00,-1.3576853275e+00,-8.3947131348e+02,1.3746691942e+00,-5.0148999691e-01,3.2211843750e+04
3703,2.2792525291e+00,-1.3488730192e+00,-8.4298577881e+02,1.3867034912e+00,-5.5965155363e-01,3.2204164062e+04
3704,2.2851417065e+00,-1.3441244364e+00,-8.4396685791e+02,1.4118971825e+00,-5.7047426701e-01,3.2195867188e+04
3705,2.2906687260e+00,-1.3395386934e+00,-8.4645086670e+02,1.4244519472e+00,-6.1478912830e-01,3.2187845703e+04
3706,2.2984483242e+00,-1.3335789442e+00,-8.5552844238e+02,1.4107426405e+00,-6.4113754034e-01,3.2180062500e+04
3707,2.3071947098e+00,-1.3257167339e+00,-8.6356158447e+02,1.4495505095e+00,-6.3647383451e-01,3.2172634766e+04
3708,2.3168621063e+00,-1.3164629936e+00,-8.7769799805e+02,1.4347468615e+00,-6.3348406553e-01,3.2165984375e+04
3709,2.3281061649e+00,-1.3062467575e+00,-8.9352673340e+02,1.4402194023e+00,-6.6908729076e-01,3.2159925781e+04
3710,2.3410072327e+00,-1.2971349955e+00,-9.1759643555e+02,1.4587838650e+00,-6.8906784058e-01,3.2154517578e+04
3711,2.3556334972e+00,-1.2924655676e+00,-9.4240100098e+02,1.4477390051e+00,-7.2042977810e-01,3.2150097656e+04
3712,2.3723614216e+00,-1.2887356281e+00,-9.7102331543e+02,1.4699072838e+00,-6.8634271622e-01,3.2145396484e+04
3713,2.3906209469e+00,-1.2835000753e+00,-9.9303497314e+02,1.4940350056e+00,-7.1048766375e-01,3.2141873047e+04
3714,2.4102017879e+00,-1.2725678682e+00,-1.0460285645e+03,1.5197548866e+00,-7.2017842531e-01,3.2140236328e+04
3715,2.4294321537e+00,-1.2499684095e+00,-1.0799456787e+03,1.4821026325e+00,-6.8847048283e-01,3.2139982422e+04
3716,2.4448218346e+00,-1.2152934074e+00,-1.1317164307e+03,1.4947680235e+00,-6.7507576942e-01,3.2141113281e+04
3717,2.4623234272e+00,-1.1681149006e+00,-1.1853712158e+03,1.4976129532e+00,-7.0159643888e-01,3.2143265625e+04
3718,2.4745197296e+00,-1.0994184017e+00,-1.2504549561e+03,1.4980331659e+00,-7.0412325859e-01,3.2146621094e+04
3719,2.4872229099e+00,-1.0119044781e+00,-1.2945756836e+03,1.4983440638e+00,-6.2058222294e-01,3.2151792969e+04
3720,2.4970066547e+00,-9.0578526258e-01,-1.3546815186e+03,1.4866501093e+00,-6.4879852533e-01,3.2157216797e+04
3721,2.5037853718e+00,-7.8476518393e-01,-1.4068891602e+03,1.4649325609e+00,-6.0496842861e-01,3.2163648438e+04
3722,2.5091876984e+00,-6.5095508099e-01,-1.4442402344e+03,1.5369468927e+00,-5.9096688032e-01,3.2171396484e+04
3723,2.5099661350e+00,-5.0427860022e-01,-1.4862698975e+03,1.4969935417e+00,-5.3102445602e-01,3.2179158203e+04
3724,2.5090916157e+00,-3.5167202353e-01,-1.5184123535e+03,1.4946216345e+00,-4.9736717343e-01,3.2187812500e+04
3725,2.5048980713e+00,-1.9174197316e-01,-1.5331845703e+03,1.4907919168e+00,-5.1419526339e-01,3.2196869141e+04
3726,2.4996445179e+00,-2.7599781752e-02,-1.5500723877e+03,1.4322824478e+00,-4.7073775530e-01,3.2205771484e+04
3727,2.4925065041e+00,1.3856822252e-01,-1.5535400391e+03,1.4826157093e+00,-4.0712136030e-01,3.2214816406e+04
3728,2.4844844341e+00,3.0405637622e-01,-1.5391010742e+03,1.4432803392e+00,-3.6833968759e-01,3.2223447266e+04
3729,2.4758350849e+00,4.6611917019e-01,-1.5150462646e+03,1.4596047401e+00,-3.6192634702e-01,3.2232353516e+04
3730,2.4661319256e+00,6.2126278877e-01,-1.4834445801e+03,1.4564318657e+00,-2.9664719105e-01,3.2240296875e+04
3731,2.4573974609e+00,7.6978093386e-01,-1.4360635986e+03,1.4528349638e+00,-2.3598594964e-01,3.2246722656e+04
3732,2.4463479519e+00,9.0823268890e-01,-1.3886533203e+03,1.4420694113e+00,-2.3154564202e-01,3.2252636719e+04
3733,2.4347257614e+00,1.0371510983e+00,-1.3404876709e+03,1.4303860664e+00,-1.2767769396e-01,3.2257796875e+04
3734,2.4239032269e+00,1.1534273624e+00,-1.2799428711e+03,1.4352346659e+00,-1.3077484071e-01,3.2261615234e+04
3735,2.4110715389e+00,1.2515181303e+00,-1.2289621582e+03,1.4204288721e+00,-3.2418593764e-02,3.2264152344e+04
3736,2.3962340355e+00,1.3319438696e+00,-1.1629666748e+03,1.3873062134e+00,1.5392227098e-02,3.2266011719e+04
3737,2.3842461109e+00,1.3954966068e+00,-1.1094427490e+03,1.3797243834e+00,3.6970518529e-02,3.2266679688e+04
3738,2.3692679405e+00,1.4382550716e+00,-1.0555488281e+03,1.3718870878e+00,7.1362532675e-02,3.2265128906e+04
3739,2.3556728363e+00,1.4656391144e+00,-1.0031032715e+03,1.3862500191e+00,1.0820312798e-01,3.2262933594e+04
3740,2.3402006626e+00,1.4790532589e+00,-9.5939660645e+02,1.3742988110e+00,1.7926704884e-01,3.2259464844e+04
3741,2.3239831924e+00,1.4758962393e+00,-9.1936529541e+02,1.4139733315e+00,2.4328170717e-01,3.2255066406e+04
3742,2.3079607487e+00,1.4600766897e+00,-9.0028527832e+02,1.3745204210e+00,2.6966917515e-01,3.2250041016e+04
3743,2.2971038818e+00,1.4381508827e+00,-8.5986999512e+02,1.3515392542e+00,2.9957571626e-01,3.2244039062e+04
3744,2.2875857353e+00,1.4142295122e+00,-8.5387792969e+02,1.3681279421e+00,3.7820166349e-01,3.2237898438e+04
3745,2.2799890041e+00,1.3926010132e+00,-8.3313928223e+02,1.4239517450e+00,3.7920746207e-01,3.2230693359e+04
3746,2.2743008137e+00,1.3748041391e+00,-8.3796655273e+02,1.3782370090e+00,4.3609854579e-01,3.2223382812e+04
3747,2.2748510838e+00,1.3651682138e+00,-8.0828149414e+02,1.3647412062e+00,4.8600432277e-01,3.2215732422e+04
3748,2.2768573761e+00,1.3590399027e+00,-8.2299133301e+02,1.3666729927e+00,5.3662496805e-01,3.2209298828e+04
3749,2.2809989452e+00,1.3580448627e+00,-8.1946936035e+02,1.3931069374e+00,5.4667496681e-01,3.2200832031e+04
