step,vx_300_100,vy_300_100,pressure_300_100,Cd,Cl,energy
0,0.0000000000e+00,0.0000000000e+00,0.0000000000e+00,0.0000000000e+00,0.0000000000e+00,2.4750000000e+03
1,4.9218125343e+00,-1.0000000475e-03,9.7400350000e+05,2.5794561386e+01,-7.4999994831e-04,9.8742675000e+05
2,5.0288295746e+00,3.8904396934e-04,2.1915669922e+04,1.5625798702e+00,-1.0018228786e-03,1.0169005625e+06
3,5.0276422501e+00,4.1035070899e-04,-2.2184156799e+02,1.2984441519e+00,-3.4429684747e-03,1.0166383750e+06
4,5.0251927376e+00,4.1495135520e-04,-4.8587469482e+02,1.2196594477e+00,-8.5835931823e-03,1.0161763125e+06
5,5.0215821266e+00,3.1371571822e-04,-7.2449511719e+02,1.1917217970e+00,-1.1995702051e-02,1.0154162500e+06
6,5.0178112984e+00,2.1610486147e-04,-7.7313323975e+02,1.1895639896e+00,-2.2369790531e-04,1.0146411875e+06
7,5.0138969421e+00,1.6600644449e-04,-8.0283898926e+02,1.1937580109e+00,-8.1175779924e-03,1.0138374375e+06
8,5.0098834038e+00,1.1195776460e-04,-8.1905780029e+02,1.1870223284e+00,-1.1369270273e-02,1.0130497500e+06
9,5.0058560371e+00,5.3979521908e-05,-8.2261480713e+02,1.1875840425e+00,-5.4484372959e-03,1.0122243750e+06
10,5.0018672943e+00,-1.6326026525e-05,-8.1664514160e+02,1.1801326275e+00,-3.7877601571e-03,1.0114511250e+06
11,4.9979333878e+00,-8.6022133473e-05,-8.0217364502e+02,1.1826063395e+00,-3.4093747381e-03,1.0106479375e+06
12,4.9941105843e+00,-1.1595318938e-04,-7.7973175049e+02,1.1746014357e+00,-7.1826819330e-03,1.0099022500e+06
13,4.9904456139e+00,-1.7072143964e-04,-7.4919897461e+02,1.1681066751e+00,-1.0506379418e-02,1.0091903125e+06
14,4.9869489670e+00,-2.1626714442e-04,-7.1103851318e+02,1.1606222391e+00,-9.6320305020e-03,1.0085294375e+06
15,4.9836916924e+00,-2.2399635054e-04,-6.6538586426e+02,1.1575323343e+00,-4.5449868776e-03,1.0079073125e+06
16,4.9806852341e+00,-2.4502366432e-04,-6.0697436523e+02,1.1431527138e+00,-8.8455723599e-03,1.0073607500e+06
17,4.9781479836e+00,-2.5902892230e-04,-5.0993457031e+02,1.1309897900e+00,-5.9243487194e-03,1.0069370625e+06
18,4.9779353142e+00,-2.8047623346e-04,-3.5686676025e+01,1.1215817928e+00,-8.5292309523e-03,1.0070838125e+06
19,4.9783234596e+00,-2.3875810439e-04,9.5736869812e+01,1.1026290655e+00,-8.9660799131e-03,1.0074261250e+06
20,4.9789919853e+00,-2.1627066599e-04,1.5337686157e+02,1.0990170240e+00,3.0494789826e-04,1.0078436250e+06
21,4.9799046516e+00,-1.8357211957e-04,1.9957919312e+02,1.0914108753e+00,-2.7084634639e-03,1.0083557500e+06
22,4.9810137749e+00,-1.8528588407e-04,2.3637924194e+02,1.0854816437e+00,-1.0219465941e-02,1.0089471250e+06
23,4.9823198318e+00,-1.7301886692e-04,2.6939160156e+02,1.0798374414e+00,-6.8296217360e-03,1.0096036875e+06
24,4.9837765694e+00,-1.5321924002e-04,2.9860406494e+02,1.0703123808e+00,-1.1012889445e-02,1.0103188125e+06
25,4.9853801727e+00,-1.3542076340e-04,3.2597940063e+02,1.0688722134e+00,-1.2044595554e-02,1.0110733750e+06
26,4.9871015549e+00,-1.0989089787e-04,3.5061303711e+02,1.0604796410e+00,-1.0751431808e-02,1.0118705625e+06
27,4.9889249802e+00,-9.0550791356e-05,3.7301168823e+02,1.0682443380e+00,-9.1283852234e-03,1.0126974375e+06
28,4.9908475876e+00,-6.8009932875e-05,3.9380804443e+02,1.0638478994e+00,-4.6845050529e-03,1.0135441250e+06
29,4.9928512573e+00,-8.8621687610e-05,4.1246978760e+02,1.0567398071e+00,-1.6369661316e-02,1.0144211875e+06
30,4.9948930740e+00,-9.2469723313e-05,4.2738211060e+02,1.0490500927e+00,-1.2102798559e-02,1.0153115000e+06
31,4.9969897270e+00,-9.0457971964e-05,4.4078042603e+02,1.0458593369e+00,-7.5643225573e-03,1.0161953750e+06
32,4.9990983009e+00,-8.0115154560e-05,4.4934048462e+02,1.0435516834e+00,-8.6710928008e-03,1.0170823750e+06
33,5.0012145042e+00,-6.4991952968e-05,4.5346551514e+02,1.0414328575e+00,-9.5912758261e-03,1.0179565000e+06
34,5.0033168793e+00,-4.6628061682e-05,4.5284970093e+02,1.0358310938e+00,-3.7761717103e-03,1.0188247500e+06
35,5.0053734779e+00,-1.6508962290e-05,4.4694570923e+02,1.0366412401e+00,-9.2996088788e-03,1.0196728125e+06
36,5.0073785782e+00,1.0729010683e-05,4.3670925903e+02,1.0291996002e+00,-2.0705726929e-03,1.0204955000e+06
37,5.0092959404e+00,4.9217866035e-05,4.1961657715e+02,1.0331320763e+00,-1.0463541374e-02,1.0212834375e+06
38,5.0110864639e+00,9.5035415143e-05,3.9751626587e+02,1.0228580236e+00,-9.1614580015e-04,1.0220455000e+06
39,5.0127291679e+00,1.2948768563e-04,3.6939187622e+02,1.0230653286e+00,-5.0596352667e-03,1.0227512500e+06
40,5.0141801834e+00,1.5004895977e-04,3.3459759521e+02,1.0104473829e+00,-6.5499343909e-03,1.0234167500e+06
41,5.0154185295e+00,1.6605173005e-04,2.8855743408e+02,1.0110454559e+00,-4.8644528724e-03,1.0240276875e+06
42,5.0163717270e+00,1.9146708655e-04,2.3506599426e+02,9.9942392111e-01,3.7010414526e-03,1.0245716875e+06
43,5.0170197487e+00,2.1787408332e-04,1.7263528442e+02,1.0082579851e+00,4.0983071085e-04,1.0250285625e+06
44,5.0173573494e+00,1.9985076506e-04,1.0463062286e+02,9.9594670534e-01,1.0964191752e-03,1.0254104375e+06
45,5.0172457695e+00,1.7856268096e-04,1.0622626305e+01,9.9771332741e-01,2.6126301382e-03,1.0256754375e+06
46,5.0167984962e+00,1.5367390006e-04,-5.3022998810e+01,9.9961870909e-01,5.9108720161e-03,1.0258486250e+06
47,5.0160331726e+00,1.4730739349e-04,-1.1390891266e+02,9.9221402407e-01,1.3110611588e-02,1.0259425000e+06
48,5.0150909424e+00,6.6833759774e-05,-1.5747395325e+02,9.8214995861e-01,1.0111847892e-02,1.0259776250e+06
49,5.0139131546e+00,5.0935617764e-05,-1.9643763733e+02,9.8512166739e-01,1.6740428284e-02,1.0259487500e+06
50,5.0126037598e+00,1.7099126126e-05,-2.2827647400e+02,9.8128050566e-01,1.4018618502e-02,1.0258766250e+06
51,5.0111637115e+00,-3.3500415157e-05,-2.5451457214e+02,9.7041678429e-01,1.3605337590e-02,1.0257710625e+06
52,5.0095834732e+00,-5.5969532696e-05,-2.7562271118e+02,9.6749305725e-01,1.7133787274e-02,1.0256332500e+06
53,5.0079054832e+00,-9.3800590548e-05,-2.9200250244e+02,9.7501105070e-01,1.4786196873e-02,1.0254485000e+06
54,5.0061516762e+00,-1.0524770187e-04,-3.0574615479e+02,9.7092455626e-01,2.5597004220e-02,1.0252495000e+06
55,5.0043058395e+00,-1.2232476729e-04,-3.1653326416e+02,9.7363227606e-01,2.9382809997e-02,1.0250255000e+06
56,5.0024228096e+00,-1.5541308676e-04,-3.2404595947e+02,9.6234071255e-01,2.5697719306e-02,1.0247960625e+06
57,5.0004806519e+00,-1.8040325085e-04,-3.2888626099e+02,9.6454316378e-01,2.6748565957e-02,1.0245550000e+06
58,4.9984936714e+00,-1.6608209989e-04,-3.3158346558e+02,9.6581178904e-01,2.7394333854e-02,1.0243046250e+06
59,4.9965310097e+00,-2.2352801170e-04,-3.3148529053e+02,9.5558398962e-01,2.7333656326e-02,1.0240704375e+06
60,4.9945559502e+00,-2.4305135594e-04,-3.2927447510e+02,9.5444285870e-01,2.4135414511e-02,1.0238329375e+06
61,4.9925756454e+00,-2.9540315154e-04,-3.2419714355e+02,9.5905828476e-01,1.9120961428e-02,1.0235910000e+06
62,4.9906020164e+00,-3.7663022522e-04,-3.1691012573e+02,9.5721477270e-01,2.2548891604e-02,1.0233645000e+06
63,4.9886407852e+00,-4.1502236854e-04,-3.0643035889e+02,9.5168167353e-01,2.1525910124e-02,1.0231571250e+06
64,4.9867520332e+00,-4.7956145136e-04,-2.9113549805e+02,9.5144867897e-01,1.8071938306e-02,1.0229651875e+06
65,4.9849104881e+00,-4.9802404828e-04,-2.7379110718e+02,9.5030236244e-01,2.0591925830e-02,1.0228017500e+06
66,4.9831600189e+00,-5.3789850790e-04,-2.5243115234e+02,9.5359927416e-01,1.5824999660e-02,1.0226708750e+06
67,4.9813742638e+00,-5.4410530720e-04,-2.2981814575e+02,9.5299887657e-01,1.9141471013e-02,1.0225703750e+06
68,4.9796891212e+00,-6.0755450977e-04,-2.0460264587e+02,9.4630372524e-01,2.0006770268e-02,1.0225154375e+06
69,4.9780817032e+00,-5.6594319176e-04,-1.7810682678e+02,9.3956393003e-01,1.3475715183e-02,1.0224931875e+06
70,4.9766082764e+00,-6.7834364017e-04,-1.4963043213e+02,9.4785761833e-01,1.1526040733e-02,1.0225020000e+06
71,4.9751205444e+00,-7.5332546839e-04,-1.1981164551e+02,9.5468378067e-01,1.1345832609e-02,1.0225443125e+06
72,4.9737720490e+00,-8.5139577277e-04,-8.6766418457e+01,9.5101445913e-01,9.3908198178e-03,1.0226354375e+06
73,4.9724235535e+00,-8.4250303917e-04,-5.2152393341e+01,9.4627302885e-01,8.0694006756e-03,1.0227834375e+06
74,4.9712529182e+00,-9.1136316769e-04,-1.7243148804e+01,9.4992947578e-01,3.4320962150e-03,1.0229719375e+06
75,4.9701557159e+00,-1.0404773057e-03,1.8435556412e+01,9.4682252407e-01,4.0412107483e-03,1.0232025625e+06
76,4.9689307213e+00,-9.0181874111e-04,5.1319332123e+01,9.4328564405e-01,-2.6321611949e-04,1.0234733125e+06
77,4.9677276611e+00,-1.0228302563e-03,8.4220169067e+01,9.4829732180e-01,-3.2425126992e-03,1.0237833750e+06
78,4.9664416313e+00,-1.1151015060e-03,1.1306501007e+02,9.4816094637e-01,-8.1657543778e-03,1.0241293750e+06
79,4.9650111198e+00,-1.3286169851e-03,1.4156991577e+02,9.4322907925e-01,-7.1031246334e-03,1.0245250625e+06
80,4.9633011818e+00,-1.4394510072e-03,1.6978544617e+02,9.4391292334e-01,-1.4037043788e-02,1.0249526250e+06
81,4.9613552094e+00,-1.4721492771e-03,1.9429032898e+02,9.4573235512e-01,-1.4968683943e-02,1.0253997500e+06
82,4.9594669342e+00,-1.8251708243e-03,2.1533689880e+02,9.4018036127e-01,-1.7003318295e-02,1.0258886875e+06
83,4.9567956924e+00,-1.6967229312e-03,2.3370127869e+02,9.3765497208e-01,-1.9353318959e-02,1.0263979375e+06
84,4.9536142349e+00,-1.9455919974e-03,2.5145750427e+02,9.3873620033e-01,-2.7590949088e-02,1.0269346875e+06
85,4.9500503540e+00,-2.4592312984e-03,2.6690701294e+02,9.3721932173e-01,-2.1807355806e-02,1.0274880000e+06
86,4.9452953339e+00,-2.2358754650e-03,2.8051776123e+02,9.3750983477e-01,-2.5320831686e-02,1.0280478750e+06
87,4.9394326210e+00,-2.7138285805e-03,2.9042333984e+02,9.4078445435e-01,-2.4546872824e-02,1.0286225625e+06
88,4.9322214127e+00,-3.3628353849e-03,2.9842858887e+02,9.3632608652e-01,-2.7121612802e-02,1.0292153750e+06
89,4.9228687286e+00,-3.5033919849e-03,3.0328359985e+02,9.3629026413e-01,-3.0332745984e-02,1.0298061250e+06
90,4.9126615524e+00,-4.4152489863e-03,3.0641009521e+02,9.3536782265e-01,-2.7254816145e-02,1.0303957500e+06
91,4.9000134468e+00,-5.1553272642e-03,3.0648013306e+02,9.3733274937e-01,-1.8441079184e-02,1.0309841875e+06
92,4.8851728439e+00,-6.3204895705e-03,3.0364761353e+02,9.2791163921e-01,-2.4895571172e-02,1.0315730000e+06
93,4.8681154251e+00,-6.9603719749e-03,2.9864901733e+02,9.2726266384e-01,-1.4522460289e-02,1.0321480625e+06
94,4.8496623039e+00,-7.9390006140e-03,2.9143814087e+02,9.2864823341e-01,-1.4957485721e-02,1.0327135625e+06
95,4.8295931816e+00,-6.9473590702e-03,2.7947067261e+02,9.3067228794e-01,-7.9305330291e-03,1.0332537500e+06
96,4.8086910248e+00,-7.7240215614e-03,2.6563964844e+02,9.2203569412e-01,-4.0697911754e-03,1.0337820625e+06
97,4.7852458954e+00,-8.7333181873e-03,2.4980088806e+02,9.2426908016e-01,-5.7195308618e-03,1.0342793125e+06
98,4.7618808746e+00,-8.7189823389e-03,2.3211193848e+02,9.2863988876e-01,4.9748043530e-03,1.0347466250e+06
99,4.7384085655e+00,-7.2577362880e-03,2.1028816223e+02,9.2545932531e-01,3.1940103509e-04,1.0351937500e+06
100,4.7176547050e+00,-6.7741326056e-03,1.8785382080e+02,9.1950005293e-01,3.9151688106e-03,1.0356140000e+06
101,4.6948614120e+00,-6.8100285716e-03,1.6279766846e+02,9.2113029957e-01,8.6539704353e-03,1.0359978125e+06
102,4.6722216606e+00,-7.4503626674e-03,1.3627894592e+02,9.2062747478e-01,1.1662239209e-02,1.0363460000e+06
103,4.6509356499e+00,-5.5895159021e-03,1.0733946991e+02,9.2367702723e-01,1.2727538124e-02,1.0366541250e+06
104,4.6309413910e+00,-4.9913013354e-03,7.7146362305e+01,9.2192363739e-01,2.0885154605e-02,1.0369304375e+06
105,4.6135606766e+00,-4.4380123727e-03,4.7530803680e+01,9.2142063379e-01,2.3634893820e-02,1.0371676875e+06
106,4.5971398354e+00,-4.5032259077e-03,1.8872306824e+01,9.2393809557e-01,2.5157354772e-02,1.0373626250e+06
107,4.5807256699e+00,-5.7425289415e-03,-9.5535516739e+00,9.3002742529e-01,2.6430988684e-02,1.0375136875e+06
108,4.5651588440e+00,-7.2104251012e-03,-3.7976669312e+01,9.1877669096e-01,3.3466793597e-02,1.0376436250e+06
109,4.5504674911e+00,-6.4881411381e-03,-6.4751998901e+01,9.1756021976e-01,3.7650711834e-02,1.0377302500e+06
110,4.5385584831e+00,-6.7627727985e-03,-8.9032485962e+01,9.1994178295e-01,3.6732550710e-02,1.0377786250e+06
111,4.5266680717e+00,-5.3583169356e-03,-1.1192523193e+02,9.1830515862e-01,3.1390491873e-02,1.0378023750e+06
112,4.5165715218e+00,-3.1762546860e-03,-1.3150456238e+02,9.2077678442e-01,4.0113408118e-02,1.0377996875e+06
113,4.5065894127e+00,-1.8896711990e-03,-1.5016629028e+02,9.1341620684e-01,3.6215819418e-02,1.0377817500e+06
114,4.4988212585e+00,3.3384577837e-03,-1.6422952271e+02,9.1186690331e-01,4.0864776820e-02,1.0377356250e+06
115,4.4913978577e+00,5.7579400018e-03,-1.7754899597e+02,9.1564887762e-01,4.5688211918e-02,1.0376585000e+06
116,4.4835600853e+00,9.6338624135e-03,-1.8748048401e+02,9.1978603601e-01,3.9664253592e-02,1.0375678750e+06
117,4.4772300720e+00,1.1818017811e-02,-1.9575175476e+02,9.0788394213e-01,4.4063605368e-02,1.0374791250e+06
118,4.4718012810e+00,1.2588341720e-02,-2.0119764709e+02,9.0793782473e-01,4.2476169765e-02,1.0373705625e+06
119,4.4656209946e+00,1.3762831688e-02,-2.0486282349e+02,8.9801245928e-01,4.0866468102e-02,1.0372721875e+06
120,4.4594001770e+00,1.4382298104e-02,-2.0547442627e+02,9.1156321764e-01,3.8296740502e-02,1.0371441875e+06
121,4.4527130127e+00,1.5256850980e-02,-2.0479251099e+02,9.0558183193e-01,3.7525191903e-02,1.0370169375e+06
122,4.4464802742e+00,1.4095581137e-02,-2.0098381042e+02,9.0790861845e-01,3.5974998027e-02,1.0368929375e+06
123,4.4403409958e+00,1.3704859652e-02,-1.9682904053e+02,9.0858411789e-01,2.9081638902e-02,1.0367829375e+06
124,4.4342460632e+00,1.2902435847e-02,-1.9025050354e+02,9.0924960375e-01,2.3182224482e-02,1.0366683750e+06
125,4.4276561737e+00,1.4129946940e-02,-1.8231330872e+02,8.9980578423e-01,1.8264191225e-02,1.0365701875e+06
126,4.4209947586e+00,1.5174145810e-02,-1.7216104126e+02,9.0637469292e-01,8.5638668388e-03,1.0364849375e+06
127,4.4139595032e+00,1.5625936911e-02,-1.6056080627e+02,9.0339916945e-01,4.6530594118e-03,1.0364133750e+06
128,4.4072461128e+00,1.5537336469e-02,-1.4938462830e+02,9.0996056795e-01,-5.4675778374e-03,1.0363575000e+06
129,4.3995428085e+00,1.4446363784e-02,-1.3830641174e+02,9.0755373240e-01,-4.2404294945e-03,1.0363231875e+06
130,4.3931779861e+00,1.4433059841e-02,-1.2144288635e+02,9.1340410709e-01,-1.2399738654e-02,1.0363028125e+06
131,4.3879280090e+00,1.4392052777e-02,-1.0572827911e+02,9.0692675114e-01,-1.6938995570e-02,1.0363182500e+06
132,4.3819823265e+00,1.6749424860e-02,-8.8621421814e+01,9.0736466646e-01,-2.2583527490e-02,1.0363483750e+06
133,4.3745937347e+00,2.0407013595e-02,-7.2160537720e+01,9.1105532646e-01,-2.6957290247e-02,1.0363973125e+06
134,4.3676190376e+00,2.5043759495e-02,-5.3289451599e+01,9.1326689720e-01,-3.1083656475e-02,1.0364689375e+06
135,4.3610978127e+00,2.7831539512e-02,-3.2388206482e+01,9.1448324919e-01,-3.8794919848e-02,1.0365706250e+06
136,4.3537006378e+00,2.8572626412e-02,-1.1525574684e+01,9.0573322773e-01,-3.4031704068e-02,1.0367073750e+06
137,4.3473110199e+00,2.9026698321e-02,9.3744907379e+00,9.0269762278e-01,-4.0031444281e-02,1.0368718125e+06
138,4.3463249207e+00,2.8558218852e-02,3.2010158539e+01,9.0955436230e-01,-4.2856115848e-02,1.0370478750e+06
139,4.3415389061e+00,2.7173865587e-02,5.3793514252e+01,9.0810161829e-01,-4.6792771667e-02,1.0372531250e+06
140,4.3360800743e+00,2.4042243138e-02,7.3375633240e+01,9.0299838781e-01,-4.6988211572e-02,1.0374927500e+06
141,4.3295726776e+00,1.9293442369e-02,9.2601913452e+01,9.0285807848e-01,-4.9052797258e-02,1.0377587500e+06
142,4.3230934143e+00,1.7601063475e-02,1.1130042267e+02,9.0394496918e-01,-5.6501232088e-02,1.0380380625e+06
143,4.3161478043e+00,1.7348837107e-02,1.2766592407e+02,9.0843576193e-01,-4.4719852507e-02,1.0383395625e+06
144,4.3100862503e+00,1.8399436027e-02,1.4372305298e+02,9.1163575649e-01,-4.9148369581e-02,1.0386560625e+06
145,4.3053703308e+00,1.8817732111e-02,1.5818693542e+02,9.1499167681e-01,-4.0631245822e-02,1.0389848125e+06
146,4.2968258858e+00,1.9673872739e-02,1.7132031250e+02,9.1225111485e-01,-3.9226625115e-02,1.0393372500e+06
147,4.2895798683e+00,1.8938213587e-02,1.8302546692e+02,9.1140645742e-01,-3.4733787179e-02,1.0397046875e+06
148,4.2820701599e+00,1.7780704424e-02,1.9269496155e+02,9.1672062874e-01,-3.0455011874e-02,1.0400799375e+06
149,4.2734355927e+00,1.4822782949e-02,1.9927658081e+02,9.1896659136e-01,-2.6866273955e-02,1.0404584375e+06
150,4.2660870552e+00,1.3474170119e-02,2.0406925964e+02,9.1594952345e-01,-2.1605728194e-02,1.0408450625e+06
151,4.2584595680e+00,1.0492201895e-02,2.0605247498e+02,9.1389828920e-01,-1.6864061356e-02,1.0412445000e+06
152,4.2491621971e+00,3.0224588700e-03,2.0464543152e+02,9.1562414169e-01,-4.8585934564e-03,1.0416445000e+06
153,4.2425527573e+00,-5.1416130736e-03,2.0325817871e+02,9.1577911377e-01,5.1483069547e-03,1.0420406875e+06
154,4.2356643677e+00,-1.8285125494e-02,2.0028057861e+02,9.1173702478e-01,4.3445960619e-03,1.0424358125e+06
155,4.2274546623e+00,-3.6063216627e-02,1.9661979675e+02,9.1881656647e-01,1.5843879431e-02,1.0428174375e+06
156,4.2224287987e+00,-5.8493610471e-02,1.9100625610e+02,9.1555619240e-01,2.8426235542e-02,1.0431931250e+06
157,4.2173347473e+00,-8.1872366369e-02,1.8664299011e+02,9.1976267099e-01,3.1818944961e-02,1.0435491250e+06
158,4.2163491249e+00,-1.0630488396e-01,1.8311413574e+02,9.2421996593e-01,4.2025193572e-02,1.0438911250e+06
159,4.2178807259e+00,-1.2912753224e-01,1.7767243958e+02,9.2503952980e-01,5.0726883113e-02,1.0442242500e+06
160,4.2235746384e+00,-1.5119157732e-01,1.7199760437e+02,9.2618900537e-01,5.7637754828e-02,1.0445365625e+06
161,4.2336821556e+00,-1.7313797772e-01,1.6217919922e+02,9.2664134502e-01,5.9989776462e-02,1.0448358750e+06
162,4.2508959770e+00,-1.9265565276e-01,1.5184819031e+02,9.2758208513e-01,6.7941203713e-02,1.0451070000e+06
163,4.2689814568e+00,-2.1357740462e-01,1.3556033325e+02,9.2963916063e-01,7.9631440341e-02,1.0453569375e+06
164,4.2960872650e+00,-2.2525808215e-01,1.1991083527e+02,9.2771649361e-01,7.5028449297e-02,1.0455852500e+06
165,4.3344473839e+00,-2.3305244744e-01,9.8738685608e+01,9.3291079998e-01,8.2551948726e-02,1.0457910625e+06
166,4.3730716705e+00,-2.4864152074e-01,7.4629852295e+01,9.4142830372e-01,8.1030987203e-02,1.0459688125e+06
167,4.4120464325e+00,-2.5617802143e-01,5.7843669891e+01,9.4266831875e-01,8.4168285131e-02,1.0461262500e+06
168,4.4510202408e+00,-2.6838248968e-01,3.2506332397e+01,9.3813967705e-01,8.6774021387e-02,1.0462647500e+06
169,4.4878358841e+00,-2.7569079399e-01,8.6308794022e+00,9.4451093674e-01,7.5355134904e-02,1.0463724375e+06
170,4.5244965553e+00,-2.8675350547e-01,-2.2362613678e+01,9.4802379608e-01,6.8215750158e-02,1.0464507500e+06
171,4.5558395386e+00,-2.8241109848e-01,-4.7166351318e+01,9.5334762335e-01,6.3672393560e-02,1.0465094375e+06
172,4.5656828880e+00,-2.8445419669e-01,-7.8923500061e+01,9.5568299294e-01,4.9102731049e-02,1.0465476875e+06
173,4.5704946518e+00,-2.8163775802e-01,-1.1024388885e+02,9.5647358894e-01,4.6656507999e-02,1.0465680625e+06
174,4.5625104904e+00,-2.6852008700e-01,-1.3862741089e+02,9.5558238029e-01,3.0239582062e-02,1.0465688125e+06
175,4.5464005470e+00,-2.5131270289e-01,-1.6933354187e+02,9.6363729239e-01,1.6223305836e-02,1.0465447500e+06
176,4.5199151039e+00,-2.3110835254e-01,-1.9886799622e+02,9.5658791065e-01,6.4873695374e-03,1.0465206875e+06
177,4.4780712128e+00,-1.9154654443e-01,-2.2624888611e+02,9.6631312370e-01,-7.1664708667e-03,1.0464744375e+06
178,4.4186944962e+00,-1.4311276376e-01,-2.5571015930e+02,9.5786780119e-01,-2.5269854814e-02,1.0464106875e+06
179,4.3407878876e+00,-7.9023048282e-02,-2.7865319824e+02,9.6523118019e-01,-4.3246090412e-02,1.0463330000e+06
180,4.2587456703e+00,-4.4931378216e-04,-2.9837594604e+02,9.6689695120e-01,-5.0875779241e-02,1.0462386875e+06
181,4.1760745049e+00,1.0097867250e-01,-3.1002728271e+02,9.7321242094e-01,-6.1735086143e-02,1.0461363750e+06
182,4.0888276100e+00,2.2028072178e-01,-3.1353668213e+02,9.7247022390e-01,-7.9682089388e-02,1.0460340000e+06
183,4.0283160210e+00,3.2718384266e-01,-3.0412228394e+02,9.7475177050e-01,-8.8850453496e-02,1.0459384375e+06
184,3.9945278168e+00,4.3645769358e-01,-2.9293820190e+02,9.8113924265e-01,-9.8721347749e-02,1.0458430000e+06
185,4.0057334900e+00,5.2311050892e-01,-2.7057366943e+02,9.8306071758e-01,-1.1477616429e-01,1.0457593750e+06
186,4.0681581497e+00,5.7010829449e-01,-2.5170843506e+02,9.8319447041e-01,-1.1231138557e-01,1.0456846875e+06
187,4.1666226387e+00,5.8314645290e-01,-2.3493078613e+02,9.9533301592e-01,-1.2242766470e-01,1.0456121250e+06
188,4.2783679962e+00,5.7175052166e-01,-2.1722526550e+02,9.9571919441e-01,-1.2190884352e-01,1.0455487500e+06
189,4.3927173615e+00,5.5810272694e-01,-2.1144334412e+02,1.0020169020e+00,-1.2476737797e-01,1.0455111250e+06
190,4.4780778885e+00,5.5925995111e-01,-2.0509524536e+02,9.9925816059e-01,-1.2110396475e-01,1.0454923750e+06
191,4.5427494049e+00,5.7134455442e-01,-1.9803141785e+02,1.0072162151e+00,-1.2072557956e-01,1.0454871250e+06
192,4.5922722816e+00,5.8814418316e-01,-2.0011022949e+02,1.0058437586e+00,-1.1326151341e-01,1.0454925625e+06
193,4.6269650459e+00,6.1268132925e-01,-1.9885353088e+02,1.0134911537e+00,-9.6716985106e-02,1.0455226250e+06
194,4.6536488533e+00,6.3965439796e-01,-1.9943684387e+02,1.0135155916e+00,-9.1930009425e-02,1.0455798750e+06
195,4.6753492355e+00,6.6640830040e-01,-2.0557249451e+02,1.0257071257e+00,-6.9877468050e-02,1.0456438750e+06
196,4.6886382103e+00,6.9243454933e-01,-2.1376431274e+02,1.0162550211e+00,-5.4949864745e-02,1.0457480625e+06
197,4.6983852386e+00,7.2033357620e-01,-2.2883396912e+02,1.0219761133e+00,-3.5560090095e-02,1.0458723750e+06
198,4.7019472122e+00,7.4743723869e-01,-2.4823660278e+02,1.0252308846e+00,-1.0474738665e-02,1.0460091875e+06
199,4.6958861351e+00,7.7284133434e-01,-2.7304937744e+02,1.0265885592e+00,1.6774153337e-02,1.0461752500e+06
200,4.6810503006e+00,7.9773181677e-01,-3.0661398315e+02,1.0283162594e+00,4.0305595845e-02,1.0463648125e+06
201,4.6577224731e+00,8.1669241190e-01,-3.4960220337e+02,1.0324546099e+00,6.0588080436e-02,1.0465763750e+06
202,4.6201786995e+00,8.2645750046e-01,-4.0108059692e+02,1.0325620174e+00,9.7171805799e-02,1.0468036250e+06
203,4.5654754639e+00,8.2012706995e-01,-4.6545834351e+02,1.0347292423e+00,1.0756347328e-01,1.0470534375e+06
204,4.4876875877e+00,7.8802931309e-01,-5.3551031494e+02,1.0429980755e+00,1.3303540647e-01,1.0473162500e+06
205,4.3892030716e+00,7.0753902197e-01,-6.2503692627e+02,1.0394695997e+00,1.4639660716e-01,1.0475947500e+06
206,4.2639322281e+00,5.7443207502e-01,-7.2179199219e+02,1.0553939342e+00,1.6972231865e-01,1.0478811250e+06
207,4.1341729164e+00,3.5915505886e-01,-8.2246844482e+02,1.0564403534e+00,1.8406046927e-01,1.0481813750e+06
208,3.9765987396e+00,1.1784864962e-01,-9.1823687744e+02,1.0612367392e+00,1.8039615452e-01,1.0484923750e+06
209,3.8488256931e+00,-2.1079909801e-01,-9.9201428223e+02,1.0588021278e+00,1.8404504657e-01,1.0488167500e+06
210,3.7521905899e+00,-5.6829720736e-01,-1.0329924316e+03,1.0620112419e+00,1.8538416922e-01,1.0491430000e+06
211,3.6911666393e+00,-8.9087587595e-01,-1.0346629639e+03,1.0657060146e+00,1.7300447822e-01,1.0494721250e+06
212,3.6705577374e+00,-1.1548439264e+00,-1.0071729736e+03,1.0638201237e+00,1.5783332288e-01,1.0498025000e+06
213,3.7241587639e+00,-1.3130519390e+00,-9.2857708740e+02,1.0647766590e+00,1.4283202589e-01,1.0501252500e+06
214,3.8339748383e+00,-1.3294254541e+00,-8.6182824707e+02,1.0662806034e+00,1.2184289843e-01,1.0504406250e+06
215,3.9696574211e+00,-1.2874797583e+00,-8.1382891846e+02,1.0706750154e+00,9.9639184773e-02,1.0507446250e+06
216,4.0834584236e+00,-1.2634977102e+00,-7.8233966064e+02,1.0623531342e+00,7.0964515209e-02,1.0510493750e+06
217,4.1659169197e+00,-1.2599538565e+00,-7.7207623291e+02,1.0633362532e+00,4.5084435493e-02,1.0513296250e+06
218,4.2202029228e+00,-1.2665555477e+00,-7.7395953369e+02,1.0562984943e+00,1.8237758428e-02,1.0516065000e+06
219,4.2600307465e+00,-1.2782943249e+00,-7.8780529785e+02,1.0665920973e+00,-2.4400779977e-02,1.0518535000e+06
220,4.2827963829e+00,-1.2876737118e+00,-8.1155413818e+02,1.0590096712e+00,-5.1259305328e-02,1.0520860000e+06
221,4.2928128242e+00,-1.3011869192e+00,-8.4521295166e+02,1.0640244484e+00,-8.2049213350e-02,1.0522898750e+06
222,4.2904286385e+00,-1.3149844408e+00,-8.9124438477e+02,1.0589246750e+00,-1.1267238855e-01,1.0524850000e+06
223,4.2739000320e+00,-1.3286597729e+00,-9.4766125488e+02,1.0573376417e+00,-1.4400455356e-01,1.0526647500e+06
224,4.2438755035e+00,-1.3417392969e+00,-1.0162098389e+03,1.0647962093e+00,-1.6499243677e-01,1.0528183750e+06
225,4.1981630325e+00,-1.3568161726e+00,-1.0948546143e+03,1.0626238585e+00,-1.9101092219e-01,1.0529516250e+06
226,4.1372289658e+00,-1.3629839420e+00,-1.1890972900e+03,1.0724493265e+00,-2.0689803362e-01,1.0530535000e+06
227,4.0631117821e+00,-1.3665511608e+00,-1.2905113525e+03,1.0722535849e+00,-2.1189191937e-01,1.0531476250e+06
228,3.9694476128e+00,-1.3622027636e+00,-1.4120571289e+03,1.0754669905e+00,-2.1340565383e-01,1.0532253750e+06
229,3.8583157063e+00,-1.3376613855e+00,-1.5435791016e+03,1.0752177238e+00,-2.1707244217e-01,1.0532931250e+06
230,3.7249369621e+00,-1.2853733301e+00,-1.6904281006e+03,1.0802893639e+00,-2.1349126101e-01,1.0533356250e+06
231,3.5779154301e+00,-1.1976313591e+00,-1.8513719482e+03,1.0783613920e+00,-1.9838657975e-01,1.0533778750e+06
232,3.4212353230e+00,-1.0440069437e+00,-2.0233735352e+03,1.0799225569e+00,-1.8171040714e-01,1.0534023750e+06
233,3.2738461494e+00,-8.2252913713e-01,-2.1861149902e+03,1.0834181309e+00,-1.5155714750e-01,1.0534053750e+06
234,3.1455340385e+00,-5.2576369047e-01,-2.3346198730e+03,1.0790019035e+00,-1.3282941282e-01,1.0534102500e+06
235,3.0426373482e+00,-1.5764234960e-01,-2.4603232422e+03,1.0748167038e+00,-1.0114596039e-01,1.0534001250e+06
236,2.9873404503e+00,2.4426841736e-01,-2.5373933105e+03,1.0649935007e+00,-7.3257870972e-02,1.0533951250e+06
237,2.9783577919e+00,6.4748275280e-01,-2.5696386719e+03,1.0712007284e+00,-3.7758134305e-02,1.0533705000e+06
238,2.9980611801e+00,1.0556170940e+00,-2.5655251465e+03,1.0612008572e+00,4.7571610776e-04,1.0533491250e+06
239,3.0434987545e+00,1.4107252359e+00,-2.5031794434e+03,1.0572034121e+00,3.5196676850e-02,1.0533168750e+06
240,3.1069986820e+00,1.7232218981e+00,-2.4331652832e+03,1.0609452724e+00,7.6091140509e-02,1.0532706250e+06
241,3.1954586506e+00,1.9791432619e+00,-2.3341379395e+03,1.0645865202e+00,1.0847603530e-01,1.0532165000e+06
242,3.2768023014e+00,2.1340765953e+00,-2.2491552734e+03,1.0572085381e+00,1.3998052478e-01,1.0531671250e+06
243,3.3830270767e+00,2.1811776161e+00,-2.1779018555e+03,1.0609176159e+00,1.7117004097e-01,1.0530980000e+06
244,3.4880416393e+00,2.1640598774e+00,-2.1389296875e+03,1.0649169683e+00,1.8792453408e-01,1.0530247500e+06
245,3.5643031597e+00,2.1449053288e+00,-2.1366711426e+03,1.0739417076e+00,2.0807798207e-01,1.0529267500e+06
246,3.6041336060e+00,2.1376993656e+00,-2.1663403320e+03,1.0744650364e+00,2.2089959681e-01,1.0528266250e+06
247,3.6171233654e+00,2.1381964684e+00,-2.2190168457e+03,1.0870348215e+00,2.2514282167e-01,1.0526931250e+06
248,3.6035768986e+00,2.1424841881e+00,-2.3070351562e+03,1.0806306601e+00,2.3063078523e-01,1.0525670000e+06
249,3.5647497177e+00,2.1410183907e+00,-2.3950886230e+03,1.0836731195e+00,2.2366151214e-01,1.0524325000e+06
250,3.4973099232e+00,2.1338908672e+00,-2.5329589844e+03,1.0863709450e+00,2.1136489511e-01,1.0523075000e+06
251,3.4052357674e+00,2.1123857498e+00,-2.6924033203e+03,1.0857526064e+00,1.9806300104e-01,1.0521926250e+06
252,3.2827165127e+00,2.0795345306e+00,-2.8869990234e+03,1.0881947279e+00,1.6943182051e-01,1.0520972500e+06
253,3.1476721764e+00,1.9995098114e+00,-3.1135336914e+03,1.0818997622e+00,1.4615032077e-01,1.0520111250e+06
254,3.0217247009e+00,1.8298193216e+00,-3.3757575684e+03,1.0823936462e+00,1.2138449401e-01,1.0519285000e+06
255,2.9280853271e+00,1.5575524569e+00,-3.6475375977e+03,1.0806479454e+00,7.4960544705e-02,1.0518638750e+06
256,2.8785789013e+00,1.1878640652e+00,-3.9067680664e+03,1.0760459900e+00,3.5970311612e-02,1.0518095000e+06
257,2.8875291348e+00,7.3740601540e-01,-4.0989233398e+03,1.0806897879e+00,-5.5586583912e-03,1.0517700000e+06
258,2.9161174297e+00,2.6529896259e-01,-4.2208569336e+03,1.0699285269e+00,-4.2063865811e-02,1.0517723750e+06
259,2.9809558392e+00,-2.6022395492e-01,-4.2395068359e+03,1.0744658709e+00,-8.8532544672e-02,1.0517961250e+06
260,3.0489840508e+00,-7.4728024006e-01,-4.1584794922e+03,1.0713996887e+00,-1.2836705148e-01,1.0518646250e+06
261,3.1095745564e+00,-1.2189444304e+00,-3.9894475098e+03,1.0774209499e+00,-1.7522400618e-01,1.0519691250e+06
262,3.1958208084e+00,-1.6446415186e+00,-3.7429716797e+03,1.0734071732e+00,-2.0344145596e-01,1.0520993750e+06
263,3.2940871716e+00,-2.0515048504e+00,-3.4509260254e+03,1.0863324404e+00,-2.3552589118e-01,1.0522416250e+06
264,3.3815565109e+00,-2.3799407482e+00,-3.1427929688e+03,1.0812809467e+00,-2.5995290279e-01,1.0524052500e+06
265,3.4795057774e+00,-2.6282501221e+00,-2.8521145020e+03,1.0907368660e+00,-2.8117802739e-01,1.0525698750e+06
266,3.5739614964e+00,-2.8083145618e+00,-2.6114116211e+03,1.0940743685e+00,-2.8211390972e-01,1.0527196250e+06
267,3.6706700325e+00,-2.8681254387e+00,-2.4347170410e+03,1.1009848118e+00,-2.8865474463e-01,1.0528418750e+06
268,3.7609744072e+00,-2.8622279167e+00,-2.3418505859e+03,1.0998616219e+00,-2.8875461221e-01,1.0529327500e+06
269,3.8250021935e+00,-2.8665232658e+00,-2.3268403320e+03,1.1023236513e+00,-2.7998664975e-01,1.0529902500e+06
270,3.8648610115e+00,-2.8946626186e+00,-2.3965048828e+03,1.1112868786e+00,-2.5559288263e-01,1.0530020000e+06
271,3.8787741661e+00,-2.9113590717e+00,-2.5417773438e+03,1.0960651636e+00,-2.3222883046e-01,1.0529888750e+06
272,3.8953740597e+00,-2.7933356762e+00,-2.7730122070e+03,1.1038678885e+00,-2.0486059785e-01,1.0529255000e+06
273,3.9714992046e+00,-2.4690160751e+00,-3.0523134766e+03,1.0931762457e+00,-1.7227081954e-01,1.0528123750e+06
274,4.0810508728e+00,-1.9761762619e+00,-3.3567194824e+03,1.0889636278e+00,-1.2686444819e-01,1.0526523750e+06
275,4.2188606262e+00,-1.4154173136e+00,-3.6230227051e+03,1.0866382122e+00,-9.0217895806e-02,1.0524423750e+06
276,4.3259887695e+00,-8.6199975014e-01,-3.8031550293e+03,1.0873450041e+00,-3.6039516330e-02,1.0521967500e+06
277,4.4620289803e+00,-2.0715816319e-01,-3.8974626465e+03,1.0741565228e+00,5.7128900662e-03,1.0519261250e+06
278,4.5697078705e+00,4.1115483642e-01,-3.8426020508e+03,1.0716160536e+00,5.5533003062e-02,1.0516251250e+06
279,4.6563062668e+00,1.0270746946e+00,-3.6630996094e+03,1.0753334761e+00,1.0340735316e-01,1.0513060000e+06
280,4.7290306091e+00,1.5463122129e+00,-3.3824816895e+03,1.0770176649e+00,1.4077961445e-01,1.0509677500e+06
281,4.7818703651e+00,2.0434100628e+00,-3.0199338379e+03,1.0770671368e+00,1.8459464610e-01,1.0506441250e+06
282,4.8169045448e+00,2.4297263622e+00,-2.6142292480e+03,1.0717936754e+00,2.1803383529e-01,1.0503262500e+06
283,4.8043756485e+00,2.6392712593e+00,-2.2194248047e+03,1.0784479380e+00,2.4821169674e-01,1.0500210000e+06
284,4.7960910797e+00,2.6917021275e+00,-1.9050466309e+03,1.0888471603e+00,2.7437511086e-01,1.0497287500e+06
285,4.7711658478e+00,2.6587748528e+00,-1.6999128418e+03,1.0935999155e+00,2.9565122724e-01,1.0494675000e+06
286,4.7430300713e+00,2.6331362724e+00,-1.6092830811e+03,1.0942543745e+00,3.1145179272e-01,1.0492521250e+06
287,4.7162699699e+00,2.6450057030e+00,-1.6176026611e+03,1.1020570993e+00,3.0961665511e-01,1.0490591250e+06
288,4.6863512993e+00,2.6887552738e+00,-1.7377062988e+03,1.1088032722e+00,3.1403279305e-01,1.0488992500e+06
289,4.6697425842e+00,2.6913423538e+00,-1.9641020508e+03,1.1158329248e+00,2.9759854078e-01,1.0487696250e+06
290,4.6701560020e+00,2.5101141930e+00,-2.2954694824e+03,1.1183384657e+00,2.6942288876e-01,1.0486753750e+06
291,4.7103495598e+00,2.1315641403e+00,-2.6611958008e+03,1.1091293097e+00,2.5313806534e-01,1.0486345000e+06
292,4.7590627670e+00,1.6636134386e+00,-3.0333327637e+03,1.1079654694e+00,2.1703723073e-01,1.0486001250e+06
293,4.8053770065e+00,1.1783380508e+00,-3.3292172852e+03,1.1074428558e+00,1.8395005167e-01,1.0485821250e+06
294,4.8734002113e+00,6.0025191307e-01,-3.5239375000e+03,1.0991991758e+00,1.3618397713e-01,1.0485608750e+06
295,4.9059510231e+00,-1.0577484965e-02,-3.5770627441e+03,1.1026626825e+00,8.6237624288e-02,1.0485160000e+06
296,4.9817743301e+00,-6.3052690029e-01,-3.4297785645e+03,1.0964345932e+00,3.7063017488e-02,1.0484643750e+06
297,4.9836030006e+00,-1.1602462530e+00,-3.1232019043e+03,1.0924414396e+00,-1.0962499306e-02,1.0483968750e+06
298,4.9873723984e+00,-1.6182887554e+00,-2.6920605469e+03,1.0862201452e+00,-6.2077533454e-02,1.0483025625e+06
299,4.9637160301e+00,-1.9823589325e+00,-2.2054746094e+03,1.0872269869e+00,-1.1554771662e-01,1.0481893125e+06
300,4.9504384995e+00,-2.2311155796e+00,-1.6993587646e+03,1.0902355909e+00,-1.5850083530e-01,1.0480540000e+06
301,4.9075274467e+00,-2.3195357323e+00,-1.2461530762e+03,1.0829212666e+00,-2.0247459412e-01,1.0479236250e+06
302,4.8621411324e+00,-2.2963497639e+00,-8.9492987061e+02,1.0928462744e+00,-2.4029327929e-01,1.0477810625e+06
303,4.8212232590e+00,-2.2320086956e+00,-6.7055438232e+02,1.0900809765e+00,-2.7941709757e-01,1.0476475000e+06
304,4.7787308693e+00,-2.1872210503e+00,-5.5106610107e+02,1.1015807390e+00,-2.9692837596e-01,1.0475153125e+06
305,4.7298460007e+00,-2.1754729748e+00,-5.3893640137e+02,1.1066907644e+00,-3.1549373269e-01,1.0474053750e+06
306,4.6729397774e+00,-2.1990878582e+00,-6.1770544434e+02,1.1071708202e+00,-3.2777968049e-01,1.0472972500e+06
307,4.6028213501e+00,-2.2495634556e+00,-7.9531787109e+02,1.1132808924e+00,-3.2860812545e-01,1.0472291875e+06
308,4.5184369087e+00,-2.2996993065e+00,-1.0833336182e+03,1.1138970852e+00,-3.1824705005e-01,1.0471934375e+06
309,4.4445133209e+00,-2.2384936810e+00,-1.4851380615e+03,1.1253728867e+00,-3.0724895000e-01,1.0471666875e+06
310,4.4002103806e+00,-2.0027194023e+00,-1.9764022217e+03,1.1296621561e+00,-2.8470200300e-01,1.0471710625e+06
311,4.4021406174e+00,-1.6596604586e+00,-2.4838732910e+03,1.1242713928e+00,-2.5660917163e-01,1.0472037500e+06
312,4.4010100365e+00,-1.2432397604e+00,-2.9486960449e+03,1.1188050508e+00,-2.1362896264e-01,1.0472641250e+06
313,4.4011812210e+00,-7.4314242601e-01,-3.3259362793e+03,1.1150798798e+00,-1.7838142812e-01,1.0473417500e+06
314,4.4040389061e+00,-2.4583342671e-01,-3.5684250488e+03,1.1078910828e+00,-1.3083294034e-01,1.0474350625e+06
315,4.3997702599e+00,3.1787240505e-01,-3.6530217285e+03,1.1002615690e+00,-7.7751427889e-02,1.0475393125e+06
316,4.4115195274e+00,8.8133442402e-01,-3.5505334473e+03,1.1041663885e+00,-3.8665037602e-02,1.0476322500e+06
317,4.4406952858e+00,1.3604778051e+00,-3.2817854004e+03,1.0978103876e+00,1.9897915423e-02,1.0477298125e+06
318,4.4599909782e+00,1.7782549858e+00,-2.8851098633e+03,1.0933264494e+00,7.4818417430e-02,1.0478268750e+06
319,4.4735989571e+00,2.0824046135e+00,-2.4427846680e+03,1.0943672657e+00,1.2053801119e-01,1.0479106250e+06
320,4.5044512749e+00,2.2523145676e+00,-2.0044614258e+03,1.0891346931e+00,1.7497986555e-01,1.0479989375e+06
321,4.5180535316e+00,2.3031537533e+00,-1.6476151123e+03,1.1036320925e+00,2.1504522860e-01,1.0480552500e+06
322,4.5415220261e+00,2.2639665604e+00,-1.4032008057e+03,1.1028110981e+00,2.5047102571e-01,1.0481076250e+06
323,4.5514006615e+00,2.1919651031e+00,-1.2787613525e+03,1.0991431475e+00,2.8557023406e-01,1.0481393125e+06
324,4.5484189987e+00,2.1427741051e+00,-1.2614125977e+03,1.1109157801e+00,3.1040889025e-01,1.0481257500e+06
325,4.5283856392e+00,2.1239180565e+00,-1.3295179443e+03,1.1035273075e+00,3.2302141190e-01,1.0480698750e+06
326,4.4905982018e+00,2.1352121830e+00,-1.4909152832e+03,1.1161373854e+00,3.2816952467e-01,1.0479625000e+06
327,4.4369049072e+00,2.1692724228e+00,-1.7362589111e+03,1.1231553555e+00,3.2647791505e-01,1.0477923125e+06
328,4.3656482697e+00,2.2053859234e+00,-2.0651914062e+03,1.1231827736e+00,3.1571546197e-01,1.0476113750e+06
329,4.2864217758e+00,2.1657021046e+00,-2.4750690918e+03,1.1258585453e+00,2.9956287146e-01,1.0474196875e+06
330,4.2325286865e+00,1.9751058817e+00,-2.9355087891e+03,1.1329971552e+00,2.7887406945e-01,1.0472234375e+06
331,4.2349500656e+00,1.6590777636e+00,-3.4061770020e+03,1.1228337288e+00,2.4336737394e-01,1.0470291250e+06
332,4.2375307083e+00,1.2561835051e+00,-3.8286076660e+03,1.1275447607e+00,2.0238292217e-01,1.0468201250e+06
333,4.2373042107e+00,7.8955072165e-01,-4.1404536133e+03,1.1253535748e+00,1.5612994134e-01,1.0465986875e+06
334,4.2338175774e+00,2.9884812236e-01,-4.3341821289e+03,1.1125613451e+00,1.1236476898e-01,1.0463691875e+06
335,4.2397251129e+00,-2.2507184744e-01,-4.3719760742e+03,1.1056624651e+00,5.5973041803e-02,1.0461191250e+06
336,4.2574658394e+00,-7.8071832657e-01,-4.2457768555e+03,1.0991114378e+00,9.7257159650e-03,1.0458466250e+06
337,4.2779693604e+00,-1.2574177980e+00,-3.9726796875e+03,1.0931640863e+00,-6.1790749431e-02,1.0455401875e+06
338,4.2948637009e+00,-1.6812589169e+00,-3.5881145020e+03,1.0908104181e+00,-1.0748430341e-01,1.0451845625e+06
339,4.3295207024e+00,-1.9785243273e+00,-3.1544765625e+03,1.0829195976e+00,-1.5126782656e-01,1.0447870000e+06
340,4.3486742973e+00,-2.1725704670e+00,-2.7417966309e+03,1.0845547915e+00,-2.0850896835e-01,1.0443388125e+06
341,4.3828663826e+00,-2.2464015484e+00,-2.3963173828e+03,1.0948172808e+00,-2.5557199121e-01,1.0438560625e+06
342,4.4095902443e+00,-2.2405726910e+00,-2.1497663574e+03,1.0980826616e+00,-2.9424315691e-01,1.0433703750e+06
343,4.4254236221e+00,-2.1819403172e+00,-2.0027905273e+03,1.1047562361e+00,-3.2497796416e-01,1.0428961250e+06
344,4.4262070656e+00,-2.1391732693e+00,-1.9454445801e+03,1.1074663401e+00,-3.5271441936e-01,1.0424575625e+06
345,4.4120283127e+00,-2.1251020432e+00,-1.9679267578e+03,1.1162233353e+00,-3.6187112331e-01,1.0420595000e+06
346,4.3746275902e+00,-2.1418700218e+00,-2.0461102295e+03,1.1268931627e+00,-3.7159067392e-01,1.0417086250e+06
347,4.3141975403e+00,-2.1811740398e+00,-2.1923847656e+03,1.1260955334e+00,-3.6474815011e-01,1.0413973750e+06
348,4.2348847389e+00,-2.2120780945e+00,-2.4069228516e+03,1.1336957216e+00,-3.5667666793e-01,1.0411283125e+06
349,4.1554036140e+00,-2.1587817669e+00,-2.6903356934e+03,1.1368398666e+00,-3.2824301720e-01,1.0409008125e+06
350,4.1089344025e+00,-1.9469543695e+00,-3.0333496094e+03,1.1277061701e+00,-3.0076390505e-01,1.0407218125e+06
351,4.0919604301e+00,-1.6200768948e+00,-3.3764526367e+03,1.1212496758e+00,-2.7569639683e-01,1.0405736875e+06
352,4.0820407867e+00,-1.2441655397e+00,-3.6723344727e+03,1.1182010174e+00,-2.2635564208e-01,1.0404520625e+06
353,4.0795617104e+00,-7.6874649525e-01,-3.8865249023e+03,1.1165782213e+00,-1.8143208325e-01,1.0403530625e+06
354,4.0579142570e+00,-2.9061004519e-01,-3.9794096680e+03,1.1043634415e+00,-1.2414686382e-01,1.0402889375e+06
355,4.0623512268e+00,2.4594449997e-01,-3.9385690918e+03,1.0967518091e+00,-7.3430269957e-02,1.0402446250e+06
356,4.0923771858e+00,7.5020414591e-01,-3.7443459473e+03,1.0961896181e+00,-1.7813995481e-02,1.0402229375e+06
357,4.1238327026e+00,1.2599467039e+00,-3.4365073242e+03,1.0802444220e+00,4.4102534652e-02,1.0402343125e+06
358,4.1467585564e+00,1.6855738163e+00,-3.0380637207e+03,1.0898513794e+00,9.8049215972e-02,1.0402639375e+06
359,4.1661739349e+00,1.9738376141e+00,-2.6070876465e+03,1.0947670937e+00,1.5602883697e-01,1.0403122500e+06
360,4.2093162537e+00,2.1819002628e+00,-2.2078811035e+03,1.0826956034e+00,2.0584829152e-01,1.0404077500e+06
361,4.2580561638e+00,2.2644705772e+00,-1.8793443604e+03,1.0927873850e+00,2.5071176887e-01,1.0405323125e+06
362,4.2985339165e+00,2.2713131905e+00,-1.6442092285e+03,1.1011325121e+00,2.9111027718e-01,1.0407137500e+06
363,4.3291287422e+00,2.2299437523e+00,-1.5149218750e+03,1.1110625267e+00,3.2709047198e-01,1.0409479375e+06
364,4.3467721939e+00,2.1823260784e+00,-1.4705697021e+03,1.1178548336e+00,3.4353336692e-01,1.0412462500e+06
365,4.3399415016e+00,2.1671700478e+00,-1.4989748535e+03,1.1189663410e+00,3.6177986860e-01,1.0416038750e+06
366,4.3138484955e+00,2.1782417297e+00,-1.5971430664e+03,1.1321334839e+00,3.7592047453e-01,1.0419988125e+06
367,4.2629861832e+00,2.2104732990e+00,-1.7577728271e+03,1.1301707029e+00,3.6968564987e-01,1.0424395625e+06
368,4.1917133331e+00,2.2269556522e+00,-1.9910163574e+03,1.1395449638e+00,3.5526573658e-01,1.0428869375e+06
369,4.1332592964e+00,2.1483776569e+00,-2.3045017090e+03,1.1348861456e+00,3.3672505617e-01,1.0433443125e+06
370,4.1079030037e+00,1.9228185415e+00,-2.6715849609e+03,1.1370881796e+00,3.1600767374e-01,1.0437922500e+06
371,4.1180872917e+00,1.5970506668e+00,-3.0366557617e+03,1.1343156099e+00,2.8369829059e-01,1.0442164375e+06
372,4.1192173958e+00,1.2002958059e+00,-3.3648166504e+03,1.1280294657e+00,2.3937980831e-01,1.0446125000e+06
373,4.1197314262e+00,7.4127113819e-01,-3.6185549316e+03,1.1208211184e+00,1.9081671536e-01,1.0449736250e+06
374,4.1277327538e+00,2.1712927520e-01,-3.7514653320e+03,1.1171228886e+00,1.4296665788e-01,1.0452730000e+06
375,4.1221284866e+00,-2.7522876859e-01,-3.7544965820e+03,1.1100870371e+00,8.2872584462e-02,1.0455305000e+06
376,4.1477022171e+00,-8.2081282139e-01,-3.6032819824e+03,1.1013234854e+00,2.8759177774e-02,1.0457448750e+06
377,4.1798491478e+00,-1.3076983690e+00,-3.3254138184e+03,1.0990034342e+00,-4.2596742511e-02,1.0459040625e+06
378,4.2019042969e+00,-1.6979697943e+00,-2.9652841797e+03,1.0900548697e+00,-8.5637360811e-02,1.0460229375e+06
379,4.2351379395e+00,-2.0095827579e+00,-2.5750361328e+03,1.0891107321e+00,-1.5041866899e-01,1.0460913125e+06
380,4.2563424110e+00,-2.1943383217e+00,-2.2082092285e+03,1.0860881805e+00,-1.8806183338e-01,1.0461206250e+06
381,4.3020067215e+00,-2.2682652473e+00,-1.9229064941e+03,1.0977022648e+00,-2.3977556825e-01,1.0460967500e+06
382,4.3372182846e+00,-2.2679004669e+00,-1.7388380127e+03,1.1035381556e+00,-2.8215506673e-01,1.0460489375e+06
383,4.3661975861e+00,-2.2175168991e+00,-1.6636760254e+03,1.1066653728e+00,-3.1567016244e-01,1.0459956875e+06
384,4.3760457039e+00,-2.1794626713e+00,-1.6684586182e+03,1.1120334864e+00,-3.3760181069e-01,1.0459345625e+06
385,4.3637199402e+00,-2.1757726669e+00,-1.7465957031e+03,1.1125278473e+00,-3.5246163607e-01,1.0458756875e+06
386,4.3290104866e+00,-2.1991729736e+00,-1.8879185791e+03,1.1274986267e+00,-3.5895660520e-01,1.0458077500e+06
387,4.2749948502e+00,-2.2359216213e+00,-2.0918767090e+03,1.1209208965e+00,-3.5591220856e-01,1.0457531250e+06
388,4.1983737946e+00,-2.2407290936e+00,-2.3679060059e+03,1.1366466284e+00,-3.5022991896e-01,1.0456728750e+06
389,4.1336183548e+00,-2.1282725334e+00,-2.7111857910e+03,1.1376137733e+00,-3.2704040408e-01,1.0455793125e+06
390,4.0987205505e+00,-1.8576260805e+00,-3.0970129395e+03,1.1325666904e+00,-2.9934808612e-01,1.0454628125e+06
391,4.1073145866e+00,-1.5045579672e+00,-3.4748344727e+03,1.1280919313e+00,-2.6545649767e-01,1.0453102500e+06
392,4.0920624733e+00,-1.0942246914e+00,-3.7895346680e+03,1.1297293901e+00,-2.2252523899e-01,1.0451237500e+06
393,4.1196627617e+00,-6.3613873720e-01,-4.0123950195e+03,1.1135618687e+00,-1.7400428653e-01,1.0449032500e+06
394,4.1182947159e+00,-9.7117543221e-02,-4.1042084961e+03,1.1134332418e+00,-1.2345930189e-01,1.0446423750e+06
395,4.1428093910e+00,4.2688512802e-01,-4.0483840332e+03,1.0992276669e+00,-6.2229681760e-02,1.0443580000e+06
396,4.1538887024e+00,9.3587070704e-01,-3.8583398438e+03,1.1010308266e+00,-1.3267837465e-02,1.0440368750e+06
397,4.1796712875e+00,1.3800528049e+00,-3.5463020020e+03,1.0971374512e+00,4.1396677494e-02,1.0436985625e+06
398,4.1929283142e+00,1.8013846874e+00,-3.1524645996e+03,1.0830394030e+00,9.6766076982e-02,1.0433528750e+06
399,4.2153902054e+00,2.0886611938e+00,-2.7260600586e+03,1.0913362503e+00,1.5067766607e-01,1.0429969375e+06
400,4.2565836906e+00,2.2405099869e+00,-2.3363481445e+03,1.0883640051e+00,2.1204067767e-01,1.0426510000e+06
401,4.2951488495e+00,2.2983877659e+00,-2.0381320801e+03,1.0881069899e+00,2.4429327250e-01,1.0423216875e+06
402,4.3323864937e+00,2.2706785202e+00,-1.8390770264e+03,1.0994310379e+00,2.8966182470e-01,1.0420009375e+06
403,4.3539648056e+00,2.2190604210e+00,-1.7403543701e+03,1.1010971069e+00,3.2184717059e-01,1.0417178125e+06
404,4.3597097397e+00,2.1846892834e+00,-1.7324030762e+03,1.1110676527e+00,3.3730745316e-01,1.0414861250e+06
405,4.3440661430e+00,2.1800065041e+00,-1.7970456543e+03,1.1192158461e+00,3.5971155763e-01,1.0413195000e+06
406,4.3066601753e+00,2.2019484043e+00,-1.9233461914e+03,1.1240286827e+00,3.6085414886e-01,1.0412048125e+06
407,4.2516407967e+00,2.2301504612e+00,-2.1147338867e+03,1.1289004087e+00,3.5874229670e-01,1.0411473125e+06
408,4.1878852844e+00,2.2002875805e+00,-2.3842829590e+03,1.1333514452e+00,3.4474807978e-01,1.0411485000e+06
409,4.1396450996e+00,2.0468111038e+00,-2.7201574707e+03,1.1321575642e+00,3.2119998336e-01,1.0411921250e+06
410,4.1246585846e+00,1.7572760582e+00,-3.0814565430e+03,1.1217007637e+00,2.8962576389e-01,1.0412680000e+06
411,4.1487474442e+00,1.3889451027e+00,-3.4194758301e+03,1.1334012747e+00,2.5373339653e-01,1.0413460000e+06
412,4.1557116508e+00,9.3280065060e-01,-3.6788288574e+03,1.1271243095e+00,2.1083097160e-01,1.0414438125e+06
413,4.1570434570e+00,4.6097737551e-01,-3.8333234863e+03,1.1202352047e+00,1.6316945851e-01,1.0415481875e+06
414,4.1393861771e+00,-6.7956693470e-02,-3.8600842285e+03,1.1185692549e+00,1.0962577164e-01,1.0416472500e+06
415,4.1481084824e+00,-5.5050075054e-01,-3.7420488281e+03,1.1061968803e+00,5.2454750985e-02,1.0417576875e+06
416,4.1731076241e+00,-1.0835754871e+00,-3.4913093262e+03,1.1015143394e+00,-6.1223952798e-04,1.0418747500e+06
417,4.2027263641e+00,-1.5530687571e+00,-3.1242797852e+03,1.0983916521e+00,-6.0228902847e-02,1.0419897500e+06
418,4.2359066010e+00,-1.9092115164e+00,-2.6870852051e+03,1.0908355713e+00,-1.2070337683e-01,1.0421097500e+06
419,4.2525997162e+00,-2.1309494972e+00,-2.2601184082e+03,1.0914218426e+00,-1.7481300235e-01,1.0422320000e+06
420,4.2923164368e+00,-2.2443516254e+00,-1.8847340088e+03,1.0881488323e+00,-2.2070129216e-01,1.0423608125e+06
421,4.3352560997e+00,-2.2735478878e+00,-1.6156545410e+03,1.1065398455e+00,-2.6672771573e-01,1.0424752500e+06
422,4.3684391975e+00,-2.2434005737e+00,-1.4505509033e+03,1.0955861807e+00,-3.0722960830e-01,1.0426168750e+06
423,4.3908734322e+00,-2.2030282021e+00,-1.3902895508e+03,1.1110113859e+00,-3.4067738056e-01,1.0427676875e+06
424,4.3909702301e+00,-2.1903479099e+00,-1.4199956055e+03,1.1077002287e+00,-3.6545556784e-01,1.0429638125e+06
425,4.3695292473e+00,-2.2057094574e+00,-1.5212445068e+03,1.1274085045e+00,-3.7591293454e-01,1.0431682500e+06
426,4.3209724426e+00,-2.2473168373e+00,-1.7027973633e+03,1.1265001297e+00,-3.7536793947e-01,1.0434150000e+06
427,4.2591071129e+00,-2.2745194435e+00,-1.9572304688e+03,1.1351464987e+00,-3.7298715115e-01,1.0436855625e+06
428,4.2082824707e+00,-2.1964900494e+00,-2.2929270020e+03,1.1396530867e+00,-3.5954716802e-01,1.0439601250e+06
429,4.1939473152e+00,-1.9558863640e+00,-2.6901022949e+03,1.1391763687e+00,-3.3870759606e-01,1.0442375000e+06
430,4.2204923630e+00,-1.6454794407e+00,-3.0835886230e+03,1.1325467825e+00,-3.0755400658e-01,1.0445086250e+06
431,4.2079491615e+00,-1.2271964550e+00,-3.4435642090e+03,1.1303713322e+00,-2.7317693830e-01,1.0447526875e+06
432,4.2083539963e+00,-8.0660825968e-01,-3.7190375977e+03,1.1205859184e+00,-2.2253625095e-01,1.0449716250e+06
433,4.2188663483e+00,-3.1521403790e-01,-3.8861799316e+03,1.1244560480e+00,-1.7065043747e-01,1.0451300625e+06
434,4.2131414413e+00,2.4703219533e-01,-3.9122321777e+03,1.1127825975e+00,-1.2493996322e-01,1.0452506875e+06
435,4.2460775375e+00,7.3284578323e-01,-3.7735546875e+03,1.1077910662e+00,-6.8559631705e-02,1.0453218750e+06
436,4.2726616859e+00,1.2532554865e+00,-3.4953637695e+03,1.1012710333e+00,-7.3238275945e-03,1.0453517500e+06
437,4.2642207146e+00,1.6828806400e+00,-3.1176540527e+03,1.0968852043e+00,4.9017380923e-02,1.0453460625e+06
438,4.3049616814e+00,1.9926397800e+00,-2.6938349609e+03,1.0885378122e+00,1.0711581260e-01,1.0452994375e+06
439,4.3173332214e+00,2.1867816448e+00,-2.2824462891e+03,1.0908005238e+00,1.5904498100e-01,1.0452137500e+06
440,4.3597416878e+00,2.2673401833e+00,-1.9512320557e+03,1.0946424007e+00,2.1591125429e-01,1.0450860000e+06
441,4.3921985626e+00,2.2632620335e+00,-1.7208106689e+03,1.1001454592e+00,2.5894054770e-01,1.0449321250e+06
442,4.4129977226e+00,2.2080905437e+00,-1.5986970215e+03,1.1028478146e+00,2.9393768311e-01,1.0447642500e+06
443,4.4204745293e+00,2.1595442295e+00,-1.5761636963e+03,1.1123181581e+00,3.2244086266e-01,1.0445905000e+06
444,4.4093885422e+00,2.1406261921e+00,-1.6356295166e+03,1.1197139025e+00,3.4115499258e-01,1.0444324375e+06
445,4.3722758293e+00,2.1511185169e+00,-1.7558342285e+03,1.1200510263e+00,3.5602915287e-01,1.0442939375e+06
446,4.3185911179e+00,2.1786849499e+00,-1.9467778320e+03,1.1259862185e+00,3.5290259123e-01,1.0441753125e+06
447,4.2452259064e+00,2.1987252235e+00,-2.2159094238e+03,1.1384807825e+00,3.4823045135e-01,1.0440681250e+06
448,4.1784567833e+00,2.1292486191e+00,-2.5514084473e+03,1.1388682127e+00,3.3626982570e-01,1.0439790000e+06
449,4.1393241882e+00,1.9208557606e+00,-2.9356572266e+03,1.1437871456e+00,3.1597217917e-01,1.0438846875e+06
450,4.1337132454e+00,1.6075299978e+00,-3.3241816406e+03,1.1396390200e+00,2.7787920833e-01,1.0437965000e+06
451,4.1400675774e+00,1.1969264746e+00,-3.6728857422e+03,1.1313699484e+00,2.3943389952e-01,1.0436963750e+06
452,4.1358747482e+00,7.6385849714e-01,-3.9265214844e+03,1.1306192875e+00,1.9316014647e-01,1.0435766250e+06
453,4.1325407028e+00,2.7108013630e-01,-4.0646210938e+03,1.1199222803e+00,1.4800773561e-01,1.0434409375e+06
454,4.1227889061e+00,-2.3851667345e-01,-4.0631672363e+03,1.1098909378e+00,9.4799019396e-02,1.0432891250e+06
455,4.1327538490e+00,-7.6788836718e-01,-3.9030537109e+03,1.1096537113e+00,3.7771414965e-02,1.0431141250e+06
456,4.1541852951e+00,-1.2364692688e+00,-3.6060849609e+03,1.1054996252e+00,-2.1487172693e-02,1.0429347500e+06
457,4.1854600906e+00,-1.6736921072e+00,-3.2049011230e+03,1.0993181467e+00,-8.1275708973e-02,1.0427460000e+06
458,4.1981639862e+00,-1.9679780006e+00,-2.7633437500e+03,1.0946035385e+00,-1.3388983905e-01,1.0425645625e+06
459,4.2280745506e+00,-2.1553716660e+00,-2.3394694824e+03,1.0986502171e+00,-1.9579373300e-01,1.0423663125e+06
460,4.2861104012e+00,-2.2401452065e+00,-1.9959505615e+03,1.0929750204e+00,-2.3984374106e-01,1.0421756250e+06
461,4.3269419670e+00,-2.2443594933e+00,-1.7535557861e+03,1.1028239727e+00,-2.8949198127e-01,1.0419884375e+06
462,4.3592400551e+00,-2.1937427521e+00,-1.6202844238e+03,1.1087751389e+00,-3.1833505630e-01,1.0418276875e+06
463,4.3767170906e+00,-2.1603105068e+00,-1.5755861816e+03,1.1123365164e+00,-3.4801554680e-01,1.0417133125e+06
464,4.3702754974e+00,-2.1515147686e+00,-1.6137077637e+03,1.1244509220e+00,-3.7929764390e-01,1.0416431250e+06
465,4.3441100121e+00,-2.1723098755e+00,-1.7120665283e+03,1.1269905567e+00,-3.8614618778e-01,1.0416207500e+06
466,4.2924146652e+00,-2.2098600864e+00,-1.8783756104e+03,1.1353346109e+00,-3.9047536254e-01,1.0416544375e+06
467,4.2245702744e+00,-2.2304143906e+00,-2.1163864746e+03,1.1417412758e+00,-3.8182458282e-01,1.0417352500e+06
468,4.1575927734e+00,-2.1616168022e+00,-2.4282714844e+03,1.1466972828e+00,-3.6020615697e-01,1.0418596250e+06
469,4.1289319992e+00,-1.9357995987e+00,-2.7911528320e+03,1.1458684206e+00,-3.3799842000e-01,1.0419961250e+06
470,4.1267514229e+00,-1.6037434340e+00,-3.1618264160e+03,1.1472532749e+00,-3.0610305071e-01,1.0421506875e+06
471,4.1301088333e+00,-1.2220159769e+00,-3.4849218750e+03,1.1357660294e+00,-2.6518461108e-01,1.0423191250e+06
472,4.1283574104e+00,-7.8790068626e-01,-3.7287224121e+03,1.1327733994e+00,-2.2243221104e-01,1.0424611875e+06
473,4.1195688248e+00,-2.9637914896e-01,-3.8581098633e+03,1.1261342764e+00,-1.6664178669e-01,1.0426090625e+06
474,4.1273150444e+00,2.3535665870e-01,-3.8375117188e+03,1.1150091887e+00,-1.1060227454e-01,1.0427483750e+06
475,4.1463122368e+00,7.6633214951e-01,-3.6728967285e+03,1.1001735926e+00,-5.6611455977e-02,1.0428746250e+06
476,4.1778407097e+00,1.2471499443e+00,-3.3822153320e+03,1.1025003195e+00,5.5907550268e-03,1.0429760625e+06
477,4.1874961853e+00,1.6611208916e+00,-2.9938586426e+03,1.0936815739e+00,6.9830596447e-02,1.0430619375e+06
478,4.2123808861e+00,1.9884772301e+00,-2.5694965820e+03,1.0938236713e+00,1.2968638539e-01,1.0431326250e+06
479,4.2499303818e+00,2.1727294922e+00,-2.1614575195e+03,1.0938249826e+00,1.8420064449e-01,1.0431891875e+06
480,4.2887630463e+00,2.2590949535e+00,-1.8379041748e+03,1.0955121517e+00,2.3940363526e-01,1.0432468750e+06
481,4.3381314278e+00,2.2632062435e+00,-1.6090435791e+03,1.1026645899e+00,2.7947226167e-01,1.0432955000e+06
482,4.3735995293e+00,2.2173588276e+00,-1.4939542236e+03,1.1094655991e+00,3.1798279285e-01,1.0433488750e+06
483,4.3918094635e+00,2.1727893353e+00,-1.4701259766e+03,1.1202892065e+00,3.4763967991e-01,1.0434226875e+06
484,4.3869209290e+00,2.1573455334e+00,-1.5253972168e+03,1.1216892004e+00,3.6608579755e-01,1.0435313125e+06
485,4.3618583679e+00,2.1690914631e+00,-1.6479539795e+03,1.1331942081e+00,3.7806880474e-01,1.0436625625e+06
486,4.3131966591e+00,2.1968555450e+00,-1.8357301025e+03,1.1401075125e+00,3.8039124012e-01,1.0438223125e+06
487,4.2420363426e+00,2.2121310234e+00,-2.1012624512e+03,1.1405613422e+00,3.6867517233e-01,1.0439971250e+06
488,4.1951737404e+00,2.1260068417e+00,-2.4347617188e+03,1.1432642937e+00,3.5529169440e-01,1.0441811250e+06
489,4.1741428375e+00,1.9026613235e+00,-2.8221254883e+03,1.1510058641e+00,3.2692933083e-01,1.0443388750e+06
490,4.1780829430e+00,1.5637964010e+00,-3.2041894531e+03,1.1408735514e+00,2.9781574011e-01,1.0444883750e+06
491,4.1844406128e+00,1.1814419031e+00,-3.5394858398e+03,1.1320737600e+00,2.6200845838e-01,1.0446126250e+06
492,4.1837573051e+00,7.0630967617e-01,-3.7867458496e+03,1.1317397356e+00,2.1079483628e-01,1.0446956250e+06
493,4.1846179962e+00,1.7740139365e-01,-3.9079487305e+03,1.1261272430e+00,1.5983234346e-01,1.0447289375e+06
494,4.1880469322e+00,-3.3127766848e-01,-3.8873164062e+03,1.1173586845e+00,1.0442838073e-01,1.0447353750e+06
495,4.1892628670e+00,-8.5517907143e-01,-3.7139421387e+03,1.1091171503e+00,3.7488278002e-02,1.0447051250e+06
496,4.2258672714e+00,-1.3258600235e+00,-3.4029633789e+03,1.1051549911e+00,-1.5336392447e-02,1.0446391875e+06
497,4.2468185425e+00,-1.7413051128e+00,-3.0122814941e+03,1.1009633541e+00,-7.4129484594e-02,1.0445398750e+06
498,4.2537288666e+00,-2.0186905861e+00,-2.5895966797e+03,1.0925344229e+00,-1.2838697433e-01,1.0444126875e+06
499,4.2952861786e+00,-2.1693444252e+00,-2.2040800781e+03,1.0975931883e+00,-1.8646170199e-01,1.0442625000e+06
500,4.3281149864e+00,-2.2228257656e+00,-1.9010611572e+03,1.0984873772e+00,-2.3554496467e-01,1.0440928750e+06
501,4.3698182106e+00,-2.2177519798e+00,-1.7052806396e+03,1.1044709682e+00,-2.7717575431e-01,1.0439090000e+06
502,4.3949532509e+00,-2.1723527908e+00,-1.6082062988e+03,1.1133261919e+00,-3.1461325288e-01,1.0437388125e+06
503,4.4019660950e+00,-2.1451709270e+00,-1.6033093262e+03,1.1146099567e+00,-3.5273173451e-01,1.0435923750e+06
504,4.3871364594e+00,-2.1430964470e+00,-1.6703841553e+03,1.1316199303e+00,-3.7063044310e-01,1.0434716250e+06
505,4.3501944542e+00,-2.1675162315e+00,-1.7991016846e+03,1.1337418556e+00,-3.7974888086e-01,1.0433935625e+06
506,4.2926912308e+00,-2.2117486000e+00,-1.9896342773e+03,1.1407275200e+00,-3.8089755177e-01,1.0433378125e+06
507,4.2225041389e+00,-2.2156915665e+00,-2.2549255371e+03,1.1544005871e+00,-3.7857732177e-01,1.0432995000e+06
508,4.1735992432e+00,-2.0825877190e+00,-2.5922126465e+03,1.1454856396e+00,-3.5319444537e-01,1.0432894375e+06
509,4.1486926079e+00,-1.8406746387e+00,-2.9657209473e+03,1.1482053995e+00,-3.2915621996e-01,1.0432868750e+06
510,4.1403760910e+00,-1.5115877390e+00,-3.3231613770e+03,1.1425107718e+00,-2.9609066248e-01,1.0432800000e+06
511,4.1287612915e+00,-1.1254028082e+00,-3.6366162109e+03,1.1369575262e+00,-2.6024892926e-01,1.0432548750e+06
512,4.1077227592e+00,-6.7949640751e-01,-3.8572692871e+03,1.1213003397e+00,-2.0705649257e-01,1.0432235000e+06
513,4.1181550026e+00,-1.5617945790e-01,-3.9608942871e+03,1.1193659306e+00,-1.5266580880e-01,1.0431654375e+06
514,4.1189165115e+00,3.5879972577e-01,-3.9170083008e+03,1.1126099825e+00,-1.0396998376e-01,1.0430900625e+06
515,4.1270093918e+00,8.8958615065e-01,-3.7284497070e+03,1.0978455544e+00,-4.6176951379e-02,1.0430054375e+06
516,4.1552300453e+00,1.3461917639e+00,-3.4003767090e+03,1.0912110806e+00,2.3921612650e-02,1.0429018125e+06
517,4.1634750366e+00,1.7543358803e+00,-2.9920532227e+03,1.0944551229e+00,8.6205005646e-02,1.0427895625e+06
518,4.1943206787e+00,2.0417931080e+00,-2.5556865234e+03,1.0902032852e+00,1.3764895499e-01,1.0426625000e+06
519,4.2427282333e+00,2.1804122925e+00,-2.1532045898e+03,1.0890296698e+00,2.0005297661e-01,1.0425405000e+06
520,4.2941994667e+00,2.2379977703e+00,-1.8402155762e+03,1.0897459984e+00,2.4574887753e-01,1.0424314375e+06
521,4.3262243271e+00,2.2255043983e+00,-1.6336667480e+03,1.0939828157e+00,2.9577764869e-01,1.0423290625e+06
522,4.3551173210e+00,2.1755216122e+00,-1.5294294434e+03,1.1056201458e+00,3.3158150315e-01,1.0422545625e+06
523,4.3633828163e+00,2.1302893162e+00,-1.5158233643e+03,1.1086106300e+00,3.5819703341e-01,1.0422252500e+06
524,4.3522596359e+00,2.1153481007e+00,-1.5738540039e+03,1.1174777746e+00,3.8524353504e-01,1.0422390625e+06
525,4.3165349960e+00,2.1319093704e+00,-1.6865025635e+03,1.1225900650e+00,3.9481702447e-01,1.0423025625e+06
526,4.2615547180e+00,2.1621456146e+00,-1.8667222900e+03,1.1395232677e+00,3.9343240857e-01,1.0423893125e+06
527,4.1885571480e+00,2.1692986488e+00,-2.1155422363e+03,1.1442190409e+00,3.8879320025e-01,1.0425229375e+06
528,4.1278162003e+00,2.0768630505e+00,-2.4319978027e+03,1.1496326923e+00,3.5693916678e-01,1.0426818125e+06
529,4.0843811035e+00,1.8616355658e+00,-2.7946057129e+03,1.1463230848e+00,3.3467867970e-01,1.0428551250e+06
530,4.0737576485e+00,1.5347032547e+00,-3.1638171387e+03,1.1527298689e+00,3.1057381630e-01,1.0430203750e+06
531,4.0691184998e+00,1.1408494711e+00,-3.4743857422e+03,1.1428179741e+00,2.5912263989e-01,1.0431884375e+06
532,4.0627889633e+00,6.8968087435e-01,-3.6970588379e+03,1.1361669302e+00,2.1105395257e-01,1.0433380000e+06
533,4.0486507416e+00,2.0091454685e-01,-3.8089833984e+03,1.1278668642e+00,1.6070362926e-01,1.0434610000e+06
534,4.0424571037e+00,-3.3210569620e-01,-3.7861774902e+03,1.1216739416e+00,1.0084146261e-01,1.0435602500e+06
535,4.0499491692e+00,-8.3489918709e-01,-3.6112348633e+03,1.1076077223e+00,4.7856312245e-02,1.0436522500e+06
536,4.0812849998e+00,-1.3201516867e+00,-3.3102709961e+03,1.1129978895e+00,-1.7328254879e-02,1.0437081250e+06
537,4.0973296165e+00,-1.7054231167e+00,-2.9261984863e+03,1.0990684032e+00,-7.8037433326e-02,1.0437556250e+06
538,4.1343293190e+00,-2.0097923279e+00,-2.5153520508e+03,1.0988569260e+00,-1.3871060312e-01,1.0437755625e+06
539,4.1845045090e+00,-2.1675186157e+00,-2.1346118164e+03,1.0928026438e+00,-1.8854321539e-01,1.0437755625e+06
540,4.2383546829e+00,-2.2386355400e+00,-1.8393133545e+03,1.1016626358e+00,-2.4569985271e-01,1.0437507500e+06
541,4.2864298820e+00,-2.2316131592e+00,-1.6453159180e+03,1.1049655676e+00,-2.8728637099e-01,1.0437288750e+06
542,4.3169841766e+00,-2.1906607151e+00,-1.5524068604e+03,1.1094133854e+00,-3.1440174580e-01,1.0437228750e+06
543,4.3353958130e+00,-2.1643958092e+00,-1.5496735840e+03,1.1205564737e+00,-3.5018259287e-01,1.0437286875e+06
544,4.3286132812e+00,-2.1659307480e+00,-1.6162862549e+03,1.1247498989e+00,-3.6924093962e-01,1.0437656250e+06
545,4.2986059189e+00,-2.1916341782e+00,-1.7507221680e+03,1.1378761530e+00,-3.7402307987e-01,1.0438303125e+06
546,4.2480101585e+00,-2.2320835590e+00,-1.9546031494e+03,1.1430478096e+00,-3.7620544434e-01,1.0439108125e+06
547,4.1835627556e+00,-2.2285227776e+00,-2.2297949219e+03,1.1453441381e+00,-3.6406457424e-01,1.0440110625e+06
548,4.1224164963e+00,-2.1027045250e+00,-2.5829675293e+03,1.1460531950e+00,-3.5372802615e-01,1.0441116250e+06
549,4.1191482544e+00,-1.8366038799e+00,-2.9640759277e+03,1.1513389349e+00,-3.2696482539e-01,1.0442084375e+06
550,4.1376743317e+00,-1.4969447851e+00,-3.3347373047e+03,1.1452926397e+00,-2.9064801335e-01,1.0442840625e+06
551,4.1222715378e+00,-1.1117182970e+00,-3.6448852539e+03,1.1386177540e+00,-2.4867056310e-01,1.0443415625e+06
552,4.1141648293e+00,-6.3933825493e-01,-3.8708857422e+03,1.1357821226e+00,-2.0519776642e-01,1.0443660000e+06
553,4.1025571823e+00,-1.0647417605e-01,-3.9684951172e+03,1.1246775389e+00,-1.4710564911e-01,1.0443645000e+06
554,4.1191020012e+00,4.0954881907e-01,-3.9209765625e+03,1.1182289124e+00,-8.7724216282e-02,1.0443285625e+06
555,4.1350469589e+00,9.2312967777e-01,-3.7259560547e+03,1.1133681536e+00,-2.8904164210e-02,1.0442603125e+06
556,4.1614751816e+00,1.4124344587e+00,-3.4057431641e+03,1.1003241539e+00,2.9228122905e-02,1.0441701250e+06
557,4.1756477356e+00,1.8146522045e+00,-3.0029909668e+03,1.0899715424e+00,9.0891659260e-02,1.0440568750e+06
558,4.2117114067e+00,2.0803444386e+00,-2.5733027344e+03,1.0984941721e+00,1.4193195105e-01,1.0439061250e+06
559,4.2539343834e+00,2.2231483459e+00,-2.1917988281e+03,1.0961824656e+00,2.0437888801e-01,1.0437510000e+06
560,4.3016419411e+00,2.2836406231e+00,-1.9002108154e+03,1.0983041525e+00,2.4684660137e-01,1.0435794375e+06
561,4.3394041061e+00,2.2647383213e+00,-1.7169871826e+03,1.1051214933e+00,2.8923037648e-01,1.0434115000e+06
562,4.3666272163e+00,2.2141766548e+00,-1.6318310547e+03,1.1082241535e+00,3.2572641969e-01,1.0432675625e+06
563,4.3757576942e+00,2.1815619469e+00,-1.6400770264e+03,1.1151386499e+00,3.5623982549e-01,1.0431624375e+06
564,4.3615813255e+00,2.1777906418e+00,-1.7147132568e+03,1.1269448996e+00,3.7352710962e-01,1.0430935000e+06
565,4.3219394684e+00,2.2006094456e+00,-1.8584193115e+03,1.1377252340e+00,3.9244794846e-01,1.0430518750e+06
566,4.2621483803e+00,2.2353947163e+00,-2.0684902344e+03,1.1403127909e+00,3.8423416018e-01,1.0430524375e+06
567,4.1984324455e+00,2.2153372765e+00,-2.3597241211e+03,1.1480796337e+00,3.8011157513e-01,1.0430733750e+06
568,4.1737747192e+00,2.0602996349e+00,-2.7125544434e+03,1.1491520405e+00,3.5872888565e-01,1.0431196250e+06
569,4.1511898041e+00,1.7818768024e+00,-3.0919699707e+03,1.1452025175e+00,3.3468195796e-01,1.0431726875e+06
570,4.1660943031e+00,1.4472199678e+00,-3.4546081543e+03,1.1402165890e+00,2.9627621174e-01,1.0432217500e+06
571,4.1446828842e+00,1.0246459246e+00,-3.7571894531e+03,1.1407108307e+00,2.5641196966e-01,1.0432553750e+06
572,4.1598124504e+00,5.4761391878e-01,-3.9623933105e+03,1.1350387335e+00,2.0725655556e-01,1.0432731875e+06
573,4.1539883614e+00,5.3464166820e-02,-4.0292819824e+03,1.1188422441e+00,1.5430408716e-01,1.0432805000e+06
574,4.1627030373e+00,-5.0971657038e-01,-3.9487006836e+03,1.1184471846e+00,1.0207115114e-01,1.0432568125e+06
575,4.1897387505e+00,-1.0203193426e+00,-3.7090839844e+03,1.1042211056e+00,3.0782746151e-02,1.0432264375e+06
576,4.2001433372e+00,-1.4512419701e+00,-3.3520080566e+03,1.0988749266e+00,-2.4590102956e-02,1.0431871250e+06
577,4.2229218483e+00,-1.8540744781e+00,-2.9224599609e+03,1.0882469416e+00,-7.8757353127e-02,1.0431293750e+06
578,4.2589144707e+00,-2.0911405087e+00,-2.4692365723e+03,1.0919603109e+00,-1.3579757512e-01,1.0430560000e+06
579,4.2913436890e+00,-2.2195520401e+00,-2.0760397949e+03,1.0882391930e+00,-1.9277368486e-01,1.0429789375e+06
580,4.3328433037e+00,-2.2550187111e+00,-1.7844022217e+03,1.0942838192e+00,-2.4023559690e-01,1.0428986875e+06
581,4.3599367142e+00,-2.2336661816e+00,-1.5939943848e+03,1.0993777514e+00,-2.7642875910e-01,1.0428236250e+06
582,4.3823595047e+00,-2.1918182373e+00,-1.5100375977e+03,1.1006399393e+00,-3.1705865264e-01,1.0427790625e+06
583,4.3878998756e+00,-2.1681201458e+00,-1.5156625977e+03,1.1070256233e+00,-3.3936104178e-01,1.0427729375e+06
584,4.3686590195e+00,-2.1727609634e+00,-1.5881068115e+03,1.1209207773e+00,-3.6117821932e-01,1.0427940000e+06
585,4.3289780617e+00,-2.2060985565e+00,-1.7331162109e+03,1.1285545826e+00,-3.6032113433e-01,1.0428695000e+06
586,4.2710413933e+00,-2.2431099415e+00,-1.9438300781e+03,1.1381022930e+00,-3.7399965525e-01,1.0429697500e+06
587,4.2055277824e+00,-2.2185606956e+00,-2.2339570312e+03,1.1368672848e+00,-3.5390368104e-01,1.0431045000e+06
588,4.1521148682e+00,-2.0537297726e+00,-2.5967065430e+03,1.1439882517e+00,-3.3654001355e-01,1.0432523125e+06
589,4.1540842056e+00,-1.7917398214e+00,-2.9770065918e+03,1.1432678699e+00,-3.1588968635e-01,1.0434095625e+06
590,4.1476573944e+00,-1.4270628691e+00,-3.3386606445e+03,1.1398924589e+00,-2.7665734291e-01,1.0435496875e+06
591,4.1342740059e+00,-1.0041056871e+00,-3.6345080566e+03,1.1300469637e+00,-2.4035975337e-01,1.0436890625e+06
592,4.1260957718e+00,-5.4215967655e-01,-3.8391901855e+03,1.1321984529e+00,-1.8990349770e-01,1.0437943125e+06
593,4.1281871796e+00,-4.9658477306e-02,-3.9282836914e+03,1.1180729866e+00,-1.4700832963e-01,1.0438743750e+06
594,4.1281981468e+00,4.8958015442e-01,-3.8568144531e+03,1.1130814552e+00,-8.6593031883e-02,1.0439349375e+06
595,4.1387743950e+00,1.0062466860e+00,-3.6349946289e+03,1.0988315344e+00,-3.7867967039e-02,1.0439767500e+06
596,4.1547446251e+00,1.4410525560e+00,-3.2919846191e+03,1.0969996452e+00,2.7174348012e-02,1.0439938750e+06
597,4.1603846550e+00,1.8391100168e+00,-2.8884106445e+03,1.0898915529e+00,8.6955204606e-02,1.0439842500e+06
598,4.2066302299e+00,2.0946376324e+00,-2.4515441895e+03,1.0914782286e+00,1.4221021533e-01,1.0439478125e+06
599,4.2542572021e+00,2.2240140438e+00,-2.0695646973e+03,1.0932979584e+00,1.8636249006e-01,1.0438900625e+06
600,4.3002638817e+00,2.2661859989e+00,-1.7866606445e+03,1.0958905220e+00,2.3423129320e-01,1.0438158125e+06
601,4.3376879692e+00,2.2374248505e+00,-1.6074931641e+03,1.0983563662e+00,2.7732160687e-01,1.0437451250e+06
602,4.3607959747e+00,2.1908404827e+00,-1.5303319092e+03,1.1012049913e+00,3.1235089898e-01,1.0436956250e+06
603,4.3662147522e+00,2.1489515305e+00,-1.5432600098e+03,1.1150530577e+00,3.2905375957e-01,1.0436646250e+06
604,4.3478422165e+00,2.1419582367e+00,-1.6230124512e+03,1.1284800768e+00,3.4600785375e-01,1.0436595000e+06
605,4.3067040443e+00,2.1648011208e+00,-1.7663179932e+03,1.1269893646e+00,3.5822737217e-01,1.0436910625e+06
606,4.2457981110e+00,2.1932904720e+00,-1.9825572510e+03,1.1330612898e+00,3.5824048519e-01,1.0437452500e+06
607,4.1700701714e+00,2.1843252182e+00,-2.2679731445e+03,1.1363412142e+00,3.4692218900e-01,1.0438065000e+06
608,4.1183290482e+00,2.0462791920e+00,-2.6201103516e+03,1.1329139471e+00,3.2280257344e-01,1.0438913125e+06
609,4.0867881775e+00,1.7838578224e+00,-3.0029340820e+03,1.1409845352e+00,2.9779419303e-01,1.0439606250e+06
610,4.0892667770e+00,1.4627141953e+00,-3.3715458984e+03,1.1383017302e+00,2.5601145625e-01,1.0440182500e+06
611,4.0882806778e+00,1.0385499001e+00,-3.6723134766e+03,1.1304703951e+00,2.1637739241e-01,1.0440569375e+06
612,4.0708708763e+00,5.9185492992e-01,-3.8798403320e+03,1.1239874363e+00,1.7121320963e-01,1.0440619375e+06
613,4.0553498268e+00,7.9554915428e-02,-3.9648701172e+03,1.1195920706e+00,1.1948534101e-01,1.0440407500e+06
614,4.0574746132e+00,-4.6735286713e-01,-3.9039560547e+03,1.1139317751e+00,7.1759499609e-02,1.0439880625e+06
615,4.0801491737e+00,-9.4219166040e-01,-3.6958159180e+03,1.0969533920e+00,8.3542959765e-03,1.0439310625e+06
616,4.1130661964e+00,-1.4384107590e+00,-3.3617399902e+03,1.0945531130e+00,-4.2154423892e-02,1.0438367500e+06
617,4.1065473557e+00,-1.8059916496e+00,-2.9561584473e+03,1.0930041075e+00,-9.8228640854e-02,1.0437180000e+06
618,4.1719713211e+00,-2.0554482937e+00,-2.5315117188e+03,1.0892702341e+00,-1.5262863040e-01,1.0435980625e+06
619,4.2173528671e+00,-2.2005813122e+00,-2.1618876953e+03,1.0973761082e+00,-2.0266470313e-01,1.0434528125e+06
620,4.2649321556e+00,-2.2473871708e+00,-1.8801678467e+03,1.0921066999e+00,-2.4482901394e-01,1.0432967500e+06
621,4.3039045334e+00,-2.2247695923e+00,-1.6993183594e+03,1.1016842127e+00,-2.8375622630e-01,1.0431527500e+06
622,4.3351635933e+00,-2.1823246479e+00,-1.6237685547e+03,1.1027038097e+00,-3.1232216954e-01,1.0430352500e+06
623,4.3450274467e+00,-2.1597747803e+00,-1.6302426758e+03,1.1066997051e+00,-3.3326813579e-01,1.0429630625e+06
624,4.3305592537e+00,-2.1639194489e+00,-1.7007902832e+03,1.1175030470e+00,-3.4433779120e-01,1.0429162500e+06
625,4.2937021255e+00,-2.1930840015e+00,-1.8384234619e+03,1.1285960674e+00,-3.5541573167e-01,1.0428982500e+06
626,4.2372388840e+00,-2.2311503887e+00,-2.0423647461e+03,1.1327118874e+00,-3.4417244792e-01,1.0429186875e+06
627,4.1711668968e+00,-2.2076256275e+00,-2.3178967285e+03,1.1281040907e+00,-3.3845257759e-01,1.0429693750e+06
628,4.1146841049e+00,-2.0546813011e+00,-2.6562946777e+03,1.1307216883e+00,-3.1284764409e-01,1.0430286250e+06
629,4.1202573776e+00,-1.7796337605e+00,-3.0228173828e+03,1.1248952150e+00,-2.8780603409e-01,1.0430953125e+06
630,4.1000757217e+00,-1.4359263182e+00,-3.3682192383e+03,1.1297610998e+00,-2.4857842922e-01,1.0431488125e+06
631,4.1149396896e+00,-1.0343327522e+00,-3.6593801270e+03,1.1208525896e+00,-2.0410715044e-01,1.0431821250e+06
632,4.0881967545e+00,-5.4303503036e-01,-3.8598342285e+03,1.1167774200e+00,-1.6094425321e-01,1.0432013750e+06
633,4.0758080482e+00,-2.1151773632e-02,-3.9231437988e+03,1.1007047892e+00,-1.1057987809e-01,1.0432111250e+06
634,4.0953345299e+00,5.1008683443e-01,-3.8434873047e+03,1.1012442112e+00,-4.8796351999e-02,1.0431939375e+06
635,4.0994992256e+00,1.0237045288e+00,-3.6197717285e+03,1.0982100964e+00,6.3486974686e-03,1.0431646875e+06
636,4.1205906868e+00,1.4765000343e+00,-3.2747946777e+03,1.0934855938e+00,6.4921997488e-02,1.0431181875e+06
637,4.1519241333e+00,1.8703019619e+00,-2.8675185547e+03,1.0925475359e+00,1.1993951350e-01,1.0430651250e+06
638,4.1766366959e+00,2.1143002510e+00,-2.4397812500e+03,1.0855098963e+00,1.7548449337e-01,1.0430011250e+06
639,4.2316927910e+00,2.2455484867e+00,-2.0699899902e+03,1.0919445753e+00,2.2224627435e-01,1.0429255000e+06
640,4.2821493149e+00,2.2863919735e+00,-1.7945032959e+03,1.0943617821e+00,2.5731092691e-01,1.0428536250e+06
641,4.3273844719e+00,2.2591769695e+00,-1.6337526855e+03,1.1015820503e+00,2.9768344760e-01,1.0427917500e+06
642,4.3556485176e+00,2.2088956833e+00,-1.5721236572e+03,1.1024177074e+00,3.1752920151e-01,1.0427521875e+06
643,4.3636832237e+00,2.1824285984e+00,-1.5897418213e+03,1.1092244387e+00,3.4296900034e-01,1.0427486250e+06
644,4.3486227989e+00,2.1866412163e+00,-1.6834344482e+03,1.1190540791e+00,3.5615265369e-01,1.0427827500e+06
645,4.3155965805e+00,2.2146017551e+00,-1.8387331543e+03,1.1213952303e+00,3.5707354546e-01,1.0428538125e+06
646,4.2592406273e+00,2.2434809208e+00,-2.0722387695e+03,1.1321449280e+00,3.5281565785e-01,1.0429475625e+06
647,4.2067193985e+00,2.1934053898e+00,-2.3797778320e+03,1.1262946129e+00,3.2915401459e-01,1.0430761250e+06
648,4.1795620918e+00,2.0115211010e+00,-2.7466394043e+03,1.1305069923e+00,3.1796669960e-01,1.0432086875e+06
649,4.1950502396e+00,1.7187989950e+00,-3.1264167480e+03,1.1297086477e+00,2.7720975876e-01,1.0433343125e+06
650,4.2003259659e+00,1.3429875374e+00,-3.4888386230e+03,1.1276872158e+00,2.4165011942e-01,1.0434465625e+06
651,4.2149767876e+00,8.9541614056e-01,-3.7642419434e+03,1.1241732836e+00,1.9894757867e-01,1.0435401250e+06
652,4.1859903336e+00,4.2565822601e-01,-3.9477553711e+03,1.1120229959e+00,1.4873155951e-01,1.0436147500e+06
653,4.1982326508e+00,-1.1369749904e-01,-3.9851884766e+03,1.1064057350e+00,9.3969456851e-02,1.0436617500e+06
654,4.2117948532e+00,-6.2391847372e-01,-3.8750539551e+03,1.1013171673e+00,3.7634178996e-02,1.0436827500e+06
655,4.2453103065e+00,-1.1273025274e+00,-3.6074724121e+03,1.0946177244e+00,-2.4389777333e-02,1.0436807500e+06
656,4.2534093857e+00,-1.5874898434e+00,-3.2266088867e+03,1.0946170092e+00,-8.8564902544e-02,1.0436646250e+06
657,4.2726898193e+00,-1.9218419790e+00,-2.7858728027e+03,1.0918296576e+00,-1.3779042661e-01,1.0436155625e+06
658,4.3050136566e+00,-2.1316883564e+00,-2.3504389648e+03,1.0913089514e+00,-1.8764959276e-01,1.0435475625e+06
659,4.3398952484e+00,-2.2293941975e+00,-1.9840267334e+03,1.0934303999e+00,-2.4393123388e-01,1.0434615625e+06
660,4.3786439896e+00,-2.2454202175e+00,-1.7226762695e+03,1.1001448631e+00,-2.8141260147e-01,1.0433751250e+06
661,4.4013738632e+00,-2.2056493759e+00,-1.5656617432e+03,1.1006658077e+00,-3.2167139649e-01,1.0432931875e+06
662,4.4101448059e+00,-2.1558744907e+00,-1.5107873535e+03,1.1078900099e+00,-3.4219178557e-01,1.0432243750e+06
663,4.4036126137e+00,-2.1360356808e+00,-1.5412716064e+03,1.1181374788e+00,-3.6721307039e-01,1.0431856250e+06
664,4.3740758896e+00,-2.1464080811e+00,-1.6337965088e+03,1.1312266588e+00,-3.7287926674e-01,1.0431735625e+06
665,4.3229031563e+00,-2.1795520782e+00,-1.7943555908e+03,1.1309566498e+00,-3.7429666519e-01,1.0431960000e+06
666,4.2485890388e+00,-2.2133696079e+00,-2.0276395264e+03,1.1358451843e+00,-3.6812785268e-01,1.0432515000e+06
667,4.1731972694e+00,-2.1715598106e+00,-2.3280585938e+03,1.1435769796e+00,-3.5038590431e-01,1.0433204375e+06
668,4.1419315338e+00,-1.9712896347e+00,-2.6892824707e+03,1.1413542032e+00,-3.2730531693e-01,1.0434009375e+06
669,4.1104884148e+00,-1.6731200218e+00,-3.0638518066e+03,1.1309375763e+00,-2.9779008031e-01,1.0434911250e+06
670,4.1023449898e+00,-1.3163061142e+00,-3.4114885254e+03,1.1324623823e+00,-2.5489029288e-01,1.0435561250e+06
671,4.1053705215e+00,-8.8098257780e-01,-3.6870676270e+03,1.1317298412e+00,-2.0853886008e-01,1.0435990000e+06
672,4.0885753632e+00,-3.8210418820e-01,-3.8495126953e+03,1.1230889559e+00,-1.4877107739e-01,1.0436126875e+06
673,4.0809535980e+00,1.1613750458e-01,-3.8777583008e+03,1.1140358448e+00,-9.5392249525e-02,1.0436146250e+06
674,4.1084189415e+00,6.5612447262e-01,-3.7521779785e+03,1.1053856611e+00,-3.4370113164e-02,1.0435976250e+06
675,4.1211590767e+00,1.1732549667e+00,-3.4964406738e+03,1.1011281013e+00,2.1213736385e-02,1.0435465000e+06
676,4.1428680420e+00,1.6235578060e+00,-3.1261247559e+03,1.1008107662e+00,8.5969008505e-02,1.0434748750e+06
677,4.1762967110e+00,1.9315990210e+00,-2.6950549316e+03,1.0925987959e+00,1.4593599737e-01,1.0433871875e+06
678,4.2081694603e+00,2.1434657574e+00,-2.2761655273e+03,1.0955958366e+00,1.9878351688e-01,1.0432726250e+06
679,4.2685608864e+00,2.2458851337e+00,-1.9466791992e+03,1.0946935415e+00,2.4514542520e-01,1.0431536250e+06
680,4.3161654472e+00,2.2547943592e+00,-1.7062512207e+03,1.0979373455e+00,2.9535329342e-01,1.0430363750e+06
681,4.3508615494e+00,2.2172546387e+00,-1.5712219238e+03,1.1025424004e+00,3.3337223530e-01,1.0429270625e+06
682,4.3745055199e+00,2.1694679260e+00,-1.5387910156e+03,1.1073247194e+00,3.5891652107e-01,1.0428388125e+06
683,4.3751292229e+00,2.1507606506e+00,-1.5838006592e+03,1.1266041994e+00,3.7936916947e-01,1.0427698750e+06
684,4.3545060158e+00,2.1639876366e+00,-1.6971999512e+03,1.1274732351e+00,3.9705061913e-01,1.0427563125e+06
685,4.3101234436e+00,2.1946606636e+00,-1.8750759277e+03,1.1434890032e+00,3.9140367508e-01,1.0427611250e+06
686,4.2473521233e+00,2.2115528584e+00,-2.1239072266e+03,1.1424143314e+00,3.8156455755e-01,1.0428138750e+06
687,4.1890573502e+00,2.1384446621e+00,-2.4457751465e+03,1.1460748911e+00,3.6021956801e-01,1.0428913125e+06
688,4.1748247147e+00,1.9333667755e+00,-2.8227592773e+03,1.1447879076e+00,3.3767524362e-01,1.0429755000e+06
689,4.1786284447e+00,1.6136112213e+00,-3.1951311035e+03,1.1439644098e+00,3.0448156595e-01,1.0430694375e+06
690,4.1552700996e+00,1.2428385019e+00,-3.5398273926e+03,1.1414265633e+00,2.5346294045e-01,1.0431413750e+06
691,4.1714987755e+00,7.8151398897e-01,-3.7856220703e+03,1.1308612823e+00,2.0937010646e-01,1.0432007500e+06
692,4.1371717453e+00,3.0883380771e-01,-3.9305380859e+03,1.1175259352e+00,1.5150246024e-01,1.0432496250e+06
693,4.1698942184e+00,-2.3518496752e-01,-3.9279956055e+03,1.1135299206e+00,9.0723432600e-02,1.0432705000e+06
694,4.1823806763e+00,-7.5229483843e-01,-3.7679763184e+03,1.1098899841e+00,3.4621089697e-02,1.0432702500e+06
695,4.1957139969e+00,-1.2230204344e+00,-3.4802226562e+03,1.0979009867e+00,-3.2367512584e-02,1.0432603750e+06
696,4.2137475014e+00,-1.6824507713e+00,-3.0791716309e+03,1.0986067057e+00,-9.1570243239e-02,1.0432248750e+06
697,4.2374753952e+00,-1.9617002010e+00,-2.6402858887e+03,1.1020516157e+00,-1.4361438155e-01,1.0431656250e+06
698,4.2744965553e+00,-2.1510772705e+00,-2.2338691406e+03,1.0982902050e+00,-2.0875506103e-01,1.0430972500e+06
699,4.3152589798e+00,-2.2263839245e+00,-1.9053825684e+03,1.0991541147e+00,-2.5313135982e-01,1.0430319375e+06
700,4.3538804054e+00,-2.2320973873e+00,-1.6755816650e+03,1.1095776558e+00,-3.0204242468e-01,1.0429512500e+06
701,4.3761777878e+00,-2.1926913261e+00,-1.5526418457e+03,1.1123070717e+00,-3.3286279440e-01,1.0428893750e+06
702,4.3898367882e+00,-2.1545844078e+00,-1.5286331787e+03,1.1232892275e+00,-3.6383742094e-01,1.0428480000e+06
703,4.3826789856e+00,-2.1466259956e+00,-1.5771146240e+03,1.1285668612e+00,-3.7568095326e-01,1.0428540000e+06
704,4.3493790627e+00,-2.1704733372e+00,-1.6943420410e+03,1.1377120018e+00,-3.8917452097e-01,1.0428924375e+06
705,4.2923932076e+00,-2.2084646225e+00,-1.8746002197e+03,1.1402504444e+00,-3.8489991426e-01,1.0429616875e+06
706,4.2219333649e+00,-2.2247986794e+00,-2.1314465332e+03,1.1470131874e+00,-3.6967822909e-01,1.0430591875e+06
707,4.1545214653e+00,-2.1247580051e+00,-2.4611445312e+03,1.1469705105e+00,-3.5074022412e-01,1.0431711250e+06
708,4.1260166168e+00,-1.8774172068e+00,-2.8383847656e+03,1.1461251974e+00,-3.2192587852e-01,1.0432952500e+06
709,4.1259675026e+00,-1.5687007904e+00,-3.2140659180e+03,1.1453638077e+00,-2.8416547179e-01,1.0434176250e+06
710,4.1209774017e+00,-1.1740061045e+00,-3.5439667969e+03,1.1387206316e+00,-2.4533878267e-01,1.0435136875e+06
711,4.1319808960e+00,-7.0926898718e-01,-3.7793415527e+03,1.1277054548e+00,-1.9474770129e-01,1.0436008750e+06
712,4.1087164879e+00,-1.8607415259e-01,-3.8975524902e+03,1.1280832291e+00,-1.3959406316e-01,1.0436460625e+06
713,4.1200103760e+00,3.3164271712e-01,-3.8594213867e+03,1.1150605679e+00,-8.3572782576e-02,1.0436728125e+06
714,4.1474165916e+00,8.2521325350e-01,-3.6759609375e+03,1.1130305529e+00,-2.2864647210e-02,1.0436698750e+06
715,4.1705789566e+00,1.3139501810e+00,-3.3729145508e+03,1.1035478115e+00,3.6462303251e-02,1.0436482500e+06
716,4.2026276588e+00,1.7374094725e+00,-2.9731594238e+03,1.1003724337e+00,9.5208004117e-02,1.0436025625e+06
717,4.2168364525e+00,2.0172581673e+00,-2.5438020020e+03,1.0991600752e+00,1.5446731448e-01,1.0435436250e+06
718,4.2566671371e+00,2.1814031601e+00,-2.1529863281e+03,1.0953868628e+00,2.0318019390e-01,1.0434565000e+06
719,4.3084945679e+00,2.2471687794e+00,-1.8434018555e+03,1.0989552736e+00,2.5223696232e-01,1.0433563125e+06
720,4.3475484848e+00,2.2340579033e+00,-1.6353061523e+03,1.1045814753e+00,3.0148506165e-01,1.0432558125e+06
721,4.3748326302e+00,2.1851227283e+00,-1.5403684082e+03,1.1111645699e+00,3.2823544741e-01,1.0431660000e+06
722,4.3890533447e+00,2.1416468620e+00,-1.5287593994e+03,1.1217379570e+00,3.5432967544e-01,1.0430998750e+06
723,4.3785786629e+00,2.1304512024e+00,-1.5922004395e+03,1.1250176430e+00,3.6175712943e-01,1.0430762500e+06
724,4.3472232819e+00,2.1469602585e+00,-1.7240933838e+03,1.1372752190e+00,3.7994399667e-01,1.0430861875e+06
725,4.2902574539e+00,2.1835491657e+00,-1.9167846680e+03,1.1385679245e+00,3.6464735866e-01,1.0431284375e+06
726,4.2171177864e+00,2.1904926300e+00,-2.1886010742e+03,1.1455848217e+00,3.5885402560e-01,1.0431962500e+06
727,4.1668896675e+00,2.0930047035e+00,-2.5269125977e+03,1.1456255913e+00,3.3466756344e-01,1.0432876250e+06
728,4.1489610672e+00,1.8485877514e+00,-2.9052592773e+03,1.1488604546e+00,3.0339762568e-01,1.0433736875e+06
729,4.1511826515e+00,1.5144644976e+00,-3.2806950684e+03,1.1445111036e+00,2.6931351423e-01,1.0434461875e+06
730,4.1552968025e+00,1.1020159721e+00,-3.5957690430e+03,1.1363792419e+00,2.2635799646e-01,1.0435164375e+06
731,4.1581549644e+00,6.4119428396e-01,-3.8129406738e+03,1.1296366453e+00,1.8122674525e-01,1.0435625000e+06
732,4.1582393646e+00,1.3860306144e-01,-3.9125830078e+03,1.1204650402e+00,1.1983235180e-01,1.0435840000e+06
733,4.1423358917e+00,-3.9227172732e-01,-3.8735090332e+03,1.1192499399e+00,6.5702080727e-02,1.0435751250e+06
734,4.1691861153e+00,-9.0031433105e-01,-3.6782814941e+03,1.1091606617e+00,9.1333324090e-03,1.0435515625e+06
735,4.1912322044e+00,-1.3616409302e+00,-3.3475861816e+03,1.1081742048e+00,-4.6497978270e-02,1.0435053125e+06
736,4.1866841316e+00,-1.7291108370e+00,-2.9635603027e+03,1.0987522602e+00,-1.1277603358e-01,1.0434481875e+06
737,4.2186002731e+00,-2.0235834122e+00,-2.5368164062e+03,1.0952413082e+00,-1.6623586416e-01,1.0433700000e+06
738,4.2673697472e+00,-2.1796753407e+00,-2.1464343262e+03,1.1062334776e+00,-2.1666313708e-01,1.0432798125e+06
739,4.2950744629e+00,-2.2243292332e+00,-1.8403962402e+03,1.1038887501e+00,-2.6195088029e-01,1.0431844375e+06
740,4.3337473869e+00,-2.2130012512e+00,-1.6389915771e+03,1.1127681732e+00,-3.0013486743e-01,1.0430922500e+06
741,4.3567075729e+00,-2.1611213684e+00,-1.5458732910e+03,1.1145405769e+00,-3.3117589355e-01,1.0430180000e+06
742,4.3571910858e+00,-2.1249537468e+00,-1.5328791504e+03,1.1235548258e+00,-3.5576274991e-01,1.0429700625e+06
743,4.3369331360e+00,-2.1182315350e+00,-1.5903989258e+03,1.1340901852e+00,-3.6831259727e-01,1.0429565000e+06
744,4.2943329811e+00,-2.1380712986e+00,-1.7089400635e+03,1.1354979277e+00,-3.7780576944e-01,1.0429780625e+06
745,4.2253584862e+00,-2.1728312969e+00,-1.8896987305e+03,1.1392410994e+00,-3.7189972401e-01,1.0430357500e+06
746,4.1375060081e+00,-2.1787278652e+00,-2.1380651855e+03,1.1434209347e+00,-3.5439938307e-01,1.0431209375e+06
747,4.0606269836e+00,-2.0726587772e+00,-2.4567661133e+03,1.1422492266e+00,-3.3427700400e-01,1.0432225000e+06
748,4.0170316696e+00,-1.8574558496e+00,-2.8157194824e+03,1.1507127285e+00,-2.9692551494e-01,1.0433268125e+06
749,4.0035028458e+00,-1.5163859129e+00,-3.1710698242e+03,1.1343871355e+00,-2.6248207688e-01,1.0434326250e+06
750,3.9730989933e+00,-1.1272764206e+00,-3.4776706543e+03,1.1394145489e+00,-2.2023390234e-01,1.0435110625e+06
751,3.9798655510e+00,-6.8862640858e-01,-3.6963242188e+03,1.1242381334e+00,-1.7200604081e-01,1.0435760625e+06
752,3.9617850780e+00,-1.8283075094e-01,-3.8008930664e+03,1.1214084625e+00,-1.2187329680e-01,1.0436103750e+06
753,3.9390511513e+00,3.0234754086e-01,-3.7680061035e+03,1.1064504385e+00,-6.0783654451e-02,1.0436288750e+06
754,3.9562129974e+00,8.1915336847e-01,-3.6018457031e+03,1.1006112099e+00,-4.0358719416e-03,1.0436183125e+06
755,3.9806313515e+00,1.3114037514e+00,-3.3188200684e+03,1.0999785662e+00,5.5848889053e-02,1.0435953125e+06
756,3.9967105389e+00,1.7379238605e+00,-2.9464853516e+03,1.0897353888e+00,1.1375663429e-01,1.0435603125e+06
757,4.0358486176e+00,2.0293724537e+00,-2.5375512695e+03,1.1003636122e+00,1.6527538002e-01,1.0434948125e+06
758,4.1031780243e+00,2.1940267086e+00,-2.1711938477e+03,1.1012207270e+00,2.2128194571e-01,1.0434118750e+06
759,4.1703219414e+00,2.2687134743e+00,-1.8850817871e+03,1.0961749554e+00,2.6506170630e-01,1.0433305625e+06
760,4.2260885239e+00,2.2714936733e+00,-1.7029448242e+03,1.1073290110e+00,3.0273142457e-01,1.0432493125e+06
761,4.2727384567e+00,2.2350118160e+00,-1.6211683350e+03,1.1159031391e+00,3.4285211563e-01,1.0431851875e+06
762,4.2961258888e+00,2.2050497532e+00,-1.6259951172e+03,1.1173863411e+00,3.6448720098e-01,1.0431551250e+06
763,4.2953162193e+00,2.2048425674e+00,-1.7036904297e+03,1.1369974613e+00,3.8065570593e-01,1.0431531875e+06
764,4.2716097832e+00,2.2233386040e+00,-1.8511406250e+03,1.1355149746e+00,3.8355648518e-01,1.0432020000e+06
765,4.2261867523e+00,2.2533369064e+00,-2.0649052734e+03,1.1402397156e+00,3.8801190257e-01,1.0432766250e+06
766,4.1695380211e+00,2.2270376682e+00,-2.3590454102e+03,1.1454117298e+00,3.7631124258e-01,1.0433678750e+06
767,4.1326336861e+00,2.0718443394e+00,-2.7116994629e+03,1.1479364634e+00,3.5000148416e-01,1.0434723750e+06
768,4.1311483383e+00,1.8056331873e+00,-3.0918955078e+03,1.1399881840e+00,3.2100179791e-01,1.0435816250e+06
769,4.1581830978e+00,1.4402358532e+00,-3.4551591797e+03,1.1406470537e+00,2.8623378277e-01,1.0436809375e+06
770,4.1408290863e+00,1.0337753296e+00,-3.7592624512e+03,1.1336963177e+00,2.3473605514e-01,1.0437586875e+06
771,4.1827187538e+00,5.3047549725e-01,-3.9498371582e+03,1.1319283247e+00,1.8884679675e-01,1.0438060625e+06
772,4.1671366692e+00,1.8366672099e-02,-4.0162841797e+03,1.1179199219e+00,1.4067862928e-01,1.0438355625e+06
773,4.1859397888e+00,-5.0726377964e-01,-3.9298315430e+03,1.1121658087e+00,7.7620245516e-02,1.0438388750e+06
774,4.1916809082e+00,-1.0181374550e+00,-3.6996064453e+03,1.1037501097e+00,1.4920181595e-02,1.0438212500e+06
775,4.2110018730e+00,-1.4825944901e+00,-3.3529235840e+03,1.1014569998e+00,-3.9873238653e-02,1.0437771250e+06
776,4.2444934845e+00,-1.8654615879e+00,-2.9299782715e+03,1.0936871767e+00,-1.0152961314e-01,1.0437200000e+06
777,4.2645916939e+00,-2.1105875969e+00,-2.4889321289e+03,1.0924015045e+00,-1.5601666272e-01,1.0436324375e+06
778,4.2923574448e+00,-2.2381289005e+00,-2.1082888184e+03,1.0886448622e+00,-2.1438708901e-01,1.0435376250e+06
779,4.3374772072e+00,-2.2792785168e+00,-1.8261713867e+03,1.0954144001e+00,-2.5482571125e-01,1.0434276875e+06
780,4.3726491928e+00,-2.2527208328e+00,-1.6510582275e+03,1.0987005234e+00,-2.9049509764e-01,1.0433299375e+06
781,4.3925247192e+00,-2.2121682167e+00,-1.5812652588e+03,1.1113533974e+00,-3.2840433717e-01,1.0432405625e+06
782,4.3933663368e+00,-2.1955437660e+00,-1.6003223877e+03,1.1176826954e+00,-3.5628631711e-01,1.0431968750e+06
783,4.3720569611e+00,-2.2068996429e+00,-1.6923303223e+03,1.1260287762e+00,-3.7049040198e-01,1.0431807500e+06
784,4.3284440041e+00,-2.2451167107e+00,-1.8522269287e+03,1.1343142986e+00,-3.7845668197e-01,1.0432023125e+06
785,4.2659182549e+00,-2.2734365463e+00,-2.0881694336e+03,1.1338312626e+00,-3.8206762075e-01,1.0432573125e+06
786,4.2099924088e+00,-2.2065300941e+00,-2.4013510742e+03,1.1422684193e+00,-3.6929228902e-01,1.0433313750e+06
787,4.1961483955e+00,-1.9861525297e+00,-2.7736916504e+03,1.1483355761e+00,-3.4175181389e-01,1.0434084375e+06
788,4.2038211823e+00,-1.7046886683e+00,-3.1512563477e+03,1.1398707628e+00,-3.1460922956e-01,1.0435030625e+06
789,4.1885805130e+00,-1.3212642670e+00,-3.5027480469e+03,1.1381119490e+00,-2.7679574490e-01,1.0435880000e+06
790,4.1892437935e+00,-8.8627904654e-01,-3.7731398926e+03,1.1340669394e+00,-2.4153956771e-01,1.0436483125e+06
791,4.1814255714e+00,-3.9739829302e-01,-3.9436110840e+03,1.1219432354e+00,-1.8142037094e-01,1.0436950625e+06
792,4.1891050339e+00,1.2943734229e-01,-3.9678322754e+03,1.1187777519e+00,-1.3552558422e-01,1.0436995000e+06
793,4.1852607727e+00,6.7582195997e-01,-3.8453471680e+03,1.1165182590e+00,-7.6881960034e-02,1.0436835000e+06
794,4.2194242477e+00,1.1596349478e+00,-3.5701413574e+03,1.1095156670e+00,-2.2639647126e-02,1.0436470625e+06
795,4.2290916443e+00,1.6347084045e+00,-3.1802944336e+03,1.1020858288e+00,3.8126885891e-02,1.0435983125e+06
796,4.2502598763e+00,1.9414442778e+00,-2.7252739258e+03,1.0959746838e+00,9.5701947808e-02,1.0435311875e+06
797,4.2765297890e+00,2.1474685669e+00,-2.2928837891e+03,1.0858377218e+00,1.5193384886e-01,1.0434696875e+06
798,4.3190579414e+00,2.2432124615e+00,-1.9270718994e+03,1.0977473259e+00,2.0227082074e-01,1.0433758125e+06
799,4.3500585556e+00,2.2448916435e+00,-1.6730977783e+03,1.1075745821e+00,2.5287738442e-01,1.0432722500e+06
800,4.3785967827e+00,2.2023530006e+00,-1.5204277344e+03,1.1049897671e+00,3.0016234517e-01,1.0431720625e+06
801,4.3944110870e+00,2.1542878151e+00,-1.4702479248e+03,1.1091440916e+00,3.3365929127e-01,1.0430972500e+06
802,4.3924102783e+00,2.1298105717e+00,-1.4992686768e+03,1.1183243990e+00,3.6015850306e-01,1.0430502500e+06
803,4.3640275002e+00,2.1333534718e+00,-1.6000285645e+03,1.1312417984e+00,3.7806728482e-01,1.0430353750e+06
804,4.3140397072e+00,2.1622612476e+00,-1.7703260498e+03,1.1360996962e+00,3.7701877952e-01,1.0430587500e+06
805,4.2425632477e+00,2.1853871346e+00,-2.0088530273e+03,1.1414998770e+00,3.7778767943e-01,1.0431159375e+06
806,4.1841902733e+00,2.1249561310e+00,-2.3217539062e+03,1.1382462978e+00,3.7081155181e-01,1.0432161250e+06
807,4.1424226761e+00,1.9506418705e+00,-2.6916550293e+03,1.1443632841e+00,3.4743553400e-01,1.0433238125e+06
808,4.1274161339e+00,1.6350530386e+00,-3.0769731445e+03,1.1420538425e+00,3.1335154176e-01,1.0434376875e+06
809,4.1286263466e+00,1.2754955292e+00,-3.4203371582e+03,1.1446129084e+00,2.7871677279e-01,1.0435404375e+06
810,4.1122975349e+00,8.3283150196e-01,-3.6951015625e+03,1.1383192539e+00,2.3757426441e-01,1.0436311250e+06
811,4.0843324661e+00,3.3584651351e-01,-3.8461157227e+03,1.1274137497e+00,1.9414778054e-01,1.0437036250e+06
812,4.1054291725e+00,-1.7847186327e-01,-3.8658645020e+03,1.1172615290e+00,1.3466516137e-01,1.0437625000e+06
813,4.1168794632e+00,-7.1679729223e-01,-3.7254931641e+03,1.1124560833e+00,8.2085870206e-02,1.0437856875e+06
814,4.1372909546e+00,-1.2046954632e+00,-3.4473242188e+03,1.1031503677e+00,2.1330403164e-02,1.0437968750e+06
815,4.1343793869e+00,-1.6498079300e+00,-3.0711687012e+03,1.0996485949e+00,-3.6011260003e-02,1.0437891250e+06
816,4.1829481125e+00,-1.9622894526e+00,-2.6397917480e+03,1.0926800966e+00,-8.9077532291e-02,1.0437560000e+06
817,4.2200078964e+00,-2.1435670853e+00,-2.2360102539e+03,1.0916836262e+00,-1.5018494427e-01,1.0436978125e+06
818,4.2683587074e+00,-2.2217004299e+00,-1.9051682129e+03,1.0972889662e+00,-2.0118208230e-01,1.0436251250e+06
819,4.3122439384e+00,-2.2426452637e+00,-1.6788496094e+03,1.0929812193e+00,-2.5437882543e-01,1.0435481875e+06
820,4.3450684547e+00,-2.2058784962e+00,-1.5551968994e+03,1.1025627851e+00,-2.9378131032e-01,1.0434761875e+06
821,4.3613367081e+00,-2.1710736752e+00,-1.5233349609e+03,1.1094483137e+00,-3.2437732816e-01,1.0434087500e+06
822,4.3598122597e+00,-2.1636486053e+00,-1.5769582520e+03,1.1128506660e+00,-3.4983155131e-01,1.0433791250e+06
823,4.3370027542e+00,-2.1817538738e+00,-1.6986840820e+03,1.1178373098e+00,-3.6323630810e-01,1.0433879375e+06
824,4.2907562256e+00,-2.2195427418e+00,-1.8891251221e+03,1.1271743774e+00,-3.7216606736e-01,1.0434286250e+06
825,4.2310476303e+00,-2.2368044853e+00,-2.1529096680e+03,1.1360830069e+00,-3.7486943603e-01,1.0434863125e+06
826,4.1678180695e+00,-2.1503221989e+00,-2.4871708984e+03,1.1440095901e+00,-3.5326018929e-01,1.0435584375e+06
827,4.1386132240e+00,-1.9104833603e+00,-2.8676030273e+03,1.1322970390e+00,-3.3662328124e-01,1.0436607500e+06
828,4.1525049210e+00,-1.5907024145e+00,-3.2492172852e+03,1.1360032558e+00,-3.0651769042e-01,1.0437461250e+06
829,4.1463985443e+00,-1.2127020359e+00,-3.5825083008e+03,1.1361744404e+00,-2.6364094019e-01,1.0438197500e+06
830,4.1680603027e+00,-7.7960300446e-01,-3.8311530762e+03,1.1327431202e+00,-2.2209848464e-01,1.0438657500e+06
831,4.1410641670e+00,-2.7214735746e-01,-3.9680888672e+03,1.1262545586e+00,-1.7349797487e-01,1.0438881250e+06
832,4.1444125175e+00,2.6444947720e-01,-3.9542963867e+03,1.1163022518e+00,-1.2239198387e-01,1.0438976250e+06
833,4.1411113739e+00,8.0927103758e-01,-3.7920839844e+03,1.1047352552e+00,-6.5770633519e-02,1.0438744375e+06
834,4.1637744904e+00,1.2783373594e+00,-3.4973203125e+03,1.1016978025e+00,-1.7817707267e-03,1.0438411250e+06
835,4.1977028847e+00,1.7315995693e+00,-3.1069675293e+03,1.0990726948e+00,6.1108656228e-02,1.0437732500e+06
836,4.2313199043e+00,2.0317366123e+00,-2.6700092773e+03,1.0911827087e+00,1.1584875733e-01,1.0436926875e+06
837,4.2625722885e+00,2.2103686333e+00,-2.2639401855e+03,1.0992023945e+00,1.7099842429e-01,1.0435836250e+06
838,4.3053889275e+00,2.2736933231e+00,-1.9378631592e+03,1.0930802822e+00,2.2569483519e-01,1.0434726250e+06
839,4.3545494080e+00,2.2793965340e+00,-1.7224514160e+03,1.0982823372e+00,2.7265354991e-01,1.0433470000e+06
840,4.3877086639e+00,2.2307269573e+00,-1.6167720947e+03,1.1065421104e+00,3.1336313486e-01,1.0432283125e+06
841,4.4029979706e+00,2.1925549507e+00,-1.5975551758e+03,1.1121813059e+00,3.4694972634e-01,1.0431383750e+06
842,4.3966016769e+00,2.1865496635e+00,-1.6583485107e+03,1.1163334846e+00,3.7096756697e-01,1.0430853750e+06
843,4.3720502853e+00,2.2053179741e+00,-1.7871601562e+03,1.1350356340e+00,3.8318219781e-01,1.0430573125e+06
844,4.3273005486e+00,2.2377848625e+00,-1.9943978271e+03,1.1316671371e+00,3.8731116056e-01,1.0430867500e+06
845,4.2671942711e+00,2.2496209145e+00,-2.2756760254e+03,1.1420599222e+00,3.8407868147e-01,1.0431248750e+06
846,4.2406153679e+00,2.1262140274e+00,-2.6296354980e+03,1.1472795010e+00,3.7373715639e-01,1.0431881250e+06
847,4.2297663689e+00,1.8716113567e+00,-3.0209519043e+03,1.1473385096e+00,3.4873104095e-01,1.0432585625e+06
848,4.2626552582e+00,1.5054541826e+00,-3.3952324219e+03,1.1481798887e+00,3.1758129597e-01,1.0433261875e+06
849,4.2445087433e+00,1.1043812037e+00,-3.7202053223e+03,1.1411060095e+00,2.7809619904e-01,1.0433929375e+06
850,4.2426114082e+00,6.5011698008e-01,-3.9499584961e+03,1.1446889639e+00,2.4014288187e-01,1.0434348750e+06
851,4.2693166733e+00,1.3288913667e-01,-4.0459077148e+03,1.1337875128e+00,1.8212004006e-01,1.0434648750e+06
852,4.2716126442e+00,-3.8786405325e-01,-3.9980588379e+03,1.1216344833e+00,1.3461320102e-01,1.0434760625e+06
853,4.2948188782e+00,-9.4176328182e-01,-3.7868891602e+03,1.1181277037e+00,7.0143483579e-02,1.0434577500e+06
854,4.3292098045e+00,-1.3940708637e+00,-3.4316750488e+03,1.1052036285e+00,9.7239576280e-03,1.0434364375e+06
855,4.3200516701e+00,-1.7768698931e+00,-3.0111303711e+03,1.1018793583e+00,-5.8740619570e-02,1.0433910625e+06
856,4.3416056633e+00,-2.0497596264e+00,-2.5556865234e+03,1.0944724083e+00,-1.0657896101e-01,1.0433328750e+06
857,4.3736133575e+00,-2.1877591610e+00,-2.1370664062e+03,1.0906693935e+00,-1.6224192083e-01,1.0432566875e+06
858,4.4106831551e+00,-2.2427389622e+00,-1.8162407227e+03,1.0951575041e+00,-2.0768475533e-01,1.0431637500e+06
859,4.4281630516e+00,-2.2152078152e+00,-1.5993067627e+03,1.0987830162e+00,-2.6273065805e-01,1.0430698750e+06
860,4.4370346069e+00,-2.1550140381e+00,-1.4882121582e+03,1.1031235456e+00,-3.0480629206e-01,1.0429959375e+06
861,4.4366855621e+00,-2.1199731827e+00,-1.4670593262e+03,1.1040263176e+00,-3.3407568932e-01,1.0429607500e+06
862,4.4138646126e+00,-2.1136522293e+00,-1.5179082031e+03,1.1092216969e+00,-3.5841515660e-01,1.0429548750e+06
863,4.3723316193e+00,-2.1346440315e+00,-1.6363044434e+03,1.1278004646e+00,-3.7271311879e-01,1.0429764375e+06
864,4.3111076355e+00,-2.1741063595e+00,-1.8158437500e+03,1.1307394505e+00,-3.8104829192e-01,1.0430323125e+06
865,4.2292852402e+00,-2.1951365471e+00,-2.0697219238e+03,1.1370697021e+00,-3.7478291988e-01,1.0431168750e+06
866,4.1551718712e+00,-2.1134223938e+00,-2.3873193359e+03,1.1399074793e+00,-3.6193844676e-01,1.0432226875e+06
867,4.1040968895e+00,-1.8912719488e+00,-2.7689248047e+03,1.1488910913e+00,-3.3558416367e-01,1.0433331875e+06
868,4.0983762741e+00,-1.5719158649e+00,-3.1465703125e+03,1.1408563852e+00,-3.0995485187e-01,1.0434506250e+06
869,4.0810594559e+00,-1.1860083342e+00,-3.4799555664e+03,1.1295212507e+00,-2.6788839698e-01,1.0435629375e+06
870,4.0610313416e+00,-7.3222613335e-01,-3.7207490234e+03,1.1318041086e+00,-2.2968292236e-01,1.0436535625e+06
871,4.0490946770e+00,-2.5087028742e-01,-3.8563803711e+03,1.1235418320e+00,-1.7383755744e-01,1.0437220000e+06
872,4.0620670319e+00,2.8021037579e-01,-3.8335288086e+03,1.1235429049e+00,-1.2248625606e-01,1.0437625625e+06
873,4.0566534996e+00,7.7938222885e-01,-3.6837834473e+03,1.1135220528e+00,-6.3492707908e-02,1.0437857500e+06
874,4.0670256615e+00,1.2636905909e+00,-3.3983637695e+03,1.1109890938e+00,-3.9837239310e-03,1.0437920000e+06
875,4.0869975090e+00,1.6810002327e+00,-3.0121145020e+03,1.0982513428e+00,5.5261716247e-02,1.0437795000e+06
876,4.1219515800e+00,1.9874784946e+00,-2.5890314941e+03,1.1007020473e+00,1.1940409243e-01,1.0437440625e+06
877,4.1709356308e+00,2.1755411625e+00,-2.1976706543e+03,1.0953496695e+00,1.6482356191e-01,1.0436825625e+06
878,4.2364459038e+00,2.2352275848e+00,-1.8840762939e+03,1.0951126814e+00,2.1161137521e-01,1.0436133125e+06
879,4.2854766846e+00,2.2358858585e+00,-1.6730827637e+03,1.1015930176e+00,2.5832700729e-01,1.0435396875e+06
880,4.3217730522e+00,2.1928532124e+00,-1.5583674316e+03,1.1121543646e+00,2.9961469769e-01,1.0434751250e+06
881,4.3453998566e+00,2.1485056877e+00,-1.5407214355e+03,1.1127973795e+00,3.3049568534e-01,1.0434431250e+06
882,4.3449935913e+00,2.1317198277e+00,-1.5920615234e+03,1.1220554113e+00,3.5304164886e-01,1.0434391875e+06
883,4.3192806244e+00,2.1427016258e+00,-1.7045484619e+03,1.1335614920e+00,3.6738032103e-01,1.0434598125e+06
884,4.2682924271e+00,2.1724679470e+00,-1.8840576172e+03,1.1379061937e+00,3.6692965031e-01,1.0435158750e+06
885,4.2035050392e+00,2.1914923191e+00,-2.1273149414e+03,1.1515254974e+00,3.6766865849e-01,1.0435898125e+06
886,4.1290092468e+00,2.1371607780e+00,-2.4435014648e+03,1.1485619545e+00,3.4809425473e-01,1.0436830625e+06
887,4.0961365700e+00,1.9379274845e+00,-2.8180646973e+03,1.1530553102e+00,3.3009535074e-01,1.0437730625e+06
888,4.0783371925e+00,1.6401340961e+00,-3.2005671387e+03,1.1461088657e+00,2.9284322262e-01,1.0438584375e+06
889,4.1120810509e+00,1.2426338196e+00,-3.5382365723e+03,1.1455031633e+00,2.5633734465e-01,1.0439223125e+06
890,4.1005105972e+00,8.1858175993e-01,-3.7941762695e+03,1.1374320984e+00,2.0876593888e-01,1.0439783125e+06
891,4.0967125893e+00,3.2216215134e-01,-3.9363312988e+03,1.1280665398e+00,1.5577036142e-01,1.0440081250e+06
892,4.0803246498e+00,-1.8084493279e-01,-3.9492631836e+03,1.1245336533e+00,9.7753837705e-02,1.0440040625e+06
893,4.0891633034e+00,-7.1198356152e-01,-3.8142167969e+03,1.1190212965e+00,4.1707549244e-02,1.0439708750e+06
894,4.1120772362e+00,-1.2084878683e+00,-3.5383649902e+03,1.1042795181e+00,-2.0667772740e-02,1.0439231875e+06
895,4.1285715103e+00,-1.6480842829e+00,-3.1589375000e+03,1.0977481604e+00,-8.2033194602e-02,1.0438540000e+06
896,4.1720185280e+00,-1.9483742714e+00,-2.7386035156e+03,1.0976970196e+00,-1.3420090079e-01,1.0437578125e+06
897,4.2110743523e+00,-2.1508767605e+00,-2.3503520508e+03,1.0974780321e+00,-1.8900454044e-01,1.0436406875e+06
898,4.2605924606e+00,-2.2328567505e+00,-2.0222897949e+03,1.0950746536e+00,-2.3639321327e-01,1.0435265000e+06
899,4.3068795204e+00,-2.2541270256e+00,-1.7975148926e+03,1.1010930538e+00,-2.8674384952e-01,1.0434132500e+06
900,4.3412046432e+00,-2.2190814018e+00,-1.6727479248e+03,1.1122046709e+00,-3.1728482246e-01,1.0433193750e+06
901,4.3650536537e+00,-2.1827073097e+00,-1.6408437500e+03,1.1155655384e+00,-3.5355284810e-01,1.0432570625e+06
902,4.3639006615e+00,-2.1746125221e+00,-1.6842996826e+03,1.1278274059e+00,-3.6829823256e-01,1.0432263750e+06
903,4.3409576416e+00,-2.1969931126e+00,-1.7886000977e+03,1.1307663918e+00,-3.7910667062e-01,1.0432350000e+06
904,4.2968144417e+00,-2.2377140522e+00,-1.9559399414e+03,1.1379890442e+00,-3.8300094008e-01,1.0432705000e+06
905,4.2353672981e+00,-2.2621142864e+00,-2.1981679688e+03,1.1387917995e+00,-3.6803624034e-01,1.0433336875e+06
906,4.1723380089e+00,-2.1768114567e+00,-2.5117082520e+03,1.1467802525e+00,-3.5046240687e-01,1.0434023125e+06
907,4.1590309143e+00,-1.9539667368e+00,-2.8747509766e+03,1.1404025555e+00,-3.2805609703e-01,1.0434817500e+06
908,4.1616072655e+00,-1.6416666508e+00,-3.2434819336e+03,1.1401414871e+00,-2.8393709660e-01,1.0435557500e+06
909,4.1609954834e+00,-1.2516649961e+00,-3.5743139648e+03,1.1380715370e+00,-2.5549921393e-01,1.0435986250e+06
910,4.1722183228e+00,-8.0856162310e-01,-3.8183278809e+03,1.1285595894e+00,-1.9909900427e-01,1.0436213125e+06
911,4.1680746078e+00,-3.2457941771e-01,-3.9534492188e+03,1.1251407862e+00,-1.4137700200e-01,1.0436308125e+06
912,4.1631484032e+00,2.1955698729e-01,-3.9548063965e+03,1.1243779659e+00,-9.6414968371e-02,1.0436026250e+06
913,4.1727805138e+00,7.3491889238e-01,-3.8016271973e+03,1.1075868607e+00,-3.0056703836e-02,1.0435731875e+06
914,4.1862688065e+00,1.2302750349e+00,-3.5121259766e+03,1.0974737406e+00,2.8880467638e-02,1.0435231250e+06
915,4.1967530251e+00,1.6839017868e+00,-3.1280402832e+03,1.0927913189e+00,8.9750774205e-02,1.0434573750e+06
916,4.2247619629e+00,1.9770665169e+00,-2.7010935059e+03,1.0963363647e+00,1.4967069030e-01,1.0433626250e+06
917,4.2619390488e+00,2.1852958202e+00,-2.2961174316e+03,1.0963244438e+00,2.0280884206e-01,1.0432553750e+06
918,4.3026866913e+00,2.2664012909e+00,-1.9672541504e+03,1.1018822193e+00,2.5377082825e-01,1.0431480000e+06
919,4.3408451080e+00,2.2759439945e+00,-1.7331168213e+03,1.0963681936e+00,2.9621618986e-01,1.0430612500e+06
920,4.3742041588e+00,2.2315306664e+00,-1.6122651367e+03,1.1042662859e+00,3.3276754618e-01,1.0429856250e+06
921,4.3842420578e+00,2.1872839928e+00,-1.5760402832e+03,1.1183121204e+00,3.6166363955e-01,1.0429392500e+06
922,4.3773026466e+00,2.1728358269e+00,-1.6220852051e+03,1.1251019239e+00,3.8133898377e-01,1.0429377500e+06
923,4.3491668701e+00,2.1856200695e+00,-1.7362432861e+03,1.1332650185e+00,3.8456547260e-01,1.0429788750e+06
924,4.3019990921e+00,2.2166800499e+00,-1.9103155518e+03,1.1333092451e+00,3.8901931047e-01,1.0430536250e+06
925,4.2380628586e+00,2.2318472862e+00,-2.1602006836e+03,1.1408972740e+00,3.7689679861e-01,1.0431490000e+06
926,4.1781291962e+00,2.1405553818e+00,-2.4871467285e+03,1.1449671984e+00,3.6265760660e-01,1.0432576250e+06
927,4.1467757225e+00,1.9198211432e+00,-2.8632451172e+03,1.1427030563e+00,3.3447828889e-01,1.0433785625e+06
928,4.1654014587e+00,1.6029231548e+00,-3.2381193848e+03,1.1465567350e+00,2.9048317671e-01,1.0434933750e+06
929,4.1496953964e+00,1.2155160904e+00,-3.5704777832e+03,1.1453212500e+00,2.5568839908e-01,1.0435861250e+06
930,4.1470785141e+00,7.6811778545e-01,-3.8100083008e+03,1.1319054365e+00,1.9856014848e-01,1.0436669375e+06
931,4.1525816917e+00,2.6646575332e-01,-3.9470820312e+03,1.1245720387e+00,1.4481763542e-01,1.0437158125e+06
932,4.1458811760e+00,-2.3239493370e-01,-3.9416928711e+03,1.1112275124e+00,8.3689317107e-02,1.0437498750e+06
933,4.1573996544e+00,-7.7381223440e-01,-3.7805219727e+03,1.1109194756e+00,2.5749737397e-02,1.0437502500e+06
934,4.1882591248e+00,-1.2720658779e+00,-3.4768447266e+03,1.1069887877e+00,-3.5396613181e-02,1.0437331875e+06
935,4.2018828392e+00,-1.6932821274e+00,-3.0773603516e+03,1.0965344906e+00,-9.8399735987e-02,1.0437025625e+06
936,4.2051305771e+00,-1.9745175838e+00,-2.6464721680e+03,1.1012791395e+00,-1.5629836917e-01,1.0436453750e+06
937,4.2557902336e+00,-2.1461036205e+00,-2.2335681152e+03,1.0974659920e+00,-2.0956079662e-01,1.0435849375e+06
938,4.2976193428e+00,-2.2246990204e+00,-1.9040598145e+03,1.1011993885e+00,-2.5558558106e-01,1.0435111875e+06
939,4.3407368660e+00,-2.2263534069e+00,-1.6753414307e+03,1.1036964655e+00,-3.0958303809e-01,1.0434445625e+06
940,4.3645405769e+00,-2.1837470531e+00,-1.5524176025e+03,1.1158245802e+00,-3.3534047008e-01,1.0433803750e+06
941,4.3735084534e+00,-2.1419916153e+00,-1.5202222900e+03,1.1182504892e+00,-3.6326962709e-01,1.0433460000e+06
942,4.3614821434e+00,-2.1264295578e+00,-1.5619165039e+03,1.1294254065e+00,-3.7180525064e-01,1.0433448125e+06
943,4.3304595947e+00,-2.1403856277e+00,-1.6671898193e+03,1.1311988831e+00,-3.9390063286e-01,1.0433828750e+06
944,4.2723226547e+00,-2.1754293442e+00,-1.8328741455e+03,1.1364220381e+00,-3.8423153758e-01,1.0434473750e+06
945,4.1924304962e+00,-2.2022352219e+00,-2.0671457520e+03,1.1401356459e+00,-3.8219442964e-01,1.0435343750e+06
946,4.1128177643e+00,-2.1333656311e+00,-2.3676528320e+03,1.1449536085e+00,-3.5368722677e-01,1.0436224375e+06
947,4.0842857361e+00,-1.9269294739e+00,-2.7287048340e+03,1.1502937078e+00,-3.2143232226e-01,1.0437179375e+06
948,4.0628361702e+00,-1.6381809711e+00,-3.0882438965e+03,1.1362334490e+00,-2.8750434518e-01,1.0438118125e+06
949,4.0396628380e+00,-1.2682868242e+00,-3.4179687500e+03,1.1381535530e+00,-2.3984152079e-01,1.0438781875e+06
950,4.0205812454e+00,-7.9381138086e-01,-3.6733898926e+03,1.1201274395e+00,-1.8376749754e-01,1.0439301875e+06
951,4.0008263588e+00,-3.3040517569e-01,-3.8155100098e+03,1.1193035841e+00,-1.3533449173e-01,1.0439488750e+06
952,4.0028090477e+00,2.1325364709e-01,-3.8270314941e+03,1.1073892117e+00,-7.1144983172e-02,1.0439445000e+06
953,4.0142555237e+00,7.3463934660e-01,-3.6900563965e+03,1.1140538454e+00,-1.1470506899e-02,1.0439100000e+06
954,4.0481648445e+00,1.2134085894e+00,-3.4226271973e+03,1.1004697084e+00,5.1983784884e-02,1.0438631875e+06
955,4.0551056862e+00,1.6547892094e+00,-3.0656203613e+03,1.1052647829e+00,1.1444647610e-01,1.0437908750e+06
956,4.1039233208e+00,1.9792392254e+00,-2.6543925781e+03,1.1032472849e+00,1.6883026063e-01,1.0436995000e+06
957,4.1431818008e+00,2.1733086109e+00,-2.2685329590e+03,1.1041960716e+00,2.2624379396e-01,1.0435961875e+06
958,4.2040181160e+00,2.2677187920e+00,-1.9569851074e+03,1.1035917997e+00,2.7121743560e-01,1.0434881875e+06
959,4.2548809052e+00,2.2794346809e+00,-1.7513686523e+03,1.1088494062e+00,3.2071682811e-01,1.0433801875e+06
960,4.3046903610e+00,2.2464201450e+00,-1.6465238037e+03,1.1120378971e+00,3.4325569868e-01,1.0432837500e+06
961,4.3297796249e+00,2.2100055218e+00,-1.6328697510e+03,1.1222978830e+00,3.6389541626e-01,1.0432081875e+06
962,4.3321743011e+00,2.2001569271e+00,-1.6963842773e+03,1.1248792410e+00,3.8160532713e-01,1.0431761250e+06
963,4.3152103424e+00,2.2171428204e+00,-1.8282277832e+03,1.1383745670e+00,3.8412204385e-01,1.0431748125e+06
964,4.2728013992e+00,2.2540283203e+00,-2.0282198486e+03,1.1393864155e+00,3.8169887662e-01,1.0432051875e+06
965,4.2199401855e+00,2.2575447559e+00,-2.3002998047e+03,1.1478642225e+00,3.6002725363e-01,1.0432511250e+06
966,4.1882343292e+00,2.1379868984e+00,-2.6423393555e+03,1.1513128281e+00,3.3831059933e-01,1.0433132500e+06
967,4.1897497177e+00,1.8726239204e+00,-3.0275253906e+03,1.1427946091e+00,3.0996671319e-01,1.0433853125e+06
968,4.1968998909e+00,1.5259178877e+00,-3.3930937500e+03,1.1425384283e+00,2.5924047828e-01,1.0434445000e+06
969,4.2101702690e+00,1.1286699772e+00,-3.7128618164e+03,1.1287372112e+00,2.2237700224e-01,1.0435035000e+06
970,4.2006344795e+00,6.8387615681e-01,-3.9385852051e+03,1.1206265688e+00,1.6808189452e-01,1.0435368750e+06
971,4.2198119164e+00,1.6689302027e-01,-4.0422761230e+03,1.1171774864e+00,1.1091867834e-01,1.0435398750e+06
972,4.2278199196e+00,-3.6851286888e-01,-3.9969016113e+03,1.1156551838e+00,5.1732093096e-02,1.0435138125e+06
973,4.2332081795e+00,-8.7637853622e-01,-3.8035319824e+03,1.1070145369e+00,-8.9309243485e-03,1.0434716875e+06
974,4.2548222542e+00,-1.3632503748e+00,-3.4855644531e+03,1.1058295965e+00,-6.9552794099e-02,1.0434159375e+06
975,4.2711954117e+00,-1.7755569220e+00,-3.0723720703e+03,1.0966447592e+00,-1.2397219241e-01,1.0433438125e+06
976,4.2921762466e+00,-2.0529627800e+00,-2.6241032715e+03,1.0954954624e+00,-1.8634347618e-01,1.0432609375e+06
977,4.3209824562e+00,-2.2152240276e+00,-2.2161840820e+03,1.0984970331e+00,-2.3453827202e-01,1.0431646875e+06
978,4.3457117081e+00,-2.2680957317e+00,-1.8980965576e+03,1.1065733433e+00,-2.8176084161e-01,1.0430594375e+06
979,4.3799428940e+00,-2.2543909550e+00,-1.6862272949e+03,1.1139340401e+00,-3.1788858771e-01,1.0429716875e+06
980,4.3964123726e+00,-2.2069849968e+00,-1.5843737793e+03,1.1140621901e+00,-3.5395851731e-01,1.0429102500e+06
981,4.3970513344e+00,-2.1739463806e+00,-1.5745563965e+03,1.1277215481e+00,-3.7350186706e-01,1.0428673750e+06
982,4.3779397011e+00,-2.1714131832e+00,-1.6347663574e+03,1.1357052326e+00,-3.8648390770e-01,1.0428671875e+06
983,4.3382768631e+00,-2.1976411343e+00,-1.7633072510e+03,1.1440061331e+00,-3.9170011878e-01,1.0429028750e+06
984,4.2746896744e+00,-2.2379808426e+00,-1.9637438965e+03,1.1452046633e+00,-3.8231638074e-01,1.0429775625e+06
985,4.1971292496e+00,-2.2262256145e+00,-2.2348073730e+03,1.1458764076e+00,-3.7475758791e-01,1.0430768750e+06
986,4.1402459145e+00,-2.0791652203e+00,-2.5813266602e+03,1.1541781425e+00,-3.4432053566e-01,1.0431846250e+06
987,4.1443805695e+00,-1.8188436031e+00,-2.9531123047e+03,1.1471431255e+00,-3.1071513891e-01,1.0433065000e+06
988,4.1164388657e+00,-1.4819185734e+00,-3.3185581055e+03,1.1469091177e+00,-2.7537608147e-01,1.0434195000e+06
989,4.1074156761e+00,-1.0332858562e+00,-3.6316008301e+03,1.1436156034e+00,-2.3270447552e-01,1.0435136875e+06
990,4.1181893349e+00,-6.0048961639e-01,-3.8291660156e+03,1.1328709126e+00,-1.7261171341e-01,1.0435854375e+06
991,4.0995469093e+00,-7.0131681859e-02,-3.9122243652e+03,1.1218539476e+00,-1.2282564491e-01,1.0436391250e+06
992,4.0975770950e+00,4.5605045557e-01,-3.8442141113e+03,1.1122697592e+00,-5.9530206025e-02,1.0436676250e+06
993,4.1211991310e+00,9.6579432487e-01,-3.6322004395e+03,1.1112951040e+00,-3.3209632966e-04,1.0436616250e+06
994,4.1339507103e+00,1.4425237179e+00,-3.2953466797e+03,1.1012170315e+00,6.1401296407e-02,1.0436411875e+06
995,4.1659073830e+00,1.8204166889e+00,-2.8792556152e+03,1.1034865379e+00,1.2593488395e-01,1.0435940000e+06
996,4.2128372192e+00,2.0727500916e+00,-2.4477148438e+03,1.1012250185e+00,1.7278468609e-01,1.0435331250e+06
997,4.2438664436e+00,2.2152392864e+00,-2.0696354980e+03,1.1034439802e+00,2.3258215189e-01,1.0434588125e+06
998,4.2804117203e+00,2.2674860954e+00,-1.7763458252e+03,1.1077613831e+00,2.7230787277e-01,1.0433711875e+06
999,4.3227319717e+00,2.2406272888e+00,-1.5963449707e+03,1.1037142277e+00,3.1435909867e-01,1.0432948750e+06
