step,vx_50_50,vy_50_50,pressure_50_50,energy
0,4.9993833899e-01,-4.9993833899e-01,0.0000000000e+00,9.7999472656e+03
1,5.0105589628e-01,-5.0132673979e-01,-2.6165246964e-01,9.9258613281e+03
2,5.0087577105e-01,-5.0166249275e-01,4.3469133973e-01,9.9306035156e+03
3,5.0032085180e-01,-5.0139206648e-01,-4.1514545679e-01,9.9330517578e+03
4,5.0065821409e-01,-5.0115692616e-01,6.2930934131e-02,9.9340693359e+03
5,5.0091922283e-01,-5.0080257654e-01,2.8459677100e-01,9.9342792969e+03
6,5.0096005201e-01,-5.0020414591e-01,1.6292874515e-01,9.9339199219e+03
7,5.0094860792e-01,-5.0043368340e-01,-9.7582884133e-02,9.9332041016e+03
8,5.0120675564e-01,-5.0133955479e-01,-3.3842855692e-01,9.9322050781e+03
9,5.0045418739e-01,-5.0109368563e-01,-3.6565113068e-01,9.9310166016e+03
10,5.0015312433e-01,-5.0095301867e-01,3.0985727906e-01,9.9296787109e+03
11,5.0048553944e-01,-5.0091147423e-01,-6.6907308064e-03,9.9282353516e+03
12,5.0032603741e-01,-5.0039404631e-01,1.3413447142e-01,9.9267070312e+03
13,5.0007367134e-01,-5.0019466877e-01,1.5134457499e-03,9.9250957031e+03
14,5.0028979778e-01,-5.0056648254e-01,-1.8262292445e-01,9.9234306641e+03
15,5.0011032820e-01,-5.0061023235e-01,3.7494253367e-02,9.9217099609e+03
16,4.9967017770e-01,-5.0043344498e-01,2.6755213737e-01,9.9199492188e+03
17,4.9967676401e-01,-5.0012236834e-01,2.4651041627e-01,9.9181582031e+03
18,4.9952974916e-01,-4.9987551570e-01,1.0330601037e-01,9.9163320312e+03
19,4.9982383847e-01,-4.9996766448e-01,-8.1584684551e-02,9.9144833984e+03
20,4.9988037348e-01,-4.9988532066e-01,-1.9525927305e-01,9.9126240234e+03
21,4.9988192320e-01,-5.0015836954e-01,-2.3495789617e-02,9.9107255859e+03
22,4.9995896220e-01,-5.0012677908e-01,9.3664214015e-02,9.9088173828e+03
23,4.9964019656e-01,-4.9977636337e-01,-1.4824068174e-02,9.9068925781e+03
24,4.9990269542e-01,-4.9969556928e-01,-1.5339064598e-01,9.9049570312e+03
25,5.0004863739e-01,-4.9977332354e-01,-2.8268238902e-01,9.9030097656e+03
26,4.9981385469e-01,-4.9970856309e-01,6.6395796835e-02,9.9010439453e+03
27,4.9970868230e-01,-4.9941986799e-01,-3.0807116628e-01,9.8990615234e+03
28,5.0007212162e-01,-4.9960654974e-01,-1.1836753041e-01,9.8970820312e+03
29,5.0010734797e-01,-4.9985256791e-01,-2.9624825716e-01,9.8950947266e+03
30,4.9955195189e-01,-4.9967214465e-01,-3.0044671893e-01,9.8930996094e+03
31,4.9934726954e-01,-4.9953404069e-01,-5.3473021835e-02,9.8910859375e+03
32,4.9962756038e-01,-5.0004583597e-01,1.6144631803e-01,9.8890683594e+03
33,4.9926352501e-01,-4.9969491363e-01,4.4454741478e-01,9.8870537109e+03
34,4.9861374497e-01,-4.9915996194e-01,1.2901403010e-01,9.8850234375e+03
35,4.9898481369e-01,-4.9909844995e-01,-1.2581200898e-01,9.8829960938e+03
36,4.9922195077e-01,-4.9921527505e-01,-1.8668338656e-01,9.8809628906e+03
37,4.9898830056e-01,-4.9911725521e-01,-1.3305526972e-01,9.8789277344e+03
38,4.9888834357e-01,-4.9910417199e-01,5.6258771569e-02,9.8768896484e+03
39,4.9882066250e-01,-4.9919259548e-01,1.7231735587e-01,9.8748437500e+03
40,4.9853143096e-01,-4.9863582850e-01,1.1142744683e-02,9.8727998047e+03
41,4.9853405356e-01,-4.9852120876e-01,1.6225304455e-02,9.8707412109e+03
42,4.9881008267e-01,-4.9884632230e-01,-1.0043857247e-01,9.8686835938e+03
43,4.9864581227e-01,-4.9888628721e-01,-3.8866946101e-01,9.8666210938e+03
44,4.9857953191e-01,-4.9879312515e-01,-1.7989876866e-01,9.8645703125e+03
45,4.9845984578e-01,-4.9851104617e-01,-6.3546232879e-02,9.8625039062e+03
46,4.9859547615e-01,-4.9845448136e-01,-9.7621560097e-02,9.8604404297e+03
47,4.9871510267e-01,-4.9818325043e-01,3.3507429063e-02,9.8583720703e+03
48,4.9861440063e-01,-4.9777892232e-01,-9.8501242697e-02,9.8563027344e+03
49,4.9894392490e-01,-4.9815681577e-01,-1.1205410957e-01,9.8542304688e+03
50,4.9906888604e-01,-4.9878388643e-01,-2.6982167363e-01,9.8521582031e+03
51,4.9825379252e-01,-4.9831682444e-01,-2.1481615305e-01,9.8500839844e+03
52,4.9812871218e-01,-4.9814063311e-01,-4.4406495988e-02,9.8480136719e+03
53,4.9853938818e-01,-4.9817180634e-01,-9.3724519014e-02,9.8459355469e+03
54,4.9812576175e-01,-4.9767947197e-01,-3.3978873491e-01,9.8438603516e+03
55,4.9813860655e-01,-4.9813395739e-01,-2.9596105218e-01,9.8417773438e+03
56,4.9818557501e-01,-4.9832028151e-01,-2.6208522916e-01,9.8396953125e+03
57,4.9769645929e-01,-4.9782294035e-01,-1.8405139446e-01,9.8376035156e+03
58,4.9790799618e-01,-4.9758464098e-01,-1.8042215705e-01,9.8355234375e+03
59,4.9811995029e-01,-4.9759265780e-01,-3.1614413857e-01,9.8334365234e+03
60,4.9804180861e-01,-4.9767693877e-01,-2.8253319860e-01,9.8313466797e+03
61,4.9797970057e-01,-4.9777838588e-01,-4.2006263137e-01,9.8292646484e+03
62,4.9784371257e-01,-4.9779519439e-01,-1.6845658422e-01,9.8271748047e+03
63,4.9761724472e-01,-4.9773949385e-01,-4.1789937019e-01,9.8250908203e+03
64,4.9742847681e-01,-4.9761405587e-01,-3.2762944698e-01,9.8230009766e+03
65,4.9759000540e-01,-4.9785706401e-01,-2.7850544453e-01,9.8209160156e+03
66,4.9762541056e-01,-4.9776461720e-01,-4.1431364417e-01,9.8188193359e+03
67,4.9750888348e-01,-4.9779415131e-01,-3.6900874972e-01,9.8167216797e+03
68,4.9754539132e-01,-4.9805933237e-01,-2.3033820093e-01,9.8146328125e+03
69,4.9721696973e-01,-4.9785923958e-01,-3.1434673071e-01,9.8125468750e+03
70,4.9703076482e-01,-4.9758586287e-01,-2.4150902033e-01,9.8104541016e+03
71,4.9727699161e-01,-4.9772244692e-01,-3.3133214712e-01,9.8083652344e+03
72,4.9712553620e-01,-4.9766424298e-01,-5.3425461054e-01,9.8062656250e+03
73,4.9678552151e-01,-4.9766099453e-01,-3.5493564606e-01,9.8041679688e+03
74,4.9691763520e-01,-4.9765664339e-01,-2.5988876820e-01,9.8020810547e+03
75,4.9673354626e-01,-4.9756562710e-01,-2.2686898708e-01,9.7999873047e+03
76,4.9674689770e-01,-4.9753117561e-01,-1.3248969615e-01,9.7978974609e+03
77,4.9663603306e-01,-4.9702769518e-01,-2.2430929542e-01,9.7957998047e+03
78,4.9670195580e-01,-4.9685636163e-01,-3.0933332443e-01,9.7937041016e+03
79,4.9716666341e-01,-4.9709120393e-01,-2.3006860912e-01,9.7916123047e+03
80,4.9712115526e-01,-4.9691626430e-01,-2.7629005909e-01,9.7895253906e+03
81,4.9687346816e-01,-4.9662080407e-01,-6.4640527964e-01,9.7874345703e+03
82,4.9691385031e-01,-4.9649143219e-01,-5.2860873938e-01,9.7853349609e+03
83,4.9708947539e-01,-4.9651253223e-01,-2.3320177197e-01,9.7832392578e+03
84,4.9702292681e-01,-4.9641510844e-01,-2.5311720371e-01,9.7811396484e+03
85,4.9699389935e-01,-4.9662262201e-01,-3.1837543845e-01,9.7790410156e+03
86,4.9685910344e-01,-4.9697631598e-01,-4.5968797803e-01,9.7769472656e+03
87,4.9649038911e-01,-4.9729663134e-01,-4.3663385510e-01,9.7748574219e+03
88,4.9619269371e-01,-4.9726268649e-01,-2.8696197271e-01,9.7727568359e+03
89,4.9584168196e-01,-4.9663054943e-01,-5.0041067600e-01,9.7706630859e+03
90,4.9589079618e-01,-4.9642607570e-01,-6.6984623671e-01,9.7685683594e+03
91,4.9664577842e-01,-4.9711990356e-01,-5.2727532387e-01,9.7664716797e+03
92,4.9638947845e-01,-4.9685716629e-01,-3.7579861283e-01,9.7643769531e+03
93,4.9581822753e-01,-4.9614569545e-01,-3.0018743873e-01,9.7622871094e+03
94,4.9613115191e-01,-4.9630182981e-01,-6.1584609747e-01,9.7601884766e+03
95,4.9618214369e-01,-4.9654832482e-01,-4.8607656360e-01,9.7580947266e+03
96,4.9574905634e-01,-4.9649989605e-01,-2.5015917420e-01,9.7560087891e+03
97,4.9574568868e-01,-4.9663412571e-01,-2.3432599008e-01,9.7539072266e+03
98,4.9569979310e-01,-4.9650120735e-01,-2.3763132095e-01,9.7518105469e+03
99,4.9538931251e-01,-4.9626818299e-01,-2.5613868237e-01,9.7497167969e+03
100,4.9530544877e-01,-4.9619263411e-01,-4.8114314675e-01,9.7476201172e+03
101,4.9515089393e-01,-4.9604898691e-01,-6.6067540646e-01,9.7455332031e+03
102,4.9521586299e-01,-4.9620679021e-01,-4.7474929690e-01,9.7434384766e+03
103,4.9537217617e-01,-4.9680355191e-01,-5.1203364134e-01,9.7413496094e+03
104,4.9497708678e-01,-4.9631750584e-01,-4.6967720985e-01,9.7392480469e+03
105,4.9450147152e-01,-4.9533784389e-01,-6.8716454506e-01,9.7371542969e+03
106,4.9528318644e-01,-4.9569529295e-01,-7.2355395555e-01,9.7350703125e+03
107,4.9575567245e-01,-4.9584499002e-01,-7.5133681297e-01,9.7329707031e+03
108,4.9524751306e-01,-4.9545940757e-01,-6.5479266644e-01,9.7308886719e+03
109,4.9538567662e-01,-4.9540925026e-01,-4.7353914380e-01,9.7287929688e+03
110,4.9566096067e-01,-4.9573639035e-01,-5.6531918049e-01,9.7267089844e+03
111,4.9533990026e-01,-4.9575442076e-01,-5.5534529686e-01,9.7246103516e+03
112,4.9496647716e-01,-4.9563845992e-01,-6.8298244476e-01,9.7225146484e+03
113,4.9519526958e-01,-4.9570968747e-01,-7.8034842014e-01,9.7204248047e+03
114,4.9534374475e-01,-4.9554705620e-01,-4.8305943608e-01,9.7183369141e+03
115,4.9530881643e-01,-4.9550721049e-01,-3.2466667891e-01,9.7162412109e+03
116,4.9509102106e-01,-4.9520906806e-01,-5.3403168917e-01,9.7141562500e+03
117,4.9497595429e-01,-4.9501547217e-01,-7.9935723543e-01,9.7120664062e+03
118,4.9520313740e-01,-4.9492356181e-01,-1.0011036396e+00,9.7099794922e+03
119,4.9514034390e-01,-4.9478575587e-01,-6.5391957760e-01,9.7078886719e+03
120,4.9513107538e-01,-4.9504536390e-01,-6.3054388762e-01,9.7058017578e+03
121,4.9520662427e-01,-4.9513626099e-01,-6.3848030567e-01,9.7037138672e+03
122,4.9485135078e-01,-4.9498656392e-01,-7.5094860792e-01,9.7016210938e+03
123,4.9501600862e-01,-4.9480488896e-01,-6.9676727057e-01,9.6995341797e+03
124,4.9478223920e-01,-4.9453556538e-01,-5.8630967140e-01,9.6974482422e+03
125,4.9477452040e-01,-4.9485746026e-01,-5.9348905087e-01,9.6953613281e+03
126,4.9460461736e-01,-4.9484550953e-01,-7.1896481514e-01,9.6932744141e+03
127,4.9416983128e-01,-4.9487283826e-01,-9.6796494722e-01,9.6911904297e+03
128,4.9458834529e-01,-4.9525615573e-01,-9.0947645903e-01,9.6890996094e+03
129,4.9443188310e-01,-4.9487939477e-01,-6.3528960943e-01,9.6870175781e+03
130,4.9439030886e-01,-4.9505329132e-01,-6.0993146896e-01,9.6849345703e+03
131,4.9446973205e-01,-4.9508878589e-01,-6.7497169971e-01,9.6828437500e+03
132,4.9393048882e-01,-4.9486887455e-01,-7.6300477982e-01,9.6807597656e+03
133,4.9407768250e-01,-4.9485212564e-01,-6.8697172403e-01,9.6786826172e+03
134,4.9412077665e-01,-4.9447625875e-01,-8.3354401588e-01,9.6765976562e+03
135,4.9405580759e-01,-4.9456131458e-01,-7.6011949778e-01,9.6745117188e+03
136,4.9422883987e-01,-4.9477344751e-01,-9.9794095755e-01,9.6724345703e+03
137,4.9395230412e-01,-4.9464562535e-01,-1.0815645456e+00,9.6703476562e+03
138,4.9385389686e-01,-4.9457779527e-01,-7.6218843460e-01,9.6682617188e+03
139,4.9372830987e-01,-4.9447068572e-01,-8.4150344133e-01,9.6661816406e+03
140,4.9368271232e-01,-4.9482819438e-01,-9.2613011599e-01,9.6641025391e+03
141,4.9368047714e-01,-4.9471959472e-01,-1.1152456999e+00,9.6620185547e+03
142,4.9337148666e-01,-4.9453923106e-01,-1.1028910875e+00,9.6599394531e+03
143,4.9355134368e-01,-4.9464428425e-01,-9.9779081345e-01,9.6578593750e+03
144,4.9357116222e-01,-4.9457892776e-01,-6.0322368145e-01,9.6557783203e+03
145,4.9335312843e-01,-4.9400731921e-01,-5.8145892620e-01,9.6537031250e+03
146,4.9358615279e-01,-4.9365162849e-01,-7.1895295382e-01,9.6516250000e+03
147,4.9383634329e-01,-4.9379152060e-01,-8.4081405401e-01,9.6495439453e+03
148,4.9376931787e-01,-4.9384021759e-01,-8.7846267223e-01,9.6474667969e+03
149,4.9363484979e-01,-4.9370196462e-01,-9.2067962885e-01,9.6453906250e+03
150,4.9371343851e-01,-4.9398282170e-01,-1.0805224180e+00,9.6433144531e+03
151,4.9379172921e-01,-4.9372389913e-01,-8.8457947969e-01,9.6412373047e+03
152,4.9369335175e-01,-4.9334588647e-01,-8.0697000027e-01,9.6391562500e+03
153,4.9376568198e-01,-4.9338486791e-01,-9.6301943064e-01,9.6370869141e+03
154,4.9371311069e-01,-4.9352338910e-01,-8.5057252645e-01,9.6350107422e+03
155,4.9347242713e-01,-4.9374976754e-01,-9.6313339472e-01,9.6329384766e+03
156,4.9313557148e-01,-4.9354824424e-01,-8.6419355869e-01,9.6308613281e+03
157,4.9310532212e-01,-4.9316257238e-01,-8.2534611225e-01,9.6287949219e+03
158,4.9340534210e-01,-4.9334529042e-01,-9.1680818796e-01,9.6267187500e+03
159,4.9342945218e-01,-4.9327433109e-01,-1.1031811237e+00,9.6246425781e+03
160,4.9329173565e-01,-4.9325379729e-01,-1.4065946341e+00,9.6225751953e+03
161,4.9348267913e-01,-4.9344363809e-01,-1.2389733791e+00,9.6205019531e+03
162,4.9345052242e-01,-4.9306237698e-01,-9.5332837105e-01,9.6184296875e+03
163,4.9335038662e-01,-4.9295976758e-01,-8.1728303432e-01,9.6163583984e+03
164,4.9349603057e-01,-4.9322178960e-01,-9.2923033237e-01,9.6142832031e+03
165,4.9324482679e-01,-4.9311035872e-01,-1.2200632095e+00,9.6122187500e+03
166,4.9309280515e-01,-4.9314925075e-01,-1.0929297209e+00,9.6101464844e+03
167,4.9321579933e-01,-4.9313768744e-01,-8.5896229744e-01,9.6080869141e+03
168,4.9288415909e-01,-4.9302670360e-01,-8.0932492018e-01,9.6060126953e+03
169,4.9277943373e-01,-4.9285686016e-01,-9.6319919825e-01,9.6039433594e+03
170,4.9286657572e-01,-4.9281379580e-01,-1.1114670038e+00,9.6018759766e+03
171,4.9293953180e-01,-4.9296334386e-01,-9.8363411427e-01,9.5998076172e+03
172,4.9290356040e-01,-4.9298474193e-01,-1.0335537195e+00,9.5977441406e+03
173,4.9258047342e-01,-4.9298074841e-01,-1.2064861059e+00,9.5956738281e+03
174,4.9255883694e-01,-4.9315309525e-01,-7.8338128328e-01,9.5936064453e+03
175,4.9230673909e-01,-4.9279877543e-01,-7.9030382633e-01,9.5915400391e+03
176,4.9199312925e-01,-4.9224957824e-01,-9.3148368597e-01,9.5894755859e+03
177,4.9229520559e-01,-4.9230983853e-01,-1.0724821091e+00,9.5874140625e+03
178,4.9257600307e-01,-4.9229097366e-01,-1.1772859097e+00,9.5853447266e+03
179,4.9232462049e-01,-4.9196958542e-01,-1.2024034262e+00,9.5832861328e+03
180,4.9241799116e-01,-4.9207654595e-01,-1.1868582964e+00,9.5812246094e+03
181,4.9256336689e-01,-4.9241429567e-01,-1.3518813848e+00,9.5791630859e+03
182,4.9243983626e-01,-4.9244672060e-01,-1.1840016842e+00,9.5770966797e+03
183,4.9219214916e-01,-4.9199241400e-01,-1.1233559847e+00,9.5750341797e+03
184,4.9220168591e-01,-4.9165523052e-01,-9.7588753700e-01,9.5729794922e+03
185,4.9249792099e-01,-4.9193105102e-01,-8.9853179455e-01,9.5709199219e+03
186,4.9248901010e-01,-4.9203300476e-01,-1.2353727818e+00,9.5688603516e+03
187,4.9201253057e-01,-4.9174991250e-01,-1.1842489243e+00,9.5668007812e+03
188,4.9210783839e-01,-4.9173578620e-01,-8.8173788786e-01,9.5647402344e+03
189,4.9222663045e-01,-4.9188762903e-01,-1.1033260822e+00,9.5626894531e+03
190,4.9193176627e-01,-4.9127027392e-01,-1.1687122583e+00,9.5606269531e+03
191,4.9191194773e-01,-4.9118560553e-01,-1.1421580315e+00,9.5585781250e+03
192,4.9248135090e-01,-4.9195337296e-01,-1.1811516285e+00,9.5565156250e+03
193,4.9229976535e-01,-4.9190381169e-01,-1.0571660995e+00,9.5544599609e+03
194,4.9172085524e-01,-4.9143972993e-01,-1.1372934580e+00,9.5524082031e+03
195,4.9181014299e-01,-4.9155020714e-01,-1.2394334078e+00,9.5503544922e+03
196,4.9186369777e-01,-4.9153074622e-01,-1.1377679110e+00,9.5482958984e+03
197,4.9167552590e-01,-4.9158975482e-01,-1.1629796028e+00,9.5462441406e+03
198,4.9162378907e-01,-4.9157387018e-01,-1.1918857098e+00,9.5441923828e+03
199,4.9132525921e-01,-4.9102455378e-01,-1.1425919533e+00,9.5421386719e+03
200,4.9142208695e-01,-4.9090611935e-01,-1.2948732376e+00,9.5400908203e+03
201,4.9194419384e-01,-4.9126872420e-01,-1.0293022394e+00,9.5380361328e+03
202,4.9170455337e-01,-4.9110013247e-01,-1.1485767365e+00,9.5359882812e+03
203,4.9128520489e-01,-4.9051481485e-01,-1.1804794073e+00,9.5339326172e+03
204,4.9155202508e-01,-4.9035048485e-01,-1.0607974529e+00,9.5318867188e+03
205,4.9197280407e-01,-4.9060741067e-01,-1.3569221497e+00,9.5298359375e+03
206,4.9194547534e-01,-4.9024313688e-01,-1.3918802738e+00,9.5277919922e+03
207,4.9194473028e-01,-4.8988509178e-01,-1.1711245775e+00,9.5257431641e+03
208,4.9238249660e-01,-4.9051281810e-01,-1.2190086842e+00,9.5236943359e+03
209,4.9230849743e-01,-4.9063766003e-01,-1.1988168955e+00,9.5216425781e+03
210,4.9178782105e-01,-4.9025896192e-01,-1.1859800816e+00,9.5196015625e+03
211,4.9188441038e-01,-4.9040558934e-01,-1.1886641979e+00,9.5175556641e+03
212,4.9197936058e-01,-4.9058347940e-01,-1.2565785646e+00,9.5155097656e+03
213,4.9163943529e-01,-4.9041068554e-01,-8.7087714672e-01,9.5134628906e+03
214,4.9143928289e-01,-4.9007982016e-01,-1.1409244537e+00,9.5114130859e+03
215,4.9152177572e-01,-4.9026307464e-01,-1.2485706806e+00,9.5093710938e+03
216,4.9140775204e-01,-4.9027797580e-01,-1.2320276499e+00,9.5073369141e+03
217,4.9088248610e-01,-4.8969614506e-01,-1.1039304733e+00,9.5052841797e+03
218,4.9119877815e-01,-4.8948934674e-01,-9.1554778814e-01,9.5032460938e+03
219,4.9159923196e-01,-4.8959982395e-01,-1.1848614216e+00,9.5012001953e+03
220,4.9148285389e-01,-4.8950621486e-01,-1.4478632212e+00,9.4991689453e+03
221,4.9138069153e-01,-4.8913937807e-01,-1.2365415096e+00,9.4971230469e+03
222,4.9146839976e-01,-4.8903414607e-01,-1.3069916964e+00,9.4950839844e+03
223,4.9151769280e-01,-4.8922732472e-01,-1.1950290203e+00,9.4930458984e+03
224,4.9130594730e-01,-4.8917517066e-01,-1.2588707209e+00,9.4910039062e+03
225,4.9110779166e-01,-4.8884898424e-01,-1.2579110861e+00,9.4889707031e+03
226,4.9130365252e-01,-4.8909085989e-01,-1.1782969236e+00,9.4869335938e+03
227,4.9122565985e-01,-4.8933261633e-01,-1.2199960947e+00,9.4848984375e+03
228,4.9065133929e-01,-4.8939919472e-01,-1.2362444401e+00,9.4828632812e+03
229,4.9046000838e-01,-4.8948684335e-01,-1.4201987982e+00,9.4808222656e+03
230,4.9043506384e-01,-4.8931083083e-01,-1.4222513437e+00,9.4787871094e+03
231,4.9049943686e-01,-4.8895397782e-01,-9.8725706339e-01,9.4767539062e+03
232,4.9072891474e-01,-4.8916497827e-01,-9.4601678848e-01,9.4747207031e+03
233,4.9063682556e-01,-4.8886194825e-01,-1.0058921576e+00,9.4726816406e+03
234,4.9000909925e-01,-4.8806101084e-01,-1.4069712162e+00,9.4706464844e+03
235,4.9039274454e-01,-4.8804345727e-01,-1.5636540651e+00,9.4686152344e+03
236,4.9096035957e-01,-4.8836877942e-01,-1.4083514214e+00,9.4665859375e+03
237,4.9083954096e-01,-4.8826661706e-01,-1.2989723682e+00,9.4645488281e+03
238,4.9092146754e-01,-4.8815709352e-01,-1.3246675730e+00,9.4625166016e+03
239,4.9093142152e-01,-4.8831212521e-01,-1.3840025663e+00,9.4604814453e+03
240,4.9079942703e-01,-4.8848706484e-01,-1.4957134724e+00,9.4584541016e+03
241,4.9066379666e-01,-4.8861804605e-01,-1.2906988859e+00,9.4564267578e+03
242,4.9055162072e-01,-4.8862189054e-01,-1.0531364679e+00,9.4544023438e+03
243,4.9043446779e-01,-4.8841539025e-01,-1.0992263556e+00,9.4523730469e+03
244,4.9039658904e-01,-4.8838925362e-01,-1.2040593624e+00,9.4503486328e+03
245,4.9040406942e-01,-4.8819661140e-01,-1.2750592232e+00,9.4483242188e+03
246,4.9028119445e-01,-4.8781800270e-01,-1.2184110880e+00,9.4462919922e+03
247,4.9024066329e-01,-4.8779207468e-01,-1.3737158775e+00,9.4442714844e+03
248,4.9009406567e-01,-4.8755672574e-01,-1.4730131626e+00,9.4422480469e+03
249,4.8990526795e-01,-4.8749095201e-01,-1.4117940664e+00,9.4402177734e+03
250,4.9004712701e-01,-4.8761773109e-01,-1.3857603073e+00,9.4382031250e+03
251,4.9004051089e-01,-4.8765870929e-01,-1.0848543644e+00,9.4361787109e+03
252,4.9004840851e-01,-4.8755842447e-01,-1.2156225443e+00,9.4341523438e+03
253,4.8977878690e-01,-4.8675221205e-01,-1.3825435638e+00,9.4321318359e+03
254,4.9000594020e-01,-4.8650008440e-01,-1.1502091885e+00,9.4301103516e+03
255,4.9040472507e-01,-4.8693841696e-01,-1.3458850384e+00,9.4280869141e+03
256,4.9012386799e-01,-4.8696583509e-01,-1.3346424103e+00,9.4260634766e+03
257,4.8963892460e-01,-4.8680883646e-01,-1.6085702181e+00,9.4240439453e+03
258,4.8971748352e-01,-4.8668298125e-01,-1.6712423563e+00,9.4220234375e+03
259,4.8982021213e-01,-4.8682367802e-01,-1.4158631563e+00,9.4200068359e+03
260,4.8980519176e-01,-4.8740908504e-01,-1.1642818451e+00,9.4179912109e+03
261,4.8938319087e-01,-4.8713636398e-01,-1.0151752234e+00,9.4159765625e+03
262,4.8877772689e-01,-4.8617786169e-01,-1.2983986139e+00,9.4139580078e+03
263,4.8901462555e-01,-4.8557344079e-01,-1.5049992800e+00,9.4119365234e+03
264,4.8969653249e-01,-4.8597478867e-01,-1.5421135426e+00,9.4099218750e+03
265,4.8981791735e-01,-4.8616403341e-01,-1.4704514742e+00,9.4078994141e+03
266,4.8943808675e-01,-4.8577439785e-01,-1.1744909286e+00,9.4058896484e+03
267,4.8938372731e-01,-4.8549100757e-01,-1.4326128960e+00,9.4038730469e+03
268,4.8943281174e-01,-4.8544430733e-01,-1.5757130384e+00,9.4018603516e+03
269,4.8937267065e-01,-4.8578110337e-01,-1.6157490015e+00,9.3998447266e+03
270,4.8938834667e-01,-4.8618087173e-01,-1.7345886230e+00,9.3978378906e+03
271,4.8912167549e-01,-4.8601272702e-01,-1.4047354460e+00,9.3958173828e+03
272,4.8907685280e-01,-4.8538956046e-01,-1.1219834089e+00,9.3938105469e+03
273,4.8933500051e-01,-4.8541182280e-01,-1.3161838055e+00,9.3917988281e+03
274,4.8936226964e-01,-4.8558422923e-01,-1.8195366859e+00,9.3897949219e+03
275,4.8902830482e-01,-4.8552888632e-01,-1.5591269732e+00,9.3877783203e+03
276,4.8887011409e-01,-4.8568356037e-01,-1.6285287142e+00,9.3857695312e+03
277,4.8891144991e-01,-4.8625469208e-01,-1.3062796593e+00,9.3837617188e+03
278,4.8859143257e-01,-4.8593860865e-01,-1.2143788338e+00,9.3817529297e+03
279,4.8813053966e-01,-4.8506841063e-01,-1.2940403223e+00,9.3797441406e+03
280,4.8839592934e-01,-4.8456370831e-01,-1.7735422850e+00,9.3777431641e+03
281,4.8879763484e-01,-4.8489931226e-01,-1.8470135927e+00,9.3757304688e+03
282,4.8890137672e-01,-4.8527282476e-01,-1.8407089710e+00,9.3737275391e+03
283,4.8856368661e-01,-4.8536381125e-01,-1.5644890070e+00,9.3717265625e+03
284,4.8846113682e-01,-4.8522076011e-01,-1.2059805393e+00,9.3697177734e+03
285,4.8822334409e-01,-4.8508769274e-01,-1.4024928808e+00,9.3677187500e+03
286,4.8821642995e-01,-4.8526126146e-01,-1.6029781103e+00,9.3657099609e+03
287,4.8801496625e-01,-4.8511132598e-01,-1.8147687912e+00,9.3637099609e+03
288,4.8777213693e-01,-4.8493322730e-01,-1.6762992144e+00,9.3617050781e+03
289,4.8810574412e-01,-4.8534461856e-01,-1.3554694653e+00,9.3597080078e+03
290,4.8813790083e-01,-4.8539379239e-01,-1.4412540197e+00,9.3577031250e+03
291,4.8776602745e-01,-4.8523050547e-01,-1.2445993423e+00,9.3557050781e+03
292,4.8751708865e-01,-4.8474642634e-01,-1.4823909998e+00,9.3537099609e+03
293,4.8730266094e-01,-4.8438516259e-01,-1.7431257963e+00,9.3517021484e+03
294,4.8766580224e-01,-4.8453900218e-01,-1.8279542923e+00,9.3497070312e+03
295,4.8754703999e-01,-4.8408958316e-01,-1.5949385166e+00,9.3477041016e+03
296,4.8728901148e-01,-4.8395597935e-01,-1.5130422115e+00,9.3457119141e+03
297,4.8756271601e-01,-4.8413985968e-01,-1.7127233744e+00,9.3437109375e+03
298,4.8767533898e-01,-4.8426643014e-01,-1.9661624432e+00,9.3417187500e+03
299,4.8766684532e-01,-4.8403814435e-01,-1.7002730370e+00,9.3397255859e+03
300,4.8771911860e-01,-4.8363259435e-01,-1.7419718504e+00,9.3377275391e+03
301,4.8772352934e-01,-4.8402437568e-01,-1.7343404293e+00,9.3357392578e+03
302,4.8746895790e-01,-4.8404657841e-01,-1.7907460928e+00,9.3337431641e+03
303,4.8715332150e-01,-4.8378974199e-01,-1.6461311579e+00,9.3317451172e+03
304,4.8740538955e-01,-4.8367634416e-01,-1.4977177382e+00,9.3297607422e+03
305,4.8731017113e-01,-4.8328518867e-01,-1.8023631573e+00,9.3277626953e+03
306,4.8699778318e-01,-4.8311084509e-01,-2.0387139320e+00,9.3257773438e+03
307,4.8713642359e-01,-4.8356276751e-01,-1.9619328976e+00,9.3237861328e+03
308,4.8710390925e-01,-4.8405796289e-01,-1.6166409254e+00,9.3217949219e+03
309,4.8662117124e-01,-4.8388752341e-01,-1.7507326603e+00,9.3198027344e+03
310,4.8642632365e-01,-4.8352858424e-01,-1.8300527334e+00,9.3178203125e+03
311,4.8687589169e-01,-4.8377585411e-01,-1.6503467560e+00,9.3158339844e+03
312,4.8662593961e-01,-4.8348668218e-01,-1.4426082373e+00,9.3138486328e+03
313,4.8592725396e-01,-4.8280590773e-01,-1.6014062166e+00,9.3118642578e+03
314,4.8608842492e-01,-4.8261651397e-01,-1.9455380440e+00,9.3098720703e+03
315,4.8657077551e-01,-4.8314273357e-01,-2.1239974499e+00,9.3078964844e+03
316,4.8672726750e-01,-4.8337027431e-01,-1.8380211592e+00,9.3059062500e+03
317,4.8617592454e-01,-4.8282325268e-01,-1.8904496431e+00,9.3039257812e+03
318,4.8625764251e-01,-4.8267471790e-01,-1.8925991058e+00,9.3019384766e+03
319,4.8672288656e-01,-4.8281627893e-01,-1.6250189543e+00,9.2999609375e+03
320,4.8638430238e-01,-4.8260086775e-01,-1.6624250412e+00,9.2979707031e+03
321,4.8585033417e-01,-4.8213219643e-01,-1.8978536129e+00,9.2959970703e+03
322,4.8587927222e-01,-4.8219135404e-01,-1.9243794680e+00,9.2940097656e+03
323,4.8621040583e-01,-4.8282310367e-01,-2.0853674412e+00,9.2920292969e+03
324,4.8600181937e-01,-4.8274433613e-01,-2.1072933674e+00,9.2900498047e+03
325,4.8571419716e-01,-4.8248064518e-01,-1.8145480156e+00,9.2880761719e+03
326,4.8592248559e-01,-4.8253709078e-01,-2.1057281494e+00,9.2860996094e+03
327,4.8593920469e-01,-4.8243907094e-01,-1.9177236557e+00,9.2841171875e+03
328,4.8580399156e-01,-4.8209378123e-01,-1.8629946709e+00,9.2821445312e+03
329,4.8565664887e-01,-4.8199814558e-01,-2.1600351334e+00,9.2801650391e+03
330,4.8578831553e-01,-4.8223707080e-01,-1.7521693707e+00,9.2781914062e+03
331,4.8561149836e-01,-4.8202946782e-01,-1.7438405752e+00,9.2762177734e+03
332,4.8518225551e-01,-4.8139476776e-01,-2.1727588177e+00,9.2742421875e+03
333,4.8542124033e-01,-4.8155760765e-01,-2.2155208588e+00,9.2722675781e+03
334,4.8588442802e-01,-4.8246154189e-01,-2.2986288071e+00,9.2702968750e+03
335,4.8558217287e-01,-4.8231300712e-01,-2.2154371738e+00,9.2683232422e+03
336,4.8522511125e-01,-4.8163670301e-01,-1.9202179909e+00,9.2663476562e+03
337,4.8554903269e-01,-4.8146882653e-01,-1.9080339670e+00,9.2643769531e+03
338,4.8551216722e-01,-4.8171877861e-01,-1.8392150402e+00,9.2624062500e+03
339,4.8520708084e-01,-4.8187246919e-01,-2.1584553719e+00,9.2604365234e+03
340,4.8497596383e-01,-4.8189830780e-01,-2.4206495285e+00,9.2584677734e+03
341,4.8521012068e-01,-4.8193505406e-01,-1.9576343298e+00,9.2564990234e+03
342,4.8520350456e-01,-4.8181498051e-01,-1.9080362320e+00,9.2545390625e+03
343,4.8501628637e-01,-4.8128965497e-01,-1.7948461771e+00,9.2525693359e+03
344,4.8485127091e-01,-4.8087984324e-01,-1.8711359501e+00,9.2505986328e+03
345,4.8496067524e-01,-4.8118188977e-01,-2.0450079441e+00,9.2486357422e+03
346,4.8470413685e-01,-4.8115605116e-01,-2.2284197807e+00,9.2466689453e+03
347,4.8421642184e-01,-4.8106625676e-01,-2.2690329552e+00,9.2447060547e+03
348,4.8448166251e-01,-4.8137569427e-01,-2.0109057426e+00,9.2427441406e+03
349,4.8428168893e-01,-4.8139664531e-01,-1.7542915344e+00,9.2407841797e+03
350,4.8368021846e-01,-4.8100253940e-01,-1.9967305660e+00,9.2388193359e+03
351,4.8344525695e-01,-4.8037332296e-01,-2.4735560417e+00,9.2368525391e+03
352,4.8386001587e-01,-4.8048496246e-01,-2.4483406544e+00,9.2348974609e+03
353,4.8453238606e-01,-4.8120826483e-01,-2.1344816685e+00,9.2329365234e+03
354,4.8418167233e-01,-4.8107174039e-01,-1.8272850513e+00,9.2309755859e+03
355,4.8348200321e-01,-4.8028203845e-01,-2.2375524044e+00,9.2290156250e+03
356,4.8353967071e-01,-4.8029449582e-01,-2.5445482731e+00,9.2270566406e+03
357,4.8391771317e-01,-4.8102957010e-01,-2.3012688160e+00,9.2250966797e+03
358,4.8374462128e-01,-4.8122417927e-01,-2.3724601269e+00,9.2231367188e+03
359,4.8332002759e-01,-4.8095506430e-01,-2.1634941101e+00,9.2211816406e+03
360,4.8334845901e-01,-4.8081564903e-01,-2.1863262653e+00,9.2192236328e+03
361,4.8326447606e-01,-4.8059850931e-01,-2.3705279827e+00,9.2172753906e+03
362,4.8308768868e-01,-4.8042953014e-01,-2.2145664692e+00,9.2153125000e+03
363,4.8323553801e-01,-4.8054867983e-01,-2.1226868629e+00,9.2133564453e+03
364,4.8323857784e-01,-4.8099210858e-01,-2.1358807087e+00,9.2114052734e+03
365,4.8304718733e-01,-4.8107311130e-01,-2.2020514011e+00,9.2094501953e+03
366,4.8258158565e-01,-4.8054975271e-01,-2.3762407303e+00,9.2075019531e+03
367,4.8263207078e-01,-4.8019170761e-01,-2.4333961010e+00,9.2055488281e+03
368,4.8266986012e-01,-4.8028454185e-01,-2.3355810642e+00,9.2035996094e+03
369,4.8268592358e-01,-4.8090875149e-01,-2.3452889919e+00,9.2016455078e+03
370,4.8237097263e-01,-4.8082685471e-01,-2.1789371967e+00,9.1996914062e+03
371,4.8203966022e-01,-4.8011201620e-01,-2.3575251102e+00,9.1977451172e+03
372,4.8250225186e-01,-4.8009672761e-01,-2.3528609276e+00,9.1957968750e+03
373,4.8275655508e-01,-4.7982060909e-01,-2.3332569599e+00,9.1938466797e+03
374,4.8260146379e-01,-4.7968211770e-01,-2.2264878750e+00,9.1919023438e+03
375,4.8278659582e-01,-4.8019936681e-01,-2.6096551418e+00,9.1899541016e+03
376,4.8265513778e-01,-4.8010459542e-01,-2.6097135544e+00,9.1880078125e+03
377,4.8238754272e-01,-4.8015385866e-01,-2.5019450188e+00,9.1860566406e+03
378,4.8267313838e-01,-4.8040425777e-01,-2.3930575848e+00,9.1841123047e+03
379,4.8249226809e-01,-4.8026809096e-01,-2.2220518589e+00,9.1821640625e+03
380,4.8231413960e-01,-4.8025774956e-01,-2.1706244946e+00,9.1802265625e+03
381,4.8202762008e-01,-4.8006325960e-01,-2.2327311039e+00,9.1782792969e+03
382,4.8149731755e-01,-4.7959291935e-01,-2.4226469994e+00,9.1763378906e+03
383,4.8151627183e-01,-4.7975569963e-01,-2.5998206139e+00,9.1743916016e+03
384,4.8200526834e-01,-4.8028096557e-01,-2.5409672260e+00,9.1724482422e+03
385,4.8177641630e-01,-4.8020672798e-01,-2.2934691906e+00,9.1705039062e+03
386,4.8156061769e-01,-4.7973471880e-01,-2.2727475166e+00,9.1685703125e+03
387,4.8157495260e-01,-4.7962871194e-01,-2.6169588566e+00,9.1666279297e+03
388,4.8172488809e-01,-4.7996971011e-01,-2.6404783726e+00,9.1646855469e+03
389,4.8150098324e-01,-4.7981646657e-01,-2.4900166988e+00,9.1627460938e+03
390,4.8122683167e-01,-4.7963973880e-01,-2.4545161724e+00,9.1608066406e+03
391,4.8157197237e-01,-4.7950550914e-01,-2.4548416138e+00,9.1588662109e+03
392,4.8152309656e-01,-4.7946968675e-01,-2.3033163548e+00,9.1569296875e+03
393,4.8134559393e-01,-4.7929212451e-01,-2.3002531528e+00,9.1549931641e+03
394,4.8121961951e-01,-4.7942197323e-01,-2.3054249287e+00,9.1530605469e+03
395,4.8119834065e-01,-4.7957000136e-01,-2.5589540005e+00,9.1511250000e+03
396,4.8080185056e-01,-4.7960743308e-01,-2.6683132648e+00,9.1491875000e+03
397,4.8061910272e-01,-4.7976616025e-01,-2.4689524174e+00,9.1472568359e+03
398,4.8053237796e-01,-4.7929587960e-01,-2.1120142937e+00,9.1453183594e+03
399,4.8052519560e-01,-4.7890722752e-01,-2.3929979801e+00,9.1433876953e+03
400,4.8088628054e-01,-4.7921776772e-01,-2.4998323917e+00,9.1414541016e+03
401,4.8075783253e-01,-4.7937330604e-01,-2.5082788467e+00,9.1395214844e+03
402,4.8030719161e-01,-4.7936117649e-01,-2.3637101650e+00,9.1375937500e+03
403,4.8004090786e-01,-4.7885635495e-01,-2.4513916969e+00,9.1356640625e+03
404,4.8007470369e-01,-4.7852739692e-01,-2.5173974037e+00,9.1337304688e+03
405,4.8062527180e-01,-4.7891080379e-01,-2.5614159107e+00,9.1318027344e+03
406,4.8046061397e-01,-4.7885689139e-01,-2.5647683144e+00,9.1298759766e+03
407,4.8004296422e-01,-4.7869464755e-01,-2.5101342201e+00,9.1279462891e+03
408,4.8005637527e-01,-4.7863361239e-01,-2.6391737461e+00,9.1260185547e+03
409,4.8004388809e-01,-4.7897481918e-01,-2.5795753002e+00,9.1240937500e+03
410,4.7999286652e-01,-4.7917586565e-01,-2.3703491688e+00,9.1221621094e+03
411,4.7964924574e-01,-4.7870075703e-01,-2.4391281605e+00,9.1202353516e+03
412,4.7948235273e-01,-4.7818562388e-01,-2.4142324924e+00,9.1183125000e+03
413,4.7971078753e-01,-4.7791814804e-01,-2.5801022053e+00,9.1163906250e+03
414,4.7989025712e-01,-4.7795531154e-01,-2.6456923485e+00,9.1144628906e+03
415,4.8007768393e-01,-4.7826686502e-01,-2.7957198620e+00,9.1125380859e+03
416,4.8009794950e-01,-4.7831267118e-01,-2.7665226460e+00,9.1106152344e+03
417,4.7998315096e-01,-4.7847235203e-01,-2.5312945843e+00,9.1086943359e+03
418,4.7977158427e-01,-4.7865515947e-01,-2.5004878044e+00,9.1067734375e+03
419,4.7922244668e-01,-4.7812768817e-01,-2.5679831505e+00,9.1048476562e+03
420,4.7906571627e-01,-4.7806987166e-01,-2.6930792332e+00,9.1029306641e+03
421,4.7933027148e-01,-4.7871327400e-01,-2.5487155914e+00,9.1010000000e+03
422,4.7902703285e-01,-4.7870534658e-01,-2.6207535267e+00,9.0990859375e+03
423,4.7852417827e-01,-4.7822490335e-01,-2.5218310356e+00,9.0971699219e+03
424,4.7879064083e-01,-4.7843471169e-01,-2.7141525745e+00,9.0952470703e+03
425,4.7898700833e-01,-4.7885939479e-01,-2.7948768139e+00,9.0933281250e+03
426,4.7861433029e-01,-4.7872355580e-01,-2.7672414780e+00,9.0914052734e+03
427,4.7824364901e-01,-4.7836709023e-01,-2.6304261684e+00,9.0894912109e+03
428,4.7837728262e-01,-4.7824433446e-01,-2.7585368156e+00,9.0875722656e+03
429,4.7875651717e-01,-4.7844803333e-01,-2.5796985626e+00,9.0856552734e+03
430,4.7890824080e-01,-4.7825837135e-01,-2.5690312386e+00,9.0837402344e+03
431,4.7861471772e-01,-4.7798770666e-01,-2.5362493992e+00,9.0818261719e+03
432,4.7860401869e-01,-4.7821602225e-01,-2.8181853294e+00,9.0799072266e+03
433,4.7852018476e-01,-4.7848626971e-01,-2.6878607273e+00,9.0779970703e+03
434,4.7817093134e-01,-4.7822493315e-01,-2.6390099525e+00,9.0760830078e+03
435,4.7822612524e-01,-4.7781839967e-01,-2.5878319740e+00,9.0741650391e+03
436,4.7865438461e-01,-4.7832176089e-01,-2.6065158844e+00,9.0722568359e+03
437,4.7854116559e-01,-4.7849324346e-01,-2.7262179852e+00,9.0703398438e+03
438,4.7761806846e-01,-4.7751140594e-01,-2.7251839638e+00,9.0684257812e+03
439,4.7761008143e-01,-4.7694200277e-01,-2.9033863544e+00,9.0665166016e+03
440,4.7874331474e-01,-4.7746774554e-01,-2.8478417397e+00,9.0646015625e+03
441,4.7908109426e-01,-4.7762143612e-01,-2.8240113258e+00,9.0626953125e+03
442,4.7869566083e-01,-4.7714975476e-01,-2.7107181549e+00,9.0607783203e+03
443,4.7877353430e-01,-4.7718423605e-01,-2.6905751228e+00,9.0588701172e+03
444,4.7884887457e-01,-4.7784385085e-01,-2.9236891270e+00,9.0569619141e+03
445,4.7840815783e-01,-4.7801536322e-01,-2.8359847069e+00,9.0550556641e+03
446,4.7788253427e-01,-4.7772905231e-01,-2.7194230556e+00,9.0531425781e+03
447,4.7800692916e-01,-4.7803223133e-01,-2.7189660072e+00,9.0512402344e+03
448,4.7804406285e-01,-4.7830080986e-01,-2.8485441208e+00,9.0493281250e+03
449,4.7756826878e-01,-4.7817429900e-01,-2.9046337605e+00,9.0474257812e+03
450,4.7748354077e-01,-4.7757413983e-01,-2.8858482838e+00,9.0455146484e+03
451,4.7796261311e-01,-4.7735300660e-01,-2.6073124409e+00,9.0436103516e+03
452,4.7833433747e-01,-4.7730940580e-01,-2.5397138596e+00,9.0417080078e+03
453,4.7787803411e-01,-4.7678929567e-01,-2.8044641018e+00,9.0398037109e+03
454,4.7773906589e-01,-4.7687098384e-01,-3.1830177307e+00,9.0378994141e+03
455,4.7832870483e-01,-4.7757285833e-01,-3.2819464207e+00,9.0359951172e+03
456,4.7820097208e-01,-4.7778049111e-01,-3.1246826649e+00,9.0340878906e+03
457,4.7771281004e-01,-4.7759839892e-01,-2.4774641991e+00,9.0321855469e+03
458,4.7750636935e-01,-4.7710803151e-01,-2.6520054340e+00,9.0302851562e+03
459,4.7735130787e-01,-4.7670689225e-01,-2.8637757301e+00,9.0283847656e+03
460,4.7785103321e-01,-4.7709029913e-01,-2.9483373165e+00,9.0264804688e+03
461,4.7765231133e-01,-4.7705423832e-01,-2.8373539448e+00,9.0245732422e+03
462,4.7695511580e-01,-4.7672301531e-01,-2.7865591049e+00,9.0226777344e+03
463,4.7715908289e-01,-4.7719764709e-01,-2.9484906197e+00,9.0207734375e+03
464,4.7734084725e-01,-4.7722956538e-01,-2.8713717461e+00,9.0188769531e+03
465,4.7682657838e-01,-4.7642758489e-01,-2.8101198673e+00,9.0169794922e+03
466,4.7694259882e-01,-4.7656032443e-01,-3.0051522255e+00,9.0150800781e+03
467,4.7725000978e-01,-4.7707194090e-01,-2.9164707661e+00,9.0131748047e+03
468,4.7693312168e-01,-4.7698849440e-01,-3.2797858715e+00,9.0112792969e+03
469,4.7679671645e-01,-4.7649860382e-01,-2.8195407391e+00,9.0093789062e+03
470,4.7705832124e-01,-4.7646656632e-01,-2.9352562428e+00,9.0074814453e+03
471,4.7734957933e-01,-4.7684293985e-01,-3.0421891212e+00,9.0055859375e+03
472,4.7704130411e-01,-4.7682952881e-01,-3.0497510433e+00,9.0036962891e+03
473,4.7673535347e-01,-4.7693920135e-01,-3.0675384998e+00,9.0017968750e+03
474,4.7693315148e-01,-4.7699946165e-01,-2.8695309162e+00,8.9999082031e+03
475,4.7665157914e-01,-4.7685617208e-01,-3.0690343380e+00,8.9980087891e+03
476,4.7655344009e-01,-4.7659730911e-01,-3.0126402378e+00,8.9961181641e+03
477,4.7679066658e-01,-4.7634369135e-01,-2.9700264931e+00,8.9942216797e+03
478,4.7695872188e-01,-4.7649410367e-01,-3.1644337177e+00,8.9923310547e+03
479,4.7686094046e-01,-4.7652608156e-01,-3.1586399078e+00,8.9904355469e+03
480,4.7673970461e-01,-4.7647595406e-01,-2.8530466557e+00,8.9885429688e+03
481,4.7673660517e-01,-4.7669774294e-01,-2.9767882824e+00,8.9866562500e+03
482,4.7668012977e-01,-4.7705799341e-01,-2.9464213848e+00,8.9847646484e+03
483,4.7632706165e-01,-4.7692251205e-01,-3.1327843666e+00,8.9828740234e+03
484,4.7601148486e-01,-4.7649836540e-01,-2.9535303116e+00,8.9809882812e+03
485,4.7632294893e-01,-4.7622305155e-01,-2.8130331039e+00,8.9790957031e+03
486,4.7651547194e-01,-4.7610133886e-01,-2.9110481739e+00,8.9772031250e+03
487,4.7623571754e-01,-4.7600311041e-01,-2.9489459991e+00,8.9753164062e+03
488,4.7627374530e-01,-4.7635832429e-01,-3.0147516727e+00,8.9734248047e+03
489,4.7628760338e-01,-4.7636756301e-01,-2.9026415348e+00,8.9715380859e+03
490,4.7587531805e-01,-4.7614160180e-01,-3.1781480312e+00,8.9696503906e+03
491,4.7594079375e-01,-4.7597640753e-01,-3.0963654518e+00,8.9677626953e+03
492,4.7604995966e-01,-4.7573933005e-01,-3.0641140938e+00,8.9658750000e+03
493,4.7605037689e-01,-4.7588083148e-01,-3.0721461773e+00,8.9639902344e+03
494,4.7615697980e-01,-4.7615551949e-01,-3.2333474159e+00,8.9621015625e+03
495,4.7581136227e-01,-4.7581875324e-01,-3.4301958084e+00,8.9602128906e+03
496,4.7575607896e-01,-4.7586074471e-01,-3.2128453255e+00,8.9583300781e+03
497,4.7608241439e-01,-4.7656166553e-01,-3.1512851715e+00,8.9564355469e+03
498,4.7578379512e-01,-4.7654756904e-01,-2.9008762836e+00,8.9545576172e+03
499,4.7527718544e-01,-4.7635340691e-01,-3.0662357807e+00,8.9526699219e+03
500,4.7553810477e-01,-4.7638934851e-01,-3.0558578968e+00,8.9507900391e+03
501,4.7560465336e-01,-4.7601848841e-01,-3.1296806335e+00,8.9489023438e+03
502,4.7575056553e-01,-4.7635638714e-01,-3.2627921104e+00,8.9470273438e+03
503,4.7590577602e-01,-4.7661140561e-01,-3.1268477440e+00,8.9451455078e+03
504,4.7535577416e-01,-4.7587004304e-01,-2.9464507103e+00,8.9432617188e+03
505,4.7525110841e-01,-4.7533515096e-01,-2.9822285175e+00,8.9413740234e+03
506,4.7583696246e-01,-4.7551313043e-01,-3.1545300484e+00,8.9394990234e+03
507,4.7581210732e-01,-4.7535544634e-01,-3.1910784245e+00,8.9376191406e+03
508,4.7531536222e-01,-4.7526085377e-01,-3.4729287624e+00,8.9357392578e+03
509,4.7556191683e-01,-4.7548165917e-01,-3.2731726170e+00,8.9338662109e+03
510,4.7569677234e-01,-4.7533476353e-01,-3.0408341885e+00,8.9319824219e+03
511,4.7562626004e-01,-4.7522217035e-01,-3.0021183491e+00,8.9300996094e+03
512,4.7569754720e-01,-4.7546774149e-01,-3.1272163391e+00,8.9282187500e+03
513,4.7540923953e-01,-4.7545126081e-01,-3.1341893673e+00,8.9263457031e+03
514,4.7484204173e-01,-4.7521263361e-01,-3.1787557602e+00,8.9244609375e+03
515,4.7482717037e-01,-4.7496441007e-01,-3.1286697388e+00,8.9225937500e+03
516,4.7498142719e-01,-4.7474265099e-01,-3.1372315884e+00,8.9207119141e+03
517,4.7515830398e-01,-4.7480669618e-01,-3.1929874420e+00,8.9188320312e+03
518,4.7539648414e-01,-4.7520065308e-01,-3.0157589912e+00,8.9169570312e+03
519,4.7521060705e-01,-4.7523507476e-01,-2.9616849422e+00,8.9150839844e+03
520,4.7474035621e-01,-4.7487634420e-01,-3.0463619232e+00,8.9132089844e+03
521,4.7456690669e-01,-4.7469249368e-01,-3.1840155125e+00,8.9113310547e+03
522,4.7442927957e-01,-4.7434628010e-01,-3.3332803249e+00,8.9094580078e+03
523,4.7451785207e-01,-4.7411349416e-01,-3.3335123062e+00,8.9075830078e+03
524,4.7510242462e-01,-4.7428682446e-01,-3.1220903397e+00,8.9057109375e+03
525,4.7527590394e-01,-4.7406223416e-01,-3.2429604530e+00,8.9038359375e+03
526,4.7505143285e-01,-4.7407355905e-01,-3.3629825115e+00,8.9019628906e+03
527,4.7503206134e-01,-4.7410643101e-01,-3.2945175171e+00,8.9000927734e+03
528,4.7476398945e-01,-4.7388440371e-01,-3.1529040337e+00,8.8982216797e+03
529,4.7486785054e-01,-4.7402176261e-01,-3.2077012062e+00,8.8963447266e+03
530,4.7500503063e-01,-4.7389551997e-01,-3.1504743099e+00,8.8944755859e+03
531,4.7461688519e-01,-4.7324523330e-01,-3.2890100479e+00,8.8926035156e+03
532,4.7481083870e-01,-4.7306561470e-01,-3.1431772709e+00,8.8907343750e+03
533,4.7534084320e-01,-4.7349819541e-01,-3.3043503761e+00,8.8888652344e+03
534,4.7522795200e-01,-4.7354927659e-01,-3.2825317383e+00,8.8869873047e+03
535,4.7492051125e-01,-4.7348552942e-01,-3.1826987267e+00,8.8851259766e+03
536,4.7473797202e-01,-4.7320711613e-01,-3.0858337879e+00,8.8832519531e+03
537,4.7451955080e-01,-4.7309103608e-01,-3.2993557453e+00,8.8813828125e+03
538,4.7474199533e-01,-4.7367298603e-01,-3.5199193954e+00,8.8795214844e+03
539,4.7483161092e-01,-4.7399657965e-01,-3.2470510006e+00,8.8776484375e+03
540,4.7435244918e-01,-4.7360533476e-01,-3.2539975643e+00,8.8757832031e+03
541,4.7417238355e-01,-4.7317457199e-01,-3.1967144012e+00,8.8739130859e+03
542,4.7439369559e-01,-4.7295674682e-01,-3.2789680958e+00,8.8720498047e+03
543,4.7468385100e-01,-4.7307673097e-01,-3.1227865219e+00,8.8701787109e+03
544,4.7472503781e-01,-4.7351333499e-01,-3.2375032902e+00,8.8683125000e+03
545,4.7416901588e-01,-4.7368386388e-01,-3.2607042789e+00,8.8664501953e+03
546,4.7379466891e-01,-4.7363209724e-01,-3.3537330627e+00,8.8645898438e+03
547,4.7347921133e-01,-4.7317209840e-01,-3.4121537209e+00,8.8627207031e+03
548,4.7375652194e-01,-4.7325977683e-01,-3.3950347900e+00,8.8608574219e+03
549,4.7429195046e-01,-4.7372487187e-01,-3.3146953583e+00,8.8589951172e+03
550,4.7399330139e-01,-4.7380846739e-01,-3.3166191578e+00,8.8571308594e+03
551,4.7354438901e-01,-4.7315213084e-01,-3.3442161083e+00,8.8552695312e+03
552,4.7343823314e-01,-4.7217860818e-01,-3.3791191578e+00,8.8534033203e+03
553,4.7403305769e-01,-4.7194522619e-01,-3.4349646568e+00,8.8515419922e+03
554,4.7497320175e-01,-4.7284209728e-01,-3.3225364685e+00,8.8496816406e+03
555,4.7476732731e-01,-4.7320875525e-01,-3.5063617229e+00,8.8478173828e+03
556,4.7397556901e-01,-4.7292739153e-01,-3.4433507919e+00,8.8459511719e+03
557,4.7384664416e-01,-4.7262996435e-01,-3.3747878075e+00,8.8440927734e+03
558,4.7399678826e-01,-4.7278639674e-01,-3.4467055798e+00,8.8422314453e+03
559,4.7395145893e-01,-4.7286295891e-01,-3.4358429909e+00,8.8403759766e+03
560,4.7361510992e-01,-4.7285190225e-01,-3.3803071976e+00,8.8385107422e+03
561,4.7338756919e-01,-4.7289711237e-01,-3.2501115799e+00,8.8366562500e+03
562,4.7351822257e-01,-4.7256836295e-01,-3.2852737904e+00,8.8347929688e+03
563,4.7354730964e-01,-4.7172737122e-01,-3.2984359264e+00,8.8329355469e+03
564,4.7394993901e-01,-4.7176176310e-01,-3.4997255802e+00,8.8310751953e+03
565,4.7432821989e-01,-4.7188875079e-01,-3.6231317520e+00,8.8292158203e+03
566,4.7384458780e-01,-4.7187572718e-01,-3.7895855904e+00,8.8273544922e+03
567,4.7385588288e-01,-4.7241744399e-01,-3.5765013695e+00,8.8255078125e+03
568,4.7397068143e-01,-4.7250202298e-01,-3.4696094990e+00,8.8236494141e+03
569,4.7378048301e-01,-4.7206169367e-01,-3.0574150085e+00,8.8217900391e+03
570,4.7370269895e-01,-4.7150415182e-01,-3.1012315750e+00,8.8199404297e+03
571,4.7374087572e-01,-4.7157511115e-01,-3.4344499111e+00,8.8180839844e+03
572,4.7369304299e-01,-4.7151681781e-01,-3.3166851997e+00,8.8162294922e+03
573,4.7345045209e-01,-4.7098469734e-01,-3.4739139080e+00,8.8143750000e+03
574,4.7364100814e-01,-4.7052314878e-01,-3.6561801434e+00,8.8125273438e+03
575,4.7410887480e-01,-4.7081884742e-01,-3.6348164082e+00,8.8106679688e+03
576,4.7410568595e-01,-4.7138169408e-01,-3.5493586063e+00,8.8088183594e+03
577,4.7381475568e-01,-4.7121798992e-01,-3.1373605728e+00,8.8069628906e+03
578,4.7357305884e-01,-4.7092691064e-01,-3.1576263905e+00,8.8051113281e+03
579,4.7369578481e-01,-4.7109985352e-01,-3.6426329613e+00,8.8032636719e+03
580,4.7343227267e-01,-4.7107213736e-01,-3.8390843868e+00,8.8014072266e+03
581,4.7306400537e-01,-4.7088748217e-01,-3.5551669598e+00,8.7995615234e+03
582,4.7309723496e-01,-4.7106570005e-01,-3.2816200256e+00,8.7977128906e+03
583,4.7316268086e-01,-4.7115352750e-01,-3.3436527252e+00,8.7958691406e+03
584,4.7270688415e-01,-4.7066047788e-01,-3.3707346916e+00,8.7940107422e+03
585,4.7242182493e-01,-4.7053080797e-01,-3.4897494316e+00,8.7921650391e+03
586,4.7264239192e-01,-4.7063976526e-01,-3.9016873837e+00,8.7903164062e+03
587,4.7254678607e-01,-4.7091349959e-01,-3.6768801212e+00,8.7884667969e+03
588,4.7251853347e-01,-4.7127121687e-01,-3.6607599258e+00,8.7866171875e+03
589,4.7217321396e-01,-4.7089615464e-01,-3.6584763527e+00,8.7847714844e+03
590,4.7197034955e-01,-4.7044044733e-01,-3.7856132984e+00,8.7829248047e+03
591,4.7246211767e-01,-4.7048047185e-01,-3.4103801250e+00,8.7810761719e+03
592,4.7261455655e-01,-4.7026625276e-01,-3.2455937862e+00,8.7792353516e+03
593,4.7220766544e-01,-4.6997043490e-01,-3.3487837315e+00,8.7773857422e+03
594,4.7214692831e-01,-4.7025385499e-01,-3.6155264378e+00,8.7755390625e+03
595,4.7215473652e-01,-4.7072100639e-01,-3.8332030773e+00,8.7736972656e+03
596,4.7175475955e-01,-4.7068715096e-01,-3.7544081211e+00,8.7718564453e+03
597,4.7133430839e-01,-4.7001716495e-01,-3.6232061386e+00,8.7700039062e+03
598,4.7164037824e-01,-4.6960788965e-01,-3.5211639404e+00,8.7681582031e+03
599,4.7232359648e-01,-4.6963244677e-01,-3.5973696709e+00,8.7663183594e+03
600,4.7238409519e-01,-4.6935939789e-01,-3.6334466934e+00,8.7644765625e+03
601,4.7199293971e-01,-4.6913906932e-01,-3.6798329353e+00,8.7626396484e+03
602,4.7194004059e-01,-4.6936905384e-01,-3.7167510986e+00,8.7607939453e+03
603,4.7222459316e-01,-4.6966564655e-01,-3.5653681755e+00,8.7589531250e+03
604,4.7212469578e-01,-4.6928453445e-01,-3.4405159950e+00,8.7571074219e+03
605,4.7189053893e-01,-4.6873340011e-01,-3.5000042915e+00,8.7552695312e+03
606,4.7213217616e-01,-4.6892112494e-01,-3.5380003452e+00,8.7534335938e+03
607,4.7198688984e-01,-4.6904605627e-01,-3.7273740768e+00,8.7515937500e+03
608,4.7152012587e-01,-4.6904703975e-01,-3.9445157051e+00,8.7497509766e+03
609,4.7157627344e-01,-4.6920540929e-01,-3.6749362946e+00,8.7479101562e+03
610,4.7160887718e-01,-4.6945524216e-01,-3.7220473289e+00,8.7460761719e+03
611,4.7147145867e-01,-4.6932548285e-01,-3.7819170952e+00,8.7442412109e+03
612,4.7125253081e-01,-4.6906086802e-01,-3.5523080826e+00,8.7424042969e+03
613,4.7122365236e-01,-4.6912091970e-01,-3.5479915142e+00,8.7405654297e+03
614,4.7093057632e-01,-4.6887946129e-01,-3.5518016815e+00,8.7387294922e+03
615,4.7077360749e-01,-4.6848040819e-01,-3.7171046734e+00,8.7368925781e+03
616,4.7105368972e-01,-4.6882039309e-01,-3.6849608421e+00,8.7350537109e+03
617,4.7122678161e-01,-4.6902692318e-01,-4.0703234673e+00,8.7332246094e+03
618,4.7057163715e-01,-4.6847754717e-01,-4.0573635101e+00,8.7313857422e+03
619,4.7046899796e-01,-4.6856516600e-01,-3.8987617493e+00,8.7295576172e+03
620,4.7095367312e-01,-4.6907946467e-01,-3.7091751099e+00,8.7277207031e+03
621,4.7075152397e-01,-4.6928396821e-01,-3.5647451878e+00,8.7258896484e+03
622,4.7020515800e-01,-4.6901041269e-01,-3.6115660667e+00,8.7240546875e+03
623,4.6999591589e-01,-4.6852558851e-01,-3.7489931583e+00,8.7222304688e+03
624,4.7029891610e-01,-4.6836674213e-01,-3.5872948170e+00,8.7203945312e+03
625,4.7059074044e-01,-4.6849834919e-01,-3.6900444031e+00,8.7185664062e+03
626,4.7042840719e-01,-4.6848627925e-01,-3.8122012615e+00,8.7167275391e+03
627,4.6996140480e-01,-4.6826329827e-01,-3.8484988213e+00,8.7149013672e+03
628,4.6984770894e-01,-4.6830731630e-01,-3.8236181736e+00,8.7130712891e+03
629,4.7013092041e-01,-4.6861001849e-01,-3.5585033894e+00,8.7112392578e+03
630,4.6994552016e-01,-4.6843218803e-01,-3.8457260132e+00,8.7094130859e+03
631,4.6973577142e-01,-4.6809333563e-01,-3.7566885948e+00,8.7075859375e+03
632,4.6996572614e-01,-4.6789363027e-01,-3.7357220650e+00,8.7057597656e+03
633,4.7017121315e-01,-4.6809250116e-01,-3.7227146626e+00,8.7039345703e+03
634,4.7009691596e-01,-4.6826675534e-01,-3.8160471916e+00,8.7021035156e+03
635,4.6963042021e-01,-4.6816080809e-01,-3.7732033730e+00,8.7002792969e+03
636,4.6937599778e-01,-4.6805503964e-01,-4.0523824692e+00,8.6984521484e+03
637,4.6954083443e-01,-4.6794384718e-01,-3.9718644619e+00,8.6966279297e+03
638,4.6961364150e-01,-4.6810969710e-01,-3.8326947689e+00,8.6947988281e+03
639,4.6963381767e-01,-4.6845218539e-01,-3.9669933319e+00,8.6929765625e+03
640,4.6918845177e-01,-4.6786090732e-01,-3.6567864418e+00,8.6911503906e+03
641,4.6879947186e-01,-4.6698474884e-01,-3.6135742664e+00,8.6893242188e+03
642,4.6941167116e-01,-4.6741902828e-01,-3.6426796913e+00,8.6875039062e+03
643,4.6983850002e-01,-4.6822652221e-01,-3.7313947678e+00,8.6856845703e+03
644,4.6913349628e-01,-4.6819409728e-01,-3.6898350716e+00,8.6838564453e+03
645,4.6858173609e-01,-4.6767252684e-01,-3.8905398846e+00,8.6820390625e+03
646,4.6864870191e-01,-4.6686756611e-01,-3.7576224804e+00,8.6802216797e+03
647,4.6897691488e-01,-4.6706277132e-01,-3.7072136402e+00,8.6783945312e+03
648,4.6942046285e-01,-4.6784755588e-01,-3.9977948666e+00,8.6765712891e+03
649,4.6882805228e-01,-4.6739402413e-01,-4.0125160217e+00,8.6747539062e+03
650,4.6836602688e-01,-4.6679854393e-01,-3.9528539181e+00,8.6729326172e+03
651,4.6907848120e-01,-4.6694719791e-01,-3.8571307659e+00,8.6711132812e+03
652,4.6919700503e-01,-4.6723699570e-01,-3.6257314682e+00,8.6692968750e+03
653,4.6861761808e-01,-4.6714997292e-01,-3.6806719303e+00,8.6674833984e+03
654,4.6832871437e-01,-4.6740284562e-01,-3.7842271328e+00,8.6656679688e+03
655,4.6838131547e-01,-4.6753963828e-01,-3.9033617973e+00,8.6638496094e+03
656,4.6803095937e-01,-4.6679598093e-01,-3.9736680984e+00,8.6620341797e+03
657,4.6796390414e-01,-4.6646669507e-01,-3.8765590191e+00,8.6602138672e+03
658,4.6862602234e-01,-4.6707570553e-01,-3.7159552574e+00,8.6583994141e+03
659,4.6872141957e-01,-4.6733224392e-01,-3.6873803139e+00,8.6565791016e+03
660,4.6799513698e-01,-4.6698322892e-01,-3.7806930542e+00,8.6547675781e+03
661,4.6774569154e-01,-4.6681869030e-01,-4.0631337166e+00,8.6529550781e+03
662,4.6785801649e-01,-4.6726447344e-01,-4.1732831001e+00,8.6511376953e+03
663,4.6772396564e-01,-4.6740385890e-01,-3.7734642029e+00,8.6493242188e+03
664,4.6746608615e-01,-4.6697857976e-01,-3.7272255421e+00,8.6475205078e+03
665,4.6739175916e-01,-4.6655052900e-01,-3.7773697376e+00,8.6456933594e+03
666,4.6750247478e-01,-4.6667432785e-01,-3.9638817310e+00,8.6438828125e+03
667,4.6746808290e-01,-4.6692934632e-01,-3.7247021198e+00,8.6420771484e+03
668,4.6713566780e-01,-4.6653306484e-01,-3.6420836449e+00,8.6402646484e+03
669,4.6698701382e-01,-4.6613734961e-01,-3.8701672554e+00,8.6384589844e+03
670,4.6737995744e-01,-4.6607607603e-01,-4.1902999878e+00,8.6366445312e+03
671,4.6758785844e-01,-4.6566841006e-01,-3.9937818050e+00,8.6348398438e+03
672,4.6769714355e-01,-4.6548444033e-01,-3.7254028320e+00,8.6330302734e+03
673,4.6795463562e-01,-4.6612510085e-01,-3.6920962334e+00,8.6312187500e+03
674,4.6798989177e-01,-4.6660584211e-01,-3.7665174007e+00,8.6294140625e+03
675,4.6720445156e-01,-4.6614131331e-01,-3.8644657135e+00,8.6276074219e+03
676,4.6680131555e-01,-4.6577224135e-01,-3.7048132420e+00,8.6257978516e+03
677,4.6693906188e-01,-4.6565622091e-01,-3.7054202557e+00,8.6239921875e+03
678,4.6686023474e-01,-4.6552175283e-01,-3.9490334988e+00,8.6221884766e+03
679,4.6689853072e-01,-4.6570330858e-01,-3.8511924744e+00,8.6203808594e+03
680,4.6697565913e-01,-4.6628978848e-01,-3.8682911396e+00,8.6185781250e+03
681,4.6635556221e-01,-4.6610936522e-01,-3.6665999889e+00,8.6167744141e+03
682,4.6586346626e-01,-4.6556869149e-01,-3.7462639809e+00,8.6149687500e+03
683,4.6610459685e-01,-4.6540254354e-01,-3.9251115322e+00,8.6131679688e+03
684,4.6656477451e-01,-4.6588802338e-01,-4.1245541573e+00,8.6113662109e+03
685,4.6639746428e-01,-4.6598643064e-01,-4.0053067207e+00,8.6095673828e+03
686,4.6582734585e-01,-4.6570131183e-01,-3.6775279045e+00,8.6077636719e+03
687,4.6598249674e-01,-4.6538254619e-01,-3.6128227711e+00,8.6059638672e+03
688,4.6614974737e-01,-4.6529117227e-01,-3.8050067425e+00,8.6041650391e+03
689,4.6598705649e-01,-4.6568700671e-01,-4.0168633461e+00,8.6023681641e+03
690,4.6558523178e-01,-4.6609124541e-01,-3.6081573963e+00,8.6005615234e+03
691,4.6508532763e-01,-4.6604344249e-01,-3.6033010483e+00,8.5987675781e+03
692,4.6475553513e-01,-4.6527862549e-01,-3.8467710018e+00,8.5969687500e+03
693,4.6495050192e-01,-4.6462464333e-01,-3.8781433105e+00,8.5951679688e+03
694,4.6547693014e-01,-4.6479058266e-01,-3.9169080257e+00,8.5933691406e+03
695,4.6582964063e-01,-4.6542051435e-01,-3.9954612255e+00,8.5915693359e+03
696,4.6560779214e-01,-4.6585059166e-01,-4.0276341438e+00,8.5897744141e+03
697,4.6502181888e-01,-4.6562078595e-01,-4.0296411514e+00,8.5879804688e+03
698,4.6473133564e-01,-4.6515470743e-01,-3.7738990784e+00,8.5861845703e+03
699,4.6500965953e-01,-4.6500357985e-01,-3.8563618660e+00,8.5843906250e+03
700,4.6547049284e-01,-4.6505028009e-01,-3.9980850220e+00,8.5825957031e+03
701,4.6562585235e-01,-4.6522146463e-01,-3.8531091213e+00,8.5808007812e+03
702,4.6546086669e-01,-4.6536397934e-01,-3.6252956390e+00,8.5790039062e+03
703,4.6499535441e-01,-4.6485787630e-01,-3.3778624535e+00,8.5772128906e+03
704,4.6480807662e-01,-4.6434387565e-01,-3.5666127205e+00,8.5754199219e+03
705,4.6514973044e-01,-4.6406993270e-01,-4.0337481499e+00,8.5736318359e+03
706,4.6539774537e-01,-4.6394938231e-01,-3.8012821674e+00,8.5718398438e+03
707,4.6532309055e-01,-4.6418258548e-01,-4.0029907227e+00,8.5700458984e+03
708,4.6512550116e-01,-4.6457138658e-01,-4.0926604271e+00,8.5682578125e+03
709,4.6487930417e-01,-4.6447542310e-01,-3.5921380520e+00,8.5664707031e+03
710,4.6480023861e-01,-4.6416592598e-01,-3.5678474903e+00,8.5646757812e+03
711,4.6502900124e-01,-4.6431407332e-01,-3.6248536110e+00,8.5628867188e+03
712,4.6509969234e-01,-4.6446704865e-01,-3.7611317635e+00,8.5611005859e+03
713,4.6449774504e-01,-4.6457397938e-01,-3.7918224335e+00,8.5593085938e+03
714,4.6412739158e-01,-4.6459192038e-01,-3.9074902534e+00,8.5575214844e+03
715,4.6401777864e-01,-4.6443250775e-01,-3.7636268139e+00,8.5557373047e+03
716,4.6418857574e-01,-4.6438589692e-01,-3.8685367107e+00,8.5539511719e+03
717,4.6438813210e-01,-4.6423414350e-01,-3.9122381210e+00,8.5521611328e+03
718,4.6452200413e-01,-4.6446123719e-01,-3.9056925774e+00,8.5503828125e+03
719,4.6446180344e-01,-4.6496760845e-01,-3.9843702316e+00,8.5485927734e+03
720,4.6389800310e-01,-4.6471327543e-01,-3.6126551628e+00,8.5468046875e+03
721,4.6347317100e-01,-4.6456879377e-01,-3.4603424072e+00,8.5450195312e+03
722,4.6364381909e-01,-4.6458372474e-01,-3.5118625164e+00,8.5432412109e+03
723,4.6335405111e-01,-4.6390131116e-01,-3.9845809937e+00,8.5414609375e+03
724,4.6327868104e-01,-4.6373373270e-01,-4.1959204674e+00,8.5396718750e+03
725,4.6377253532e-01,-4.6444135904e-01,-3.9930469990e+00,8.5378955078e+03
726,4.6388950944e-01,-4.6507832408e-01,-3.6804108620e+00,8.5361103516e+03
727,4.6328198910e-01,-4.6513873339e-01,-3.4766428471e+00,8.5343330078e+03
728,4.6304032207e-01,-4.6481534839e-01,-3.6839630604e+00,8.5325498047e+03
729,4.6279573441e-01,-4.6419078112e-01,-3.8436303139e+00,8.5307724609e+03
730,4.6278113127e-01,-4.6420913935e-01,-3.9376966953e+00,8.5289941406e+03
731,4.6299156547e-01,-4.6440863609e-01,-3.9192006588e+00,8.5272109375e+03
732,4.6278864145e-01,-4.6419239044e-01,-3.8803248405e+00,8.5254384766e+03
733,4.6293878555e-01,-4.6423235536e-01,-3.6589846611e+00,8.5236601562e+03
734,4.6339949965e-01,-4.6460971236e-01,-3.5869393349e+00,8.5218818359e+03
735,4.6310505271e-01,-4.6436500549e-01,-3.6464033127e+00,8.5201083984e+03
736,4.6270483732e-01,-4.6369394660e-01,-3.7251074314e+00,8.5183291016e+03
737,4.6284356713e-01,-4.6351182461e-01,-3.9433214664e+00,8.5165537109e+03
738,4.6311259270e-01,-4.6382021904e-01,-3.9177758694e+00,8.5147753906e+03
739,4.6311473846e-01,-4.6385928988e-01,-3.6123776436e+00,8.5130009766e+03
740,4.6260836720e-01,-4.6328350902e-01,-3.9357998371e+00,8.5112304688e+03
741,4.6279224753e-01,-4.6325570345e-01,-4.1451849937e+00,8.5094521484e+03
742,4.6337372065e-01,-4.6356549859e-01,-4.1073994637e+00,8.5076845703e+03
743,4.6325868368e-01,-4.6360114217e-01,-3.8335969448e+00,8.5059052734e+03
744,4.6318644285e-01,-4.6362870932e-01,-3.5795686245e+00,8.5041328125e+03
745,4.6316066384e-01,-4.6364754438e-01,-3.4820468426e+00,8.5023593750e+03
746,4.6290662885e-01,-4.6348515153e-01,-3.3476016521e+00,8.5005908203e+03
747,4.6261948347e-01,-4.6328499913e-01,-3.5542831421e+00,8.4988193359e+03
748,4.6245631576e-01,-4.6301409602e-01,-3.9803519249e+00,8.4970449219e+03
749,4.6259886026e-01,-4.6306446195e-01,-4.1439962387e+00,8.4952744141e+03
750,4.6281731129e-01,-4.6322876215e-01,-3.8477768898e+00,8.4935068359e+03
751,4.6265274286e-01,-4.6305322647e-01,-3.5558421612e+00,8.4917363281e+03
752,4.6237725019e-01,-4.6267333627e-01,-3.6751942635e+00,8.4899619141e+03
753,4.6250203252e-01,-4.6280667186e-01,-3.8650734425e+00,8.4882041016e+03
754,4.6290180087e-01,-4.6314984560e-01,-3.8663856983e+00,8.4864335938e+03
755,4.6284693480e-01,-4.6319648623e-01,-3.5989472866e+00,8.4846679688e+03
756,4.6258860826e-01,-4.6298322082e-01,-3.6596763134e+00,8.4828974609e+03
757,4.6241486073e-01,-4.6285855770e-01,-3.7366983891e+00,8.4811308594e+03
758,4.6227926016e-01,-4.6312269568e-01,-3.9732775688e+00,8.4793652344e+03
759,4.6217507124e-01,-4.6300673485e-01,-3.9479255676e+00,8.4776035156e+03
760,4.6190577745e-01,-4.6249517798e-01,-3.5401642323e+00,8.4758378906e+03
761,4.6212783456e-01,-4.6267876029e-01,-3.5295343399e+00,8.4740751953e+03
762,4.6255069971e-01,-4.6307590604e-01,-3.7474656105e+00,8.4723095703e+03
763,4.6228024364e-01,-4.6297395229e-01,-3.6854624748e+00,8.4705439453e+03
764,4.6196249127e-01,-4.6287250519e-01,-3.5575051308e+00,8.4687812500e+03
765,4.6186974645e-01,-4.6234473586e-01,-3.6259322166e+00,8.4670214844e+03
766,4.6175029874e-01,-4.6160483360e-01,-3.9074575901e+00,8.4652607422e+03
767,4.6232363582e-01,-4.6161353588e-01,-3.8358447552e+00,8.4634960938e+03
768,4.6298977733e-01,-4.6210554242e-01,-3.7370660305e+00,8.4617382812e+03
769,4.6253946424e-01,-4.6208372712e-01,-3.7544999123e+00,8.4599804688e+03
770,4.6202617884e-01,-4.6196320653e-01,-3.5865678787e+00,8.4582167969e+03
771,4.6208107471e-01,-4.6237942576e-01,-3.7836616039e+00,8.4564589844e+03
772,4.6196469665e-01,-4.6290871501e-01,-3.7758953571e+00,8.4546972656e+03
773,4.6150687337e-01,-4.6301627159e-01,-3.8531503677e+00,8.4529414062e+03
774,4.6109959483e-01,-4.6282988787e-01,-3.5333092213e+00,8.4511816406e+03
775,4.6116843820e-01,-4.6263334155e-01,-3.6660597324e+00,8.4494267578e+03
776,4.6133249998e-01,-4.6228328347e-01,-3.6782832146e+00,8.4476689453e+03
777,4.6138000488e-01,-4.6219301224e-01,-3.8772115707e+00,8.4459052734e+03
778,4.6151435375e-01,-4.6259695292e-01,-3.8627064228e+00,8.4441533203e+03
779,4.6133488417e-01,-4.6259614825e-01,-3.7626214027e+00,8.4423935547e+03
780,4.6096500754e-01,-4.6207466722e-01,-3.6657142639e+00,8.4406386719e+03
781,4.6112835407e-01,-4.6179959178e-01,-3.6704845428e+00,8.4388857422e+03
782,4.6141058207e-01,-4.6214035153e-01,-3.9890239239e+00,8.4371230469e+03
783,4.6144619584e-01,-4.6255955100e-01,-4.0235195160e+00,8.4353691406e+03
784,4.6116107702e-01,-4.6264377236e-01,-3.7228565216e+00,8.4336152344e+03
785,4.6103429794e-01,-4.6242049336e-01,-3.6647169590e+00,8.4318652344e+03
786,4.6104758978e-01,-4.6216022968e-01,-3.5734698772e+00,8.4301103516e+03
787,4.6109181643e-01,-4.6231335402e-01,-3.3457727432e+00,8.4283574219e+03
788,4.6088677645e-01,-4.6200197935e-01,-3.5819685459e+00,8.4266044922e+03
789,4.6050161123e-01,-4.6145278215e-01,-3.7029011250e+00,8.4248544922e+03
790,4.6080824733e-01,-4.6181917191e-01,-3.6532404423e+00,8.4231064453e+03
791,4.6109664440e-01,-4.6202406287e-01,-3.7940523624e+00,8.4213515625e+03
792,4.6056228876e-01,-4.6166634560e-01,-3.7744700909e+00,8.4196054688e+03
793,4.6048080921e-01,-4.6179607511e-01,-3.7742178440e+00,8.4178515625e+03
794,4.6068984270e-01,-4.6214419603e-01,-3.7562744617e+00,8.4161025391e+03
795,4.6027010679e-01,-4.6178770065e-01,-3.7594208717e+00,8.4143535156e+03
796,4.5992153883e-01,-4.6100765467e-01,-3.7791261673e+00,8.4126064453e+03
797,4.6044254303e-01,-4.6088078618e-01,-3.6340141296e+00,8.4108613281e+03
798,4.6093106270e-01,-4.6109300852e-01,-3.5736792088e+00,8.4091103516e+03
799,4.6070292592e-01,-4.6086850762e-01,-3.6417512894e+00,8.4073632812e+03
800,4.6049049497e-01,-4.6088010073e-01,-3.7329723835e+00,8.4056152344e+03
801,4.6071627736e-01,-4.6142137051e-01,-3.8454375267e+00,8.4038750000e+03
802,4.6037217975e-01,-4.6164691448e-01,-3.7978599072e+00,8.4021269531e+03
803,4.5977133512e-01,-4.6155440807e-01,-3.6902439594e+00,8.4003808594e+03
804,4.5967167616e-01,-4.6136060357e-01,-3.6532766819e+00,8.3986308594e+03
805,4.5995417237e-01,-4.6098306775e-01,-3.6640987396e+00,8.3968945312e+03
806,4.6025648713e-01,-4.6057283878e-01,-3.5262942314e+00,8.3951416016e+03
807,4.6049982309e-01,-4.6114274859e-01,-3.7800352573e+00,8.3934052734e+03
808,4.6054223180e-01,-4.6159189939e-01,-3.8132481575e+00,8.3916591797e+03
809,4.5974674821e-01,-4.6101146936e-01,-3.8364574909e+00,8.3899121094e+03
810,4.5960962772e-01,-4.6068394184e-01,-3.7018988132e+00,8.3881767578e+03
811,4.6011069417e-01,-4.6105226874e-01,-3.6369419098e+00,8.3864326172e+03
812,4.6006783843e-01,-4.6140047908e-01,-3.6935024261e+00,8.3846865234e+03
813,4.5967227221e-01,-4.6126708388e-01,-3.6547975540e+00,8.3829462891e+03
814,4.5957607031e-01,-4.6101933718e-01,-3.6300539970e+00,8.3812021484e+03
815,4.5971539617e-01,-4.6102970839e-01,-3.3862054348e+00,8.3794619141e+03
816,4.5961248875e-01,-4.6060949564e-01,-3.2395207882e+00,8.3777246094e+03
817,4.5947596431e-01,-4.6031644940e-01,-3.3082818985e+00,8.3759873047e+03
818,4.5971199870e-01,-4.6034628153e-01,-3.5658133030e+00,8.3742509766e+03
819,4.5942097902e-01,-4.5977127552e-01,-3.6877825260e+00,8.3725097656e+03
820,4.5895093679e-01,-4.5959520340e-01,-3.7910730839e+00,8.3707744141e+03
821,4.5918378234e-01,-4.5993471146e-01,-3.7959103584e+00,8.3690380859e+03
822,4.5923957229e-01,-4.5990729332e-01,-3.8915646076e+00,8.3673017578e+03
823,4.5928031206e-01,-4.6012404561e-01,-3.8612062931e+00,8.3655634766e+03
824,4.5946940780e-01,-4.6016964316e-01,-3.8489637375e+00,8.3638281250e+03
825,4.5942369103e-01,-4.6004170179e-01,-3.6822154522e+00,8.3620859375e+03
826,4.5938900113e-01,-4.6003460884e-01,-3.4493680000e+00,8.3603583984e+03
827,4.5928102732e-01,-4.6008950472e-01,-3.6905260086e+00,8.3586210938e+03
828,4.5902293921e-01,-4.6000829339e-01,-3.7791833878e+00,8.3568867188e+03
829,4.5888957381e-01,-4.6012681723e-01,-3.6479651928e+00,8.3551562500e+03
830,4.5906415582e-01,-4.6043315530e-01,-3.4757065773e+00,8.3534228516e+03
831,4.5873343945e-01,-4.6013358235e-01,-3.3492054939e+00,8.3516855469e+03
832,4.5824512839e-01,-4.5959568024e-01,-3.5251760483e+00,8.3499511719e+03
833,4.5832157135e-01,-4.5906102657e-01,-4.0555367470e+00,8.3482275391e+03
834,4.5866787434e-01,-4.5876255631e-01,-3.9694678783e+00,8.3464843750e+03
835,4.5911180973e-01,-4.5915019512e-01,-3.7093787193e+00,8.3447568359e+03
836,4.5929548144e-01,-4.5986479521e-01,-3.4577639103e+00,8.3430244141e+03
837,4.5865571499e-01,-4.5950755477e-01,-3.7123036385e+00,8.3412988281e+03
838,4.5821076632e-01,-4.5885747671e-01,-3.7179970741e+00,8.3395615234e+03
839,4.5854783058e-01,-4.5886388421e-01,-3.7442247868e+00,8.3378320312e+03
840,4.5876830816e-01,-4.5931357145e-01,-3.6958174706e+00,8.3361015625e+03
841,4.5873218775e-01,-4.5913732052e-01,-3.7685046196e+00,8.3343750000e+03
842,4.5866733789e-01,-4.5889151096e-01,-3.6559655666e+00,8.3326464844e+03
843,4.5884618163e-01,-4.5895674825e-01,-3.3048110008e+00,8.3309189453e+03
844,4.5864522457e-01,-4.5889160037e-01,-3.2111241817e+00,8.3291884766e+03
845,4.5813715458e-01,-4.5843148232e-01,-3.5992803574e+00,8.3274658203e+03
846,4.5816373825e-01,-4.5844957232e-01,-3.8605124950e+00,8.3257363281e+03
847,4.5852524042e-01,-4.5928916335e-01,-3.7984569073e+00,8.3240156250e+03
848,4.5803001523e-01,-4.5942121744e-01,-3.6560802460e+00,8.3222900391e+03
849,4.5713880658e-01,-4.5871984959e-01,-3.4686219692e+00,8.3205625000e+03
850,4.5740741491e-01,-4.5856845379e-01,-3.3340125084e+00,8.3188408203e+03
851,4.5780286193e-01,-4.5857059956e-01,-3.3697843552e+00,8.3171162109e+03
852,4.5720621943e-01,-4.5802900195e-01,-3.5791904926e+00,8.3153876953e+03
853,4.5702138543e-01,-4.5776298642e-01,-3.9656429291e+00,8.3136630859e+03
854,4.5780223608e-01,-4.5814961195e-01,-3.8498644829e+00,8.3119394531e+03
855,4.5824566483e-01,-4.5836925507e-01,-3.5454649925e+00,8.3102226562e+03
856,4.5780473948e-01,-4.5808348060e-01,-3.4750108719e+00,8.3084960938e+03
857,4.5752060413e-01,-4.5817509294e-01,-3.7099821568e+00,8.3067753906e+03
858,4.5749124885e-01,-4.5830166340e-01,-3.8258657455e+00,8.3050507812e+03
859,4.5741724968e-01,-4.5824748278e-01,-3.5688130856e+00,8.3033291016e+03
860,4.5732927322e-01,-4.5806661248e-01,-3.4458901882e+00,8.3016093750e+03
861,4.5727500319e-01,-4.5800432563e-01,-3.5844502449e+00,8.2998867188e+03
862,4.5714694262e-01,-4.5834350586e-01,-3.7173278332e+00,8.2981679688e+03
863,4.5694684982e-01,-4.5851793885e-01,-3.7925765514e+00,8.2964423828e+03
864,4.5653006434e-01,-4.5827591419e-01,-3.7105476856e+00,8.2947216797e+03
865,4.5671477914e-01,-4.5832028985e-01,-3.6922602654e+00,8.2930039062e+03
866,4.5702067018e-01,-4.5863243937e-01,-3.7535474300e+00,8.2912880859e+03
867,4.5678403974e-01,-4.5840027928e-01,-3.3886330128e+00,8.2895732422e+03
868,4.5641589165e-01,-4.5795604587e-01,-3.4585182667e+00,8.2878515625e+03
869,4.5644694567e-01,-4.5775416493e-01,-3.6689515114e+00,8.2861367188e+03
870,4.5673370361e-01,-4.5743662119e-01,-3.7180655003e+00,8.2844169922e+03
871,4.5708635449e-01,-4.5715519786e-01,-3.6538183689e+00,8.2826992188e+03
872,4.5735022426e-01,-4.5712652802e-01,-3.7327444553e+00,8.2809843750e+03
873,4.5732358098e-01,-4.5744138956e-01,-3.5688672066e+00,8.2792705078e+03
874,4.5701277256e-01,-4.5736420155e-01,-3.6953368187e+00,8.2775556641e+03
875,4.5657441020e-01,-4.5701771975e-01,-3.5315890312e+00,8.2758359375e+03
876,4.5696902275e-01,-4.5715874434e-01,-3.5756473541e+00,8.2741230469e+03
877,4.5715659857e-01,-4.5734578371e-01,-3.3675885201e+00,8.2724091797e+03
878,4.5657610893e-01,-4.5693793893e-01,-3.6179161072e+00,8.2706953125e+03
879,4.5633736253e-01,-4.5678040385e-01,-3.7125649452e+00,8.2689833984e+03
880,4.5658704638e-01,-4.5737034082e-01,-3.9969170094e+00,8.2672685547e+03
881,4.5663791895e-01,-4.5786485076e-01,-3.9069445133e+00,8.2655566406e+03
882,4.5618346334e-01,-4.5785367489e-01,-3.7340414524e+00,8.2638457031e+03
883,4.5615029335e-01,-4.5767840743e-01,-3.5676038265e+00,8.2621347656e+03
884,4.5638921857e-01,-4.5756343007e-01,-3.1591892242e+00,8.2604228516e+03
885,4.5619341731e-01,-4.5739772916e-01,-3.2959871292e+00,8.2587109375e+03
886,4.5584380627e-01,-4.5685532689e-01,-3.6000750065e+00,8.2570019531e+03
887,4.5577061176e-01,-4.5629179478e-01,-3.5608603954e+00,8.2552919922e+03
888,4.5619961619e-01,-4.5647707582e-01,-3.5341701508e+00,8.2535830078e+03
889,4.5646613836e-01,-4.5688524842e-01,-3.4142739773e+00,8.2518750000e+03
890,4.5593947172e-01,-4.5696353912e-01,-3.4613716602e+00,8.2501650391e+03
891,4.5538631082e-01,-4.5644339919e-01,-3.5816981792e+00,8.2484560547e+03
892,4.5537942648e-01,-4.5582053065e-01,-3.6238231659e+00,8.2467500000e+03
893,4.5571559668e-01,-4.5582127571e-01,-3.6901595592e+00,8.2450400391e+03
894,4.5605120063e-01,-4.5614469051e-01,-3.8100931644e+00,8.2433349609e+03
895,4.5599827170e-01,-4.5639753342e-01,-3.6631586552e+00,8.2416279297e+03
896,4.5591515303e-01,-4.5670610666e-01,-3.5589008331e+00,8.2399179688e+03
897,4.5564621687e-01,-4.5652744174e-01,-3.4131019115e+00,8.2382128906e+03
898,4.5528483391e-01,-4.5607116818e-01,-3.3234832287e+00,8.2365039062e+03
899,4.5546749234e-01,-4.5614758134e-01,-3.6290643215e+00,8.2348017578e+03
900,4.5564004779e-01,-4.5608094335e-01,-3.4388103485e+00,8.2330937500e+03
901,4.5540347695e-01,-4.5574331284e-01,-3.5217137337e+00,8.2313925781e+03
902,4.5530486107e-01,-4.5592415333e-01,-3.4472026825e+00,8.2296884766e+03
903,4.5533889532e-01,-4.5626360178e-01,-3.4741961956e+00,8.2279853516e+03
904,4.5503342152e-01,-4.5620161295e-01,-3.5406727791e+00,8.2262832031e+03
905,4.5471248031e-01,-4.5584583282e-01,-3.5227482319e+00,8.2245839844e+03
906,4.5498564839e-01,-4.5562574267e-01,-3.2503521442e+00,8.2228798828e+03
907,4.5520338416e-01,-4.5555660129e-01,-3.4236817360e+00,8.2211748047e+03
908,4.5487362146e-01,-4.5563909411e-01,-3.8689994812e+00,8.2194746094e+03
909,4.5466122031e-01,-4.5615220070e-01,-3.8035590649e+00,8.2177675781e+03
910,4.5451155305e-01,-4.5650216937e-01,-3.7988634109e+00,8.2160712891e+03
911,4.5438733697e-01,-4.5607575774e-01,-3.2529473305e+00,8.2143671875e+03
912,4.5448356867e-01,-4.5519083738e-01,-3.2659916878e+00,8.2126669922e+03
913,4.5472836494e-01,-4.5478433371e-01,-3.5461480618e+00,8.2109707031e+03
914,4.5508131385e-01,-4.5504480600e-01,-3.7462699413e+00,8.2092724609e+03
915,4.5503142476e-01,-4.5520219207e-01,-3.5433294773e+00,8.2075732422e+03
916,4.5486548543e-01,-4.5527881384e-01,-3.3278145790e+00,8.2058779297e+03
917,4.5469430089e-01,-4.5498037338e-01,-3.2361681461e+00,8.2041728516e+03
918,4.5434224606e-01,-4.5457175374e-01,-3.1081342697e+00,8.2024765625e+03
919,4.5441117883e-01,-4.5472258329e-01,-3.4852797985e+00,8.2007832031e+03
920,4.5440080762e-01,-4.5498234034e-01,-3.5624198914e+00,8.1990869141e+03
921,4.5428907871e-01,-4.5521780849e-01,-3.6479883194e+00,8.1973886719e+03
922,4.5422980189e-01,-4.5498514175e-01,-3.3567047119e+00,8.1956953125e+03
923,4.5433080196e-01,-4.5465818048e-01,-3.4108932018e+00,8.1939960938e+03
924,4.5448043942e-01,-4.5492592454e-01,-3.5061347485e+00,8.1923056641e+03
925,4.5440140367e-01,-4.5518463850e-01,-3.5271947384e+00,8.1906079102e+03
926,4.5376113057e-01,-4.5467352867e-01,-3.4055087566e+00,8.1889130859e+03
927,4.5354226232e-01,-4.5415565372e-01,-3.2432215214e+00,8.1872182617e+03
928,4.5403042436e-01,-4.5426556468e-01,-3.5660336018e+00,8.1855234375e+03
929,4.5418554544e-01,-4.5438182354e-01,-3.6219413280e+00,8.1838320312e+03
930,4.5380726457e-01,-4.5434439182e-01,-3.6348857880e+00,8.1821420898e+03
931,4.5385295153e-01,-4.5447042584e-01,-3.3988404274e+00,8.1804467773e+03
932,4.5416563749e-01,-4.5477962494e-01,-3.1556777954e+00,8.1787500000e+03
933,4.5389840007e-01,-4.5488119125e-01,-3.2866482735e+00,8.1770634766e+03
934,4.5325008035e-01,-4.5453980565e-01,-3.4215719700e+00,8.1753740234e+03
935,4.5277684927e-01,-4.5444771647e-01,-3.4975428581e+00,8.1736811523e+03
936,4.5304346085e-01,-4.5452627540e-01,-3.4603052139e+00,8.1719941406e+03
937,4.5337781310e-01,-4.5413300395e-01,-3.4856348038e+00,8.1703046875e+03
938,4.5360895991e-01,-4.5407485962e-01,-3.3562903404e+00,8.1686162109e+03
939,4.5396739244e-01,-4.5430004597e-01,-3.2366244793e+00,8.1669208984e+03
940,4.5340842009e-01,-4.5387154818e-01,-3.4314665794e+00,8.1652314453e+03
941,4.5294216275e-01,-4.5323148370e-01,-3.3566513062e+00,8.1635483398e+03
942,4.5344877243e-01,-4.5355278254e-01,-3.2823443413e+00,8.1618662109e+03
943,4.5381170511e-01,-4.5420435071e-01,-3.4879469872e+00,8.1601782227e+03
944,4.5297288895e-01,-4.5376718044e-01,-3.3628935814e+00,8.1584902344e+03
945,4.5230060816e-01,-4.5321273804e-01,-3.5584881306e+00,8.1568037109e+03
946,4.5271691680e-01,-4.5320361853e-01,-3.5348019600e+00,8.1551171875e+03
947,4.5318743587e-01,-4.5362859964e-01,-3.4534296989e+00,8.1534326172e+03
948,4.5318543911e-01,-4.5382112265e-01,-3.1537177563e+00,8.1517465820e+03
949,4.5284008980e-01,-4.5338797569e-01,-3.0978870392e+00,8.1500581055e+03
950,4.5272821188e-01,-4.5319983363e-01,-3.4370899200e+00,8.1483764648e+03
951,4.5294114947e-01,-4.5355466008e-01,-3.2576620579e+00,8.1466972656e+03
952,4.5253548026e-01,-4.5325234532e-01,-3.1802215576e+00,8.1450107422e+03
953,4.5182657242e-01,-4.5243632793e-01,-3.4098503590e+00,8.1433300781e+03
954,4.5233014226e-01,-4.5246213675e-01,-3.4091136456e+00,8.1416489258e+03
955,4.5319849253e-01,-4.5322811604e-01,-3.6303892136e+00,8.1399658203e+03
956,4.5312705636e-01,-4.5330691338e-01,-3.4580712318e+00,8.1382856445e+03
957,4.5250454545e-01,-4.5342841744e-01,-3.2451727390e+00,8.1366035156e+03
958,4.5232754946e-01,-4.5393925905e-01,-3.2216618061e+00,8.1349199219e+03
959,4.5184862614e-01,-4.5348200202e-01,-3.3587749004e+00,8.1332392578e+03
960,4.5127984881e-01,-4.5263826847e-01,-3.2256071568e+00,8.1315576172e+03
961,4.5170250535e-01,-4.5261675119e-01,-3.3640832901e+00,8.1298798828e+03
962,4.5233049989e-01,-4.5293304324e-01,-3.3635408878e+00,8.1282011719e+03
963,4.5212298632e-01,-4.5259165764e-01,-3.5115466118e+00,8.1265195312e+03
964,4.5175954700e-01,-4.5233327150e-01,-3.5055532455e+00,8.1248461914e+03
965,4.5207720995e-01,-4.5265355706e-01,-3.4853234291e+00,8.1231630859e+03
966,4.5211023092e-01,-4.5308551192e-01,-3.2999103069e+00,8.1214868164e+03
967,4.5180347562e-01,-4.5298492908e-01,-3.1441373825e+00,8.1198105469e+03
968,4.5174843073e-01,-4.5309472084e-01,-3.1813797951e+00,8.1181362305e+03
969,4.5176059008e-01,-4.5346912742e-01,-3.1129403114e+00,8.1164609375e+03
970,4.5126852393e-01,-4.5307254791e-01,-3.1276588440e+00,8.1147827148e+03
971,4.5078036189e-01,-4.5229965448e-01,-3.3497991562e+00,8.1131098633e+03
972,4.5101982355e-01,-4.5208564401e-01,-3.6219086647e+00,8.1114316406e+03
973,4.5151051879e-01,-4.5247504115e-01,-3.3559844494e+00,8.1097568359e+03
974,4.5166131854e-01,-4.5272275805e-01,-3.3679153919e+00,8.1080844727e+03
975,4.5136728883e-01,-4.5250618458e-01,-3.1374101639e+00,8.1064101562e+03
976,4.5114392042e-01,-4.5233187079e-01,-3.1837432384e+00,8.1047373047e+03
977,4.5121034980e-01,-4.5260578394e-01,-3.3686680794e+00,8.1030615234e+03
978,4.5120200515e-01,-4.5276173949e-01,-3.1981999874e+00,8.1013896484e+03
979,4.5095315576e-01,-4.5250812173e-01,-3.3045954704e+00,8.0997241211e+03
980,4.5079895854e-01,-4.5217263699e-01,-3.1912007332e+00,8.0980502930e+03
981,4.5079460740e-01,-4.5184454322e-01,-3.1504302025e+00,8.0963779297e+03
982,4.5058280230e-01,-4.5118233562e-01,-3.2729110718e+00,8.0947089844e+03
983,4.5083889365e-01,-4.5113399625e-01,-3.3682591915e+00,8.0930410156e+03
984,4.5139428973e-01,-4.5155176520e-01,-3.3916404247e+00,8.0913676758e+03
985,4.5119875669e-01,-4.5191478729e-01,-3.4452226162e+00,8.0896987305e+03
986,4.5074790716e-01,-4.5249870420e-01,-3.4954950809e+00,8.0880302734e+03
987,4.5065087080e-01,-4.5253825188e-01,-3.4040117264e+00,8.0863583984e+03
988,4.5017588139e-01,-4.5189228654e-01,-3.3352112770e+00,8.0846933594e+03
989,4.5042335987e-01,-4.5161455870e-01,-2.9641551971e+00,8.0830253906e+03
990,4.5087316632e-01,-4.5117965341e-01,-2.9440376759e+00,8.0813627930e+03
991,4.5079129934e-01,-4.5124480128e-01,-3.0244755745e+00,8.0796899414e+03
992,4.5092892647e-01,-4.5204976201e-01,-3.2496440411e+00,8.0780283203e+03
993,4.5047140121e-01,-4.5217388868e-01,-3.3804054260e+00,8.0763652344e+03
994,4.4982039928e-01,-4.5181819797e-01,-3.2759501934e+00,8.0746933594e+03
995,4.5009234548e-01,-4.5165252686e-01,-3.2096424103e+00,8.0730327148e+03
996,4.5035731792e-01,-4.5137819648e-01,-3.1553120613e+00,8.0713652344e+03
997,4.5033553243e-01,-4.5127725601e-01,-3.0622963905e+00,8.0697011719e+03
998,4.5042598248e-01,-4.5161250234e-01,-2.9471647739e+00,8.0680400391e+03
999,4.5017814636e-01,-4.5157387853e-01,-3.1619234085e+00,8.0663784180e+03
1000,4.4987305999e-01,-4.5129612088e-01,-3.3181283474e+00,8.0647104492e+03
1001,4.4991064072e-01,-4.5080733299e-01,-3.0344262123e+00,8.0630478516e+03
1002,4.5001631975e-01,-4.5050141215e-01,-2.8125181198e+00,8.0613930664e+03
1003,4.5010319352e-01,-4.5080786943e-01,-3.0719439983e+00,8.0597309570e+03
1004,4.4971683621e-01,-4.5138064027e-01,-3.3076837063e+00,8.0580703125e+03
1005,4.4900438190e-01,-4.5169746876e-01,-3.2563309669e+00,8.0564121094e+03
1006,4.4871091843e-01,-4.5131418109e-01,-3.2470951080e+00,8.0547534180e+03
1007,4.4903823733e-01,-4.5082399249e-01,-2.9706542492e+00,8.0530908203e+03
1008,4.4980880618e-01,-4.5074883103e-01,-2.9272463322e+00,8.0514277344e+03
1009,4.5000621676e-01,-4.5083379745e-01,-3.1028749943e+00,8.0497709961e+03
1010,4.4946777821e-01,-4.5078369975e-01,-3.2642140388e+00,8.0481088867e+03
1011,4.4907194376e-01,-4.5073461533e-01,-2.9216594696e+00,8.0464526367e+03
1012,4.4906705618e-01,-4.5080319047e-01,-2.9279820919e+00,8.0447973633e+03
1013,4.4907331467e-01,-4.5078507066e-01,-2.9594163895e+00,8.0431396484e+03
1014,4.4892463088e-01,-4.5027107000e-01,-3.0745089054e+00,8.0414785156e+03
1015,4.4878917933e-01,-4.4950625300e-01,-3.2318921089e+00,8.0398212891e+03
1016,4.4922581315e-01,-4.4950756431e-01,-3.2556498051e+00,8.0381694336e+03
1017,4.4983047247e-01,-4.5035591722e-01,-3.3300950527e+00,8.0365117188e+03
1018,4.4941815734e-01,-4.5051011443e-01,-3.1551475525e+00,8.0348535156e+03
1019,4.4869783521e-01,-4.5006585121e-01,-2.9405872822e+00,8.0332026367e+03
1020,4.4873312116e-01,-4.5016157627e-01,-2.7085380554e+00,8.0315473633e+03
1021,4.4886171818e-01,-4.5009082556e-01,-2.8679988384e+00,8.0298916016e+03
1022,4.4841727614e-01,-4.4988623261e-01,-3.2160944939e+00,8.0282338867e+03
1023,4.4832673669e-01,-4.5003205538e-01,-3.3307328224e+00,8.0265859375e+03
1024,4.4850754738e-01,-4.5026889443e-01,-3.2983114719e+00,8.0249287109e+03
1025,4.4855535030e-01,-4.5007857680e-01,-2.9494414330e+00,8.0232763672e+03
1026,4.4829851389e-01,-4.4950079918e-01,-3.1144332886e+00,8.0216225586e+03
1027,4.4845968485e-01,-4.4968178868e-01,-3.1141614914e+00,8.0199755859e+03
1028,4.4886791706e-01,-4.5039990544e-01,-3.1787106991e+00,8.0183203125e+03
1029,4.4853767753e-01,-4.5052343607e-01,-3.0714564323e+00,8.0166689453e+03
1030,4.4798463583e-01,-4.5019802451e-01,-2.9348461628e+00,8.0150214844e+03
1031,4.4807019830e-01,-4.4996562600e-01,-2.9850349426e+00,8.0133735352e+03
1032,4.4804859161e-01,-4.4972774386e-01,-2.9973089695e+00,8.0117260742e+03
1033,4.4803211093e-01,-4.4966912270e-01,-2.8795421124e+00,8.0100708008e+03
1034,4.4826310873e-01,-4.4986590743e-01,-3.0242779255e+00,8.0084272461e+03
1035,4.4822978973e-01,-4.5008051395e-01,-2.9059514999e+00,8.0067749023e+03
1036,4.4798320532e-01,-4.4983416796e-01,-3.0573732853e+00,8.0051308594e+03
1037,4.4762012362e-01,-4.4924899936e-01,-2.9175353050e+00,8.0034863281e+03
1038,4.4771921635e-01,-4.4932606816e-01,-3.0066084862e+00,8.0018344727e+03
1039,4.4825574756e-01,-4.4946032763e-01,-3.0855939388e+00,8.0001894531e+03
1040,4.4832849503e-01,-4.4907933474e-01,-3.0301642418e+00,7.9985424805e+03
1041,4.4835224748e-01,-4.4904497266e-01,-2.7536222935e+00,7.9968964844e+03
1042,4.4843184948e-01,-4.4923645258e-01,-2.8109650612e+00,7.9952553711e+03
1043,4.4796210527e-01,-4.4916573167e-01,-2.9326846600e+00,7.9936079102e+03
1044,4.4781449437e-01,-4.4936254621e-01,-3.1376607418e+00,7.9919624023e+03
1045,4.4813477993e-01,-4.4955283403e-01,-3.1082675457e+00,7.9903217773e+03
1046,4.4796106219e-01,-4.4951224327e-01,-2.9270424843e+00,7.9886787109e+03
1047,4.4765838981e-01,-4.4962844253e-01,-2.8381063938e+00,7.9870317383e+03
1048,4.4746717811e-01,-4.4967684150e-01,-2.9250733852e+00,7.9853916016e+03
1049,4.4729742408e-01,-4.4951158762e-01,-2.8175280094e+00,7.9837490234e+03
1050,4.4721829891e-01,-4.4938728213e-01,-2.7339127064e+00,7.9821079102e+03
1051,4.4713726640e-01,-4.4954791665e-01,-2.7998454571e+00,7.9804638672e+03
1052,4.4702565670e-01,-4.4969785213e-01,-2.8541336060e+00,7.9788281250e+03
1053,4.4687241316e-01,-4.4935229421e-01,-3.0688164234e+00,7.9771806641e+03
1054,4.4678550959e-01,-4.4901683927e-01,-3.0557470322e+00,7.9755507812e+03
1055,4.4708764553e-01,-4.4927263260e-01,-2.8970599174e+00,7.9739023438e+03
1056,4.4716057181e-01,-4.4954395294e-01,-2.8127884865e+00,7.9722651367e+03
1057,4.4676956534e-01,-4.4915515184e-01,-2.8035769463e+00,7.9706264648e+03
1058,4.4654321671e-01,-4.4882404804e-01,-2.9129850864e+00,7.9689819336e+03
1059,4.4664332271e-01,-4.4900590181e-01,-2.8688120842e+00,7.9673491211e+03
1060,4.4638636708e-01,-4.4902312756e-01,-2.8830277920e+00,7.9657089844e+03
1061,4.4628432393e-01,-4.4871091843e-01,-2.8002214432e+00,7.9640800781e+03
1062,4.4677761197e-01,-4.4854214787e-01,-2.6266992092e+00,7.9624355469e+03
1063,4.4697514176e-01,-4.4871550798e-01,-2.8237316608e+00,7.9608056641e+03
1064,4.4679313898e-01,-4.4897556305e-01,-3.0363419056e+00,7.9591689453e+03
1065,4.4636774063e-01,-4.4874519110e-01,-3.0061609745e+00,7.9575336914e+03
1066,4.4640880823e-01,-4.4824898243e-01,-2.8838307858e+00,7.9558984375e+03
1067,4.4699338078e-01,-4.4781804085e-01,-2.6811475754e+00,7.9542666016e+03
1068,4.4715255499e-01,-4.4758498669e-01,-2.7034716606e+00,7.9526289062e+03
1069,4.4683465362e-01,-4.4764319062e-01,-2.8938128948e+00,7.9509936523e+03
1070,4.4685763121e-01,-4.4800007343e-01,-3.0073158741e+00,7.9493598633e+03
1071,4.4696900249e-01,-4.4837078452e-01,-2.7411456108e+00,7.9477285156e+03
1072,4.4681441784e-01,-4.4835641980e-01,-2.6660287380e+00,7.9460957031e+03
1073,4.4643929601e-01,-4.4765970111e-01,-2.5377712250e+00,7.9444648438e+03
1074,4.4628274441e-01,-4.4673550129e-01,-2.6387979984e+00,7.9428330078e+03
1075,4.4679906964e-01,-4.4676867127e-01,-2.6007711887e+00,7.9412016602e+03
1076,4.4740217924e-01,-4.4759395719e-01,-2.6150786877e+00,7.9395693359e+03
1077,4.4688606262e-01,-4.4776234031e-01,-2.6249909401e+00,7.9379384766e+03
1078,4.4603505731e-01,-4.4747731090e-01,-2.7882192135e+00,7.9363071289e+03
1079,4.4600024819e-01,-4.4732770324e-01,-2.8232350349e+00,7.9346767578e+03
1080,4.4611555338e-01,-4.4739422202e-01,-2.8215024471e+00,7.9330473633e+03
1081,4.4610339403e-01,-4.4785436988e-01,-2.7661266327e+00,7.9314174805e+03
1082,4.4585421681e-01,-4.4788122177e-01,-2.6684694290e+00,7.9297905273e+03
1083,4.4534003735e-01,-4.4747191668e-01,-2.9189000130e+00,7.9281640625e+03
1084,4.4544935226e-01,-4.4722965360e-01,-2.9208950996e+00,7.9265307617e+03
1085,4.4603177905e-01,-4.4739049673e-01,-2.8462858200e+00,7.9249135742e+03
1086,4.4611397386e-01,-4.4739648700e-01,-2.6837379932e+00,7.9232768555e+03
1087,4.4570803642e-01,-4.4740000367e-01,-2.6139712334e+00,7.9216611328e+03
1088,4.4557443261e-01,-4.4756814837e-01,-2.5841593742e+00,7.9200327148e+03
1089,4.4549459219e-01,-4.4750767946e-01,-2.5486862659e+00,7.9184072266e+03
1090,4.4536197186e-01,-4.4704699516e-01,-2.6170315742e+00,7.9167797852e+03
1091,4.4553428888e-01,-4.4651609659e-01,-2.8627402782e+00,7.9151567383e+03
1092,4.4587162137e-01,-4.4691807032e-01,-2.9808464050e+00,7.9135312500e+03
1093,4.4592013955e-01,-4.4769200683e-01,-2.8282063007e+00,7.9119116211e+03
1094,4.4529667497e-01,-4.4760984182e-01,-2.7574131489e+00,7.9102846680e+03
1095,4.4476372004e-01,-4.4691881537e-01,-2.4626591206e+00,7.9086684570e+03
1096,4.4500878453e-01,-4.4650399685e-01,-2.5613520145e+00,7.9070463867e+03
1097,4.4532170892e-01,-4.4639119506e-01,-2.2760405540e+00,7.9054257812e+03
1098,4.4522342086e-01,-4.4616872072e-01,-2.6458292007e+00,7.9038007812e+03
1099,4.4513785839e-01,-4.4626939297e-01,-2.7706472874e+00,7.9021821289e+03
1100,4.4524183869e-01,-4.4692662358e-01,-2.8601043224e+00,7.9005595703e+03
1101,4.4506007433e-01,-4.4707503915e-01,-2.6749324799e+00,7.8989384766e+03
1102,4.4467568398e-01,-4.4669789076e-01,-2.6863710880e+00,7.8973203125e+03
1103,4.4472414255e-01,-4.4653087854e-01,-2.6161274910e+00,7.8957026367e+03
1104,4.4494572282e-01,-4.4652754068e-01,-2.5693948269e+00,7.8940795898e+03
1105,4.4479086995e-01,-4.4624969363e-01,-2.3826720715e+00,7.8924628906e+03
1106,4.4455814362e-01,-4.4640693069e-01,-2.5381505489e+00,7.8908417969e+03
1107,4.4460025430e-01,-4.4663575292e-01,-2.8171603680e+00,7.8892250977e+03
1108,4.4431793690e-01,-4.4622096419e-01,-2.9267613888e+00,7.8876079102e+03
1109,4.4410246611e-01,-4.4595876336e-01,-2.6422476768e+00,7.8859916992e+03
1110,4.4450244308e-01,-4.4597196579e-01,-2.4883317947e+00,7.8843774414e+03
1111,4.4462963939e-01,-4.4583833218e-01,-2.5865080357e+00,7.8827602539e+03
1112,4.4445261359e-01,-4.4567042589e-01,-2.5957996845e+00,7.8811469727e+03
1113,4.4467973709e-01,-4.4598257542e-01,-2.5884459019e+00,7.8795268555e+03
1114,4.4500440359e-01,-4.4618272781e-01,-2.6038167477e+00,7.8779199219e+03
1115,4.4471791387e-01,-4.4607314467e-01,-2.3007714748e+00,7.8763041992e+03
1116,4.4433909655e-01,-4.4601571560e-01,-2.4771671295e+00,7.8746860352e+03
1117,4.4407457113e-01,-4.4574934244e-01,-2.5924265385e+00,7.8730751953e+03
1118,4.4376337528e-01,-4.4526502490e-01,-2.6936018467e+00,7.8714604492e+03
1119,4.4413298368e-01,-4.4530743361e-01,-2.8621284962e+00,7.8698452148e+03
1120,4.4475877285e-01,-4.4566202164e-01,-2.7418546677e+00,7.8682353516e+03
1121,4.4466871023e-01,-4.4576472044e-01,-2.5134727955e+00,7.8666196289e+03
1122,4.4420784712e-01,-4.4566199183e-01,-2.5297596455e+00,7.8650112305e+03
1123,4.4404920936e-01,-4.4543683529e-01,-2.4539237022e+00,7.8634042969e+03
1124,4.4413703680e-01,-4.4527277350e-01,-2.5714282990e+00,7.8617905273e+03
1125,4.4435960054e-01,-4.4559422135e-01,-2.6209979057e+00,7.8601816406e+03
1126,4.4430747628e-01,-4.4565144181e-01,-2.6732335091e+00,7.8585678711e+03
1127,4.4382470846e-01,-4.4559654593e-01,-2.5633239746e+00,7.8569575195e+03
1128,4.4361671805e-01,-4.4551101327e-01,-2.7754168510e+00,7.8553525391e+03
1129,4.4380071759e-01,-4.4514274597e-01,-2.7042415142e+00,7.8537392578e+03
1130,4.4383922219e-01,-4.4470128417e-01,-2.5194857121e+00,7.8521323242e+03
1131,4.4401952624e-01,-4.4481655955e-01,-2.2838847637e+00,7.8505283203e+03
1132,4.4420436025e-01,-4.4524732232e-01,-2.4194145203e+00,7.8489218750e+03
1133,4.4395804405e-01,-4.4536027312e-01,-2.5425577164e+00,7.8473154297e+03
1134,4.4356858730e-01,-4.4502136111e-01,-2.6562278271e+00,7.8457026367e+03
1135,4.4375908375e-01,-4.4506597519e-01,-2.5486323833e+00,7.8440971680e+03
1136,4.4407770038e-01,-4.4547867775e-01,-2.3352329731e+00,7.8424921875e+03
1137,4.4357410073e-01,-4.4503915310e-01,-2.4023909569e+00,7.8408886719e+03
1138,4.4295868278e-01,-4.4460189342e-01,-2.5470771790e+00,7.8392861328e+03
1139,4.4320529699e-01,-4.4500279427e-01,-2.6840727329e+00,7.8376767578e+03
1140,4.4336950779e-01,-4.4511485100e-01,-2.6170339584e+00,7.8360698242e+03
1141,4.4316336513e-01,-4.4464895129e-01,-2.4894711971e+00,7.8344702148e+03
1142,4.4350439310e-01,-4.4458064437e-01,-2.5513751507e+00,7.8328632812e+03
1143,4.4404250383e-01,-4.4486036897e-01,-2.4899122715e+00,7.8312617188e+03
1144,4.4379940629e-01,-4.4486564398e-01,-2.5714480877e+00,7.8296586914e+03
1145,4.4332277775e-01,-4.4504240155e-01,-2.3387243748e+00,7.8280615234e+03
1146,4.4313013554e-01,-4.4520992041e-01,-2.3882107735e+00,7.8264589844e+03
1147,4.4266450405e-01,-4.4495120645e-01,-2.3184168339e+00,7.8248540039e+03
1148,4.4230076671e-01,-4.4453772902e-01,-2.4850909710e+00,7.8232495117e+03
1149,4.4245931506e-01,-4.4425469637e-01,-2.5754837990e+00,7.8216586914e+03
1150,4.4271489978e-01,-4.4431620836e-01,-2.5969817638e+00,7.8200541992e+03
1151,4.4287091494e-01,-4.4484135509e-01,-2.4822223186e+00,7.8184531250e+03
1152,4.4288009405e-01,-4.4505819678e-01,-2.1579225063e+00,7.8168554688e+03
1153,4.4240608811e-01,-4.4463896751e-01,-2.3279838562e+00,7.8152573242e+03
1154,4.4230365753e-01,-4.4432529807e-01,-2.1753222942e+00,7.8136533203e+03
1155,4.4254964590e-01,-4.4403284788e-01,-2.3123326302e+00,7.8120561523e+03
1156,4.4239255786e-01,-4.4360429049e-01,-2.5486798286e+00,7.8104609375e+03
1157,4.4252651930e-01,-4.4334200025e-01,-2.8667116165e+00,7.8088603516e+03
1158,4.4296446443e-01,-4.4350990653e-01,-2.5636992455e+00,7.8072690430e+03
1159,4.4316774607e-01,-4.4370943308e-01,-2.3729677200e+00,7.8056679688e+03
1160,4.4300603867e-01,-4.4369050860e-01,-2.1451976299e+00,7.8040776367e+03
1161,4.4270449877e-01,-4.4382253289e-01,-2.3257889748e+00,7.8024809570e+03
1162,4.4251292944e-01,-4.4414094090e-01,-2.3537871838e+00,7.8008837891e+03
1163,4.4209983945e-01,-4.4412702322e-01,-2.4539825916e+00,7.7992949219e+03
1164,4.4160562754e-01,-4.4394731522e-01,-2.3714120388e+00,7.7976958008e+03
1165,4.4174030423e-01,-4.4425535202e-01,-2.2351844311e+00,7.7961005859e+03
1166,4.4184860587e-01,-4.4449508190e-01,-2.1648955345e+00,7.7945102539e+03
1167,4.4129765034e-01,-4.4400554895e-01,-2.5112814903e+00,7.7929125977e+03
1168,4.4098177552e-01,-4.4341793656e-01,-2.5950438976e+00,7.7913198242e+03
1169,4.4144919515e-01,-4.4356524944e-01,-2.6843869686e+00,7.7897265625e+03
1170,4.4201630354e-01,-4.4393235445e-01,-2.4737675190e+00,7.7881323242e+03
1171,4.4213891029e-01,-4.4366562366e-01,-2.3704152107e+00,7.7865419922e+03
1172,4.4197368622e-01,-4.4341468811e-01,-2.0632135868e+00,7.7849570312e+03
1173,4.4197353721e-01,-4.4337928295e-01,-2.1786923409e+00,7.7833623047e+03
1174,4.4155603647e-01,-4.4309186935e-01,-2.3090856075e+00,7.7817709961e+03
1175,4.4143119454e-01,-4.4339093566e-01,-2.5663182735e+00,7.7801796875e+03
1176,4.4170027971e-01,-4.4383248687e-01,-2.5492868423e+00,7.7785878906e+03
1177,4.4146236777e-01,-4.4372120500e-01,-2.4095606804e+00,7.7770000000e+03
1178,4.4112449884e-01,-4.4332212210e-01,-2.0915904045e+00,7.7754111328e+03
1179,4.4118133187e-01,-4.4273361564e-01,-2.2258272171e+00,7.7738198242e+03
1180,4.4127178192e-01,-4.4235479832e-01,-2.3894348145e+00,7.7722265625e+03
1181,4.4157409668e-01,-4.4261965156e-01,-2.6182711124e+00,7.7706450195e+03
1182,4.4187033176e-01,-4.4338631630e-01,-2.5336966515e+00,7.7690556641e+03
1183,4.4169053435e-01,-4.4333118200e-01,-2.1870183945e+00,7.7674707031e+03
1184,4.4136250019e-01,-4.4325536489e-01,-2.3126313686e+00,7.7658813477e+03
1185,4.4135418534e-01,-4.4329845905e-01,-2.3409945965e+00,7.7642988281e+03
1186,4.4117233157e-01,-4.4271779060e-01,-2.3665308952e+00,7.7627104492e+03
1187,4.4105926156e-01,-4.4223567843e-01,-2.2642393112e+00,7.7611225586e+03
1188,4.4169563055e-01,-4.4265350699e-01,-2.3916456699e+00,7.7595415039e+03
1189,4.4184702635e-01,-4.4293528795e-01,-2.3832898140e+00,7.7579550781e+03
1190,4.4115316868e-01,-4.4273641706e-01,-2.1765122414e+00,7.7563735352e+03
1191,4.4072294235e-01,-4.4240170717e-01,-1.9832262993e+00,7.7547910156e+03
1192,4.4083029032e-01,-4.4196689129e-01,-2.1333637238e+00,7.7532011719e+03
1193,4.4100347161e-01,-4.4229125977e-01,-2.5160896778e+00,7.7516279297e+03
1194,4.4117501378e-01,-4.4300657511e-01,-2.4548950195e+00,7.7500380859e+03
1195,4.4072207808e-01,-4.4287949800e-01,-2.2697486877e+00,7.7484580078e+03
1196,4.4026720524e-01,-4.4250684977e-01,-1.8541225195e+00,7.7468779297e+03
1197,4.4053223729e-01,-4.4259867072e-01,-1.9618719816e+00,7.7452958984e+03
1198,4.4055339694e-01,-4.4252988696e-01,-2.2872509956e+00,7.7437133789e+03
1199,4.4013351202e-01,-4.4245600700e-01,-2.2446751595e+00,7.7421313477e+03
1200,4.4002228975e-01,-4.4246742129e-01,-2.1916861534e+00,7.7405444336e+03
1201,4.3994185328e-01,-4.4183257222e-01,-2.0355789661e+00,7.7389672852e+03
1202,4.3999704719e-01,-4.4101318717e-01,-2.2093625069e+00,7.7373886719e+03
1203,4.4059383869e-01,-4.4128727913e-01,-2.4028697014e+00,7.7358120117e+03
1204,4.4119742513e-01,-4.4211649895e-01,-2.5484428406e+00,7.7342294922e+03
1205,4.4079235196e-01,-4.4228276610e-01,-2.5183219910e+00,7.7326542969e+03
1206,4.4004946947e-01,-4.4208246469e-01,-2.3076200485e+00,7.7310756836e+03
1207,4.3995726109e-01,-4.4198071957e-01,-1.9933464527e+00,7.7295004883e+03
1208,4.4013673067e-01,-4.4154506922e-01,-1.9213885069e+00,7.7279228516e+03
1209,4.4007122517e-01,-4.4101750851e-01,-2.0924077034e+00,7.7263447266e+03
1210,4.4023063779e-01,-4.4095498323e-01,-2.3961727619e+00,7.7247724609e+03
1211,4.4061774015e-01,-4.4143950939e-01,-2.3320205212e+00,7.7231889648e+03
1212,4.4059869647e-01,-4.4172710180e-01,-2.2270936966e+00,7.7216123047e+03
1213,4.3999627233e-01,-4.4143030047e-01,-2.2186191082e+00,7.7200351562e+03
1214,4.3974614143e-01,-4.4120457768e-01,-2.1141703129e+00,7.7184677734e+03
1215,4.3993639946e-01,-4.4145432115e-01,-2.3795356750e+00,7.7168896484e+03
1216,4.4020411372e-01,-4.4174367189e-01,-2.1375913620e+00,7.7153139648e+03
1217,4.4021722674e-01,-4.4157865644e-01,-1.9349623919e+00,7.7137382812e+03
1218,4.3988925219e-01,-4.4108226895e-01,-1.8576856852e+00,7.7121650391e+03
1219,4.3974170089e-01,-4.4060128927e-01,-1.8965400457e+00,7.7105908203e+03
1220,4.3979096413e-01,-4.4027876854e-01,-2.2755758762e+00,7.7090180664e+03
1221,4.4014561176e-01,-4.4031068683e-01,-2.4286122322e+00,7.7074438477e+03
1222,4.4031023979e-01,-4.4043311477e-01,-2.4023067951e+00,7.7058764648e+03
1223,4.4004604220e-01,-4.4080001116e-01,-2.1287722588e+00,7.7042968750e+03
1224,4.3971043825e-01,-4.4118037820e-01,-2.1496481895e+00,7.7027304688e+03
1225,4.3930017948e-01,-4.4082313776e-01,-2.3396778107e+00,7.7011577148e+03
1226,4.3921339512e-01,-4.4017070532e-01,-2.3584818840e+00,7.6995859375e+03
1227,4.3980595469e-01,-4.4007995725e-01,-2.0975792408e+00,7.6980146484e+03
1228,4.4027653337e-01,-4.4018158317e-01,-2.1774196625e+00,7.6964472656e+03
1229,4.4017037749e-01,-4.4012850523e-01,-2.1530356407e+00,7.6948774414e+03
1230,4.3994766474e-01,-4.4036555290e-01,-2.1090188026e+00,7.6933066406e+03
1231,4.3985939026e-01,-4.4071525335e-01,-2.2593767643e+00,7.6917426758e+03
1232,4.3939006329e-01,-4.4054943323e-01,-2.2379691601e+00,7.6901723633e+03
1233,4.3902298808e-01,-4.4046071172e-01,-2.1227359772e+00,7.6886093750e+03
1234,4.3930581212e-01,-4.4050359726e-01,-2.1690540314e+00,7.6870371094e+03
1235,4.3936964869e-01,-4.4041326642e-01,-2.0611624718e+00,7.6854731445e+03
1236,4.3915465474e-01,-4.4051659107e-01,-2.0320112705e+00,7.6839033203e+03
1237,4.3900534511e-01,-4.4052627683e-01,-2.2184698582e+00,7.6823369141e+03
1238,4.3868046999e-01,-4.4012340903e-01,-2.2449061871e+00,7.6807724609e+03
1239,4.3861505389e-01,-4.3978998065e-01,-1.9937020540e+00,7.6792080078e+03
1240,4.3907654285e-01,-4.4004550576e-01,-2.1055645943e+00,7.6776425781e+03
1241,4.3928134441e-01,-4.4012814760e-01,-2.1087191105e+00,7.6760747070e+03
1242,4.3894505501e-01,-4.3982917070e-01,-1.9863255024e+00,7.6745126953e+03
1243,4.3873757124e-01,-4.3999862671e-01,-2.0744552612e+00,7.6729443359e+03
1244,4.3872717023e-01,-4.4065126777e-01,-2.0519812107e+00,7.6713847656e+03
1245,4.3813794851e-01,-4.4036027789e-01,-2.0159196854e+00,7.6698149414e+03
1246,4.3756306171e-01,-4.3954887986e-01,-2.1206445694e+00,7.6682553711e+03
1247,4.3798640370e-01,-4.3949696422e-01,-2.1650254726e+00,7.6666938477e+03
1248,4.3864870071e-01,-4.4006341696e-01,-2.1152706146e+00,7.6651284180e+03
1249,4.3843683600e-01,-4.4025287032e-01,-2.1117446423e+00,7.6635664062e+03
1250,4.3774577975e-01,-4.3952882290e-01,-1.9977276325e+00,7.6620009766e+03
1251,4.3773052096e-01,-4.3897897005e-01,-2.1299788952e+00,7.6604423828e+03
1252,4.3840700388e-01,-4.3902367353e-01,-2.0651080608e+00,7.6588784180e+03
1253,4.3858763576e-01,-4.3919095397e-01,-1.9923082590e+00,7.6573203125e+03
1254,4.3825590611e-01,-4.3919244409e-01,-2.1181604862e+00,7.6557631836e+03
1255,4.3807253242e-01,-4.3905448914e-01,-1.9561181068e+00,7.6541997070e+03
1256,4.3804419041e-01,-4.3924131989e-01,-1.9464718103e+00,7.6526425781e+03
1257,4.3806323409e-01,-4.3968594074e-01,-2.0481324196e+00,7.6510839844e+03
1258,4.3785360456e-01,-4.3968930840e-01,-1.9781498909e+00,7.6495268555e+03
1259,4.3737769127e-01,-4.3918910623e-01,-2.1442997456e+00,7.6479687500e+03
1260,4.3744966388e-01,-4.3880644441e-01,-1.8730335236e+00,7.6464072266e+03
1261,4.3768879771e-01,-4.3853434920e-01,-1.9021177292e+00,7.6448525391e+03
1262,4.3771949410e-01,-4.3855679035e-01,-2.1921296120e+00,7.6432944336e+03
1263,4.3780487776e-01,-4.3901261687e-01,-2.2748827934e+00,7.6417377930e+03
1264,4.3788322806e-01,-4.3949821591e-01,-2.2629117966e+00,7.6401796875e+03
1265,4.3763422966e-01,-4.3958529830e-01,-2.0518853664e+00,7.6386191406e+03
1266,4.3714374304e-01,-4.3928876519e-01,-1.8245100975e+00,7.6370742188e+03
1267,4.3701499701e-01,-4.3914386630e-01,-1.9640913010e+00,7.6355117188e+03
1268,4.3724533916e-01,-4.3933272362e-01,-1.9902873039e+00,7.6339599609e+03
1269,4.3717700243e-01,-4.3956583738e-01,-2.1120741367e+00,7.6324047852e+03
1270,4.3676328659e-01,-4.3924063444e-01,-1.9531220198e+00,7.6308466797e+03
1271,4.3646216393e-01,-4.3855836987e-01,-2.0111124516e+00,7.6292968750e+03
1272,4.3673589826e-01,-4.3814027309e-01,-1.9893279076e+00,7.6277460938e+03
1273,4.3740826845e-01,-4.3853351474e-01,-1.9407328367e+00,7.6261918945e+03
1274,4.3764221668e-01,-4.3890738487e-01,-1.8909640312e+00,7.6246435547e+03
1275,4.3691670895e-01,-4.3880847096e-01,-2.0236146450e+00,7.6230898438e+03
1276,4.3647414446e-01,-4.3863099813e-01,-2.0687808990e+00,7.6215405273e+03
1277,4.3675568700e-01,-4.3886938691e-01,-2.0361235142e+00,7.6199877930e+03
1278,4.3700432777e-01,-4.3933340907e-01,-1.8845781088e+00,7.6184375000e+03
1279,4.3672519922e-01,-4.3917852640e-01,-1.8988606930e+00,7.6168847656e+03
1280,4.3609187007e-01,-4.3823257089e-01,-1.7030309439e+00,7.6153383789e+03
1281,4.3619418144e-01,-4.3757811189e-01,-1.8601825237e+00,7.6137890625e+03
1282,4.3708956242e-01,-4.3824443221e-01,-1.9075052738e+00,7.6122397461e+03
1283,4.3746691942e-01,-4.3898919225e-01,-1.9920686483e+00,7.6106855469e+03
1284,4.3643563986e-01,-4.3853685260e-01,-1.8900725842e+00,7.6091396484e+03
1285,4.3581873178e-01,-4.3796193600e-01,-2.0153589249e+00,7.6075917969e+03
1286,4.3645781279e-01,-4.3790671229e-01,-1.9848054647e+00,7.6060424805e+03
1287,4.3697771430e-01,-4.3818697333e-01,-2.0343534946e+00,7.6044946289e+03
1288,4.3687185645e-01,-4.3868380785e-01,-1.8774966002e+00,7.6029462891e+03
1289,4.3629571795e-01,-4.3851026893e-01,-1.9164592028e+00,7.6013999023e+03
1290,4.3555486202e-01,-4.3757030368e-01,-1.7778379917e+00,7.5998530273e+03
1291,4.3578523397e-01,-4.3720698357e-01,-1.7271130085e+00,7.5983032227e+03
1292,4.3663027883e-01,-4.3769475818e-01,-1.7620432377e+00,7.5967558594e+03
1293,4.3654680252e-01,-4.3785327673e-01,-1.6375674009e+00,7.5952109375e+03
1294,4.3575733900e-01,-4.3768355250e-01,-1.5781253576e+00,7.5936674805e+03
1295,4.3553322554e-01,-4.3752574921e-01,-1.8619025946e+00,7.5921215820e+03
1296,4.3574884534e-01,-4.3727719784e-01,-1.9788190126e+00,7.5905820312e+03
1297,4.3592172861e-01,-4.3710160255e-01,-2.0461783409e+00,7.5890322266e+03
1298,4.3618497252e-01,-4.3693938851e-01,-2.0638871193e+00,7.5874897461e+03
1299,4.3637770414e-01,-4.3711024523e-01,-1.6825830936e+00,7.5859438477e+03
1300,4.3643394113e-01,-4.3742668629e-01,-1.6362298727e+00,7.5844047852e+03
1301,4.3602994084e-01,-4.3734583259e-01,-1.7954319715e+00,7.5828613281e+03
1302,4.3555855751e-01,-4.3723255396e-01,-1.9128367901e+00,7.5813208008e+03
1303,4.3534442782e-01,-4.3729242682e-01,-1.9399998188e+00,7.5797768555e+03
1304,4.3520927429e-01,-4.3726208806e-01,-1.8866647482e+00,7.5782329102e+03
1305,4.3507972360e-01,-4.3683013320e-01,-1.6952886581e+00,7.5766923828e+03
1306,4.3516385555e-01,-4.3635523319e-01,-1.8050599098e+00,7.5751606445e+03
1307,4.3540212512e-01,-4.3635737896e-01,-1.9022048712e+00,7.5736118164e+03
1308,4.3554550409e-01,-4.3667504191e-01,-1.7359467745e+00,7.5720717773e+03
1309,4.3537285924e-01,-4.3693196774e-01,-1.7276535034e+00,7.5705307617e+03
1310,4.3507656455e-01,-4.3690246344e-01,-1.8986577988e+00,7.5689960938e+03
1311,4.3506854773e-01,-4.3650737405e-01,-1.9264982939e+00,7.5674570312e+03
1312,4.3531090021e-01,-4.3645331264e-01,-1.7182574272e+00,7.5659155273e+03
1313,4.3545585871e-01,-4.3663200736e-01,-1.7169524431e+00,7.5643764648e+03
1314,4.3518176675e-01,-4.3661129475e-01,-1.6735912561e+00,7.5628403320e+03
1315,4.3474975228e-01,-4.3607038260e-01,-1.8247524500e+00,7.5612998047e+03
1316,4.3471601605e-01,-4.3576845527e-01,-1.9195114374e+00,7.5597666016e+03
1317,4.3516433239e-01,-4.3612772226e-01,-1.8570383787e+00,7.5582304688e+03
1318,4.3535053730e-01,-4.3675333261e-01,-1.8767281771e+00,7.5566977539e+03
1319,4.3485614657e-01,-4.3669810891e-01,-1.8871700764e+00,7.5551552734e+03
1320,4.3437510729e-01,-4.3630063534e-01,-1.8527166843e+00,7.5536215820e+03
1321,4.3458500504e-01,-4.3573743105e-01,-1.6909871101e+00,7.5520849609e+03
1322,4.3511709571e-01,-4.3570244312e-01,-1.4582093954e+00,7.5505527344e+03
1323,4.3519258499e-01,-4.3572580814e-01,-1.7171361446e+00,7.5490180664e+03
1324,4.3483495712e-01,-4.3558281660e-01,-1.9677346945e+00,7.5474833984e+03
1325,4.3465828896e-01,-4.3604612350e-01,-2.0788881779e+00,7.5459492188e+03
1326,4.3481034040e-01,-4.3669867516e-01,-1.9261076450e+00,7.5444150391e+03
1327,4.3462967873e-01,-4.3690323830e-01,-1.4652850628e+00,7.5428823242e+03
1328,4.3412342668e-01,-4.3636950850e-01,-1.4315406084e+00,7.5413505859e+03
1329,4.3369305134e-01,-4.3556270003e-01,-1.4459128380e+00,7.5398178711e+03
1330,4.3392059207e-01,-4.3550011516e-01,-1.7835659981e+00,7.5382846680e+03
1331,4.3456223607e-01,-4.3637731671e-01,-2.0200729370e+00,7.5367500000e+03
1332,4.3461078405e-01,-4.3673875928e-01,-2.0636448860e+00,7.5352231445e+03
1333,4.3384370208e-01,-4.3625056744e-01,-1.7918620110e+00,7.5336938477e+03
1334,4.3377155066e-01,-4.3617358804e-01,-1.5816161633e+00,7.5321547852e+03
1335,4.3423315883e-01,-4.3628913164e-01,-1.6223717928e+00,7.5306284180e+03
1336,4.3417468667e-01,-4.3583667278e-01,-1.5978077650e+00,7.5290957031e+03
1337,4.3399453163e-01,-4.3511956930e-01,-1.6152063608e+00,7.5275722656e+03
1338,4.3437165022e-01,-4.3488278985e-01,-1.7918666601e+00,7.5260424805e+03
1339,4.3460461497e-01,-4.3508577347e-01,-1.8089722395e+00,7.5245131836e+03
1340,4.3433126807e-01,-4.3545573950e-01,-1.7437051535e+00,7.5229829102e+03
1341,4.3395975232e-01,-4.3558806181e-01,-1.6230051517e+00,7.5214487305e+03
1342,4.3365651369e-01,-4.3525841832e-01,-1.8039163351e+00,7.5199218750e+03
1343,4.3375346065e-01,-4.3512547016e-01,-1.9873369932e+00,7.5184008789e+03
1344,4.3437251449e-01,-4.3534851074e-01,-1.9697197676e+00,7.5168701172e+03
1345,4.3452253938e-01,-4.3545332551e-01,-1.6724445820e+00,7.5153491211e+03
1346,4.3412834406e-01,-4.3539616466e-01,-1.4640089273e+00,7.5138188477e+03
1347,4.3391576409e-01,-4.3520963192e-01,-1.3855515718e+00,7.5122929688e+03
1348,4.3373709917e-01,-4.3468701839e-01,-1.5883511305e+00,7.5107700195e+03
1349,4.3369615078e-01,-4.3450215459e-01,-1.6446377039e+00,7.5092485352e+03
1350,4.3400254846e-01,-4.3499243259e-01,-1.8136361837e+00,7.5077182617e+03
1351,4.3401613832e-01,-4.3523722887e-01,-1.5756003857e+00,7.5061928711e+03
1352,4.3358021975e-01,-4.3475496769e-01,-1.4675536156e+00,7.5046694336e+03
1353,4.3343016505e-01,-4.3419238925e-01,-1.5376263857e+00,7.5031469727e+03
1354,4.3365705013e-01,-4.3407386541e-01,-1.8431223631e+00,7.5016230469e+03
1355,4.3383833766e-01,-4.3443441391e-01,-1.8363060951e+00,7.5001064453e+03
1356,4.3361833692e-01,-4.3483492732e-01,-1.7847179174e+00,7.4985786133e+03
1357,4.3341189623e-01,-4.3472254276e-01,-1.7067253590e+00,7.4970605469e+03
1358,4.3332198262e-01,-4.3459376693e-01,-1.5508483648e+00,7.4955385742e+03
1359,4.3334230781e-01,-4.3465718627e-01,-1.5993285179e+00,7.4940141602e+03
1360,4.3319141865e-01,-4.3460240960e-01,-1.4317870140e+00,7.4924892578e+03
1361,4.3287360668e-01,-4.3433281779e-01,-1.5333784819e+00,7.4909750977e+03
1362,4.3285089731e-01,-4.3427538872e-01,-1.5824679136e+00,7.4894511719e+03
1363,4.3312227726e-01,-4.3431293964e-01,-1.7378035784e+00,7.4879370117e+03
1364,4.3314886093e-01,-4.3409630656e-01,-1.6956906319e+00,7.4864135742e+03
1365,4.3301633000e-01,-4.3369987607e-01,-1.6573088169e+00,7.4848925781e+03
1366,4.3308067322e-01,-4.3356895447e-01,-1.5428195000e+00,7.4833798828e+03
1367,4.3318593502e-01,-4.3407335877e-01,-1.5581921339e+00,7.4818618164e+03
1368,4.3304276466e-01,-4.3440583348e-01,-1.5673782825e+00,7.4803388672e+03
1369,4.3245902658e-01,-4.3415641785e-01,-1.4941350222e+00,7.4788237305e+03
1370,4.3225389719e-01,-4.3432077765e-01,-1.5040019751e+00,7.4773061523e+03
1371,4.3254452944e-01,-4.3437066674e-01,-1.4388374090e+00,7.4757924805e+03
1372,4.3225035071e-01,-4.3365877867e-01,-1.6438726187e+00,7.4742744141e+03
1373,4.3215772510e-01,-4.3308988214e-01,-1.8527433872e+00,7.4727578125e+03
1374,4.3284159899e-01,-4.3337094784e-01,-1.7434954643e+00,7.4712431641e+03
1375,4.3343833089e-01,-4.3359637260e-01,-1.5358361006e+00,7.4697270508e+03
1376,4.3309354782e-01,-4.3363574147e-01,-1.3207699060e+00,7.4682128906e+03
1377,4.3265110254e-01,-4.3375375867e-01,-1.6023855209e+00,7.4667006836e+03
1378,4.3235316873e-01,-4.3378797174e-01,-1.7313166857e+00,7.4651845703e+03
1379,4.3210878968e-01,-4.3364080787e-01,-1.7828997374e+00,7.4636728516e+03
1380,4.3231111765e-01,-4.3356144428e-01,-1.5120861530e+00,7.4621572266e+03
1381,4.3252569437e-01,-4.3336811662e-01,-1.6038578749e+00,7.4606435547e+03
1382,4.3238931894e-01,-4.3321904540e-01,-1.5071735382e+00,7.4591293945e+03
1383,4.3227109313e-01,-4.3335732818e-01,-1.6701239347e+00,7.4576210938e+03
1384,4.3222212791e-01,-4.3332937360e-01,-1.6736264229e+00,7.4561054688e+03
1385,4.3213456869e-01,-4.3332681060e-01,-1.7873561382e+00,7.4545927734e+03
1386,4.3229594827e-01,-4.3376353383e-01,-1.7822091579e+00,7.4530844727e+03
1387,4.3244975805e-01,-4.3406826258e-01,-1.4703978300e+00,7.4515712891e+03
1388,4.3216833472e-01,-4.3357938528e-01,-1.0744689703e+00,7.4500659180e+03
1389,4.3181416392e-01,-4.3263646960e-01,-1.1386671066e+00,7.4485507812e+03
1390,4.3182367086e-01,-4.3232920766e-01,-1.3972958326e+00,7.4470415039e+03
1391,4.3197143078e-01,-4.3273031712e-01,-1.7366387844e+00,7.4455297852e+03
1392,4.3189328909e-01,-4.3308636546e-01,-1.7664949894e+00,7.4440200195e+03
1393,4.3184405565e-01,-4.3312749267e-01,-1.5523842573e+00,7.4425087891e+03
1394,4.3195068836e-01,-4.3313491344e-01,-1.4661637545e+00,7.4410058594e+03
1395,4.3194240332e-01,-4.3309727311e-01,-1.5184308290e+00,7.4394975586e+03
1396,4.3154609203e-01,-4.3262585998e-01,-1.4707913399e+00,7.4379868164e+03
1397,4.3134027719e-01,-4.3203911185e-01,-1.4157789946e+00,7.4364785156e+03
1398,4.3180394173e-01,-4.3209385872e-01,-1.7441254854e+00,7.4349775391e+03
1399,4.3243566155e-01,-4.3240317702e-01,-1.6638138294e+00,7.4334702148e+03
1400,4.3234032393e-01,-4.3260675669e-01,-1.4355459213e+00,7.4319604492e+03
1401,4.3196815252e-01,-4.3263629079e-01,-1.3305201530e+00,7.4304624023e+03
1402,4.3158993125e-01,-4.3244403601e-01,-1.2570586205e+00,7.4289570312e+03
1403,4.3126764894e-01,-4.3208584189e-01,-1.4566445351e+00,7.4274492188e+03
1404,4.3125179410e-01,-4.3199938536e-01,-1.6821564436e+00,7.4259477539e+03
1405,4.3148759007e-01,-4.3225094676e-01,-1.9220778942e+00,7.4244438477e+03
1406,4.3153938651e-01,-4.3242716789e-01,-1.7741885185e+00,7.4229399414e+03
1407,4.3129000068e-01,-4.3209576607e-01,-1.5513541698e+00,7.4214375000e+03
1408,4.3116575480e-01,-4.3203392625e-01,-1.4023820162e+00,7.4199340820e+03
1409,4.3142512441e-01,-4.3260622025e-01,-1.3209929466e+00,7.4184316406e+03
1410,4.3134891987e-01,-4.3257173896e-01,-1.3286554813e+00,7.4169248047e+03
1411,4.3052053452e-01,-4.3198594451e-01,-1.5272608995e+00,7.4154287109e+03
1412,4.3065235019e-01,-4.3188181520e-01,-1.4339104891e+00,7.4139287109e+03
1413,4.3107178807e-01,-4.3190047145e-01,-1.2285088301e+00,7.4124189453e+03
1414,4.3101567030e-01,-4.3187338114e-01,-1.3581634760e+00,7.4109194336e+03
1415,4.3082419038e-01,-4.3174549937e-01,-1.4161151648e+00,7.4094233398e+03
1416,4.3064898252e-01,-4.3138512969e-01,-1.4348955154e+00,7.4079213867e+03
1417,4.3053141236e-01,-4.3109843135e-01,-1.5461097956e+00,7.4064213867e+03
1418,4.3077421188e-01,-4.3131682277e-01,-1.4246978760e+00,7.4049213867e+03
1419,4.3095153570e-01,-4.3159672618e-01,-1.4454244375e+00,7.4034208984e+03
1420,4.3068143725e-01,-4.3141347170e-01,-1.6685138941e+00,7.4019277344e+03
1421,4.3045401573e-01,-4.3118798733e-01,-1.8030941486e+00,7.4004282227e+03
1422,4.3064525723e-01,-4.3127122521e-01,-1.7400114536e+00,7.3989296875e+03
1423,4.3083378673e-01,-4.3134897947e-01,-1.5893599987e+00,7.3974321289e+03
1424,4.3075281382e-01,-4.3132781982e-01,-1.4025752544e+00,7.3959384766e+03
1425,4.3055620790e-01,-4.3139097095e-01,-1.3902124166e+00,7.3944370117e+03
1426,4.3039655685e-01,-4.3150997162e-01,-1.3118185997e+00,7.3929438477e+03
1427,4.3031463027e-01,-4.3155786395e-01,-1.2775512934e+00,7.3914487305e+03
1428,4.3012776971e-01,-4.3131652474e-01,-1.3262739182e+00,7.3899467773e+03
1429,4.3009170890e-01,-4.3106657267e-01,-1.4475028515e+00,7.3884541016e+03
1430,4.3020597100e-01,-4.3091648817e-01,-1.6120610237e+00,7.3869565430e+03
1431,4.3027350307e-01,-4.3064814806e-01,-1.5020972490e+00,7.3854609375e+03
1432,4.3035757542e-01,-4.3032929301e-01,-1.2695434093e+00,7.3839687500e+03
1433,4.3039804697e-01,-4.3019220233e-01,-1.4618808031e+00,7.3824775391e+03
1434,4.3037739396e-01,-4.3048301339e-01,-1.3504872322e+00,7.3809848633e+03
1435,4.3028438091e-01,-4.3115296960e-01,-1.4185166359e+00,7.3794931641e+03
1436,4.2984580994e-01,-4.3106517196e-01,-1.5371838808e+00,7.3779936523e+03
1437,4.2925190926e-01,-4.3026107550e-01,-1.3905447721e+00,7.3765073242e+03
1438,4.2964091897e-01,-4.3020278215e-01,-1.3603940010e+00,7.3750107422e+03
1439,4.3032938242e-01,-4.3063578010e-01,-1.4541949034e+00,7.3735229492e+03
1440,4.3027770519e-01,-4.3067941070e-01,-1.3123124838e+00,7.3720273438e+03
1441,4.2997297645e-01,-4.3053305149e-01,-1.3797619343e+00,7.3705410156e+03
1442,4.2988434434e-01,-4.3012586236e-01,-1.3648046255e+00,7.3690463867e+03
1443,4.2981112003e-01,-4.2981219292e-01,-1.3153458834e+00,7.3675590820e+03
1444,4.2992690206e-01,-4.2985427380e-01,-1.4379556179e+00,7.3660659180e+03
1445,4.2989608645e-01,-4.2997744679e-01,-1.5279195309e+00,7.3645830078e+03
1446,4.2952546477e-01,-4.2977216840e-01,-1.6807396412e+00,7.3630908203e+03
1447,4.2957073450e-01,-4.2972794175e-01,-1.4382154942e+00,7.3616010742e+03
1448,4.2988210917e-01,-4.3025627732e-01,-1.1864546537e+00,7.3601127930e+03
1449,4.2986595631e-01,-4.3073245883e-01,-1.2924360037e+00,7.3586259766e+03
1450,4.2940539122e-01,-4.3061944842e-01,-1.3396522999e+00,7.3571303711e+03
1451,4.2897123098e-01,-4.3025633693e-01,-1.3707009554e+00,7.3556489258e+03
1452,4.2919811606e-01,-4.3030905724e-01,-1.3226082325e+00,7.3541616211e+03
1453,4.2937293649e-01,-4.3033611774e-01,-1.2925324440e+00,7.3526748047e+03
1454,4.2904335260e-01,-4.2995777726e-01,-1.3623905182e+00,7.3511879883e+03
1455,4.2885142565e-01,-4.2920449376e-01,-1.5114039183e+00,7.3497041016e+03
1456,4.2938727140e-01,-4.2895939946e-01,-1.6092183590e+00,7.3482202148e+03
1457,4.3020418286e-01,-4.2935127020e-01,-1.2706812620e+00,7.3467338867e+03
1458,4.3017518520e-01,-4.2958182096e-01,-1.3581607342e+00,7.3452495117e+03
1459,4.2932710052e-01,-4.2959246039e-01,-1.3399833441e+00,7.3437636719e+03
1460,4.2881551385e-01,-4.2916095257e-01,-1.5066663027e+00,7.3422802734e+03
1461,4.2898380756e-01,-4.2932280898e-01,-1.4990241528e+00,7.3407983398e+03
1462,4.2954155803e-01,-4.2999497056e-01,-1.6255991459e+00,7.3393173828e+03
1463,4.2941164970e-01,-4.2989197373e-01,-1.5626404285e+00,7.3378330078e+03
1464,4.2887106538e-01,-4.2957621813e-01,-1.4643275738e+00,7.3363437500e+03
1465,4.2900782824e-01,-4.2987555265e-01,-1.2249922752e+00,7.3348681641e+03
1466,4.2905446887e-01,-4.2971318960e-01,-1.2780332565e+00,7.3333891602e+03
1467,4.2844349146e-01,-4.2911112309e-01,-1.3212292194e+00,7.3319033203e+03
1468,4.2849057913e-01,-4.2936971784e-01,-1.5488862991e+00,7.3304228516e+03
1469,4.2890354991e-01,-4.2972227931e-01,-1.5778143406e+00,7.3289458008e+03
1470,4.2863187194e-01,-4.2951193452e-01,-1.5021445751e+00,7.3274633789e+03
1471,4.2849111557e-01,-4.2904224992e-01,-1.4347888231e+00,7.3259814453e+03
1472,4.2880511284e-01,-4.2841997743e-01,-1.3781436682e+00,7.3245048828e+03
1473,4.2929768562e-01,-4.2824950814e-01,-1.3654991388e+00,7.3230234375e+03
1474,4.2983362079e-01,-4.2903786898e-01,-1.2879045010e+00,7.3215458984e+03
1475,4.2956835032e-01,-4.2947769165e-01,-1.2866036892e+00,7.3200644531e+03
1476,4.2830228806e-01,-4.2908245325e-01,-1.4870827198e+00,7.3185947266e+03
1477,4.2767810822e-01,-4.2871886492e-01,-1.3768062592e+00,7.3171147461e+03
1478,4.2785277963e-01,-4.2908975482e-01,-1.4690160751e+00,7.3156391602e+03
1479,4.2794427276e-01,-4.2981901765e-01,-1.6570487022e+00,7.3141552734e+03
1480,4.2777419090e-01,-4.3020167947e-01,-1.5575779676e+00,7.3126840820e+03
1481,4.2739856243e-01,-4.2999503016e-01,-1.3688082695e+00,7.3112065430e+03
1482,4.2740228772e-01,-4.2950183153e-01,-1.5551445484e+00,7.3097294922e+03
1483,4.2759492993e-01,-4.2894691229e-01,-1.3548359871e+00,7.3082534180e+03
1484,4.2787846923e-01,-4.2875289917e-01,-1.2598148584e+00,7.3067822266e+03
1485,4.2822933197e-01,-4.2873308063e-01,-1.2078460455e+00,7.3053022461e+03
1486,4.2816135287e-01,-4.2840835452e-01,-1.4020514488e+00,7.3038281250e+03
1487,4.2799776793e-01,-4.2825701833e-01,-1.4346694946e+00,7.3023505859e+03
1488,4.2806860805e-01,-4.2883509398e-01,-1.5283741951e+00,7.3008779297e+03
1489,4.2808505893e-01,-4.2934423685e-01,-1.5739650726e+00,7.2994042969e+03
1490,4.2761507630e-01,-4.2883494496e-01,-1.2301265001e+00,7.2979306641e+03
1491,4.2716631293e-01,-4.2820608616e-01,-1.0796985626e+00,7.2964594727e+03
1492,4.2729231715e-01,-4.2797929049e-01,-1.1875892878e+00,7.2949912109e+03
1493,4.2741012573e-01,-4.2801758647e-01,-1.3636502028e+00,7.2935209961e+03
1494,4.2740303278e-01,-4.2807307839e-01,-1.3157966137e+00,7.2920478516e+03
1495,4.2741128802e-01,-4.2796629667e-01,-1.2716614008e+00,7.2905751953e+03
1496,4.2740634084e-01,-4.2801004648e-01,-1.2201169729e+00,7.2891044922e+03
1497,4.2716327310e-01,-4.2795708776e-01,-1.1396335363e+00,7.2876308594e+03
1498,4.2674294114e-01,-4.2783018947e-01,-1.3796206713e+00,7.2861572266e+03
1499,4.2669829726e-01,-4.2769140005e-01,-1.5547356606e+00,7.2846933594e+03
1500,4.2704638839e-01,-4.2767667770e-01,-1.6422024965e+00,7.2832236328e+03
1501,4.2727091908e-01,-4.2792260647e-01,-1.6418279409e+00,7.2817514648e+03
1502,4.2737692595e-01,-4.2828947306e-01,-1.7874248028e+00,7.2802822266e+03
1503,4.2719921470e-01,-4.2835268378e-01,-1.4895865917e+00,7.2788188477e+03
1504,4.2695665359e-01,-4.2753833532e-01,-1.3417893648e+00,7.2773505859e+03
1505,4.2700731754e-01,-4.2711031437e-01,-1.2462767363e+00,7.2758842773e+03
1506,4.2750641704e-01,-4.2765650153e-01,-1.4708302021e+00,7.2744125977e+03
1507,4.2751437426e-01,-4.2787748575e-01,-1.3306499720e+00,7.2729516602e+03
1508,4.2700505257e-01,-4.2799422145e-01,-1.3708837032e+00,7.2714848633e+03
1509,4.2705389857e-01,-4.2825493217e-01,-1.2822868824e+00,7.2700141602e+03
1510,4.2703080177e-01,-4.2832574248e-01,-1.3206975460e+00,7.2685571289e+03
1511,4.2663046718e-01,-4.2798024416e-01,-1.4647078514e+00,7.2670820312e+03
1512,4.2646944523e-01,-4.2791184783e-01,-1.3679543734e+00,7.2656215820e+03
1513,4.2667669058e-01,-4.2806968093e-01,-1.1105996370e+00,7.2641572266e+03
1514,4.2656767368e-01,-4.2797729373e-01,-1.1017612219e+00,7.2626972656e+03
1515,4.2603045702e-01,-4.2780411243e-01,-1.1461255550e+00,7.2612246094e+03
1516,4.2582634091e-01,-4.2760139704e-01,-1.4934576750e+00,7.2597656250e+03
1517,4.2585805058e-01,-4.2699152231e-01,-1.5989518166e+00,7.2583017578e+03
1518,4.2620065808e-01,-4.2633047700e-01,-1.4665811062e+00,7.2568398438e+03
1519,4.2677006125e-01,-4.2628639936e-01,-1.3846964836e+00,7.2553774414e+03
1520,4.2713150382e-01,-4.2680427432e-01,-1.4027209282e+00,7.2539145508e+03
1521,4.2702594399e-01,-4.2747369409e-01,-1.4343951941e+00,7.2524521484e+03
1522,4.2652091384e-01,-4.2776820064e-01,-1.3674942255e+00,7.2509907227e+03
1523,4.2614707351e-01,-4.2749366164e-01,-1.2190455198e+00,7.2495356445e+03
1524,4.2602187395e-01,-4.2692357302e-01,-1.0438346863e+00,7.2480732422e+03
1525,4.2603152990e-01,-4.2635256052e-01,-1.2138386965e+00,7.2466088867e+03
1526,4.2615863681e-01,-4.2598178983e-01,-1.4492489100e+00,7.2451499023e+03
1527,4.2651531100e-01,-4.2592206597e-01,-1.5643101931e+00,7.2436904297e+03
1528,4.2681801319e-01,-4.2614114285e-01,-1.5626333952e+00,7.2422294922e+03
1529,4.2704272270e-01,-4.2667862773e-01,-1.2234996557e+00,7.2407724609e+03
1530,4.2668315768e-01,-4.2679727077e-01,-1.3270779848e+00,7.2393115234e+03
1531,4.2604547739e-01,-4.2654567957e-01,-1.2260596752e+00,7.2378540039e+03
1532,4.2577552795e-01,-4.2652302980e-01,-1.1997342110e+00,7.2363999023e+03
1533,4.2589628696e-01,-4.2635345459e-01,-1.1749354601e+00,7.2349350586e+03
1534,4.2594873905e-01,-4.2580464482e-01,-1.1246514320e+00,7.2334702148e+03
1535,4.2606785893e-01,-4.2566624284e-01,-1.3827705383e+00,7.2320219727e+03
1536,4.2622730136e-01,-4.2626547813e-01,-1.4867649078e+00,7.2305605469e+03
1537,4.2601740360e-01,-4.2655131221e-01,-1.8421202898e+00,7.2291030273e+03
1538,4.2533847690e-01,-4.2606320977e-01,-1.7119445801e+00,7.2276542969e+03
1539,4.2537289858e-01,-4.2552787066e-01,-1.3397665024e+00,7.2261958008e+03
1540,4.2603275180e-01,-4.2561119795e-01,-1.1526694298e+00,7.2247382812e+03
1541,4.2627495527e-01,-4.2583122849e-01,-1.3911913633e+00,7.2232880859e+03
1542,4.2596766353e-01,-4.2570757866e-01,-1.6920170784e+00,7.2218281250e+03
1543,4.2578428984e-01,-4.2572194338e-01,-1.4787726402e+00,7.2203710938e+03
1544,4.2600825429e-01,-4.2600813508e-01,-1.2390621901e+00,7.2189169922e+03
1545,4.2586630583e-01,-4.2588621378e-01,-1.2680685520e+00,7.2174619141e+03
1546,4.2551642656e-01,-4.2554628849e-01,-1.4110535383e+00,7.2160078125e+03
1547,4.2546904087e-01,-4.2557886243e-01,-1.4024267197e+00,7.2145571289e+03
1548,4.2565664649e-01,-4.2594075203e-01,-1.2286324501e+00,7.2131025391e+03
1549,4.2549058795e-01,-4.2596891522e-01,-1.3489151001e+00,7.2116547852e+03
1550,4.2524138093e-01,-4.2568740249e-01,-1.2021675110e+00,7.2102021484e+03
1551,4.2543119192e-01,-4.2542928457e-01,-1.3862811327e+00,7.2087456055e+03
1552,4.2574858665e-01,-4.2486140132e-01,-1.3704793453e+00,7.2072968750e+03
1553,4.2594003677e-01,-4.2475444078e-01,-1.4104895592e+00,7.2058461914e+03
1554,4.2625972629e-01,-4.2540827394e-01,-1.3069071770e+00,7.2043945312e+03
1555,4.2607519031e-01,-4.2559063435e-01,-1.3719688654e+00,7.2029448242e+03
1556,4.2522361875e-01,-4.2532941699e-01,-1.3347176313e+00,7.2014921875e+03
1557,4.2498064041e-01,-4.2550721765e-01,-1.4535250664e+00,7.2000473633e+03
1558,4.2510944605e-01,-4.2577186227e-01,-1.4936329126e+00,7.1985952148e+03
1559,4.2484748363e-01,-4.2559826374e-01,-1.4652144909e+00,7.1971450195e+03
1560,4.2466798425e-01,-4.2524173856e-01,-1.2132788897e+00,7.1956953125e+03
1561,4.2485779524e-01,-4.2503860593e-01,-1.2317360640e+00,7.1942465820e+03
1562,4.2507657409e-01,-4.2489069700e-01,-1.2234588861e+00,7.1928017578e+03
1563,4.2512154579e-01,-4.2483541369e-01,-1.5018278360e+00,7.1913500977e+03
1564,4.2509484291e-01,-4.2483672500e-01,-1.6098839045e+00,7.1899106445e+03
1565,4.2492002249e-01,-4.2510160804e-01,-1.5435949564e+00,7.1884628906e+03
1566,4.2471376061e-01,-4.2539206147e-01,-1.4895172119e+00,7.1870151367e+03
1567,4.2466586828e-01,-4.2553162575e-01,-1.1841344833e+00,7.1855698242e+03
1568,4.2462709546e-01,-4.2528605461e-01,-1.2316880226e+00,7.1841250000e+03
1569,4.2449754477e-01,-4.2487877607e-01,-1.2555994987e+00,7.1826816406e+03
1570,4.2456662655e-01,-4.2502337694e-01,-1.3504805565e+00,7.1812343750e+03
1571,4.2469200492e-01,-4.2481166124e-01,-1.2128481865e+00,7.1797885742e+03
1572,4.2447584867e-01,-4.2379978299e-01,-1.1241941452e+00,7.1783437500e+03
1573,4.2456117272e-01,-4.2368420959e-01,-1.2981168032e+00,7.1769023438e+03
1574,4.2514327168e-01,-4.2438316345e-01,-1.5211411715e+00,7.1754619141e+03
1575,4.2495471239e-01,-4.2481493950e-01,-1.4925340414e+00,7.1740102539e+03
1576,4.2423856258e-01,-4.2484137416e-01,-1.4160696268e+00,7.1725668945e+03
1577,4.2397901416e-01,-4.2480170727e-01,-1.4039590359e+00,7.1711264648e+03
1578,4.2388072610e-01,-4.2476996779e-01,-1.4598789215e+00,7.1696806641e+03
1579,4.2378962040e-01,-4.2473047972e-01,-1.2564201355e+00,7.1682456055e+03
1580,4.2373132706e-01,-4.2425468564e-01,-1.2581077814e+00,7.1668041992e+03
1581,4.2385295033e-01,-4.2392823100e-01,-1.4082472324e+00,7.1653603516e+03
1582,4.2425668240e-01,-4.2420363426e-01,-1.4868352413e+00,7.1639169922e+03
1583,4.2458277941e-01,-4.2456698418e-01,-1.7073813677e+00,7.1624755859e+03
1584,4.2438581586e-01,-4.2456409335e-01,-1.5654294491e+00,7.1610400391e+03
1585,4.2428693175e-01,-4.2411643267e-01,-1.1607866287e+00,7.1595981445e+03
1586,4.2419177294e-01,-4.2368718982e-01,-1.2242096663e+00,7.1581611328e+03
1587,4.2410308123e-01,-4.2355665565e-01,-1.2783709764e+00,7.1567250977e+03
1588,4.2406791449e-01,-4.2383053899e-01,-1.1874512434e+00,7.1552827148e+03
1589,4.2368754745e-01,-4.2418131232e-01,-1.3491497040e+00,7.1538491211e+03
1590,4.2326027155e-01,-4.2415282130e-01,-1.3511918783e+00,7.1524067383e+03
1591,4.2320156097e-01,-4.2372995615e-01,-1.4578157663e+00,7.1509682617e+03
1592,4.2349752784e-01,-4.2363020778e-01,-1.5334635973e+00,7.1495307617e+03
1593,4.2400395870e-01,-4.2390793562e-01,-1.3891577721e+00,7.1480927734e+03
1594,4.2391818762e-01,-4.2397043109e-01,-1.3004317284e+00,7.1466547852e+03
1595,4.2343759537e-01,-4.2376139760e-01,-1.3794555664e+00,7.1452177734e+03
1596,4.2338171601e-01,-4.2345386744e-01,-1.4988167286e+00,7.1437807617e+03
1597,4.2359170318e-01,-4.2315933108e-01,-1.4106538296e+00,7.1423447266e+03
1598,4.2374065518e-01,-4.2327067256e-01,-1.4225424528e+00,7.1409096680e+03
1599,4.2374920845e-01,-4.2358666658e-01,-1.4006862640e+00,7.1394765625e+03
1600,4.2355138063e-01,-4.2374050617e-01,-1.3702789545e+00,7.1380390625e+03
1601,4.2306348681e-01,-4.2336750031e-01,-1.2723910809e+00,7.1366064453e+03
1602,4.2285603285e-01,-4.2326331139e-01,-1.2802277803e+00,7.1351704102e+03
1603,4.2300006747e-01,-4.2383357882e-01,-1.1524938345e+00,7.1337382812e+03
1604,4.2305138707e-01,-4.2391419411e-01,-1.4564892054e+00,7.1323066406e+03
1605,4.2269274592e-01,-4.2329797149e-01,-1.4470628500e+00,7.1308696289e+03
1606,4.2294836044e-01,-4.2314627767e-01,-1.3426966667e+00,7.1294326172e+03
1607,4.2352104187e-01,-4.2331758142e-01,-1.2411901951e+00,7.1280000000e+03
1608,4.2333593965e-01,-4.2307662964e-01,-1.3948047161e+00,7.1265688477e+03
1609,4.2299583554e-01,-4.2257308960e-01,-1.4495412111e+00,7.1251401367e+03
1610,4.2306128144e-01,-4.2233428359e-01,-1.4747611284e+00,7.1237080078e+03
1611,4.2332145572e-01,-4.2239338160e-01,-1.4314482212e+00,7.1222739258e+03
1612,4.2357590795e-01,-4.2293620110e-01,-1.1357505322e+00,7.1208422852e+03
1613,4.2348968983e-01,-4.2347854376e-01,-1.3265619278e+00,7.1194160156e+03
1614,4.2280533910e-01,-4.2326307297e-01,-1.5948774815e+00,7.1179833984e+03
1615,4.2229083180e-01,-4.2292255163e-01,-1.5472431183e+00,7.1165517578e+03
1616,4.2234197259e-01,-4.2287600040e-01,-1.6429815292e+00,7.1151225586e+03
1617,4.2257085443e-01,-4.2290735245e-01,-1.2435867786e+00,7.1136899414e+03
1618,4.2280489206e-01,-4.2278763652e-01,-1.1213393211e+00,7.1122670898e+03
1619,4.2268905044e-01,-4.2254093289e-01,-1.2138060331e+00,7.1108364258e+03
1620,4.2257505655e-01,-4.2228737473e-01,-1.2728533745e+00,7.1094091797e+03
1621,4.2261070013e-01,-4.2252084613e-01,-1.1118543148e+00,7.1079799805e+03
1622,4.2235514522e-01,-4.2288067937e-01,-1.2447127104e+00,7.1065551758e+03
1623,4.2177462578e-01,-4.2253345251e-01,-1.3069329262e+00,7.1051264648e+03
1624,4.2143815756e-01,-4.2180746794e-01,-1.6495512724e+00,7.1036953125e+03
1625,4.2203938961e-01,-4.2181462049e-01,-1.7674072981e+00,7.1022709961e+03
1626,4.2303442955e-01,-4.2267495394e-01,-1.5853228569e+00,7.1008413086e+03
1627,4.2314842343e-01,-4.2304584384e-01,-1.4815343618e+00,7.0994169922e+03
1628,4.2231503129e-01,-4.2223882675e-01,-1.2559973001e+00,7.0979916992e+03
1629,4.2206925154e-01,-4.2138502002e-01,-1.1700416803e+00,7.0965659180e+03
1630,4.2255073786e-01,-4.2143797874e-01,-1.4340635538e+00,7.0951455078e+03
1631,4.2286884785e-01,-4.2201572657e-01,-1.3918569088e+00,7.0937163086e+03
1632,4.2256370187e-01,-4.2240363359e-01,-1.5185241699e+00,7.0922910156e+03
1633,4.2195430398e-01,-4.2272388935e-01,-1.4518504143e+00,7.0908701172e+03
1634,4.2164483666e-01,-4.2268419266e-01,-1.4196687937e+00,7.0894428711e+03
1635,4.2140918970e-01,-4.2199185491e-01,-1.3065701723e+00,7.0880200195e+03
1636,4.2143365741e-01,-4.2137232423e-01,-1.2584125996e+00,7.0865927734e+03
1637,4.2198237777e-01,-4.2138093710e-01,-1.3627518415e+00,7.0851762695e+03
1638,4.2230790854e-01,-4.2162227631e-01,-1.3813012838e+00,7.0837519531e+03
1639,4.2193776369e-01,-4.2179545760e-01,-1.3719061613e+00,7.0823281250e+03
1640,4.2148369551e-01,-4.2190381885e-01,-1.4830626249e+00,7.0809077148e+03
1641,4.2133384943e-01,-4.2199280858e-01,-1.4834827185e+00,7.0794809570e+03
1642,4.2140465975e-01,-4.2196795344e-01,-1.4881820679e+00,7.0780620117e+03
1643,4.2137986422e-01,-4.2155054212e-01,-1.2746912241e+00,7.0766416016e+03
1644,4.2150586843e-01,-4.2131584883e-01,-1.2102665901e+00,7.0752216797e+03
1645,4.2165076733e-01,-4.2111325264e-01,-1.1723686457e+00,7.0738051758e+03
1646,4.2150250077e-01,-4.2068326473e-01,-1.4102896452e+00,7.0723886719e+03
1647,4.2143708467e-01,-4.2048615217e-01,-1.4798231125e+00,7.0709633789e+03
1648,4.2183485627e-01,-4.2104884982e-01,-1.5788166523e+00,7.0695454102e+03
1649,4.2199945450e-01,-4.2170369625e-01,-1.5630910397e+00,7.0681279297e+03
1650,4.2159283161e-01,-4.2151588202e-01,-1.5674297810e+00,7.0667104492e+03
1651,4.2104762793e-01,-4.2118424177e-01,-1.3743016720e+00,7.0652915039e+03
1652,4.2103067040e-01,-4.2131358385e-01,-1.2719253302e+00,7.0638710938e+03
1653,4.2124256492e-01,-4.2139744759e-01,-1.2996090651e+00,7.0624589844e+03
1654,4.2104396224e-01,-4.2122998834e-01,-1.2882970572e+00,7.0610454102e+03
1655,4.2083761096e-01,-4.2084646225e-01,-1.4686359167e+00,7.0596250000e+03
1656,4.2086896300e-01,-4.2084434628e-01,-1.4488209486e+00,7.0582031250e+03
1657,4.2095509171e-01,-4.2125320435e-01,-1.4716919661e+00,7.0567905273e+03
1658,4.2073461413e-01,-4.2117345333e-01,-1.2562249899e+00,7.0553750000e+03
1659,4.2044392228e-01,-4.2056605220e-01,-1.3409626484e+00,7.0539633789e+03
1660,4.2075094581e-01,-4.2028468847e-01,-1.4341859818e+00,7.0525463867e+03
1661,4.2127037048e-01,-4.2037129402e-01,-1.7664477825e+00,7.0511289062e+03
1662,4.2123520374e-01,-4.2061260343e-01,-1.7718689442e+00,7.0497158203e+03
1663,4.2106139660e-01,-4.2096096277e-01,-1.5743194818e+00,7.0483051758e+03
1664,4.2107653618e-01,-4.2095601559e-01,-1.2496229410e+00,7.0468916016e+03
1665,4.2092141509e-01,-4.2066526413e-01,-1.1888011694e+00,7.0454785156e+03
1666,4.2081788182e-01,-4.2069658637e-01,-1.4797618389e+00,7.0440683594e+03
1667,4.2089033127e-01,-4.2103326321e-01,-1.4578342438e+00,7.0426557617e+03
1668,4.2046415806e-01,-4.2105081677e-01,-1.3877574205e+00,7.0412426758e+03
1669,4.1993385553e-01,-4.2068427801e-01,-1.2572633028e+00,7.0398364258e+03
1670,4.1991415620e-01,-4.1998893023e-01,-1.3265252113e+00,7.0384262695e+03
1671,4.2022991180e-01,-4.1948428750e-01,-1.3750368357e+00,7.0370107422e+03
1672,4.2077469826e-01,-4.1922631860e-01,-1.3505387306e+00,7.0355991211e+03
1673,4.2104351521e-01,-4.1917547584e-01,-1.3709899187e+00,7.0341884766e+03
1674,4.2103168368e-01,-4.1960456967e-01,-1.4397525787e+00,7.0327832031e+03
1675,4.2079642415e-01,-4.2042118311e-01,-1.7490766048e+00,7.0313671875e+03
1676,4.2040342093e-01,-4.2072856426e-01,-1.7695770264e+00,7.0299633789e+03
1677,4.1998016834e-01,-4.2046949267e-01,-1.6682989597e+00,7.0285551758e+03
1678,4.2000818253e-01,-4.2016232014e-01,-1.4158825874e+00,7.0271489258e+03
1679,4.2034134269e-01,-4.1986826062e-01,-1.3248873949e+00,7.0257343750e+03
1680,4.2044755816e-01,-4.1950795054e-01,-1.3860386610e+00,7.0243261719e+03
1681,4.2060342431e-01,-4.1945084929e-01,-1.5949407816e+00,7.0229252930e+03
1682,4.2088171840e-01,-4.1979637742e-01,-1.4921789169e+00,7.0215156250e+03
1683,4.2079433799e-01,-4.2012754083e-01,-1.5424467325e+00,7.0201064453e+03
1684,4.2023831606e-01,-4.2012378573e-01,-1.4545632601e+00,7.0186992188e+03
1685,4.1976323724e-01,-4.1973519325e-01,-1.4347331524e+00,7.0172895508e+03
1686,4.1973090172e-01,-4.1926866770e-01,-1.4209566116e+00,7.0158876953e+03
1687,4.2014226317e-01,-4.1879868507e-01,-1.3951712847e+00,7.0144848633e+03
1688,4.2051553726e-01,-4.1848275065e-01,-1.4098134041e+00,7.0130766602e+03
1689,4.2066979408e-01,-4.1837662458e-01,-1.4053288698e+00,7.0116689453e+03
1690,4.2055100203e-01,-4.1855928302e-01,-1.3614588976e+00,7.0102626953e+03
1691,4.2017260194e-01,-4.1876301169e-01,-1.6328997612e+00,7.0088579102e+03
1692,4.1988348961e-01,-4.1909751296e-01,-1.6234549284e+00,7.0074570312e+03
1693,4.1985189915e-01,-4.1950279474e-01,-1.4092907906e+00,7.0060527344e+03
1694,4.1976371408e-01,-4.1943868995e-01,-1.4136322737e+00,7.0046523438e+03
1695,4.1951188445e-01,-4.1896119714e-01,-1.8068110943e+00,7.0032470703e+03
1696,4.1966480017e-01,-4.1889008880e-01,-1.7655515671e+00,7.0018422852e+03
1697,4.2013525963e-01,-4.1923055053e-01,-1.7190120220e+00,7.0004414062e+03
1698,4.2017567158e-01,-4.1951239109e-01,-1.3686285019e+00,6.9990419922e+03
1699,4.1972365975e-01,-4.1931140423e-01,-1.2840554714e+00,6.9976362305e+03
1700,4.1922929883e-01,-4.1866898537e-01,-1.3152978420e+00,6.9962348633e+03
1701,4.1924455762e-01,-4.1835898161e-01,-1.7557821274e+00,6.9948334961e+03
1702,4.1970521212e-01,-4.1851624846e-01,-1.7691128254e+00,6.9934384766e+03
1703,4.2016878724e-01,-4.1872197390e-01,-1.5628039837e+00,6.9920390625e+03
1704,4.2022466660e-01,-4.1872233152e-01,-1.2942421436e+00,6.9906347656e+03
1705,4.2005184293e-01,-4.1877555847e-01,-1.2347420454e+00,6.9892324219e+03
1706,4.1953873634e-01,-4.1877475381e-01,-1.5096032619e+00,6.9878320312e+03
1707,4.1909167171e-01,-4.1890648007e-01,-1.6308469772e+00,6.9864360352e+03
1708,4.1906750202e-01,-4.1897124052e-01,-1.7940309048e+00,6.9850361328e+03
1709,4.1918492317e-01,-4.1840675473e-01,-1.5077412128e+00,6.9836420898e+03
1710,4.1941979527e-01,-4.1800433397e-01,-1.5931928158e+00,6.9822446289e+03
1711,4.1987088323e-01,-4.1847285628e-01,-1.6121661663e+00,6.9808408203e+03
1712,4.1983067989e-01,-4.1870313883e-01,-1.6730362177e+00,6.9794458008e+03
1713,4.1919636726e-01,-4.1879957914e-01,-1.6192435026e+00,6.9780449219e+03
1714,4.1897431016e-01,-4.1893696785e-01,-1.4681215286e+00,6.9766533203e+03
1715,4.1880968213e-01,-4.1853600740e-01,-1.4121363163e+00,6.9752587891e+03
1716,4.1879558563e-01,-4.1843569279e-01,-1.4102997780e+00,6.9738618164e+03
1717,4.1925263405e-01,-4.1870656610e-01,-1.4356079102e+00,6.9724624023e+03
1718,4.1922605038e-01,-4.1839009523e-01,-1.4230841398e+00,6.9710678711e+03
1719,4.1871947050e-01,-4.1784399748e-01,-1.4291001558e+00,6.9696767578e+03
1720,4.1874894500e-01,-4.1796052456e-01,-1.4046150446e+00,6.9682773438e+03
1721,4.1905924678e-01,-4.1824251413e-01,-1.6200966835e+00,6.9668789062e+03
1722,4.1894084215e-01,-4.1803196073e-01,-1.7089344263e+00,6.9654873047e+03
1723,4.1877192259e-01,-4.1776967049e-01,-1.7293946743e+00,6.9640908203e+03
1724,4.1891497374e-01,-4.1786590219e-01,-1.5058087111e+00,6.9627055664e+03
1725,4.1908043623e-01,-4.1835471988e-01,-1.4692920446e+00,6.9613105469e+03
1726,4.1877204180e-01,-4.1854882240e-01,-1.3225436211e+00,6.9599145508e+03
1727,4.1810503602e-01,-4.1827243567e-01,-1.5329045057e+00,6.9585151367e+03
1728,4.1785973310e-01,-4.1810056567e-01,-1.9187035561e+00,6.9571323242e+03
1729,4.1820272803e-01,-4.1792860627e-01,-1.8439021111e+00,6.9557387695e+03
1730,4.1844800115e-01,-4.1754817963e-01,-1.7348315716e+00,6.9543486328e+03
1731,4.1866734624e-01,-4.1745927930e-01,-1.6308572292e+00,6.9529570312e+03
1732,4.1907256842e-01,-4.1793373227e-01,-1.4301247597e+00,6.9515698242e+03
1733,4.1904655099e-01,-4.1841891408e-01,-1.4047548771e+00,6.9501772461e+03
1734,4.1832929850e-01,-4.1836634278e-01,-1.5548006296e+00,6.9487900391e+03
1735,4.1763907671e-01,-4.1828000546e-01,-1.7762285471e+00,6.9474003906e+03
1736,4.1754356027e-01,-4.1844886541e-01,-1.7078186274e+00,6.9460097656e+03
1737,4.1754031181e-01,-4.1846296191e-01,-1.5731562376e+00,6.9446235352e+03
1738,4.1762569547e-01,-4.1852512956e-01,-1.4741863012e+00,6.9432294922e+03
1739,4.1781488061e-01,-4.1859832406e-01,-1.3827791214e+00,6.9418427734e+03
1740,4.1778925061e-01,-4.1823822260e-01,-1.4234000444e+00,6.9404536133e+03
1741,4.1756093502e-01,-4.1768857837e-01,-1.4003490210e+00,6.9390649414e+03
1742,4.1757020354e-01,-4.1747835279e-01,-1.4437357187e+00,6.9376821289e+03
1743,4.1768977046e-01,-4.1724863648e-01,-1.5773532391e+00,6.9362924805e+03
1744,4.1761723161e-01,-4.1704827547e-01,-1.7781364918e+00,6.9349096680e+03
1745,4.1782587767e-01,-4.1746532917e-01,-1.8111677170e+00,6.9335195312e+03
1746,4.1792175174e-01,-4.1769602895e-01,-1.9211509228e+00,6.9321323242e+03
1747,4.1734477878e-01,-4.1716873646e-01,-1.5314211845e+00,6.9307509766e+03
1748,4.1722741723e-01,-4.1716274619e-01,-1.4005026817e+00,6.9293647461e+03
1749,4.1784965992e-01,-4.1784906387e-01,-1.3811088800e+00,6.9279765625e+03
1750,4.1762402654e-01,-4.1759708524e-01,-1.5025539398e+00,6.9265942383e+03
1751,4.1674494743e-01,-4.1686695814e-01,-1.7558709383e+00,6.9252143555e+03
1752,4.1686636209e-01,-4.1718006134e-01,-1.8379323483e+00,6.9238266602e+03
1753,4.1756647825e-01,-4.1768515110e-01,-1.6265699863e+00,6.9224472656e+03
1754,4.1744342446e-01,-4.1740283370e-01,-1.3230296373e+00,6.9210595703e+03
1755,4.1692417860e-01,-4.1686058044e-01,-1.3163764477e+00,6.9196767578e+03
1756,4.1689366102e-01,-4.1690918803e-01,-1.5664123297e+00,6.9182958984e+03
1757,4.1696056724e-01,-4.1702243686e-01,-1.6900403500e+00,6.9169135742e+03
1758,4.1668540239e-01,-4.1696199775e-01,-1.7071976662e+00,6.9155288086e+03
1759,4.1667580605e-01,-4.1710019112e-01,-1.4559822083e+00,6.9141484375e+03
1760,4.1681638360e-01,-4.1733241081e-01,-1.5808500051e+00,6.9127680664e+03
1761,4.1657799482e-01,-4.1737654805e-01,-1.6933857203e+00,6.9113891602e+03
1762,4.1620707512e-01,-4.1746240854e-01,-1.6605212688e+00,6.9100073242e+03
1763,4.1603255272e-01,-4.1751509905e-01,-1.5445846319e+00,6.9086206055e+03
1764,4.1602665186e-01,-4.1708350182e-01,-1.5723845959e+00,6.9072460938e+03
1765,4.1587746143e-01,-4.1626876593e-01,-1.4806835651e+00,6.9058647461e+03
1766,4.1612148285e-01,-4.1613468528e-01,-1.4991655350e+00,6.9044829102e+03
1767,4.1681727767e-01,-4.1678580642e-01,-1.6331307888e+00,6.9031069336e+03
1768,4.1691091657e-01,-4.1693142056e-01,-1.6120977402e+00,6.9017265625e+03
1769,4.1635903716e-01,-4.1622519493e-01,-1.4313153028e+00,6.9003447266e+03
1770,4.1629132628e-01,-4.1567498446e-01,-1.5582569838e+00,6.8989677734e+03
1771,4.1689383984e-01,-4.1574543715e-01,-1.5296901464e+00,6.8975908203e+03
1772,4.1696807742e-01,-4.1591721773e-01,-1.6814025640e+00,6.8962163086e+03
1773,4.1660517454e-01,-4.1622146964e-01,-1.7082756758e+00,6.8948339844e+03
1774,4.1650891304e-01,-4.1658198833e-01,-1.5786163807e+00,6.8934599609e+03
1775,4.1630738974e-01,-4.1660296917e-01,-1.4393939972e+00,6.8920820312e+03
1776,4.1590803862e-01,-4.1647088528e-01,-1.5306036472e+00,6.8907006836e+03
1777,4.1573625803e-01,-4.1637733579e-01,-1.5407382250e+00,6.8893305664e+03
1778,4.1571018100e-01,-4.1651007533e-01,-1.7315251827e+00,6.8879560547e+03
1779,4.1574132442e-01,-4.1642519832e-01,-1.5979981422e+00,6.8865825195e+03
1780,4.1571676731e-01,-4.1585603356e-01,-1.3703541756e+00,6.8852026367e+03
1781,4.1562926769e-01,-4.1518077254e-01,-1.4638956785e+00,6.8838276367e+03
1782,4.1574910283e-01,-4.1513344646e-01,-1.7064944506e+00,6.8824565430e+03
1783,4.1619142890e-01,-4.1554155946e-01,-1.8810424805e+00,6.8810830078e+03
1784,4.1630592942e-01,-4.1565909982e-01,-1.7725917101e+00,6.8797099609e+03
1785,4.1625109315e-01,-4.1578137875e-01,-1.4942723513e+00,6.8783349609e+03
1786,4.1634348035e-01,-4.1585612297e-01,-1.4379826784e+00,6.8769638672e+03
1787,4.1600283980e-01,-4.1539651155e-01,-1.4301509857e+00,6.8755864258e+03
1788,4.1564828157e-01,-4.1500073671e-01,-1.5203412771e+00,6.8742163086e+03
1789,4.1585057974e-01,-4.1513311863e-01,-1.6500158310e+00,6.8728442383e+03
1790,4.1612064838e-01,-4.1556704044e-01,-1.5272388458e+00,6.8714711914e+03
1791,4.1579282284e-01,-4.1554555297e-01,-1.4579801559e+00,6.8701015625e+03
1792,4.1523146629e-01,-4.1527020931e-01,-1.3335788250e+00,6.8687270508e+03
1793,4.1499152780e-01,-4.1486883163e-01,-1.4429055452e+00,6.8673559570e+03
1794,4.1505131125e-01,-4.1465416551e-01,-1.4089524746e+00,6.8659868164e+03
1795,4.1529938579e-01,-4.1484898329e-01,-1.6353901625e+00,6.8646191406e+03
1796,4.1536512971e-01,-4.1500553489e-01,-1.7820528746e+00,6.8632465820e+03
1797,4.1509637237e-01,-4.1498810053e-01,-1.6951382160e+00,6.8618784180e+03
1798,4.1513812542e-01,-4.1461148858e-01,-1.5541785955e+00,6.8605092773e+03
1799,4.1555291414e-01,-4.1406655312e-01,-1.6091706753e+00,6.8591420898e+03
1800,4.1598063707e-01,-4.1409382224e-01,-1.7122005224e+00,6.8577739258e+03
1801,4.1639119387e-01,-4.1437947750e-01,-1.5993411541e+00,6.8564047852e+03
1802,4.1614431143e-01,-4.1419762373e-01,-1.6342282295e+00,6.8550336914e+03
1803,4.1557854414e-01,-4.1418933868e-01,-1.6986479759e+00,6.8536669922e+03
1804,4.1566953063e-01,-4.1481873393e-01,-1.5160208941e+00,6.8522998047e+03
1805,4.1564503312e-01,-4.1525533795e-01,-1.6399507523e+00,6.8509296875e+03
1806,4.1480481625e-01,-4.1504484415e-01,-1.5789858103e+00,6.8495615234e+03
1807,4.1425684094e-01,-4.1467922926e-01,-1.5767834187e+00,6.8482011719e+03
1808,4.1447275877e-01,-4.1423305869e-01,-1.6730915308e+00,6.8468320312e+03
1809,4.1475027800e-01,-4.1405880451e-01,-1.6993672848e+00,6.8454624023e+03
1810,4.1487061977e-01,-4.1435024142e-01,-1.5212441683e+00,6.8441000977e+03
1811,4.1498237848e-01,-4.1447010636e-01,-1.4147446156e+00,6.8427333984e+03
1812,4.1482961178e-01,-4.1413614154e-01,-1.4640195370e+00,6.8413662109e+03
1813,4.1475597024e-01,-4.1411250830e-01,-1.6592152119e+00,6.8400048828e+03
1814,4.1498655081e-01,-4.1430339217e-01,-1.7452003956e+00,6.8386435547e+03
1815,4.1491529346e-01,-4.1391733289e-01,-1.6796401739e+00,6.8372773438e+03
1816,4.1460812092e-01,-4.1322684288e-01,-1.6674326658e+00,6.8359130859e+03
1817,4.1480296850e-01,-4.1313120723e-01,-1.7289450169e+00,6.8345532227e+03
1818,4.1539463401e-01,-4.1360765696e-01,-1.9158792496e+00,6.8331860352e+03
1819,4.1549104452e-01,-4.1403317451e-01,-1.9475066662e+00,6.8318237305e+03
1820,4.1503563523e-01,-4.1413813829e-01,-1.8114693165e+00,6.8304614258e+03
1821,4.1459840536e-01,-4.1421040893e-01,-1.7066278458e+00,6.8291015625e+03
1822,4.1454592347e-01,-4.1438147426e-01,-1.4431673288e+00,6.8277382812e+03
1823,4.1445338726e-01,-4.1442331672e-01,-1.4379769564e+00,6.8263784180e+03
1824,4.1435009241e-01,-4.1404536366e-01,-1.6267859936e+00,6.8250175781e+03
1825,4.1442015767e-01,-4.1371220350e-01,-1.9188457727e+00,6.8236538086e+03
1826,4.1467049718e-01,-4.1382995248e-01,-1.7852760553e+00,6.8222954102e+03
1827,4.1468477249e-01,-4.1405048966e-01,-1.6371098757e+00,6.8209375000e+03
1828,4.1425162554e-01,-4.1393545270e-01,-1.3962370157e+00,6.8195698242e+03
1829,4.1400572658e-01,-4.1362625360e-01,-1.3917753696e+00,6.8182207031e+03
1830,4.1397786140e-01,-4.1356012225e-01,-1.7528204918e+00,6.8168583984e+03
1831,4.1430944204e-01,-4.1391327977e-01,-2.0488808155e+00,6.8155019531e+03
1832,4.1456314921e-01,-4.1390579939e-01,-1.8509074450e+00,6.8141396484e+03
1833,4.1433766484e-01,-4.1332626343e-01,-1.6031867266e+00,6.8127812500e+03
1834,4.1432616115e-01,-4.1320228577e-01,-1.3844652176e+00,6.8114238281e+03
1835,4.1449445486e-01,-4.1344735026e-01,-1.2972537279e+00,6.8100678711e+03
1836,4.1408830881e-01,-4.1328814626e-01,-1.4629663229e+00,6.8087133789e+03
1837,4.1355949640e-01,-4.1292804480e-01,-1.7916247845e+00,6.8073559570e+03
1838,4.1379642487e-01,-4.1283440590e-01,-1.9494886398e+00,6.8059995117e+03
1839,4.1417762637e-01,-4.1273429990e-01,-1.9116251469e+00,6.8046376953e+03
1840,4.1414675117e-01,-4.1302865744e-01,-1.7522938251e+00,6.8032832031e+03
1841,4.1398689151e-01,-4.1346475482e-01,-1.6522929668e+00,6.8019267578e+03
1842,4.1363781691e-01,-4.1312602162e-01,-1.7573173046e+00,6.8005781250e+03
1843,4.1334977746e-01,-4.1254243255e-01,-1.9784005880e+00,6.7992221680e+03
1844,4.1399893165e-01,-4.1251167655e-01,-1.9027148485e+00,6.7978701172e+03
1845,4.1475659609e-01,-4.1267335415e-01,-1.5481480360e+00,6.7965175781e+03
1846,4.1453501582e-01,-4.1257557273e-01,-1.5468730927e+00,6.7951621094e+03
1847,4.1406267881e-01,-4.1252669692e-01,-1.5121359825e+00,6.7938066406e+03
1848,4.1378238797e-01,-4.1237539053e-01,-1.7622741461e+00,6.7924511719e+03
1849,4.1348570585e-01,-4.1221141815e-01,-1.8088871241e+00,6.7910981445e+03
1850,4.1358694434e-01,-4.1223645210e-01,-1.8150637150e+00,6.7897456055e+03
1851,4.1393515468e-01,-4.1256210208e-01,-1.7826257944e+00,6.7883935547e+03
1852,4.1395798326e-01,-4.1275140643e-01,-1.7077522278e+00,6.7870415039e+03
1853,4.1356056929e-01,-4.1269749403e-01,-1.6462738514e+00,6.7856943359e+03
1854,4.1318818927e-01,-4.1275131702e-01,-1.5391352177e+00,6.7843408203e+03
1855,4.1300025582e-01,-4.1254442930e-01,-1.6334459782e+00,6.7829941406e+03
1856,4.1293427348e-01,-4.1215407848e-01,-1.8182834387e+00,6.7816411133e+03
1857,4.1312241554e-01,-4.1198348999e-01,-2.0630974770e+00,6.7802895508e+03
1858,4.1330769658e-01,-4.1220265627e-01,-1.8906990290e+00,6.7789414062e+03
1859,4.1331267357e-01,-4.1255626082e-01,-1.6276247501e+00,6.7775922852e+03
1860,4.1321831942e-01,-4.1259869933e-01,-1.6364541054e+00,6.7762412109e+03
1861,4.1314664483e-01,-4.1206368804e-01,-1.7466279268e+00,6.7748886719e+03
1862,4.1320443153e-01,-4.1149926186e-01,-1.8277728558e+00,6.7735439453e+03
1863,4.1351416707e-01,-4.1153222322e-01,-1.7728536129e+00,6.7721967773e+03
1864,4.1361865401e-01,-4.1200911999e-01,-1.7389343977e+00,6.7708466797e+03
1865,4.1336295009e-01,-4.1220054030e-01,-1.8158316612e+00,6.7694965820e+03
1866,4.1285911202e-01,-4.1193786263e-01,-2.1017429829e+00,6.7681494141e+03
1867,4.1283676028e-01,-4.1185611486e-01,-2.0764617920e+00,6.7668027344e+03
1868,4.1325211525e-01,-4.1205561161e-01,-1.8886150122e+00,6.7654555664e+03
1869,4.1339519620e-01,-4.1232636571e-01,-1.6972587109e+00,6.7641088867e+03
1870,4.1314893961e-01,-4.1253682971e-01,-1.7043911219e+00,6.7627602539e+03
1871,4.1282048821e-01,-4.1231650114e-01,-1.7287331820e+00,6.7614135742e+03
1872,4.1270199418e-01,-4.1216012836e-01,-1.9078820944e+00,6.7600698242e+03
1873,4.1289782524e-01,-4.1221335530e-01,-1.8380128145e+00,6.7587265625e+03
1874,4.1283074021e-01,-4.1197761893e-01,-1.6318275928e+00,6.7573793945e+03
1875,4.1250634193e-01,-4.1145026684e-01,-1.6780654192e+00,6.7560327148e+03
1876,4.1232547164e-01,-4.1118541360e-01,-1.7684804201e+00,6.7546904297e+03
1877,4.1260713339e-01,-4.1135311127e-01,-1.9410530329e+00,6.7533471680e+03
1878,4.1285374761e-01,-4.1146087646e-01,-2.0686304569e+00,6.7520024414e+03
1879,4.1277304292e-01,-4.1140869260e-01,-1.9807060957e+00,6.7506582031e+03
1880,4.1280496120e-01,-4.1152068973e-01,-1.7971131802e+00,6.7493085938e+03
1881,4.1285866499e-01,-4.1148144007e-01,-1.8042839766e+00,6.7479741211e+03
1882,4.1253873706e-01,-4.1120564938e-01,-1.7723445892e+00,6.7466284180e+03
1883,4.1218972206e-01,-4.1093656421e-01,-1.9106297493e+00,6.7452871094e+03
1884,4.1239440441e-01,-4.1089132428e-01,-1.9329526424e+00,6.7439438477e+03
1885,4.1270798445e-01,-4.1119521856e-01,-1.7439370155e+00,6.7426044922e+03
1886,4.1266825795e-01,-4.1140183806e-01,-1.7876948118e+00,6.7412626953e+03
1887,4.1238495708e-01,-4.1139233112e-01,-1.9086438417e+00,6.7399208984e+03
1888,4.1205102205e-01,-4.1156244278e-01,-1.8738288879e+00,6.7385815430e+03
1889,4.1179758310e-01,-4.1164413095e-01,-1.6092717648e+00,6.7372431641e+03
1890,4.1163617373e-01,-4.1122403741e-01,-1.6535468102e+00,6.7358999023e+03
1891,4.1155728698e-01,-4.1081291437e-01,-1.6730864048e+00,6.7345615234e+03
1892,4.1160321236e-01,-4.1065400839e-01,-1.8968812227e+00,6.7332236328e+03
1893,4.1164806485e-01,-4.1080966592e-01,-1.9621732235e+00,6.7318823242e+03
1894,4.1152396798e-01,-4.1103944182e-01,-1.9124211073e+00,6.7305449219e+03
1895,4.1122093797e-01,-4.1137436032e-01,-1.6840252876e+00,6.7292075195e+03
1896,4.1100531816e-01,-4.1175967455e-01,-1.5538389683e+00,6.7278720703e+03
1897,4.1098889709e-01,-4.1186326742e-01,-1.6005022526e+00,6.7265283203e+03
1898,4.1067573428e-01,-4.1157916188e-01,-1.9626315832e+00,6.7251933594e+03
1899,4.1047075391e-01,-4.1110047698e-01,-2.0150904655e+00,6.7238588867e+03
1900,4.1054362059e-01,-4.1083213687e-01,-2.0023012161e+00,6.7225175781e+03
1901,4.1089496017e-01,-4.1085672379e-01,-1.8565131426e+00,6.7211782227e+03
1902,4.1138398647e-01,-4.1112256050e-01,-1.6530077457e+00,6.7198427734e+03
1903,4.1145810485e-01,-4.1116583347e-01,-1.6613649130e+00,6.7185053711e+03
1904,4.1095417738e-01,-4.1054385900e-01,-1.9349542856e+00,6.7171752930e+03
1905,4.1048565507e-01,-4.1012272239e-01,-2.1687247753e+00,6.7158383789e+03
1906,4.1075250506e-01,-4.1056638956e-01,-2.1374046803e+00,6.7145004883e+03
1907,4.1123670340e-01,-4.1122490168e-01,-1.8614959717e+00,6.7131655273e+03
1908,4.1112345457e-01,-4.1132462025e-01,-1.7570477724e+00,6.7118271484e+03
1909,4.1059938073e-01,-4.1086572409e-01,-1.5970945358e+00,6.7104980469e+03
1910,4.1039273143e-01,-4.1022783518e-01,-1.7662137747e+00,6.7091665039e+03
1911,4.1041705012e-01,-4.0973237157e-01,-1.8095871210e+00,6.7078310547e+03
1912,4.1068446636e-01,-4.0950414538e-01,-1.9119824171e+00,6.7064980469e+03
1913,4.1101840138e-01,-4.0978750587e-01,-1.9114556313e+00,6.7051601562e+03
1914,4.1120827198e-01,-4.1034761071e-01,-1.9807407856e+00,6.7038330078e+03
1915,4.1089716554e-01,-4.1047680378e-01,-1.8104254007e+00,6.7024975586e+03
1916,4.1036140919e-01,-4.1006585956e-01,-1.8679894209e+00,6.7011669922e+03
1917,4.1031551361e-01,-4.0982753038e-01,-1.7840640545e+00,6.6998300781e+03
1918,4.1061553359e-01,-4.0976133943e-01,-1.8470425606e+00,6.6985058594e+03
1919,4.1066849232e-01,-4.0943124890e-01,-1.8216210604e+00,6.6971723633e+03
1920,4.1058301926e-01,-4.0930625796e-01,-1.8617804050e+00,6.6958393555e+03
1921,4.1067534685e-01,-4.0973645449e-01,-2.0060281754e+00,6.6945083008e+03
1922,4.1063958406e-01,-4.1000723839e-01,-2.1382148266e+00,6.6931821289e+03
1923,4.1030403972e-01,-4.0990805626e-01,-2.1162190437e+00,6.6918442383e+03
1924,4.1022059321e-01,-4.0998500586e-01,-2.0986015797e+00,6.6905224609e+03
1925,4.1033169627e-01,-4.1006335616e-01,-2.0996141434e+00,6.6891904297e+03
1926,4.1032063961e-01,-4.0976965427e-01,-1.8857370615e+00,6.6878603516e+03
1927,4.1035455465e-01,-4.0995225310e-01,-1.6425760984e+00,6.6865351562e+03
1928,4.1061815619e-01,-4.1048279405e-01,-1.7757683992e+00,6.6852026367e+03
1929,4.1049987078e-01,-4.1043832898e-01,-1.7142207623e+00,6.6838745117e+03
1930,4.0993741155e-01,-4.0990763903e-01,-1.6132463217e+00,6.6825454102e+03
1931,4.0973147750e-01,-4.0957477689e-01,-1.7221703529e+00,6.6812172852e+03
1932,4.0983873606e-01,-4.0974625945e-01,-1.9119817019e+00,6.6798925781e+03
1933,4.0981796384e-01,-4.0976923704e-01,-2.0306377411e+00,6.6785629883e+03
1934,4.0967842937e-01,-4.0966609120e-01,-2.2103061676e+00,6.6772412109e+03
1935,4.0993699431e-01,-4.0960401297e-01,-2.1565303802e+00,6.6759116211e+03
1936,4.1044905782e-01,-4.0964788198e-01,-1.6904240847e+00,6.6745864258e+03
1937,4.1046109796e-01,-4.0937525034e-01,-1.7931488752e+00,6.6732573242e+03
1938,4.1009390354e-01,-4.0887802839e-01,-1.7223441601e+00,6.6719331055e+03
1939,4.1012367606e-01,-4.0885886550e-01,-1.8446333408e+00,6.6706083984e+03
1940,4.1024780273e-01,-4.0901550651e-01,-1.8479496241e+00,6.6692822266e+03
1941,4.0989974141e-01,-4.0916663408e-01,-1.8738590479e+00,6.6679609375e+03
1942,4.0944081545e-01,-4.0902340412e-01,-1.6871107817e+00,6.6666308594e+03
1943,4.0931034088e-01,-4.0852075815e-01,-1.8835121393e+00,6.6653085938e+03
1944,4.0958207846e-01,-4.0822818875e-01,-2.0860486031e+00,6.6639843750e+03
1945,4.1013175249e-01,-4.0849483013e-01,-2.2415766716e+00,6.6626650391e+03
1946,4.1037026048e-01,-4.0891703963e-01,-2.0351412296e+00,6.6613417969e+03
1947,4.1010314226e-01,-4.0902918577e-01,-1.9628671408e+00,6.6600175781e+03
1948,4.0957897902e-01,-4.0891638398e-01,-1.8366328478e+00,6.6586967773e+03
1949,4.0947487950e-01,-4.0893638134e-01,-1.8344792128e+00,6.6573769531e+03
1950,4.0970507264e-01,-4.0886372328e-01,-1.9694862366e+00,6.6560571289e+03
1951,4.0995630622e-01,-4.0865853429e-01,-2.1214895248e+00,6.6547314453e+03
1952,4.1006386280e-01,-4.0871974826e-01,-1.9497765303e+00,6.6534130859e+03
1953,4.1011437774e-01,-4.0894746780e-01,-1.8216398954e+00,6.6520908203e+03
1954,4.0974307060e-01,-4.0880137682e-01,-1.6504160166e+00,6.6507719727e+03
1955,4.0910878778e-01,-4.0821191669e-01,-1.4383324385e+00,6.6494521484e+03
1956,4.0891039371e-01,-4.0749806166e-01,-1.5959963799e+00,6.6481279297e+03
1957,4.0915101767e-01,-4.0724334121e-01,-2.0888605118e+00,6.6468095703e+03
1958,4.0956360102e-01,-4.0748399496e-01,-2.2331385612e+00,6.6454916992e+03
1959,4.0977215767e-01,-4.0781196952e-01,-2.0278131962e+00,6.6441728516e+03
1960,4.0957424045e-01,-4.0802735090e-01,-2.0049746037e+00,6.6428540039e+03
1961,4.0931513906e-01,-4.0800815821e-01,-1.9010461569e+00,6.6415332031e+03
1962,4.0906491876e-01,-4.0779289603e-01,-1.8571945429e+00,6.6402187500e+03
1963,4.0900778770e-01,-4.0772187710e-01,-2.0229625702e+00,6.6389003906e+03
1964,4.0904948115e-01,-4.0759086609e-01,-2.3166131973e+00,6.6375800781e+03
1965,4.0899640322e-01,-4.0722686052e-01,-2.0954141617e+00,6.6362607422e+03
1966,4.0918481350e-01,-4.0743419528e-01,-1.8730757236e+00,6.6349438477e+03
1967,4.0948495269e-01,-4.0804946423e-01,-2.1114630699e+00,6.6336298828e+03
1968,4.0936499834e-01,-4.0832963586e-01,-2.0731854439e+00,6.6323120117e+03
1969,4.0883630514e-01,-4.0828904510e-01,-2.0795562267e+00,6.6309960938e+03
1970,4.0866792202e-01,-4.0827071667e-01,-2.0290999413e+00,6.6296845703e+03
1971,4.0863662958e-01,-4.0784886479e-01,-1.8388676643e+00,6.6283652344e+03
1972,4.0842863917e-01,-4.0727925301e-01,-1.7365640402e+00,6.6270527344e+03
1973,4.0864104033e-01,-4.0722861886e-01,-1.7403260469e+00,6.6257353516e+03
1974,4.0886116028e-01,-4.0749356151e-01,-2.0628647804e+00,6.6244252930e+03
1975,4.0866410732e-01,-4.0767148137e-01,-1.9097083807e+00,6.6231127930e+03
1976,4.0827578306e-01,-4.0752667189e-01,-1.9533585310e+00,6.6217973633e+03
1977,4.0791848302e-01,-4.0686687827e-01,-2.0010931492e+00,6.6204809570e+03
1978,4.0786865354e-01,-4.0643224120e-01,-2.0992407799e+00,6.6191694336e+03
1979,4.0830352902e-01,-4.0673509240e-01,-2.1641449928e+00,6.6178583984e+03
1980,4.0876704454e-01,-4.0715852380e-01,-2.2618114948e+00,6.6165439453e+03
1981,4.0869629383e-01,-4.0734660625e-01,-2.0884339809e+00,6.6152314453e+03
1982,4.0840488672e-01,-4.0737071633e-01,-1.9578918219e+00,6.6139199219e+03
1983,4.0835660696e-01,-4.0761166811e-01,-1.9698920250e+00,6.6126064453e+03
1984,4.0825927258e-01,-4.0791422129e-01,-1.9697183371e+00,6.6112983398e+03
1985,4.0796831250e-01,-4.0766674280e-01,-1.9100130796e+00,6.6099877930e+03
1986,4.0764808655e-01,-4.0715935826e-01,-2.0990908146e+00,6.6086738281e+03
1987,4.0770173073e-01,-4.0699136257e-01,-2.2045028210e+00,6.6073671875e+03
1988,4.0794378519e-01,-4.0700888634e-01,-2.2436723709e+00,6.6060566406e+03
1989,4.0781989694e-01,-4.0672001243e-01,-1.9536471367e+00,6.6047480469e+03
1990,4.0757778287e-01,-4.0668871999e-01,-1.9963804483e+00,6.6034331055e+03
1991,4.0779352188e-01,-4.0717145801e-01,-1.9040522575e+00,6.6021274414e+03
1992,4.0787178278e-01,-4.0741029382e-01,-1.8022620678e+00,6.6008159180e+03
1993,4.0736669302e-01,-4.0698111057e-01,-1.8844469786e+00,6.5995083008e+03
1994,4.0712165833e-01,-4.0630710125e-01,-2.1754155159e+00,6.5982021484e+03
1995,4.0746766329e-01,-4.0598666668e-01,-2.3529570103e+00,6.5968955078e+03
1996,4.0811657906e-01,-4.0617275238e-01,-2.2114889622e+00,6.5955908203e+03
1997,4.0843239427e-01,-4.0645626187e-01,-2.1009063721e+00,6.5942788086e+03
1998,4.0823248029e-01,-4.0680685639e-01,-1.9618316889e+00,6.5929711914e+03
1999,4.0789854527e-01,-4.0700924397e-01,-1.8084801435e+00,6.5916616211e+03
