step,volume,free_surface_area,vx_10_20,pressure_25_30
0,1.5625336170e+00,2.4999988079e+00,0.0000000000e+00,0.0000000000e+00
1,1.5625336170e+00,2.4999990463e+00,2.7832030901e-04,6.7443867188e+03
2,1.5627335310e+00,2.5799989700e+00,5.7916057995e-04,6.8035839844e+03
3,1.5632336140e+00,2.7499988079e+00,8.8380707894e-04,6.8162280273e+03
4,1.5637587309e+00,2.8499987125e+00,1.1937440140e-03,6.8286669922e+03
5,1.5641587973e+00,2.8949985504e+00,1.5077566495e-03,6.8402416992e+03
6,1.5647089481e+00,2.9549987316e+00,1.8254520837e-03,6.8526879883e+03
7,1.5652588606e+00,3.0049986839e+00,2.1455017850e-03,6.8640166016e+03
8,1.5657589436e+00,2.9849987030e+00,2.4704015814e-03,6.8754628906e+03
9,1.5663092136e+00,2.9449989796e+00,2.7972522657e-03,6.8891845703e+03
10,1.5666593313e+00,2.8949987888e+00,3.1250722241e-03,6.8995708008e+03
11,1.5669343472e+00,2.8349986076e+00,3.4544914961e-03,6.9067729492e+03
12,1.5671093464e+00,2.7749989033e+00,3.7897108123e-03,6.9130927734e+03
13,1.5673093796e+00,2.7649986744e+00,4.1187480092e-03,6.9176733398e+03
14,1.5674093962e+00,2.7549986839e+00,4.4453246519e-03,6.9221816406e+03
15,1.5674842596e+00,2.7549986839e+00,4.7667459585e-03,6.9260258789e+03
16,1.5676094294e+00,2.7349989414e+00,5.1102740690e-03,6.9305922852e+03
17,1.5677343607e+00,2.7049987316e+00,5.4478701204e-03,6.9336933594e+03
18,1.5678343773e+00,2.7049987316e+00,5.7422257960e-03,6.9374765625e+03
19,1.5679844618e+00,2.6999988556e+00,6.0996548273e-03,6.9416630859e+03
20,1.5681093931e+00,2.6899988651e+00,6.3088363968e-03,6.9455893555e+03
21,1.5682344437e+00,2.6799988747e+00,6.6442955285e-03,6.9504091797e+03
22,1.5683845282e+00,2.6499986649e+00,7.0642004721e-03,6.9530922852e+03
23,1.5685344934e+00,2.5999987125e+00,7.5961663388e-03,6.9560537109e+03
24,1.5686595440e+00,2.5899989605e+00,7.5844177045e-03,6.9641748047e+03
25,1.5687845945e+00,2.5999989510e+00,8.1610474735e-03,6.9514877930e+03
26,1.5688846111e+00,2.5949988365e+00,8.1888521090e-03,6.9743925781e+03
27,1.5691345930e+00,2.5649988651e+00,8.6568389088e-03,6.9551000977e+03
28,1.5692347288e+00,2.5949988365e+00,8.6051700637e-03,6.9717377930e+03
29,1.5693846941e+00,2.5849990845e+00,9.3743260950e-03,6.9494013672e+03
30,1.5695847273e+00,2.5749990940e+00,9.4817969948e-03,6.9800981445e+03
31,1.5697348118e+00,2.5749988556e+00,1.0575869121e-02,6.9481723633e+03
32,1.5697346926e+00,2.6399989128e+00,9.8367678002e-03,6.9715527344e+03
33,1.5696347952e+00,2.6599988937e+00,1.0981013998e-02,6.9458457031e+03
34,1.5694849491e+00,2.6399989128e+00,1.0683157481e-02,6.9754125977e+03
35,1.5694597960e+00,2.6199989319e+00,1.1014973745e-02,6.9580766602e+03
36,1.5692849159e+00,2.6099989414e+00,1.1244262569e-02,6.9600234375e+03
37,1.5691850185e+00,2.6149988174e+00,1.1972908862e-02,6.9628652344e+03
38,1.5690600872e+00,2.6249988079e+00,1.1978168041e-02,6.9702138672e+03
39,1.5690600872e+00,2.6649987698e+00,1.2513047084e-02,6.9713784180e+03
40,1.5686850548e+00,2.6649987698e+00,1.2702864595e-02,6.9737094727e+03
41,1.5688101053e+00,2.6699988842e+00,1.3237201609e-02,6.9943740234e+03
42,1.5686602592e+00,2.6999990940e+00,1.3296546414e-02,6.9864047852e+03
43,1.5684353113e+00,2.7199990749e+00,1.3851628639e-02,7.0060747070e+03
44,1.5680103302e+00,2.7199988365e+00,1.3863432221e-02,7.0029941406e+03
45,1.5677604675e+00,2.7349987030e+00,1.4094521292e-02,7.0216406250e+03
46,1.5676354170e+00,2.6099989414e+00,1.4092684723e-02,7.0214790039e+03
47,1.5677354336e+00,2.5699989796e+00,1.4032017440e-02,7.0397001953e+03
48,1.5677604675e+00,2.5899989605e+00,1.5881733969e-02,7.0475429688e+03
49,1.5679354668e+00,2.5649988651e+00,1.5044060536e-02,7.0718647461e+03
50,1.5679854155e+00,2.5949988365e+00,1.6799317673e-02,7.0760444336e+03
51,1.5680353642e+00,2.5949988365e+00,1.5674391761e-02,7.0772138672e+03
52,1.5682605505e+00,2.5799987316e+00,1.7272809520e-02,7.1039541016e+03
53,1.5683354139e+00,2.5899987221e+00,1.6426645219e-02,7.0988168945e+03
54,1.5686355829e+00,2.5799987316e+00,1.7703155056e-02,7.1234443359e+03
55,1.5687855482e+00,2.5799989700e+00,1.6815984622e-02,7.1178759766e+03
56,1.5689107180e+00,2.6449985504e+00,1.8220931292e-02,7.1464487305e+03
57,1.5686357021e+00,2.6449985504e+00,1.9172023982e-02,7.1516416016e+03
58,1.5686106682e+00,2.6249988079e+00,1.7947196960e-02,7.1648515625e+03
59,1.5686606169e+00,2.6699988842e+00,1.8930463120e-02,7.1797998047e+03
60,1.5686855316e+00,2.6499986649e+00,1.7561931163e-02,7.1828510742e+03
61,1.5684355497e+00,2.6699986458e+00,1.7285877839e-02,7.2099643555e+03
62,1.5684105158e+00,2.6949987411e+00,1.9627751783e-02,7.2105771484e+03
63,1.5681353807e+00,2.6649987698e+00,2.0749934018e-02,7.2253803711e+03
64,1.5678604841e+00,2.6449987888e+00,2.0396742970e-02,7.2446367188e+03
65,1.5676854849e+00,2.6149988174e+00,1.9213857129e-02,7.2380747070e+03
66,1.5676352978e+00,2.6049985886e+00,2.0743539557e-02,7.2801860352e+03
67,1.5677354336e+00,2.6199989319e+00,2.1112259477e-02,7.2683408203e+03
68,1.5679855347e+00,2.6299986839e+00,1.9340461120e-02,7.2883710938e+03
69,1.5679603815e+00,2.6499986649e+00,2.1010279655e-02,7.2944687500e+03
70,1.5681855679e+00,2.6249985695e+00,2.2991720587e-02,7.3009863281e+03
71,1.5684355497e+00,2.6249988079e+00,2.1118856966e-02,7.3008784180e+03
72,1.5686105490e+00,2.6249988079e+00,2.1675571799e-02,7.3257670898e+03
73,1.5685856342e+00,2.6599986553e+00,2.3732442409e-02,7.3076093750e+03
74,1.5684856176e+00,2.6399986744e+00,2.3099556565e-02,7.3382124023e+03
75,1.5684854984e+00,2.6349987984e+00,2.2581800818e-02,7.3382338867e+03
76,1.5684604645e+00,2.6649987698e+00,2.3864666000e-02,7.3209609375e+03
77,1.5683856010e+00,2.6649990082e+00,2.3786988109e-02,7.3589970703e+03
78,1.5682854652e+00,2.6899986267e+00,2.4175470695e-02,7.3366166992e+03
79,1.5678606033e+00,2.6699986458e+00,2.4387160316e-02,7.3593764648e+03
80,1.5677604675e+00,2.6099987030e+00,2.4311861023e-02,7.3671982422e+03
81,1.5677354336e+00,2.6499989033e+00,2.4600749835e-02,7.3701547852e+03
82,1.5680105686e+00,2.6249990463e+00,2.4773878977e-02,7.3897192383e+03
83,1.5681355000e+00,2.6249990463e+00,2.4327749386e-02,7.3916538086e+03
84,1.5682855844e+00,2.6149990559e+00,2.5860261172e-02,7.4010737305e+03
85,1.5684105158e+00,2.6299989223e+00,2.5311328471e-02,7.4334062500e+03
86,1.5685606003e+00,2.6199989319e+00,2.6960700750e-02,7.4084282227e+03
87,1.5683856010e+00,2.6449987888e+00,2.6764916256e-02,7.4670971680e+03
88,1.5684856176e+00,2.6349987984e+00,2.6983855292e-02,7.4528051758e+03
89,1.5683856010e+00,2.6599986553e+00,2.6737170294e-02,7.4703442383e+03
90,1.5683106184e+00,2.6799986362e+00,2.6897568256e-02,7.5011010742e+03
91,1.5680605173e+00,2.7049987316e+00,2.6960542426e-02,7.4891020508e+03
92,1.5675603151e+00,2.6799988747e+00,2.8278008103e-02,7.4939599609e+03
93,1.5678104162e+00,2.6349985600e+00,2.6681743562e-02,7.5329946289e+03
94,1.5679603815e+00,2.6249988079e+00,2.9971173033e-02,7.5408027344e+03
95,1.5680104494e+00,2.6299986839e+00,2.9261119664e-02,7.5521962891e+03
96,1.5682605505e+00,2.6599986553e+00,2.9064251110e-02,7.5908081055e+03
97,1.5682855844e+00,2.6349987984e+00,2.8895491734e-02,7.5659394531e+03
98,1.5684103966e+00,2.6249988079e+00,2.9775978997e-02,7.6029707031e+03
99,1.5683104992e+00,2.6699986458e+00,2.8408607468e-02,7.6216826172e+03
100,1.5682605505e+00,2.6699986458e+00,3.0188880861e-02,7.6194667969e+03
101,1.5681604147e+00,2.7349987030e+00,3.0085567385e-02,7.6528457031e+03
102,1.5680855513e+00,2.7049987316e+00,3.0161624774e-02,7.6716733398e+03
103,1.5676603317e+00,2.7049987316e+00,3.1913559884e-02,7.6642490234e+03
104,1.5677354336e+00,2.6649987698e+00,2.9314167798e-02,7.7189750977e+03
105,1.5679605007e+00,2.6399989128e+00,3.2187819481e-02,7.6969633789e+03
106,1.5681104660e+00,2.6599986553e+00,2.9652902856e-02,7.7182988281e+03
107,1.5682104826e+00,2.6749987602e+00,3.3107694238e-02,7.7364560547e+03
108,1.5683356524e+00,2.6449987888e+00,3.0639514327e-02,7.7340927734e+03
109,1.5683103800e+00,2.7199985981e+00,3.2125238329e-02,7.7939648438e+03
110,1.5682355165e+00,2.6799986362e+00,3.0469881371e-02,7.8280341797e+03
111,1.5683355331e+00,2.6849989891e+00,2.9791092500e-02,7.7650483398e+03
112,1.5681104660e+00,2.6749987602e+00,3.4489616752e-02,7.7710771484e+03
113,1.5678855181e+00,2.6999986172e+00,3.1582899392e-02,7.8756582031e+03
114,1.5676604509e+00,2.6749985218e+00,3.4261457622e-02,7.7739423828e+03
115,1.5679855347e+00,2.6799986362e+00,3.3526770771e-02,7.8777563477e+03
116,1.5679605007e+00,2.6599986553e+00,3.3166050911e-02,7.8595190430e+03
117,1.5680605173e+00,2.6949987411e+00,3.5039514303e-02,7.8734135742e+03
118,1.5681605339e+00,2.6749985218e+00,3.2893951982e-02,7.8875195312e+03
119,1.5682106018e+00,2.6699988842e+00,3.5632725805e-02,7.9039316406e+03
120,1.5681355000e+00,2.6899988651e+00,3.4496784210e-02,7.9411328125e+03
121,1.5682104826e+00,2.7049987316e+00,3.3129576594e-02,7.9119970703e+03
122,1.5680603981e+00,2.7049987316e+00,3.7058260292e-02,7.9258774414e+03
123,1.5676603317e+00,2.7149989605e+00,3.3646233380e-02,7.9717109375e+03
124,1.5676354170e+00,2.6749987602e+00,3.7328675389e-02,7.9515473633e+03
125,1.5678855181e+00,2.6999986172e+00,3.8150783628e-02,7.9632070312e+03
126,1.5680354834e+00,2.6849987507e+00,3.7007361650e-02,8.0457319336e+03
127,1.5681854486e+00,2.7049989700e+00,3.4157581627e-02,8.0120073242e+03
128,1.5681855679e+00,2.6999988556e+00,3.9129853249e-02,7.9559575195e+03
129,1.5682854652e+00,2.6999986172e+00,3.5244476050e-02,8.0777060547e+03
130,1.5681104660e+00,2.7049987316e+00,3.9288353175e-02,7.9610908203e+03
131,1.5680605173e+00,2.6949987411e+00,3.5037882626e-02,8.1196875000e+03
132,1.5677353144e+00,2.7249987125e+00,3.9135381579e-02,7.9824970703e+03
133,1.5676854849e+00,2.7049987316e+00,3.7670977414e-02,8.1236606445e+03
134,1.5679104328e+00,2.6999986172e+00,3.8031440228e-02,8.0916474609e+03
135,1.5680105686e+00,2.7349987030e+00,3.9003957063e-02,8.0396987305e+03
136,1.5680354834e+00,2.7249989510e+00,3.5977814347e-02,8.1369360352e+03
137,1.5681355000e+00,2.7199988365e+00,3.7932120264e-02,8.1081767578e+03
138,1.5680855513e+00,2.7199988365e+00,3.8495369256e-02,8.0941982422e+03
139,1.5680353642e+00,2.7449986935e+00,3.9588455111e-02,8.1460239258e+03
140,1.5678855181e+00,2.7449986935e+00,3.9584267884e-02,8.1560585938e+03
141,1.5675854683e+00,2.7049987316e+00,3.7575408816e-02,8.2149882812e+03
142,1.5677356720e+00,2.7299988270e+00,4.1822660714e-02,8.1243139648e+03
143,1.5678108931e+00,2.7199985981e+00,4.0368333459e-02,8.1950839844e+03
144,1.5678112507e+00,2.7149987221e+00,4.3108396232e-02,8.2411396484e+03
145,1.5680115223e+00,2.7349987030e+00,3.9899270982e-02,8.3365634766e+03
146,1.5680618286e+00,2.7499988079e+00,3.7430349737e-02,8.1996484375e+03
147,1.5679872036e+00,2.7349987030e+00,4.1682854295e-02,8.2807597656e+03
148,1.5679124594e+00,2.7749986649e+00,4.0630228817e-02,8.2950683594e+03
149,1.5677129030e+00,2.7349987030e+00,3.9660483599e-02,8.2917636719e+03
150,1.5677630901e+00,2.7249987125e+00,4.2198982090e-02,8.3612548828e+03
151,1.5678635836e+00,2.7299985886e+00,4.1673384607e-02,8.3618857422e+03
152,1.5678887367e+00,2.7449989319e+00,4.1470028460e-02,8.3317324219e+03
153,1.5679391623e+00,2.7449986935e+00,4.0552996099e-02,8.4114980469e+03
154,1.5681143999e+00,2.7599987984e+00,4.2041949928e-02,8.3973105469e+03
155,1.5678898096e+00,2.7849988937e+00,4.2573470622e-02,8.3645683594e+03
156,1.5676651001e+00,2.7949988842e+00,3.9610590786e-02,8.5692558594e+03
157,1.5676654577e+00,2.7649986744e+00,4.6284876764e-02,8.2245839844e+03
158,1.5676658154e+00,2.7649986744e+00,4.1218794882e-02,8.5617275391e+03
159,1.5678161383e+00,2.7599985600e+00,4.2340636253e-02,8.4982880859e+03
160,1.5678164959e+00,2.7849986553e+00,4.7252211720e-02,8.4956943359e+03
161,1.5678418875e+00,2.7649986744e+00,3.9820004255e-02,8.5553486328e+03
162,1.5679671764e+00,2.7699985504e+00,4.4533021748e-02,8.5142529297e+03
163,1.5679926872e+00,2.7849986553e+00,4.2295157909e-02,8.5052529297e+03
164,1.5675679445e+00,2.7749986649e+00,4.5324042439e-02,8.5516464844e+03
165,1.5675183535e+00,2.7849986553e+00,4.1510902345e-02,8.6162558594e+03
166,1.5677436590e+00,2.7799985409e+00,4.8250753433e-02,8.4153007812e+03
167,1.5678440332e+00,2.7799985409e+00,3.7833675742e-02,8.7908417969e+03
168,1.5680192709e+00,2.7949986458e+00,4.5994408429e-02,8.4817480469e+03
169,1.5679447651e+00,2.7899985313e+00,4.4610306621e-02,8.6175517578e+03
170,1.5678950548e+00,2.7799985409e+00,4.3587319553e-02,8.6210400391e+03
171,1.5679204464e+00,2.8149986267e+00,4.5888189226e-02,8.5866972656e+03
172,1.5674709082e+00,2.8049988747e+00,4.4775459915e-02,8.6477529297e+03
173,1.5675460100e+00,2.7849986553e+00,4.5229248703e-02,8.6510566406e+03
174,1.5677965879e+00,2.7999987602e+00,4.3111670762e-02,8.7161875000e+03
175,1.5678467751e+00,2.8049986362e+00,4.3525397778e-02,8.6878027344e+03
176,1.5678220987e+00,2.8049986362e+00,4.6861518174e-02,8.5758681641e+03
177,1.5677976608e+00,2.8199985027e+00,4.8072166741e-02,8.5979472656e+03
178,1.5677729845e+00,2.8249986172e+00,4.6604439616e-02,8.8286357422e+03
179,1.5675734282e+00,2.8199985027e+00,4.6790573746e-02,8.6272812500e+03
180,1.5674986839e+00,2.8049988747e+00,4.6037189662e-02,8.7224541016e+03
181,1.5674740076e+00,2.8199985027e+00,4.6299763024e-02,8.8288359375e+03
182,1.5677745342e+00,2.8299984932e+00,4.5770790428e-02,8.6061601562e+03
183,1.5676498413e+00,2.8149986267e+00,4.6990428120e-02,8.8579228516e+03
184,1.5678502321e+00,2.8399984837e+00,4.4463660568e-02,8.7323105469e+03
185,1.5678255558e+00,2.8399987221e+00,4.7774322331e-02,8.7712275391e+03
186,1.5673259497e+00,2.8699986935e+00,4.3448559940e-02,8.8660673828e+03
187,1.5674012899e+00,2.8249986172e+00,4.6386282891e-02,8.7777216797e+03
188,1.5674517155e+00,2.8349986076e+00,4.6252686530e-02,8.7806103516e+03
189,1.5675770044e+00,2.8399987221e+00,4.8493221402e-02,8.8316103516e+03
190,1.5679024458e+00,2.8349988461e+00,4.7870296985e-02,8.8260039062e+03
191,1.5677527189e+00,2.8449985981e+00,4.8215143383e-02,8.8717216797e+03
192,1.5676530600e+00,2.8499987125e+00,4.5000933111e-02,8.8671953125e+03
193,1.5674535036e+00,2.8699986935e+00,4.7972396016e-02,8.9292255859e+03
194,1.5673286915e+00,2.8549988270e+00,4.6200409532e-02,8.8936992188e+03
195,1.5675790310e+00,2.8649985790e+00,4.5576542616e-02,9.0089765625e+03
196,1.5676792860e+00,2.8499987125e+00,4.9076363444e-02,8.8272304688e+03
197,1.5677294731e+00,2.8649985790e+00,4.6056188643e-02,9.1228798828e+03
198,1.5676295757e+00,2.8649985790e+00,4.8225831240e-02,8.9372089844e+03
199,1.5677298307e+00,2.8799984455e+00,4.7769479454e-02,8.9773720703e+03
200,1.5672048330e+00,2.8699984550e+00,4.8370081931e-02,8.9900849609e+03
201,1.5673799515e+00,2.8849983215e+00,4.7714095563e-02,9.0212890625e+03
202,1.5674802065e+00,2.8749983311e+00,5.0098765641e-02,8.9450781250e+03
203,1.5676052570e+00,2.8899984360e+00,4.8127926886e-02,9.0525546875e+03
204,1.5677053928e+00,2.8749985695e+00,4.9808222800e-02,8.9841738281e+03
205,1.5676805973e+00,2.8799984455e+00,5.0860706717e-02,8.9993535156e+03
206,1.5676559210e+00,2.9099984169e+00,5.0181634724e-02,9.1293847656e+03
207,1.5674307346e+00,2.8799986839e+00,4.9679186195e-02,8.9268876953e+03
208,1.5672559738e+00,2.8849985600e+00,5.0464801490e-02,9.1930029297e+03
209,1.5675312281e+00,2.8899984360e+00,5.2418943495e-02,9.0112060547e+03
210,1.5674813986e+00,2.9099986553e+00,5.3275421262e-02,9.0256181641e+03
211,1.5677313805e+00,2.8949985504e+00,4.9537047744e-02,9.0417148438e+03
212,1.5676816702e+00,2.9299986362e+00,4.6250119805e-02,9.1610312500e+03
213,1.5673567057e+00,2.9049985409e+00,4.9900788814e-02,9.0295654297e+03
214,1.5672568083e+00,2.8999986649e+00,4.9859751016e-02,9.1041445312e+03
215,1.5675820112e+00,2.9049985409e+00,5.0657432526e-02,9.0773642578e+03
216,1.5675070286e+00,2.9199986458e+00,4.6674899757e-02,9.1339101562e+03
217,1.5674822330e+00,2.9349985123e+00,5.1164701581e-02,9.0601025391e+03
218,1.5676074028e+00,2.9149985313e+00,4.9709979445e-02,9.2635478516e+03
219,1.5677824020e+00,2.9399983883e+00,5.1697455347e-02,9.0032822266e+03
220,1.5672825575e+00,2.9199986458e+00,5.0452765077e-02,9.2597500000e+03
221,1.5673828125e+00,2.9249987602e+00,4.7715276480e-02,9.2569453125e+03
222,1.5672826767e+00,2.9449982643e+00,5.0594307482e-02,9.1919169922e+03
223,1.5676330328e+00,2.9299983978e+00,5.2498303354e-02,9.2031191406e+03
224,1.5675330162e+00,2.9349987507e+00,5.2941177040e-02,9.2012353516e+03
225,1.5675082207e+00,2.9499986172e+00,5.6070983410e-02,9.2043886719e+03
226,1.5673583746e+00,2.9499986172e+00,4.7464419156e-02,9.2843300781e+03
227,1.5672584772e+00,2.9499986172e+00,5.4046954960e-02,9.1735146484e+03
228,1.5672835112e+00,2.9649984837e+00,4.7942973673e-02,9.2998916016e+03
229,1.5675337315e+00,2.9499983788e+00,5.5688116699e-02,9.2047089844e+03
230,1.5674086809e+00,2.9549984932e+00,4.8975083977e-02,9.3753222656e+03
231,1.5674588680e+00,2.9549984932e+00,5.0321418792e-02,9.2989716797e+03
232,1.5676090717e+00,2.9799983501e+00,4.9962550402e-02,9.2669628906e+03
233,1.5669590235e+00,2.9699983597e+00,4.9742266536e-02,9.2496972656e+03
234,1.5672591925e+00,2.9649984837e+00,5.4656643420e-02,9.3380507812e+03
235,1.5673843622e+00,2.9699985981e+00,4.9593254924e-02,9.2844453125e+03
236,1.5673593283e+00,2.9699983597e+00,5.7405143976e-02,9.2805312500e+03
237,1.5674594641e+00,2.9849987030e+00,5.4788805544e-02,9.3861406250e+03
238,1.5674846172e+00,2.9799985886e+00,5.5948913097e-02,9.2088837891e+03
239,1.5674096346e+00,3.0149981976e+00,5.0532452762e-02,9.4198955078e+03
240,1.5670847893e+00,2.9849984646e+00,5.5022690445e-02,9.2543251953e+03
241,1.5672348738e+00,2.9849987030e+00,5.2961323410e-02,9.3860302734e+03
242,1.5674850941e+00,2.9899983406e+00,5.1217466593e-02,9.3585908203e+03
243,1.5674351454e+00,3.0049986839e+00,5.2567850798e-02,9.3967294922e+03
244,1.5674853325e+00,3.0099983215e+00,5.2709601820e-02,9.3417001953e+03
245,1.5671852827e+00,3.0249986649e+00,5.2669249475e-02,9.3900917969e+03
246,1.5671353340e+00,2.9999983311e+00,5.4160322994e-02,9.4586406250e+03
247,1.5671104193e+00,3.0049984455e+00,5.3712692112e-02,9.3608291016e+03
248,1.5671856403e+00,3.0099983215e+00,5.4685086012e-02,9.3693017578e+03
249,1.5672855377e+00,3.0149984360e+00,5.0702109933e-02,9.3636611328e+03
250,1.5674856901e+00,3.0299983025e+00,5.5782139301e-02,9.3762324219e+03
251,1.5674858093e+00,3.0449984074e+00,5.1119223237e-02,9.4020234375e+03
252,1.5669858456e+00,3.0299985409e+00,5.1760666072e-02,9.3471552734e+03
253,1.5671859980e+00,3.0249984264e+00,5.3105633706e-02,9.3852343750e+03
254,1.5672111511e+00,3.0399985313e+00,5.5341608822e-02,9.4702832031e+03
255,1.5672360659e+00,3.0349984169e+00,5.4763164371e-02,9.1966318359e+03
256,1.5672111511e+00,3.0499985218e+00,5.2480384707e-02,9.4824892578e+03
257,1.5675613880e+00,3.0749983788e+00,5.4104529321e-02,9.3621328125e+03
258,1.5668112040e+00,3.0499982834e+00,5.2453234792e-02,9.5823437500e+03
259,1.5671114922e+00,3.0449984074e+00,5.3611859679e-02,9.1895673828e+03
260,1.5672864914e+00,3.0699985027e+00,5.4501768202e-02,9.6581025391e+03
261,1.5673615932e+00,3.0549983978e+00,5.3623631597e-02,9.2066738281e+03
262,1.5673866272e+00,3.0799982548e+00,5.2710130811e-02,9.5941025391e+03
263,1.5672615767e+00,3.0749981403e+00,5.4355673492e-02,9.3952685547e+03
264,1.5670367479e+00,3.0799982548e+00,5.4992012680e-02,9.4065722656e+03
265,1.5670617819e+00,3.0749981403e+00,5.4602481425e-02,9.4171542969e+03
266,1.5671617985e+00,3.0699982643e+00,5.5225137621e-02,9.4167236328e+03
267,1.5671869516e+00,3.0749983788e+00,5.1325339824e-02,9.4655556641e+03
268,1.5673620701e+00,3.0799982548e+00,5.5969789624e-02,9.4049912109e+03
269,1.5673871040e+00,3.1149985790e+00,5.2214298397e-02,9.5726474609e+03
270,1.5671372414e+00,3.0899984837e+00,5.6473191828e-02,9.3644257812e+03
271,1.5670372248e+00,3.0899982452e+00,4.7999672592e-02,9.5816298828e+03
272,1.5672622919e+00,3.0949981213e+00,6.0222752392e-02,9.2762656250e+03
273,1.5671123266e+00,3.0949985981e+00,4.9037516117e-02,9.6256142578e+03
274,1.5672374964e+00,3.1099984646e+00,5.9220187366e-02,9.3183720703e+03
275,1.5675625801e+00,3.1049983501e+00,5.0311245024e-02,9.5990136719e+03
276,1.5674626827e+00,3.1099984646e+00,5.8485649526e-02,9.2968222656e+03
277,1.5670876503e+00,3.1099982262e+00,5.5572513491e-02,9.4912343750e+03
278,1.5671377182e+00,3.1149981022e+00,5.7277951390e-02,9.4684521484e+03
279,1.5671126842e+00,3.1399984360e+00,5.7459495962e-02,9.4878115234e+03
280,1.5673627853e+00,3.1249983311e+00,5.1908571273e-02,9.5043798828e+03
281,1.5673878193e+00,3.1399984360e+00,5.6370791048e-02,9.3415136719e+03
282,1.5672378540e+00,3.1499981880e+00,5.1341667771e-02,9.6219121094e+03
283,1.5670878887e+00,3.1299984455e+00,5.6120887399e-02,9.2814843750e+03
284,1.5671879053e+00,3.1349983215e+00,5.5158969015e-02,9.5474687500e+03
285,1.5672630072e+00,3.1399984360e+00,5.4470270872e-02,9.5380458984e+03
286,1.5672880411e+00,3.1449983120e+00,5.5343452841e-02,9.4359521484e+03
287,1.5674130917e+00,3.1499981880e+00,5.6323885918e-02,9.4460585938e+03
288,1.5672382116e+00,3.1949982643e+00,5.1543753594e-02,9.6415957031e+03
289,1.5669631958e+00,3.1549980640e+00,5.8291953057e-02,9.4346455078e+03
290,1.5671883821e+00,3.1599984169e+00,5.0387542695e-02,9.4216796875e+03
291,1.5672389269e+00,3.1649985313e+00,5.6578740478e-02,9.5248994141e+03
292,1.5674891472e+00,3.1799983978e+00,5.3686775267e-02,9.4353408203e+03
293,1.5672894716e+00,3.1849982738e+00,5.6002631783e-02,9.4071650391e+03
294,1.5670647621e+00,3.1949982643e+00,5.0874948502e-02,9.5665429688e+03
295,1.5668650866e+00,3.1749982834e+00,5.1158696413e-02,9.4361562500e+03
296,1.5671154261e+00,3.1799981594e+00,5.2016727626e-02,9.4189853516e+03
297,1.5671157837e+00,3.1949982643e+00,5.2973583341e-02,9.3208779297e+03
298,1.5672659874e+00,3.1999981403e+00,5.5534776300e-02,9.3254023438e+03
299,1.5674915314e+00,3.1949980259e+00,5.5232502520e-02,9.6064501953e+03
300,1.5669167042e+00,3.2099983692e+00,5.6699283421e-02,9.1993007812e+03
301,1.5671920776e+00,3.1999983788e+00,5.3543657064e-02,9.6622939453e+03
302,1.5670922995e+00,3.2049980164e+00,5.6376494467e-02,9.1877363281e+03
303,1.5672177076e+00,3.2099978924e+00,5.3419757634e-02,9.5668906250e+03
304,1.5671679974e+00,3.2149982452e+00,5.3379531950e-02,9.2786669922e+03
305,1.5672433376e+00,3.2199981213e+00,5.5836334825e-02,9.6007089844e+03
306,1.5672185421e+00,3.2349982262e+00,5.4650060833e-02,9.0666845703e+03
307,1.5668940544e+00,3.2249979973e+00,5.4213743657e-02,9.5654531250e+03
308,1.5670194626e+00,3.2299981117e+00,5.4579641670e-02,9.5446962891e+03
309,1.5672947168e+00,3.2349979877e+00,5.1317315549e-02,9.2359238281e+03
310,1.5673698187e+00,3.2399978638e+00,5.1927193999e-02,9.2110400391e+03
311,1.5673952103e+00,3.2449982166e+00,5.4622996598e-02,9.7629101562e+03
312,1.5671204329e+00,3.2599980831e+00,5.8975532651e-02,9.1093994141e+03
313,1.5669457912e+00,3.2499978542e+00,5.0447449088e-02,9.6148359375e+03
314,1.5671461821e+00,3.2549979687e+00,5.7323228568e-02,9.1267802734e+03
315,1.5672963858e+00,3.2599980831e+00,5.2370175719e-02,9.6527255859e+03
316,1.5674467087e+00,3.2749981880e+00,5.6820161641e-02,8.9590244141e+03
317,1.5673719645e+00,3.2699980736e+00,4.9960739911e-02,9.8041699219e+03
318,1.5674222708e+00,3.2849981785e+00,5.9165880084e-02,8.8635029297e+03
319,1.5670226812e+00,3.2749979496e+00,4.9893721938e-02,9.8422744141e+03
320,1.5672978163e+00,3.2799983025e+00,5.9583209455e-02,8.7815390625e+03
321,1.5672731400e+00,3.2849979401e+00,5.6497517973e-02,9.5011923828e+03
322,1.5671985149e+00,3.2899980545e+00,5.4402992129e-02,9.4742089844e+03
323,1.5672986507e+00,3.2949979305e+00,5.5498760194e-02,9.2106865234e+03
324,1.5674240589e+00,3.3199977875e+00,5.7287842035e-02,9.2100849609e+03
325,1.5670244694e+00,3.2999980450e+00,5.2328437567e-02,9.5719550781e+03
326,1.5670496225e+00,3.3149979115e+00,5.9110376984e-02,9.0117626953e+03
327,1.5672498941e+00,3.3099977970e+00,5.0380546600e-02,9.6049316406e+03
328,1.5673501492e+00,3.3149981499e+00,5.8619048446e-02,8.9203339844e+03
329,1.5674003363e+00,3.3199980259e+00,4.9160461873e-02,9.7289023438e+03
330,1.5672507286e+00,3.3349978924e+00,6.0674365610e-02,8.7671210938e+03
331,1.5671259165e+00,3.3349981308e+00,4.7560088336e-02,9.8239091797e+03
332,1.5672262907e+00,3.3299980164e+00,6.1381466687e-02,8.6949580078e+03
333,1.5670264959e+00,3.3349978924e+00,5.8015584946e-02,9.4081230469e+03
334,1.5673267841e+00,3.3399977684e+00,5.6505125016e-02,9.3626943359e+03
335,1.5674520731e+00,3.3449978828e+00,5.5896233767e-02,9.3178007812e+03
336,1.5673272610e+00,3.3599979877e+00,5.5923517793e-02,9.3089628906e+03
337,1.5672026873e+00,3.3599979877e+00,5.4055944085e-02,9.1286845703e+03
338,1.5675779581e+00,3.3549978733e+00,5.6554961950e-02,9.2034013672e+03
339,1.5675032139e+00,3.3699979782e+00,5.3971938789e-02,9.1811064453e+03
340,1.5673283339e+00,3.3649981022e+00,5.2634302527e-02,9.1825019531e+03
341,1.5673286915e+00,3.3699979782e+00,5.6137561798e-02,9.1586972656e+03
342,1.5676538944e+00,3.3749978542e+00,5.7474147528e-02,9.2350292969e+03
343,1.5671041012e+00,3.3949983120e+00,5.5238626897e-02,9.0296933594e+03
344,1.5672793388e+00,3.3799979687e+00,5.3712513298e-02,9.2516689453e+03
345,1.5672047138e+00,3.3849978447e+00,5.1396746188e-02,9.2161113281e+03
346,1.5674049854e+00,3.3899979591e+00,4.9318552017e-02,9.0597675781e+03
347,1.5674551725e+00,3.3949980736e+00,5.6788451970e-02,8.9390703125e+03
348,1.5674052238e+00,3.3999979496e+00,5.2039034665e-02,9.3659560547e+03
349,1.5671807528e+00,3.4099981785e+00,5.6565538049e-02,8.8786523438e+03
350,1.5673309565e+00,3.4049983025e+00,5.2993878722e-02,9.3035146484e+03
351,1.5673311949e+00,3.4099979401e+00,5.4187577218e-02,8.8786113281e+03
352,1.5676313639e+00,3.4149978161e+00,5.4068390280e-02,9.2951855469e+03
353,1.5675317049e+00,3.4299979210e+00,5.6589800864e-02,8.9369658203e+03
354,1.5675817728e+00,3.4249978065e+00,5.6253425777e-02,8.9672460938e+03
355,1.5673072338e+00,3.4299979210e+00,5.7169333100e-02,9.0389189453e+03
356,1.5671821833e+00,3.4299976826e+00,5.6517366320e-02,9.0733203125e+03
357,1.5673072338e+00,3.4349977970e+00,5.4388828576e-02,8.8339589844e+03
358,1.5672823191e+00,3.4399979115e+00,5.4866638035e-02,9.2196669922e+03
359,1.5674325228e+00,3.4449977875e+00,5.6450404227e-02,8.9886650391e+03
360,1.5676075220e+00,3.4599976540e+00,4.7305941582e-02,8.9003554688e+03
361,1.5672076941e+00,3.4599976540e+00,6.2495999038e-02,8.9290839844e+03
362,1.5673577785e+00,3.4549977779e+00,5.1973000169e-02,9.0930078125e+03
363,1.5672578812e+00,3.4599978924e+00,5.6877668947e-02,8.7853164062e+03
364,1.5674080849e+00,3.4649980068e+00,5.2407883108e-02,9.1928808594e+03
365,1.5675082207e+00,3.4699978828e+00,5.7669151574e-02,8.7216728516e+03
366,1.5676584244e+00,3.4949979782e+00,5.1531031728e-02,9.0182812500e+03
367,1.5672084093e+00,3.4749979973e+00,5.6800082326e-02,8.8719150391e+03
368,1.5674085617e+00,3.4799978733e+00,5.2025511861e-02,8.7837617188e+03
369,1.5674085617e+00,3.4949977398e+00,5.6582614779e-02,8.9469189453e+03
370,1.5675088167e+00,3.4999978542e+00,5.1302518696e-02,8.7126660156e+03
371,1.5673837662e+00,3.5149979591e+00,4.9893647432e-02,8.8985517578e+03
372,1.5676088333e+00,3.4999980927e+00,5.0221018493e-02,8.8379863281e+03
373,1.5672340393e+00,3.4999978542e+00,5.3377307951e-02,8.6919814453e+03
374,1.5673592091e+00,3.5049979687e+00,5.9629593045e-02,8.6930253906e+03
375,1.5675842762e+00,3.5099980831e+00,5.2417099476e-02,8.9758603516e+03
376,1.5675344467e+00,3.5049977303e+00,5.3936615586e-02,8.6675595703e+03
377,1.5674844980e+00,3.5099980831e+00,5.5034168065e-02,8.9788691406e+03
378,1.5674345493e+00,3.5049979687e+00,5.6179322302e-02,8.6807167969e+03
379,1.5673096180e+00,3.4849979877e+00,5.3951192647e-02,8.8397421875e+03
380,1.5672597885e+00,3.4799978733e+00,5.7260360569e-02,8.6632666016e+03
381,1.5673348904e+00,3.4999978542e+00,5.1407530904e-02,8.9035839844e+03
382,1.5674349070e+00,3.4849977493e+00,5.3711391985e-02,8.6010957031e+03
383,1.5675851107e+00,3.4849979877e+00,5.2909653634e-02,8.8725039062e+03
384,1.5672852993e+00,3.4949977398e+00,5.5542569607e-02,8.6329960938e+03
385,1.5670353174e+00,3.4749979973e+00,5.2776038647e-02,8.7304384766e+03
386,1.5670852661e+00,3.4749979973e+00,5.5492773652e-02,8.6538535156e+03
387,1.5672354698e+00,3.4749977589e+00,5.3258985281e-02,8.6603945312e+03
388,1.5670604706e+00,3.4599978924e+00,5.3764764220e-02,8.6773554688e+03
389,1.5672355890e+00,3.4599981308e+00,5.4558016360e-02,8.5463037109e+03
390,1.5670607090e+00,3.4599978924e+00,5.3229305893e-02,8.7067919922e+03
391,1.5668357611e+00,3.4549977779e+00,5.5419810116e-02,8.5122792969e+03
392,1.5668108463e+00,3.4599978924e+00,5.2704520524e-02,8.6723232422e+03
393,1.5668609142e+00,3.4599978924e+00,5.4907023907e-02,8.5281064453e+03
394,1.5669360161e+00,3.4599978924e+00,5.3629040718e-02,8.6071201172e+03
395,1.5667111874e+00,3.4599981308e+00,5.4157428443e-02,8.5493818359e+03
396,1.5666362047e+00,3.4449980259e+00,5.4099362344e-02,8.5688837891e+03
397,1.5665112734e+00,3.4399979115e+00,5.4100487381e-02,8.5361162109e+03
398,1.5663614273e+00,3.4399979115e+00,5.4072659463e-02,8.5355253906e+03
399,1.5665864944e+00,3.4499981403e+00,5.4052200168e-02,8.5231191406e+03
400,1.5665864944e+00,3.4349977970e+00,5.4195061326e-02,8.4988066406e+03
401,1.5666617155e+00,3.4549980164e+00,5.3949456662e-02,8.5112753906e+03
402,1.5663866997e+00,3.4449980259e+00,5.4186463356e-02,8.4788945312e+03
403,1.5660618544e+00,3.4399979115e+00,5.3895201534e-02,8.4992421875e+03
404,1.5663619041e+00,3.4249978065e+00,5.4170262069e-02,8.4662988281e+03
405,1.5661870241e+00,3.4349977970e+00,5.3818561137e-02,8.4938212891e+03
406,1.5660868883e+00,3.4349977970e+00,5.4199568927e-02,8.4564042969e+03
407,1.5660871267e+00,3.4549977779e+00,5.3883343935e-02,8.4896894531e+03
408,1.5660121441e+00,3.4549977779e+00,5.4133974016e-02,8.4524960938e+03
409,1.5660623312e+00,3.4549977779e+00,5.4175205529e-02,8.4687080078e+03
410,1.5658123493e+00,3.4549977779e+00,5.3951326758e-02,8.4614013672e+03
411,1.5659874678e+00,3.4749977589e+00,5.4628424346e-02,8.4310429688e+03
412,1.5657875538e+00,3.4649977684e+00,5.3981114179e-02,8.4579121094e+03
413,1.5658375025e+00,3.4799976349e+00,5.4542828351e-02,8.4095898438e+03
414,1.5655126572e+00,3.4699976444e+00,5.4294936359e-02,8.4215820312e+03
415,1.5654376745e+00,3.4749977589e+00,5.4408043623e-02,8.4002978516e+03
416,1.5655627251e+00,3.4749977589e+00,5.4544106126e-02,8.3806259766e+03
417,1.5655627251e+00,3.4799978733e+00,5.4355472326e-02,8.3716435547e+03
418,1.5659129620e+00,3.4799976349e+00,5.4301287979e-02,8.3672900391e+03
419,1.5654878616e+00,3.4899976254e+00,5.4686162621e-02,8.3336806641e+03
420,1.5656129122e+00,3.5049977303e+00,5.4482690990e-02,8.3431230469e+03
421,1.5654881001e+00,3.4899978638e+00,5.4552130401e-02,8.3120664062e+03
422,1.5655632019e+00,3.4999976158e+00,5.4495323449e-02,8.3012089844e+03
423,1.5655133724e+00,3.4949977398e+00,5.4530516267e-02,8.2859619141e+03
424,1.5653882027e+00,3.5149977207e+00,5.4482057691e-02,8.2705673828e+03
425,1.5653632879e+00,3.5349977016e+00,5.4788388312e-02,8.2544892578e+03
426,1.5650134087e+00,3.5049977303e+00,5.4557360709e-02,8.2247285156e+03
427,1.5652635098e+00,3.5149974823e+00,5.4201960564e-02,8.2331591797e+03
428,1.5652135611e+00,3.5149974823e+00,5.5288307369e-02,8.1682524414e+03
429,1.5653386116e+00,3.5199975967e+00,5.3848277777e-02,8.2405595703e+03
430,1.5652636290e+00,3.5399975777e+00,5.5441450328e-02,8.1014296875e+03
431,1.5652137995e+00,3.5299978256e+00,5.4263561964e-02,8.2421328125e+03
432,1.5648137331e+00,3.5299978256e+00,5.5169053376e-02,8.0595678711e+03
433,1.5652388334e+00,3.5499978065e+00,5.4080907255e-02,8.2106093750e+03
434,1.5648138523e+00,3.5449976921e+00,5.5301770568e-02,8.0753203125e+03
435,1.5652139187e+00,3.5449976921e+00,5.4090850055e-02,8.0845356445e+03
436,1.5653392076e+00,3.5549976826e+00,5.5274691433e-02,8.0964018555e+03
437,1.5649390221e+00,3.5499975681e+00,5.3917802870e-02,8.0536826172e+03
438,1.5648391247e+00,3.5449976921e+00,5.5601503700e-02,8.0827016602e+03
439,1.5650391579e+00,3.5499978065e+00,5.3851924837e-02,8.0376152344e+03
440,1.5647892952e+00,3.5499978065e+00,5.4969623685e-02,8.0875361328e+03
441,1.5651392937e+00,3.5649976730e+00,5.2702043205e-02,8.0791445312e+03
442,1.5648895502e+00,3.5649974346e+00,5.3464513272e-02,7.9793974609e+03
443,1.5649399757e+00,3.5649976730e+00,5.5818725377e-02,8.1113476562e+03
444,1.5647900105e+00,3.5649974346e+00,5.3691189736e-02,7.9483671875e+03
445,1.5646152496e+00,3.5649976730e+00,5.5350612849e-02,8.1608862305e+03
446,1.5646153688e+00,3.5699977875e+00,5.6632898748e-02,7.9669091797e+03
447,1.5649156570e+00,3.5899975300e+00,5.5029895157e-02,8.0579057617e+03
448,1.5649158955e+00,3.5749976635e+00,5.6301783770e-02,7.9634995117e+03
449,1.5646160841e+00,3.5799975395e+00,5.4521355778e-02,8.0659882812e+03
450,1.5646163225e+00,3.5849976540e+00,5.5174395442e-02,7.9748212891e+03
451,1.5647915602e+00,3.5849976540e+00,5.5775992572e-02,8.0436430664e+03
452,1.5647917986e+00,3.5899975300e+00,5.6238129735e-02,7.9825332031e+03
453,1.5644669533e+00,3.6099975109e+00,5.4129667580e-02,8.0280996094e+03
454,1.5646922588e+00,3.5949974060e+00,5.6286841631e-02,7.9523666992e+03
455,1.5644924641e+00,3.5999977589e+00,5.1297478378e-02,8.0486176758e+03
456,1.5643426180e+00,3.6049976349e+00,5.4512251168e-02,7.9163916016e+03
457,1.5647678375e+00,3.6149973869e+00,5.2876934409e-02,8.0286787109e+03
458,1.5646680593e+00,3.6199977398e+00,5.5951286107e-02,7.8783085938e+03
459,1.5643682480e+00,3.6199975014e+00,5.4011110216e-02,8.0091069336e+03
460,1.5643185377e+00,3.6349978447e+00,5.4242160171e-02,7.8946743164e+03
461,1.5644187927e+00,3.6199975014e+00,5.4554510862e-02,7.8917167969e+03
462,1.5642939806e+00,3.6249976158e+00,5.4595347494e-02,7.8905590820e+03
463,1.5642441511e+00,3.6299977303e+00,5.5517237633e-02,7.9150449219e+03
464,1.5645445585e+00,3.6499974728e+00,5.5161863565e-02,7.8200009766e+03
465,1.5645196438e+00,3.6349973679e+00,5.5093679577e-02,7.9399985352e+03
466,1.5639950037e+00,3.6549975872e+00,5.5807642639e-02,7.7577929688e+03
467,1.5640702248e+00,3.6449975967e+00,5.4494880140e-02,7.9304604492e+03
468,1.5642954111e+00,3.6449975967e+00,5.5578749627e-02,7.7205673828e+03
469,1.5641455650e+00,3.6499974728e+00,5.4539471865e-02,7.8964750977e+03
470,1.5639958382e+00,3.6549975872e+00,5.5190902203e-02,7.7095952148e+03
471,1.5641710758e+00,3.6649975777e+00,5.7099103928e-02,7.8218349609e+03
472,1.5640213490e+00,3.6549978256e+00,5.7512540370e-02,7.7203208008e+03
473,1.5638964176e+00,3.6649978161e+00,5.5126216263e-02,7.7080283203e+03
474,1.5639467239e+00,3.6699976921e+00,5.7929195464e-02,7.7897802734e+03
475,1.5641469955e+00,3.6749975681e+00,5.8166138828e-02,7.7010224609e+03
476,1.5642969608e+00,3.6749975681e+00,5.6650198996e-02,7.7208339844e+03
477,1.5637972355e+00,3.6799974442e+00,5.5796168745e-02,7.7152084961e+03
478,1.5638474226e+00,3.6799974442e+00,5.5973254144e-02,7.6906108398e+03
479,1.5640977621e+00,3.6899974346e+00,5.6556567550e-02,7.7147719727e+03
480,1.5639228821e+00,3.6949973106e+00,5.5245470256e-02,7.6694404297e+03
481,1.5638730526e+00,3.6999974251e+00,5.6308597326e-02,7.7192788086e+03
482,1.5638482571e+00,3.6999974251e+00,5.5747248232e-02,7.6504184570e+03
483,1.5635234118e+00,3.6999971867e+00,5.6528609246e-02,7.7231508789e+03
484,1.5635986328e+00,3.7149975300e+00,5.5148780346e-02,7.6147080078e+03
485,1.5639488697e+00,3.7049975395e+00,5.6946396828e-02,7.7652211914e+03
486,1.5638239384e+00,3.7099974155e+00,5.5067140609e-02,7.5344648438e+03
487,1.5633990765e+00,3.7149972916e+00,5.3288426250e-02,7.7897265625e+03
488,1.5635744333e+00,3.7249975204e+00,5.7058557868e-02,7.5205869141e+03
489,1.5634745359e+00,3.7349975109e+00,5.6075796485e-02,7.7944306641e+03
490,1.5635247231e+00,3.7299973965e+00,5.4276645184e-02,7.5433066406e+03
491,1.5637749434e+00,3.7299973965e+00,5.9235949069e-02,7.7134038086e+03
492,1.5637000799e+00,3.7349972725e+00,5.3102921695e-02,7.5838857422e+03
493,1.5635752678e+00,3.7399973869e+00,6.0050677508e-02,7.7084287109e+03
494,1.5634253025e+00,3.7599973679e+00,6.1527695507e-02,7.5175043945e+03
495,1.5634005070e+00,3.7499976158e+00,5.8239758015e-02,7.6852675781e+03
496,1.5634757280e+00,3.7549974918e+00,5.2967146039e-02,7.6435961914e+03
497,1.5632257462e+00,3.7549972534e+00,5.9997327626e-02,7.4917587891e+03
498,1.5633760691e+00,3.7599973679e+00,5.4151382297e-02,7.6561259766e+03
499,1.5633761883e+00,3.7649974823e+00,5.9253089130e-02,7.4480898438e+03
500,1.5629763603e+00,3.7649974823e+00,5.4950006306e-02,7.5835898438e+03
501,1.5634515285e+00,3.7749974728e+00,6.0078911483e-02,7.5379526367e+03
502,1.5633015633e+00,3.7799973488e+00,5.2198451012e-02,7.5712114258e+03
503,1.5634016991e+00,3.7849974632e+00,6.2483735383e-02,7.4713666992e+03
504,1.5630269051e+00,3.7899973392e+00,6.0939799994e-02,7.4485063477e+03
505,1.5628521442e+00,3.7999973297e+00,6.2218636274e-02,7.5182504883e+03
506,1.5630272627e+00,3.7999973297e+00,5.3883414716e-02,7.6301660156e+03
507,1.5630273819e+00,3.8049972057e+00,5.8687239885e-02,7.3446845703e+03
508,1.5630526543e+00,3.7999973297e+00,5.7657107711e-02,7.5565932617e+03
509,1.5631778240e+00,3.8099975586e+00,5.7023666799e-02,7.3722104492e+03
510,1.5629279613e+00,3.8149971962e+00,5.6606806815e-02,7.4712685547e+03
511,1.5625780821e+00,3.8049974442e+00,5.5215362459e-02,7.4437773438e+03
512,1.5627031326e+00,3.8099973202e+00,5.5925007910e-02,7.3413071289e+03
513,1.5629281998e+00,3.8199973106e+00,6.0783430934e-02,7.4348852539e+03
514,1.5627784729e+00,3.8549971581e+00,5.3221739829e-02,7.4632597656e+03
515,1.5626535416e+00,3.8299973011e+00,6.0966707766e-02,7.3511225586e+03
516,1.5627037287e+00,3.8249974251e+00,5.3049314767e-02,7.4551728516e+03
517,1.5625787973e+00,3.8299975395e+00,5.7288590819e-02,7.4189057617e+03
518,1.5626289845e+00,3.8449974060e+00,5.1553528756e-02,7.3622778320e+03
519,1.5627791882e+00,3.8499972820e+00,6.2641434371e-02,7.2829843750e+03
520,1.5626292229e+00,3.8549971581e+00,5.1119271666e-02,7.5105468750e+03
521,1.5623792410e+00,3.8699972630e+00,6.2618918717e-02,7.1846665039e+03
522,1.5625545979e+00,3.8649973869e+00,5.2926652133e-02,7.5341850586e+03
523,1.5625045300e+00,3.8599972725e+00,6.1894454062e-02,7.1439921875e+03
524,1.5626049042e+00,3.8549973965e+00,5.2277676761e-02,7.5678105469e+03
525,1.5624549389e+00,3.8599972725e+00,5.4505009204e-02,7.2865307617e+03
526,1.5621299744e+00,3.8749973774e+00,5.5710315704e-02,7.2793247070e+03
527,1.5621801615e+00,3.9049973488e+00,5.3913068026e-02,7.2205922852e+03
528,1.5621552467e+00,3.8749976158e+00,6.0326371342e-02,7.2954345703e+03
529,1.5619302988e+00,3.8799974918e+00,5.6400548667e-02,7.3594853516e+03
530,1.5619053841e+00,3.8849973679e+00,5.7665541768e-02,7.3103886719e+03
531,1.5622056723e+00,3.8999972343e+00,5.7256646454e-02,7.2532827148e+03
532,1.5620307922e+00,3.9149973392e+00,5.7102099061e-02,7.4299609375e+03
533,1.5616559982e+00,3.8999972343e+00,5.9813853353e-02,7.1432597656e+03
534,1.5620061159e+00,3.8949973583e+00,5.3123358637e-02,7.4562026367e+03
535,1.5619561672e+00,3.8999972343e+00,6.3276641071e-02,7.1483696289e+03
536,1.5617811680e+00,3.9049973488e+00,5.1294922829e-02,7.4073457031e+03
537,1.5618562698e+00,3.9199972153e+00,6.4957134426e-02,7.1441826172e+03
538,1.5618563890e+00,3.9149975777e+00,6.1219338328e-02,7.2196494141e+03
539,1.5616817474e+00,3.9149973392e+00,6.0900568962e-02,7.2743461914e+03
540,1.5616067648e+00,3.9299974442e+00,5.9905424714e-02,7.3505605469e+03
541,1.5617568493e+00,3.9399974346e+00,5.5871862918e-02,7.2733720703e+03
542,1.5613067150e+00,3.9449973106e+00,6.0387283564e-02,7.0783593750e+03
543,1.5616570711e+00,3.9399974346e+00,5.5423192680e-02,7.3857255859e+03
544,1.5613319874e+00,3.9299974442e+00,5.8219976723e-02,6.9770341797e+03
545,1.5615570545e+00,3.9449973106e+00,5.9541556984e-02,7.3607636719e+03
546,1.5614321232e+00,3.9399971962e+00,5.3504768759e-02,7.0577670898e+03
547,1.5613820553e+00,3.9449973106e+00,6.2828227878e-02,7.2659072266e+03
548,1.5613820553e+00,3.9499974251e+00,6.0764919966e-02,7.1770112305e+03
549,1.5608570576e+00,3.9649975300e+00,5.7429246604e-02,7.1251782227e+03
550,1.5608571768e+00,3.9549973011e+00,6.2355160713e-02,6.9839931641e+03
551,1.5608820915e+00,3.9599971771e+00,5.3864754736e-02,7.4082900391e+03
552,1.5611571074e+00,3.9749972820e+00,6.2614843249e-02,6.6770668945e+03
553,1.5611321926e+00,3.9699974060e+00,5.2322473377e-02,7.3984833984e+03
554,1.5609822273e+00,3.9849972725e+00,6.3669748604e-02,6.9465566406e+03
555,1.5608322620e+00,3.9749970436e+00,5.5219277740e-02,7.1406298828e+03
556,1.5607821941e+00,3.9799973965e+00,6.0818441212e-02,7.1245405273e+03
557,1.5607321262e+00,3.9949972630e+00,6.0905843973e-02,7.0246162109e+03
558,1.5606822968e+00,3.9899971485e+00,5.9467121959e-02,7.0463974609e+03
559,1.5604071617e+00,3.9949975014e+00,5.5238779634e-02,7.0335942383e+03
560,1.5601072311e+00,4.0049972534e+00,5.8859895915e-02,7.1274379883e+03
561,1.5601823330e+00,3.9899973869e+00,6.0612026602e-02,6.8594531250e+03
562,1.5602571964e+00,3.9949975014e+00,5.5950921029e-02,7.3596767578e+03
563,1.5603072643e+00,4.0199971199e+00,6.4774371684e-02,6.7745078125e+03
564,1.5601572990e+00,4.0149974823e+00,5.2596259862e-02,7.2558217773e+03
565,1.5601572990e+00,4.0499973297e+00,5.9253983200e-02,6.8212084961e+03
566,1.5598323345e+00,4.0199975967e+00,5.6731574237e-02,7.1442519531e+03
567,1.5599322319e+00,4.0149974823e+00,5.9187311679e-02,6.8904770508e+03
568,1.5598574877e+00,4.0099973679e+00,6.0294486582e-02,7.1220888672e+03
569,1.5598323345e+00,4.0249977112e+00,5.7865682989e-02,6.8833486328e+03
570,1.5598323345e+00,4.0199971199e+00,5.6221563369e-02,7.1097373047e+03
571,1.5595324039e+00,4.0199971199e+00,5.9304513037e-02,7.0069736328e+03
572,1.5596573353e+00,4.0249977112e+00,5.8803994209e-02,7.0120942383e+03
573,1.5595324039e+00,4.0299973488e+00,5.5694140494e-02,6.9074096680e+03
574,1.5596573353e+00,4.0349974632e+00,6.3416801393e-02,7.0176840820e+03
575,1.5597823858e+00,4.0499973297e+00,5.4236270487e-02,6.8962968750e+03
576,1.5593574047e+00,4.0649976730e+00,5.9227153659e-02,7.0846894531e+03
577,1.5591573715e+00,4.0449972153e+00,5.2708521485e-02,6.8160507812e+03
578,1.5594074726e+00,4.0599975586e+00,5.7263888419e-02,7.0387441406e+03
579,1.5594823360e+00,4.0449972153e+00,5.6272331625e-02,6.8125302734e+03
580,1.5591824055e+00,4.0499973297e+00,6.4460113645e-02,6.9866748047e+03
581,1.5590573549e+00,4.0649971962e+00,5.6575067341e-02,6.8536137695e+03
582,1.5587573051e+00,4.0549974442e+00,5.7295773178e-02,6.9729868164e+03
583,1.5591573715e+00,4.0699973106e+00,5.9985768050e-02,6.7785791016e+03
584,1.5586323738e+00,4.0649971962e+00,6.1961472034e-02,6.9640751953e+03
585,1.5587824583e+00,4.0699973106e+00,5.6798100471e-02,6.9787924805e+03
586,1.5587073565e+00,4.0849971771e+00,6.3047453761e-02,6.8837646484e+03
587,1.5586073399e+00,4.0949974060e+00,6.1032216996e-02,6.8449726562e+03
588,1.5585823059e+00,4.0899972916e+00,5.9138011187e-02,6.8327021484e+03
589,1.5587323904e+00,4.0849971771e+00,6.2170967460e-02,6.9162431641e+03
590,1.5587573051e+00,4.0799975395e+00,5.9417203069e-02,6.6492260742e+03
591,1.5586322546e+00,4.0949974060e+00,5.8893252164e-02,7.0749472656e+03
592,1.5584323406e+00,4.0999970436e+00,6.3602373004e-02,6.4734560547e+03
593,1.5579822063e+00,4.0899972916e+00,6.1923690140e-02,6.8759072266e+03
594,1.5579073429e+00,4.0949974060e+00,6.1089206487e-02,6.8497866211e+03
595,1.5581572056e+00,4.0999970436e+00,5.9712372720e-02,6.8323784180e+03
596,1.5580821037e+00,4.1049971581e+00,5.8788437396e-02,6.7563125000e+03
597,1.5582072735e+00,4.1099972725e+00,6.2141664326e-02,6.7266181641e+03
598,1.5579322577e+00,4.1099972725e+00,5.8633822948e-02,6.8285898438e+03
599,1.5579822063e+00,4.1149973869e+00,6.1126939952e-02,6.6527153320e+03
600,1.5581322908e+00,4.1099972725e+00,5.9566296637e-02,6.8549111328e+03
601,1.5579822063e+00,4.1149973869e+00,6.2063068151e-02,6.6607465820e+03
602,1.5577571392e+00,4.1199975014e+00,5.9697847813e-02,6.8244960938e+03
603,1.5577071905e+00,4.1349973679e+00,6.0596089810e-02,6.7026445312e+03
604,1.5573570728e+00,4.1349973679e+00,6.1466395855e-02,6.7680327148e+03
605,1.5575321913e+00,4.1399974823e+00,5.9490855783e-02,6.6929882812e+03
606,1.5574320555e+00,4.1449975967e+00,5.9912361205e-02,6.7448398438e+03
607,1.5573070049e+00,4.1399974823e+00,6.0785386711e-02,6.6742768555e+03
608,1.5572819710e+00,4.1449971199e+00,6.3020728528e-02,6.7200888672e+03
609,1.5571570396e+00,4.1449971199e+00,5.9838458896e-02,6.8570209961e+03
610,1.5573819876e+00,4.1499972343e+00,6.3545830548e-02,6.5095756836e+03
611,1.5574320555e+00,4.1449971199e+00,5.8310650289e-02,6.9410458984e+03
612,1.5571568012e+00,4.1499972343e+00,6.6263690591e-02,6.3872363281e+03
613,1.5571318865e+00,4.1649971008e+00,5.9259384871e-02,6.7784375000e+03
614,1.5567820072e+00,4.1899971962e+00,6.6231474280e-02,6.6788955078e+03
615,1.5565567017e+00,4.1599974632e+00,5.8154549450e-02,6.7728647461e+03
616,1.5570068359e+00,4.1649975777e+00,6.5011098981e-02,6.5429331055e+03
617,1.5568318367e+00,4.1699976921e+00,5.7972490788e-02,6.8060781250e+03
618,1.5567567348e+00,4.1749973297e+00,6.4275264740e-02,6.4601464844e+03
619,1.5567567348e+00,4.1899976730e+00,5.7859253138e-02,6.7975439453e+03
620,1.5564817190e+00,4.1899971962e+00,5.9931673110e-02,6.5446850586e+03
621,1.5566316843e+00,4.1949973106e+00,6.2310945243e-02,6.5312558594e+03
622,1.5565315485e+00,4.1999974251e+00,6.2657892704e-02,6.6068579102e+03
623,1.5564815998e+00,4.2049970627e+00,6.1641279608e-02,6.6618432617e+03
624,1.5566565990e+00,4.1999974251e+00,6.0561086982e-02,6.5870800781e+03
625,1.5562064648e+00,4.1999974251e+00,6.3990257680e-02,6.5480312500e+03
626,1.5562064648e+00,4.1949973106e+00,5.9027623385e-02,6.6652993164e+03
627,1.5563064814e+00,4.1999974251e+00,6.5555870533e-02,6.4034799805e+03
628,1.5563315153e+00,4.2049975395e+00,5.5604990572e-02,6.7362602539e+03
629,1.5561064482e+00,4.2099971771e+00,6.8240687251e-02,6.3233452148e+03
630,1.5558311939e+00,4.2249975204e+00,5.3631581366e-02,6.7284365234e+03
631,1.5556812286e+00,4.2149972916e+00,5.8899972588e-02,6.4592412109e+03
632,1.5558061600e+00,4.2299976349e+00,6.1622951180e-02,6.4535205078e+03
633,1.5560060740e+00,4.2349972725e+00,6.0544308275e-02,6.4386923828e+03
634,1.5559310913e+00,4.2299976349e+00,5.7520393282e-02,6.4171953125e+03
635,1.5558562279e+00,4.2449975014e+00,6.1892982572e-02,6.5574985352e+03
636,1.5558810234e+00,4.2249975204e+00,6.1501797289e-02,6.4353100586e+03
637,1.5557810068e+00,4.2299976349e+00,6.3141755760e-02,6.5598222656e+03
638,1.5558559895e+00,4.2349972725e+00,6.1226252466e-02,6.4426699219e+03
639,1.5556309223e+00,4.2399973869e+00,6.2432356179e-02,6.5629707031e+03
640,1.5556559563e+00,4.2449975014e+00,6.0745522380e-02,6.3443774414e+03
641,1.5554556847e+00,4.2599973679e+00,6.3427068293e-02,6.6032065430e+03
642,1.5555307865e+00,4.2499976158e+00,5.8792270720e-02,6.3730937500e+03
643,1.5555306673e+00,4.2549972534e+00,6.5095439553e-02,6.4211562500e+03
644,1.5554056168e+00,4.2699975967e+00,6.6894866526e-02,6.3379814453e+03
645,1.5555306673e+00,4.2849974632e+00,6.7576833069e-02,6.3699526367e+03
646,1.5555055141e+00,4.2699975967e+00,6.3343025744e-02,6.5979521484e+03
647,1.5552303791e+00,4.2799973488e+00,5.9226956218e-02,6.6190087891e+03
648,1.5553554296e+00,4.2849974632e+00,6.1245325953e-02,6.1647416992e+03
649,1.5553551912e+00,4.2699975967e+00,6.3933663070e-02,6.5693276367e+03
650,1.5553052425e+00,4.2749972343e+00,5.9151954949e-02,6.1452792969e+03
651,1.5553801060e+00,4.2799973488e+00,6.3051037490e-02,6.6212885742e+03
652,1.5550549030e+00,4.3149971962e+00,6.1127457768e-02,6.1904506836e+03
653,1.5548048019e+00,4.2849974632e+00,6.1943154782e-02,6.4867490234e+03
654,1.5548547506e+00,4.2899975777e+00,6.1000682414e-02,6.2261298828e+03
655,1.5549795628e+00,4.2949976921e+00,5.8449469507e-02,6.4471630859e+03
656,1.5549545288e+00,4.2999973297e+00,5.9021532536e-02,6.3605551758e+03
657,1.5547795296e+00,4.3049974442e+00,6.3833616674e-02,6.2945717773e+03
658,1.5547044277e+00,4.3149976730e+00,6.3210658729e-02,6.2168442383e+03
659,1.5547792912e+00,4.3199973106e+00,6.4372919500e-02,6.5415996094e+03
660,1.5548793077e+00,4.3149971962e+00,6.3398681581e-02,6.0796367188e+03
661,1.5550043583e+00,4.3199973106e+00,5.9509672225e-02,6.5705375977e+03
662,1.5550041199e+00,4.3149976730e+00,6.6039822996e-02,6.1343554688e+03
663,1.5546791553e+00,4.3499975204e+00,6.1613641679e-02,6.3746875000e+03
664,1.5547292233e+00,4.3199977875e+00,6.1747770756e-02,6.3460463867e+03
665,1.5546042919e+00,4.3249974251e+00,6.4558573067e-02,6.0758569336e+03
666,1.5547045469e+00,4.3399972916e+00,6.1584006995e-02,6.3998974609e+03
667,1.5545794964e+00,4.3349976540e+00,6.5214127302e-02,6.1349038086e+03
668,1.5542795658e+00,4.3499975204e+00,6.3488252461e-02,6.3288339844e+03
669,1.5543298721e+00,4.3499975204e+00,6.1200827360e-02,6.2210307617e+03
670,1.5541800261e+00,4.3449974060e+00,6.6547110677e-02,6.2028339844e+03
671,1.5541549921e+00,4.3599977493e+00,6.3911460340e-02,6.2274785156e+03
672,1.5544803143e+00,4.3549976349e+00,6.3832111657e-02,6.1961284180e+03
673,1.5546054840e+00,4.3599972725e+00,6.4414970577e-02,6.1181967773e+03
674,1.5542304516e+00,4.3949975967e+00,5.8385130018e-02,6.5138115234e+03
675,1.5543055534e+00,4.3749971390e+00,6.3697397709e-02,5.9882675781e+03
676,1.5542058945e+00,4.3699975014e+00,5.9899069369e-02,6.2139570312e+03
677,1.5544559956e+00,4.3649973869e+00,6.5141856670e-02,5.9996264648e+03
678,1.5542811155e+00,4.3799972534e+00,6.1868876219e-02,6.3084130859e+03
679,1.5541560650e+00,4.3749976158e+00,6.2625452876e-02,5.9649311523e+03
680,1.5539312363e+00,4.3749976158e+00,6.1436600983e-02,6.1818305664e+03
681,1.5538563728e+00,4.3799977303e+00,6.3778601587e-02,6.1508149414e+03
682,1.5541064739e+00,4.3849973679e+00,6.0504723340e-02,6.2068681641e+03
683,1.5540316105e+00,4.3899974823e+00,6.7838028073e-02,6.0466674805e+03
684,1.5539066792e+00,4.3949975967e+00,5.6496486068e-02,6.2782187500e+03
685,1.5539318323e+00,4.4199972153e+00,5.9361308813e-02,6.1444160156e+03
686,1.5536820889e+00,4.3999972343e+00,5.7423286140e-02,6.1594741211e+03
687,1.5539569855e+00,4.4149971008e+00,6.1200816184e-02,5.9954838867e+03
688,1.5541071892e+00,4.4199972153e+00,6.6181398928e-02,6.0724672852e+03
689,1.5542571545e+00,4.4149975777e+00,6.1925169080e-02,6.1359287109e+03
690,1.5538573265e+00,4.4299974442e+00,6.3343301415e-02,6.1344311523e+03
691,1.5537075996e+00,4.4199972153e+00,6.3431717455e-02,5.9280180664e+03
692,1.5540075302e+00,4.4249973297e+00,5.8402977884e-02,6.3103901367e+03
693,1.5538578033e+00,4.4299974442e+00,6.8175114691e-02,5.7881455078e+03
694,1.5537829399e+00,4.4349975586e+00,5.8540210128e-02,6.3661650391e+03
695,1.5540329218e+00,4.4399976730e+00,6.7215017974e-02,5.8436196289e+03
696,1.5539079905e+00,4.4449973106e+00,6.0404732823e-02,6.1220810547e+03
697,1.5536081791e+00,4.4349975586e+00,6.4539968967e-02,5.8998876953e+03
698,1.5537581444e+00,4.4499974251e+00,6.4170740545e-02,6.1107226562e+03
699,1.5537083149e+00,4.4549975395e+00,6.6080085933e-02,5.9234667969e+03
700,1.5538835526e+00,4.4699978828e+00,6.6077575088e-02,5.9847788086e+03
701,1.5535335541e+00,4.4749975204e+00,6.1494030058e-02,6.0894921875e+03
702,1.5531837940e+00,4.4849972725e+00,6.1775919050e-02,5.9323564453e+03
703,1.5534338951e+00,4.4699974060e+00,6.9172315300e-02,5.9400205078e+03
704,1.5537338257e+00,4.4849972725e+00,6.2255114317e-02,6.0414106445e+03
705,1.5538339615e+00,4.4799976349e+00,6.3174091280e-02,5.8235766602e+03
706,1.5535842180e+00,4.4849977493e+00,6.4938992262e-02,6.1194155273e+03
707,1.5535593033e+00,4.5099973679e+00,6.3957490027e-02,5.7677412109e+03
708,1.5533593893e+00,4.4799971581e+00,6.2975510955e-02,6.1219003906e+03
709,1.5532594919e+00,4.4949975014e+00,6.6220194101e-02,5.7167138672e+03
710,1.5535593033e+00,4.4899973869e+00,6.4260013402e-02,6.1497407227e+03
711,1.5534845591e+00,4.4849972725e+00,6.5712265670e-02,5.7694291992e+03
712,1.5533347130e+00,4.4999976158e+00,6.6276676953e-02,5.9355615234e+03
713,1.5532848835e+00,4.5049977303e+00,6.1047546566e-02,5.9823310547e+03
714,1.5532348156e+00,4.4949975014e+00,6.7304685712e-02,5.6812412109e+03
715,1.5532350540e+00,4.4999971390e+00,5.9792049229e-02,6.0982167969e+03
716,1.5534601212e+00,4.5049972534e+00,6.5309666097e-02,5.6256591797e+03
717,1.5534101725e+00,4.5199971199e+00,6.0843300074e-02,6.0957343750e+03
718,1.5530852079e+00,4.5249977112e+00,6.6921859980e-02,5.6262348633e+03
719,1.5529353619e+00,4.5149974823e+00,6.5036870539e-02,5.9141157227e+03
720,1.5529602766e+00,4.5199975967e+00,6.6553421319e-02,5.8199995117e+03
721,1.5534355640e+00,4.5449976921e+00,6.3234969974e-02,5.8913383789e+03
722,1.5533857346e+00,4.5499973297e+00,6.6338039935e-02,5.7491943359e+03
723,1.5533857346e+00,4.5749974251e+00,6.2211036682e-02,5.8801752930e+03
724,1.5532109737e+00,4.5899972916e+00,6.7071169615e-02,5.6998750000e+03
725,1.5531110764e+00,4.5399975777e+00,6.7140430212e-02,5.9147285156e+03
726,1.5532110929e+00,4.5449976921e+00,6.4089477062e-02,5.7585380859e+03
727,1.5534361601e+00,4.5599975586e+00,6.7793227732e-02,5.7643710938e+03
728,1.5534861088e+00,4.5549974442e+00,6.1499677598e-02,5.7502714844e+03
729,1.5533864498e+00,4.5599975586e+00,6.6108420491e-02,5.8864472656e+03
730,1.5529614687e+00,4.5649976730e+00,6.1761155725e-02,5.6279746094e+03
731,1.5532114506e+00,4.5549974442e+00,6.0408864170e-02,5.8848193359e+03
732,1.5533366203e+00,4.5699977875e+00,6.3039682806e-02,5.7167548828e+03
733,1.5532615185e+00,4.5749974251e+00,6.6121622920e-02,5.7229365234e+03
734,1.5532616377e+00,4.5799975395e+00,6.0399111360e-02,5.8530029297e+03
735,1.5530617237e+00,4.5849971771e+00,6.6756159067e-02,5.5986767578e+03
736,1.5530869961e+00,4.5749974251e+00,6.1602164060e-02,5.8909619141e+03
737,1.5528869629e+00,4.5799975395e+00,6.5347678959e-02,5.6377758789e+03
738,1.5531121492e+00,4.5849976540e+00,6.5567299724e-02,5.6770888672e+03
739,1.5532369614e+00,4.5999975204e+00,6.3227348030e-02,5.7860361328e+03
740,1.5533121824e+00,4.6049976349e+00,6.7126005888e-02,5.5092270508e+03
741,1.5532371998e+00,4.6299972534e+00,6.1892982572e-02,5.7686352539e+03
742,1.5529125929e+00,4.6199979782e+00,6.8117603660e-02,5.6131796875e+03
743,1.5530874729e+00,4.6149973869e+00,6.0478765517e-02,5.7325014648e+03
744,1.5533626080e+00,4.6099972725e+00,6.4456515014e-02,5.5525703125e+03
745,1.5536626577e+00,4.6149973869e+00,6.2754705548e-02,5.7012875977e+03
746,1.5532125235e+00,4.6399970055e+00,6.1615571380e-02,5.7150336914e+03
747,1.5533127785e+00,4.6349973679e+00,6.5774969757e-02,5.3971918945e+03
748,1.5531628132e+00,4.6149973869e+00,6.5378844738e-02,5.6507167969e+03
749,1.5532127619e+00,4.6299972534e+00,6.5633550286e-02,5.6336650391e+03
750,1.5533878803e+00,4.6249976158e+00,6.4746513963e-02,5.7331953125e+03
751,1.5534880161e+00,4.6299972534e+00,6.5501406789e-02,5.4739531250e+03
752,1.5534880161e+00,4.6449975967e+00,6.3997723162e-02,5.6998779297e+03
753,1.5531380177e+00,4.6799974442e+00,6.3115924597e-02,5.5485146484e+03
754,1.5531631708e+00,4.6399974823e+00,6.4898982644e-02,5.5446069336e+03
755,1.5533132553e+00,4.6449975967e+00,6.1400242150e-02,5.6727519531e+03
756,1.5532882214e+00,4.6599974632e+00,6.7505419254e-02,5.4842968750e+03
757,1.5533382893e+00,4.6649975777e+00,5.9659555554e-02,5.6224560547e+03
758,1.5531134605e+00,4.6899971962e+00,6.8123914301e-02,5.4189697266e+03
759,1.5528886318e+00,4.6799974442e+00,6.1210352927e-02,5.6945107422e+03
760,1.5531636477e+00,4.6849975586e+00,6.9078229368e-02,5.3235166016e+03
761,1.5533134937e+00,4.6799974442e+00,6.0128174722e-02,5.7672944336e+03
762,1.5534884930e+00,4.6749973297e+00,6.2923111022e-02,5.4669506836e+03
763,1.5534634590e+00,4.6999974251e+00,6.2647856772e-02,5.4652871094e+03
764,1.5533635616e+00,4.7349977493e+00,6.3788704574e-02,5.4434135742e+03
765,1.5531885624e+00,4.6949973106e+00,6.2761493027e-02,5.3559843750e+03
766,1.5534884930e+00,4.7099976540e+00,6.7884378135e-02,5.5726030273e+03
767,1.5535634756e+00,4.7049975395e+00,6.1053182930e-02,5.4752583008e+03
768,1.5537383556e+00,4.6999974251e+00,6.5875917673e-02,5.4607705078e+03
769,1.5536383390e+00,4.7149972916e+00,6.1140533537e-02,5.5150493164e+03
770,1.5535633564e+00,4.7699975967e+00,6.9792583585e-02,5.4044599609e+03
771,1.5532884598e+00,4.7299976349e+00,6.0093387961e-02,5.4591494141e+03
772,1.5533133745e+00,4.7249975204e+00,6.1377048492e-02,5.5111318359e+03
773,1.5532132387e+00,4.7099971771e+00,6.2510296702e-02,5.3694956055e+03
774,1.5534132719e+00,4.7249975204e+00,6.4779043198e-02,5.3042441406e+03
775,1.5534882545e+00,4.7199974060e+00,6.4725711942e-02,5.5229970703e+03
776,1.5533131361e+00,4.7349972725e+00,6.2064614147e-02,5.3146538086e+03
777,1.5532882214e+00,4.7249975204e+00,6.4749009907e-02,5.4659453125e+03
778,1.5529881716e+00,4.7299976349e+00,6.0532093048e-02,5.3524721680e+03
779,1.5533381701e+00,4.7449975014e+00,6.6711880267e-02,5.3772382812e+03
780,1.5533879995e+00,4.7599973679e+00,6.5818361938e-02,5.3526791992e+03
781,1.5535379648e+00,4.7649974823e+00,6.5916456282e-02,5.3743681641e+03
782,1.5532381535e+00,4.7799973488e+00,6.4683355391e-02,5.3210190430e+03
783,1.5530381203e+00,4.7599978447e+00,6.2745258212e-02,5.4015454102e+03
784,1.5532629490e+00,4.7749977112e+00,6.4145162702e-02,5.2361015625e+03
785,1.5535130501e+00,4.7699975967e+00,6.5651722252e-02,5.4776469727e+03
786,1.5536630154e+00,4.7649974823e+00,6.2690310180e-02,5.1427055664e+03
787,1.5535130501e+00,4.7699975967e+00,6.1600245535e-02,5.3890063477e+03
788,1.5531877279e+00,4.8149971962e+00,6.4009115100e-02,5.2168134766e+03
789,1.5533378124e+00,4.7899975777e+00,6.7927561700e-02,5.3128100586e+03
790,1.5534878969e+00,4.7949972153e+00,6.0748327523e-02,5.4964692383e+03
791,1.5536377430e+00,4.7799978256e+00,7.1074470878e-02,5.0477246094e+03
792,1.5537127256e+00,4.7949976921e+00,5.8381125331e-02,5.4356650391e+03
793,1.5536878109e+00,4.8099975586e+00,7.1919560432e-02,5.2138320312e+03
794,1.5533876419e+00,4.8049979210e+00,6.1125706881e-02,5.2850068359e+03
795,1.5533877611e+00,4.7949976921e+00,6.4933799207e-02,5.2473295898e+03
796,1.5533376932e+00,4.7999978065e+00,6.1451695859e-02,5.2606694336e+03
797,1.5534124374e+00,4.8049979210e+00,6.8662956357e-02,5.1110522461e+03
798,1.5532126427e+00,4.8199973106e+00,6.2970921397e-02,5.2719262695e+03
799,1.5533374548e+00,4.8099980354e+00,6.3161648810e-02,5.2275732422e+03
800,1.5531873703e+00,4.8299975395e+00,6.1041139066e-02,5.1620273438e+03
801,1.5527874231e+00,4.7949976921e+00,6.4210020006e-02,5.1491972656e+03
802,1.5527873039e+00,4.8049979210e+00,6.8789735436e-02,5.2560283203e+03
803,1.5527873039e+00,4.7949976921e+00,6.1793942004e-02,5.1752500000e+03
804,1.5524122715e+00,4.8249974251e+00,6.9078266621e-02,5.1698842773e+03
805,1.5523622036e+00,4.8049974442e+00,6.0449615121e-02,5.2383686523e+03
806,1.5522371531e+00,4.8349971771e+00,7.0907399058e-02,5.0801113281e+03
807,1.5518622398e+00,4.7899975777e+00,5.8843415231e-02,5.2868857422e+03
808,1.5518369675e+00,4.7999973297e+00,7.2233542800e-02,5.0062421875e+03
809,1.5517370701e+00,4.7899975777e+00,6.7913301289e-02,5.1818256836e+03
810,1.5516618490e+00,4.7899975777e+00,6.5901413560e-02,5.2022309570e+03
811,1.5514369011e+00,4.7999978065e+00,6.1426658183e-02,5.2097548828e+03
812,1.5513368845e+00,4.8199973106e+00,7.0197314024e-02,5.0264345703e+03
813,1.5508618355e+00,4.8149976730e+00,6.3315801322e-02,5.2125644531e+03
814,1.5510118008e+00,4.8049974442e+00,6.7947946489e-02,4.9538183594e+03
815,1.5509366989e+00,4.8049974442e+00,6.1854347587e-02,5.2683300781e+03
816,1.5507867336e+00,4.7949976921e+00,6.3068740070e-02,5.0304340820e+03
817,1.5505366325e+00,4.7749977112e+00,6.3560813665e-02,5.0158120117e+03
818,1.5505616665e+00,4.7849974632e+00,6.5668031573e-02,5.0272783203e+03
819,1.5500113964e+00,4.8049974442e+00,6.4441032708e-02,5.0945468750e+03
820,1.5501364470e+00,4.7699975967e+00,6.4069174230e-02,5.0231992188e+03
821,1.5497614145e+00,4.7699975967e+00,6.6551931202e-02,5.1414243164e+03
822,1.5499613285e+00,4.7799973488e+00,6.6111236811e-02,4.9970712891e+03
823,1.5494612455e+00,4.7899975777e+00,6.3699990511e-02,5.0704765625e+03
824,1.5493861437e+00,4.7999973297e+00,6.7955017090e-02,4.9304545898e+03
825,1.5490860939e+00,4.7799973488e+00,6.4860723913e-02,5.1280595703e+03
826,1.5487358570e+00,4.7749977112e+00,6.7546494305e-02,4.8023481445e+03
827,1.5485858917e+00,4.7749972343e+00,6.4405508339e-02,5.2700708008e+03
828,1.5486359596e+00,4.7649974823e+00,6.8496599793e-02,4.7084990234e+03
829,1.5485107899e+00,4.7749972343e+00,6.3791796565e-02,5.1089819336e+03
830,1.5481107235e+00,4.7649974823e+00,6.5675459802e-02,4.9710512695e+03
831,1.5478605032e+00,4.7949976921e+00,6.5255582333e-02,4.9113486328e+03
832,1.5474853516e+00,4.7699975967e+00,6.5671846271e-02,5.0041616211e+03
833,1.5475852489e+00,4.7599978447e+00,6.5282888710e-02,4.9421318359e+03
834,1.5473604202e+00,4.7799978256e+00,6.6921375692e-02,4.8996582031e+03
835,1.5474102497e+00,4.7999973297e+00,6.7061960697e-02,4.8676293945e+03
836,1.5471100807e+00,4.7799973488e+00,6.7064441741e-02,5.0366152344e+03
837,1.5467098951e+00,4.7999978065e+00,6.3516192138e-02,5.0445844727e+03
838,1.5465598106e+00,4.7899975777e+00,6.5842799842e-02,4.6123779297e+03
839,1.5463098288e+00,4.7649974823e+00,6.1189673841e-02,5.1961303711e+03
840,1.5463845730e+00,4.7549977303e+00,6.9172888994e-02,4.6000224609e+03
841,1.5461597443e+00,4.7649974823e+00,6.0700181872e-02,5.1628544922e+03
842,1.5460594893e+00,4.7549977303e+00,6.7655093968e-02,4.6561054688e+03
843,1.5455342531e+00,4.7849974632e+00,6.2557935715e-02,5.0711826172e+03
844,1.5454843044e+00,4.7949972153e+00,6.6411547363e-02,4.7068525391e+03
845,1.5451591015e+00,4.7899975777e+00,6.3564270735e-02,5.0296020508e+03
846,1.5450839996e+00,4.7799973488e+00,6.6545031965e-02,4.6671230469e+03
847,1.5450091362e+00,4.7799973488e+00,6.2622860074e-02,5.0487231445e+03
848,1.5449589491e+00,4.7799973488e+00,6.7623503506e-02,4.6088828125e+03
849,1.5447839499e+00,4.7699975967e+00,6.5956003964e-02,4.8703422852e+03
850,1.5446586609e+00,4.7999978065e+00,6.5484672785e-02,4.8514067383e+03
851,1.5442836285e+00,4.7549972534e+00,6.5857313573e-02,4.8440336914e+03
852,1.5442833900e+00,4.7749977112e+00,6.5003976226e-02,4.8391977539e+03
853,1.5442333221e+00,4.7449975014e+00,6.3747964799e-02,4.8057138672e+03
854,1.5440082550e+00,4.7649974823e+00,6.5447367728e-02,4.7751284180e+03
855,1.5440082550e+00,4.7449975014e+00,6.3205629587e-02,4.7899541016e+03
856,1.5438330173e+00,4.7549972534e+00,6.4993858337e-02,4.8461372070e+03
857,1.5433578491e+00,4.7449975014e+00,6.4542777836e-02,4.6659155273e+03
858,1.5432327986e+00,4.7299976349e+00,6.3768133521e-02,4.8970820312e+03
859,1.5431327820e+00,4.7299976349e+00,6.6638410091e-02,4.6206567383e+03
860,1.5431075096e+00,4.7299976349e+00,6.3346743584e-02,4.8784829102e+03
861,1.5428825617e+00,4.7399973869e+00,6.4842447639e-02,4.6534414062e+03
862,1.5427074432e+00,4.7499976158e+00,6.4313903451e-02,4.7476572266e+03
863,1.5425823927e+00,4.7499976158e+00,6.2418874353e-02,4.7445927734e+03
864,1.5422823429e+00,4.7249975204e+00,6.4899615943e-02,4.6062128906e+03
865,1.5420570374e+00,4.7749977112e+00,6.4523302019e-02,4.7735908203e+03
866,1.5420820713e+00,4.7249975204e+00,6.4961984754e-02,4.6589941406e+03
867,1.5420820713e+00,4.7449975014e+00,6.4189337194e-02,4.6993066406e+03
868,1.5416067839e+00,4.7449975014e+00,6.3974387944e-02,4.7031367188e+03
869,1.5416066647e+00,4.7649974823e+00,6.6534548998e-02,4.6181655273e+03
870,1.5413315296e+00,4.7349977493e+00,6.4245417714e-02,4.6996640625e+03
871,1.5409814119e+00,4.7399978638e+00,6.4195536077e-02,4.6749389648e+03
872,1.5409314632e+00,4.7399973869e+00,6.5296947956e-02,4.6012485352e+03
873,1.5409312248e+00,4.7199974060e+00,6.4297981560e-02,4.7033818359e+03
874,1.5409312248e+00,4.7199978828e+00,6.3383206725e-02,4.6602905273e+03
875,1.5406061411e+00,4.7299976349e+00,6.6133685410e-02,4.5662319336e+03
876,1.5405808687e+00,4.7399973869e+00,6.3751578331e-02,4.7419189453e+03
877,1.5402058363e+00,4.7199974060e+00,6.6495366395e-02,4.4597763672e+03
878,1.5402557850e+00,4.7249975204e+00,6.2531106174e-02,4.7672626953e+03
879,1.5398806334e+00,4.7349972725e+00,6.6906765103e-02,4.4227290039e+03
880,1.5399556160e+00,4.7349977493e+00,6.2453173101e-02,4.7694184570e+03
881,1.5397803783e+00,4.7249975204e+00,6.7254409194e-02,4.3916235352e+03
882,1.5396054983e+00,4.7249975204e+00,6.2328472733e-02,4.7120527344e+03
883,1.5392550230e+00,4.7449975014e+00,6.6684544086e-02,4.4351992188e+03
884,1.5394052267e+00,4.7299976349e+00,6.2639266253e-02,4.6513310547e+03
885,1.5392050743e+00,4.7299976349e+00,6.5209634602e-02,4.4342934570e+03
886,1.5389800072e+00,4.7299971581e+00,6.3544124365e-02,4.6653437500e+03
887,1.5388798714e+00,4.7399978638e+00,6.3926771283e-02,4.4969233398e+03
888,1.5386047363e+00,4.7299976349e+00,6.3912928104e-02,4.4999853516e+03
889,1.5384296179e+00,4.7799973488e+00,6.3553653657e-02,4.4944897461e+03
890,1.5380045176e+00,4.7699980736e+00,6.4610227942e-02,4.4934804688e+03
891,1.5381793976e+00,4.7449975014e+00,6.4918413758e-02,4.5283300781e+03
892,1.5380043983e+00,4.7249975204e+00,6.4961425960e-02,4.5633144531e+03
893,1.5379042625e+00,4.7149972916e+00,6.5110012889e-02,4.4487416992e+03
894,1.5374541283e+00,4.7249975204e+00,6.3833966851e-02,4.6015766602e+03
895,1.5373539925e+00,4.7549977303e+00,6.6078722477e-02,4.3674326172e+03
896,1.5373289585e+00,4.7449975014e+00,6.2494505197e-02,4.6324809570e+03
897,1.5368038416e+00,4.7349977493e+00,6.6835537553e-02,4.3298095703e+03
898,1.5370537043e+00,4.7199978828e+00,6.4235657454e-02,4.6092846680e+03
899,1.5369536877e+00,4.6999979019e+00,6.5178960562e-02,4.3238203125e+03
900,1.5367785692e+00,4.7199978828e+00,6.2902815640e-02,4.5085668945e+03
901,1.5367286205e+00,4.7299976349e+00,6.2044918537e-02,4.4577202148e+03
902,1.5367283821e+00,4.7099976540e+00,6.4179018140e-02,4.3936806641e+03
903,1.5364532471e+00,4.7299976349e+00,6.4609192312e-02,4.4170205078e+03
904,1.5359532833e+00,4.7499976158e+00,6.3558697701e-02,4.4367016602e+03
905,1.5361280441e+00,4.7049975395e+00,6.5601527691e-02,4.3677197266e+03
906,1.5358529091e+00,4.7249975204e+00,6.2551967800e-02,4.4535429688e+03
907,1.5358778238e+00,4.7649974823e+00,6.5454758704e-02,4.3229067383e+03
908,1.5357527733e+00,4.7049975395e+00,6.2829002738e-02,4.4484111328e+03
909,1.5356526375e+00,4.7249975204e+00,6.5921261907e-02,4.2819995117e+03
910,1.5354775190e+00,4.7249975204e+00,6.1985496432e-02,4.4720083008e+03
911,1.5350773335e+00,4.7099976540e+00,6.6542066634e-02,4.2301220703e+03
912,1.5349522829e+00,4.7099976540e+00,6.4346671104e-02,4.3735874023e+03
913,1.5349773169e+00,4.6899976730e+00,6.5576024354e-02,4.3571918945e+03
914,1.5350022316e+00,4.7199974060e+00,6.3184075058e-02,4.3108125000e+03
915,1.5347521305e+00,4.7099971771e+00,6.4944550395e-02,4.3550678711e+03
916,1.5347518921e+00,4.6999979019e+00,6.2506914139e-02,4.2709096680e+03
917,1.5344768763e+00,4.7199974060e+00,6.5179497004e-02,4.3445986328e+03
918,1.5340516567e+00,4.6949973106e+00,6.2128081918e-02,4.2935444336e+03
919,1.5341516733e+00,4.6849975586e+00,6.2617212534e-02,4.3065556641e+03
920,1.5341265202e+00,4.7049980164e+00,6.1812467873e-02,4.2871416016e+03
921,1.5339763165e+00,4.7149972916e+00,6.5432548523e-02,4.2653002930e+03
922,1.5340764523e+00,4.6949973106e+00,6.2709011137e-02,4.2642216797e+03
923,1.5337762833e+00,4.7149977684e+00,6.4486175776e-02,4.3262978516e+03
924,1.5336761475e+00,4.7049975395e+00,6.4640268683e-02,4.2224096680e+03
925,1.5332759619e+00,4.7249975204e+00,6.4451664686e-02,4.3038886719e+03
926,1.5333009958e+00,4.6799974442e+00,6.4482659101e-02,4.2305649414e+03
927,1.5332758427e+00,4.6999974251e+00,6.6289782524e-02,4.2346772461e+03
928,1.5330007076e+00,4.6999974251e+00,6.4645342529e-02,4.3149262695e+03
929,1.5330756903e+00,4.7499976158e+00,6.1998736113e-02,4.2404663086e+03
930,1.5329254866e+00,4.7099976540e+00,6.5350450575e-02,4.2354926758e+03
931,1.5327005386e+00,4.7099976540e+00,6.2270712107e-02,4.2451259766e+03
932,1.5325504541e+00,4.6999974251e+00,6.4243428409e-02,4.2136074219e+03
933,1.5321502686e+00,4.6849975586e+00,6.4005225897e-02,4.2292382812e+03
934,1.5324501991e+00,4.6749973297e+00,6.3204072416e-02,4.1715942383e+03
935,1.5322999954e+00,4.7049975395e+00,6.5400168300e-02,4.2226176758e+03
936,1.5322250128e+00,4.6949977875e+00,6.3205443323e-02,4.1186967773e+03
937,1.5322248936e+00,4.7149972916e+00,6.0722447932e-02,4.2018017578e+03
938,1.5321499109e+00,4.6949977875e+00,6.7819461226e-02,4.1097270508e+03
939,1.5317746401e+00,4.7049975395e+00,5.8591023088e-02,4.1818593750e+03
940,1.5317246914e+00,4.6799974442e+00,6.0548063368e-02,4.1606108398e+03
941,1.5316748619e+00,4.6699976921e+00,6.1892148107e-02,4.0655629883e+03
942,1.5316499472e+00,4.6899971962e+00,6.5970234573e-02,4.0757817383e+03
943,1.5316998959e+00,4.6899976730e+00,6.1866059899e-02,4.1896328125e+03
944,1.5314499140e+00,4.6999974251e+00,6.4194947481e-02,4.0361406250e+03
945,1.5314249992e+00,4.6799979210e+00,6.3930742443e-02,4.1595502930e+03
946,1.5310001373e+00,4.6999979019e+00,6.3000440598e-02,4.0660490723e+03
947,1.5309252739e+00,4.6649975777e+00,6.5387010574e-02,4.1114296875e+03
948,1.5311753750e+00,4.6649975777e+00,6.4526520669e-02,4.0723706055e+03
949,1.5308252573e+00,4.6749973297e+00,6.5265521407e-02,4.0833486328e+03
950,1.5308753252e+00,4.6649975777e+00,6.5293088555e-02,4.1062768555e+03
951,1.5305755138e+00,4.6949977875e+00,6.0533318669e-02,4.1239057617e+03
952,1.5306754112e+00,4.6749978065e+00,6.5890520811e-02,4.0495852051e+03
953,1.5305756330e+00,4.6949977875e+00,6.5711475909e-02,4.0413732910e+03
954,1.5300256014e+00,4.7249975204e+00,6.4938880503e-02,4.1233857422e+03
955,1.5300507545e+00,4.7099976540e+00,6.4177788794e-02,4.1381230469e+03
956,1.5299006701e+00,4.6699976921e+00,6.3975974917e-02,3.9464687500e+03
957,1.5299758911e+00,4.6699972153e+00,6.2151513994e-02,4.1301474609e+03
958,1.5297758579e+00,4.6799974442e+00,6.3500821590e-02,3.9631005859e+03
959,1.5300260782e+00,4.6599979401e+00,6.2081854790e-02,4.0812209473e+03
960,1.5297259092e+00,4.6799974442e+00,6.3902303576e-02,3.9660270996e+03
961,1.5295011997e+00,4.6699976921e+00,6.3323408365e-02,3.9987163086e+03
962,1.5295259953e+00,4.6649975777e+00,6.2009032816e-02,4.0241862793e+03
963,1.5294011831e+00,4.6949973106e+00,6.5751269460e-02,3.8969140625e+03
964,1.5293011665e+00,4.6549973488e+00,5.9615410864e-02,4.0832343750e+03
965,1.5290513039e+00,4.6749978065e+00,6.8236932158e-02,3.7941250000e+03
966,1.5289762020e+00,4.6649975777e+00,5.8519862592e-02,4.1211865234e+03
967,1.5289263725e+00,4.6649975777e+00,5.9982571751e-02,3.9143735352e+03
968,1.5289264917e+00,4.6749978065e+00,6.1054281890e-02,3.8982358398e+03
969,1.5287014246e+00,4.6849975586e+00,6.2674835324e-02,3.8823166504e+03
970,1.5284516811e+00,4.6699972153e+00,6.2848128378e-02,3.9077744141e+03
971,1.5286517143e+00,4.6599979401e+00,6.3013434410e-02,3.9978063965e+03
972,1.5287015438e+00,4.6599974632e+00,6.3013076782e-02,3.8903920898e+03
973,1.5284515619e+00,4.6999979019e+00,6.3419222832e-02,3.9758327637e+03
974,1.5282018185e+00,4.6699976921e+00,6.3054464757e-02,3.8596809082e+03
975,1.5282268524e+00,4.6699972153e+00,6.3511803746e-02,3.9745039062e+03
976,1.5280020237e+00,4.6899976730e+00,6.2472123653e-02,3.8778659668e+03
977,1.5276020765e+00,4.6749978065e+00,6.4607039094e-02,3.9266479492e+03
978,1.5278271437e+00,4.6549978256e+00,6.0992725194e-02,3.9029538574e+03
979,1.5275771618e+00,4.6949977875e+00,6.6613033414e-02,3.8744785156e+03
980,1.5276520252e+00,4.6549973488e+00,6.6273398697e-02,3.8591418457e+03
981,1.5276271105e+00,4.6549978256e+00,6.5149381757e-02,3.9003244629e+03
982,1.5276522636e+00,4.6549978256e+00,6.3016213477e-02,3.9146564941e+03
983,1.5274021626e+00,4.6849975586e+00,6.4374469221e-02,3.8090368652e+03
984,1.5271772146e+00,4.6949977875e+00,6.3238151371e-02,3.9275073242e+03
985,1.5270273685e+00,4.6499977112e+00,6.5335050225e-02,3.7448491211e+03
986,1.5273272991e+00,4.6599979401e+00,6.1770126224e-02,3.9680180664e+03
987,1.5270524025e+00,4.6499977112e+00,6.4740262926e-02,3.6505407715e+03
988,1.5270774364e+00,4.6499977112e+00,6.1621572822e-02,3.8807102051e+03
989,1.5270274878e+00,4.6499977112e+00,6.3376531005e-02,3.7931337891e+03
990,1.5269274712e+00,4.6699976921e+00,6.3648581505e-02,3.7887890625e+03
991,1.5267275572e+00,4.6899976730e+00,6.1637613922e-02,3.7894257812e+03
992,1.5263776779e+00,4.6899976730e+00,6.4095944166e-02,3.8112690430e+03
993,1.5261526108e+00,4.6349978447e+00,6.1169877648e-02,3.7427636719e+03
994,1.5264776945e+00,4.6649980545e+00,6.1162233353e-02,3.8096193848e+03
995,1.5265276432e+00,4.6549978256e+00,6.1309795827e-02,3.7111447754e+03
996,1.5264779329e+00,4.6649980545e+00,6.2458265573e-02,3.7599946289e+03
997,1.5264027119e+00,4.6449975967e+00,6.2733836472e-02,3.7542102051e+03
998,1.5264027119e+00,4.6549978256e+00,6.1853684485e-02,3.7513005371e+03
999,1.5264028311e+00,4.6449975967e+00,6.4422301948e-02,3.7239377441e+03
1000,1.5261778831e+00,4.6849970818e+00,6.3466206193e-02,3.7200239258e+03
1001,1.5258280039e+00,4.6499977112e+00,6.3275612891e-02,3.7844089355e+03
1002,1.5260779858e+00,4.6599979401e+00,6.0202803463e-02,3.7503354492e+03
1003,1.5259780884e+00,4.6399974823e+00,6.4654521644e-02,3.6627312012e+03
1004,1.5259280205e+00,4.6899976730e+00,6.0419827700e-02,3.8199572754e+03
1005,1.5258278847e+00,4.6699976921e+00,6.4434185624e-02,3.5818835449e+03
1006,1.5256531239e+00,4.6699976921e+00,6.0765523463e-02,3.8729921875e+03
1007,1.5254030228e+00,4.6799979210e+00,6.4487814903e-02,3.5984570312e+03
1008,1.5248280764e+00,4.6899976730e+00,6.0472279787e-02,3.7547319336e+03
1009,1.5245282650e+00,4.6749978065e+00,6.2313478440e-02,3.6002866211e+03
1010,1.5248030424e+00,4.6649975777e+00,6.1951782554e-02,3.7897741699e+03
1011,1.5248780251e+00,4.6649980545e+00,6.2289312482e-02,3.5405229492e+03
1012,1.5251030922e+00,4.6549978256e+00,5.9091903269e-02,3.7634848633e+03
1013,1.5248030424e+00,4.6549978256e+00,6.3470214605e-02,3.5425893555e+03
1014,1.5247030258e+00,4.6349978447e+00,6.0093816370e-02,3.7641840820e+03
1015,1.5247530937e+00,4.6649975777e+00,6.4608775079e-02,3.5130659180e+03
1016,1.5243532658e+00,4.6949977875e+00,6.2468390912e-02,3.6675312500e+03
1017,1.5240781307e+00,4.6399974823e+00,6.2106996775e-02,3.6236535645e+03
1018,1.5241533518e+00,4.6499977112e+00,6.1320897192e-02,3.6454370117e+03
1019,1.5241533518e+00,4.6699976921e+00,6.0450334102e-02,3.5889509277e+03
1020,1.5242280960e+00,4.6499977112e+00,6.3900038600e-02,3.6111142578e+03
1021,1.5242031813e+00,4.6499977112e+00,6.2258489430e-02,3.5550720215e+03
1022,1.5242033005e+00,4.6399974823e+00,6.3792943954e-02,3.6323400879e+03
1023,1.5240782499e+00,4.6699976921e+00,6.0880124569e-02,3.5512321777e+03
1024,1.5240783691e+00,4.6699976921e+00,6.1403132975e-02,3.6231608887e+03
1025,1.5236532688e+00,4.6449980736e+00,6.2338609248e-02,3.5442607422e+03
1026,1.5237784386e+00,4.6449975967e+00,6.2309179455e-02,3.5703642578e+03
1027,1.5240031481e+00,4.6449975967e+00,6.2374107540e-02,3.5631076660e+03
1028,1.5239531994e+00,4.6449980736e+00,6.0606449842e-02,3.5731867676e+03
1029,1.5239284039e+00,4.6449975967e+00,6.1569530517e-02,3.5425029297e+03
1030,1.5238533020e+00,4.6549978256e+00,6.2588475645e-02,3.5638002930e+03
1031,1.5238031149e+00,4.6549978256e+00,6.1332717538e-02,3.5157248535e+03
1032,1.5235283375e+00,4.6349978447e+00,6.0426846147e-02,3.6155080566e+03
1033,1.5233283043e+00,4.6549978256e+00,6.0120761395e-02,3.5296777344e+03
1034,1.5232282877e+00,4.6399974823e+00,5.8906931430e-02,3.5180104980e+03
1035,1.5232782364e+00,4.6599974632e+00,6.0477234423e-02,3.4601293945e+03
1036,1.5234032869e+00,4.6299972534e+00,6.0966193676e-02,3.5228068848e+03
1037,1.5233532190e+00,4.6399979591e+00,5.9363279492e-02,3.5122446289e+03
1038,1.5234282017e+00,4.6299977303e+00,6.1734460294e-02,3.4949106445e+03
1039,1.5236781836e+00,4.6399974823e+00,6.1464324594e-02,3.5050981445e+03
1040,1.5234282017e+00,4.6699976921e+00,6.0659315437e-02,3.4973312988e+03
1041,1.5232529640e+00,4.6599979401e+00,5.8884102851e-02,3.4637534180e+03
1042,1.5227280855e+00,4.6849975586e+00,6.2102630734e-02,3.4539323730e+03
1043,1.5228033066e+00,4.6749978065e+00,6.0128636658e-02,3.4466833496e+03
1044,1.5225781202e+00,4.6549978256e+00,6.1617869884e-02,3.4892541504e+03
1045,1.5226531029e+00,4.6349978447e+00,6.1939559877e-02,3.4074436035e+03
1046,1.5226528645e+00,4.6349973679e+00,6.1461240053e-02,3.4547443848e+03
1047,1.5226531029e+00,4.6749978065e+00,6.0728713870e-02,3.3839982910e+03
1048,1.5226528645e+00,4.6549978256e+00,6.1645954847e-02,3.4573645020e+03
1049,1.5225778818e+00,4.6549978256e+00,6.0110051185e-02,3.3839763184e+03
1050,1.5222028494e+00,4.6649975777e+00,6.4144060016e-02,3.4388925781e+03
1051,1.5219027996e+00,4.6299977303e+00,5.6700367481e-02,3.4190747070e+03
1052,1.5218026638e+00,4.6299977303e+00,6.5560273826e-02,3.4079843750e+03
1053,1.5220276117e+00,4.6399974823e+00,6.2614604831e-02,3.4142397461e+03
1054,1.5219026804e+00,4.6399974823e+00,6.1018761247e-02,3.4112580566e+03
1055,1.5221027136e+00,4.6199975014e+00,6.1739191413e-02,3.3599101562e+03
1056,1.5223275423e+00,4.6499977112e+00,6.0140296817e-02,3.3784873047e+03
1057,1.5220525265e+00,4.6499977112e+00,6.0554038733e-02,3.4218532715e+03
1058,1.5218274593e+00,4.6599974632e+00,6.3229933381e-02,3.3259680176e+03
1059,1.5216274261e+00,4.6499977112e+00,5.8111861348e-02,3.4441887207e+03
1060,1.5214523077e+00,4.6149978638e+00,6.3150443137e-02,3.2761044922e+03
1061,1.5217022896e+00,4.6249980927e+00,5.8228485286e-02,3.4413081055e+03
1062,1.5217772722e+00,4.6349978447e+00,5.9069838375e-02,3.3268947754e+03
1063,1.5217270851e+00,4.6449975967e+00,5.9102978557e-02,3.3258522949e+03
1064,1.5218269825e+00,4.6149978638e+00,5.9844069183e-02,3.3254567871e+03
1065,1.5217020512e+00,4.6349973679e+00,5.9435132891e-02,3.3535300293e+03
1066,1.5218517780e+00,4.6349978447e+00,6.0613919050e-02,3.2931503906e+03
1067,1.5219016075e+00,4.6749982834e+00,6.0752116144e-02,3.3083530273e+03
1068,1.5214514732e+00,4.6849985123e+00,5.9495721012e-02,3.3846816406e+03
1069,1.5214264393e+00,4.6099977493e+00,5.8199379593e-02,3.2004907227e+03
1070,1.5213513374e+00,4.6499972343e+00,6.1675991863e-02,3.3611735840e+03
1071,1.5216012001e+00,4.6499977112e+00,6.1252571642e-02,3.2513662109e+03
1072,1.5212762356e+00,4.6499977112e+00,6.0419894755e-02,3.2878645020e+03
1073,1.5214009285e+00,4.6799983978e+00,5.9703789651e-02,3.2710725098e+03
1074,1.5213009119e+00,4.6399974823e+00,5.8979913592e-02,3.2687854004e+03
1075,1.5210757256e+00,4.6399974823e+00,5.9796184301e-02,3.2025083008e+03
1076,1.5208756924e+00,4.6299972534e+00,6.2357861549e-02,3.3323781738e+03
1077,1.5206255913e+00,4.6499977112e+00,5.8484677225e-02,3.2544704590e+03
1078,1.5205754042e+00,4.6249976158e+00,6.1393961310e-02,3.2303940430e+03
1079,1.5206253529e+00,4.6449975967e+00,5.7864110917e-02,3.3207709961e+03
1080,1.5208752155e+00,4.6349973679e+00,6.1816662550e-02,3.1579838867e+03
1081,1.5207252502e+00,4.6649975777e+00,6.0271456838e-02,3.2580544434e+03
1082,1.5208499432e+00,4.6449975967e+00,6.1271823943e-02,3.2885485840e+03
1083,1.5210999250e+00,4.6449975967e+00,5.8035071939e-02,3.1732663574e+03
1084,1.5208749771e+00,4.6249980927e+00,6.0014195740e-02,3.2346313477e+03
1085,1.5205247402e+00,4.6449975967e+00,5.7392474264e-02,3.2388752441e+03
1086,1.5205245018e+00,4.6349973679e+00,6.0254577547e-02,3.1548083496e+03
1087,1.5202744007e+00,4.6299977303e+00,5.8616694063e-02,3.2605920410e+03
1088,1.5201493502e+00,4.6299977303e+00,5.8642670512e-02,3.1554235840e+03
1089,1.5205492973e+00,4.6199975014e+00,6.1088070273e-02,3.1527478027e+03
1090,1.5206242800e+00,4.6299977303e+00,5.8694563806e-02,3.2696818848e+03
1091,1.5205740929e+00,4.6199979782e+00,5.9167407453e-02,3.0689321289e+03
1092,1.5205990076e+00,4.6499977112e+00,6.0068394989e-02,3.2520793457e+03
1093,1.5206739902e+00,4.6599979401e+00,5.7019088417e-02,3.1233300781e+03
1094,1.5206488371e+00,4.6699976921e+00,5.7820338756e-02,3.1861948242e+03
1095,1.5206487179e+00,4.6599979401e+00,5.8074407279e-02,3.1233933105e+03
1096,1.5202236176e+00,4.6849980354e+00,6.0172423720e-02,3.1567385254e+03
1097,1.5200484991e+00,4.6349978447e+00,5.8086406440e-02,3.1300747070e+03
1098,1.5197733641e+00,4.6649980545e+00,6.0433529317e-02,3.1508078613e+03
1099,1.5199232101e+00,4.6249976158e+00,5.7496327907e-02,3.1288679199e+03
1100,1.5198981762e+00,4.6249976158e+00,5.8359783143e-02,3.1323806152e+03
1101,1.5199980736e+00,4.6349973679e+00,5.8019928634e-02,3.1010844727e+03
1102,1.5199228525e+00,4.6449975967e+00,5.7916693389e-02,3.1274130859e+03
1103,1.5201478004e+00,4.6549978256e+00,5.9314411134e-02,3.0588291016e+03
1104,1.5199475288e+00,4.6249976158e+00,5.7426702231e-02,3.2049230957e+03
1105,1.5197725296e+00,4.6649971008e+00,5.8951020241e-02,3.0556899414e+03
1106,1.5194474459e+00,4.6299977303e+00,5.7413559407e-02,3.1061398926e+03
1107,1.5196723938e+00,4.6299977303e+00,5.9084679931e-02,3.0519826660e+03
1108,1.5197974443e+00,4.6299977303e+00,5.9071555734e-02,3.1093076172e+03
1109,1.5200222731e+00,4.6299977303e+00,5.7664129883e-02,3.0445490723e+03
1110,1.5200470686e+00,4.6399974823e+00,5.8495350182e-02,3.1157216797e+03
1111,1.5201470852e+00,4.6199975014e+00,5.7272091508e-02,3.0152102051e+03
1112,1.5201470852e+00,4.6499972343e+00,5.9737302363e-02,3.0879238281e+03
1113,1.5202969313e+00,4.6699976921e+00,5.8138679713e-02,3.0024650879e+03
1114,1.5199718475e+00,4.6699976921e+00,5.7730756700e-02,3.0496550293e+03
1115,1.5197966099e+00,4.6599974632e+00,5.9797544032e-02,3.0325214844e+03
1116,1.5196214914e+00,4.6349978447e+00,5.8980710804e-02,3.0696499023e+03
1117,1.5198714733e+00,4.6249976158e+00,5.8428976685e-02,3.0341596680e+03
1118,1.5201213360e+00,4.6449975967e+00,5.9021916240e-02,3.0079553223e+03
1119,1.5200213194e+00,4.6849975586e+00,5.7210538536e-02,3.0676467285e+03
1120,1.5197710991e+00,4.6449975967e+00,5.9800505638e-02,2.9999050293e+03
1121,1.5196709633e+00,4.6449975967e+00,5.8459781110e-02,2.9745988770e+03
1122,1.5197210312e+00,4.6349973679e+00,5.8882109821e-02,3.0191201172e+03
1123,1.5195457935e+00,4.6649975777e+00,5.7873278856e-02,2.9709128418e+03
1124,1.5192457438e+00,4.6549978256e+00,5.8959960938e-02,3.0255361328e+03
1125,1.5188206434e+00,4.6799974442e+00,5.6582126766e-02,2.9547944336e+03
1126,1.5187953711e+00,4.6699976921e+00,5.9316236526e-02,3.0076723633e+03
1127,1.5188453197e+00,4.6399974823e+00,5.5782217532e-02,2.9739504395e+03
1128,1.5191200972e+00,4.6499977112e+00,5.7172443718e-02,2.9822077637e+03
1129,1.5192701817e+00,4.6399974823e+00,5.6797750294e-02,2.9226105957e+03
1130,1.5193949938e+00,4.6099977493e+00,5.9062309563e-02,2.9604182129e+03
1131,1.5196199417e+00,4.6199979782e+00,5.5396873504e-02,2.9858652344e+03
1132,1.5196948051e+00,4.6199979782e+00,6.0895912349e-02,2.9041267090e+03
1133,1.5195448399e+00,4.6399979591e+00,5.3568933159e-02,3.0105883789e+03
1134,1.5195696354e+00,4.6899976730e+00,5.6661151350e-02,2.9119218750e+03
1135,1.5192945004e+00,4.6799974442e+00,5.6149303913e-02,2.9282890625e+03
1136,1.5190943480e+00,4.6549973488e+00,5.8902468532e-02,2.9163818359e+03
1137,1.5192443132e+00,4.6449975967e+00,5.6086380035e-02,2.9497597656e+03
1138,1.5194442272e+00,4.6449975967e+00,5.7427719235e-02,2.9143017578e+03
1139,1.5195691586e+00,4.6249976158e+00,5.6870285422e-02,2.8856745605e+03
1140,1.5195438862e+00,4.6749978065e+00,5.8758862317e-02,2.9223916016e+03
1141,1.5196437836e+00,4.6549978256e+00,5.6422512978e-02,2.8747392578e+03
1142,1.5195187330e+00,4.6649975777e+00,5.7618673891e-02,2.9393261719e+03
1143,1.5195186138e+00,4.6549978256e+00,5.9331513941e-02,2.8586406250e+03
1144,1.5191686153e+00,4.6649975777e+00,5.8073736727e-02,2.9090119629e+03
1145,1.5189183950e+00,4.6749973297e+00,5.7644471526e-02,2.8871796875e+03
1146,1.5185681581e+00,4.6299977303e+00,5.7393670082e-02,2.8622360840e+03
1147,1.5186182261e+00,4.6499977112e+00,5.6497815996e-02,2.8937707520e+03
1148,1.5187680721e+00,4.6199975014e+00,5.6258950382e-02,2.8788303223e+03
1149,1.5187928677e+00,4.6399974823e+00,5.4348845035e-02,2.8297446289e+03
1150,1.5189677477e+00,4.6299977303e+00,5.8558944613e-02,2.8604335938e+03
1151,1.5191677809e+00,4.6299977303e+00,5.4269522429e-02,2.8374521484e+03
1152,1.5194675922e+00,4.6399974823e+00,5.6417163461e-02,2.8566618652e+03
1153,1.5197675228e+00,4.6399974823e+00,5.7478643954e-02,2.8109062500e+03
1154,1.5195174217e+00,4.6199975014e+00,5.5361248553e-02,2.8542243652e+03
1155,1.5193173885e+00,4.6299977303e+00,5.8196209371e-02,2.8157331543e+03
1156,1.5187921524e+00,4.6349978447e+00,5.5037375540e-02,2.8435402832e+03
1157,1.5187419653e+00,4.6249976158e+00,5.9365000576e-02,2.7841091309e+03
1158,1.5192420483e+00,4.6649975777e+00,5.8350857347e-02,2.8003112793e+03
1159,1.5193167925e+00,4.6449975967e+00,5.8974027634e-02,2.7953808594e+03
1160,1.5196667910e+00,4.6449975967e+00,5.6778550148e-02,2.8639228516e+03
1161,1.5192167759e+00,4.6949977875e+00,5.5809896439e-02,2.7732126465e+03
1162,1.5189664364e+00,4.6749973297e+00,5.8092016727e-02,2.8009609375e+03
1163,1.5190913677e+00,4.7149977684e+00,5.3906254470e-02,2.8099782715e+03
1164,1.5192911625e+00,4.6449975967e+00,5.5676724762e-02,2.7727636719e+03
1165,1.5190911293e+00,4.6549978256e+00,5.5641960353e-02,2.7990844727e+03
1166,1.5188409090e+00,4.6549978256e+00,5.6974180043e-02,2.7594260254e+03
1167,1.5183408260e+00,4.6499977112e+00,5.5916961282e-02,2.8001914062e+03
1168,1.5184657574e+00,4.6299972534e+00,5.8527976274e-02,2.7715444336e+03
1169,1.5191155672e+00,4.6699976921e+00,5.4079841822e-02,2.7378212891e+03
1170,1.5192656517e+00,4.6299977303e+00,5.9379402548e-02,2.7537687988e+03
1171,1.5191906691e+00,4.6199975014e+00,5.8571413159e-02,2.7051970215e+03
1172,1.5190654993e+00,4.6599974632e+00,5.7241939008e-02,2.7395144043e+03
1173,1.5192153454e+00,4.6299977303e+00,5.7226948440e-02,2.7814362793e+03
1174,1.5196902752e+00,4.6499977112e+00,5.5577270687e-02,2.7136640625e+03
1175,1.5197901726e+00,4.6299977303e+00,5.6841563433e-02,2.7416037598e+03
1176,1.5194649696e+00,4.6799974442e+00,5.4805979133e-02,2.6918305664e+03
1177,1.5196399689e+00,4.6699976921e+00,5.4210290313e-02,2.7594592285e+03
1178,1.5189397335e+00,4.6649975777e+00,5.6887183338e-02,2.6602685547e+03
1179,1.5192894936e+00,4.6949973106e+00,5.3858358413e-02,2.7755466309e+03
1180,1.5193643570e+00,4.7349977493e+00,5.6658618152e-02,2.6411364746e+03
1181,1.5192639828e+00,4.6749973297e+00,5.4985824972e-02,2.7607058105e+03
1182,1.5190140009e+00,4.6449975967e+00,5.5506184697e-02,2.6174650879e+03
1183,1.5190389156e+00,4.6749978065e+00,5.4067824036e-02,2.7710952148e+03
1184,1.5190137625e+00,4.6449975967e+00,5.6687898934e-02,2.6057983398e+03
1185,1.5190886259e+00,4.6849980354e+00,5.5515468121e-02,2.7196896973e+03
1186,1.5191885233e+00,4.6449975967e+00,5.4969985038e-02,2.6942233887e+03
1187,1.5187882185e+00,4.6949977875e+00,5.5707696825e-02,2.6514643555e+03
1188,1.5189630985e+00,4.6749973297e+00,5.4816007614e-02,2.7186240234e+03
1189,1.5186629295e+00,4.7099976540e+00,5.6249041110e-02,2.6251481934e+03
1190,1.5189626217e+00,4.6399974823e+00,5.4376918823e-02,2.6963359375e+03
1191,1.5190627575e+00,4.6599974632e+00,5.6237880141e-02,2.6028972168e+03
1192,1.5192875862e+00,4.6399974823e+00,5.4498430341e-02,2.7024016113e+03
1193,1.5191872120e+00,4.6899976730e+00,5.4992713034e-02,2.5657275391e+03
1194,1.5193873644e+00,4.6699976921e+00,5.5109441280e-02,2.7095097656e+03
1195,1.5192871094e+00,4.6699972153e+00,5.5186048150e-02,2.5306594238e+03
1196,1.5195870399e+00,4.6699972153e+00,5.3043190390e-02,2.6797006836e+03
1197,1.5199617147e+00,4.6399974823e+00,5.5848330259e-02,2.5697832031e+03
1198,1.5196866989e+00,4.7499980927e+00,5.4187040776e-02,2.6749135742e+03
1199,1.5191364288e+00,4.7199974060e+00,5.4828170687e-02,2.5644851074e+03
1200,1.5183612108e+00,4.7149977684e+00,5.4578479379e-02,2.6468454590e+03
1201,1.5184611082e+00,4.6749978065e+00,5.4443877190e-02,2.5824057617e+03
1202,1.5186859369e+00,4.6849980354e+00,5.5923655629e-02,2.6147529297e+03
1203,1.5185607672e+00,4.6749978065e+00,5.2477352321e-02,2.5801740723e+03
1204,1.5186605453e+00,4.6449975967e+00,5.6552678347e-02,2.6074382324e+03
1205,1.5189354420e+00,4.6849975586e+00,5.6696325541e-02,2.5471186523e+03
1206,1.5192104578e+00,4.6649975777e+00,5.4817657918e-02,2.6309333496e+03
1207,1.5193101168e+00,4.6549978256e+00,5.1630489528e-02,2.6094360352e+03
1208,1.5190598965e+00,4.6549978256e+00,5.6499067694e-02,2.5126867676e+03
1209,1.5192598104e+00,4.6649975777e+00,5.1402729005e-02,2.6587780762e+03
1210,1.5194097757e+00,4.7049980164e+00,5.4672595114e-02,2.5029057617e+03
1211,1.5191596746e+00,4.6849975586e+00,5.2946966141e-02,2.6110974121e+03
1212,1.5186091661e+00,4.6699976921e+00,5.5639974773e-02,2.4865087891e+03
1213,1.5192590952e+00,4.6599979401e+00,5.2854325622e-02,2.6190261230e+03
1214,1.5195088387e+00,4.6499977112e+00,5.5803634226e-02,2.4445532227e+03
1215,1.5194587708e+00,4.6499977112e+00,5.5472299457e-02,2.5317326660e+03
1216,1.5197587013e+00,4.6699976921e+00,5.6274399161e-02,2.5516643066e+03
1217,1.5192832947e+00,4.7199978828e+00,5.3749274462e-02,2.5472106934e+03
1218,1.5191582441e+00,4.7399978638e+00,5.4264683276e-02,2.4990019531e+03
1219,1.5190081596e+00,4.6749978065e+00,5.4418757558e-02,2.5233759766e+03
1220,1.5189828873e+00,4.6849980354e+00,5.2889402956e-02,2.5203935547e+03
1221,1.5190327168e+00,4.6649980545e+00,5.1884062588e-02,2.5354377441e+03
1222,1.5192325115e+00,4.6849975586e+00,5.5527903140e-02,2.4808293457e+03
1223,1.5185823441e+00,4.7249975204e+00,5.1581002772e-02,2.5504809570e+03
1224,1.5182569027e+00,4.6899976730e+00,5.2188180387e-02,2.5020144043e+03
1225,1.5183569193e+00,4.6599979401e+00,5.4185416549e-02,2.4680532227e+03
1226,1.5186316967e+00,4.7099976540e+00,5.6061506271e-02,2.4899709473e+03
1227,1.5189814568e+00,4.6699976921e+00,5.1985662431e-02,2.5186215820e+03
1228,1.5192065239e+00,4.6599979401e+00,5.2574418485e-02,2.4873730469e+03
1229,1.5191314220e+00,4.6649975777e+00,5.3710184991e-02,2.4527614746e+03
1230,1.5192062855e+00,4.6849980354e+00,5.3288552910e-02,2.4920817871e+03
1231,1.5193809271e+00,4.6849975586e+00,5.3416259587e-02,2.4394370117e+03
1232,1.5198057890e+00,4.6749973297e+00,5.1313560456e-02,2.5225837402e+03
1233,1.5195806026e+00,4.6649975777e+00,5.4718364030e-02,2.3337661133e+03
1234,1.5192804337e+00,4.7149977684e+00,5.3396940231e-02,2.5392092285e+03
1235,1.5191552639e+00,4.7449975014e+00,5.2215680480e-02,2.3902692871e+03
1236,1.5184799433e+00,4.6999974251e+00,5.4233577102e-02,2.4888022461e+03
1237,1.5184547901e+00,4.6699976921e+00,5.5345028639e-02,2.3792419434e+03
1238,1.5182046890e+00,4.6349973679e+00,5.2979059517e-02,2.5040720215e+03
1239,1.5183544159e+00,4.6549978256e+00,5.3284857422e-02,2.3865129395e+03
1240,1.5186294317e+00,4.7049975395e+00,5.4827976972e-02,2.4545646973e+03
1241,1.5188541412e+00,4.6749973297e+00,5.1286771894e-02,2.4142519531e+03
1242,1.5189039707e+00,4.6849975586e+00,5.2393205464e-02,2.4578386230e+03
1243,1.5192537308e+00,4.6749973297e+00,5.2276339382e-02,2.3666635742e+03
1244,1.5190036297e+00,4.6749978065e+00,5.1813323051e-02,2.4483657227e+03
1245,1.5190534592e+00,4.6999974251e+00,5.1412433386e-02,2.4099291992e+03
1246,1.5191781521e+00,4.6699976921e+00,5.2781067789e-02,2.3708706055e+03
1247,1.5189032555e+00,4.6899976730e+00,5.1427088678e-02,2.4648344727e+03
1248,1.5187778473e+00,4.6949977875e+00,5.3713068366e-02,2.3454016113e+03
1249,1.5189528465e+00,4.6549978256e+00,5.2515979856e-02,2.4313957520e+03
1250,1.5193527937e+00,4.6449975967e+00,5.1366526634e-02,2.3326413574e+03
1251,1.5193524361e+00,4.6849975586e+00,5.3384441882e-02,2.4035258789e+03
1252,1.5192773342e+00,4.7499976158e+00,5.0739172846e-02,2.3641457520e+03
1253,1.5187520981e+00,4.6999979019e+00,5.4141204804e-02,2.3397097168e+03
1254,1.5187268257e+00,4.6999974251e+00,5.0208881497e-02,2.4047731934e+03
1255,1.5193016529e+00,4.6899976730e+00,5.4621174932e-02,2.3144208984e+03
1256,1.5190515518e+00,4.6999979019e+00,5.2386134863e-02,2.4046899414e+03
1257,1.5186512470e+00,4.6799979210e+00,5.1449682564e-02,2.3603168945e+03
1258,1.5186760426e+00,4.6849975586e+00,5.2686747164e-02,2.3011667480e+03
1259,1.5189008713e+00,4.6749978065e+00,5.1154896617e-02,2.4385554199e+03
1260,1.5186008215e+00,4.6849970818e+00,5.3255062550e-02,2.2333923340e+03
1261,1.5183504820e+00,4.6799979210e+00,5.0136070698e-02,2.4913723145e+03
1262,1.5185004473e+00,4.6799974442e+00,5.6265883148e-02,2.1961376953e+03
1263,1.5189752579e+00,4.6699976921e+00,4.8118505627e-02,2.4715937500e+03
1264,1.5190501213e+00,4.6549978256e+00,5.5594764650e-02,2.1484348145e+03
1265,1.5192999840e+00,4.6449975967e+00,4.8375681043e-02,2.5047214355e+03
1266,1.5192997456e+00,4.6849980354e+00,5.0958123058e-02,2.2467116699e+03
1267,1.5197247267e+00,4.6949973106e+00,5.0740312785e-02,2.2707292480e+03
1268,1.5196496248e+00,4.6949977875e+00,5.1323480904e-02,2.2893823242e+03
1269,1.5194494724e+00,4.7899980545e+00,5.1675219089e-02,2.3096618652e+03
1270,1.5190242529e+00,4.7099981308e+00,5.0839740783e-02,2.3139396973e+03
1271,1.5190488100e+00,4.7599973679e+00,5.1905550063e-02,2.2944086914e+03
1272,1.5189487934e+00,4.6899976730e+00,5.0836198032e-02,2.3185346680e+03
1273,1.5184233189e+00,4.7099976540e+00,5.1897194237e-02,2.2862041016e+03
1274,1.5182733536e+00,4.6949973106e+00,5.1365684718e-02,2.3090832520e+03
1275,1.5183229446e+00,4.6699976921e+00,5.1030699164e-02,2.2783327637e+03
1276,1.5186228752e+00,4.6799974442e+00,5.1444843411e-02,2.2650720215e+03
1277,1.5185728073e+00,4.6699976921e+00,5.0292097032e-02,2.3334074707e+03
1278,1.5185976028e+00,4.6599979401e+00,5.2343405783e-02,2.1706838379e+03
1279,1.5186975002e+00,4.6699976921e+00,4.9226917326e-02,2.3872343750e+03
1280,1.5192723274e+00,4.6849975586e+00,5.2784163505e-02,2.1813095703e+03
1281,1.5192221403e+00,4.6549978256e+00,4.8948403448e-02,2.2537753906e+03
1282,1.5194720030e+00,4.6749978065e+00,5.1612526178e-02,2.2226396484e+03
1283,1.5194969177e+00,4.6849975586e+00,5.0522740930e-02,2.2307666016e+03
1284,1.5194215775e+00,4.6799979210e+00,5.1562227309e-02,2.2602343750e+03
1285,1.5195965767e+00,4.7099976540e+00,5.1740717143e-02,2.2032470703e+03
1286,1.5193963051e+00,4.7899975777e+00,5.2484180778e-02,2.2914626465e+03
1287,1.5188958645e+00,4.8049974442e+00,5.1121085882e-02,2.1960175781e+03
1288,1.5182957649e+00,4.6849975586e+00,5.0216231495e-02,2.2927368164e+03
1289,1.5180706978e+00,4.7299976349e+00,5.0246320665e-02,2.1544643555e+03
1290,1.5181953907e+00,4.6999979019e+00,5.2539385855e-02,2.2744145508e+03
1291,1.5185201168e+00,4.6799974442e+00,5.2259132266e-02,2.1757995605e+03
1292,1.5185701847e+00,4.6899976730e+00,5.2908312529e-02,2.1999187012e+03
1293,1.5186948776e+00,4.6649975777e+00,5.1335744560e-02,2.2595942383e+03
1294,1.5187448263e+00,4.7049975395e+00,5.0908192992e-02,2.1675839844e+03
1295,1.5188195705e+00,4.6749978065e+00,5.1019243896e-02,2.2482114258e+03
1296,1.5191694498e+00,4.6849980354e+00,4.9942567945e-02,2.1633093262e+03
1297,1.5189192295e+00,4.6799979210e+00,5.1400028169e-02,2.2325678711e+03
1298,1.5192689896e+00,4.6999979019e+00,4.8916574568e-02,2.1656152344e+03
1299,1.5191688538e+00,4.6599974632e+00,4.7929570079e-02,2.2558630371e+03
1300,1.5190186501e+00,4.7299971581e+00,5.1923144609e-02,2.0874396973e+03
1301,1.5186436176e+00,4.6799979210e+00,4.8302143812e-02,2.2810759277e+03
1302,1.5190184116e+00,4.6699976921e+00,5.1671262830e-02,2.0625187988e+03
1303,1.5193932056e+00,4.7799978256e+00,4.9421515316e-02,2.2533186035e+03
1304,1.5188179016e+00,4.7399978638e+00,5.1017928869e-02,2.0351800537e+03
1305,1.5186927319e+00,4.7249975204e+00,4.7949213535e-02,2.3059650879e+03
1306,1.5187927485e+00,4.7149977684e+00,5.5027872324e-02,1.9401535645e+03
1307,1.5186175108e+00,4.6849975586e+00,5.2330456674e-02,2.2028254395e+03
1308,1.5186172724e+00,4.6949977875e+00,5.1407571882e-02,2.1922456055e+03
1309,1.5186671019e+00,4.6999974251e+00,5.1791246980e-02,2.1763125000e+03
1310,1.5189419985e+00,4.6899971962e+00,4.7828838229e-02,2.1761411133e+03
1311,1.5190417767e+00,4.6999974251e+00,5.3440578282e-02,2.0974191895e+03
1312,1.5185916424e+00,4.6799974442e+00,4.6351484954e-02,2.2358132324e+03
1313,1.5185413361e+00,4.7249975204e+00,5.0933547318e-02,2.0897590332e+03
1314,1.5183912516e+00,4.7449975014e+00,4.7174435109e-02,2.2011552734e+03
1315,1.5184409618e+00,4.6999979019e+00,5.2435111254e-02,2.0396076660e+03
1316,1.5184907913e+00,4.6849975586e+00,5.0282921642e-02,2.1394023438e+03
1317,1.5188405514e+00,4.6749978065e+00,5.0196483731e-02,2.1316567383e+03
1318,1.5190405846e+00,4.6949977875e+00,4.9951188266e-02,2.0709790039e+03
1319,1.5194654465e+00,4.6749973297e+00,5.0093561411e-02,2.1348652344e+03
1320,1.5196652412e+00,4.7399973869e+00,4.9604807049e-02,2.0397316895e+03
1321,1.5192151070e+00,4.7699971199e+00,5.0297092646e-02,2.1470280762e+03
1322,1.5189900398e+00,4.7499976158e+00,4.9169447273e-02,2.0287714844e+03
1323,1.5189646482e+00,4.6849970818e+00,4.8663526773e-02,2.1409758301e+03
1324,1.5186645985e+00,4.6849975586e+00,4.7979712486e-02,2.0678737793e+03
1325,1.5187144279e+00,4.7249975204e+00,5.1405373961e-02,2.0987319336e+03
1326,1.5187141895e+00,4.7249975204e+00,4.7517295927e-02,2.1016303711e+03
1327,1.5187890530e+00,4.7099976540e+00,5.1306009293e-02,2.1047192383e+03
1328,1.5182387829e+00,4.7399978638e+00,4.7243483365e-02,2.0973369141e+03
1329,1.5179133415e+00,4.7449975014e+00,5.2121005952e-02,2.0937490234e+03
1330,1.5179885626e+00,4.6699976921e+00,4.6363666654e-02,2.0597089844e+03
1331,1.5182633400e+00,4.6799974442e+00,4.7854110599e-02,2.0740410156e+03
1332,1.5185630322e+00,4.6899976730e+00,4.7521315515e-02,2.0373789062e+03
1333,1.5188879967e+00,4.6749973297e+00,4.9955438823e-02,2.0378214111e+03
1334,1.5193130970e+00,4.6749973297e+00,4.9038525671e-02,2.0155795898e+03
1335,1.5195877552e+00,4.6649971008e+00,4.9541648477e-02,2.0696694336e+03
1336,1.5198125839e+00,4.6699972153e+00,4.9167562276e-02,1.9948358154e+03
1337,1.5200874805e+00,4.6999974251e+00,4.7125421464e-02,2.0878300781e+03
1338,1.5194872618e+00,4.8199973106e+00,4.8371262848e-02,1.9916589355e+03
1339,1.5189368725e+00,4.7649974823e+00,5.0217419863e-02,2.0610559082e+03
1340,1.5190867186e+00,4.6849975586e+00,4.6677555889e-02,2.0434477539e+03
1341,1.5189117193e+00,4.7549977303e+00,5.1695942879e-02,2.0390750732e+03
1342,1.5184364319e+00,4.7399973869e+00,4.5032549649e-02,2.0539279785e+03
1343,1.5180112123e+00,4.7799973488e+00,4.5370899141e-02,2.0489069824e+03
1344,1.5176110268e+00,4.7349972725e+00,4.8386849463e-02,2.0088603516e+03
1345,1.5179108381e+00,4.6699976921e+00,5.0681322813e-02,2.0418808594e+03
1346,1.5179356337e+00,4.6599974632e+00,4.9620959908e-02,2.0425401611e+03
1347,1.5182605982e+00,4.6699976921e+00,4.9747064710e-02,1.9638244629e+03
1348,1.5186104774e+00,4.6649975777e+00,4.9019146711e-02,2.0358487549e+03
1349,1.5190603733e+00,4.6749973297e+00,4.8991102725e-02,1.9698323975e+03
1350,1.5192602873e+00,4.6849975586e+00,4.7378990799e-02,1.9568496094e+03
1351,1.5191600323e+00,4.6799974442e+00,5.0280079246e-02,1.9406839600e+03
1352,1.5198600292e+00,4.6899976730e+00,4.8250790685e-02,1.9914543457e+03
1353,1.5200350285e+00,4.6899976730e+00,4.9152594060e-02,1.9552418213e+03
1354,1.5201597214e+00,4.7449975014e+00,4.7340162098e-02,1.9961164551e+03
1355,1.5195094347e+00,4.8549971581e+00,4.8869561404e-02,1.9891696777e+03
1356,1.5190343857e+00,4.7749977112e+00,4.9889322370e-02,1.9654650879e+03
1357,1.5186588764e+00,4.7599973679e+00,4.9913045019e-02,2.0404528809e+03
1358,1.5177588463e+00,4.7899975777e+00,4.7331757843e-02,2.0011225586e+03
1359,1.5175833702e+00,4.8249974251e+00,4.9707043916e-02,1.9683024902e+03
1360,1.5173833370e+00,4.7499976158e+00,4.7853089869e-02,2.0224891357e+03
1361,1.5176582336e+00,4.7199974060e+00,4.9550857395e-02,1.9131730957e+03
1362,1.5177328587e+00,4.7149972916e+00,4.8334278166e-02,2.0027065430e+03
1363,1.5180828571e+00,4.7349977493e+00,4.8305246979e-02,1.8793552246e+03
1364,1.5184078217e+00,4.7249975204e+00,4.8761710525e-02,1.9677010498e+03
1365,1.5185825825e+00,4.7299976349e+00,4.8991788179e-02,1.8623558350e+03
1366,1.5190073252e+00,4.7099971771e+00,4.7744225711e-02,1.9724729004e+03
1367,1.5190824270e+00,4.7199974060e+00,4.8749640584e-02,1.8515223389e+03
1368,1.5190322399e+00,4.7049975395e+00,4.7340419143e-02,1.9719555664e+03
1369,1.5197319984e+00,4.7249975204e+00,4.7227963805e-02,1.9074857178e+03
1370,1.5194569826e+00,4.7099976540e+00,4.8914711922e-02,1.8751507568e+03
1371,1.5199317932e+00,4.7099976540e+00,4.6597287059e-02,2.0267153320e+03
1372,1.5194314718e+00,4.7999973297e+00,4.8510368913e-02,1.8583948975e+03
1373,1.5183061361e+00,4.8249974251e+00,4.6929843724e-02,2.0381563721e+03
1374,1.5174808502e+00,4.8049974442e+00,4.8029836267e-02,1.8734925537e+03
1375,1.5171306133e+00,4.7449975014e+00,4.7465350479e-02,2.0205633545e+03
1376,1.5170803070e+00,4.6949977875e+00,4.8204373568e-02,1.8357744141e+03
1377,1.5172052383e+00,4.7249975204e+00,4.7488421202e-02,2.0129916992e+03
1378,1.5172802210e+00,4.6899971962e+00,4.8115558922e-02,1.7893002930e+03
1379,1.5173299313e+00,4.6899976730e+00,4.8080846667e-02,1.9904180908e+03
1380,1.5175046921e+00,4.6949973106e+00,4.7222390771e-02,1.7421840820e+03
1381,1.5178797245e+00,4.6849975586e+00,4.5811548829e-02,1.9202203369e+03
1382,1.5180294514e+00,4.6749973297e+00,4.7024782747e-02,1.8564739990e+03
1383,1.5184042454e+00,4.7099976540e+00,4.8406951129e-02,1.8216185303e+03
1384,1.5186042786e+00,4.6699976921e+00,4.5559946448e-02,1.9085755615e+03
1385,1.5189791918e+00,4.6949977875e+00,4.8135131598e-02,1.8197464600e+03
1386,1.5189540386e+00,4.6749973297e+00,4.6441663057e-02,1.9371710205e+03
1387,1.5192037821e+00,4.6799974442e+00,4.6950399876e-02,1.8438045654e+03
1388,1.5192536116e+00,4.6899976730e+00,4.7025334090e-02,1.9448077393e+03
1389,1.5194034576e+00,4.8499975204e+00,4.6663884073e-02,1.8625920410e+03
1390,1.5178281069e+00,4.8749971390e+00,4.6467401087e-02,1.9581713867e+03
1391,1.5170526505e+00,4.7399973869e+00,4.7345202416e-02,1.8311043701e+03
1392,1.5168776512e+00,4.7149977684e+00,4.6488136053e-02,1.8831383057e+03
1393,1.5170273781e+00,4.6749978065e+00,4.8557832837e-02,1.8638228760e+03
1394,1.5171272755e+00,4.6999974251e+00,4.4976238161e-02,1.9335836182e+03
1395,1.5170271397e+00,4.6799974442e+00,4.9090202898e-02,1.7143315430e+03
1396,1.5176019669e+00,4.7099976540e+00,4.4890251011e-02,1.9965919189e+03
1397,1.5179017782e+00,4.6849975586e+00,4.9478463829e-02,1.5979029541e+03
1398,1.5176765919e+00,4.6949973106e+00,4.3707225472e-02,2.0326862793e+03
1399,1.5179765224e+00,4.6899976730e+00,4.8728246242e-02,1.6666019287e+03
1400,1.5183262825e+00,4.6799979210e+00,4.4549152255e-02,1.8640291748e+03
1401,1.5184011459e+00,4.7049975395e+00,4.7722596675e-02,1.7042006836e+03
1402,1.5184261799e+00,4.6749973297e+00,4.5804560184e-02,1.8904538574e+03
1403,1.5189509392e+00,4.6899971962e+00,4.5393757522e-02,1.7997026367e+03
1404,1.5192258358e+00,4.6799974442e+00,4.6444144100e-02,1.8033874512e+03
1405,1.5194509029e+00,4.7099971771e+00,4.6455029398e-02,1.8965024414e+03
1406,1.5194506645e+00,4.7549972534e+00,4.8625689000e-02,1.7641816406e+03
1407,1.5179252625e+00,4.9099969864e+00,4.7324102372e-02,1.9495478516e+03
1408,1.5169001818e+00,4.7849969864e+00,4.3686792254e-02,1.8425002441e+03
1409,1.5168501139e+00,4.7449975014e+00,5.1040269434e-02,1.7446778564e+03
1410,1.5169999599e+00,4.7199974060e+00,4.0786720812e-02,1.9818818359e+03
1411,1.5171248913e+00,4.7099971771e+00,5.2021794021e-02,1.5878262939e+03
1412,1.5168248415e+00,4.6949977875e+00,4.1877541691e-02,1.9509128418e+03
1413,1.5172996521e+00,4.7049975395e+00,4.9001321197e-02,1.6325843506e+03
1414,1.5174496174e+00,4.6799974442e+00,4.5207515359e-02,1.8231571045e+03
1415,1.5173494816e+00,4.6799974442e+00,4.8081617802e-02,1.6562766113e+03
1416,1.5175497532e+00,4.7149972916e+00,4.3413005769e-02,1.8439774170e+03
1417,1.5178496838e+00,4.7149972916e+00,4.7546494752e-02,1.6362021484e+03
1418,1.5181000233e+00,4.7099971771e+00,4.2771764100e-02,1.8815955811e+03
1419,1.5180499554e+00,4.6999974251e+00,4.8012759537e-02,1.6226834717e+03
1420,1.5183252096e+00,4.7049970627e+00,4.3028514832e-02,1.9561878662e+03
1421,1.5186505318e+00,4.7349972725e+00,4.7391220927e-02,1.6084715576e+03
1422,1.5186007023e+00,4.7099971771e+00,4.2900156230e-02,2.0344421387e+03
1423,1.5188257694e+00,4.7299976349e+00,4.4896129519e-02,1.7446988525e+03
1424,1.5183007717e+00,4.9299974442e+00,4.3905675411e-02,1.7890612793e+03
1425,1.5173258781e+00,4.7899975777e+00,4.3204400688e-02,1.7694890137e+03
1426,1.5169758797e+00,4.7349972725e+00,4.7835312784e-02,1.7546571045e+03
1427,1.5166012049e+00,4.7149972916e+00,4.3490272015e-02,1.7967973633e+03
1428,1.5167512894e+00,4.7199974060e+00,4.6536408365e-02,1.7132374268e+03
1429,1.5167014599e+00,4.7399978638e+00,4.6331081539e-02,1.7098344727e+03
1430,1.5167015791e+00,4.7149972916e+00,4.4469520450e-02,1.7550430908e+03
1431,1.5169017315e+00,4.6949973106e+00,4.6784348786e-02,1.5950930176e+03
1432,1.5169768333e+00,4.6999974251e+00,4.3389756233e-02,1.7701127930e+03
1433,1.5173521042e+00,4.6999974251e+00,4.6179648489e-02,1.5621252441e+03
1434,1.5171523094e+00,4.7149972916e+00,4.3216023594e-02,1.8301752930e+03
1435,1.5174527168e+00,4.7049975395e+00,4.5734006912e-02,1.5323575439e+03
1436,1.5177278519e+00,4.7099976540e+00,4.2349178344e-02,1.8388815918e+03
1437,1.5178279877e+00,4.6899971962e+00,4.5592911541e-02,1.6529699707e+03
1438,1.5179281235e+00,4.7149972916e+00,4.4732995331e-02,1.8261212158e+03
1439,1.5180282593e+00,4.7149972916e+00,4.3950106949e-02,1.6851538086e+03
1440,1.5184534788e+00,4.7499976158e+00,4.7086820006e-02,1.7791505127e+03
1441,1.5185537338e+00,4.7599973679e+00,4.1600983590e-02,1.7946727295e+03
1442,1.5179538727e+00,4.9099974632e+00,4.8278745264e-02,1.6716944580e+03
1443,1.5169038773e+00,4.7799973488e+00,4.1187524796e-02,1.8307492676e+03
1444,1.5165289640e+00,4.7549977303e+00,4.7436255962e-02,1.6052828369e+03
1445,1.5165042877e+00,4.7449979782e+00,4.4978447258e-02,1.7479329834e+03
1446,1.5168294907e+00,4.7599973679e+00,4.4883213937e-02,1.6476522217e+03
1447,1.5164295435e+00,4.7549972534e+00,4.6588957310e-02,1.6057482910e+03
1448,1.5164797306e+00,4.7549977303e+00,4.1955474764e-02,1.8062154541e+03
1449,1.5164549351e+00,4.7399973869e+00,4.7144167125e-02,1.4488048096e+03
1450,1.5165301561e+00,4.7399973869e+00,4.1254024953e-02,1.8746767578e+03
1451,1.5169053078e+00,4.7349977493e+00,4.6928733587e-02,1.4106120605e+03
1452,1.5165306330e+00,4.7149977684e+00,4.1349623352e-02,1.8982569580e+03
1453,1.5170807838e+00,4.7499976158e+00,4.6259719878e-02,1.4970424805e+03
1454,1.5174310207e+00,4.7299976349e+00,4.1829258204e-02,1.7982988281e+03
1455,1.5172061920e+00,4.7249975204e+00,4.4837489724e-02,1.5360509033e+03
1456,1.5176066160e+00,4.7349977493e+00,4.3085820973e-02,1.8476405029e+03
1457,1.5174816847e+00,4.7599973679e+00,4.4025178999e-02,1.5282927246e+03
1458,1.5180068016e+00,4.7249975204e+00,4.3561667204e-02,1.8587358398e+03
1459,1.5178320408e+00,4.7249975204e+00,4.3612472713e-02,1.5113251953e+03
1460,1.5179574490e+00,4.8099975586e+00,4.0391132236e-02,1.7883127441e+03
1461,1.5168323517e+00,4.8749976158e+00,4.3460186571e-02,1.6167441406e+03
1462,1.5164575577e+00,4.7899975777e+00,4.3533921242e-02,1.7184669189e+03
1463,1.5160326958e+00,4.7899975777e+00,4.3370101601e-02,1.5795996094e+03
1464,1.5164328814e+00,4.7749977112e+00,4.3381281197e-02,1.7191883545e+03
1465,1.5165332556e+00,4.7599978447e+00,4.4854354113e-02,1.4996854248e+03
1466,1.5161081553e+00,4.7499976158e+00,4.1553936899e-02,1.7641859131e+03
1467,1.5163335800e+00,4.7749972343e+00,4.6251840889e-02,1.3947789307e+03
1468,1.5162587166e+00,4.7449975014e+00,4.2958982289e-02,1.6669221191e+03
1469,1.5162589550e+00,4.7399973869e+00,4.4115819037e-02,1.5997033691e+03
1470,1.5164841413e+00,4.7749972343e+00,4.5242361724e-02,1.6163807373e+03
1471,1.5165845156e+00,4.7549977303e+00,4.1915964335e-02,1.6163774414e+03
1472,1.5170347691e+00,4.7499976158e+00,4.4943138957e-02,1.6035167236e+03
1473,1.5170099735e+00,4.7899975777e+00,4.1406758130e-02,1.6484743652e+03
1474,1.5168851614e+00,4.7649974823e+00,4.4953193516e-02,1.6344698486e+03
1475,1.5173854828e+00,4.7849974632e+00,4.1598752141e-02,1.6286738281e+03
1476,1.5173106194e+00,4.8099975586e+00,4.0746007115e-02,1.7149212646e+03
1477,1.5173108578e+00,4.7549977303e+00,4.1218299419e-02,1.5825793457e+03
1478,1.5177111626e+00,4.7649974823e+00,4.5961778611e-02,1.6273081055e+03
1479,1.5175364017e+00,4.8399972916e+00,4.0608175099e-02,1.6845361328e+03
1480,1.5171116590e+00,4.9049968719e+00,4.5375596732e-02,1.5732144775e+03
1481,1.5164366961e+00,4.8399972916e+00,4.1727427393e-02,1.6172270508e+03
1482,1.5160619020e+00,4.8049974442e+00,4.5861542225e-02,1.5836107178e+03
1483,1.5160121918e+00,4.8049974442e+00,4.0995799005e-02,1.5298604736e+03
1484,1.5160623789e+00,4.8299970627e+00,3.9934825152e-02,1.6158067627e+03
1485,1.5159375668e+00,4.8149971962e+00,4.0481794626e-02,1.5077048340e+03
1486,1.5162379742e+00,4.8249974251e+00,4.4651471078e-02,1.4817143555e+03
1487,1.5161631107e+00,4.7899971008e+00,4.0762253106e-02,1.6078618164e+03
1488,1.5161883831e+00,4.7999973297e+00,4.4114582241e-02,1.5222733154e+03
1489,1.5163387060e+00,4.8049969673e+00,4.0600359440e-02,1.5747333984e+03
1490,1.5164388418e+00,4.8199973106e+00,4.5051645488e-02,1.6013334961e+03
1491,1.5163640976e+00,4.8199973106e+00,4.5717604458e-02,1.5102427979e+03
1492,1.5165895224e+00,4.8049969673e+00,4.2494464666e-02,1.6951213379e+03
1493,1.5167149305e+00,4.8399972916e+00,4.2104315013e-02,1.5233481445e+03
1494,1.5166399479e+00,4.8399972916e+00,4.3437272310e-02,1.6567352295e+03
1495,1.5168151855e+00,4.8249974251e+00,4.0078427643e-02,1.5208078613e+03
1496,1.5171406269e+00,4.8249974251e+00,4.5627862215e-02,1.6598548584e+03
1497,1.5171160698e+00,4.8399972916e+00,3.9332751185e-02,1.4680882568e+03
1498,1.5173163414e+00,4.8349971771e+00,4.6450465918e-02,1.6995388184e+03
1499,1.5168914795e+00,4.9599971771e+00,4.8984166235e-02,1.4050789795e+03
1500,1.5163666010e+00,4.9449973106e+00,4.4230267406e-02,1.6146593018e+03
1501,1.5160167217e+00,4.8499970436e+00,3.9043363184e-02,1.6430305176e+03
1502,1.5159671307e+00,4.8799972534e+00,4.3419271708e-02,1.3563195801e+03
1503,1.5158423185e+00,4.8249969482e+00,4.2020630091e-02,1.6381646729e+03
1504,1.5158673525e+00,4.8699970245e+00,4.3791763484e-02,1.4045051270e+03
1505,1.5160174370e+00,4.8699970245e+00,4.0201745927e-02,1.5879768066e+03
1506,1.5157927275e+00,4.8649973869e+00,4.0960866958e-02,1.5204516602e+03
1507,1.5157428980e+00,4.8599972725e+00,4.1146729141e-02,1.4453691406e+03
1508,1.5161181688e+00,4.8799972534e+00,4.1884776205e-02,1.5764510498e+03
1509,1.5160181522e+00,4.8449974060e+00,4.2656388134e-02,1.4331765137e+03
1510,1.5160434246e+00,4.8499970436e+00,3.9946921170e-02,1.6152701416e+03
1511,1.5162686110e+00,4.8899970055e+00,4.4105667621e-02,1.4199923096e+03
1512,1.5160187483e+00,4.8849973679e+00,3.8597855717e-02,1.6593488770e+03
1513,1.5163938999e+00,4.8599972725e+00,4.5276988298e-02,1.3868801270e+03
1514,1.5166442394e+00,4.8799972534e+00,3.8274616003e-02,1.6896528320e+03
1515,1.5163692236e+00,4.8949971199e+00,4.5538112521e-02,1.3467673340e+03
1516,1.5164945126e+00,4.8899974823e+00,4.4159479439e-02,1.5402048340e+03
1517,1.5165446997e+00,4.8899970055e+00,4.4575780630e-02,1.5501647949e+03
1518,1.5167198181e+00,4.8849968910e+00,4.2394217104e-02,1.5986512451e+03
1519,1.5167701244e+00,4.9299974442e+00,3.9260424674e-02,1.4942019043e+03
1520,1.5165451765e+00,4.9949975014e+00,4.2995087802e-02,1.5257623291e+03
1521,1.5159702301e+00,4.9299969673e+00,4.0809113532e-02,1.4019992676e+03
1522,1.5155203342e+00,4.9349970818e+00,4.1241653264e-02,1.6097392578e+03
1523,1.5158205032e+00,4.9149971008e+00,4.3710473925e-02,1.3316268311e+03
1524,1.5153205395e+00,4.9299969673e+00,3.7841103971e-02,1.5893247070e+03
1525,1.5154206753e+00,4.9049968719e+00,4.4765189290e-02,1.3502058105e+03
1526,1.5152708292e+00,4.9199972153e+00,3.7288323045e-02,1.5630938721e+03
1527,1.5153961182e+00,4.9299969673e+00,4.4471979141e-02,1.3228236084e+03
1528,1.5155463219e+00,4.9449968338e+00,4.0282834321e-02,1.4938033447e+03
1529,1.5155715942e+00,4.9399971962e+00,4.4034585357e-02,1.4449223633e+03
1530,1.5157465935e+00,4.9499969482e+00,3.6943770945e-02,1.6482650146e+03
1531,1.5155218840e+00,4.9349970818e+00,4.3993357569e-02,1.2356004639e+03
1532,1.5159469843e+00,4.9299969673e+00,3.8415674120e-02,1.7274145508e+03
1533,1.5157722235e+00,4.9299969673e+00,4.2703226209e-02,1.2263228760e+03
1534,1.5158224106e+00,4.9449973106e+00,3.8503654301e-02,1.7415595703e+03
1535,1.5162974596e+00,4.9399971962e+00,4.2845562100e-02,1.2103927002e+03
1536,1.5160225630e+00,4.9249973297e+00,3.7913411856e-02,1.6171898193e+03
1537,1.5161728859e+00,4.9649968147e+00,4.1330754757e-02,1.4884946289e+03
1538,1.5161230564e+00,4.9699969292e+00,4.3765541166e-02,1.3727508545e+03
1539,1.5161981583e+00,4.9549970627e+00,4.2208876461e-02,1.5155257568e+03
1540,1.5163483620e+00,4.9849972725e+00,3.8276355714e-02,1.5153182373e+03
1541,1.5160984993e+00,5.0449972153e+00,4.3057762086e-02,1.3179454346e+03
1542,1.5156486034e+00,5.0699968338e+00,3.5785946995e-02,1.6804020996e+03
1543,1.5153987408e+00,5.0049967766e+00,4.2030077428e-02,1.1683977051e+03
1544,1.5158488750e+00,5.0249967575e+00,3.8241017610e-02,1.6774100342e+03
1545,1.5148988962e+00,4.9899969101e+00,3.9704181254e-02,1.1612115479e+03
1546,1.5152741671e+00,4.9949970245e+00,4.1157361120e-02,1.6423824463e+03
1547,1.5152492523e+00,4.9799971581e+00,3.8251958787e-02,1.2045924072e+03
1548,1.5150995255e+00,4.9899969101e+00,3.6585420370e-02,1.5337847900e+03
1549,1.5151996613e+00,4.9949970245e+00,4.2020980269e-02,1.3262999268e+03
1550,1.5151497126e+00,4.9899969101e+00,4.0380559862e-02,1.5101793213e+03
1551,1.5149749517e+00,4.9949965477e+00,3.8923937827e-02,1.3274600830e+03
1552,1.5152251720e+00,4.9849972725e+00,4.2387299240e-02,1.5172518311e+03
1553,1.5153502226e+00,4.9899973869e+00,3.4598417580e-02,1.4010781250e+03
1554,1.5152254105e+00,4.9849967957e+00,4.6495433897e-02,1.3685947266e+03
1555,1.5154006481e+00,5.0099968910e+00,3.0287889764e-02,1.5661978760e+03
1556,1.5155258179e+00,5.0199971199e+00,4.9440566450e-02,1.2200937500e+03
1557,1.5153508186e+00,5.0049967766e+00,2.8598167002e-02,1.6658568115e+03
1558,1.5153260231e+00,4.9699969292e+00,3.7855416536e-02,1.2775258789e+03
1559,1.5156512260e+00,4.9649972916e+00,3.9261102676e-02,1.4299769287e+03
1560,1.5156762600e+00,4.9449973106e+00,3.9147961885e-02,1.3968122559e+03
1561,1.5152264833e+00,4.9699969292e+00,3.9144210517e-02,1.4115887451e+03
1562,1.5155017376e+00,4.9849967957e+00,3.9105042815e-02,1.4089962158e+03
1563,1.5155266523e+00,4.9849967957e+00,3.8799352944e-02,1.4085875244e+03
1564,1.5152268410e+00,5.0249967575e+00,3.8959451020e-02,1.4033426514e+03
1565,1.5148519278e+00,4.9699969292e+00,3.8768429309e-02,1.3961186523e+03
1566,1.5146520138e+00,4.9649968147e+00,3.8721550256e-02,1.3888632812e+03
1567,1.5144020319e+00,4.9599971771e+00,3.8655381650e-02,1.3816165771e+03
1568,1.5147523880e+00,4.9549970627e+00,3.8572572172e-02,1.3758724365e+03
1569,1.5140022039e+00,4.9249968529e+00,3.8476057351e-02,1.3734277344e+03
1570,1.5146024227e+00,4.9099969864e+00,3.8410779089e-02,1.3719965820e+03
1571,1.5144524574e+00,4.9149966240e+00,3.8320492953e-02,1.3732894287e+03
1572,1.5141774416e+00,4.8999972343e+00,3.8201514632e-02,1.3742534180e+03
1573,1.5143024921e+00,4.8849968910e+00,3.8090862334e-02,1.3768717041e+03
1574,1.5143276453e+00,4.8949971199e+00,3.8043826818e-02,1.3795552979e+03
1575,1.5141526461e+00,4.9099965096e+00,3.7976030260e-02,1.3807315674e+03
1576,1.5142525434e+00,4.8949966431e+00,3.7920359522e-02,1.3816968994e+03
1577,1.5143777132e+00,4.9199967384e+00,3.7955485284e-02,1.3783828125e+03
1578,1.5140028000e+00,4.9299964905e+00,3.7818484008e-02,1.3751141357e+03
1579,1.5142776966e+00,4.9149966240e+00,3.7809796631e-02,1.3757155762e+03
1580,1.5143778324e+00,4.8999967575e+00,3.7639278919e-02,1.3725106201e+03
1581,1.5142028332e+00,4.9049968719e+00,3.7699166685e-02,1.3758054199e+03
1582,1.5139528513e+00,4.9099969864e+00,3.7687432021e-02,1.3743455811e+03
1583,1.5142529011e+00,4.9649968147e+00,3.7368703634e-02,1.3751141357e+03
1584,1.5143030882e+00,4.9349970818e+00,3.7406958640e-02,1.3718175049e+03
1585,1.5145533085e+00,4.9399967194e+00,3.7422854453e-02,1.3721480713e+03
1586,1.5138785839e+00,4.9649968147e+00,3.7158902735e-02,1.3675954590e+03
1587,1.5141538382e+00,4.9749970436e+00,3.7442844361e-02,1.3548614502e+03
1588,1.5138292313e+00,5.0399966240e+00,3.7269093096e-02,1.3479827881e+03
1589,1.5137044191e+00,4.9999966621e+00,3.7122011185e-02,1.3393626709e+03
1590,1.5134297609e+00,4.9549965858e+00,3.7044379860e-02,1.3343781738e+03
1591,1.5133551359e+00,4.9399971962e+00,3.6882244051e-02,1.3314907227e+03
1592,1.5134054422e+00,4.9649968147e+00,3.6879099905e-02,1.3314825439e+03
1593,1.5130556822e+00,5.0099968910e+00,3.6769181490e-02,1.3295848389e+03
1594,1.5130060911e+00,4.9649968147e+00,3.6714233458e-02,1.3290916748e+03
1595,1.5130813122e+00,4.9449968338e+00,3.6651398987e-02,1.3262055664e+03
1596,1.5132316351e+00,4.9499964714e+00,3.6574687809e-02,1.3273494873e+03
1597,1.5131319761e+00,4.9949965477e+00,3.6444310099e-02,1.3313447266e+03
1598,1.5129072666e+00,4.9799966812e+00,3.6332502961e-02,1.3349963379e+03
1599,1.5132825375e+00,4.9549970627e+00,3.6325015128e-02,1.3387548828e+03
1600,1.5130329132e+00,4.9599971771e+00,3.6210510880e-02,1.3417600098e+03
1601,1.5132082701e+00,4.9499964714e+00,3.6263823509e-02,1.3386364746e+03
1602,1.5128086805e+00,4.9849967957e+00,3.6211904138e-02,1.3363671875e+03
1603,1.5131839514e+00,4.9799966812e+00,3.6157749593e-02,1.3321928711e+03
1604,1.5130592585e+00,4.9949965477e+00,3.6026146263e-02,1.3311182861e+03
1605,1.5130594969e+00,4.9999971390e+00,3.6066442728e-02,1.3303756104e+03
1606,1.5128599405e+00,5.0549969673e+00,3.5827472806e-02,1.3300356445e+03
1607,1.5128102303e+00,4.9999966621e+00,3.5768747330e-02,1.3232418213e+03
1608,1.5134354830e+00,5.0399966240e+00,3.5866804421e-02,1.3205087891e+03
1609,1.5129357576e+00,5.0349969864e+00,3.5688858479e-02,1.3173609619e+03
1610,1.5133111477e+00,5.0599966049e+00,3.5546280444e-02,1.3120722656e+03
1611,1.5128364563e+00,5.0799965858e+00,3.5293281078e-02,1.3171838379e+03
1612,1.5129867792e+00,5.0849967003e+00,3.5123184323e-02,1.3194930420e+03
1613,1.5125120878e+00,5.1199965477e+00,3.5160899162e-02,1.3117054443e+03
1614,1.5123374462e+00,5.1049962044e+00,3.5056080669e-02,1.3054801025e+03
1615,1.5119876862e+00,5.1049966812e+00,3.5365998745e-02,1.3013807373e+03
1616,1.5120630264e+00,5.0599966049e+00,3.5095706582e-02,1.2939499512e+03
1617,1.5122883320e+00,5.1249966621e+00,3.4943599254e-02,1.2873483887e+03
1618,1.5120136738e+00,5.0899963379e+00,3.4958377481e-02,1.2763211670e+03
1619,1.5121891499e+00,5.0849967003e+00,3.4746032208e-02,1.2821293945e+03
1620,1.5115892887e+00,5.0799970627e+00,3.4624882042e-02,1.2855220947e+03
1621,1.5120397806e+00,5.0449967384e+00,3.4352269024e-02,1.2918282471e+03
1622,1.5119149685e+00,5.0799965858e+00,3.4359958023e-02,1.2929331055e+03
1623,1.5118901730e+00,5.0849962234e+00,3.4275133163e-02,1.2979964600e+03
1624,1.5118156672e+00,5.1249966621e+00,3.4417435527e-02,1.2960200195e+03
1625,1.5117409229e+00,5.0999970436e+00,3.4037530422e-02,1.2931513672e+03
1626,1.5118912458e+00,5.1149969101e+00,3.4678176045e-02,1.2843935547e+03
1627,1.5119165182e+00,5.0999965668e+00,3.4308936447e-02,1.2770368652e+03
1628,1.5121169090e+00,5.0949969292e+00,3.3670812845e-02,1.2764462891e+03
1629,1.5117672682e+00,5.1099963188e+00,3.4142486751e-02,1.2755520020e+03
1630,1.5115675926e+00,5.1049962044e+00,3.3646762371e-02,1.2815471191e+03
1631,1.5117180347e+00,5.1199965477e+00,3.3267486840e-02,1.2857882080e+03
1632,1.5118682384e+00,5.1149969101e+00,3.3026952296e-02,1.2887911377e+03
1633,1.5121436119e+00,5.1499967575e+00,3.3054184169e-02,1.2927858887e+03
1634,1.5121439695e+00,5.1199965477e+00,3.3328827471e-02,1.2801774902e+03
1635,1.5116692781e+00,5.1349964142e+00,3.3020790666e-02,1.2800611572e+03
1636,1.5118695498e+00,5.1499962807e+00,3.3226665109e-02,1.2710684814e+03
1637,1.5119949579e+00,5.1249966621e+00,3.3395871520e-02,1.2783750000e+03
1638,1.5120952129e+00,5.1849961281e+00,3.2373320311e-02,1.2754371338e+03
1639,1.5116955042e+00,5.2299966812e+00,3.2716818154e-02,1.2750639648e+03
1640,1.5115458965e+00,5.2049965858e+00,3.2685704529e-02,1.2745451660e+03
1641,1.5109961033e+00,5.2299962044e+00,3.2449696213e-02,1.2733067627e+03
1642,1.5110462904e+00,5.2249965668e+00,3.3098563552e-02,1.2565643311e+03
1643,1.5111716986e+00,5.1899962425e+00,3.2093558460e-02,1.2666560059e+03
1644,1.5109217167e+00,5.1649966240e+00,3.3086765558e-02,1.2297443848e+03
1645,1.5110220909e+00,5.1599965096e+00,3.2493516803e-02,1.2347629395e+03
1646,1.5107975006e+00,5.2049965858e+00,3.2046593726e-02,1.2446906738e+03
1647,1.5108226538e+00,5.1649966240e+00,3.2382015139e-02,1.2474093018e+03
1648,1.5109728575e+00,5.1699967384e+00,3.1954925507e-02,1.2446256104e+03
1649,1.5111981630e+00,5.1749963760e+00,3.2036576420e-02,1.2529885254e+03
1650,1.5111232996e+00,5.1799964905e+00,3.2016001642e-02,1.2551411133e+03
1651,1.5111734867e+00,5.1949963570e+00,3.3711973578e-02,1.2519283447e+03
1652,1.5105736256e+00,5.2399959564e+00,3.2468929887e-02,1.2506474609e+03
1653,1.5108988285e+00,5.1949968338e+00,3.1555492431e-02,1.2533529053e+03
1654,1.5109989643e+00,5.1799964905e+00,3.4072484821e-02,1.2176270752e+03
1655,1.5112241507e+00,5.2149963379e+00,3.1825680286e-02,1.2701782227e+03
1656,1.5112491846e+00,5.2499966621e+00,3.2149210572e-02,1.1995187988e+03
1657,1.5109493732e+00,5.2349967957e+00,2.9034418985e-02,1.2843687744e+03
1658,1.5111244917e+00,5.2399969101e+00,3.2549858093e-02,1.1951346436e+03
1659,1.5105745792e+00,5.2249960899e+00,3.0450904742e-02,1.2615855713e+03
1660,1.5109248161e+00,5.1899962425e+00,3.0519643798e-02,1.2561823730e+03
1661,1.5111999512e+00,5.1949968338e+00,3.0210357159e-02,1.2520795898e+03
1662,1.5111999512e+00,5.1899967194e+00,3.0164405704e-02,1.2508752441e+03
1663,1.5114002228e+00,5.1849966049e+00,3.0236043036e-02,1.2569497070e+03
1664,1.5114752054e+00,5.1799964905e+00,2.9872180894e-02,1.2511159668e+03
1665,1.5109753609e+00,5.2049965858e+00,2.9389200732e-02,1.2479427490e+03
1666,1.5109754801e+00,5.1599965096e+00,2.9643869027e-02,1.2710346680e+03
1667,1.5111006498e+00,5.1349964142e+00,2.9286861420e-02,1.2803400879e+03
1668,1.5110757351e+00,5.1649961472e+00,2.8568578884e-02,1.2852535400e+03
1669,1.5112258196e+00,5.1999964714e+00,2.8913695365e-02,1.2732445068e+03
1670,1.5111008883e+00,5.1849961281e+00,2.8734045103e-02,1.2448782959e+03
1671,1.5110259056e+00,5.1899962425e+00,2.9825843871e-02,1.2257540283e+03
1672,1.5109010935e+00,5.1749958992e+00,2.9341299087e-02,1.1789279785e+03
1673,1.5100512505e+00,5.2049965858e+00,2.9832467437e-02,1.2027191162e+03
1674,1.5099762678e+00,5.1799964905e+00,2.7337091044e-02,1.1817608643e+03
1675,1.5103263855e+00,5.1949963570e+00,2.7818495408e-02,1.2005906982e+03
1676,1.5105013847e+00,5.1799960136e+00,2.6812452823e-02,1.2446179199e+03
1677,1.5106515884e+00,5.2149963379e+00,2.7899615467e-02,1.2305361328e+03
1678,1.5103766918e+00,5.2199964523e+00,2.8059843928e-02,1.2980628662e+03
1679,1.5104517937e+00,5.1949963570e+00,2.7309600264e-02,1.2461711426e+03
1680,1.5104517937e+00,5.2199964523e+00,2.7080066502e-02,1.2953547363e+03
1681,1.5104520321e+00,5.1949963570e+00,2.9012583196e-02,1.2021364746e+03
1682,1.5095020533e+00,5.3199963570e+00,2.8355801478e-02,1.2452626953e+03
1683,1.5097022057e+00,5.2049961090e+00,2.7034550905e-02,1.1813348389e+03
1684,1.5098273754e+00,5.1699962616e+00,2.7613561600e-02,1.1549550781e+03
1685,1.5101525784e+00,5.1849961281e+00,2.7675248682e-02,1.2312003174e+03
1686,1.5100026131e+00,5.2149963379e+00,2.3618901148e-02,1.1463083496e+03
1687,1.5103026628e+00,5.2399964333e+00,2.5264432654e-02,1.2727174072e+03
1688,1.5102528334e+00,5.2649965286e+00,2.3619411513e-02,1.2698441162e+03
1689,1.5103279352e+00,5.2399964333e+00,2.4544443935e-02,1.3706081543e+03
1690,1.5104030371e+00,5.2649960518e+00,2.4770891294e-02,1.3285827637e+03
1691,1.5101531744e+00,5.2999958992e+00,2.6118351147e-02,1.3226984863e+03
1692,1.5102282763e+00,5.2949962616e+00,2.4367570877e-02,1.3037845459e+03
1693,1.5101034641e+00,5.3099956512e+00,2.3225096986e-02,1.2463952637e+03
1694,1.5099284649e+00,5.2649960518e+00,2.5053234771e-02,1.2304415283e+03
1695,1.5097784996e+00,5.3299961090e+00,2.6680735871e-02,1.2117012939e+03
1696,1.5100287199e+00,5.2749962807e+00,2.5037631392e-02,1.1968709717e+03
1697,1.5100039244e+00,5.2999963760e+00,2.2435320541e-02,1.2049545898e+03
1698,1.5102038383e+00,5.3149957657e+00,2.6509169489e-02,1.1907459717e+03
1699,1.5102040768e+00,5.3299965858e+00,1.9133577123e-02,1.2869592285e+03
1700,1.5103790760e+00,5.3149962425e+00,2.2018440068e-02,1.3062678223e+03
1701,1.5108044147e+00,5.2899966240e+00,1.9312020391e-02,1.3263109131e+03
1702,1.5105544329e+00,5.3199958801e+00,1.9552804530e-02,1.3204575195e+03
1703,1.5100042820e+00,5.3749961853e+00,2.2651821375e-02,1.3102661133e+03
1704,1.5101044178e+00,5.4299960136e+00,2.2908955812e-02,1.2657624512e+03
1705,1.5101045370e+00,5.3849964142e+00,1.9378460944e-02,1.2541594238e+03
1706,1.5097795725e+00,5.3999962807e+00,1.9976632670e-02,1.2561579590e+03
1707,1.5099047422e+00,5.3749961853e+00,1.8442122266e-02,1.2201752930e+03
1708,1.5096046925e+00,5.3899960518e+00,3.0806088820e-02,1.2215141602e+03
1709,1.5093048811e+00,5.4149956703e+00,1.5954619274e-02,1.2246789551e+03
1710,1.5091799498e+00,5.3699965477e+00,2.8558358550e-02,1.1775838623e+03
1711,1.5092550516e+00,5.3849964142e+00,1.3450281695e-02,1.3068399658e+03
1712,1.5091301203e+00,5.3549962044e+00,2.4272011593e-02,1.1820715332e+03
1713,1.5093302727e+00,5.3899960518e+00,1.0071882047e-02,1.3443234863e+03
1714,1.5091803074e+00,5.4049959183e+00,1.3362979516e-02,1.2859743652e+03
1715,1.5092054605e+00,5.3899960518e+00,1.8874268979e-02,1.3486063232e+03
1716,1.5092054605e+00,5.4149961472e+00,1.4923324808e-02,1.2470726318e+03
1717,1.5093805790e+00,5.3799962997e+00,1.6005417332e-02,1.4539307861e+03
1718,1.5095558167e+00,5.3849964142e+00,1.3132082298e-02,1.2037725830e+03
1719,1.5094308853e+00,5.4099960327e+00,2.5038540363e-02,1.4872166748e+03
1720,1.5099059343e+00,5.4249958992e+00,1.1305849999e-02,1.1391898193e+03
1721,1.5093308687e+00,5.3999962807e+00,1.4075461775e-02,1.3460427246e+03
1722,1.5096811056e+00,5.4149961472e+00,2.1487524733e-02,1.2269978027e+03
1723,1.5098562241e+00,5.4099960327e+00,1.5469079837e-02,1.3240988770e+03
1724,1.5092810392e+00,5.3849959373e+00,1.4693993144e-02,1.2396168213e+03
1725,1.5094063282e+00,5.3949961662e+00,1.9728850573e-02,1.1344528809e+03
1726,1.5094814301e+00,5.4299960136e+00,7.0109777153e-03,1.2572503662e+03
1727,1.5093815327e+00,5.4349961281e+00,1.7591681331e-02,1.1627923584e+03
1728,1.5092315674e+00,5.3899960518e+00,2.7696685866e-03,1.2726750488e+03
1729,1.5092567205e+00,5.3749957085e+00,1.4916136861e-02,1.2085839844e+03
1730,1.5093817711e+00,5.3899960518e+00,-6.1606708914e-04,1.3916530762e+03
1731,1.5096317530e+00,5.4049959183e+00,9.5132524148e-03,1.3385866699e+03
1732,1.5092568398e+00,5.4099960327e+00,8.8751399890e-03,1.4013195801e+03
1733,1.5094819069e+00,5.4249958992e+00,8.2628102973e-03,1.3384978027e+03
1734,1.5097820759e+00,5.3899965286e+00,1.4531539753e-02,1.3937657471e+03
1735,1.5095070601e+00,5.3899960518e+00,1.0978312232e-02,1.4825203857e+03
1736,1.5096321106e+00,5.4649963379e+00,1.0281349532e-02,1.4552670898e+03
1737,1.5093570948e+00,5.4399957657e+00,1.2631783262e-02,1.3392788086e+03
1738,1.5097572803e+00,5.4449958801e+00,7.5724595226e-03,1.4471359863e+03
1739,1.5095822811e+00,5.4299955368e+00,6.2432172708e-03,1.3509964600e+03
1740,1.5095573664e+00,5.4849958420e+00,1.0222623125e-02,1.2963483887e+03
1741,1.5095574856e+00,5.5299959183e+00,1.0319113731e-02,1.4892364502e+03
1742,1.5095574856e+00,5.5149955750e+00,-3.6046840250e-03,1.4084188232e+03
1743,1.5094826221e+00,5.4649953842e+00,2.9322882183e-03,1.4497012939e+03
1744,1.5093575716e+00,5.5499958992e+00,-1.4899583533e-02,1.5082729492e+03
1745,1.5095326900e+00,5.5249958038e+00,-5.8469679207e-03,1.5673627930e+03
1746,1.5091826916e+00,5.5399961472e+00,-1.5224304516e-03,1.6185102539e+03
1747,1.5091578960e+00,5.5749955177e+00,-4.8898076639e-03,1.8288006592e+03
1748,1.5091577768e+00,5.5099954605e+00,2.6665260084e-03,1.5674013672e+03
1749,1.5091578960e+00,5.5149955750e+00,-9.6510900185e-03,1.9257708740e+03
1750,1.5094330311e+00,5.5999956131e+00,5.6730583310e-05,1.7454848633e+03
1751,1.5090080500e+00,5.5799956322e+00,-6.4509189688e-03,1.9706527100e+03
1752,1.5091331005e+00,5.5349955559e+00,-7.2680702433e-03,1.8756596680e+03
1753,1.5092331171e+00,5.5699954033e+00,-2.1991059184e-03,1.9143234863e+03
1754,1.5096082687e+00,5.5649962425e+00,-8.6029525846e-03,1.9737529297e+03
1755,1.5096833706e+00,5.5899958611e+00,-1.3257561252e-02,2.0236071777e+03
1756,1.5094333887e+00,5.5949959755e+00,-2.3942846805e-02,2.1573083496e+03
1757,1.5097584724e+00,5.6599955559e+00,-6.7697055638e-03,1.9342703857e+03
1758,1.5095585585e+00,5.6699957848e+00,-9.7289616242e-03,2.1106372070e+03
1759,1.5092084408e+00,5.6549954414e+00,-2.3215278983e-02,1.9950169678e+03
1760,1.5093585253e+00,5.6699953079e+00,-1.7204258591e-02,1.9774418945e+03
1761,1.5095336437e+00,5.6949958801e+00,-1.5217981301e-02,2.0503562012e+03
1762,1.5093836784e+00,5.7199954987e+00,-2.4936800823e-02,1.9143404541e+03
1763,1.5095338821e+00,5.7149958611e+00,-3.3430643380e-02,1.9380266113e+03
1764,1.5095337629e+00,5.7249956131e+00,-3.5576105118e-02,2.0134353027e+03
1765,1.5093088150e+00,5.7599954605e+00,-2.9602987692e-02,2.2318320312e+03
1766,1.5090589523e+00,5.7749958038e+00,-2.4615664035e-02,1.9553997803e+03
1767,1.5094089508e+00,5.7899951935e+00,-3.3002905548e-02,2.2352358398e+03
1768,1.5094590187e+00,5.7949953079e+00,-3.1082239002e-02,2.0232762451e+03
1769,1.5094090700e+00,5.8099951744e+00,-3.5167410970e-02,2.3826970215e+03
1770,1.5095089674e+00,5.7799959183e+00,-4.5257695019e-02,2.3285363770e+03
1771,1.5097341537e+00,5.8349952698e+00,-4.0639195591e-02,2.2180864258e+03
1772,1.5095090866e+00,5.8899950981e+00,-2.9602047056e-02,2.3367980957e+03
1773,1.5094840527e+00,5.8649954796e+00,-4.9116324633e-02,2.4227402344e+03
1774,1.5097341537e+00,5.8799953461e+00,-4.2488612235e-02,2.3919221191e+03
1775,1.5094841719e+00,5.8999953270e+00,-4.8875808716e-02,2.6748977051e+03
1776,1.5093090534e+00,5.9349956512e+00,-4.4888045639e-02,2.4183723145e+03
1777,1.5098092556e+00,5.9599952698e+00,-5.3038902581e-02,2.7850463867e+03
1778,1.5097091198e+00,5.9949951172e+00,-5.3379971534e-02,2.5779951172e+03
1779,1.5099592209e+00,5.9799952507e+00,-6.2273219228e-02,3.1477258301e+03
1780,1.5098842382e+00,5.9799952507e+00,-5.6774672121e-02,2.4950676270e+03
1781,1.5097343922e+00,6.0349950790e+00,-6.1585295945e-02,3.3008652344e+03
1782,1.5095342398e+00,6.0999951363e+00,-6.0352250934e-02,2.5763669434e+03
1783,1.5096342564e+00,6.1649951935e+00,-6.6870465875e-02,3.3876789551e+03
1784,1.5096594095e+00,6.1249952316e+00,-7.1139395237e-02,3.0575869141e+03
1785,1.5094593763e+00,6.1149950027e+00,-6.8052098155e-02,3.1973398438e+03
1786,1.5095844269e+00,6.1699948311e+00,-6.6780626774e-02,3.0704030762e+03
1787,1.5094844103e+00,6.2449951172e+00,-7.3356091976e-02,3.4720842285e+03
1788,1.5095343590e+00,6.2899951935e+00,-9.1653004289e-02,3.2712167969e+03
1789,1.5094094276e+00,6.3449945450e+00,-6.7673660815e-02,3.4369416504e+03
1790,1.5094844103e+00,6.3249950409e+00,-8.1090621650e-02,3.6375588379e+03
1791,1.5095344782e+00,6.3249950409e+00,-8.8674515486e-02,3.8176772461e+03
1792,1.5096595287e+00,6.3149948120e+00,-8.3126895130e-02,4.2242919922e+03
1793,1.5095344782e+00,6.3049950600e+00,-7.0365749300e-02,4.6443642578e+03
1794,1.5095596313e+00,6.3199949265e+00,-7.4842549860e-02,5.8764223633e+03
1795,1.5098096132e+00,6.3599953651e+00,-6.3953630626e-02,5.7570229492e+03
1796,1.5091845989e+00,6.3999953270e+00,-5.7749271393e-02,5.5381743164e+03
1797,1.5094345808e+00,6.3999953270e+00,-5.9675429016e-02,5.2920473633e+03
1798,1.5094096661e+00,6.4099955559e+00,-5.7536553591e-02,5.6723144531e+03
1799,1.5097095966e+00,6.4849967957e+00,-3.3403269947e-02,5.3064326172e+03
1800,1.5093597174e+00,6.5249967575e+00,-5.5513747036e-02,5.1310058594e+03
1801,1.5093597174e+00,6.5649976730e+00,-5.9135120362e-02,4.5004125977e+03
1802,1.5089845657e+00,6.5049986839e+00,-5.8181125671e-02,4.6160883789e+03
1803,1.5091845989e+00,6.4899983406e+00,-5.4966736585e-02,6.1102050781e+03
1804,1.5092346668e+00,6.4899983406e+00,-4.4620849192e-02,7.2133696289e+03
1805,1.5088346004e+00,6.4349975586e+00,-5.0087612122e-02,6.4850625000e+03
1806,1.5088096857e+00,6.4949975014e+00,-4.1937448084e-02,6.5097045898e+03
1807,1.5088347197e+00,6.4599981308e+00,-3.9146639407e-02,5.6991083984e+03
1808,1.5087096691e+00,6.4899978638e+00,-4.6702809632e-02,5.2015659180e+03
1809,1.5092097521e+00,6.4649977684e+00,-5.0473172218e-02,4.9116538086e+03
1810,1.5088347197e+00,6.4199972153e+00,-4.7951094806e-02,4.8117949219e+03
1811,1.5090347528e+00,6.4149971008e+00,-5.5395051837e-02,4.8640917969e+03
1812,1.5091097355e+00,6.4799976349e+00,-6.3909478486e-02,5.2033535156e+03
1813,1.5086096525e+00,6.4999976158e+00,-6.6974706948e-02,5.6771318359e+03
1814,1.5087347031e+00,6.4699974060e+00,-6.6810637712e-02,5.7830571289e+03
1815,1.5086348057e+00,6.4849996567e+00,-7.1837857366e-02,6.1974750977e+03
1816,1.5082097054e+00,6.4949989319e+00,-7.8681327403e-02,6.3475102539e+03
1817,1.5085597038e+00,6.4750003815e+00,-7.4186526239e-02,6.2964116211e+03
1818,1.5083597898e+00,6.5200009346e+00,-8.4259040654e-02,6.5006000977e+03
1819,1.5082846880e+00,6.4950008392e+00,-7.6609589159e-02,6.5462885742e+03
1820,1.5082597733e+00,6.4400010109e+00,-8.7750449777e-02,6.7532583008e+03
1821,1.5082097054e+00,6.5200014114e+00,-7.3216781020e-02,6.7357094727e+03
1822,1.5084848404e+00,6.5450019836e+00,-8.3134807646e-02,6.5300136719e+03
1823,1.5083847046e+00,6.5300021172e+00,-1.0359595716e-01,6.6963627930e+03
1824,1.5085097551e+00,6.5700020790e+00,-9.5999777317e-02,6.8661572266e+03
1825,1.5083347559e+00,6.5650024414e+00,-7.2887763381e-02,6.7608906250e+03
1826,1.5087847710e+00,6.5150008202e+00,-9.3339994550e-02,6.7221801758e+03
1827,1.5089099407e+00,6.5300021172e+00,-9.9131405354e-02,7.1749111328e+03
1828,1.5085598230e+00,6.4650006294e+00,-9.8513722420e-02,7.3027998047e+03
1829,1.5085347891e+00,6.4549989700e+00,-1.0212074220e-01,7.3878837891e+03
1830,1.5087097883e+00,6.4149990082e+00,-1.0461439192e-01,7.3059565430e+03
1831,1.5082597733e+00,6.3949985504e+00,-1.0717324913e-01,7.2409682617e+03
1832,1.5080597401e+00,6.4199986458e+00,-1.0790814459e-01,7.2921665039e+03
1833,1.5078346729e+00,6.4249987602e+00,-1.0930339247e-01,7.3384101562e+03
1834,1.5079348087e+00,6.4349985123e+00,-1.1353522539e-01,7.0959545898e+03
1835,1.5078347921e+00,6.4149971008e+00,-1.0880852491e-01,7.1927001953e+03
1836,1.5079346895e+00,6.4249968529e+00,-1.2172435969e-01,7.3292861328e+03
1837,1.5077596903e+00,6.4649972916e+00,-1.1010353267e-01,7.2442646484e+03
1838,1.5077596903e+00,6.4649968147e+00,-1.2040224671e-01,6.8202407227e+03
1839,1.5077096224e+00,6.4549965858e+00,-1.2170141935e-01,7.5301582031e+03
1840,1.5082848072e+00,6.4449968338e+00,-1.1234463006e-01,7.2893417969e+03
1841,1.5080597401e+00,6.4949965477e+00,-1.2045104057e-01,7.0496523438e+03
1842,1.5082848072e+00,6.4449968338e+00,-1.2255066633e-01,6.9998349609e+03
1843,1.5081597567e+00,6.3849973679e+00,-1.2896543741e-01,7.4512109375e+03
1844,1.5082098246e+00,6.3199968338e+00,-1.2090238184e-01,7.8682758789e+03
1845,1.5077346563e+00,6.3299970627e+00,-1.2620033324e-01,8.4747587891e+03
1846,1.5083346367e+00,6.1999974251e+00,-1.1358918250e-01,9.9570800781e+03
1847,1.5084097385e+00,6.1399974823e+00,-1.0736204684e-01,1.7720408203e+04
1848,1.5083098412e+00,6.1799979210e+00,-6.8841114640e-02,1.7501363281e+04
1849,1.5079348087e+00,6.1349983215e+00,-4.0758065879e-02,1.6748529297e+04
1850,1.5074596405e+00,6.1649980545e+00,-8.0299451947e-03,1.3571696289e+04
1851,1.5077595711e+00,6.1649980545e+00,-6.4872298390e-04,9.1480742188e+03
1852,1.5078346729e+00,6.1799974442e+00,-2.3946803994e-03,6.9515834961e+03
1853,1.5078346729e+00,6.1699981689e+00,7.4756331742e-05,6.0774125977e+03
1854,1.5079097748e+00,6.1799979210e+00,-9.5197269693e-03,5.0861210938e+03
1855,1.5078598261e+00,6.2149982452e+00,-1.3523856178e-02,4.8169765625e+03
1856,1.5079097748e+00,6.1949982643e+00,-1.9463988021e-02,5.5880805664e+03
1857,1.5081347227e+00,6.2149982452e+00,-2.9544593766e-02,5.6806250000e+03
1858,1.5078597069e+00,6.2399988174e+00,-2.2935166955e-02,6.4830234375e+03
1859,1.5083597898e+00,6.2299985886e+00,-1.1681362055e-02,7.1670644531e+03
1860,1.5082846880e+00,6.2449989319e+00,-3.2847560942e-04,7.9141572266e+03
1861,1.5077096224e+00,6.3149986267e+00,9.4213709235e-03,7.9298666992e+03
1862,1.5083348751e+00,6.3149995804e+00,9.7624044865e-03,7.6414277344e+03
1863,1.5080597401e+00,6.3199996948e+00,3.1970635056e-02,7.8246875000e+03
1864,1.5081847906e+00,6.3199996948e+00,4.1599333286e-02,7.8142065430e+03
1865,1.5082597733e+00,6.3149995804e+00,4.1677013040e-02,6.7916865234e+03
1866,1.5078846216e+00,6.3650007248e+00,5.0268288702e-02,6.4532070312e+03
1867,1.5080597401e+00,6.3200001717e+00,7.1662239730e-02,5.8519702148e+03
1868,1.5077346563e+00,6.3499999046e+00,6.3716933131e-02,5.5070141602e+03
1869,1.5078847408e+00,6.3650007248e+00,6.2965482473e-02,5.0949296875e+03
1870,1.5082347393e+00,6.3700003624e+00,7.6814457774e-02,5.2761557617e+03
1871,1.5081846714e+00,6.3700003624e+00,6.1673458666e-02,5.1862783203e+03
1872,1.5085097551e+00,6.3650007248e+00,8.7493784726e-02,5.4694868164e+03
1873,1.5083847046e+00,6.3250007629e+00,9.1098777950e-02,5.4726435547e+03
1874,1.5084598064e+00,6.3500003815e+00,7.2714023292e-02,5.5985595703e+03
1875,1.5082347393e+00,6.3400006294e+00,1.0511410236e-01,5.6915346680e+03
1876,1.5083847046e+00,6.3650007248e+00,1.1037722230e-01,5.7600097656e+03
1877,1.5086349249e+00,6.3900008202e+00,1.2950547040e-01,5.3877460938e+03
1878,1.5083347559e+00,6.3800010681e+00,1.3012565672e-01,5.3516826172e+03
1879,1.5080597401e+00,6.4350013733e+00,1.4786037803e-01,4.8713745117e+03
1880,1.5083347559e+00,6.4000010490e+00,1.3644412160e-01,3.9215043945e+03
1881,1.5083599091e+00,6.3800005913e+00,1.2545290589e-01,4.8557822266e+03
1882,1.5086597204e+00,6.4150009155e+00,1.3744728267e-01,4.3912255859e+03
1883,1.5084598064e+00,6.4000005722e+00,1.4140790701e-01,4.5999887695e+03
1884,1.5082347393e+00,6.3900003433e+00,1.3329590857e-01,4.2299960938e+03
1885,1.5080347061e+00,6.4050002098e+00,1.4894418418e-01,4.6361215820e+03
1886,1.5085097551e+00,6.4000000954e+00,1.6180391610e-01,3.5620739746e+03
1887,1.5084347725e+00,6.4000005722e+00,1.5995855629e-01,5.0643681641e+03
1888,1.5082848072e+00,6.4050002098e+00,1.7224600911e-01,4.4565078125e+03
1889,1.5086848736e+00,6.4300007820e+00,1.9051234424e-01,4.4127436523e+03
1890,1.5083346367e+00,6.4300003052e+00,2.0370671153e-01,4.1952568359e+03
1891,1.5083597898e+00,6.4350004196e+00,1.9819645584e-01,4.0738930664e+03
1892,1.5082848072e+00,6.4400005341e+00,2.1034449339e-01,3.1794208984e+03
1893,1.5082596540e+00,6.4300007820e+00,1.9189664721e-01,4.3385410156e+03
1894,1.5081845522e+00,6.4550004005e+00,1.9736325741e-01,4.0129829102e+03
1895,1.5086597204e+00,6.4399995804e+00,2.1712477505e-01,3.8410229492e+03
1896,1.5084346533e+00,6.4750003815e+00,2.3311270773e-01,3.8772302246e+03
1897,1.5081845522e+00,6.4850001335e+00,1.9802671671e-01,3.2171652832e+03
1898,1.5087096691e+00,6.4600000381e+00,2.2729705274e-01,3.9910546875e+03
1899,1.5086345673e+00,6.4749999046e+00,2.4228562415e-01,4.2431162109e+03
1900,1.5079094172e+00,6.5299997330e+00,2.4645975232e-01,3.3412673340e+03
1901,1.5081593990e+00,6.5299997330e+00,2.5053727627e-01,3.0213352051e+03
1902,1.5080844164e+00,6.5349998474e+00,2.5143888593e-01,4.2604492188e+03
1903,1.5082094669e+00,6.5199995041e+00,2.5192514062e-01,3.6186520996e+03
1904,1.5083594322e+00,6.5449991226e+00,2.7972730994e-01,3.3381953125e+03
1905,1.5084342957e+00,6.5249996185e+00,2.7276632190e-01,2.8530966797e+03
1906,1.5081592798e+00,6.5299992561e+00,2.6666831970e-01,3.3981445312e+03
1907,1.5083593130e+00,6.5549993515e+00,2.8407096863e-01,3.8475051270e+03
1908,1.5082843304e+00,6.5599994659e+00,2.9403716326e-01,3.5821542969e+03
1909,1.5085592270e+00,6.5849990845e+00,3.0348992348e-01,3.7440510254e+03
1910,1.5083342791e+00,6.5749988556e+00,3.1959185004e-01,3.4050861816e+03
1911,1.5084092617e+00,6.5699992180e+00,3.0739578605e-01,3.7769787598e+03
1912,1.5084593296e+00,6.5349988937e+00,3.1691220403e-01,3.5913959961e+03
1913,1.5084092617e+00,6.5399990082e+00,3.2899925113e-01,3.4054882812e+03
1914,1.5085592270e+00,6.4649987221e+00,3.3090311289e-01,3.3481081543e+03
1915,1.5086092949e+00,6.5149984360e+00,3.3901020885e-01,3.1914077148e+03
1916,1.5086091757e+00,6.4599981308e+00,3.4346446395e-01,3.2636064453e+03
1917,1.5087342262e+00,6.4549989700e+00,3.4731343389e-01,3.3166682129e+03
1918,1.5087341070e+00,6.4199981689e+00,3.5038974881e-01,3.3109218750e+03
1919,1.5083589554e+00,6.4649982452e+00,3.7225213647e-01,3.5013364258e+03
1920,1.5088090897e+00,6.5049982071e+00,3.6927118897e-01,3.4418847656e+03
1921,1.5081089735e+00,6.4699983597e+00,3.8821336627e-01,3.5631945801e+03
1922,1.5081089735e+00,6.4749979973e+00,3.9109000564e-01,3.5312067871e+03
1923,1.5081839561e+00,6.4699983597e+00,4.0233823657e-01,3.5315400391e+03
1924,1.5080839396e+00,6.4849977493e+00,4.1286501288e-01,3.4415444336e+03
1925,1.5084090233e+00,6.4099979401e+00,4.2022413015e-01,3.5017272949e+03
1926,1.5083339214e+00,6.4799976349e+00,4.1820326447e-01,3.5575144043e+03
1927,1.5083088875e+00,6.5049972534e+00,4.3215069175e-01,3.4401496582e+03
1928,1.5083838701e+00,6.3899974823e+00,4.3514689803e-01,3.7075263672e+03
1929,1.5083338022e+00,6.3949971199e+00,4.5238283277e-01,3.9476538086e+03
1930,1.5078837872e+00,6.3899974823e+00,4.6201339364e-01,3.5802177734e+03
1931,1.5082838535e+00,6.4149971008e+00,4.7791334987e-01,3.9570725098e+03
1932,1.5083837509e+00,6.4099965096e+00,4.9220293760e-01,3.8797395020e+03
1933,1.5082588196e+00,6.3499965668e+00,4.9745294452e-01,3.7480859375e+03
1934,1.5080087185e+00,6.3949966431e+00,5.0119853020e-01,4.5982836914e+03
1935,1.5081087351e+00,6.3649969101e+00,5.1061236858e-01,3.8396408691e+03
1936,1.5082086325e+00,6.3899974823e+00,5.2162867785e-01,4.4934467773e+03
1937,1.5077835321e+00,6.3349971771e+00,5.6043750048e-01,3.7800388184e+03
1938,1.5079087019e+00,6.3899970055e+00,5.4578369856e-01,4.6012431641e+03
1939,1.5080837011e+00,6.3749961853e+00,5.7941657305e-01,3.7212380371e+03
1940,1.5082088709e+00,6.3699970245e+00,5.7088619471e-01,4.6469057617e+03
1941,1.5083839893e+00,6.3299961090e+00,5.9323602915e-01,3.8643378906e+03
1942,1.5080339909e+00,6.3649959564e+00,5.8821642399e-01,4.8702797852e+03
1943,1.5080089569e+00,6.3599963188e+00,6.2218147516e-01,4.1084023438e+03
1944,1.5081092119e+00,6.3149957657e+00,6.4305502176e-01,4.9686201172e+03
1945,1.5080842972e+00,6.2949962616e+00,6.4037764072e-01,4.6649882812e+03
1946,1.5076092482e+00,6.3099961281e+00,6.5552800894e-01,4.9904165039e+03
1947,1.5079095364e+00,6.3149952888e+00,6.9663250446e-01,4.5892001953e+03
1948,1.5079095364e+00,6.3599958420e+00,6.8515503407e-01,5.4192558594e+03
1949,1.5076844692e+00,6.3149962425e+00,7.0828974247e-01,4.5475083008e+03
1950,1.5080096722e+00,6.3349957466e+00,7.2691446543e-01,5.3635537109e+03
1951,1.5077595711e+00,6.2699956894e+00,7.4606621265e-01,4.9471972656e+03
1952,1.5077346563e+00,6.3049955368e+00,7.6180940866e-01,5.1401606445e+03
1953,1.5072846413e+00,6.3449945450e+00,7.7754688263e-01,5.3998149414e+03
1954,1.5074597597e+00,6.2999954224e+00,7.9861599207e-01,5.1294941406e+03
1955,1.5076097250e+00,6.3149957657e+00,8.2086980343e-01,5.3517436523e+03
1956,1.5076596737e+00,6.2099952698e+00,8.3461892605e-01,5.5928413086e+03
1957,1.5076849461e+00,6.2349958420e+00,8.4841096401e-01,5.5084887695e+03
1958,1.5076098442e+00,6.1999959946e+00,8.6891257763e-01,5.7755048828e+03
1959,1.5078098774e+00,6.1749954224e+00,8.8555401564e-01,5.7662666016e+03
1960,1.5074598789e+00,6.1699953079e+00,9.0741473436e-01,6.0708085938e+03
1961,1.5077348948e+00,6.1449956894e+00,9.2226541042e-01,5.8597861328e+03
1962,1.5072851181e+00,6.1499958038e+00,9.3143439293e-01,5.4716240234e+03
1963,1.5075601339e+00,6.1349959373e+00,9.4297641516e-01,5.6842402344e+03
1964,1.5075602531e+00,6.0899958611e+00,9.6107196808e-01,6.3969267578e+03
1965,1.5075353384e+00,6.1149959564e+00,9.7106432915e-01,6.1839580078e+03
1966,1.5075854063e+00,6.0949954987e+00,9.9525529146e-01,6.7053671875e+03
1967,1.5075855255e+00,6.0699958801e+00,1.0033445358e+00,6.5866914062e+03
1968,1.5073856115e+00,6.0749955177e+00,1.0125839710e+00,6.8508520508e+03
1969,1.5077108145e+00,6.0199956894e+00,1.0068898201e+00,5.6601982422e+03
1970,1.5074608326e+00,6.0749955177e+00,1.0108098984e+00,6.9172622070e+03
1971,1.5074608326e+00,5.9849953651e+00,1.0205442905e+00,6.9725922852e+03
1972,1.5075360537e+00,5.8799958229e+00,1.0188261271e+00,7.8729663086e+03
1973,1.5073361397e+00,5.9499955177e+00,9.8852330446e-01,7.8499375000e+03
1974,1.5073862076e+00,5.9249958992e+00,1.0112969875e+00,7.9665649414e+03
1975,1.5073113441e+00,5.9199957848e+00,1.0045231581e+00,7.8329267578e+03
1976,1.5072864294e+00,5.8499956131e+00,9.9911075830e-01,7.5270297852e+03
1977,1.5070865154e+00,5.8649954796e+00,9.8236799240e-01,8.0438066406e+03
1978,1.5067365170e+00,5.8599953651e+00,9.7290521860e-01,7.7756694336e+03
1979,1.5073118210e+00,5.7649960518e+00,9.6295768023e-01,8.3947851562e+03
1980,1.5070117712e+00,5.7899961472e+00,9.4496983290e-01,8.2456738281e+03
1981,1.5067367554e+00,5.6899957657e+00,9.2688703537e-01,9.6772343750e+03
1982,1.5069118738e+00,5.7249960899e+00,9.0703195333e-01,9.4654531250e+03
1983,1.5068119764e+00,5.6799960136e+00,8.9419287443e-01,9.4355224609e+03
1984,1.5067119598e+00,5.6549963951e+00,8.8164663315e-01,9.3065068359e+03
1985,1.5067620277e+00,5.6999959946e+00,8.6536645889e-01,9.3792207031e+03
1986,1.5065619946e+00,5.6099958420e+00,8.3947163820e-01,9.2257617188e+03
1987,1.5067622662e+00,5.6049962044e+00,8.2053071260e-01,9.8422626953e+03
1988,1.5063872337e+00,5.5899958611e+00,7.9958438873e-01,1.0190352539e+04
1989,1.5065371990e+00,5.5949964523e+00,7.6614218950e-01,1.1165192383e+04
1990,1.5065122843e+00,5.6049957275e+00,7.4895536900e-01,1.2220924805e+04
1991,1.5063372850e+00,5.5249962807e+00,7.1811264753e-01,1.3480335938e+04
1992,1.5060124397e+00,5.5999960899e+00,9.4603192806e-01,1.1480583008e+04
1993,1.5063123703e+00,5.5849962234e+00,6.6945773363e-01,1.6046539062e+04
1994,1.5059124231e+00,5.5249962807e+00,6.6796237230e-01,1.6393144531e+04
1995,1.5057375431e+00,5.5299963951e+00,6.5279203653e-01,1.7343042969e+04
1996,1.5059626102e+00,5.4949965477e+00,6.3273501396e-01,1.6716035156e+04
1997,1.5057625771e+00,5.5599966049e+00,6.1053788662e-01,1.5941000000e+04
1998,1.5058627129e+00,5.5299959183e+00,5.7884502411e-01,1.4866557617e+04
1999,1.5059627295e+00,5.5049967766e+00,5.5400460958e-01,1.4280767578e+04
2000,1.5055378675e+00,5.4199967384e+00,5.2309745550e-01,1.4029272461e+04
2001,1.5056877136e+00,5.4549965858e+00,5.0136172771e-01,1.4070516602e+04
2002,1.5058627129e+00,5.4549965858e+00,4.8929971457e-01,1.3941831055e+04
2003,1.5055627823e+00,5.4599962234e+00,4.8587363958e-01,1.3711831055e+04
2004,1.5052627325e+00,5.4649963379e+00,4.0383470058e-01,1.1504729492e+04
2005,1.5055629015e+00,5.4399967194e+00,4.3459793925e-01,1.2516915039e+04
2006,1.5053129196e+00,5.4199967384e+00,4.4627395272e-01,1.4047183594e+04
2007,1.5051878691e+00,5.4049968719e+00,4.5810213685e-01,1.5041460938e+04
2008,1.5053877831e+00,5.4199967384e+00,4.6125930548e-01,1.4773176758e+04
2009,1.5054628849e+00,5.4249963760e+00,4.6499565244e-01,1.4760123047e+04
2010,1.5054126978e+00,5.4649968147e+00,4.6783247590e-01,1.4561403320e+04
2011,1.5053375959e+00,5.4099965096e+00,4.7038722038e-01,1.4185266602e+04
2012,1.5055624247e+00,5.4149971008e+00,4.7871577740e-01,1.4591670898e+04
2013,1.5056375265e+00,5.4499964714e+00,4.9015846848e-01,1.4131079102e+04
2014,1.5055372715e+00,5.4099965096e+00,4.9833944440e-01,1.4493278320e+04
2015,1.5050622225e+00,5.3849964142e+00,5.0502073765e-01,1.4817887695e+04
2016,1.5053371191e+00,5.3799967766e+00,5.1028251648e-01,1.5088781250e+04
2017,1.5053120852e+00,5.3599963188e+00,5.3771197796e-01,1.4926412109e+04
2018,1.5052618980e+00,5.4149961472e+00,5.3115475178e-01,1.5191881836e+04
2019,1.5052868128e+00,5.3699965477e+00,5.5910426378e-01,1.4962752930e+04
2020,1.5055617094e+00,5.3649964333e+00,5.7754266262e-01,1.4788163086e+04
2021,1.5050616264e+00,5.3649969101e+00,5.8332937956e-01,1.4098308594e+04
2022,1.5046865940e+00,5.3399968147e+00,6.0069888830e-01,1.3930730469e+04
2023,1.5050613880e+00,5.3649964333e+00,6.2105405331e-01,1.3420633789e+04
2024,1.5047110319e+00,5.3149967194e+00,6.1558592319e-01,1.3092178711e+04
2025,1.5049358606e+00,5.3399963379e+00,6.3194936514e-01,1.2546887695e+04
2026,1.5048607588e+00,5.3449964523e+00,6.4668023586e-01,1.2153605469e+04
2027,1.5049105883e+00,5.3749961853e+00,6.5958756208e-01,1.1645518555e+04
2028,1.5047354698e+00,5.3399963379e+00,6.7043650150e-01,1.1307355469e+04
2029,1.5047852993e+00,5.2549967766e+00,6.8278235197e-01,1.0874340820e+04
2030,1.5045851469e+00,5.2349963188e+00,6.9671201706e-01,1.0833996094e+04
2031,1.5043848753e+00,5.2149963379e+00,7.1113371849e-01,1.0649287109e+04
2032,1.5044096708e+00,5.2199969292e+00,7.2698521614e-01,1.0590260742e+04
2033,1.5042593479e+00,5.2049965858e+00,7.4101626873e-01,1.0133573242e+04
2034,1.5042591095e+00,5.1949968338e+00,7.5522953272e-01,9.5064228516e+03
2035,1.5044839382e+00,5.2199964523e+00,7.6923149824e-01,8.8955410156e+03
2036,1.5043836832e+00,5.2249960899e+00,7.8319388628e-01,8.3216406250e+03
2037,1.5043084621e+00,5.2049965858e+00,7.9317599535e-01,7.7063320312e+03
2038,1.5049583912e+00,5.2149968147e+00,8.0639779568e-01,7.2242529297e+03
2039,1.5044078827e+00,5.2199969292e+00,8.1665599346e-01,6.8234619141e+03
2040,1.5046830177e+00,5.2199964523e+00,8.2727366686e-01,6.5723286133e+03
2041,1.5043576956e+00,5.2149963379e+00,8.4419018030e-01,6.1760644531e+03
2042,1.5046324730e+00,5.2499966621e+00,8.3473443985e-01,5.9710366211e+03
2043,1.5047070980e+00,5.2699966431e+00,8.4743666649e-01,5.6912221680e+03
2044,1.5046570301e+00,5.2849965096e+00,8.4980654716e-01,5.6036289062e+03
2045,1.5047818422e+00,5.2599968910e+00,8.5985136032e-01,5.3083090820e+03
2046,1.5044065714e+00,5.2899966240e+00,8.7615561485e-01,4.9944658203e+03
2047,1.5043063164e+00,5.3249969482e+00,8.7713062763e-01,4.7492124023e+03
2048,1.5044311285e+00,5.3099966049e+00,8.8304740191e-01,4.5417382812e+03
2049,1.5049308538e+00,5.3299970627e+00,8.8686507940e-01,4.3054892578e+03
2050,1.5047556162e+00,5.3149967194e+00,8.8659965992e-01,4.1155688477e+03
2051,1.5046803951e+00,5.3399963379e+00,9.0276622772e-01,3.7910822754e+03
2052,1.5044301748e+00,5.3799967766e+00,9.0552198887e-01,3.6164157715e+03
2053,1.5047301054e+00,5.3949966431e+00,9.1840100288e-01,3.4466035156e+03
2054,1.5046298504e+00,5.3899970055e+00,9.3124556541e-01,3.3261914062e+03
2055,1.5049545765e+00,5.4099965096e+00,9.3320417404e-01,3.2734172363e+03
2056,1.5050543547e+00,5.4249968529e+00,9.3923395872e-01,2.9879331055e+03
2057,1.5047289133e+00,5.4299964905e+00,9.5248258114e-01,2.9289792480e+03
2058,1.5046538115e+00,5.4299964905e+00,9.5259392262e-01,2.7670590820e+03
2059,1.5046037436e+00,5.4449963570e+00,9.5263206959e-01,2.7197197266e+03
2060,1.5051035881e+00,5.5099964142e+00,9.7581285238e-01,2.5355070801e+03
2061,1.5046533346e+00,5.4599967003e+00,9.7690409422e-01,2.5402182617e+03
2062,1.5049030781e+00,5.4949965477e+00,9.9344378710e-01,2.3404294434e+03
2063,1.5047528744e+00,5.5399956703e+00,1.0084329844e+00,2.2239421387e+03
2064,1.5043029785e+00,5.4899964333e+00,1.0166785717e+00,2.0403491211e+03
2065,1.5048278570e+00,5.5449962616e+00,1.0337667465e+00,1.9938292236e+03
2066,1.5048527718e+00,5.5249962807e+00,1.0467597246e+00,1.9019053955e+03
2067,1.5048276186e+00,5.5499968529e+00,1.0373988152e+00,1.8733034668e+03
2068,1.5047526360e+00,5.5449967384e+00,1.0555049181e+00,1.7018695068e+03
2069,1.5049026012e+00,5.5549964905e+00,1.0662577152e+00,1.6062637939e+03
2070,1.5046273470e+00,5.5399966240e+00,1.0701937675e+00,1.5777382812e+03
2071,1.5052773952e+00,5.5999965668e+00,1.0858877897e+00,1.4515903320e+03
2072,1.5045521259e+00,5.5699968338e+00,1.0919001102e+00,1.3727124023e+03
2073,1.5050768852e+00,5.5849962234e+00,1.1010804176e+00,1.2951903076e+03
2074,1.5049269199e+00,5.5949964523e+00,1.1129009724e+00,1.0997803955e+03
2075,1.5048518181e+00,5.6299962997e+00,1.1050331593e+00,1.0939360352e+03
2076,1.5047516823e+00,5.6349968910e+00,1.1236757040e+00,9.8368823242e+02
2077,1.5046764612e+00,5.6349964142e+00,1.1228064299e+00,9.2718487549e+02
2078,1.5048264265e+00,5.6699962616e+00,1.1274174452e+00,8.4621832275e+02
2079,1.5050764084e+00,5.6399965286e+00,1.1444324255e+00,7.0028143311e+02
2080,1.5048010349e+00,5.6649966240e+00,1.1292492151e+00,4.7420965576e+02
2081,1.5047259331e+00,5.7099962234e+00,1.1454815865e+00,4.1887332153e+02
2082,1.5047008991e+00,5.6699967384e+00,1.1417391300e+00,4.1788586426e+02
2083,1.5046257973e+00,5.7249965668e+00,1.1441543102e+00,0.0000000000e+00
2084,1.5046256781e+00,5.6899962425e+00,1.1358859539e+00,0.0000000000e+00
2085,1.5049755573e+00,5.7249960899e+00,1.1345045567e+00,0.0000000000e+00
2086,1.5050004721e+00,5.7799963951e+00,1.1343041658e+00,0.0000000000e+00
2087,1.5047253370e+00,5.7299962044e+00,1.1333763599e+00,0.0000000000e+00
2088,1.5048502684e+00,5.6949963570e+00,1.1292526722e+00,0.0000000000e+00
2089,1.5050002337e+00,5.7349963188e+00,1.1239138842e+00,0.0000000000e+00
2090,1.5045249462e+00,5.7299966812e+00,1.1210780144e+00,0.0000000000e+00
2091,1.5045248270e+00,5.7349963188e+00,1.1168279648e+00,0.0000000000e+00
2092,1.5048997402e+00,5.7199964523e+00,1.1097786427e+00,0.0000000000e+00
2093,1.5046997070e+00,5.7849960327e+00,1.1053206921e+00,0.0000000000e+00
2094,1.5048744678e+00,5.7349967957e+00,1.0941922665e+00,0.0000000000e+00
2095,1.5048995018e+00,5.7699961662e+00,1.0864105225e+00,0.0000000000e+00
2096,1.5049242973e+00,5.7699966431e+00,1.0814560652e+00,0.0000000000e+00
2097,1.5047241449e+00,5.7949962616e+00,1.0770556927e+00,0.0000000000e+00
2098,1.5048241615e+00,5.8049964905e+00,1.0662912130e+00,0.0000000000e+00
2099,1.5045739412e+00,5.8549962044e+00,1.0611913204e+00,0.0000000000e+00
2100,1.5044738054e+00,5.8299961090e+00,1.0664825439e+00,0.0000000000e+00
2101,1.5046486855e+00,5.8899960518e+00,1.0560998917e+00,0.0000000000e+00
2102,1.5045986176e+00,5.9149966240e+00,1.0575093031e+00,0.0000000000e+00
2103,1.5047484636e+00,5.8699960709e+00,1.0520545244e+00,0.0000000000e+00
2104,1.5044983625e+00,5.9049963951e+00,1.0529141426e+00,0.0000000000e+00
2105,1.5047981739e+00,5.9299960136e+00,1.0580701828e+00,0.0000000000e+00
2106,1.5046980381e+00,5.9449958801e+00,1.0614625216e+00,0.0000000000e+00
2107,1.5044729710e+00,5.9899964333e+00,1.0452778339e+00,0.0000000000e+00
2108,1.5047478676e+00,5.9899964333e+00,1.0258779526e+00,0.0000000000e+00
2109,1.5046228170e+00,6.0049962997e+00,1.0413569212e+00,0.0000000000e+00
2110,1.5046226978e+00,6.0299959183e+00,1.0437459946e+00,0.0000000000e+00
2111,1.5046225786e+00,6.0449962616e+00,1.0452221632e+00,0.0000000000e+00
2112,1.5046225786e+00,6.0799961090e+00,1.0335823298e+00,0.0000000000e+00
2113,1.5046473742e+00,6.0849962234e+00,1.0379905701e+00,0.0000000000e+00
2114,1.5049971342e+00,6.1049962044e+00,1.0368800163e+00,0.0000000000e+00
2115,1.5045970678e+00,6.1349959373e+00,1.0301254988e+00,0.0000000000e+00
2116,1.5045720339e+00,6.1399965286e+00,1.0584410429e+00,0.0000000000e+00
2117,1.5047219992e+00,6.1449961662e+00,1.0490014553e+00,0.0000000000e+00
2118,1.5045969486e+00,6.1649961472e+00,1.0610026121e+00,0.0000000000e+00
2119,1.5044467449e+00,6.1699962616e+00,1.0504121780e+00,0.0000000000e+00
2120,1.5046715736e+00,6.1799960136e+00,1.0421216488e+00,0.0000000000e+00
2121,1.5045715570e+00,6.1599960327e+00,1.0318348408e+00,0.0000000000e+00
2122,1.5045464039e+00,6.1799960136e+00,1.0320497751e+00,0.0000000000e+00
2123,1.5044963360e+00,6.1849966049e+00,1.0391191244e+00,0.0000000000e+00
2124,1.5043711662e+00,6.2149958611e+00,1.0387197733e+00,0.0000000000e+00
2125,1.5044211149e+00,6.2199959755e+00,1.0354354382e+00,0.0000000000e+00
2126,1.5044209957e+00,6.2299957275e+00,1.0352499485e+00,0.0000000000e+00
2127,1.5040708780e+00,6.2549958229e+00,1.0359252691e+00,0.0000000000e+00
2128,1.5042207241e+00,6.2649960518e+00,1.0269409418e+00,0.0000000000e+00
2129,1.5044707060e+00,6.2899961472e+00,1.0131645203e+00,0.0000000000e+00
2130,1.5043956041e+00,6.2899961472e+00,1.0199718475e+00,0.0000000000e+00
2131,1.5044955015e+00,6.3649959564e+00,1.0108308792e+00,0.0000000000e+00
2132,1.5042454004e+00,6.3349952698e+00,1.0122479200e+00,0.0000000000e+00
2133,1.5044454336e+00,6.3599963188e+00,1.0137554407e+00,0.0000000000e+00
2134,1.5046203136e+00,6.3699960709e+00,9.9801462889e-01,0.0000000000e+00
2135,1.5040202141e+00,6.3949956894e+00,1.0111001730e+00,0.0000000000e+00
2136,1.5041701794e+00,6.4049954414e+00,1.0040303469e+00,0.0000000000e+00
2137,1.5042450428e+00,6.4299955368e+00,9.8936063051e-01,0.0000000000e+00
2138,1.5044199228e+00,6.4499959946e+00,9.9173784256e-01,0.0000000000e+00
2139,1.5045698881e+00,6.4249963760e+00,9.8897135258e-01,0.0000000000e+00
2140,1.5044447184e+00,6.4749960899e+00,9.8601108789e-01,0.0000000000e+00
2141,1.5044946671e+00,6.4799957275e+00,9.8259574175e-01,0.0000000000e+00
2142,1.5043447018e+00,6.5399956703e+00,9.8090195656e-01,0.0000000000e+00
2143,1.5043946505e+00,6.5049958229e+00,9.7486758232e-01,0.0000000000e+00
2144,1.5046445131e+00,6.5449957848e+00,9.7309535742e-01,0.0000000000e+00
2145,1.5043194294e+00,6.5599961281e+00,9.7161513567e-01,0.0000000000e+00
2146,1.5047694445e+00,6.5999956131e+00,9.5813709497e-01,0.0000000000e+00
2147,1.5041692257e+00,6.5949959755e+00,9.4200909138e-01,0.0000000000e+00
2148,1.5044441223e+00,6.6349959373e+00,9.4167786837e-01,0.0000000000e+00
2149,1.5041941404e+00,6.6599955559e+00,9.4070619345e-01,0.0000000000e+00
2150,1.5038440228e+00,6.6799955368e+00,9.4409269094e-01,0.0000000000e+00
2151,1.5043690205e+00,6.6949958801e+00,9.4047951698e-01,0.0000000000e+00
2152,1.5042438507e+00,6.7249951363e+00,9.3590843678e-01,0.0000000000e+00
2153,1.5043438673e+00,6.7199954987e+00,9.2946881056e-01,0.0000000000e+00
2154,1.5042939186e+00,6.7699956894e+00,9.2162692547e-01,0.0000000000e+00
2155,1.5040688515e+00,6.7549958229e+00,9.2318832874e-01,0.0000000000e+00
2156,1.5045937300e+00,6.8049955368e+00,9.1769355536e-01,0.0000000000e+00
2157,1.5043686628e+00,6.7999958992e+00,9.1862368584e-01,0.0000000000e+00
2158,1.5041685104e+00,6.8699951172e+00,9.1715276241e-01,0.0000000000e+00
2159,1.5040935278e+00,6.8749957085e+00,9.1847556829e-01,0.0000000000e+00
2160,1.5037684441e+00,6.8649959564e+00,9.2052108049e-01,0.0000000000e+00
2161,1.5041434765e+00,6.8999958038e+00,9.1711872816e-01,0.0000000000e+00
2162,1.5040433407e+00,6.8999958038e+00,9.1080850363e-01,0.0000000000e+00
2163,1.5041432381e+00,6.9349956512e+00,9.1352158785e-01,0.0000000000e+00
2164,1.5039432049e+00,6.9449954033e+00,9.0005338192e-01,0.0000000000e+00
2165,1.5041182041e+00,6.9699954987e+00,8.9356392622e-01,0.0000000000e+00
2166,1.5040930510e+00,7.0099954605e+00,8.9349263906e-01,0.0000000000e+00
2167,1.5040431023e+00,7.0649957657e+00,8.9023619890e-01,0.0000000000e+00
2168,1.5038679838e+00,7.0549955368e+00,8.9440572262e-01,0.0000000000e+00
2169,1.5036929846e+00,7.0899953842e+00,8.9169502258e-01,0.0000000000e+00
2170,1.5040429831e+00,7.0749945641e+00,8.9189863205e-01,0.0000000000e+00
2171,1.5041679144e+00,7.1049952507e+00,8.9281958342e-01,0.0000000000e+00
2172,1.5040678978e+00,7.1099953651e+00,8.9660441875e-01,0.0000000000e+00
2173,1.5039427280e+00,7.1599950790e+00,8.9940035343e-01,0.0000000000e+00
2174,1.5036426783e+00,7.1849951744e+00,8.9748305082e-01,0.0000000000e+00
2175,1.5039676428e+00,7.1849951744e+00,8.9191931486e-01,0.0000000000e+00
2176,1.5038175583e+00,7.2099947929e+00,8.8667082787e-01,0.0000000000e+00
2177,1.5037674904e+00,7.2399950027e+00,8.9244943857e-01,0.0000000000e+00
2178,1.5037925243e+00,7.2649950981e+00,8.8776087761e-01,0.0000000000e+00
2179,1.5039424896e+00,7.2399950027e+00,8.8759326935e-01,0.0000000000e+00
2180,1.5036172867e+00,7.2699947357e+00,8.8661813736e-01,0.0000000000e+00
2181,1.5034672022e+00,7.3149948120e+00,8.8282388449e-01,0.0000000000e+00
2182,1.5037423372e+00,7.3549952507e+00,8.7885165215e-01,0.0000000000e+00
2183,1.5034171343e+00,7.3399949074e+00,8.8080835342e-01,0.0000000000e+00
2184,1.5035922527e+00,7.3599953651e+00,8.8208407164e-01,0.0000000000e+00
2185,1.5036671162e+00,7.3549952507e+00,8.8261055946e-01,0.0000000000e+00
2186,1.5036669970e+00,7.4049949646e+00,8.7420713902e-01,0.0000000000e+00
2187,1.5034420490e+00,7.4299950600e+00,8.7448996305e-01,0.0000000000e+00
2188,1.5034919977e+00,7.4249949455e+00,8.7033426762e-01,0.0000000000e+00
2189,1.5036669970e+00,7.4849953651e+00,8.7396186590e-01,0.0000000000e+00
2190,1.5033667088e+00,7.4799947739e+00,8.6657220125e-01,0.0000000000e+00
2191,1.5037918091e+00,7.5399951935e+00,8.7223970890e-01,1.6997381592e+02
2192,1.5033417940e+00,7.4949951172e+00,8.7337470055e-01,2.9457376099e+02
2193,1.5040419102e+00,7.5499949455e+00,8.6971402168e-01,2.5192323303e+02
2194,1.5035417080e+00,7.5599951744e+00,8.7145513296e-01,3.4528854370e+02
2195,1.5036667585e+00,7.5749955177e+00,8.7483835220e-01,3.2551306152e+02
2196,1.5035916567e+00,7.6449947357e+00,8.6920654774e-01,3.9784005737e+02
2197,1.5036417246e+00,7.6199951172e+00,8.7835305929e-01,4.9102636719e+02
2198,1.5036666393e+00,7.6599946022e+00,8.8281548023e-01,5.0590640259e+02
2199,1.5033665895e+00,7.6949954033e+00,8.9283400774e-01,5.6290106201e+02
2200,1.5033916235e+00,7.7299947739e+00,8.9292705059e-01,5.9577868652e+02
2201,1.5034162998e+00,7.7799944878e+00,8.9280545712e-01,6.4865051270e+02
2202,1.5032663345e+00,7.7449951172e+00,8.9696532488e-01,6.8872778320e+02
2203,1.5035912991e+00,7.8149948120e+00,9.0658426285e-01,6.8524603271e+02
2204,1.5033162832e+00,7.7799949646e+00,9.0943181515e-01,7.5604406738e+02
2205,1.5033411980e+00,7.8049955368e+00,9.1779530048e-01,7.7701666260e+02
2206,1.5031912327e+00,7.8549947739e+00,9.2691665888e-01,8.4736450195e+02
2207,1.5027661324e+00,7.8399949074e+00,9.3282961845e-01,8.6012609863e+02
2208,1.5032411814e+00,7.8699955940e+00,9.4948989153e-01,8.9659094238e+02
2209,1.5030410290e+00,7.8649950027e+00,9.6129542589e-01,8.9583111572e+02
2210,1.5031660795e+00,7.9299950600e+00,9.7635179758e-01,9.4410742188e+02
2211,1.5029408932e+00,7.9199948311e+00,9.9177551270e-01,9.5181909180e+02
2212,1.5028908253e+00,7.9749951363e+00,1.0130320787e+00,9.7312988281e+02
2213,1.5029908419e+00,7.9499945641e+00,1.0218670368e+00,9.3432470703e+02
2214,1.5031657219e+00,8.0099945068e+00,1.0439596176e+00,1.0520253906e+03
2215,1.5030657053e+00,8.0349950790e+00,1.0591448545e+00,1.0117345581e+03
2216,1.5032156706e+00,8.0349950790e+00,1.0839506388e+00,1.0151157837e+03
2217,1.5031405687e+00,8.0199947357e+00,1.1030522585e+00,1.0423701172e+03
2218,1.5030155182e+00,8.0749950409e+00,1.1414970160e+00,1.0760882568e+03
2219,1.5030155182e+00,8.0849952698e+00,1.1652773619e+00,1.0922689209e+03
2220,1.5030903816e+00,8.1149940491e+00,1.2010555267e+00,1.0415841064e+03
2221,1.5027153492e+00,8.1199941635e+00,1.2339828014e+00,1.1089884033e+03
2222,1.5028902292e+00,8.1599950790e+00,1.2702813148e+00,1.0610588379e+03
2223,1.5027403831e+00,8.1949939728e+00,1.3152170181e+00,1.0659382324e+03
2224,1.5030152798e+00,8.2049951553e+00,1.3594890833e+00,1.0303327637e+03
2225,1.5028902292e+00,8.2399950027e+00,1.3944433928e+00,1.0434436035e+03
2226,1.5024400949e+00,8.2549943924e+00,1.4403988123e+00,9.9280358887e+02
2227,1.5028650761e+00,8.2349939346e+00,1.4829308987e+00,1.0130036621e+03
2228,1.5031402111e+00,8.3099937439e+00,1.5181676149e+00,1.0616357422e+03
2229,1.5028650761e+00,8.2949943542e+00,1.5676094294e+00,1.0431805420e+03
2230,1.5029650927e+00,8.3049936295e+00,1.6040990353e+00,9.9702014160e+02
2231,1.5027400255e+00,8.3349943161e+00,1.6340475082e+00,1.0142378540e+03
2232,1.5031149387e+00,8.3399944305e+00,1.6515971422e+00,1.0274245605e+03
2233,1.5030648708e+00,8.3999938965e+00,1.6524018049e+00,1.0121805420e+03
2234,1.5027151108e+00,8.4149942398e+00,1.6478606462e+00,1.0153278809e+03
2235,1.5029898882e+00,8.3999938965e+00,1.6450428963e+00,9.1495043945e+02
2236,1.5028649569e+00,8.4699945450e+00,1.6774452925e+00,9.7323114014e+02
2237,1.5027648211e+00,8.4649944305e+00,1.7187533379e+00,9.6660571289e+02
2238,1.5030148029e+00,8.4799938202e+00,1.7535127401e+00,9.2699627686e+02
2239,1.5027648211e+00,8.5449943542e+00,1.7404760122e+00,9.5496166992e+02
2240,1.5026396513e+00,8.5299949646e+00,1.6937010288e+00,8.7386077881e+02
2241,1.5026147366e+00,8.5649948120e+00,1.6558892727e+00,9.0727734375e+02
2242,1.5018147230e+00,8.5549945831e+00,1.6155769825e+00,8.6150262451e+02
2243,1.5024145842e+00,8.5799951553e+00,1.5905927420e+00,8.9192529297e+02
2244,1.5018645525e+00,8.6449937820e+00,1.5477861166e+00,8.4750183105e+02
2245,1.5022395849e+00,8.6499938965e+00,1.4967217445e+00,8.9552130127e+02
2246,1.5023394823e+00,8.6449937820e+00,1.3954216242e+00,9.1148730469e+02
2247,1.5023894310e+00,8.6699943542e+00,1.3515098095e+00,9.1534436035e+02
2248,1.5024394989e+00,8.7099943161e+00,1.3231214285e+00,8.4249530029e+02
2249,1.5017143488e+00,8.7449951172e+00,1.2742871046e+00,8.2958422852e+02
2250,1.5024642944e+00,8.7299938202e+00,1.2414839268e+00,8.2751116943e+02
2251,1.5019392967e+00,8.7799940109e+00,1.1933463812e+00,8.0581005859e+02
2252,1.5019394159e+00,8.7999944687e+00,1.1449481249e+00,8.1669512939e+02
2253,1.5022141933e+00,8.7849941254e+00,1.0878503323e+00,8.7284075928e+02
2254,1.5021642447e+00,8.8249931335e+00,1.0200859308e+00,8.6631408691e+02
2255,1.5017142296e+00,8.8599939346e+00,9.6522021294e-01,8.7413916016e+02
2256,1.5018892288e+00,8.8749942780e+00,9.3340468407e-01,9.4795397949e+02
2257,1.5018141270e+00,8.8999938965e+00,8.8226199150e-01,9.9817681885e+02
2258,1.5018138885e+00,8.9249935150e+00,8.2803839445e-01,1.0297812500e+03
2259,1.5020890236e+00,8.9599943161e+00,7.9272913933e-01,1.0690712891e+03
2260,1.5015140772e+00,8.9949941635e+00,7.6370036602e-01,1.0612120361e+03
2261,1.5021389723e+00,9.0149946213e+00,7.4137294292e-01,1.0666890869e+03
2262,1.5017888546e+00,8.9849948883e+00,7.3198491335e-01,1.0418488770e+03
2263,1.5020388365e+00,9.0099935532e+00,7.2864270210e-01,1.1317788086e+03
2264,1.5014139414e+00,9.0499935150e+00,7.0064014196e-01,1.0375521240e+03
2265,1.5017888546e+00,9.0649938583e+00,6.9496130943e-01,8.8628991699e+02
2266,1.5020638704e+00,9.0999937057e+00,6.9222444296e-01,1.1087742920e+03
2267,1.5017387867e+00,9.0699939728e+00,7.2244232893e-01,9.1329516602e+02
2268,1.5018136501e+00,9.1199932098e+00,6.8738430738e-01,9.8141094971e+02
2269,1.5015386343e+00,9.1349935532e+00,7.0391291380e-01,8.7300329590e+02
2270,1.5015387535e+00,9.1499929428e+00,7.2090232372e-01,7.3644683838e+02
2271,1.5014637709e+00,9.1849937439e+00,7.2514778376e-01,7.6556652832e+02
2272,1.5015136003e+00,9.1799945831e+00,7.3606312275e-01,6.4066491699e+02
2273,1.5015634298e+00,9.1849927902e+00,7.4320209026e-01,4.6830413818e+02
2274,1.5015635490e+00,9.2299938202e+00,7.4970203638e-01,5.0397528076e+02
2275,1.5015884638e+00,9.2799930573e+00,7.9448527098e-01,4.1469644165e+02
2276,1.5012384653e+00,9.2399930954e+00,7.7366268635e-01,0.0000000000e+00
2277,1.5015383959e+00,9.2949934006e+00,7.7863383293e-01,0.0000000000e+00
2278,1.5016634464e+00,9.3099937439e+00,7.9449319839e-01,0.0000000000e+00
2279,1.5010132790e+00,9.3199930191e+00,7.8960925341e-01,0.0000000000e+00
2280,1.5012633801e+00,9.3099927902e+00,7.8933477402e-01,0.0000000000e+00
2281,1.5014632940e+00,9.3549928665e+00,8.0616050959e-01,0.0000000000e+00
2282,1.5009633303e+00,9.3649930954e+00,8.2366198301e-01,0.0000000000e+00
2283,1.5015132427e+00,9.3899927139e+00,8.4770023823e-01,0.0000000000e+00
2284,1.5016632080e+00,9.3899936676e+00,8.3243453503e-01,0.0000000000e+00
2285,1.5010132790e+00,9.4349937439e+00,8.3438712358e-01,0.0000000000e+00
2286,1.5015132427e+00,9.4349927902e+00,8.1165260077e-01,0.0000000000e+00
2287,1.5011632442e+00,9.4699935913e+00,8.2324278355e-01,0.0000000000e+00
2288,1.5014381409e+00,9.4999942780e+00,8.2664263248e-01,0.0000000000e+00
2289,1.5014631748e+00,9.4649934769e+00,8.2224285603e-01,0.0000000000e+00
2290,1.5017131567e+00,9.5349931717e+00,8.1513637304e-01,4.5508328247e+02
2291,1.5012879372e+00,9.5099925995e+00,8.0819487572e-01,6.0499578857e+02
2292,1.5014379025e+00,9.4699935913e+00,8.0630218983e-01,9.0520111084e+02
2293,1.5014380217e+00,9.5249948502e+00,7.9601120949e-01,9.7816088867e+02
2294,1.5011129379e+00,9.5449943542e+00,7.8485280275e-01,1.1132703857e+03
2295,1.5014629364e+00,9.5499935150e+00,7.7285385132e-01,1.2293417969e+03
2296,1.5014379025e+00,9.5499935150e+00,7.6851701736e-01,1.4360737305e+03
2297,1.5014128685e+00,9.5549936295e+00,7.5309020281e-01,1.4402521973e+03
2298,1.5019878149e+00,9.5799932480e+00,7.4377566576e-01,1.5816798096e+03
2299,1.5013628006e+00,9.5799942017e+00,7.4450981617e-01,1.6493792725e+03
2300,1.5014127493e+00,9.5799922943e+00,7.3917186260e-01,1.7798920898e+03
2301,1.5015877485e+00,9.6549921036e+00,7.3982834816e-01,1.7934133301e+03
2302,1.5010875463e+00,9.6399936676e+00,7.1807706356e-01,1.8495447998e+03
2303,1.5009876490e+00,9.6549930573e+00,7.2724795341e-01,1.9625347900e+03
2304,1.5014876127e+00,9.6599941254e+00,7.1769690514e-01,2.0238996582e+03
2305,1.5011374950e+00,9.6649932861e+00,7.0985418558e-01,2.0875837402e+03
2306,1.5014625788e+00,9.6699943542e+00,7.0155507326e-01,2.1312099609e+03
2307,1.5016125441e+00,9.6749925613e+00,6.8567198515e-01,2.1950922852e+03
2308,1.5012625456e+00,9.7099933624e+00,6.9164597988e-01,2.2941562500e+03
2309,1.5014123917e+00,9.6449937820e+00,6.7126059532e-01,2.3365976562e+03
2310,1.5009373426e+00,9.6649932861e+00,6.6432577372e-01,2.3609709473e+03
2311,1.5012872219e+00,9.6799936295e+00,6.4889448881e-01,2.4747526855e+03
2312,1.5011873245e+00,9.6999921799e+00,6.5081703663e-01,2.4625268555e+03
2313,1.5013123751e+00,9.6899929047e+00,6.2983787060e-01,2.6004497070e+03
2314,1.5015372038e+00,9.6549930573e+00,6.2574458122e-01,2.5825834961e+03
2315,1.5017373562e+00,9.6699924469e+00,6.0699433088e-01,2.8257158203e+03
2316,1.5012121201e+00,9.7549924850e+00,6.1920487881e-01,2.6849792480e+03
2317,1.5012872219e+00,9.7399940491e+00,5.9708523750e-01,2.9534775391e+03
2318,1.5010371208e+00,9.7349929810e+00,5.8788037300e-01,2.7107783203e+03
2319,1.5010871887e+00,9.7549934387e+00,5.8119452000e-01,2.9995495605e+03
2320,1.5012118816e+00,9.7849931717e+00,5.8058321476e-01,3.1725163574e+03
2321,1.5011619329e+00,9.8599939346e+00,5.7320851088e-01,3.0127321777e+03
2322,1.5010119677e+00,9.8299932480e+00,5.6142055988e-01,3.1492717285e+03
2323,1.5008869171e+00,9.8549919128e+00,5.6413763762e-01,3.2267180176e+03
2324,1.5012869835e+00,9.8449926376e+00,5.5140382051e-01,3.2988078613e+03
2325,1.5011618137e+00,9.8349924088e+00,5.5121642351e-01,3.4300798340e+03
2326,1.5009868145e+00,9.8999929428e+00,5.3847259283e-01,3.3824450684e+03
2327,1.5010368824e+00,9.9449930191e+00,5.4923689365e-01,3.3475742188e+03
2328,1.5011367798e+00,9.9399929047e+00,5.3235596418e-01,3.7047553711e+03
2329,1.5010868311e+00,9.9749937057e+00,4.9593535066e-01,3.6787841797e+03
2330,1.5010118484e+00,9.9899930954e+00,5.0758183002e-01,3.6724602051e+03
2331,1.5012867451e+00,9.9799928665e+00,4.9099412560e-01,3.8034267578e+03
2332,1.5012117624e+00,9.9999933243e+00,4.8983493447e-01,3.9617834473e+03
2333,1.5010867119e+00,1.0064991951e+01,4.8595002294e-01,3.6544887695e+03
2334,1.5013116598e+00,1.0044991493e+01,4.6807691455e-01,4.2495126953e+03
2335,1.5010865927e+00,1.0074993134e+01,4.7614341974e-01,4.0265397949e+03
2336,1.5009616613e+00,1.0099992752e+01,4.7198730707e-01,3.9986735840e+03
2337,1.5014367104e+00,1.0109993935e+01,4.4605761766e-01,4.4229067383e+03
2338,1.5015864372e+00,1.0169993401e+01,4.4448938966e-01,4.1288842773e+03
2339,1.5009864569e+00,1.0134993553e+01,4.3198820949e-01,4.4492167969e+03
2340,1.5011863708e+00,1.0164993286e+01,4.1737121344e-01,4.5954599609e+03
2341,1.5012614727e+00,1.0189991951e+01,4.1285979748e-01,4.3410883789e+03
2342,1.5012364388e+00,1.0199992180e+01,4.0981698036e-01,5.0024863281e+03
2343,1.5014613867e+00,1.0259992599e+01,4.0095144510e-01,4.5623271484e+03
2344,1.5013864040e+00,1.0274992943e+01,4.0007951856e-01,5.0570830078e+03
2345,1.5014363527e+00,1.0324991226e+01,3.9342707396e-01,4.8446518555e+03
2346,1.5015114546e+00,1.0324994087e+01,3.9393165708e-01,5.1520830078e+03
2347,1.5017361641e+00,1.0319993019e+01,3.8486886024e-01,5.0811582031e+03
2348,1.5020612478e+00,1.0374992371e+01,3.8943707943e-01,5.0760356445e+03
2349,1.5014361143e+00,1.0349991798e+01,3.8033315539e-01,5.5647382812e+03
2350,1.5021612644e+00,1.0394992828e+01,3.8601782918e-01,5.2217490234e+03
2351,1.5011610985e+00,1.0439992905e+01,3.7344470620e-01,5.4318769531e+03
2352,1.5016610622e+00,1.0474992752e+01,3.8494136930e-01,5.4271430664e+03
2353,1.5015110970e+00,1.0489992142e+01,3.7088307738e-01,5.4585527344e+03
2354,1.5017859936e+00,1.0544992447e+01,3.7763205171e-01,5.5637739258e+03
2355,1.5019609928e+00,1.0559991837e+01,3.7301972508e-01,5.4810122070e+03
2356,1.5016109943e+00,1.0604991913e+01,3.7430778146e-01,5.5067197266e+03
2357,1.5018109083e+00,1.0619992256e+01,3.6247631907e-01,5.5432827148e+03
2358,1.5018609762e+00,1.0624992371e+01,3.6236205697e-01,5.5508227539e+03
2359,1.5022859573e+00,1.0624992371e+01,3.5240012407e-01,5.5786743164e+03
2360,1.5017607212e+00,1.0654993057e+01,3.4938037395e-01,5.8440361328e+03
2361,1.5017608404e+00,1.0709992409e+01,3.5374510288e-01,5.4455166016e+03
2362,1.5017607212e+00,1.0744991302e+01,3.4610992670e-01,5.5719750977e+03
2363,1.5022108555e+00,1.0719993591e+01,3.5288509727e-01,5.6407841797e+03
2364,1.5021857023e+00,1.0769991875e+01,3.4858798981e-01,5.1987666016e+03
2365,1.5018357038e+00,1.0789992332e+01,3.4411910176e-01,5.6861723633e+03
2366,1.5021107197e+00,1.0824992180e+01,3.5269200802e-01,5.0358520508e+03
2367,1.5019354820e+00,1.0819992065e+01,3.4569182992e-01,5.5009941406e+03
2368,1.5018856525e+00,1.0854991913e+01,3.4426784515e-01,5.0784990234e+03
2369,1.5015856028e+00,1.0864992142e+01,3.3984661102e-01,5.2457333984e+03
2370,1.5020105839e+00,1.0904992104e+01,3.3465200663e-01,5.2468134766e+03
2371,1.5015105009e+00,1.0939990997e+01,3.4145984054e-01,5.1619628906e+03
2372,1.5020854473e+00,1.0989991188e+01,3.2707154751e-01,5.2031250000e+03
2373,1.5021353960e+00,1.1009991646e+01,3.2668513060e-01,5.1733203125e+03
2374,1.5025103092e+00,1.1039991379e+01,3.2531031966e-01,5.1002719727e+03
2375,1.5024855137e+00,1.0999992371e+01,3.2161235809e-01,4.9510209961e+03
2376,1.5021603107e+00,1.1064991951e+01,3.1392157078e-01,4.8611933594e+03
2377,1.5020353794e+00,1.1074992180e+01,3.0487757921e-01,4.9318754883e+03
2378,1.5022352934e+00,1.1164992332e+01,3.0539152026e-01,4.7957880859e+03
2379,1.5020604134e+00,1.1134991646e+01,2.9852584004e-01,4.7853520508e+03
2380,1.5025100708e+00,1.1164991379e+01,2.9602420330e-01,4.7890527344e+03
2381,1.5023102760e+00,1.1164991379e+01,2.9286929965e-01,4.7971289062e+03
2382,1.5028601885e+00,1.1239992142e+01,2.9619085789e-01,4.6907255859e+03
2383,1.5025851727e+00,1.1199992180e+01,2.9044929147e-01,4.7791752930e+03
2384,1.5026601553e+00,1.1269992828e+01,2.9018354416e-01,4.6322460938e+03
2385,1.5026100874e+00,1.1319992065e+01,2.8687500954e-01,4.6654716797e+03
2386,1.5028851032e+00,1.1329992294e+01,2.8379011154e-01,4.6360292969e+03
2387,1.5027099848e+00,1.1384993553e+01,2.8407722712e-01,4.6271835938e+03
2388,1.5024850368e+00,1.1409993172e+01,2.8194561601e-01,4.6543061523e+03
2389,1.5031599998e+00,1.1424992561e+01,2.7613875270e-01,4.6036518555e+03
2390,1.5024849176e+00,1.1439992905e+01,2.8236243129e-01,4.6491918945e+03
2391,1.5031598806e+00,1.1484992027e+01,2.7351546288e-01,4.3763833008e+03
2392,1.5028599501e+00,1.1499991417e+01,2.7143475413e-01,4.6140869141e+03
2393,1.5029098988e+00,1.1504991531e+01,2.7052262425e-01,4.2899326172e+03
2394,1.5028848648e+00,1.1549991608e+01,2.6469695568e-01,4.5659545898e+03
2395,1.5030598640e+00,1.1604991913e+01,2.6916304231e-01,4.2793569336e+03
2396,1.5035349131e+00,1.1689990997e+01,2.6712518930e-01,4.4414912109e+03
2397,1.5034849644e+00,1.1659991264e+01,2.6574033499e-01,4.4155610352e+03
2398,1.5034348965e+00,1.1679991722e+01,2.6232388616e-01,4.4882045898e+03
2399,1.5031597614e+00,1.1779992104e+01,2.6342773438e-01,4.3893618164e+03
2400,1.5032098293e+00,1.1749991417e+01,2.6112315059e-01,4.4237539062e+03
2401,1.5029847622e+00,1.1829993248e+01,2.5882163644e-01,4.3982749023e+03
2402,1.5032098293e+00,1.1804992676e+01,2.5792109966e-01,4.3672690430e+03
2403,1.5032098293e+00,1.1939991951e+01,2.5656920671e-01,4.3761987305e+03
2404,1.5031597614e+00,1.1864991188e+01,2.5525224209e-01,4.2870214844e+03
2405,1.5037096739e+00,1.1909991264e+01,2.5581070781e-01,4.3022739258e+03
2406,1.5037096739e+00,1.1964991570e+01,2.5129288435e-01,4.3874101562e+03
2407,1.5040595531e+00,1.1969990730e+01,2.4962021410e-01,4.2294721680e+03
2408,1.5030596256e+00,1.1954991341e+01,2.4971778691e-01,4.3720297852e+03
2409,1.5033346415e+00,1.1974990845e+01,2.4598647654e-01,4.2839697266e+03
2410,1.5033595562e+00,1.2064990997e+01,2.4232620001e-01,4.3642377930e+03
2411,1.5031596422e+00,1.2044992447e+01,2.4798558652e-01,4.2149008789e+03
2412,1.5039097071e+00,1.2144991875e+01,2.4420113862e-01,4.4235976562e+03
2413,1.5031346083e+00,1.2094991684e+01,2.4356500804e-01,4.1779638672e+03
2414,1.5039346218e+00,1.2159991264e+01,2.4116541445e-01,4.3776728516e+03
2415,1.5033346415e+00,1.2224990845e+01,2.4524380267e-01,4.0681611328e+03
2416,1.5037095547e+00,1.2209990501e+01,2.4282357097e-01,4.4466147461e+03
2417,1.5040345192e+00,1.2249990463e+01,2.4159419537e-01,4.0028073730e+03
2418,1.5038344860e+00,1.2279991150e+01,2.4135085940e-01,4.4723330078e+03
2419,1.5041594505e+00,1.2309989929e+01,2.4057747424e-01,3.9853901367e+03
2420,1.5040346384e+00,1.2359990120e+01,2.3920892179e-01,4.3123154297e+03
2421,1.5036346912e+00,1.2409991264e+01,2.3513965309e-01,4.3075727539e+03
2422,1.5043346882e+00,1.2414990425e+01,2.4219110608e-01,4.1657094727e+03
2423,1.5043095350e+00,1.2409990311e+01,2.4062757194e-01,4.3013593750e+03
2424,1.5041095018e+00,1.2484991074e+01,2.3738323152e-01,4.2184453125e+03
2425,1.5043594837e+00,1.2459991455e+01,2.4647858739e-01,4.3128383789e+03
2426,1.5043845177e+00,1.2484991074e+01,2.3378631473e-01,4.2049121094e+03
2427,1.5045845509e+00,1.2544989586e+01,2.3577323556e-01,4.4024082031e+03
2428,1.5041844845e+00,1.2584990501e+01,2.3584309220e-01,4.0714816895e+03
2429,1.5042345524e+00,1.2614991188e+01,2.3172539473e-01,4.3963559570e+03
2430,1.5045094490e+00,1.2594990730e+01,2.3606416583e-01,4.0363049316e+03
2431,1.5041594505e+00,1.2644989014e+01,2.2913852334e-01,4.4116806641e+03
2432,1.5044845343e+00,1.2649991035e+01,2.3133789003e-01,4.0479414062e+03
2433,1.5045595169e+00,1.2714990616e+01,2.2848349810e-01,4.2053681641e+03
2434,1.5047845840e+00,1.2729990005e+01,2.2941873968e-01,4.1274282227e+03
2435,1.5046095848e+00,1.2799990654e+01,2.2884912789e-01,4.2243041992e+03
2436,1.5046595335e+00,1.2789990425e+01,2.2441971302e-01,4.2622963867e+03
2437,1.5048093796e+00,1.2869990349e+01,2.3137067258e-01,4.1448398438e+03
2438,1.5046094656e+00,1.2819991112e+01,2.2189465165e-01,4.2798686523e+03
2439,1.5048344135e+00,1.2889991760e+01,2.3055994511e-01,4.2166376953e+03
2440,1.5043344498e+00,1.2854991913e+01,2.2573544085e-01,4.2702163086e+03
2441,1.5048094988e+00,1.2889991760e+01,2.3058930039e-01,4.2337954102e+03
2442,1.5049095154e+00,1.2984990120e+01,2.3023866117e-01,4.2760083008e+03
2443,1.5048345327e+00,1.2944989204e+01,2.2838076949e-01,4.2296791992e+03
2444,1.5050346851e+00,1.3104990005e+01,2.2913847864e-01,4.3006591797e+03
2445,1.5049345493e+00,1.3014991760e+01,2.2414188087e-01,4.2672983398e+03
2446,1.5054094791e+00,1.3069991112e+01,2.2936154902e-01,4.2636157227e+03
2447,1.5049846172e+00,1.3064990997e+01,2.2471642494e-01,4.3144086914e+03
2448,1.5051344633e+00,1.3114990234e+01,2.2573812306e-01,4.2281215820e+03
2449,1.5046845675e+00,1.3184990883e+01,2.2461391985e-01,4.3526845703e+03
2450,1.5048345327e+00,1.3164990425e+01,2.2824802995e-01,4.1452382812e+03
2451,1.5048594475e+00,1.3209990501e+01,2.2844846547e-01,4.2545249023e+03
2452,1.5049344301e+00,1.3244990349e+01,2.2748658061e-01,4.2757978516e+03
2453,1.5051095486e+00,1.3229990005e+01,2.2579272091e-01,4.2872041016e+03
2454,1.5046596527e+00,1.3249990463e+01,2.2036044300e-01,4.2580712891e+03
2455,1.5054095984e+00,1.3284990311e+01,2.3044607043e-01,4.2513920898e+03
2456,1.5046346188e+00,1.3329989433e+01,2.1705229580e-01,4.3058652344e+03
2457,1.5051095486e+00,1.3374990463e+01,2.2479616106e-01,4.3115000000e+03
2458,1.5049096346e+00,1.3349990845e+01,2.2266310453e-01,4.3485170898e+03
2459,1.5054346323e+00,1.3419991493e+01,2.2164466977e-01,4.4135585938e+03
2460,1.5046346188e+00,1.3419990540e+01,2.2463564575e-01,4.3003701172e+03
2461,1.5051596165e+00,1.3419990540e+01,2.1948491037e-01,4.4769375000e+03
2462,1.5049597025e+00,1.3449988365e+01,2.2347213328e-01,4.3766323242e+03
2463,1.5050597191e+00,1.3449990273e+01,2.2133038938e-01,4.3806088867e+03
2464,1.5055847168e+00,1.3499989510e+01,2.2261790931e-01,4.3964067383e+03
2465,1.5053097010e+00,1.3514990807e+01,2.2067917883e-01,4.4135029297e+03
2466,1.5055599213e+00,1.3499989510e+01,2.2421456873e-01,4.4046201172e+03
2467,1.5052347183e+00,1.3574990273e+01,2.2018957138e-01,4.4190961914e+03
2468,1.5055599213e+00,1.3604990005e+01,2.2161722183e-01,4.4727915039e+03
2469,1.5060600042e+00,1.3609990120e+01,2.2253653407e-01,4.4749589844e+03
2470,1.5055599213e+00,1.3654990196e+01,2.2188457847e-01,4.4556987305e+03
2471,1.5059349537e+00,1.3704989433e+01,2.1933880448e-01,4.5414042969e+03
2472,1.5058848858e+00,1.3694989204e+01,2.2457972169e-01,4.5164697266e+03
2473,1.5058099031e+00,1.3724988937e+01,2.2377710044e-01,4.5652607422e+03
2474,1.5060600042e+00,1.3774990082e+01,2.2019566596e-01,4.5646547852e+03
2475,1.5062600374e+00,1.3744991302e+01,2.2265933454e-01,4.5089521484e+03
2476,1.5065350533e+00,1.3834990501e+01,2.2181151807e-01,4.6835249023e+03
2477,1.5059850216e+00,1.3829990387e+01,2.2295901179e-01,4.4190351562e+03
2478,1.5065351725e+00,1.3824990273e+01,2.1854263544e-01,4.6975068359e+03
2479,1.5067601204e+00,1.3874989510e+01,2.1720588207e-01,4.6664003906e+03
2480,1.5066101551e+00,1.3859990120e+01,2.1696829796e-01,4.6895834961e+03
2481,1.5064351559e+00,1.3964989662e+01,2.1284583211e-01,4.6124545898e+03
2482,1.5058602095e+00,1.3899990082e+01,2.1810440719e-01,4.7966093750e+03
2483,1.5069352388e+00,1.3979990005e+01,2.1541827917e-01,4.6314189453e+03
2484,1.5065853596e+00,1.3994989395e+01,2.1518859267e-01,4.8891508789e+03
2485,1.5064102411e+00,1.4009990692e+01,2.1660363674e-01,4.7667915039e+03
2486,1.5064604282e+00,1.4029989243e+01,2.1239431202e-01,4.9075786133e+03
2487,1.5062603951e+00,1.4054989815e+01,2.1552444994e-01,4.8761523438e+03
2488,1.5060354471e+00,1.4069990158e+01,2.1314375103e-01,4.8769838867e+03
2489,1.5061354637e+00,1.4139989853e+01,2.1392270923e-01,4.9668369141e+03
2490,1.5064105988e+00,1.4194991112e+01,2.1766687930e-01,4.8833105469e+03
2491,1.5069355965e+00,1.4119990349e+01,2.1150285006e-01,4.9331059570e+03
2492,1.5067105293e+00,1.4149991035e+01,2.1459698677e-01,4.9984116211e+03
2493,1.5068355799e+00,1.4164991379e+01,2.1128004789e-01,4.9074140625e+03
2494,1.5072858334e+00,1.4219990730e+01,2.1374778450e-01,5.0196875000e+03
2495,1.5069358349e+00,1.4209989548e+01,2.1691171825e-01,5.0777592773e+03
2496,1.5074357986e+00,1.4304988861e+01,2.1715576947e-01,5.0737929688e+03
2497,1.5068359375e+00,1.4319990158e+01,2.1399955451e-01,5.0825224609e+03
2498,1.5067608356e+00,1.4299989700e+01,2.1823398769e-01,5.1254873047e+03
2499,1.5063858032e+00,1.4314990044e+01,2.0362836123e-01,5.1865898438e+03
2500,1.5067858696e+00,1.4244990349e+01,2.1662026644e-01,5.1649204102e+03
2501,1.5068858862e+00,1.4229990005e+01,2.0986318588e-01,5.3645078125e+03
2502,1.5061110258e+00,1.4184988976e+01,2.0815087855e-01,5.1840043945e+03
2503,1.5071611404e+00,1.4184990883e+01,2.0794214308e-01,5.5302211914e+03
2504,1.5066611767e+00,1.4224989891e+01,2.0862409472e-01,5.2130644531e+03
2505,1.5069612265e+00,1.4204989433e+01,2.0785276592e-01,5.5928388672e+03
2506,1.5067362785e+00,1.4244989395e+01,2.0787966251e-01,5.3967758789e+03
2507,1.5065613985e+00,1.4244988441e+01,2.0338132977e-01,5.5796176758e+03
2508,1.5068114996e+00,1.4204988480e+01,2.0089545846e-01,5.4542172852e+03
2509,1.5061615705e+00,1.4244990349e+01,2.0742055774e-01,5.4072377930e+03
2510,1.5063866377e+00,1.4249989510e+01,2.0185993612e-01,5.6906098633e+03
2511,1.5066866875e+00,1.4304988861e+01,2.1189031005e-01,5.5097856445e+03
2512,1.5063866377e+00,1.4284989357e+01,2.0170691609e-01,5.7128422852e+03
2513,1.5070868731e+00,1.4339989662e+01,2.0787045360e-01,5.6189428711e+03
2514,1.5063619614e+00,1.4299988747e+01,2.0013421774e-01,5.7628437500e+03
2515,1.5069370270e+00,1.4294989586e+01,2.0540010929e-01,5.6400102539e+03
2516,1.5063369274e+00,1.4339990616e+01,1.9665564597e-01,5.8746958008e+03
2517,1.5067369938e+00,1.4309989929e+01,2.0094564557e-01,5.7998569336e+03
2518,1.5065871477e+00,1.4374989510e+01,1.9755898416e-01,5.9048051758e+03
2519,1.5062621832e+00,1.4379990578e+01,2.0193205774e-01,5.9273862305e+03
2520,1.5066121817e+00,1.4389988899e+01,1.9969007373e-01,5.9601879883e+03
2521,1.5067874193e+00,1.4369989395e+01,1.9743107259e-01,6.0296923828e+03
2522,1.5065125227e+00,1.4409989357e+01,2.0154340565e-01,6.0210234375e+03
2523,1.5066875219e+00,1.4389989853e+01,1.9407197833e-01,6.0665854492e+03
2524,1.5065376759e+00,1.4429989815e+01,2.0274680853e-01,6.0715068359e+03
2525,1.5067627430e+00,1.4409989357e+01,1.9456490874e-01,6.1789013672e+03
2526,1.5064628124e+00,1.4369989395e+01,1.9387383759e-01,6.1554174805e+03
2527,1.5065879822e+00,1.4419989586e+01,1.9589595497e-01,6.2147910156e+03
2528,1.5064879656e+00,1.4379989624e+01,1.8909557164e-01,6.3746030273e+03
2529,1.5068629980e+00,1.4464989662e+01,1.8979889154e-01,6.3637231445e+03
2530,1.5068380833e+00,1.4429989815e+01,1.8994560838e-01,6.4451577148e+03
2531,1.5066632032e+00,1.4459989548e+01,1.9436268508e-01,6.4453964844e+03
2532,1.5063883066e+00,1.4414989471e+01,1.8951481581e-01,6.5093593750e+03
2533,1.5069634914e+00,1.4484989166e+01,1.8993569911e-01,6.6206796875e+03
2534,1.5063384771e+00,1.4489990234e+01,1.8336312473e-01,6.5347426758e+03
2535,1.5062886477e+00,1.4509989738e+01,1.9007185102e-01,6.5794179688e+03
2536,1.5067385435e+00,1.4554989815e+01,1.8566823006e-01,6.5924370117e+03
2537,1.5063136816e+00,1.4574989319e+01,1.9049063325e-01,6.6890439453e+03
2538,1.5069887638e+00,1.4494989395e+01,1.8407964706e-01,6.6712021484e+03
2539,1.5057387352e+00,1.4539987564e+01,1.8615490198e-01,6.7614218750e+03
2540,1.5063390732e+00,1.4574987411e+01,1.8465851247e-01,6.6930761719e+03
2541,1.5066140890e+00,1.4604989052e+01,1.8096052110e-01,6.9132299805e+03
2542,1.5072143078e+00,1.4534988403e+01,1.8128138781e-01,6.8480878906e+03
2543,1.5068143606e+00,1.4584989548e+01,1.7630024254e-01,6.9426699219e+03
2544,1.5068144798e+00,1.4554988861e+01,1.8062418699e-01,6.9031987305e+03
2545,1.5071644783e+00,1.4544990540e+01,1.7873457074e-01,7.0905180664e+03
2546,1.5064647198e+00,1.4594989777e+01,1.7468078434e-01,7.0240512695e+03
2547,1.5060646534e+00,1.4579990387e+01,1.7448951304e-01,7.1156831055e+03
2548,1.5062648058e+00,1.4614989281e+01,1.7651054263e-01,7.1460039062e+03
2549,1.5064148903e+00,1.4604989052e+01,1.6919888556e-01,7.2590957031e+03
2550,1.5063148737e+00,1.4594988823e+01,1.7343866825e-01,7.2673652344e+03
2551,1.5062649250e+00,1.4529989243e+01,1.7028722167e-01,7.3201694336e+03
2552,1.5061901808e+00,1.4544989586e+01,1.6957803071e-01,7.2943901367e+03
2553,1.5063401461e+00,1.4554989815e+01,1.7028747499e-01,7.3444111328e+03
2554,1.5062153339e+00,1.4474988937e+01,1.6805754602e-01,7.4018525391e+03
2555,1.5063654184e+00,1.4509989738e+01,1.6234858334e-01,7.4744599609e+03
2556,1.5062655210e+00,1.4479989052e+01,1.6407442093e-01,7.4683100586e+03
2557,1.5065405369e+00,1.4494989395e+01,1.6090668738e-01,7.5193833008e+03
2558,1.5060406923e+00,1.4544988632e+01,1.6114620864e-01,7.4607534180e+03
2559,1.5062156916e+00,1.4529989243e+01,1.5716274083e-01,7.6046015625e+03
2560,1.5060658455e+00,1.4489989281e+01,1.6071377695e-01,7.5354790039e+03
2561,1.5058407784e+00,1.4589990616e+01,1.5892150998e-01,7.6748476562e+03
2562,1.5062911510e+00,1.4464990616e+01,1.5450617671e-01,7.5954609375e+03
2563,1.5062661171e+00,1.4479989052e+01,1.5655985475e-01,7.7721684570e+03
2564,1.5055661201e+00,1.4539988518e+01,1.5076401830e-01,7.7210390625e+03
2565,1.5063164234e+00,1.4429989815e+01,1.5261717141e-01,7.9627700195e+03
2566,1.5064415932e+00,1.4439989090e+01,1.5686699748e-01,7.8154721680e+03
2567,1.5063166618e+00,1.4369989395e+01,1.5015678108e-01,8.2398457031e+03
2568,1.5071167946e+00,1.4299990654e+01,1.4849790931e-01,8.4844179688e+03
2569,1.5059916973e+00,1.4309991837e+01,1.4419569075e-01,9.2781054688e+03
2570,1.5066168308e+00,1.4269989967e+01,1.4137320220e-01,1.0111160156e+04
2571,1.5061169863e+00,1.4179989815e+01,1.4882631600e-01,1.0391548828e+04
2572,1.5061169863e+00,1.4204990387e+01,1.4874912798e-01,1.0626493164e+04
2573,1.5058171749e+00,1.4324990273e+01,1.4629408717e-01,1.0607417969e+04
2574,1.5054922104e+00,1.4149990082e+01,1.4790549874e-01,1.0490946289e+04
2575,1.5059173107e+00,1.4179988861e+01,1.5301719308e-01,1.0454864258e+04
2576,1.5056674480e+00,1.4119989395e+01,1.4536310732e-01,1.0027792969e+04
2577,1.5059676170e+00,1.4204990387e+01,1.3976995647e-01,1.0308419922e+04
2578,1.5050675869e+00,1.4164990425e+01,1.3367183506e-01,1.0839004883e+04
2579,1.5053677559e+00,1.4204990387e+01,1.3016277552e-01,1.1860916016e+04
2580,1.5057928562e+00,1.4144990921e+01,1.2793269753e-01,1.2513638672e+04
2581,1.5052678585e+00,1.4174991608e+01,1.3258174062e-01,1.2764465820e+04
2582,1.5050179958e+00,1.4169989586e+01,1.2444646657e-01,1.3237903320e+04
2583,1.5051429272e+00,1.4099991798e+01,1.2704150379e-01,1.3431459961e+04
2584,1.5053181648e+00,1.4109991074e+01,1.2579260767e-01,1.3451890625e+04
2585,1.5055682659e+00,1.4139990807e+01,1.2183082104e-01,1.3697695312e+04
2586,1.5057183504e+00,1.4119991302e+01,1.2152977288e-01,1.3562487305e+04
2587,1.5050184727e+00,1.4139991760e+01,1.1994288117e-01,1.3512189453e+04
2588,1.5051184893e+00,1.4114991188e+01,1.1878143251e-01,1.3587566406e+04
2589,1.5050935745e+00,1.4074990273e+01,1.1203996092e-01,1.3813197266e+04
2590,1.5049686432e+00,1.4144990921e+01,1.1156904697e-01,1.3683911133e+04
2591,1.5048185587e+00,1.4134990692e+01,1.1369405687e-01,1.3284252930e+04
2592,1.5048687458e+00,1.4134991646e+01,1.2530395389e-01,1.2475930664e+04
2593,1.5046688318e+00,1.4179990768e+01,1.1799867451e-01,1.2255569336e+04
2594,1.5039689541e+00,1.4199991226e+01,1.2256732583e-01,1.1111198242e+04
2595,1.5045688152e+00,1.4199991226e+01,1.1765994877e-01,1.0415007812e+04
2596,1.5047439337e+00,1.4249990463e+01,1.2115243822e-01,8.9964238281e+03
2597,1.5044941902e+00,1.4189991951e+01,1.2039569020e-01,8.2388076172e+03
2598,1.5042440891e+00,1.4349990845e+01,1.1803515255e-01,7.6656464844e+03
2599,1.5051442385e+00,1.4259990692e+01,1.1212813109e-01,6.8575468750e+03
2600,1.5050442219e+00,1.4404990196e+01,1.1124162376e-01,6.0271049805e+03
2601,1.5047693253e+00,1.4294990540e+01,1.1025787145e-01,5.7090556641e+03
2602,1.5052695274e+00,1.4344990730e+01,1.0719460249e-01,5.4803891602e+03
2603,1.5051945448e+00,1.4294990540e+01,9.9798835814e-02,5.6701801758e+03
2604,1.5053195953e+00,1.4294989586e+01,9.7390457988e-02,5.5979243164e+03
2605,1.5046695471e+00,1.4324989319e+01,9.8235644400e-02,5.9470434570e+03
2606,1.5050446987e+00,1.4379989624e+01,9.2385873199e-02,6.1821372070e+03
2607,1.5049196482e+00,1.4359990120e+01,9.2699214816e-02,6.3347006836e+03
2608,1.5053448677e+00,1.4349990845e+01,9.0912789106e-02,7.0411767578e+03
2609,1.5050199032e+00,1.4369989395e+01,9.0003781021e-02,7.4152143555e+03
2610,1.5047448874e+00,1.4399990082e+01,9.0207085013e-02,7.8271567383e+03
2611,1.5050950050e+00,1.4449989319e+01,9.1094724834e-02,8.0731586914e+03
2612,1.5053199530e+00,1.4409989357e+01,9.2429637909e-02,8.3908291016e+03
2613,1.5047950745e+00,1.4509989738e+01,9.2645294964e-02,8.4929345703e+03
2614,1.5054701567e+00,1.4444988251e+01,9.4691686332e-02,8.5941044922e+03
2615,1.5050703287e+00,1.4484990120e+01,9.5230542123e-02,8.7220693359e+03
2616,1.5051703453e+00,1.4454989433e+01,9.9924884737e-02,8.4220234375e+03
2617,1.5052704811e+00,1.4534989357e+01,9.5286965370e-02,8.6561074219e+03
2618,1.5044453144e+00,1.4534988403e+01,9.8152950406e-02,8.1721850586e+03
2619,1.5048954487e+00,1.4554988861e+01,1.0002507269e-01,8.2588046875e+03
2620,1.5048956871e+00,1.4584989548e+01,9.5698252320e-02,7.8529770508e+03
2621,1.5057206154e+00,1.4574989319e+01,1.0321838409e-01,7.5232993164e+03
2622,1.5050957203e+00,1.4679988861e+01,9.5627769828e-02,7.1164746094e+03
2623,1.5048207045e+00,1.4759989738e+01,1.0437371582e-01,6.9948115234e+03
2624,1.5057457685e+00,1.4679988861e+01,9.0391650796e-02,6.2887470703e+03
2625,1.5055458546e+00,1.4809988976e+01,1.0373866558e-01,6.4623647461e+03
2626,1.5051208735e+00,1.4789990425e+01,9.9131040275e-02,5.5112324219e+03
2627,1.5055710077e+00,1.4919989586e+01,9.3167088926e-02,5.6821645508e+03
2628,1.5055961609e+00,1.4829991341e+01,8.6452491581e-02,5.6949165039e+03
2629,1.5054211617e+00,1.4869990349e+01,8.9930847287e-02,5.4785605469e+03
2630,1.5059963465e+00,1.4869991302e+01,8.7807789445e-02,5.7061391602e+03
2631,1.5055463314e+00,1.4939990044e+01,8.5828401148e-02,5.6760991211e+03
2632,1.5057213306e+00,1.4864991188e+01,8.3745151758e-02,5.9263793945e+03
2633,1.5055212975e+00,1.4954988480e+01,8.7654396892e-02,6.1184990234e+03
2634,1.5062464476e+00,1.5044988632e+01,8.1657871604e-02,6.4590112305e+03
2635,1.5057466030e+00,1.4974988937e+01,8.6853824556e-02,6.5148256836e+03
2636,1.5057715178e+00,1.5104988098e+01,8.1060603261e-02,6.9181772461e+03
2637,1.5057966709e+00,1.5044987679e+01,8.5714995861e-02,6.8373598633e+03
2638,1.5057468414e+00,1.5054988861e+01,8.1228949130e-02,7.5178999023e+03
2639,1.5064966679e+00,1.5184990883e+01,8.8934436440e-02,7.0658076172e+03
2640,1.5053718090e+00,1.5244988441e+01,8.1364169717e-02,7.9935922852e+03
2641,1.5064469576e+00,1.5224989891e+01,8.6244702339e-02,7.4675991211e+03
2642,1.5060468912e+00,1.5254989624e+01,8.8765069842e-02,8.0572368164e+03
2643,1.5063971281e+00,1.5314990044e+01,8.7775491178e-02,7.7737304688e+03
2644,1.5058470964e+00,1.5349988937e+01,8.9790873230e-02,7.9640864258e+03
2645,1.5061222315e+00,1.5289990425e+01,8.7346404791e-02,7.8393452148e+03
2646,1.5064722300e+00,1.5329990387e+01,9.2381156981e-02,7.7369887695e+03
2647,1.5066223145e+00,1.5349989891e+01,8.8371023536e-02,7.6194589844e+03
2648,1.5065224171e+00,1.5419990540e+01,9.3031398952e-02,7.3667988281e+03
2649,1.5065724850e+00,1.5489989281e+01,9.2408053577e-02,7.2272436523e+03
2650,1.5066475868e+00,1.5389988899e+01,9.4319999218e-02,6.9763730469e+03
2651,1.5062226057e+00,1.5509987831e+01,8.9883476496e-02,6.8329794922e+03
2652,1.5065727234e+00,1.5509989738e+01,9.3532815576e-02,6.2930312500e+03
2653,1.5059977770e+00,1.5569988251e+01,8.8000051677e-02,6.6139189453e+03
2654,1.5067478418e+00,1.5529989243e+01,9.3074470758e-02,5.8678793945e+03
2655,1.5065228939e+00,1.5599988937e+01,8.7567657232e-02,6.0989877930e+03
2656,1.5066978931e+00,1.5649987221e+01,9.3732386827e-02,5.7098354492e+03
2657,1.5065729618e+00,1.5599987984e+01,8.7700247765e-02,5.9999282227e+03
2658,1.5068230629e+00,1.5689987183e+01,8.8736973703e-02,5.5837338867e+03
2659,1.5071983337e+00,1.5729989052e+01,8.7073490024e-02,6.1225751953e+03
2660,1.5065232515e+00,1.5719989777e+01,9.1949537396e-02,5.7573295898e+03
2661,1.5070734024e+00,1.5729990005e+01,8.8600084186e-02,6.1783276367e+03
2662,1.5066983700e+00,1.5719987869e+01,8.4542736411e-02,6.1441831055e+03
2663,1.5071234703e+00,1.5799987793e+01,8.6967170238e-02,6.3913696289e+03
2664,1.5068234205e+00,1.5779988289e+01,8.2894995809e-02,6.4010283203e+03
2665,1.5072736740e+00,1.5849988937e+01,8.7256453931e-02,6.7988300781e+03
2666,1.5072987080e+00,1.5919988632e+01,8.7739229202e-02,6.7892915039e+03
2667,1.5073738098e+00,1.5919988632e+01,8.5241891444e-02,7.0406118164e+03
2668,1.5072238445e+00,1.5944990158e+01,8.5889860988e-02,7.0529453125e+03
2669,1.5067989826e+00,1.5944988251e+01,9.0516835451e-02,7.1183383789e+03
2670,1.5071991682e+00,1.5964987755e+01,8.6355343461e-02,7.0967114258e+03
2671,1.5068241358e+00,1.6004987717e+01,8.9742548764e-02,7.2784243164e+03
2672,1.5075242519e+00,1.5964987755e+01,9.2467553914e-02,6.9723593750e+03
2673,1.5073242188e+00,1.6004987717e+01,9.0779557824e-02,7.0277626953e+03
2674,1.5078244209e+00,1.6104988098e+01,9.0347819030e-02,6.9094868164e+03
2675,1.5078494549e+00,1.6034986496e+01,9.2615030706e-02,6.6963896484e+03
2676,1.5074745417e+00,1.6094987869e+01,9.1215394437e-02,6.6588027344e+03
2677,1.5072745085e+00,1.5994988441e+01,9.3209840357e-02,6.4499975586e+03
2678,1.5079247952e+00,1.6044986725e+01,9.1704346240e-02,6.4171479492e+03
2679,1.5078246593e+00,1.6094987869e+01,9.3590490520e-02,6.2342797852e+03
2680,1.5078999996e+00,1.6034988403e+01,9.2132709920e-02,6.1902895508e+03
2681,1.5077998638e+00,1.6164987564e+01,9.3186743557e-02,6.0278408203e+03
2682,1.5070999861e+00,1.6064987183e+01,9.1520801187e-02,5.9902885742e+03
2683,1.5080250502e+00,1.6124986649e+01,9.2830382288e-02,5.8764223633e+03
2684,1.5075500011e+00,1.6094985962e+01,9.0896978974e-02,5.8747871094e+03
2685,1.5086002350e+00,1.6244987488e+01,9.2745147645e-02,5.7924106445e+03
2686,1.5082002878e+00,1.6204986572e+01,9.0179651976e-02,5.8729248047e+03
2687,1.5080504417e+00,1.6124988556e+01,9.1024346650e-02,5.8719360352e+03
2688,1.5079004765e+00,1.6139987946e+01,9.0727686882e-02,5.9257768555e+03
2689,1.5072754622e+00,1.6179988861e+01,8.9940622449e-02,6.0481840820e+03
2690,1.5076506138e+00,1.6234989166e+01,9.1111630201e-02,6.0491684570e+03
2691,1.5076507330e+00,1.6169988632e+01,9.0509034693e-02,6.2508525391e+03
2692,1.5084007978e+00,1.6249988556e+01,9.0693056583e-02,6.3600498047e+03
2693,1.5079259872e+00,1.6179986954e+01,9.1559849679e-02,6.4191069336e+03
2694,1.5078511238e+00,1.6229988098e+01,9.1594234109e-02,6.4865346680e+03
2695,1.5077511072e+00,1.6149988174e+01,9.2537946999e-02,6.5157368164e+03
2696,1.5083261728e+00,1.6139987946e+01,9.2711687088e-02,6.5371562500e+03
2697,1.5083264112e+00,1.6199987411e+01,9.3244716525e-02,6.5392924805e+03
2698,1.5083763599e+00,1.6179986954e+01,9.4106800854e-02,6.5325512695e+03
2699,1.5080014467e+00,1.6259988785e+01,9.4432838261e-02,6.4874775391e+03
2700,1.5079016685e+00,1.6189987183e+01,9.5425650477e-02,6.4681870117e+03
2701,1.5082017183e+00,1.6289985657e+01,9.5266766846e-02,6.4150957031e+03
2702,1.5078767538e+00,1.6289985657e+01,9.5545530319e-02,6.3723232422e+03
2703,1.5084018707e+00,1.6279987335e+01,9.6034273505e-02,6.2638544922e+03
2704,1.5081770420e+00,1.6209987640e+01,9.6345655620e-02,6.2335009766e+03
2705,1.5086020231e+00,1.6289989471e+01,9.6310496330e-02,6.1156298828e+03
2706,1.5082271099e+00,1.6264987946e+01,9.6668846905e-02,6.0784428711e+03
2707,1.5084772110e+00,1.6289987564e+01,9.6399918199e-02,6.0286328125e+03
2708,1.5085023642e+00,1.6239986420e+01,9.7096949816e-02,5.9256088867e+03
2709,1.5081523657e+00,1.6359987259e+01,9.5723196864e-02,5.9965766602e+03
2710,1.5084526539e+00,1.6339986801e+01,9.7485564649e-02,5.8804384766e+03
2711,1.5082527399e+00,1.6314987183e+01,9.6470490098e-02,5.9773437500e+03
2712,1.5085526705e+00,1.6344985962e+01,9.6550107002e-02,5.9423417969e+03
2713,1.5081528425e+00,1.6284988403e+01,9.7240723670e-02,5.9951962891e+03
2714,1.5086779594e+00,1.6324987411e+01,9.7100354731e-02,6.0192036133e+03
2715,1.5082280636e+00,1.6304986954e+01,9.7165174782e-02,6.1487402344e+03
2716,1.5083782673e+00,1.6279987335e+01,9.7814224660e-02,6.0794809570e+03
2717,1.5080784559e+00,1.6314989090e+01,9.6713602543e-02,6.3360737305e+03
2718,1.5088284016e+00,1.6404987335e+01,9.9688604474e-02,6.2464228516e+03
2719,1.5088535547e+00,1.6409986496e+01,9.8284497857e-02,6.4349594727e+03
2720,1.5085537434e+00,1.6289989471e+01,9.9680066109e-02,6.4204697266e+03
2721,1.5087788105e+00,1.6369989395e+01,9.9986180663e-02,6.4874658203e+03
2722,1.5089290142e+00,1.6329986572e+01,1.0063451529e-01,6.5076933594e+03
2723,1.5085790157e+00,1.6339986801e+01,1.0119538009e-01,6.5274355469e+03
2724,1.5083792210e+00,1.6284988403e+01,1.0183891654e-01,6.5200312500e+03
2725,1.5086542368e+00,1.6404987335e+01,1.0201975703e-01,6.5059052734e+03
2726,1.5083544254e+00,1.6404987335e+01,1.0251887143e-01,6.4784116211e+03
2727,1.5089045763e+00,1.6384986877e+01,1.0305144638e-01,6.4332436523e+03
2728,1.5092546940e+00,1.6374988556e+01,1.0351740569e-01,6.4092246094e+03
2729,1.5089547634e+00,1.6359987259e+01,1.0381594300e-01,6.3670483398e+03
2730,1.5089048147e+00,1.6429986954e+01,1.0418837517e-01,6.3360068359e+03
2731,1.5083799362e+00,1.6419986725e+01,1.0475743562e-01,6.2880527344e+03
2732,1.5087299347e+00,1.6429986954e+01,1.0464119166e-01,6.2514492188e+03
2733,1.5093551874e+00,1.6454986572e+01,1.0503949970e-01,6.2237568359e+03
2734,1.5091552734e+00,1.6474987030e+01,1.0500628501e-01,6.2131557617e+03
2735,1.5086054802e+00,1.6454988480e+01,1.0527438670e-01,6.1931113281e+03
2736,1.5092055798e+00,1.6444986343e+01,1.0524310172e-01,6.2249003906e+03
2737,1.5086057186e+00,1.6489988327e+01,1.0581157357e-01,6.1950429688e+03
2738,1.5092308521e+00,1.6489986420e+01,1.0559474677e-01,6.2525229492e+03
2739,1.5089809895e+00,1.6489988327e+01,1.0584492981e-01,6.2562221680e+03
2740,1.5094311237e+00,1.6449987411e+01,1.0625486076e-01,6.3168764648e+03
2741,1.5090061426e+00,1.6369989395e+01,1.0673662275e-01,6.3369169922e+03
2742,1.5092813969e+00,1.6434988022e+01,1.0704427212e-01,6.4018564453e+03
2743,1.5089564323e+00,1.6464988708e+01,1.0706792027e-01,6.4261118164e+03
2744,1.5091816187e+00,1.6364990234e+01,1.0710298270e-01,6.5180986328e+03
2745,1.5100067854e+00,1.6434988022e+01,1.0851667821e-01,6.5086845703e+03
2746,1.5098819733e+00,1.6364988327e+01,1.0820341110e-01,6.6142563477e+03
2747,1.5093319416e+00,1.6419986725e+01,1.0860915482e-01,6.5872016602e+03
2748,1.5094572306e+00,1.6464988708e+01,1.0937193781e-01,6.6717587891e+03
2749,1.5087572336e+00,1.6464988708e+01,1.0905302316e-01,6.6500136719e+03
2750,1.5092824697e+00,1.6444988251e+01,1.1083173007e-01,6.6932006836e+03
2751,1.5092076063e+00,1.6449989319e+01,1.1109226197e-01,6.6742099609e+03
2752,1.5093077421e+00,1.6414989471e+01,1.1118238419e-01,6.7133583984e+03
2753,1.5092079639e+00,1.6374990463e+01,1.1227512360e-01,6.6891274414e+03
2754,1.5088829994e+00,1.6424989700e+01,1.1293026060e-01,6.6962724609e+03
2755,1.5091331005e+00,1.6454992294e+01,1.1061134934e-01,6.6570576172e+03
2756,1.5097583532e+00,1.6334991455e+01,1.1405246705e-01,6.6663969727e+03
2757,1.5096085072e+00,1.6274990082e+01,1.1369373649e-01,6.6111538086e+03
2758,1.5097334385e+00,1.6369991302e+01,1.1401652545e-01,6.7234775391e+03
2759,1.5099337101e+00,1.6264991760e+01,1.1386160553e-01,6.5611362305e+03
2760,1.5094587803e+00,1.6299993515e+01,1.1417559534e-01,6.7120634766e+03
2761,1.5094339848e+00,1.6254993439e+01,1.1652599275e-01,6.5148271484e+03
2762,1.5097590685e+00,1.6349994659e+01,1.1431185901e-01,6.7202026367e+03
2763,1.5096591711e+00,1.6264993668e+01,1.1543138325e-01,6.6542758789e+03
2764,1.5092593431e+00,1.6104995728e+01,1.1626644433e-01,6.6477006836e+03
2765,1.5099594593e+00,1.6234994888e+01,1.1559455097e-01,6.7487949219e+03
2766,1.5093095303e+00,1.6249994278e+01,1.1662094295e-01,6.7177490234e+03
2767,1.5093847513e+00,1.6074995041e+01,1.1659527570e-01,6.8040551758e+03
2768,1.5096099377e+00,1.6029993057e+01,1.1677739024e-01,6.8637758789e+03
2769,1.5099351406e+00,1.6124996185e+01,1.1739800870e-01,6.8920166016e+03
2770,1.5095100403e+00,1.6184993744e+01,1.1746856570e-01,6.9413564453e+03
2771,1.5098104477e+00,1.6034996033e+01,1.1718804389e-01,7.0168393555e+03
2772,1.5096855164e+00,1.6069997787e+01,1.1690628529e-01,7.1022915039e+03
2773,1.5101606846e+00,1.6059995651e+01,1.1960498989e-01,7.1026679688e+03
2774,1.5093357563e+00,1.6114995956e+01,1.1781198531e-01,7.1876958008e+03
2775,1.5098359585e+00,1.5959998131e+01,1.1765517294e-01,7.1731967773e+03
2776,1.5096360445e+00,1.6029998779e+01,1.2033879757e-01,7.1717231445e+03
2777,1.5098862648e+00,1.6000000000e+01,1.2039423734e-01,7.1877451172e+03
2778,1.5096113682e+00,1.6075000763e+01,1.2114891410e-01,7.1664589844e+03
2779,1.5096365213e+00,1.6090002060e+01,1.2088773400e-01,7.1645312500e+03
2780,1.5097615719e+00,1.5960000038e+01,1.2181305140e-01,7.1791328125e+03
2781,1.5096619129e+00,1.5965001106e+01,1.2075806409e-01,7.1630913086e+03
2782,1.5096619129e+00,1.6065000534e+01,1.2140140682e-01,7.1924985352e+03
2783,1.5092871189e+00,1.6065002441e+01,1.2029713392e-01,7.2372836914e+03
2784,1.5091873407e+00,1.5935001373e+01,1.2100986391e-01,7.2385795898e+03
2785,1.5096623898e+00,1.5995000839e+01,1.2153448910e-01,7.3201855469e+03
2786,1.5092875957e+00,1.6075000763e+01,1.2165816873e-01,7.3955600586e+03
2787,1.5092877150e+00,1.5945000648e+01,1.2192495167e-01,7.4135571289e+03
2788,1.5095880032e+00,1.5925001144e+01,1.2204207480e-01,7.5586416016e+03
2789,1.5091130733e+00,1.6015003204e+01,1.2233880907e-01,7.6325341797e+03
2790,1.5090882778e+00,1.5990003586e+01,1.2197653949e-01,7.8463374023e+03
2791,1.5092883110e+00,1.5869999886e+01,1.2068201602e-01,8.2055966797e+03
2792,1.5091636181e+00,1.5890000343e+01,1.1940978467e-01,8.6598564453e+03
2793,1.5088887215e+00,1.6015003204e+01,1.1548011005e-01,9.3571953125e+03
2794,1.5095388889e+00,1.5965000153e+01,1.1371357739e-01,9.9642294922e+03
2795,1.5088641644e+00,1.6030002594e+01,1.1090382934e-01,1.0796194336e+04
2796,1.5091643333e+00,1.5925003052e+01,1.1342047900e-01,1.1126943359e+04
2797,1.5090894699e+00,1.5905000687e+01,1.1688014120e-01,1.1194430664e+04
2798,1.5093646049e+00,1.5945001602e+01,1.2739558518e-01,1.0752982422e+04
2799,1.5091898441e+00,1.5955001831e+01,1.3321843743e-01,1.0221224609e+04
2800,1.5093650818e+00,1.5930003166e+01,1.4049205184e-01,9.2128808594e+03
2801,1.5091652870e+00,1.5960001945e+01,1.4418312907e-01,8.2928330078e+03
2802,1.5091402531e+00,1.5954999924e+01,1.4515110850e-01,7.2010703125e+03
2803,1.5090405941e+00,1.5935002327e+01,1.4444541931e-01,6.2023417969e+03
2804,1.5089659691e+00,1.5990002632e+01,1.4149144292e-01,5.2924311523e+03
2805,1.5086910725e+00,1.6085004807e+01,1.4090672135e-01,4.5448388672e+03
2806,1.5095663071e+00,1.5920002937e+01,1.2999531627e-01,4.2619165039e+03
2807,1.5091913939e+00,1.5935003281e+01,1.3266563416e-01,3.6585136719e+03
2808,1.5093665123e+00,1.5915004730e+01,1.2241000682e-01,3.9701203613e+03
2809,1.5094168186e+00,1.5965003967e+01,1.2190914154e-01,4.0185244141e+03
2810,1.5096421242e+00,1.5895005226e+01,1.1866223067e-01,4.5994594727e+03
2811,1.5094423294e+00,1.5875004768e+01,1.1781482399e-01,5.1441196289e+03
2812,1.5093674660e+00,1.5735004425e+01,1.1924857646e-01,5.9920439453e+03
2813,1.5093176365e+00,1.5775007248e+01,1.1946552247e-01,6.8625747070e+03
2814,1.5091928244e+00,1.5740005493e+01,1.2123735994e-01,7.4518823242e+03
2815,1.5096181631e+00,1.5760006905e+01,1.2311425805e-01,7.9799477539e+03
2816,1.5087182522e+00,1.5710007668e+01,1.2372585386e-01,8.6650224609e+03
2817,1.5091183186e+00,1.5720006943e+01,1.2484402955e-01,9.2025078125e+03
2818,1.5090934038e+00,1.5770009995e+01,1.2534736097e-01,9.6292753906e+03
2819,1.5090684891e+00,1.5640008926e+01,1.2555947900e-01,1.0118149414e+04
2820,1.5092437267e+00,1.5680007935e+01,1.2500856817e-01,1.0687077148e+04
2821,1.5088436604e+00,1.5760009766e+01,1.2578848004e-01,1.0918190430e+04
2822,1.5084687471e+00,1.5675007820e+01,1.2592019141e-01,1.1026362305e+04
2823,1.5080688000e+00,1.5755008698e+01,1.2461575866e-01,1.1218596680e+04
2824,1.5086939335e+00,1.5610008240e+01,1.2321558595e-01,1.1539497070e+04
2825,1.5087943077e+00,1.5665009499e+01,1.2525251508e-01,1.1340092773e+04
2826,1.5085693598e+00,1.5640011787e+01,1.2968108058e-01,1.0675482422e+04
2827,1.5087692738e+00,1.5645009041e+01,1.3501365483e-01,9.6522373047e+03
2828,1.5092195272e+00,1.5610010147e+01,1.4029371738e-01,8.1713427734e+03
2829,1.5089446306e+00,1.5630009651e+01,1.4433541894e-01,6.7377568359e+03
2830,1.5091197491e+00,1.5620012283e+01,1.4655582607e-01,5.4803535156e+03
2831,1.5089948177e+00,1.5545012474e+01,1.4621463418e-01,3.9526589355e+03
2832,1.5089949369e+00,1.5390007973e+01,1.4140054584e-01,2.2808320312e+03
2833,1.5088700056e+00,1.5525010109e+01,1.3443391025e-01,1.6022492676e+03
2834,1.5093202591e+00,1.5430008888e+01,1.2788017094e-01,1.8729754639e+03
2835,1.5091452599e+00,1.5435009003e+01,1.2273053825e-01,2.6606818848e+03
2836,1.5086703300e+00,1.5415010452e+01,1.1925282329e-01,3.7440197754e+03
2837,1.5090705156e+00,1.5490010262e+01,1.1780913174e-01,5.2369047852e+03
2838,1.5084205866e+00,1.5530010223e+01,1.1797528714e-01,6.5046196289e+03
2839,1.5090957880e+00,1.5400011063e+01,1.1930560321e-01,7.5966782227e+03
2840,1.5093458891e+00,1.5470009804e+01,1.2179192156e-01,8.5564589844e+03
2841,1.5091960430e+00,1.5525009155e+01,1.2483985722e-01,9.2530966797e+03
2842,1.5090460777e+00,1.5505009651e+01,1.2820418179e-01,9.6315292969e+03
2843,1.5089961290e+00,1.5540010452e+01,1.3129742444e-01,9.7776093750e+03
2844,1.5094461441e+00,1.5475007057e+01,1.3413956761e-01,9.7641298828e+03
2845,1.5092962980e+00,1.5460008621e+01,1.3659566641e-01,9.5263427734e+03
2846,1.5090714693e+00,1.5510007858e+01,1.3799580932e-01,9.1266181641e+03
2847,1.5093715191e+00,1.5530010223e+01,1.3917924464e-01,8.8535468750e+03
2848,1.5090714693e+00,1.5625011444e+01,1.4000537992e-01,8.5474228516e+03
2849,1.5089716911e+00,1.5595011711e+01,1.4051304758e-01,8.2247080078e+03
2850,1.5090217590e+00,1.5635010719e+01,1.4114283025e-01,7.8230576172e+03
2851,1.5091468096e+00,1.5670011520e+01,1.4148655534e-01,7.3839633789e+03
2852,1.5091718435e+00,1.5605010033e+01,1.4162833989e-01,6.8740747070e+03
2853,1.5089218616e+00,1.5695010185e+01,1.4263978601e-01,6.3550087891e+03
2854,1.5096970797e+00,1.5625011444e+01,1.4267793298e-01,5.8505468750e+03
2855,1.5097471476e+00,1.5670010567e+01,1.4280955493e-01,5.2796044922e+03
2856,1.5100471973e+00,1.5765010834e+01,1.4214754105e-01,5.0571210938e+03
2857,1.5094974041e+00,1.5735009193e+01,1.4209388196e-01,4.7972714844e+03
2858,1.5096973181e+00,1.5760009766e+01,1.4326275885e-01,4.6417719727e+03
2859,1.5097725391e+00,1.5790009499e+01,1.3939237595e-01,4.7446464844e+03
2860,1.5102225542e+00,1.5835009575e+01,1.4193774760e-01,4.6106230469e+03
2861,1.5103476048e+00,1.5810009003e+01,1.3838469982e-01,4.9795664062e+03
2862,1.5103228092e+00,1.5835009575e+01,1.3861002028e-01,5.1385664062e+03
2863,1.5100477934e+00,1.5915010452e+01,1.3695013523e-01,5.5721582031e+03
2864,1.5094476938e+00,1.5815009117e+01,1.3616062701e-01,5.9755004883e+03
2865,1.5098478794e+00,1.5900008202e+01,1.3691507280e-01,6.4217573242e+03
2866,1.5104730129e+00,1.5870008469e+01,1.3519898057e-01,6.9869658203e+03
2867,1.5102230310e+00,1.5850008011e+01,1.4007553458e-01,7.1991865234e+03
2868,1.5099231005e+00,1.5860008240e+01,1.3815620542e-01,7.7757900391e+03
2869,1.5100482702e+00,1.5830007553e+01,1.4102451503e-01,7.7645053711e+03
2870,1.5101983547e+00,1.5950007439e+01,1.4202074707e-01,8.2499267578e+03
2871,1.5105233192e+00,1.5970006943e+01,1.4127153158e-01,8.2385644531e+03
2872,1.5099734068e+00,1.5975008011e+01,1.4628675580e-01,8.3643027344e+03
2873,1.5099234581e+00,1.5955006599e+01,1.4483658969e-01,8.2711005859e+03
2874,1.5103986263e+00,1.6070009232e+01,1.4876075089e-01,8.2896328125e+03
2875,1.5099986792e+00,1.5995008469e+01,1.5087640285e-01,7.8499130859e+03
2876,1.5099236965e+00,1.6060009003e+01,1.4981299639e-01,7.8437207031e+03
2877,1.5098987818e+00,1.6000007629e+01,1.5698775649e-01,7.0734863281e+03
2878,1.5107238293e+00,1.6090009689e+01,1.5189099312e-01,7.2957812500e+03
2879,1.5102486610e+00,1.6055011749e+01,1.5832880139e-01,6.3218613281e+03
2880,1.5102490187e+00,1.6025012970e+01,1.5099824965e-01,6.4075468750e+03
2881,1.5107491016e+00,1.6085012436e+01,1.5846695006e-01,5.7611386719e+03
2882,1.5104990005e+00,1.6105012894e+01,1.5226727724e-01,6.0917377930e+03
2883,1.5112241507e+00,1.6180015564e+01,1.5787911415e-01,5.2197236328e+03
2884,1.5106991529e+00,1.6135015488e+01,1.4979657531e-01,5.8335673828e+03
2885,1.5107992887e+00,1.6145017624e+01,1.5669557452e-01,5.0288623047e+03
2886,1.5112493038e+00,1.6145019531e+01,1.4859907329e-01,5.7811782227e+03
2887,1.5110993385e+00,1.6205018997e+01,1.5654358268e-01,4.9908476562e+03
2888,1.5115994215e+00,1.6210020065e+01,1.5102548897e-01,5.8196928711e+03
2889,1.5117244720e+00,1.6270021439e+01,1.5745002031e-01,5.5598896484e+03
2890,1.5115497112e+00,1.6330022812e+01,1.4592660964e-01,6.1682631836e+03
2891,1.5116745234e+00,1.6255022049e+01,1.5820468962e-01,5.6241938477e+03
2892,1.5116745234e+00,1.6280023575e+01,1.4575178921e-01,6.6577065430e+03
2893,1.5121245384e+00,1.6320022583e+01,1.5964351594e-01,5.9671049805e+03
2894,1.5115495920e+00,1.6350025177e+01,1.4728949964e-01,7.1321240234e+03
2895,1.5115245581e+00,1.6375024796e+01,1.6130009294e-01,6.2639091797e+03
2896,1.5115495920e+00,1.6355024338e+01,1.4742478728e-01,7.6675737305e+03
2897,1.5116245747e+00,1.6415023804e+01,1.6471448541e-01,6.3925273438e+03
2898,1.5112996101e+00,1.6430023193e+01,1.4574432373e-01,8.1616230469e+03
2899,1.5110995770e+00,1.6460025787e+01,1.6950683296e-01,6.2693129883e+03
2900,1.5117746592e+00,1.6490024567e+01,1.6203995049e-01,7.6995136719e+03
2901,1.5114246607e+00,1.6555025101e+01,1.6224326193e-01,7.5287553711e+03
2902,1.5117497444e+00,1.6585025787e+01,1.5968389809e-01,7.4538037109e+03
2903,1.5116996765e+00,1.6535024643e+01,1.5828143060e-01,7.2538500977e+03
2904,1.5119997263e+00,1.6555027008e+01,1.6593948007e-01,7.0197866211e+03
2905,1.5120997429e+00,1.6610025406e+01,1.5856052935e-01,7.1657241211e+03
2906,1.5121747255e+00,1.6670030594e+01,1.6935053468e-01,6.4599179688e+03
2907,1.5116747618e+00,1.6580028534e+01,1.6064067185e-01,6.8579697266e+03
2908,1.5123997927e+00,1.6655031204e+01,1.7014786601e-01,5.9824584961e+03
2909,1.5119748116e+00,1.6725030899e+01,1.6001623869e-01,6.3167099609e+03
2910,1.5117497444e+00,1.6675029755e+01,1.7230354249e-01,5.6266044922e+03
2911,1.5119748116e+00,1.6695028305e+01,1.5952508152e-01,6.0203417969e+03
2912,1.5119748116e+00,1.6750028610e+01,1.7302677035e-01,5.1970761719e+03
2913,1.5125248432e+00,1.6765029907e+01,1.5789149702e-01,5.9465820312e+03
2914,1.5120998621e+00,1.6810029984e+01,1.5988367796e-01,5.3824326172e+03
2915,1.5127998590e+00,1.6760028839e+01,1.6045424342e-01,5.2181733398e+03
2916,1.5124748945e+00,1.6810029984e+01,1.6912156343e-01,5.4795874023e+03
2917,1.5129748583e+00,1.6885028839e+01,1.5972737968e-01,5.6339565430e+03
2918,1.5128748417e+00,1.6835027695e+01,1.7103345692e-01,5.6287338867e+03
2919,1.5126749277e+00,1.6875028610e+01,1.6818647087e-01,5.8648007812e+03
2920,1.5129249096e+00,1.6895029068e+01,1.6107589006e-01,6.4622768555e+03
2921,1.5130748749e+00,1.6785026550e+01,1.7208202183e-01,6.1066440430e+03
2922,1.5128250122e+00,1.6885028839e+01,1.6272844374e-01,6.8003125000e+03
2923,1.5124249458e+00,1.6895023346e+01,1.6916953027e-01,6.6146635742e+03
2924,1.5127499104e+00,1.6935024261e+01,1.7047731578e-01,6.8319819336e+03
2925,1.5128248930e+00,1.6810020447e+01,1.7011219263e-01,7.0005825195e+03
2926,1.5123498440e+00,1.6830020905e+01,1.7215497792e-01,6.9074736328e+03
2927,1.5124748945e+00,1.6910022736e+01,1.7255887389e-01,6.9297983398e+03
2928,1.5131998062e+00,1.6935020447e+01,1.7382530868e-01,6.8175893555e+03
2929,1.5127749443e+00,1.6965024948e+01,1.7528173327e-01,6.7042558594e+03
2930,1.5132998228e+00,1.6980024338e+01,1.7563629150e-01,6.5400458984e+03
2931,1.5128998756e+00,1.6995027542e+01,1.7665384710e-01,6.4074384766e+03
2932,1.5132498741e+00,1.7020025253e+01,1.7736734450e-01,6.2194892578e+03
2933,1.5132998228e+00,1.7020027161e+01,1.7740878463e-01,6.0718256836e+03
2934,1.5129499435e+00,1.6980026245e+01,1.7805819213e-01,5.9118955078e+03
2935,1.5132247210e+00,1.7065025330e+01,1.7742653191e-01,5.7887197266e+03
2936,1.5134499073e+00,1.7045026779e+01,1.7833772302e-01,5.6859047852e+03
2937,1.5131998062e+00,1.7105030060e+01,1.7816284299e-01,5.6405390625e+03
2938,1.5130748749e+00,1.7045028687e+01,1.7852678895e-01,5.6091376953e+03
2939,1.5136748552e+00,1.7080028534e+01,1.7828097939e-01,5.6352329102e+03
2940,1.5134999752e+00,1.7095031738e+01,1.7948666215e-01,5.6523857422e+03
2941,1.5133748055e+00,1.7045032501e+01,1.7947129905e-01,5.7418066406e+03
2942,1.5144999027e+00,1.7130033493e+01,1.7931820452e-01,5.8235258789e+03
2943,1.5137249231e+00,1.7060031891e+01,1.7964045703e-01,5.9309926758e+03
2944,1.5138998032e+00,1.7165033340e+01,1.8099570274e-01,6.0200141602e+03
2945,1.5135250092e+00,1.7160032272e+01,1.8176504970e-01,6.1452109375e+03
2946,1.5140998363e+00,1.7210031509e+01,1.8229043484e-01,6.2281948242e+03
2947,1.5140998363e+00,1.7200031281e+01,1.8317852914e-01,6.3325390625e+03
2948,1.5141998529e+00,1.7220033646e+01,1.8392714858e-01,6.3750102539e+03
2949,1.5137498379e+00,1.7180030823e+01,1.8457731605e-01,6.4361000977e+03
2950,1.5138750076e+00,1.7285032272e+01,1.8578846753e-01,6.4056704102e+03
2951,1.5135498047e+00,1.7325035095e+01,1.8627306819e-01,6.4007504883e+03
2952,1.5139749050e+00,1.7235034943e+01,1.8741118908e-01,6.3433574219e+03
2953,1.5141748190e+00,1.7200033188e+01,1.8804883957e-01,6.2866547852e+03
2954,1.5140247345e+00,1.7325037003e+01,1.8924328685e-01,6.1930898438e+03
2955,1.5140998363e+00,1.7275037766e+01,1.8972326815e-01,6.1146401367e+03
2956,1.5136747360e+00,1.7305036545e+01,1.9020573795e-01,6.0256757812e+03
2957,1.5145498514e+00,1.7305038452e+01,1.9061596692e-01,5.9043510742e+03
2958,1.5140998363e+00,1.7365036011e+01,1.9119957089e-01,5.8267631836e+03
2959,1.5145498514e+00,1.7355037689e+01,1.9080659747e-01,5.7255717773e+03
2960,1.5140997171e+00,1.7310033798e+01,1.9180974364e-01,5.6841342773e+03
2961,1.5148497820e+00,1.7365036011e+01,1.9060333073e-01,5.6142475586e+03
2962,1.5151249170e+00,1.7405035019e+01,1.9236630201e-01,5.6189282227e+03
2963,1.5144748688e+00,1.7455034256e+01,1.9244620204e-01,5.5834223633e+03
2964,1.5141748190e+00,1.7415033340e+01,1.9229248166e-01,5.6520131836e+03
2965,1.5147248507e+00,1.7460035324e+01,1.9243405759e-01,5.6536884766e+03
2966,1.5148497820e+00,1.7380031586e+01,1.9338783622e-01,5.7133540039e+03
2967,1.5146999359e+00,1.7410032272e+01,1.9412139058e-01,5.7742822266e+03
2968,1.5141497850e+00,1.7370027542e+01,1.9456404448e-01,5.7965878906e+03
2969,1.5151000023e+00,1.7395027161e+01,1.9392304122e-01,5.9152431641e+03
2970,1.5148748159e+00,1.7460025787e+01,1.9535347819e-01,5.9020073242e+03
2971,1.5149247646e+00,1.7300027847e+01,1.9530989230e-01,6.0203125000e+03
2972,1.5149497986e+00,1.7355028152e+01,1.9748041034e-01,5.9989160156e+03
2973,1.5152497292e+00,1.7450031281e+01,1.9749325514e-01,6.0481323242e+03
2974,1.5149497986e+00,1.7445030212e+01,1.9787208736e-01,6.0523159180e+03
2975,1.5149247646e+00,1.7350030899e+01,1.9913794100e-01,6.0071528320e+03
2976,1.5147246122e+00,1.7310028076e+01,1.9954878092e-01,5.9857612305e+03
2977,1.5152246952e+00,1.7370029449e+01,2.0108947158e-01,5.9226196289e+03
2978,1.5149246454e+00,1.7435028076e+01,2.0032298565e-01,5.8570244141e+03
2979,1.5148997307e+00,1.7460029602e+01,2.0110359788e-01,5.8112358398e+03
2980,1.5151246786e+00,1.7490028381e+01,2.0192004740e-01,5.7366132812e+03
2981,1.5154497623e+00,1.7585033417e+01,2.0164409280e-01,5.6656342773e+03
2982,1.5148994923e+00,1.7635030746e+01,2.0235699415e-01,5.6248217773e+03
2983,1.5153996944e+00,1.7550029755e+01,2.0391424000e-01,5.5752299805e+03
2984,1.5156996250e+00,1.7505031586e+01,2.0405977964e-01,5.5762050781e+03
2985,1.5155246258e+00,1.7620033264e+01,2.0422232151e-01,5.5157016602e+03
2986,1.5153996944e+00,1.7600028992e+01,2.0640230179e-01,5.5261269531e+03
2987,1.5157746077e+00,1.7520030975e+01,2.0606352389e-01,5.5572089844e+03
2988,1.5160245895e+00,1.7625030518e+01,2.0723125339e-01,5.5496752930e+03
2989,1.5159245729e+00,1.7620029449e+01,2.0813043416e-01,5.5976455078e+03
2990,1.5157996416e+00,1.7720031738e+01,2.0747259259e-01,5.5594453125e+03
2991,1.5156996250e+00,1.7645030975e+01,2.0904229581e-01,5.6811694336e+03
2992,1.5162495375e+00,1.7820030212e+01,2.0960535109e-01,5.6267343750e+03
2993,1.5161995888e+00,1.7860031128e+01,2.1159057319e-01,5.6408886719e+03
2994,1.5162243843e+00,1.7840030670e+01,2.1183764935e-01,5.7028847656e+03
2995,1.5160744190e+00,1.7955034256e+01,2.1320571005e-01,5.6410468750e+03
2996,1.5162243843e+00,1.7920032501e+01,2.1372628212e-01,5.6204360352e+03
2997,1.5160493851e+00,1.7950033188e+01,2.1481746435e-01,5.6596396484e+03
2998,1.5168495178e+00,1.8055036545e+01,2.1508058906e-01,5.5756611328e+03
2999,1.5164743662e+00,1.8095037460e+01,2.1539622545e-01,5.6228769531e+03
3000,1.5165494680e+00,1.8055034637e+01,2.1753686666e-01,5.5337636719e+03
3001,1.5160493851e+00,1.8150037766e+01,2.1576158702e-01,5.5876459961e+03
3002,1.5162243843e+00,1.8095037460e+01,2.1871818602e-01,5.4631035156e+03
3003,1.5165492296e+00,1.8080036163e+01,2.1733523905e-01,5.5916391602e+03
3004,1.5161992311e+00,1.8175037384e+01,2.2132781148e-01,5.3751044922e+03
3005,1.5164742470e+00,1.8190038681e+01,2.1697804332e-01,5.5957753906e+03
3006,1.5163240433e+00,1.8235036850e+01,2.2018490732e-01,5.3321567383e+03
3007,1.5165991783e+00,1.8165035248e+01,2.2157213092e-01,5.5041171875e+03
3008,1.5163490772e+00,1.8280036926e+01,2.2104530036e-01,5.3386743164e+03
3009,1.5168490410e+00,1.8245035172e+01,2.2246041894e-01,5.4662534180e+03
3010,1.5169239044e+00,1.8430036545e+01,2.2402082384e-01,5.2520146484e+03
3011,1.5161489248e+00,1.8265033722e+01,2.2384996712e-01,5.4151059570e+03
3012,1.5169239044e+00,1.8220035553e+01,2.2536757588e-01,5.3361440430e+03
3013,1.5166988373e+00,1.8300035477e+01,2.2382412851e-01,5.3809794922e+03
3014,1.5172737837e+00,1.8390037537e+01,2.2682286799e-01,5.3231889648e+03
3015,1.5172986984e+00,1.8390035629e+01,2.2603110969e-01,5.4160522461e+03
3016,1.5175486803e+00,1.8450038910e+01,2.2898745537e-01,5.3021826172e+03
3017,1.5171988010e+00,1.8400037766e+01,2.2801484168e-01,5.4915688477e+03
3018,1.5175236464e+00,1.8450040817e+01,2.2978477180e-01,5.3174990234e+03
3019,1.5173984766e+00,1.8485042572e+01,2.3077918589e-01,5.3919833984e+03
3020,1.5173234940e+00,1.8440042496e+01,2.2957028449e-01,5.3268808594e+03
3021,1.5171234608e+00,1.8540044785e+01,2.3159296811e-01,5.3572089844e+03
3022,1.5173983574e+00,1.8550046921e+01,2.3307658732e-01,5.2830961914e+03
3023,1.5180233717e+00,1.8525049210e+01,2.3526524007e-01,5.3113398438e+03
3024,1.5174733400e+00,1.8515048981e+01,2.3584268987e-01,5.2079921875e+03
3025,1.5175983906e+00,1.8610050201e+01,2.3715350032e-01,5.1881987305e+03
3026,1.5171982050e+00,1.8710052490e+01,2.3853497207e-01,5.1631318359e+03
3027,1.5184231997e+00,1.8705051422e+01,2.3789951205e-01,5.1267739258e+03
3028,1.5176980495e+00,1.8715053558e+01,2.3887476325e-01,5.1689653320e+03
3029,1.5172730684e+00,1.8680051804e+01,2.3957511783e-01,5.0523105469e+03
3030,1.5179229975e+00,1.8670051575e+01,2.4603809416e-01,5.1621591797e+03
3031,1.5178980827e+00,1.8795055389e+01,2.4481615424e-01,5.0135751953e+03
3032,1.5176478624e+00,1.8700054169e+01,2.4440088868e-01,5.2292402344e+03
3033,1.5179228783e+00,1.8670051575e+01,2.5081998110e-01,4.9536958008e+03
3034,1.5176978111e+00,1.8700054169e+01,2.4552835524e-01,5.3793955078e+03
3035,1.5171227455e+00,1.8745054245e+01,2.5387027860e-01,4.8801699219e+03
3036,1.5176477432e+00,1.8780054092e+01,2.5178891420e-01,5.4032485352e+03
3037,1.5188477039e+00,1.8780054092e+01,2.5578612089e-01,4.8339882812e+03
3038,1.5174726248e+00,1.8845056534e+01,2.5490251184e-01,5.4359492188e+03
3039,1.5182225704e+00,1.8825056076e+01,2.5572004914e-01,4.7983671875e+03
3040,1.5177724361e+00,1.8825056076e+01,2.5513011217e-01,5.2933979492e+03
3041,1.5179224014e+00,1.8850059509e+01,2.6371103525e-01,4.7362504883e+03
3042,1.5178725719e+00,1.8900058746e+01,2.6007598639e-01,5.2660629883e+03
3043,1.5174473524e+00,1.8910058975e+01,2.6295062900e-01,4.6115649414e+03
3044,1.5181972980e+00,1.8865058899e+01,2.6274040341e-01,5.2046215820e+03
3045,1.5179473162e+00,1.8870058060e+01,2.6839148998e-01,4.6387954102e+03
3046,1.5176472664e+00,1.9000061035e+01,2.6658463478e-01,5.2370893555e+03
3047,1.5180722475e+00,1.8890058517e+01,2.7826315165e-01,4.5682290039e+03
3048,1.5182971954e+00,1.8875062943e+01,2.6956620812e-01,5.2831235352e+03
3049,1.5180971622e+00,1.8865064621e+01,2.8115978837e-01,4.5865209961e+03
3050,1.5177220106e+00,1.8955066681e+01,2.7629345655e-01,5.0570205078e+03
3051,1.5177971125e+00,1.8940069199e+01,2.8074538708e-01,4.8777744141e+03
3052,1.5186721087e+00,1.8875072479e+01,2.8738585114e-01,4.7102070312e+03
3053,1.5183720589e+00,1.8815073013e+01,2.8857892752e-01,4.7934687500e+03
3054,1.5187969208e+00,1.8810073853e+01,2.9061958194e-01,4.7995014648e+03
3055,1.5182720423e+00,1.8830074310e+01,2.9285082221e-01,4.7673608398e+03
3056,1.5183219910e+00,1.8950078964e+01,2.9465821385e-01,4.7313173828e+03
3057,1.5187219381e+00,1.8885078430e+01,2.9977276921e-01,4.7339189453e+03
3058,1.5183218718e+00,1.8925083160e+01,3.0063018203e-01,4.6421547852e+03
3059,1.5182468891e+00,1.8945081711e+01,3.0460199714e-01,4.6731440430e+03
3060,1.5190968513e+00,1.8775085449e+01,3.0714949965e-01,4.5818725586e+03
3061,1.5188217163e+00,1.8765083313e+01,3.1144037843e-01,4.5562836914e+03
3062,1.5183465481e+00,1.8780084610e+01,3.1333491206e-01,4.5035498047e+03
3063,1.5183966160e+00,1.8540079117e+01,3.1809952855e-01,4.5303837891e+03
3064,1.5183215141e+00,1.8515079498e+01,3.2171332836e-01,4.5619853516e+03
3065,1.5182963610e+00,1.8540081024e+01,3.2526421547e-01,4.6044052734e+03
3066,1.5182713270e+00,1.8500082016e+01,3.2955470681e-01,4.5945937500e+03
3067,1.5185463428e+00,1.8630084991e+01,3.3450758457e-01,4.5120693359e+03
3068,1.5181211233e+00,1.8660087585e+01,3.3827584982e-01,4.4497832031e+03
3069,1.5188211203e+00,1.8600086212e+01,3.4029600024e-01,4.3881440430e+03
3070,1.5187460184e+00,1.8550086975e+01,3.4963101149e-01,4.3142822266e+03
3071,1.5186457634e+00,1.8610088348e+01,3.5109525919e-01,4.2642402344e+03
3072,1.5183957815e+00,1.8610090256e+01,3.5735782981e-01,4.3236484375e+03
3073,1.5188206434e+00,1.8620092392e+01,3.6246091127e-01,4.2575986328e+03
3074,1.5188956261e+00,1.8600091934e+01,3.6974039674e-01,4.2789848633e+03
3075,1.5184453726e+00,1.8590095520e+01,3.7450814247e-01,4.2511279297e+03
3076,1.5187202692e+00,1.8665096283e+01,3.7809723616e-01,4.2850605469e+03
3077,1.5185950994e+00,1.8655096054e+01,3.8477709889e-01,4.1843740234e+03
3078,1.5191450119e+00,1.8630098343e+01,3.9108502865e-01,4.3245825195e+03
3079,1.5191448927e+00,1.8640098572e+01,4.0112507343e-01,4.2477490234e+03
3080,1.5186197758e+00,1.8630098343e+01,4.0857806802e-01,4.1512075195e+03
3081,1.5191946030e+00,1.8635099411e+01,4.1826510429e-01,4.1170561523e+03
3082,1.5196194649e+00,1.8590099335e+01,4.2403024435e-01,3.9593649902e+03
3083,1.5186194181e+00,1.8645101547e+01,4.3178820610e-01,3.8141896973e+03
3084,1.5188941956e+00,1.8705102921e+01,4.3972989917e-01,3.7325964355e+03
3085,1.5184440613e+00,1.8640102386e+01,4.4911885262e-01,3.7624663086e+03
3086,1.5189187527e+00,1.8645101547e+01,4.5807167888e-01,3.7356926270e+03
3087,1.5181936026e+00,1.8660104752e+01,4.6675449610e-01,3.7580297852e+03
3088,1.5180435181e+00,1.8620103836e+01,4.8152938485e-01,3.7694257812e+03
3089,1.5188932419e+00,1.8670106888e+01,4.8461011052e-01,3.7189802246e+03
3090,1.5191181898e+00,1.8695112228e+01,5.0512826443e-01,3.7620908203e+03
3091,1.5182929039e+00,1.8745109558e+01,5.1615947485e-01,3.7040935059e+03
3092,1.5188177824e+00,1.8720113754e+01,5.2628815174e-01,3.7290676270e+03
3093,1.5188176632e+00,1.8715114594e+01,5.4027837515e-01,3.6697531738e+03
3094,1.5187425613e+00,1.8805118561e+01,5.5707079172e-01,3.6518876953e+03
3095,1.5187172890e+00,1.8715120316e+01,5.6590133905e-01,3.6249467773e+03
3096,1.5185670853e+00,1.8745121002e+01,5.8471447229e-01,3.5552265625e+03
3097,1.5193419456e+00,1.8715120316e+01,5.9981453419e-01,3.5008271484e+03
3098,1.5190917253e+00,1.8760118484e+01,6.0964959860e-01,3.4636237793e+03
3099,1.5185165405e+00,1.8660120010e+01,6.3359081745e-01,3.3753078613e+03
3100,1.5187411308e+00,1.8620121002e+01,6.5317857265e-01,3.3153105469e+03
3101,1.5190911293e+00,1.8630121231e+01,6.7426908016e-01,3.1922226562e+03
3102,1.5186660290e+00,1.8605121613e+01,6.9511127472e-01,3.2096037598e+03
3103,1.5190159082e+00,1.8540122986e+01,7.1886563301e-01,3.1040600586e+03
3104,1.5187907219e+00,1.8515121460e+01,7.3861008883e-01,3.0985522461e+03
3105,1.5186156034e+00,1.8480125427e+01,7.6143759489e-01,3.0029260254e+03
3106,1.5184402466e+00,1.8420124054e+01,7.8071457148e-01,3.0443061523e+03
3107,1.5180401802e+00,1.8460124969e+01,8.0790942907e-01,2.8869504395e+03
3108,1.5182151794e+00,1.8470127106e+01,8.3206427097e-01,2.9582280273e+03
3109,1.5185650587e+00,1.8545129776e+01,8.6174333096e-01,2.8184360352e+03
3110,1.5189149380e+00,1.8465127945e+01,8.9147806168e-01,2.8926005859e+03
3111,1.5187897682e+00,1.8480129242e+01,9.2331433296e-01,2.6705776367e+03
3112,1.5190147161e+00,1.8450128555e+01,9.5543241501e-01,2.7972963867e+03
3113,1.5179646015e+00,1.8545127869e+01,9.8970705271e-01,2.6170957031e+03
3114,1.5182144642e+00,1.8380125046e+01,1.0286751986e+00,2.5159926758e+03
3115,1.5181143284e+00,1.8460128784e+01,1.0662381649e+00,2.4392314453e+03
3116,1.5186141729e+00,1.8520130157e+01,1.1070983410e+00,2.3959960938e+03
3117,1.5189640522e+00,1.8185123444e+01,1.1534576416e+00,2.3528671875e+03
3118,1.5184140205e+00,1.8050119400e+01,1.1964849234e+00,2.2826513672e+03
3119,1.5187637806e+00,1.7705112457e+01,1.2441878319e+00,2.2772778320e+03
3120,1.5183886290e+00,1.7665113449e+01,1.2949743271e+00,2.3883828125e+03
3121,1.5191886425e+00,1.7440113068e+01,1.3486442566e+00,2.4451411133e+03
3122,1.5183885098e+00,1.7335109711e+01,1.4037853479e+00,2.4489948730e+03
3123,1.5186884403e+00,1.7395112991e+01,1.4631388187e+00,2.4273381348e+03
3124,1.5191631317e+00,1.7380115509e+01,1.5251072645e+00,2.2985178223e+03
3125,1.5184881687e+00,1.7385118484e+01,1.5923942327e+00,2.1396198730e+03
3126,1.5183879137e+00,1.7270114899e+01,1.6559774876e+00,1.9678890381e+03
3127,1.5186629295e+00,1.7135112762e+01,1.7232394218e+00,1.7769973145e+03
3128,1.5185127258e+00,1.7210115433e+01,1.7885814905e+00,1.6400865479e+03
3129,1.5184874535e+00,1.7185113907e+01,1.8581140041e+00,1.5667303467e+03
3130,1.5183124542e+00,1.7145114899e+01,1.9304451942e+00,1.5739792480e+03
3131,1.5186873674e+00,1.7150114059e+01,1.9940688610e+00,1.5501872559e+03
3132,1.5192873478e+00,1.7010114670e+01,2.0576677322e+00,1.6109216309e+03
3133,1.5189121962e+00,1.6825111389e+01,2.1049072742e+00,1.6745819092e+03
3134,1.5183368921e+00,1.6690111160e+01,2.1517117023e+00,1.7034224854e+03
3135,1.5181117058e+00,1.6740112305e+01,2.1839671135e+00,1.7095937500e+03
3136,1.5177365541e+00,1.6550109863e+01,2.1896610260e+00,1.6650037842e+03
3137,1.5177365541e+00,1.6415107727e+01,2.1810295582e+00,1.6232138672e+03
3138,1.5187114477e+00,1.6440107346e+01,2.1712026596e+00,1.6038011475e+03
3139,1.5181863308e+00,1.6420110703e+01,2.1395149231e+00,1.5184584961e+03
3140,1.5180611610e+00,1.6415111542e+01,2.1182553768e+00,1.4685578613e+03
3141,1.5181860924e+00,1.6215105057e+01,2.0725400448e+00,1.3839127197e+03
3142,1.5182609558e+00,1.6150106430e+01,2.0017268658e+00,1.3475848389e+03
3143,1.5182107687e+00,1.6190107346e+01,1.9466633797e+00,1.2921093750e+03
3144,1.5181605816e+00,1.6195106506e+01,1.9169524908e+00,1.2634383545e+03
3145,1.5177104473e+00,1.6010103226e+01,1.9653978348e+00,1.2545751953e+03
3146,1.5180352926e+00,1.5990104675e+01,0.0000000000e+00,1.2065129395e+03
3147,1.5183103085e+00,1.6045104980e+01,0.0000000000e+00,1.1990947266e+03
3148,1.5186349154e+00,1.6065107346e+01,0.0000000000e+00,1.1955998535e+03
3149,1.5188599825e+00,1.5850101471e+01,0.0000000000e+00,1.1818167725e+03
3150,1.5181598663e+00,1.5975104332e+01,0.0000000000e+00,1.1812558594e+03
3151,1.5182596445e+00,1.6055105209e+01,0.0000000000e+00,1.1595208740e+03
3152,1.5187095404e+00,1.5915103912e+01,0.0000000000e+00,1.1422744141e+03
3153,1.5187845230e+00,1.5940104485e+01,0.0000000000e+00,1.1276146240e+03
3154,1.5189843178e+00,1.5920105934e+01,0.0000000000e+00,1.1119333496e+03
3155,1.5187842846e+00,1.5855104446e+01,0.0000000000e+00,1.0780220947e+03
3156,1.5187340975e+00,1.5875105858e+01,0.0000000000e+00,1.0587224121e+03
3157,1.5189088583e+00,1.5860106468e+01,0.0000000000e+00,1.0203140259e+03
3158,1.5188087225e+00,1.5845106125e+01,0.0000000000e+00,1.0113336182e+03
3159,1.5196835995e+00,1.5885108948e+01,0.0000000000e+00,9.9997601318e+02
3160,1.5192584991e+00,1.5805107117e+01,0.0000000000e+00,9.7430413818e+02
3161,1.5189332962e+00,1.5665105820e+01,0.0000000000e+00,9.7017431641e+02
3162,1.5194082260e+00,1.5755107880e+01,0.0000000000e+00,9.6593981934e+02
3163,1.5190081596e+00,1.5755107880e+01,0.0000000000e+00,9.4546087646e+02
3164,1.5193078518e+00,1.5580105782e+01,0.0000000000e+00,9.3217706299e+02
3165,1.5189578533e+00,1.5730112076e+01,0.0000000000e+00,9.3126171875e+02
3166,1.5191577673e+00,1.5575111389e+01,0.0000000000e+00,9.0290826416e+02
3167,1.5188825130e+00,1.5625113487e+01,0.0000000000e+00,9.1799627686e+02
3168,1.5182075500e+00,1.5480112076e+01,0.0000000000e+00,8.7945300293e+02
3169,1.5198323727e+00,1.5450111389e+01,0.0000000000e+00,8.8783081055e+02
3170,1.5198073387e+00,1.5435114861e+01,0.0000000000e+00,8.9915228271e+02
3171,1.5193821192e+00,1.5550116539e+01,0.0000000000e+00,8.6996301270e+02
3172,1.5194821358e+00,1.5540118217e+01,0.0000000000e+00,8.6839959717e+02
3173,1.5194319487e+00,1.5385115623e+01,0.0000000000e+00,8.6722875977e+02
3174,1.5201820135e+00,1.5325114250e+01,0.0000000000e+00,8.6991113281e+02
3175,1.5193067789e+00,1.5310112953e+01,0.0000000000e+00,8.6700610352e+02
3176,1.5192567110e+00,1.5445117950e+01,0.0000000000e+00,8.6276660156e+02
3177,1.5192315578e+00,1.5430117607e+01,0.0000000000e+00,8.6778631592e+02
3178,1.5192564726e+00,1.5420117378e+01,0.0000000000e+00,8.6582427979e+02
3179,1.5193064213e+00,1.5480117798e+01,0.0000000000e+00,8.5733978271e+02
3180,1.5200811625e+00,1.5455120087e+01,0.0000000000e+00,8.6127221680e+02
3181,1.5201811790e+00,1.5410118103e+01,0.0000000000e+00,8.5232958984e+02
3182,1.5198562145e+00,1.5425118446e+01,0.0000000000e+00,8.6844488525e+02
3183,1.5201312304e+00,1.5365116119e+01,0.0000000000e+00,8.6585217285e+02
3184,1.5198810101e+00,1.5410118103e+01,0.0000000000e+00,8.7034661865e+02
3185,1.5199058056e+00,1.5310115814e+01,0.0000000000e+00,8.6071057129e+02
3186,1.5198808908e+00,1.5300116539e+01,0.0000000000e+00,8.7039532471e+02
3187,1.5197056532e+00,1.5470118523e+01,0.0000000000e+00,8.9739038086e+02
3188,1.5200805664e+00,1.5405119896e+01,0.0000000000e+00,8.8503540039e+02
3189,1.5199055672e+00,1.5325117111e+01,0.0000000000e+00,9.2694152832e+02
3190,1.5205553770e+00,1.5330117226e+01,0.0000000000e+00,9.4482702637e+02
3191,1.5208052397e+00,1.5165114403e+01,0.0000000000e+00,9.1922528076e+02
3192,1.5205552578e+00,1.5205117226e+01,0.0000000000e+00,9.1530108643e+02
3193,1.5203300714e+00,1.5220115662e+01,0.0000000000e+00,9.2597729492e+02
3194,1.5203549862e+00,1.5045113564e+01,0.0000000000e+00,9.1915484619e+02
3195,1.5200798512e+00,1.5225117683e+01,0.0000000000e+00,9.5020019531e+02
3196,1.5207798481e+00,1.5260119438e+01,0.0000000000e+00,9.3031396484e+02
3197,1.5203546286e+00,1.5140118599e+01,0.0000000000e+00,9.4102081299e+02
3198,1.5209046602e+00,1.5080115318e+01,0.0000000000e+00,9.3190399170e+02
3199,1.5207543373e+00,1.5220118523e+01,0.0000000000e+00,9.2110021973e+02
3200,1.5209790468e+00,1.5220118523e+01,0.0000000000e+00,9.2464404297e+02
3201,1.5205790997e+00,1.5105113029e+01,0.0000000000e+00,9.7092498779e+02
3202,1.5209538937e+00,1.5165116310e+01,0.0000000000e+00,9.7538348389e+02
3203,1.5201038122e+00,1.5105115891e+01,0.0000000000e+00,9.6738983154e+02
3204,1.5210787058e+00,1.5125114441e+01,0.0000000000e+00,9.6611260986e+02
3205,1.5217037201e+00,1.5120112419e+01,0.0000000000e+00,9.6037866211e+02
3206,1.5213785172e+00,1.5015110970e+01,0.0000000000e+00,9.9086846924e+02
3207,1.5217784643e+00,1.5080113411e+01,0.0000000000e+00,9.6520361328e+02
3208,1.5217782259e+00,1.5115114212e+01,0.0000000000e+00,9.7833660889e+02
3209,1.5210783482e+00,1.5055111885e+01,0.0000000000e+00,9.5740606689e+02
3210,1.5218532085e+00,1.5155114174e+01,0.0000000000e+00,9.5055957031e+02
3211,1.5219279528e+00,1.5130112648e+01,0.0000000000e+00,9.5765173340e+02
3212,1.5218280554e+00,1.5035109520e+01,0.0000000000e+00,9.7084655762e+02
3213,1.5222278833e+00,1.5025109291e+01,0.0000000000e+00,9.6279156494e+02
3214,1.5223278999e+00,1.5030109406e+01,0.0000000000e+00,9.6517327881e+02
3215,1.5223778486e+00,1.5110110283e+01,0.0000000000e+00,9.5833892822e+02
3216,1.5225528479e+00,1.5140112877e+01,0.0000000000e+00,9.4319885254e+02
3217,1.5223525763e+00,1.5240112305e+01,0.0000000000e+00,9.4862438965e+02
3218,1.5233526230e+00,1.4965106964e+01,0.0000000000e+00,9.0813586426e+02
3219,1.5224525928e+00,1.4850103378e+01,0.0000000000e+00,9.1180517578e+02
3220,1.5226274729e+00,1.4810102463e+01,0.0000000000e+00,8.7801922607e+02
3221,1.5225522518e+00,1.4880103111e+01,0.0000000000e+00,8.7587554932e+02
3222,1.5224272013e+00,1.4890101433e+01,0.0000000000e+00,8.6361450195e+02
3223,1.5223522186e+00,1.5025103569e+01,0.0000000000e+00,8.4158489990e+02
3224,1.5224522352e+00,1.5005105019e+01,0.0000000000e+00,8.4464379883e+02
3225,1.5230520964e+00,1.4925101280e+01,0.0000000000e+00,8.1756793213e+02
3226,1.5233520269e+00,1.4750099182e+01,0.0000000000e+00,8.1047393799e+02
3227,1.5232019424e+00,1.4655096054e+01,0.0000000000e+00,8.1995184326e+02
3228,1.5226769447e+00,1.4510091782e+01,0.0000000000e+00,8.0934356689e+02
3229,1.5228018761e+00,1.4600090981e+01,0.0000000000e+00,7.8024761963e+02
3230,1.5232768059e+00,1.4420088768e+01,0.0000000000e+00,7.7041351318e+02
3231,1.5234768391e+00,1.4625091553e+01,0.0000000000e+00,7.5818450928e+02
3232,1.5230267048e+00,1.4600090981e+01,0.0000000000e+00,7.4950897217e+02
3233,1.5233516693e+00,1.4750091553e+01,0.0000000000e+00,7.2557513428e+02
3234,1.5238018036e+00,1.4660086632e+01,0.0000000000e+00,6.9143377686e+02
3235,1.5231765509e+00,1.4655087471e+01,0.0000000000e+00,6.7551568604e+02
3236,1.5231014490e+00,1.4735087395e+01,0.0000000000e+00,6.8783740234e+02
3237,1.5231512785e+00,1.4565084457e+01,0.0000000000e+00,6.9947351074e+02
3238,1.5238262415e+00,1.4605084419e+01,0.0000000000e+00,7.1434765625e+02
3239,1.5237761736e+00,1.4460080147e+01,0.0000000000e+00,8.2111090088e+02
3240,1.5243010521e+00,1.4460082054e+01,0.0000000000e+00,7.1510229492e+02
3241,1.5232759714e+00,1.4225075722e+01,0.0000000000e+00,6.7205725098e+02
3242,1.5236757994e+00,1.4335073471e+01,0.0000000000e+00,6.9851373291e+02
3243,1.5237257481e+00,1.4150070190e+01,0.0000000000e+00,7.3452429199e+02
3244,1.5236754417e+00,1.4230070114e+01,0.0000000000e+00,7.0491717529e+02
3245,1.5234254599e+00,1.4025069237e+01,0.0000000000e+00,1.0283081055e+03
3246,1.5233004093e+00,1.3990069389e+01,0.0000000000e+00,7.6952374268e+02
3247,1.5234502554e+00,1.4225069046e+01,0.0000000000e+00,6.7440576172e+02
3248,1.5236252546e+00,1.3995067596e+01,0.0000000000e+00,1.0125958252e+03
3249,1.5238500834e+00,1.3940063477e+01,0.0000000000e+00,7.4032934570e+02
3250,1.5241249800e+00,1.4010064125e+01,0.0000000000e+00,8.6329071045e+02
3251,1.5239498615e+00,1.4055067062e+01,0.0000000000e+00,8.0928112793e+02
3252,1.5238499641e+00,1.3800062180e+01,0.0000000000e+00,7.6582330322e+02
3253,1.5237247944e+00,1.3950063705e+01,0.0000000000e+00,7.9803845215e+02
3254,1.5240998268e+00,1.3815059662e+01,0.0000000000e+00,8.5841400146e+02
3255,1.5235246420e+00,1.3670056343e+01,0.0000000000e+00,8.0669750977e+02
3256,1.5236496925e+00,1.3420052528e+01,0.0000000000e+00,8.0280169678e+02
3257,1.5238997936e+00,1.3365052223e+01,0.0000000000e+00,8.6726757812e+02
3258,1.5236495733e+00,1.3440053940e+01,0.0000000000e+00,7.7605035400e+02
3259,1.5239995718e+00,1.3485054016e+01,0.0000000000e+00,7.5327752686e+02
3260,1.5238494873e+00,1.3565052986e+01,0.0000000000e+00,7.1204394531e+02
3261,1.5236494541e+00,1.3615053177e+01,0.0000000000e+00,7.2983190918e+02
3262,1.5240495205e+00,1.3455050468e+01,0.0000000000e+00,7.1333660889e+02
3263,1.5239994526e+00,1.3540048599e+01,0.0000000000e+00,6.6897698975e+02
3264,1.5244493484e+00,1.3340045929e+01,0.0000000000e+00,6.3284204102e+02
3265,1.5240993500e+00,1.3575049400e+01,0.0000000000e+00,4.6205728149e+02
3266,1.5232992172e+00,1.3475048065e+01,0.0000000000e+00,6.5482525635e+02
3267,1.5239243507e+00,1.3380043983e+01,0.0000000000e+00,4.9776660156e+02
3268,1.5244992971e+00,1.3235042572e+01,0.0000000000e+00,6.0869464111e+02
3269,1.5240741968e+00,1.3140039444e+01,0.0000000000e+00,5.2830578613e+02
3270,1.5241742134e+00,1.3125036240e+01,0.0000000000e+00,5.4657214355e+02
3271,1.5241990089e+00,1.3285037041e+01,0.0000000000e+00,5.2778149414e+02
3272,1.5246491432e+00,1.3060032845e+01,0.0000000000e+00,5.4066857910e+02
3273,1.5242490768e+00,1.2900031090e+01,0.0000000000e+00,6.1756677246e+02
3274,1.5239239931e+00,1.2960029602e+01,0.0000000000e+00,5.8404754639e+02
3275,1.5249240398e+00,1.2835028648e+01,0.0000000000e+00,5.9737341309e+02
3276,1.5251240730e+00,1.2795024872e+01,0.0000000000e+00,6.6909222412e+02
3277,1.5248489380e+00,1.2725022316e+01,0.0000000000e+00,5.4562139893e+02
3278,1.5243740082e+00,1.2630022049e+01,0.0000000000e+00,5.9931182861e+02
3279,1.5244737864e+00,1.2540016174e+01,0.0000000000e+00,7.5925030518e+02
3280,1.5246487856e+00,1.2255010605e+01,0.0000000000e+00,5.4705419922e+02
3281,1.5246238708e+00,1.2380011559e+01,0.0000000000e+00,6.8315228271e+02
3282,1.5243238211e+00,1.2295008659e+01,0.0000000000e+00,5.8767938232e+02
3283,1.5244487524e+00,1.2170005798e+01,0.0000000000e+00,6.1674896240e+02
3284,1.5247488022e+00,1.2050004005e+01,0.0000000000e+00,5.8644781494e+02
3285,1.5251488686e+00,1.2050004005e+01,0.0000000000e+00,6.5502697754e+02
3286,1.5249488354e+00,1.2100003242e+01,0.0000000000e+00,4.8259167480e+02
3287,1.5250737667e+00,1.2040002823e+01,0.0000000000e+00,6.4053869629e+02
3288,1.5252237320e+00,1.1875001907e+01,0.0000000000e+00,5.5901391602e+02
3289,1.5249986649e+00,1.1995002747e+01,0.0000000000e+00,6.5098205566e+02
3290,1.5247986317e+00,1.1860000610e+01,0.0000000000e+00,5.9177136230e+02
3291,1.5247486830e+00,1.1985000610e+01,0.0000000000e+00,6.6578479004e+02
3292,1.5243985653e+00,1.1900002480e+01,-7.0829766989e-01,6.5265832520e+02
3293,1.5241733789e+00,1.2010003090e+01,-6.8593561649e-01,7.0605377197e+02
3294,1.5243234634e+00,1.1890003204e+01,-6.7333161831e-01,5.2850311279e+02
3295,1.5244735479e+00,1.1860003471e+01,-6.5980517864e-01,8.0375616455e+02
3296,1.5245485306e+00,1.1810003281e+01,-6.3605630398e-01,6.6837677002e+02
3297,1.5246235132e+00,1.1750003815e+01,-6.2065261602e-01,5.5021557617e+02
3298,1.5248734951e+00,1.1760002136e+01,-6.0081779957e-01,8.5174157715e+02
3299,1.5244983435e+00,1.1710003853e+01,-5.8511245251e-01,5.1558154297e+02
3300,1.5246982574e+00,1.1765004158e+01,-5.7293325663e-01,9.1750628662e+02
3301,1.5244983435e+00,1.1710004807e+01,-5.2606868744e-01,5.7357519531e+02
3302,1.5247483253e+00,1.1700005531e+01,-5.1335376501e-01,7.8689678955e+02
3303,1.5251233578e+00,1.1585001945e+01,-4.9478194118e-01,6.7884020996e+02
3304,1.5245982409e+00,1.1545001030e+01,-4.8180955648e-01,6.4602844238e+02
3305,1.5245982409e+00,1.1480000496e+01,-4.6571189165e-01,6.4285717773e+02
3306,1.5246731043e+00,1.1490000725e+01,-4.5304718614e-01,7.1503594971e+02
3307,1.5251731873e+00,1.1619999886e+01,-4.4443577528e-01,6.0315338135e+02
3308,1.5251981020e+00,1.1555000305e+01,-4.4512739778e-01,6.5380255127e+02
3309,1.5251480341e+00,1.1319995880e+01,-4.3617266417e-01,6.6716754150e+02
3310,1.5254980326e+00,1.1284995079e+01,-4.3603715301e-01,6.6840179443e+02
3311,1.5255479813e+00,1.1199993134e+01,-4.3721187115e-01,6.7117785645e+02
3312,1.5257481337e+00,1.1279994965e+01,-4.3881800771e-01,6.7701690674e+02
3313,1.5257730484e+00,1.1289994240e+01,-4.3821546435e-01,6.6653033447e+02
3314,1.5256979465e+00,1.1269992828e+01,-4.2150413990e-01,7.7895275879e+02
3315,1.5255479813e+00,1.1199991226e+01,-4.2770746350e-01,6.1999609375e+02
3316,1.5255229473e+00,1.1184991837e+01,-4.2396822572e-01,6.8115625000e+02
3317,1.5261728764e+00,1.1154991150e+01,-4.2747458816e-01,6.5039227295e+02
3318,1.5259478092e+00,1.1114991188e+01,-4.2747941613e-01,7.7611541748e+02
3319,1.5257227421e+00,1.1144990921e+01,-4.2766055465e-01,6.0358911133e+02
3320,1.5256727934e+00,1.1054990768e+01,-4.1140416265e-01,7.8005841064e+02
3321,1.5262477398e+00,1.0984990120e+01,-3.5209631920e-01,1.1490090332e+03
3322,1.5258727074e+00,1.1144991875e+01,-3.4916695952e-01,5.6362902832e+02
3323,1.5258225203e+00,1.1329992294e+01,-3.3567383885e-01,7.7598327637e+02
3324,1.5252224207e+00,1.1384991646e+01,-3.1892377138e-01,6.1427355957e+02
3325,1.5259225368e+00,1.1384991646e+01,-2.9945790768e-01,7.6065521240e+02
3326,1.5263475180e+00,1.1369991302e+01,-2.7663064003e-01,7.5613159180e+02
3327,1.5261473656e+00,1.1579991341e+01,-2.3984548450e-01,7.0721881104e+02
3328,1.5262974501e+00,1.1499989510e+01,-2.1082301438e-01,6.6465393066e+02
3329,1.5263473988e+00,1.1504991531e+01,-1.8011455238e-01,5.9448999023e+02
3330,1.5265474319e+00,1.1469991684e+01,-1.2094762921e-01,7.3563372803e+02
3331,1.5267723799e+00,1.1609991074e+01,-8.3397403359e-02,4.3142910767e+02
3332,1.5272474289e+00,1.1584990501e+01,-5.0077196211e-02,8.1599230957e+02
3333,1.5266222954e+00,1.1744994164e+01,-1.0070320219e-02,9.2973883057e+02
3334,1.5267723799e+00,1.1884993553e+01,1.6314979643e-02,6.0551281738e+02
3335,1.5269222260e+00,1.1729991913e+01,4.0165081620e-02,7.4553887939e+02
3336,1.5270972252e+00,1.1759991646e+01,5.4613683373e-02,7.1964141846e+02
3337,1.5275473595e+00,1.1844993591e+01,6.5545186400e-02,7.6661267090e+02
3338,1.5270969868e+00,1.1869994164e+01,6.7966021597e-02,7.1392236328e+02
3339,1.5276970863e+00,1.1929992676e+01,6.0216013342e-02,7.9868164062e+02
3340,1.5277971029e+00,1.2004994392e+01,5.3068690002e-02,8.0274096680e+02
3341,1.5277719498e+00,1.1944992065e+01,3.4810248762e-02,7.2603991699e+02
3342,1.5275720358e+00,1.2054993629e+01,1.8873248249e-02,7.7339825439e+02
3343,1.5273969173e+00,1.2114992142e+01,-1.1331945658e-02,9.3165966797e+02
3344,1.5277969837e+00,1.2094993591e+01,-3.1946334988e-02,6.7671002197e+02
3345,1.5284218788e+00,1.2159995079e+01,-6.0531415045e-02,7.1507104492e+02
3346,1.5285968781e+00,1.2119996071e+01,-9.5642335713e-02,9.6087280273e+02
3347,1.5282968283e+00,1.2199997902e+01,-1.2686848640e-01,8.5225500488e+02
3348,1.5286216736e+00,1.2219998360e+01,-1.6972909868e-01,8.6279278564e+02
3349,1.5283716917e+00,1.2204997063e+01,-2.0205357671e-01,8.6425329590e+02
3350,1.5283966064e+00,1.2289999008e+01,-2.3168376088e-01,9.3859222412e+02
3351,1.5285965204e+00,1.2294999123e+01,-2.6582911611e-01,9.6097180176e+02
3352,1.5286716223e+00,1.2255000114e+01,-2.8701999784e-01,6.0616815186e+02
3353,1.5281715393e+00,1.2385000229e+01,-3.1325232983e-01,1.0403637695e+03
3354,1.5288964510e+00,1.2369999886e+01,-3.3787184954e-01,9.6669927979e+02
3355,1.5291213989e+00,1.2395002365e+01,-3.8379430771e-01,1.6892658691e+03
3356,1.5295463800e+00,1.2555005074e+01,-4.1708219051e-01,1.0196742554e+03
3357,1.5293965340e+00,1.2515006065e+01,-4.3266987801e-01,1.3299375000e+03
3358,1.5294964314e+00,1.2505006790e+01,-4.6597179770e-01,1.2109934082e+03
3359,1.5288712978e+00,1.2495007515e+01,-4.7168958187e-01,1.6225812988e+03
3360,1.5291712284e+00,1.2485008240e+01,-3.2584297657e-01,4.3093437500e+03
3361,1.5298461914e+00,1.2420008659e+01,-2.9981014132e-01,1.8448748779e+03
3362,1.5297212601e+00,1.2600010872e+01,-3.1054461002e-01,2.2295412598e+03
3363,1.5299211740e+00,1.2560012817e+01,-3.0063527822e-01,1.9712537842e+03
3364,1.5306711197e+00,1.2405013084e+01,-3.1159016490e-01,7.7841879883e+03
3365,1.5303211212e+00,1.2535013199e+01,-2.9812735319e-01,2.7678850098e+03
3366,1.5293459892e+00,1.2450014114e+01,-3.0625271797e-01,3.6856823730e+03
3367,1.5296710730e+00,1.2320014954e+01,-2.4408644438e-01,5.6091083984e+03
3368,1.5294709206e+00,1.2425015450e+01,-2.4451436102e-01,3.5598552246e+03
3369,1.5291707516e+00,1.2485016823e+01,-2.3759984970e-01,4.5891801758e+03
3370,1.5298458338e+00,1.2345018387e+01,-1.5806487203e-01,7.2157978516e+03
3371,1.5302459002e+00,1.2355019569e+01,-1.1033041030e-01,8.5463398438e+03
3372,1.5299708843e+00,1.2410018921e+01,-1.0972172022e-01,3.2958869629e+03
3373,1.5305207968e+00,1.2420020103e+01,-1.1352986842e-01,3.6747990723e+03
3374,1.5302956104e+00,1.2440020561e+01,-1.2255889177e-01,3.5488801270e+03
3375,1.5300705433e+00,1.2420021057e+01,-1.3139230013e-01,4.0003820801e+03
3376,1.5303456783e+00,1.2405021667e+01,-1.1586155742e-01,3.8389619141e+03
3377,1.5300955772e+00,1.2505023956e+01,-1.3057774305e-01,3.1288486328e+03
3378,1.5305705070e+00,1.2275023460e+01,-1.2013091147e-01,3.0164050293e+03
3379,1.5302455425e+00,1.2360022545e+01,-1.2974479795e-01,2.4432626953e+03
3380,1.5309954882e+00,1.2405025482e+01,-1.5354603529e-01,2.6841467285e+03
3381,1.5310955048e+00,1.2475027084e+01,-1.4917282760e-01,2.7352885742e+03
3382,1.5313954353e+00,1.2530026436e+01,-1.5376245975e-01,2.5791240234e+03
3383,1.5311453342e+00,1.2585027695e+01,-1.5177606046e-01,3.6110920410e+03
3384,1.5309953690e+00,1.2630031586e+01,-1.5814040601e-01,4.3223212891e+03
3385,1.5311703682e+00,1.2680030823e+01,-1.6344690323e-01,4.1853422852e+03
3386,1.5310454369e+00,1.2520029068e+01,-1.6834853590e-01,4.1634785156e+03
3387,1.5308701992e+00,1.2555028915e+01,-1.7484575510e-01,4.0056113281e+03
3388,1.5312201977e+00,1.2610030174e+01,-1.8166294694e-01,3.7528090820e+03
3389,1.5315202475e+00,1.2670032501e+01,-1.9153493643e-01,4.0648791504e+03
3390,1.5311701298e+00,1.2590029716e+01,-1.9515199959e-01,3.1163994141e+03
3391,1.5312451124e+00,1.2530028343e+01,-2.1055985987e-01,3.2832734375e+03
3392,1.5309200287e+00,1.2555028915e+01,-2.0430350304e-01,5.4899355469e+03
3393,1.5309199095e+00,1.2600028992e+01,-1.9095239043e-01,5.1784248047e+03
3394,1.5312697887e+00,1.2640029907e+01,-1.8284527957e-01,4.6745063477e+03
3395,1.5311448574e+00,1.2585030556e+01,-1.8907193840e-01,2.1128535156e+03
3396,1.5313948393e+00,1.2620030403e+01,-2.0525585115e-01,1.2592485352e+03
3397,1.5307447910e+00,1.2635029793e+01,-2.0604299009e-01,1.1704975586e+03
3398,1.5313448906e+00,1.2485031128e+01,-2.0695824921e-01,3.2230061035e+03
3399,1.5308946371e+00,1.2530031204e+01,-2.0617632568e-01,3.5471398926e+03
3400,1.5317695141e+00,1.2570032120e+01,-2.0855577290e-01,2.3392954102e+03
3401,1.5318447351e+00,1.2320032120e+01,-2.0525074005e-01,1.9138482666e+03
3402,1.5318696499e+00,1.2330030441e+01,-1.9986173511e-01,4.0837199707e+03
3403,1.5317195654e+00,1.2305030823e+01,-1.9479586184e-01,3.6327185059e+03
3404,1.5317945480e+00,1.2030031204e+01,-1.9019855559e-01,3.0744450684e+03
3405,1.5315194130e+00,1.2150029182e+01,-2.0511914790e-01,2.3709792480e+03
3406,1.5311944485e+00,1.2065031052e+01,-1.9494162500e-01,2.0867199707e+03
3407,1.5312443972e+00,1.2160029411e+01,-2.0603717864e-01,2.7649926758e+03
3408,1.5314443111e+00,1.2050031662e+01,-1.9474159181e-01,3.7932712402e+03
3409,1.5310692787e+00,1.1985030174e+01,-1.9031566381e-01,3.8671005859e+03
3410,1.5314443111e+00,1.2025032043e+01,-1.8705785275e-01,3.4923894043e+03
3411,1.5315192938e+00,1.1815030098e+01,-1.8721196055e-01,3.4453178711e+03
3412,1.5313941240e+00,1.1925032616e+01,-1.8882837892e-01,3.2151113281e+03
3413,1.5313690901e+00,1.1895031929e+01,-1.9192837179e-01,2.8290266113e+03
3414,1.5318441391e+00,1.1970032692e+01,-1.8663474917e-01,2.5367031250e+03
3415,1.5315941572e+00,1.2035033226e+01,-1.8764333427e-01,3.0721506348e+03
3416,1.5319690704e+00,1.1965032578e+01,-1.7796000838e-01,3.3680471191e+03
3417,1.5319939852e+00,1.1875035286e+01,-1.7529672384e-01,4.4616098633e+03
3418,1.5315439701e+00,1.1985033989e+01,-1.8532595038e-01,4.3378593750e+03
3419,1.5320938826e+00,1.1940037727e+01,-1.8546815217e-01,4.3239648438e+03
3420,1.5318938494e+00,1.1900037766e+01,-1.7343679070e-01,5.1836606445e+03
3421,1.5317689180e+00,1.2035037994e+01,-1.8164151907e-01,5.3199433594e+03
3422,1.5312688351e+00,1.1940036774e+01,-1.7350272834e-01,5.7568955078e+03
3423,1.5316188335e+00,1.1985037804e+01,-1.7780546844e-01,6.1511503906e+03
3424,1.5316436291e+00,1.1995038986e+01,-1.7431730032e-01,5.5786982422e+03
3425,1.5312685966e+00,1.1910037041e+01,-1.6626073420e-01,4.1851665039e+03
3426,1.5315434933e+00,1.1915040970e+01,-1.6901379824e-01,3.3491228027e+03
3427,1.5317686796e+00,1.1850037575e+01,-1.7014081776e-01,2.6298247070e+03
3428,1.5314186811e+00,1.1910037994e+01,-1.7421236634e-01,2.3562814941e+03
3429,1.5319935083e+00,1.1735036850e+01,-1.7560391128e-01,2.3469077148e+03
3430,1.5322186947e+00,1.1860039711e+01,-1.7450366914e-01,2.4839768066e+03
3431,1.5321935415e+00,1.1955041885e+01,-1.7354442179e-01,2.6646611328e+03
3432,1.5318185091e+00,1.1950042725e+01,-1.6897532344e-01,2.8689284668e+03
3433,1.5316436291e+00,1.1915042877e+01,-1.6257163882e-01,2.3782902832e+03
3434,1.5318186283e+00,1.1985041618e+01,-1.6786277294e-01,2.1565598145e+03
3435,1.5317934752e+00,1.1995042801e+01,-1.6070318222e-01,2.4494677734e+03
3436,1.5321934223e+00,1.2005041122e+01,-1.6376854479e-01,2.5527050781e+03
3437,1.5325934887e+00,1.2005043030e+01,-1.5960723162e-01,2.5275556641e+03
3438,1.5325933695e+00,1.2060043335e+01,-1.5675629675e-01,2.3204936523e+03
3439,1.5322935581e+00,1.1970045090e+01,-1.5464781225e-01,2.0634951172e+03
3440,1.5329684019e+00,1.2055045128e+01,-1.5800027549e-01,1.5033176270e+03
3441,1.5333935022e+00,1.1980045319e+01,-1.6354066133e-01,1.4301320801e+03
3442,1.5335435867e+00,1.2090045929e+01,-1.6190813482e-01,1.6568387451e+03
3443,1.5329434872e+00,1.2130045891e+01,-1.5442807972e-01,2.5902438965e+03
3444,1.5325434208e+00,1.2230048180e+01,-1.4949208498e-01,2.8936389160e+03
3445,1.5328683853e+00,1.2425047874e+01,-1.4539074898e-01,2.8411699219e+03
3446,1.5334684849e+00,1.2360047340e+01,-1.3670884073e-01,2.1691718750e+03
3447,1.5334933996e+00,1.2285049438e+01,-1.3992707431e-01,1.7189781494e+03
3448,1.5332934856e+00,1.2440050125e+01,-1.4395976067e-01,1.8481145020e+03
3449,1.5332933664e+00,1.2560050964e+01,-1.4008623362e-01,1.8591463623e+03
3450,1.5331182480e+00,1.2530050278e+01,-1.2085005641e-01,1.8306270752e+03
3451,1.5336433649e+00,1.2615053177e+01,-1.3816085458e-01,7.8205468750e+02
3452,1.5327683687e+00,1.2525051117e+01,-1.4573542774e-01,1.0389111328e+03
3453,1.5325932503e+00,1.2620053291e+01,-1.3601888716e-01,1.6519139404e+03
3454,1.5331933498e+00,1.2540053368e+01,-1.3068236411e-01,1.8049066162e+03
3455,1.5337933302e+00,1.2610054970e+01,-1.3668812811e-01,2.3504201660e+03
3456,1.5333184004e+00,1.2535055161e+01,-1.3302181661e-01,3.1951123047e+03
3457,1.5330933332e+00,1.2695055008e+01,-1.0181722045e-01,2.8421723633e+03
3458,1.5335932970e+00,1.2850056648e+01,-1.2913690507e-01,2.3157768555e+03
3459,1.5334683657e+00,1.2880056381e+01,-1.2316130847e-01,2.3239445801e+03
3460,1.5341182947e+00,1.2860057831e+01,-1.2337475270e-01,2.1720268555e+03
3461,1.5337933302e+00,1.2995059967e+01,-1.2185394019e-01,1.9677802734e+03
3462,1.5333933830e+00,1.2955058098e+01,-1.2067712098e-01,1.7500301514e+03
3463,1.5336934328e+00,1.2950059891e+01,-1.2228089571e-01,1.7420482178e+03
3464,1.5339183807e+00,1.2865056992e+01,-1.2308999896e-01,1.8699245605e+03
3465,1.5337433815e+00,1.2915059090e+01,-1.2249545008e-01,1.9811903076e+03
3466,1.5339932442e+00,1.2810057640e+01,-1.2405096740e-01,1.8793430176e+03
3467,1.5344183445e+00,1.2970060349e+01,-1.1925894767e-01,2.0194125977e+03
3468,1.5343432426e+00,1.2990060806e+01,-1.1737420410e-01,2.0740791016e+03
3469,1.5345932245e+00,1.2820056915e+01,-1.1555760354e-01,2.1769350586e+03
3470,1.5340182781e+00,1.2955059052e+01,-1.1360937357e-01,2.1532102051e+03
3471,1.5340433121e+00,1.2925058365e+01,-1.1576715857e-01,2.1346359863e+03
3472,1.5342431068e+00,1.3030061722e+01,-1.1217772961e-01,2.0992783203e+03
3473,1.5339182615e+00,1.3030060768e+01,-1.1127188802e-01,2.1251384277e+03
3474,1.5338931084e+00,1.3015061378e+01,-1.1235605180e-01,2.0511828613e+03
3475,1.5342180729e+00,1.3115063667e+01,-1.0948191583e-01,2.0209351807e+03
3476,1.5342680216e+00,1.2955060005e+01,-1.1193084717e-01,1.8274852295e+03
3477,1.5345180035e+00,1.2985060692e+01,-1.0386755317e-01,1.5584057617e+03
3478,1.5347931385e+00,1.3160062790e+01,-1.1139766127e-01,2.0172479248e+03
3479,1.5345431566e+00,1.3150064468e+01,-1.1091772467e-01,2.1599658203e+03
3480,1.5350432396e+00,1.3045061111e+01,-1.0948400944e-01,2.4662668457e+03
3481,1.5348432064e+00,1.3190063477e+01,-1.1235985160e-01,2.6370627441e+03
3482,1.5346931219e+00,1.3140063286e+01,-1.0396835953e-01,2.3670354004e+03
3483,1.5349179506e+00,1.3075062752e+01,-1.0415934771e-01,2.3009406738e+03
3484,1.5341430902e+00,1.2955060005e+01,-1.0579564422e-01,2.2769824219e+03
3485,1.5340430737e+00,1.2775053024e+01,-1.0517905653e-01,2.2611306152e+03
3486,1.5346680880e+00,1.2660052299e+01,-1.0380651057e-01,2.1038547363e+03
3487,1.5344431400e+00,1.2675049782e+01,-1.0330379009e-01,1.9918671875e+03
3488,1.5344432592e+00,1.2565051079e+01,-1.0297754407e-01,1.9984010010e+03
3489,1.5348933935e+00,1.2455050468e+01,-1.0282926261e-01,2.0431582031e+03
3490,1.5350182056e+00,1.2410048485e+01,-1.0271549225e-01,2.0915903320e+03
3491,1.5348682404e+00,1.2475046158e+01,-9.7989514470e-02,1.8409396973e+03
3492,1.5353182554e+00,1.2245043755e+01,-1.0118316114e-01,1.7489121094e+03
3493,1.5354682207e+00,1.2340044022e+01,-1.0160178691e-01,2.0580000000e+03
3494,1.5351930857e+00,1.2345044136e+01,-1.0003325343e-01,2.1825537109e+03
3495,1.5347681046e+00,1.2465047836e+01,-9.9360212684e-02,2.2356413574e+03
3496,1.5349181890e+00,1.2270043373e+01,-9.7710892558e-02,2.1871362305e+03
3497,1.5345932245e+00,1.2200043678e+01,-9.9476329982e-02,2.1926708984e+03
3498,1.5352931023e+00,1.2255043983e+01,-9.5131732523e-02,2.0951647949e+03
3499,1.5350430012e+00,1.2265043259e+01,-9.4951242208e-02,2.0292543945e+03
3500,1.5356180668e+00,1.2305042267e+01,-9.4631358981e-02,1.9642512207e+03
3501,1.5355681181e+00,1.2300042152e+01,-9.4083502889e-02,1.9257000732e+03
3502,1.5353682041e+00,1.2305042267e+01,-9.3312419951e-02,1.9134703369e+03
3503,1.5349932909e+00,1.2210042000e+01,-9.2953868210e-02,1.9689709473e+03
3504,1.5352683067e+00,1.2230040550e+01,-9.2305883765e-02,1.9696524658e+03
3505,1.5350933075e+00,1.2250042915e+01,-9.2091150582e-02,1.9566027832e+03
3506,1.5351682901e+00,1.2100041389e+01,-9.3141250312e-02,2.0377105713e+03
3507,1.5352684259e+00,1.2110040665e+01,-9.0035334229e-02,2.0427498779e+03
3508,1.5353682041e+00,1.2130040169e+01,-8.9911803603e-02,2.0034487305e+03
3509,1.5356433392e+00,1.2205039978e+01,-8.9331753552e-02,2.0333297119e+03
3510,1.5354933739e+00,1.2225041389e+01,-7.4903480709e-02,1.8156101074e+03
3511,1.5356932878e+00,1.2275039673e+01,-8.1726327538e-02,1.5263179932e+03
3512,1.5352684259e+00,1.2185041428e+01,-8.9757017791e-02,2.0073784180e+03
3513,1.5354934931e+00,1.2130042076e+01,-9.1954648495e-02,2.1776442871e+03
3514,1.5356935263e+00,1.2180044174e+01,-8.8665105402e-02,2.1197316895e+03
3515,1.5349683762e+00,1.2125043869e+01,-8.5610792041e-02,2.3691625977e+03
3516,1.5357435942e+00,1.2220043182e+01,-8.4972225130e-02,2.3285566406e+03
3517,1.5352934599e+00,1.2115042686e+01,-8.4349080920e-02,2.3384248047e+03
3518,1.5352933407e+00,1.2125040054e+01,-8.0759555101e-02,2.1812333984e+03
3519,1.5352184772e+00,1.2045039177e+01,-8.0542303622e-02,2.1472597656e+03
3520,1.5350686312e+00,1.1990040779e+01,-8.0758973956e-02,1.9812358398e+03
3521,1.5356686115e+00,1.2090041161e+01,-8.1138022244e-02,2.0127083740e+03
3522,1.5358936787e+00,1.2090041161e+01,-8.1450343132e-02,1.9581975098e+03
3523,1.5355185270e+00,1.2000040054e+01,-8.1140257418e-02,1.9924675293e+03
3524,1.5356686115e+00,1.2075041771e+01,-8.0731555820e-02,2.1430920410e+03
3525,1.5355436802e+00,1.1960039139e+01,-8.1469357014e-02,2.2320307617e+03
3526,1.5353186131e+00,1.2045040131e+01,-8.1352278590e-02,2.3409951172e+03
3527,1.5353937149e+00,1.2080040932e+01,-8.0601744354e-02,2.2982797852e+03
3528,1.5356185436e+00,1.2080042839e+01,-7.7165231109e-02,2.3047299805e+03
3529,1.5354686975e+00,1.1990041733e+01,-7.8042224050e-02,2.4582397461e+03
3530,1.5354936123e+00,1.1850037575e+01,-8.0562710762e-02,2.3397075195e+03
3531,1.5349686146e+00,1.1950040817e+01,-7.4411474168e-02,2.3199492188e+03
3532,1.5351936817e+00,1.1855039597e+01,-7.5846098363e-02,2.3103598633e+03
3533,1.5355935097e+00,1.1700038910e+01,-7.6832912862e-02,2.3100317383e+03
3534,1.5360187292e+00,1.1750039101e+01,-7.5081259012e-02,2.2916025391e+03
3535,1.5352187157e+00,1.1720037460e+01,-7.4931636453e-02,2.2363193359e+03
3536,1.5353688002e+00,1.1870038033e+01,-7.4786953628e-02,2.1968076172e+03
3537,1.5353437662e+00,1.1775039673e+01,-7.5177460909e-02,2.1771406250e+03
3538,1.5352938175e+00,1.1675039291e+01,-7.4393823743e-02,2.1750261230e+03
3539,1.5348939896e+00,1.1720040321e+01,-7.4170470238e-02,2.1736198730e+03
3540,1.5353190899e+00,1.1580038071e+01,-7.4736915529e-02,2.2978996582e+03
3541,1.5355188847e+00,1.1610038757e+01,-7.5359903276e-02,2.3947729492e+03
3542,1.5360687971e+00,1.1515037537e+01,-7.2962135077e-02,2.3846801758e+03
3543,1.5358189344e+00,1.1490038872e+01,-7.2265192866e-02,2.3564628906e+03
3544,1.5356940031e+00,1.1610040665e+01,-7.1203202009e-02,2.3221723633e+03
3545,1.5357439518e+00,1.1670040131e+01,-7.0756144822e-02,2.2308273926e+03
3546,1.5354938507e+00,1.1630041122e+01,-7.0803999901e-02,2.2484118652e+03
3547,1.5348439217e+00,1.1465037346e+01,-7.2791673243e-02,2.2313759766e+03
3548,1.5353189707e+00,1.1620038033e+01,-7.0973776281e-02,2.3866206055e+03
3549,1.5354690552e+00,1.1595039368e+01,-7.1517281234e-02,2.2962438965e+03
3550,1.5360440016e+00,1.1365036964e+01,-6.9885581732e-02,2.3603850098e+03
3551,1.5351940393e+00,1.1445036888e+01,-7.0904061198e-02,2.3787924805e+03
3552,1.5351440907e+00,1.1435037613e+01,-7.0251837373e-02,2.3501291504e+03
3553,1.5356690884e+00,1.1465038300e+01,-6.7846916616e-02,2.2996506348e+03
3554,1.5351940393e+00,1.1620040894e+01,-6.9444812834e-02,2.3371931152e+03
3555,1.5350190401e+00,1.1590041161e+01,-6.8919949234e-02,2.2863188477e+03
3556,1.5348690748e+00,1.1595040321e+01,-6.8204537034e-02,2.2735046387e+03
3557,1.5352442265e+00,1.1525041580e+01,-6.9833897054e-02,2.3905368652e+03
3558,1.5351691246e+00,1.1455038071e+01,-7.0077292621e-02,2.4203508301e+03
3559,1.5349692106e+00,1.1305038452e+01,-6.8575389683e-02,2.5418623047e+03
3560,1.5351442099e+00,1.1070034981e+01,-6.6265329719e-02,2.5592456055e+03
3561,1.5352691412e+00,1.1025033951e+01,-6.8492367864e-02,2.4997980957e+03
3562,1.5347442627e+00,1.1025032997e+01,-6.7682527006e-02,2.4730537109e+03
3563,1.5346941948e+00,1.1040033340e+01,-6.8448476493e-02,2.5636301270e+03
3564,1.5347940922e+00,1.1160036087e+01,-6.7455545068e-02,2.5027878418e+03
3565,1.5344191790e+00,1.1120034218e+01,-6.6682517529e-02,2.4086257324e+03
3566,1.5347943306e+00,1.1030033112e+01,-6.6709429026e-02,2.3255717773e+03
3567,1.5344941616e+00,1.1075033188e+01,-6.5571419895e-02,2.2098745117e+03
3568,1.5352442265e+00,1.1045031548e+01,-6.6365644336e-02,2.1844765625e+03
3569,1.5345693827e+00,1.0955033302e+01,-6.6230572760e-02,2.1807265625e+03
3570,1.5347943306e+00,1.0915034294e+01,-6.6504120827e-02,2.1771601562e+03
3571,1.5346943140e+00,1.0865033150e+01,-6.5302573144e-02,2.1783803711e+03
3572,1.5342943668e+00,1.0845031738e+01,-6.5801210701e-02,2.2287048340e+03
3573,1.5348944664e+00,1.0820032120e+01,-6.6192507744e-02,2.2083972168e+03
3574,1.5342943668e+00,1.0970035553e+01,-6.6056892276e-02,2.2714313965e+03
3575,1.5344944000e+00,1.1030035973e+01,-6.4872540534e-02,2.1860275879e+03
3576,1.5348945856e+00,1.0895034790e+01,-6.4433552325e-02,2.1740827637e+03
3577,1.5353195667e+00,1.0990034103e+01,-6.3352972269e-02,2.1025983887e+03
3578,1.5350196362e+00,1.0785034180e+01,-6.2946073711e-02,1.9681219482e+03
3579,1.5344197750e+00,1.0710033417e+01,-6.3785374165e-02,2.0676123047e+03
3580,1.5348197222e+00,1.0750033379e+01,-6.3129670918e-02,1.9589974365e+03
3581,1.5349948406e+00,1.0620034218e+01,-6.2729783356e-02,2.0135064697e+03
3582,1.5352948904e+00,1.0740033150e+01,-6.4133659005e-02,2.0942851562e+03
3583,1.5349448919e+00,1.0725033760e+01,-6.3302084804e-02,2.1024433594e+03
3584,1.5353701115e+00,1.0760035515e+01,-6.3264891505e-02,2.1785761719e+03
3585,1.5352449417e+00,1.0645032883e+01,-6.2533333898e-02,2.1295463867e+03
3586,1.5349949598e+00,1.0665035248e+01,-6.0826450586e-02,2.1144975586e+03
3587,1.5350199938e+00,1.0560034752e+01,-6.0369949788e-02,2.0546665039e+03
3588,1.5352449417e+00,1.0640031815e+01,-5.9954449534e-02,2.0127324219e+03
3589,1.5350701809e+00,1.0635032654e+01,-5.9995900840e-02,1.9903798828e+03
3590,1.5350450277e+00,1.0590031624e+01,-5.9591595083e-02,1.9822586670e+03
3591,1.5353202820e+00,1.0495033264e+01,-5.8971293271e-02,1.8658541260e+03
3592,1.5350703001e+00,1.0490034103e+01,-5.5263068527e-02,1.6065167236e+03
3593,1.5348203182e+00,1.0380032539e+01,-5.3881816566e-02,1.4611514893e+03
3594,1.5352703333e+00,1.0405031204e+01,-5.9772204608e-02,2.1616164551e+03
3595,1.5353704691e+00,1.0535033226e+01,-5.9791993350e-02,2.3568383789e+03
3596,1.5355204344e+00,1.0575035095e+01,-5.8941029012e-02,2.4446730957e+03
3597,1.5348954201e+00,1.0490033150e+01,-5.7005885988e-02,2.4447897949e+03
3598,1.5349205732e+00,1.0360031128e+01,-5.5242780596e-02,2.3636716309e+03
3599,1.5348705053e+00,1.0510031700e+01,-5.5201873183e-02,2.2315922852e+03
3600,1.5350207090e+00,1.0440032959e+01,-5.4303880781e-02,2.0510161133e+03
3601,1.5349956751e+00,1.0455036163e+01,-5.2843883634e-02,1.9054262695e+03
3602,1.5351206064e+00,1.0380035400e+01,-5.3459670395e-02,1.7636199951e+03
3603,1.5349206924e+00,1.0230032921e+01,-5.4766457528e-02,1.7536195068e+03
3604,1.5345208645e+00,1.0160032272e+01,-5.4771255702e-02,1.7727125244e+03
3605,1.5345709324e+00,1.0250031471e+01,-5.4844580591e-02,1.8453770752e+03
3606,1.5348708630e+00,1.0180031776e+01,-5.4959401488e-02,1.9504260254e+03
3607,1.5349708796e+00,1.0245034218e+01,-5.4602090269e-02,2.0313503418e+03
3608,1.5350208282e+00,1.0135032654e+01,-5.4030761123e-02,2.0946967773e+03
3609,1.5349460840e+00,1.0170033455e+01,-5.3387504071e-02,2.1396469727e+03
3610,1.5346212387e+00,1.0335033417e+01,-5.2171051502e-02,2.1620214844e+03
3611,1.5349712372e+00,1.0260033607e+01,-4.9147102982e-02,1.9328314209e+03
3612,1.5348461866e+00,1.0220034599e+01,-5.0800848752e-02,1.9815229492e+03
3613,1.5353962183e+00,1.0060032845e+01,-5.2671596408e-02,2.1139594727e+03
3614,1.5349214077e+00,1.0065032005e+01,-5.1943536848e-02,2.1835266113e+03
3615,1.5349713564e+00,1.0010033607e+01,-5.1652885973e-02,2.2155307617e+03
3616,1.5350463390e+00,9.9900341034e+00,-5.0081890076e-02,2.2490146484e+03
3617,1.5350213051e+00,1.0165036201e+01,-4.9036659300e-02,2.2367734375e+03
3618,1.5351715088e+00,1.0110034943e+01,-4.9377843738e-02,2.1302956543e+03
3619,1.5347965956e+00,1.0010034561e+01,-5.0508562475e-02,2.1293271484e+03
3620,1.5350965261e+00,1.0030035973e+01,-4.8977237195e-02,2.2505170898e+03
3621,1.5346717834e+00,9.9650354385e+00,-4.3763697147e-02,2.0610925293e+03
3622,1.5347216129e+00,9.9250335693e+00,-4.5593440533e-02,2.0877858887e+03
3623,1.5345716476e+00,9.8300323486e+00,-4.7389186919e-02,2.1067026367e+03
3624,1.5345218182e+00,9.6600322723e+00,-4.8331204802e-02,2.1837121582e+03
3625,1.5349217653e+00,9.6150293350e+00,-4.7635659575e-02,2.3242116699e+03
3626,1.5346717834e+00,9.7450323105e+00,-4.7143984586e-02,2.1481813965e+03
3627,1.5347969532e+00,9.6400308609e+00,-4.7290850431e-02,2.4139946289e+03
3628,1.5345218182e+00,9.7900323868e+00,-4.7492772341e-02,2.4023459473e+03
3629,1.5343470573e+00,9.6100301743e+00,-4.5290097594e-02,2.3375461426e+03
3630,1.5339721441e+00,9.5350294113e+00,-4.4164985418e-02,2.2773088379e+03
3631,1.5340471268e+00,9.5500307083e+00,-4.4534832239e-02,2.1534816895e+03
3632,1.5342721939e+00,9.4300289154e+00,-4.4196411967e-02,2.1487687988e+03
3633,1.5348722935e+00,9.3750267029e+00,-4.5144308358e-02,2.1726218262e+03
3634,1.5346221924e+00,9.4750280380e+00,-4.4767346233e-02,2.2207731934e+03
3635,1.5341222286e+00,9.6700305939e+00,-4.4283334166e-02,2.2752988281e+03
3636,1.5346972942e+00,9.4400291443e+00,-4.3989565223e-02,2.2883403320e+03
3637,1.5349223614e+00,9.3650264740e+00,-4.3773874640e-02,2.3242128906e+03
3638,1.5346473455e+00,9.3850259781e+00,-4.2876690626e-02,2.3118356934e+03
3639,1.5341475010e+00,9.2350273132e+00,-4.1922546923e-02,2.2803750000e+03
3640,1.5349476337e+00,9.2300243378e+00,-4.2190838605e-02,2.2946584473e+03
3641,1.5346724987e+00,9.1400241852e+00,-4.2137697339e-02,2.2531894531e+03
3642,1.5342226028e+00,9.1850252151e+00,-4.2133625597e-02,2.3029802246e+03
3643,1.5342978239e+00,9.0500230789e+00,-4.2414609343e-02,2.3121066895e+03
3644,1.5349227190e+00,9.0750246048e+00,-4.2413264513e-02,2.5519411621e+03
3645,1.5345978737e+00,9.1050252914e+00,-4.0430743247e-02,2.5343125000e+03
3646,1.5344977379e+00,9.1850242615e+00,-4.1858594865e-02,2.6352114258e+03
3647,1.5344479084e+00,9.0500221252e+00,-4.3472751975e-02,2.8045268555e+03
3648,1.5347230434e+00,9.0250225067e+00,-4.1713941842e-02,2.7780158691e+03
3649,1.5342730284e+00,9.0400218964e+00,-3.9938379079e-02,2.5875529785e+03
3650,1.5344731808e+00,9.0700235367e+00,-3.7039626390e-02,2.3416743164e+03
3651,1.5341984034e+00,9.0450239182e+00,-3.5211645067e-02,2.1287790527e+03
3652,1.5343234539e+00,8.9450197220e+00,-3.5828761756e-02,1.9205175781e+03
3653,1.5344735384e+00,9.0950250626e+00,-3.6962628365e-02,1.8874415283e+03
3654,1.5343985558e+00,9.0750255585e+00,-3.8259845227e-02,1.8159199219e+03
3655,1.5350236893e+00,8.9200248718e+00,-4.1663188487e-02,2.0143773193e+03
3656,1.5349236727e+00,8.9750223160e+00,-3.8279421628e-02,2.0864714355e+03
3657,1.5345739126e+00,9.0850267410e+00,-3.9786674082e-02,2.3005217285e+03
3658,1.5339488983e+00,9.0700254440e+00,-3.8977339864e-02,2.4193144531e+03
3659,1.5344989300e+00,8.8050222397e+00,-3.7626456469e-02,2.5253359375e+03
3660,1.5345990658e+00,8.7150211334e+00,-3.7233829498e-02,2.5073862305e+03
3661,1.5338740349e+00,8.7600202560e+00,-3.5905264318e-02,2.4504492188e+03
3662,1.5345742702e+00,8.6900215149e+00,-3.5714190453e-02,2.3914428711e+03
3663,1.5345742702e+00,8.7050228119e+00,-3.5877197981e-02,2.3281413574e+03
3664,1.5341492891e+00,8.7450227737e+00,-3.7456531078e-02,2.3335380859e+03
3665,1.5346994400e+00,8.6150226593e+00,-4.0115959942e-02,1.8543702393e+03
3666,1.5343244076e+00,8.6250228882e+00,-3.6419145763e-02,2.1302299805e+03
3667,1.5339496136e+00,8.7400245667e+00,-3.7140704691e-02,2.1916538086e+03
3668,1.5346746445e+00,8.5500221252e+00,-3.9736129344e-02,2.0104562988e+03
3669,1.5348246098e+00,8.6400222778e+00,-3.5995744169e-02,2.3700622559e+03
3670,1.5344499350e+00,8.6600227356e+00,-3.5954337567e-02,2.4543544922e+03
3671,1.5341000557e+00,8.6350231171e+00,-3.9178002626e-02,2.1910407715e+03
3672,1.5343500376e+00,8.6150226593e+00,-3.5672966391e-02,2.4264426270e+03
3673,1.5337001085e+00,8.5400218964e+00,-3.3124275506e-02,2.5489291992e+03
3674,1.5343251228e+00,8.4150199890e+00,-3.3548600972e-02,2.4886740723e+03
3675,1.5346503258e+00,8.4650220871e+00,-3.5812024027e-02,2.0684768066e+03
3676,1.5340254307e+00,8.4450206757e+00,-3.3114012331e-02,2.3020922852e+03
3677,1.5341504812e+00,8.4550189972e+00,-3.3817961812e-02,2.3304912109e+03
3678,1.5345005989e+00,8.3700199127e+00,-3.3788714558e-02,2.0510732422e+03
3679,1.5341007710e+00,8.2400159836e+00,-3.1917821616e-02,2.4394392090e+03
3680,1.5342758894e+00,8.1750173569e+00,-3.0617741868e-02,2.5611645508e+03
3681,1.5346009731e+00,8.2450170517e+00,-3.1935378909e-02,2.3541298828e+03
3682,1.5344260931e+00,7.9650111198e+00,-3.2561060041e-02,2.0363892822e+03
3683,1.5338262320e+00,8.0950136185e+00,-3.0401913449e-02,2.3742597656e+03
3684,1.5343513489e+00,8.1300163269e+00,-3.0232703313e-02,2.3482426758e+03
3685,1.5344765186e+00,7.8150086403e+00,-3.2485198230e-02,2.0399095459e+03
3686,1.5338265896e+00,8.1000146866e+00,-2.9724849388e-02,2.3679587402e+03
3687,1.5342266560e+00,7.8250098228e+00,-2.8783360496e-02,2.4763603516e+03
3688,1.5338768959e+00,7.6700057983e+00,-2.9205471277e-02,2.4054714355e+03
3689,1.5340769291e+00,7.8400087357e+00,-3.1276490539e-02,2.0052968750e+03
3690,1.5339020491e+00,7.7050061226e+00,-2.8690144420e-02,2.3198713379e+03
3691,1.5336021185e+00,7.6500072479e+00,-2.7607046068e-02,2.4675996094e+03
3692,1.5341023207e+00,7.5100045204e+00,-2.8558699414e-02,2.3700795898e+03
3693,1.5342775583e+00,7.5450048447e+00,-3.0531637371e-02,2.0781376953e+03
3694,1.5340275764e+00,7.6700072289e+00,-2.7777945623e-02,2.3485795898e+03
3695,1.5342026949e+00,7.4350028038e+00,-2.7046624571e-02,2.3279545898e+03
3696,1.5336778164e+00,7.3900027275e+00,-2.9912620783e-02,2.0287770996e+03
3697,1.5337278843e+00,7.3500027657e+00,-2.7271896601e-02,2.3659345703e+03
3698,1.5337779522e+00,7.3900017738e+00,-2.6371220127e-02,2.4830979004e+03
3699,1.5338032246e+00,7.4800043106e+00,-2.5167215616e-02,2.5549211426e+03
3700,1.5337033272e+00,7.5350055695e+00,-2.4278156459e-02,2.4604191895e+03
3701,1.5332283974e+00,7.3600006104e+00,-2.4875374511e-02,2.2940166016e+03
3702,1.5336036682e+00,7.3500003815e+00,-2.7365811169e-02,1.8494864502e+03
3703,1.5333037376e+00,7.2399997711e+00,-2.5180129334e-02,2.1892917480e+03
3704,1.5328788757e+00,7.2599987984e+00,-2.6231231168e-02,2.3180395508e+03
3705,1.5332039595e+00,7.2399988174e+00,-2.7049705386e-02,2.0085367432e+03
3706,1.5334540606e+00,6.9199957848e+00,-2.5334699079e-02,2.4463293457e+03
3707,1.5334042311e+00,6.8699946404e+00,-2.3496802896e-02,2.6699013672e+03
3708,1.5331792831e+00,7.0199975967e+00,-2.3647932336e-02,2.5911328125e+03
3709,1.5331543684e+00,6.9049959183e+00,-2.6347961277e-02,2.1533798828e+03
3710,1.5326542854e+00,7.0399990082e+00,-2.3545272648e-02,2.4534355469e+03
3711,1.5330045223e+00,6.8999967575e+00,-2.2024661303e-02,2.4916145020e+03
3712,1.5328795910e+00,6.9299974442e+00,-2.1001677960e-02,2.4806342773e+03
3713,1.5326545238e+00,6.9899988174e+00,-2.0601764321e-02,2.3771799316e+03
3714,1.5330548286e+00,6.8199949265e+00,-2.0219821483e-02,2.3039548340e+03
3715,1.5333797932e+00,6.7899951935e+00,-2.0455885679e-02,2.2363723145e+03
3716,1.5330798626e+00,6.7599945068e+00,-2.0329397172e-02,2.1804577637e+03
3717,1.5334800482e+00,6.6799950600e+00,-2.0523246378e-02,2.2040039062e+03
3718,1.5333801508e+00,6.7049946785e+00,-2.2351425141e-02,2.0664248047e+03
3719,1.5333051682e+00,6.5199947357e+00,-2.3719832301e-02,1.8712192383e+03
3720,1.5329301357e+00,6.7599945068e+00,-2.1730598062e-02,2.2874790039e+03
3721,1.5330802202e+00,6.5299954414e+00,-2.2592576221e-02,2.3603132324e+03
3722,1.5330053568e+00,6.5999946594e+00,-2.3609992117e-02,2.1432524414e+03
3723,1.5331555605e+00,6.5399947166e+00,-2.0846989006e-02,2.5274177246e+03
3724,1.5332055092e+00,6.4999952316e+00,-2.1121118218e-02,2.4614533691e+03
3725,1.5328805447e+00,6.4549951553e+00,-2.1836489439e-02,2.1758046875e+03
3726,1.5325806141e+00,6.3699951172e+00,-1.9607985392e-02,2.5592060547e+03
3727,1.5326557159e+00,6.3599948883e+00,-1.8597753718e-02,2.6757343750e+03
3728,1.5327057838e+00,6.2699952126e+00,-1.7724420875e-02,2.6109084473e+03
3729,1.5330557823e+00,6.1899948120e+00,-1.7540076748e-02,2.4703154297e+03
3730,1.5329558849e+00,6.1099953651e+00,-1.6965715215e-02,2.2927099609e+03
3731,1.5325059891e+00,5.9999952316e+00,-1.7019843683e-02,2.1939392090e+03
3732,1.5326559544e+00,6.0199952126e+00,-1.7306622118e-02,2.1852998047e+03
3733,1.5328311920e+00,6.0299949646e+00,-1.7433684319e-02,2.2265395508e+03
3734,1.5330811739e+00,6.0599951744e+00,-1.7441503704e-02,2.2855239258e+03
3735,1.5330562592e+00,6.0449953079e+00,-1.7188284546e-02,2.3611796875e+03
3736,1.5328814983e+00,6.0399951935e+00,-1.6866844147e-02,2.4092265625e+03
3737,1.5327564478e+00,5.9999952316e+00,-1.6671072692e-02,2.4381362305e+03
3738,1.5327565670e+00,5.9599952698e+00,-1.6281152144e-02,2.4432028809e+03
3739,1.5333566666e+00,6.0599956512e+00,-1.7337130383e-02,2.3502709961e+03
3740,1.5328816175e+00,5.9999952316e+00,-2.0490609109e-02,1.9698905029e+03
3741,1.5323317051e+00,5.9599952698e+00,-1.7633479089e-02,2.3362331543e+03
3742,1.5329068899e+00,5.9099950790e+00,-1.8615789711e-02,2.3243547363e+03
3743,1.5329819918e+00,5.9799952507e+00,-2.0089231431e-02,2.0682602539e+03
3744,1.5329821110e+00,5.7999958992e+00,-1.7156232148e-02,2.3529155273e+03
3745,1.5328820944e+00,5.9049954414e+00,-1.4823749661e-02,2.4965566406e+03
3746,1.5329573154e+00,5.8699955940e+00,-1.6976708546e-02,2.6250478516e+03
3747,1.5330574512e+00,6.0099954605e+00,-1.9202964380e-02,2.1529257812e+03
3748,1.5328824520e+00,5.9499950409e+00,-1.6485506669e-02,2.5564943848e+03
3749,1.5327074528e+00,5.9399952888e+00,-1.5467237681e-02,2.5811796875e+03
3750,1.5323575735e+00,5.9399957657e+00,-1.4947837219e-02,2.7010190430e+03
3751,1.5329077244e+00,5.9399957657e+00,-1.3566775247e-02,2.5813107910e+03
3752,1.5330579281e+00,5.8799953461e+00,-1.8254185095e-02,2.0624707031e+03
3753,1.5327829123e+00,6.0299978256e+00,-1.6277192160e-02,2.2878662109e+03
3754,1.5322328806e+00,6.0999979973e+00,-1.5269880183e-02,2.4006044922e+03
3755,1.5323328972e+00,6.0599966049e+00,-1.5634253621e-02,2.4965598145e+03
3756,1.5325831175e+00,6.0299963951e+00,-1.7523823306e-02,1.9777749023e+03
3757,1.5320831537e+00,6.0399971008e+00,-1.5855163336e-02,2.3480803223e+03
3758,1.5322831869e+00,6.1999979019e+00,-1.4934433624e-02,2.4329040527e+03
3759,1.5325332880e+00,5.9199962616e+00,-1.4370240271e-02,2.6352734375e+03
3760,1.5323332548e+00,6.1499972343e+00,-1.3798628002e-02,2.6107463379e+03
3761,1.5323083401e+00,5.9899969101e+00,-1.7491070554e-02,2.1323417969e+03
3762,1.5320085287e+00,6.0899968147e+00,-1.5480576083e-02,2.5046250000e+03
3763,1.5324835777e+00,5.9049959183e+00,-1.3792086393e-02,2.6082797852e+03
3764,1.5321086645e+00,5.9549961090e+00,-1.4166573994e-02,2.7010449219e+03
3765,1.5321837664e+00,6.0999970436e+00,-1.4528363943e-02,2.5662138672e+03
3766,1.5326589346e+00,6.0949969292e+00,-1.7679128796e-02,2.1655617676e+03
3767,1.5330090523e+00,6.0949974060e+00,-1.6473181546e-02,2.4142333984e+03
3768,1.5326590538e+00,6.0049958229e+00,-1.3698979281e-02,2.5149052734e+03
3769,1.5323841572e+00,5.9349956512e+00,-1.3098055497e-02,2.6536369629e+03
3770,1.5325593948e+00,6.0049948692e+00,-1.2174220756e-02,2.6052753906e+03
3771,1.5323092937e+00,6.0249958038e+00,-1.3910923153e-02,2.5794028320e+03
3772,1.5325593948e+00,5.9249954224e+00,-1.4904245734e-02,2.1238059082e+03
3773,1.5326592922e+00,6.0249953270e+00,-1.5423360281e-02,2.3289162598e+03
3774,1.5323094130e+00,6.0599956512e+00,-1.3176301494e-02,2.5214768066e+03
3775,1.5321844816e+00,6.0849952698e+00,-1.2666231953e-02,2.6500417480e+03
3776,1.5324094296e+00,6.0649948120e+00,-1.2053960003e-02,2.7153540039e+03
3777,1.5327847004e+00,5.9649953842e+00,-1.3316436671e-02,2.6799196777e+03
3778,1.5326596498e+00,5.9949951172e+00,-1.6214704141e-02,2.1506303711e+03
3779,1.5326597691e+00,5.8549952507e+00,-1.4286929742e-02,2.5101018066e+03
3780,1.5325598717e+00,6.0449948311e+00,-1.2298432179e-02,2.6072995605e+03
3781,1.5324848890e+00,5.9949951172e+00,-1.0611244477e-02,2.7316909180e+03
3782,1.5326600075e+00,5.9349951744e+00,-1.2475222349e-02,2.7533437500e+03
3783,1.5325601101e+00,5.8049955368e+00,-1.2945825234e-02,2.5985869141e+03
3784,1.5321350098e+00,5.9149951935e+00,-1.4212027192e-02,2.2555144043e+03
3785,1.5324852467e+00,5.8549952507e+00,-1.2831789441e-02,2.5987033691e+03
3786,1.5326352119e+00,5.8749952316e+00,-1.2151638977e-02,2.8010075684e+03
3787,1.5323352814e+00,5.8499951363e+00,-1.1322001927e-02,2.8263139648e+03
3788,1.5321853161e+00,5.8449954987e+00,-1.0403840803e-02,2.7789033203e+03
3789,1.5324604511e+00,5.7249956131e+00,-1.0786580853e-02,2.6076760254e+03
3790,1.5328603983e+00,5.6899957657e+00,-1.5679558739e-02,2.4466162109e+03
3791,1.5324853659e+00,5.7199954987e+00,-1.3149455190e-02,2.6072036133e+03
3792,1.5325355530e+00,5.6899981499e+00,-1.2441070750e-02,2.8680649414e+03
3793,1.5320603848e+00,5.7899994850e+00,-1.0399320163e-02,2.9172707520e+03
3794,1.5320605040e+00,5.7199969292e+00,-1.1511957273e-02,3.0040363770e+03
3795,1.5320606232e+00,5.7099971771e+00,-1.3058964163e-02,2.7200339355e+03
3796,1.5322105885e+00,5.5699954033e+00,-1.3607447967e-02,2.3232927246e+03
3797,1.5322356224e+00,5.4799957275e+00,-1.1873461306e-02,2.7248657227e+03
3798,1.5320357084e+00,5.5499954224e+00,-1.1206693947e-02,2.8521896973e+03
3799,1.5321606398e+00,5.5599961281e+00,-1.0876117274e-02,2.8470275879e+03
3800,1.5322105885e+00,5.5449967384e+00,-1.0002393275e-02,2.8242199707e+03
3801,1.5318856239e+00,5.6149959564e+00,-1.1635255069e-02,2.7730778809e+03
3802,1.5323607922e+00,5.6249961853e+00,-1.4307274483e-02,2.2208610840e+03
3803,1.5323858261e+00,5.5449953079e+00,-1.2813184410e-02,2.5441979980e+03
3804,1.5327608585e+00,5.4549956322e+00,-1.1838430539e-02,2.7372358398e+03
3805,1.5318107605e+00,5.5549964905e+00,-1.1021486484e-02,2.8721999512e+03
3806,1.5317605734e+00,5.5299978256e+00,-1.1522227898e-02,2.9039848633e+03
3807,1.5319857597e+00,5.5449957848e+00,-1.1544692330e-02,2.8973503418e+03
3808,1.5319857597e+00,5.4049959183e+00,-1.5747653320e-02,2.3273056641e+03
3809,1.5323607922e+00,5.3349957466e+00,-1.3597038575e-02,2.7373835449e+03
3810,1.5323359966e+00,5.4649968147e+00,-1.1703576893e-02,2.8328002930e+03
3811,1.5323359966e+00,5.5049972534e+00,-1.2198596261e-02,3.0857312012e+03
3812,1.5319359303e+00,5.4899978638e+00,-8.9228125289e-03,2.9521176758e+03
3813,1.5318357944e+00,5.4499964714e+00,-9.8621901125e-03,2.9768957520e+03
3814,1.5321860313e+00,5.4299974442e+00,-1.5494773164e-02,2.4682348633e+03
3815,1.5326110125e+00,5.3499984741e+00,-1.6867328435e-02,2.5848398438e+03
3816,1.5324609280e+00,5.4149990082e+00,-1.3634858653e-02,2.8409721680e+03
3817,1.5322861671e+00,5.4500012398e+00,-1.0419055820e-02,2.9382312012e+03
3818,1.5320110321e+00,5.4900016785e+00,-1.3611121103e-02,3.0874245605e+03
3819,1.5320110321e+00,5.4900026321e+00,-1.1266295798e-02,3.0081542969e+03
3820,1.5321360826e+00,5.4700002670e+00,-1.2871048413e-02,3.0255573730e+03
3821,1.5324110985e+00,5.3799996376e+00,-1.6800399870e-02,2.4768994141e+03
3822,1.5321611166e+00,5.4700031281e+00,-1.4753310010e-02,2.8032602539e+03
3823,1.5318112373e+00,5.4750032425e+00,-1.2561339885e-02,2.9126154785e+03
3824,1.5318861008e+00,5.4650039673e+00,-1.3923377730e-02,3.0119335938e+03
3825,1.5321862698e+00,5.4450011253e+00,-1.2045850046e-02,3.0526496582e+03
3826,1.5322862864e+00,5.3950033188e+00,-1.4524697326e-02,3.0092934570e+03
3827,1.5320361853e+00,5.4350042343e+00,-1.8222201616e-02,2.5467346191e+03
3828,1.5321862698e+00,5.4950046539e+00,-1.6560597345e-02,2.8275283203e+03
3829,1.5317611694e+00,5.4500017166e+00,-1.3742334209e-02,2.9831625977e+03
3830,1.5319361687e+00,5.4050035477e+00,-1.4782128856e-02,3.1124284668e+03
3831,1.5321112871e+00,5.3600020409e+00,-1.3924073428e-02,3.2052573242e+03
3832,1.5323863029e+00,5.3250012398e+00,-1.4061424881e-02,3.0789506836e+03
3833,1.5321363211e+00,5.4500026703e+00,-1.3760981150e-02,3.0646806641e+03
3834,1.5321862698e+00,5.3600034714e+00,-1.4442770742e-02,3.0098222656e+03
3835,1.5315362215e+00,5.4450039864e+00,-1.4340321533e-02,2.9560100098e+03
3836,1.5318613052e+00,5.3200044632e+00,-1.3783758506e-02,2.9177102051e+03
3837,1.5318112373e+00,5.3300032616e+00,-1.5916526318e-02,3.0994501953e+03
3838,1.5319613218e+00,5.4000029564e+00,-1.4243078418e-02,2.9636369629e+03
3839,1.5318863392e+00,5.4200038910e+00,-1.5563910827e-02,3.0501430664e+03
3840,1.5323114395e+00,5.2050027847e+00,-1.5340259299e-02,3.0268691406e+03
3841,1.5318613052e+00,5.2850027084e+00,-2.2066336125e-02,2.6207900391e+03
3842,1.5316363573e+00,5.3300042152e+00,-1.9302219152e-02,2.9504187012e+03
3843,1.5314862728e+00,5.1950035095e+00,-1.7636101693e-02,3.1146552734e+03
3844,1.5318114758e+00,5.0550022125e+00,-1.7200572416e-02,3.2931860352e+03
3845,1.5315613747e+00,5.0650033951e+00,-1.8629867584e-02,3.4163229980e+03
3846,1.5315613747e+00,5.2550024986e+00,-1.7171068117e-02,3.3439091797e+03
3847,1.5319365263e+00,5.1500010490e+00,-2.6289422065e-02,2.8145046387e+03
3848,1.5318117142e+00,5.2100019455e+00,-2.0423237234e-02,3.1027534180e+03
3849,1.5318369865e+00,5.1900019646e+00,-1.6643581912e-02,3.2258767090e+03
3850,1.5315620899e+00,5.0750017166e+00,-1.8211623654e-02,3.3805393066e+03
3851,1.5312871933e+00,5.2000026703e+00,-1.8759997562e-02,3.4610041504e+03
3852,1.5314874649e+00,5.1800007820e+00,-1.9840838388e-02,3.2075839844e+03
3853,1.5315375328e+00,5.0200004578e+00,-2.0424004644e-02,3.3847578125e+03
3854,1.5314378738e+00,5.0050005913e+00,-2.3575834930e-02,2.6047697754e+03
3855,1.5318379402e+00,4.9149980545e+00,-2.2106410936e-02,3.0729018555e+03
3856,1.5316632986e+00,5.0800008774e+00,-1.9146611914e-02,3.0712094727e+03
3857,1.5316383839e+00,5.1750016212e+00,-2.0275063813e-02,3.2340769043e+03
3858,1.5313136578e+00,5.1450018883e+00,-2.1040126681e-02,3.2453408203e+03
3859,1.5316138268e+00,5.0299992561e+00,-2.1560221910e-02,3.3278276367e+03
3860,1.5316388607e+00,5.0899991989e+00,-2.3402683437e-02,3.1032863770e+03
3861,1.5316641331e+00,5.0149993896e+00,-2.6142789051e-02,2.7977431641e+03
3862,1.5317894220e+00,5.0449991226e+00,-2.3511650041e-02,3.2081657715e+03
3863,1.5318145752e+00,5.0799994469e+00,-2.2216213867e-02,3.3216855469e+03
3864,1.5313147306e+00,5.0749998093e+00,-2.2448407486e-02,3.4095590820e+03
3865,1.5314148664e+00,5.0850014687e+00,-2.1729422733e-02,3.3492751465e+03
3866,1.5314149857e+00,5.0349998474e+00,-2.5584165007e-02,3.2426821289e+03
3867,1.5318152905e+00,4.8899993896e+00,-2.8060661629e-02,2.8493095703e+03
3868,1.5318652391e+00,4.8199977875e+00,-2.7783920988e-02,3.2329704590e+03
3869,1.5315904617e+00,4.9899988174e+00,-2.6416962966e-02,3.5804411621e+03
3870,1.5317156315e+00,5.0549993515e+00,-2.5337675586e-02,3.6025095215e+03
3871,1.5316157341e+00,4.9799995422e+00,-2.4668468162e-02,3.6957607422e+03
3872,1.5316410065e+00,4.8799991608e+00,-2.5242928416e-02,3.6109143066e+03
3873,1.5317162275e+00,4.7899985313e+00,-2.6878573000e-02,3.6643034668e+03
3874,1.5316913128e+00,4.8949985504e+00,-2.3327019066e-02,3.5546193848e+03
3875,1.5316164494e+00,4.9400000572e+00,-3.1571924686e-02,2.9477673340e+03
3876,1.5318166018e+00,4.9400010109e+00,-2.9592830688e-02,3.3869636230e+03
3877,1.5318417549e+00,4.9450006485e+00,-2.8554422781e-02,3.4173002930e+03
3878,1.5318670273e+00,4.9050002098e+00,-2.7479188517e-02,3.5381279297e+03
3879,1.5315670967e+00,4.8399982452e+00,-2.9349587858e-02,3.6630717773e+03
3880,1.5311671495e+00,4.9299998283e+00,-3.3575061709e-02,3.6227558594e+03
3881,1.5313674212e+00,4.8799982071e+00,-2.8878578916e-02,3.5548601074e+03
3882,1.5312174559e+00,5.0549998283e+00,-2.9381601140e-02,3.5417119141e+03
3883,1.5315678120e+00,5.0000004768e+00,-3.1477086246e-02,3.3002072754e+03
3884,1.5317678452e+00,4.8249998093e+00,-3.5184863955e-02,2.9217299805e+03
3885,1.5317180157e+00,4.8350009918e+00,-3.3369243145e-02,3.2805771484e+03
3886,1.5320432186e+00,4.8550014496e+00,-3.1785670668e-02,3.3731135254e+03
3887,1.5318183899e+00,4.8900012970e+00,-3.1473495066e-02,3.6013515625e+03
3888,1.5312684774e+00,5.0100016594e+00,-3.2689698040e-02,3.6697209473e+03
3889,1.5314438343e+00,5.0000004768e+00,-3.2911587507e-02,3.6631672363e+03
3890,1.5314939022e+00,4.9300012589e+00,-3.3136229962e-02,3.8498967285e+03
3891,1.5315190554e+00,5.0150017738e+00,-3.1847182661e-02,3.7158352051e+03
3892,1.5319440365e+00,4.8150005341e+00,-3.2330613583e-02,3.7544973145e+03
3893,1.5318193436e+00,4.8800015450e+00,-3.2590854913e-02,3.6441437988e+03
3894,1.5319195986e+00,4.9250016212e+00,-3.2528162003e-02,3.5922675781e+03
3895,1.5318696499e+00,4.8450021744e+00,-3.2591544092e-02,3.4512878418e+03
3896,1.5315198898e+00,4.9050025940e+00,-3.4641794860e-02,3.5529387207e+03
3897,1.5314700603e+00,4.9350028038e+00,-3.4511324018e-02,3.3922143555e+03
3898,1.5314202309e+00,4.8800010681e+00,-3.7513580173e-02,3.6162624512e+03
3899,1.5313203335e+00,4.9200000763e+00,-3.3887512982e-02,3.4882304688e+03
3900,1.5314954519e+00,4.9750027657e+00,-3.9659682661e-02,3.6048681641e+03
3901,1.5315957069e+00,4.8950009346e+00,-3.6453559995e-02,3.5262180176e+03
3902,1.5315958261e+00,4.8250012398e+00,-3.7347368896e-02,3.6528137207e+03
3903,1.5318460464e+00,4.8400011063e+00,-3.7928730249e-02,3.6153554688e+03
3904,1.5315461159e+00,4.8550014496e+00,-3.6800343543e-02,3.6209125977e+03
3905,1.5317962170e+00,4.7650008202e+00,-3.8715559989e-02,3.6517819824e+03
3906,1.5315715075e+00,4.9200015068e+00,-3.9077840745e-02,3.6508344727e+03
3907,1.5315465927e+00,4.8850030899e+00,-3.8812361658e-02,3.6086589355e+03
3908,1.5315718651e+00,4.8200020790e+00,-3.9006859064e-02,3.6019992676e+03
3909,1.5315968990e+00,4.7400012016e+00,-4.0084790438e-02,3.6959926758e+03
3910,1.5316221714e+00,4.7350015640e+00,-4.0304113179e-02,3.6971611328e+03
3911,1.5317723751e+00,4.7900013924e+00,-4.1610877961e-02,3.8602893066e+03
3912,1.5314475298e+00,4.7800006866e+00,-4.1272185743e-02,3.8132038574e+03
3913,1.5317226648e+00,4.7950024605e+00,-4.1570391506e-02,3.8774404297e+03
3914,1.5313978195e+00,4.6350002289e+00,-4.2064417154e-02,3.8532019043e+03
3915,1.5310729742e+00,4.8500018120e+00,-4.2153712362e-02,3.8375649414e+03
3916,1.5312982798e+00,4.7249999046e+00,-4.2451404035e-02,3.7326916504e+03
3917,1.5315234661e+00,4.6349992752e+00,-4.2934499681e-02,3.7099357910e+03
3918,1.5313986540e+00,4.5799984932e+00,-4.3872017413e-02,3.6692397461e+03
3919,1.5314737558e+00,4.6449990273e+00,-4.4085726142e-02,3.6622539062e+03
3920,1.5317491293e+00,4.6500010490e+00,-4.4912621379e-02,3.6207849121e+03
3921,1.5317492485e+00,4.7150020599e+00,-4.7062091529e-02,3.8573493652e+03
3922,1.5314245224e+00,4.6450004578e+00,-4.6165831387e-02,3.7896872559e+03
3923,1.5317496061e+00,4.5850005150e+00,-4.6229228377e-02,3.8798776855e+03
3924,1.5314497948e+00,4.5800013542e+00,-4.7553405166e-02,3.8719541016e+03
3925,1.5310499668e+00,4.6750030518e+00,-4.6752538532e-02,4.1223496094e+03
3926,1.5316250324e+00,4.6000022888e+00,-4.8123795539e-02,4.0707341309e+03
3927,1.5314502716e+00,4.6900043488e+00,-4.8754848540e-02,4.1954091797e+03
3928,1.5314004421e+00,4.7550039291e+00,-4.9516405910e-02,4.1722241211e+03
3929,1.5316007137e+00,4.5600013733e+00,-4.8853550106e-02,4.1628452148e+03
3930,1.5311758518e+00,4.6000032425e+00,-4.8558574170e-02,4.2316796875e+03
3931,1.5317262411e+00,4.6500039101e+00,-4.9864307046e-02,4.2719267578e+03
3932,1.5318014622e+00,4.5900020599e+00,-5.1210071892e-02,4.3066494141e+03
3933,1.5316516161e+00,4.6400032043e+00,-5.1479160786e-02,4.3184536133e+03
3934,1.5314767361e+00,4.6150026321e+00,-5.0964064896e-02,4.3176083984e+03
3935,1.5314520597e+00,4.5250010490e+00,-5.0818607211e-02,4.2069584961e+03
3936,1.5315022469e+00,4.5850005150e+00,-5.1631484181e-02,4.1960400391e+03
3937,1.5317523479e+00,4.5200014114e+00,-5.1627431065e-02,4.1115458984e+03
3938,1.5315276384e+00,4.5800032616e+00,-5.2445966750e-02,4.0353691406e+03
3939,1.5314028263e+00,4.6600050926e+00,-5.3172223270e-02,4.0669406738e+03
3940,1.5316030979e+00,4.6050028801e+00,-5.3893920034e-02,3.9542106934e+03
3941,1.5311782360e+00,4.6350040436e+00,-5.4255556315e-02,4.0328376465e+03
3942,1.5313534737e+00,4.4850010872e+00,-5.5376596749e-02,4.0458476562e+03
3943,1.5313786268e+00,4.3899993896e+00,-5.5694784969e-02,4.1407407227e+03
3944,1.5311789513e+00,4.4950022697e+00,-5.6040111929e-02,4.2334931641e+03
3945,1.5315541029e+00,4.4400010109e+00,-5.6474838406e-02,4.3018955078e+03
3946,1.5315042734e+00,4.5350027084e+00,-5.6670591235e-02,4.3421835938e+03
3947,1.5314044952e+00,4.5000009537e+00,-5.6925907731e-02,4.3740327148e+03
3948,1.5312547684e+00,4.4700021744e+00,-5.6883454323e-02,4.3260214844e+03
3949,1.5315549374e+00,4.4050002098e+00,-5.6995119900e-02,4.4034409180e+03
3950,1.5317801237e+00,4.3099989891e+00,-5.8174096048e-02,4.3993916016e+03
3951,1.5313053131e+00,4.3399987221e+00,-5.8678071946e-02,4.4232436523e+03
3952,1.5312554836e+00,4.3399982452e+00,-5.8845564723e-02,4.4365136719e+03
3953,1.5311058760e+00,4.4900021553e+00,-5.9296153486e-02,4.4442622070e+03
3954,1.5316810608e+00,4.2449984550e+00,-5.9676688164e-02,4.4486445312e+03
3955,1.5316812992e+00,4.3049983978e+00,-5.9570085257e-02,4.3333291016e+03
3956,1.5314064026e+00,4.3449993134e+00,-5.9171531349e-02,4.1672963867e+03
3957,1.5316815376e+00,4.2549972534e+00,-6.0691297054e-02,4.3011127930e+03
3958,1.5313568115e+00,4.1749968529e+00,-6.2314443290e-02,4.4611918945e+03
3959,1.5311069489e+00,4.1449966431e+00,-6.2831632793e-02,4.6249218750e+03
3960,1.5307321548e+00,4.2599983215e+00,-6.3246391714e-02,4.8517690430e+03
3961,1.5314573050e+00,4.0899968147e+00,-6.2899470329e-02,4.9056997070e+03
3962,1.5313074589e+00,4.0849967003e+00,-6.2466431409e-02,4.9196577148e+03
3963,1.5313574076e+00,4.0749964714e+00,-6.2503643334e-02,4.8336235352e+03
3964,1.5313825607e+00,3.9449968338e+00,-6.2467444688e-02,4.7696767578e+03
3965,1.5313577652e+00,4.0149970055e+00,-6.3485711813e-02,4.7075747070e+03
3966,1.5312328339e+00,3.9949967861e+00,-6.4396284521e-02,4.7842836914e+03
3967,1.5312077999e+00,4.0199966431e+00,-6.4129441977e-02,4.7114233398e+03
3968,1.5312578678e+00,3.9499969482e+00,-6.5243951976e-02,4.7694736328e+03
3969,1.5310580730e+00,4.1549973488e+00,-6.5677255392e-02,4.7363212891e+03
3970,1.5312330723e+00,4.1649975777e+00,-6.5276928246e-02,4.7101586914e+03
3971,1.5313081741e+00,4.1199970245e+00,-6.5340392292e-02,4.6826040039e+03
3972,1.5311832428e+00,4.1099967957e+00,-6.5285705030e-02,4.6916816406e+03
3973,1.5312334299e+00,3.9699969292e+00,-6.5670967102e-02,4.6169067383e+03
3974,1.5310335159e+00,4.0199966431e+00,-6.6071704030e-02,4.6546406250e+03
3975,1.5308835506e+00,4.0149979591e+00,-6.6269338131e-02,4.6698105469e+03
3976,1.5308586359e+00,4.0099968910e+00,-6.7505866289e-02,4.6827045898e+03
3977,1.5312587023e+00,3.9949967861e+00,-6.7154899240e-02,4.7124165039e+03
3978,1.5314337015e+00,4.0099964142e+00,-6.8814359605e-02,4.7948867188e+03
3979,1.5315089226e+00,3.9849967957e+00,-6.9446794689e-02,4.8142656250e+03
3980,1.5308339596e+00,3.9899969101e+00,-6.9298923016e-02,4.9061440430e+03
3981,1.5310090780e+00,3.9649968147e+00,-6.9926843047e-02,4.9388842773e+03
3982,1.5315842628e+00,3.8849968910e+00,-6.8882785738e-02,4.9825312500e+03
3983,1.5310592651e+00,3.9499974251e+00,-7.0506438613e-02,5.1619213867e+03
3984,1.5311843157e+00,3.9449982643e+00,-6.9968394935e-02,5.1553833008e+03
3985,1.5312843323e+00,3.9099967480e+00,-6.9028936327e-02,5.1717377930e+03
3986,1.5308845043e+00,3.9999973774e+00,-6.9023244083e-02,5.1262036133e+03
3987,1.5307594538e+00,4.0599980354e+00,-7.0310190320e-02,5.0952285156e+03
3988,1.5310846567e+00,4.0149974823e+00,-6.8572744727e-02,5.0482749023e+03
3989,1.5311347246e+00,3.9649977684e+00,-7.0600166917e-02,5.0287929688e+03
3990,1.5312597752e+00,4.0249986649e+00,-7.0038817823e-02,4.9217895508e+03
3991,1.5309847593e+00,3.9949986935e+00,-7.1005038917e-02,5.0702705078e+03
3992,1.5309598446e+00,3.9849970341e+00,-7.1805849671e-02,4.9972202148e+03
3993,1.5306599140e+00,4.0499978065e+00,-7.1503564715e-02,5.0326464844e+03
3994,1.5310099125e+00,3.9849982262e+00,-7.1729302406e-02,5.0050605469e+03
3995,1.5309350491e+00,3.9399967194e+00,-7.1509189904e-02,4.9974726562e+03
3996,1.5308101177e+00,3.9749970436e+00,-7.2338096797e-02,5.1078906250e+03
3997,1.5313602686e+00,3.8499968052e+00,-7.2268418968e-02,5.0808417969e+03
3998,1.5314352512e+00,3.9199967384e+00,-7.2412647307e-02,5.1329340820e+03
3999,1.5311102867e+00,4.0599970818e+00,-7.2362266481e-02,5.1671796875e+03
4000,1.5312103033e+00,3.9249973297e+00,-7.2379559278e-02,5.2024506836e+03
4001,1.5309603214e+00,3.9399983883e+00,-7.2171635926e-02,5.2058251953e+03
4002,1.5308605433e+00,3.9799981117e+00,-7.2383224964e-02,5.1904257812e+03
4003,1.5306606293e+00,4.0299978256e+00,-7.2852730751e-02,5.2728750000e+03
4004,1.5305607319e+00,4.0349974632e+00,-7.3206923902e-02,5.3325815430e+03
4005,1.5309357643e+00,3.9399971962e+00,-7.2937265038e-02,5.3394350586e+03
4006,1.5307357311e+00,4.1199994087e+00,-7.3181129992e-02,5.4145478516e+03
4007,1.5307857990e+00,3.9999966621e+00,-7.2090499103e-02,5.3437543945e+03
4008,1.5306608677e+00,4.0549979210e+00,-7.1678325534e-02,5.4096640625e+03
4009,1.5310109854e+00,3.9499974251e+00,-7.3384784162e-02,5.4509262695e+03
4010,1.5310360193e+00,4.1249985695e+00,-7.3187075555e-02,5.4769560547e+03
4011,1.5312111378e+00,3.9199967384e+00,-7.2917252779e-02,5.4557827148e+03
4012,1.5309362411e+00,3.9899978638e+00,-7.2704702616e-02,5.5046821289e+03
4013,1.5309612751e+00,4.0599980354e+00,-7.2880417109e-02,5.4991503906e+03
4014,1.5311613083e+00,4.0749979019e+00,-7.2507128119e-02,5.4861894531e+03
4015,1.5308862925e+00,4.0549983978e+00,-7.2594545782e-02,5.4834184570e+03
4016,1.5309612751e+00,4.0449976921e+00,-7.2301156819e-02,5.4776118164e+03
4017,1.5306115150e+00,3.9899973869e+00,-7.2791799903e-02,5.4928515625e+03
4018,1.5309116840e+00,4.0499973297e+00,-7.2130374610e-02,5.4887099609e+03
4019,1.5308866501e+00,4.0849986076e+00,-7.2828605771e-02,5.5353305664e+03
4020,1.5310364962e+00,4.0299992561e+00,-7.3085643351e-02,5.5359370117e+03
4021,1.5311868191e+00,3.9249968529e+00,-7.2636701167e-02,5.5432866211e+03
4022,1.5307366848e+00,4.0699992180e+00,-7.3331952095e-02,5.6319863281e+03
4023,1.5307117701e+00,4.1349997520e+00,-7.2433844209e-02,5.5372050781e+03
4024,1.5308868885e+00,3.9849982262e+00,-7.2459578514e-02,5.6502841797e+03
4025,1.5310869217e+00,4.0549983978e+00,-7.1874290705e-02,5.5730649414e+03
4026,1.5304368734e+00,4.1800017357e+00,-7.2108119726e-02,5.6936284180e+03
4027,1.5309369564e+00,4.0299983025e+00,-7.2392977774e-02,5.7001020508e+03
4028,1.5313620567e+00,4.1349997520e+00,-7.1700997651e-02,5.6646987305e+03
4029,1.5309121609e+00,4.2400021553e+00,-7.2420746088e-02,5.8431088867e+03
4030,1.5309621096e+00,4.1050004959e+00,-7.1903295815e-02,5.8312802734e+03
4031,1.5311872959e+00,4.0349988937e+00,-7.2160139680e-02,5.9034560547e+03
4032,1.5308120251e+00,4.2700028419e+00,-7.1593120694e-02,5.8740375977e+03
4033,1.5308372974e+00,4.1900005341e+00,-7.1689374745e-02,6.0292456055e+03
4034,1.5310622454e+00,4.1400017738e+00,-7.0919215679e-02,5.9294453125e+03
4035,1.5309873819e+00,4.1950020790e+00,-7.1253441274e-02,6.0318007812e+03
4036,1.5309875011e+00,4.1750011444e+00,-7.0211291313e-02,5.9650332031e+03
4037,1.5305874348e+00,4.1800012589e+00,-7.0201940835e-02,5.8994663086e+03
4038,1.5310375690e+00,4.0800008774e+00,-7.0619300008e-02,5.9401875000e+03
4039,1.5314375162e+00,4.0799999237e+00,-7.0275224745e-02,5.9166015625e+03
4040,1.5313124657e+00,4.1049995422e+00,-7.0780657232e-02,5.9972294922e+03
4041,1.5307874680e+00,4.1400003433e+00,-6.9815233350e-02,5.9365839844e+03
4042,1.5309126377e+00,4.0950007439e+00,-6.9863766432e-02,6.0081850586e+03
4043,1.5306875706e+00,4.1700029373e+00,-6.9100864232e-02,5.9998847656e+03
4044,1.5307376385e+00,4.2450041771e+00,-6.9072544575e-02,6.0295000000e+03
4045,1.5308376551e+00,4.2400045395e+00,-6.8892747164e-02,6.0160468750e+03
4046,1.5311377048e+00,4.1750044823e+00,-6.8749405444e-02,6.0657363281e+03
4047,1.5315626860e+00,4.2100033760e+00,-6.8305164576e-02,6.0852988281e+03
4048,1.5313378572e+00,4.2400045395e+00,-6.8620547652e-02,6.1463041992e+03
4049,1.5311877728e+00,4.2500061989e+00,-6.8115077913e-02,6.1612182617e+03
4050,1.5311877728e+00,4.3400082588e+00,-6.7827008665e-02,6.1962412109e+03
4051,1.5316129923e+00,4.1850056648e+00,-6.8003371358e-02,6.2162304688e+03
4052,1.5314378738e+00,4.2700076103e+00,-6.7624248564e-02,6.2611791992e+03
4053,1.5313878059e+00,4.2150068283e+00,-6.6945649683e-02,6.2938281250e+03
4054,1.5315127373e+00,4.1850056648e+00,-6.6328905523e-02,6.3029892578e+03
4055,1.5311877728e+00,4.1800065041e+00,-6.5490953624e-02,6.3123129883e+03
4056,1.5312377214e+00,4.2050065994e+00,-6.9288842380e-02,6.3719702148e+03
4057,1.5312378407e+00,4.1550064087e+00,-7.4894972146e-02,5.5708608398e+03
4058,1.5307376385e+00,4.1350069046e+00,-7.0831261575e-02,6.0105605469e+03
4059,1.5310126543e+00,4.2100071907e+00,-6.6283069551e-02,6.2938627930e+03
4060,1.5309376717e+00,4.1650066376e+00,-6.3927225769e-02,6.5156455078e+03
4061,1.5309877396e+00,4.1650075912e+00,-6.4023099840e-02,6.6044023438e+03
4062,1.5308125019e+00,4.3000102043e+00,-6.3483625650e-02,6.6163828125e+03
4063,1.5307376385e+00,4.1950087547e+00,-6.1410665512e-02,6.5250063477e+03
4064,1.5308375359e+00,4.2400093079e+00,-6.3662976027e-02,6.6290561523e+03
4065,1.5309374332e+00,4.2350091934e+00,-6.1252858490e-02,6.5547871094e+03
4066,1.5306124687e+00,4.2250094414e+00,-6.2467403710e-02,6.6621279297e+03
4067,1.5311374664e+00,4.2600092888e+00,-6.1033204198e-02,6.5784853516e+03
4068,1.5312123299e+00,4.3200111389e+00,-6.0643564910e-02,6.5906855469e+03
4069,1.5311874151e+00,4.2950105667e+00,-6.1079863459e-02,6.6683544922e+03
4070,1.5309122801e+00,4.4300112724e+00,-6.0155801475e-02,6.6107065430e+03
4071,1.5310871601e+00,4.3250098228e+00,-6.0055512935e-02,6.6498022461e+03
4072,1.5310373306e+00,4.3150095940e+00,-5.8462962508e-02,6.5853745117e+03
4073,1.5307621956e+00,4.3200092316e+00,-5.9108935297e-02,6.5771611328e+03
4074,1.5307869911e+00,4.2850098610e+00,-5.8210469782e-02,6.6098271484e+03
4075,1.5309369564e+00,4.1900081635e+00,-5.8185260743e-02,6.6405913086e+03
4076,1.5312619209e+00,4.2200083733e+00,-5.8297265321e-02,6.6647631836e+03
4077,1.5311617851e+00,4.2300090790e+00,-5.6050173938e-02,6.5533427734e+03
4078,1.5308866501e+00,4.2650117874e+00,-5.7985041291e-02,6.7188945312e+03
4079,1.5307366848e+00,4.3600130081e+00,-5.6446559727e-02,6.7130839844e+03
4080,1.5312366486e+00,4.2300105095e+00,-5.5809739977e-02,6.7178764648e+03
4081,1.5310114622e+00,4.2850122452e+00,-5.5163364857e-02,6.6009824219e+03
4082,1.5307364464e+00,4.3550138474e+00,-5.5739354342e-02,6.6631918945e+03
4083,1.5312862396e+00,4.3050117493e+00,-5.4639302194e-02,6.7044687500e+03
4084,1.5310362577e+00,4.3800139427e+00,-5.5544964969e-02,6.8172431641e+03
4085,1.5308860540e+00,4.4000144005e+00,-5.3863946348e-02,6.6437695312e+03
4086,1.5307110548e+00,4.3900136948e+00,-5.4820280522e-02,6.8769389648e+03
4087,1.5311858654e+00,4.3050127029e+00,-5.4475396872e-02,6.9613432617e+03
4088,1.5312108994e+00,4.2600116730e+00,-5.1846936345e-02,6.8547983398e+03
4089,1.5313107967e+00,4.3400125504e+00,-5.2642792463e-02,6.9750097656e+03
4090,1.5309356451e+00,4.4450139999e+00,-5.0406694412e-02,6.9626171875e+03
4091,1.5310356617e+00,4.2850117683e+00,-5.1270850003e-02,6.9983500977e+03
4092,1.5308604240e+00,4.3100113869e+00,-5.0667122006e-02,6.9230629883e+03
4093,1.5307602882e+00,4.3050117493e+00,-4.9677770585e-02,6.9256718750e+03
4094,1.5305852890e+00,4.3150119781e+00,-4.7754496336e-02,6.8986616211e+03
4095,1.5308852196e+00,4.3450112343e+00,-4.8929132521e-02,6.8554926758e+03
4096,1.5310350657e+00,4.3550119400e+00,-4.7788418829e-02,6.9283139648e+03
4097,1.5309599638e+00,4.3150110245e+00,-4.8919342458e-02,7.0826000977e+03
4098,1.5309350491e+00,4.4350128174e+00,-4.7298289835e-02,6.8876279297e+03
4099,1.5308349133e+00,4.4400129318e+00,-4.7442108393e-02,7.0493842773e+03
4100,1.5307097435e+00,4.2950096130e+00,-4.7574818134e-02,7.1531879883e+03
4101,1.5308595896e+00,4.4100117683e+00,-4.6744003892e-02,7.0826245117e+03
4102,1.5308095217e+00,4.4650115967e+00,-4.5093383640e-02,7.1917880859e+03
4103,1.5307095051e+00,4.3100099564e+00,-4.4682316482e-02,7.1457675781e+03
4104,1.5308842659e+00,4.2500090599e+00,-4.4024854898e-02,7.0998569336e+03
4105,1.5305091143e+00,4.3700103760e+00,-4.3581817299e-02,7.0373759766e+03
4106,1.5310342312e+00,4.2750077248e+00,-4.2583595961e-02,7.1014975586e+03
4107,1.5310339928e+00,4.2650079727e+00,-4.3151754886e-02,7.1043852539e+03
4108,1.5308089256e+00,4.3400096893e+00,-4.1472323239e-02,7.0302827148e+03
4109,1.5307588577e+00,4.3500089645e+00,-4.1900262237e-02,7.1104667969e+03
4110,1.5306587219e+00,4.2500066757e+00,-3.9071395993e-02,6.9172036133e+03
4111,1.5309336185e+00,4.3000087738e+00,-3.9978772402e-02,7.1484687500e+03
4112,1.5308835506e+00,4.3350076675e+00,-4.8075295985e-02,6.1168408203e+03
4113,1.5312584639e+00,4.4200100899e+00,-4.6682737768e-02,6.7719233398e+03
4114,1.5310083628e+00,4.4500093460e+00,-3.9499159902e-02,6.9609711914e+03
4115,1.5303580761e+00,4.4450101852e+00,-3.9669670165e-02,7.4400234375e+03
4116,1.5302581787e+00,4.3750076294e+00,-3.6105636507e-02,7.1602675781e+03
4117,1.5306830406e+00,4.3700075150e+00,-3.7162307650e-02,7.4092729492e+03
4118,1.5310329199e+00,4.4250082970e+00,-3.4532953054e-02,7.1610332031e+03
4119,1.5314080715e+00,4.3800077438e+00,-3.5498399287e-02,7.2397324219e+03
4120,1.5308578014e+00,4.4250087738e+00,-3.4802697599e-02,7.1590302734e+03
4121,1.5307075977e+00,4.4450087547e+00,-3.5218402743e-02,7.2852246094e+03
4122,1.5308578014e+00,4.4500083923e+00,-3.4035731107e-02,7.1370751953e+03
4123,1.5309826136e+00,4.4350075722e+00,-3.1937472522e-02,6.9797812500e+03
4124,1.5309324265e+00,4.4300079346e+00,-3.4909155220e-02,7.3377973633e+03
4125,1.5306072235e+00,4.3950061798e+00,-3.0493495986e-02,6.9675493164e+03
4126,1.5303821564e+00,4.3900060654e+00,-3.1259108335e-02,7.0807724609e+03
4127,1.5305821896e+00,4.4800081253e+00,-2.9313907027e-02,6.8466396484e+03
4128,1.5302070379e+00,4.4400067329e+00,-2.9712921008e-02,6.8080356445e+03
4129,1.5305068493e+00,4.3900065422e+00,-2.8725434095e-02,6.5076782227e+03
4130,1.5308068991e+00,4.4300069809e+00,-2.9460694641e-02,6.5970493164e+03
4131,1.5306566954e+00,4.4950084686e+00,-2.9251506552e-02,6.4933242188e+03
4132,1.5304566622e+00,4.5250077248e+00,-2.9638076201e-02,6.4811806641e+03
4133,1.5308316946e+00,4.4700069427e+00,-2.8877664357e-02,6.4982226562e+03
4134,1.5310065746e+00,4.4500074387e+00,-2.8723463416e-02,6.4917402344e+03
4135,1.5308563709e+00,4.4750070572e+00,-2.7883268893e-02,6.4158466797e+03
4136,1.5305564404e+00,4.3650064468e+00,-2.6164837182e-02,6.2905527344e+03
4137,1.5298311710e+00,4.5350084305e+00,-2.7196558192e-02,6.3709394531e+03
4138,1.5300310850e+00,4.4150047302e+00,-2.5505002588e-02,6.2792529297e+03
4139,1.5301311016e+00,4.4150052071e+00,-2.8412513435e-02,6.5493564453e+03
4140,1.5303809643e+00,4.3900055885e+00,-2.7537453920e-02,6.4272226562e+03
4141,1.5303308964e+00,4.4950075150e+00,-2.7515295893e-02,6.6287666016e+03
4142,1.5306057930e+00,4.4550061226e+00,-2.6476075873e-02,6.6679052734e+03
4143,1.5302807093e+00,4.4900069237e+00,-2.5542812422e-02,6.7065317383e+03
4144,1.5300056934e+00,4.4900064468e+00,-2.5241225958e-02,6.7776049805e+03
4145,1.5303053856e+00,4.4350056648e+00,-2.4043792859e-02,6.7479277344e+03
4146,1.5304555893e+00,4.4450058937e+00,-2.4007881060e-02,6.7922993164e+03
4147,1.5304803848e+00,4.5550060272e+00,-2.3376580328e-02,6.7648364258e+03
4148,1.5307552814e+00,4.4550056458e+00,-2.2982556373e-02,6.7307626953e+03
4149,1.5305051804e+00,4.3800058365e+00,-2.3468405008e-02,6.8030913086e+03
4150,1.5302550793e+00,4.5600075722e+00,-2.1424122155e-02,6.6895517578e+03
4151,1.5305550098e+00,4.4650063515e+00,-2.1817931905e-02,6.7373232422e+03
4152,1.5303549767e+00,4.4200072289e+00,-2.1064721048e-02,6.6454746094e+03
4153,1.5301296711e+00,4.4450063705e+00,-2.1050680429e-02,6.6863417969e+03
4154,1.5304048061e+00,4.3800053596e+00,-2.0215885714e-02,6.5919003906e+03
4155,1.5305545330e+00,4.2500047684e+00,-2.0131854340e-02,6.5789892578e+03
4156,1.5301046371e+00,4.2900056839e+00,-1.9808284938e-02,6.5150273438e+03
4157,1.5302543640e+00,4.2700047493e+00,-1.9784733653e-02,6.5401230469e+03
4158,1.5302293301e+00,4.3250050545e+00,-1.9110515714e-02,6.4850185547e+03
4159,1.5299041271e+00,4.4100070000e+00,-1.9174087793e-02,6.5388125000e+03
4160,1.5300290585e+00,4.3350062370e+00,-1.8640799448e-02,6.5246206055e+03
4161,1.5303289890e+00,4.2950053215e+00,-1.7833618447e-02,6.4724912109e+03
4162,1.5305790901e+00,4.3400058746e+00,-1.6857430339e-02,6.4234169922e+03
4163,1.5305789709e+00,4.3200049400e+00,-1.6256744042e-02,6.3865302734e+03
4164,1.5303287506e+00,4.2500038147e+00,-1.6532573849e-02,6.3732919922e+03
4165,1.5304036140e+00,4.2400035858e+00,-1.7500478774e-02,6.3708642578e+03
4166,1.5300035477e+00,4.3100051880e+00,-1.4598092064e-02,6.2928203125e+03
4167,1.5304034948e+00,4.3000054359e+00,-1.6461281106e-02,6.3540825195e+03
4168,1.5303535461e+00,4.2350034714e+00,-1.5702735633e-02,6.3792421875e+03
4169,1.5299282074e+00,4.3500061035e+00,-1.5755353495e-02,6.3276630859e+03
4170,1.5301281214e+00,4.2950038910e+00,-1.5236387029e-02,6.4462050781e+03
4171,1.5305030346e+00,4.3300032616e+00,-1.5464149415e-02,6.3820859375e+03
4172,1.5303530693e+00,4.2900028229e+00,-1.3541713357e-02,6.4948408203e+03
4173,1.5302779675e+00,4.3750038147e+00,-1.6439151019e-02,6.4692431641e+03
4174,1.5300529003e+00,4.3450040817e+00,-2.3115690798e-02,5.6299116211e+03
4175,1.5300778151e+00,4.3350038528e+00,-2.1028123796e-02,5.9793535156e+03
4176,1.5301775932e+00,4.3550043106e+00,-1.6390487552e-02,6.4832817383e+03
4177,1.5299773216e+00,4.3400034904e+00,-1.4903472736e-02,6.7448759766e+03
4178,1.5303273201e+00,4.2900032997e+00,-1.0338904336e-02,6.6658925781e+03
4179,1.5300772190e+00,4.3150043488e+00,-1.2649920769e-02,6.8089931641e+03
4180,1.5302021503e+00,4.2900037766e+00,-1.0495282710e-02,6.6122050781e+03
4181,1.5304770470e+00,4.3350033760e+00,-1.0576710105e-02,6.6430571289e+03
4182,1.5305020809e+00,4.3150043488e+00,-1.0993099771e-02,6.6450229492e+03
4183,1.5304267406e+00,4.3800063133e+00,-1.0791768320e-02,6.6454306641e+03
4184,1.5302016735e+00,4.2550034523e+00,-1.0658673942e-02,6.6314667969e+03
4185,1.5304765701e+00,4.3600063324e+00,-1.0302972049e-02,6.6366782227e+03
4186,1.5301263332e+00,4.2900047302e+00,-1.0082927532e-02,6.6069272461e+03
4187,1.5302261114e+00,4.2900037766e+00,-9.6586756408e-03,6.6596342773e+03
4188,1.5304510593e+00,4.3400049210e+00,-8.6744893342e-03,6.5519145508e+03
4189,1.5303759575e+00,4.3750057220e+00,-8.0743879080e-03,6.5658427734e+03
4190,1.5299506187e+00,4.3750061989e+00,-9.0958755463e-03,6.5570468750e+03
4191,1.5305756330e+00,4.2750039101e+00,-7.6423371211e-03,6.4109169922e+03
4192,1.5305504799e+00,4.2900052071e+00,-8.0854455009e-03,6.3877675781e+03
4193,1.5305002928e+00,4.4150066376e+00,-7.0717916824e-03,6.3341547852e+03
4194,1.5307252407e+00,4.3150048256e+00,-6.8973060697e-03,6.2665717773e+03
4195,1.5306001902e+00,4.4000062943e+00,-5.3367195651e-03,6.1720522461e+03
4196,1.5304000378e+00,4.3400058746e+00,-4.9946326762e-03,6.1121923828e+03
4197,1.5302748680e+00,4.3150057793e+00,-6.3850875013e-03,6.2191752930e+03
4198,1.5302494764e+00,4.3350052834e+00,-6.0540447012e-03,6.1317778320e+03
4199,1.5306243896e+00,4.2300047874e+00,-6.6568017937e-03,6.3244638672e+03
4200,1.5305492878e+00,4.2450065613e+00,-5.7487268932e-03,6.3593637695e+03
4201,1.5301742554e+00,4.2300057411e+00,-5.4345275275e-03,6.4672792969e+03
4202,1.5303490162e+00,4.2350063324e+00,-5.0611509942e-03,6.5484736328e+03
4203,1.5302989483e+00,4.1450042725e+00,-4.6719587408e-03,6.6213325195e+03
4204,1.5302987099e+00,4.2300062180e+00,-4.4736219570e-03,6.6582265625e+03
4205,1.5306488276e+00,4.1950049400e+00,-3.9858990349e-03,6.6627817383e+03
4206,1.5306487083e+00,4.2900061607e+00,-3.1986960676e-03,6.7003256836e+03
4207,1.5304484367e+00,4.2200055122e+00,-3.5459143110e-03,6.6848349609e+03
4208,1.5302982330e+00,4.2550058365e+00,-2.3830663413e-03,6.6559477539e+03
4209,1.5305482149e+00,4.2850070000e+00,-1.8971385434e-03,6.6385366211e+03
4210,1.5303479433e+00,4.1900053024e+00,-1.3478467008e-03,6.5487641602e+03
4211,1.5304479599e+00,4.2700071335e+00,-8.7293860270e-04,6.4873896484e+03
4212,1.5304478407e+00,4.2450056076e+00,-4.7287438065e-03,6.4846923828e+03
4213,1.5308227539e+00,4.2650055885e+00,-5.7113496587e-04,6.3630419922e+03
4214,1.5306475163e+00,4.3200054169e+00,-3.1789932400e-03,6.3668618164e+03
4215,1.5305724144e+00,4.2900056839e+00,-6.5453606658e-04,6.3196049805e+03
4216,1.5299720764e+00,4.3150048256e+00,8.5721263895e-04,6.2723833008e+03
4217,1.5299969912e+00,4.2700028419e+00,-3.1349842902e-04,6.3486713867e+03
4218,1.5298219919e+00,4.3100037575e+00,1.1276202276e-03,6.1702934570e+03
4219,1.5302968025e+00,4.3100037575e+00,-1.7352949362e-03,6.3642856445e+03
4220,1.5306217670e+00,4.3000035286e+00,1.5602682251e-03,6.1918354492e+03
4221,1.5305716991e+00,4.2950048447e+00,1.5158959432e-03,6.2700883789e+03
4222,1.5302965641e+00,4.2950038910e+00,2.5430754758e-03,6.2364111328e+03
4223,1.5301214457e+00,4.4400053024e+00,1.1309866095e-03,6.3105678711e+03
4224,1.5301711559e+00,4.3400034904e+00,4.3008234352e-03,6.1976186523e+03
4225,1.5304460526e+00,4.2900028229e+00,1.2520130258e-03,6.3268647461e+03
4226,1.5307459831e+00,4.3350033760e+00,3.5452903248e-03,6.1910532227e+03
4227,1.5304958820e+00,4.3850035667e+00,2.7634319849e-03,6.3122260742e+03
4228,1.5302957296e+00,4.4100041389e+00,4.1065919213e-03,6.3050405273e+03
4229,1.5301957130e+00,4.3400020599e+00,2.2315846290e-03,6.3407475586e+03
4230,1.5308206081e+00,4.3850021362e+00,3.9166677743e-03,6.3399082031e+03
4231,1.5304204226e+00,4.3900022507e+00,4.4163037091e-03,6.3402348633e+03
4232,1.5303452015e+00,4.3600025177e+00,3.7546847016e-03,6.4830634766e+03
4233,1.5303702354e+00,4.3800024986e+00,4.4368878007e-03,6.3967827148e+03
4234,1.5306199789e+00,4.3250017166e+00,4.3643843383e-03,6.5352910156e+03
4235,1.5307700634e+00,4.3950018883e+00,5.6071076542e-03,6.4658120117e+03
4236,1.5304197073e+00,4.3700017929e+00,5.0716847181e-03,6.5614101562e+03
4237,1.5302696228e+00,4.4200024605e+00,5.9508346021e-03,6.4890737305e+03
4238,1.5303194523e+00,4.3700017929e+00,6.1596231535e-03,6.5369077148e+03
4239,1.5303695202e+00,4.4500026703e+00,6.2012267299e-03,6.5149995117e+03
4240,1.5303692818e+00,4.4750032425e+00,5.9691057540e-03,6.5306416016e+03
4241,1.5303190947e+00,4.4700031281e+00,7.1639241651e-03,6.4678164062e+03
4242,1.5302190781e+00,4.3800001144e+00,7.0860069245e-03,6.4961250000e+03
4243,1.5304940939e+00,4.4450020790e+00,7.5841243379e-03,6.4295175781e+03
4244,1.5305438042e+00,4.4650020599e+00,7.8160194680e-03,6.4181049805e+03
4245,1.5304187536e+00,4.3850016594e+00,8.5824392736e-03,6.3680639648e+03
4246,1.5306686163e+00,4.4400024414e+00,8.8766766712e-03,6.3508593750e+03
4247,1.5302435160e+00,4.5800037384e+00,8.8899759576e-03,6.3252451172e+03
4248,1.5306435823e+00,4.4750013351e+00,9.5143998042e-03,6.2478496094e+03
4249,1.5305933952e+00,4.4900021553e+00,9.1987121850e-03,6.2992617188e+03
4250,1.5307182074e+00,4.4600014687e+00,1.0072137229e-02,6.2277045898e+03
4251,1.5306930542e+00,4.4300012589e+00,9.5488335937e-03,6.2516689453e+03
4252,1.5306930542e+00,4.4350013733e+00,1.0583410040e-02,6.2033559570e+03
4253,1.5305927992e+00,4.4550013542e+00,1.0160818696e-02,6.2819272461e+03
4254,1.5307677984e+00,4.4500017166e+00,1.0371910408e-02,6.2478090820e+03
4255,1.5306427479e+00,4.4400010109e+00,1.1177044362e-02,6.2199375000e+03
4256,1.5308176279e+00,4.5000019073e+00,1.0623301379e-02,6.3099995117e+03
4257,1.5307425261e+00,4.4500017166e+00,1.1967840604e-02,6.2372641602e+03
4258,1.5306423903e+00,4.5000023842e+00,1.0955131613e-02,6.3536601562e+03
4259,1.5307672024e+00,4.4650015831e+00,1.1566275731e-02,6.2719980469e+03
4260,1.5310171843e+00,4.5150022507e+00,1.2103753164e-02,6.3578510742e+03
4261,1.5311671495e+00,4.4950017929e+00,1.1987619102e-02,6.3336284180e+03
4262,1.5306669474e+00,4.5650029182e+00,1.2187656015e-02,6.3880117188e+03
4263,1.5308918953e+00,4.5550022125e+00,1.2510305271e-02,6.3856718750e+03
4264,1.5304166079e+00,4.5600023270e+00,1.2766843662e-02,6.4215708008e+03
4265,1.5303165913e+00,4.5600013733e+00,1.3220714405e-02,6.4107211914e+03
4266,1.5305165052e+00,4.5450019836e+00,1.3716856949e-02,6.4329628906e+03
4267,1.5306663513e+00,4.5900025368e+00,1.4161303639e-02,6.4233735352e+03
4268,1.5307413340e+00,4.5750021935e+00,1.4117265120e-02,6.4376684570e+03
4269,1.5308161974e+00,4.5500016212e+00,1.4693584293e-02,6.4035781250e+03
4270,1.5305910110e+00,4.6300024986e+00,1.6570391133e-02,6.3334741211e+03
4271,1.5308160782e+00,4.5850019455e+00,1.5161544085e-02,6.3261933594e+03
4272,1.5308408737e+00,4.5100002289e+00,1.5773158520e-02,6.3764047852e+03
4273,1.5310908556e+00,4.5750002861e+00,1.5037490055e-02,6.3019614258e+03
4274,1.5310158730e+00,4.5400009155e+00,1.5647722408e-02,6.3796333008e+03
4275,1.5309407711e+00,4.6100015640e+00,1.6352187842e-02,6.2949467773e+03
4276,1.5308907032e+00,4.5850009918e+00,1.7731498927e-02,6.3816396484e+03
4277,1.5311155319e+00,4.5050005913e+00,1.7539594322e-02,6.2896201172e+03
4278,1.5309654474e+00,4.5650000572e+00,1.8017333001e-02,6.3920024414e+03
4279,1.5309402943e+00,4.6150007248e+00,1.6781594604e-02,6.2940864258e+03
4280,1.5310652256e+00,4.6200003624e+00,2.0323764533e-02,6.2561000977e+03
4281,1.5312150717e+00,4.5649995804e+00,1.7231021076e-02,6.3364604492e+03
4282,1.5314152241e+00,4.5550003052e+00,2.0299337804e-02,6.2201157227e+03
4283,1.5311651230e+00,4.7300019264e+00,1.7921758816e-02,6.2387138672e+03
4284,1.5311899185e+00,4.6550011635e+00,1.7996778712e-02,6.2668090820e+03
4285,1.5311397314e+00,4.6400012970e+00,2.0267412066e-02,6.1712485352e+03
4286,1.5311646461e+00,4.6850013733e+00,1.8987994641e-02,6.2851513672e+03
4287,1.5307896137e+00,4.6750016212e+00,2.0816791803e-02,6.2006401367e+03
4288,1.5308644772e+00,4.6600003242e+00,2.0010953769e-02,6.2800073242e+03
4289,1.5309894085e+00,4.6900000572e+00,2.1425031126e-02,6.2381494141e+03
4290,1.5309141874e+00,4.6699991226e+00,2.0744126290e-02,6.2876289062e+03
4291,1.5308891535e+00,4.6799993515e+00,2.1561790258e-02,6.2559970703e+03
4292,1.5310890675e+00,4.6399984360e+00,2.2222550586e-02,6.2833295898e+03
4293,1.5310139656e+00,4.6549987793e+00,2.1746817976e-02,6.2798378906e+03
4294,1.5311139822e+00,4.6999979019e+00,2.3514870554e-02,6.2566489258e+03
4295,1.5310637951e+00,4.7299985886e+00,2.2610740736e-02,6.3371430664e+03
4296,1.5309137106e+00,4.7499980927e+00,2.3284396157e-02,6.2713632812e+03
4297,1.5309387445e+00,4.7349987030e+00,2.3165602237e-02,6.3319956055e+03
4298,1.5310386419e+00,4.6199965477e+00,2.4079393595e-02,6.3079169922e+03
4299,1.5312384367e+00,4.6499967575e+00,2.4260565639e-02,6.3353779297e+03
4300,1.5311633348e+00,4.6199965477e+00,2.4730578065e-02,6.2965742188e+03
4301,1.5310633183e+00,4.6799969673e+00,2.5340223685e-02,6.2751879883e+03
4302,1.5311132669e+00,4.6399965286e+00,2.5124063715e-02,6.2831547852e+03
4303,1.5311632156e+00,4.6449966431e+00,2.5585990399e-02,6.3135810547e+03
4304,1.5313881636e+00,4.6399970055e+00,2.5801936164e-02,6.2544199219e+03
4305,1.5310630798e+00,4.6649971008e+00,2.6693493128e-02,6.2831064453e+03
4306,1.5310628414e+00,4.6599969864e+00,2.6393050328e-02,6.3566269531e+03
4307,1.5312628746e+00,4.6649966240e+00,2.7963768691e-02,6.2168701172e+03
4308,1.5311377048e+00,4.7049970627e+00,2.6615150273e-02,6.3537504883e+03
4309,1.5313377380e+00,4.7399969101e+00,2.8394199908e-02,6.2320004883e+03
4310,1.5313875675e+00,4.6849970818e+00,2.7810337022e-02,6.2588823242e+03
4311,1.5312625170e+00,4.7599968910e+00,2.8508841991e-02,6.2600551758e+03
4312,1.5313124657e+00,4.8099966049e+00,2.9445977882e-02,6.1848320312e+03
4313,1.5313374996e+00,4.7349967957e+00,2.8489744291e-02,6.2357895508e+03
4314,1.5312372446e+00,4.7549972534e+00,2.9839554802e-02,6.1809130859e+03
4315,1.5311372280e+00,4.7799968719e+00,2.8992753476e-02,6.2274482422e+03
4316,1.5310370922e+00,4.7649970055e+00,3.0353575945e-02,6.1325400391e+03
4317,1.5313370228e+00,4.7299971581e+00,2.9378766194e-02,6.2429028320e+03
4318,1.5314370394e+00,4.7299966812e+00,3.1149487942e-02,6.1351796875e+03
4319,1.5314869881e+00,4.6949968338e+00,3.0705757439e-02,6.1926103516e+03
4320,1.5315618515e+00,4.7649970055e+00,3.0399400741e-02,6.1983305664e+03
4321,1.5313117504e+00,4.6899971962e+00,3.0892524868e-02,6.1936064453e+03
4322,1.5314118862e+00,4.7249970436e+00,3.1107733026e-02,6.2088154297e+03
4323,1.5316367149e+00,4.7199969292e+00,3.1714394689e-02,6.2040063477e+03
4324,1.5313614607e+00,4.8049969673e+00,3.2020062208e-02,6.2168876953e+03
4325,1.5311615467e+00,4.7299966812e+00,3.2247409225e-02,6.2078271484e+03
4326,1.5313364267e+00,4.7549972534e+00,3.2667487860e-02,6.2151606445e+03
4327,1.5314114094e+00,4.6949973106e+00,3.3060953021e-02,6.2102290039e+03
4328,1.5315363407e+00,4.7299971581e+00,3.3508718014e-02,6.2054677734e+03
4329,1.5310862064e+00,4.8199963570e+00,3.3669520169e-02,6.2112216797e+03
4330,1.5315362215e+00,4.7199974060e+00,3.4113220870e-02,6.2029038086e+03
4331,1.5315611362e+00,4.7799968719e+00,3.4190963954e-02,6.2155986328e+03
4332,1.5313611031e+00,4.7849969864e+00,3.4536197782e-02,6.2161596680e+03
4333,1.5314608812e+00,4.8149967194e+00,3.4697618335e-02,6.2099252930e+03
4334,1.5316609144e+00,4.7799968719e+00,3.5593051463e-02,6.1739184570e+03
4335,1.5316857100e+00,4.8299970627e+00,3.5688560456e-02,6.2083847656e+03
4336,1.5316857100e+00,4.7899966240e+00,3.4807067364e-02,6.2081298828e+03
4337,1.5315855742e+00,4.8049969673e+00,3.7208441645e-02,6.1570185547e+03
4338,1.5316857100e+00,4.8899970055e+00,3.5389296710e-02,6.2155317383e+03
4339,1.5315855742e+00,4.8799967766e+00,3.5670544952e-02,6.2037211914e+03
4340,1.5320105553e+00,4.7899966240e+00,3.7002120167e-02,6.1578349609e+03
4341,1.5314354897e+00,4.8649969101e+00,3.7093717605e-02,6.1893686523e+03
4342,1.5318353176e+00,4.8599967957e+00,3.7257708609e-02,6.1109584961e+03
4343,1.5318353176e+00,4.8099970818e+00,3.7294261158e-02,6.1567407227e+03
4344,1.5316102505e+00,4.8049969673e+00,3.7743166089e-02,6.1183666992e+03
4345,1.5315351486e+00,4.8599967957e+00,3.7502285093e-02,6.1419667969e+03
4346,1.5317349434e+00,4.9249968529e+00,3.8113966584e-02,6.1355043945e+03
4347,1.5316100121e+00,4.8799967766e+00,3.8388419896e-02,6.1055468750e+03
4348,1.5317099094e+00,4.8699970245e+00,3.8082350045e-02,6.1267880859e+03
4349,1.5315848589e+00,4.9449968338e+00,3.9377816021e-02,6.1001562500e+03
4350,1.5317348242e+00,4.9749965668e+00,3.8744285703e-02,6.1108930664e+03
4351,1.5318597555e+00,4.9449968338e+00,3.9694234729e-02,6.0755932617e+03
4352,1.5316846371e+00,4.8999972343e+00,4.0004402399e-02,6.0725864258e+03
4353,1.5318596363e+00,4.9099969864e+00,3.9661403745e-02,6.1438515625e+03
4354,1.5322344303e+00,4.9049968719e+00,3.9602559060e-02,6.0181660156e+03
4355,1.5319845676e+00,4.9049968719e+00,4.0557224303e-02,6.1435361328e+03
4356,1.5319343805e+00,4.9399971962e+00,3.9806097746e-02,6.0471044922e+03
4357,1.5319342613e+00,4.9649968147e+00,4.0801756084e-02,6.1552968750e+03
4358,1.5321092606e+00,4.9549970627e+00,4.0072161704e-02,6.0507329102e+03
4359,1.5321590900e+00,4.9399971962e+00,4.0525030345e-02,6.1784472656e+03
4360,1.5319589376e+00,4.9099969864e+00,4.1321352124e-02,6.0908271484e+03
4361,1.5318089724e+00,5.0249967575e+00,4.1093204170e-02,6.1587128906e+03
4362,1.5321090221e+00,5.0149970055e+00,4.1803613305e-02,6.1044926758e+03
4363,1.5321338177e+00,5.0299968719e+00,4.3036691844e-02,6.1317373047e+03
4364,1.5321587324e+00,4.9949970245e+00,4.2853485793e-02,6.1068315430e+03
4365,1.5320837498e+00,5.0349969864e+00,4.3483108282e-02,6.1356372070e+03
4366,1.5321586132e+00,5.0899968147e+00,4.3499372900e-02,6.0744853516e+03
4367,1.5322587490e+00,4.9999966621e+00,4.2871173471e-02,6.1223129883e+03
4368,1.5322085619e+00,4.9749970436e+00,4.4244237244e-02,6.0610263672e+03
4369,1.5323834419e+00,4.9899969101e+00,4.3991640210e-02,6.0514013672e+03
4370,1.5323834419e+00,5.0099968910e+00,4.4161614031e-02,6.0484033203e+03
4371,1.5323333740e+00,5.0749969482e+00,4.4875625521e-02,6.0225981445e+03
4372,1.5321333408e+00,4.9949970245e+00,4.4102214277e-02,6.0693745117e+03
4373,1.5324332714e+00,5.0199971199e+00,4.4705390930e-02,6.0219482422e+03
4374,1.5322830677e+00,5.0249967575e+00,4.4706776738e-02,6.0663945312e+03
4375,1.5325330496e+00,5.0799965858e+00,4.4912647456e-02,6.0378388672e+03
4376,1.5321831703e+00,5.1049966812e+00,4.5172087848e-02,6.0649926758e+03
4377,1.5323828459e+00,5.0449967384e+00,4.5871466398e-02,6.0444868164e+03
4378,1.5321578979e+00,5.0699973106e+00,4.5876391232e-02,6.0655590820e+03
4379,1.5324327946e+00,5.0699968338e+00,4.6570070088e-02,6.0343735352e+03
4380,1.5321576595e+00,5.1049966812e+00,4.6180989593e-02,6.0832207031e+03
4381,1.5322577953e+00,5.0449967384e+00,4.6168182045e-02,6.0007856445e+03
4382,1.5323075056e+00,5.0799970627e+00,4.5538116246e-02,6.0912319336e+03
4383,1.5322074890e+00,5.1199965477e+00,4.7780945897e-02,5.9984311523e+03
4384,1.5323574543e+00,5.0799965858e+00,4.6515993774e-02,6.0637626953e+03
4385,1.5323073864e+00,5.1499962807e+00,4.7303818166e-02,6.0104052734e+03
4386,1.5323073864e+00,5.0849971771e+00,4.7059658915e-02,6.0419536133e+03
4387,1.5322072506e+00,5.0949969292e+00,4.7753866762e-02,6.0163310547e+03
4388,1.5322571993e+00,5.0899968147e+00,4.7414492816e-02,6.0260922852e+03
4389,1.5322573185e+00,5.1149969101e+00,4.7698266804e-02,6.0158393555e+03
4390,1.5323070288e+00,5.0749969482e+00,4.8457294703e-02,6.0008417969e+03
4391,1.5326321125e+00,5.0699968338e+00,4.8358526081e-02,6.0071503906e+03
4392,1.5325319767e+00,5.0799970627e+00,4.8311013728e-02,6.0088393555e+03
4393,1.5325319767e+00,5.1149969101e+00,4.8232208937e-02,6.0137695312e+03
4394,1.5326068401e+00,5.0649967194e+00,4.9252297729e-02,5.9872231445e+03
4395,1.5326817036e+00,5.0799970627e+00,4.8953503370e-02,6.0147934570e+03
4396,1.5326818228e+00,4.9899969101e+00,4.9588132650e-02,5.9803549805e+03
4397,1.5323816538e+00,5.0749969482e+00,4.9837261438e-02,6.0094418945e+03
4398,1.5325316191e+00,5.0949969292e+00,5.0850842148e-02,5.9767182617e+03
4399,1.5328065157e+00,5.0699968338e+00,4.9869131297e-02,6.0062768555e+03
4400,1.5326814651e+00,5.0999965668e+00,5.1331561059e-02,5.9766298828e+03
4401,1.5326313972e+00,5.1349968910e+00,5.0586931407e-02,6.0035527344e+03
4402,1.5325564146e+00,5.1649966240e+00,5.1444161683e-02,5.9613740234e+03
4403,1.5324562788e+00,5.1399970055e+00,5.1362514496e-02,5.9934858398e+03
4404,1.5322812796e+00,5.1299972534e+00,5.0480190665e-02,5.9985219727e+03
4405,1.5326061249e+00,5.1249966621e+00,5.2664592862e-02,5.9145273438e+03
4406,1.5324810743e+00,5.1049971581e+00,5.0683625042e-02,6.0640253906e+03
4407,1.5324559212e+00,5.1699967384e+00,5.2707847208e-02,5.9286850586e+03
4408,1.5325059891e+00,5.1599965096e+00,5.1750894636e-02,6.0279345703e+03
4409,1.5327558517e+00,5.1099972725e+00,5.3018979728e-02,5.9583950195e+03
4410,1.5327308178e+00,5.1099967957e+00,5.2736707032e-02,6.0113818359e+03
4411,1.5330307484e+00,5.0699968338e+00,5.3475957364e-02,5.9508745117e+03
4412,1.5325307846e+00,5.1399970055e+00,5.2997760475e-02,6.0027153320e+03
4413,1.5327305794e+00,5.1649966240e+00,5.4038923234e-02,5.9297543945e+03
4414,1.5327305794e+00,5.1749973297e+00,5.3774651140e-02,5.9878510742e+03
4415,1.5325053930e+00,5.1299967766e+00,5.4867338389e-02,5.9301303711e+03
4416,1.5325554609e+00,5.0749964714e+00,5.5009361356e-02,5.9204970703e+03
4417,1.5329054594e+00,5.0799970627e+00,5.5159609765e-02,5.8815605469e+03
4418,1.5325303078e+00,5.0999970436e+00,5.4944969714e-02,5.9586928711e+03
4419,1.5327303410e+00,5.1449966431e+00,5.5194251239e-02,5.9385585938e+03
4420,1.5327051878e+00,5.1349973679e+00,5.5448371917e-02,5.9382099609e+03
4421,1.5330553055e+00,5.1699967384e+00,5.5620715022e-02,5.9591430664e+03
4422,1.5329301357e+00,5.1999969482e+00,5.5564809591e-02,5.9753740234e+03
4423,1.5330551863e+00,5.2149972916e+00,5.6240826845e-02,5.9554833984e+03
4424,1.5332801342e+00,5.1849970818e+00,5.5856805295e-02,5.9950917969e+03
4425,1.5330049992e+00,5.1999969482e+00,5.6482195854e-02,5.9601201172e+03
4426,1.5331798792e+00,5.1799969673e+00,5.6389678270e-02,5.9827729492e+03
4427,1.5331298113e+00,5.1449966431e+00,5.6758806109e-02,5.9542353516e+03
4428,1.5330297947e+00,5.1449966431e+00,5.6900817901e-02,5.9578945312e+03
4429,1.5328797102e+00,5.1799969673e+00,5.7170674205e-02,5.9556123047e+03
4430,1.5330294371e+00,5.1499967575e+00,5.7596612722e-02,5.9262739258e+03
4431,1.5329296589e+00,5.2249965668e+00,5.7620484382e-02,5.9480483398e+03
4432,1.5331046581e+00,5.2249965668e+00,5.7889059186e-02,5.9156997070e+03
4433,1.5333795547e+00,5.2149968147e+00,5.8114174753e-02,5.9349389648e+03
4434,1.5331544876e+00,5.1649971008e+00,5.8229666203e-02,5.9274697266e+03
4435,1.5328042507e+00,5.2699966431e+00,5.8473866433e-02,5.9339848633e+03
4436,1.5328543186e+00,5.2299966812e+00,5.8307096362e-02,5.9423671875e+03
4437,1.5328292847e+00,5.2149968147e+00,5.8735854924e-02,5.9385468750e+03
4438,1.5330291986e+00,5.2649965286e+00,5.8868218213e-02,5.9486381836e+03
4439,1.5329790115e+00,5.1649966240e+00,5.9094399214e-02,5.9354169922e+03
4440,1.5331290960e+00,5.2749967575e+00,5.9293232858e-02,5.9411582031e+03
4441,1.5330289602e+00,5.2649970055e+00,5.9781890363e-02,5.9213945312e+03
4442,1.5330790281e+00,5.2599968910e+00,5.9807863086e-02,5.9373359375e+03
4443,1.5332539082e+00,5.2799968719e+00,6.0385141522e-02,5.8924731445e+03
4444,1.5331537724e+00,5.2249965668e+00,5.9692714363e-02,5.9222744141e+03
4445,1.5329537392e+00,5.2549967766e+00,6.0502406210e-02,5.8839643555e+03
4446,1.5331786871e+00,5.2649965286e+00,6.0343042016e-02,5.9092641602e+03
4447,1.5332785845e+00,5.3049969673e+00,6.1065092683e-02,5.8852221680e+03
4448,1.5335537195e+00,5.2799968719e+00,6.1076503247e-02,5.9103242188e+03
4449,1.5332036018e+00,5.3449964523e+00,6.0374338180e-02,5.8934008789e+03
4450,1.5331534147e+00,5.3849968910e+00,6.1565335840e-02,5.9334643555e+03
4451,1.5336284637e+00,5.2799963951e+00,6.0799192637e-02,5.8805507812e+03
4452,1.5335284472e+00,5.2799968719e+00,6.0618519783e-02,5.9757099609e+03
4453,1.5335532427e+00,5.3699965477e+00,6.2573097646e-02,5.8983007812e+03
4454,1.5333533287e+00,5.4049968719e+00,6.0063045472e-02,5.6928486328e+03
4455,1.5333532095e+00,5.3749966621e+00,5.5302813649e-02,5.1387099609e+03
4456,1.5333280563e+00,5.3699965477e+00,5.8583747596e-02,5.7095029297e+03
4457,1.5333529711e+00,5.4249968529e+00,6.2303341925e-02,5.8766054688e+03
4458,1.5334030390e+00,5.3499965668e+00,6.3228301704e-02,6.0177773438e+03
4459,1.5334529877e+00,5.3399968147e+00,6.3216641545e-02,6.0147314453e+03
4460,1.5332528353e+00,5.3549966812e+00,6.2945827842e-02,6.0290180664e+03
4461,1.5333778858e+00,5.4199967384e+00,6.4023666084e-02,5.9612104492e+03
4462,1.5336277485e+00,5.4299964905e+00,6.3302159309e-02,6.0297812500e+03
4463,1.5335527658e+00,5.4549965858e+00,6.3593119383e-02,5.9553925781e+03
4464,1.5337526798e+00,5.4049968719e+00,6.4948447049e-02,5.9538403320e+03
4465,1.5335025787e+00,5.4899964333e+00,6.2788568437e-02,6.0342636719e+03
4466,1.5337276459e+00,5.5099964142e+00,6.4727008343e-02,5.9562402344e+03
4467,1.5338275433e+00,5.4649968147e+00,6.3868850470e-02,6.0533056641e+03
4468,1.5338023901e+00,5.4999966621e+00,6.4448557794e-02,6.0057148438e+03
4469,1.5339524746e+00,5.5199966431e+00,6.4711473882e-02,6.0841108398e+03
4470,1.5340775251e+00,5.4749970436e+00,6.1390604824e-02,5.8478798828e+03
4471,1.5338523388e+00,5.5299963951e+00,5.7045888156e-02,5.2144257812e+03
4472,1.5338023901e+00,5.5399966240e+00,6.0005586594e-02,5.8140629883e+03
4473,1.5337522030e+00,5.5099964142e+00,6.5620169044e-02,5.9847915039e+03
4474,1.5339521170e+00,5.5349969864e+00,6.5788738430e-02,6.1492060547e+03
4475,1.5341771841e+00,5.5249962807e+00,6.6184461117e-02,6.1366372070e+03
4476,1.5340521336e+00,5.5449972153e+00,6.6486142576e-02,6.1273422852e+03
4477,1.5339270830e+00,5.5999965668e+00,6.7301921546e-02,6.0593027344e+03
4478,1.5340518951e+00,5.6299962997e+00,6.7071333528e-02,6.0157260742e+03
4479,1.5337018967e+00,5.5999965668e+00,6.7579336464e-02,5.9262246094e+03
4480,1.5338518620e+00,5.6449966431e+00,6.7706249654e-02,5.9108872070e+03
4481,1.5337518454e+00,5.6549963951e+00,6.7466758192e-02,5.9009326172e+03
4482,1.5338517427e+00,5.6349964142e+00,6.7432366312e-02,5.9112109375e+03
4483,1.5338016748e+00,5.6349964142e+00,6.6988833249e-02,5.9204140625e+03
4484,1.5341516733e+00,5.6399965286e+00,6.7443788052e-02,5.9540410156e+03
4485,1.5342266560e+00,5.6699962616e+00,6.7061029375e-02,5.9614931641e+03
4486,1.5341515541e+00,5.7249960899e+00,6.7916400731e-02,5.9757353516e+03
4487,1.5345515013e+00,5.6349964142e+00,6.7787304521e-02,5.9645063477e+03
4488,1.5345265865e+00,5.6499967575e+00,6.9824121892e-02,5.9523691406e+03
4489,1.5346765518e+00,5.6849966049e+00,6.7905411124e-02,6.0047348633e+03
4490,1.5344765186e+00,5.7049965858e+00,7.0425815880e-02,5.8600371094e+03
4491,1.5345764160e+00,5.6999964714e+00,6.9585978985e-02,5.9387729492e+03
4492,1.5345764160e+00,5.7849969864e+00,6.9930478930e-02,5.8583969727e+03
4493,1.5343011618e+00,5.7749962807e+00,7.0215478539e-02,5.8979140625e+03
4494,1.5344761610e+00,5.7599964142e+00,7.1027487516e-02,5.8298989258e+03
4495,1.5345761776e+00,5.7299966812e+00,6.9850854576e-02,5.9092895508e+03
4496,1.5348511934e+00,5.7549962997e+00,7.0790506899e-02,5.8340869141e+03
4497,1.5345761776e+00,5.7699966431e+00,7.0189587772e-02,5.9324096680e+03
4498,1.5346009731e+00,5.7949967384e+00,7.0940531790e-02,5.7950371094e+03
4499,1.5345009565e+00,5.7999963760e+00,7.0357270539e-02,5.9970146484e+03
4500,1.5345507860e+00,5.8449969292e+00,7.3433823884e-02,5.8242851562e+03
4501,1.5348010063e+00,5.8449964523e+00,6.8812228739e-02,6.0438061523e+03
4502,1.5350008011e+00,5.8349967003e+00,7.3575004935e-02,5.7708671875e+03
4503,1.5348007679e+00,5.9299960136e+00,6.9568574429e-02,6.1197968750e+03
4504,1.5347507000e+00,5.8999967575e+00,7.2907358408e-02,5.8781083984e+03
4505,1.5346256495e+00,5.8899965286e+00,7.0867158473e-02,5.9598911133e+03
4506,1.5347507000e+00,5.8949966431e+00,7.3541440070e-02,5.8829389648e+03
4507,1.5345757008e+00,5.9149966240e+00,7.1516759694e-02,5.9758847656e+03
4508,1.5344505310e+00,5.9249963760e+00,7.3180586100e-02,5.8966313477e+03
4509,1.5345504284e+00,5.9699964523e+00,7.2398580611e-02,5.9040820312e+03
4510,1.5349004269e+00,5.9649963379e+00,7.3830805719e-02,5.9013579102e+03
4511,1.5344254971e+00,6.0049962997e+00,7.1971118450e-02,5.9259941406e+03
4512,1.5344753265e+00,5.9799962044e+00,7.4024856091e-02,5.8843486328e+03
4513,1.5344753265e+00,5.9699964523e+00,7.2099961340e-02,5.9748696289e+03
4514,1.5347003937e+00,5.9699964523e+00,7.3431856930e-02,5.9361733398e+03
4515,1.5345752239e+00,5.9549965858e+00,7.2848007083e-02,5.9731083984e+03
4516,1.5346252918e+00,5.9949960709e+00,7.4241667986e-02,5.9226914062e+03
4517,1.5346251726e+00,5.9649963379e+00,7.4253469706e-02,5.9576855469e+03
4518,1.5347001553e+00,6.0049962997e+00,7.4195370078e-02,5.9569379883e+03
4519,1.5344750881e+00,5.9999961853e+00,7.4327498674e-02,5.9197861328e+03
4520,1.5346500874e+00,6.0799961090e+00,7.4834100902e-02,5.9437060547e+03
4521,1.5346250534e+00,6.0699963570e+00,7.4768424034e-02,5.8810419922e+03
4522,1.5344749689e+00,6.0949959755e+00,7.5448609889e-02,5.8871494141e+03
4523,1.5345001221e+00,6.1049962044e+00,7.3523789644e-02,6.0080766602e+03
4524,1.5348000526e+00,6.0699963570e+00,7.5855836272e-02,5.8855039062e+03
4525,1.5346748829e+00,6.0699963570e+00,7.4440248311e-02,6.1156630859e+03
4526,1.5346999168e+00,6.0999960899e+00,7.5564712286e-02,5.8962192383e+03
4527,1.5351998806e+00,6.1149964333e+00,7.5379595160e-02,6.1328901367e+03
4528,1.5354747772e+00,6.0499963760e+00,7.5891874731e-02,6.0032568359e+03
4529,1.5353497267e+00,6.0749959946e+00,7.6565757394e-02,6.0344492188e+03
4530,1.5353497267e+00,6.0699963570e+00,7.6323330402e-02,6.0235615234e+03
4531,1.5352246761e+00,6.1049962044e+00,7.6708287001e-02,6.0109326172e+03
4532,1.5351746082e+00,6.0949964523e+00,7.7425137162e-02,5.9460400391e+03
4533,1.5348995924e+00,6.1599965096e+00,7.7700771391e-02,5.9462563477e+03
4534,1.5350996256e+00,6.2649955750e+00,7.8242473304e-02,5.9088657227e+03
4535,1.5353494883e+00,6.1999959946e+00,7.6607182622e-02,5.9637661133e+03
4536,1.5350744724e+00,6.1999959946e+00,7.8236751258e-02,5.8851352539e+03
4537,1.5349242687e+00,6.1549963951e+00,7.7323779464e-02,5.9715517578e+03
4538,1.5346493721e+00,6.1749963760e+00,7.7512465417e-02,5.9959409180e+03
4539,1.5345243216e+00,6.1949963570e+00,7.6712720096e-02,5.9873564453e+03
4540,1.5347492695e+00,6.2299962044e+00,7.8316539526e-02,5.9312646484e+03
4541,1.5353493690e+00,6.2249960899e+00,7.8016571701e-02,5.9509155273e+03
4542,1.5349743366e+00,6.2349963188e+00,7.9247832298e-02,5.8509101562e+03
4543,1.5349993706e+00,6.2499961853e+00,7.7476970851e-02,6.0041137695e+03
4544,1.5350992680e+00,6.2549962997e+00,7.7966630459e-02,5.9842758789e+03
4545,1.5354490280e+00,6.2599959373e+00,7.7993310988e-02,6.0049653320e+03
4546,1.5353491306e+00,6.2599959373e+00,7.9201728106e-02,5.9559282227e+03
4547,1.5353242159e+00,6.2299957275e+00,7.8776195645e-02,6.0000234375e+03
4548,1.5354990959e+00,6.2399959564e+00,7.8460410237e-02,6.0558681641e+03
4549,1.5353989601e+00,6.2449965477e+00,7.8392617404e-02,6.0084414062e+03
4550,1.5351488590e+00,6.2799963951e+00,8.0058470368e-02,6.0205014648e+03
4551,1.5352239609e+00,6.2699961662e+00,7.8589066863e-02,6.0275678711e+03
4552,1.5352238417e+00,6.2849965096e+00,7.9699151218e-02,6.0235727539e+03
4553,1.5349739790e+00,6.3099966049e+00,7.9012222588e-02,6.0699267578e+03
4554,1.5353989601e+00,6.2799963951e+00,7.9790323973e-02,6.0185263672e+03
4555,1.5351238251e+00,6.2849965096e+00,7.8665822744e-02,6.1177666016e+03
4556,1.5352487564e+00,6.3149962425e+00,8.1066399813e-02,6.0054814453e+03
4557,1.5353987217e+00,6.2899961472e+00,7.8782401979e-02,6.1261362305e+03
4558,1.5354988575e+00,6.3599958420e+00,8.1469178200e-02,6.0128154297e+03
4559,1.5355737209e+00,6.3699960709e+00,7.8454963863e-02,6.1899428711e+03
4560,1.5353988409e+00,6.3399963379e+00,8.0795779824e-02,6.0104560547e+03
4561,1.5355987549e+00,6.2949962616e+00,7.9354859889e-02,6.1293022461e+03
4562,1.5355737209e+00,6.3649964333e+00,8.2082979381e-02,5.9992563477e+03
4563,1.5355486870e+00,6.3349962234e+00,8.0493085086e-02,6.1526865234e+03
4564,1.5356734991e+00,6.3699960709e+00,8.1238761544e-02,5.9861206055e+03
4565,1.5353735685e+00,6.3949961662e+00,7.9728275537e-02,6.1490834961e+03
4566,1.5355485678e+00,6.3499960899e+00,8.1448204815e-02,5.9910971680e+03
4567,1.5354735851e+00,6.4099965096e+00,8.1463448703e-02,6.1397402344e+03
4568,1.5355736017e+00,6.3749961853e+00,8.1664271653e-02,6.0348369141e+03
4569,1.5357484818e+00,6.4199957848e+00,8.2429505885e-02,6.0306401367e+03
4570,1.5355234146e+00,6.4349956512e+00,8.1720948219e-02,6.0785234375e+03
4571,1.5355234146e+00,6.4749960899e+00,8.2032680511e-02,6.0241162109e+03
4572,1.5358735323e+00,6.4649958611e+00,8.2502685487e-02,6.0699790039e+03
4573,1.5361733437e+00,6.4049959183e+00,8.2200191915e-02,6.0172382812e+03
4574,1.5358984470e+00,6.4299960136e+00,8.2711696625e-02,6.0458037109e+03
4575,1.5357732773e+00,6.4649958611e+00,8.2809582353e-02,5.9873339844e+03
4576,1.5356482267e+00,6.4649963379e+00,8.2290314138e-02,6.0950678711e+03
4577,1.5353481770e+00,6.4749960899e+00,8.2110375166e-02,5.9902578125e+03
4578,1.5357482433e+00,6.4399957657e+00,8.2573242486e-02,6.1098823242e+03
4579,1.5357482433e+00,6.4899959564e+00,8.3084322512e-02,6.0711845703e+03
4580,1.5358229876e+00,6.4449958801e+00,8.0365881324e-02,6.1594453125e+03
4581,1.5355981588e+00,6.4899959564e+00,8.5186913610e-02,5.9408491211e+03
4582,1.5353231430e+00,6.4749960899e+00,8.0170467496e-02,6.2694038086e+03
4583,1.5352730751e+00,6.4949960709e+00,8.5145577788e-02,5.9555986328e+03
4584,1.5355732441e+00,6.5199961662e+00,8.0832332373e-02,6.2925048828e+03
4585,1.5357232094e+00,6.4749956131e+00,8.6208470166e-02,5.9717119141e+03
4586,1.5359730721e+00,6.4599962234e+00,8.2931339741e-02,6.2502412109e+03
4587,1.5357480049e+00,6.5349965096e+00,8.4080487490e-02,6.1698994141e+03
4588,1.5359228849e+00,6.5149965286e+00,8.4039501846e-02,6.1842070312e+03
4589,1.5359728336e+00,6.4699964523e+00,8.5076093674e-02,6.1324179688e+03
4590,1.5359729528e+00,6.5199956894e+00,8.3635434508e-02,6.2366601562e+03
4591,1.5355478525e+00,6.5899958611e+00,8.4849998355e-02,6.2029326172e+03
4592,1.5359479189e+00,6.5349960327e+00,8.5233658552e-02,6.1786049805e+03
4593,1.5359227657e+00,6.5449957848e+00,8.4389716387e-02,6.1923730469e+03
4594,1.5358728170e+00,6.6049957275e+00,8.4648989141e-02,6.1542861328e+03
4595,1.5357227325e+00,6.5249958038e+00,8.5260830820e-02,6.0945180664e+03
4596,1.5358479023e+00,6.5599956512e+00,8.5049197078e-02,6.1197841797e+03
4597,1.5360977650e+00,6.6399955750e+00,8.5194721818e-02,6.0586293945e+03
4598,1.5360227823e+00,6.5399956703e+00,8.6529873312e-02,5.8867783203e+03
4599,1.5359977484e+00,6.5099959373e+00,8.7410099804e-02,6.0414033203e+03
4600,1.5356225967e+00,6.5849962234e+00,8.5848629475e-02,6.1152919922e+03
4601,1.5355727673e+00,6.5549960136e+00,8.4881812334e-02,6.0353115234e+03
4602,1.5358476639e+00,6.5349955559e+00,8.4906950593e-02,6.1885434570e+03
4603,1.5354975462e+00,6.5949959755e+00,8.5070088506e-02,6.2096054688e+03
4604,1.5354725122e+00,6.6249957085e+00,8.5432007909e-02,6.2681972656e+03
4605,1.5356973410e+00,6.5449957848e+00,8.4892205894e-02,6.3374819336e+03
4606,1.5356224775e+00,6.5549960136e+00,8.4602266550e-02,6.3592363281e+03
4607,1.5357224941e+00,6.5749959946e+00,8.8096700609e-02,6.3683945312e+03
4608,1.5363223553e+00,6.5549955368e+00,8.4666080773e-02,6.4342763672e+03
4609,1.5359475613e+00,6.5599956512e+00,8.5991628468e-02,6.2819472656e+03
4610,1.5358973742e+00,6.5649957657e+00,8.5521683097e-02,6.4528447266e+03
4611,1.5355973244e+00,6.6349954605e+00,8.7653212249e-02,6.2509560547e+03
4612,1.5356973410e+00,6.6099963188e+00,8.5781291127e-02,6.4540356445e+03
4613,1.5357222557e+00,6.5549960136e+00,8.8134951890e-02,6.2414882812e+03
4614,1.5355222225e+00,6.6449961662e+00,8.5399150848e-02,6.3387597656e+03
4615,1.5356472731e+00,6.5549964905e+00,8.8636629283e-02,6.2525820312e+03
4616,1.5357471704e+00,6.5749959946e+00,8.5742436349e-02,6.3635410156e+03
4617,1.5355222225e+00,6.6349959373e+00,8.9688807726e-02,6.2273779297e+03
4618,1.5356222391e+00,6.6149959564e+00,8.5127741098e-02,6.3798535156e+03
4619,1.5356221199e+00,6.5999956131e+00,8.8968954980e-02,6.2362397461e+03
4620,1.5356218815e+00,6.5649962425e+00,8.6071163416e-02,6.4144409180e+03
4621,1.5358971357e+00,6.5549955368e+00,8.9197821915e-02,6.2025136719e+03
4622,1.5357221365e+00,6.5499958992e+00,8.7977088988e-02,6.4035541992e+03
4623,1.5357971191e+00,6.6399955750e+00,8.8811591268e-02,6.1760048828e+03
4624,1.5357719660e+00,6.5449957848e+00,8.8098078966e-02,6.3470458984e+03
4625,1.5356969833e+00,6.5299959183e+00,8.7607137859e-02,6.2209443359e+03
4626,1.5362218618e+00,6.5499958992e+00,8.8287293911e-02,6.2761064453e+03
4627,1.5355718136e+00,6.4549961090e+00,8.9175537229e-02,6.2322280273e+03
4628,1.5354218483e+00,6.5949964523e+00,8.9232295752e-02,6.2544311523e+03
4629,1.5359218121e+00,6.5699963570e+00,9.0239189565e-02,6.1991337891e+03
4630,1.5357218981e+00,6.5599956512e+00,8.9151829481e-02,6.2835595703e+03
4631,1.5362719297e+00,6.4849958420e+00,8.9330643415e-02,6.2408593750e+03
4632,1.5356969833e+00,6.5349960327e+00,8.8915511966e-02,6.3137236328e+03
4633,1.5355968475e+00,6.5949959755e+00,9.0414799750e-02,6.2642944336e+03
4634,1.5356217623e+00,6.4599962234e+00,8.7967120111e-02,6.4124326172e+03
4635,1.5355467796e+00,6.5349965096e+00,9.1845832765e-02,6.2384755859e+03
4636,1.5359717607e+00,6.5799961090e+00,8.8348522782e-02,6.5171655273e+03
4637,1.5355467796e+00,6.6099958420e+00,9.1395981610e-02,6.2468808594e+03
4638,1.5355216265e+00,6.5349955559e+00,8.8740661740e-02,6.4833041992e+03
4639,1.5361717939e+00,6.5199966431e+00,9.1386973858e-02,6.3279531250e+03
4640,1.5356466770e+00,6.5099959373e+00,9.0059101582e-02,6.4714194336e+03
4641,1.5358967781e+00,6.4949960709e+00,9.0564921498e-02,6.3746801758e+03
4642,1.5358965397e+00,6.5449962616e+00,8.9132539928e-02,6.4973613281e+03
4643,1.5353715420e+00,6.5549960136e+00,9.2125706375e-02,6.3214384766e+03
4644,1.5352715254e+00,6.5099964142e+00,8.9725784957e-02,6.4637070312e+03
4645,1.5355715752e+00,6.4949960709e+00,9.0338245034e-02,6.3869101562e+03
4646,1.5356965065e+00,6.5899958611e+00,9.0937368572e-02,6.5340302734e+03
4647,1.5356215239e+00,6.5899963379e+00,8.9909784496e-02,6.6627373047e+03
4648,1.5357215405e+00,6.5649957657e+00,9.0784512460e-02,6.6360273438e+03
4649,1.5354464054e+00,6.5299959183e+00,9.0801350772e-02,6.6936499023e+03
4650,1.5355465412e+00,6.4799962044e+00,9.1879494488e-02,6.6105683594e+03
4651,1.5355713367e+00,6.4449958801e+00,9.1290242970e-02,6.6607026367e+03
4652,1.5355713367e+00,6.5449957848e+00,9.0951479971e-02,6.5768784180e+03
4653,1.5355964899e+00,6.5249958038e+00,9.0953782201e-02,6.5748574219e+03
4654,1.5353963375e+00,6.5349960327e+00,9.1637477279e-02,6.5678388672e+03
4655,1.5354714394e+00,6.4849958420e+00,9.1540850699e-02,6.5891162109e+03
4656,1.5352963209e+00,6.4699959755e+00,9.0123027563e-02,6.6104536133e+03
4657,1.5355962515e+00,6.4449963570e+00,9.1260462999e-02,6.6131054688e+03
4658,1.5356963873e+00,6.4449963570e+00,9.1102413833e-02,6.5854033203e+03
4659,1.5356463194e+00,6.4599957466e+00,9.2137277126e-02,6.6021464844e+03
4660,1.5353713036e+00,6.3799962997e+00,9.1595977545e-02,6.5908940430e+03
4661,1.5353711843e+00,6.4749960899e+00,9.1694571078e-02,6.5742539062e+03
4662,1.5349961519e+00,6.4199957848e+00,9.2472165823e-02,6.5668798828e+03
4663,1.5352962017e+00,6.4099965096e+00,9.3156255782e-02,6.5212255859e+03
4664,1.5353211164e+00,6.3849964142e+00,9.1993786395e-02,6.5312460938e+03
4665,1.5353962183e+00,6.4999957085e+00,9.2806592584e-02,6.5164375000e+03
4666,1.5353711843e+00,6.3849959373e+00,9.2874884605e-02,6.5127431641e+03
4667,1.5351961851e+00,6.3499956131e+00,9.0693436563e-02,6.5425375977e+03
4668,1.5353710651e+00,6.3899960518e+00,8.9864447713e-02,6.5960917969e+03
4669,1.5352960825e+00,6.3149962425e+00,9.1376505792e-02,6.6271787109e+03
4670,1.5348210335e+00,6.3649964333e+00,9.1081157327e-02,6.6772734375e+03
4671,1.5349709988e+00,6.3599958420e+00,9.1760158539e-02,6.7030380859e+03
4672,1.5347460508e+00,6.3449959755e+00,9.1710045934e-02,6.7346064453e+03
4673,1.5354210138e+00,6.3499960899e+00,9.1852016747e-02,6.7475415039e+03
4674,1.5356460810e+00,6.3249959946e+00,9.2110790312e-02,6.7667846680e+03
4675,1.5354210138e+00,6.2249960899e+00,9.2373691499e-02,6.7664204102e+03
4676,1.5347709656e+00,6.2549958229e+00,9.2535600066e-02,6.7668554688e+03
4677,1.5347959995e+00,6.2449965477e+00,9.2474639416e-02,6.7870400391e+03
4678,1.5351459980e+00,6.1499967575e+00,9.2562325299e-02,6.7918305664e+03
4679,1.5349209309e+00,6.0649962425e+00,9.2687979341e-02,6.7880898438e+03
4680,1.5349960327e+00,6.1899962425e+00,9.2651881278e-02,6.7793925781e+03
4681,1.5353459120e+00,6.0299963951e+00,9.2603899539e-02,6.7836645508e+03
4682,1.5350710154e+00,6.0699963570e+00,9.2618480325e-02,6.7794702148e+03
4683,1.5351459980e+00,6.0449962616e+00,9.2593371868e-02,6.7386088867e+03
4684,1.5349708796e+00,6.0299963951e+00,9.2417702079e-02,6.8138310547e+03
4685,1.5350458622e+00,6.0699958801e+00,9.2149160802e-02,6.8377758789e+03
4686,1.5348958969e+00,5.9849963188e+00,9.1946795583e-02,6.9340507812e+03
4687,1.5351709127e+00,5.8799967766e+00,9.2109769583e-02,7.0220151367e+03
4688,1.5349209309e+00,5.8899965286e+00,9.2285327613e-02,7.0677060547e+03
4689,1.5350208282e+00,5.8799962997e+00,9.2828132212e-02,7.0792163086e+03
4690,1.5347456932e+00,5.9099965096e+00,9.2894822359e-02,7.0853046875e+03
4691,1.5350956917e+00,5.8699965477e+00,9.3397073448e-02,7.0689741211e+03
4692,1.5352456570e+00,5.9299969673e+00,9.3484275043e-02,7.0177958984e+03
4693,1.5349957943e+00,5.8849964142e+00,9.3624062836e-02,6.9853369141e+03
4694,1.5344207287e+00,5.7999963760e+00,9.3805775046e-02,6.9183505859e+03
4695,1.5349957943e+00,5.8349967003e+00,9.3760170043e-02,6.8744804688e+03
4696,1.5350457430e+00,5.7449970245e+00,9.3686714768e-02,6.8142631836e+03
4697,1.5348957777e+00,5.7649965286e+00,9.3781426549e-02,6.7894741211e+03
4698,1.5348707438e+00,5.7549967766e+00,9.3623451889e-02,6.7757890625e+03
4699,1.5348706245e+00,5.6849966049e+00,9.3502640724e-02,6.7753686523e+03
4700,1.5347957611e+00,5.7899966240e+00,9.3550674617e-02,6.7816064453e+03
4701,1.5347706079e+00,5.7399964333e+00,9.3613505363e-02,6.7907724609e+03
4702,1.5347957611e+00,5.7349967957e+00,9.3938536942e-02,6.7901494141e+03
4703,1.5347206593e+00,5.7099971771e+00,9.3886569142e-02,6.8261333008e+03
4704,1.5346957445e+00,5.6249971390e+00,9.4440266490e-02,6.8274624023e+03
4705,1.5348457098e+00,5.5849967003e+00,9.3992665410e-02,6.8520986328e+03
4706,1.5344957113e+00,5.6549968719e+00,9.4133250415e-02,6.8590795898e+03
4707,1.5346207619e+00,5.6749968529e+00,9.4349488616e-02,6.8604033203e+03
4708,1.5348957777e+00,5.6649966240e+00,9.4209082425e-02,6.8832812500e+03
4709,1.5347958803e+00,5.6699962616e+00,9.4208754599e-02,6.8922929688e+03
4710,1.5350458622e+00,5.5899963379e+00,9.4227470458e-02,6.9175927734e+03
4711,1.5347458124e+00,5.5949969292e+00,9.4663992524e-02,6.9218339844e+03
4712,1.5347958803e+00,5.6549968719e+00,9.4726517797e-02,6.9446171875e+03
4713,1.5350959301e+00,5.5549964905e+00,9.4599582255e-02,6.9696450195e+03
4714,1.5349210501e+00,5.5999970436e+00,9.4833716750e-02,6.9929072266e+03
4715,1.5348962545e+00,5.6299962997e+00,9.4650864601e-02,7.0432080078e+03
4716,1.5349214077e+00,5.5049967766e+00,9.4632662833e-02,7.0629853516e+03
4717,1.5350215435e+00,5.5149970055e+00,9.4967447221e-02,7.0929667969e+03
4718,1.5350216627e+00,5.5249967575e+00,9.4800844789e-02,7.1218681641e+03
4719,1.5350967646e+00,5.5199966431e+00,9.4919055700e-02,7.1063657227e+03
4720,1.5345717669e+00,5.4799966812e+00,9.5195613801e-02,7.1047553711e+03
4721,1.5347220898e+00,5.4649963379e+00,9.5234535635e-02,7.1350107422e+03
4722,1.5347471237e+00,5.5549964905e+00,9.5347285271e-02,7.1048334961e+03
4723,1.5350723267e+00,5.4749965668e+00,9.5322474837e-02,7.1092109375e+03
4724,1.5346225500e+00,5.5799965858e+00,9.4845943153e-02,7.0894243164e+03
4725,1.5345227718e+00,5.5449972153e+00,9.6312575042e-02,7.0333339844e+03
4726,1.5347976685e+00,5.4599962234e+00,9.5901072025e-02,6.9191357422e+03
4727,1.5346978903e+00,5.4899964333e+00,9.5348954201e-02,7.0002065430e+03
4728,1.5347731113e+00,5.4549965858e+00,9.5273450017e-02,7.0031152344e+03
4729,1.5347733498e+00,5.3599967957e+00,9.5242612064e-02,7.0295473633e+03
4730,1.5345234871e+00,5.3149967194e+00,9.5394194126e-02,7.0627333984e+03
4731,1.5346486568e+00,5.3599967957e+00,9.5631018281e-02,7.1012309570e+03
4732,1.5348238945e+00,5.2749972343e+00,9.4634287059e-02,7.1557578125e+03
4733,1.5347487926e+00,5.2399969101e+00,9.4596773386e-02,7.2587631836e+03
4734,1.5342742205e+00,5.2849965096e+00,9.4516627491e-02,7.3289760742e+03
4735,1.5347992182e+00,5.2699966431e+00,9.4766676426e-02,7.3914096680e+03
4736,1.5346994400e+00,5.2399964333e+00,9.4821162522e-02,7.4577099609e+03
4737,1.5345995426e+00,5.3049969673e+00,9.4765588641e-02,7.4792226562e+03
4738,1.5345247984e+00,5.2399969101e+00,9.4985648990e-02,7.5078779297e+03
4739,1.5340498686e+00,5.3699970245e+00,9.6492454410e-02,7.4477119141e+03
4740,1.5345500708e+00,5.3099966049e+00,9.6666872501e-02,7.3701489258e+03
4741,1.5342752934e+00,5.2899971008e+00,9.7485423088e-02,7.3118593750e+03
4742,1.5348504782e+00,5.2549972534e+00,9.6690215170e-02,7.2504653320e+03
4743,1.5347756147e+00,5.3749971390e+00,9.7861632705e-02,7.1369931641e+03
4744,1.5346509218e+00,5.3049964905e+00,9.4836115837e-02,6.8245830078e+03
4745,1.5347259045e+00,5.3699970245e+00,8.7692879140e-02,6.0813149414e+03
4746,1.5349260569e+00,5.2549967766e+00,8.8069029152e-02,6.4854575195e+03
4747,1.5347512960e+00,5.2899971008e+00,9.5314785838e-02,6.7565473633e+03
4748,1.5344514847e+00,5.3649969101e+00,9.5146283507e-02,7.0109770508e+03
4749,1.5347266197e+00,5.3899970055e+00,9.6577830613e-02,6.9345634766e+03
4750,1.5345768929e+00,5.4049963951e+00,9.6938267350e-02,6.9742036133e+03
4751,1.5348520279e+00,5.4399962425e+00,9.6727505326e-02,6.8568857422e+03
4752,1.5343770981e+00,5.3649973869e+00,9.5834843814e-02,6.9307807617e+03
4753,1.5345023870e+00,5.4299969673e+00,9.5762237906e-02,6.7824829102e+03
4754,1.5347024202e+00,5.3649964333e+00,9.6152313054e-02,6.8470400391e+03
4755,1.5346026421e+00,5.4099969864e+00,9.6437960863e-02,6.7982944336e+03
4756,1.5346279144e+00,5.4299969673e+00,9.4987809658e-02,6.8580913086e+03
4757,1.5347280502e+00,5.4499974251e+00,9.6221327782e-02,6.7975981445e+03
4758,1.5345282555e+00,5.4699964523e+00,9.3659751117e-02,7.0396333008e+03
4759,1.5346534252e+00,5.4449968338e+00,9.5100648701e-02,6.9550971680e+03
4760,1.5345034599e+00,5.3599967957e+00,9.4067782164e-02,7.1640703125e+03
4761,1.5348036289e+00,5.4149966240e+00,9.4532832503e-02,7.2612514648e+03
4762,1.5346537828e+00,5.3599967957e+00,9.5136702061e-02,7.2585512695e+03
4763,1.5349037647e+00,5.4249968529e+00,9.4937101007e-02,7.3306264648e+03
4764,1.5347288847e+00,5.4049968719e+00,9.5885515213e-02,7.2771103516e+03
4765,1.5346289873e+00,5.4549970627e+00,9.6180602908e-02,7.2952924805e+03
4766,1.5345540047e+00,5.4349966049e+00,9.6767298877e-02,7.2985219727e+03
4767,1.5344792604e+00,5.5649967194e+00,9.6579544246e-02,7.2649433594e+03
4768,1.5347541571e+00,5.4799971581e+00,9.6040509641e-02,7.2720244141e+03
4769,1.5344543457e+00,5.4649963379e+00,9.5925010741e-02,7.2533364258e+03
4770,1.5347545147e+00,5.5099973679e+00,9.7717359662e-02,7.1887832031e+03
4771,1.5343544483e+00,5.4699969292e+00,9.6828490496e-02,7.2519887695e+03
4772,1.5346045494e+00,5.4599967003e+00,9.7511895001e-02,7.1078525391e+03
4773,1.5345547199e+00,5.4149966240e+00,9.6074514091e-02,7.1355966797e+03
4774,1.5345798731e+00,5.3649969101e+00,9.6678614616e-02,7.0521972656e+03
4775,1.5349049568e+00,5.3999967575e+00,9.7161076963e-02,6.9441337891e+03
4776,1.5346801281e+00,5.3949971199e+00,9.7379907966e-02,6.9238061523e+03
4777,1.5349301100e+00,5.3349967003e+00,9.7207874060e-02,6.8500009766e+03
4778,1.5347301960e+00,5.3299970627e+00,9.7088262439e-02,6.8293754883e+03
4779,1.5345304012e+00,5.2749967575e+00,9.6997320652e-02,6.8034521484e+03
4780,1.5346053839e+00,5.2449965477e+00,9.7124680877e-02,6.7896416016e+03
4781,1.5346554518e+00,5.2849969864e+00,9.7000472248e-02,6.7952060547e+03
4782,1.5349557400e+00,5.2499971390e+00,9.6808083355e-02,6.8320766602e+03
4783,1.5346556902e+00,5.1949968338e+00,9.6529312432e-02,6.8663681641e+03
4784,1.5346307755e+00,5.2199964523e+00,9.6623703837e-02,6.9771752930e+03
4785,1.5346308947e+00,5.2249970436e+00,9.6548750997e-02,7.0931342773e+03
4786,1.5345809460e+00,5.2599968910e+00,9.6434652805e-02,7.1711030273e+03
4787,1.5344810486e+00,5.2299971581e+00,9.5549859107e-02,7.3683437500e+03
4788,1.5346810818e+00,5.1749968529e+00,9.4574898481e-02,7.7202768555e+03
4789,1.5345312357e+00,5.2149972916e+00,9.5103010535e-02,8.0142094727e+03
4790,1.5342062712e+00,5.1999969482e+00,9.5852054656e-02,8.0699750977e+03
4791,1.5346063375e+00,5.2599968910e+00,9.6851788461e-02,8.0563857422e+03
4792,1.5345064402e+00,5.2199974060e+00,9.7328133881e-02,8.0407114258e+03
4793,1.5346316099e+00,5.1799974442e+00,9.7669079900e-02,7.9618276367e+03
4794,1.5346817970e+00,5.2299966812e+00,9.8408468068e-02,7.8056621094e+03
4795,1.5344318151e+00,5.2399969101e+00,9.8848342896e-02,7.6468876953e+03
4796,1.5345569849e+00,5.2249970436e+00,9.8795689642e-02,7.5049726562e+03
4797,1.5345571041e+00,5.2249970436e+00,9.8686560988e-02,7.2854853516e+03
4798,1.5348070860e+00,5.2199969292e+00,9.9774502218e-02,7.1041171875e+03
4799,1.5343321562e+00,5.2749967575e+00,9.9107190967e-02,6.8893925781e+03
4800,1.5345573425e+00,5.2349972725e+00,9.9553689361e-02,6.6827392578e+03
4801,1.5345073938e+00,5.2649970055e+00,9.9213488400e-02,6.4997778320e+03
4802,1.5344574451e+00,5.2599968910e+00,9.8656564951e-02,6.3182690430e+03
4803,1.5345575809e+00,5.3049969673e+00,9.8468944430e-02,6.1711303711e+03
4804,1.5346577168e+00,5.1899971962e+00,9.7460292280e-02,6.1481762695e+03
4805,1.5345578194e+00,5.1749968529e+00,9.6641063690e-02,6.0339179688e+03
4806,1.5347328186e+00,5.2649970055e+00,9.6149384975e-02,6.2031308594e+03
4807,1.5343579054e+00,5.2399973869e+00,9.5040343702e-02,6.2228295898e+03
4808,1.5344079733e+00,5.3399963379e+00,9.6481025219e-02,6.2637353516e+03
4809,1.5346581936e+00,5.3449969292e+00,9.3568913639e-02,6.6017363281e+03
4810,1.5344331264e+00,5.3099966049e+00,9.5616415143e-02,6.4635063477e+03
4811,1.5342582464e+00,5.3049969673e+00,9.4083450735e-02,6.9187153320e+03
4812,1.5343083143e+00,5.3549966812e+00,9.4150237739e-02,6.7940620117e+03
4813,1.5343334675e+00,5.3149967194e+00,9.6226498485e-02,7.0729931641e+03
4814,1.5346335173e+00,5.3599967957e+00,9.3969374895e-02,7.1204311523e+03
4815,1.5345085859e+00,5.3499975204e+00,9.4515100121e-02,7.3128447266e+03
4816,1.5348336697e+00,5.3599963188e+00,9.6457198262e-02,7.2440810547e+03
4817,1.5343837738e+00,5.2999968529e+00,9.6622966230e-02,7.5251948242e+03
4818,1.5344839096e+00,5.2449965477e+00,9.4710297883e-02,7.4152548828e+03
4819,1.5345839262e+00,5.2549967766e+00,9.4817012548e-02,7.5928994141e+03
4820,1.5347090960e+00,5.3299970627e+00,9.6655026078e-02,7.4330986328e+03
4821,1.5347341299e+00,5.3099966049e+00,9.8167359829e-02,7.5326166992e+03
4822,1.5343842506e+00,5.3199963570e+00,9.5602527261e-02,7.5180083008e+03
4823,1.5341093540e+00,5.2299966812e+00,9.7198836505e-02,7.4492250977e+03
4824,1.5347844362e+00,5.2599968910e+00,9.6873953938e-02,7.3429716797e+03
4825,1.5347344875e+00,5.2099971771e+00,9.6592806280e-02,7.3429829102e+03
4826,1.5346094370e+00,5.2399964333e+00,9.6950545907e-02,7.1488500977e+03
4827,1.5343596935e+00,5.2449965477e+00,9.8222643137e-02,7.1429340820e+03
4828,1.5342845917e+00,5.2449970245e+00,9.7079232335e-02,7.0348041992e+03
4829,1.5345848799e+00,5.2749967575e+00,9.8411172628e-02,6.9169135742e+03
4830,1.5345599651e+00,5.2549967766e+00,9.6890784800e-02,6.9085380859e+03
4831,1.5349849463e+00,5.2499971390e+00,9.9144175649e-02,6.7203847656e+03
4832,1.5344849825e+00,5.2049970627e+00,9.6109837294e-02,6.7367319336e+03
4833,1.5345851183e+00,5.1949968338e+00,9.7759433091e-02,6.5584555664e+03
4834,1.5349352360e+00,5.2449965477e+00,9.5248177648e-02,6.6054443359e+03
4835,1.5347602367e+00,5.1899967194e+00,9.7918361425e-02,6.3926821289e+03
4836,1.5346853733e+00,5.2349967957e+00,9.4996631145e-02,6.5471752930e+03
4837,1.5345854759e+00,5.2099967003e+00,9.6805609763e-02,6.2988188477e+03
4838,1.5344104767e+00,5.1849966049e+00,9.4359733164e-02,6.4697597656e+03
4839,1.5348355770e+00,5.1849966049e+00,9.7869537771e-02,6.2469487305e+03
4840,1.5348355770e+00,5.1699967384e+00,9.1408260167e-02,6.5701650391e+03
4841,1.5346108675e+00,5.2499966621e+00,9.8642371595e-02,6.1557749023e+03
4842,1.5344858170e+00,5.3049964905e+00,8.9939691126e-02,6.7400825195e+03
4843,1.5346608162e+00,5.1499972343e+00,9.4064921141e-02,6.4314316406e+03
4844,1.5349359512e+00,5.1899967194e+00,9.1833598912e-02,6.5486220703e+03
4845,1.5349111557e+00,5.1849966049e+00,9.6523396671e-02,6.5367304688e+03
4846,1.5345861912e+00,5.2299971581e+00,9.1359257698e-02,6.7718354492e+03
4847,1.5345362425e+00,5.1449971199e+00,9.5789104700e-02,6.6687236328e+03
4848,1.5346864462e+00,5.2049965858e+00,9.1807894409e-02,6.9437651367e+03
4849,1.5348365307e+00,5.1249966621e+00,9.5012046397e-02,6.7739829102e+03
4850,1.5348863602e+00,5.1549968719e+00,9.1517083347e-02,7.1193369141e+03
4851,1.5346366167e+00,5.1949968338e+00,9.7731530666e-02,6.6941782227e+03
4852,1.5346616507e+00,5.1499967575e+00,9.0559452772e-02,7.4133232422e+03
4853,1.5345116854e+00,5.1699967384e+00,9.7802840173e-02,6.6763432617e+03
4854,1.5346615314e+00,5.2249965668e+00,9.3931667507e-02,7.3212866211e+03
4855,1.5348367691e+00,5.2049970627e+00,9.7776032984e-02,7.1194677734e+03
4856,1.5343618393e+00,5.2249970436e+00,9.2987939715e-02,7.2981230469e+03
4857,1.5345119238e+00,5.2049970627e+00,9.6492163837e-02,6.9800698242e+03
4858,1.5344119072e+00,5.1899967194e+00,9.2034041882e-02,7.2553837891e+03
4859,1.5343871117e+00,5.1799969673e+00,9.7494736314e-02,6.9020322266e+03
4860,1.5347621441e+00,5.1199970245e+00,9.2150315642e-02,7.1479570312e+03
4861,1.5346621275e+00,5.1749968529e+00,9.6437133849e-02,6.7922832031e+03
4862,1.5345622301e+00,5.0649971962e+00,9.2811286449e-02,6.9517812500e+03
4863,1.5347373486e+00,5.1099967957e+00,9.8547443748e-02,6.5972285156e+03
4864,1.5345121622e+00,5.1199970245e+00,9.2488139868e-02,6.8950927734e+03
4865,1.5346373320e+00,5.1749968529e+00,9.8292812705e-02,6.4227587891e+03
4866,1.5348123312e+00,5.1099967957e+00,9.0887174010e-02,6.8849858398e+03
4867,1.5346873999e+00,5.1249966621e+00,9.9436812103e-02,6.1695283203e+03
4868,1.5346622467e+00,5.1499967575e+00,8.9959762990e-02,6.9022167969e+03
4869,1.5345122814e+00,5.0799965858e+00,9.9741756916e-02,6.0358266602e+03
4870,1.5346372128e+00,5.1249966621e+00,9.7328826785e-02,6.5417275391e+03
4871,1.5346623659e+00,5.0999970436e+00,9.6168883145e-02,6.4998803711e+03
4872,1.5343624353e+00,5.1299962997e+00,9.3772679567e-02,6.4518398438e+03
4873,1.5345623493e+00,5.0449972153e+00,9.6005909145e-02,6.3384863281e+03
4874,1.5343122482e+00,5.0799970627e+00,9.3645013869e-02,6.4947514648e+03
4875,1.5342873335e+00,5.1099967957e+00,9.5125220716e-02,6.4109472656e+03
4876,1.5347623825e+00,5.1299972534e+00,9.3435786664e-02,6.5564663086e+03
4877,1.5342874527e+00,5.1399970055e+00,9.4765551388e-02,6.5070380859e+03
4878,1.5344122648e+00,5.1099967957e+00,9.3505986035e-02,6.6820815430e+03
4879,1.5346873999e+00,5.1149969101e+00,9.4067551196e-02,6.6379497070e+03
4880,1.5348124504e+00,5.1649966240e+00,9.3855686486e-02,6.8171713867e+03
4881,1.5352125168e+00,5.1049962044e+00,9.4674877822e-02,6.8089692383e+03
4882,1.5344872475e+00,5.0699963570e+00,9.3675382435e-02,7.0057900391e+03
4883,1.5343123674e+00,5.0249972343e+00,9.4711542130e-02,6.9730498047e+03
4884,1.5342622995e+00,5.0599970818e+00,9.4205737114e-02,7.1419384766e+03
4885,1.5344374180e+00,5.1199965477e+00,9.5010489225e-02,7.1968652344e+03
4886,1.5346623659e+00,5.0799965858e+00,9.4190873206e-02,7.3801826172e+03
4887,1.5343372822e+00,5.0799965858e+00,9.4979152083e-02,7.4198750000e+03
4888,1.5343872309e+00,5.0299968719e+00,9.4402968884e-02,7.6005122070e+03
4889,1.5343122482e+00,5.0949969292e+00,9.5690056682e-02,7.5387709961e+03
4890,1.5343123674e+00,5.0549969673e+00,9.5317088068e-02,7.6563437500e+03
4891,1.5346622467e+00,5.0849967003e+00,9.7273409367e-02,7.5426948242e+03
4892,1.5344372988e+00,4.9749970436e+00,9.6843093634e-02,7.6731503906e+03
4893,1.5340621471e+00,5.0599966049e+00,9.8295301199e-02,7.4060590820e+03
4894,1.5342621803e+00,5.0549969673e+00,9.8293259740e-02,7.4142700195e+03
4895,1.5341873169e+00,5.0649971962e+00,9.8451711237e-02,7.1841840820e+03
4896,1.5344623327e+00,5.1549968719e+00,9.8830997944e-02,7.1675004883e+03
4897,1.5342872143e+00,5.1299967766e+00,9.8418518901e-02,6.8203881836e+03
4898,1.5341871977e+00,5.1599965096e+00,9.8250120878e-02,6.8273789062e+03
4899,1.5344872475e+00,5.0849967003e+00,9.7354635596e-02,6.8206572266e+03
4900,1.5344121456e+00,5.1599969864e+00,9.8825238645e-02,6.6513642578e+03
4901,1.5344371796e+00,5.1599965096e+00,9.6717514098e-02,6.6831562500e+03
4902,1.5342622995e+00,5.2249965668e+00,1.0011797398e-01,6.4055205078e+03
4903,1.5342621803e+00,5.2199969292e+00,9.5780819654e-02,6.5551826172e+03
4904,1.5339622498e+00,5.1799964905e+00,1.0125704855e-01,6.2236816406e+03
4905,1.5342122316e+00,5.1849970818e+00,9.5442064106e-02,6.4351279297e+03
4906,1.5347373486e+00,5.2549967766e+00,1.0094199330e-01,6.0459091797e+03
4907,1.5345872641e+00,5.2099967003e+00,9.8147794604e-02,6.2545874023e+03
4908,1.5344122648e+00,5.3049964905e+00,9.8459348083e-02,6.1845664062e+03
4909,1.5343372822e+00,5.2449965477e+00,9.7342982888e-02,6.2281606445e+03
4910,1.5341372490e+00,5.2199964523e+00,9.6485458314e-02,6.2067690430e+03
4911,1.5342621803e+00,5.2699971199e+00,9.9055431783e-02,6.2177231445e+03
4912,1.5345371962e+00,5.2299966812e+00,9.5433935523e-02,6.3438032227e+03
4913,1.5344370604e+00,5.1899967194e+00,9.7836568952e-02,6.3276796875e+03
4914,1.5345622301e+00,5.2249965668e+00,9.5350719988e-02,6.5406420898e+03
4915,1.5342371464e+00,5.2199969292e+00,9.8891101778e-02,6.3828769531e+03
4916,1.5342872143e+00,5.1849970818e+00,9.5971710980e-02,6.7585341797e+03
4917,1.5347621441e+00,5.1299962997e+00,9.9031724036e-02,6.4923989258e+03
4918,1.5347622633e+00,5.2549962997e+00,9.5999702811e-02,6.9047724609e+03
4919,1.5345122814e+00,5.2049965858e+00,9.9592506886e-02,6.6165097656e+03
4920,1.5341870785e+00,5.1149969101e+00,9.6396863461e-02,7.0064697266e+03
4921,1.5340120792e+00,5.1999969482e+00,9.9191524088e-02,6.7128066406e+03
4922,1.5344622135e+00,5.2399969101e+00,9.7617991269e-02,7.0053334961e+03
4923,1.5345622301e+00,5.2149968147e+00,9.9332340062e-02,6.8886850586e+03
4924,1.5346372128e+00,5.2249970436e+00,9.9381297827e-02,6.8861997070e+03
4925,1.5341871977e+00,5.2599968910e+00,9.8674207926e-02,6.8926459961e+03
4926,1.5339870453e+00,5.2849965096e+00,9.8793357611e-02,6.8009379883e+03
4927,1.5340621471e+00,5.2049970627e+00,9.8734624684e-02,6.7401069336e+03
4928,1.5342121124e+00,5.1999969482e+00,9.9052257836e-02,6.6524780273e+03
4929,1.5348621607e+00,5.2649965286e+00,9.9442765117e-02,6.5921894531e+03
4930,1.5347871780e+00,5.3199963570e+00,9.9350981414e-02,6.5119877930e+03
4931,1.5345623493e+00,5.2099967003e+00,9.9408440292e-02,6.4435048828e+03
4932,1.5341620445e+00,5.2199964523e+00,9.9350653589e-02,6.3510957031e+03
4933,1.5343122482e+00,5.2499966621e+00,9.9701501429e-02,6.2914521484e+03
4934,1.5348122120e+00,5.1649971008e+00,9.9852360785e-02,6.1908242188e+03
4935,1.5349872112e+00,5.2099962234e+00,9.9429830909e-02,6.1304492188e+03
4936,1.5345122814e+00,5.2399964333e+00,1.0995283723e-01,6.0637397461e+03
4937,1.5347871780e+00,5.2649965286e+00,9.0986289084e-02,5.6508500977e+03
4938,1.5339370966e+00,5.3149967194e+00,8.7662972510e-02,5.2458779297e+03
4939,1.5342371464e+00,5.2899971008e+00,9.6997693181e-02,5.8854555664e+03
4940,1.5345623493e+00,5.2649960518e+00,9.5807321370e-02,5.9005405273e+03
4941,1.5346373320e+00,5.3799962997e+00,1.0092756897e-01,6.0000776367e+03
4942,1.5349872112e+00,5.2799963951e+00,9.3901522458e-02,6.0679848633e+03
4943,1.5349123478e+00,5.3199963570e+00,1.0098148137e-01,5.9551923828e+03
4944,1.5344370604e+00,5.4649963379e+00,9.7624562681e-02,5.9581152344e+03
4945,1.5336869955e+00,5.2949962616e+00,9.4994381070e-02,6.0564311523e+03
4946,1.5341371298e+00,5.2649965286e+00,9.8582029343e-02,6.0241215820e+03
4947,1.5347121954e+00,5.2849965096e+00,9.7232520580e-02,6.0228979492e+03
4948,1.5342621803e+00,5.3799962997e+00,9.6399039030e-02,6.1636455078e+03
4949,1.5347372293e+00,5.2599964142e+00,9.6755564213e-02,6.0462080078e+03
4950,1.5346623659e+00,5.1999969482e+00,9.7851052880e-02,6.1522255859e+03
4951,1.5342621803e+00,5.3249964714e+00,9.4936311245e-02,6.1478051758e+03
4952,1.5342621803e+00,5.3499970436e+00,9.8564274609e-02,5.9953876953e+03
4953,1.5340873003e+00,5.3349967003e+00,9.3639217317e-02,6.2472421875e+03
4954,1.5341122150e+00,5.3499965668e+00,9.9094636738e-02,5.8546923828e+03
4955,1.5342621803e+00,5.3099966049e+00,9.4511583447e-02,6.1298583984e+03
4956,1.5345122814e+00,5.2349963188e+00,9.6765793860e-02,5.8930195312e+03
4957,1.5345623493e+00,5.3149962425e+00,9.5884233713e-02,5.8474794922e+03
4958,1.5346622467e+00,5.2999968529e+00,9.3351833522e-02,5.8427978516e+03
4959,1.5347874165e+00,5.3199968338e+00,9.6386037767e-02,5.5794785156e+03
4960,1.5343121290e+00,5.3099966049e+00,9.1923132539e-02,5.8625385742e+03
4961,1.5339121819e+00,5.2949962616e+00,9.7378440201e-02,5.3861093750e+03
4962,1.5343122482e+00,5.2299962044e+00,9.2095129192e-02,5.8066083984e+03
4963,1.5344873667e+00,5.2199959755e+00,9.7464799881e-02,5.3454750977e+03
4964,1.5343123674e+00,5.2399964333e+00,9.0867556632e-02,5.5936162109e+03
4965,1.5343623161e+00,5.2199964523e+00,9.6111685038e-02,5.3577070312e+03
4966,1.5344374180e+00,5.2599964142e+00,9.0466283262e-02,5.5813178711e+03
4967,1.5343122482e+00,5.1999964714e+00,9.6577189863e-02,5.2917900391e+03
4968,1.5343873501e+00,5.2199964523e+00,8.8250748813e-02,5.6127133789e+03
4969,1.5345622301e+00,5.2699966431e+00,9.9045529962e-02,5.2012221680e+03
4970,1.5347374678e+00,5.2599968910e+00,9.4258971512e-02,5.4663232422e+03
4971,1.5343874693e+00,5.3149967194e+00,9.5664225519e-02,5.4386884766e+03
4972,1.5346376896e+00,5.3249964714e+00,1.0050304234e-01,5.4711025391e+03
4973,1.5344876051e+00,5.2949962616e+00,8.3632946014e-02,4.9715043945e+03
4974,1.5344879627e+00,5.2499961853e+00,8.8329583406e-02,5.0113154297e+03
4975,1.5348880291e+00,5.2649965286e+00,9.0346403420e-02,5.3947958984e+03
4976,1.5344883204e+00,5.2549967766e+00,9.2569321394e-02,5.4815224609e+03
4977,1.5346385241e+00,5.2099967003e+00,9.2715412378e-02,5.4373486328e+03
4978,1.5341385603e+00,5.2449965477e+00,9.3223109841e-02,5.4127778320e+03
4979,1.5342888832e+00,5.2299966812e+00,9.0851888061e-02,5.4497612305e+03
4980,1.5348138809e+00,5.2549962997e+00,9.0678855777e-02,5.3399536133e+03
4981,1.5346142054e+00,5.2799968719e+00,9.0402506292e-02,5.3472915039e+03
4982,1.5347892046e+00,5.2999963760e+00,9.0141907334e-02,5.2583261719e+03
4983,1.5345394611e+00,5.2749962807e+00,8.9400745928e-02,5.2562148438e+03
4984,1.5344645977e+00,5.2449965477e+00,8.9133262634e-02,5.1539707031e+03
4985,1.5346148014e+00,5.2249965668e+00,8.8974118233e-02,5.1246040039e+03
4986,1.5345149040e+00,5.2299962044e+00,8.9611724019e-02,5.0533549805e+03
4987,1.5344901085e+00,5.3199968338e+00,8.8057555258e-02,5.0296855469e+03
4988,1.5344152451e+00,5.2899966240e+00,9.6866898239e-02,4.9784296875e+03
4989,1.5342904329e+00,5.2799963951e+00,8.0383308232e-02,4.6451699219e+03
4990,1.5346155167e+00,5.2999963760e+00,7.8072659671e-02,4.2873544922e+03
4991,1.5346156359e+00,5.1849966049e+00,8.5047140718e-02,4.8856035156e+03
4992,1.5348659754e+00,5.2749962807e+00,8.4629684687e-02,4.8878208008e+03
4993,1.5344659090e+00,5.2649960518e+00,8.7639167905e-02,5.0226997070e+03
4994,1.5343163013e+00,5.2649965286e+00,8.3458051085e-02,4.9891298828e+03
4995,1.5346662998e+00,5.1999964714e+00,8.7414622307e-02,4.9785332031e+03
4996,1.5346915722e+00,5.2499966621e+00,8.6031302810e-02,4.9716972656e+03
4997,1.5348417759e+00,5.2749962807e+00,8.2583382726e-02,4.9661171875e+03
4998,1.5345668793e+00,5.2999963760e+00,8.3085909486e-02,4.8768452148e+03
4999,1.5345669985e+00,5.2599964142e+00,8.4120586514e-02,4.9148710938e+03
