step,vx_112_50,vy_112_50,pressure_112_50,Cd,Cl,energy
0,0.0000000000e+00,0.0000000000e+00,0.0000000000e+00,0.0000000000e+00,0.0000000000e+00,1.9600000000e+02
1,1.9719188213e+00,-7.0625002263e-04,3.6475650000e+05,7.6582130432e+01,-6.6015627235e-03,2.9764640625e+04
2,2.0067875385e+00,1.9474647706e-04,6.5739111328e+03,3.0663254261e+00,6.9008179009e-02,3.0501527344e+04
3,2.0065374374e+00,1.8952754908e-04,-4.6236129761e+01,2.2256696224e+00,-5.1052246243e-02,3.0496068359e+04
4,2.0058770180e+00,1.6211032926e-04,-1.1917791748e+02,2.0483133793e+00,-2.2252425551e-02,3.0481810547e+04
5,2.0050015450e+00,1.3735880202e-04,-1.6427926636e+02,1.9534616470e+00,-1.4299011091e-03,3.0465365234e+04
6,2.0038981438e+00,1.2099574087e-04,-2.0062336731e+02,1.8706066608e+00,1.0745163076e-02,3.0446423828e+04
7,2.0027368069e+00,5.8344561694e-05,-2.2083683777e+02,1.8147103786e+00,1.1145477183e-02,3.0425156250e+04
8,2.0014758110e+00,5.6984084949e-05,-2.3008619690e+02,1.7686964273e+00,-1.3119507348e-03,3.0402431641e+04
9,2.0002734661e+00,-7.9428373283e-06,-2.2911924744e+02,1.7282207012e+00,-1.2071228120e-03,3.0379351562e+04
10,1.9990622997e+00,-7.3131195677e-07,-2.2069795227e+02,1.6808230877e+00,-2.4736022577e-02,3.0357269531e+04
11,1.9979398251e+00,-1.1784881281e-05,-2.0648030090e+02,1.6344397068e+00,-1.6133345664e-02,3.0335220703e+04
12,1.9969182014e+00,-4.4404412620e-05,-1.8885693359e+02,1.6222450733e+00,-2.1520232782e-02,3.0316695312e+04
13,1.9960131645e+00,-3.0673516449e-05,-1.6440573120e+02,1.6423239708e+00,1.0861968622e-03,3.0299435547e+04
14,1.9952728748e+00,-9.6972478786e-05,-1.3840528870e+02,1.6511905193e+00,4.1915131733e-03,3.0286226562e+04
15,1.9947130680e+00,-1.0015727457e-04,-9.9591148376e+01,1.6214010715e+00,2.9686890543e-02,3.0277634766e+04
16,1.9944258928e+00,-9.6166535513e-05,-4.8332672119e+01,1.6089826822e+00,-1.1310730129e-02,3.0276302734e+04
17,1.9944474697e+00,-9.2016671260e-05,3.0729384422e+00,1.5954709053e+00,-2.0820770413e-02,3.0281216797e+04
18,1.9946821928e+00,-9.8246760899e-05,4.6186561584e+01,1.5810165405e+00,-3.0844116118e-03,3.0290658203e+04
19,1.9950958490e+00,-8.5720064817e-05,8.1999275208e+01,1.5859030485e+00,6.3203428872e-03,3.0303474609e+04
20,1.9956722260e+00,-7.3039824201e-05,1.1178105164e+02,1.5938000679e+00,-3.4194183536e-03,3.0319326172e+04
21,1.9963706732e+00,-5.6009583204e-05,1.3616560364e+02,1.6163707972e+00,-1.9224014133e-02,3.0338132812e+04
22,1.9971425533e+00,-2.6894223993e-05,1.5024844360e+02,1.6183835268e+00,-1.1190719903e-02,3.0357650391e+04
23,1.9979492426e+00,-9.3113976618e-06,1.5728898621e+02,1.6008067131e+00,2.1850204095e-02,3.0379222656e+04
24,1.9987643957e+00,3.9977076085e-06,1.6019496155e+02,1.5854041576e+00,1.0845337063e-02,3.0400738281e+04
25,1.9995814562e+00,5.1603874454e-05,1.5626676941e+02,1.5934506655e+00,-1.0916900355e-03,3.0422107422e+04
26,2.0003631115e+00,4.8142217565e-05,1.5076991272e+02,1.5922549963e+00,-1.6340866685e-02,3.0442503906e+04
27,2.0010647774e+00,5.8242323576e-05,1.3867582703e+02,1.6029433012e+00,-1.6022415832e-02,3.0462251953e+04
28,2.0016946793e+00,7.1647889854e-05,1.2174302673e+02,1.6071642637e+00,-9.6855161246e-04,3.0479539062e+04
29,2.0021789074e+00,1.0266473691e-04,1.0134477997e+02,1.6212859154e+00,-1.6665877774e-02,3.0494541016e+04
30,2.0025744438e+00,1.3046417735e-04,7.7811813354e+01,1.5887309313e+00,3.9575956762e-03,3.0506802734e+04
31,2.0028076172e+00,1.2454138778e-04,4.8188316345e+01,1.6047073603e+00,-1.9135208800e-02,3.0515183594e+04
32,2.0028700829e+00,1.2090564996e-04,1.9729333878e+01,1.6062836647e+00,-5.6636049412e-03,3.0520367188e+04
33,2.0027737617e+00,1.0632325575e-04,-1.1485119820e+01,1.6246889830e+00,-6.0201263987e-03,3.0522294922e+04
34,2.0025053024e+00,1.2088682706e-04,-4.2947811127e+01,1.6138424873e+00,-6.6791535355e-03,3.0520828125e+04
35,2.0021076202e+00,9.1654597782e-05,-6.9211830139e+01,1.6166586876e+00,-5.2243806422e-03,3.0516755859e+04
36,2.0015993118e+00,7.9555029515e-05,-8.9852027893e+01,1.6215323210e+00,5.4747010581e-03,3.0510062500e+04
37,2.0010242462e+00,5.7875971834e-05,-1.0444279480e+02,1.6174049377e+00,2.5398407131e-02,3.0501722656e+04
38,2.0003795624e+00,4.0484032070e-05,-1.1483489990e+02,1.5990835428e+00,6.9397734478e-03,3.0491769531e+04
39,1.9997141361e+00,1.2627933756e-06,-1.1996538544e+02,1.5957858562e+00,6.5953824669e-03,3.0481511719e+04
40,1.9990322590e+00,1.1396683476e-05,-1.2089849854e+02,1.5970482826e+00,1.6001358628e-02,3.0470488281e+04
41,1.9983390570e+00,-1.2819009498e-06,-1.2112703705e+02,1.6082113981e+00,3.6119841039e-02,3.0460691406e+04
42,1.9977239370e+00,-2.4638944524e-05,-1.1244327545e+02,1.5793848038e+00,4.2318344116e-02,3.0450861328e+04
43,1.9971216917e+00,-2.5921111956e-05,-1.0486418915e+02,1.5688138008e+00,3.0386505648e-02,3.0442550781e+04
44,1.9966337681e+00,-4.4296575652e-05,-8.9281196594e+01,1.5763248205e+00,1.5457916306e-03,3.0435349609e+04
45,1.9961733818e+00,-3.0174325730e-05,-7.6447120667e+01,1.5757663250e+00,-3.0829466879e-02,3.0430099609e+04
46,1.9958730936e+00,-2.6879260986e-05,-5.4259895325e+01,1.5485919714e+00,-4.8515321687e-03,3.0426728516e+04
47,1.9956369400e+00,-3.4332264477e-05,-3.4481315613e+01,1.5567724705e+00,3.3821564168e-02,3.0426298828e+04
48,1.9955526590e+00,-3.0727282137e-05,-1.0575901031e+01,1.5697915554e+00,2.5602951646e-02,3.0427666016e+04
49,1.9955763817e+00,-4.0450180677e-05,1.2500869751e+01,1.5963076353e+00,2.7052842081e-02,3.0431601562e+04
50,1.9957410097e+00,-8.7454725872e-05,3.3116100311e+01,1.5836743116e+00,1.0177383199e-02,3.0438236328e+04
51,1.9959517717e+00,-3.2619103877e-05,4.9923500061e+01,1.5788924694e+00,1.6394043341e-02,3.0447267578e+04
52,1.9962538481e+00,-2.0573344955e-05,6.3614784241e+01,1.5753827095e+00,1.3217926025e-03,3.0457400391e+04
53,1.9966313839e+00,-2.3704784326e-05,7.8499542236e+01,1.5637862682e+00,2.9762268532e-03,3.0469324219e+04
54,1.9970763922e+00,-1.0037616448e-05,9.0478073120e+01,1.5650328398e+00,2.3745499551e-02,3.0481609375e+04
55,1.9975435734e+00,9.4848983281e-06,9.7128082275e+01,1.5692343712e+00,1.9133757800e-02,3.0494892578e+04
56,1.9980375767e+00,4.3528845708e-05,1.0130310059e+02,1.5686569214e+00,3.1913756393e-03,3.0508437500e+04
57,1.9985040426e+00,4.0340779378e-05,9.9029052734e+01,1.5583499670e+00,-1.6562271863e-02,3.0522150391e+04
58,1.9989922047e+00,5.4710835684e-05,9.6018013000e+01,1.5549243689e+00,-1.3549651951e-02,3.0535443359e+04
59,1.9994060993e+00,7.4658368248e-05,8.7914237976e+01,1.5465185642e+00,-5.8468626812e-03,3.0547751953e+04
60,1.9997816086e+00,6.9037945650e-05,7.9593681335e+01,1.5584427118e+00,1.7267227173e-02,3.0559601562e+04
61,2.0000944138e+00,7.2617505793e-05,6.9243614197e+01,1.5379049778e+00,7.9175569117e-03,3.0569017578e+04
62,2.0003511906e+00,8.7722197350e-05,5.5336849213e+01,1.5554318428e+00,-3.0121993273e-02,3.0578011719e+04
63,2.0005424023e+00,6.7458997364e-05,4.3403976440e+01,1.5625683069e+00,-1.5642547514e-03,3.0585207031e+04
64,2.0006105900e+00,8.0437603174e-05,2.4743801117e+01,1.5508352518e+00,2.5961304083e-02,3.0590710938e+04
65,2.0006282330e+00,7.9590361565e-05,1.0317480087e+01,1.5641514063e+00,2.1929854527e-02,3.0593798828e+04
66,2.0005247593e+00,7.6926167822e-05,-5.8699355125e+00,1.5689500570e+00,-1.0834502755e-03,3.0594652344e+04
67,2.0003652573e+00,1.0099669453e-04,-1.9582689285e+01,1.5453289747e+00,-2.8598174453e-02,3.0594552734e+04
68,2.0001258850e+00,8.5542560555e-05,-3.4054450989e+01,1.5448013544e+00,-1.0798034258e-02,3.0592990234e+04
69,1.9998005629e+00,1.0547292186e-04,-4.8354267120e+01,1.5527707338e+00,4.4715728611e-02,3.0589605469e+04
70,1.9994671345e+00,7.1602080425e-05,-5.7646858215e+01,1.5351742506e+00,1.9708862528e-02,3.0585314453e+04
71,1.9990699291e+00,4.7206911404e-05,-6.5270774841e+01,1.5406345129e+00,-2.3773193825e-03,3.0579941406e+04
72,1.9986485243e+00,3.2525953429e-05,-6.9208312988e+01,1.5293499231e+00,-1.1830825359e-02,3.0574847656e+04
73,1.9982103109e+00,2.1639236365e-05,-7.1722557068e+01,1.5110886097e+00,-2.5688933674e-03,3.0568332031e+04
74,1.9977681637e+00,2.6930918466e-05,-7.2475021362e+01,1.5218762159e+00,2.8224182315e-03,3.0562486328e+04
75,1.9973579645e+00,2.3401707949e-05,-6.7260391235e+01,1.5248091221e+00,-1.8978118896e-03,3.0556240234e+04
76,1.9969489574e+00,1.5986772269e-05,-6.3849235535e+01,1.5083776712e+00,-1.0078048334e-02,3.0550617188e+04
77,1.9966136217e+00,1.8965947675e-05,-5.4326435089e+01,1.4923501015e+00,-9.2977909371e-03,3.0545554688e+04
78,1.9962797165e+00,-9.3754933914e-06,-4.8817016602e+01,1.5209066868e+00,-1.2584839016e-02,3.0541500000e+04
79,1.9960244894e+00,-8.1254565885e-06,-3.8140094757e+01,1.5369868279e+00,-6.7023467273e-03,3.0538876953e+04
80,1.9957787991e+00,-4.4828761020e-05,-3.1677673340e+01,1.5338977575e+00,6.3464357518e-03,3.0537634766e+04
81,1.9956370592e+00,-4.1697996494e-05,-1.9087921143e+01,1.5368100405e+00,1.2618103065e-02,3.0537353516e+04
82,1.9955410957e+00,-5.2430041251e-05,-5.9471478462e+00,1.5494290590e+00,3.7036210299e-02,3.0539166016e+04
83,1.9955101013e+00,-7.6585029092e-06,7.8837995529e+00,1.5602188110e+00,1.2316741981e-02,3.0541123047e+04
84,1.9955624342e+00,-2.7062202207e-05,1.9852973938e+01,1.5562181473e+00,1.5496749431e-02,3.0545298828e+04
85,1.9956643581e+00,-2.1720312361e-05,3.3792415619e+01,1.5681396723e+00,-1.3963546604e-02,3.0550406250e+04
86,1.9958194494e+00,1.7062138795e-05,4.2063461304e+01,1.5516318083e+00,-2.1105270833e-02,3.0557105469e+04
87,1.9960094690e+00,-1.3519893400e-05,5.1596214294e+01,1.5244625807e+00,-6.6810608841e-03,3.0564082031e+04
88,1.9962480068e+00,1.2650743884e-06,5.5016723633e+01,1.5235257149e+00,-1.3348770328e-02,3.0571824219e+04
89,1.9964932203e+00,-8.2739679783e-06,6.0815570831e+01,1.5323513746e+00,1.8218993500e-04,3.0580625000e+04
90,1.9967505932e+00,1.0356541225e-06,6.2739311218e+01,1.5450369120e+00,-1.4000930823e-02,3.0588779297e+04
91,1.9970091581e+00,-1.4734889191e-05,6.2559177399e+01,1.5434325933e+00,-2.6210022625e-03,3.0597628906e+04
92,1.9972524643e+00,-5.5697819334e-06,6.2449989319e+01,1.5339508057e+00,-1.0461425409e-02,3.0605660156e+04
93,1.9974582195e+00,-1.7183429009e-06,5.4291641235e+01,1.5409556627e+00,-2.4189377204e-02,3.0612814453e+04
94,1.9976747036e+00,1.7326929083e-06,5.1961845398e+01,1.5538340807e+00,-1.2875900604e-02,3.0620400391e+04
95,1.9977828264e+00,3.1328236219e-05,4.1486774445e+01,1.5413196087e+00,1.5442657284e-02,3.0626822266e+04
96,1.9978549480e+00,4.1229082854e-05,3.0978845596e+01,1.5355825424e+00,1.0071334429e-02,3.0632132812e+04
97,1.9979166985e+00,2.3736132789e-05,2.3761102676e+01,1.5416887999e+00,9.4541171566e-03,3.0635900391e+04
98,1.9979075193e+00,-5.0442577049e-06,1.3173922539e+01,1.5460653305e+00,2.8932190035e-03,3.0639714844e+04
99,1.9978387356e+00,-2.0924324417e-05,3.2529656887e+00,1.5380358696e+00,1.8950272352e-02,3.0641150391e+04
100,1.9977061749e+00,8.8629276433e-06,-6.7414789200e+00,1.5261054039e+00,-9.2263789847e-03,3.0641972656e+04
101,1.9975258112e+00,1.6856023649e-05,-1.4321396828e+01,1.5239361525e+00,-2.4459151551e-02,3.0641812500e+04
102,1.9973262548e+00,-6.2595736381e-06,-2.1611471176e+01,1.5382452011e+00,-2.9929123819e-02,3.0640667969e+04
103,1.9970972538e+00,-1.1166044715e-05,-2.8244602203e+01,1.5221824646e+00,4.2696380988e-03,3.0638652344e+04
104,1.9968174696e+00,-3.2469648431e-05,-3.3870807648e+01,1.5347882509e+00,-1.6123123467e-02,3.0636179688e+04
105,1.9964929819e+00,-2.1329022275e-05,-3.8357906342e+01,1.5251635313e+00,1.5113830159e-04,3.0632865234e+04
106,1.9961856604e+00,-4.0829145291e-05,-3.9331703186e+01,1.5346990824e+00,-1.6609344631e-02,3.0629322266e+04
107,1.9958792925e+00,-8.4848565166e-05,-4.0897960663e+01,1.5304092169e+00,1.3767624274e-02,3.0625898438e+04
108,1.9955453873e+00,-7.5564523286e-05,-4.1158435822e+01,1.5418869257e+00,2.4950256571e-02,3.0622837891e+04
109,1.9952423573e+00,-1.0847343947e-04,-3.9360122681e+01,1.5414619446e+00,-3.1267546583e-03,3.0619339844e+04
110,1.9949425459e+00,-8.3657578216e-05,-3.5973144531e+01,1.5200028419e+00,-1.1651306413e-02,3.0617146484e+04
111,1.9946907759e+00,-1.2073555263e-04,-2.9267097473e+01,1.5257225037e+00,-1.4645156451e-02,3.0614736328e+04
112,1.9944341183e+00,-9.9858618341e-05,-2.5007305145e+01,1.5406326056e+00,-1.9812621176e-02,3.0613638672e+04
113,1.9942362309e+00,-1.0933693557e-04,-1.5595408440e+01,1.5323548317e+00,-2.1165007725e-02,3.0611951172e+04
114,1.9940721989e+00,-1.4501748956e-04,-9.8367996216e+00,1.5334631205e+00,-1.2927932665e-02,3.0612857422e+04
115,1.9939659834e+00,-1.3467088866e-04,1.4120638371e-03,1.5178589821e+00,-8.7399296463e-03,3.0613585938e+04
116,1.9938145876e+00,-1.3201226830e-04,6.3722759485e-01,1.5074173212e+00,-7.3494720273e-03,3.0614998047e+04
117,1.9937608242e+00,-1.5083582548e-04,1.1674669266e+01,1.5085519552e+00,-1.8423615023e-02,3.0617498047e+04
118,1.9936908484e+00,-1.7052929616e-04,1.5155082703e+01,1.5004189014e+00,-9.2752072960e-03,3.0620259766e+04
119,1.9937071800e+00,-1.5304860426e-04,2.3475744247e+01,1.5123791695e+00,1.3541030698e-02,3.0624242188e+04
120,1.9937299490e+00,-1.7217101413e-04,3.0366683960e+01,1.5208499432e+00,1.9573975354e-02,3.0628498047e+04
121,1.9937952757e+00,-1.5077007993e-04,3.4556293488e+01,1.5248696804e+00,1.4482956380e-02,3.0633228516e+04
122,1.9938884974e+00,-1.6379429144e-04,3.9701099396e+01,1.5285544395e+00,1.8419418484e-02,3.0638251953e+04
123,1.9939477444e+00,-1.5469077334e-04,3.9969326019e+01,1.5447571278e+00,-1.4945525676e-02,3.0643421875e+04
124,1.9940099716e+00,-1.3905532251e-04,4.0275276184e+01,1.5465387106e+00,-2.1452255547e-02,3.0648539062e+04
125,1.9940623045e+00,-1.3287579350e-04,3.8916355133e+01,1.5389560461e+00,-2.6877289638e-02,3.0653849609e+04
126,1.9940769672e+00,-1.0340074368e-04,3.5576404572e+01,1.5139883757e+00,-3.8720857352e-02,3.0658943359e+04
127,1.9941136837e+00,-1.5629222617e-04,3.1577238083e+01,1.5161434412e+00,-4.8385467380e-02,3.0663613281e+04
128,1.9940844774e+00,-1.3897840108e-04,2.8851646423e+01,1.5143340826e+00,-3.8184128702e-02,3.0668451172e+04
129,1.9940423965e+00,-1.7579995620e-04,2.5090375900e+01,1.5215163231e+00,-1.3050079346e-02,3.0671964844e+04
130,1.9940140247e+00,-2.2714263469e-04,2.1257837296e+01,1.5351529121e+00,-2.3668060079e-02,3.0676074219e+04
131,1.9939167500e+00,-2.1859545086e-04,1.8273912430e+01,1.5156695843e+00,-1.0591888800e-02,3.0678500000e+04
132,1.9937952757e+00,-2.0677197608e-04,1.1871828079e+01,1.5087002516e+00,2.0227050409e-03,3.0680775391e+04
133,1.9936927557e+00,-1.8397724489e-04,1.0314013481e+01,1.5084990263e+00,9.1117859120e-04,3.0682191406e+04
134,1.9935120344e+00,-2.0649751241e-04,1.1156616211e+00,1.5182251930e+00,-1.7560882494e-02,3.0682544922e+04
135,1.9933047295e+00,-2.4707036209e-04,-1.9568969011e+00,1.5418499708e+00,-1.6440657899e-02,3.0682507812e+04
136,1.9930440187e+00,-2.5541498326e-04,-9.0716142654e+00,1.5390374660e+00,-2.5062331930e-02,3.0682437500e+04
137,1.9927442074e+00,-2.4323986145e-04,-1.6478569031e+01,1.5451861620e+00,-3.0454559252e-02,3.0681755859e+04
138,1.9924337864e+00,-2.3385006352e-04,-1.9980470657e+01,1.5172646046e+00,-5.7552490383e-02,3.0681042969e+04
139,1.9921251535e+00,-2.6115472429e-04,-2.2957206726e+01,1.5034735203e+00,-5.6703187525e-02,3.0679683594e+04
140,1.9918001890e+00,-2.9369740514e-04,-2.2001619339e+01,1.4921587706e+00,-6.8579785526e-02,3.0677943359e+04
141,1.9914616346e+00,-2.8597761411e-04,-1.9347301483e+01,1.4966648817e+00,-2.8144989163e-02,3.0675986328e+04
142,1.9911592007e+00,-3.6294321762e-04,-1.7194862366e+01,1.5095068216e+00,-1.8786849454e-02,3.0674218750e+04
143,1.9908444881e+00,-3.8078890066e-04,-1.6110570908e+01,1.4968127012e+00,-1.6915816814e-02,3.0672500000e+04
144,1.9905405045e+00,-4.0617401828e-04,-1.4274895668e+01,1.5161825418e+00,-8.4811402485e-03,3.0670939453e+04
145,1.9902281761e+00,-4.1497446364e-04,-1.1708618164e+01,1.5217165947e+00,1.4505157247e-02,3.0669802734e+04
146,1.9899439812e+00,-4.2757616029e-04,-1.0315867424e+01,1.5044864416e+00,2.7685470879e-02,3.0669482422e+04
147,1.9896395206e+00,-4.1758021689e-04,-7.0062184334e+00,1.5065203905e+00,-2.8317261022e-03,3.0669087891e+04
148,1.9893265963e+00,-3.9420262328e-04,-3.2074675560e+00,1.5049613714e+00,-3.0413055792e-02,3.0669708984e+04
149,1.9890755415e+00,-4.1133942432e-04,8.9952313900e-01,1.5211056471e+00,-1.3744964264e-02,3.0670369141e+04
150,1.9888123274e+00,-4.0431064554e-04,3.7860870361e+00,1.5263943672e+00,-9.0315248817e-03,3.0671648438e+04
151,1.9885487556e+00,-4.3239493971e-04,7.7880396843e+00,1.5160510540e+00,-4.3338011019e-03,3.0673376953e+04
152,1.9883280993e+00,-4.5369102736e-04,1.0707437515e+01,1.5146472454e+00,4.6589658596e-03,3.0675703125e+04
153,1.9881302118e+00,-5.5655481992e-04,1.5323909760e+01,1.5200798512e+00,-1.1165008880e-02,3.0678378906e+04
154,1.9878766537e+00,-5.6017725728e-04,1.7551616669e+01,1.5006185770e+00,-3.0185698997e-03,3.0680621094e+04
155,1.9876856804e+00,-5.5304379202e-04,2.2813226700e+01,1.5090109110e+00,2.3573685437e-02,3.0683628906e+04
156,1.9874408245e+00,-5.1616242854e-04,2.5897136688e+01,1.5018129349e+00,-2.9377746396e-03,3.0686408203e+04
157,1.9872623682e+00,-4.9249210861e-04,2.7483236313e+01,1.5042823553e+00,-6.0926820152e-03,3.0690119141e+04
158,1.9870797396e+00,-5.5351533229e-04,2.9597667694e+01,1.4887421131e+00,-1.2950897217e-02,3.0693242188e+04
159,1.9868667126e+00,-5.8969022939e-04,2.6912637711e+01,1.4809613228e+00,-3.5353852436e-03,3.0696433594e+04
160,1.9866687059e+00,-6.3978967955e-04,2.7631116867e+01,1.4959262609e+00,1.1111984029e-02,3.0699968750e+04
161,1.9864045382e+00,-6.5620464738e-04,2.5596006393e+01,1.5278893709e+00,-1.7677612603e-02,3.0702769531e+04
162,1.9861096144e+00,-6.8392092362e-04,2.3557088852e+01,1.5305380821e+00,-2.5298995897e-02,3.0705472656e+04
163,1.9858232737e+00,-7.2604615707e-04,2.1071622849e+01,1.5121916533e+00,-2.0184859633e-02,3.0707863281e+04
164,1.9854799509e+00,-7.3596165748e-04,1.7713796616e+01,1.5255088806e+00,-1.2774505652e-02,3.0710398438e+04
165,1.9851146936e+00,-7.3080125730e-04,1.4720048904e+01,1.5130341053e+00,-1.0874786414e-02,3.0712464844e+04
166,1.9847407341e+00,-7.7263626736e-04,1.0606901169e+01,1.5029077530e+00,-1.0784682818e-02,3.0714281250e+04
167,1.9843294621e+00,-7.8032392776e-04,7.3800821304e+00,1.5047589540e+00,3.5285186023e-03,3.0715759766e+04
168,1.9838688374e+00,-8.2728324924e-04,5.2886719704e+00,1.5095807314e+00,2.9314423446e-03,3.0716593750e+04
169,1.9834212065e+00,-9.3494070461e-04,3.3761551380e+00,1.5089854002e+00,2.0426178351e-02,3.0717623047e+04
170,1.9829133749e+00,-9.4237405574e-04,3.0749847889e+00,1.5075982809e+00,7.7207945287e-03,3.0717068359e+04
171,1.9823380709e+00,-9.8449166398e-04,3.7063774467e-01,1.5265713930e+00,1.3793792576e-02,3.0717378906e+04
172,1.9816783667e+00,-9.8388455808e-04,-6.5962672234e-01,1.5254114866e+00,3.6038206890e-03,3.0716535156e+04
173,1.9809646606e+00,-9.6320337616e-04,-5.3810892105e+00,1.5113409758e+00,-9.2429351062e-03,3.0715808594e+04
174,1.9803322554e+00,-9.7934436053e-04,-5.7430348396e+00,1.5381084681e+00,-1.5928039327e-02,3.0715181641e+04
175,1.9796804190e+00,-1.0382900946e-03,-9.5151681900e+00,1.5397793055e+00,3.6753083114e-03,3.0714658203e+04
176,1.9790679216e+00,-1.1321300408e-03,-9.2814941406e+00,1.5218054056e+00,-7.4283601716e-03,3.0713910156e+04
177,1.9783569574e+00,-1.1655827984e-03,-9.6811342239e+00,1.5127844810e+00,-7.4200439267e-03,3.0713687500e+04
178,1.9776252508e+00,-1.1821144726e-03,-6.9778828621e+00,1.5081918240e+00,3.2621764112e-03,3.0713666016e+04
179,1.9768338203e+00,-1.1763729854e-03,-6.6067624092e+00,1.4956521988e+00,1.5802077949e-02,3.0713298828e+04
180,1.9761215448e+00,-1.2482819147e-03,-2.0006334782e+00,1.4980691671e+00,1.5202331357e-02,3.0712812500e+04
181,1.9753626585e+00,-1.3195519568e-03,2.3967695236e+00,1.4953870773e+00,3.5089112818e-02,3.0712794922e+04
182,1.9745717049e+00,-1.4718648745e-03,6.4555459023e+00,1.4798538685e+00,2.8543854132e-02,3.0712199219e+04
183,1.9737569094e+00,-1.4962791465e-03,8.4635105133e+00,1.4965139627e+00,1.7431870103e-02,3.0713144531e+04
184,1.9729487896e+00,-1.5247501433e-03,1.0554136276e+01,1.5078426600e+00,2.8876876459e-02,3.0713392578e+04
185,1.9720553160e+00,-1.5668002889e-03,1.0933686256e+01,1.5152893066e+00,2.2241210565e-02,3.0713693359e+04
186,1.9711753130e+00,-1.5690482687e-03,1.3067756653e+01,1.5216903687e+00,1.3778000139e-02,3.0714814453e+04
187,1.9702917337e+00,-1.5439995332e-03,1.3825167656e+01,1.5155684948e+00,6.2046051025e-03,3.0716607422e+04
188,1.9694130421e+00,-1.7079471145e-03,1.3786863327e+01,1.5032207966e+00,1.9482346252e-02,3.0718363281e+04
189,1.9684321880e+00,-1.8951316597e-03,1.3171347618e+01,1.5185018778e+00,3.5679627210e-02,3.0720529297e+04
190,1.9674818516e+00,-2.0345342346e-03,1.6144989014e+01,1.5165581703e+00,1.0767745785e-02,3.0722740234e+04
191,1.9663903713e+00,-2.0669947844e-03,1.8402828217e+01,1.5237597227e+00,-1.8298262730e-02,3.0724820312e+04
192,1.9653062820e+00,-2.1617675666e-03,2.2321105957e+01,1.5250446796e+00,7.6689147390e-03,3.0727166016e+04
193,1.9641916752e+00,-2.2415486164e-03,2.3359737396e+01,1.5224118233e+00,4.9992371351e-03,3.0729492188e+04
194,1.9630134106e+00,-2.3088876624e-03,2.2738973618e+01,1.5192172527e+00,2.9247360304e-02,3.0731707031e+04
195,1.9617514610e+00,-2.2624332923e-03,2.4216125488e+01,1.5249655247e+00,3.8392639253e-03,3.0734021484e+04
196,1.9605350494e+00,-2.3661274463e-03,2.3071123123e+01,1.5283813477e+00,1.5583038330e-03,3.0736121094e+04
197,1.9592145681e+00,-2.3578708060e-03,2.1837575912e+01,1.5091513395e+00,4.5036314987e-03,3.0737976562e+04
198,1.9578813314e+00,-2.5054293219e-03,2.0120946884e+01,1.4925209284e+00,-5.1154326648e-03,3.0740251953e+04
199,1.9565041065e+00,-2.5765758473e-03,1.7299989700e+01,1.4751278162e+00,5.4688262753e-03,3.0741529297e+04
200,1.9550044537e+00,-2.5835763663e-03,1.3519370079e+01,1.4804520607e+00,4.4695283286e-03,3.0743240234e+04
201,1.9534436464e+00,-2.4179720785e-03,1.3705717087e+01,1.5117316246e+00,2.9350128025e-02,3.0744810547e+04
202,1.9519082308e+00,-2.4544249754e-03,1.0827402115e+01,1.5100126266e+00,1.0262374766e-02,3.0745435547e+04
203,1.9504054785e+00,-2.6552246418e-03,1.1172458649e+01,1.5209094286e+00,2.1722564474e-02,3.0746308594e+04
204,1.9488636255e+00,-2.9522820842e-03,9.3697109222e+00,1.5180152655e+00,1.0535964742e-02,3.0746771484e+04
205,1.9471371174e+00,-3.1080145855e-03,7.2390294075e+00,1.5098702908e+00,1.1062851176e-02,3.0747517578e+04
206,1.9451602697e+00,-3.2087271102e-03,7.1663827896e+00,1.4947079420e+00,3.2759781927e-02,3.0747453125e+04
207,1.9431399107e+00,-3.1098178588e-03,4.0313477516e+00,1.4964984655e+00,2.7144012973e-02,3.0747398438e+04
208,1.9412103891e+00,-3.1820009463e-03,4.0754947662e+00,1.5142883062e+00,1.0950088501e-02,3.0746982422e+04
209,1.9393090010e+00,-3.5958022345e-03,1.1655519009e+00,1.5107581615e+00,-1.0707855690e-03,3.0747199219e+04
210,1.9374227524e+00,-3.9549516514e-03,2.5357029438e+00,1.5163431168e+00,-2.5111617520e-02,3.0746859375e+04
211,1.9352508783e+00,-4.0303780697e-03,8.8442605734e-01,1.5322997570e+00,-2.3596268147e-02,3.0746835938e+04
212,1.9328231812e+00,-3.7202769890e-03,4.3090424538e+00,1.5288081169e+00,-2.1995544375e-04,3.0746222656e+04
213,1.9305664301e+00,-3.7053721026e-03,2.2514047623e+00,1.5441855192e+00,3.9007568266e-03,3.0745966797e+04
214,1.9283562899e+00,-3.8519902155e-03,4.8712854385e+00,1.5291845798e+00,1.2626647949e-02,3.0745890625e+04
215,1.9260630608e+00,-4.1707837954e-03,2.5258607864e+00,1.5154275894e+00,-1.8613127992e-02,3.0745906250e+04
216,1.9237264395e+00,-4.3288823217e-03,5.5684289932e+00,1.5176248550e+00,-1.6887893900e-02,3.0746341797e+04
217,1.9213312864e+00,-4.2490810156e-03,9.1870870590e+00,1.5221459866e+00,8.0026248470e-03,3.0746835938e+04
218,1.9188228846e+00,-4.1186297312e-03,1.0726428032e+01,1.5381056070e+00,3.2086945139e-03,3.0747345703e+04
219,1.9163154364e+00,-4.1308957152e-03,1.2290270805e+01,1.5375677347e+00,-2.2916946560e-02,3.0748533203e+04
220,1.9139372110e+00,-4.3211509474e-03,1.4589333534e+01,1.5006248951e+00,-2.9110413045e-02,3.0748832031e+04
221,1.9115178585e+00,-4.4725351036e-03,1.5185932159e+01,1.5051910877e+00,-1.2667160481e-02,3.0749863281e+04
222,1.9089924097e+00,-4.4974912889e-03,1.7979396820e+01,1.5053979158e+00,1.9585037604e-02,3.0750732422e+04
223,1.9063985348e+00,-4.3393801898e-03,1.6939632416e+01,1.5118442774e+00,3.2923889812e-03,3.0752423828e+04
224,1.9037281275e+00,-4.3559428304e-03,1.9591566086e+01,1.5070136786e+00,3.2453004271e-02,3.0754136719e+04
225,1.9010831118e+00,-4.5829825103e-03,1.7352018356e+01,1.4912153482e+00,1.8946228549e-02,3.0755484375e+04
226,1.8984495401e+00,-4.9320398830e-03,1.9153539658e+01,1.5130423307e+00,2.0680846646e-02,3.0756970703e+04
227,1.8957763910e+00,-5.0021759234e-03,1.9343990326e+01,1.5101361275e+00,5.9229279868e-03,3.0758398438e+04
228,1.8928769827e+00,-4.8669278622e-03,1.9805446625e+01,1.5213268995e+00,7.4725341983e-03,3.0760218750e+04
229,1.8900523186e+00,-4.8215975985e-03,1.8355983734e+01,1.5077459812e+00,4.1799392551e-02,3.0761404297e+04
230,1.8871223927e+00,-4.9570179544e-03,1.7145496368e+01,1.5085437298e+00,1.5905838460e-02,3.0763734375e+04
231,1.8840105534e+00,-4.8168087378e-03,1.9605688095e+01,1.5044947863e+00,3.1999968924e-03,3.0764845703e+04
232,1.8809666634e+00,-4.8560663126e-03,1.8829420090e+01,1.5097409487e+00,-9.3006901443e-03,3.0766199219e+04
233,1.8782763481e+00,-4.8316610046e-03,2.2580011368e+01,1.5141597986e+00,-6.7758942023e-03,3.0767824219e+04
234,1.8753498793e+00,-4.7032721341e-03,1.7697004318e+01,1.4957308769e+00,-8.8649746031e-03,3.0769222656e+04
235,1.8723106384e+00,-4.6408139169e-03,1.6170614243e+01,1.4921108484e+00,-1.9126968458e-02,3.0769896484e+04
236,1.8692432642e+00,-4.8427376896e-03,1.3979250908e+01,1.4891381264e+00,2.2109984420e-03,3.0771019531e+04
237,1.8663470745e+00,-5.1422179677e-03,1.4229215622e+01,1.4889268875e+00,-2.9280090239e-03,3.0772259766e+04
238,1.8631321192e+00,-4.9740155227e-03,1.0375386238e+01,1.4940979481e+00,1.6181945102e-04,3.0773013672e+04
239,1.8598918915e+00,-4.5017306693e-03,1.0557153702e+01,1.5221270323e+00,-7.7674863860e-03,3.0773134766e+04
240,1.8567233086e+00,-4.0833768435e-03,1.0065278053e+01,1.5259790421e+00,-2.5779495016e-02,3.0774064453e+04
241,1.8539212942e+00,-4.1368762031e-03,6.9270386696e+00,1.5321230888e+00,-9.6755214036e-03,3.0774222656e+04
242,1.8511385918e+00,-4.2231902480e-03,3.8086998463e+00,1.5523599386e+00,-2.3775482550e-03,3.0774330078e+04
243,1.8480191231e+00,-3.9850641042e-03,6.0873799324e+00,1.5244848728e+00,-9.1416928917e-03,3.0775050781e+04
244,1.8445122242e+00,-3.7195412442e-03,3.7029628754e+00,1.5083694458e+00,-1.4708862640e-02,3.0775222656e+04
245,1.8413038254e+00,-3.9000441320e-03,3.1716866493e+00,1.5182009935e+00,1.1966705788e-03,3.0775441406e+04
246,1.8383512497e+00,-4.0005389601e-03,3.7013480663e+00,1.4987204075e+00,3.5156249069e-03,3.0775835938e+04
247,1.8352723122e+00,-3.9670695551e-03,5.3550443649e+00,1.4904601574e+00,-1.0901336558e-02,3.0775722656e+04
248,1.8321381807e+00,-4.1084536351e-03,6.5979204178e+00,1.4956614971e+00,-5.3513334133e-03,3.0776060547e+04
249,1.8289446831e+00,-4.3809809722e-03,9.9907903671e+00,1.5014431477e+00,-6.4430234488e-04,3.0776046875e+04
250,1.8256783485e+00,-4.2389421724e-03,1.0304265022e+01,1.5115962029e+00,2.6339111850e-02,3.0775980469e+04
251,1.8226370811e+00,-3.6859137472e-03,1.0484823227e+01,1.5135494471e+00,3.7846374325e-03,3.0776300781e+04
252,1.8197609186e+00,-3.2463544048e-03,8.8112783432e+00,1.5152629614e+00,-8.5865780711e-03,3.0776892578e+04
253,1.8171017170e+00,-3.3856229857e-03,7.6732778549e+00,1.5119171143e+00,-1.1276245117e-02,3.0777308594e+04
254,1.8145953417e+00,-3.9188335650e-03,6.7186312675e+00,1.5317182541e+00,-1.3561782427e-02,3.0778630859e+04
255,1.8119109869e+00,-4.2754653841e-03,9.4422588348e+00,1.5211068392e+00,-8.5980221629e-03,3.0779675781e+04
256,1.8087223768e+00,-4.3817809783e-03,8.8749914169e+00,1.5354843140e+00,2.2403182462e-02,3.0781265625e+04
257,1.8053201437e+00,-4.2510386556e-03,1.1808777809e+01,1.5419524908e+00,-1.9015045837e-02,3.0782011719e+04
258,1.8023346663e+00,-4.0855761617e-03,1.2828382492e+01,1.5376974344e+00,-4.2939912528e-02,3.0783255859e+04
259,1.7994141579e+00,-3.4845715854e-03,1.3275118828e+01,1.5181487799e+00,-5.1942598075e-02,3.0784566406e+04
260,1.7966575623e+00,-3.2123639248e-03,1.2324615479e+01,1.5318087339e+00,-1.1156311259e-02,3.0785875000e+04
261,1.7941923141e+00,-3.7203386892e-03,1.5042774200e+01,1.5275809765e+00,1.8367996439e-02,3.0787210938e+04
262,1.7918885946e+00,-4.5829620212e-03,1.4576111794e+01,1.5066146851e+00,1.3795166276e-02,3.0788886719e+04
263,1.7893253565e+00,-4.9393400550e-03,1.7026517868e+01,1.5268548727e+00,1.4160079882e-02,3.0790386719e+04
264,1.7861497402e+00,-4.7534964979e-03,1.5059946060e+01,1.5034840107e+00,9.3309022486e-03,3.0791498047e+04
265,1.7830317020e+00,-4.6623018570e-03,1.2923276901e+01,1.5092103481e+00,2.0486526191e-02,3.0792939453e+04
266,1.7802296877e+00,-4.5045437291e-03,1.1381439209e+01,1.5125098228e+00,2.0043106750e-02,3.0794304688e+04
267,1.7775349617e+00,-4.6075377613e-03,1.0553080559e+01,1.5163238049e+00,-4.7172545455e-03,3.0795753906e+04
268,1.7750024796e+00,-4.8727071844e-03,1.2010453224e+01,1.5106784105e+00,1.0619964451e-02,3.0796755859e+04
269,1.7725262642e+00,-5.1166438498e-03,1.0688098907e+01,1.5174938440e+00,-1.1998824775e-02,3.0797519531e+04
270,1.7696622610e+00,-4.8405313864e-03,9.6102705002e+00,1.5255935192e+00,1.6544571146e-02,3.0798126953e+04
271,1.7667762041e+00,-4.3262601830e-03,7.6607031822e+00,1.5143078566e+00,1.0618743487e-02,3.0799402344e+04
272,1.7641583681e+00,-4.0671336465e-03,6.6096568108e+00,1.5302921534e+00,1.9356993958e-02,3.0799759766e+04
273,1.7618260384e+00,-4.2660455219e-03,1.7602435350e+00,1.5099339485e+00,-2.2568283603e-02,3.0800884766e+04
274,1.7595185041e+00,-4.6296236105e-03,1.7428115606e+00,1.4831924438e+00,-4.2624205351e-02,3.0801275391e+04
275,1.7568523884e+00,-4.7981268726e-03,2.7340942621e-01,1.4936491251e+00,-2.9363784939e-02,3.0801535156e+04
276,1.7540875673e+00,-4.7830408439e-03,3.4093105793e+00,1.4985437393e+00,-1.4818572672e-03,3.0802023438e+04
277,1.7515171766e+00,-4.7600162216e-03,3.7889728546e+00,1.5159790516e+00,-2.5962067302e-03,3.0802218750e+04
278,1.7491072416e+00,-4.8154895194e-03,3.2120521069e+00,1.5229043961e+00,7.9242708161e-03,3.0802175781e+04
279,1.7467379570e+00,-4.8949145712e-03,4.4908308983e+00,1.5204027891e+00,1.6708374460e-05,3.0802158203e+04
280,1.7443635464e+00,-4.8830816522e-03,1.2408763170e+00,1.4933502674e+00,1.8056640401e-02,3.0802601562e+04
281,1.7419067621e+00,-4.7485386021e-03,1.8746432662e-01,1.4847699404e+00,2.8323363513e-03,3.0803371094e+04
282,1.7394158840e+00,-4.8488718458e-03,-2.1724724770e+00,1.4698404074e+00,-2.0430756267e-03,3.0802867188e+04
283,1.7371091843e+00,-5.3383321501e-03,-3.0587749481e+00,1.4841901064e+00,-7.5080110691e-03,3.0803271484e+04
284,1.7349544764e+00,-5.7164099999e-03,1.3220433891e-01,1.5116528273e+00,-1.8978881417e-03,3.0803310547e+04
285,1.7324925661e+00,-5.4908823222e-03,-5.3743535280e-01,1.5207823515e+00,-9.7518917173e-03,3.0803593750e+04
286,1.7300094366e+00,-5.1944032311e-03,2.8732514381e+00,1.5170800686e+00,4.7039794736e-03,3.0803980469e+04
287,1.7279099226e+00,-5.2417684346e-03,1.5836193562e+00,1.5252139568e+00,-9.8385624588e-03,3.0804541016e+04
288,1.7261385918e+00,-5.5477777496e-03,2.1445050240e+00,1.5192033052e+00,2.0130157936e-03,3.0804691406e+04
289,1.7242448330e+00,-5.9142857790e-03,1.5346856117e+00,1.5034481287e+00,2.5596084073e-02,3.0805660156e+04
290,1.7222354412e+00,-6.2023694627e-03,2.5821850300e+00,1.5184469223e+00,1.7172012478e-02,3.0806298828e+04
291,1.7197688818e+00,-6.0601709411e-03,1.6928285360e+00,1.5259940624e+00,-2.5606537238e-02,3.0807083984e+04
292,1.7173597813e+00,-5.7608075440e-03,3.1586835384e+00,1.5013967752e+00,-1.3266830705e-02,3.0808351562e+04
293,1.7151827812e+00,-5.5313450284e-03,3.7649719715e+00,1.5180938244e+00,-2.1175231785e-02,3.0809363281e+04
294,1.7133867741e+00,-5.6899096817e-03,6.2526178360e+00,1.5167572498e+00,-2.3657150567e-02,3.0810259766e+04
295,1.7117084265e+00,-5.9864474460e-03,6.5752768517e+00,1.5099380016e+00,-3.2709959894e-02,3.0811050781e+04
296,1.7098921537e+00,-6.1640995555e-03,6.1851382256e+00,1.4859118462e+00,-6.5071107820e-03,3.0812289062e+04
297,1.7079856396e+00,-6.1377971433e-03,4.3515372276e+00,1.4967881441e+00,-1.9695663825e-02,3.0812587891e+04
298,1.7058157921e+00,-6.0122013092e-03,2.8846881390e+00,1.4855718613e+00,-7.6699829660e-03,3.0813417969e+04
299,1.7036294937e+00,-6.2854946591e-03,7.0393934250e+00,1.4965178967e+00,3.4294129000e-04,3.0814640625e+04
300,1.7016774416e+00,-6.7767496221e-03,2.9588110447e+00,1.5064697266e+00,7.3282625526e-03,3.0815564453e+04
301,1.6998010874e+00,-7.0367702283e-03,1.7824890614e+00,1.4876943827e+00,-3.2754517160e-03,3.0816712891e+04
302,1.6978102922e+00,-6.9863959216e-03,1.3772782683e-01,1.4820525646e+00,1.0615844280e-02,3.0817636719e+04
303,1.6956541538e+00,-6.8022506312e-03,-6.9139283895e-01,1.4972255230e+00,2.0597076509e-03,3.0818197266e+04
304,1.6938277483e+00,-6.6152741201e-03,-5.4038012028e-01,1.5106967688e+00,-1.4803009108e-02,3.0818513672e+04
305,1.6922171116e+00,-6.5124486573e-03,-9.3745386600e-01,1.5208586454e+00,-1.1205978692e-02,3.0819781250e+04
306,1.6905640364e+00,-6.4880703576e-03,-3.1426167488e+00,1.5258468390e+00,-1.8296050839e-03,3.0820187500e+04
307,1.6889514923e+00,-6.8545462564e-03,-4.4574055672e+00,1.5150032043e+00,-9.8815914243e-03,3.0820439453e+04
308,1.6874237061e+00,-7.2408183478e-03,-3.5002691746e+00,1.4810748100e+00,-4.5594330877e-02,3.0820734375e+04
309,1.6860370636e+00,-7.4108042754e-03,-5.4494380951e+00,1.4681386948e+00,-4.4830016792e-02,3.0821185547e+04
310,1.6843014956e+00,-7.3956260458e-03,-5.2595610619e+00,1.4872882366e+00,-1.7271805555e-02,3.0821843750e+04
311,1.6825886965e+00,-7.4988198467e-03,-4.5932211876e+00,1.4926828146e+00,-2.0371550694e-02,3.0821837891e+04
312,1.6809420586e+00,-7.5384918600e-03,-2.5232882500e+00,1.4874666929e+00,-1.7481917515e-02,3.0822433594e+04
313,1.6794514656e+00,-7.4669001624e-03,-2.8631920815e+00,1.4943106174e+00,-1.5054397285e-02,3.0822431641e+04
314,1.6777185202e+00,-7.2107724845e-03,-4.4602994919e+00,1.5051215887e+00,-3.0447235331e-02,3.0822884766e+04
315,1.6759608984e+00,-7.2207744233e-03,-4.5934481621e+00,1.5140327215e+00,-2.6862410828e-02,3.0822869141e+04
316,1.6743439436e+00,-7.2503462434e-03,-6.5180087090e+00,1.5067404509e+00,-1.5614929609e-02,3.0822968750e+04
317,1.6728526354e+00,-7.2181681171e-03,-5.9318532944e+00,1.5063836575e+00,-1.1044769548e-02,3.0823625000e+04
318,1.6711090803e+00,-6.9701825269e-03,-8.6947917938e+00,1.4894160032e+00,-1.4466933906e-02,3.0823755859e+04
319,1.6695107222e+00,-6.6596721299e-03,-1.1090986252e+01,1.4690152407e+00,-1.2631225400e-03,3.0824041016e+04
320,1.6682251692e+00,-6.6589787602e-03,-7.5164980888e+00,1.4832726717e+00,-1.4748535119e-02,3.0825019531e+04
321,1.6669787169e+00,-6.6281054169e-03,-5.3889102936e+00,1.4898192883e+00,-6.7290496081e-03,3.0825291016e+04
322,1.6659082174e+00,-6.7065488547e-03,-2.6838552952e+00,1.4921448231e+00,7.0701600052e-03,3.0825718750e+04
323,1.6646680832e+00,-6.5677068196e-03,-2.1600623131e+00,1.4889661074e+00,8.6362455040e-03,3.0825857422e+04
324,1.6633269787e+00,-6.1374884099e-03,-5.1506338120e+00,1.5017004013e+00,-2.7012787759e-02,3.0826529297e+04
325,1.6618820429e+00,-5.6253462099e-03,-7.1313014030e+00,1.4917724133e+00,-3.3300019801e-02,3.0826462891e+04
326,1.6605070829e+00,-5.2934139967e-03,-7.9439067841e+00,1.5114327669e+00,-1.9872512668e-02,3.0827332031e+04
327,1.6592960358e+00,-5.1319454797e-03,-4.0423007011e+00,1.5025678873e+00,-1.4192963019e-02,3.0827669922e+04
328,1.6582746506e+00,-5.1851095632e-03,-6.0804781914e+00,1.5013897419e+00,-2.6979828253e-03,3.0828050781e+04
329,1.6572337151e+00,-5.2765584551e-03,-1.9251055717e+00,1.5048674345e+00,2.9498292133e-03,3.0829039062e+04
330,1.6559430361e+00,-5.3160046227e-03,-5.4744358063e+00,1.5226086378e+00,-4.6780393459e-03,3.0829609375e+04
331,1.6545456648e+00,-5.2029462531e-03,-6.5624623299e+00,1.4936134815e+00,-6.7369081080e-03,3.0829910156e+04
332,1.6533360481e+00,-5.1543335430e-03,-6.0728635788e+00,1.5100876093e+00,-1.1043854058e-02,3.0830386719e+04
333,1.6522223949e+00,-5.0737042911e-03,-5.8390955925e+00,1.5001266003e+00,-2.0196227357e-02,3.0831275391e+04
334,1.6507923603e+00,-4.8705847003e-03,-5.9324898720e+00,1.5001431704e+00,-2.9416047037e-02,3.0832044922e+04
335,1.6492946148e+00,-4.5577106066e-03,-6.1703672409e+00,1.4999928474e+00,-2.4164887145e-02,3.0832748047e+04
336,1.6480611563e+00,-4.4484524988e-03,-8.3888511658e+00,1.4826800823e+00,-1.6342315823e-02,3.0833160156e+04
337,1.6471369267e+00,-4.2570163496e-03,-5.7211012840e+00,1.4949822426e+00,-1.9113311544e-02,3.0833279297e+04
338,1.6462049484e+00,-3.9697140455e-03,-6.2953505516e+00,1.4948366880e+00,-9.7007752629e-04,3.0833982422e+04
339,1.6451978683e+00,-3.5640795249e-03,-7.3544173241e+00,1.4795532227e+00,-4.2271423154e-03,3.0834142578e+04
340,1.6442512274e+00,-3.3360114321e-03,-6.3796100616e+00,1.4941508770e+00,-2.3662261665e-02,3.0834767578e+04
341,1.6432931423e+00,-3.2214019448e-03,-5.9700551033e+00,1.4914437532e+00,-3.7221450359e-02,3.0835373047e+04
342,1.6423779726e+00,-3.2098470256e-03,-8.5070810318e+00,1.4929825068e+00,-4.7169189900e-02,3.0835796875e+04
343,1.6413353682e+00,-2.9324968345e-03,-8.6746864319e+00,1.5114755630e+00,-2.8698654845e-02,3.0836285156e+04
344,1.6403623819e+00,-2.6707421057e-03,-7.9637560844e+00,1.5256280899e+00,1.8738555955e-03,3.0836341797e+04
345,1.6392699480e+00,-2.4660159834e-03,-7.0938057899e+00,1.5155203342e+00,9.1362763196e-03,3.0836720703e+04
346,1.6381263733e+00,-2.3363318760e-03,-8.5646409988e+00,1.4998010397e+00,2.8395843692e-03,3.0837115234e+04
347,1.6372206211e+00,-1.9421078032e-03,-1.0336294174e+01,1.4863379002e+00,-4.7503663227e-03,3.0837554688e+04
348,1.6361716986e+00,-1.3877619058e-03,-1.1610019684e+01,1.4971852303e+00,-1.3333511539e-02,3.0838093750e+04
349,1.6349084377e+00,-8.3892763359e-04,-1.0167481422e+01,1.4849908352e+00,-2.3483199999e-02,3.0837746094e+04
350,1.6339691877e+00,-4.4053158490e-04,-7.9716577530e+00,1.4913541079e+00,-2.1677933633e-02,3.0838480469e+04
351,1.6333221197e+00,-4.7086068662e-04,-5.4331464767e+00,1.5083453655e+00,-3.3853530884e-02,3.0838591797e+04
352,1.6325266361e+00,-6.4906664193e-04,-9.5769309998e+00,1.5072500706e+00,-1.7031326890e-02,3.0838611328e+04
353,1.6317720413e+00,-7.7931373380e-04,-8.5460777283e+00,1.5028430223e+00,-2.1236190572e-02,3.0839011719e+04
354,1.6307955980e+00,-4.5142814633e-04,-1.3015771866e+01,1.5038543940e+00,-2.0745696500e-02,3.0839724609e+04
355,1.6298719645e+00,9.6430550911e-05,-1.3018246651e+01,1.4926447868e+00,-2.7966156602e-02,3.0839181641e+04
356,1.6288506985e+00,7.0167891681e-04,-1.0708182335e+01,1.4983102083e+00,-1.2754821219e-03,3.0839720703e+04
357,1.6279052496e+00,1.2407032773e-03,-7.4290075302e+00,1.5049532652e+00,6.7116548307e-03,3.0839775391e+04
358,1.6271294355e+00,1.4116854873e-03,-1.1392861366e+01,1.5347698927e+00,5.1350402646e-03,3.0840023438e+04
359,1.6265771389e+00,1.4822315425e-03,-1.0120878220e+01,1.5358641148e+00,-8.3283232525e-03,3.0840544922e+04
360,1.6259547472e+00,1.6434674617e-03,-1.3579545021e+01,1.5072517395e+00,7.9718781635e-03,3.0840468750e+04
361,1.6251481771e+00,1.9085317617e-03,-1.3081407547e+01,1.5053508282e+00,1.2793579139e-02,3.0840964844e+04
362,1.6241756678e+00,2.2148676217e-03,-1.0765605927e+01,1.5243735313e+00,1.2562408112e-02,3.0841234375e+04
363,1.6232328415e+00,2.6264777407e-03,-1.0410344124e+01,1.5145956278e+00,3.8636017125e-03,3.0841326172e+04
364,1.6224864721e+00,3.0716997571e-03,-8.8253564835e+00,1.5120620728e+00,1.9636688754e-02,3.0841714844e+04
365,1.6218719482e+00,3.3185705543e-03,-8.0723400116e+00,1.4997638464e+00,2.4681091309e-03,3.0842130859e+04
366,1.6212145090e+00,3.2461797819e-03,-8.0773344040e+00,1.4879187346e+00,1.0357208550e-02,3.0842912109e+04
367,1.6205633879e+00,2.9950523749e-03,-8.6088895798e+00,1.5167492628e+00,1.4255370945e-02,3.0843298828e+04
368,1.6196298599e+00,3.1025696080e-03,-8.0261793137e+00,1.5320738554e+00,-4.5344545506e-03,3.0843568359e+04
369,1.6185858250e+00,3.1991784927e-03,-6.5870275497e+00,1.5032887459e+00,-2.8931580484e-02,3.0844281250e+04
370,1.6175850630e+00,3.3471027855e-03,-8.9311485291e+00,1.4934513569e+00,7.9972073436e-03,3.0844824219e+04
371,1.6168128252e+00,3.2743946649e-03,-1.0216731071e+01,1.4935253859e+00,-2.1753845736e-02,3.0845716797e+04
372,1.6161174774e+00,3.3013732173e-03,-9.5306663513e+00,1.4874688387e+00,-1.1576461606e-02,3.0846279297e+04
373,1.6155622005e+00,3.2955985516e-03,-9.4878158569e+00,1.4933950901e+00,1.7626190092e-03,3.0846535156e+04
374,1.6149059534e+00,3.4731384367e-03,-8.9562911987e+00,1.5110418797e+00,-3.3934784587e-03,3.0846675781e+04
375,1.6144326925e+00,3.5318015143e-03,-8.0785846710e+00,1.5099892616e+00,-9.0055847540e-03,3.0847236328e+04
376,1.6139867306e+00,3.3288020641e-03,-8.9866456985e+00,1.5176321268e+00,-1.0556945577e-02,3.0848103516e+04
377,1.6135584116e+00,3.2199162524e-03,-9.4912796021e+00,1.4835280180e+00,-4.5677185990e-03,3.0848207031e+04
378,1.6130900383e+00,3.1213611364e-03,-1.0176162720e+01,1.4838659763e+00,-3.4332274481e-06,3.0848751953e+04
379,1.6125754118e+00,3.1411421951e-03,-8.1171989441e+00,1.4761366844e+00,-2.0679092035e-02,3.0849119141e+04
380,1.6119878292e+00,3.2821213827e-03,-9.4294614792e+00,1.4966632128e+00,-1.7757186666e-02,3.0849562500e+04
381,1.6114169359e+00,3.2986348961e-03,-7.8298816681e+00,1.4877275229e+00,-7.2509766323e-04,3.0849373047e+04
382,1.6107678413e+00,3.3597953152e-03,-9.2340612411e+00,1.4930964708e+00,8.2040401176e-03,3.0849839844e+04
383,1.6101710796e+00,3.3274365123e-03,-6.7813544273e+00,1.4992043972e+00,-4.4357301667e-03,3.0849562500e+04
384,1.6096448898e+00,3.0244023073e-03,-1.0091897011e+01,1.4908355474e+00,-1.2484588660e-02,3.0849726562e+04
385,1.6089279652e+00,2.9163546860e-03,-8.5407848358e+00,1.4873181581e+00,-1.3611298054e-02,3.0849544922e+04
386,1.6083205938e+00,2.8299693950e-03,-1.2600820541e+01,1.5093502998e+00,-3.0449295416e-02,3.0849277344e+04
387,1.6076180935e+00,3.0588642694e-03,-1.1898975372e+01,1.5172250271e+00,-3.5230409354e-02,3.0849187500e+04
388,1.6069520712e+00,3.1226419378e-03,-1.5170166969e+01,1.5169167519e+00,-2.9049986973e-02,3.0849562500e+04
389,1.6064894199e+00,3.0454839580e-03,-1.4309653282e+01,1.5119079351e+00,-3.3290557563e-02,3.0849652344e+04
390,1.6060247421e+00,3.0390894972e-03,-1.4549448013e+01,1.5081137419e+00,-3.4317016602e-02,3.0849724609e+04
391,1.6056324244e+00,2.9133241624e-03,-1.3404100418e+01,1.5109118223e+00,-4.3949126266e-03,3.0850042969e+04
392,1.6053469181e+00,2.7689647395e-03,-1.1476548195e+01,1.5101319551e+00,6.8285372108e-03,3.0850361328e+04
393,1.6049469709e+00,2.6520492975e-03,-1.0067220688e+01,1.4772257805e+00,-9.6008302644e-03,3.0850636719e+04
394,1.6044399738e+00,2.5833093096e-03,-8.7912778854e+00,1.4804406166e+00,-1.8669052050e-02,3.0850708984e+04
395,1.6039562225e+00,2.3393509910e-03,-6.2865662575e+00,1.4877887964e+00,-2.9494857416e-02,3.0851253906e+04
396,1.6033892632e+00,2.1151474211e-03,-5.1530447006e+00,1.4940892458e+00,-3.8585435599e-02,3.0851277344e+04
397,1.6029505730e+00,1.7412287416e-03,-4.6305713654e+00,1.5086690187e+00,-1.3429565355e-02,3.0851425781e+04
398,1.6026015282e+00,1.4390682336e-03,-4.2129926682e+00,1.4897062778e+00,6.9404602982e-04,3.0851296875e+04
399,1.6021468639e+00,1.1775020976e-03,-8.6578035355e+00,1.4980194569e+00,-3.5272217356e-03,3.0852152344e+04
400,1.6016734838e+00,9.6723053139e-04,-9.8590908051e+00,1.4990216494e+00,-3.5477448255e-03,3.0852312500e+04
401,1.6011781693e+00,6.2018109020e-04,-1.3436990738e+01,1.5074828863e+00,1.0263824370e-03,3.0852910156e+04
402,1.6007214785e+00,2.0532570488e-04,-1.0479976654e+01,1.5141750574e+00,1.6493607312e-02,3.0853298828e+04
403,1.6001405716e+00,-7.4015522841e-05,-1.2451292038e+01,1.5030312538e+00,1.0487136431e-02,3.0853548828e+04
404,1.5994772911e+00,-1.7769714759e-04,-8.0917711258e+00,1.5121198893e+00,-1.7604827881e-02,3.0853902344e+04
405,1.5988124609e+00,-3.4028172377e-04,-8.9548654556e+00,1.4839901924e+00,-2.5166930631e-02,3.0854546875e+04
406,1.5984439850e+00,-6.0295028379e-04,-7.3002963066e+00,1.4876892567e+00,-2.4957580492e-02,3.0855148438e+04
407,1.5982882977e+00,-1.0510034626e-03,-7.2956752777e+00,1.4797134399e+00,-1.3811264187e-02,3.0855392578e+04
408,1.5980361700e+00,-1.3512030710e-03,-5.9192981720e+00,1.4808906317e+00,1.1258698069e-03,3.0855285156e+04
409,1.5976552963e+00,-1.6578031937e-03,-5.4571509361e+00,1.4960644245e+00,1.1874923483e-02,3.0855591797e+04
410,1.5971796513e+00,-1.9091349095e-03,-6.0951147079e+00,1.4851868153e+00,2.3042602465e-02,3.0855804688e+04
411,1.5967788696e+00,-2.1689359564e-03,-7.6126432419e+00,1.5095688105e+00,7.0541381137e-04,3.0855861328e+04
412,1.5963773727e+00,-2.4419468828e-03,-6.8949222565e+00,1.4995322227e+00,6.4079283038e-04,3.0856144531e+04
413,1.5958780050e+00,-2.8244284913e-03,-1.0598437309e+01,1.5048824549e+00,1.9904328510e-03,3.0856236328e+04
414,1.5954484940e+00,-3.0686922837e-03,-9.5273199081e+00,1.5141247511e+00,-2.0322035998e-02,3.0856855469e+04
415,1.5951194763e+00,-3.4408490174e-03,-1.0643176079e+01,1.5176981688e+00,-1.9831694663e-02,3.0857251953e+04
416,1.5947730541e+00,-3.8073912729e-03,-9.6180019379e+00,1.5075093508e+00,9.6346279606e-03,3.0857476562e+04
417,1.5944001675e+00,-4.2355423793e-03,-9.5329074860e+00,1.5118595362e+00,1.0047454387e-02,3.0857712891e+04
418,1.5940458775e+00,-4.4352537952e-03,-8.6052217484e+00,1.5025082827e+00,1.5302428976e-02,3.0858339844e+04
419,1.5935630798e+00,-4.3981298804e-03,-7.1107854843e+00,1.4934147596e+00,1.1621780694e-02,3.0858447266e+04
420,1.5931512117e+00,-4.4840145856e-03,-8.6360702515e+00,1.4968093634e+00,7.5037386268e-03,3.0858474609e+04
421,1.5928624868e+00,-4.6880352311e-03,-6.6577596664e+00,1.4964350462e+00,-4.9969484098e-03,3.0858332031e+04
422,1.5926095247e+00,-5.0331545062e-03,-8.9174547195e+00,1.5113079548e+00,-1.8901443109e-02,3.0858441406e+04
423,1.5924603939e+00,-5.5463081226e-03,-7.3923759460e+00,1.4973657131e+00,-1.0733184405e-02,3.0858728516e+04
424,1.5922327042e+00,-6.2199546956e-03,-8.3673496246e+00,1.5072666407e+00,2.0038910210e-02,3.0858988281e+04
425,1.5919729471e+00,-6.8120043725e-03,-8.4511766434e+00,1.4986770153e+00,2.1213226020e-02,3.0858289062e+04
426,1.5917429924e+00,-7.3259612545e-03,-9.8662748337e+00,1.4999122620e+00,1.1030044407e-02,3.0858792969e+04
427,1.5914255381e+00,-7.7288574539e-03,-8.9618186951e+00,1.4803271294e+00,2.0812988805e-04,3.0859119141e+04
428,1.5909961462e+00,-7.8026806004e-03,-1.1037984848e+01,1.5034872293e+00,-2.6341857389e-02,3.0859466797e+04
429,1.5905990601e+00,-7.9141706228e-03,-7.9112563133e+00,1.4903558493e+00,-2.4670943618e-02,3.0858724609e+04
430,1.5901256800e+00,-7.9282801598e-03,-8.0030345917e+00,1.5130300522e+00,3.9266967215e-03,3.0858847656e+04
431,1.5897947550e+00,-8.1148305908e-03,-5.4387354851e+00,1.5148257017e+00,2.2776795086e-03,3.0858921875e+04
432,1.5897074938e+00,-8.4630185738e-03,-9.7488250732e+00,1.5196493864e+00,-4.0463255718e-03,3.0858664062e+04
433,1.5895636082e+00,-8.9208893478e-03,-8.3224220276e+00,1.5128902197e+00,-2.7967758477e-02,3.0858824219e+04
434,1.5891686678e+00,-9.2639811337e-03,-1.1302595139e+01,1.4871392250e+00,-9.8006436601e-03,3.0858941406e+04
435,1.5887380838e+00,-9.4789639115e-03,-1.1297232628e+01,1.5014429092e+00,-1.2478332967e-02,3.0859763672e+04
436,1.5883036852e+00,-9.5992060378e-03,-1.0777735710e+01,1.5018014908e+00,-2.1276244894e-02,3.0859666016e+04
437,1.5880284309e+00,-9.6677737311e-03,-8.2436809540e+00,1.5114217997e+00,-2.0257797092e-02,3.0860259766e+04
438,1.5875874758e+00,-9.7501315176e-03,-3.0704426765e+00,1.4910625219e+00,-3.2075043768e-02,3.0859947266e+04
439,1.5872617960e+00,-9.9269719794e-03,-3.6738605499e+00,1.5005362034e+00,-1.0258179158e-02,3.0860150391e+04
440,1.5871355534e+00,-1.0043025948e-02,-2.5331244469e+00,1.4906501770e+00,-7.9295346513e-03,3.0860802734e+04
441,1.5867559910e+00,-1.0261874646e-02,-7.2133631706e+00,1.4916895628e+00,2.8651428875e-03,3.0860939453e+04
442,1.5862773657e+00,-1.0449388996e-02,-7.2973022461e+00,1.4961167574e+00,-1.0923232883e-02,3.0861044922e+04
443,1.5858255625e+00,-1.0682379827e-02,-6.0506706238e+00,1.4997106791e+00,-1.3027953915e-02,3.0861265625e+04
444,1.5855605602e+00,-1.0777370073e-02,-5.3354592323e+00,1.5010391474e+00,-1.4021682553e-02,3.0861589844e+04
445,1.5852360725e+00,-1.0658732615e-02,-8.1909427643e+00,1.5079628229e+00,-9.5025636256e-03,3.0861941406e+04
446,1.5848715305e+00,-1.0347702540e-02,-8.3660631180e+00,1.5304901600e+00,-2.5174027309e-02,3.0862429688e+04
447,1.5846464634e+00,-1.0183078237e-02,-9.2015209198e+00,1.5038893223e+00,-2.7306519449e-02,3.0862529297e+04
448,1.5844751596e+00,-1.0106629692e-02,-7.5926256180e+00,1.5005555153e+00,-3.2966155559e-02,3.0863185547e+04
449,1.5843682289e+00,-1.0183463804e-02,-6.7067103386e+00,1.4829367399e+00,-2.0572967827e-02,3.0863888672e+04
450,1.5841844082e+00,-1.0245131329e-02,-7.8020195961e+00,1.5016920567e+00,-2.4162368849e-02,3.0864091797e+04
451,1.5838830471e+00,-1.0128343478e-02,-6.9529809952e+00,1.4934927225e+00,-2.6631392539e-02,3.0864296875e+04
452,1.5837231874e+00,-9.9202310666e-03,-4.5705447197e+00,1.5076831579e+00,-2.2502593696e-02,3.0865359375e+04
453,1.5834059715e+00,-9.8031572998e-03,-4.2229204178e+00,1.5049960613e+00,-3.2090608031e-02,3.0865414062e+04
454,1.5830448866e+00,-9.6914060414e-03,-4.5767283440e+00,1.4903585911e+00,-1.8979720771e-02,3.0865488281e+04
455,1.5828330517e+00,-9.6692098305e-03,-2.9340572357e+00,1.5045175552e+00,-1.5071258880e-02,3.0865449219e+04
456,1.5826776028e+00,-9.6596600488e-03,-6.3499336243e+00,1.4863644838e+00,2.8056334704e-03,3.0865949219e+04
457,1.5827405453e+00,-9.6381064504e-03,-8.0574741364e+00,1.4864279032e+00,-1.4104995877e-02,3.0865492188e+04
458,1.5825084448e+00,-9.5169162378e-03,-8.5066518784e+00,1.5010957718e+00,-3.4191817045e-02,3.0865798828e+04
459,1.5822249651e+00,-9.2541389167e-03,-6.4473280907e+00,1.4908601046e+00,-1.5335845528e-03,3.0865843750e+04
460,1.5820275545e+00,-9.0778926387e-03,-8.7977743149e+00,1.5140774250e+00,1.8739318475e-03,3.0865894531e+04
461,1.5820120573e+00,-9.0183792636e-03,-5.6299266815e+00,1.5289874077e+00,-1.2160415761e-02,3.0865845703e+04
462,1.5818748474e+00,-8.9756473899e-03,-7.9686422348e+00,1.5139858723e+00,-5.2454605699e-02,3.0866164062e+04
463,1.5816485882e+00,-8.7720965967e-03,-9.0688714981e+00,1.4927772284e+00,-1.8618393689e-02,3.0865945312e+04
464,1.5813287497e+00,-8.6529180408e-03,-9.1137285233e+00,1.5099319220e+00,-1.7188491300e-02,3.0865886719e+04
465,1.5811135769e+00,-8.5110068321e-03,-6.5143952370e+00,1.4872111082e+00,1.5148010105e-02,3.0865818359e+04
466,1.5809882879e+00,-8.4565645084e-03,-6.3303484917e+00,1.4965511560e+00,-2.2956924513e-02,3.0865570312e+04
467,1.5808807611e+00,-8.1930682063e-03,-5.3912124634e+00,1.5047903061e+00,-3.1090546399e-02,3.0865937500e+04
468,1.5807466507e+00,-7.9655842856e-03,-6.5333776474e+00,1.4906467199e+00,-2.2874679416e-02,3.0866154297e+04
469,1.5805939436e+00,-7.8278258443e-03,-6.4005179405e+00,1.4988898039e+00,-2.5417327881e-02,3.0866089844e+04
470,1.5803347826e+00,-7.5500709936e-03,-5.5872826576e+00,1.5179338455e+00,-2.1029662341e-02,3.0866519531e+04
471,1.5801726580e+00,-7.2641829029e-03,-3.4064545631e+00,1.5205367804e+00,-1.6012039036e-02,3.0866511719e+04
472,1.5798438787e+00,-6.9107520394e-03,-4.6856069565e+00,1.4950064421e+00,-3.5003203899e-02,3.0866470703e+04
473,1.5794329643e+00,-6.5588378347e-03,-4.6987113953e+00,1.4841297865e+00,-6.0631409287e-02,3.0867273438e+04
474,1.5791093111e+00,-6.2347906642e-03,-6.7101674080e+00,1.4814137220e+00,-4.4424895197e-02,3.0866648438e+04
475,1.5787094831e+00,-5.7903123088e-03,-6.0759301186e+00,1.5103218555e+00,-2.7735976502e-02,3.0866785156e+04
476,1.5784176588e+00,-5.3781000897e-03,-3.7793629169e+00,1.5090271235e+00,-2.0283661783e-02,3.0867154297e+04
477,1.5782111883e+00,-4.9480479211e-03,-5.5144586563e+00,1.4897335768e+00,-2.9597854242e-02,3.0867126953e+04
478,1.5781672001e+00,-4.8170350492e-03,-5.6451406479e+00,1.4695010185e+00,5.6712343358e-03,3.0867738281e+04
479,1.5780184269e+00,-4.4649043120e-03,-6.1815280914e+00,1.4572671652e+00,-7.6585388742e-03,3.0867332031e+04
480,1.5778424740e+00,-4.1249264032e-03,-5.6028938293e+00,1.4794793129e+00,-8.0978395417e-03,3.0867775391e+04
481,1.5775828362e+00,-3.7645325065e-03,-2.8320612907e+00,1.5071935654e+00,-1.5168533660e-02,3.0868205078e+04
482,1.5772984028e+00,-3.5455471370e-03,-4.7242388725e+00,1.4874016047e+00,-9.1007230803e-03,3.0868083984e+04
483,1.5771532059e+00,-3.3851959743e-03,-3.5743279457e+00,1.5056157112e+00,-2.3887939751e-02,3.0868218750e+04
484,1.5769854784e+00,-3.1993840821e-03,-2.6451795101e+00,1.5004186630e+00,-1.5824507922e-02,3.0868421875e+04
485,1.5767300129e+00,-2.9460745864e-03,-3.9697246552e+00,1.5146604776e+00,-1.5239410102e-02,3.0868357422e+04
486,1.5764050484e+00,-2.8351959772e-03,-3.8820779324e+00,1.4991079569e+00,-4.4239729643e-02,3.0867804688e+04
487,1.5760180950e+00,-2.7679288760e-03,-6.2911791801e+00,1.5152500868e+00,-3.0728682876e-02,3.0868167969e+04
488,1.5756707191e+00,-2.6044859551e-03,-5.4991521835e+00,1.5167593956e+00,-3.0162887648e-02,3.0868521484e+04
489,1.5751574039e+00,-2.3835361935e-03,-8.3253211975e+00,1.4918894768e+00,-1.2833786197e-02,3.0868373047e+04
490,1.5748639107e+00,-2.2664759308e-03,-7.6576128006e+00,1.4979339838e+00,-1.0834884830e-02,3.0869250000e+04
491,1.5744850636e+00,-2.1188282408e-03,-7.1769890785e+00,1.5009118319e+00,-1.6148300841e-02,3.0869261719e+04
492,1.5741004944e+00,-1.9678927492e-03,-4.8385381699e+00,1.4937341213e+00,-1.7866287380e-02,3.0869300781e+04
493,1.5737977028e+00,-1.5854584053e-03,-9.1240692139e-01,1.5047889948e+00,-2.7232818305e-02,3.0869246094e+04
494,1.5733726025e+00,-1.1539316038e-03,-1.6602145433e+00,1.4964194298e+00,-1.9762573764e-02,3.0868894531e+04
495,1.5731278658e+00,-9.2429446522e-04,-1.3066263199e+00,1.5228195190e+00,-3.5464629531e-02,3.0868951172e+04
496,1.5728783607e+00,-8.0787524348e-04,-4.5923256874e+00,1.5222277641e+00,-3.6367874593e-02,3.0868416016e+04
497,1.5726709366e+00,-7.8283174662e-04,-7.6722822189e+00,1.5310492516e+00,-3.1162185594e-02,3.0868791016e+04
498,1.5722863674e+00,-5.8129319223e-04,-9.2377252579e+00,1.5111312866e+00,-2.6539001614e-02,3.0868775391e+04
499,1.5716711283e+00,-1.9763672026e-04,-1.3309676170e+01,1.5107827187e+00,-4.8207167536e-02,3.0869189453e+04
500,1.5711078644e+00,1.1624082981e-04,-1.0998141289e+01,1.5197235346e+00,-3.1424101442e-02,3.0869519531e+04
501,1.5706542730e+00,4.4231032371e-04,-9.3505449295e+00,1.4964793921e+00,4.7178650275e-03,3.0869328125e+04
502,1.5705655813e+00,5.9192877961e-04,-3.8538320065e+00,1.4931728840e+00,-1.6498183832e-02,3.0869968750e+04
503,1.5705016851e+00,9.6125790151e-04,-1.7751649618e+00,1.4957916737e+00,-1.4676894993e-02,3.0869603516e+04
504,1.5703316927e+00,1.1411897140e-03,-1.6878889799e+00,1.5009853840e+00,-1.9257126376e-02,3.0869861328e+04
505,1.5701017380e+00,1.2043702882e-03,-1.8973536491e+00,1.5228809118e+00,-6.5645598806e-03,3.0869601562e+04
506,1.5698275566e+00,1.3043752406e-03,-4.5871443748e+00,1.5155692101e+00,-4.7987364233e-03,3.0869658203e+04
507,1.5697500706e+00,1.3564025285e-03,-2.6068940163e+00,1.5211752653e+00,3.5436248872e-03,3.0869148438e+04
508,1.5695998669e+00,1.5372219495e-03,-5.6591901779e+00,1.5380237103e+00,-1.6523666680e-02,3.0868867188e+04
509,1.5692220926e+00,1.7953279894e-03,-6.1308712959e+00,1.5371114016e+00,-3.0091857538e-02,3.0869164062e+04
510,1.5689070225e+00,1.7592493678e-03,-1.0828843117e+01,1.5171103477e+00,-1.9462890923e-02,3.0869974609e+04
511,1.5685801506e+00,1.7094521318e-03,-1.2493843079e+01,1.5056194067e+00,7.7331541106e-03,3.0870333984e+04
512,1.5683048964e+00,1.5237411717e-03,-8.4395370483e+00,1.5091437101e+00,-3.6428833846e-03,3.0870367188e+04
513,1.5679999590e+00,1.3976184418e-03,-4.0920357704e+00,1.4902682304e+00,-5.3066252731e-03,3.0870787109e+04
514,1.5675327778e+00,1.3403312769e-03,-2.0760290623e+00,1.4971929789e+00,-1.2000274844e-02,3.0871064453e+04
515,1.5670598745e+00,1.3917761389e-03,-8.9735043049e-01,1.5123018026e+00,1.0628738441e-02,3.0871478516e+04
516,1.5667366982e+00,1.5526514035e-03,-2.3428800106e+00,1.4976925850e+00,4.5096818358e-02,3.0871482422e+04
517,1.5664411783e+00,1.6837882577e-03,-1.9956138134e+00,1.5236785412e+00,4.0430449881e-03,3.0871730469e+04
518,1.5661839247e+00,1.8609516555e-03,-1.7848346233e+00,1.5255134106e+00,-1.4387054369e-02,3.0872455078e+04
519,1.5658837557e+00,2.1088763606e-03,-5.9063911438e+00,1.5171942711e+00,-7.7104950324e-03,3.0872148438e+04
520,1.5655905008e+00,2.2164853290e-03,-7.0658020973e+00,1.5086126328e+00,-2.0520858467e-02,3.0872960938e+04
521,1.5654833317e+00,2.1956516430e-03,-6.7292308807e+00,1.5037178993e+00,-2.4516677484e-02,3.0873212891e+04
522,1.5651130676e+00,2.1620711777e-03,-1.0606246948e+01,1.5015044212e+00,-9.8557285964e-03,3.0873656250e+04
523,1.5648611784e+00,2.1714672912e-03,-3.9305727482e+00,1.5118728876e+00,-1.6432495788e-02,3.0873906250e+04
524,1.5645382404e+00,2.1548084915e-03,-5.7811446190e+00,1.5090657473e+00,-3.0110778287e-02,3.0873939453e+04
525,1.5645439625e+00,2.0171527285e-03,-4.4523096085e+00,1.4896470308e+00,-1.7773894593e-02,3.0873984375e+04
526,1.5642889738e+00,2.1052809898e-03,-6.4807319641e+00,1.4973068237e+00,7.4850465171e-03,3.0874488281e+04
527,1.5640625954e+00,2.1206790116e-03,-5.9074883461e+00,1.4836050272e+00,-5.7064057328e-03,3.0874144531e+04
528,1.5637137890e+00,2.0271891262e-03,-7.5763230324e+00,1.4878889322e+00,-1.1960602133e-03,3.0874373047e+04
529,1.5636382103e+00,1.7014801269e-03,-4.5503039360e+00,1.4796109200e+00,1.6429366544e-02,3.0874125000e+04
530,1.5636414289e+00,1.2791136978e-03,-7.4853363037e+00,1.4917300940e+00,7.7167511918e-03,3.0874013672e+04
531,1.5636519194e+00,1.1503809365e-03,-5.3127174377e+00,1.5078315735e+00,1.6341019422e-02,3.0874800781e+04
532,1.5634281635e+00,1.2050310615e-03,-8.6576423645e+00,1.5134085417e+00,-2.9482346028e-02,3.0874496094e+04
533,1.5630608797e+00,1.5007242328e-03,-8.7803783417e+00,1.4970189333e+00,-3.0126342550e-02,3.0874425781e+04
534,1.5627315044e+00,1.5771078179e-03,-9.1475334167e+00,1.5098319054e+00,-5.2165221423e-03,3.0874167969e+04
535,1.5626077652e+00,1.5864751767e-03,-1.0991004944e+01,1.4927135706e+00,4.2773438618e-03,3.0873960938e+04
536,1.5626704693e+00,1.4957080130e-03,-7.9135465622e+00,1.4827069044e+00,3.4783172887e-03,3.0874417969e+04
537,1.5627601147e+00,1.3616636861e-03,-8.5533742905e+00,1.4854857922e+00,-8.4020234644e-03,3.0874550781e+04
538,1.5629343987e+00,1.1384796817e-03,-7.4896197319e+00,1.4939700365e+00,1.7463683616e-03,3.0874343750e+04
539,1.5629816055e+00,8.9886144269e-04,-5.8577914238e+00,1.5027694702e+00,2.8646851424e-03,3.0874337891e+04
540,1.5631788969e+00,7.1095192106e-04,-3.5877408981e+00,1.4965791702e+00,1.6207122244e-03,3.0874085938e+04
541,1.5631684065e+00,6.6102214623e-04,-2.8822817802e+00,1.4989421368e+00,1.5757903457e-02,3.0873871094e+04
542,1.5630323887e+00,4.6658975771e-04,-2.9801614285e+00,1.5003957748e+00,3.9704130031e-03,3.0874082031e+04
543,1.5628042221e+00,2.5918768370e-04,-3.7262117863e+00,1.4925262928e+00,1.1118697934e-02,3.0874150391e+04
544,1.5628323555e+00,1.3576267520e-04,-6.4860239029e+00,1.4758470058e+00,-9.9851228297e-03,3.0873812500e+04
545,1.5627260208e+00,6.3956314989e-05,-9.1806335449e+00,1.4864296913e+00,-1.3159180060e-02,3.0873884766e+04
546,1.5626429319e+00,-4.9375958042e-06,-8.9967994690e+00,1.4763101339e+00,2.2891081870e-02,3.0874199219e+04
547,1.5625828505e+00,-1.5421932039e-04,-9.4226322174e+00,1.4855787754e+00,1.1746139266e-02,3.0873886719e+04
548,1.5624057055e+00,-2.5861442555e-04,-6.4589633942e+00,1.4864699841e+00,-6.6564939916e-03,3.0874310547e+04
549,1.5623804331e+00,-3.0472371145e-04,-3.7478556633e+00,1.4929230213e+00,3.1435394194e-03,3.0874015625e+04
550,1.5623422861e+00,-3.1959294574e-04,-5.7824850082e+00,1.5012924671e+00,1.2527389452e-02,3.0874550781e+04
551,1.5623161793e+00,-4.3713813648e-04,-5.5378584862e+00,1.4900938272e+00,1.8887253478e-02,3.0874146484e+04
552,1.5623273849e+00,-6.1412068317e-04,-7.6092262268e+00,1.5065540075e+00,6.3499449752e-03,3.0874480469e+04
553,1.5623291731e+00,-8.0966571113e-04,-1.3752560616e+00,1.5069329739e+00,-7.2639464634e-04,3.0874072266e+04
554,1.5623676777e+00,-8.5350911831e-04,-3.2316305637e+00,1.5097792149e+00,5.1461029798e-03,3.0875011719e+04
555,1.5623395443e+00,-8.1262667663e-04,-2.3318564892e+00,1.5030474663e+00,-9.1954041272e-03,3.0874910156e+04
556,1.5622278452e+00,-9.1804441763e-04,-8.1549730301e+00,1.5000854731e+00,-1.3433532789e-02,3.0875277344e+04
557,1.5621274710e+00,-1.0167595465e-03,-4.9895696640e+00,1.4890933037e+00,-8.1362156197e-03,3.0875283203e+04
558,1.5619058609e+00,-1.2515279232e-03,-7.1527886391e+00,1.5203766823e+00,-1.8262404948e-02,3.0875837891e+04
559,1.5617554188e+00,-1.3456880115e-03,-1.1879076958e+00,1.5149779320e+00,-3.8660276681e-02,3.0875794922e+04
560,1.5615028143e+00,-1.3751436491e-03,-5.9062223434e+00,1.5190049410e+00,-3.1551361084e-02,3.0876603516e+04
561,1.5613721609e+00,-1.4666330535e-03,-3.4175462723e+00,1.5177553892e+00,-5.8537293226e-03,3.0876925781e+04
562,1.5612893105e+00,-1.4866391430e-03,-5.6612982750e+00,1.5161993504e+00,-8.4954071790e-03,3.0877376953e+04
563,1.5612661839e+00,-1.5569292009e-03,-4.2228965759e+00,1.5229120255e+00,-8.9524080977e-03,3.0877312500e+04
564,1.5612531900e+00,-1.6484963708e-03,-4.9476952553e+00,1.5110393763e+00,-1.3605576009e-02,3.0877308594e+04
565,1.5612547398e+00,-1.8941482995e-03,-4.6639342308e+00,1.5271228552e+00,-1.5690613072e-03,3.0877375000e+04
566,1.5612412691e+00,-2.0506763831e-03,-5.9546871185e+00,1.5196691751e+00,4.9394224770e-03,3.0877761719e+04
567,1.5609984398e+00,-1.9933879375e-03,-6.2967004776e+00,1.5212877989e+00,5.6977081113e-03,3.0878048828e+04
568,1.5608944893e+00,-1.8459898420e-03,-6.6810665131e+00,1.5282250643e+00,-3.5984802525e-03,3.0878146484e+04
569,1.5607092381e+00,-1.8699291395e-03,-7.5338611603e+00,1.5038208961e+00,1.6323929653e-02,3.0878500000e+04
570,1.5606693029e+00,-2.0192770753e-03,-7.0246291161e+00,1.4938372374e+00,1.8412476406e-02,3.0878822266e+04
571,1.5606186390e+00,-2.3144995794e-03,-7.6321582794e+00,1.4783830643e+00,1.0207138024e-02,3.0878714844e+04
572,1.5605577230e+00,-2.4577535223e-03,-4.5935206413e+00,1.4963552952e+00,1.1136626825e-02,3.0879150391e+04
573,1.5604231358e+00,-2.4326075800e-03,-1.8953528404e+00,1.4883669615e+00,-7.3491670191e-03,3.0878654297e+04
574,1.5603202581e+00,-2.2613860201e-03,-2.2770609856e+00,1.4970446825e+00,-1.1126403697e-02,3.0878730469e+04
575,1.5602788925e+00,-2.1153679118e-03,-1.5333428383e+00,1.5058842897e+00,-7.0610046387e-03,3.0878357422e+04
576,1.5602325201e+00,-2.1767681465e-03,-6.9924793243e+00,1.5017415285e+00,5.0199124962e-03,3.0878750000e+04
577,1.5600792170e+00,-2.2287380416e-03,-6.2205238342e+00,1.4788765907e+00,-1.2819137424e-02,3.0878132812e+04
578,1.5599696636e+00,-2.3739249445e-03,-8.3795251846e+00,1.4947357178e+00,8.4349820390e-03,3.0878320312e+04
579,1.5599198341e+00,-2.7889234480e-03,-5.6395568848e+00,1.5105812550e+00,-9.4697568566e-03,3.0878675781e+04
580,1.5597871542e+00,-2.8944713995e-03,-1.0565486908e+01,1.5021847486e+00,1.7936401069e-02,3.0878216797e+04
581,1.5597615242e+00,-3.0015117954e-03,-8.3071489334e+00,1.4899522066e+00,3.3985748887e-02,3.0878011719e+04
582,1.5594640970e+00,-2.9137379024e-03,-7.3143620491e+00,1.4953083992e+00,7.7066039667e-03,3.0877580078e+04
583,1.5595180988e+00,-2.8998069465e-03,-5.2317318916e+00,1.5008721352e+00,2.9602814466e-03,3.0876820312e+04
584,1.5596429110e+00,-3.0087109189e-03,-5.2035760880e+00,1.5025396347e+00,6.3490294851e-03,3.0876691406e+04
585,1.5597964525e+00,-3.2445848919e-03,-6.7215571404e+00,1.5198806524e+00,1.0630340315e-02,3.0876390625e+04
586,1.5599303246e+00,-3.5335170105e-03,-1.1542320251e+01,1.5140002966e+00,1.1257934384e-03,3.0876177734e+04
587,1.5598899126e+00,-3.7583946250e-03,-1.1363209724e+01,1.5023400784e+00,-1.3081283309e-02,3.0876218750e+04
588,1.5598315001e+00,-3.8924079854e-03,-1.1090024948e+01,1.5247403383e+00,-2.3395003751e-02,3.0875767578e+04
589,1.5597633123e+00,-3.8597055245e-03,-7.0795559883e+00,1.5257058144e+00,2.3409577087e-02,3.0876253906e+04
590,1.5596660376e+00,-3.8850777782e-03,-5.7074942589e+00,1.5225683451e+00,3.8347471505e-02,3.0876003906e+04
591,1.5595802069e+00,-3.9736810140e-03,-5.3636612892e+00,1.5132118464e+00,1.6275787726e-02,3.0875488281e+04
592,1.5595504045e+00,-4.0017804131e-03,-4.0537753105e+00,1.5092382431e+00,1.3503875583e-02,3.0875371094e+04
593,1.5595544577e+00,-3.9571812376e-03,-4.7308330536e+00,1.5217770338e+00,1.0110931471e-02,3.0875703125e+04
594,1.5595779419e+00,-3.9672669955e-03,-4.1936740875e+00,1.5216504335e+00,1.2321319431e-02,3.0875656250e+04
595,1.5595493317e+00,-3.9702756330e-03,-4.5652146339e+00,1.5135812759e+00,2.2465514485e-03,3.0875728516e+04
596,1.5595979691e+00,-4.1218767874e-03,-3.6243822575e+00,1.4962055683e+00,9.2987058451e-04,3.0876923828e+04
597,1.5596544743e+00,-4.3176868930e-03,-5.2100558281e+00,1.4852395058e+00,4.8137665726e-03,3.0876882812e+04
598,1.5596815348e+00,-4.3914071284e-03,-5.0672569275e+00,1.5005437136e+00,-7.2274017148e-03,3.0876916016e+04
599,1.5596554279e+00,-4.3193572201e-03,7.4447703362e-01,1.4959075451e+00,8.5150906816e-03,3.0877349609e+04
600,1.5595840216e+00,-4.1629346088e-03,-1.3297801018e+00,1.4995052814e+00,6.2373350374e-03,3.0877769531e+04
601,1.5596700907e+00,-4.1095302440e-03,-1.7064185143e+00,1.5215013027e+00,7.0126340725e-03,3.0878375000e+04
602,1.5597221851e+00,-4.0317294188e-03,-4.4234185219e+00,1.5103338957e+00,-1.6055908054e-02,3.0878779297e+04
603,1.5598001480e+00,-3.9165378548e-03,-7.4437227249e+00,1.5355384350e+00,-9.0011600405e-03,3.0879037109e+04
604,1.5597987175e+00,-3.6403068807e-03,-6.8931903839e+00,1.5121554136e+00,-7.4996950570e-04,3.0878611328e+04
605,1.5599402189e+00,-3.5057233181e-03,-6.1634726524e+00,1.5095862150e+00,-1.0892944410e-02,3.0879351562e+04
606,1.5600683689e+00,-3.4108629916e-03,-5.0690021515e+00,1.5000586510e+00,-2.4369735271e-02,3.0880140625e+04
607,1.5602121353e+00,-3.3516197000e-03,-7.1771807671e+00,1.5121428967e+00,-2.9427491128e-02,3.0879947266e+04
608,1.5603156090e+00,-3.1950054690e-03,-5.4786620140e+00,1.5233122110e+00,-1.7911070958e-02,3.0880339844e+04
609,1.5603747368e+00,-3.0757684726e-03,-3.2103815079e+00,1.5339574814e+00,9.1333771124e-03,3.0880011719e+04
610,1.5603910685e+00,-3.1907707453e-03,-3.6320257187e+00,1.5225973129e+00,1.0471114889e-02,3.0879937500e+04
611,1.5605827570e+00,-3.2890436705e-03,-1.4037463665e+00,1.5135303736e+00,1.9963836297e-02,3.0880126953e+04
612,1.5607235432e+00,-3.4999502823e-03,-4.2354321480e+00,1.5052385330e+00,-1.4103698777e-03,3.0879636719e+04
613,1.5606760979e+00,-3.3680216875e-03,-7.7932677269e+00,1.5037046671e+00,-5.1782224327e-03,3.0879437500e+04
614,1.5607186556e+00,-3.1491208356e-03,-8.0828275681e+00,1.5107787848e+00,-6.9564054720e-03,3.0879824219e+04
615,1.5606398582e+00,-2.9004430398e-03,-1.0085975647e+01,1.5280669928e+00,1.4591598883e-02,3.0879607422e+04
616,1.5607028008e+00,-2.7414464857e-03,-9.3907222748e+00,1.4932571650e+00,-2.1259307396e-03,3.0879005859e+04
617,1.5608047247e+00,-2.9705010820e-03,-7.0171413422e+00,1.5279891491e+00,-1.7202148214e-02,3.0879146484e+04
618,1.5610165596e+00,-3.1230847817e-03,-5.0495228767e+00,1.5081000328e+00,3.5045624245e-03,3.0878541016e+04
619,1.5611804724e+00,-3.2490824815e-03,-7.9059257507e+00,1.5090121031e+00,2.4539947510e-02,3.0878816406e+04
620,1.5613145828e+00,-3.3287564293e-03,-5.8665409088e+00,1.5059976578e+00,1.9063185900e-02,3.0878835938e+04
621,1.5614815950e+00,-3.3197558951e-03,-6.6023311615e+00,1.5154380798e+00,1.5213775449e-02,3.0878451172e+04
622,1.5615305901e+00,-3.2651673537e-03,-5.1574630737e+00,1.5120861530e+00,-3.3898162656e-03,3.0878365234e+04
623,1.5615754128e+00,-3.2230578363e-03,-4.0836200714e+00,1.5112478733e+00,-4.3632509187e-03,3.0878339844e+04
624,1.5616530180e+00,-3.1991032884e-03,-4.4125757217e+00,1.5081559420e+00,1.6759719700e-02,3.0878537109e+04
625,1.5617934465e+00,-3.0844209250e-03,-4.6580624580e+00,1.5218662024e+00,-7.3133087717e-03,3.0879175781e+04
626,1.5619155169e+00,-3.0110413209e-03,-3.4106533527e+00,1.5141102076e+00,-1.3060760684e-02,3.0879345703e+04
627,1.5619894266e+00,-2.8479953762e-03,-2.7116990089e+00,1.5277007818e+00,-1.9635619596e-02,3.0879173828e+04
628,1.5620044470e+00,-2.6611173525e-03,-5.2448952198e-01,1.5172643661e+00,-2.1628569812e-03,3.0879273438e+04
629,1.5620430708e+00,-2.5453402195e-03,-1.5952686071e+00,1.5225853920e+00,1.9293975784e-03,3.0879859375e+04
630,1.5619164705e+00,-2.4364416022e-03,-1.9146488905e+00,1.5078668594e+00,-1.3953094371e-02,3.0879621094e+04
631,1.5618754625e+00,-2.4455618113e-03,-4.1130433083e+00,1.4919302464e+00,-1.6597136855e-02,3.0880289062e+04
632,1.5619534254e+00,-2.4527597707e-03,-2.7753319740e+00,1.5132589340e+00,4.3701170944e-03,3.0880601562e+04
633,1.5620081425e+00,-2.5141788647e-03,-3.6628403664e+00,1.5151859522e+00,-1.3979263604e-02,3.0880896484e+04
634,1.5621592999e+00,-2.5944362860e-03,-9.4826474786e-02,1.5090044737e+00,-1.8414992839e-02,3.0881238281e+04
635,1.5622923374e+00,-2.5443090126e-03,-1.0253456831e+00,1.5067667961e+00,-4.0958937258e-02,3.0881464844e+04
636,1.5624011755e+00,-2.4532948155e-03,-2.9703605175e+00,1.4920608997e+00,-3.4192275256e-02,3.0881816406e+04
637,1.5624430180e+00,-2.3069365416e-03,-3.5408334732e+00,1.4830162525e+00,-1.7052154988e-02,3.0882285156e+04
638,1.5626034737e+00,-2.1910257638e-03,-5.0206851959e-01,1.4801825285e+00,-4.2504882440e-03,3.0882582031e+04
639,1.5626753569e+00,-2.1480512805e-03,8.5885095596e-01,1.5187301636e+00,1.8645705655e-02,3.0882359375e+04
640,1.5628044605e+00,-1.9983157981e-03,2.8607299328e+00,1.5121355057e+00,2.5445861742e-02,3.0882398438e+04
641,1.5628589392e+00,-1.8171730917e-03,-1.1942512989e+00,1.4925181866e+00,-6.2727355398e-03,3.0882929688e+04
642,1.5627821684e+00,-1.7055249773e-03,-4.7452950478e+00,1.4858235121e+00,8.6248777807e-03,3.0883207031e+04
643,1.5627005100e+00,-1.6736116959e-03,-7.6765537262e+00,1.4795138836e+00,-1.9365692278e-03,3.0883207031e+04
644,1.5628052950e+00,-1.8179708859e-03,-8.2915544510e+00,1.4722604752e+00,2.4238587357e-03,3.0882804688e+04
645,1.5629264116e+00,-1.8779386301e-03,-7.2220425606e+00,1.4709761143e+00,-1.7637634650e-02,3.0883248047e+04
646,1.5629028082e+00,-1.8951201346e-03,-4.8693461418e+00,1.4627288580e+00,-3.5944366828e-03,3.0882669922e+04
647,1.5628856421e+00,-1.7809771234e-03,-2.5310239792e+00,1.4656966925e+00,1.3298492879e-02,3.0882552734e+04
648,1.5627326965e+00,-1.7604465829e-03,-1.8182874918e+00,1.4814225435e+00,-2.1881332621e-02,3.0881998047e+04
649,1.5626825094e+00,-1.6873299610e-03,-4.7771868706e+00,1.4830582142e+00,-4.1449967772e-02,3.0881578125e+04
650,1.5625352859e+00,-1.4345791424e-03,-4.2151761055e+00,1.4728858471e+00,-1.1337280273e-02,3.0881541016e+04
651,1.5624157190e+00,-1.3280198909e-03,-6.9139256477e+00,1.4813560247e+00,-3.0366133898e-02,3.0881416016e+04
652,1.5624060631e+00,-1.3566628331e-03,-6.8231105804e+00,1.4897062778e+00,-4.2831420898e-02,3.0881169922e+04
653,1.5625689030e+00,-1.3896590099e-03,-5.8298377991e+00,1.4861731529e+00,-4.1256636381e-02,3.0880267578e+04
654,1.5627290010e+00,-1.5031869989e-03,-5.8208103180e+00,1.5046792030e+00,-4.3570403010e-02,3.0880439453e+04
655,1.5629274845e+00,-1.6673665959e-03,-3.5002589226e+00,1.4899160862e+00,-4.1763685644e-02,3.0879962891e+04
656,1.5630991459e+00,-1.9205703866e-03,-6.1053066254e+00,1.4965857267e+00,-2.5923309848e-02,3.0879876953e+04
657,1.5632684231e+00,-2.0537129603e-03,-1.7202384472e+00,1.4987571239e+00,-2.7694625780e-02,3.0879957031e+04
658,1.5632468462e+00,-2.0691645332e-03,-4.4669742584e+00,1.5108883381e+00,-2.8910217807e-02,3.0879136719e+04
659,1.5631134510e+00,-2.0261208992e-03,-2.7831223011e+00,1.5227512121e+00,-1.7934951931e-02,3.0879308594e+04
660,1.5629464388e+00,-2.1216862369e-03,-3.8153877258e+00,1.5227000713e+00,-1.2238082476e-02,3.0878119141e+04
661,1.5629314184e+00,-2.2231617477e-03,-4.9535603523e+00,1.5302016735e+00,-4.1363220662e-02,3.0878191406e+04
662,1.5629137754e+00,-2.1209602710e-03,-2.7739512920e+00,1.5160021782e+00,-5.5385589600e-02,3.0878437500e+04
663,1.5629452467e+00,-1.9942757208e-03,-5.2680091858e+00,1.4958628416e+00,-4.5750197023e-02,3.0878730469e+04
664,1.5631366968e+00,-2.0624024328e-03,-3.6570835114e+00,1.4871718884e+00,-2.0406188443e-02,3.0878722656e+04
665,1.5632741451e+00,-2.2366149351e-03,-4.5170035362e+00,1.4889211655e+00,-2.3145599291e-02,3.0879537109e+04
666,1.5635366440e+00,-2.2962291259e-03,9.1795131564e-02,1.4917938709e+00,-3.3343505114e-02,3.0879656250e+04
667,1.5636833906e+00,-2.2974051535e-03,1.0351969004e+00,1.4986382723e+00,-3.8464583457e-02,3.0879339844e+04
668,1.5638434887e+00,-2.3482928518e-03,7.0593380928e+00,1.5000717640e+00,-3.0150223523e-02,3.0879511719e+04
669,1.5638773441e+00,-2.5199069642e-03,5.3686571121e+00,1.4836047888e+00,-2.1268310025e-02,3.0880070312e+04
670,1.5637949705e+00,-2.4800244719e-03,2.0946629047e+00,1.4820160866e+00,-7.8146364540e-03,3.0880472656e+04
671,1.5636305809e+00,-2.2040235344e-03,-9.5388007164e-01,1.4979491234e+00,-2.0769806579e-02,3.0881087891e+04
672,1.5633866787e+00,-1.9310433418e-03,-2.1104176044e+00,1.5087488890e+00,-2.3128280416e-02,3.0881044922e+04
673,1.5633839369e+00,-1.9325754838e-03,-1.4865200520e+00,1.5116429329e+00,-3.0549086630e-02,3.0880947266e+04
674,1.5635976791e+00,-1.9064348890e-03,-1.2813733816e+00,1.5025076866e+00,-4.6071015298e-02,3.0881318359e+04
675,1.5638352633e+00,-1.8371923361e-03,-2.8286864758e+00,1.5262210369e+00,-2.3293761536e-02,3.0881390625e+04
676,1.5640071630e+00,-1.8645180389e-03,-5.4941859245e+00,1.5214080811e+00,-2.5765229017e-02,3.0881878906e+04
677,1.5640553236e+00,-1.9160730299e-03,-4.8073534966e+00,1.5054587126e+00,-1.2260207906e-02,3.0882017578e+04
678,1.5641030073e+00,-1.9334786339e-03,-4.6462750435e+00,1.4910649061e+00,-1.1331558228e-02,3.0882626953e+04
679,1.5642414093e+00,-1.9534386229e-03,-6.3968503475e-01,1.4667776823e+00,-9.9966432899e-03,3.0883142578e+04
680,1.5643196106e+00,-1.9511148566e-03,-3.9040770531e+00,1.4645861387e+00,-2.2103575990e-02,3.0882417969e+04
681,1.5644651651e+00,-1.9943623338e-03,3.2697719336e-01,1.5078507662e+00,-1.8589630723e-02,3.0882041016e+04
682,1.5644184351e+00,-2.0401258953e-03,1.5729603767e+00,1.4915139675e+00,-3.8015592843e-02,3.0882003906e+04
683,1.5644866228e+00,-2.0028180443e-03,-1.8613983393e+00,1.5068337917e+00,-1.6799392179e-02,3.0881755859e+04
684,1.5644918680e+00,-2.1581251640e-03,-4.9421463013e+00,1.5134185553e+00,-1.0910796933e-02,3.0881542969e+04
685,1.5643826723e+00,-2.2022216581e-03,-6.2434382439e+00,1.4975128174e+00,-1.7419662327e-02,3.0881574219e+04
686,1.5642461777e+00,-2.2582996171e-03,-8.1848468781e+00,1.4777506590e+00,-2.5773925707e-02,3.0881238281e+04
687,1.5640826225e+00,-2.2136271000e-03,-7.9399123192e+00,1.4886664152e+00,-8.3592226729e-03,3.0881810547e+04
688,1.5638980865e+00,-2.2844253108e-03,-8.6523952484e+00,1.4798468351e+00,-2.2419434041e-02,3.0881121094e+04
689,1.5637874603e+00,-2.1585244685e-03,-8.1211729050e+00,1.5026413202e+00,-2.3536911234e-02,3.0880603516e+04
690,1.5638290644e+00,-2.0951172337e-03,-3.5972875357e-01,1.5090117455e+00,1.6854858259e-03,3.0880689453e+04
691,1.5637491941e+00,-1.9622459076e-03,-1.8509682417e+00,1.5116139650e+00,-1.7635269091e-02,3.0880634766e+04
692,1.5637990236e+00,-1.7236531712e-03,-1.2013338804e+00,1.4921652079e+00,3.8530731108e-03,3.0880359375e+04
693,1.5637648106e+00,-1.5827425523e-03,-4.0269041061e+00,1.5002532005e+00,-2.4766692892e-02,3.0880404297e+04
694,1.5639314651e+00,-1.5326294815e-03,-4.2613892555e+00,1.5098602772e+00,-6.5612029284e-03,3.0880371094e+04
695,1.5641875267e+00,-1.5820447588e-03,-3.7517497540e+00,1.4975912571e+00,-2.4423217401e-02,3.0880355469e+04
696,1.5642880201e+00,-1.5139136231e-03,-6.7327004671e-01,1.4934570789e+00,-1.9352570176e-02,3.0880931641e+04
697,1.5642036200e+00,-1.3592622709e-03,-5.9228223562e-01,1.5021575689e+00,1.3562622480e-02,3.0881000000e+04
698,1.5640909672e+00,-1.2782999547e-03,-6.1096775532e-01,1.5097405910e+00,-8.6103053764e-03,3.0881361328e+04
699,1.5640354156e+00,-1.2231349247e-03,2.0884698629e-01,1.4941077232e+00,3.4592438024e-03,3.0881300781e+04
700,1.5640826225e+00,-1.3215984218e-03,-6.6230833530e-01,1.4892457724e+00,-1.3589859009e-02,3.0881513672e+04
701,1.5640956163e+00,-1.2151050614e-03,2.6486027241e+00,1.4990772009e+00,3.4149168641e-04,3.0882335938e+04
702,1.5640448332e+00,-1.1503881542e-03,-1.9178839028e-01,1.5083752871e+00,-1.8404770643e-02,3.0882373047e+04
703,1.5640172958e+00,-1.0119037470e-03,-4.6076291800e-01,1.5003918409e+00,-2.4397887290e-02,3.0882554688e+04
704,1.5640122890e+00,-8.5682747886e-04,-1.1154558659e+00,1.4959595203e+00,-3.0906829983e-02,3.0882812500e+04
705,1.5641546249e+00,-8.8948605116e-04,-1.2105813026e+00,1.5153274536e+00,-2.7686461806e-02,3.0883484375e+04
706,1.5642346144e+00,-1.0371634271e-03,-2.0640063286e+00,1.4844489098e+00,4.3241884559e-03,3.0883951172e+04
707,1.5643166304e+00,-1.2748240260e-03,-3.5950067043e+00,1.4877400398e+00,1.7448272556e-02,3.0884437500e+04
708,1.5644297600e+00,-1.3732159277e-03,-1.6891634464e+00,1.5027843714e+00,2.1746139973e-02,3.0884640625e+04
709,1.5644165277e+00,-1.3099021744e-03,-9.2980915308e-01,1.4974476099e+00,2.4658965413e-03,3.0884750000e+04
710,1.5643342733e+00,-1.0516979964e-03,2.0563158989e+00,1.5097525120e+00,1.9163589925e-02,3.0885089844e+04
711,1.5641288757e+00,-8.1574497744e-04,-6.4822161198e-01,1.4921115637e+00,-1.5895080287e-03,3.0884890625e+04
712,1.5640060902e+00,-6.5656530205e-04,-1.5006055832e+00,1.5093518496e+00,-2.3224640638e-02,3.0884677734e+04
713,1.5638837814e+00,-5.5835291278e-04,-1.2851970196e+00,1.4885039330e+00,-2.8456497937e-02,3.0884373047e+04
714,1.5638003349e+00,-3.6718655610e-04,-3.3042538166e+00,1.4963725805e+00,-4.0252074599e-02,3.0884484375e+04
715,1.5637079477e+00,1.6298461560e-05,-4.7802052498e+00,1.5062183142e+00,-1.0327530093e-02,3.0884312500e+04
716,1.5638227463e+00,1.4511725749e-04,-6.2699365616e+00,1.5086444616e+00,-6.5025328659e-03,3.0884296875e+04
717,1.5639747381e+00,1.4795974130e-04,-7.0098328590e+00,1.5170516968e+00,-4.7998810187e-03,3.0884138672e+04
718,1.5642688274e+00,5.7159857533e-05,-7.7517728806e+00,1.5124756098e+00,-2.2118911147e-02,3.0883970703e+04
719,1.5642871857e+00,1.4329275291e-04,-5.6313500404e+00,1.5138870478e+00,-2.3554839194e-02,3.0883894531e+04
720,1.5641114712e+00,1.0614393977e-04,-3.5007586479e+00,1.4984805584e+00,-1.8978729844e-02,3.0883988281e+04
721,1.5640760660e+00,1.5994715795e-04,-2.9773612022e+00,1.4960998297e+00,4.5833587646e-03,3.0883968750e+04
722,1.5640653372e+00,8.5252911958e-05,-3.0191655159e+00,1.4923211336e+00,6.3170623034e-03,3.0883189453e+04
723,1.5642347336e+00,1.8856229144e-04,-2.7137799263e+00,1.5059823990e+00,1.0226287879e-02,3.0883238281e+04
724,1.5642411709e+00,6.1630591517e-05,-1.2693457603e+00,1.5032261610e+00,5.4120635614e-03,3.0882357422e+04
725,1.5643057823e+00,1.9395360141e-05,4.5608282089e-03,1.5133047104e+00,-2.0994797349e-02,3.0882000000e+04
726,1.5644680262e+00,5.9108337155e-05,1.8969376087e+00,1.5127882957e+00,-1.4047928154e-02,3.0882230469e+04
727,1.5645439625e+00,1.5027381596e-04,-5.6171541214e+00,1.4920871258e+00,-1.1683120392e-02,3.0882425781e+04
728,1.5647776127e+00,2.6709807571e-04,-6.4779105186e+00,1.4958590269e+00,1.9836273044e-02,3.0882441406e+04
729,1.5647929907e+00,2.2323703161e-04,-8.0261878967e+00,1.5012488365e+00,1.8224181607e-02,3.0882437500e+04
730,1.5648616552e+00,1.9021598564e-04,-2.7296366692e+00,1.4731149673e+00,6.8359373836e-04,3.0882257812e+04
731,1.5648099184e+00,7.9394318163e-05,-1.1086357832e+00,1.4896305799e+00,-6.4319609664e-03,3.0882683594e+04
732,1.5649739504e+00,-1.1435126362e-04,1.9061121941e+00,1.4841896296e+00,-9.5252989559e-04,3.0882103516e+04
733,1.5649849176e+00,-2.5871855905e-04,-1.1968549490e+00,1.4866780043e+00,1.3973769732e-02,3.0882474609e+04
734,1.5649594069e+00,-2.5461640325e-04,1.2047787905e+00,1.4878780842e+00,1.8824920058e-02,3.0882802734e+04
735,1.5648988485e+00,-1.5241738583e-04,-2.1230211258e+00,1.4765125513e+00,3.0825348571e-02,3.0883007812e+04
736,1.5649731159e+00,-1.0684470180e-04,6.8626180291e-02,1.4874758720e+00,1.6219405457e-02,3.0882800781e+04
737,1.5649653673e+00,-5.3183859563e-05,-1.4077893496e+00,1.4880075455e+00,1.7957076430e-02,3.0883083984e+04
738,1.5649757385e+00,-1.3612734620e-04,7.6150405407e-01,1.5085654259e+00,3.8840103894e-02,3.0882857422e+04
739,1.5650582314e+00,-4.0537319728e-04,-1.6691534519e+00,1.5306507349e+00,1.5621948056e-02,3.0882667969e+04
740,1.5652391911e+00,-6.7476188997e-04,-1.3954718113e+00,1.5147581100e+00,3.2611161470e-02,3.0882708984e+04
741,1.5654245615e+00,-7.8158866381e-04,-1.9718170166e+00,1.4872649908e+00,4.0155258030e-02,3.0882226562e+04
742,1.5653601885e+00,-8.5054559167e-04,-5.5023174286e+00,1.5140576363e+00,4.2250212282e-02,3.0882664062e+04
743,1.5654073954e+00,-9.2986831442e-04,-3.8437557220e+00,1.4907920361e+00,2.5865478441e-02,3.0882685547e+04
744,1.5654449463e+00,-9.4209320378e-04,-4.1626634598e+00,1.5075680017e+00,1.2731857598e-02,3.0882603516e+04
745,1.5654448271e+00,-8.7298435392e-04,-6.0064440966e-01,1.5115205050e+00,1.6679992899e-02,3.0883173828e+04
746,1.5654712915e+00,-7.4628682341e-04,-2.9110412598e+00,1.5256721973e+00,2.6394501328e-02,3.0883111328e+04
747,1.5654854774e+00,-5.3069071146e-04,-1.1313087940e+00,1.5261720419e+00,5.6364364922e-02,3.0882765625e+04
748,1.5654739141e+00,-4.2918688268e-04,5.3345227242e-01,1.5157922506e+00,2.9855117202e-02,3.0881894531e+04
749,1.5655494928e+00,-5.0339137670e-04,9.0663468838e-01,1.5347131491e+00,2.8388671577e-02,3.0882308594e+04
750,1.5655422211e+00,-6.2149838777e-04,-9.7645699978e-01,1.5315567255e+00,1.1482238770e-02,3.0882181641e+04
751,1.5656392574e+00,-7.8610051423e-04,-6.5452628136e+00,1.4958643913e+00,1.8277131021e-02,3.0882423828e+04
752,1.5656453371e+00,-1.0465183295e-03,-6.5256495476e+00,1.4912130833e+00,2.7456359938e-02,3.0882523438e+04
753,1.5656602383e+00,-1.2205397943e-03,-6.3825273514e+00,1.5179953575e+00,5.0697553903e-02,3.0882009766e+04
754,1.5655134916e+00,-1.2738180812e-03,-2.7940049171e+00,1.5305804014e+00,3.7544783205e-02,3.0881687500e+04
755,1.5653119087e+00,-1.1272233678e-03,3.2291263342e-01,1.5058594942e+00,4.5714262873e-02,3.0881914062e+04
756,1.5651375055e+00,-8.9068058878e-04,-2.1914622784e+00,1.5144448280e+00,4.0065232664e-02,3.0882039062e+04
757,1.5651444197e+00,-7.5664091855e-04,-2.4996843338e+00,1.4808644056e+00,2.5928420946e-02,3.0882208984e+04
758,1.5652039051e+00,-8.5028202739e-04,-5.4218616486e+00,1.4574651718e+00,2.8131179512e-02,3.0883105469e+04
759,1.5654464960e+00,-9.3913380988e-04,-4.2187395096e+00,1.4797172546e+00,3.6251068115e-02,3.0882736328e+04
760,1.5655925274e+00,-8.8059733389e-04,-2.5058811903e-01,1.5074993372e+00,4.8861924559e-02,3.0882830078e+04
761,1.5655294657e+00,-8.5075513925e-04,3.7207326889e+00,1.5098731518e+00,6.1550598592e-02,3.0882369141e+04
762,1.5655553341e+00,-8.6879526498e-04,2.9749155045e+00,1.5155678988e+00,4.3836060911e-02,3.0882318359e+04
763,1.5655660629e+00,-9.9726824556e-04,1.4407228231e+00,1.5160958767e+00,3.6053542048e-02,3.0881738281e+04
764,1.5657100677e+00,-1.2405323796e-03,-4.0157260895e+00,1.5196948051e+00,2.8574142605e-02,3.0882291016e+04
765,1.5655974150e+00,-1.2522920733e-03,-6.9988818169e+00,1.5117278099e+00,3.3627852798e-02,3.0882671875e+04
766,1.5656334162e+00,-1.4655512059e-03,-9.6677865982e+00,1.5183541775e+00,1.4286193997e-02,3.0882929688e+04
767,1.5655926466e+00,-1.3504929375e-03,-4.8360328674e+00,1.5000702143e+00,2.3825988173e-02,3.0882974609e+04
768,1.5654919147e+00,-1.3962762896e-03,-1.3113132715e+00,1.4991676807e+00,5.9870451689e-02,3.0883255859e+04
769,1.5653944016e+00,-1.4371626312e-03,1.1265244484e+00,1.5206161737e+00,3.9357375354e-02,3.0883078125e+04
770,1.5652784109e+00,-1.4568073675e-03,-1.0633826256e-01,1.5167269707e+00,3.1808014959e-02,3.0882775391e+04
771,1.5651390553e+00,-1.3683671132e-03,6.7669665813e-01,1.5198180676e+00,6.8991091102e-03,3.0882781250e+04
772,1.5649657249e+00,-1.4247890795e-03,-7.4928343296e-01,1.5223891735e+00,1.6108093783e-02,3.0883167969e+04
773,1.5649878979e+00,-1.6409823438e-03,4.7926649451e-02,1.5152865648e+00,3.0929947272e-02,3.0882601562e+04
774,1.5650839806e+00,-1.8618884496e-03,-2.7286603451e+00,1.5044894218e+00,4.6921692789e-02,3.0882464844e+04
775,1.5651233196e+00,-2.1130086388e-03,-2.0548908710e+00,1.5040521622e+00,5.2717588842e-02,3.0883175781e+04
776,1.5649729967e+00,-2.3308384698e-03,-6.3912429810e+00,1.5060349703e+00,1.4571075328e-02,3.0883269531e+04
777,1.5649495125e+00,-2.3958957754e-03,-3.9421646595e+00,1.5281765461e+00,2.6311034337e-02,3.0883238281e+04
778,1.5649650097e+00,-2.3923427798e-03,-8.2676106691e-01,1.5287148952e+00,2.5016020983e-02,3.0883451172e+04
779,1.5649644136e+00,-2.3017486092e-03,-1.4357393980e+00,1.5157494545e+00,2.2914581001e-02,3.0883343750e+04
780,1.5647995472e+00,-2.1560736932e-03,3.2716929913e-01,1.5116577148e+00,-7.3303224053e-04,3.0884023438e+04
781,1.5646724701e+00,-2.0100628026e-03,-2.5629627705e+00,1.4659456015e+00,-3.5661316942e-03,3.0884621094e+04
782,1.5645916462e+00,-1.8537135329e-03,-1.6974223852e+00,1.4726878405e+00,2.7563629672e-02,3.0884888672e+04
783,1.5646667480e+00,-1.8838612596e-03,-2.6123008132e-01,1.5075526237e+00,3.6254350096e-02,3.0884695312e+04
784,1.5648183823e+00,-2.1324174013e-03,5.5451452732e-01,1.4996521473e+00,2.5853499770e-02,3.0884650391e+04
785,1.5649173260e+00,-2.3371304851e-03,6.8437981606e-01,1.5223764181e+00,2.4711150676e-02,3.0884599609e+04
786,1.5649917126e+00,-2.6934600901e-03,-2.1520493031e+00,1.5391925573e+00,1.0988311842e-02,3.0884695312e+04
787,1.5649358034e+00,-2.7294058818e-03,-4.0330514908e+00,1.5237851143e+00,4.4625703245e-02,3.0885015625e+04
788,1.5646824837e+00,-2.8551842552e-03,-6.6708846092e+00,1.5061655045e+00,4.0712889284e-02,3.0884667969e+04
789,1.5645152330e+00,-2.7910778299e-03,-5.9659228325e+00,1.4894790649e+00,5.2720185369e-02,3.0884855469e+04
790,1.5644776821e+00,-2.7694103774e-03,-5.5698690414e+00,1.4710752964e+00,3.1308136880e-02,3.0885316406e+04
791,1.5643894672e+00,-2.6650493965e-03,-5.9542231560e+00,1.4591120481e+00,1.5524749644e-02,3.0885560547e+04
792,1.5642833710e+00,-2.5180955417e-03,-1.6921300888e+00,1.4847549200e+00,1.6281051561e-02,3.0885316406e+04
793,1.5642035007e+00,-2.5716740638e-03,-5.7719618082e-01,1.4995455742e+00,8.0151371658e-03,3.0884570312e+04
794,1.5642021894e+00,-2.7457745746e-03,7.9372936487e-01,1.4921324253e+00,-6.6806031391e-03,3.0884898438e+04
795,1.5642791986e+00,-2.9330840334e-03,3.0501890182e-01,1.4907052517e+00,8.7242890149e-03,3.0883886719e+04
796,1.5644638538e+00,-3.1677952502e-03,-2.9411916733e+00,1.5040102005e+00,5.5465695914e-04,3.0883851562e+04
797,1.5646164417e+00,-3.3869210165e-03,-1.7771850824e+00,1.5131394863e+00,9.5803067088e-03,3.0884089844e+04
798,1.5646889210e+00,-3.5119256936e-03,-1.0374501228e+01,1.5000572205e+00,1.8406219780e-02,3.0884250000e+04
799,1.5646654367e+00,-3.5024003591e-03,-1.0643370628e+01,1.5115054846e+00,2.4816131219e-02,3.0884660156e+04
800,1.5644868612e+00,-3.3240977209e-03,-1.0677170753e+01,1.5063320398e+00,2.6911240071e-02,3.0884031250e+04
801,1.5645015240e+00,-3.4374070819e-03,-6.2002968788e+00,1.5252356529e+00,5.7794418186e-02,3.0883949219e+04
802,1.5645987988e+00,-3.7253284827e-03,6.7427575588e-01,1.5283645391e+00,5.3154144436e-02,3.0884099609e+04
803,1.5645891428e+00,-3.7948174868e-03,-1.8799196482e+00,1.5412265062e+00,3.1264573336e-02,3.0883804688e+04
804,1.5646570921e+00,-3.7326947786e-03,3.9690476656e-01,1.5234206915e+00,1.5940552577e-02,3.0883621094e+04
805,1.5645744801e+00,-3.7985676900e-03,-4.1881947517e+00,1.5018951893e+00,-6.9666290656e-03,3.0883710938e+04
806,1.5646142960e+00,-4.0154163726e-03,-5.8751730919e+00,1.5001959801e+00,2.8482131660e-02,3.0883972656e+04
807,1.5645849705e+00,-4.2680650949e-03,-4.3899588585e+00,1.4942257404e+00,2.2743225098e-02,3.0883687500e+04
808,1.5646626949e+00,-4.6155843884e-03,1.5404149294e+00,1.4829784632e+00,1.0639190674e-02,3.0884113281e+04
809,1.5647636652e+00,-4.7456449829e-03,4.6210384369e+00,1.4911564589e+00,2.3687591776e-02,3.0884052734e+04
810,1.5647823811e+00,-4.9876333214e-03,2.1136596203e+00,1.5063911676e+00,8.0576324835e-03,3.0884515625e+04
811,1.5647119284e+00,-5.0635482185e-03,-2.9580155015e-01,1.5133541822e+00,4.9641113728e-02,3.0884310547e+04
812,1.5646188259e+00,-5.2025769837e-03,-9.7202664614e-01,1.5134929419e+00,6.9411009550e-02,3.0884833984e+04
813,1.5646615028e+00,-5.2608326077e-03,1.4945635200e-01,1.5071387291e+00,3.2928694040e-02,3.0884853516e+04
814,1.5644850731e+00,-5.3009768017e-03,-1.1930842400e+00,1.5171791315e+00,2.7126617730e-02,3.0885103516e+04
815,1.5643237829e+00,-5.1992163062e-03,-3.8037854433e-01,1.5232332945e+00,-1.2022857554e-02,3.0885630859e+04
816,1.5643033981e+00,-5.0523248501e-03,-5.1673970222e+00,1.5204215050e+00,-6.0229492374e-03,3.0886154297e+04
817,1.5640521049e+00,-5.0149662420e-03,-5.0026969910e+00,1.5215028524e+00,1.1062698439e-02,3.0885835938e+04
818,1.5639778376e+00,-4.8032775521e-03,-2.4807305336e+00,1.5150058270e+00,5.1290132105e-03,3.0886642578e+04
819,1.5640809536e+00,-4.9741216935e-03,1.4255993068e-01,1.4952898026e+00,9.8670199513e-03,3.0886642578e+04
820,1.5642024279e+00,-5.0887083635e-03,-3.4627759457e+00,1.4891825914e+00,2.4948120117e-02,3.0886810547e+04
821,1.5643256903e+00,-5.1011480391e-03,6.6036283970e-03,1.4856686592e+00,3.3824693412e-02,3.0887078125e+04
822,1.5643422604e+00,-5.0774943084e-03,-3.4990117550e+00,1.5059276819e+00,3.1814347953e-02,3.0887105469e+04
823,1.5644656420e+00,-5.0738281570e-03,-1.8710812330e+00,1.5208456516e+00,3.0512085184e-02,3.0886599609e+04
824,1.5645116568e+00,-5.4170317017e-03,-1.0197725296e+00,1.5142302513e+00,1.1049423367e-02,3.0886498047e+04
825,1.5646286011e+00,-5.6717158295e-03,-2.1363739967e+00,1.5315097570e+00,8.8436128572e-03,3.0886923828e+04
826,1.5645884275e+00,-5.9150331654e-03,-4.7208795547e+00,1.5251270533e+00,-9.6311187372e-03,3.0886498047e+04
827,1.5642790794e+00,-5.8556827717e-03,-5.1724548340e+00,1.5205121040e+00,-3.3850860782e-03,3.0887191406e+04
828,1.5640914440e+00,-5.9995320626e-03,-2.1262614727e+00,1.4974625111e+00,-1.2033081148e-03,3.0886898438e+04
829,1.5641303062e+00,-6.1140093021e-03,-5.9915370941e+00,1.5192714930e+00,1.1420898139e-02,3.0886707031e+04
830,1.5643988848e+00,-6.1698388308e-03,-1.7530533671e-01,1.5191882849e+00,-1.3394928537e-03,3.0886521484e+04
831,1.5644283295e+00,-5.9131570160e-03,-4.8075704575e+00,1.5058790445e+00,-2.8985595331e-02,3.0886843750e+04
832,1.5643658638e+00,-5.5879806168e-03,-1.1781728268e+00,1.5145443678e+00,-5.5773008615e-02,3.0886619141e+04
833,1.5642470121e+00,-5.4450784810e-03,-1.1932007074e+00,1.5169454813e+00,-3.9989244193e-02,3.0886578125e+04
834,1.5642948151e+00,-5.5285021663e-03,-5.6195819378e-01,1.5214092731e+00,-1.4387130737e-02,3.0886632812e+04
835,1.5643301010e+00,-5.7082376443e-03,-3.5812916756e+00,1.5132583380e+00,2.7198792668e-04,3.0886630859e+04
836,1.5642813444e+00,-5.8704242110e-03,-4.8891706467e+00,1.5280120373e+00,-1.3160400093e-02,3.0886166016e+04
837,1.5640858412e+00,-5.9543387033e-03,-5.2609105110e+00,1.5034615993e+00,-2.4333954789e-03,3.0886378906e+04
838,1.5639127493e+00,-5.8667664416e-03,-5.2510666847e+00,1.5029456615e+00,-1.1607131921e-02,3.0886812500e+04
839,1.5637025833e+00,-5.6752148084e-03,-4.5624542236e+00,1.5297570229e+00,-7.4401852908e-04,3.0887351562e+04
840,1.5634536743e+00,-5.3283963352e-03,-2.9589834213e+00,1.5343182087e+00,1.6840362223e-03,3.0887626953e+04
841,1.5633816719e+00,-5.1166308112e-03,-1.5901852846e+00,1.5394686460e+00,-1.5654526651e-02,3.0887498047e+04
842,1.5633256435e+00,-4.8848018050e-03,1.4762899280e-01,1.5282825232e+00,-5.0170896575e-03,3.0887470703e+04
843,1.5634019375e+00,-4.7556259669e-03,1.3454983234e+00,1.5208495855e+00,5.9436797164e-03,3.0887968750e+04
844,1.5633749962e+00,-4.7464412637e-03,-9.7403371334e-01,1.5151259899e+00,-4.6585844830e-03,3.0888292969e+04
845,1.5632559061e+00,-4.6075042337e-03,-8.9125061035e-01,1.5210337639e+00,-1.8208237365e-02,3.0888585938e+04
846,1.5631083250e+00,-4.5592184179e-03,1.3437223434e-01,1.5337059498e+00,-2.3513412103e-02,3.0888527344e+04
847,1.5630414486e+00,-4.4933701865e-03,1.4981225133e-02,1.5107769966e+00,-8.1694032997e-03,3.0889050781e+04
848,1.5629845858e+00,-4.4388789684e-03,5.8104194701e-02,1.5118629932e+00,8.6380764842e-03,3.0888619141e+04
849,1.5630419254e+00,-4.4502113014e-03,-1.4491881132e+00,1.5296636820e+00,4.4439621270e-02,3.0888910156e+04
850,1.5629843473e+00,-4.3336562812e-03,-8.2896733284e-01,1.5108495951e+00,2.7980269864e-02,3.0889015625e+04
851,1.5628750324e+00,-4.1550714523e-03,-6.3966665268e+00,1.5230947733e+00,1.8695525825e-02,3.0889871094e+04
852,1.5628443956e+00,-3.8820956834e-03,-4.0416369438e+00,1.5150227547e+00,-1.6887206584e-02,3.0889455078e+04
853,1.5627883673e+00,-3.5812247079e-03,-5.2249693871e+00,1.5107231140e+00,8.0976104364e-03,3.0889751953e+04
854,1.5626320839e+00,-3.3953627571e-03,-1.5098441839e+00,1.5120162964e+00,-2.0314026624e-03,3.0890031250e+04
855,1.5625933409e+00,-3.2365089282e-03,-3.9632196426e+00,1.5082283020e+00,1.1502990499e-02,3.0889390625e+04
856,1.5624856949e+00,-2.8884215280e-03,-2.0532596111e+00,1.5264029503e+00,4.2645265348e-03,3.0890023438e+04
857,1.5622017384e+00,-2.2921145428e-03,-4.1623973846e+00,1.5003024340e+00,-1.6674652696e-02,3.0890128906e+04
858,1.5619130135e+00,-1.7160221469e-03,-7.8221311569e+00,1.4818519354e+00,-3.1629715115e-02,3.0890542969e+04
859,1.5618320704e+00,-1.3696340611e-03,-3.4409065247e+00,1.4861340523e+00,-1.4136962593e-02,3.0890529297e+04
860,1.5618289709e+00,-1.3045140076e-03,-3.4242658615e+00,1.4747368097e+00,-7.4908449315e-03,3.0890486328e+04
861,1.5619746447e+00,-1.4741071500e-03,1.4245599508e-01,1.4843049049e+00,-4.9139328301e-02,3.0890287109e+04
862,1.5620996952e+00,-1.4852223685e-03,6.2678438425e-01,1.4783527851e+00,-4.1566390544e-02,3.0890935547e+04
863,1.5622040033e+00,-1.3867103262e-03,-9.2382735014e-01,1.4764218330e+00,-5.5017091334e-02,3.0890390625e+04
864,1.5621763468e+00,-1.3484270312e-03,-2.2612226009e+00,1.4990661144e+00,-4.4956512749e-02,3.0890273438e+04
865,1.5619894266e+00,-1.1525080772e-03,-1.3462677002e+00,1.5020196438e+00,-2.4495849386e-02,3.0890250000e+04
866,1.5617449284e+00,-8.3574187011e-04,-3.2107553482e+00,1.5129616261e+00,-3.6475524306e-02,3.0890287109e+04
867,1.5616360903e+00,-6.3631817466e-04,-3.6647496223e+00,1.5206180811e+00,-2.8970031068e-02,3.0889931641e+04
868,1.5614780188e+00,-4.9501168542e-04,-8.3158159256e+00,1.5201086998e+00,-3.2657622360e-03,3.0889990234e+04
869,1.5614448786e+00,-3.6565802293e-04,-6.6065468788e+00,1.5206253529e+00,-1.0472793132e-02,3.0889984375e+04
870,1.5614001751e+00,-1.2854828674e-04,-7.2636003494e+00,1.5175894499e+00,-1.7090911046e-02,3.0890166016e+04
871,1.5614989996e+00,8.4514074842e-05,-5.8720798492e+00,1.5151470900e+00,-3.0982894823e-02,3.0890156250e+04
872,1.5615025759e+00,3.2168143662e-04,-5.3956227303e+00,1.5075881481e+00,-2.5550765917e-02,3.0889574219e+04
873,1.5614475012e+00,4.6454824042e-04,-1.5937350988e+00,1.4873874187e+00,1.1988525279e-02,3.0889818359e+04
874,1.5614699125e+00,5.0761480816e-04,-1.4145696163e+00,1.4726285934e+00,2.5235213339e-02,3.0890222656e+04
875,1.5613695383e+00,6.1520491727e-04,-1.2851264477e+00,1.4785095453e+00,1.8124466762e-02,3.0890128906e+04
876,1.5613738298e+00,7.2229467332e-04,-1.2037301064e+00,1.4975682497e+00,8.3728022873e-03,3.0890125000e+04
877,1.5613654852e+00,8.4222212899e-04,-6.1359107494e-01,1.5036996603e+00,-1.9796753302e-02,3.0890269531e+04
878,1.5614190102e+00,1.0829048697e-03,-3.7571987510e-01,1.5010317564e+00,-1.3817138970e-02,3.0890033203e+04
879,1.5614234209e+00,1.4386567054e-03,1.0800498724e-01,1.5077258348e+00,-1.5039977618e-02,3.0889865234e+04
880,1.5614219904e+00,1.7718104646e-03,1.0954076052e-01,1.5016158819e+00,1.4870453160e-03,3.0889859375e+04
881,1.5614074469e+00,2.0985528827e-03,-2.0094759464e+00,1.4864265919e+00,1.1674270965e-02,3.0890384766e+04
882,1.5614880323e+00,2.3104834836e-03,-5.3454465866e+00,1.4952948093e+00,-5.0716400146e-03,3.0890203125e+04
883,1.5616878271e+00,2.5113034062e-03,-4.3372049332e+00,1.5190054178e+00,-1.8527602777e-02,3.0890521484e+04
884,1.5618042946e+00,2.5530001149e-03,-4.2546257973e+00,1.4991465807e+00,-1.8309935927e-02,3.0890658203e+04
885,1.5619126558e+00,2.4752432946e-03,-3.6912770271e+00,1.5058807135e+00,-2.3382415995e-02,3.0890679688e+04
886,1.5620224476e+00,2.3690441158e-03,-1.9149476290e+00,1.5227073431e+00,-1.0169830173e-02,3.0890355469e+04
887,1.5620344877e+00,2.3542307317e-03,-1.0613437891e+00,1.5053067207e+00,-2.2647628561e-02,3.0890849609e+04
888,1.5621019602e+00,2.4944341276e-03,-6.6744357347e-01,1.5085488558e+00,-1.4630355872e-02,3.0890847656e+04
889,1.5621463060e+00,2.6577466633e-03,-1.7154897451e+00,1.5084090233e+00,-2.0464172587e-02,3.0890503906e+04
890,1.5623764992e+00,2.8032101691e-03,1.4066359401e-01,1.4922823906e+00,1.5850829659e-03,3.0891125000e+04
891,1.5624753237e+00,2.8490994591e-03,-1.2204113007e+00,1.4963101149e+00,-1.8526611850e-02,3.0891164062e+04
892,1.5624117851e+00,2.8398358263e-03,-3.2177553177e+00,1.4946843386e+00,-1.6161728650e-02,3.0890761719e+04
893,1.5623651743e+00,2.9159302358e-03,-4.8247125745e-01,1.5038522482e+00,-6.4003751613e-03,3.0890683594e+04
894,1.5622673035e+00,3.0830462929e-03,6.8353700638e-01,1.4954851866e+00,-1.1542434804e-02,3.0890875000e+04
895,1.5621773005e+00,3.3005080186e-03,-1.0898765326e+00,1.4742147923e+00,-1.4085083269e-02,3.0890728516e+04
896,1.5621360540e+00,3.5121545661e-03,-2.0333614349e+00,1.4878305197e+00,-1.7378158867e-02,3.0890960938e+04
897,1.5622878075e+00,3.6094964016e-03,-3.5546486378e+00,1.5136276484e+00,-3.3460158855e-02,3.0890371094e+04
898,1.5622735023e+00,3.8968170993e-03,-5.3951077461e+00,1.5013248920e+00,-2.5941314176e-02,3.0890662109e+04
899,1.5622217655e+00,4.1587688029e-03,-3.8813486099e+00,1.4998431206e+00,-2.5410309434e-02,3.0890437500e+04
900,1.5620992184e+00,4.5000468381e-03,-4.4145364761e+00,1.5070717335e+00,-1.2715072371e-02,3.0890306641e+04
901,1.5620692968e+00,4.6903914772e-03,-1.4801614285e+00,1.4840800762e+00,-1.9882202148e-02,3.0890533203e+04
902,1.5622832775e+00,4.6541728079e-03,-2.4611394405e+00,1.5112738609e+00,1.4736938756e-03,3.0889945312e+04
903,1.5625151396e+00,4.4960905798e-03,-1.3443115950e+00,1.5071005821e+00,7.8060152009e-03,3.0889402344e+04
904,1.5626708269e+00,4.2862650007e-03,-3.1755335331e+00,1.4957854748e+00,8.1147765741e-03,3.0889539062e+04
905,1.5627691746e+00,4.1498336941e-03,-3.8481340408e+00,1.4860693216e+00,-4.6583558433e-03,3.0889544922e+04
906,1.5625667572e+00,4.2971875519e-03,-5.5310955048e+00,1.4981815815e+00,1.2028961442e-02,3.0889218750e+04
907,1.5623589754e+00,4.4682146981e-03,-3.6560339928e+00,1.5008630753e+00,1.6854095738e-03,3.0889099609e+04
908,1.5621619225e+00,4.6315072104e-03,-3.4550437927e+00,1.5056377649e+00,-3.7353516091e-03,3.0889056641e+04
909,1.5620391369e+00,4.7671897337e-03,-4.5049686432e+00,1.4988715649e+00,-3.8589097559e-02,3.0888613281e+04
910,1.5620592833e+00,4.6179192141e-03,-3.7686941624e+00,1.5144726038e+00,-3.9286803454e-02,3.0888923828e+04
911,1.5619726181e+00,4.4726147316e-03,-4.8660826683e+00,1.5112848282e+00,-2.6924056932e-02,3.0888830078e+04
912,1.5619715452e+00,4.3610567227e-03,-2.1394548416e+00,1.5028033257e+00,1.2491759844e-02,3.0888339844e+04
913,1.5621111393e+00,4.2822635733e-03,-1.0764719248e+00,1.5042626858e+00,-2.2468566895e-03,3.0888443359e+04
914,1.5621802807e+00,4.3137175962e-03,-3.1846537590e+00,1.5053690672e+00,1.3623275794e-02,3.0888720703e+04
915,1.5623588562e+00,4.2712134309e-03,-1.2956572771e+00,1.5128515959e+00,-9.0987393633e-03,3.0889398438e+04
916,1.5624248981e+00,4.3506613001e-03,-9.2140093446e-02,1.5045279264e+00,7.3200990446e-03,3.0889500000e+04
917,1.5624741316e+00,4.4373511337e-03,8.4968692064e-01,1.5058550835e+00,-4.0234373882e-03,3.0889925781e+04
918,1.5624970198e+00,4.4367378578e-03,1.5590370893e+00,1.4855911732e+00,-2.9652709141e-02,3.0889978516e+04
919,1.5625501871e+00,4.2589274235e-03,-1.1077630520e+00,1.4767397642e+00,-3.4161452204e-02,3.0890007812e+04
920,1.5626409054e+00,4.0357778780e-03,-5.0592803955e-01,1.4917434454e+00,-5.8020781726e-03,3.0889843750e+04
921,1.5628036261e+00,3.9685377851e-03,-1.1029039621e+00,1.4980154037e+00,1.1491012760e-02,3.0889896484e+04
922,1.5627714396e+00,3.8589336909e-03,-1.2106370926e+00,1.5040088892e+00,-4.3650818989e-03,3.0890085938e+04
923,1.5628761053e+00,3.8249255158e-03,-2.3991239071e+00,1.5195460320e+00,-2.1199492738e-02,3.0890033203e+04
924,1.5630038977e+00,3.6861163098e-03,-3.1227803230e+00,1.5313867331e+00,-5.5545654148e-02,3.0889822266e+04
925,1.5631386042e+00,3.5437690094e-03,-4.6923522949e+00,1.5100978613e+00,-6.2605053186e-02,3.0890869141e+04
926,1.5631170273e+00,3.5473173484e-03,-5.3991365433e+00,1.5080599785e+00,-2.2129211575e-02,3.0890105469e+04
927,1.5630666018e+00,3.4114294685e-03,-1.9874981642e+00,1.5122361183e+00,-7.1089174598e-03,3.0890830078e+04
928,1.5628932714e+00,3.4206751734e-03,6.3983148336e-01,1.5066561699e+00,2.0691070706e-02,3.0890408203e+04
929,1.5627251863e+00,3.1700266991e-03,-1.1295892000e+00,1.5127847195e+00,6.5233614296e-03,3.0890357422e+04
930,1.5626332760e+00,3.0102618039e-03,-1.2216119766e+00,1.5001645088e+00,-2.7432250790e-03,3.0889830078e+04
931,1.5625662804e+00,2.8225195128e-03,-5.1280479431e+00,1.5050370693e+00,1.0017395020e-02,3.0889742188e+04
932,1.5624920130e+00,2.8010734823e-03,-2.8202316761e+00,1.5162655115e+00,-7.5279236771e-03,3.0889802734e+04
933,1.5622434616e+00,2.6231920347e-03,-6.3256254196e+00,1.5129003525e+00,-1.7979811877e-02,3.0889640625e+04
934,1.5620447397e+00,2.5189316366e-03,-6.6741333008e+00,1.4992996454e+00,-1.4712524600e-02,3.0889617188e+04
935,1.5620208979e+00,2.3315362632e-03,-6.8898053169e+00,1.5093699694e+00,-2.3509444669e-02,3.0890007812e+04
936,1.5619693995e+00,2.2415325511e-03,-5.4812774658e+00,1.5055749416e+00,-2.4550780654e-02,3.0889769531e+04
937,1.5620002747e+00,2.1173071582e-03,-4.1756563187e+00,1.5140130520e+00,-1.8109511584e-02,3.0889937500e+04
938,1.5618584156e+00,2.2585256957e-03,-2.3304128647e+00,1.5001720190e+00,-5.2063749172e-03,3.0889218750e+04
939,1.5618259907e+00,2.2358666174e-03,-2.1041030884e+00,1.5110975504e+00,-6.5922546200e-03,3.0889978516e+04
940,1.5618182421e+00,2.1602904890e-03,-2.7552397251e+00,1.4942091703e+00,-4.0304567665e-03,3.0890007812e+04
941,1.5618624687e+00,1.9526301185e-03,-4.2319154739e+00,1.4806557894e+00,-2.2834854200e-02,3.0889873047e+04
942,1.5618401766e+00,1.8132035621e-03,1.5116144419e+00,1.4955514669e+00,-1.1086654849e-02,3.0889630859e+04
943,1.5618065596e+00,1.8116966821e-03,6.3781040907e-01,1.4949746132e+00,-1.9150847569e-02,3.0890152344e+04
944,1.5616147518e+00,1.8050959334e-03,-1.1192174256e-01,1.4911082983e+00,-3.2134398818e-02,3.0889595703e+04
945,1.5615123510e+00,1.4917311491e-03,-3.7841320038e+00,1.4932525158e+00,-3.1775664538e-02,3.0890074219e+04
946,1.5614340305e+00,1.1424592230e-03,-3.1420626640e+00,1.5107123852e+00,-2.7151947841e-02,3.0890175781e+04
947,1.5614837408e+00,7.5801834464e-04,-5.4273858070e+00,1.5175420046e+00,-2.5640869513e-02,3.0890025391e+04
948,1.5615088940e+00,5.6319171563e-04,-1.1031804085e+00,1.5054180622e+00,-1.4947281219e-02,3.0890058594e+04
949,1.5614324808e+00,5.5016780971e-04,-4.0650591850e+00,1.4999774694e+00,-7.7306367457e-03,3.0890333984e+04
950,1.5612846613e+00,4.1935994523e-04,-4.4801917076e+00,1.5187655687e+00,-3.7522353232e-02,3.0890464844e+04
951,1.5611594915e+00,1.6455912555e-04,-5.5381493568e+00,1.5227845907e+00,-3.2937239856e-02,3.0890925781e+04
952,1.5610873699e+00,-1.3798155123e-05,-3.2011089325e+00,1.5153987408e+00,-1.9388504326e-02,3.0890654297e+04
953,1.5609042645e+00,-1.2867867190e-04,-2.2991838455e+00,1.5185388327e+00,-1.9184341654e-02,3.0890888672e+04
954,1.5606936216e+00,-3.4040017636e-04,-1.4491279125e+00,1.5138747692e+00,-3.8048170507e-02,3.0891181641e+04
955,1.5605221987e+00,-5.4326956160e-04,-2.5417332649e+00,1.5065799952e+00,-3.1214751303e-02,3.0891035156e+04
956,1.5603383780e+00,-7.3320639785e-04,-4.4471702576e+00,1.5054922104e+00,-2.9804992955e-03,3.0891070312e+04
957,1.5601783991e+00,-8.6943712085e-04,-3.3210439682e+00,1.5109415054e+00,-8.2225799561e-03,3.0890820312e+04
958,1.5600659847e+00,-8.9389411733e-04,-3.1474900246e+00,1.4800738096e+00,3.0374145135e-03,3.0890732422e+04
959,1.5602030754e+00,-1.1839595390e-03,-3.9594271183e+00,1.4927685261e+00,-9.2967227101e-03,3.0891337891e+04
960,1.5603485107e+00,-1.4544889564e-03,-3.8078858852e+00,1.4934130907e+00,-1.3766403310e-02,3.0891134766e+04
961,1.5603116751e+00,-1.7294277204e-03,-5.7807745934e+00,1.5080611706e+00,-9.0096285567e-03,3.0891253906e+04
962,1.5603446960e+00,-2.0267558284e-03,-2.3957993984e+00,1.5031167269e+00,4.7481535003e-03,3.0891068359e+04
963,1.5604729652e+00,-2.3261418100e-03,-2.7297790051e+00,1.4979929924e+00,1.8157729879e-02,3.0890593750e+04
964,1.5605288744e+00,-2.4923842866e-03,-1.5945546627e+00,1.4910500050e+00,6.2860869803e-03,3.0890976562e+04
965,1.5603950024e+00,-2.6251499075e-03,-3.6597120762e+00,1.4956941605e+00,1.4664382674e-02,3.0890742188e+04
966,1.5603621006e+00,-2.6610244531e-03,-3.4564867020e+00,1.4973279238e+00,-1.3252563775e-02,3.0890703125e+04
967,1.5602668524e+00,-2.9079616070e-03,-2.4379043579e+00,1.4954109192e+00,6.2266541645e-03,3.0890460938e+04
968,1.5602955818e+00,-3.0772881582e-03,-2.8582439423e+00,1.4924759865e+00,-5.8319093660e-03,3.0890992188e+04
969,1.5604606867e+00,-3.3009648323e-03,-2.5073127747e+00,1.4947516918e+00,1.3605423272e-02,3.0890400391e+04
970,1.5604064465e+00,-3.5933481995e-03,-5.1230072975e+00,1.5053031445e+00,1.4406356961e-02,3.0890212891e+04
971,1.5603415966e+00,-3.9831544273e-03,-4.0206785202e+00,1.4913612604e+00,-6.1687468551e-03,3.0890394531e+04
972,1.5602934361e+00,-4.2774868198e-03,-7.1203327179e+00,1.5010154247e+00,-9.0727237985e-03,3.0889640625e+04
973,1.5601474047e+00,-4.4500194490e-03,-3.8852617741e+00,1.5161983967e+00,-1.7081679776e-02,3.0890101562e+04
974,1.5599316359e+00,-4.4781486504e-03,-4.5919308662e+00,1.4995456934e+00,-2.9945679009e-02,3.0889945312e+04
975,1.5598376989e+00,-4.4182976708e-03,-4.5917716026e+00,1.5061068535e+00,-1.4590530656e-02,3.0889722656e+04
976,1.5597944260e+00,-4.7159963287e-03,-2.2580595016e+00,1.5118101835e+00,-1.7855986953e-02,3.0889332031e+04
977,1.5597128868e+00,-4.9781799316e-03,-3.8462481499e+00,1.5059772730e+00,-1.8374556676e-02,3.0889394531e+04
978,1.5595995188e+00,-5.3043439984e-03,-2.6011826992e+00,1.5209423304e+00,-1.6513671726e-02,3.0889105469e+04
979,1.5595502853e+00,-5.5256397463e-03,-4.7034716606e+00,1.5116486549e+00,-1.5663757920e-02,3.0888996094e+04
980,1.5596814156e+00,-5.7854885235e-03,-2.6948184967e+00,1.4897291660e+00,4.1281892918e-03,3.0889117188e+04
981,1.5598223209e+00,-5.8480496518e-03,-4.9911098480e+00,1.4874132872e+00,1.1614684947e-02,3.0888501953e+04
982,1.5598640442e+00,-6.0053607449e-03,-2.9821815491e+00,1.4821677208e+00,9.2436978593e-03,3.0888771484e+04
983,1.5598673820e+00,-6.1994087882e-03,-1.8739786148e+00,1.4784486294e+00,1.8417740241e-02,3.0888873047e+04
984,1.5599451065e+00,-6.5429848619e-03,-3.5528867245e+00,1.4786328077e+00,2.4618607014e-02,3.0889107422e+04
985,1.5600962639e+00,-6.8587958813e-03,-1.9042520523e+00,1.4728692770e+00,3.2603453845e-02,3.0889121094e+04
986,1.5603010654e+00,-7.1216919459e-03,-7.1732020378e-01,1.4829794168e+00,2.9240798205e-02,3.0889218750e+04
987,1.5604585409e+00,-7.3943110183e-03,6.6538238525e-01,1.5061725378e+00,1.8518600613e-02,3.0889000000e+04
988,1.5605130196e+00,-7.6621621847e-03,9.8504818976e-02,1.4883483648e+00,4.1650008410e-02,3.0888845703e+04
989,1.5606168509e+00,-7.8788874671e-03,-1.1021910906e+00,1.5027590990e+00,4.8909682781e-02,3.0888515625e+04
990,1.5606582165e+00,-7.9252114519e-03,4.3631896377e-01,1.4980399609e+00,3.1796876341e-02,3.0888718750e+04
991,1.5606600046e+00,-8.0907419324e-03,-1.5798894167e+00,1.4881819487e+00,1.5771484002e-02,3.0888980469e+04
992,1.5608650446e+00,-8.2943849266e-03,-4.2825341225e+00,1.4888278246e+00,9.6972659230e-03,3.0889117188e+04
993,1.5610433817e+00,-8.5740527138e-03,-5.1590399742e+00,1.5119903088e+00,3.6685638130e-02,3.0889058594e+04
994,1.5611461401e+00,-8.8317347690e-03,-4.9659438133e+00,1.5144833326e+00,3.7880782038e-02,3.0888919922e+04
995,1.5609979630e+00,-9.0965470299e-03,-2.6192178726e+00,1.4987906218e+00,1.8891448155e-02,3.0888958984e+04
996,1.5609352589e+00,-9.3096448109e-03,-5.2006578445e-01,1.5023328066e+00,3.1547546387e-03,3.0889152344e+04
997,1.5610108376e+00,-9.6124261618e-03,-1.3021355867e+00,1.4856255054e+00,1.0782318190e-02,3.0889027344e+04
998,1.5610593557e+00,-9.6810469404e-03,-1.6848286390e+00,1.4830915928e+00,2.5148926303e-02,3.0888671875e+04
999,1.5610073805e+00,-9.6522588283e-03,-3.5289399624e+00,1.5006130934e+00,2.8606643900e-02,3.0888576172e+04
1000,1.5608879328e+00,-9.7256079316e-03,-4.2696714401e+00,1.4791786671e+00,4.4294737279e-02,3.0888359375e+04
1001,1.5608071089e+00,-9.7290175036e-03,-1.4281908274e+00,1.4973547459e+00,2.5803452358e-02,3.0887960938e+04
1002,1.5608259439e+00,-9.8308147863e-03,-7.7130436897e-01,1.4966396093e+00,1.6505051404e-02,3.0888408203e+04
1003,1.5608618259e+00,-9.8541248590e-03,-3.4820463657e+00,1.5106246471e+00,6.6885375418e-03,3.0888136719e+04
1004,1.5609233379e+00,-9.9273314700e-03,-4.5634431839e+00,1.5211114883e+00,2.2238006815e-02,3.0887974609e+04
1005,1.5609534979e+00,-1.0070104152e-02,-5.3967070580e+00,1.5230615139e+00,2.4962235242e-02,3.0888199219e+04
1006,1.5609145164e+00,-1.0259018280e-02,-6.0395097733e+00,1.4980063438e+00,-6.7063905299e-03,3.0888039062e+04
1007,1.5609221458e+00,-1.0447750799e-02,-4.1835913658e+00,1.4851309061e+00,1.2811431661e-02,3.0887632812e+04
1008,1.5608605146e+00,-1.0718297213e-02,-2.2195122242e+00,1.4831321239e+00,-4.1259001009e-03,3.0888050781e+04
1009,1.5608456135e+00,-1.1064262129e-02,-8.4132277966e-01,1.4961307049e+00,1.9317168742e-02,3.0888146484e+04
1010,1.5607955456e+00,-1.1269089766e-02,-1.3047385216e+00,1.5005401373e+00,2.3089675233e-02,3.0887976562e+04
1011,1.5608218908e+00,-1.1515416205e-02,6.9778025150e-01,1.5344624519e+00,3.3774949610e-02,3.0888095703e+04
1012,1.5608149767e+00,-1.1522661895e-02,-1.4149827957e+00,1.5143742561e+00,4.3172150850e-02,3.0888171875e+04
1013,1.5606462955e+00,-1.1551709846e-02,-4.1229782104e+00,1.4950202703e+00,5.6639023125e-02,3.0887898438e+04
1014,1.5605828762e+00,-1.1726331897e-02,-4.6204538345e+00,1.5172778368e+00,4.1799318045e-02,3.0887931641e+04
1015,1.5605415106e+00,-1.1932461523e-02,-3.9417915344e+00,1.5004229546e+00,3.2740861177e-02,3.0887734375e+04
1016,1.5605267286e+00,-1.1978978291e-02,-3.7218947411e+00,1.4979467392e+00,2.4431992322e-02,3.0888177734e+04
1017,1.5605777502e+00,-1.1803846806e-02,2.4767643213e-01,1.4979348183e+00,5.0187300891e-02,3.0888244141e+04
1018,1.5604020357e+00,-1.1462890543e-02,-2.9696240425e+00,1.5179656744e+00,4.9481049180e-02,3.0888328125e+04
1019,1.5601836443e+00,-1.1146782897e-02,-2.4385373592e+00,1.5056369305e+00,4.2615890503e-02,3.0888230469e+04
1020,1.5601124763e+00,-1.1073033325e-02,-4.3086819649e+00,1.5047382116e+00,5.5804442614e-02,3.0888423828e+04
1021,1.5602585077e+00,-1.1123724282e-02,-2.2247860432e+00,1.5074659586e+00,3.5016860813e-02,3.0888308594e+04
1022,1.5604869127e+00,-1.1207079515e-02,-3.7039721012e+00,1.5008488894e+00,1.4870223589e-02,3.0888111328e+04
1023,1.5606918335e+00,-1.1208252981e-02,-1.9793101549e+00,1.5117199421e+00,2.0894698799e-02,3.0888248047e+04
1024,1.5606734753e+00,-1.1006889865e-02,-3.7516596317e+00,1.5219262838e+00,3.1564027071e-02,3.0888000000e+04
1025,1.5606415272e+00,-1.0810375214e-02,-3.5792021751e+00,1.5112717152e+00,3.6632690579e-02,3.0887949219e+04
1026,1.5606075525e+00,-1.0562309064e-02,-2.6010406017e+00,1.4931331873e+00,3.1103439629e-02,3.0887734375e+04
1027,1.5607421398e+00,-1.0455323383e-02,-3.4040336609e+00,1.5002816916e+00,2.3136902601e-02,3.0887833984e+04
1028,1.5609786510e+00,-1.0424696840e-02,-1.4409538507e+00,1.5082747936e+00,2.4177780375e-02,3.0887599609e+04
1029,1.5611079931e+00,-1.0336721316e-02,-3.6069545746e+00,1.5258255005e+00,2.2662200034e-02,3.0888054688e+04
1030,1.5610822439e+00,-1.0158227757e-02,-2.1240885258e+00,1.5087124109e+00,5.0895996392e-02,3.0887839844e+04
1031,1.5608867407e+00,-1.0006806813e-02,-5.3099284172e+00,1.4947762489e+00,3.9195328951e-02,3.0887666016e+04
1032,1.5609384775e+00,-9.7509399056e-03,-2.0413045883e+00,1.4861640930e+00,3.6442182958e-02,3.0887853516e+04
1033,1.5609086752e+00,-9.5736682415e-03,-2.4689126015e+00,1.4984244108e+00,2.8209151700e-02,3.0887765625e+04
1034,1.5610792637e+00,-9.4270817935e-03,-2.3084564507e-01,1.4942870140e+00,4.7127533704e-02,3.0887687500e+04
1035,1.5611082315e+00,-9.2552434653e-03,6.7077493668e-01,1.5174359083e+00,4.7321394086e-02,3.0887626953e+04
1036,1.5611647367e+00,-9.1230813414e-03,3.2112351060e-01,1.5078735352e+00,4.4388886541e-02,3.0887714844e+04
1037,1.5611600876e+00,-8.8479127735e-03,-4.0875026584e-01,1.5040594339e+00,1.4567031525e-02,3.0888169922e+04
1038,1.5610305071e+00,-8.6038643494e-03,-3.2599968910e+00,1.5005275011e+00,1.3511199504e-02,3.0888160156e+04
1039,1.5608636141e+00,-8.3066709340e-03,-3.9460136890e+00,1.4879825115e+00,1.1960449629e-02,3.0888171875e+04
1040,1.5607947111e+00,-8.0582723022e-03,-2.5859365463e+00,1.5016213655e+00,-3.1087493990e-03,3.0888099609e+04
1041,1.5607277155e+00,-7.7632460743e-03,-1.6262829304e+00,1.5149943829e+00,-1.6312865540e-02,3.0888244141e+04
1042,1.5605611801e+00,-7.5986916199e-03,-1.3246240616e+00,1.5291373730e+00,-3.2099075615e-02,3.0887849609e+04
1043,1.5605516434e+00,-7.3955669068e-03,5.6559300423e-01,1.5244281292e+00,-3.9893951267e-02,3.0887937500e+04
1044,1.5605676174e+00,-7.2231562808e-03,-8.8920116425e-01,1.5215703249e+00,-3.0198059976e-02,3.0888277344e+04
1045,1.5606032610e+00,-6.8981852382e-03,-3.6801536083e+00,1.5189297199e+00,-1.8043899909e-02,3.0888791016e+04
1046,1.5606055260e+00,-6.6821859218e-03,-4.2150692940e+00,1.5254443884e+00,-7.9147337237e-04,3.0888519531e+04
1047,1.5605959892e+00,-6.5197711810e-03,-4.9388756752e+00,1.5288549662e+00,1.2102813460e-02,3.0888429688e+04
1048,1.5604994297e+00,-6.3537079841e-03,-3.5280754566e+00,1.5391584635e+00,-1.0871887207e-04,3.0888380859e+04
1049,1.5604270697e+00,-6.2840096653e-03,-2.8700196743e+00,1.5204373598e+00,3.5169983748e-03,3.0888324219e+04
1050,1.5601599216e+00,-6.1027165502e-03,-2.2279090881e+00,1.5203871727e+00,-2.6406250894e-02,3.0888373047e+04
1051,1.5599883795e+00,-5.9805675410e-03,-2.0951316357e+00,1.5179781914e+00,-1.2607116252e-02,3.0888283203e+04
1052,1.5598142147e+00,-5.6530875154e-03,-4.3545284271e+00,1.5131056309e+00,1.7620086670e-02,3.0888361328e+04
1053,1.5598096848e+00,-5.1616192795e-03,-5.2218136787e+00,1.4942257404e+00,-1.2476501055e-02,3.0888966797e+04
1054,1.5595836639e+00,-4.6604941599e-03,-5.4134063721e+00,1.5015527010e+00,-1.6707610339e-02,3.0888328125e+04
1055,1.5593594313e+00,-4.2837969959e-03,-3.6459825039e+00,1.5079194307e+00,-1.1029358022e-02,3.0888542969e+04
1056,1.5592787266e+00,-3.9511350915e-03,-1.3018344641e+00,1.5141659975e+00,1.6565017402e-02,3.0888273438e+04
1057,1.5591279268e+00,-3.5126863513e-03,-1.3033112288e+00,1.5002026558e+00,9.9868774414e-03,3.0888089844e+04
1058,1.5590609312e+00,-3.2010828145e-03,7.7939021587e-01,1.4995557070e+00,-2.6770783588e-03,3.0888617188e+04
1059,1.5590659380e+00,-2.9459265061e-03,-3.6181230545e+00,1.4831490517e+00,-1.5457611531e-02,3.0888433594e+04
1060,1.5592379570e+00,-2.7975479607e-03,-4.0209579468e+00,1.4944183826e+00,1.4408112038e-03,3.0888494141e+04
1061,1.5593239069e+00,-2.7372022159e-03,-8.9767444134e-01,1.4922949076e+00,3.9675142616e-03,3.0888195312e+04
1062,1.5594460964e+00,-2.6119556278e-03,-1.1485400200e+00,1.5167425871e+00,-1.1603088118e-02,3.0888541016e+04
1063,1.5594348907e+00,-2.5237626396e-03,-9.8303842545e-01,1.5088194609e+00,-1.7485884950e-02,3.0888382812e+04
1064,1.5593559742e+00,-2.3366559763e-03,-3.3278417587e+00,1.5148233175e+00,-7.4789430946e-03,3.0888906250e+04
1065,1.5591397285e+00,-2.1009289194e-03,-2.7122778893e+00,1.4974802732e+00,-3.0669175088e-02,3.0888763672e+04
1066,1.5589028597e+00,-1.8598167226e-03,-5.2237949371e+00,1.5054565668e+00,-1.0281753726e-02,3.0888603516e+04
1067,1.5587142706e+00,-1.5642113285e-03,-1.2838228941e+00,1.5003676414e+00,-8.0673219636e-03,3.0888542969e+04
1068,1.5585892200e+00,-9.7914494108e-04,-1.8274550438e+00,1.4781892300e+00,-2.5548553094e-03,3.0888812500e+04
1069,1.5584115982e+00,-3.1789357308e-04,-6.7436730862e-01,1.4749064445e+00,4.0274811909e-03,3.0888625000e+04
1070,1.5581358671e+00,2.3456921917e-04,-1.7260260582e+00,1.4805853367e+00,9.7937770188e-03,3.0889097656e+04
1071,1.5579773188e+00,5.9252948267e-04,-1.3700096607e+00,1.4719440937e+00,1.7216186970e-02,3.0888843750e+04
1072,1.5580314398e+00,8.3653017646e-04,-2.9540014267e+00,1.4794000387e+00,1.4146499336e-02,3.0889068359e+04
1073,1.5581473112e+00,1.0828950908e-03,3.6081224680e-01,1.4814443588e+00,1.7771378160e-02,3.0889095703e+04
1074,1.5581293106e+00,1.4434843324e-03,-1.5732632875e+00,1.4790118933e+00,2.3810576648e-02,3.0889179688e+04
1075,1.5580041409e+00,1.6304275487e-03,-1.2389311790e+00,1.4809602499e+00,1.0943832807e-02,3.0889132812e+04
1076,1.5578411818e+00,1.8016691320e-03,-3.6184191704e+00,1.4760959148e+00,-2.7616883162e-03,3.0888888672e+04
1077,1.5577963591e+00,2.0516985096e-03,-2.2410855293e+00,1.4575607777e+00,-2.4112090468e-02,3.0888900391e+04
1078,1.5576179028e+00,2.1892855875e-03,-1.8604975939e+00,1.4826320410e+00,-5.0590513274e-03,3.0888251953e+04
1079,1.5574899912e+00,2.2953229491e-03,-3.9655299187e+00,1.4834051132e+00,2.2079696879e-02,3.0888228516e+04
1080,1.5574132204e+00,2.3924331181e-03,-4.1684212685e+00,1.5026276112e+00,4.2185210623e-03,3.0888085938e+04
1081,1.5573849678e+00,2.6185382158e-03,-5.6412506104e+00,1.5149275064e+00,-2.8190307319e-02,3.0887593750e+04
1082,1.5572556257e+00,2.9851999134e-03,-3.6069505215e+00,1.5132167339e+00,-2.2706985474e-02,3.0887367188e+04
1083,1.5570927858e+00,3.3526762854e-03,-3.3906311989e+00,1.5369223356e+00,-6.3587189652e-03,3.0887054688e+04
1084,1.5569074154e+00,3.4326382447e-03,-6.0183949471e+00,1.5337862968e+00,3.1320039183e-02,3.0886699219e+04
1085,1.5568118095e+00,3.4218560904e-03,-7.8959112167e+00,1.5141085386e+00,2.0552977920e-02,3.0886656250e+04
1086,1.5566636324e+00,3.4878726583e-03,-7.9204311371e+00,1.5012356043e+00,4.5930482447e-03,3.0886736328e+04
1087,1.5565316677e+00,3.4131801222e-03,-5.1814212799e+00,1.5106281042e+00,8.1528471783e-03,3.0886220703e+04
1088,1.5563553572e+00,3.4868624061e-03,-3.3452916145e+00,1.5005089045e+00,1.8317565322e-02,3.0886169922e+04
1089,1.5560995340e+00,3.5694702528e-03,-4.2374262810e+00,1.5117584467e+00,2.8934402391e-02,3.0886003906e+04
1090,1.5558097363e+00,3.9025065489e-03,-4.1384305954e+00,1.5127851963e+00,1.3852310367e-02,3.0885429688e+04
1091,1.5555819273e+00,4.1446187533e-03,-1.8393564224e+00,1.5014117956e+00,7.2938539088e-03,3.0885607422e+04
1092,1.5552085638e+00,4.4806906953e-03,-2.9390412569e-01,1.4889581203e+00,1.5454864129e-02,3.0885410156e+04
1093,1.5550156832e+00,4.5758127235e-03,-7.7300649881e-01,1.4612777233e+00,2.5651320815e-02,3.0885443359e+04
1094,1.5549461842e+00,4.4422582723e-03,-3.2334709167e+00,1.4601444006e+00,3.4047469497e-02,3.0886019531e+04
1095,1.5549161434e+00,4.3979324400e-03,-4.3568415642e+00,1.4902389050e+00,2.9530182481e-02,3.0885910156e+04
1096,1.5550295115e+00,4.5315721072e-03,-3.4150919914e+00,1.5031398535e+00,2.3719940335e-02,3.0886095703e+04
1097,1.5550311804e+00,4.7438303009e-03,5.8490252495e-01,1.5068812370e+00,-1.0659332387e-02,3.0885730469e+04
1098,1.5549898148e+00,5.1879100502e-03,-5.7967275381e-02,1.4960565567e+00,3.5664367024e-03,3.0885193359e+04
1099,1.5549043417e+00,5.4603256285e-03,-1.2906583548e+00,1.5070480108e+00,1.3727493584e-02,3.0886148438e+04
1100,1.5548590422e+00,5.4856920615e-03,-6.0497646332e+00,1.4993548393e+00,9.8964693025e-03,3.0886062500e+04
1101,1.5549772978e+00,5.2539515309e-03,-7.9949665070e+00,1.4974349737e+00,8.1508634612e-03,3.0885740234e+04
1102,1.5550010204e+00,5.0913072191e-03,-5.9332852364e+00,1.5163432360e+00,2.3821335286e-02,3.0885654297e+04
1103,1.5549582243e+00,4.9664885737e-03,-4.1843519211e+00,1.4911499023e+00,1.1832580902e-02,3.0885826172e+04
1104,1.5547662973e+00,4.9153887667e-03,-5.4776859283e+00,1.4797292948e+00,1.9457703456e-02,3.0886083984e+04
1105,1.5547195673e+00,4.8417430371e-03,-5.6844534874e+00,1.4997116327e+00,1.0388641618e-02,3.0885681641e+04
1106,1.5546251535e+00,4.7070551664e-03,-4.8445219994e+00,1.4980728626e+00,-4.9974061549e-03,3.0885580078e+04
1107,1.5546119213e+00,4.6197939664e-03,-3.3875727654e+00,1.4830533266e+00,-2.1305466071e-02,3.0886027344e+04
1108,1.5546439886e+00,4.5148562640e-03,-5.1192088127e+00,1.4776170254e+00,-4.8017883673e-03,3.0885537109e+04
1109,1.5547162294e+00,4.3350253254e-03,-4.0481605530e+00,1.4964308739e+00,2.9732437804e-02,3.0885412109e+04
1110,1.5548537970e+00,4.0745791048e-03,-2.8765127659e+00,1.4992249012e+00,4.3196868151e-02,3.0885933594e+04
1111,1.5548993349e+00,3.9339973591e-03,-3.9178953171e+00,1.4953140020e+00,8.6846919730e-03,3.0885052734e+04
1112,1.5548244715e+00,3.7905224599e-03,-3.5572962761e+00,1.4970088005e+00,2.5927962735e-02,3.0885054688e+04
1113,1.5548352003e+00,3.7889177911e-03,-3.4889733791e+00,1.5002804995e+00,3.8585204631e-02,3.0885382812e+04
1114,1.5547732115e+00,3.8243120071e-03,-8.5712137222e+00,1.5219299793e+00,4.5651014894e-02,3.0885312500e+04
1115,1.5547783375e+00,3.7809205242e-03,-5.6436219215e+00,1.4876663685e+00,2.6425248012e-02,3.0884902344e+04
1116,1.5547206402e+00,3.7702559493e-03,-5.9243769646e+00,1.4858767986e+00,1.6470871866e-02,3.0885363281e+04
1117,1.5546451807e+00,3.6417155061e-03,-5.0964803696e+00,1.5256285667e+00,1.0001068003e-02,3.0885048828e+04
1118,1.5546696186e+00,3.4490984399e-03,-6.3621716499e+00,1.5492262840e+00,3.3642273396e-02,3.0885091797e+04
1119,1.5546699762e+00,3.2844671514e-03,-3.0719351768e+00,1.5190142393e+00,1.9666900858e-02,3.0885109375e+04
1120,1.5546765327e+00,3.1578319613e-03,-4.2497901917e+00,1.4963728189e+00,2.6770096272e-02,3.0885656250e+04
1121,1.5546576977e+00,3.1812877860e-03,-3.3790740967e+00,1.4868702888e+00,6.1378479004e-03,3.0885330078e+04
1122,1.5545802116e+00,3.1311297789e-03,-4.5173192024e+00,1.4885711670e+00,5.2864835598e-03,3.0885734375e+04
1123,1.5546108484e+00,3.0844779685e-03,-1.8679625988e+00,1.4839612246e+00,2.2643813863e-02,3.0884998047e+04
1124,1.5546365976e+00,3.0192043632e-03,-3.2683823109e+00,1.5008769035e+00,2.1395264193e-02,3.0885570312e+04
1125,1.5545748472e+00,2.8623957187e-03,-2.3762030900e-01,1.5141574144e+00,6.2987520359e-03,3.0885437500e+04
1126,1.5544933081e+00,2.8030113317e-03,-5.3286337852e+00,1.4909133911e+00,-1.5046691988e-03,3.0885308594e+04
1127,1.5545387268e+00,2.7099091094e-03,2.8911474347e-01,1.5150392056e+00,-7.3507688940e-03,3.0885322266e+04
1128,1.5546355247e+00,2.6586281601e-03,-3.8044710159e+00,1.5071355104e+00,-3.0765686184e-02,3.0885494141e+04
1129,1.5548449755e+00,2.5485404767e-03,-1.8879688978e+00,1.5173779726e+00,-1.4186096378e-03,3.0885552734e+04
1130,1.5550147295e+00,2.3672075476e-03,-3.9795365334e+00,1.4958257675e+00,-2.1895598620e-03,3.0885951172e+04
1131,1.5551532507e+00,2.3016547784e-03,-4.4174818993e+00,1.4989939928e+00,-5.2233124152e-03,3.0885962891e+04
1132,1.5550652742e+00,2.2649606690e-03,-4.7195897102e+00,1.5211108923e+00,-1.2552261353e-02,3.0885949219e+04
1133,1.5549348593e+00,2.4392604828e-03,-3.0700802803e+00,1.5111076832e+00,-8.5417171940e-03,3.0885929688e+04
1134,1.5549973249e+00,2.2545382380e-03,-2.4336702824e+00,1.5202682018e+00,-4.4235992245e-03,3.0886343750e+04
1135,1.5550137758e+00,1.9759975839e-03,-2.9631400108e+00,1.5197426081e+00,1.2402267195e-02,3.0886328125e+04
1136,1.5551567078e+00,1.6678615939e-03,-5.3194475174e+00,1.5286031961e+00,3.1515121460e-02,3.0886460938e+04
1137,1.5552756786e+00,1.3349865330e-03,-4.7224435806e+00,1.5295495987e+00,2.9414368328e-03,3.0886564453e+04
1138,1.5552154779e+00,1.1368516134e-03,-8.0675649643e+00,1.5127547979e+00,6.1077116989e-03,3.0886310547e+04
1139,1.5552011728e+00,1.0054755257e-03,-3.5993027687e+00,1.5122457743e+00,-2.3928070441e-02,3.0886076172e+04
1140,1.5550700426e+00,9.6140697133e-04,-2.8881304264e+00,1.5195822716e+00,-2.6001129299e-02,3.0886052734e+04
1141,1.5549412966e+00,8.7105046259e-04,-4.4109840393e+00,1.5238331556e+00,-3.3249434084e-02,3.0886205078e+04
1142,1.5549106598e+00,8.1666931510e-04,-5.7913970947e+00,1.4998570681e+00,-1.8971938640e-02,3.0886167969e+04
1143,1.5551011562e+00,6.4459443092e-04,-6.9790134430e+00,1.5083212852e+00,1.4213562245e-03,3.0886031250e+04
1144,1.5551697016e+00,5.3384469356e-04,-6.3911843300e+00,1.4905427694e+00,-1.7324600369e-02,3.0886292969e+04
1145,1.5552057028e+00,3.4223488183e-04,-3.7755162716e+00,1.5020227432e+00,-1.0765991174e-02,3.0886289062e+04
1146,1.5552299023e+00,1.7447902064e-04,-4.3185815811e+00,1.5180664062e+00,-1.9206389785e-02,3.0887054688e+04
1147,1.5553197861e+00,4.0536862798e-05,-2.2318108082e+00,1.4798038006e+00,-1.7678909004e-02,3.0886855469e+04
1148,1.5553144217e+00,2.8573318559e-05,-3.7198560238e+00,1.5002784729e+00,1.5765000135e-02,3.0887089844e+04
1149,1.5553505421e+00,9.5218390925e-05,1.9268622994e-01,1.4969499111e+00,2.1062469110e-02,3.0886789062e+04
1150,1.5553257465e+00,-2.2641266696e-05,-1.7029702663e+00,1.5012820959e+00,1.2119522318e-02,3.0886654297e+04
1151,1.5553954840e+00,-1.7391971778e-04,9.1788554192e-01,1.4715579748e+00,1.1603927240e-02,3.0886394531e+04
1152,1.5553580523e+00,-3.2510393066e-04,-5.3450012207e+00,1.4765822887e+00,-1.6656493768e-02,3.0886605469e+04
1153,1.5554060936e+00,-4.5057412353e-04,-4.8051590919e+00,1.4882725477e+00,-1.9837265834e-02,3.0886501953e+04
1154,1.5555251837e+00,-6.6099956166e-04,-7.8273234367e+00,1.4928570986e+00,-2.8954772279e-02,3.0886386719e+04
1155,1.5556343794e+00,-8.6047267541e-04,-5.2533960342e+00,1.5220180750e+00,-2.0196914673e-02,3.0886601562e+04
1156,1.5557210445e+00,-8.4834988229e-04,-5.0022845268e+00,1.5348452330e+00,1.5436325222e-02,3.0886068359e+04
1157,1.5558120012e+00,-9.2959002359e-04,-3.4793615341e+00,1.5287173986e+00,-7.1919248439e-03,3.0886363281e+04
1158,1.5559538603e+00,-9.5885293558e-04,-4.5082168579e+00,1.4885048866e+00,-1.5800399706e-02,3.0886771484e+04
1159,1.5561820269e+00,-9.3974964693e-04,-6.4740266800e+00,1.5144611597e+00,-1.3160400093e-02,3.0886457031e+04
1160,1.5564184189e+00,-1.1351249414e-03,-2.7192177773e+00,1.5015878677e+00,2.9270172119e-02,3.0886283203e+04
1161,1.5564131737e+00,-1.1733282590e-03,-2.0541622639e+00,1.5006887913e+00,-4.3585966341e-03,3.0886626953e+04
1162,1.5563486814e+00,-1.1435399065e-03,-2.2653807700e-01,1.4855933189e+00,-1.0239181109e-02,3.0886816406e+04
1163,1.5561912060e+00,-1.0099663632e-03,-1.5097050667e+00,1.4988586903e+00,-3.1747438014e-02,3.0886791016e+04
1164,1.5562800169e+00,-9.8161038477e-04,-2.7850219607e-01,1.5306161642e+00,-9.4521334395e-03,3.0887070312e+04
1165,1.5565550327e+00,-1.1097029783e-03,-1.8984861374e+00,1.5165454149e+00,-3.8840103894e-02,3.0886908203e+04
1166,1.5568022728e+00,-1.2383491267e-03,-2.5129144192e+00,1.5111455917e+00,-5.0211485475e-02,3.0887208984e+04
1167,1.5568649769e+00,-1.3477329630e-03,-3.6294820309e+00,1.5100724697e+00,-6.4869917929e-02,3.0886595703e+04
1168,1.5568236113e+00,-1.3578145299e-03,-5.6665182114e+00,1.5074856281e+00,-1.8326187506e-02,3.0886339844e+04
1169,1.5569722652e+00,-1.3285257155e-03,-5.3091254234e+00,1.5096485615e+00,-1.5170669183e-02,3.0886833984e+04
1170,1.5570517778e+00,-1.3636918738e-03,-6.0826392174e+00,1.5109415054e+00,-1.0830001906e-02,3.0887009766e+04
1171,1.5570945740e+00,-1.4450815506e-03,-4.5632448196e+00,1.5039422512e+00,-1.3404769823e-02,3.0886958984e+04
1172,1.5569769144e+00,-1.5141124604e-03,-6.0748333931e+00,1.4984775782e+00,-3.2279741019e-02,3.0887000000e+04
1173,1.5570617914e+00,-1.5746519202e-03,-4.1116127968e+00,1.4926781654e+00,-2.8884047642e-02,3.0887275391e+04
1174,1.5571166277e+00,-1.4417563798e-03,-2.5724799633e+00,1.4677020311e+00,-3.8676299155e-02,3.0887322266e+04
1175,1.5571335554e+00,-1.2671508593e-03,-3.1823801994e-01,1.4783964157e+00,-1.2420730665e-02,3.0887146484e+04
1176,1.5572701693e+00,-1.3062576763e-03,1.6882995367e+00,1.4886538982e+00,-5.6587220170e-03,3.0886953125e+04
1177,1.5574829578e+00,-1.3971470762e-03,7.9719975591e-02,1.5074957609e+00,-9.1757206246e-03,3.0887035156e+04
1178,1.5578341484e+00,-1.6771004302e-03,2.2576592863e-01,1.5065499544e+00,-2.4470139295e-02,3.0886460938e+04
1179,1.5578756332e+00,-1.7021374078e-03,-3.4666273594e+00,1.5146206617e+00,-3.6094740033e-02,3.0886992188e+04
1180,1.5579184294e+00,-1.5873620287e-03,-1.8670178652e+00,1.4955050945e+00,-3.1387254596e-02,3.0886974609e+04
1181,1.5577745438e+00,-1.5819771215e-03,-6.4363617897e+00,1.5035287142e+00,-2.0964050665e-02,3.0886755859e+04
1182,1.5577012300e+00,-1.4292089036e-03,-4.5983638763e+00,1.4990600348e+00,-1.2330246158e-02,3.0886992188e+04
1183,1.5577733517e+00,-1.2379983673e-03,-6.1004333496e+00,1.4861050844e+00,-2.3587113246e-02,3.0886652344e+04
1184,1.5578292608e+00,-9.8014110699e-04,-1.4563114643e+00,1.5118824244e+00,-4.5181275345e-04,3.0886798828e+04
1185,1.5579674244e+00,-8.0014206469e-04,-1.0027912855e+00,1.5062717199e+00,7.0557403378e-03,3.0886589844e+04
1186,1.5581756830e+00,-6.9735816214e-04,-6.1792975664e-01,1.5345016718e+00,2.6932526380e-03,3.0886722656e+04
1187,1.5582309961e+00,-8.0117501784e-04,-2.7811615467e+00,1.5158941746e+00,3.7848663051e-03,3.0886431641e+04
1188,1.5583025217e+00,-9.1462733690e-04,-5.6554384232e+00,1.5142027140e+00,2.0739592612e-02,3.0886421875e+04
1189,1.5584255457e+00,-1.1109904153e-03,-2.3193461895e+00,1.5113761425e+00,1.9935913384e-02,3.0886443359e+04
1190,1.5584230423e+00,-1.2910749065e-03,-4.6233043671e+00,1.4952007532e+00,4.2389295995e-02,3.0886328125e+04
1191,1.5583777428e+00,-1.4462206746e-03,-4.2563905716e+00,1.5040564537e+00,4.2027281597e-03,3.0886089844e+04
1192,1.5581866503e+00,-1.3390247477e-03,-4.0824828148e+00,1.5160940886e+00,3.6231232807e-03,3.0886244141e+04
1193,1.5579841137e+00,-1.2996997684e-03,-2.8685581684e+00,1.4917969704e+00,1.8002320081e-02,3.0886333984e+04
1194,1.5578939915e+00,-1.2630901765e-03,-1.4928878546e+00,1.4910495281e+00,1.9772566855e-02,3.0886556641e+04
1195,1.5579904318e+00,-1.4574945671e-03,-6.5391343832e-01,1.5118821859e+00,-5.5023194291e-03,3.0885986328e+04
1196,1.5580128431e+00,-1.7783835065e-03,-2.2862000465e+00,1.5244659185e+00,-2.0371323451e-02,3.0886363281e+04
1197,1.5580807924e+00,-1.8629325787e-03,-2.1210336685e+00,1.5135995150e+00,-1.6258392483e-02,3.0885650391e+04
1198,1.5580263138e+00,-2.0221637096e-03,-5.3638134003e+00,1.5323579311e+00,-1.5553207137e-02,3.0886296875e+04
1199,1.5579559803e+00,-1.9727174658e-03,-4.5190763474e+00,1.5193345547e+00,-1.8340377137e-02,3.0885964844e+04
1200,1.5578786135e+00,-1.9443362253e-03,-5.7078256607e+00,1.5034227371e+00,-7.2760772891e-03,3.0885630859e+04
1201,1.5577867031e+00,-1.9166646525e-03,-2.3381886482e+00,1.5148538351e+00,6.4726257697e-03,3.0886193359e+04
1202,1.5578807592e+00,-2.1360614337e-03,-2.9593129158e+00,1.4879764318e+00,2.0892409608e-02,3.0886193359e+04
1203,1.5579243898e+00,-2.2601119708e-03,-2.9587368965e+00,1.4958217144e+00,1.3008346781e-02,3.0886689453e+04
1204,1.5580443144e+00,-2.4532452226e-03,-1.7237715721e+00,1.5018036366e+00,3.1823348254e-02,3.0886417969e+04
1205,1.5579984188e+00,-2.5240427349e-03,-2.9279928207e+00,1.5141472816e+00,1.7855606973e-02,3.0886271484e+04
1206,1.5578939915e+00,-2.6220933069e-03,-2.1870963573e+00,1.5030218363e+00,-2.2285460727e-04,3.0886248047e+04
1207,1.5578197241e+00,-2.8083461802e-03,-2.4822459221e+00,1.4861810207e+00,2.9888993129e-02,3.0886501953e+04
1208,1.5578052998e+00,-2.7061544824e-03,-1.5123636723e+00,1.5003436804e+00,2.1391449496e-02,3.0886742188e+04
1209,1.5578322411e+00,-2.7152516413e-03,-1.6342022419e+00,1.4931243658e+00,8.8796997443e-03,3.0886576172e+04
1210,1.5578016043e+00,-2.6650216896e-03,-2.7066056728e+00,1.4903106689e+00,-6.9980621338e-03,3.0887000000e+04
1211,1.5577369928e+00,-2.6541783009e-03,-4.8131108284e+00,1.4973330498e+00,7.9101562733e-04,3.0887089844e+04
1212,1.5576444864e+00,-2.6448850986e-03,-5.7272763252e+00,1.5125000477e+00,2.1891556680e-02,3.0886306641e+04
1213,1.5576779842e+00,-2.7050627396e-03,-3.5914371014e+00,1.5166131258e+00,4.0746003389e-02,3.0887144531e+04
1214,1.5578378439e+00,-3.0077444389e-03,-2.5577318668e+00,1.5063410997e+00,3.7527237087e-02,3.0887000000e+04
1215,1.5580887794e+00,-3.5191853531e-03,-2.7523357868e+00,1.5136742592e+00,5.7939909399e-02,3.0887246094e+04
1216,1.5582252741e+00,-3.8092425093e-03,-4.6213984489e-01,1.4869853258e+00,2.9958877712e-02,3.0887337891e+04
1217,1.5582187176e+00,-3.9217416197e-03,-4.0622353554e+00,1.4700577259e+00,2.6103362441e-02,3.0887511719e+04
1218,1.5583170652e+00,-3.9883847348e-03,-1.0434181690e+00,1.4986141920e+00,3.9917219430e-02,3.0887589844e+04
1219,1.5583522320e+00,-3.9173145778e-03,-1.6433383226e+00,1.4948571920e+00,2.4807816371e-02,3.0887490234e+04
1220,1.5585848093e+00,-3.9597274736e-03,6.5585917234e-01,1.4985595942e+00,1.7276687548e-02,3.0887748047e+04
1221,1.5586972237e+00,-4.0429271758e-03,-4.6337598562e-01,1.4896252155e+00,-2.5295256637e-03,3.0887498047e+04
1222,1.5587903261e+00,-4.2215413414e-03,-2.7832548618e+00,1.5107136965e+00,-5.1139830612e-03,3.0887226562e+04
1223,1.5588163137e+00,-4.3107038364e-03,-4.7800335884e+00,1.5061581135e+00,3.4343872219e-02,3.0887375000e+04
1224,1.5587266684e+00,-4.4236155227e-03,-5.5426025391e+00,1.5144370794e+00,2.3722914979e-02,3.0886667969e+04
1225,1.5585169792e+00,-4.5662107877e-03,-3.6551139355e+00,1.5123270750e+00,3.1999893486e-02,3.0887173828e+04
1226,1.5585119724e+00,-4.6184561215e-03,-1.7963585854e+00,1.5098731518e+00,5.3505476564e-02,3.0887205078e+04
1227,1.5585265160e+00,-4.9010319635e-03,-7.6749839783e+00,1.5014299154e+00,4.8980254680e-02,3.0887355469e+04
1228,1.5585770607e+00,-5.0581572577e-03,-6.0098891258e+00,1.5025014877e+00,2.0000075921e-02,3.0887589844e+04
1229,1.5586172342e+00,-5.0797858275e-03,-6.0475873947e+00,1.4795007706e+00,1.0471954010e-02,3.0887517578e+04
1230,1.5587232113e+00,-5.2185854875e-03,-3.2117397785e+00,1.4753651619e+00,1.9492644817e-02,3.0887583984e+04
1231,1.5589405298e+00,-5.3348136134e-03,-1.0825816393e+00,1.4674460888e+00,2.1575774997e-02,3.0888095703e+04
1232,1.5590769053e+00,-5.4532578215e-03,1.1685590744e+00,1.4768399000e+00,3.2430876046e-02,3.0887429688e+04
1233,1.5592068434e+00,-5.5074379779e-03,2.4878287315e+00,1.4924914837e+00,3.1113434583e-02,3.0886923828e+04
1234,1.5594005585e+00,-5.6606740691e-03,2.9474616051e+00,1.4817258120e+00,4.0745086968e-02,3.0887443359e+04
1235,1.5596418381e+00,-5.9690522030e-03,-2.5130088329e+00,1.4933552742e+00,2.9211197048e-02,3.0887382812e+04
1236,1.5597437620e+00,-6.0358135961e-03,-4.1305894852e+00,1.4848310947e+00,5.2494507283e-02,3.0888025391e+04
1237,1.5598670244e+00,-6.1710709706e-03,-4.0089669228e+00,1.4951573610e+00,3.0686568469e-02,3.0887814453e+04
1238,1.5599482059e+00,-6.1821942218e-03,-3.8250474930e+00,1.5063064098e+00,3.0861740932e-02,3.0888130859e+04
1239,1.5599813461e+00,-6.2473425642e-03,-1.5694334507e+00,1.5091805458e+00,1.8063354073e-03,3.0887451172e+04
1240,1.5598857403e+00,-6.1532836407e-03,-4.0808248520e+00,1.5304114819e+00,-4.9906158820e-03,3.0887376953e+04
1241,1.5598919392e+00,-6.2256855890e-03,-1.8088024855e+00,1.5172206163e+00,6.2665557489e-03,3.0887765625e+04
1242,1.5599864721e+00,-6.4181345515e-03,-6.7523994446e+00,1.4953252077e+00,2.0770035684e-02,3.0887642578e+04
1243,1.5601402521e+00,-6.6553908400e-03,-5.2832312584e+00,1.4896050692e+00,2.5106124580e-02,3.0887613281e+04
1244,1.5603369474e+00,-6.9900332019e-03,-5.5230817795e+00,1.5009465218e+00,-2.2917175665e-03,3.0887021484e+04
1245,1.5605669022e+00,-7.4252542108e-03,-2.9559614658e+00,1.5041576624e+00,-1.0874175932e-03,3.0887152344e+04
1246,1.5607601404e+00,-7.7289226465e-03,-6.3557600975e-01,1.5227837563e+00,-6.5208435990e-04,3.0886824219e+04
1247,1.5607609749e+00,-7.6726172119e-03,-2.8447356224e+00,1.5336074829e+00,1.9332274795e-02,3.0886462891e+04
1248,1.5605388880e+00,-7.4369995855e-03,-2.2308809757e+00,1.5085335970e+00,5.1906583831e-03,3.0886175781e+04
1249,1.5603125095e+00,-7.1440720931e-03,-3.5772626400e+00,1.5021575689e+00,2.6030045003e-02,3.0886669922e+04
1250,1.5603770018e+00,-7.1309157647e-03,-4.1650400162e+00,1.4688605070e+00,1.3823394664e-02,3.0886919922e+04
1251,1.5606001616e+00,-7.4823480099e-03,-5.2345185280e+00,1.4704711437e+00,2.8150634840e-02,3.0886849609e+04
1252,1.5608363152e+00,-7.8212292865e-03,-2.2164199352e+00,1.4825247526e+00,1.9182128832e-02,3.0886570312e+04
1253,1.5610859394e+00,-8.0189555883e-03,6.7754483223e-01,1.4816083908e+00,3.4307099413e-03,3.0886507812e+04
1254,1.5609977245e+00,-8.0701150000e-03,3.6521413326e+00,1.4909194708e+00,1.9428405911e-02,3.0887039062e+04
1255,1.5608319044e+00,-7.9942736775e-03,3.3020544052e+00,1.4921882153e+00,3.9873808622e-02,3.0886941406e+04
1256,1.5609347820e+00,-7.9574603587e-03,9.0763747692e-01,1.5014501810e+00,4.6642608941e-02,3.0887105469e+04
1257,1.5608785152e+00,-7.8340694308e-03,-1.1378725767e+00,1.4961166382e+00,4.8464506865e-02,3.0887404297e+04
1258,1.5607197285e+00,-7.7058896422e-03,-3.4218926430e+00,1.4810541868e+00,3.6636278033e-02,3.0887623047e+04
1259,1.5606371164e+00,-7.5963735580e-03,-2.5274350643e+00,1.4611932039e+00,3.4702073783e-02,3.0888273438e+04
1260,1.5606889725e+00,-7.5686369091e-03,-2.1643319130e+00,1.4644359350e+00,1.5369415283e-02,3.0888203125e+04
1261,1.5608791113e+00,-7.5457831845e-03,-8.8164287806e-01,1.4902017117e+00,1.6571197659e-02,3.0888216797e+04
1262,1.5611238480e+00,-7.6978402212e-03,7.0967453718e-01,1.5123815536e+00,-3.8688658969e-04,3.0887929688e+04
1263,1.5611038208e+00,-7.8224930912e-03,-1.2624935806e-01,1.5156848431e+00,6.8373107351e-03,3.0887695312e+04
1264,1.5610299110e+00,-7.9371090978e-03,-1.6583368182e-01,1.4980217218e+00,8.7219998240e-03,3.0887353516e+04
1265,1.5609266758e+00,-7.8959260136e-03,-5.9726839066e+00,1.4898906946e+00,2.8415374458e-02,3.0887287109e+04
1266,1.5608899593e+00,-7.7605424449e-03,-5.6940889359e+00,1.4870034456e+00,3.7675552070e-02,3.0887134766e+04
1267,1.5609344244e+00,-7.7577284537e-03,-6.7823200226e+00,1.5011987686e+00,2.8626784682e-02,3.0887292969e+04
1268,1.5609319210e+00,-7.7153043821e-03,-4.0266237259e+00,1.4990032911e+00,1.7316283658e-02,3.0886972656e+04
1269,1.5610166788e+00,-7.7934940346e-03,-3.3515238762e+00,1.4989470243e+00,-3.8818358444e-03,3.0886554688e+04
1270,1.5608699322e+00,-7.7694663778e-03,-2.2892425060e+00,1.5251175165e+00,1.4807205647e-02,3.0886572266e+04
1271,1.5607529879e+00,-7.6426826417e-03,-4.7981748581e+00,1.5159170628e+00,3.1187210232e-02,3.0886167969e+04
1272,1.5607277155e+00,-7.2877383791e-03,-5.9720759392e+00,1.5289332867e+00,2.5165939704e-02,3.0886218750e+04
1273,1.5606570244e+00,-7.0549729280e-03,-4.5709161758e+00,1.5102688074e+00,1.5052489936e-02,3.0885566406e+04
1274,1.5606672764e+00,-6.6541717388e-03,-5.6708102226e+00,1.4927971363e+00,7.5195310637e-04,3.0885652344e+04
1275,1.5607105494e+00,-6.4039798453e-03,-2.6144640446e+00,1.5027198792e+00,1.5217819251e-02,3.0885724609e+04
1276,1.5606374741e+00,-6.2016481534e-03,-6.2144227028e+00,1.4915167093e+00,2.2676849738e-02,3.0886181641e+04
1277,1.5606079102e+00,-6.1301691458e-03,-3.5288560390e+00,1.5099327564e+00,3.9221573621e-02,3.0886183594e+04
1278,1.5606362820e+00,-6.0471524484e-03,-2.1146507263e+00,1.5145596266e+00,2.5320053101e-02,3.0886623047e+04
1279,1.5606790781e+00,-6.0588931665e-03,1.6812456846e+00,1.5057240725e+00,2.4923630059e-02,3.0886667969e+04
1280,1.5606744289e+00,-6.1479392461e-03,1.5674916506e+00,1.4856066704e+00,-2.9248045757e-03,3.0886455078e+04
1281,1.5607192516e+00,-6.1900429428e-03,3.3512167931e+00,1.4844961166e+00,2.9719389975e-02,3.0886835938e+04
1282,1.5606210232e+00,-6.2161465175e-03,-3.9566680789e-01,1.4612448215e+00,1.4127578586e-02,3.0886679688e+04
1283,1.5605026484e+00,-5.9175328352e-03,-2.6781833172e+00,1.4986178875e+00,1.7041701823e-02,3.0886746094e+04
1284,1.5604703426e+00,-5.7023572735e-03,-1.1466749907e+00,1.5093554258e+00,-7.0358277299e-04,3.0887031250e+04
1285,1.5602676868e+00,-5.2412590012e-03,-2.5841951370e+00,1.5297776461e+00,9.0774539858e-03,3.0887099609e+04
1286,1.5601723194e+00,-4.7963103279e-03,-4.6228960156e-01,1.5227290392e+00,3.1285554171e-02,3.0887109375e+04
1287,1.5601222515e+00,-4.3500545435e-03,-1.3626674414e+00,1.5198636055e+00,1.8370285630e-02,3.0887042969e+04
1288,1.5600576401e+00,-4.1531035677e-03,-3.8864471912e+00,1.5191550255e+00,8.6881257594e-03,3.0887449219e+04
1289,1.5600632429e+00,-3.8663442247e-03,-5.3250951767e+00,1.4951466322e+00,-6.1577605084e-03,3.0887365234e+04
1290,1.5601183176e+00,-3.5495120101e-03,-6.5634264946e+00,1.5015401840e+00,-1.1611099355e-02,3.0887185547e+04
1291,1.5601553917e+00,-3.1239183154e-03,-5.4855408669e+00,1.5002018213e+00,2.3771133274e-02,3.0887222656e+04
1292,1.5601155758e+00,-2.7786602732e-03,-5.5815477371e+00,1.5179412365e+00,2.5255890563e-02,3.0887650391e+04
1293,1.5601010323e+00,-2.4095783010e-03,-3.8081166744e+00,1.4949369431e+00,1.4238357544e-02,3.0887476562e+04
1294,1.5602260828e+00,-2.0548324101e-03,-2.2901294231e+00,1.4976316690e+00,-4.7616576776e-03,3.0887714844e+04
1295,1.5603042841e+00,-1.7765455414e-03,1.1832413673e+00,1.4984990358e+00,-3.9365768433e-02,3.0887550781e+04
1296,1.5603846312e+00,-1.6216230579e-03,-1.3323221207e+00,1.4861772060e+00,-4.0043182671e-02,3.0886816406e+04
1297,1.5605807304e+00,-1.4916288201e-03,1.5291266441e+00,1.4912716150e+00,-1.3300171122e-02,3.0886849609e+04
1298,1.5605974197e+00,-1.2796946103e-03,-2.2169381380e-01,1.4759864807e+00,-1.9625092391e-03,3.0887162109e+04
1299,1.5604469776e+00,-1.0990852024e-03,-2.9538028240e+00,1.4894549847e+00,-1.4422683977e-02,3.0887443359e+04
1300,1.5602329969e+00,-8.4058789071e-04,-3.5438842773e+00,1.4955170155e+00,-1.7832793295e-02,3.0887771484e+04
1301,1.5601214170e+00,-6.0879025841e-04,-5.2082591057e+00,1.5157611370e+00,-6.1149598332e-04,3.0887830078e+04
1302,1.5602201223e+00,-6.9665943738e-04,-5.2684187889e+00,1.5114169121e+00,1.1737213470e-02,3.0887843750e+04
1303,1.5603029728e+00,-7.7874725685e-04,-3.5491087437e+00,1.5036215782e+00,3.0799254775e-02,3.0887511719e+04
1304,1.5603394508e+00,-6.3451984897e-04,-2.6423866749e+00,1.5228610039e+00,1.4059905894e-02,3.0887349609e+04
1305,1.5603171587e+00,-4.3645777623e-04,-2.8290119171e+00,1.5321221352e+00,-2.7879334521e-03,3.0887033203e+04
1306,1.5602058172e+00,-2.5482202182e-04,-4.1927599907e+00,1.5011248589e+00,-8.5044857115e-03,3.0887144531e+04
1307,1.5601699352e+00,-6.0489433963e-05,-4.4338531494e+00,1.4832818508e+00,-3.4208679572e-03,3.0887195312e+04
1308,1.5600564480e+00,1.8211879069e-04,-4.5955686569e+00,1.4985140562e+00,-7.0934295654e-03,3.0887251953e+04
1309,1.5600273609e+00,4.3500278844e-04,-2.2233972549e+00,1.5124660730e+00,8.6484523490e-03,3.0887062500e+04
1310,1.5599077940e+00,8.6118717445e-04,-2.7598836422e+00,1.5164626837e+00,-3.3197784796e-03,3.0887187500e+04
1311,1.5599089861e+00,1.0603893315e-03,-3.3977761269e+00,1.4965728521e+00,-1.7353286967e-02,3.0886593750e+04
1312,1.5600084066e+00,1.1081122793e-03,-5.3867940903e+00,1.5034316778e+00,-1.8656997010e-02,3.0886330078e+04
1313,1.5601814985e+00,9.7691686824e-04,-2.4121618271e+00,1.4949432611e+00,-2.3194426671e-02,3.0886593750e+04
1314,1.5604444742e+00,9.0207817266e-04,-4.0727162361e+00,1.4918321371e+00,-6.8194582127e-03,3.0886398438e+04
1315,1.5605716705e+00,9.6745643532e-04,-1.7475560904e+00,1.5243660212e+00,-1.4626846649e-02,3.0886523438e+04
1316,1.5605573654e+00,9.7080087289e-04,-1.7858734131e+00,1.5294067860e+00,-2.6521071792e-02,3.0886357422e+04
1317,1.5605021715e+00,1.0625887662e-03,-3.8517279625e+00,1.5087466240e+00,9.3563841656e-03,3.0886173828e+04
1318,1.5604091883e+00,1.0282575386e-03,-2.8020048141e+00,1.4974986315e+00,-2.4004364386e-02,3.0886734375e+04
1319,1.5603507757e+00,1.1479982641e-03,-2.8307733536e+00,1.4910407066e+00,-2.3844681680e-02,3.0886326172e+04
1320,1.5601097345e+00,1.4748042449e-03,-3.5222208500e+00,1.5119965076e+00,-1.2808151543e-02,3.0886650391e+04
1321,1.5600594282e+00,1.8304927507e-03,-1.5358921289e+00,1.5074522495e+00,-8.6985779926e-03,3.0886830078e+04
1322,1.5601195097e+00,1.9629946910e-03,-2.0512788296e+00,1.4976735115e+00,8.1599429250e-03,3.0887177734e+04
1323,1.5603032112e+00,1.9886486698e-03,9.6812939644e-01,1.5029263496e+00,6.2036896124e-03,3.0887015625e+04
1324,1.5605354309e+00,1.8920289585e-03,2.0375261307e+00,1.5155373812e+00,-1.6805114225e-02,3.0887316406e+04
1325,1.5607012510e+00,1.8397195963e-03,3.6945483685e+00,1.5234484673e+00,-2.8842544183e-02,3.0887667969e+04
1326,1.5608086586e+00,1.7967791064e-03,-4.6324157715e-01,1.5317376852e+00,-7.5586698949e-03,3.0887800781e+04
1327,1.5607992411e+00,1.6447212547e-03,-2.0429818630e+00,1.5271126032e+00,2.6171111967e-03,3.0887144531e+04
1328,1.5606632233e+00,1.7706213985e-03,-5.7937517166e+00,1.5008805990e+00,-1.8394470681e-03,3.0887927734e+04
1329,1.5605628490e+00,1.9953623414e-03,-6.3463473320e+00,1.4885568619e+00,-3.2582167536e-02,3.0888011719e+04
1330,1.5601701736e+00,2.3157037795e-03,-6.6636471748e+00,1.5182591677e+00,-1.7204666510e-02,3.0888501953e+04
1331,1.5599670410e+00,2.3628612980e-03,-2.4247128963e+00,1.5192828178e+00,1.4349441975e-02,3.0888138672e+04
1332,1.5600376129e+00,2.4923814926e-03,-4.3570814133e+00,1.5041805506e+00,-9.5147704706e-03,3.0888097656e+04
1333,1.5601373911e+00,2.7211303823e-03,-2.0501389503e+00,1.5217934847e+00,6.5040588379e-03,3.0887886719e+04
1334,1.5602544546e+00,2.9476543423e-03,-3.5986182690e+00,1.5062869787e+00,6.6123963334e-03,3.0887314453e+04
1335,1.5602897406e+00,3.0962186866e-03,-1.1056728363e+00,1.5137734413e+00,1.6042403877e-02,3.0887591797e+04
1336,1.5603961945e+00,2.9420773499e-03,-2.1163265705e+00,1.5189663172e+00,-1.4508895576e-02,3.0887896484e+04
1337,1.5605969429e+00,2.8570920695e-03,-4.2610669136e+00,1.5091384649e+00,-2.7261123061e-02,3.0887431641e+04
1338,1.5608270168e+00,2.8085706290e-03,-4.5417437553e+00,1.5103908777e+00,-1.8016509712e-02,3.0887181641e+04
1339,1.5609602928e+00,2.8189194854e-03,-2.6421196461e+00,1.5154362917e+00,-1.0768966749e-02,3.0887787109e+04
1340,1.5609990358e+00,2.6731428225e-03,-2.7016186714e+00,1.5190253258e+00,-3.0879210681e-02,3.0887281250e+04
1341,1.5610138178e+00,2.4008986074e-03,-2.1518795490e+00,1.5282702446e+00,-1.2403717265e-02,3.0887562500e+04
1342,1.5611016750e+00,2.0603968296e-03,-5.2500629425e-01,1.5274218321e+00,-4.5351409353e-03,3.0887167969e+04
1343,1.5612299442e+00,1.6814592527e-03,-2.4858503342e+00,1.5328489542e+00,1.7947388114e-03,3.0887369141e+04
1344,1.5613237619e+00,1.4304891229e-03,-2.9568898678e+00,1.5116524696e+00,4.3869018555e-03,3.0886740234e+04
1345,1.5612881184e+00,1.3561660890e-03,-5.8597149849e+00,1.5074043274e+00,5.9928896371e-04,3.0886925781e+04
1346,1.5612037182e+00,1.3007357484e-03,-2.5938687325e+00,1.5008559227e+00,-2.2102355433e-04,3.0886744141e+04
1347,1.5609371662e+00,1.4128546463e-03,-4.8605213165e+00,1.5099911690e+00,-6.1355589423e-04,3.0886955078e+04
1348,1.5607882738e+00,1.4845238766e-03,-7.4353230000e-01,1.5225589275e+00,2.4376679212e-03,3.0887220703e+04
1349,1.5608191490e+00,1.3959656935e-03,-3.0813162327e+00,1.5272488594e+00,-2.1865844727e-02,3.0887384766e+04
1350,1.5611237288e+00,1.1216723360e-03,-1.2163110971e+00,1.5284848213e+00,-1.9743194804e-02,3.0887248047e+04
1351,1.5612913370e+00,8.4808259271e-04,-1.6735630035e+00,1.5254000425e+00,-1.4373626560e-02,3.0887468750e+04
1352,1.5614132881e+00,6.2425085343e-04,1.8703953922e-01,1.5231540203e+00,-5.5664060637e-03,3.0887599609e+04
1353,1.5614163876e+00,4.1638113908e-04,-1.6682204008e+00,1.5260803699e+00,-8.9855957776e-03,3.0888250000e+04
1354,1.5613449812e+00,2.9421245563e-04,-1.5613218546e+00,1.5178953409e+00,1.1187744094e-03,3.0888083984e+04
1355,1.5612711906e+00,3.0618978781e-04,-3.9674541950e+00,1.5317651033e+00,2.6500778273e-02,3.0888539062e+04
1356,1.5612573624e+00,3.2432546141e-04,3.6100894213e-02,1.5023787022e+00,2.2410735488e-02,3.0888037109e+04
1357,1.5614044666e+00,3.7157666520e-04,-3.7795612216e-01,1.5209112167e+00,4.9407957122e-03,3.0888335938e+04
1358,1.5615946054e+00,7.6496115071e-05,1.5944889784e+00,1.5143679380e+00,-1.2095031328e-02,3.0888699219e+04
1359,1.5618224144e+00,-8.8029919425e-05,-1.0416297913e+00,1.5003913641e+00,-1.2115554884e-02,3.0888968750e+04
1360,1.5620456934e+00,-4.2333683814e-04,-1.1943449974e+00,1.4907553196e+00,1.5764465556e-02,3.0889775391e+04
1361,1.5621262789e+00,-7.0891156793e-04,-2.0567677021e+00,1.4663242102e+00,9.3994138297e-05,3.0889833984e+04
1362,1.5621877909e+00,-8.0390606308e-04,-2.2557294369e+00,1.4669488668e+00,-5.2732084878e-03,3.0889892578e+04
1363,1.5623104572e+00,-1.0803986806e-03,1.2187359333e+00,1.4837454557e+00,-6.6419984214e-03,3.0890078125e+04
1364,1.5625518560e+00,-1.4386657858e-03,1.1636968851e+00,1.4841201305e+00,1.7859192565e-02,3.0890304688e+04
1365,1.5628119707e+00,-1.8435710808e-03,7.8406906128e-01,1.4646072388e+00,9.0675354004e-03,3.0890000000e+04
1366,1.5630009174e+00,-1.9435981521e-03,2.0004749298e+00,1.4910476208e+00,1.8865738064e-02,3.0889800781e+04
1367,1.5630555153e+00,-2.0204035100e-03,-7.5936603546e-01,1.5007916689e+00,-8.6817173287e-03,3.0889310547e+04
1368,1.5629496574e+00,-2.2034046706e-03,-3.9152860641e+00,1.5117465258e+00,-2.0837401971e-02,3.0889001953e+04
1369,1.5630505085e+00,-2.4062772281e-03,-5.6614689827e+00,1.5102277994e+00,-2.6649627835e-02,3.0889039062e+04
1370,1.5631109476e+00,-2.5766748004e-03,-8.6433668137e+00,1.5058740377e+00,1.2830124237e-02,3.0889068359e+04
1371,1.5631771088e+00,-2.6334151626e-03,-6.6370687485e+00,1.5011487007e+00,-1.5249710530e-02,3.0888302734e+04
1372,1.5632255077e+00,-2.7111051604e-03,-5.9869866371e+00,1.4879390001e+00,1.1594085954e-02,3.0888503906e+04
1373,1.5632607937e+00,-2.7761191595e-03,-4.1263294220e+00,1.4870239496e+00,5.4003144614e-03,3.0888015625e+04
1374,1.5633867979e+00,-3.0140138697e-03,-3.7770042419e+00,1.4931281805e+00,-7.2470856830e-03,3.0888259766e+04
1375,1.5635256767e+00,-3.2991480548e-03,-2.9492548108e-01,1.4790192842e+00,1.7960357945e-03,3.0887699219e+04
1376,1.5635325909e+00,-3.5365272779e-03,-3.2280182838e+00,1.4967188835e+00,-5.7379151694e-03,3.0886921875e+04
1377,1.5635182858e+00,-3.6631668918e-03,-1.2242662907e-01,1.5209832191e+00,1.1420059018e-02,3.0886679688e+04
1378,1.5634735823e+00,-3.6101124715e-03,-1.8963415623e+00,1.5051330328e+00,-6.1614991864e-04,3.0886248047e+04
1379,1.5634722710e+00,-3.6638849415e-03,-2.8230662346e+00,1.4669823647e+00,-8.5584260523e-03,3.0886894531e+04
1380,1.5636084080e+00,-3.9233476855e-03,-4.8459005356e+00,1.4687716961e+00,-1.2037124485e-02,3.0886910156e+04
1381,1.5635466576e+00,-4.0889140218e-03,-6.7969651222e+00,1.4901798964e+00,-8.3511351841e-04,3.0887162109e+04
1382,1.5636205673e+00,-4.2434590869e-03,-3.2654538155e+00,1.5010029078e+00,5.5397795513e-03,3.0887091797e+04
1383,1.5637359619e+00,-4.2479899712e-03,-1.6379017830e+00,1.5140202045e+00,4.9107283354e-02,3.0887134766e+04
1384,1.5639616251e+00,-4.4180206023e-03,2.5454199314e+00,1.5062384605e+00,3.4217070788e-02,3.0886972656e+04
1385,1.5640952587e+00,-4.5385262929e-03,9.6808403730e-01,1.4895266294e+00,3.2160263509e-02,3.0887353516e+04
1386,1.5642374754e+00,-4.6548577957e-03,4.5042106509e-01,1.5044354200e+00,-4.9357605167e-03,3.0887052734e+04
1387,1.5642285347e+00,-4.6340534464e-03,-1.8784098625e+00,1.5121394396e+00,-2.7982329484e-03,3.0887296875e+04
1388,1.5644352436e+00,-4.8280581832e-03,2.7001327276e-01,1.5096474886e+00,9.9496459588e-03,3.0887503906e+04
1389,1.5645680428e+00,-4.9355542287e-03,-6.1883091927e-01,1.4928267002e+00,-1.2958297506e-02,3.0887488281e+04
1390,1.5645447969e+00,-5.0304247998e-03,-9.3835961819e-01,1.4887275696e+00,-1.3461074792e-02,3.0888099609e+04
1391,1.5645898581e+00,-5.0155101344e-03,-9.1500842571e-01,1.4943761826e+00,-1.1206055060e-02,3.0887845703e+04
1392,1.5645430088e+00,-5.0561195239e-03,-2.3049197197e+00,1.5078947544e+00,1.6150665469e-03,3.0888572266e+04
1393,1.5646270514e+00,-5.0071361475e-03,7.0612210035e-01,1.4986710548e+00,1.6911620274e-02,3.0888353516e+04
1394,1.5645945072e+00,-4.8822187819e-03,-1.6932214499e+00,1.5032474995e+00,1.5522995032e-02,3.0888542969e+04
1395,1.5644446611e+00,-4.6656434424e-03,2.4085035324e+00,1.5001306534e+00,-6.5077207983e-03,3.0888648438e+04
1396,1.5642580986e+00,-4.4930218719e-03,-2.4142465591e+00,1.5021758080e+00,-6.5184021369e-03,3.0889082031e+04
1397,1.5641604662e+00,-4.3714232743e-03,-2.8224573135e+00,1.5006059408e+00,-1.4975127764e-02,3.0888591797e+04
1398,1.5641888380e+00,-4.4454550371e-03,-5.1191172600e+00,1.4960368872e+00,1.4799499186e-03,3.0888535156e+04
1399,1.5641852617e+00,-4.4948891737e-03,-2.3562834263e+00,1.5011258125e+00,1.9974136725e-02,3.0888734375e+04
1400,1.5640516281e+00,-4.4332225807e-03,-3.8935277462e+00,1.4802280664e+00,-8.1302644685e-03,3.0889277344e+04
1401,1.5639654398e+00,-4.2857467197e-03,-3.6871988773e+00,1.4688422680e+00,2.3609925061e-02,3.0889089844e+04
1402,1.5640141964e+00,-3.9123054594e-03,-4.9235558510e+00,1.4971003532e+00,3.2422028482e-02,3.0888701172e+04
1403,1.5641583204e+00,-3.5600166302e-03,-1.3858587742e+00,1.5030440092e+00,4.5565567911e-02,3.0888742188e+04
1404,1.5641338825e+00,-3.1447357032e-03,-5.6275779009e-01,1.5019699335e+00,3.4851685166e-02,3.0888457031e+04
1405,1.5641341209e+00,-2.8277856763e-03,-2.1270620823e-01,1.4880011082e+00,3.1950987875e-02,3.0888359375e+04
1406,1.5639996529e+00,-2.5745835155e-03,7.7053403854e-01,1.4856086969e+00,3.7421189249e-02,3.0888484375e+04
1407,1.5640226603e+00,-2.3591618519e-03,-2.2718722820e+00,1.5009849072e+00,3.5065840930e-02,3.0888171875e+04
1408,1.5640170574e+00,-2.2214676719e-03,-3.2679500580e+00,1.5065848827e+00,1.8615340814e-02,3.0888181641e+04
1409,1.5638785362e+00,-2.0446418785e-03,-3.6401274204e+00,1.4988290071e+00,2.1686859429e-02,3.0887501953e+04
1410,1.5636613369e+00,-1.8477586564e-03,-5.6305751801e+00,1.5107409954e+00,3.8404539227e-02,3.0886937500e+04
1411,1.5634979010e+00,-1.6295546666e-03,-3.0547044277e+00,1.4870622158e+00,3.6641236395e-02,3.0887277344e+04
1412,1.5632977486e+00,-1.4145734021e-03,-6.1437287331e+00,1.4944109917e+00,-1.3141632080e-03,3.0886970703e+04
1413,1.5631853342e+00,-1.0415078141e-03,-6.9113693237e+00,1.5123138428e+00,-1.8313750625e-02,3.0886519531e+04
1414,1.5628774166e+00,-6.8147864658e-04,-4.3572487831e+00,1.5241552591e+00,-1.3720016927e-02,3.0886724609e+04
1415,1.5626602173e+00,-4.2948412010e-04,-4.9759650230e+00,1.5193884373e+00,8.3399964496e-03,3.0885878906e+04
1416,1.5625345707e+00,-2.6406196412e-05,-4.4189171791e+00,1.5053471327e+00,4.6205902472e-03,3.0886009766e+04
1417,1.5623635054e+00,2.0879488147e-04,-2.1931655407e+00,1.5028878450e+00,1.9922791049e-02,3.0885554688e+04
1418,1.5622595549e+00,5.1540916320e-04,-4.8987751007e+00,1.5118086338e+00,3.6943510175e-02,3.0885355469e+04
1419,1.5621508360e+00,8.3945173537e-04,-9.5300596952e-01,1.5081839561e+00,3.5373460501e-02,3.0885320312e+04
1420,1.5620248318e+00,1.0405107168e-03,-1.8946791887e+00,1.5173482895e+00,2.3620070890e-02,3.0885562500e+04
1421,1.5619556904e+00,1.1685896898e-03,-3.7145051956e+00,1.4852995872e+00,1.9522933289e-02,3.0885507812e+04
1422,1.5618817806e+00,1.2258000206e-03,-5.8861432076e+00,1.5084447861e+00,1.7016068101e-02,3.0885605469e+04
1423,1.5617699623e+00,1.6246648738e-03,-4.1272654533e+00,1.4961633682e+00,9.4335172325e-03,3.0886177734e+04
1424,1.5619302988e+00,1.8753926270e-03,-1.6026687622e+00,1.4976359606e+00,2.6260986924e-02,3.0886027344e+04
1425,1.5619053841e+00,2.0915714558e-03,1.5397781134e+00,1.4990696907e+00,3.9557188749e-02,3.0886316406e+04
1426,1.5619975328e+00,2.2337611299e-03,2.9583184719e+00,1.4711632729e+00,2.3220291361e-02,3.0886818359e+04
1427,1.5620262623e+00,2.4607956875e-03,3.9820665121e-01,1.4849351645e+00,2.6686096564e-02,3.0887064453e+04
1428,1.5620648861e+00,2.6524022687e-03,1.3725180626e+00,1.5081869364e+00,1.9392319024e-02,3.0886935547e+04
1429,1.5620315075e+00,2.8130384162e-03,6.3023841381e-01,1.5077199936e+00,7.7079008333e-03,3.0887380859e+04
1430,1.5620059967e+00,2.8630939778e-03,5.2944296598e-01,1.5066053867e+00,4.3566819280e-02,3.0887369141e+04
1431,1.5619851351e+00,2.8719992843e-03,-1.7084004879e+00,1.5216833353e+00,5.8225784451e-02,3.0887480469e+04
1432,1.5619671345e+00,3.1942632049e-03,-3.4448275566e+00,1.5092653036e+00,4.9068298191e-02,3.0887535156e+04
1433,1.5618114471e+00,3.7674694322e-03,-6.0049586296e+00,1.5059548616e+00,4.0552444756e-02,3.0887460938e+04
1434,1.5615475178e+00,4.2265965603e-03,-4.7236537933e+00,1.5132561922e+00,6.7932130769e-03,3.0887541016e+04
1435,1.5615049601e+00,4.3648299761e-03,-4.0244641304e+00,1.5039420128e+00,2.3690948263e-02,3.0887496094e+04
1436,1.5616188049e+00,4.2843217961e-03,-3.2858119011e+00,1.5010434389e+00,2.5626145303e-02,3.0887210938e+04
1437,1.5618689060e+00,4.1525787674e-03,-3.8298549652e+00,1.5053538084e+00,1.1380843818e-02,3.0887386719e+04
1438,1.5618994236e+00,3.9768279530e-03,-3.8792028427e+00,1.5160046816e+00,1.0392609052e-02,3.0887093750e+04
1439,1.5619122982e+00,3.9231567644e-03,-4.3682870865e+00,1.5047270060e+00,3.7873916328e-02,3.0886304688e+04
1440,1.5618057251e+00,4.0205940604e-03,-3.6572494507e+00,1.5109747648e+00,3.9174422622e-02,3.0886378906e+04
1441,1.5614447594e+00,4.1468325071e-03,-5.3420901299e+00,1.4795653820e+00,3.3984374255e-02,3.0885781250e+04
1442,1.5613539219e+00,4.2320163921e-03,-5.9669046402e+00,1.4799017906e+00,2.2715073079e-02,3.0885830078e+04
1443,1.5614066124e+00,4.1301175952e-03,-3.7509956360e+00,1.4911446571e+00,2.7627868578e-02,3.0885779297e+04
1444,1.5615134239e+00,3.9852778427e-03,-5.7045984268e+00,1.5205649137e+00,3.6397475749e-02,3.0885341797e+04
1445,1.5616470575e+00,3.9068940096e-03,-1.3127529621e+00,1.5284295082e+00,4.8484575003e-02,3.0885248047e+04
1446,1.5617647171e+00,3.7304330617e-03,-2.3960714340e+00,1.5190460682e+00,3.9990998805e-02,3.0885484375e+04
1447,1.5617514849e+00,3.5842035431e-03,-4.7984948158e+00,1.5134055614e+00,3.7393722683e-02,3.0885351562e+04
1448,1.5618253946e+00,3.4474520944e-03,-3.5041382313e+00,1.4983516932e+00,5.7191010565e-02,3.0885611328e+04
1449,1.5618302822e+00,3.2676164992e-03,-2.8652062416e+00,1.5109080076e+00,2.9251633212e-02,3.0885949219e+04
1450,1.5618298054e+00,3.0123183969e-03,-2.2107746601e+00,1.4881230593e+00,2.8954543173e-02,3.0885910156e+04
1451,1.5617302656e+00,2.7582161129e-03,-1.0962693691e+00,1.5207089186e+00,4.2115174234e-02,3.0886234375e+04
1452,1.5616631508e+00,2.5829512160e-03,2.7318923473e+00,1.5265464783e+00,2.5831909850e-02,3.0886449219e+04
1453,1.5615149736e+00,2.5207223371e-03,2.8527444601e-01,1.5225918293e+00,3.4146271646e-02,3.0886291016e+04
1454,1.5614454746e+00,2.3260167800e-03,1.0085052252e+00,1.5337234735e+00,4.0876314044e-02,3.0886980469e+04
1455,1.5614202023e+00,1.9959495403e-03,-1.2635725737e+00,1.5196032524e+00,3.4673385322e-02,3.0886906250e+04
1456,1.5615105629e+00,1.6325759934e-03,-4.2539553642e+00,1.5318664312e+00,3.7272185087e-02,3.0887375000e+04
1457,1.5616637468e+00,1.2595818844e-03,-4.0627269745e+00,1.5083383322e+00,2.6543959975e-02,3.0888068359e+04
1458,1.5617260933e+00,9.6837984165e-04,-4.1074471474e+00,1.5220086575e+00,2.9774017632e-02,3.0887996094e+04
1459,1.5616853237e+00,6.1747478321e-04,8.0487108231e-01,1.5315057039e+00,2.8605423868e-02,3.0889060547e+04
1460,1.5616136789e+00,3.0252488796e-04,1.9500998259e+00,1.5014976263e+00,9.8477173597e-03,3.0889203125e+04
1461,1.5617883205e+00,-1.6350485384e-04,1.2823331356e-01,1.4993282557e+00,1.0131988674e-02,3.0889558594e+04
1462,1.5618607998e+00,-7.0145737845e-04,1.8323198557e+00,1.4855875969e+00,1.2091522105e-02,3.0890097656e+04
1463,1.5619620085e+00,-1.2128581293e-03,-1.5955044031e+00,1.4676525593e+00,-7.0571899414e-05,3.0890388672e+04
1464,1.5621385574e+00,-1.7318199389e-03,2.2784037590e+00,1.4826273918e+00,-4.1259001009e-03,3.0890166016e+04
1465,1.5623397827e+00,-2.2200872190e-03,2.2007751465e+00,1.5020859241e+00,1.3696823269e-02,3.0890152344e+04
1466,1.5624811649e+00,-2.8054853901e-03,3.4930676222e-01,1.5007458925e+00,2.0423201844e-02,3.0889492188e+04
1467,1.5625066757e+00,-3.3962829039e-03,-4.7084002495e+00,1.5121661425e+00,1.9181823358e-02,3.0889361328e+04
1468,1.5624516010e+00,-3.8651379291e-03,-7.8880395889e+00,1.5040736198e+00,5.7484589517e-02,3.0889576172e+04
1469,1.5624263287e+00,-4.2359251529e-03,-9.0081605911e+00,1.4963891506e+00,3.5092316568e-02,3.0889164062e+04
1470,1.5622391701e+00,-4.5800805092e-03,-8.5056619644e+00,1.5005329847e+00,2.0150832832e-02,3.0888839844e+04
1471,1.5622801781e+00,-4.9787736498e-03,-7.6712799072e+00,1.4977077246e+00,1.4415359125e-02,3.0888960938e+04
1472,1.5624155998e+00,-5.4844939150e-03,-7.5123019218e+00,1.5050102472e+00,1.7860641703e-02,3.0888824219e+04
1473,1.5624083281e+00,-5.9956484474e-03,-6.2201976776e+00,1.5069924593e+00,3.2493818551e-02,3.0888544922e+04
1474,1.5624430180e+00,-6.4792721532e-03,-4.7623243332e+00,1.4838374853e+00,2.7313003317e-02,3.0888093750e+04
1475,1.5624945164e+00,-6.9743129425e-03,-1.7432967424e+00,1.5070447922e+00,2.3783797398e-02,3.0888017578e+04
1476,1.5624487400e+00,-7.3200706393e-03,-2.5580272675e+00,1.4910541773e+00,3.0634537339e-02,3.0887132812e+04
1477,1.5624419451e+00,-7.6334201731e-03,-4.1948184967e+00,1.5017236471e+00,5.4339293391e-02,3.0886896484e+04
1478,1.5622990131e+00,-7.8289816156e-03,-2.8210828304e+00,1.4856469631e+00,4.7088623978e-03,3.0886507812e+04
1479,1.5621873140e+00,-8.1822713837e-03,-5.4207997322e+00,1.5094128847e+00,5.9644319117e-03,3.0886228516e+04
1480,1.5622525215e+00,-8.5302060470e-03,-3.7829859257e+00,1.5138614178e+00,1.5147704631e-02,3.0886199219e+04
1481,1.5623636246e+00,-8.9812222868e-03,-3.2969105244e+00,1.5253973007e+00,1.3549041934e-02,3.0885703125e+04
1482,1.5625391006e+00,-9.3857562169e-03,-3.8520636559e+00,1.5095297098e+00,3.6390990019e-02,3.0886228516e+04
1483,1.5626720190e+00,-9.7144264728e-03,-3.2345359325e+00,1.4883973598e+00,5.3801421076e-02,3.0886187500e+04
1484,1.5627117157e+00,-1.0102014057e-02,-5.5179986954e+00,1.4995743036e+00,2.5996703655e-02,3.0886480469e+04
1485,1.5627139807e+00,-1.0507368483e-02,-1.8581985235e+00,1.5131686926e+00,3.0259704217e-03,3.0886347656e+04
1486,1.5627859831e+00,-1.0888849385e-02,-5.9979861975e-01,1.5210113525e+00,1.1649779975e-02,3.0886498047e+04
1487,1.5630298853e+00,-1.1394445784e-02,3.3817243576e+00,1.5030894279e+00,8.0679319799e-03,3.0886710938e+04
1488,1.5630713701e+00,-1.1643631384e-02,2.4635615349e+00,1.5273975134e+00,-1.4181670733e-02,3.0887195312e+04
1489,1.5630124807e+00,-1.1700190604e-02,1.4254411459e+00,1.5048977137e+00,2.4243621156e-02,3.0887148438e+04
1490,1.5629016161e+00,-1.1883848347e-02,2.6022964716e-01,1.5009477139e+00,3.2423783094e-02,3.0887800781e+04
1491,1.5628596544e+00,-1.2157379650e-02,-4.0065702796e-01,1.5014435053e+00,2.1657256410e-02,3.0888148438e+04
1492,1.5628279448e+00,-1.2383426540e-02,2.4872308969e-01,1.4892672300e+00,3.3609617501e-02,3.0888960938e+04
1493,1.5628342628e+00,-1.2555639260e-02,1.9602056742e+00,1.4742447138e+00,6.7346952856e-02,3.0889068359e+04
1494,1.5628291368e+00,-1.2815181166e-02,8.1502580643e-01,1.4841566086e+00,6.2217026949e-02,3.0889404297e+04
1495,1.5629377365e+00,-1.2967224233e-02,1.8712096214e+00,1.5021957159e+00,5.5458985269e-02,3.0889373047e+04
1496,1.5628433228e+00,-1.3056616299e-02,-7.6016926765e-01,1.5130515099e+00,3.5907670856e-02,3.0889671875e+04
1497,1.5627502203e+00,-1.3064470142e-02,7.9049766064e-01,1.5062453747e+00,2.5981673971e-02,3.0890175781e+04
1498,1.5625792742e+00,-1.2882605195e-02,-3.2545671463e+00,1.5051385164e+00,3.1621322036e-02,3.0889759766e+04
1499,1.5625829697e+00,-1.2731871568e-02,-3.6035237312e+00,1.4895067215e+00,4.5896377414e-02,3.0890058594e+04
1500,1.5625014305e+00,-1.2693850324e-02,-3.3212530613e+00,1.4961870909e+00,5.8798827231e-02,3.0889890625e+04
1501,1.5624852180e+00,-1.2752979994e-02,-5.3822464943e+00,1.5143499374e+00,6.7437283695e-02,3.0889705078e+04
1502,1.5624841452e+00,-1.2908581644e-02,-5.1373491287e+00,1.5220954418e+00,5.7625960559e-02,3.0889125000e+04
1503,1.5625323057e+00,-1.2963825837e-02,-5.4738149643e+00,1.5380914211e+00,4.6739652753e-02,3.0889076172e+04
1504,1.5625046492e+00,-1.3020393439e-02,-5.1028380394e+00,1.5120768547e+00,4.5577775687e-02,3.0889074219e+04
1505,1.5624451637e+00,-1.2922672555e-02,-5.9434380531e+00,1.5074963570e+00,2.7350615710e-02,3.0888777344e+04
1506,1.5625277758e+00,-1.2816766277e-02,-3.0472631454e+00,1.4877096415e+00,8.9870449156e-03,3.0888681641e+04
1507,1.5624194145e+00,-1.2645137496e-02,-4.1221632957e+00,1.4838263988e+00,-3.2485963311e-04,3.0888537109e+04
1508,1.5623848438e+00,-1.2641263194e-02,-4.6681952477e+00,1.5135036707e+00,1.8672408536e-02,3.0888134766e+04
1509,1.5624356270e+00,-1.2662417255e-02,-4.7708840370e+00,1.5003887415e+00,3.2189026475e-02,3.0887726562e+04
1510,1.5625869036e+00,-1.2565733865e-02,-2.1801643372e+00,1.5040481091e+00,3.9002761245e-02,3.0887382812e+04
1511,1.5626345873e+00,-1.2299007736e-02,-2.4135165215e+00,1.5092916489e+00,4.5902557671e-02,3.0887187500e+04
1512,1.5626190901e+00,-1.2082857080e-02,-2.1729102135e+00,1.5122244358e+00,2.8678359464e-02,3.0886466797e+04
1513,1.5626581907e+00,-1.1835911311e-02,-3.2871189117e+00,1.5122098923e+00,1.4264297672e-02,3.0886371094e+04
1514,1.5626455545e+00,-1.1635047384e-02,-5.4425950050e+00,1.5120713711e+00,2.1605454385e-02,3.0886611328e+04
1515,1.5625587702e+00,-1.1230519041e-02,-6.1482095718e+00,1.5089509487e+00,2.0774841309e-02,3.0886638672e+04
1516,1.5624569654e+00,-1.0770683177e-02,-5.4873089790e+00,1.5131618977e+00,4.4021759182e-02,3.0886207031e+04
1517,1.5623230934e+00,-1.0405167937e-02,-3.3015613556e+00,1.5088223219e+00,3.0269393697e-02,3.0886533203e+04
1518,1.5622795820e+00,-1.0157465935e-02,-8.5301327705e-01,1.4826540947e+00,7.0275878534e-03,3.0886919922e+04
1519,1.5622621775e+00,-9.9811144173e-03,-1.1759728193e+00,1.4849075079e+00,4.1948701255e-03,3.0887363281e+04
1520,1.5623584986e+00,-9.8915696144e-03,5.8062064648e-01,1.4844421148e+00,1.7619857565e-02,3.0887761719e+04
1521,1.5623940229e+00,-9.8211923614e-03,2.1097290516e+00,1.5041668415e+00,2.2836914286e-02,3.0887771484e+04
1522,1.5624502897e+00,-9.4989798963e-03,2.1028280258e+00,1.5240919590e+00,2.2027282044e-02,3.0887183594e+04
1523,1.5623755455e+00,-8.9356964454e-03,3.9757001400e+00,1.5203354359e+00,3.4290924668e-02,3.0887478516e+04
1524,1.5621173382e+00,-8.2518141717e-03,1.8051431179e+00,1.5111625195e+00,1.3322371989e-02,3.0887980469e+04
1525,1.5621242523e+00,-7.7645098791e-03,-1.6704818010e+00,1.4828180075e+00,2.3365173489e-02,3.0888226562e+04
1526,1.5621888638e+00,-7.3396409862e-03,-3.1237709522e+00,1.5143942833e+00,4.0117796510e-02,3.0888351562e+04
1527,1.5622615814e+00,-7.0086480118e-03,-4.9969930649e+00,1.5135986805e+00,1.9076690078e-02,3.0888623047e+04
1528,1.5623135567e+00,-6.7538595758e-03,-4.1975855827e+00,1.5091280937e+00,-3.0366515275e-03,3.0889101562e+04
1529,1.5622508526e+00,-6.4392075874e-03,-3.3429470062e+00,1.5055655241e+00,-1.4056473039e-02,3.0889060547e+04
1530,1.5621945858e+00,-5.9283613227e-03,-2.0059924126e+00,1.5161660910e+00,3.1198121142e-03,3.0889425781e+04
1531,1.5619596243e+00,-5.2707772702e-03,-1.9663266838e-01,1.5229411125e+00,1.2258529663e-02,3.0889656250e+04
1532,1.5617436171e+00,-4.6019568108e-03,-1.5161030293e+00,1.5411659479e+00,-1.4410400763e-03,3.0890480469e+04
1533,1.5616502762e+00,-4.1071912274e-03,-4.8054701090e-01,1.5384212732e+00,1.3497162145e-03,3.0889906250e+04
1534,1.5615437031e+00,-3.6369955633e-03,-1.4364445210e+00,1.5320659876e+00,2.6005173102e-02,3.0889898438e+04
1535,1.5615172386e+00,-3.1922918279e-03,-1.1146484613e+00,1.4958053827e+00,1.0919570923e-02,3.0890199219e+04
1536,1.5615290403e+00,-2.7892319486e-03,-4.8474154472e+00,1.4930256605e+00,2.6867676061e-03,3.0890486328e+04
1537,1.5614926815e+00,-2.1537968423e-03,-3.7298183441e+00,1.5051007271e+00,1.1718520895e-02,3.0890294922e+04
1538,1.5611954927e+00,-1.4418547507e-03,-2.7344007492e+00,1.5065782070e+00,1.1905822903e-02,3.0890318359e+04
1539,1.5609705448e+00,-9.4821344828e-04,1.5728652477e-02,1.5066704750e+00,7.9364776611e-03,3.0889964844e+04
1540,1.5610399246e+00,-5.9559056535e-04,-1.7241717577e+00,1.5141071081e+00,-1.1674041860e-02,3.0889869141e+04
1541,1.5611866713e+00,-3.5533221671e-04,-3.8227806091e+00,1.4860397577e+00,2.3308563977e-03,3.0889646484e+04
1542,1.5611897707e+00,-1.4222663594e-05,-8.5002298355e+00,1.4894120693e+00,-6.1334990896e-03,3.0889945312e+04
1543,1.5613160133e+00,3.4220630187e-04,-6.3459806442e+00,1.4895706177e+00,-1.2271118350e-02,3.0889994141e+04
1544,1.5611772537e+00,8.6350511992e-04,-6.6642775536e+00,1.5005825758e+00,-3.1672669575e-03,3.0889593750e+04
1545,1.5611510277e+00,1.2182601495e-03,-3.1031925678e+00,1.4901974201e+00,7.8395847231e-03,3.0889958984e+04
1546,1.5610820055e+00,1.7327396199e-03,-3.5784938335e+00,1.4922394753e+00,9.5002744347e-03,3.0889417969e+04
1547,1.5610945225e+00,2.2228853777e-03,-3.1756913662e+00,1.5068831444e+00,-3.0885315500e-03,3.0889365234e+04
1548,1.5610789061e+00,2.8109403793e-03,2.3204460740e-02,1.4958357811e+00,-1.7414933071e-02,3.0889136719e+04
1549,1.5607216358e+00,3.4223732073e-03,-5.2264003754e+00,1.5039700270e+00,-2.9322814662e-03,3.0889035156e+04
1550,1.5605589151e+00,3.9795432240e-03,-2.8499569893e+00,1.5224488974e+00,5.5081178434e-03,3.0889423828e+04
1551,1.5604718924e+00,4.3279645033e-03,-5.7315673828e+00,1.5034992695e+00,-6.0847471468e-03,3.0888824219e+04
1552,1.5605254173e+00,4.4522285461e-03,-5.6329946518e+00,1.5003198385e+00,1.1584396474e-02,3.0889369141e+04
1553,1.5605678558e+00,4.7162636183e-03,-3.5352139473e+00,1.4924609661e+00,2.8566360474e-02,3.0889082031e+04
1554,1.5605152845e+00,4.7820485197e-03,-3.3441004753e+00,1.5177077055e+00,1.2767333537e-02,3.0888910156e+04
1555,1.5605529547e+00,4.9529620446e-03,5.4691475630e-01,1.5274738073e+00,-5.2666473202e-03,3.0889255859e+04
1556,1.5605711937e+00,5.1045715809e-03,-3.2526841164e+00,1.5179547071e+00,-1.2360992841e-02,3.0889195312e+04
1557,1.5605194569e+00,5.2418038249e-03,-3.5827701092e+00,1.5001404285e+00,-1.8649596721e-02,3.0889082031e+04
1558,1.5603636503e+00,5.5000623688e-03,-3.7724268436e+00,1.4980621338e+00,5.2446746267e-03,3.0889546875e+04
1559,1.5601814985e+00,5.7328524999e-03,-4.6141939163e+00,1.4870263338e+00,-1.0395812802e-02,3.0889337891e+04
1560,1.5600327253e+00,5.8000236750e-03,-3.6041746140e+00,1.5073339939e+00,-6.5256501548e-03,3.0889507812e+04
1561,1.5598820448e+00,6.0429139994e-03,-8.4236979485e-01,1.5056254864e+00,-1.1448669247e-03,3.0890003906e+04
1562,1.5597331524e+00,6.1992476694e-03,-1.5526993275e+00,1.4927988052e+00,-8.9242551476e-03,3.0889712891e+04
1563,1.5596313477e+00,6.4124939963e-03,-1.5031411648e+00,1.5007945299e+00,-3.5375442356e-02,3.0889943359e+04
1564,1.5595651865e+00,6.5609156154e-03,-1.9320589304e-01,1.5078041553e+00,-5.1146470010e-02,3.0890201172e+04
1565,1.5595887899e+00,6.7077223212e-03,-3.1648356915e+00,1.4974423647e+00,-4.8907395452e-02,3.0890396484e+04
1566,1.5596840382e+00,6.7964447662e-03,-1.6688324213e+00,1.5038039684e+00,-2.1174544469e-02,3.0890539062e+04
1567,1.5597618818e+00,6.6654188558e-03,-2.1025350094e+00,1.4799081087e+00,-2.8229523450e-02,3.0890541016e+04
1568,1.5598850250e+00,6.5599163063e-03,-1.7307938337e+00,1.4868686199e+00,-1.8764648587e-02,3.0890318359e+04
1569,1.5598011017e+00,6.4525357448e-03,-2.3574304581e+00,1.5093655586e+00,-3.6972962320e-02,3.0890484375e+04
1570,1.5597746372e+00,6.3941041008e-03,-2.5130228996e+00,1.5003308058e+00,-6.4018247649e-03,3.0889980469e+04
1571,1.5598131418e+00,6.3914773054e-03,-3.9735958576e+00,1.4956727028e+00,-1.0925826617e-02,3.0890906250e+04
1572,1.5597739220e+00,6.3873506151e-03,-5.2865991592e+00,1.4847283363e+00,-3.3533477690e-03,3.0890285156e+04
1573,1.5596307516e+00,6.3687665388e-03,-9.6453809738e+00,1.4890265465e+00,-2.3469848558e-02,3.0890382812e+04
1574,1.5596460104e+00,6.5451185219e-03,-1.1635071039e+00,1.4980829954e+00,-9.1971587390e-03,3.0890214844e+04
1575,1.5594822168e+00,6.6304188222e-03,-4.5987825394e+00,1.5031516552e+00,8.1486515701e-03,3.0890376953e+04
1576,1.5595687628e+00,6.5419580787e-03,5.7496881485e-01,1.5038270950e+00,8.5902400315e-03,3.0890003906e+04
1577,1.5594825745e+00,6.3555957749e-03,-3.4255306721e+00,1.5191525221e+00,2.9869080754e-04,3.0890162109e+04
1578,1.5594439507e+00,6.3767563552e-03,-2.0211637020e+00,1.5135312080e+00,-2.7139892802e-02,3.0889652344e+04
1579,1.5591626167e+00,6.4330589958e-03,-4.9591283798e+00,1.5236566067e+00,-3.0190886930e-02,3.0889576172e+04
1580,1.5591179132e+00,6.4008180052e-03,-4.1517305374e+00,1.5240817070e+00,-5.3184736520e-02,3.0889431641e+04
1581,1.5590389967e+00,6.4519816078e-03,-5.6784133911e+00,1.5105205774e+00,-5.9842836112e-02,3.0889347656e+04
1582,1.5589827299e+00,6.4452653751e-03,-4.6521530151e+00,1.4897302389e+00,-5.7510223240e-02,3.0889587891e+04
1583,1.5587968826e+00,6.4329300076e-03,-5.8321838379e+00,1.4923374653e+00,-3.9353407919e-02,3.0889857422e+04
1584,1.5587185621e+00,6.4572105184e-03,-4.9706425667e+00,1.4988573790e+00,-3.5322036594e-02,3.0890154297e+04
1585,1.5586055517e+00,6.5259714611e-03,-4.2360215187e+00,1.5089507103e+00,-4.3523788452e-02,3.0889742188e+04
1586,1.5584988594e+00,6.6072428599e-03,-1.5314617157e+00,1.5035303831e+00,-5.3789138794e-02,3.0890271484e+04
1587,1.5584362745e+00,6.4404131845e-03,7.7459812164e-01,1.5065917969e+00,-5.2484054118e-02,3.0890058594e+04
1588,1.5584686995e+00,6.1366739683e-03,-6.8122029305e-02,1.5151242018e+00,-5.9340666980e-02,3.0890359375e+04
1589,1.5584740639e+00,5.7934755459e-03,-2.3440535069e+00,1.5086039305e+00,-7.5826190412e-02,3.0890449219e+04
1590,1.5583585501e+00,5.6051881984e-03,-4.2200336456e+00,1.5069640875e+00,-5.5725477636e-02,3.0890771484e+04
1591,1.5581094027e+00,5.5822152644e-03,-4.8518848419e+00,1.4970474243e+00,-5.5336531252e-02,3.0890677734e+04
1592,1.5576975346e+00,5.5192606524e-03,-3.2280523777e+00,1.5087944269e+00,-4.8614729196e-02,3.0891474609e+04
1593,1.5574197769e+00,5.4946346208e-03,-2.0509679317e+00,1.5087499619e+00,-4.3994292617e-02,3.0891554688e+04
1594,1.5573230982e+00,5.2598933689e-03,-3.0469295979e+00,1.5067930222e+00,-4.6486739069e-02,3.0891324219e+04
1595,1.5573276281e+00,5.0747729838e-03,-3.1858384609e+00,1.5073529482e+00,-4.9237977713e-02,3.0891380859e+04
1596,1.5573025942e+00,4.8634447157e-03,-2.0635626316e+00,1.4994380474e+00,-3.7629470229e-02,3.0891408203e+04
1597,1.5572470427e+00,4.8038568348e-03,-3.4297854900e+00,1.4963821173e+00,-9.7502134740e-03,3.0891599609e+04
1598,1.5571811199e+00,4.7523677349e-03,-2.5792360306e+00,1.5090736151e+00,-1.0029068217e-02,3.0891822266e+04
1599,1.5571942329e+00,4.5811752789e-03,-5.6194362640e+00,1.5083035231e+00,-2.0486831665e-02,3.0891449219e+04
1600,1.5572737455e+00,4.4170329347e-03,-5.5860757828e+00,1.4886519909e+00,-2.7060927823e-02,3.0891785156e+04
1601,1.5571446419e+00,4.2192158289e-03,-5.1556224823e+00,1.4965908527e+00,-4.7208406031e-02,3.0892193359e+04
1602,1.5571246147e+00,3.9870012552e-03,-6.0855269432e+00,1.5092301369e+00,-4.4059753418e-02,3.0891955078e+04
1603,1.5570574999e+00,3.7709476892e-03,-5.9946365356e+00,1.4955502748e+00,-1.7602844164e-02,3.0891587891e+04
1604,1.5570181608e+00,3.6810133606e-03,-3.9346921444e+00,1.5128554106e+00,-1.0130157694e-02,3.0890710938e+04
1605,1.5571173429e+00,3.7346698809e-03,-4.8482675552e+00,1.5065429211e+00,-2.1192932501e-02,3.0890794922e+04
1606,1.5571266413e+00,3.6540289875e-03,-6.9851369858e+00,1.4939504862e+00,-2.7903443202e-02,3.0890126953e+04
1607,1.5572289228e+00,3.5110672470e-03,-8.9387340546e+00,1.5033029318e+00,-2.7705993503e-02,3.0890138672e+04
1608,1.5572788715e+00,3.2410183921e-03,-6.8875689507e+00,1.5022283792e+00,-9.1568753123e-03,3.0890667969e+04
1609,1.5572446585e+00,3.0730061699e-03,-1.0343946457e+01,1.4797463417e+00,-3.4497834276e-03,3.0890320312e+04
1610,1.5573302507e+00,2.8874413110e-03,-5.0716609955e+00,1.4915069342e+00,-8.7323756889e-03,3.0890218750e+04
1611,1.5573254824e+00,2.8094584122e-03,-1.5749727488e+00,1.5019989014e+00,-5.6194230914e-02,3.0890126953e+04
1612,1.5573995113e+00,2.7290300932e-03,-1.0605225563e+00,1.4789146185e+00,-8.2007676363e-02,3.0889916016e+04
1613,1.5574150085e+00,2.5338081177e-03,-7.0152640343e-02,1.4874091148e+00,-5.5745467544e-02,3.0890148438e+04
1614,1.5573871136e+00,2.3535748478e-03,-8.1131434441e-01,1.4986145496e+00,-3.8685224950e-02,3.0890294922e+04
1615,1.5573513508e+00,2.2079376504e-03,-1.5969954729e+00,1.5188364983e+00,-2.7843704447e-02,3.0890091797e+04
1616,1.5572967529e+00,2.0466363057e-03,-3.6196784973e+00,1.5055968761e+00,-7.8373719007e-03,3.0889808594e+04
1617,1.5573631525e+00,1.8227314577e-03,-2.2282536030e+00,1.4939701557e+00,-3.6061782390e-02,3.0889933594e+04
1618,1.5573596954e+00,1.5667866683e-03,-3.7974138260e+00,1.4866235256e+00,-5.8716278523e-02,3.0889728516e+04
1619,1.5574514866e+00,1.1174230604e-03,-3.1098303795e+00,1.4941091537e+00,-2.6462936774e-02,3.0889957031e+04
1620,1.5575284958e+00,7.0159253664e-04,-2.5573353767e+00,1.4814190865e+00,-1.6000900418e-02,3.0890527344e+04
1621,1.5574127436e+00,3.6349220318e-04,-5.4954576492e+00,1.5038937330e+00,-2.3079223931e-02,3.0891125000e+04
1622,1.5571929216e+00,4.0201732190e-05,-6.6850366592e+00,1.5027747154e+00,-3.6321945488e-02,3.0890511719e+04
1623,1.5571151972e+00,-3.0114818946e-04,-5.5604386330e+00,1.4749782085e+00,-5.1270905882e-02,3.0890626953e+04
1624,1.5571613312e+00,-6.0929724714e-04,-1.6703605652e+00,1.4949985743e+00,-3.6137923598e-02,3.0890820312e+04
1625,1.5573048592e+00,-9.6564227715e-04,-1.9251677394e-01,1.5158281326e+00,-1.5393677168e-02,3.0890458984e+04
1626,1.5574135780e+00,-1.2382101268e-03,-1.6337350607e+00,1.5353457928e+00,-1.3796615414e-02,3.0890587891e+04
1627,1.5573397875e+00,-1.4099655673e-03,-3.9284579754e+00,1.5198725462e+00,-4.9442064017e-02,3.0889765625e+04
1628,1.5571789742e+00,-1.6770723742e-03,-6.6236710548e+00,1.5387811661e+00,-4.5671842992e-02,3.0889839844e+04
1629,1.5570821762e+00,-2.0355081651e-03,-6.8696351051e+00,1.5018870831e+00,-6.3930965960e-02,3.0890628906e+04
1630,1.5569891930e+00,-2.3525990546e-03,-1.0375367165e+01,1.4942768812e+00,-2.3860244080e-02,3.0890142578e+04
1631,1.5569951534e+00,-2.7606878430e-03,-7.2536005974e+00,1.5164817572e+00,-4.0125962347e-02,3.0889746094e+04
1632,1.5568996668e+00,-3.0339125078e-03,-4.1080513000e+00,1.5373719931e+00,-2.2179031745e-02,3.0889626953e+04
1633,1.5569093227e+00,-3.1239760574e-03,-2.8542633057e+00,1.5201268196e+00,-2.7133941650e-02,3.0889857422e+04
1634,1.5569199324e+00,-3.3614994027e-03,-1.7692924738e+00,1.4977602959e+00,-7.1327207843e-04,3.0889785156e+04
1635,1.5570898056e+00,-3.6757597700e-03,-3.1296815872e+00,1.5016071796e+00,-1.3851013035e-02,3.0889949219e+04
1636,1.5573551655e+00,-4.1783964261e-03,-2.2724430561e+00,1.5007632971e+00,-1.2066345662e-02,3.0889476562e+04
1637,1.5575157404e+00,-4.7450587153e-03,-2.9451971054e+00,1.5241570473e+00,-2.3905716836e-02,3.0889638672e+04
1638,1.5574494600e+00,-5.0092833117e-03,-1.2193307877e+00,1.4888932705e+00,-6.8352506496e-03,3.0889101562e+04
1639,1.5573034286e+00,-5.2938060835e-03,-3.7805948257e+00,1.5134148598e+00,-1.7874604091e-02,3.0889060547e+04
1640,1.5573076010e+00,-5.2479868755e-03,-3.4613726139e+00,1.5056707859e+00,-1.8674697727e-02,3.0889308594e+04
1641,1.5572881699e+00,-5.3897728212e-03,-9.1045103073e+00,1.5008821487e+00,-3.5331651568e-02,3.0889484375e+04
1642,1.5572557449e+00,-5.6054391898e-03,-7.8824892044e+00,1.4972959757e+00,-2.9509734362e-02,3.0889814453e+04
1643,1.5573863983e+00,-5.8221579529e-03,-5.4301791191e+00,1.4930176735e+00,-6.7293550819e-03,3.0889449219e+04
1644,1.5574796200e+00,-6.1606862582e-03,-1.7494066954e+00,1.4817934036e+00,8.9089199901e-03,3.0890332031e+04
1645,1.5575956106e+00,-6.5696612000e-03,6.7209929228e-01,1.4825608730e+00,-9.1973114759e-03,3.0889785156e+04
1646,1.5575870275e+00,-7.0665418170e-03,-1.7672294378e+00,1.4903050661e+00,2.7982940897e-02,3.0889580078e+04
1647,1.5574522018e+00,-7.3162890039e-03,2.4500167370e+00,1.4839117527e+00,3.3268737607e-03,3.0889431641e+04
1648,1.5571925640e+00,-7.4109355919e-03,-2.1608107090e+00,1.4742507935e+00,-1.0301742703e-02,3.0889095703e+04
1649,1.5570070744e+00,-7.4488786049e-03,-1.8575378656e+00,1.4767192602e+00,-3.6352539901e-03,3.0888792969e+04
1650,1.5568612814e+00,-7.4679325335e-03,-5.0024714470e+00,1.4899361134e+00,1.6328964382e-02,3.0889162109e+04
1651,1.5567592382e+00,-7.6208771206e-03,-7.4771409035e+00,1.5007306337e+00,1.7889557406e-02,3.0889398438e+04
1652,1.5567666292e+00,-7.7643804252e-03,-7.3393120766e+00,1.4895917177e+00,1.1884231120e-02,3.0889236328e+04
1653,1.5567947626e+00,-7.9473638907e-03,-6.2437195778e+00,1.4752162695e+00,1.9534988329e-02,3.0888976562e+04
1654,1.5568557978e+00,-8.0918418244e-03,-3.9992527962e+00,1.5017436743e+00,3.5750884563e-02,3.0888476562e+04
1655,1.5568519831e+00,-8.2682948560e-03,-2.7548222542e+00,1.4941107035e+00,4.3279800564e-02,3.0888388672e+04
1656,1.5568971634e+00,-8.3664637059e-03,-3.6006777287e+00,1.4956845045e+00,3.7164840847e-02,3.0888326172e+04
1657,1.5569387674e+00,-8.5566807538e-03,-4.2545299530e+00,1.5205558538e+00,3.4502640367e-02,3.0887519531e+04
1658,1.5568721294e+00,-8.6139505729e-03,-4.2027673721e+00,1.5041006804e+00,3.9968263358e-02,3.0887767578e+04
1659,1.5568565130e+00,-8.8148936629e-03,-3.2898108959e+00,1.5030202866e+00,3.9260864258e-02,3.0888123047e+04
1660,1.5568308830e+00,-8.6576016620e-03,-3.9936017990e+00,1.5272755623e+00,3.8120422512e-02,3.0887964844e+04
1661,1.5568805933e+00,-8.5060223937e-03,-3.6441395283e+00,1.5371176004e+00,-8.7818149477e-03,3.0888210938e+04
1662,1.5568099022e+00,-8.3261923864e-03,-2.8621959686e+00,1.5122094154e+00,-1.8927993253e-02,3.0888357422e+04
1663,1.5568966866e+00,-8.1896418706e-03,-5.3311834335e+00,1.5063421726e+00,-6.1041261069e-03,3.0888789062e+04
1664,1.5570743084e+00,-8.2781994715e-03,-3.8181688786e+00,1.4836159945e+00,-4.8500825651e-03,3.0888552734e+04
1665,1.5572679043e+00,-8.4138149396e-03,-3.3784918785e+00,1.5018151999e+00,2.0628051832e-02,3.0888617188e+04
1666,1.5574027300e+00,-8.5316831246e-03,6.8018749356e-02,1.5078886747e+00,2.9429398477e-02,3.0889066406e+04
1667,1.5573786497e+00,-8.6779333651e-03,-8.7561523914e-01,1.5168224573e+00,-5.1704404177e-04,3.0888685547e+04
1668,1.5574122667e+00,-8.7979650125e-03,-8.0005854368e-01,1.5092374086e+00,4.3024444021e-03,3.0888521484e+04
1669,1.5573426485e+00,-8.8350977749e-03,-1.8788387775e+00,1.4939932823e+00,-7.6286314288e-04,3.0888607422e+04
1670,1.5572698116e+00,-8.7775271386e-03,-4.1909437180e+00,1.4987738132e+00,1.9534911960e-02,3.0888916016e+04
1671,1.5571266413e+00,-8.6912168190e-03,-5.2822070122e+00,1.5062475204e+00,5.0729368813e-03,3.0889380859e+04
1672,1.5569977760e+00,-8.6355088279e-03,-4.8990678787e+00,1.4902073145e+00,4.7810361721e-03,3.0889740234e+04
1673,1.5569921732e+00,-8.7696164846e-03,-3.7748081684e+00,1.4938993454e+00,8.5533903912e-03,3.0889771484e+04
1674,1.5570765734e+00,-8.9272139594e-03,-1.9888706207e+00,1.5035284758e+00,1.8123092130e-02,3.0890056641e+04
1675,1.5572276115e+00,-9.0329870582e-03,-5.7761764526e-01,1.4986492395e+00,1.7554625869e-02,3.0890208984e+04
1676,1.5572876930e+00,-9.0405382216e-03,7.2822660208e-01,1.4930946827e+00,4.7363282647e-04,3.0890050781e+04
1677,1.5573805571e+00,-9.1463755816e-03,3.8418936729e-01,1.4886448383e+00,9.2056272551e-03,3.0890236328e+04
1678,1.5574837923e+00,-9.2347804457e-03,-7.7664661407e-01,1.4798396826e+00,-3.5198973492e-03,3.0890451172e+04
1679,1.5574829578e+00,-9.3859285116e-03,-2.8300728798e+00,1.4681855440e+00,1.0920486413e-02,3.0890732422e+04
1680,1.5575467348e+00,-9.5183756202e-03,-2.6042628288e+00,1.4819593430e+00,1.3047790155e-02,3.0890910156e+04
1681,1.5575803518e+00,-9.6675995737e-03,-1.6288107634e+00,1.4921170473e+00,2.4693222716e-02,3.0890589844e+04
1682,1.5576688051e+00,-9.7178267315e-03,-2.4372749329e+00,1.4962875843e+00,5.3547667339e-03,3.0890617188e+04
1683,1.5576140881e+00,-9.7376620397e-03,-3.5895016193e+00,1.4991410971e+00,7.1258544922e-03,3.0890105469e+04
1684,1.5576052666e+00,-9.8281549290e-03,-6.2647466660e+00,1.5098985434e+00,2.8494721279e-02,3.0889941406e+04
1685,1.5575544834e+00,-9.9031105638e-03,-5.6567897797e+00,1.5193442106e+00,3.4972459078e-02,3.0889722656e+04
1686,1.5575219393e+00,-9.9158156663e-03,-9.9388456345e+00,1.5226742029e+00,4.5154266059e-02,3.0889572266e+04
1687,1.5576502085e+00,-9.7748320550e-03,-8.6723728180e+00,1.4885361195e+00,1.3468094170e-02,3.0889744141e+04
1688,1.5576989651e+00,-9.5802098513e-03,-7.8207621574e+00,1.5033929348e+00,1.5987396473e-03,3.0889718750e+04
1689,1.5577692986e+00,-9.6555165946e-03,-3.9364135265e+00,1.4914857149e+00,3.7629699800e-03,3.0889351562e+04
1690,1.5577877760e+00,-9.6115525812e-03,-1.0983072519e+00,1.4888790846e+00,-2.6779327542e-02,3.0888974609e+04
1691,1.5578426123e+00,-9.6105728298e-03,1.4631286860e+00,1.4948687553e+00,-1.7017669976e-02,3.0889003906e+04
1692,1.5578255653e+00,-9.4955274835e-03,-1.6655786037e+00,1.4916149378e+00,8.5861207917e-03,3.0888960938e+04
1693,1.5578265190e+00,-9.4591546804e-03,-3.7258996964e+00,1.5000175238e+00,5.4491423070e-03,3.0888582031e+04
1694,1.5579562187e+00,-9.5438659191e-03,-2.0376162529e+00,1.5052222013e+00,1.0860061273e-02,3.0888765625e+04
1695,1.5579664707e+00,-9.3948086724e-03,-1.5981497765e+00,1.5123120546e+00,3.7076568697e-03,3.0888630859e+04
1696,1.5580116510e+00,-9.3742189929e-03,-3.2265694141e+00,1.4996998310e+00,1.0874023661e-02,3.0888667969e+04
1697,1.5580528975e+00,-9.0721640736e-03,-2.9343175888e+00,1.4910970926e+00,-1.4456939884e-02,3.0888763672e+04
1698,1.5580775738e+00,-8.6997356266e-03,-5.1328649521e+00,1.4910926819e+00,-1.5676192939e-02,3.0888912109e+04
1699,1.5580072403e+00,-8.4210420027e-03,-4.0756092072e+00,1.5045062304e+00,-3.0790709425e-03,3.0889283203e+04
1700,1.5580329895e+00,-8.3212787285e-03,-4.0485471487e-01,1.5061694384e+00,-1.9224319607e-02,3.0889431641e+04
1701,1.5580879450e+00,-8.2849804312e-03,-2.0406665802e+00,1.5029181242e+00,-1.6037521884e-02,3.0889242188e+04
1702,1.5583060980e+00,-8.2712555304e-03,1.8638241291e-01,1.4998327494e+00,-3.4658964723e-02,3.0889539062e+04
1703,1.5584043264e+00,-8.0289710313e-03,-3.2241683006e+00,1.4772404432e+00,-2.1617431194e-02,3.0889794922e+04
1704,1.5582424402e+00,-7.7708861791e-03,-2.5706808567e+00,1.4884386063e+00,-1.0385895148e-02,3.0889498047e+04
1705,1.5580706596e+00,-7.5480947271e-03,8.7090373039e-02,1.5052566528e+00,-1.9521407783e-02,3.0889972656e+04
1706,1.5581635237e+00,-7.4437344447e-03,1.8876411915e+00,1.4863939285e+00,-3.6899108440e-02,3.0889861328e+04
1707,1.5583666563e+00,-7.5108618475e-03,-6.2645262480e-01,1.5168442726e+00,-3.5393830389e-02,3.0890144531e+04
1708,1.5584253073e+00,-7.7434917912e-03,-1.0540449619e+00,1.5265103579e+00,-3.3199309837e-03,3.0890064453e+04
1709,1.5584931374e+00,-7.7827288769e-03,-5.1423206329e+00,1.5250784159e+00,-7.2054290213e-03,3.0890271484e+04
1710,1.5586129427e+00,-7.5448406860e-03,-3.5925920010e+00,1.4985049963e+00,1.1534118094e-03,3.0889910156e+04
1711,1.5585954189e+00,-7.2175455280e-03,-5.2672920227e+00,1.5053610802e+00,-6.5132143209e-04,3.0890281250e+04
1712,1.5584205389e+00,-7.0637282915e-03,-1.0533561707e+00,1.5079652071e+00,1.1508026160e-02,3.0890222656e+04
1713,1.5582916737e+00,-6.9124568254e-03,-3.8477003574e+00,1.5141476393e+00,-2.3471070454e-03,3.0889794922e+04
1714,1.5582771301e+00,-6.7408010364e-03,-1.9181164503e+00,1.5115367174e+00,-2.1955948323e-02,3.0889619141e+04
1715,1.5582176447e+00,-6.4445240423e-03,-3.1958279610e+00,1.5247479677e+00,-8.9904782362e-04,3.0888835938e+04
1716,1.5583677292e+00,-6.1498326249e-03,-3.1494648457e+00,1.5020366907e+00,6.8917847238e-03,3.0889341797e+04
1717,1.5584372282e+00,-5.9787249193e-03,-2.3995900154e+00,1.4904435873e+00,2.3106765002e-02,3.0889542969e+04
1718,1.5583801270e+00,-5.6901187636e-03,-6.1740036011e+00,1.4738061428e+00,6.3002016395e-03,3.0889404297e+04
1719,1.5585765839e+00,-5.5349431932e-03,-3.7443356514e+00,1.4702318907e+00,-2.6109314058e-03,3.0889357422e+04
1720,1.5587382317e+00,-5.4734023288e-03,-2.5789401531e+00,1.4841580391e+00,2.2759018466e-02,3.0888767578e+04
1721,1.5588647127e+00,-5.3772041574e-03,-1.2291593552e+00,1.4996194839e+00,9.9411010742e-03,3.0888425781e+04
1722,1.5589944124e+00,-5.3825518116e-03,-1.2457285076e-01,1.5252720118e+00,1.1523436988e-03,3.0888218750e+04
1723,1.5589028597e+00,-5.2655451000e-03,-1.7069165707e+00,1.5320545435e+00,-2.0519332960e-02,3.0887886719e+04
1724,1.5587432384e+00,-5.3023123182e-03,-5.6804022789e+00,1.5225498676e+00,-9.2887114733e-03,3.0887992188e+04
1725,1.5586128235e+00,-5.3683742881e-03,-5.7929844856e+00,1.5088410378e+00,-5.4107664619e-04,3.0887976562e+04
1726,1.5585501194e+00,-5.3674527444e-03,-8.2261199951e+00,1.4860299826e+00,1.1204375885e-02,3.0888441406e+04
1727,1.5584579706e+00,-5.2554770373e-03,-5.8282012939e+00,1.4902316332e+00,1.4727020171e-03,3.0888130859e+04
1728,1.5584875345e+00,-5.1002991386e-03,-3.5769183636e+00,1.4959353209e+00,1.0209121741e-02,3.0888238281e+04
1729,1.5585216284e+00,-5.0379587337e-03,1.9575934410e+00,1.5097136497e+00,7.3823546991e-03,3.0888117188e+04
1730,1.5585542917e+00,-4.9564619549e-03,2.6695878506e+00,1.5255923271e+00,2.9781723395e-02,3.0887746094e+04
1731,1.5585106611e+00,-4.7359592281e-03,3.9992833138e+00,1.5128257275e+00,4.8542022705e-03,3.0887871094e+04
1732,1.5583897829e+00,-4.4883578084e-03,-1.9031995535e-01,1.5047427416e+00,2.7965851128e-02,3.0887476562e+04
1733,1.5582441092e+00,-4.2312121950e-03,-2.9836251736e+00,1.4815303087e+00,2.5285873562e-02,3.0887689453e+04
1734,1.5581486225e+00,-4.0101143532e-03,-5.2023549080e+00,1.5041629076e+00,1.3463744894e-02,3.0887552734e+04
1735,1.5580965281e+00,-3.9097508416e-03,-7.1079564095e+00,1.5194877386e+00,4.7663878649e-03,3.0887855469e+04
1736,1.5581545830e+00,-3.8279280998e-03,-4.1848592758e+00,1.5327907801e+00,-1.1299438775e-02,3.0887511719e+04
1737,1.5581897497e+00,-3.9462111890e-03,-4.8184566498e+00,1.5397040844e+00,6.1827851459e-03,3.0887740234e+04
1738,1.5583305359e+00,-4.1831820272e-03,-1.5674902201e+00,1.5354516506e+00,1.4608688653e-02,3.0888019531e+04
1739,1.5584868193e+00,-4.4942256063e-03,-4.7118005753e+00,1.5373195410e+00,2.0124129951e-02,3.0888253906e+04
1740,1.5585559607e+00,-4.7177793458e-03,-3.3331835270e+00,1.5273481607e+00,1.8626403762e-03,3.0888476562e+04
1741,1.5585106611e+00,-4.7652148642e-03,-2.2959046364e+00,1.5250539780e+00,3.1410215888e-04,3.0888699219e+04
1742,1.5584077835e+00,-4.6366578899e-03,-2.0938417912e+00,1.5131728649e+00,-6.0859677615e-04,3.0888365234e+04
1743,1.5583708286e+00,-4.5782350935e-03,-8.1694018841e-01,1.5095144510e+00,4.4749449007e-03,3.0888919922e+04
1744,1.5584754944e+00,-4.4616330415e-03,1.8846803904e+00,1.4903101921e+00,1.3196563348e-02,3.0888361328e+04
1745,1.5586436987e+00,-4.5586945489e-03,-8.8997977972e-01,1.4881067276e+00,1.1342468672e-02,3.0888871094e+04
1746,1.5587610006e+00,-4.7447169200e-03,2.6962699890e+00,1.4747395515e+00,4.3639373034e-03,3.0888880859e+04
1747,1.5587522984e+00,-4.8735081218e-03,-1.8711032867e+00,1.5038343668e+00,1.0369033553e-02,3.0889109375e+04
1748,1.5588448048e+00,-5.1645878702e-03,-6.6657245159e-01,1.5095682144e+00,1.6297530383e-02,3.0888515625e+04
1749,1.5588024855e+00,-5.2589825355e-03,-4.9972763062e+00,1.5064979792e+00,8.9022060856e-03,3.0888244141e+04
1750,1.5588947535e+00,-5.2734240890e-03,-7.4646794796e-01,1.4873334169e+00,4.4496152550e-03,3.0888152344e+04
1751,1.5588092804e+00,-5.2900575101e-03,-5.1616263390e+00,1.5034393072e+00,2.3223647848e-02,3.0888248047e+04
1752,1.5587184429e+00,-5.3810887039e-03,-5.5076436996e+00,1.4963698387e+00,2.2474747151e-02,3.0888351562e+04
1753,1.5585353374e+00,-5.3919809870e-03,-8.4607686996e+00,1.4918514490e+00,2.3578491062e-02,3.0888501953e+04
1754,1.5583773851e+00,-5.3263879381e-03,-5.8534150124e+00,1.4853004217e+00,1.4528274536e-02,3.0888302734e+04
1755,1.5580693483e+00,-5.3271106444e-03,-4.8805627823e+00,1.4762533903e+00,3.1791685615e-04,3.0888431641e+04
1756,1.5580546856e+00,-5.2757645026e-03,-1.6749355793e+00,1.4660509825e+00,-2.6747437194e-02,3.0887964844e+04
1757,1.5581449270e+00,-5.4959193803e-03,-1.9161080122e+00,1.4636973143e+00,-1.3000717387e-02,3.0888388672e+04
1758,1.5582125187e+00,-5.6564253755e-03,8.3498370647e-01,1.4973022938e+00,-5.2003478631e-03,3.0888074219e+04
1759,1.5582653284e+00,-5.7612666860e-03,-1.3425658941e+00,1.4996036291e+00,1.9684296101e-02,3.0887925781e+04
1760,1.5581790209e+00,-5.7061123662e-03,6.1562329531e-02,1.4794325829e+00,1.8716201186e-02,3.0887937500e+04
1761,1.5580352545e+00,-5.6999856606e-03,-4.0832080841e+00,1.4721441269e+00,2.0750962198e-02,3.0887746094e+04
1762,1.5578782558e+00,-5.6262207218e-03,-5.3939857483e+00,1.4811385870e+00,2.2033156827e-02,3.0886925781e+04
1763,1.5577764511e+00,-5.5961194448e-03,-8.2031469345e+00,1.4970595837e+00,1.6182708787e-03,3.0887416016e+04
1764,1.5576127768e+00,-5.3050294518e-03,-6.3134541512e+00,1.5121660233e+00,1.1425933801e-02,3.0886830078e+04
1765,1.5574233532e+00,-4.8940642737e-03,-7.9849109650e+00,1.5151016712e+00,2.9916916043e-02,3.0887195312e+04
1766,1.5574566126e+00,-4.4616130181e-03,-4.3269739151e+00,1.5026229620e+00,1.8578642979e-02,3.0887115234e+04
1767,1.5575101376e+00,-4.4413558207e-03,-9.5968093872e+00,1.5021040440e+00,3.5325621720e-03,3.0886923828e+04
1768,1.5576698780e+00,-4.3618795462e-03,-4.2994203568e+00,1.4936079979e+00,-3.5461425432e-04,3.0886982422e+04
1769,1.5578312874e+00,-4.4419681653e-03,-5.5033307076e+00,1.4971100092e+00,-1.0126342997e-02,3.0887171875e+04
1770,1.5578272343e+00,-4.5396699570e-03,-1.5690211058e+00,1.4823757410e+00,1.9278717227e-03,3.0887062500e+04
1771,1.5578732491e+00,-4.6258415096e-03,-4.1404840350e-01,1.4978207350e+00,-1.0317382403e-02,3.0887187500e+04
1772,1.5580142736e+00,-4.4192168862e-03,3.9079606533e-02,1.4976638556e+00,-3.0079651624e-03,3.0886892578e+04
1773,1.5578813553e+00,-4.2076590471e-03,-2.3769414425e+00,1.4952061176e+00,-4.0548704565e-03,3.0887148438e+04
1774,1.5578175783e+00,-3.9452845231e-03,-9.6381604671e-01,1.5031669140e+00,2.5106049143e-03,3.0886787109e+04
1775,1.5577803850e+00,-3.9866170846e-03,-4.4052801132e+00,1.5097374916e+00,-2.9035187326e-03,3.0886851562e+04
1776,1.5578347445e+00,-3.9278585464e-03,-9.3416208029e-01,1.5065546036e+00,3.1108092517e-03,3.0887041016e+04
1777,1.5578953028e+00,-3.9165159687e-03,-2.5633194447e+00,1.5007581711e+00,5.2182008512e-03,3.0886638672e+04
1778,1.5579229593e+00,-3.7342386786e-03,-4.8252806664e+00,1.5101933479e+00,-1.3052520342e-02,3.0887505859e+04
1779,1.5579562187e+00,-3.6542064045e-03,-6.0437154770e+00,1.4981020689e+00,-7.2501371615e-03,3.0887783203e+04
1780,1.5580668449e+00,-3.7040638272e-03,-5.0502848625e+00,1.4822888374e+00,-7.1780397557e-03,3.0888271484e+04
1781,1.5582880974e+00,-3.7893592380e-03,4.7971275449e-01,1.4872585535e+00,-3.5462952219e-03,3.0888494141e+04
1782,1.5583221912e+00,-3.5364334472e-03,2.9206912518e+00,1.5085543394e+00,3.7032319233e-03,3.0888933594e+04
1783,1.5581185818e+00,-3.2854254823e-03,3.1431398392e+00,1.4994844198e+00,-8.3419797011e-04,3.0888417969e+04
1784,1.5579394102e+00,-3.0857273377e-03,5.5140471458e-01,1.5022305250e+00,5.3287507035e-03,3.0888269531e+04
1785,1.5579453707e+00,-3.1066099182e-03,7.9012507200e-01,1.4885985851e+00,-1.8918151036e-02,3.0888929688e+04
1786,1.5579836369e+00,-3.0404126737e-03,-3.8640298843e+00,1.4718284607e+00,-5.4030609317e-03,3.0888365234e+04
1787,1.5580602884e+00,-2.8284513392e-03,-2.4249701500e+00,1.4966772795e+00,-2.0913543180e-02,3.0888685547e+04
1788,1.5579442978e+00,-2.4969619699e-03,-2.9186921120e+00,1.4941748381e+00,-9.3298340216e-03,3.0888568359e+04
1789,1.5579229593e+00,-2.3773089051e-03,-5.2642884254e+00,1.5185651779e+00,-6.8664550781e-04,3.0888529297e+04
1790,1.5578342676e+00,-1.9165650010e-03,-4.9005627632e+00,1.5244429111e+00,-2.6065825950e-03,3.0888615234e+04
1791,1.5578924417e+00,-1.4580538264e-03,-4.1120991707e+00,1.5112428665e+00,-9.3936156482e-03,3.0888320312e+04
1792,1.5577952862e+00,-1.1727749370e-03,-3.5418694019e+00,1.5213437080e+00,-1.9042128697e-02,3.0887759766e+04
1793,1.5578277111e+00,-1.0385415517e-03,-3.0365955830e+00,1.5328719616e+00,2.1567535587e-03,3.0887251953e+04
1794,1.5579977036e+00,-9.2874403344e-04,-4.7359519005e+00,1.5127334595e+00,1.7041778192e-02,3.0887451172e+04
1795,1.5580703020e+00,-7.7782577137e-04,-7.2649312019e+00,1.5051809549e+00,1.9989242777e-02,3.0886894531e+04
1796,1.5580716133e+00,-5.2465626504e-04,-7.9990034103e+00,1.5034695864e+00,2.0830383524e-02,3.0886617188e+04
1797,1.5580378771e+00,-1.4248111984e-04,-5.6780881882e+00,1.4900265932e+00,1.6039505601e-02,3.0886314453e+04
1798,1.5579540730e+00,7.0188965765e-05,-4.5874514580e+00,1.5013515949e+00,-5.9991455637e-03,3.0886152344e+04
1799,1.5577886105e+00,1.2950062228e-04,-5.4448413849e+00,1.5050903559e+00,-3.9773560129e-03,3.0886302734e+04
1800,1.5577670336e+00,2.3091526236e-04,-5.4943637848e+00,1.4926315546e+00,-2.8193816543e-02,3.0885998047e+04
1801,1.5577938557e+00,4.7499436187e-04,-3.6399800777e+00,1.4891656637e+00,-8.5108950734e-03,3.0885808594e+04
1802,1.5576561689e+00,7.3848414468e-04,-1.5943489075e+00,1.5053921938e+00,-6.0924529098e-03,3.0885982422e+04
1803,1.5575113297e+00,9.5408817288e-04,-1.7827345133e+00,1.4923226833e+00,-2.6681976393e-02,3.0886091797e+04
1804,1.5573766232e+00,1.1596729746e-03,-2.7146875858e+00,1.5077060461e+00,-2.9663391411e-02,3.0885921875e+04
1805,1.5573787689e+00,1.2883136515e-03,-2.6589567661e+00,1.5011236668e+00,-1.5126342885e-02,3.0885941406e+04
1806,1.5573512316e+00,1.7074949574e-03,-2.6859979630e+00,1.5059540272e+00,2.8763046488e-02,3.0885904297e+04
1807,1.5572150946e+00,2.2730336059e-03,-1.7948524952e+00,1.5028707981e+00,1.6534117982e-02,3.0885777344e+04
1808,1.5570009947e+00,2.7442141436e-03,-3.9597227573e+00,1.4925035238e+00,-1.2657165644e-04,3.0885792969e+04
1809,1.5570132732e+00,3.2296676654e-03,-6.5113730431e+00,1.5025074482e+00,-1.6142426059e-02,3.0885703125e+04
1810,1.5570435524e+00,3.5450262949e-03,-7.3095884323e+00,1.4871133566e+00,1.1781310895e-03,3.0886011719e+04
1811,1.5571353436e+00,3.7233922631e-03,-4.8752183914e+00,1.4796211720e+00,-1.8899612129e-02,3.0886560547e+04
1812,1.5573794842e+00,3.8051954471e-03,-1.2401210070e+00,1.4825677872e+00,-1.9343795255e-02,3.0887015625e+04
1813,1.5574431419e+00,4.0231132880e-03,-3.8930606842e-01,1.5137715340e+00,-7.7088926919e-03,3.0887123047e+04
1814,1.5575001240e+00,4.3195905164e-03,-2.4374860525e-01,1.5063138008e+00,-1.4945831150e-02,3.0886478516e+04
1815,1.5575395823e+00,4.7180899419e-03,2.6322588325e-01,1.5104146004e+00,2.7404786088e-03,3.0886847656e+04
1816,1.5575453043e+00,5.0752046518e-03,1.5242619514e+00,1.4938790798e+00,-8.2645416260e-03,3.0886605469e+04
1817,1.5575793982e+00,5.4089748301e-03,-3.1633720398e+00,1.4913862944e+00,-7.2131347843e-03,3.0887144531e+04
1818,1.5576281548e+00,5.5465600453e-03,-3.1504707336e+00,1.4996008873e+00,-1.5162429772e-02,3.0886994141e+04
1819,1.5575244427e+00,5.7161208242e-03,-6.4710617065e+00,1.5009671450e+00,1.0045852512e-02,3.0886990234e+04
1820,1.5575038195e+00,5.9653441422e-03,-3.0941462517e+00,1.5140655041e+00,3.6048889160e-03,3.0887228516e+04
1821,1.5573754311e+00,6.1295209453e-03,-4.0814352036e+00,1.5196502209e+00,-1.7265396193e-02,3.0886867188e+04
1822,1.5573908091e+00,6.2941238284e-03,-4.6878647804e+00,1.5177665949e+00,-8.7745668134e-04,3.0887015625e+04
1823,1.5573564768e+00,6.5258517861e-03,-3.6944198608e+00,1.5249584913e+00,6.6230013035e-03,3.0887433594e+04
1824,1.5571453571e+00,6.6688279621e-03,-6.6867003441e+00,1.5068752766e+00,-1.4434967190e-02,3.0886906250e+04
1825,1.5570523739e+00,6.9094733335e-03,-3.5238037109e+00,1.5156979561e+00,-2.1338272840e-02,3.0887068359e+04
1826,1.5570546389e+00,6.8722227588e-03,-1.5025194883e+00,1.5120407343e+00,-3.1427002978e-03,3.0887478516e+04
1827,1.5572222471e+00,6.9875237532e-03,-1.5474668741e+00,1.5381234884e+00,-2.0574189257e-03,3.0886945312e+04
1828,1.5574573278e+00,7.1854288690e-03,-1.0664141178e+00,1.5328298807e+00,1.5668792650e-02,3.0887107422e+04
1829,1.5574843884e+00,7.4029723182e-03,-2.3737781048e+00,1.5038056374e+00,4.2639160529e-03,3.0886830078e+04
1830,1.5573823452e+00,7.6407860033e-03,-3.7920138836e+00,1.5157245398e+00,-2.4358367082e-03,3.0887103516e+04
1831,1.5574138165e+00,7.8305918723e-03,-2.1913146973e+00,1.5258626938e+00,-2.0636292174e-02,3.0886667969e+04
1832,1.5574427843e+00,7.9031735659e-03,-5.9498414993e+00,1.5206274986e+00,5.5047608912e-03,3.0887117188e+04
1833,1.5576350689e+00,7.8890053555e-03,-3.7175388336e+00,1.5158102512e+00,4.7516631894e-03,3.0887240234e+04
1834,1.5577224493e+00,7.9388013110e-03,-8.0014333725e+00,1.5194573402e+00,-6.8697356619e-03,3.0886949219e+04
1835,1.5578501225e+00,7.9816915095e-03,-4.1906123161e+00,1.5106426477e+00,-2.3583222181e-02,3.0887222656e+04
1836,1.5577634573e+00,7.9494472593e-03,-6.6270184517e+00,1.5064561367e+00,-2.2843932733e-02,3.0887263672e+04
1837,1.5577169657e+00,7.9853283241e-03,-5.4383940697e+00,1.5186288357e+00,-1.8221741542e-02,3.0887242188e+04
1838,1.5575674772e+00,7.7952868305e-03,-3.3664956093e+00,1.5222918987e+00,-2.8375245165e-03,3.0887007812e+04
1839,1.5575464964e+00,7.7692591585e-03,-3.4874386787e+00,1.4943472147e+00,5.0290678628e-03,3.0887265625e+04
1840,1.5573885441e+00,7.7100326307e-03,-3.3285815716e+00,1.4925973415e+00,-1.2969284318e-02,3.0887267578e+04
1841,1.5572615862e+00,7.8474972397e-03,-5.9466662407e+00,1.4843713045e+00,-3.3715821337e-03,3.0887027344e+04
1842,1.5573507547e+00,7.9683307558e-03,-2.9171822071e+00,1.4855511189e+00,1.0214310139e-02,3.0887255859e+04
1843,1.5574473143e+00,8.0223316327e-03,-1.5313283205e+00,1.5132702589e+00,-5.1544951275e-03,3.0887117188e+04
1844,1.5574817657e+00,7.9326191917e-03,-9.9222034216e-01,1.5258134604e+00,-2.2245101631e-02,3.0887162109e+04
1845,1.5575320721e+00,7.8143635765e-03,-1.4915022850e+00,1.5198513269e+00,-2.0735397935e-02,3.0887314453e+04
1846,1.5575051308e+00,7.7701061964e-03,-5.1836066246e+00,1.4988920689e+00,-2.1543426439e-02,3.0887509766e+04
1847,1.5574586391e+00,7.7652712353e-03,-3.7602806091e+00,1.4807699919e+00,-3.4342344850e-02,3.0887548828e+04
1848,1.5575238466e+00,7.8689586371e-03,-3.3839757442e+00,1.4762066603e+00,-3.1350631267e-02,3.0888078125e+04
1849,1.5576405525e+00,7.7363844030e-03,-2.0860195160e+00,1.4879450798e+00,-1.2744293548e-02,3.0888417969e+04
1850,1.5578160286e+00,7.5826682150e-03,-2.0231356621e+00,1.4880398512e+00,-1.6832198948e-02,3.0888494141e+04
1851,1.5580594540e+00,7.4987169355e-03,-1.9288076162e+00,1.5089567900e+00,-1.5590667725e-02,3.0888431641e+04
1852,1.5582293272e+00,7.4676852673e-03,-1.2376694679e+00,1.5164611340e+00,-1.2735519558e-02,3.0888101562e+04
1853,1.5582379103e+00,7.4695195071e-03,-5.4138314724e-01,1.5225441456e+00,-2.8472289443e-02,3.0888929688e+04
1854,1.5583935976e+00,7.3832431808e-03,-1.2452188730e+00,1.5101181269e+00,-2.7993468568e-02,3.0888945312e+04
1855,1.5585526228e+00,7.1696913801e-03,-4.1879701614e+00,1.4995584488e+00,-6.5695955418e-03,3.0888429688e+04
1856,1.5586550236e+00,7.0215733722e-03,-2.9964125156e+00,1.5158925056e+00,-8.3712004125e-03,3.0888880859e+04
1857,1.5586698055e+00,6.9841840304e-03,-6.0191140175e+00,1.5026257038e+00,-2.9212875292e-02,3.0889169922e+04
1858,1.5587878227e+00,6.7431000061e-03,-5.7303752899e+00,1.4950405359e+00,-6.2462617643e-03,3.0889214844e+04
1859,1.5588889122e+00,6.4272009768e-03,-3.6375520229e+00,1.4954059124e+00,-2.0689010620e-02,3.0889220703e+04
1860,1.5590465069e+00,6.0976324603e-03,-9.8850762844e-01,1.4879091978e+00,-1.2478408404e-02,3.0889992188e+04
1861,1.5591357946e+00,5.9020817280e-03,-1.8663978577e-01,1.5066137314e+00,-1.1214676313e-02,3.0889613281e+04
1862,1.5591541529e+00,5.7381121442e-03,2.1304172277e-01,1.5018820763e+00,-4.1161041707e-02,3.0889302734e+04
1863,1.5590651035e+00,5.4749678820e-03,-9.4619423151e-01,1.5042604208e+00,-1.2326812372e-02,3.0889660156e+04
1864,1.5591329336e+00,5.3189946339e-03,-2.2856550217e+00,1.5163990259e+00,1.8862457946e-02,3.0889767578e+04
1865,1.5591065884e+00,4.9884920008e-03,-4.5627284050e+00,1.5056593418e+00,-1.4355239458e-02,3.0889652344e+04
1866,1.5590919256e+00,4.6989843249e-03,-2.7128870487e+00,1.4976305962e+00,2.1995544375e-04,3.0889291016e+04
1867,1.5590931177e+00,4.4244271703e-03,-3.0011560917e+00,1.4973751307e+00,-1.5654068440e-02,3.0889082031e+04
1868,1.5591464043e+00,4.1317665018e-03,-2.4929084778e+00,1.4968909025e+00,-5.8143613860e-03,3.0889242188e+04
1869,1.5592503548e+00,3.8601921406e-03,-4.8459591866e+00,1.4962513447e+00,-6.3567352481e-03,3.0889693359e+04
1870,1.5594882965e+00,3.5881390795e-03,-5.5788192749e+00,1.5086581707e+00,-1.4884185977e-02,3.0889853516e+04
1871,1.5594780445e+00,3.2929945737e-03,-5.0817809105e+00,1.4917148352e+00,-2.3679122329e-02,3.0890150391e+04
1872,1.5595892668e+00,3.0563983601e-03,-2.0307183266e+00,1.4820674658e+00,-4.4210813940e-02,3.0890068359e+04
1873,1.5597500801e+00,2.7290976141e-03,-8.8519454002e-03,1.4555262327e+00,-2.6604689658e-02,3.0889521484e+04
1874,1.5599634647e+00,2.1931056399e-03,2.0651817322e-01,1.4735398293e+00,-3.8835752755e-02,3.0889666016e+04
1875,1.5600558519e+00,1.6194630880e-03,5.3316938877e-01,1.4802228212e+00,-1.7651062459e-02,3.0889525391e+04
1876,1.5601150990e+00,1.1168450583e-03,-1.5404018164e+00,1.4977028370e+00,-1.9839324057e-02,3.0888951172e+04
1877,1.5602657795e+00,6.0505588772e-04,-5.5818128586e-01,1.4929701090e+00,-4.1667327285e-02,3.0888783203e+04
1878,1.5604742765e+00,2.1725999250e-04,-2.7537517548e+00,1.4903199673e+00,-3.1103134155e-02,3.0888712891e+04
1879,1.5604639053e+00,-2.0026175480e-04,-4.2927212715e+00,1.4908938408e+00,-2.0462417975e-02,3.0888535156e+04
1880,1.5603839159e+00,-5.1454658387e-04,-4.5750823021e+00,1.5031617880e+00,-3.0597686768e-02,3.0888472656e+04
1881,1.5603268147e+00,-8.2022795686e-04,-3.3222110271e+00,1.4898887873e+00,-9.0676117688e-03,3.0888617188e+04
1882,1.5602507591e+00,-1.1688745581e-03,-3.5042140484e+00,1.4877909422e+00,4.8408508883e-04,3.0888212891e+04
1883,1.5602135658e+00,-1.6406382201e-03,-4.0842137337e+00,1.4825021029e+00,-1.9929351285e-02,3.0888482422e+04
1884,1.5600832701e+00,-2.1144305356e-03,-2.3083524704e+00,1.4940674305e+00,-3.6844711751e-02,3.0888593750e+04
1885,1.5598969460e+00,-2.5756831747e-03,-4.1033010483e+00,1.5026034117e+00,-2.9643325135e-02,3.0888240234e+04
1886,1.5598330498e+00,-2.9972277116e-03,-6.3577187061e-01,1.5084557533e+00,-1.3125610538e-02,3.0887412109e+04
1887,1.5597920418e+00,-3.3829251770e-03,-1.8981080055e+00,1.5217428207e+00,-1.1802291498e-02,3.0887902344e+04
1888,1.5597171783e+00,-3.6790613085e-03,-1.8093390763e-01,1.5061188936e+00,-9.6716312692e-03,3.0887802734e+04
1889,1.5597466230e+00,-4.0426091291e-03,-3.4449777603e+00,1.4935373068e+00,-2.3752976209e-02,3.0887351562e+04
1890,1.5598249435e+00,-4.4098785147e-03,-2.2555830479e+00,1.5260512829e+00,-8.0979159102e-03,3.0887160156e+04
1891,1.5599925518e+00,-4.7634243965e-03,-3.7585444450e+00,1.5031574965e+00,4.0219114162e-03,3.0886789062e+04
1892,1.5601071119e+00,-5.0871861167e-03,-4.6629691124e+00,1.4940350056e+00,5.3134155460e-03,3.0886966797e+04
1893,1.5599941015e+00,-5.4353713058e-03,-3.2723731995e+00,1.5025819540e+00,-1.7637633719e-03,3.0886955078e+04
1894,1.5599241257e+00,-5.7193399407e-03,-4.6426744461e+00,1.4979681969e+00,3.1309509650e-03,3.0886521484e+04
1895,1.5597832203e+00,-6.1122756451e-03,-3.9826614857e+00,1.5087995529e+00,-2.7149811387e-02,3.0886498047e+04
1896,1.5595921278e+00,-6.2486189418e-03,-2.9018950462e+00,1.5068066120e+00,-4.3228607625e-02,3.0886658203e+04
1897,1.5594754219e+00,-6.5334755927e-03,-2.3089859486e+00,1.5093458891e+00,-2.9884949327e-02,3.0886332031e+04
1898,1.5595515966e+00,-6.8787150085e-03,-1.8600349426e+00,1.5002908707e+00,-1.1861877516e-02,3.0886529297e+04
1899,1.5597544909e+00,-7.3985797353e-03,-1.3233671188e+00,1.5057171583e+00,7.9917907715e-03,3.0886511719e+04
1900,1.5598781109e+00,-7.8179566190e-03,-1.1663038731e+00,1.5133949518e+00,-8.7538911030e-03,3.0886462891e+04
1901,1.5598837137e+00,-8.0228354782e-03,-1.5796682835e+00,1.5163433552e+00,-3.8757323637e-04,3.0886310547e+04
1902,1.5598112345e+00,-8.2259178162e-03,-3.0803356171e+00,1.5062440634e+00,3.0194016173e-02,3.0886183594e+04
1903,1.5597351789e+00,-8.2840956748e-03,-2.2172720432e+00,1.5014861822e+00,3.1656646170e-03,3.0886589844e+04
1904,1.5597149134e+00,-8.5112052038e-03,-3.1558971405e+00,1.4992039204e+00,-6.8726348691e-03,3.0886585938e+04
1905,1.5598560572e+00,-8.7434109300e-03,-2.6884164810e+00,1.5045819283e+00,-1.5268859453e-02,3.0886396484e+04
1906,1.5601042509e+00,-8.9900996536e-03,-1.3054356575e+00,1.5149704218e+00,1.4873504406e-03,3.0886550781e+04
1907,1.5602569580e+00,-9.2294001952e-03,-2.5129566193e+00,1.5005459785e+00,-3.5022734664e-03,3.0886332031e+04
1908,1.5603386164e+00,-9.4906846061e-03,-1.9151322842e+00,1.4946528673e+00,3.0004195869e-02,3.0886371094e+04
1909,1.5601894855e+00,-9.7935535014e-03,5.0971651077e-01,1.4979823828e+00,2.6191405952e-02,3.0886462891e+04
1910,1.5601471663e+00,-1.0205818340e-02,-2.2576875985e-01,1.5084005594e+00,-1.9964599051e-03,3.0886992188e+04
1911,1.5602258444e+00,-1.0521912016e-02,-1.3938261271e+00,1.5169943571e+00,-9.7524262965e-03,3.0886578125e+04
1912,1.5602327585e+00,-1.0602525435e-02,-4.1816530228e+00,1.5194355249e+00,-2.6922607794e-03,3.0886216797e+04
1913,1.5601273775e+00,-1.0620615445e-02,-1.7574315071e+00,1.5209459066e+00,8.0482484773e-03,3.0886214844e+04
1914,1.5598599911e+00,-1.0517785326e-02,-5.7124710083e+00,1.4983044863e+00,-8.6958315223e-03,3.0885861328e+04
1915,1.5598196983e+00,-1.0470037349e-02,-5.5400123596e+00,1.5045666695e+00,-4.3859863654e-03,3.0885828125e+04
1916,1.5597914457e+00,-1.0366212577e-02,-5.8948316574e+00,1.4863477945e+00,-7.0658111945e-03,3.0886113281e+04
1917,1.5598955154e+00,-1.0351996869e-02,-6.0871634483e+00,1.4961264133e+00,-1.4591217041e-02,3.0886240234e+04
1918,1.5598304272e+00,-1.0334200226e-02,-4.1489710808e+00,1.4933053255e+00,1.7199707218e-03,3.0886128906e+04
1919,1.5597845316e+00,-1.0293633677e-02,-1.5324007273e+00,1.5170227289e+00,3.3104706090e-03,3.0885982422e+04
1920,1.5597246885e+00,-1.0224184021e-02,1.4208824635e+00,1.5252166986e+00,2.5022583082e-02,3.0885935547e+04
1921,1.5597207546e+00,-1.0198989883e-02,-5.3871572018e-01,1.5248217583e+00,2.2089615464e-02,3.0886113281e+04
1922,1.5597399473e+00,-1.0025329888e-02,-2.0909521580e+00,1.5166795254e+00,2.4068451021e-03,3.0886324219e+04
1923,1.5596427917e+00,-9.6262171865e-03,-5.3461127281e+00,1.4917334318e+00,-6.2237549573e-03,3.0886689453e+04
1924,1.5597045422e+00,-9.3603003770e-03,-3.7362737656e+00,1.4985145330e+00,2.2210540250e-02,3.0886857422e+04
1925,1.5598272085e+00,-9.1438861564e-03,-3.7523694038e+00,1.4830642939e+00,5.4718550295e-02,3.0886855469e+04
1926,1.5599248409e+00,-9.0012578294e-03,-1.1794257164e-01,1.5296653509e+00,5.3704988211e-02,3.0887066406e+04
1927,1.5600290298e+00,-8.8228695095e-03,3.8770869374e-01,1.5181502104e+00,2.7887955308e-02,3.0886980469e+04
1928,1.5600695610e+00,-8.5913222283e-03,-9.1554260254e-01,1.5101993084e+00,1.6706924886e-02,3.0887677734e+04
1929,1.5601217747e+00,-8.3825057372e-03,-1.2274308205e+00,1.5095976591e+00,5.1883850247e-02,3.0887375000e+04
1930,1.5600489378e+00,-8.4351869300e-03,-4.0373907089e+00,1.5206238031e+00,4.9689561129e-02,3.0887611328e+04
1931,1.5601286888e+00,-8.2726487890e-03,-7.3795074224e-01,1.5072908401e+00,3.2762985677e-02,3.0887511719e+04
1932,1.5601147413e+00,-8.1806406379e-03,-3.2539796829e+00,1.5244005919e+00,3.8558274508e-02,3.0887460938e+04
1933,1.5600599051e+00,-7.9523995519e-03,-3.6173882484e+00,1.4896361828e+00,2.8191529214e-02,3.0888169922e+04
1934,1.5597698689e+00,-7.7766026370e-03,-4.3006134033e+00,1.4986901283e+00,7.4277496897e-03,3.0887816406e+04
1935,1.5596255064e+00,-7.6312050223e-03,-3.5784044266e+00,1.5198484659e+00,-3.5958862863e-03,3.0887671875e+04
1936,1.5596162081e+00,-7.4756378308e-03,2.4001100659e-01,1.5360505581e+00,-3.8307189243e-04,3.0887765625e+04
1937,1.5595567226e+00,-7.2712162510e-03,1.6325578094e-01,1.5189281702e+00,1.1754379608e-02,3.0887697266e+04
1938,1.5593773127e+00,-6.8960865028e-03,-1.7983652353e+00,1.5170187950e+00,1.0593719780e-02,3.0887585938e+04
1939,1.5592199564e+00,-6.6537014209e-03,-2.6531717777e+00,1.5017960072e+00,3.3024061471e-02,3.0887363281e+04
1940,1.5591503382e+00,-6.4478674904e-03,-3.5534789562e+00,1.5236774683e+00,3.0631789938e-02,3.0887400391e+04
1941,1.5591819286e+00,-6.2828720547e-03,-3.2462949753e+00,1.5254467726e+00,5.5686952546e-03,3.0887453125e+04
1942,1.5592952967e+00,-6.1013246886e-03,-3.6799035072e+00,1.5428261757e+00,7.6583097689e-03,3.0887740234e+04
1943,1.5593212843e+00,-5.7634301484e-03,-4.1122174263e+00,1.5070964098e+00,7.6260375790e-03,3.0887318359e+04
1944,1.5593490601e+00,-5.4595838301e-03,-5.6135454178e+00,1.5039378405e+00,2.1916199476e-03,3.0888146484e+04
1945,1.5593341589e+00,-5.3035579622e-03,-1.3926775455e+00,1.5309453011e+00,2.3067474831e-03,3.0887791016e+04
1946,1.5594376326e+00,-5.2775596268e-03,-3.1801419258e+00,1.5411001444e+00,3.8144683931e-03,3.0887541016e+04
1947,1.5595046282e+00,-5.3781266324e-03,6.9213747978e-01,1.5281100273e+00,4.8987581395e-03,3.0887578125e+04
1948,1.5596095324e+00,-5.3866682574e-03,-2.5337529182e+00,1.5064829588e+00,9.3122860417e-03,3.0887886719e+04
1949,1.5596113205e+00,-5.2893008105e-03,-1.3165750504e+00,1.4798928499e+00,1.8622817472e-02,3.0887958984e+04
1950,1.5594674349e+00,-5.1533333026e-03,-2.3323171139e+00,1.4783035517e+00,2.0278625190e-02,3.0888132812e+04
1951,1.5594410896e+00,-4.9299709499e-03,1.1265088618e-01,1.5014120340e+00,3.4745864570e-02,3.0888269531e+04
1952,1.5594971180e+00,-4.7581433319e-03,-1.5972971916e+00,1.5116267204e+00,2.8823012486e-02,3.0887972656e+04
1953,1.5596536398e+00,-4.5840051025e-03,9.7960263491e-01,1.5330811739e+00,1.8893660977e-02,3.0888427734e+04
1954,1.5597256422e+00,-4.3265568092e-03,-6.3948917389e-01,1.5176700354e+00,1.5137710609e-02,3.0888458984e+04
1955,1.5596950054e+00,-4.2628832161e-03,-2.6204662323e+00,1.4994347095e+00,1.3271331787e-02,3.0888246094e+04
1956,1.5597327948e+00,-4.2300475761e-03,-2.7793679237e+00,1.5027379990e+00,-2.9038237408e-03,3.0888626953e+04
1957,1.5597593784e+00,-4.3464517221e-03,-5.0451540947e+00,1.4736230373e+00,1.4095611870e-02,3.0888589844e+04
1958,1.5596069098e+00,-4.2974413373e-03,-4.5909352303e+00,1.4898306131e+00,1.0128403082e-02,3.0888751953e+04
1959,1.5594140291e+00,-3.9181346074e-03,-3.0520350933e+00,1.4813531637e+00,2.3051833734e-02,3.0888324219e+04
1960,1.5592660904e+00,-3.4739261027e-03,-2.6987991333e+00,1.4705463648e+00,2.6860427111e-02,3.0888054688e+04
1961,1.5589886904e+00,-3.0477293767e-03,1.1831115186e-01,1.4796856642e+00,-7.5427247211e-03,3.0887818359e+04
1962,1.5587904453e+00,-2.6865035761e-03,-2.0925443172e+00,1.5002056360e+00,-1.4585113386e-03,3.0887375000e+04
1963,1.5586365461e+00,-2.5427208748e-03,-3.8181598186e+00,1.5005618334e+00,9.7084045410e-03,3.0887087891e+04
1964,1.5586808920e+00,-2.3747726809e-03,-3.3398849964e+00,1.5172380209e+00,2.8803253546e-02,3.0886925781e+04
1965,1.5587320328e+00,-2.2399453446e-03,-3.8962831497e+00,1.5070412159e+00,3.8902662694e-02,3.0887291016e+04
1966,1.5587655306e+00,-1.9504835363e-03,-5.8277721405e+00,1.5066777468e+00,3.5576783121e-02,3.0887164062e+04
1967,1.5587105751e+00,-1.8348706653e-03,-6.7078309059e+00,1.5012826920e+00,2.1936722100e-02,3.0887511719e+04
1968,1.5586303473e+00,-1.7850043951e-03,-5.1668734550e+00,1.4884854555e+00,1.4028396457e-02,3.0886466797e+04
1969,1.5586380959e+00,-1.9011256518e-03,-4.2702407837e+00,1.4883368015e+00,1.6826247796e-02,3.0886367188e+04
1970,1.5586453676e+00,-1.7553555081e-03,-2.1627626419e+00,1.4989330769e+00,2.6104813442e-02,3.0886689453e+04
1971,1.5586496592e+00,-1.4678174630e-03,-5.7771749496e+00,1.5058741570e+00,3.7767183036e-02,3.0886558594e+04
1972,1.5583814383e+00,-9.9948851857e-04,-3.0829532146e+00,1.5033930540e+00,2.3497391492e-02,3.0886312500e+04
1973,1.5580643415e+00,-6.8728876067e-04,-4.9033794403e+00,1.4990220070e+00,1.2028732337e-02,3.0886525391e+04
1974,1.5577987432e+00,-4.2262842180e-04,-3.7927222252e+00,1.4945154190e+00,2.4574737996e-02,3.0886244141e+04
1975,1.5577597618e+00,-3.2275693957e-04,-3.4294750690e+00,1.4986783266e+00,3.4799195826e-02,3.0886216797e+04
1976,1.5577509403e+00,-2.1184857178e-04,-3.2940688729e-01,1.4872217178e+00,3.8524247706e-02,3.0886423828e+04
1977,1.5579757690e+00,-1.2305607379e-04,-1.1658568382e+00,1.5058066845e+00,1.0947799310e-02,3.0885822266e+04
1978,1.5582227707e+00,-1.6889849212e-04,-1.0017272234e+00,1.5053324699e+00,7.8216549009e-03,3.0886281250e+04
1979,1.5583689213e+00,-2.5667640148e-04,-3.2112066746e+00,1.5223367214e+00,1.1693648994e-02,3.0886394531e+04
1980,1.5586446524e+00,-2.8962717624e-04,-4.8076467514e+00,1.5079280138e+00,2.2827912122e-02,3.0886498047e+04
1981,1.5588464737e+00,-3.2598525286e-04,-2.1950237751e+00,1.4949595928e+00,1.9012222067e-02,3.0886306641e+04
1982,1.5588555336e+00,-3.4699757816e-04,-2.0338907242e+00,1.5062600374e+00,-1.3000259176e-02,3.0886564453e+04
1983,1.5589486361e+00,-3.3662928035e-04,-1.1816630363e+00,1.5121859312e+00,-1.8664170057e-02,3.0887246094e+04
1984,1.5589214563e+00,-3.0389954918e-04,-3.2937123775e+00,1.4915391207e+00,8.1278225407e-03,3.0886552734e+04
1985,1.5588824749e+00,-4.5317522017e-04,-3.7830581665e+00,1.4961203337e+00,1.4065780677e-02,3.0886722656e+04
1986,1.5589228868e+00,-3.9756964543e-04,-7.7100807428e-01,1.4981433153e+00,1.6818160191e-02,3.0887410156e+04
1987,1.5589847565e+00,-3.9633715642e-04,-2.4185349941e+00,1.4655282497e+00,3.6946106702e-03,3.0887687500e+04
1988,1.5589464903e+00,-3.6460641422e-04,-1.8352246284e+00,1.4721392393e+00,-8.7085720152e-03,3.0887402344e+04
1989,1.5588726997e+00,-3.6230729893e-04,-6.0622757673e-01,1.4653686285e+00,-8.7140658870e-03,3.0887658203e+04
1990,1.5588598251e+00,-5.0658162218e-04,8.7084877491e-01,1.4735945463e+00,-4.2817685753e-03,3.0887306641e+04
1991,1.5587553978e+00,-6.8761926377e-04,1.5384188294e-01,1.4836193323e+00,8.3786770701e-03,3.0887376953e+04
1992,1.5587581396e+00,-8.3944591461e-04,1.8128859997e+00,1.4941658974e+00,-6.8893430580e-05,3.0887380859e+04
1993,1.5586622953e+00,-1.0269853519e-03,-4.0999369621e+00,1.4961239100e+00,-4.8719788902e-03,3.0887568359e+04
1994,1.5586235523e+00,-1.2750296155e-03,-5.3842477798e+00,1.4986810684e+00,-7.5660704169e-04,3.0887662109e+04
1995,1.5586582422e+00,-1.4698999003e-03,-8.6521940231e+00,1.5001980066e+00,-8.8851163164e-03,3.0887265625e+04
1996,1.5587714911e+00,-1.6016149893e-03,-5.8061494827e+00,1.5100234747e+00,-1.2594909407e-02,3.0887232422e+04
1997,1.5587356091e+00,-1.7847946147e-03,-4.5939707756e+00,1.5376968384e+00,-1.6768112779e-02,3.0886818359e+04
1998,1.5587494373e+00,-2.0888622385e-03,-6.2087869644e+00,1.5321311951e+00,-2.9995727818e-03,3.0886898438e+04
1999,1.5587556362e+00,-2.3917460348e-03,-6.0489072800e+00,1.5560104847e+00,-2.0849151537e-02,3.0886736328e+04
2000,1.5588499308e+00,-2.6628314517e-03,-8.5578289032e+00,1.5499835014e+00,-4.6418458223e-02,3.0886740234e+04
2001,1.5589797497e+00,-2.7793198824e-03,-7.4826965332e+00,1.5446923971e+00,-6.2947921455e-02,3.0886644531e+04
2002,1.5590333939e+00,-2.8612499591e-03,-6.6597418785e+00,1.5179681778e+00,-3.2866209745e-02,3.0886617188e+04
2003,1.5590705872e+00,-2.9735097196e-03,-4.6164541245e+00,1.5132473707e+00,-9.5214080065e-03,3.0886416016e+04
2004,1.5589956045e+00,-3.0663530342e-03,-3.5624775887e+00,1.5125875473e+00,-1.2520675547e-02,3.0886185547e+04
2005,1.5590772629e+00,-3.1743880827e-03,-2.3282477856e+00,1.5255835056e+00,-2.1895751357e-02,3.0886720703e+04
2006,1.5591855049e+00,-3.2841307111e-03,-7.6939070225e-01,1.5293340683e+00,-2.2585831583e-02,3.0886712891e+04
2007,1.5591809750e+00,-3.4061814658e-03,-1.9448356628e+00,1.5329834223e+00,-1.9959107041e-02,3.0887023438e+04
2008,1.5591802597e+00,-3.4656866919e-03,8.2868003845e-01,1.5358173847e+00,-2.4545822293e-02,3.0887373047e+04
2009,1.5590927601e+00,-3.6764407996e-03,-7.4124372005e-01,1.5229482651e+00,-2.7784347534e-02,3.0888080078e+04
2010,1.5590667725e+00,-3.8062264211e-03,-6.0305446386e-01,1.5182771683e+00,-3.2742232084e-02,3.0888378906e+04
2011,1.5589257479e+00,-4.0718065575e-03,-2.7511534691e+00,1.5239425898e+00,-3.2921142876e-02,3.0888865234e+04
2012,1.5588164330e+00,-4.2532389052e-03,-1.6605917215e+00,1.5115008354e+00,-4.8466872424e-02,3.0889072266e+04
2013,1.5588451624e+00,-4.5237275772e-03,7.9435312748e-01,1.5182940960e+00,-3.1642686576e-02,3.0889701172e+04
2014,1.5587955713e+00,-4.7068167478e-03,2.0124204159e+00,1.5197288990e+00,-2.7623672038e-02,3.0889412109e+04
2015,1.5587582588e+00,-4.7906436957e-03,1.3500195742e+00,1.5110673904e+00,-2.9706420377e-02,3.0889783203e+04
2016,1.5587759018e+00,-4.7788093798e-03,8.4979081154e-01,1.5180087090e+00,-6.2751464546e-02,3.0890525391e+04
2017,1.5586866140e+00,-4.6500409953e-03,-5.2184119225e+00,1.5084855556e+00,-5.0990447402e-02,3.0890687500e+04
2018,1.5586202145e+00,-4.5991572551e-03,-4.5911898613e+00,1.4952462912e+00,-4.9128875136e-02,3.0890818359e+04
2019,1.5585987568e+00,-4.8183752224e-03,-3.5353944302e+00,1.5005878210e+00,-5.0210420042e-02,3.0891134766e+04
2020,1.5587534904e+00,-4.9460139126e-03,-1.2224522829e+00,1.4906334877e+00,-6.0713119805e-02,3.0891013672e+04
2021,1.5589203835e+00,-4.8965401947e-03,-2.1451661587e+00,1.5036292076e+00,-2.9649123549e-02,3.0890769531e+04
2022,1.5589550734e+00,-4.7963028774e-03,-1.1120948792e+00,1.5000824928e+00,-1.0859374888e-02,3.0890283203e+04
2023,1.5589004755e+00,-4.6711387113e-03,-3.5883579254e+00,1.5010873079e+00,-3.6628417671e-02,3.0889951172e+04
2024,1.5590000153e+00,-4.7377985902e-03,-3.6729354858e+00,1.5148330927e+00,-4.2624358088e-02,3.0889644531e+04
2025,1.5591436625e+00,-4.8339846544e-03,-5.2024316788e+00,1.5145339966e+00,-4.1482925415e-02,3.0889509766e+04
2026,1.5592588186e+00,-4.8819785006e-03,-8.8154392242e+00,1.5105471611e+00,-2.7998046950e-02,3.0889138672e+04
2027,1.5591732264e+00,-4.8098582774e-03,-1.1729642868e+01,1.4864879847e+00,-1.9164580852e-02,3.0888898438e+04
2028,1.5591289997e+00,-4.7105588019e-03,-1.0541974068e+01,1.4913725853e+00,-3.7295609713e-02,3.0888841797e+04
2029,1.5589849949e+00,-4.6434723772e-03,-8.0352268219e+00,1.4915225506e+00,-5.2285842597e-02,3.0888400391e+04
2030,1.5591430664e+00,-4.6824477613e-03,-4.4802370071e+00,1.4852871895e+00,-5.6249924004e-02,3.0888351562e+04
2031,1.5592602491e+00,-4.5107551850e-03,-1.5889546871e+00,1.4886322021e+00,-5.6988067925e-02,3.0888003906e+04
2032,1.5593075752e+00,-4.3690232560e-03,-2.3602294922e+00,1.4940152168e+00,-2.4705123156e-02,3.0887746094e+04
2033,1.5592840910e+00,-4.2281774804e-03,-5.9978258610e-01,1.4871571064e+00,-1.1742706411e-02,3.0886878906e+04
2034,1.5592566729e+00,-4.0838676505e-03,-1.7485799789e+00,1.4882133007e+00,-2.7756271884e-02,3.0887240234e+04
2035,1.5592573881e+00,-3.9827548899e-03,-1.5955415964e+00,1.4746340513e+00,-5.1148910075e-02,3.0887099609e+04
2036,1.5592137575e+00,-3.9223600179e-03,-4.0451993942e+00,1.4873259068e+00,-3.6521073431e-02,3.0886998047e+04
2037,1.5593246222e+00,-3.9598494768e-03,-1.2329471111e+00,1.4978371859e+00,-3.2700195909e-02,3.0887017578e+04
2038,1.5591956377e+00,-3.9680073969e-03,-3.4462742805e+00,1.4934201241e+00,-1.1691970751e-02,3.0887115234e+04
2039,1.5590355396e+00,-3.9626355283e-03,-2.9507253170e+00,1.4986282587e+00,-4.7377318144e-02,3.0887412109e+04
2040,1.5589596033e+00,-3.9264508523e-03,-3.4925312996e+00,1.5083744526e+00,-1.8610458821e-02,3.0887445312e+04
2041,1.5590388775e+00,-3.9238799363e-03,-1.8607199192e+00,1.5199371576e+00,-1.3149414212e-02,3.0887804688e+04
2042,1.5591511726e+00,-3.8354874123e-03,-5.3346920013e-01,1.5222059488e+00,-7.1571348235e-04,3.0888392578e+04
2043,1.5592541695e+00,-3.6803334951e-03,7.8161364794e-01,1.5023295879e+00,-2.9898833483e-02,3.0888562500e+04
2044,1.5591528416e+00,-3.6459513940e-03,-1.3670963049e+00,1.4862716198e+00,-4.5161742717e-02,3.0889060547e+04
2045,1.5590161085e+00,-3.5207371693e-03,-6.6607415676e-01,1.4884945154e+00,-3.9367143065e-02,3.0888957031e+04
2046,1.5589185953e+00,-3.3936908003e-03,-1.7168725729e+00,1.4965186119e+00,-8.5565950722e-03,3.0888917969e+04
2047,1.5589177608e+00,-3.2913135365e-03,1.1909446716e+00,1.5059370995e+00,4.5364378020e-03,3.0889429688e+04
2048,1.5589064360e+00,-3.2236156985e-03,-6.9021391869e-01,1.4949479103e+00,-1.7356414348e-02,3.0889560547e+04
2049,1.5589183569e+00,-3.1359889545e-03,-3.0889065266e+00,1.4821336269e+00,-1.3936767355e-02,3.0890083984e+04
2050,1.5587903261e+00,-3.0084392056e-03,-3.7188608646e+00,1.4898747206e+00,-1.7235945910e-02,3.0890009766e+04
2051,1.5587191582e+00,-2.7775720228e-03,-3.6868524551e+00,1.4832596779e+00,-8.9609529823e-03,3.0890488281e+04
2052,1.5585834980e+00,-2.3571855854e-03,-1.2177966833e+00,1.4812672138e+00,-1.6047440469e-02,3.0890265625e+04
2053,1.5584421158e+00,-2.1523521282e-03,-2.8737013340e+00,1.4924777746e+00,-2.9692154378e-02,3.0890824219e+04
2054,1.5585020781e+00,-1.8071876839e-03,-1.8341443539e+00,1.4774818420e+00,-2.7295302600e-02,3.0890814453e+04
2055,1.5586051941e+00,-1.5045467298e-03,-1.8938621283e+00,1.4778002501e+00,-7.1605681442e-03,3.0891041016e+04
2056,1.5586645603e+00,-1.3457650784e-03,-1.5908021927e+00,1.4896473885e+00,1.3420105097e-04,3.0890974609e+04
2057,1.5588619709e+00,-1.4028393198e-03,-2.8373548388e-01,1.4821072817e+00,-4.9181366339e-03,3.0890546875e+04
2058,1.5589481592e+00,-1.5982213663e-03,1.2393479347e+00,1.5122022629e+00,-3.5703277681e-03,3.0890757812e+04
2059,1.5591621399e+00,-1.8374860520e-03,-2.6722328663e+00,1.4990777969e+00,-4.2064592242e-02,3.0890308594e+04
2060,1.5592430830e+00,-1.8471294316e-03,-6.2059354782e+00,1.4995522499e+00,-4.9992982298e-02,3.0890103516e+04
2061,1.5589295626e+00,-1.6677089734e-03,-6.8207411766e+00,1.5036965609e+00,-2.1945266053e-02,3.0889953125e+04
2062,1.5585730076e+00,-1.4364409726e-03,-6.6672506332e+00,1.5056405067e+00,7.0341490209e-03,3.0889441406e+04
2063,1.5583685637e+00,-1.2650886783e-03,-6.1124968529e+00,1.5307400227e+00,-8.3371736109e-03,3.0889328125e+04
2064,1.5583122969e+00,-1.1654348345e-03,-4.8315968513e+00,1.5200054646e+00,-1.8483962864e-02,3.0889107422e+04
2065,1.5582666397e+00,-8.5389427841e-04,-7.3048162460e+00,1.4984217882e+00,3.1641388778e-03,3.0889160156e+04
2066,1.5581583977e+00,-3.3626475488e-04,-6.1224746704e+00,1.4960892200e+00,-2.0685425028e-02,3.0889296875e+04
2067,1.5578434467e+00,-3.4899047023e-05,-7.8132863045e+00,1.5071281195e+00,-3.4432448447e-02,3.0888355469e+04
2068,1.5579227209e+00,2.2247142624e-04,-2.2380161285e+00,1.5291252136e+00,-2.7354583144e-02,3.0888662109e+04
2069,1.5581288338e+00,3.1829037471e-04,-6.0890644789e-02,1.5162682533e+00,-1.2900619768e-02,3.0888003906e+04
2070,1.5582941771e+00,5.5550900288e-04,-1.2865906954e+00,1.5298810005e+00,-1.0696563870e-02,3.0888082031e+04
2071,1.5584886074e+00,8.3102623466e-04,8.9491403103e-01,1.5172425508e+00,-1.0842208751e-02,3.0888359375e+04
2072,1.5585248470e+00,9.1155141126e-04,-5.5490183830e+00,1.5224298239e+00,-4.2349244468e-03,3.0888644531e+04
2073,1.5587021112e+00,9.0324872872e-04,-3.1372342110e+00,1.5046222210e+00,2.6580048725e-03,3.0888722656e+04
2074,1.5588005781e+00,9.0697372798e-04,-3.8678448200e+00,1.5183874369e+00,1.9892958924e-02,3.0888917969e+04
2075,1.5589662790e+00,9.4448367599e-04,3.6634573340e-01,1.5228416920e+00,2.3460006341e-02,3.0889224609e+04
2076,1.5589568615e+00,1.0442472994e-03,-4.8356664181e-01,1.5216392279e+00,5.5153504014e-02,3.0889757812e+04
2077,1.5589268208e+00,1.1156219989e-03,2.1051520109e-01,1.5081241131e+00,3.5188522190e-02,3.0889613281e+04
2078,1.5589216948e+00,1.0671501514e-03,-1.2122856379e+00,1.5112643242e+00,1.4602890238e-02,3.0890287109e+04
2079,1.5591056347e+00,1.2046986958e-03,1.9321517944e+00,1.5165668726e+00,-5.9032440186e-03,3.0890351562e+04
2080,1.5591455698e+00,1.2335374486e-03,-1.4528567791e+00,1.5013505220e+00,-6.5696714446e-03,3.0890523438e+04
2081,1.5590585470e+00,1.2916562846e-03,-2.0539432764e-01,1.4995183945e+00,4.4906616677e-04,3.0890601562e+04
2082,1.5589517355e+00,1.4609127538e-03,-2.7086782455e+00,1.4792349339e+00,1.0911178775e-02,3.0890759766e+04
2083,1.5588625669e+00,1.5676058829e-03,-2.2946639061e+00,1.4951279163e+00,-6.9114682265e-04,3.0890820312e+04
2084,1.5587413311e+00,1.6865041107e-03,-2.8937196732e+00,1.4895466566e+00,-3.0247421935e-02,3.0891347656e+04
2085,1.5586885214e+00,1.7229445511e-03,-3.3771862984e+00,1.5071951151e+00,-3.7854767870e-03,3.0890736328e+04
2086,1.5585827827e+00,1.8829279579e-03,-2.8218905926e+00,1.5103384256e+00,-8.5541531444e-03,3.0891050781e+04
2087,1.5583719015e+00,2.1339033265e-03,-1.5141376257e+00,1.4857478142e+00,1.0574340820e-02,3.0890699219e+04
2088,1.5582493544e+00,2.3298980668e-03,-3.7372043133e+00,1.4976096153e+00,-1.2271117885e-03,3.0890490234e+04
2089,1.5581014156e+00,2.3876128253e-03,-1.2670360804e+00,1.5133221149e+00,6.5792081878e-03,3.0890486328e+04
2090,1.5580581427e+00,2.5715762749e-03,-5.7338957787e+00,1.5224152803e+00,5.5387113243e-03,3.0889845703e+04
2091,1.5579432249e+00,2.7058224659e-03,-4.3821468353e+00,1.5277153254e+00,8.5796359926e-03,3.0890195312e+04
2092,1.5577489138e+00,2.7127321810e-03,-5.7871594429e+00,1.5148657560e+00,-1.2631759979e-02,3.0889253906e+04
2093,1.5577770472e+00,2.6002242230e-03,-8.8275976181e+00,1.5169214010e+00,-1.3336944394e-03,3.0889046875e+04
2094,1.5577092171e+00,2.6884304825e-03,-5.9103937149e+00,1.5356003046e+00,-3.3486175817e-03,3.0889113281e+04
2095,1.5576404333e+00,2.6969844475e-03,-9.0987997055e+00,1.5220065117e+00,1.5272521414e-03,3.0888810547e+04
2096,1.5575442314e+00,2.6762716006e-03,-4.9440388680e+00,1.5080349445e+00,-1.2229766697e-02,3.0888726562e+04
2097,1.5574986935e+00,2.6709618978e-03,-4.0979719162e+00,1.5084862709e+00,-8.5775759071e-03,3.0888392578e+04
2098,1.5574653149e+00,2.5653145276e-03,-3.4163849354e+00,1.5073578358e+00,-1.0764922947e-02,3.0888033203e+04
2099,1.5574463606e+00,2.5280625559e-03,-2.2422680855e+00,1.5213546753e+00,7.0137786679e-03,3.0887798828e+04
2100,1.5575474501e+00,2.7283842210e-03,-3.3034839630e+00,1.5102701187e+00,-5.4330443963e-03,3.0888080078e+04
2101,1.5576608181e+00,2.8698442038e-03,-3.0091445446e+00,1.5230098963e+00,-5.7791899890e-03,3.0887771484e+04
2102,1.5577096939e+00,2.8070332482e-03,-1.9282463789e+00,1.4935581684e+00,8.1856539473e-03,3.0888099609e+04
2103,1.5576245785e+00,2.7220125776e-03,-1.3656978607e+00,1.4995837212e+00,1.5849838033e-02,3.0888404297e+04
2104,1.5577385426e+00,2.3384676315e-03,-1.0905913115e+00,1.5115616322e+00,1.9948959351e-02,3.0888517578e+04
2105,1.5577335358e+00,2.1292874590e-03,-4.2730119824e-01,1.5094834566e+00,-4.1329194792e-03,3.0888744141e+04
2106,1.5577234030e+00,2.1937049460e-03,-6.8460389972e-02,1.5019822121e+00,-3.5939789377e-03,3.0888976562e+04
2107,1.5575461388e+00,2.3196188267e-03,-1.8592281342e+00,1.4709838629e+00,1.1590576032e-03,3.0889894531e+04
2108,1.5575426817e+00,2.3290053941e-03,-2.5358183384e+00,1.4941002131e+00,1.4677200466e-02,3.0890048828e+04
2109,1.5576487780e+00,2.1815740038e-03,-1.7249531746e+00,1.5035400391e+00,1.9687118009e-02,3.0889843750e+04
2110,1.5578640699e+00,2.0180896390e-03,1.5166643858e+00,1.5254826546e+00,1.2306671590e-02,3.0889943359e+04
2111,1.5578538179e+00,1.9810511731e-03,1.0405986309e+00,1.5333346128e+00,6.9168088958e-03,3.0890109375e+04
2112,1.5578382015e+00,2.0787219983e-03,-5.5381065607e-01,1.5207142830e+00,6.4321137033e-03,3.0889826172e+04
2113,1.5577062368e+00,2.2337418050e-03,-4.3988466263e+00,1.5035510063e+00,2.2396086715e-03,3.0890228516e+04
2114,1.5577260256e+00,2.2344081663e-03,-6.3438520432e+00,1.5091797113e+00,-1.3336181291e-04,3.0890851562e+04
2115,1.5577795506e+00,2.1436284296e-03,-6.8217711449e+00,1.4946039915e+00,-7.3074339889e-04,3.0890300781e+04
2116,1.5579545498e+00,1.8441684078e-03,-3.4116120338e+00,1.5041280985e+00,-1.5946501866e-02,3.0890673828e+04
2117,1.5581028461e+00,1.5871144133e-03,3.6903959513e-01,1.5218852758e+00,-1.5053558163e-02,3.0890380859e+04
2118,1.5580090284e+00,1.2690805597e-03,-2.5460605621e+00,1.5090228319e+00,-1.6175536439e-02,3.0890375000e+04
2119,1.5578917265e+00,1.2672827579e-03,-2.3309345245e+00,1.5031192303e+00,-1.4422454871e-02,3.0890417969e+04
2120,1.5575579405e+00,1.3587552821e-03,-6.3012804985e+00,1.5058239698e+00,6.0320282355e-03,3.0890005859e+04
2121,1.5573624372e+00,1.5100316377e-03,-3.8484740257e+00,1.5023677349e+00,-8.0247493461e-03,3.0890582031e+04
2122,1.5573492050e+00,1.5091870446e-03,-2.7632811069e+00,1.4820733070e+00,-7.6231383719e-03,3.0889865234e+04
2123,1.5574915409e+00,1.2670119759e-03,-4.8698949814e+00,1.4987900257e+00,-1.4251479879e-02,3.0889982422e+04
2124,1.5575971603e+00,9.9823041819e-04,-5.0418810844e+00,1.4901416302e+00,-1.4614791609e-02,3.0889607422e+04
2125,1.5576181412e+00,8.1343454076e-04,-1.0109611511e+01,1.5127438307e+00,-2.9386062175e-02,3.0889580078e+04
2126,1.5575745106e+00,7.2489527520e-04,-5.7259092331e+00,1.4911820889e+00,-1.7563706264e-02,3.0889603516e+04
2127,1.5576144457e+00,6.4598262543e-04,-6.9840612411e+00,1.4750326872e+00,1.0432510637e-02,3.0889746094e+04
2128,1.5577827692e+00,7.9615582945e-04,-3.1322326660e+00,1.4950757027e+00,6.4659118652e-03,3.0888552734e+04
2129,1.5579515696e+00,7.0088700159e-04,-4.9275074005e+00,1.5032306910e+00,1.4518127777e-02,3.0888513672e+04
2130,1.5581294298e+00,7.7705667354e-04,-2.9452085495e+00,1.4945652485e+00,7.6939393766e-03,3.0888568359e+04
2131,1.5582040548e+00,8.5739028873e-04,-8.2386846542e+00,1.4823365211e+00,1.2945708819e-02,3.0887798828e+04
2132,1.5583970547e+00,5.9447321109e-04,-2.1199269295e+00,1.5019177198e+00,2.7942581102e-02,3.0888253906e+04
2133,1.5586136580e+00,4.5045535080e-04,-3.9767518044e+00,1.5068670511e+00,3.4051820636e-02,3.0888152344e+04
2134,1.5589082241e+00,1.5090531087e-04,-7.2033729553e+00,1.5129470825e+00,1.1342239566e-02,3.0887855469e+04
2135,1.5591951609e+00,-3.2470765291e-05,-1.7491523027e+00,1.5242010355e+00,2.9389953706e-03,3.0888150391e+04
2136,1.5594073534e+00,-1.4053999621e-04,-9.4598531723e-01,1.5272837877e+00,4.3708801968e-04,3.0887980469e+04
2137,1.5592291355e+00,-2.7897799737e-04,-1.5425031185e+00,1.5248395205e+00,4.3088532984e-03,3.0888134766e+04
2138,1.5591576099e+00,-2.3888453143e-04,-1.2734637260e+00,1.5226434469e+00,1.2240524404e-02,3.0888253906e+04
2139,1.5591295958e+00,-3.3026270103e-04,-2.0174517632e+00,1.5006442070e+00,-6.4838407561e-03,3.0888414062e+04
2140,1.5590083599e+00,-3.0586819048e-04,-1.2570958138e+00,1.5023303032e+00,-3.1700897962e-03,3.0888564453e+04
2141,1.5591374636e+00,-4.4262263691e-04,-2.4294823408e-02,1.5004116297e+00,-3.4122467041e-03,3.0888533203e+04
2142,1.5593365431e+00,-5.2592565771e-04,6.4692878723e-01,1.5139088631e+00,9.9604800344e-03,3.0889082031e+04
2143,1.5597037077e+00,-7.2351202834e-04,-1.3157881796e-01,1.5154095888e+00,3.3179320395e-02,3.0889769531e+04
2144,1.5600042343e+00,-1.0297915433e-03,-5.0066053867e-01,1.5203752518e+00,2.8997955844e-02,3.0889697266e+04
2145,1.5602726936e+00,-1.5422424767e-03,-1.2745295763e+00,1.5045372248e+00,3.4680251032e-02,3.0890263672e+04
2146,1.5606076717e+00,-1.9872307312e-03,4.4824421406e-01,1.5127706528e+00,3.2206345350e-02,3.0890548828e+04
2147,1.5606282949e+00,-2.3227478378e-03,-1.8255505562e+00,1.5296444893e+00,2.3616867140e-02,3.0890775391e+04
2148,1.5604392290e+00,-2.7014503721e-03,-2.5910824537e-01,1.5143623352e+00,2.3860091344e-02,3.0890935547e+04
2149,1.5604257584e+00,-3.0351574533e-03,-2.2211775184e-02,1.5149558783e+00,1.6513366252e-02,3.0891115234e+04
2150,1.5604103804e+00,-3.2855032478e-03,7.3526245356e-01,1.4921759367e+00,2.2018890828e-02,3.0891255859e+04
2151,1.5602827072e+00,-3.2340388279e-03,-1.3745572567e+00,1.4845516682e+00,1.0439377278e-02,3.0890585938e+04
2152,1.5602436066e+00,-3.3563985489e-03,-2.7914221287e+00,1.4909615517e+00,3.6789702717e-03,3.0891310547e+04
2153,1.5602723360e+00,-3.5887032282e-03,-3.0294806957e+00,1.4681375027e+00,6.8405154161e-04,3.0890679688e+04
2154,1.5603077412e+00,-3.8101230748e-03,-5.8545117378e+00,1.4883933067e+00,2.6799391955e-02,3.0891255859e+04
2155,1.5604056120e+00,-4.0621380322e-03,-1.3199937344e+00,1.5015617609e+00,2.6577912271e-02,3.0890580078e+04
2156,1.5602214336e+00,-4.1967933066e-03,-8.2608308792e+00,1.4884713888e+00,3.1393967569e-02,3.0890158203e+04
2157,1.5601910353e+00,-4.5210244134e-03,-3.3851635456e+00,1.4813746214e+00,2.9276734218e-02,3.0889867188e+04
2158,1.5602174997e+00,-4.7108512372e-03,-7.9804778099e+00,1.4874590635e+00,2.6640702039e-02,3.0889832031e+04
2159,1.5603815317e+00,-4.8717637546e-03,-2.4687459469e+00,1.4847967625e+00,3.1846236438e-02,3.0889626953e+04
2160,1.5604492426e+00,-5.0806142390e-03,-6.6650781631e+00,1.4944649935e+00,3.9754182100e-02,3.0889871094e+04
2161,1.5604871511e+00,-5.3235203959e-03,-7.0374817848e+00,1.4942206144e+00,4.5420072973e-02,3.0889406250e+04
2162,1.5606371164e+00,-5.6654135697e-03,-6.3091211319e+00,1.5125045776e+00,1.2256698683e-02,3.0889269531e+04
2163,1.5609637499e+00,-6.0368245468e-03,-2.6201939583e+00,1.5179061890e+00,1.4622268267e-02,3.0889382812e+04
2164,1.5611300468e+00,-6.3157365657e-03,-1.9245854616e+00,1.5091488361e+00,-7.7491761185e-03,3.0888615234e+04
2165,1.5611276627e+00,-6.5491786227e-03,-2.2002213001e+00,1.5168273449e+00,-3.7949983031e-02,3.0888566406e+04
2166,1.5610957146e+00,-6.8794130348e-03,-2.5893788338e+00,1.5020037889e+00,-2.7504654601e-02,3.0888472656e+04
2167,1.5612083673e+00,-7.1421633475e-03,-5.2269186974e+00,1.4864093065e+00,-1.4843368903e-02,3.0888515625e+04
2168,1.5612845421e+00,-7.5298594311e-03,-1.1811610460e+00,1.4919304848e+00,-2.1906739101e-02,3.0888644531e+04
2169,1.5613182783e+00,-7.7343229204e-03,-1.7279808521e+00,1.5108981133e+00,8.2927700132e-03,3.0888802734e+04
2170,1.5612483025e+00,-7.7764461748e-03,3.1033051014e-01,1.4943579435e+00,1.5455704182e-02,3.0888382812e+04
2171,1.5612231493e+00,-7.8059304506e-03,-9.9567860365e-01,1.4770138264e+00,-5.4893493652e-03,3.0888267578e+04
2172,1.5612080097e+00,-7.7048707753e-03,1.4043016434e+00,1.4864748716e+00,3.6148909479e-02,3.0887658203e+04
2173,1.5612982512e+00,-7.7947471291e-03,-5.7619684935e-01,1.5251510143e+00,2.9296645895e-02,3.0888244141e+04
2174,1.5613521338e+00,-7.9234037548e-03,4.0443748236e-01,1.5034475327e+00,7.0641324855e-03,3.0888503906e+04
2175,1.5614211559e+00,-8.0385841429e-03,-4.7705459595e+00,1.5001112223e+00,7.1497345343e-03,3.0888914062e+04
2176,1.5613141060e+00,-8.2962894812e-03,-4.4056782722e+00,1.5007101297e+00,-2.9251861852e-03,3.0889443359e+04
2177,1.5612725019e+00,-8.2916859537e-03,-4.5508027077e+00,1.5162613392e+00,-2.1515045315e-02,3.0889158203e+04
2178,1.5612578392e+00,-8.5044838488e-03,-5.2932169288e-02,1.5187758207e+00,-4.1515961289e-02,3.0889312500e+04
2179,1.5612691641e+00,-8.6120432243e-03,1.9322265387e+00,1.5190657377e+00,-2.0318526775e-02,3.0889689453e+04
2180,1.5613671541e+00,-8.8455947116e-03,-1.4546030760e-01,1.5342812538e+00,-3.9230041206e-02,3.0889742188e+04
2181,1.5613662004e+00,-8.9777922258e-03,-1.3824260235e-01,1.5277612209e+00,-1.1257095262e-02,3.0889847656e+04
2182,1.5612590313e+00,-9.2885978520e-03,-8.8780140877e-01,1.5167561769e+00,-7.1000671014e-03,3.0890048828e+04
2183,1.5612913370e+00,-9.4234272838e-03,-1.4753068686e+00,1.4988415241e+00,6.8601989187e-03,3.0890037109e+04
2184,1.5613062382e+00,-9.6650077030e-03,-2.0644044876e+00,1.4891870022e+00,1.6215514624e-03,3.0890277344e+04
2185,1.5612173080e+00,-9.5857065171e-03,-2.6796076298e+00,1.4876539707e+00,-2.8340073302e-02,3.0890312500e+04
2186,1.5611361265e+00,-9.5701441169e-03,-4.4609017372e+00,1.4961059093e+00,-1.4051819220e-02,3.0890568359e+04
2187,1.5609791279e+00,-9.5264436677e-03,-2.4907932281e+00,1.4909161329e+00,9.3522639945e-03,3.0890378906e+04
2188,1.5609123707e+00,-9.5986714587e-03,-2.7449307442e+00,1.5010906458e+00,1.0030822828e-02,3.0890216797e+04
2189,1.5608489513e+00,-9.6615627408e-03,-1.0125014782e+00,1.5325585604e+00,1.4399337582e-02,3.0890521484e+04
2190,1.5608366728e+00,-9.6439737827e-03,-2.4226040840e+00,1.5243966579e+00,8.8162235916e-03,3.0890144531e+04
2191,1.5610244274e+00,-9.6492618322e-03,-3.0371687412e+00,1.5245537758e+00,-3.5186766763e-04,3.0890119141e+04
2192,1.5611602068e+00,-9.8174037412e-03,-5.0077452660e+00,1.5119954348e+00,7.0634461008e-03,3.0889580078e+04
2193,1.5612114668e+00,-9.8940096796e-03,-8.1042757034e+00,1.5130815506e+00,-3.5018693656e-02,3.0889597656e+04
2194,1.5613216162e+00,-9.9170878530e-03,-5.4062914848e+00,1.4762147665e+00,5.4277037270e-03,3.0889984375e+04
2195,1.5612457991e+00,-9.7469100729e-03,-5.9879927635e+00,1.5137866735e+00,3.0212402635e-05,3.0890365234e+04
2196,1.5611064434e+00,-9.5739364624e-03,-3.6000885963e+00,1.5043973923e+00,3.7361145951e-03,3.0889720703e+04
2197,1.5609589815e+00,-9.3332324177e-03,-3.4837348461e+00,1.5114109516e+00,6.1256409390e-04,3.0889847656e+04
2198,1.5609769821e+00,-9.2271286994e-03,-5.6682765484e-01,1.4867203236e+00,9.8033901304e-03,3.0889365234e+04
2199,1.5610308647e+00,-9.3607129529e-03,-9.6265691519e-01,1.4942973852e+00,-2.8281402774e-03,3.0889498047e+04
2200,1.5611354113e+00,-9.2950128019e-03,2.8271524906e+00,1.5033066273e+00,-2.2785568610e-02,3.0888664062e+04
2201,1.5611486435e+00,-9.2249354348e-03,-1.1552597284e+00,1.5195349455e+00,-2.8338545933e-02,3.0888527344e+04
2202,1.5610311031e+00,-9.0800030157e-03,-1.9371281862e+00,1.5160125494e+00,-9.9552916363e-03,3.0889087891e+04
2203,1.5608152151e+00,-8.7772561237e-03,-7.5052990913e+00,1.5353854895e+00,6.9263456389e-03,3.0888718750e+04
2204,1.5606023073e+00,-8.3510009572e-03,-7.3635997772e+00,1.5355644226e+00,2.1160660312e-02,3.0889195312e+04
2205,1.5603017807e+00,-8.0602727830e-03,-5.2208271027e+00,1.5173486471e+00,5.4425047711e-03,3.0889648438e+04
2206,1.5602095127e+00,-7.8687015921e-03,-5.4783277512e+00,1.4924862385e+00,-2.9402924702e-03,3.0890216797e+04
2207,1.5603041649e+00,-7.9443277791e-03,-1.6162570715e+00,1.4875671864e+00,-2.2895813163e-04,3.0890314453e+04
2208,1.5604577065e+00,-8.0149006099e-03,1.8203520775e-01,1.4844675064e+00,4.0018465370e-03,3.0890275391e+04
2209,1.5605813265e+00,-8.0474456772e-03,3.3362212181e+00,1.4694237709e+00,2.3073196411e-02,3.0890447266e+04
2210,1.5605202913e+00,-7.8779971227e-03,3.9217271805e+00,1.4940598011e+00,1.5453338623e-02,3.0890142578e+04
2211,1.5603475571e+00,-7.5250999071e-03,3.9007477760e+00,1.4980479479e+00,1.0695572011e-02,3.0890324219e+04
2212,1.5601408482e+00,-6.9424598478e-03,3.1397027969e+00,1.5159139633e+00,1.2236023322e-02,3.0890591797e+04
2213,1.5600211620e+00,-6.5662371926e-03,-1.4749948978e+00,1.5056600571e+00,7.3436736129e-03,3.0890207031e+04
2214,1.5600578785e+00,-6.2324320897e-03,-3.1917176247e+00,1.5104768276e+00,1.8015595153e-02,3.0890839844e+04
2215,1.5602855682e+00,-6.0658012517e-03,-2.9660134315e+00,1.5152752399e+00,8.4291836247e-03,3.0890917969e+04
2216,1.5605250597e+00,-5.9668663889e-03,-6.6268463135e+00,1.4966505766e+00,5.0106812268e-03,3.0890990234e+04
2217,1.5607674122e+00,-5.9156166390e-03,-2.9706175327e+00,1.4864841700e+00,1.1287307367e-02,3.0891435547e+04
2218,1.5609245300e+00,-5.5619501509e-03,-5.7470579147e+00,1.5004578829e+00,-1.4445495792e-02,3.0891605469e+04
2219,1.5607656240e+00,-5.2712312900e-03,-3.8847007751e+00,1.5004663467e+00,-2.3604506627e-02,3.0891455078e+04
2220,1.5606577396e+00,-4.8703150824e-03,-2.7038228512e+00,1.4988303185e+00,-2.5775146205e-03,3.0890974609e+04
2221,1.5606695414e+00,-4.5412010513e-03,-7.8618896008e-01,1.5156267881e+00,1.6500702128e-02,3.0891052734e+04
2222,1.5606633425e+00,-4.2354003526e-03,-7.5533449650e-01,1.5045959949e+00,1.0655364953e-02,3.0890173828e+04
2223,1.5607558489e+00,-4.0513854474e-03,-1.4579859972e+00,1.5081552267e+00,9.3514248729e-03,3.0890039062e+04
2224,1.5607250929e+00,-3.7582046352e-03,-2.7837991714e-02,1.4978218079e+00,1.4445953071e-02,3.0890371094e+04
2225,1.5606391430e+00,-3.6014684010e-03,-6.0583381653e+00,1.4983184338e+00,1.5818709508e-02,3.0890007812e+04
2226,1.5606409311e+00,-3.5577609669e-03,-6.1044535637e+00,1.4934666157e+00,2.6165008545e-02,3.0889695312e+04
2227,1.5607184172e+00,-3.3139819279e-03,-4.9245424271e+00,1.4992679358e+00,3.3025514334e-02,3.0890203125e+04
2228,1.5607190132e+00,-3.2762486953e-03,-4.7274966240e+00,1.4978741407e+00,6.7273713648e-03,3.0889339844e+04
2229,1.5606439114e+00,-3.1629393343e-03,-2.9447815418e+00,1.5166580677e+00,-1.0643463582e-02,3.0889742188e+04
2230,1.5603936911e+00,-2.7515729889e-03,-1.5498217344e+00,1.5102783442e+00,-1.9074477255e-02,3.0889357422e+04
2231,1.5601593256e+00,-2.3884279653e-03,-4.2484464645e+00,1.5037411451e+00,-3.4512482584e-02,3.0889423828e+04
2232,1.5599595308e+00,-2.0304953214e-03,-2.0641584396e+00,1.4997644424e+00,-2.6005782187e-02,3.0889871094e+04
2233,1.5598037243e+00,-1.6733559314e-03,-4.3654384613e+00,1.5043395758e+00,4.0718077798e-04,3.0889826172e+04
2234,1.5596091747e+00,-1.4254322741e-03,-1.8912965059e+00,1.5049139261e+00,3.1372908503e-02,3.0890353516e+04
2235,1.5594860315e+00,-9.9246483296e-04,-7.8407561779e-01,1.5249154568e+00,2.6170425117e-02,3.0890048828e+04
2236,1.5593450069e+00,-5.9766933555e-04,-1.6125394106e+00,1.5448927879e+00,2.5362395681e-03,3.0890373047e+04
2237,1.5591194630e+00,-2.1701151854e-04,-1.8385701180e+00,1.5271185637e+00,7.9452516511e-03,3.0890628906e+04
2238,1.5590654612e+00,3.1614981708e-04,-4.1958713531e+00,1.5007549524e+00,6.8328855559e-04,3.0890798828e+04
2239,1.5590575933e+00,8.2618778106e-04,-1.3625085354e+00,1.5020315647e+00,-9.7999570426e-04,3.0891160156e+04
2240,1.5591174364e+00,1.1596848490e-03,-1.5353939533e+00,1.5198638439e+00,-2.4423981085e-03,3.0891410156e+04
2241,1.5591987371e+00,1.6083552036e-03,-2.2040169239e+00,1.5262708664e+00,-1.5920409933e-02,3.0891546875e+04
2242,1.5592144728e+00,1.9756769761e-03,-1.3658418655e+00,1.5377795696e+00,-3.1326293945e-02,3.0892281250e+04
2243,1.5592976809e+00,2.3102341220e-03,-1.4493381977e-01,1.5146625042e+00,-3.8089372218e-02,3.0892316406e+04
2244,1.5593615770e+00,2.5335873943e-03,-8.5358965397e-01,1.5085116625e+00,-2.9622497037e-02,3.0891658203e+04
2245,1.5594073534e+00,2.7345786802e-03,-9.7004771233e-01,1.5212850571e+00,-3.6241378635e-02,3.0892326172e+04
2246,1.5595467091e+00,3.0543061439e-03,-1.7159123421e+00,1.5196244717e+00,-3.5157319158e-02,3.0892648438e+04
2247,1.5594376326e+00,3.7077437155e-03,-6.3221850395e+00,1.5249657631e+00,-3.1896285713e-02,3.0892765625e+04
2248,1.5592551231e+00,4.3019042350e-03,-3.0087628365e+00,1.5304678679e+00,-3.0951080844e-02,3.0892503906e+04
2249,1.5590958595e+00,4.7797760926e-03,-4.4406175613e+00,1.4993846416e+00,-3.1660307199e-02,3.0892781250e+04
2250,1.5591686964e+00,5.0327191129e-03,-3.1290097237e+00,1.4961607456e+00,-1.8859328702e-02,3.0892919922e+04
2251,1.5592091084e+00,5.3544859402e-03,-4.5712037086e+00,1.5031985044e+00,3.5656737164e-03,3.0892902344e+04
2252,1.5592421293e+00,5.6839645840e-03,-3.6214599609e+00,1.5224438906e+00,2.6109314058e-03,3.0892556641e+04
2253,1.5593035221e+00,5.7786856778e-03,-2.3369104862e+00,1.5211809874e+00,-2.9437713325e-02,3.0892144531e+04
2254,1.5593849421e+00,6.1135645956e-03,-2.1365637779e+00,1.4933581352e+00,-1.9190978259e-02,3.0891927734e+04
2255,1.5594475269e+00,6.3289161772e-03,-4.3113937378e+00,1.4819023609e+00,5.2457428537e-03,3.0892070312e+04
2256,1.5595322847e+00,6.6742505878e-03,-5.3701086044e+00,1.4981480837e+00,1.1673583649e-02,3.0892046875e+04
2257,1.5595778227e+00,6.8547376432e-03,-5.0178050995e+00,1.5081106424e+00,-1.7194518819e-02,3.0892052734e+04
2258,1.5596997738e+00,6.9761327468e-03,-2.1509475708e+00,1.5011541843e+00,-5.6298063137e-03,3.0891890625e+04
2259,1.5596876144e+00,7.0896041580e-03,-2.9993011951e+00,1.5013195276e+00,-2.1561812609e-02,3.0891443359e+04
2260,1.5597245693e+00,7.0707816631e-03,-1.9005870819e+00,1.4923940897e+00,-3.7682875991e-02,3.0891152344e+04
2261,1.5598288774e+00,6.9670565426e-03,-3.6153004169e+00,1.4868954420e+00,-4.7071684152e-02,3.0891480469e+04
2262,1.5599120855e+00,6.8270871416e-03,-6.3466005325e+00,1.5037401915e+00,-4.3459091336e-02,3.0891765625e+04
2263,1.5599689484e+00,6.9457697682e-03,-6.2351460457e+00,1.5110305548e+00,-4.2681198567e-02,3.0891365234e+04
2264,1.5599174500e+00,7.1026678197e-03,-2.4645938873e+00,1.4893761873e+00,-3.8481675088e-02,3.0891324219e+04
2265,1.5597430468e+00,7.3334793560e-03,-4.5928388834e-01,1.5002284050e+00,-4.0568083525e-02,3.0891466797e+04
2266,1.5596352816e+00,7.5093549676e-03,-7.6061898470e-01,1.5052390099e+00,-1.0740661994e-02,3.0891058594e+04
2267,1.5594780445e+00,7.5954552740e-03,-1.2544050217e+00,1.5191051960e+00,-4.2183683254e-03,3.0891115234e+04
2268,1.5593684912e+00,7.7007231303e-03,-2.3439593315e+00,1.5163851976e+00,-3.8223039359e-02,3.0891435547e+04
2269,1.5593042374e+00,7.7795581892e-03,-2.3243961334e+00,1.5043772459e+00,-3.8180541247e-02,3.0890890625e+04
2270,1.5593434572e+00,7.9424493015e-03,-1.0105416775e+00,1.5078041553e+00,-5.5770035833e-02,3.0891216797e+04
2271,1.5595594645e+00,8.1920493394e-03,-2.4897474051e-01,1.5113426447e+00,-4.8360750079e-02,3.0891382812e+04
2272,1.5596711636e+00,8.3361631259e-03,-2.2885413170e+00,1.5101052523e+00,-2.7484282851e-02,3.0891636719e+04
2273,1.5596185923e+00,8.4936227649e-03,-1.9949157238e+00,1.5196850300e+00,-3.9007261395e-02,3.0891863281e+04
2274,1.5596131086e+00,8.6258072406e-03,-2.7632064819e+00,1.5213226080e+00,-3.4649506211e-02,3.0891822266e+04
2275,1.5596553087e+00,8.6061041802e-03,-1.7231432199e+00,1.5155864954e+00,-5.2626188844e-02,3.0891689453e+04
2276,1.5596280098e+00,8.4718596190e-03,-9.2285156250e-01,1.5028822422e+00,-3.5805054009e-02,3.0892289062e+04
2277,1.5596837997e+00,8.3690229803e-03,-8.6332547665e-01,1.5065139532e+00,-2.3588562384e-02,3.0892353516e+04
2278,1.5597385168e+00,8.1643359736e-03,-1.7696392536e+00,1.5124186277e+00,-2.0066374913e-02,3.0892628906e+04
2279,1.5598363876e+00,8.1953415647e-03,-3.2277891636e+00,1.5205569267e+00,-2.4952011183e-02,3.0892472656e+04
2280,1.5597000122e+00,8.3039905876e-03,-2.6585593224e+00,1.5328923464e+00,-4.0679551661e-02,3.0891859375e+04
2281,1.5596107244e+00,8.3451466635e-03,-1.1520262957e+00,1.5339132547e+00,-2.1624678746e-02,3.0892464844e+04
2282,1.5595806837e+00,8.3197411150e-03,-3.6672298908e+00,1.5187779665e+00,-2.4129638448e-02,3.0892113281e+04
2283,1.5595118999e+00,8.3654401824e-03,-6.1589941978e+00,1.5107641220e+00,-4.6199951321e-02,3.0892746094e+04
2284,1.5593167543e+00,8.5643995553e-03,-4.3603253365e+00,1.5016654730e+00,-2.2660445422e-02,3.0892191406e+04
2285,1.5591322184e+00,8.5092447698e-03,-7.1483974457e+00,1.5240207911e+00,-1.4017334208e-02,3.0891886719e+04
2286,1.5592209101e+00,8.3254994825e-03,-6.8326342106e-01,1.5065139532e+00,-2.4915313348e-02,3.0892035156e+04
2287,1.5594389439e+00,8.0525772646e-03,-4.6868152618e+00,1.5025287867e+00,-6.0561601073e-02,3.0892513672e+04
2288,1.5595389605e+00,7.8921746463e-03,-3.4294385910e+00,1.5131360292e+00,-2.6721801609e-02,3.0892148438e+04
2289,1.5595779419e+00,7.7201365493e-03,-5.1541676521e+00,1.5417422056e+00,-2.1541824564e-02,3.0891986328e+04
2290,1.5595527887e+00,7.6658423059e-03,-2.4656460285e+00,1.5285235643e+00,-1.9852066413e-02,3.0891724609e+04
2291,1.5595810413e+00,7.4914940633e-03,-3.8520774841e+00,1.5131027699e+00,-1.5024718828e-02,3.0891951172e+04
2292,1.5597302914e+00,7.2493469343e-03,-3.0154693127e+00,1.4896200895e+00,-2.8535690159e-02,3.0892142578e+04
2293,1.5597823858e+00,7.0296581835e-03,-2.9191894531e+00,1.4820415974e+00,-2.8122482821e-02,3.0892091797e+04
2294,1.5597996712e+00,6.8054627627e-03,-2.0995135307e+00,1.4945102930e+00,-2.3211060092e-02,3.0891882812e+04
2295,1.5598374605e+00,6.4810682088e-03,-1.7737189531e+00,1.5128637552e+00,-2.0896377042e-02,3.0891876953e+04
2296,1.5597931147e+00,6.1355046928e-03,-6.5478318930e-01,1.5260970592e+00,-1.4926834032e-02,3.0891896484e+04
2297,1.5597140789e+00,5.7479878888e-03,-2.0566473007e+00,1.5100739002e+00,-1.1838683859e-02,3.0891578125e+04
2298,1.5597103834e+00,5.2947574295e-03,-1.5517616272e+00,1.5002299547e+00,-1.2776031159e-02,3.0891730469e+04
2299,1.5597646236e+00,4.8316223547e-03,-2.3497698307e+00,1.4987869263e+00,-2.4338226765e-02,3.0891847656e+04
2300,1.5596072674e+00,4.6179089695e-03,-3.9593663216e+00,1.5066946745e+00,6.8044280633e-03,3.0891687500e+04
2301,1.5594431162e+00,4.3946555816e-03,-3.5769505501e+00,1.5139420033e+00,-2.3172302172e-02,3.0891984375e+04
2302,1.5593814850e+00,4.2027854361e-03,-4.2822799683e+00,1.5098251104e+00,-1.9465636462e-02,3.0891726562e+04
2303,1.5593817234e+00,3.7613888271e-03,-3.7970888615e+00,1.5247670412e+00,-4.5367432758e-03,3.0892093750e+04
2304,1.5595607758e+00,3.3153297845e-03,-1.4820781350e-01,1.5330435038e+00,3.4987640101e-03,3.0891652344e+04
2305,1.5596647263e+00,2.9268397484e-03,-3.2449493408e+00,1.5131731033e+00,4.4667054899e-03,3.0891953125e+04
2306,1.5596854687e+00,2.3341793567e-03,-4.2508988380e+00,1.5208722353e+00,1.5119018964e-02,3.0892179688e+04
2307,1.5595988035e+00,1.9268443575e-03,-8.4108972549e+00,1.4967246056e+00,-5.9732818045e-03,3.0892398438e+04
2308,1.5595332384e+00,1.3182822149e-03,-5.3863482475e+00,1.4856655598e+00,-1.6504364088e-02,3.0892699219e+04
2309,1.5594972372e+00,9.4651360996e-04,-3.4804644585e+00,1.4989625216e+00,-6.7567443475e-03,3.0892392578e+04
2310,1.5594866276e+00,7.2912260657e-04,6.5287184715e-01,1.4925131798e+00,-2.4246978574e-03,3.0892812500e+04
2311,1.5595092773e+00,3.6654210999e-04,-2.0138473809e-01,1.4914720058e+00,1.6845703358e-03,3.0892371094e+04
2312,1.5596085787e+00,1.1569794879e-04,-6.9726336002e-01,1.4996768236e+00,-1.6962433001e-03,3.0892812500e+04
2313,1.5596317053e+00,-3.7682216498e-04,-7.7990663052e-01,1.4985513687e+00,-2.5983275846e-02,3.0892953125e+04
2314,1.5597066879e+00,-8.0490252003e-04,-4.4912533760e+00,1.4812949896e+00,1.4490508474e-03,3.0893123047e+04
2315,1.5596977472e+00,-1.0712725343e-03,-3.6791169643e+00,1.5042626858e+00,1.0436325334e-02,3.0893570312e+04
2316,1.5595487356e+00,-1.4731807169e-03,-3.3299643993e+00,1.5048614740e+00,3.2203674782e-03,3.0893615234e+04
2317,1.5594763756e+00,-1.9974380266e-03,-3.2519817352e+00,1.5051693916e+00,1.5741729876e-03,3.0894033203e+04
2318,1.5595318079e+00,-2.4190105032e-03,-1.0901696682e+00,1.5241653919e+00,2.6520537212e-03,3.0893318359e+04
2319,1.5595374107e+00,-2.9036682099e-03,-3.2026634216e+00,1.4974054098e+00,3.0158995651e-03,3.0893365234e+04
2320,1.5595239401e+00,-3.2177134417e-03,-5.6215614080e-02,1.5017608404e+00,4.4475860894e-02,3.0893707031e+04
2321,1.5594583750e+00,-3.6418472882e-03,-4.9838261604e+00,1.4959471226e+00,3.4901808947e-02,3.0892867188e+04
2322,1.5594849586e+00,-4.0507600643e-03,-4.0142774582e+00,1.4981135130e+00,1.6541443765e-02,3.0892851562e+04
2323,1.5594477654e+00,-4.5360634103e-03,-4.3332257271e+00,1.4996289015e+00,3.3356018364e-02,3.0892875000e+04
2324,1.5594549179e+00,-5.0534559414e-03,-5.3668370247e+00,1.5059041977e+00,2.1318893880e-02,3.0892746094e+04
2325,1.5595149994e+00,-5.5039515719e-03,-4.2590208054e+00,1.5069937706e+00,-1.0451812297e-02,3.0892613281e+04
2326,1.5595495701e+00,-5.9047448449e-03,-2.6848766804e+00,1.5213390589e+00,-2.0094299689e-02,3.0892470703e+04
2327,1.5595530272e+00,-6.2620812096e-03,-3.8397166133e-01,1.5269033909e+00,-1.3144378550e-02,3.0892175781e+04
2328,1.5593620539e+00,-6.6114752553e-03,-1.0162396431e+00,1.5142974854e+00,1.5029754490e-02,3.0892208984e+04
2329,1.5593897104e+00,-6.9000814110e-03,-3.6257362366e+00,1.4873236418e+00,1.5024795197e-02,3.0892685547e+04
2330,1.5594363213e+00,-7.0325611159e-03,-5.3647999763e+00,1.4742882252e+00,-8.8180545717e-03,3.0892593750e+04
2331,1.5594038963e+00,-7.2397938929e-03,-5.6413331032e+00,1.4827923775e+00,-1.8789673224e-02,3.0892552734e+04
2332,1.5594844818e+00,-7.3870364577e-03,-1.8409315348e+00,1.4841084480e+00,-1.3329010457e-02,3.0892824219e+04
2333,1.5595252514e+00,-7.5898924842e-03,3.4021645784e-02,1.5111324787e+00,-6.3335420564e-03,3.0892546875e+04
2334,1.5595033169e+00,-7.9252086580e-03,1.9099268913e+00,1.5109438896e+00,2.7102280408e-02,3.0892373047e+04
2335,1.5593986511e+00,-8.3310650662e-03,9.2152678967e-01,1.4942789078e+00,1.3918532990e-02,3.0892000000e+04
2336,1.5592761040e+00,-8.7091280147e-03,-2.1367096901e+00,1.5129272938e+00,8.2118986174e-03,3.0892343750e+04
2337,1.5591512918e+00,-9.0143280104e-03,-4.0852169991e+00,1.4933563471e+00,1.8938828260e-02,3.0892119141e+04
2338,1.5591161251e+00,-9.2118950561e-03,-7.0889401436e+00,1.4754716158e+00,1.5508498996e-02,3.0892232422e+04
2339,1.5589896441e+00,-9.4167841598e-03,-4.0331020355e+00,1.4709717035e+00,-2.3247527424e-03,3.0892380859e+04
2340,1.5588337183e+00,-9.4839921221e-03,-4.1937522888e+00,1.4712588787e+00,-9.2681888491e-03,3.0892248047e+04
2341,1.5587637424e+00,-9.6000013873e-03,-1.3117380142e+00,1.4943884611e+00,1.4685439877e-02,3.0892009766e+04
2342,1.5587043762e+00,-9.7691034898e-03,-1.2579947710e+00,1.4949052334e+00,3.8848649710e-02,3.0891365234e+04
2343,1.5587484837e+00,-1.0064636357e-02,-1.0798630714e+00,1.5147665739e+00,2.8365401551e-02,3.0891855469e+04
2344,1.5586646795e+00,-1.0330913588e-02,-2.9003779888e+00,1.4970519543e+00,1.3800049201e-03,3.0891722656e+04
2345,1.5585365295e+00,-1.0482027195e-02,-7.6000237465e+00,1.4692759514e+00,7.2773741558e-03,3.0891019531e+04
2346,1.5584181547e+00,-1.0624526069e-02,-6.6480846405e+00,1.4804677963e+00,2.3167419713e-03,3.0891121094e+04
2347,1.5582914352e+00,-1.0694594122e-02,-8.4243097305e+00,1.4978721142e+00,4.5911408961e-02,3.0891195312e+04
2348,1.5581398010e+00,-1.0697462596e-02,-6.0777149200e+00,1.5033042431e+00,1.7335128039e-02,3.0890908203e+04
2349,1.5579463243e+00,-1.0536343791e-02,-4.5517807007e+00,1.4956310987e+00,3.4351043403e-02,3.0890558594e+04
2350,1.5579336882e+00,-1.0507008992e-02,-2.2021021843e+00,1.5114098787e+00,-4.0467069484e-03,3.0890515625e+04
2351,1.5580085516e+00,-1.0568498634e-02,-2.3656096458e+00,1.5020432472e+00,1.2541961856e-02,3.0890148438e+04
2352,1.5580253601e+00,-1.0489164852e-02,-4.4489064217e+00,1.5029867887e+00,1.4644393697e-02,3.0890031250e+04
2353,1.5581352711e+00,-1.0391155258e-02,-4.0026416779e+00,1.4948971272e+00,2.1156845614e-02,3.0890625000e+04
2354,1.5581971407e+00,-1.0529966094e-02,-4.6661233902e+00,1.4908306599e+00,1.4244689606e-02,3.0890101562e+04
2355,1.5584093332e+00,-1.0712364689e-02,-3.2274718285e+00,1.4817895889e+00,2.7529906947e-03,3.0890669922e+04
2356,1.5585399866e+00,-1.0902736336e-02,3.3705389500e-01,1.4743467569e+00,1.2205505045e-03,3.0890251953e+04
2357,1.5584481955e+00,-1.0878060013e-02,-3.1842405796e+00,1.4830644131e+00,-9.9293515086e-03,3.0890593750e+04
2358,1.5583244562e+00,-1.0696328245e-02,7.5579762459e-01,1.5159499645e+00,5.5410768837e-03,3.0890521484e+04
2359,1.5582112074e+00,-1.0683547705e-02,-3.6885709763e+00,1.5101072788e+00,7.0062256418e-03,3.0889935547e+04
2360,1.5583527088e+00,-1.0728255846e-02,2.1841984987e-01,1.5202237368e+00,2.7496719733e-02,3.0890501953e+04
2361,1.5584380627e+00,-1.0776461102e-02,-3.0898699760e+00,1.4937753677e+00,1.9139785320e-02,3.0890673828e+04
2362,1.5585422516e+00,-1.0743589140e-02,-4.9377055168e+00,1.5094469786e+00,4.5870207250e-03,3.0891078125e+04
2363,1.5585724115e+00,-1.0634893551e-02,-3.4298882484e+00,1.5316845179e+00,-2.4280929938e-02,3.0891152344e+04
2364,1.5587050915e+00,-1.0524782352e-02,-2.0725021362e+00,1.5351284742e+00,-2.2063750774e-02,3.0890968750e+04
2365,1.5588480234e+00,-1.0385429487e-02,5.7271885872e-01,1.5180908442e+00,-2.6980437338e-02,3.0890986328e+04
2366,1.5589369535e+00,-1.0190580972e-02,-4.9709871411e-01,1.5177339315e+00,-8.2390597090e-03,3.0890988281e+04
2367,1.5590250492e+00,-1.0057261214e-02,-7.2159522772e-01,1.5275130272e+00,-1.6186751425e-02,3.0891300781e+04
2368,1.5590820312e+00,-1.0050375015e-02,-2.0980784893e+00,1.5249727964e+00,2.8981095180e-02,3.0891484375e+04
2369,1.5592736006e+00,-1.0117365979e-02,-3.7165956497e+00,1.5241796970e+00,2.7862701565e-02,3.0891378906e+04
2370,1.5593641996e+00,-1.0047030635e-02,-2.4482088089e+00,1.5266174078e+00,1.4690628275e-02,3.0891777344e+04
2371,1.5593181849e+00,-9.8226089031e-03,-2.3157906532e+00,1.4948680401e+00,8.0371852964e-03,3.0891531250e+04
2372,1.5592641830e+00,-9.5968730748e-03,-2.9483399391e+00,1.4904092550e+00,1.8970947713e-02,3.0892003906e+04
2373,1.5592172146e+00,-9.3947518617e-03,-3.0448296070e+00,1.4969482422e+00,1.9283905625e-02,3.0891578125e+04
2374,1.5592594147e+00,-9.2595946044e-03,-2.6730437279e+00,1.5081323385e+00,1.0986861773e-02,3.0891828125e+04
2375,1.5593577623e+00,-9.1213481501e-03,8.9751702547e-01,1.5018228292e+00,1.5601349296e-03,3.0892083984e+04
2376,1.5593346357e+00,-8.6777806282e-03,-2.9019899368e+00,1.4957718849e+00,1.6615295317e-03,3.0892185547e+04
2377,1.5594016314e+00,-8.2752285525e-03,-1.1862761974e+00,1.4795947075e+00,6.1553190462e-03,3.0891722656e+04
2378,1.5595513582e+00,-8.0031845719e-03,-5.0433106422e+00,1.4751179218e+00,1.6520766541e-02,3.0891656250e+04
2379,1.5596839190e+00,-7.9445093870e-03,-4.3639626503e+00,1.4890865088e+00,1.1902389117e-02,3.0890902344e+04
2380,1.5598262548e+00,-7.7950004488e-03,-5.1095309258e+00,1.5188140869e+00,-1.5106430277e-02,3.0891066406e+04
2381,1.5599899292e+00,-7.5442800298e-03,-2.6713669300e+00,1.5105034113e+00,-5.8102416806e-03,3.0891212891e+04
2382,1.5599560738e+00,-7.1634817868e-03,-5.4782080650e+00,1.4976884127e+00,3.4497070592e-03,3.0891148438e+04
2383,1.5599710941e+00,-6.6971764900e-03,-5.4096632004e+00,1.4962843657e+00,2.8487700969e-02,3.0890910156e+04
2384,1.5599294901e+00,-6.2782992609e-03,-4.5373311043e+00,1.4906234741e+00,1.4866637997e-02,3.0890562500e+04
2385,1.5600900650e+00,-5.9386217035e-03,-3.4978697300e+00,1.5142076015e+00,1.9744262099e-02,3.0890378906e+04
2386,1.5602661371e+00,-5.7217478752e-03,-1.3179891109e+00,1.5155972242e+00,-4.3706512079e-03,3.0890062500e+04
2387,1.5604325533e+00,-5.6780995801e-03,6.7596465349e-01,1.5134854317e+00,-2.1185150370e-02,3.0890000000e+04
2388,1.5605890751e+00,-5.7133510709e-03,-1.5440435410e+00,1.5205676556e+00,-4.0963210166e-02,3.0889775391e+04
2389,1.5606541634e+00,-5.7158055715e-03,-4.0950913429e+00,1.5307242870e+00,-4.6708222479e-02,3.0889240234e+04
2390,1.5606452227e+00,-5.5781602859e-03,-7.4086828232e+00,1.5149884224e+00,-4.0791779757e-02,3.0889275391e+04
2391,1.5606335402e+00,-5.3500486538e-03,-6.0806307793e+00,1.5045410395e+00,-2.9674453661e-02,3.0889398438e+04
2392,1.5606615543e+00,-5.1179025322e-03,-5.2137227058e+00,1.5392526388e+00,-6.8625640124e-03,3.0889511719e+04
2393,1.5607239008e+00,-4.9133654684e-03,-1.1559221745e+00,1.5208914280e+00,-2.1465988830e-02,3.0889353516e+04
2394,1.5607604980e+00,-4.7649843618e-03,-1.7229251862e+00,1.5139815807e+00,2.7324676048e-03,3.0890187500e+04
2395,1.5608748198e+00,-4.7531891614e-03,-1.8425468206e+00,1.5167000294e+00,-1.0475311428e-02,3.0890441406e+04
2396,1.5609446764e+00,-4.6392818913e-03,-1.8721724749e+00,1.5152730942e+00,-2.1568299271e-03,3.0890187500e+04
2397,1.5610218048e+00,-4.4486252591e-03,1.0284765959e+00,1.5205913782e+00,9.0866087703e-04,3.0890949219e+04
2398,1.5609775782e+00,-4.1323937476e-03,2.2811613083e+00,1.5012136698e+00,3.0658492818e-02,3.0891316406e+04
2399,1.5608712435e+00,-3.9301123470e-03,4.7242057323e-01,1.4938728809e+00,-2.3801422212e-03,3.0890966797e+04
2400,1.5608743429e+00,-3.7823102903e-03,2.5009994507e+00,1.5100843906e+00,-3.8821410853e-03,3.0891464844e+04
2401,1.5609169006e+00,-4.0034777485e-03,-8.1305217743e-01,1.5024478436e+00,5.6195831858e-03,3.0891787109e+04
2402,1.5610611439e+00,-4.1519533843e-03,-2.3292953968e+00,1.5099815130e+00,-1.1295624077e-02,3.0891927734e+04
2403,1.5610867739e+00,-4.2328387499e-03,-1.3177173138e+00,1.5046499968e+00,-1.4782791026e-02,3.0892173828e+04
2404,1.5609900951e+00,-4.0766284801e-03,-2.2820374966e+00,1.4983371496e+00,-3.0948868021e-02,3.0892126953e+04
2405,1.5608636141e+00,-3.8682564627e-03,-2.1676135063e+00,1.5009341240e+00,-1.8331145868e-02,3.0892585938e+04
2406,1.5608692169e+00,-3.6850045435e-03,-1.7903342247e+00,1.5015045404e+00,-2.2477569059e-02,3.0892816406e+04
2407,1.5608618259e+00,-3.4804549068e-03,-3.3232154846e+00,1.5038864613e+00,-1.4065094292e-02,3.0892318359e+04
2408,1.5608346462e+00,-3.2663450111e-03,-6.7127895355e-01,1.5255682468e+00,7.4552153237e-03,3.0892373047e+04
2409,1.5608134270e+00,-3.1408432405e-03,-4.6248501539e-01,1.5296707153e+00,7.6190950349e-03,3.0891802734e+04
2410,1.5607962608e+00,-3.1606445555e-03,-4.4255256653e+00,1.5189049244e+00,1.1237869039e-02,3.0891876953e+04
2411,1.5606937408e+00,-3.0192960985e-03,-5.1918282509e+00,1.5293487310e+00,6.9644167088e-03,3.0891693359e+04
2412,1.5606660843e+00,-2.8692523483e-03,-9.2422885895e+00,1.5274746418e+00,1.6403198242e-03,3.0891349609e+04
2413,1.5607060194e+00,-2.8514908627e-03,-7.3297872543e+00,1.5085641146e+00,-3.5214233212e-03,3.0891697266e+04
2414,1.5608140230e+00,-2.9106601141e-03,-6.4193587303e+00,1.5048739910e+00,9.4386292621e-03,3.0891986328e+04
2415,1.5608522892e+00,-3.0006049201e-03,-5.2967157364e+00,1.4882338047e+00,7.6816556975e-03,3.0891919922e+04
2416,1.5609104633e+00,-3.0784150586e-03,-2.2922556400e+00,1.5152081251e+00,-2.3063659319e-04,3.0891425781e+04
2417,1.5608919859e+00,-3.1778621487e-03,-2.7158957720e-01,1.5294739008e+00,5.8049010113e-03,3.0891630859e+04
2418,1.5609169006e+00,-3.1208002474e-03,2.0140564442e+00,1.5227371454e+00,9.6228029579e-03,3.0891125000e+04
2419,1.5607498884e+00,-2.9561882839e-03,-1.3882966042e+00,1.5189294815e+00,6.2176515348e-03,3.0891320312e+04
2420,1.5606352091e+00,-2.6282593608e-03,-1.7030205727e+00,1.5208891630e+00,-6.8258666433e-03,3.0891376953e+04
2421,1.5604250431e+00,-2.4981726892e-03,-7.2425379753e+00,1.5208648443e+00,1.2410964817e-02,3.0891859375e+04
2422,1.5604075193e+00,-2.5327331387e-03,-6.4801449776e+00,1.5182619095e+00,2.1980209276e-02,3.0891560547e+04
2423,1.5603967905e+00,-2.7059868444e-03,-4.9794459343e+00,1.5233989954e+00,6.0601807199e-03,3.0891710938e+04
2424,1.5604662895e+00,-2.8123147786e-03,-7.9782783985e-01,1.4986671209e+00,5.2577974275e-03,3.0891593750e+04
2425,1.5604313612e+00,-2.6909573935e-03,1.4716504514e-01,1.4855798483e+00,1.6654051840e-02,3.0892564453e+04
2426,1.5602084398e+00,-2.6618901175e-03,-1.2726781368e+00,1.4965739250e+00,1.6544723883e-02,3.0892876953e+04
2427,1.5600502491e+00,-2.6296072174e-03,-3.7290232182e+00,1.4837265015e+00,4.0062867105e-02,3.0893058594e+04
2428,1.5601055622e+00,-2.5070828851e-03,8.3117008209e-01,1.5052514076e+00,2.8022460639e-02,3.0893033203e+04
2429,1.5601252317e+00,-2.3950929753e-03,1.4507113695e+00,1.4960808754e+00,2.5658264756e-02,3.0893470703e+04
2430,1.5600658655e+00,-2.3156811949e-03,2.1549713612e+00,1.4899992943e+00,9.2759700492e-03,3.0893140625e+04
2431,1.5599156618e+00,-2.3526370060e-03,-1.2298738956e-01,1.5062659979e+00,1.4740829356e-02,3.0893242188e+04
2432,1.5598574877e+00,-2.2475232836e-03,-1.5997529030e-02,1.4938426018e+00,4.3723601848e-02,3.0893267578e+04
2433,1.5597724915e+00,-2.0539790858e-03,-3.1814846992e+00,1.4937624931e+00,2.4916686118e-02,3.0893662109e+04
2434,1.5597368479e+00,-1.9103854429e-03,-4.6293888092e+00,1.4845951796e+00,2.2189559415e-02,3.0893748047e+04
2435,1.5596832037e+00,-1.7621133011e-03,-6.9529447556e+00,1.5011649132e+00,3.3408202231e-02,3.0893578125e+04
2436,1.5595854521e+00,-1.8634741427e-03,-6.0008516312e+00,1.5079147816e+00,1.6611022875e-02,3.0892957031e+04
2437,1.5595951080e+00,-1.9281007117e-03,-3.6549587250e+00,1.5193597078e+00,3.4393385053e-02,3.0892861328e+04
2438,1.5596078634e+00,-2.0665153861e-03,-2.2373385429e+00,1.5207955837e+00,4.0453948081e-02,3.0892869141e+04
2439,1.5595867634e+00,-2.1111506503e-03,-4.4925112724e+00,1.4861072302e+00,6.3576810062e-02,3.0893388672e+04
2440,1.5594104528e+00,-2.0690273959e-03,-7.0705871582e+00,1.4647636414e+00,3.3066559583e-02,3.0893250000e+04
2441,1.5592267513e+00,-2.1101229358e-03,-6.1902112961e+00,1.4857966900e+00,1.3706130907e-02,3.0893021484e+04
2442,1.5591356754e+00,-2.0664087497e-03,-1.4907429218e+00,1.4983193874e+00,-1.4373397455e-02,3.0892603516e+04
2443,1.5589927435e+00,-1.8619388575e-03,-2.1665674448e-01,1.5067120790e+00,3.9390564780e-04,3.0892119141e+04
2444,1.5588808060e+00,-1.5758924419e-03,-1.4951826334e+00,1.5344504118e+00,2.7773667127e-02,3.0892269531e+04
2445,1.5586303473e+00,-1.2330509489e-03,-8.2412118912e+00,1.5061211586e+00,2.9492264614e-02,3.0891875000e+04
2446,1.5585439205e+00,-1.1536362581e-03,-9.6831750870e+00,1.5108463764e+00,1.5382690355e-02,3.0892263672e+04
2447,1.5585060120e+00,-1.0700805578e-03,-6.4188418388e+00,1.4955517054e+00,-9.0388488024e-03,3.0891947266e+04
2448,1.5586094856e+00,-1.1122520082e-03,-7.4823675156e+00,1.4977945089e+00,4.1844178922e-03,3.0892652344e+04
2449,1.5586475134e+00,-1.0427702218e-03,-1.7701628208e+00,1.5078723431e+00,1.2545013800e-02,3.0892125000e+04
2450,1.5584948063e+00,-1.0613589548e-03,-4.1317319870e+00,1.5033978224e+00,3.3139036968e-03,3.0892585938e+04
2451,1.5583212376e+00,-8.9622370433e-04,-3.9321568608e-01,1.4972778559e+00,-1.1914825300e-03,3.0892765625e+04
2452,1.5581306219e+00,-5.5976794101e-04,-3.1664109230e-01,1.4853900671e+00,1.1313782074e-02,3.0892722656e+04
2453,1.5582907200e+00,-3.9094968815e-04,2.3150758743e+00,1.4718482494e+00,3.1815260649e-02,3.0893044922e+04
2454,1.5582820177e+00,-2.9616322718e-04,1.7260123789e-01,1.4689363241e+00,1.6610946506e-02,3.0893400391e+04
2455,1.5584425926e+00,-5.0018858019e-05,-7.9031789303e-01,1.4803276062e+00,1.5884399181e-04,3.0893503906e+04
2456,1.5585670471e+00,-2.6005727705e-07,4.1836959124e-01,1.4972149134e+00,-1.0089416057e-02,3.0893404297e+04
2457,1.5585319996e+00,1.3569407747e-04,-7.0247507095e-01,1.5105736256e+00,-6.8746185862e-03,3.0893001953e+04
2458,1.5586323738e+00,3.1583406962e-04,8.8433569670e-01,1.5303297043e+00,1.0531158186e-02,3.0893332031e+04
2459,1.5586336851e+00,4.9313867930e-04,-2.8247547150e+00,1.5209482908e+00,1.4213943854e-02,3.0893515625e+04
2460,1.5587056875e+00,6.8668799940e-04,-6.6489396095e+00,1.5039684772e+00,3.5798341036e-02,3.0893578125e+04
2461,1.5587775707e+00,8.7357737357e-04,-6.6777701378e+00,1.4870797396e+00,-1.8102340400e-02,3.0893537109e+04
2462,1.5590153933e+00,8.6125853704e-04,-5.6080861092e+00,1.4702481031e+00,4.8320009373e-03,3.0893824219e+04
2463,1.5592904091e+00,7.3454470839e-04,-1.7247457504e+00,1.4749523401e+00,-5.5813598447e-03,3.0893431641e+04
2464,1.5594621897e+00,6.6707748920e-04,-3.7156417966e-01,1.4937798977e+00,-1.6545867547e-03,3.0893589844e+04
2465,1.5595204830e+00,6.0648634098e-04,3.5599142313e-01,1.5080856085e+00,1.5156555455e-03,3.0893259766e+04
2466,1.5595376492e+00,7.4870383833e-04,-9.5180833340e-01,1.5025678873e+00,1.3511657016e-04,3.0892882812e+04
2467,1.5595420599e+00,8.2603836199e-04,-2.8191500902e-01,1.5166665316e+00,6.5388488583e-03,3.0893166016e+04
2468,1.5594927073e+00,9.6215558005e-04,-1.5780595541e+00,1.4761004448e+00,-5.8113862760e-03,3.0892513672e+04
2469,1.5594806671e+00,1.1303405045e-03,-6.4175271988e+00,1.4860378504e+00,9.2610167339e-03,3.0892906250e+04
2470,1.5595787764e+00,1.2648669071e-03,-3.3716402054e+00,1.4759079218e+00,-5.0296019763e-03,3.0892146484e+04
2471,1.5595048666e+00,1.4675044222e-03,-6.1503224373e+00,1.5015095472e+00,8.9724734426e-03,3.0891861328e+04
2472,1.5594211817e+00,1.4571975917e-03,-1.5552533865e+00,1.4964985847e+00,1.3351440430e-03,3.0891546875e+04
2473,1.5593218803e+00,1.5705045080e-03,-3.8697266579e+00,1.5179766417e+00,1.2708053924e-02,3.0891490234e+04
2474,1.5593491793e+00,1.5904376050e-03,-4.2304606438e+00,1.5212064981e+00,1.2786559761e-02,3.0891582031e+04
2475,1.5595489740e+00,1.5692719026e-03,-6.4037108421e+00,1.5112674236e+00,-4.0054321289e-03,3.0891474609e+04
2476,1.5595754385e+00,1.4712390257e-03,-4.8895039558e+00,1.5218462944e+00,1.8012084067e-02,3.0891183594e+04
2477,1.5594633818e+00,1.4526139712e-03,-3.2626779079e+00,1.4991375208e+00,8.7168887258e-03,3.0891232422e+04
2478,1.5592749119e+00,1.5035705874e-03,-2.1029257774e+00,1.4839506149e+00,3.4493636340e-02,3.0891130859e+04
2479,1.5591918230e+00,1.5105865896e-03,-5.5443537235e-01,1.4931101799e+00,2.1410370246e-03,3.0890818359e+04
2480,1.5592753887e+00,1.4536022209e-03,-7.0620751381e-01,1.4878720045e+00,4.2990110815e-03,3.0890873047e+04
2481,1.5594955683e+00,1.4873108594e-03,6.0656780005e-01,1.4659929276e+00,-5.0415038131e-03,3.0891386719e+04
2482,1.5594785213e+00,1.5223334776e-03,-1.4330071211e+00,1.4737988710e+00,-6.6085816361e-03,3.0891113281e+04
2483,1.5594624281e+00,1.6280080890e-03,-2.5223836899e+00,1.4978530407e+00,-5.6044771336e-03,3.0890595703e+04
2484,1.5592914820e+00,1.8491735682e-03,-2.2460243106e-01,1.5182332993e+00,-3.1777191907e-03,3.0890365234e+04
2485,1.5591838360e+00,2.1077964921e-03,-1.0207175016e+00,1.4966692924e+00,-1.4655914158e-02,3.0890375000e+04
2486,1.5592570305e+00,2.2454757709e-03,-2.6879901886e+00,1.5063766241e+00,7.4856565334e-03,3.0891060547e+04
2487,1.5594201088e+00,2.2571620066e-03,-5.0835433006e+00,1.5146685839e+00,1.7286911607e-02,3.0890867188e+04
2488,1.5595116615e+00,2.2164210677e-03,-6.4743380547e+00,1.5172191858e+00,5.2727507427e-03,3.0890865234e+04
2489,1.5595386028e+00,2.2041259799e-03,-2.9058187008e+00,1.4894119501e+00,-9.5954127610e-03,3.0890585938e+04
2490,1.5593270063e+00,2.2038586903e-03,-1.3541359901e+00,1.4926998615e+00,-1.5753173502e-03,3.0891226562e+04
2491,1.5589998960e+00,2.2931508720e-03,2.3577789962e-01,1.5008448362e+00,-3.0950927176e-03,3.0890833984e+04
2492,1.5587170124e+00,2.4071256630e-03,-3.2515628338e+00,1.5034468174e+00,2.1720885707e-04,3.0890910156e+04
2493,1.5585955381e+00,2.5330807548e-03,7.9823717475e-02,1.4733830690e+00,-7.5308228843e-03,3.0890839844e+04
2494,1.5585366488e+00,2.7401640546e-03,-2.1078507900e+00,1.4634864330e+00,-9.8242945969e-03,3.0890974609e+04
2495,1.5584626198e+00,2.9016176704e-03,-9.6795821190e-01,1.4809030294e+00,2.0992049947e-02,3.0890957031e+04
2496,1.5583086014e+00,2.9806299135e-03,-6.0025006533e-01,1.4811904430e+00,1.0157089680e-02,3.0890265625e+04
2497,1.5583055019e+00,2.9422095977e-03,-2.3017707467e-01,1.5088244677e+00,4.0570069104e-03,3.0890685547e+04
2498,1.5584024191e+00,2.9029175639e-03,-6.6666275263e-01,1.4917203188e+00,5.9445188381e-03,3.0890644531e+04
2499,1.5583127737e+00,2.9126666486e-03,-6.7397685051e+00,1.4863409996e+00,3.8572691847e-03,3.0890460938e+04
2500,1.5582462549e+00,2.9835926834e-03,-5.4923806190e+00,1.5168714523e+00,1.5894317767e-03,3.0889935547e+04
2501,1.5580805540e+00,3.1347053591e-03,-6.4558272362e+00,1.5248984098e+00,1.5579223400e-03,3.0890058594e+04
2502,1.5578906536e+00,3.0821124092e-03,-3.7235662937e+00,1.5061213970e+00,1.6815185547e-02,3.0890386719e+04
2503,1.5579185486e+00,3.1617733184e-03,-5.7934465408e+00,1.5112011433e+00,4.4073484838e-02,3.0890228516e+04
2504,1.5579385757e+00,2.9452485032e-03,-6.5047655106e+00,1.4847656488e+00,3.9527434856e-02,3.0890185547e+04
2505,1.5580049753e+00,2.8250764590e-03,-4.6346783638e+00,1.4987376928e+00,1.1923751794e-02,3.0889906250e+04
2506,1.5579867363e+00,2.8474126011e-03,-1.9341640472e+00,1.5027647018e+00,1.7054900527e-02,3.0889544922e+04
2507,1.5577946901e+00,3.0326091219e-03,-2.6568474770e+00,1.5069077015e+00,4.7899628989e-03,3.0890199219e+04
2508,1.5575771332e+00,3.3429679461e-03,-1.6277824640e+00,1.5127025843e+00,1.1419296265e-02,3.0889642578e+04
2509,1.5574076176e+00,3.5783057101e-03,-3.9106185436e+00,1.5062551498e+00,8.4088901058e-03,3.0889478516e+04
2510,1.5572413206e+00,3.7805589382e-03,-1.7678295076e-01,1.4993400574e+00,6.7255403847e-03,3.0888765625e+04
2511,1.5572214127e+00,3.6255926825e-03,-3.8347296715e+00,1.5191067457e+00,4.0661622770e-03,3.0889082031e+04
2512,1.5571805239e+00,3.4938661847e-03,-4.6685209274e+00,1.4983845949e+00,1.2933044694e-02,3.0888595703e+04
2513,1.5570299625e+00,3.5270238295e-03,-9.1513347626e+00,1.5203337669e+00,1.2018050998e-02,3.0888849609e+04
2514,1.5567948818e+00,3.7144520320e-03,-6.2135300636e+00,1.5342528820e+00,-6.4572906122e-03,3.0889074219e+04
2515,1.5565048456e+00,3.6263037473e-03,-7.7039103508e+00,1.5235077143e+00,-7.8881075606e-03,3.0888865234e+04
2516,1.5564620495e+00,3.5324608907e-03,-3.1792054176e+00,1.4939678907e+00,-1.8283081008e-03,3.0889275391e+04
2517,1.5563614368e+00,3.5230077337e-03,-3.5033774376e+00,1.4704855680e+00,-9.2845913023e-03,3.0889123047e+04
2518,1.5562032461e+00,3.4524744842e-03,-3.8067324162e+00,1.4946829081e+00,-4.0676118806e-03,3.0889880859e+04
2519,1.5560245514e+00,3.4686997533e-03,-1.0065726042e+00,1.4841866493e+00,-1.5732574975e-03,3.0890050781e+04
2520,1.5558705330e+00,3.3324554097e-03,-2.0331304073e+00,1.4893206358e+00,-1.8217545003e-02,3.0889888672e+04
2521,1.5558214188e+00,3.2672176603e-03,3.0091035366e+00,1.5205131769e+00,-2.6774749160e-02,3.0890738281e+04
2522,1.5555596352e+00,3.2091592439e-03,-2.2110934258e+00,1.5025728941e+00,-5.8561707847e-03,3.0890123047e+04
2523,1.5553723574e+00,3.0956056435e-03,-3.9863677025e+00,1.4870629311e+00,5.7318876497e-03,3.0890617188e+04
2524,1.5551284552e+00,3.1810440123e-03,-2.4764575958e+00,1.5072087049e+00,3.6505889148e-03,3.0890654297e+04
2525,1.5550130606e+00,3.2198156696e-03,-4.5980567932e+00,1.5249378681e+00,1.4490585774e-02,3.0890742188e+04
2526,1.5548989773e+00,3.3011382911e-03,-6.7247778177e-01,1.5167788267e+00,-1.6323776916e-02,3.0891191406e+04
2527,1.5548408031e+00,3.2887919806e-03,-4.8596506119e+00,1.5205926895e+00,-8.6927795783e-03,3.0890763672e+04
2528,1.5548244715e+00,3.1285935547e-03,-5.2291150093e+00,1.5300670862e+00,-8.4012607113e-03,3.0890425781e+04
2529,1.5547808409e+00,3.1161559746e-03,-6.8005390167e+00,1.5294438601e+00,1.5222168295e-03,3.0890427734e+04
2530,1.5546506643e+00,3.1322578434e-03,-8.4432697296e+00,1.5195891857e+00,3.0136108398e-04,3.0890029297e+04
2531,1.5544412136e+00,3.1301279087e-03,-8.4215602875e+00,1.5239945650e+00,-9.8249819130e-03,3.0890810547e+04
2532,1.5543999672e+00,3.0798865482e-03,-7.1831564903e+00,1.5186353922e+00,-1.5113754198e-02,3.0890406250e+04
2533,1.5543653965e+00,3.0260889325e-03,-7.4419832230e+00,1.4955395460e+00,-4.9955900759e-02,3.0890496094e+04
2534,1.5543892384e+00,2.8304923326e-03,-1.8886580467e+00,1.4899096489e+00,-3.7581786513e-02,3.0890068359e+04
2535,1.5543646812e+00,2.6526236907e-03,-3.4672803879e+00,1.5105813742e+00,-2.0809097216e-02,3.0889564453e+04
2536,1.5543628931e+00,2.5551319122e-03,-9.4467103481e-02,1.5288943052e+00,-7.0409392938e-03,3.0889015625e+04
2537,1.5542885065e+00,2.4157038424e-03,-2.0932517052e+00,1.5349942446e+00,-9.6219638363e-03,3.0889039062e+04
2538,1.5543416739e+00,2.2634163033e-03,-1.7180204391e+00,1.5242989063e+00,-1.4186096378e-03,3.0888812500e+04
2539,1.5542976856e+00,2.1755525377e-03,-4.9617271423e+00,1.5048176050e+00,-9.7612002864e-03,3.0888945312e+04
2540,1.5542805195e+00,2.1080502775e-03,-4.6748929024e+00,1.5115900040e+00,-1.5184402466e-02,3.0889082031e+04
2541,1.5542566776e+00,2.0131079946e-03,-6.6708755493e+00,1.5215878487e+00,-6.8253325298e-03,3.0888734375e+04
2542,1.5542819500e+00,1.8684656825e-03,-5.4841222763e+00,1.5429295301e+00,-1.0763701983e-02,3.0889074219e+04
2543,1.5542912483e+00,1.6439731698e-03,-3.5420355797e+00,1.4953476191e+00,2.4643708020e-03,3.0889787109e+04
2544,1.5542851686e+00,1.6681172419e-03,-4.4254875183e+00,1.4893035889e+00,-5.1495363005e-03,3.0889826172e+04
2545,1.5542037487e+00,1.6824844060e-03,-1.6409274340e+00,1.5146038532e+00,-1.9352570176e-02,3.0890054688e+04
2546,1.5541313887e+00,1.4562711585e-03,1.0576117039e+00,1.4967465401e+00,-1.3912734576e-02,3.0889814453e+04
2547,1.5540416241e+00,1.1793202721e-03,8.2068693638e-01,1.5002572536e+00,6.3961790875e-03,3.0889837891e+04
2548,1.5540215969e+00,7.9934101086e-04,2.4379913807e+00,1.4816033840e+00,7.5550079346e-03,3.0889816406e+04
2549,1.5538090467e+00,7.1187637514e-04,-2.4971992970e+00,1.4849132299e+00,-3.1458281446e-03,3.0889429688e+04
2550,1.5537883043e+00,7.0949713700e-04,-1.9537190199e+00,1.5032380819e+00,-2.0213928074e-02,3.0889494141e+04
2551,1.5539492369e+00,3.7190222065e-04,-5.4001007080e+00,1.4974343777e+00,-2.3136062548e-02,3.0889234375e+04
2552,1.5541683435e+00,-1.4457310317e-04,-5.8142561913e+00,1.5092507601e+00,-1.3335952535e-02,3.0889671875e+04
2553,1.5542569160e+00,-7.3537422577e-04,-5.3545346260e+00,1.5223913193e+00,-1.0199279524e-02,3.0890042969e+04
2554,1.5543066263e+00,-1.1506662704e-03,-6.3806142807e+00,1.5132913589e+00,-9.5088193193e-03,3.0889824219e+04
2555,1.5543540716e+00,-1.3344362378e-03,-3.4826662540e+00,1.4972372055e+00,-2.1369399503e-02,3.0889621094e+04
2556,1.5544686317e+00,-1.5950776869e-03,-2.7248492241e+00,1.4894859791e+00,-1.2313384563e-02,3.0889839844e+04
2557,1.5545611382e+00,-1.9004032947e-03,-3.1022269726e+00,1.4833564758e+00,-2.2058028728e-02,3.0889470703e+04
2558,1.5546399355e+00,-2.1840299014e-03,-3.4064369202e+00,1.5080304146e+00,-2.7684325352e-02,3.0889523438e+04
2559,1.5546704531e+00,-2.3885271512e-03,-2.5469117165e+00,1.5258834362e+00,-3.6622468382e-02,3.0889630859e+04
2560,1.5547120571e+00,-2.6892335154e-03,-3.8572661877e+00,1.5460388660e+00,-3.0893096700e-02,3.0889191406e+04
2561,1.5548286438e+00,-3.0658817850e-03,-4.8693294525e+00,1.5297323465e+00,-2.6178054512e-02,3.0889013672e+04
2562,1.5549627542e+00,-3.3927646000e-03,-4.6516547203e+00,1.5209405422e+00,-3.3572388347e-03,3.0888871094e+04
2563,1.5550484657e+00,-3.6455290392e-03,-7.0216555595e+00,1.4928622246e+00,2.0635070279e-02,3.0889271484e+04
2564,1.5550627708e+00,-3.9108819328e-03,-5.8843278885e+00,1.4665721655e+00,-8.1542208791e-03,3.0889365234e+04
2565,1.5549205542e+00,-4.2084399611e-03,-5.9527835846e+00,1.4924302101e+00,-2.9576338828e-02,3.0889617188e+04
2566,1.5549676418e+00,-4.6584438533e-03,-1.2868462801e+00,1.4968099594e+00,-2.8563462198e-02,3.0889748047e+04
2567,1.5549983978e+00,-4.8323613591e-03,-2.1829524040e+00,1.5008761883e+00,-3.2174605876e-02,3.0889128906e+04
2568,1.5550165176e+00,-5.0458554178e-03,-8.6226058006e-01,1.5247920752e+00,-1.8787689507e-02,3.0889101562e+04
2569,1.5548819304e+00,-5.1996475086e-03,-2.4920475483e+00,1.5095355511e+00,-2.0528412424e-03,3.0888537109e+04
2570,1.5549057722e+00,-5.3574843332e-03,-4.7717556953e+00,1.5200961828e+00,-1.6590271145e-02,3.0889126953e+04
2571,1.5551807880e+00,-5.6415176950e-03,-2.7349264622e+00,1.5036441088e+00,-1.3584060594e-02,3.0889117188e+04
2572,1.5554071665e+00,-6.0284053907e-03,-7.6326594353e+00,1.5094552040e+00,-2.1057281643e-02,3.0889466797e+04
2573,1.5556900501e+00,-6.4518060535e-03,-3.7430410385e+00,1.4850481749e+00,-4.6376036480e-03,3.0889638672e+04
2574,1.5557687283e+00,-6.6850357689e-03,-6.5703516006e+00,1.4942904711e+00,1.0826569051e-02,3.0890091797e+04
2575,1.5558400154e+00,-6.8207709119e-03,-3.3372764587e+00,1.5065368414e+00,5.8227538830e-04,3.0889427734e+04
2576,1.5559594631e+00,-7.0406692103e-03,-3.1053054333e+00,1.5138074160e+00,-8.1239314750e-03,3.0889865234e+04
2577,1.5558943748e+00,-7.0773446932e-03,6.1229681969e-01,1.5024813414e+00,-9.5483399928e-03,3.0889978516e+04
2578,1.5557494164e+00,-7.3203844950e-03,-3.2189962864e+00,1.5086158514e+00,-9.1105652973e-03,3.0890359375e+04
2579,1.5556056499e+00,-7.5813005678e-03,-7.4401897192e-01,1.5033450127e+00,9.0476986952e-04,3.0890056641e+04
2580,1.5555634499e+00,-7.8160706908e-03,-2.2322764397e+00,1.5184398890e+00,-1.4917144552e-02,3.0889822266e+04
2581,1.5553609133e+00,-8.0080125481e-03,-2.2278757095e+00,1.4981243610e+00,4.2932890356e-03,3.0890691406e+04
2582,1.5553140640e+00,-8.2543464378e-03,-4.6939730644e+00,1.5078758001e+00,8.8854217902e-03,3.0891156250e+04
2583,1.5554153919e+00,-8.5089607164e-03,-6.8428120613e+00,1.4979312420e+00,2.1523132920e-02,3.0891048828e+04
2584,1.5555541515e+00,-8.5703069344e-03,-4.5246815681e+00,1.4963160753e+00,1.6267623752e-02,3.0891091797e+04
2585,1.5555659533e+00,-8.4930211306e-03,-1.0128744841e+00,1.5183227062e+00,2.7824402787e-03,3.0891148438e+04
2586,1.5554096699e+00,-8.2406112924e-03,-1.6820222139e+00,1.5103000402e+00,4.7698975541e-03,3.0890623047e+04
2587,1.5553771257e+00,-8.1574395299e-03,-2.5265758038e+00,1.5251536369e+00,6.3806916587e-03,3.0891257812e+04
2588,1.5554286242e+00,-8.3452053368e-03,-5.2772884369e+00,1.5231766701e+00,9.1338343918e-03,3.0891111328e+04
2589,1.5556427240e+00,-8.5016470402e-03,-7.3202762604e+00,1.5154774189e+00,2.0718383603e-03,3.0890779297e+04
2590,1.5557312965e+00,-8.8145742193e-03,-4.7950506210e+00,1.5082945824e+00,8.4914397448e-03,3.0890730469e+04
2591,1.5557852983e+00,-8.8649149984e-03,-6.0848822594e+00,1.5156462193e+00,1.5869140043e-05,3.0890962891e+04
2592,1.5558446646e+00,-8.7465681136e-03,-3.7227020264e+00,1.4963515997e+00,7.4575804174e-03,3.0890500000e+04
2593,1.5557677746e+00,-8.8338050991e-03,-6.4307074547e+00,1.5037064552e+00,5.8627319522e-03,3.0890921875e+04
2594,1.5558089018e+00,-8.7788347155e-03,-4.4076833725e+00,1.5111221075e+00,-1.1452407576e-02,3.0890826172e+04
2595,1.5556583405e+00,-8.9037446305e-03,-5.6400055885e+00,1.5013009310e+00,1.5606689267e-03,3.0890878906e+04
2596,1.5556968451e+00,-8.9273136109e-03,-2.1522455215e+00,1.5130926371e+00,1.3376235962e-02,3.0891140625e+04
2597,1.5556898117e+00,-9.0306643397e-03,-1.1863915920e+00,1.5010753870e+00,5.6737517007e-03,3.0890863281e+04
2598,1.5555654764e+00,-9.0668313205e-03,-2.4427843094e-01,1.5028915405e+00,-1.8627548590e-02,3.0891552734e+04
2599,1.5553770065e+00,-8.9728785679e-03,-2.3299787045e+00,1.4895406961e+00,-1.2053069659e-02,3.0891074219e+04
2600,1.5553177595e+00,-8.9239589870e-03,-4.7763404846e+00,1.4997652769e+00,1.2624054216e-02,3.0890742188e+04
2601,1.5553326607e+00,-8.6541054770e-03,1.5025973320e-02,1.4986212254e+00,-5.2507780492e-03,3.0891746094e+04
2602,1.5551757812e+00,-8.3094034344e-03,-4.2039036751e+00,1.4992681742e+00,1.1286468245e-02,3.0891984375e+04
2603,1.5552271605e+00,-8.1972070038e-03,-3.3527333736e+00,1.5000797510e+00,8.1375883892e-03,3.0892087891e+04
2604,1.5554003716e+00,-8.0131534487e-03,-2.6672761440e+00,1.4879980087e+00,8.2846069708e-03,3.0892656250e+04
2605,1.5555707216e+00,-7.7794860117e-03,-2.7782483101e+00,1.5024126768e+00,-1.2588119134e-02,3.0892917969e+04
2606,1.5554771423e+00,-7.4662696570e-03,-2.3723618984e+00,1.4940158129e+00,6.9587706821e-04,3.0892857422e+04
2607,1.5552746058e+00,-7.1993190795e-03,-2.8185184002e+00,1.5031387806e+00,-1.3525314629e-02,3.0893246094e+04
2608,1.5552983284e+00,-7.1313972585e-03,-1.8889932632e+00,1.5156615973e+00,-1.5193329193e-02,3.0892832031e+04
2609,1.5553606749e+00,-7.0464867167e-03,-3.6081223488e+00,1.5067213774e+00,1.3223267160e-03,3.0893271484e+04
2610,1.5552774668e+00,-7.0217386819e-03,-2.9705395699e+00,1.5015166998e+00,1.1950149201e-02,3.0893093750e+04
2611,1.5552161932e+00,-6.9230659865e-03,-5.4781155586e+00,1.4983758926e+00,4.5320894569e-03,3.0893294922e+04
2612,1.5551652908e+00,-6.9606378675e-03,-4.4854927063e+00,1.5104985237e+00,1.6742400825e-02,3.0893509766e+04
2613,1.5551410913e+00,-6.9524031132e-03,-5.6485171318e+00,1.5018157959e+00,3.1808927655e-02,3.0893121094e+04
2614,1.5550993681e+00,-6.8880417384e-03,-5.0063824654e+00,1.4918777943e+00,2.6776580140e-02,3.0892945312e+04
2615,1.5551679134e+00,-6.6473470069e-03,-3.3271515369e+00,1.4776511192e+00,2.1248703822e-02,3.0892843750e+04
2616,1.5552508831e+00,-6.2355170958e-03,-4.0645055771e+00,1.4967358112e+00,-3.2241820008e-04,3.0892843750e+04
2617,1.5553228855e+00,-5.7713063434e-03,-4.1223497391e+00,1.4989802837e+00,-2.6154328138e-02,3.0892402344e+04
2618,1.5553393364e+00,-5.4072272032e-03,-5.2348899841e+00,1.5101450682e+00,-1.3912124559e-02,3.0892773438e+04
2619,1.5553697348e+00,-5.0717233680e-03,-6.3013143539e+00,1.5228863955e+00,-1.5826491639e-02,3.0892238281e+04
2620,1.5554827452e+00,-4.9850358628e-03,-6.0348758698e+00,1.5150026083e+00,-1.9939575344e-02,3.0891998047e+04
2621,1.5555578470e+00,-4.8486446030e-03,-2.5082347393e+00,1.5035949945e+00,5.2725221030e-03,3.0891867188e+04
2622,1.5556524992e+00,-4.6692565084e-03,-4.0342988968e+00,1.5093890429e+00,1.0510253720e-02,3.0891300781e+04
2623,1.5557261705e+00,-4.5180083252e-03,-1.7339874506e+00,1.5120090246e+00,7.8469086438e-03,3.0891218750e+04
2624,1.5558189154e+00,-4.2818426155e-03,-4.3996582031e+00,1.5089334249e+00,4.4326781790e-05,3.0890992188e+04
2625,1.5559124947e+00,-4.1085868143e-03,-8.2938747406e+00,1.5092720985e+00,-1.3430633582e-02,3.0891056641e+04
2626,1.5558919907e+00,-3.6797169596e-03,-6.7131514549e+00,1.5012412071e+00,-1.4202423394e-02,3.0891601562e+04
2627,1.5558153391e+00,-3.3232357819e-03,-5.7280025482e+00,1.5010266304e+00,-2.5781251024e-03,3.0890958984e+04
2628,1.5556939840e+00,-3.1202344690e-03,-3.2083160877e+00,1.5416339636e+00,1.3545226539e-03,3.0890679688e+04
2629,1.5556112528e+00,-2.8779020067e-03,-1.8290506601e+00,1.5106512308e+00,-1.0757904500e-02,3.0891521484e+04
2630,1.5555660725e+00,-2.6839815546e-03,-3.1125078201e+00,1.5168466568e+00,4.1558835655e-03,3.0891070312e+04
2631,1.5554785728e+00,-2.4575612042e-03,-4.2721028328e+00,1.4957640171e+00,2.6084899437e-03,3.0891230469e+04
2632,1.5553606749e+00,-2.2160408553e-03,-1.6514596939e+00,1.4953804016e+00,1.6723556444e-02,3.0891466797e+04
2633,1.5552365780e+00,-2.0629994106e-03,-3.8872194290e+00,1.4881826639e+00,1.5457382426e-02,3.0891630859e+04
2634,1.5552129745e+00,-2.0000240766e-03,-1.1939651966e+00,1.5042191744e+00,7.2238161229e-03,3.0892035156e+04
2635,1.5552086830e+00,-1.7405602848e-03,-1.6777796745e+00,1.5071948767e+00,-1.3066940010e-02,3.0892291016e+04
2636,1.5551925898e+00,-1.4301143819e-03,-6.0358738899e-01,1.5005974770e+00,-9.7938533872e-03,3.0892560547e+04
2637,1.5550190210e+00,-1.0667631868e-03,-1.2934232950e+00,1.5026937723e+00,2.0964813884e-03,3.0892701172e+04
2638,1.5549589396e+00,-9.2273642076e-04,-1.9924232960e+00,1.5194984674e+00,7.5539397076e-03,3.0893212891e+04
2639,1.5549173355e+00,-9.3191664200e-04,-2.2367904186e+00,1.5105487108e+00,-2.7057036757e-02,3.0893275391e+04
2640,1.5548957586e+00,-7.8827497782e-04,-2.4030077457e+00,1.4809243679e+00,-4.7485731542e-02,3.0892966797e+04
2641,1.5546780825e+00,-4.3686066056e-04,-2.8948404789e+00,1.4854427576e+00,-1.2165069580e-02,3.0893394531e+04
2642,1.5543925762e+00,2.2357911803e-05,-3.1116445065e+00,1.5010098219e+00,5.4248045199e-03,3.0893250000e+04
2643,1.5542731285e+00,3.0881576822e-04,-4.0690951347e+00,1.5050513744e+00,1.5423050150e-02,3.0893089844e+04
2644,1.5543806553e+00,2.6327616069e-04,-3.1697132587e+00,1.5102877617e+00,1.5593414195e-02,3.0893410156e+04
2645,1.5546212196e+00,2.2055859154e-04,-3.9673812389e+00,1.5116177797e+00,-2.2999572102e-03,3.0893113281e+04
2646,1.5546796322e+00,2.9402764631e-04,-5.0935783386e+00,1.5085597038e+00,1.1482467875e-02,3.0892929688e+04
2647,1.5546864271e+00,5.0276232651e-04,-3.7427499294e+00,1.5091775656e+00,-7.7781674918e-04,3.0892789062e+04
2648,1.5547029972e+00,4.8203184269e-04,-7.2365617752e+00,1.4901639223e+00,-4.0508271195e-03,3.0892748047e+04
2649,1.5547617674e+00,3.8532659528e-04,-6.8400487900e+00,1.4928081036e+00,-2.3461684585e-02,3.0892121094e+04
2650,1.5548236370e+00,2.6558531681e-04,-7.0285782814e+00,1.5014920235e+00,-4.1982270777e-02,3.0891468750e+04
2651,1.5547759533e+00,3.2038855716e-04,-4.4140920639e+00,1.5100009441e+00,-3.4045487642e-02,3.0891523438e+04
2652,1.5546066761e+00,6.0972798383e-04,-5.2737822533e+00,1.4977928400e+00,-1.1214599945e-02,3.0891736328e+04
2653,1.5544787645e+00,7.7046873048e-04,-5.0125370026e+00,1.5055121183e+00,-2.3432159796e-03,3.0891105469e+04
2654,1.5544739962e+00,8.0840056762e-04,-2.2949609756e+00,1.4901211262e+00,1.1763305403e-02,3.0890539062e+04
2655,1.5546673536e+00,5.0961563829e-04,-1.7720814943e+00,1.5062358379e+00,-1.2410659343e-02,3.0890304688e+04
2656,1.5549131632e+00,2.4115969427e-04,-2.2844233513e+00,1.4826124907e+00,-2.3487702012e-02,3.0889912109e+04
2657,1.5550785065e+00,8.2983970060e-05,-5.1000900269e+00,1.4798169136e+00,-3.2834168524e-02,3.0890267578e+04
2658,1.5550516844e+00,-2.3697575671e-05,-3.3860113621e+00,1.4790618420e+00,-1.4518051408e-02,3.0890332031e+04
2659,1.5547906160e+00,1.1024834384e-04,-6.3235940933e+00,1.4902194738e+00,6.6053010523e-03,3.0890031250e+04
2660,1.5546729565e+00,3.8714097172e-05,-3.2208666801e+00,1.5091089010e+00,-1.4116668608e-03,3.0890250000e+04
2661,1.5544108152e+00,9.2720125394e-05,-4.0650482178e+00,1.5285859108e+00,-6.6506955773e-03,3.0889972656e+04
2662,1.5541367531e+00,1.2754814816e-04,-1.0650113821e+00,1.5322171450e+00,-5.4346467368e-03,3.0889634766e+04
2663,1.5539222956e+00,1.2282910757e-04,-1.8712491989e+00,1.5139229298e+00,-3.1858824659e-03,3.0889746094e+04
2664,1.5536925793e+00,1.4790368732e-04,-5.4524774551e+00,1.5246591568e+00,-1.6926728189e-02,3.0890490234e+04
2665,1.5535089970e+00,3.4268925083e-04,-4.8236126900e+00,1.5293076038e+00,-3.4654084593e-02,3.0890269531e+04
2666,1.5534934998e+00,4.6264869161e-04,-5.0176978111e+00,1.5340942144e+00,-4.2299803346e-02,3.0890583984e+04
2667,1.5535475016e+00,6.5211631591e-04,-1.2099726200e+00,1.5295608044e+00,-5.8603744954e-02,3.0890296875e+04
2668,1.5536643267e+00,7.4398674769e-04,-1.5021483898e+00,1.5213088989e+00,-3.6384657025e-02,3.0890656250e+04
2669,1.5537765026e+00,8.4979884559e-04,2.5680390000e-01,1.4846018553e+00,-2.3016357794e-02,3.0891431641e+04
2670,1.5538208485e+00,9.1678590979e-04,-5.9754571915e+00,1.4640808105e+00,-3.1913451850e-02,3.0891031250e+04
2671,1.5539127588e+00,8.3206529962e-04,-3.5505690575e+00,1.4907928705e+00,-4.7205429524e-02,3.0891916016e+04
2672,1.5540857315e+00,6.4346578438e-04,-7.7265459299e-01,1.4889590740e+00,-4.3044816703e-02,3.0891626953e+04
2673,1.5541615486e+00,3.4922966734e-04,-4.5000424981e-01,1.4939919710e+00,-6.0301208869e-03,3.0891302734e+04
2674,1.5542656183e+00,6.9500572863e-05,4.9878320694e+00,1.4952654839e+00,-1.5252837911e-02,3.0891138672e+04
2675,1.5543919802e+00,-1.8471723888e-04,-4.3033963442e-01,1.4947748184e+00,-8.4505463019e-03,3.0891558594e+04
2676,1.5545275211e+00,-4.3480808381e-04,-2.0348751545e+00,1.4983290434e+00,-2.5869522244e-02,3.0891599609e+04
2677,1.5545598269e+00,-4.6850729268e-04,-5.0282473564e+00,1.5084326267e+00,-1.4649658464e-02,3.0891871094e+04
2678,1.5545736551e+00,-5.0446705427e-04,-3.7129862309e+00,1.4988703728e+00,-2.4960327893e-02,3.0891408203e+04
2679,1.5545874834e+00,-6.5556401387e-04,-4.3480014801e+00,1.5109595060e+00,-2.8424300253e-02,3.0890687500e+04
2680,1.5547717810e+00,-7.3128653457e-04,-3.1923577785e+00,1.5104470253e+00,-3.2117310911e-02,3.0891048828e+04
2681,1.5549492836e+00,-8.5772632156e-04,-7.3099937439e+00,1.5127387047e+00,-5.8844755404e-03,3.0890966797e+04
2682,1.5549986362e+00,-9.8165194504e-04,-8.7651596069e+00,1.5192800760e+00,-1.4241104014e-02,3.0891089844e+04
2683,1.5550333261e+00,-1.0419215541e-03,-6.6381044388e+00,1.5020401478e+00,-4.5970536768e-02,3.0891000000e+04
2684,1.5549886227e+00,-1.0871395934e-03,-5.9895253181e+00,1.5020233393e+00,-5.0481110811e-02,3.0890189453e+04
2685,1.5548143387e+00,-1.1496680090e-03,-5.1948380470e+00,1.5124130249e+00,-3.6637727171e-02,3.0889896484e+04
2686,1.5547231436e+00,-1.2352244230e-03,-2.5099916458e+00,1.5070120096e+00,-2.3454284295e-02,3.0889701172e+04
2687,1.5547512770e+00,-1.3766719494e-03,-3.9456710815e+00,1.5037425756e+00,-9.9993133917e-03,3.0889644531e+04
2688,1.5549249649e+00,-1.5873841476e-03,-2.0333623886e+00,1.5086474419e+00,-3.4716568887e-02,3.0889015625e+04
2689,1.5552080870e+00,-1.9022047054e-03,-2.2265400887e+00,1.5046724081e+00,-3.3643037081e-02,3.0889126953e+04
2690,1.5554549694e+00,-2.1110340022e-03,-2.5753505230e+00,1.5013107061e+00,-6.4018249512e-02,3.0888978516e+04
2691,1.5555628538e+00,-2.3360711057e-03,-7.0521197319e+00,1.5030502081e+00,-4.3475188315e-02,3.0888621094e+04
2692,1.5556555986e+00,-2.5285424199e-03,-7.4035801888e+00,1.5118954182e+00,-3.7306595594e-02,3.0888824219e+04
2693,1.5557653904e+00,-2.7511871886e-03,-7.5957145691e+00,1.4990698099e+00,-2.9581604525e-02,3.0888486328e+04
2694,1.5559335947e+00,-3.0803177506e-03,-5.3274202347e+00,1.5032147169e+00,-4.8477936536e-02,3.0888580078e+04
2695,1.5562235117e+00,-3.4110080451e-03,-1.7450537682e+00,1.4895298481e+00,-2.4044342339e-02,3.0888765625e+04
2696,1.5562624931e+00,-3.7128471304e-03,-1.6039791107e+00,1.4986791611e+00,-4.5273588039e-03,3.0889179688e+04
2697,1.5562359095e+00,-3.9253504947e-03,-1.7823622227e+00,1.4790765047e+00,-1.6417084262e-02,3.0889423828e+04
2698,1.5562636852e+00,-4.0386770852e-03,-8.8769418001e-01,1.4877392054e+00,-2.5760956109e-02,3.0889619141e+04
2699,1.5563590527e+00,-4.2092185467e-03,1.8946160078e+00,1.5108122826e+00,-4.3301925063e-02,3.0889617188e+04
2700,1.5565638542e+00,-4.4090542942e-03,4.1818695068e+00,1.5248899460e+00,-3.9238508791e-02,3.0889462891e+04
2701,1.5569283962e+00,-4.6944529749e-03,2.6664738655e+00,1.5313620567e+00,-4.5823823661e-02,3.0889890625e+04
2702,1.5572652817e+00,-4.9907201901e-03,8.3008003235e-01,1.5053814650e+00,-3.6341477185e-02,3.0890791016e+04
2703,1.5574843884e+00,-5.1081455313e-03,-5.5318689346e+00,1.4793326855e+00,-3.2187193632e-02,3.0890765625e+04
2704,1.5576399565e+00,-5.1712272689e-03,-5.0005469322e+00,1.4823433161e+00,-8.5414890200e-03,3.0890992188e+04
2705,1.5576199293e+00,-5.1133371890e-03,-3.2360379696e+00,1.4960081577e+00,-2.5888290256e-02,3.0891087891e+04
2706,1.5577709675e+00,-5.0513520837e-03,-2.3873345852e+00,1.5081682205e+00,-2.1426390857e-02,3.0891238281e+04
2707,1.5578632355e+00,-4.9464092590e-03,-2.7669653296e-01,1.4969494343e+00,-2.9216613621e-02,3.0891271484e+04
2708,1.5578707457e+00,-4.8596388660e-03,-9.4913494587e-01,1.4956293106e+00,2.1311950404e-03,3.0891419922e+04
2709,1.5580883026e+00,-4.7826012596e-03,-1.1146736145e+00,1.4878185987e+00,-2.6873854920e-02,3.0891298828e+04
2710,1.5582687855e+00,-4.8096273094e-03,-3.8130772114e+00,1.4977700710e+00,-2.7948379517e-02,3.0891029297e+04
2711,1.5584717989e+00,-4.8572141677e-03,-2.7235918045e+00,1.5004616976e+00,-3.5084456205e-02,3.0890884766e+04
2712,1.5585693121e+00,-4.8981877044e-03,-1.7889606953e+00,1.4917559624e+00,-1.0501403362e-02,3.0890996094e+04
2713,1.5586392879e+00,-4.9837483093e-03,-1.1409394741e+00,1.5049682856e+00,-6.5658567473e-03,3.0890927734e+04
2714,1.5586971045e+00,-5.0194202922e-03,-2.6783463955e+00,1.5024560690e+00,2.4295959622e-02,3.0890652344e+04
2715,1.5587345362e+00,-5.0822086632e-03,-3.8763473034e+00,1.5181878805e+00,-1.7468642443e-02,3.0890070312e+04
2716,1.5588446856e+00,-4.9334904179e-03,-4.3146710396e+00,1.5351513624e+00,-1.8248824403e-02,3.0890121094e+04
2717,1.5588630438e+00,-4.7650495544e-03,-2.9166483879e+00,1.5100555420e+00,-1.3926391490e-02,3.0889695312e+04
2718,1.5587687492e+00,-4.6602380462e-03,-4.0277495384e+00,1.5027487278e+00,-2.8902282938e-02,3.0889529297e+04
2719,1.5588552952e+00,-4.7064083628e-03,-2.8066987991e+00,1.5054636002e+00,-1.9565047696e-02,3.0890011719e+04
2720,1.5589696169e+00,-4.8186308704e-03,-5.8913588524e+00,1.5092419386e+00,1.5663147497e-04,3.0888906250e+04
2721,1.5591267347e+00,-4.9421228468e-03,-5.3032526970e+00,1.5272320509e+00,1.1858367361e-03,3.0888580078e+04
2722,1.5591185093e+00,-4.9814661033e-03,-2.7457714081e+00,1.5230691433e+00,-4.5645143837e-03,3.0887873047e+04
2723,1.5590565205e+00,-5.0388304517e-03,-4.5262084007e+00,1.5227917433e+00,7.7280425467e-03,3.0887259766e+04
2724,1.5589535236e+00,-5.1462268457e-03,-1.3989516497e+00,1.5063993931e+00,-1.5849304618e-03,3.0887650391e+04
2725,1.5589814186e+00,-5.2596065216e-03,-5.0908374786e+00,1.5082763433e+00,5.1893615164e-03,3.0888220703e+04
2726,1.5590064526e+00,-5.3700190037e-03,-4.9907007217e+00,1.5057623386e+00,-3.9643859491e-03,3.0887726562e+04
2727,1.5589804649e+00,-5.4378723726e-03,-4.2092890739e+00,1.5104610920e+00,1.9003525376e-02,3.0887556641e+04
2728,1.5589193106e+00,-5.4124295712e-03,-3.8460871577e-01,1.5111341476e+00,-1.5065307729e-02,3.0887636719e+04
2729,1.5589339733e+00,-5.2282451652e-03,1.9122506380e+00,1.5029259920e+00,-3.3174440265e-02,3.0888076172e+04
2730,1.5590095520e+00,-5.1511302590e-03,1.0349638462e+00,1.5218429565e+00,-2.0336303860e-02,3.0888353516e+04
2731,1.5591636896e+00,-5.1420591772e-03,1.6957072020e+00,1.4977279902e+00,3.4898377489e-03,3.0888355469e+04
2732,1.5593444109e+00,-5.1657441072e-03,6.8284416199e-01,1.4940432310e+00,1.9631958567e-03,3.0888179688e+04
2733,1.5595331192e+00,-5.0985389389e-03,2.1232469082e+00,1.5055164099e+00,-8.4022525698e-03,3.0888447266e+04
2734,1.5595514774e+00,-4.9644717947e-03,-1.3968652487e+00,1.4940648079e+00,-1.4814376831e-02,3.0888548828e+04
2735,1.5596035719e+00,-4.8807743005e-03,-3.2875354290e+00,1.4829745293e+00,-1.8858872354e-02,3.0888970703e+04
2736,1.5596106052e+00,-4.7142147087e-03,-3.2810530663e+00,1.4921898842e+00,-5.9825135395e-03,3.0888599609e+04
2737,1.5596126318e+00,-4.5671486296e-03,-4.1250619888e+00,1.5025897026e+00,-6.2857819721e-03,3.0888769531e+04
2738,1.5596376657e+00,-4.4389832765e-03,-1.6904006004e+00,1.4882434607e+00,3.6119841971e-03,3.0888857422e+04
2739,1.5596323013e+00,-4.5261131600e-03,-3.2795579433e+00,1.4842699766e+00,-1.3170624152e-02,3.0889433594e+04
2740,1.5596916676e+00,-4.5615341514e-03,-2.4879648685e+00,1.4952669144e+00,-1.3536986895e-02,3.0889736328e+04
2741,1.5598418713e+00,-4.6425522305e-03,-3.0955462456e+00,1.5017526150e+00,-3.3022307325e-03,3.0888835938e+04
2742,1.5598269701e+00,-4.6054162085e-03,1.9578038156e-01,1.5000047684e+00,-2.3279571906e-02,3.0888570312e+04
2743,1.5597791672e+00,-4.3201269582e-03,2.8027341366e+00,1.4844906330e+00,-2.8892517090e-02,3.0888708984e+04
2744,1.5596812963e+00,-4.1061369702e-03,-1.8712451458e+00,1.4863448143e+00,-3.4523010254e-02,3.0888386719e+04
2745,1.5595123768e+00,-3.9926478639e-03,-3.6773877144e+00,1.5033059120e+00,-4.6326827258e-02,3.0888101562e+04
2746,1.5595610142e+00,-3.7008295767e-03,-5.1579704285e+00,1.5117219687e+00,-4.4913865626e-02,3.0887968750e+04
2747,1.5595741272e+00,-3.4383244347e-03,-3.6780819893e+00,1.5093536377e+00,-2.1326752380e-02,3.0887609375e+04
2748,1.5595759153e+00,-3.2661471050e-03,-4.4947199821e+00,1.5206062794e+00,-2.2661132738e-02,3.0887330078e+04
2749,1.5596374273e+00,-3.1348073389e-03,-4.3275074959e+00,1.5023802519e+00,4.4379425235e-03,3.0887160156e+04
2750,1.5597301722e+00,-3.0897294637e-03,-6.1882491112e+00,1.4862786531e+00,-3.4913634881e-03,3.0887494141e+04
2751,1.5597972870e+00,-2.9508136213e-03,-4.6998949051e+00,1.5074067116e+00,-6.9239046425e-03,3.0886460938e+04
2752,1.5597983599e+00,-2.8265481815e-03,-2.3219873905e+00,1.5091818571e+00,-3.3479463309e-02,3.0887031250e+04
2753,1.5597978830e+00,-2.6030903682e-03,9.4266617298e-01,1.4993941784e+00,-3.0194245279e-02,3.0886601562e+04
2754,1.5598105192e+00,-2.4592962582e-03,2.0811471343e-01,1.5400828123e+00,-5.3151093423e-02,3.0886837891e+04
2755,1.5599132776e+00,-2.2169942968e-03,1.0274871588e+00,1.5072827339e+00,-3.6042097956e-02,3.0886248047e+04
2756,1.5599039793e+00,-2.0138646942e-03,-2.1024162769e+00,1.4930446148e+00,-1.7172470689e-02,3.0886744141e+04
2757,1.5599621534e+00,-1.7731301486e-03,2.3052673340e+00,1.4901626110e+00,-1.0179443285e-02,3.0886958984e+04
2758,1.5599236488e+00,-1.5737734502e-03,-2.2118167877e+00,1.4865853786e+00,-4.0441895835e-03,3.0886507812e+04
2759,1.5600714684e+00,-1.3366456842e-03,6.6408932209e-01,1.5084640980e+00,-5.9413146228e-03,3.0887019531e+04
2760,1.5600726604e+00,-1.0083924280e-03,-8.6661028862e-01,1.4894031286e+00,-4.4815824367e-03,3.0887025391e+04
2761,1.5598983765e+00,-8.5803697584e-04,-2.5584254265e+00,1.4789810181e+00,-1.2631836347e-02,3.0886949219e+04
2762,1.5598465204e+00,-9.2329690233e-04,-2.6576691866e-01,1.5015923977e+00,-2.5819167495e-02,3.0887082031e+04
2763,1.5598648787e+00,-8.8777812198e-04,-1.1286935806e+00,1.5073974133e+00,-2.0718688145e-02,3.0887164062e+04
2764,1.5598005056e+00,-7.3310884181e-04,6.9793528318e-01,1.5007897615e+00,-4.3936157599e-03,3.0887058594e+04
2765,1.5596312284e+00,-3.9652071428e-04,-8.7601631880e-01,1.5117896795e+00,-2.0220870152e-02,3.0887402344e+04
2766,1.5594863892e+00,-1.5118168449e-05,-1.0327286720e+00,1.4925487041e+00,-2.9317473527e-03,3.0887060547e+04
2767,1.5593808889e+00,1.8200115301e-04,-2.4436833858e+00,1.5063548088e+00,-1.9156266004e-02,3.0887628906e+04
2768,1.5594092607e+00,4.6246044803e-04,-3.0251470208e-01,1.4938883781e+00,-3.5336303990e-03,3.0887490234e+04
2769,1.5593974590e+00,6.2282034196e-04,-1.1949493885e+00,1.5062904358e+00,-2.2194061428e-02,3.0887550781e+04
2770,1.5596370697e+00,5.9403234627e-04,1.5214765072e+00,1.5212566853e+00,1.5422058059e-03,3.0886949219e+04
2771,1.5597842932e+00,2.9988714959e-04,-1.5206108093e+00,1.4866660833e+00,-8.1971744075e-03,3.0887271484e+04
2772,1.5598982573e+00,2.4609686807e-04,-1.7569123507e+00,1.4911023378e+00,-9.5558930188e-03,3.0887054688e+04
2773,1.5598881245e+00,2.4465791648e-04,-5.5826206207e+00,1.5090566874e+00,-3.8948822767e-02,3.0886609375e+04
2774,1.5595701933e+00,5.5051042000e-04,-4.2740225792e+00,1.5139917135e+00,-4.0985565633e-02,3.0886822266e+04
2775,1.5592281818e+00,9.7618112341e-04,-6.3397731781e+00,1.5022788048e+00,-1.3510436751e-02,3.0886095703e+04
2776,1.5590564013e+00,1.2905893382e-03,-5.2094349861e+00,1.5010033846e+00,-1.1187744327e-02,3.0885833984e+04
2777,1.5590664148e+00,1.2451235671e-03,-2.6821775436e+00,1.5002720356e+00,-1.5814132988e-02,3.0885949219e+04
2778,1.5592352152e+00,1.2773378985e-03,-4.6891617775e+00,1.5089023113e+00,-2.9989624396e-02,3.0885765625e+04
2779,1.5593819618e+00,1.4066012809e-03,-4.2480125427e+00,1.5254309177e+00,-6.0343169607e-03,3.0885472656e+04
2780,1.5593446493e+00,1.4993975637e-03,-4.7248001099e+00,1.5296374559e+00,-1.8852462992e-02,3.0885185547e+04
2781,1.5592043400e+00,1.6304944875e-03,-2.7542676926e+00,1.5052736998e+00,-1.4939803630e-02,3.0884611328e+04
2782,1.5591745377e+00,1.6380075831e-03,-3.1270289421e+00,1.4610548019e+00,-2.9565734789e-02,3.0885007812e+04
2783,1.5592401028e+00,1.7363211373e-03,-2.1053328514e+00,1.4815888405e+00,-1.6864852980e-02,3.0884804688e+04
2784,1.5593264103e+00,1.7648745561e-03,-3.1142783165e+00,1.5082393885e+00,-9.4737242907e-03,3.0884968750e+04
2785,1.5594246387e+00,1.7630715156e-03,-2.2148714066e+00,1.5014730692e+00,2.7442169376e-03,3.0885052734e+04
2786,1.5595109463e+00,1.6919233603e-03,2.9446744919e-01,1.4911499023e+00,-2.3719025776e-03,3.0884931641e+04
2787,1.5595487356e+00,1.6976291081e-03,3.0152711868e+00,1.4980998039e+00,-1.2999343686e-02,3.0884671875e+04
2788,1.5594269037e+00,1.7762632342e-03,1.3348399401e+00,1.5093837976e+00,-3.2411269844e-02,3.0884500000e+04
2789,1.5594289303e+00,1.7697124276e-03,-4.3753090501e-01,1.5116194487e+00,-3.0111847445e-02,3.0884482422e+04
2790,1.5592994690e+00,2.0272661932e-03,-4.7460298538e+00,1.4923177958e+00,-3.1368788332e-02,3.0885113281e+04
2791,1.5591795444e+00,2.3478800431e-03,-4.2752223015e+00,1.4948178530e+00,-7.3750303127e-03,3.0885337891e+04
2792,1.5589562654e+00,2.4270920549e-03,-4.1756606102e+00,1.4822765589e+00,-2.2609939799e-02,3.0885160156e+04
2793,1.5588817596e+00,2.4292762391e-03,-2.3491101265e+00,1.4938454628e+00,-1.7709044740e-02,3.0885083984e+04
2794,1.5589907169e+00,2.2305182647e-03,-1.7828243971e+00,1.4969259501e+00,1.7676544376e-03,3.0885103516e+04
2795,1.5589147806e+00,2.1718651988e-03,-2.5988707542e+00,1.4972412586e+00,6.7555238493e-03,3.0884904297e+04
2796,1.5587856770e+00,2.1358730737e-03,-1.5841666460e+00,1.4919677973e+00,1.1534881778e-03,3.0885160156e+04
2797,1.5586951971e+00,2.1412011702e-03,-2.1220734119e+00,1.4922198057e+00,3.2980346587e-03,3.0885380859e+04
2798,1.5587168932e+00,2.0680304151e-03,-3.3180737495e+00,1.5002007484e+00,-1.5203246847e-02,3.0885003906e+04
2799,1.5588371754e+00,1.9217168447e-03,-3.1403372288e+00,1.5083007812e+00,-1.5116119757e-03,3.0885250000e+04
2800,1.5587499142e+00,1.9072222058e-03,-3.2737009525e+00,1.5013339520e+00,-1.7284240574e-02,3.0885443359e+04
2801,1.5584756136e+00,2.0000229124e-03,-5.3465199471e+00,1.5052391291e+00,-2.4313431233e-02,3.0885351562e+04
2802,1.5583251715e+00,2.0222729072e-03,-3.5830037594e+00,1.5097061396e+00,-2.8595658019e-02,3.0885748047e+04
2803,1.5582827330e+00,1.8972976832e-03,-2.3273258209e+00,1.5168327093e+00,-1.7464447767e-02,3.0885582031e+04
2804,1.5582864285e+00,1.6890956322e-03,-2.6507833004e+00,1.5225411654e+00,-1.7078857869e-02,3.0885847656e+04
2805,1.5583916903e+00,1.4868516009e-03,-4.4573509693e-01,1.5221278667e+00,-6.4926149207e-05,3.0886105469e+04
2806,1.5584853888e+00,1.1861561798e-03,-2.1272745132e+00,1.4915490150e+00,-3.3758543432e-02,3.0886367188e+04
2807,1.5586553812e+00,1.0540784569e-03,-2.6355659962e+00,1.4926300049e+00,-5.7624816895e-02,3.0886349609e+04
2808,1.5585582256e+00,8.6150795687e-04,-2.4202191830e+00,1.4990246296e+00,-5.9914857149e-02,3.0886656250e+04
2809,1.5583841801e+00,7.7813561074e-04,-2.5130879879e-01,1.4963275194e+00,-2.6746138930e-02,3.0886484375e+04
2810,1.5582406521e+00,7.1479944745e-04,-2.2613637149e-02,1.4993139505e+00,-3.2347030938e-02,3.0887195312e+04
2811,1.5582529306e+00,6.0228072107e-04,6.1332643032e-01,1.5073175430e+00,-4.3656997383e-02,3.0887085938e+04
2812,1.5584362745e+00,2.7651703567e-04,-2.5325498581e+00,1.5081493855e+00,-4.7765657306e-02,3.0887441406e+04
2813,1.5586640835e+00,-1.7070924514e-06,-2.7577400208e+00,1.5154169798e+00,-4.5086365193e-02,3.0887748047e+04
2814,1.5587046146e+00,-3.2145806472e-04,-4.8992605209e+00,1.5181590319e+00,-4.1961211711e-02,3.0887568359e+04
2815,1.5586243868e+00,-6.2394730048e-04,-1.4528404474e+00,1.5167840719e+00,-3.2917480916e-02,3.0887552734e+04
2816,1.5584465265e+00,-8.5566262715e-04,-2.5509543419e+00,1.5060017109e+00,-2.0798111334e-02,3.0887042969e+04
2817,1.5584219694e+00,-1.1555008823e-03,-3.0679180622e+00,1.4896333218e+00,-1.4819793403e-02,3.0887464844e+04
2818,1.5582537651e+00,-1.4704599744e-03,-4.5535507202e+00,1.4927299023e+00,-1.1626510881e-02,3.0887789062e+04
2819,1.5581085682e+00,-1.7566896277e-03,-7.7357001305e+00,1.4900534153e+00,1.0749053909e-03,3.0887654297e+04
2820,1.5579311848e+00,-1.9537124317e-03,-4.3771910667e+00,1.4927108288e+00,-1.6988372430e-02,3.0887570312e+04
2821,1.5577121973e+00,-1.9167670980e-03,-2.3345582485e+00,1.5141714811e+00,-2.6041565463e-02,3.0887673828e+04
2822,1.5576525927e+00,-2.0673091058e-03,-7.4297058582e-01,1.5152041912e+00,-1.5244293027e-02,3.0887031250e+04
2823,1.5577566624e+00,-2.1164680365e-03,-1.0653080940e+00,1.5099327564e+00,-1.0567474179e-02,3.0887345703e+04
2824,1.5578427315e+00,-2.3609958589e-03,-2.6440651417e+00,1.5080132484e+00,-3.3842619509e-02,3.0886945312e+04
2825,1.5578820705e+00,-2.5278839748e-03,-4.8677878380e+00,1.4943774939e+00,-2.0269470289e-02,3.0887152344e+04
2826,1.5577360392e+00,-2.7256631292e-03,-4.5492973328e+00,1.5043910742e+00,-9.2678833753e-03,3.0886792969e+04
2827,1.5576632023e+00,-2.8553986922e-03,-4.8734660149e+00,1.5219460726e+00,-1.1827316135e-02,3.0886953125e+04
2828,1.5575524569e+00,-3.0436778907e-03,-3.5611193180e+00,1.5324496031e+00,-1.1495972052e-02,3.0887501953e+04
2829,1.5574828386e+00,-2.9933324549e-03,-5.7698545456e+00,1.5196838379e+00,-2.4429321638e-04,3.0887199219e+04
2830,1.5574538708e+00,-3.0444320291e-03,-4.2825484276e+00,1.5616292953e+00,1.1756896856e-04,3.0887601562e+04
2831,1.5573997498e+00,-2.9287212528e-03,-5.4701023102e+00,1.5350838900e+00,1.5735168010e-02,3.0888097656e+04
2832,1.5574895144e+00,-3.2637533732e-03,-4.9637317657e+00,1.5133303404e+00,1.8885346130e-02,3.0888033203e+04
2833,1.5575436354e+00,-3.4393197857e-03,-3.1177055836e+00,1.5127787590e+00,2.1072388336e-04,3.0888179688e+04
2834,1.5575972795e+00,-3.7474604324e-03,-2.8047130108e+00,1.5112043619e+00,1.8079375848e-02,3.0888164062e+04
2835,1.5576753616e+00,-3.9106565528e-03,-6.8955934048e-01,1.5089046955e+00,1.6944503412e-02,3.0888542969e+04
2836,1.5576467514e+00,-4.2410893366e-03,-1.6490044594e+00,1.5023385286e+00,1.8998336047e-02,3.0888273438e+04
2837,1.5576857328e+00,-4.5533194207e-03,-1.7920246124e+00,1.5052043200e+00,6.1017610133e-03,3.0888589844e+04
2838,1.5577145815e+00,-4.8792711459e-03,-1.1173036098e+00,1.5251989365e+00,1.5911865979e-02,3.0888707031e+04
2839,1.5577899218e+00,-5.1555871032e-03,-1.4008194208e+00,1.5014579296e+00,4.2461394332e-03,3.0888626953e+04
2840,1.5578912497e+00,-5.5391918868e-03,-1.6510255337e+00,1.4926185608e+00,-7.8293606639e-03,3.0889035156e+04
2841,1.5578947067e+00,-5.9145917185e-03,-3.6669576168e+00,1.4937844276e+00,-1.0371856391e-02,3.0889050781e+04
2842,1.5578759909e+00,-6.2403152697e-03,-6.0927267075e+00,1.5031445026e+00,-2.3130264133e-02,3.0889744141e+04
2843,1.5578891039e+00,-6.5039615147e-03,-4.3317961693e+00,1.5205954313e+00,-3.5510025918e-02,3.0889572266e+04
2844,1.5578377247e+00,-6.8200966343e-03,-3.7334322929e+00,1.5220861435e+00,-3.0419768766e-02,3.0889738281e+04
2845,1.5577980280e+00,-6.9977785461e-03,-3.1735438108e-01,1.5152978897e+00,-5.1348875277e-03,3.0889277344e+04
2846,1.5576325655e+00,-7.1321674623e-03,-2.1435251236e+00,1.5146092176e+00,-1.7554702237e-02,3.0889509766e+04
2847,1.5575815439e+00,-7.1779582649e-03,-2.9512541294e+00,1.4930818081e+00,-4.3573226780e-02,3.0889810547e+04
2848,1.5575258732e+00,-7.1979076602e-03,-6.7213912010e+00,1.5121420622e+00,-4.8187561333e-02,3.0890076172e+04
2849,1.5575026274e+00,-7.3662591167e-03,-5.2636785507e+00,1.5015982389e+00,-4.1415635496e-02,3.0890285156e+04
2850,1.5574394464e+00,-7.6074143872e-03,-4.4207663536e+00,1.5112572908e+00,-1.8020935357e-02,3.0890640625e+04
2851,1.5574055910e+00,-7.7959573828e-03,-1.7889213562e+00,1.4955412149e+00,-4.8388671130e-02,3.0890578125e+04
2852,1.5572826862e+00,-8.0404216424e-03,-2.9474222660e+00,1.5046368837e+00,-3.3215712756e-02,3.0890304688e+04
2853,1.5571918488e+00,-8.2399053499e-03,-2.0382542610e+00,1.4972592592e+00,-9.9705504254e-03,3.0890591797e+04
2854,1.5571060181e+00,-8.2948757336e-03,-3.6451663971e+00,1.5184545517e+00,-8.1726834178e-03,3.0890005859e+04
2855,1.5570783615e+00,-8.3011528477e-03,-3.0580573082e+00,1.5172338486e+00,2.3870086297e-03,3.0890455078e+04
2856,1.5569226742e+00,-8.2416944206e-03,-2.2697720528e+00,1.4966256618e+00,-1.3755264692e-02,3.0890076172e+04
2857,1.5569019318e+00,-8.3018578589e-03,-5.8776206970e+00,1.5045851469e+00,1.1539001018e-02,3.0889976562e+04
2858,1.5568494797e+00,-8.6354222149e-03,-5.5965213776e+00,1.5449844599e+00,-2.7844391763e-02,3.0889599609e+04
2859,1.5568362474e+00,-8.7624322623e-03,-7.6546134949e+00,1.5462619066e+00,3.8002015208e-04,3.0889251953e+04
2860,1.5569028854e+00,-8.6544500664e-03,-6.1932940483e+00,1.5362498760e+00,-8.5323331878e-03,3.0889406250e+04
2861,1.5566416979e+00,-8.4773274139e-03,-6.9981870651e+00,1.5469317436e+00,-9.8281092942e-03,3.0889324219e+04
2862,1.5563694239e+00,-8.3268955350e-03,-6.7030348778e+00,1.5025171041e+00,-1.3752670027e-02,3.0889308594e+04
2863,1.5563315153e+00,-8.3532007411e-03,-4.8092489243e+00,1.4956648350e+00,-1.8603591248e-02,3.0889148438e+04
2864,1.5565030575e+00,-8.4031559527e-03,-4.2770590782e+00,1.4948855639e+00,-1.5942154452e-02,3.0889585938e+04
2865,1.5567029715e+00,-8.4190480411e-03,-1.3700695038e+00,1.4977097511e+00,-3.4823227674e-02,3.0889335938e+04
2866,1.5566064119e+00,-8.3939395845e-03,-1.1837396622e+00,1.5102736950e+00,-4.2913511395e-02,3.0889375000e+04
2867,1.5565216541e+00,-8.4314169362e-03,1.4736304283e+00,1.4880462885e+00,-2.0227661356e-02,3.0889410156e+04
2868,1.5562602282e+00,-8.2726851106e-03,-3.0839294195e-01,1.4840054512e+00,-3.2289887313e-03,3.0889667969e+04
2869,1.5561488867e+00,-8.0532301217e-03,-1.5021911860e+00,1.5006737709e+00,-2.4194717407e-02,3.0889810547e+04
2870,1.5560625792e+00,-7.8488960862e-03,-4.8944287300e+00,1.5151499510e+00,-1.7841797322e-02,3.0889900391e+04
2871,1.5561577082e+00,-7.6857949607e-03,-3.1432647705e+00,1.5051503181e+00,-3.0744171236e-03,3.0889740234e+04
2872,1.5562777519e+00,-7.7277477831e-03,-2.5134451389e+00,1.5313217640e+00,1.4691924676e-02,3.0889859375e+04
2873,1.5563778877e+00,-7.7915820293e-03,-5.9410715103e-01,1.5289384127e+00,9.9824527279e-03,3.0889910156e+04
2874,1.5564132929e+00,-7.8231710941e-03,-3.9493062496e+00,1.4998703003e+00,-2.1968536079e-02,3.0890449219e+04
2875,1.5564059019e+00,-7.8185657039e-03,-4.5892972946e+00,1.4935944080e+00,-1.3341521844e-02,3.0890667969e+04
2876,1.5563601255e+00,-7.8919222578e-03,-7.5253548622e+00,1.4837539196e+00,-2.8294371441e-03,3.0890646484e+04
2877,1.5563472509e+00,-7.8352065757e-03,-4.6222558022e+00,1.5044757128e+00,8.3222202957e-03,3.0890593750e+04
2878,1.5562796593e+00,-7.8519545496e-03,-4.5960025787e+00,1.5207266808e+00,-1.5352935530e-02,3.0891144531e+04
2879,1.5563187599e+00,-7.6514901593e-03,7.8994601965e-02,1.4967361689e+00,-4.0734328330e-02,3.0890763672e+04
2880,1.5563226938e+00,-7.3780608363e-03,-1.2128605843e+00,1.5018033981e+00,-3.0913239345e-02,3.0891119141e+04
2881,1.5563786030e+00,-7.0684249513e-03,5.9933185577e-01,1.5147684813e+00,-1.3851928525e-03,3.0890515625e+04
2882,1.5563868284e+00,-6.7946980707e-03,-6.2850785255e+00,1.5194191933e+00,3.7157440092e-03,3.0889792969e+04
2883,1.5565296412e+00,-6.7327483557e-03,-3.1505200863e+00,1.5174276829e+00,-2.3200989235e-03,3.0889617188e+04
2884,1.5564522743e+00,-6.6528026946e-03,-7.1708106995e+00,1.5260440111e+00,-1.4541778713e-02,3.0889664062e+04
2885,1.5565222502e+00,-6.4161866903e-03,-5.3311905861e+00,1.5035895109e+00,-4.1303252801e-03,3.0889074219e+04
2886,1.5564745665e+00,-6.2578157522e-03,-7.3673248291e+00,1.5223727226e+00,4.0203859098e-03,3.0889800781e+04
2887,1.5564441681e+00,-5.9872022830e-03,-7.5852613449e+00,1.5299627781e+00,3.2081071287e-02,3.0889359375e+04
2888,1.5563230515e+00,-5.7693622075e-03,-9.7827510834e+00,1.5278604031e+00,1.5197067522e-02,3.0889531250e+04
2889,1.5562311411e+00,-5.5817300454e-03,-5.1085023880e+00,1.5406434536e+00,3.5395813175e-03,3.0888996094e+04
2890,1.5563519001e+00,-5.3276154213e-03,-3.8033754826e+00,1.5263845921e+00,-9.7481533885e-03,3.0889156250e+04
2891,1.5563020706e+00,-4.9817156978e-03,-1.8599481583e+00,1.4939357042e+00,-4.5377351344e-03,3.0889412109e+04
2892,1.5563474894e+00,-4.8154662363e-03,-2.9895303249e+00,1.5074448586e+00,1.1044082232e-02,3.0889230469e+04
2893,1.5562529564e+00,-4.4643762521e-03,-2.2028374672e+00,1.5268212557e+00,1.7227936536e-02,3.0889054688e+04
2894,1.5562989712e+00,-4.2145778425e-03,-3.9215496182e-01,1.5093768835e+00,1.7247619107e-02,3.0888875000e+04
2895,1.5563294888e+00,-3.8499191869e-03,-7.8981363773e-01,1.5143171549e+00,1.5096282586e-03,3.0889052734e+04
2896,1.5564150810e+00,-3.5561514087e-03,-2.4287791252e+00,1.5255514383e+00,4.6032713726e-03,3.0888792969e+04
2897,1.5564634800e+00,-3.3390279859e-03,-3.8307008743e+00,1.5268560648e+00,2.3531189188e-02,3.0889339844e+04
2898,1.5564948320e+00,-3.1574384775e-03,-3.8339881897e+00,1.5156755447e+00,1.3430633582e-02,3.0889822266e+04
2899,1.5565849543e+00,-3.0525124166e-03,-6.3540620804e+00,1.5009373426e+00,7.7121732756e-03,3.0889898438e+04
2900,1.5566729307e+00,-2.7970930096e-03,-3.1813769341e+00,1.5044980049e+00,-1.3494797051e-02,3.0890031250e+04
2901,1.5566699505e+00,-2.5037918240e-03,-3.3405215740e+00,1.4814391136e+00,2.0330047701e-03,3.0891062500e+04
2902,1.5566550493e+00,-2.0331679843e-03,-2.4863775074e-01,1.4741612673e+00,5.0287628546e-03,3.0890734375e+04
2903,1.5566723347e+00,-1.6168341972e-03,9.2461347580e-01,1.5134011507e+00,-8.2585904747e-03,3.0890736328e+04
2904,1.5567411184e+00,-1.2279626681e-03,3.3857634068e+00,1.5056519508e+00,-1.1159134097e-02,3.0890798828e+04
2905,1.5569341183e+00,-7.8961899271e-04,2.2767221928e+00,1.5299643278e+00,-3.1413115561e-02,3.0890298828e+04
2906,1.5569852591e+00,-2.6739499299e-04,-1.1066634655e+00,1.5241165161e+00,-1.3261489570e-02,3.0890240234e+04
2907,1.5569109917e+00,3.9708698750e-05,-5.4853868484e+00,1.4990167618e+00,-1.5431747772e-02,3.0889994141e+04
2908,1.5569725037e+00,2.0453947945e-04,-6.2438521385e+00,1.4988957644e+00,-3.7020873278e-03,3.0890125000e+04
2909,1.5570293665e+00,3.7269204040e-04,-7.0171694756e+00,1.4872037172e+00,-1.7965316772e-02,3.0890488281e+04
2910,1.5569082499e+00,7.7239552047e-04,-6.3661284447e+00,1.4819128513e+00,1.3571701013e-02,3.0890226562e+04
2911,1.5567165613e+00,1.1990315979e-03,-5.8107728958e+00,1.5044735670e+00,7.6044462621e-03,3.0890128906e+04
2912,1.5568313599e+00,1.3309504138e-03,-4.2313647270e+00,1.5282565355e+00,2.0786438137e-02,3.0889929688e+04
2913,1.5570098162e+00,1.4992849901e-03,-4.3909454346e+00,1.5063382387e+00,9.0417480096e-03,3.0889853516e+04
2914,1.5571726561e+00,1.6658616951e-03,-2.9594113827e+00,1.4935528040e+00,2.9444121756e-03,3.0889443359e+04
2915,1.5571817160e+00,1.9365346525e-03,-2.0019285679e+00,1.5194424391e+00,-1.0045928881e-02,3.0889378906e+04
2916,1.5572192669e+00,2.2666282021e-03,-1.7144360542e+00,1.5207654238e+00,-1.7030486837e-02,3.0889583984e+04
2917,1.5572330952e+00,2.5718342513e-03,-5.1380691528e+00,1.5163809061e+00,-4.0155793540e-03,3.0889291016e+04
2918,1.5572072268e+00,2.7078560088e-03,-4.6182332039e+00,1.5158694983e+00,-1.5816497616e-03,3.0889023438e+04
2919,1.5572203398e+00,2.9389921110e-03,-5.0498313904e+00,1.5093193054e+00,-2.6050185785e-02,3.0889023438e+04
2920,1.5572421551e+00,3.0147081707e-03,-3.9561920166e+00,1.4913924932e+00,-1.5325546265e-02,3.0889607422e+04
2921,1.5573742390e+00,3.1038303860e-03,-4.5802674294e+00,1.4777152538e+00,1.3397979783e-03,3.0889908203e+04
2922,1.5575077534e+00,3.2953380141e-03,-2.9580149651e+00,1.4878380299e+00,-4.4638062827e-03,3.0889785156e+04
2923,1.5575771332e+00,3.4272670746e-03,-2.5898346901e+00,1.4915165901e+00,-2.0051039755e-02,3.0889742188e+04
2924,1.5576028824e+00,3.5185813904e-03,-2.6281464100e+00,1.4989907742e+00,-2.2289047018e-02,3.0890080078e+04
2925,1.5577335358e+00,3.5196577664e-03,-4.0666251183e+00,1.5053576231e+00,-9.9282078445e-03,3.0889865234e+04
2926,1.5578948259e+00,3.4964533988e-03,-3.1999404430e+00,1.5073319674e+00,-1.7332000658e-02,3.0889500000e+04
2927,1.5580091476e+00,3.5965621937e-03,-1.0799019337e+00,1.5125733614e+00,-4.5201871544e-03,3.0889617188e+04
2928,1.5581653118e+00,3.5189311020e-03,-2.1367411613e+00,1.5230664015e+00,-1.0503158905e-02,3.0889494141e+04
2929,1.5583034754e+00,3.3867119346e-03,-4.4040122032e+00,1.5192787647e+00,7.5628664345e-03,3.0889910156e+04
2930,1.5584027767e+00,3.4382175654e-03,-4.7281317711e+00,1.5134161711e+00,1.5839310363e-02,3.0889968750e+04
2931,1.5585038662e+00,3.5412108991e-03,-4.8921761513e+00,1.5068343878e+00,6.6212462261e-03,3.0889660156e+04
2932,1.5585205555e+00,3.7025727797e-03,-1.1816657782e+00,1.5157433748e+00,-4.3464661576e-04,3.0890328125e+04
2933,1.5585221052e+00,3.8462672383e-03,-1.4097044468e+00,1.5122369528e+00,-5.4694367573e-03,3.0890494141e+04
2934,1.5584917068e+00,4.1143223643e-03,-2.2542796135e+00,1.5180130005e+00,3.2657548785e-02,3.0890818359e+04
2935,1.5585772991e+00,4.3702106923e-03,-2.6889523864e-01,1.5117790699e+00,2.9390335083e-02,3.0890839844e+04
2936,1.5586127043e+00,4.6128011309e-03,-7.3870366812e-01,1.4979504347e+00,2.2400742397e-02,3.0890644531e+04
2937,1.5587967634e+00,4.5673646964e-03,6.8031781912e-01,1.4836719036e+00,1.0468978435e-02,3.0890355469e+04
2938,1.5590332747e+00,4.4392780401e-03,-6.5569949150e-01,1.4824846983e+00,1.9797135144e-02,3.0890876953e+04
2939,1.5593374968e+00,4.2085056193e-03,-2.8792133331e+00,1.5071350336e+00,3.7154387683e-03,3.0890634766e+04
2940,1.5593975782e+00,4.1530346498e-03,-6.3859052658e+00,1.5165158510e+00,1.4017105103e-02,3.0890316406e+04
2941,1.5594484806e+00,4.1079316288e-03,-4.0146164894e+00,1.5204395056e+00,-1.0133896023e-02,3.0890509766e+04
2942,1.5594792366e+00,4.2297220789e-03,-4.4252271652e+00,1.5042986870e+00,-2.0959014073e-02,3.0890154297e+04
2943,1.5593929291e+00,4.3588830158e-03,-5.4505252838e+00,1.5495942831e+00,-2.6526413858e-02,3.0890328125e+04
2944,1.5593312979e+00,4.3062656187e-03,-5.1275820732e+00,1.5198144913e+00,-2.0116882399e-02,3.0890199219e+04
2945,1.5592852831e+00,4.3464512564e-03,-8.1670465469e+00,1.5055890083e+00,-5.3122709505e-03,3.0890414062e+04
2946,1.5593297482e+00,4.3249903247e-03,-5.4663577080e+00,1.5041334629e+00,-8.7623596191e-03,3.0890339844e+04
2947,1.5592454672e+00,4.3884422630e-03,-3.2346680164e+00,1.5084680319e+00,-1.7989272252e-02,3.0890513672e+04
2948,1.5591994524e+00,4.4422294013e-03,-5.6505632401e-01,1.5008349419e+00,-2.4032210931e-02,3.0890208984e+04
2949,1.5592216253e+00,4.4125244021e-03,-1.9676896930e-01,1.5112637281e+00,1.0723876767e-03,3.0889718750e+04
2950,1.5593093634e+00,4.1941385716e-03,-2.7318742871e-01,1.5133711100e+00,-7.7361296862e-03,3.0889455078e+04
2951,1.5594497919e+00,3.8265215699e-03,-2.1915547848e+00,1.5088012218e+00,-2.0911407191e-03,3.0889324219e+04
2952,1.5594824553e+00,3.3436077647e-03,-3.1593582630e+00,1.5119197369e+00,5.5982209742e-03,3.0888912109e+04
2953,1.5596027374e+00,2.8913358692e-03,-3.5569810867e+00,1.5202243328e+00,-3.0586242210e-03,3.0888830078e+04
2954,1.5596176386e+00,2.6871338487e-03,-5.2183609009e+00,1.5318032503e+00,-7.6298522763e-03,3.0888988281e+04
2955,1.5595173836e+00,2.4859630503e-03,-6.7872433662e+00,1.5191310644e+00,-4.6749114990e-03,3.0889105469e+04
2956,1.5593603849e+00,2.3679372389e-03,-6.4123401642e+00,1.5274914503e+00,2.6289826259e-02,3.0889525391e+04
2957,1.5592793226e+00,2.2677844390e-03,-2.6817216873e+00,1.5069237947e+00,3.1914826483e-02,3.0889437500e+04
2958,1.5593638420e+00,2.2050093394e-03,-5.2408504486e-01,1.4923614264e+00,9.3878172338e-03,3.0889792969e+04
2959,1.5594584942e+00,2.2932381835e-03,2.7616178989e+00,1.5055801868e+00,2.8300704435e-02,3.0890185547e+04
2960,1.5593484640e+00,2.3923416156e-03,9.1215634346e-01,1.5010192394e+00,1.6926955432e-02,3.0890355469e+04
2961,1.5593168736e+00,2.3811305873e-03,9.3585097790e-01,1.4935516119e+00,3.1486511580e-04,3.0889964844e+04
2962,1.5593434572e+00,2.2428375669e-03,1.5975017548e+00,1.5166679621e+00,-1.2121124193e-02,3.0889914062e+04
2963,1.5593538284e+00,1.9849855453e-03,1.9008774757e+00,1.5300022364e+00,-1.8878860399e-02,3.0890242188e+04
2964,1.5593644381e+00,1.9236943917e-03,5.0601094961e-02,1.5345453024e+00,-2.3706054781e-03,3.0890677734e+04
2965,1.5594265461e+00,1.7746810336e-03,-5.1602649689e+00,1.5119976997e+00,-7.3812101036e-03,3.0891421875e+04
2966,1.5595480204e+00,1.5695804032e-03,-7.1219425201e+00,1.5089251995e+00,2.9027786106e-02,3.0891095703e+04
2967,1.5596941710e+00,1.1657541618e-03,-4.7994642258e+00,1.5151019096e+00,1.3382187113e-02,3.0891052734e+04
2968,1.5597205162e+00,6.9769332185e-04,5.4635155201e-01,1.5050033331e+00,2.4382704869e-02,3.0891031250e+04
2969,1.5596647263e+00,2.9997696402e-04,8.0206841230e-01,1.4959243536e+00,1.6748275608e-02,3.0891375000e+04
2970,1.5597584248e+00,1.2221612269e-04,7.6306536794e-02,1.4964425564e+00,2.3046951741e-02,3.0890884766e+04
2971,1.5597159863e+00,7.5872121670e-06,-3.0237019062e+00,1.4901791811e+00,9.5579531044e-03,3.0890644531e+04
2972,1.5597574711e+00,-9.7271302366e-05,-1.8229930401e+00,1.4947909117e+00,3.5614776425e-03,3.0890417969e+04
2973,1.5596549511e+00,-2.0073499763e-04,-4.3928170204e+00,1.5106195211e+00,3.2492827624e-02,3.0889843750e+04
2974,1.5598084927e+00,-4.5402068645e-04,-3.1647508144e+00,1.5187182426e+00,1.7523040995e-02,3.0889521484e+04
2975,1.5598676205e+00,-6.6782324575e-04,-4.4900450706e+00,1.5145916939e+00,4.2467728257e-02,3.0889525391e+04
2976,1.5598402023e+00,-8.7800482288e-04,-4.4458074570e+00,1.5182231665e+00,3.2667465508e-02,3.0889351562e+04
2977,1.5599429607e+00,-1.1831797892e-03,-6.2983145714e+00,1.5030560493e+00,9.0190125629e-03,3.0889531250e+04
2978,1.5599868298e+00,-1.5191547573e-03,-5.9183955193e+00,1.5118478537e+00,1.1648025364e-02,3.0889355469e+04
2979,1.5601518154e+00,-2.0122667775e-03,-5.1569414139e+00,1.4960507154e+00,2.1592635661e-02,3.0888716797e+04
2980,1.5602865219e+00,-2.3510232568e-03,-3.6733088493e+00,1.5057060719e+00,3.6545563489e-02,3.0889089844e+04
2981,1.5602083206e+00,-2.2104852833e-03,-1.7701522112e+00,1.4880797863e+00,5.0868224353e-03,3.0889384766e+04
2982,1.5600708723e+00,-2.1539723966e-03,-9.7900205851e-01,1.5133132935e+00,1.1047973298e-02,3.0888640625e+04
2983,1.5601212978e+00,-2.2959120106e-03,1.8293172121e-01,1.5238610506e+00,2.3979034275e-02,3.0888810547e+04
2984,1.5603724718e+00,-2.5913645513e-03,-6.2058997154e-01,1.4973037243e+00,3.0546188354e-02,3.0888791016e+04
2985,1.5606554747e+00,-2.9886248522e-03,-2.1002345085e+00,1.5230689049e+00,3.3612977713e-02,3.0889181641e+04
2986,1.5608499050e+00,-3.2579791732e-03,-1.2218068838e+00,1.5096483231e+00,-2.8118896298e-03,3.0889029297e+04
2987,1.5610194206e+00,-3.4489780664e-03,-2.4430654049e+00,1.5024081469e+00,3.2992553897e-03,3.0889156250e+04
2988,1.5611792803e+00,-3.5144784488e-03,4.1341862082e-01,1.5115418434e+00,1.6245728359e-02,3.0888787109e+04
2989,1.5612286329e+00,-3.5519727971e-03,-6.1946272850e-01,1.5164381266e+00,5.4102629423e-02,3.0888646484e+04
2990,1.5612440109e+00,-3.6443097051e-03,8.0751186609e-01,1.5128878355e+00,6.1409376562e-02,3.0889142578e+04
2991,1.5612989664e+00,-3.7921827752e-03,-3.0625495911e+00,1.5279463530e+00,3.6910399795e-02,3.0888599609e+04
2992,1.5613108873e+00,-4.0385597385e-03,-2.8561110497e+00,1.5198475122e+00,3.2201308757e-02,3.0888869141e+04
2993,1.5613242388e+00,-4.1755344719e-03,-3.3292250633e+00,1.5254724026e+00,5.0796661526e-02,3.0888919922e+04
2994,1.5613070726e+00,-4.0927929804e-03,-4.9491038322e+00,1.5111517906e+00,5.0082854927e-02,3.0888751953e+04
2995,1.5612411499e+00,-4.0146945976e-03,-3.3170008659e+00,1.4957400560e+00,4.3588791043e-02,3.0889101562e+04
2996,1.5611702204e+00,-4.0180184878e-03,-1.9631450176e+00,1.4942990541e+00,5.6159056723e-02,3.0888923828e+04
2997,1.5613179207e+00,-4.0684235282e-03,-6.8391084671e-01,1.4924839735e+00,2.6827393100e-02,3.0888681641e+04
2998,1.5612426996e+00,-4.2658783495e-03,-4.6973109245e-01,1.4823849201e+00,3.4362029284e-02,3.0888691406e+04
2999,1.5614278316e+00,-4.3698563240e-03,1.8061028719e+00,1.4721114635e+00,6.8401187658e-02,3.0888421875e+04
3000,1.5615361929e+00,-4.7385743819e-03,-6.9750875235e-02,1.4772528410e+00,5.7005845010e-02,3.0888902344e+04
3001,1.5617743731e+00,-5.0018108450e-03,-8.8518738747e-01,1.4944528341e+00,5.4260939360e-02,3.0888248047e+04
3002,1.5619546175e+00,-5.1955343224e-03,-2.2480049133e+00,1.4972920418e+00,2.3441772908e-02,3.0887933594e+04
3003,1.5618627071e+00,-5.1185511984e-03,-3.8229766488e-01,1.4974468946e+00,3.9563521743e-02,3.0888000000e+04
3004,1.5616064072e+00,-4.8559755087e-03,-2.7845380306e+00,1.5020626783e+00,6.1457902193e-02,3.0887824219e+04
3005,1.5615053177e+00,-4.5434832573e-03,-3.8700790405e+00,1.4997988939e+00,6.8608015776e-02,3.0887519531e+04
3006,1.5614827871e+00,-4.3254937045e-03,-5.8692054749e+00,1.5003292561e+00,7.1723327041e-02,3.0888263672e+04
3007,1.5616444349e+00,-4.2373323813e-03,-5.1910009384e+00,1.5146913528e+00,4.7330629081e-02,3.0888416016e+04
3008,1.5616729259e+00,-4.1001597419e-03,-5.8203797340e+00,1.5013000965e+00,3.6075592041e-02,3.0888160156e+04
3009,1.5617043972e+00,-3.8231250364e-03,-2.2789540291e+00,1.4925462008e+00,3.2875366509e-02,3.0887691406e+04
3010,1.5616803169e+00,-3.5422246438e-03,-1.1195811033e+00,1.5122359991e+00,8.4408037364e-02,3.0887271484e+04
3011,1.5616017580e+00,-3.5356730223e-03,3.0339467525e-01,1.5186133385e+00,8.2121506333e-02,3.0887164062e+04
3012,1.5616186857e+00,-3.6011268385e-03,-2.7744438648e+00,1.4938822985e+00,6.6850893199e-02,3.0886892578e+04
3013,1.5615613461e+00,-3.7760178093e-03,-4.4331860542e+00,1.5148990154e+00,4.4546354562e-02,3.0887199219e+04
3014,1.5615389347e+00,-3.7336549722e-03,-4.4616279602e+00,1.4998822212e+00,5.2709884942e-02,3.0887097656e+04
3015,1.5613465309e+00,-3.6210692488e-03,-6.5081157684e+00,1.5146566629e+00,5.0615385175e-02,3.0886550781e+04
3016,1.5612142086e+00,-3.4543827642e-03,-8.5744929314e-01,1.5162286758e+00,4.0773924440e-02,3.0886708984e+04
3017,1.5611803532e+00,-3.2169134356e-03,-3.3907443285e-02,1.5099922419e+00,2.6370925829e-02,3.0887175781e+04
3018,1.5611851215e+00,-2.8866382781e-03,-1.0353153944e+00,1.4980676174e+00,5.6323777884e-02,3.0886724609e+04
3019,1.5612145662e+00,-2.7665165253e-03,-2.3135488033e+00,1.5112996101e+00,5.7277679443e-02,3.0887423828e+04
3020,1.5612305403e+00,-2.8035107534e-03,-2.6146678925e+00,1.4781762362e+00,5.0677109510e-02,3.0887541016e+04
3021,1.5611549616e+00,-2.7862943243e-03,-5.2885637283e+00,1.4945995808e+00,6.5457150340e-02,3.0887271484e+04
3022,1.5610822439e+00,-2.6367183309e-03,1.1661176682e+00,1.4828449488e+00,3.4874342382e-02,3.0887039062e+04
3023,1.5609589815e+00,-2.3590479977e-03,3.3569127321e-01,1.4942377806e+00,8.7383881211e-02,3.0887373047e+04
3024,1.5608240366e+00,-2.0314394496e-03,2.0361788273e+00,1.4839565754e+00,8.2014843822e-02,3.0887365234e+04
3025,1.5608972311e+00,-1.9197077490e-03,-1.1512970924e+00,1.5017409325e+00,8.1586077809e-02,3.0887271484e+04
3026,1.5611386299e+00,-1.9391414244e-03,-1.5736666918e+00,1.4907358885e+00,5.7349089533e-02,3.0887474609e+04
3027,1.5613477230e+00,-1.9121249206e-03,-3.6128156185e+00,1.4975173473e+00,7.3030851781e-02,3.0887248047e+04
3028,1.5613358021e+00,-1.7149574123e-03,-5.1729202271e+00,1.5122811794e+00,6.3512951136e-02,3.0886980469e+04
3029,1.5613334179e+00,-1.5843441943e-03,-2.9120953083e+00,1.4944874048e+00,4.7921217978e-02,3.0887583984e+04
3030,1.5612860918e+00,-1.4166542096e-03,-3.0918047428e+00,1.5123965740e+00,7.1574322879e-02,3.0887132812e+04
3031,1.5612841845e+00,-1.2917119311e-03,-3.3929948807e+00,1.5170902014e+00,6.3170701265e-02,3.0887203125e+04
3032,1.5611526966e+00,-1.0951691074e-03,-1.2713971138e+00,1.5068082809e+00,6.5169833601e-02,3.0886388672e+04
3033,1.5609714985e+00,-1.0031829588e-03,-3.1153490543e+00,1.5008881092e+00,4.0417861193e-02,3.0887363281e+04
3034,1.5609310865e+00,-9.8986807279e-04,-2.3046448231e+00,1.4904441833e+00,4.5487061143e-02,3.0887558594e+04
3035,1.5609264374e+00,-1.1905150022e-03,-4.8980426788e+00,1.5111038685e+00,4.4799879193e-02,3.0887326172e+04
3036,1.5609784126e+00,-1.0888413526e-03,-9.9443018436e-01,1.5183999538e+00,5.9591598809e-02,3.0887087891e+04
3037,1.5609667301e+00,-9.0412510326e-04,2.0367446542e-01,1.5014036894e+00,5.4121244699e-02,3.0887291016e+04
3038,1.5607645512e+00,-5.4305966478e-04,-1.9852560759e-01,1.5108226538e+00,5.9266585857e-02,3.0887312500e+04
3039,1.5607653856e+00,-3.2956959330e-04,-1.6651128531e+00,1.5143139362e+00,4.9658507109e-02,3.0887267578e+04
3040,1.5609130859e+00,-1.4863145771e-04,-1.2707528472e-01,1.4968868494e+00,5.9164427221e-02,3.0887353516e+04
3041,1.5609741211e+00,-8.5398256488e-05,-2.3979113102e+00,1.4897128344e+00,4.7069016844e-02,3.0887238281e+04
3042,1.5609394312e+00,5.5339347455e-05,-2.6101746559e+00,1.4897171259e+00,5.7141799480e-02,3.0887593750e+04
3043,1.5608942509e+00,4.2195853894e-05,-3.1279151440e+00,1.4970718622e+00,3.9651032537e-02,3.0887730469e+04
3044,1.5609549284e+00,1.9092154980e-04,-3.0199897289e+00,1.5101788044e+00,4.2704850435e-02,3.0887265625e+04
3045,1.5609900951e+00,2.2242535488e-04,-8.2964622974e-01,1.5153290033e+00,2.8997268528e-02,3.0887648438e+04
3046,1.5612478256e+00,3.6759057548e-04,1.6609460115e-01,1.5032153130e+00,3.2445296645e-02,3.0887380859e+04
3047,1.5610892773e+00,5.9918308398e-04,-1.2111363411e+00,1.4818931818e+00,4.5489426702e-02,3.0887802734e+04
3048,1.5608633757e+00,9.7675668076e-04,-3.0432202816e+00,1.4946875572e+00,2.2987442091e-02,3.0887740234e+04
3049,1.5607458353e+00,1.2533373665e-03,-3.3169622421e+00,1.5047253370e+00,3.1518861651e-02,3.0887583984e+04
3050,1.5606466532e+00,1.3321782462e-03,-6.4369046688e-01,1.5140273571e+00,2.5207901374e-02,3.0887082031e+04
3051,1.5607398748e+00,1.2626315001e-03,-2.5684597492e+00,1.5217977762e+00,4.5482862741e-02,3.0886421875e+04
3052,1.5609247684e+00,1.1490689358e-03,-1.0256429911e+00,1.5278033018e+00,5.6480406784e-04,3.0886884766e+04
3053,1.5608513355e+00,1.1729855323e-03,-4.4016456604e+00,1.5348745584e+00,1.5094070695e-02,3.0886914062e+04
3054,1.5606300831e+00,1.2071450474e-03,-5.2522821426e+00,1.5343406200e+00,-2.6057434734e-03,3.0886558594e+04
3055,1.5605226755e+00,1.3186447322e-03,-3.9585552216e+00,1.5228809118e+00,1.3258743100e-02,3.0886566406e+04
3056,1.5603350401e+00,1.4655075502e-03,-3.8371140957e+00,1.5249817371e+00,1.6302872449e-02,3.0886904297e+04
3057,1.5601387024e+00,1.6157183563e-03,-5.4420070648e+00,1.5122359991e+00,2.8449706733e-02,3.0887019531e+04
3058,1.5599399805e+00,1.6889300896e-03,-4.8205065727e+00,1.5278488398e+00,5.5702211102e-04,3.0886988281e+04
3059,1.5598441362e+00,1.8046395853e-03,-2.0149731636e+00,1.5106909275e+00,-5.9231566265e-03,3.0886802734e+04
3060,1.5597728491e+00,2.0051447209e-03,-1.1377574205e+00,1.5048898458e+00,8.6657712236e-03,3.0886962891e+04
3061,1.5596274137e+00,2.0210254006e-03,-3.7917172909e-01,1.5144183636e+00,3.9587248117e-02,3.0887251953e+04
3062,1.5596070290e+00,1.9761372823e-03,-1.8028784990e+00,1.5120166540e+00,1.7859268934e-02,3.0887505859e+04
3063,1.5597022772e+00,2.0121075213e-03,-1.7678343058e+00,1.4959505796e+00,1.1277923360e-02,3.0887384766e+04
3064,1.5596252680e+00,2.1306083072e-03,-2.0161778927e+00,1.5080724955e+00,1.6586609185e-02,3.0887623047e+04
3065,1.5595248938e+00,2.3625334725e-03,-1.3607732058e+00,1.5077177286e+00,3.6974027753e-02,3.0887666016e+04
3066,1.5595420599e+00,2.3315183353e-03,-2.0125057697e+00,1.5041738749e+00,3.5377275199e-02,3.0888007812e+04
3067,1.5596262217e+00,2.2632039618e-03,-1.7158460617e+00,1.5068615675e+00,2.9680633917e-02,3.0888117188e+04
3068,1.5597288609e+00,1.9783538301e-03,-1.0850645304e+00,1.5269497633e+00,8.6746215820e-03,3.0888562500e+04
3069,1.5598237514e+00,1.7149866326e-03,-1.7219737172e-01,1.5092685223e+00,5.1782988012e-03,3.0889218750e+04
3070,1.5599040985e+00,1.4588474296e-03,-3.5730018616e+00,1.5191204548e+00,-5.8227538830e-04,3.0889294922e+04
3071,1.5599590540e+00,1.3896906748e-03,-2.7764539719e+00,1.5235806704e+00,6.4260866493e-03,3.0889113281e+04
3072,1.5598407984e+00,1.3846660731e-03,-2.2203590870e+00,1.5212930441e+00,-8.3125308156e-03,3.0889115234e+04
3073,1.5598775148e+00,1.4829807915e-03,-9.5895481110e-01,1.5255618095e+00,-3.3328551799e-02,3.0889482422e+04
3074,1.5598167181e+00,1.4645241899e-03,-2.9249830246e+00,1.5104835033e+00,-3.1802598387e-02,3.0889363281e+04
3075,1.5596966743e+00,1.3719326816e-03,-4.1763620377e+00,1.5327770710e+00,-1.9314346835e-02,3.0889255859e+04
3076,1.5595670938e+00,1.5438735718e-03,-2.6559367180e+00,1.5167367458e+00,-3.7913512439e-02,3.0889429688e+04
3077,1.5594788790e+00,1.4872119064e-03,-4.5523872375e+00,1.5062032938e+00,-5.4467008449e-03,3.0889744141e+04
3078,1.5594614744e+00,1.3223760761e-03,-4.5543346405e+00,1.4945930243e+00,1.1916808784e-02,3.0889666016e+04
3079,1.5595598221e+00,1.0415944271e-03,-3.0359864235e+00,1.4929952621e+00,2.2245787550e-03,3.0889576172e+04
3080,1.5594745874e+00,9.0849853586e-04,-1.5764694214e+00,1.4882069826e+00,-9.4986725599e-03,3.0888935547e+04
3081,1.5591787100e+00,1.0339125292e-03,-9.3065476418e-01,1.5055204630e+00,-1.8849335611e-02,3.0889429688e+04
3082,1.5589052439e+00,1.1150877690e-03,-1.1034089327e+00,1.5054963827e+00,-1.1926956475e-02,3.0889556641e+04
3083,1.5588134527e+00,1.0881155031e-03,-3.9347383976e+00,1.5211155415e+00,-4.6320267022e-02,3.0889089844e+04
3084,1.5589191914e+00,1.0001616320e-03,-2.9266486168e+00,1.5218967199e+00,-3.5573426634e-02,3.0889164062e+04
3085,1.5588426590e+00,1.0610666359e-03,-4.5644855499e+00,1.5130646229e+00,1.4471434988e-03,3.0889210938e+04
3086,1.5587321520e+00,1.1698449962e-03,-6.1843667030e+00,1.5241789818e+00,-9.9761197343e-03,3.0888972656e+04
3087,1.5586787462e+00,1.2852639193e-03,-4.2456183434e+00,1.5271866322e+00,-2.9742431361e-03,3.0888546875e+04
3088,1.5585578680e+00,1.1338437907e-03,-5.1463098526e+00,1.5184469223e+00,-1.3104629703e-02,3.0888667969e+04
3089,1.5585399866e+00,1.0315781692e-03,-3.7529392242e+00,1.4957039356e+00,-5.7913209312e-03,3.0889025391e+04
3090,1.5586057901e+00,8.8811176829e-04,-2.6423013210e+00,1.4920595884e+00,-1.5804214403e-02,3.0889488281e+04
3091,1.5585087538e+00,7.3258933844e-04,-1.6965934038e+00,1.4909715652e+00,-4.7386474907e-02,3.0889492188e+04
3092,1.5582630634e+00,5.6113023311e-04,-1.1471472979e+00,1.4958317280e+00,-3.6570817232e-02,3.0889216797e+04
3093,1.5580643415e+00,4.2037013918e-04,2.1142477989e+00,1.5259945393e+00,-1.3901977800e-02,3.0889132812e+04
3094,1.5577957630e+00,4.7691201326e-04,3.1681823730e+00,1.5049079657e+00,-5.2451323718e-03,3.0888935547e+04
3095,1.5574368238e+00,4.1117111687e-04,1.0817534924e+00,1.4947689772e+00,-3.0822753615e-05,3.0889068359e+04
3096,1.5573247671e+00,4.0624616668e-04,-3.4084458351e+00,1.4876796007e+00,5.5728913285e-03,3.0889306641e+04
3097,1.5571318865e+00,2.6402168442e-04,-6.9054107666e+00,1.4871484041e+00,-1.8274688628e-03,3.0888888672e+04
3098,1.5570175648e+00,1.2181364582e-04,-7.4060797691e+00,1.4923274517e+00,-9.7212977707e-03,3.0888919922e+04
3099,1.5567773581e+00,1.5149681713e-04,-6.3110866547e+00,1.5170941353e+00,-1.7609100789e-02,3.0888615234e+04
3100,1.5565596819e+00,1.8306508719e-04,-6.0205707550e+00,1.4859672785e+00,2.1980286110e-03,3.0888925781e+04
3101,1.5564717054e+00,5.9177982621e-05,-4.6768250465e+00,1.5126141310e+00,-2.0882263780e-02,3.0888910156e+04
3102,1.5563616753e+00,5.3418618336e-05,-5.4353690147e+00,1.5071219206e+00,-1.6644515097e-02,3.0889105469e+04
3103,1.5563502312e+00,9.0360146714e-05,-3.9140586853e+00,1.5053579807e+00,-2.8263244778e-02,3.0889150391e+04
3104,1.5562120676e+00,1.1226600327e-04,-3.7511434555e+00,1.5094177723e+00,1.4212798560e-03,3.0888275391e+04
3105,1.5562245846e+00,1.0609751189e-04,-1.2847009897e+00,1.5073846579e+00,-1.5332412906e-02,3.0888316406e+04
3106,1.5563313961e+00,-6.5408341470e-05,-1.4771621227e+00,1.5050915480e+00,5.4740142077e-03,3.0887953125e+04
3107,1.5564957857e+00,-2.1057148115e-04,-3.3322234154e+00,1.5114200115e+00,8.7661741418e-05,3.0887664062e+04
3108,1.5566431284e+00,-3.8016634062e-04,-3.1525373459e+00,1.5009793043e+00,-2.0069656894e-02,3.0887681641e+04
3109,1.5566096306e+00,-4.3949624524e-04,-5.8235869408e+00,1.5038886070e+00,-1.1857070960e-02,3.0887396484e+04
3110,1.5564417839e+00,-5.6499830680e-04,-5.6995038986e+00,1.5067989826e+00,-2.6011962444e-02,3.0887357422e+04
3111,1.5564868450e+00,-7.3784077540e-04,-4.9010419846e+00,1.4932861328e+00,-1.3619994745e-02,3.0887312500e+04
3112,1.5564959049e+00,-1.1472767219e-03,-6.7012610435e+00,1.4825671911e+00,-1.7740326002e-02,3.0887044922e+04
3113,1.5564987659e+00,-1.1708644452e-03,-4.2498717308e+00,1.4910131693e+00,-1.8025284633e-02,3.0887339844e+04
3114,1.5563516617e+00,-1.1253393022e-03,-3.3649044037e+00,1.4858852625e+00,-8.3833308890e-03,3.0887199219e+04
3115,1.5562316179e+00,-1.1663578916e-03,-1.8244434595e+00,1.5188093185e+00,1.5941619873e-02,3.0886951172e+04
3116,1.5562739372e+00,-1.3366370695e-03,-1.2679006159e-01,1.5113768578e+00,2.5148620829e-02,3.0886494141e+04
3117,1.5562660694e+00,-1.5788880410e-03,-2.5524463654e+00,1.5352777243e+00,-7.7301026322e-03,3.0886816406e+04
3118,1.5561828613e+00,-1.5220347559e-03,-3.8710234165e+00,1.5185092688e+00,-3.1160201877e-02,3.0886550781e+04
3119,1.5561472178e+00,-1.4179972932e-03,-6.7808270454e+00,1.4978392124e+00,-2.7541503310e-02,3.0886365234e+04
3120,1.5561980009e+00,-1.2797312811e-03,-3.3896453381e+00,1.5022374392e+00,-3.8893127348e-03,3.0886791016e+04
3121,1.5562864542e+00,-1.2701647356e-03,-6.4393739700e+00,1.4978725910e+00,8.7550356984e-03,3.0886511719e+04
3122,1.5563126802e+00,-1.3465126976e-03,-7.5182337761e+00,1.4764972925e+00,-2.7708434500e-03,3.0887312500e+04
3123,1.5563375950e+00,-1.4085768489e-03,-5.4412512779e+00,1.4691331387e+00,8.5998531431e-03,3.0887275391e+04
3124,1.5562579632e+00,-1.4181513106e-03,-5.6152734756e+00,1.4936096668e+00,-5.5243684910e-03,3.0886875000e+04
3125,1.5563176870e+00,-1.4377826592e-03,1.8602623940e+00,1.5075258017e+00,-1.6077270731e-02,3.0887130859e+04
3126,1.5562645197e+00,-1.4423459070e-03,2.5484294891e+00,1.5145809650e+00,2.6492308825e-03,3.0886771484e+04
3127,1.5563120842e+00,-1.3974151807e-03,6.1492985487e-01,1.5148946047e+00,2.4982453324e-03,3.0886857422e+04
3128,1.5563226938e+00,-1.4864224941e-03,-1.9190776348e+00,1.4949160814e+00,1.1970519554e-03,3.0887531250e+04
3129,1.5564097166e+00,-1.4182979940e-03,-5.2105178833e+00,1.4942578077e+00,-2.2797241807e-02,3.0887402344e+04
3130,1.5565172434e+00,-1.5056383563e-03,-5.0821046829e+00,1.5063242912e+00,-1.2364425696e-02,3.0887722656e+04
3131,1.5566760302e+00,-1.5835028607e-03,-1.7560082674e+00,1.5068935156e+00,1.7406692728e-02,3.0887777344e+04
3132,1.5566629171e+00,-1.7670033267e-03,-2.1818637848e+00,1.5299758911e+00,2.1331558004e-02,3.0888593750e+04
3133,1.5566890240e+00,-1.8859886331e-03,-1.3539004326e+00,1.5254075527e+00,-1.5144348436e-04,3.0888035156e+04
3134,1.5564982891e+00,-1.6130652511e-03,-4.9869217873e+00,1.5482026339e+00,4.6409606002e-03,3.0888212891e+04
3135,1.5563026667e+00,-1.3249150943e-03,-2.5830657482e+00,1.5261768103e+00,1.9515151158e-02,3.0887601562e+04
3136,1.5561800003e+00,-1.1822276283e-03,-7.4856939316e+00,1.5529421568e+00,5.1745604724e-03,3.0887941406e+04
3137,1.5563179255e+00,-1.3233078644e-03,-5.4144387245e+00,1.5332561731e+00,6.8709566258e-03,3.0888431641e+04
3138,1.5564558506e+00,-1.4477085788e-03,-9.6282091141e+00,1.5162311792e+00,2.9632567894e-03,3.0888285156e+04
3139,1.5565053225e+00,-1.5121377073e-03,-7.3482403755e+00,1.5097899437e+00,1.3819503598e-02,3.0888042969e+04
3140,1.5565643311e+00,-1.5012091026e-03,-5.2582974434e+00,1.5224436522e+00,-9.4213867560e-03,3.0888488281e+04
3141,1.5566545725e+00,-1.5906553017e-03,-1.6849287748e+00,1.5045466423e+00,6.0800169595e-03,3.0888435547e+04
3142,1.5568751097e+00,-1.8034942914e-03,-1.3639153242e+00,1.4993560314e+00,-6.8428041413e-04,3.0888626953e+04
3143,1.5570427179e+00,-1.8930570222e-03,1.6656559706e+00,1.4978121519e+00,4.0003205650e-03,3.0888771484e+04
3144,1.5570635796e+00,-1.9664738793e-03,-1.5641129017e+00,1.4922763109e+00,-1.0564956814e-02,3.0888822266e+04
3145,1.5571100712e+00,-1.9548679702e-03,-2.7308395505e-01,1.5005521774e+00,-2.2204056382e-02,3.0889027344e+04
3146,1.5572199821e+00,-1.7731442349e-03,-1.6694126129e+00,1.4723609686e+00,-1.6420364380e-02,3.0889550781e+04
3147,1.5572364330e+00,-1.6028466634e-03,-8.7491571903e-01,1.4792333841e+00,9.5615386963e-03,3.0890175781e+04
3148,1.5573629141e+00,-1.3858715538e-03,-3.6220955849e-01,1.4814373255e+00,1.2720260769e-02,3.0889748047e+04
3149,1.5574256182e+00,-1.2624516385e-03,-8.2429158688e-01,1.4875206947e+00,2.2862853482e-02,3.0889779297e+04
3150,1.5576969385e+00,-1.1196609121e-03,6.1605408788e-02,1.4923454523e+00,1.0123367421e-02,3.0890347656e+04
3151,1.5578145981e+00,-1.2961416505e-03,-3.6876175404e+00,1.4992842674e+00,1.8714293838e-02,3.0890066406e+04
3152,1.5578923225e+00,-1.2640765635e-03,-4.7015943527e+00,1.5131714344e+00,1.0476836935e-02,3.0890470703e+04
3153,1.5579173565e+00,-1.2750343885e-03,-3.7713859081e+00,1.4968703985e+00,4.8761749640e-03,3.0890230469e+04
3154,1.5577765703e+00,-1.2770884205e-03,-5.5610070229e+00,1.4873855114e+00,-7.1432497352e-03,3.0890433594e+04
3155,1.5577685833e+00,-1.2556029251e-03,-4.3524327278e+00,1.5039068460e+00,-7.7191162854e-03,3.0890210938e+04
3156,1.5577044487e+00,-1.3345356565e-03,-5.0597391129e+00,1.5117862225e+00,2.3180542514e-02,3.0889896484e+04
3157,1.5577661991e+00,-1.4617512934e-03,-3.5223286152e+00,1.5043206215e+00,4.7869566828e-02,3.0889664062e+04
3158,1.5578317642e+00,-1.5704561956e-03,-6.2109732628e+00,1.5083810091e+00,4.9293592572e-02,3.0889259766e+04
3159,1.5580633879e+00,-1.5284630936e-03,-4.6330986023e+00,1.4880768061e+00,4.2798005044e-02,3.0889093750e+04
3160,1.5580881834e+00,-1.3965368271e-03,-5.5846171379e+00,1.5052162409e+00,2.1089859307e-02,3.0888878906e+04
3161,1.5581560135e+00,-1.2856856920e-03,-5.8650422096e+00,1.5245801210e+00,1.0316315107e-02,3.0888373047e+04
3162,1.5581874847e+00,-1.1671618558e-03,-4.5175070763e+00,1.5323387384e+00,2.1696701646e-02,3.0887916016e+04
3163,1.5582383871e+00,-1.0763881728e-03,-5.0489020348e+00,1.5251066685e+00,4.2067490518e-02,3.0887900391e+04
3164,1.5584050417e+00,-1.1826538248e-03,-3.5938773155e+00,1.4963108301e+00,1.9044952467e-02,3.0887863281e+04
3165,1.5585554838e+00,-1.2539123418e-03,-4.5667991638e+00,1.4992974997e+00,2.7109222487e-02,3.0887628906e+04
3166,1.5588009357e+00,-1.4172854135e-03,-4.0346336365e+00,1.5018712282e+00,2.0825423300e-02,3.0887986328e+04
3167,1.5588275194e+00,-1.4663873008e-03,-4.0139627457e+00,1.4946414232e+00,2.7071457356e-02,3.0888033203e+04
3168,1.5588140488e+00,-1.3507850235e-03,-2.9237234592e+00,1.4946541786e+00,3.5611115396e-02,3.0888029297e+04
3169,1.5588334799e+00,-1.1636519339e-03,-3.0580382347e+00,1.4816159010e+00,-2.8379058931e-03,3.0888263672e+04
3170,1.5588653088e+00,-9.6791633405e-04,-1.3958087564e-01,1.4851456881e+00,-2.2603835911e-02,3.0888433594e+04
3171,1.5586936474e+00,-6.8878743332e-04,1.4989712238e+00,1.4792288542e+00,-1.1820984073e-03,3.0887992188e+04
3172,1.5585958958e+00,-5.7976978133e-04,2.5620739460e+00,1.4892104864e+00,4.2052764446e-02,3.0888724609e+04
3173,1.5586706400e+00,-5.4805906257e-04,6.9860398769e-01,1.5033537149e+00,5.4882813245e-02,3.0888701172e+04
3174,1.5588291883e+00,-5.8237876510e-04,-2.1467137337e+00,1.5009723902e+00,7.2244875133e-02,3.0888789062e+04
3175,1.5589928627e+00,-8.4624823648e-04,-1.1432615519e+00,1.5081690550e+00,2.6816178113e-02,3.0888451172e+04
3176,1.5590014458e+00,-8.4271695232e-04,-3.6444888115e+00,1.5220526457e+00,1.6925888136e-02,3.0888839844e+04
3177,1.5589277744e+00,-7.2551303310e-04,-2.8398675919e+00,1.4987797737e+00,1.6978226602e-02,3.0889328125e+04
3178,1.5586999655e+00,-5.9349113144e-04,-5.6851024628e+00,1.5001553297e+00,1.2217712356e-03,3.0889845703e+04
3179,1.5585634708e+00,-4.1568849701e-04,-2.3694705963e+00,1.5015356541e+00,-1.2954712147e-03,3.0889761719e+04
3180,1.5586409569e+00,-3.9863004349e-04,-2.8153963089e+00,1.4969565868e+00,2.4116592482e-02,3.0889527344e+04
3181,1.5587054491e+00,-4.0370848728e-04,-8.8760137558e-02,1.4961758852e+00,2.7712859213e-02,3.0889941406e+04
3182,1.5587007999e+00,-4.2117980774e-04,-1.2386058569e+00,1.4739047289e+00,2.6982573792e-02,3.0890283203e+04
3183,1.5585407019e+00,-5.1062612329e-04,-3.1642143726e+00,1.4791839123e+00,-1.2342834380e-03,3.0890076172e+04
3184,1.5583940744e+00,-5.1556096878e-04,-2.7520298958e+00,1.4975167513e+00,9.1364290565e-03,3.0890107422e+04
3185,1.5583671331e+00,-5.2721361862e-04,-3.8103036880e+00,1.4979895353e+00,3.2917555422e-02,3.0889578125e+04
3186,1.5583488941e+00,-4.7432200518e-04,-4.5739989281e+00,1.5109393597e+00,2.4157257751e-02,3.0889390625e+04
3187,1.5582391024e+00,-4.7495926265e-04,-3.6425118446e+00,1.4908250570e+00,1.5465240926e-02,3.0889388672e+04
3188,1.5581549406e+00,-5.3401343757e-04,-6.9762816429e+00,1.4965338707e+00,2.0667571574e-02,3.0888964844e+04
3189,1.5582404137e+00,-6.2778801657e-04,-5.5491662025e+00,1.4768347740e+00,1.4745788649e-02,3.0889042969e+04
3190,1.5582622290e+00,-6.8231433397e-04,-5.0341138840e+00,1.4756473303e+00,2.0905151963e-02,3.0889306641e+04
3191,1.5581945181e+00,-6.9859239738e-04,-5.5011529922e+00,1.4812246561e+00,2.1988831460e-02,3.0889164062e+04
3192,1.5580791235e+00,-6.8669649772e-04,-5.7776880264e+00,1.4828594923e+00,3.9946593344e-02,3.0889072266e+04
3193,1.5580829382e+00,-7.6455983799e-04,-3.1176238060e+00,1.4863756895e+00,2.8120880947e-02,3.0888386719e+04
3194,1.5581320524e+00,-7.6994107803e-04,-2.1285448074e+00,1.4975372553e+00,2.3888245225e-02,3.0888404297e+04
3195,1.5579921007e+00,-7.5286906213e-04,-9.3114697933e-01,1.5185149908e+00,1.5230712481e-02,3.0888119141e+04
3196,1.5575969219e+00,-5.5476161651e-04,-3.7805590630e+00,1.5136090517e+00,-1.1155700777e-03,3.0887974609e+04
3197,1.5574399233e+00,-6.4827420283e-04,-5.1730909348e+00,1.4966059923e+00,2.9720305465e-03,3.0887494141e+04
3198,1.5574140549e+00,-7.3506357148e-04,-8.7482576370e+00,1.5153458118e+00,1.1875152122e-03,3.0886875000e+04
3199,1.5575474501e+00,-1.0205009021e-03,-6.4642972946e+00,1.5147737265e+00,9.1961668804e-03,3.0886855469e+04
3200,1.5576218367e+00,-1.1463442352e-03,-7.0088276863e+00,1.4988622665e+00,1.3581848470e-03,3.0886472656e+04
3201,1.5575345755e+00,-1.3612598414e-03,-6.9606571198e+00,1.5036017895e+00,-9.7651667893e-03,3.0887458984e+04
3202,1.5574119091e+00,-1.3977574417e-03,-4.6647100449e+00,1.5077530146e+00,1.1180114234e-03,3.0887498047e+04
3203,1.5574896336e+00,-1.4623875031e-03,-5.2026920319e+00,1.4791405201e+00,1.5952300746e-03,3.0887404297e+04
3204,1.5576214790e+00,-1.5185795492e-03,9.5152634382e-01,1.4712582827e+00,1.4098129235e-02,3.0887695312e+04
3205,1.5577512980e+00,-1.6386319185e-03,1.3133879900e+00,1.4819854498e+00,9.2039490119e-03,3.0887339844e+04
3206,1.5578044653e+00,-1.8645795062e-03,2.9589045048e+00,1.4850764275e+00,3.6163941026e-02,3.0887208984e+04
3207,1.5578155518e+00,-2.1303519607e-03,2.4740617275e+00,1.5026712418e+00,2.5363234803e-02,3.0887121094e+04
3208,1.5578095913e+00,-2.3086059373e-03,2.0624661818e-02,1.4874258041e+00,4.6825483441e-02,3.0887865234e+04
3209,1.5577465296e+00,-2.4784405250e-03,-2.1869158745e+00,1.4822280407e+00,2.5278549641e-02,3.0887910156e+04
3210,1.5576169491e+00,-2.6237959974e-03,-6.7106847763e+00,1.4770462513e+00,2.9987640679e-02,3.0888210938e+04
3211,1.5576121807e+00,-2.8199437074e-03,-2.7761640549e+00,1.5142090321e+00,7.8392792493e-03,3.0888634766e+04
3212,1.5576704741e+00,-2.9613138177e-03,-3.4310765266e+00,1.5248318911e+00,3.3313676715e-02,3.0888458984e+04
3213,1.5578583479e+00,-3.1320825219e-03,-2.4401448667e-01,1.5008703470e+00,1.8944321200e-02,3.0888699219e+04
3214,1.5578117371e+00,-3.2703308389e-03,-7.7872753143e-01,1.4867563248e+00,3.3514328301e-02,3.0888955078e+04
3215,1.5578542948e+00,-3.4727538005e-03,-2.1860847473e+00,1.4909536839e+00,-1.0982666165e-02,3.0889134766e+04
3216,1.5579853058e+00,-3.7291909102e-03,-3.9250695705e+00,1.4705841541e+00,5.4214475676e-03,3.0889150391e+04
3217,1.5581489801e+00,-4.0199900977e-03,-4.8374118805e+00,1.4909200668e+00,1.2254944071e-02,3.0888908203e+04
3218,1.5582268238e+00,-4.4204322621e-03,-2.5615410805e+00,1.5058132410e+00,2.2847823799e-02,3.0889152344e+04
3219,1.5581766367e+00,-4.7472114675e-03,-1.7420141697e+00,1.5127470493e+00,2.8581619263e-02,3.0888992188e+04
3220,1.5581170321e+00,-5.0560589880e-03,-3.9111032486e+00,1.5043982267e+00,1.5818862244e-02,3.0888689453e+04
3221,1.5579566956e+00,-5.1999613643e-03,-2.2652597427e+00,1.5084179640e+00,2.4202957749e-02,3.0888308594e+04
3222,1.5579321384e+00,-5.2747889422e-03,-5.3177428246e+00,1.4883339405e+00,1.9412154332e-02,3.0887802734e+04
3223,1.5579372644e+00,-5.2073574625e-03,-3.0804214478e+00,1.5013985634e+00,4.7567747533e-03,3.0887845703e+04
3224,1.5580538511e+00,-5.1520490088e-03,-3.5171983242e+00,1.4688348770e+00,3.1777266413e-02,3.0887685547e+04
3225,1.5581239462e+00,-5.2300165407e-03,-6.4139003754e+00,1.4867472649e+00,7.8823855147e-03,3.0887291016e+04
3226,1.5581310987e+00,-5.3781736642e-03,-4.5460963249e+00,1.5077439547e+00,3.1621016562e-02,3.0887304688e+04
3227,1.5582269430e+00,-5.7185655460e-03,-4.9785413742e+00,1.5018951893e+00,3.5517197102e-02,3.0886671875e+04
3228,1.5582716465e+00,-5.9752459638e-03,-3.6173326969e+00,1.4986718893e+00,3.4837797284e-02,3.0886613281e+04
3229,1.5582789183e+00,-6.1322557740e-03,-3.1779811382e+00,1.4847311974e+00,2.4072570726e-02,3.0886248047e+04
3230,1.5582022667e+00,-6.1108395457e-03,-6.1394195557e+00,1.4988845587e+00,4.1580963880e-02,3.0886376953e+04
3231,1.5581222773e+00,-6.0663716868e-03,-5.4688506126e+00,1.4925609827e+00,3.1924057752e-02,3.0885753906e+04
3232,1.5578553677e+00,-6.1530848034e-03,-8.6077566147e+00,1.5153216124e+00,2.5270080194e-02,3.0885443359e+04
3233,1.5579229593e+00,-6.2395571731e-03,-1.4225585461e+00,1.5203731060e+00,3.8522339892e-03,3.0885367188e+04
3234,1.5578641891e+00,-6.4440923743e-03,-3.4530463219e+00,1.5081249475e+00,-6.7856595851e-03,3.0885835938e+04
3235,1.5581165552e+00,-6.6957003437e-03,-1.0725338459e+00,1.4924042225e+00,-3.6534881219e-03,3.0885861328e+04
3236,1.5583493710e+00,-6.9813835435e-03,-3.3233144283e+00,1.5006854534e+00,9.1763306409e-03,3.0885490234e+04
3237,1.5585254431e+00,-7.0833973587e-03,-2.3352665901e+00,1.5000350475e+00,3.6925505847e-03,3.0885439453e+04
3238,1.5587109327e+00,-7.2815124877e-03,-8.5772395134e-01,1.4982525110e+00,-1.5995560214e-02,3.0885439453e+04
3239,1.5588477850e+00,-7.5892121531e-03,3.9585357904e-01,1.5303610563e+00,-1.5612334944e-02,3.0885251953e+04
3240,1.5591530800e+00,-7.8967818990e-03,6.3933163881e-02,1.4917756319e+00,-1.2186050415e-02,3.0885396484e+04
3241,1.5591676235e+00,-8.3000548184e-03,-4.6211832762e-01,1.5032550097e+00,1.3669434004e-02,3.0885449219e+04
3242,1.5591566563e+00,-8.6419694126e-03,-3.8752951622e+00,1.5018213987e+00,5.2522886544e-02,3.0885728516e+04
3243,1.5593001842e+00,-8.9532136917e-03,-2.8650271893e+00,1.4849566221e+00,2.0264891908e-02,3.0885388672e+04
3244,1.5593582392e+00,-9.1573977843e-03,-3.4923024178e+00,1.4890398979e+00,3.8799896836e-02,3.0885728516e+04
3245,1.5594694614e+00,-9.5213949680e-03,-1.7126080990e+00,1.5059491396e+00,3.6602020264e-03,3.0885777344e+04
3246,1.5593911409e+00,-9.7415093333e-03,-2.7256791592e+00,1.5139496326e+00,1.6702957451e-02,3.0885306641e+04
3247,1.5595544577e+00,-9.9326996133e-03,-1.5364307165e-01,1.5058000088e+00,-1.0905456729e-03,3.0885523438e+04
3248,1.5596616268e+00,-1.0198785923e-02,-1.1502603292e+00,1.5056967735e+00,8.0659482628e-03,3.0885955078e+04
3249,1.5598579645e+00,-1.0492462665e-02,-1.9619890451e+00,1.4964263439e+00,5.4906462319e-03,3.0885509766e+04
3250,1.5599970818e+00,-1.0770601220e-02,-7.7125823498e-01,1.4928648472e+00,3.3109132200e-02,3.0885871094e+04
3251,1.5601018667e+00,-1.1079817079e-02,-1.6273610592e+00,1.4912075996e+00,1.5554351732e-02,3.0886068359e+04
3252,1.5601710081e+00,-1.1207280681e-02,-3.5724282265e+00,1.4921061993e+00,-1.3213348575e-03,3.0886257812e+04
3253,1.5601961613e+00,-1.1336768046e-02,-1.5963451862e+00,1.4912661314e+00,6.9919587113e-03,3.0886277344e+04
3254,1.5601245165e+00,-1.1289093643e-02,-6.1356443167e-01,1.5062712431e+00,2.2342452779e-02,3.0886113281e+04
3255,1.5599852800e+00,-1.1340000667e-02,-5.0233113766e-01,1.4999413490e+00,2.8604812920e-02,3.0886287109e+04
3256,1.5600106716e+00,-1.1464612558e-02,-1.5857863426e+00,1.5030517578e+00,3.0046082102e-03,3.0886396484e+04
3257,1.5603016615e+00,-1.1783517897e-02,-2.7277204990e+00,1.4784598351e+00,-4.3688202277e-03,3.0885992188e+04
3258,1.5607241392e+00,-1.2246622704e-02,-2.3785784245e+00,1.4843722582e+00,1.1241149623e-03,3.0886132812e+04
3259,1.5610264540e+00,-1.2568246573e-02,-1.5839142799e+00,1.4770274162e+00,9.6955867484e-03,3.0885128906e+04
3260,1.5611686707e+00,-1.2815467082e-02,-2.6648640633e+00,1.5050835609e+00,-9.3199918047e-03,3.0885125000e+04
3261,1.5611920357e+00,-1.2776562944e-02,-5.4042410851e-01,1.5078690052e+00,-4.4206236489e-03,3.0885130859e+04
3262,1.5612337589e+00,-1.2799809687e-02,-6.5550546646e+00,1.5086188316e+00,6.9046020508e-04,3.0884109375e+04
3263,1.5613540411e+00,-1.2962316163e-02,-5.8036289215e+00,1.5110195875e+00,2.5447616354e-02,3.0883878906e+04
3264,1.5615077019e+00,-1.3228248805e-02,-5.0085902214e+00,1.5210472345e+00,4.2479552329e-02,3.0883316406e+04
3265,1.5616917610e+00,-1.3392395340e-02,-6.8099751472e+00,1.5383856297e+00,2.1377258003e-02,3.0883220703e+04
3266,1.5618573427e+00,-1.3514826074e-02,-4.9314827919e+00,1.5497598648e+00,3.1175842509e-02,3.0882876953e+04
3267,1.5618838072e+00,-1.3538566418e-02,-6.0401577950e+00,1.5202978849e+00,2.3539200425e-02,3.0883228516e+04
3268,1.5619747639e+00,-1.3542312197e-02,-4.6904163361e+00,1.5161483288e+00,2.4835281074e-02,3.0883076172e+04
3269,1.5620831251e+00,-1.3600029051e-02,-4.5446429253e+00,1.5237728357e+00,-6.4112092368e-03,3.0882572266e+04
3270,1.5622854233e+00,-1.3489558361e-02,5.5225372314e-01,1.5065376759e+00,-8.6885830387e-03,3.0882300781e+04
3271,1.5624603033e+00,-1.3546184637e-02,-2.5976705551e-01,1.5053569078e+00,-2.3925475776e-02,3.0882050781e+04
3272,1.5625675917e+00,-1.3559868559e-02,2.0809161663e-01,1.4815598726e+00,-1.1087723076e-02,3.0882109375e+04
3273,1.5626308918e+00,-1.3700543903e-02,-1.7211382389e+00,1.4869184494e+00,1.7359161284e-03,3.0882837891e+04
3274,1.5627014637e+00,-1.3721963391e-02,-1.5424282551e+00,1.5126935244e+00,-9.7909541801e-03,3.0882970703e+04
3275,1.5626999140e+00,-1.3651958667e-02,5.1664030552e-01,1.4908175468e+00,2.1150971297e-03,3.0883064453e+04
3276,1.5626109838e+00,-1.3538467698e-02,2.9908218384e+00,1.5127747059e+00,-1.0241699405e-02,3.0883466797e+04
3277,1.5626562834e+00,-1.3446291909e-02,4.4066929817e+00,1.5190047026e+00,-7.7491760021e-04,3.0883371094e+04
3278,1.5627220869e+00,-1.3252637349e-02,6.0786324739e-01,1.4876980782e+00,-2.8003691696e-03,3.0883638672e+04
3279,1.5627533197e+00,-1.3185900636e-02,-1.1203550100e+00,1.4895895720e+00,3.0936431140e-03,3.0884271484e+04
3280,1.5626975298e+00,-1.3005162589e-02,-5.7385439873e+00,1.5093984604e+00,-1.1398315430e-02,3.0884455078e+04
3281,1.5628620386e+00,-1.2785091996e-02,-4.5103268623e+00,1.5028789043e+00,-1.9551619887e-02,3.0884505859e+04
3282,1.5628483295e+00,-1.2410077266e-02,-3.5898630619e+00,1.5045226812e+00,1.1227722280e-02,3.0884398438e+04
3283,1.5628970861e+00,-1.2143197469e-02,-1.4403496981e+00,1.5078173876e+00,1.2814789079e-02,3.0885326172e+04
3284,1.5629655123e+00,-1.1840332299e-02,5.4791563749e-01,1.5059024096e+00,-1.5578918159e-02,3.0885156250e+04
3285,1.5631484985e+00,-1.1499883607e-02,-8.3753407001e-01,1.5031616688e+00,-4.3799668550e-02,3.0885021484e+04
3286,1.5633925200e+00,-1.1203925125e-02,1.6823847294e+00,1.5071943998e+00,-3.1539916527e-03,3.0884800781e+04
3287,1.5634679794e+00,-1.0916094296e-02,-1.9013534784e+00,1.4967620373e+00,-3.6476136302e-04,3.0884527344e+04
3288,1.5634657145e+00,-1.0610268451e-02,-1.2095185518e+00,1.5103491545e+00,7.4920651969e-05,3.0884109375e+04
3289,1.5635685921e+00,-1.0390928946e-02,-6.9807648659e-01,1.5104088783e+00,1.0487060994e-02,3.0884320312e+04
3290,1.5635834932e+00,-1.0173017159e-02,-2.8387196064e+00,1.5063687563e+00,-1.8356323242e-02,3.0883261719e+04
3291,1.5635312796e+00,-9.7411898896e-03,-5.2363495827e+00,1.5256664753e+00,-6.2916562892e-03,3.0882722656e+04
3292,1.5633560419e+00,-9.4530479982e-03,-5.8012762070e+00,1.5406359434e+00,-1.1796798557e-02,3.0882595703e+04
3293,1.5632619858e+00,-8.9925015345e-03,-9.2162599564e+00,1.5558030605e+00,-1.3450317085e-02,3.0883138672e+04
3294,1.5632237196e+00,-8.5624000058e-03,-9.1571817398e+00,1.5359286070e+00,1.3707733015e-03,3.0882865234e+04
3295,1.5631935596e+00,-8.0745089799e-03,-7.1444392204e+00,1.5277054310e+00,8.6837768322e-04,3.0883255859e+04
3296,1.5632177591e+00,-7.6777930371e-03,-2.0336055756e+00,1.5002164841e+00,8.0925747752e-03,3.0883076172e+04
3297,1.5633599758e+00,-7.4472627603e-03,-1.9015226364e+00,1.4878377914e+00,1.1532745324e-02,3.0884128906e+04
3298,1.5634459257e+00,-6.9047980942e-03,-4.9655698240e-02,1.4815484285e+00,9.0322876349e-03,3.0884160156e+04
3299,1.5632826090e+00,-6.1045861803e-03,-1.4657594264e-01,1.4842779636e+00,-1.0778885335e-02,3.0883783203e+04
3300,1.5629976988e+00,-5.1071345806e-03,5.4325890541e+00,1.5002332926e+00,6.6697690636e-03,3.0883933594e+04
3301,1.5628335476e+00,-4.4248769991e-03,5.2834939957e+00,1.4883254766e+00,4.3405607343e-02,3.0884218750e+04
3302,1.5628831387e+00,-3.7855249830e-03,2.1979212761e+00,1.4957977533e+00,6.1772917397e-03,3.0883808594e+04
3303,1.5630000830e+00,-3.4728406463e-03,-2.5220582485e+00,1.5285664797e+00,-1.1718826368e-02,3.0884384766e+04
3304,1.5631397963e+00,-3.1802910380e-03,-4.4055047035e+00,1.5152487755e+00,-5.4970551282e-03,3.0884113281e+04
3305,1.5632247925e+00,-2.7077561244e-03,-3.7373647690e+00,1.4929640293e+00,-8.7287905626e-04,3.0884089844e+04
3306,1.5630424023e+00,-2.2812404204e-03,-3.7367954254e+00,1.5103722811e+00,1.9695052877e-02,3.0884683594e+04
3307,1.5627702475e+00,-1.6930724960e-03,-4.5327200890e+00,1.4855695963e+00,-2.0434265956e-02,3.0884675781e+04
3308,1.5625189543e+00,-1.2947358191e-03,-5.7192511559e+00,1.5140072107e+00,-1.4231643640e-02,3.0884859375e+04
3309,1.5622901917e+00,-6.3940923428e-04,-3.8399064541e+00,1.5304160118e+00,-1.0730057023e-02,3.0885001953e+04
3310,1.5620996952e+00,2.3305623472e-05,-3.8290946484e+00,1.5227875710e+00,6.0093686916e-03,3.0885042969e+04
3311,1.5618468523e+00,7.8624219168e-04,-1.4128344059e+00,1.5161492825e+00,1.7210541293e-02,3.0884951172e+04
3312,1.5616714954e+00,1.3794208644e-03,-1.2882717848e+00,1.5127899647e+00,1.6384735703e-02,3.0884791016e+04
3313,1.5616421700e+00,1.8584269565e-03,-1.6520032883e+00,1.5059448481e+00,-1.9197845832e-03,3.0885542969e+04
3314,1.5616905689e+00,2.2085001692e-03,-4.7704172134e+00,1.4966375828e+00,1.6200102866e-02,3.0885486328e+04
3315,1.5616641045e+00,2.7263157535e-03,-5.4978756905e+00,1.5206941366e+00,3.0530700460e-02,3.0885025391e+04
3316,1.5613373518e+00,3.4721223637e-03,-4.4592243433e-01,1.5396455526e+00,3.1250458211e-02,3.0884683594e+04
3317,1.5611097813e+00,4.1329087690e-03,1.2295513153e+00,1.5386184454e+00,3.5028304905e-02,3.0884474609e+04
3318,1.5610786676e+00,4.5109400526e-03,-1.1595667899e-01,1.5265071392e+00,2.7053374797e-02,3.0884656250e+04
3319,1.5612113476e+00,4.8223366030e-03,-3.2546389103e+00,1.5336438417e+00,2.6787186041e-02,3.0884859375e+04
3320,1.5611634254e+00,5.3215515800e-03,-6.4612674713e+00,1.5201853514e+00,2.6027832180e-02,3.0885195312e+04
3321,1.5610144138e+00,5.7970290072e-03,-6.5082097054e+00,1.4915775061e+00,1.6214981675e-02,3.0885839844e+04
3322,1.5609091520e+00,6.3478890806e-03,-3.3274137974e+00,1.5067344904e+00,-1.5981674194e-02,3.0885773438e+04
3323,1.5608624220e+00,6.8087484688e-03,-2.5817039013e+00,1.5082542896e+00,-6.6064451821e-03,3.0885701172e+04
3324,1.5608117580e+00,7.3651107959e-03,2.1857573986e+00,1.5260536671e+00,-6.3731386326e-03,3.0885902344e+04
3325,1.5606112480e+00,7.8797498718e-03,1.3531240225e+00,1.5280877352e+00,1.9307784736e-02,3.0886158203e+04
3326,1.5604139566e+00,8.2912752405e-03,-6.2448370457e-01,1.5108031034e+00,2.5080109481e-03,3.0886519531e+04
3327,1.5602878332e+00,8.7082609534e-03,-3.1798486710e+00,1.5135170221e+00,-2.3572616279e-02,3.0886113281e+04
3328,1.5603350401e+00,8.9888041839e-03,-2.0971355438e+00,1.5070197582e+00,-1.6556397080e-02,3.0886601562e+04
3329,1.5603241920e+00,9.2243384570e-03,-2.8223800659e+00,1.5167171955e+00,1.8841553479e-02,3.0886658203e+04
3330,1.5604199171e+00,9.4652622938e-03,-3.5377979279e+00,1.5171160698e+00,5.7956697419e-03,3.0886673828e+04
3331,1.5604488850e+00,9.6004530787e-03,-2.4692645073e+00,1.5213257074e+00,-2.2066192701e-02,3.0887337891e+04
3332,1.5603811741e+00,9.8530687392e-03,-4.7613482475e+00,1.5320160389e+00,-2.4079132825e-02,3.0886925781e+04
3333,1.5603330135e+00,1.0122870095e-02,-4.8134040833e+00,1.5445392132e+00,-2.0616836846e-02,3.0886884766e+04
3334,1.5603075027e+00,1.0360328481e-02,-2.6991109848e+00,1.5471273661e+00,-1.6124419868e-02,3.0886957031e+04
3335,1.5601646900e+00,1.0724895634e-02,-4.9425954819e+00,1.5551925898e+00,1.6999281943e-02,3.0886873047e+04
3336,1.5601358414e+00,1.1115279049e-02,-6.2890505791e+00,1.5479480028e+00,1.5126800863e-03,3.0886666016e+04
3337,1.5600887537e+00,1.1364176869e-02,-5.7296781540e+00,1.5340936184e+00,-2.6595306117e-03,3.0886251953e+04
3338,1.5602191687e+00,1.1299086735e-02,-3.9146771431e+00,1.5230563879e+00,4.8348996788e-03,3.0886462891e+04
3339,1.5604329109e+00,1.0987996124e-02,-4.0727410316e+00,1.5152292252e+00,3.0340958387e-02,3.0886882812e+04
3340,1.5605251789e+00,1.0820075870e-02,-3.3081762791e+00,1.5111290216e+00,1.5550079755e-02,3.0886927734e+04
3341,1.5605502129e+00,1.0919057764e-02,-2.2137265205e+00,1.5372463465e+00,2.0580673590e-02,3.0886550781e+04
3342,1.5603499413e+00,1.1198240332e-02,-1.8841199875e+00,1.5332748890e+00,1.4640960842e-02,3.0887042969e+04
3343,1.5603444576e+00,1.1223014444e-02,-5.7311451435e-01,1.4992051125e+00,-8.4628295153e-03,3.0886861328e+04
3344,1.5604181290e+00,1.1092337780e-02,-3.6004421711e+00,1.4947152138e+00,-1.6613082960e-02,3.0887328125e+04
3345,1.5606285334e+00,1.0900232941e-02,-1.3882861137e+00,1.5093820095e+00,-1.2707519345e-02,3.0887052734e+04
3346,1.5607043505e+00,1.0757398792e-02,-4.2706770897e+00,1.5229607821e+00,6.0825347900e-03,3.0887123047e+04
3347,1.5607014894e+00,1.0745764710e-02,-1.0021172762e+00,1.5129400492e+00,-2.2087326273e-02,3.0887583984e+04
3348,1.5605632067e+00,1.0599852540e-02,-3.8492836952e+00,1.5290210247e+00,-2.9265899211e-02,3.0887939453e+04
3349,1.5605565310e+00,1.0500546545e-02,-2.6879465580e+00,1.5231277943e+00,-3.1911622733e-02,3.0888025391e+04
3350,1.5605630875e+00,1.0450521484e-02,-3.5476782322e+00,1.5064744949e+00,-1.7503356794e-03,3.0888601562e+04
3351,1.5604877472e+00,1.0466940701e-02,-2.2986855507e+00,1.5134860277e+00,1.2161864899e-02,3.0889119141e+04
3352,1.5604577065e+00,1.0321709327e-02,-1.2953276634e+00,1.5267982483e+00,8.2193752751e-03,3.0888775391e+04
3353,1.5604487658e+00,1.0079379193e-02,2.1282379627e+00,1.5130169392e+00,1.2883834541e-02,3.0889667969e+04
3354,1.5604689121e+00,9.7417617217e-03,9.7433763742e-01,1.4961646795e+00,2.4898452684e-02,3.0889328125e+04
3355,1.5602731705e+00,9.3188090250e-03,-2.2360935211e+00,1.5162357092e+00,-1.4494323405e-03,3.0888878906e+04
3356,1.5601233244e+00,9.0037388727e-03,-1.7328617573e+00,1.5034511089e+00,-1.2300262228e-02,3.0889449219e+04
3357,1.5600686073e+00,8.6360219866e-03,-2.0903491974e+00,1.5102875233e+00,-2.0057601854e-02,3.0889453125e+04
3358,1.5601772070e+00,8.1117246300e-03,-3.7423167229e+00,1.5136184692e+00,-1.2770309113e-02,3.0889531250e+04
3359,1.5601606369e+00,7.6785972342e-03,-3.0806014538e+00,1.4877123833e+00,2.9602050199e-04,3.0889720703e+04
3360,1.5599957705e+00,7.3633217253e-03,-6.3822779655e+00,1.5135322809e+00,-3.0033874791e-03,3.0889863281e+04
3361,1.5597505569e+00,7.1708918549e-03,-5.0431227684e+00,1.4938961267e+00,7.1928407997e-03,3.0889554688e+04
3362,1.5596112013e+00,7.1255154908e-03,-5.7643399239e+00,1.4972664118e+00,-1.9227370620e-02,3.0889417969e+04
3363,1.5595784187e+00,6.9680130109e-03,-3.0333471298e+00,1.5178287029e+00,-6.6768648103e-03,3.0889027344e+04
3364,1.5595612526e+00,6.6458866931e-03,-2.7029116154e+00,1.5049064159e+00,6.8366243504e-03,3.0888355469e+04
3365,1.5597505569e+00,6.0557783581e-03,-2.9524242878e+00,1.5038970709e+00,1.4754562639e-02,3.0888664062e+04
3366,1.5598597527e+00,5.5111194961e-03,-5.6770915985e+00,1.5067516565e+00,1.5849761665e-02,3.0888697266e+04
3367,1.5599875450e+00,5.1059192047e-03,-7.0259857178e+00,1.4907314777e+00,4.8962403089e-03,3.0888113281e+04
3368,1.5600818396e+00,4.5676217414e-03,-5.2666964531e+00,1.4927914143e+00,2.9284667689e-03,3.0887732422e+04
3369,1.5602123737e+00,4.1818963364e-03,-2.2160298824e+00,1.4905807972e+00,2.5140304118e-02,3.0888066406e+04
3370,1.5603058338e+00,3.7774706725e-03,-9.5026183128e-01,1.4822311401e+00,1.5333252028e-02,3.0888005859e+04
3371,1.5603413582e+00,3.3923513256e-03,-1.0134189129e+00,1.4822869301e+00,3.6701201461e-03,3.0887873047e+04
3372,1.5602707863e+00,3.2133520581e-03,-3.1611080170e+00,1.5017309189e+00,2.8941344935e-03,3.0887587891e+04
3373,1.5601587296e+00,2.9182368889e-03,-2.8206520081e+00,1.5108050108e+00,2.5072937831e-02,3.0887687500e+04
3374,1.5601308346e+00,2.6480390225e-03,-4.4209861755e+00,1.5162769556e+00,1.9125824794e-02,3.0887394531e+04
3375,1.5602798462e+00,2.1661876235e-03,-2.0141005516e+00,1.5276507139e+00,3.5438917577e-02,3.0887263672e+04
3376,1.5603953600e+00,1.6786676133e-03,-2.0755651593e-01,1.5222991705e+00,4.9391325563e-02,3.0887046875e+04
3377,1.5604538918e+00,1.1272944976e-03,-2.3085522652e+00,1.5180077553e+00,6.2533572316e-02,3.0887660156e+04
3378,1.5603214502e+00,6.1292672763e-04,-3.7419092655e+00,1.5217447281e+00,5.2797544748e-02,3.0887119141e+04
3379,1.5601963997e+00,-9.1534238891e-06,-6.6287465096e+00,1.5214505196e+00,3.8089752197e-02,3.0886980469e+04
3380,1.5600150824e+00,-3.7195501500e-04,-4.7568769455e+00,1.5292105675e+00,3.0242385343e-02,3.0887296875e+04
3381,1.5599913597e+00,-9.0891262516e-04,-6.3518471718e+00,1.5183950663e+00,2.6971358806e-02,3.0887187500e+04
3382,1.5599298477e+00,-1.3524212409e-03,-5.0315833092e+00,1.5302087069e+00,4.6473845840e-02,3.0887867188e+04
3383,1.5599533319e+00,-1.9017563900e-03,-4.4279751778e+00,1.5042110682e+00,3.6568678916e-02,3.0888373047e+04
3384,1.5599621534e+00,-2.4456763640e-03,-5.2457070351e+00,1.5059256554e+00,1.9048003480e-02,3.0888146484e+04
3385,1.5599457026e+00,-2.9193540104e-03,-1.1516491175e+00,1.5030581951e+00,1.8951645121e-02,3.0888332031e+04
3386,1.5599611998e+00,-3.3568725921e-03,-4.0744799376e-01,1.5169214010e+00,3.6779176444e-02,3.0887972656e+04
3387,1.5599192381e+00,-3.8624918088e-03,2.0893058777e+00,1.4875096083e+00,5.2901078016e-02,3.0888281250e+04
3388,1.5597907305e+00,-4.3433140963e-03,1.4801175594e+00,1.4735478163e+00,5.1798477769e-02,3.0887812500e+04
3389,1.5597294569e+00,-4.9020238221e-03,-8.5852611065e-01,1.5038644075e+00,4.1052781045e-02,3.0888437500e+04
3390,1.5597774982e+00,-5.1224958152e-03,-3.8528788090e-01,1.5113605261e+00,2.8563003987e-02,3.0888035156e+04
3391,1.5597773790e+00,-5.2851280198e-03,-3.5770933628e+00,1.5403903723e+00,2.6577986777e-02,3.0888230469e+04
3392,1.5598952770e+00,-5.5154943839e-03,-3.5387325287e+00,1.5233470201e+00,3.5857010633e-02,3.0888445312e+04
3393,1.5599886179e+00,-5.9198201634e-03,-6.5968647003e+00,1.5264146328e+00,-5.2701570094e-03,3.0888462891e+04
3394,1.5600111485e+00,-6.4723524265e-03,-4.0188989639e+00,1.5169662237e+00,-2.2939301562e-03,3.0889054688e+04
3395,1.5599461794e+00,-7.0881647989e-03,-5.3882026672e+00,1.5096870661e+00,5.9996033087e-03,3.0889191406e+04
3396,1.5597392321e+00,-7.5449710712e-03,-5.8286066055e+00,1.5112348795e+00,3.9901047945e-02,3.0889201172e+04
3397,1.5595984459e+00,-7.9905893654e-03,-1.8618290424e+00,1.5011932850e+00,2.5495605543e-02,3.0889080078e+04
3398,1.5593851805e+00,-8.1747677177e-03,-2.5212197304e+00,1.5032730103e+00,3.5945586860e-02,3.0888812500e+04
3399,1.5593887568e+00,-8.2064624876e-03,6.5268099308e-01,1.5103290081e+00,8.4610749036e-03,3.0889189453e+04
3400,1.5591454506e+00,-8.3414763212e-03,-1.6649509668e+00,1.5098788738e+00,3.5919953138e-02,3.0888794922e+04
3401,1.5591025352e+00,-8.6693232879e-03,-3.3210394382e+00,1.5013345480e+00,6.5973430872e-02,3.0888955078e+04
3402,1.5589952469e+00,-9.0999240056e-03,-5.2132868767e+00,1.5029428005e+00,3.3473283052e-02,3.0889062500e+04
3403,1.5588587523e+00,-9.2810541391e-03,-6.2926101685e+00,1.4926261902e+00,1.1616897769e-02,3.0889488281e+04
3404,1.5587437153e+00,-9.5882331952e-03,-4.9997911453e+00,1.5023298264e+00,1.8186263740e-02,3.0889000000e+04
3405,1.5584857464e+00,-9.9366204813e-03,-5.6401896477e+00,1.5212433338e+00,4.4552382082e-02,3.0888765625e+04
3406,1.5583846569e+00,-1.0360038839e-02,-2.8434262276e+00,1.5185977221e+00,3.5866547376e-02,3.0888896484e+04
3407,1.5583580732e+00,-1.0535496287e-02,-4.4338927269e+00,1.5064215660e+00,3.1918182969e-02,3.0888589844e+04
3408,1.5583448410e+00,-1.0623477399e-02,-2.9070582390e+00,1.5002975464e+00,-1.3665771112e-03,3.0888660156e+04
3409,1.5582274199e+00,-1.0756211355e-02,-2.0431442261e+00,1.4926851988e+00,1.4184493572e-02,3.0888677734e+04
3410,1.5582602024e+00,-1.0926436633e-02,-5.5869731903e+00,1.4875178337e+00,2.4049758911e-02,3.0888486328e+04
3411,1.5582925081e+00,-1.1078685522e-02,-6.3134975433e+00,1.4874972105e+00,5.6620713323e-02,3.0888115234e+04
3412,1.5581556559e+00,-1.1055707000e-02,-6.9665336609e+00,1.4852049351e+00,2.4266356602e-02,3.0888455078e+04
3413,1.5580277443e+00,-1.0895850137e-02,-5.4598140717e+00,1.4994729757e+00,8.7187197059e-03,3.0888398438e+04
3414,1.5579776764e+00,-1.0870030150e-02,-2.5399513245e+00,1.5087600946e+00,-1.9362639869e-03,3.0888289062e+04
3415,1.5580167770e+00,-1.1015804484e-02,-2.1421847343e+00,1.5153425932e+00,1.3616180513e-03,3.0887955078e+04
3416,1.5582202673e+00,-1.1143842712e-02,-2.4574482441e+00,1.5112259388e+00,3.4137040377e-02,3.0887830078e+04
3417,1.5583928823e+00,-1.1277116835e-02,-1.9104875326e+00,1.5074549913e+00,4.2544480413e-02,3.0887589844e+04
3418,1.5583593845e+00,-1.1352431029e-02,-5.0724968910e+00,1.5164608955e+00,3.1969908625e-02,3.0887373047e+04
3419,1.5583894253e+00,-1.1457051151e-02,-3.8526971340e+00,1.5307672024e+00,1.4139480889e-02,3.0887388672e+04
3420,1.5585016012e+00,-1.1582391337e-02,-2.9517245293e+00,1.5520737171e+00,1.2956924736e-02,3.0887445312e+04
3421,1.5585541725e+00,-1.1809695512e-02,-4.1380295753e+00,1.5370324850e+00,1.7083663493e-02,3.0887351562e+04
3422,1.5585188866e+00,-1.1864960194e-02,-5.9129467010e+00,1.5374640226e+00,3.0620651320e-02,3.0887445312e+04
3423,1.5585178137e+00,-1.1767255142e-02,-5.6271619797e+00,1.5468617678e+00,2.0412139595e-02,3.0887517578e+04
3424,1.5584416389e+00,-1.1682715267e-02,-4.9018287659e+00,1.5117169619e+00,1.6212921590e-02,3.0888347656e+04
3425,1.5585143566e+00,-1.1502708308e-02,-3.3637907505e+00,1.4934402704e+00,4.1385956109e-02,3.0888400391e+04
3426,1.5585755110e+00,-1.1280305684e-02,-1.5243374109e+00,1.4878969193e+00,4.7542497516e-02,3.0888236328e+04
3427,1.5586696863e+00,-1.1084778234e-02,1.5745778084e+00,1.5195204020e+00,4.1565552354e-02,3.0888564453e+04
3428,1.5587092638e+00,-1.0941781104e-02,1.5421965122e+00,1.5061553717e+00,1.9248198718e-02,3.0888345703e+04
3429,1.5586680174e+00,-1.0688431561e-02,-4.6286374331e-02,1.5129916668e+00,2.9402924702e-03,3.0888492188e+04
3430,1.5587825775e+00,-1.0529241525e-02,6.6383868456e-01,1.5210800171e+00,3.4350357950e-02,3.0888708984e+04
3431,1.5589499474e+00,-1.0472903959e-02,-3.0510468483e+00,1.5120987892e+00,5.0423812121e-02,3.0889080078e+04
3432,1.5591338873e+00,-1.0350945406e-02,-2.1370327473e+00,1.4852480888e+00,5.8286134154e-02,3.0888890625e+04
3433,1.5591784716e+00,-1.0213095695e-02,-4.7735991478e+00,1.4886922836e+00,2.2307129577e-02,3.0889402344e+04
3434,1.5590589046e+00,-1.0178191587e-02,-2.7844686508e+00,1.4872941971e+00,7.6451110654e-03,3.0889681641e+04
3435,1.5589338541e+00,-1.0084754787e-02,-4.7510032654e+00,1.4791603088e+00,-2.2934721783e-03,3.0889734375e+04
3436,1.5588504076e+00,-1.0003154166e-02,-2.1081948280e+00,1.4638339281e+00,1.5130233951e-02,3.0890027344e+04
3437,1.5588954687e+00,-9.6965217963e-03,-4.4481891394e-01,1.4823400974e+00,3.2868117094e-02,3.0890371094e+04
3438,1.5588070154e+00,-9.4735305756e-03,-4.3506783247e-01,1.4845678806e+00,7.8572845086e-03,3.0890445312e+04
3439,1.5587004423e+00,-9.2114377767e-03,-1.1584833860e+00,1.4906222820e+00,1.2229613960e-02,3.0890142578e+04
3440,1.5587508678e+00,-8.7647913024e-03,-1.2794096470e+00,1.4785151482e+00,1.2720489176e-03,3.0889439453e+04
3441,1.5587294102e+00,-8.4531186149e-03,-1.7707697153e+00,1.4978693724e+00,1.2755432166e-02,3.0889193359e+04
3442,1.5586640835e+00,-8.0936495215e-03,-3.6444993019e+00,1.5071293116e+00,2.0896453410e-02,3.0889052734e+04
3443,1.5586194992e+00,-7.9033235088e-03,-7.0827112198e+00,1.5271686316e+00,-2.1408080647e-04,3.0888673828e+04
3444,1.5586206913e+00,-7.6871211641e-03,-7.5980343819e+00,1.5202810764e+00,-2.0111084450e-03,3.0888449219e+04
3445,1.5587546825e+00,-7.4510476552e-03,-7.2452182770e+00,1.5030431747e+00,-1.7244033515e-02,3.0888708984e+04
3446,1.5588917732e+00,-7.2652846575e-03,-8.0239801407e+00,1.5062456131e+00,-1.4785156585e-02,3.0888697266e+04
3447,1.5590810776e+00,-7.0112817921e-03,-7.3438153267e+00,1.5092968941e+00,1.1457824148e-03,3.0888224609e+04
3448,1.5593107939e+00,-6.8346238695e-03,-5.6270179749e+00,1.5266053677e+00,9.5493318513e-03,3.0887947266e+04
3449,1.5594516993e+00,-6.5790810622e-03,-2.9002997875e+00,1.5400201082e+00,8.1350710243e-03,3.0887404297e+04
3450,1.5594960451e+00,-6.2272329815e-03,-6.3658082485e-01,1.5237054825e+00,-2.5784302503e-02,3.0887044922e+04
3451,1.5597474575e+00,-5.8834026568e-03,2.5683745742e-01,1.5126788616e+00,-8.4362030029e-03,3.0887037109e+04
3452,1.5598403215e+00,-5.5763819255e-03,-2.7748894691e+00,1.5097665787e+00,3.1854018569e-02,3.0886546875e+04
3453,1.5599688292e+00,-5.4217171855e-03,-5.9605913162e+00,1.5064370632e+00,5.1100235432e-02,3.0886724609e+04
3454,1.5600707531e+00,-5.1012109034e-03,-5.7941184044e+00,1.5053055286e+00,2.8978195041e-02,3.0887019531e+04
3455,1.5598516464e+00,-4.7067548148e-03,-7.4325952530e+00,1.4906817675e+00,1.5080642886e-02,3.0886722656e+04
3456,1.5596647263e+00,-4.3132738210e-03,-2.1360654831e+00,1.5079519749e+00,4.4544981793e-03,3.0886947266e+04
3457,1.5595368147e+00,-3.8357318845e-03,1.3959529400e+00,1.5077230930e+00,-2.2289275657e-03,3.0886960938e+04
3458,1.5595095158e+00,-3.5237965640e-03,-3.9127141237e-01,1.5081465244e+00,2.3081589490e-02,3.0887363281e+04
3459,1.5596324205e+00,-3.2774580177e-03,5.1830124855e-01,1.4987827539e+00,-9.1413883492e-03,3.0887181641e+04
3460,1.5597411394e+00,-3.0744441319e-03,-1.6579282284e+00,1.4865411520e+00,1.1586990207e-02,3.0887564453e+04
3461,1.5596705675e+00,-2.7380292304e-03,-6.0654354095e-01,1.4818512201e+00,-7.6010134071e-03,3.0887695312e+04
3462,1.5597921610e+00,-2.3274763953e-03,-3.6158311367e-01,1.4838459492e+00,-7.2834016755e-03,3.0888236328e+04
3463,1.5599198341e+00,-2.0539714023e-03,1.6380026340e+00,1.4883946180e+00,3.0989837833e-03,3.0888515625e+04
3464,1.5599528551e+00,-1.8024041783e-03,-1.5257484913e+00,1.5157113075e+00,1.1467589997e-02,3.0888789062e+04
3465,1.5600073338e+00,-1.4637480490e-03,-1.2187237740e+00,1.5078700781e+00,-5.0509641878e-03,3.0888597656e+04
3466,1.5598978996e+00,-1.0388750816e-03,-3.3323121071e+00,1.5077147484e+00,8.7593076751e-03,3.0888720703e+04
3467,1.5598824024e+00,-8.9705968276e-04,-1.4699366093e+00,1.5056518316e+00,8.1347655505e-03,3.0888994141e+04
3468,1.5598458052e+00,-7.4692285853e-04,-5.2326202393e+00,1.4967184067e+00,1.7409058288e-02,3.0889185547e+04
3469,1.5599421263e+00,-5.6869746186e-04,-5.2755432129e+00,1.4878987074e+00,1.2893066742e-02,3.0889507812e+04
3470,1.5599229336e+00,-4.6502370969e-04,-6.2925429344e+00,1.4862527847e+00,-1.1962127872e-02,3.0889683594e+04
3471,1.5599145889e+00,-2.3909989977e-04,-4.2783360481e+00,1.5236212015e+00,-2.3193283007e-02,3.0889671875e+04
3472,1.5600463152e+00,-2.7422087442e-05,5.1731568575e-01,1.5004380941e+00,-1.5496825799e-03,3.0889271484e+04
3473,1.5601593256e+00,1.2553072884e-04,2.2606034279e+00,1.5284274817e+00,6.9984435104e-03,3.0889205078e+04
3474,1.5602582693e+00,2.4204308284e-04,2.6161966324e+00,1.5211721659e+00,-2.6132201310e-03,3.0888974609e+04
3475,1.5602288246e+00,3.3292788430e-04,-2.5689406395e+00,1.4875271320e+00,1.0235671885e-02,3.0888748047e+04
3476,1.5603077412e+00,5.0013238797e-04,-6.2363357544e+00,1.5089498758e+00,3.6827698350e-02,3.0888994141e+04
3477,1.5604217052e+00,6.6599925049e-04,-8.9063901901e+00,1.4954718351e+00,5.4425965995e-02,3.0888791016e+04
3478,1.5605106354e+00,7.3725235416e-04,-1.0359416008e+01,1.4836467505e+00,3.0579376966e-02,3.0889048828e+04
3479,1.5606632233e+00,6.7161401967e-04,-7.6729574203e+00,1.4985290766e+00,1.4580459334e-02,3.0889167969e+04
3480,1.5607224703e+00,6.1982742045e-04,-6.4406051636e+00,1.5343688726e+00,5.7165529579e-03,3.0888875000e+04
3481,1.5608413219e+00,7.0235616295e-04,2.0679563284e-02,1.5127025843e+00,-5.0738523714e-03,3.0888851562e+04
3482,1.5607779026e+00,1.0577075882e-03,-1.7067579031e+00,1.5241757631e+00,1.6125716269e-02,3.0888488281e+04
3483,1.5607353449e+00,1.2216060422e-03,-2.1514149010e-01,1.4978142977e+00,1.7791900784e-02,3.0888097656e+04
3484,1.5607209206e+00,1.4031282626e-03,-3.6656184196e+00,1.4921427965e+00,2.5983581319e-02,3.0887910156e+04
3485,1.5608009100e+00,1.4314677101e-03,-3.5233101845e+00,1.4854998589e+00,2.6300048456e-02,3.0887099609e+04
3486,1.5609608889e+00,1.5288965078e-03,-3.9634609222e+00,1.5090308189e+00,2.8243483976e-02,3.0887187500e+04
3487,1.5612140894e+00,1.5764220152e-03,-3.2706665993e+00,1.5160422325e+00,4.7152098268e-02,3.0887398438e+04
3488,1.5612909794e+00,1.7010844313e-03,-6.1639332771e+00,1.4940969944e+00,3.7792205811e-02,3.0887277344e+04
3489,1.5614303350e+00,1.8265669933e-03,-2.8538179398e+00,1.5011171103e+00,3.9443437010e-02,3.0887736328e+04
3490,1.5615612268e+00,1.8984558992e-03,-2.3612799644e+00,1.5007159710e+00,1.1721190996e-02,3.0887894531e+04
3491,1.5617629290e+00,1.8903332530e-03,-1.1762083769e+00,1.5191749334e+00,3.6229096353e-02,3.0887904297e+04
3492,1.5619142056e+00,1.9371213857e-03,-5.3696376085e-01,1.5102270842e+00,4.0075227618e-02,3.0888296875e+04
3493,1.5621862411e+00,1.9590558950e-03,-4.9548122287e-01,1.5071066618e+00,3.8679197431e-02,3.0888310547e+04
3494,1.5623531342e+00,1.9551976584e-03,-1.0184235573e+00,1.5075074434e+00,3.1843949109e-02,3.0888509766e+04
3495,1.5625114441e+00,2.0911630709e-03,-2.5863188505e-01,1.4941418171e+00,9.3186190352e-03,3.0888628906e+04
3496,1.5626859665e+00,2.0712632686e-03,-2.6544958353e-01,1.5130785704e+00,2.2316513583e-02,3.0888875000e+04
3497,1.5628440380e+00,1.9571955781e-03,-3.6734664440e-01,1.5304833651e+00,3.7245407701e-02,3.0888978516e+04
3498,1.5630242825e+00,1.7691222019e-03,-1.8452637196e+00,1.5219445229e+00,2.9305571690e-02,3.0889488281e+04
3499,1.5629955530e+00,1.7585314345e-03,-1.9626377821e+00,1.5023101568e+00,4.2050935328e-02,3.0889591797e+04
3500,1.5629206896e+00,1.7403465463e-03,-2.3772971630e+00,1.4780371189e+00,3.2034453005e-02,3.0889562500e+04
3501,1.5628556013e+00,1.8312073080e-03,-1.0589334965e+00,1.4982987642e+00,1.3128204271e-02,3.0889371094e+04
3502,1.5629322529e+00,1.7967371969e-03,-1.4641468227e-01,1.4952588081e+00,7.8727724031e-03,3.0889794922e+04
3503,1.5630923510e+00,1.8528127111e-03,1.5390474796e+00,1.4905717373e+00,1.0807419196e-02,3.0889875000e+04
3504,1.5631377697e+00,1.7656477867e-03,1.4077112675e+00,1.4952855110e+00,-1.1811904609e-02,3.0890068359e+04
3505,1.5632005930e+00,1.7408679705e-03,1.0703248978e+00,1.4957389832e+00,-4.1184998117e-03,3.0889816406e+04
3506,1.5631339550e+00,1.7911383184e-03,2.5298485160e-01,1.4840190411e+00,1.0883864947e-02,3.0889771484e+04
3507,1.5632283688e+00,1.6514877789e-03,-2.4500241280e+00,1.4979864359e+00,1.2479323894e-02,3.0890365234e+04
3508,1.5632737875e+00,1.7051404575e-03,-3.9126420021e+00,1.4970788956e+00,1.0671844706e-02,3.0890498047e+04
3509,1.5632123947e+00,1.7986536259e-03,-5.3285975456e+00,1.5138549805e+00,1.4442520216e-02,3.0889986328e+04
3510,1.5630737543e+00,1.8845060840e-03,-5.1042027473e+00,1.5119116306e+00,1.5554122627e-02,3.0890011719e+04
3511,1.5630846024e+00,1.7762870993e-03,-4.5744142532e+00,1.4935500622e+00,1.4965133741e-02,3.0890447266e+04
3512,1.5631319284e+00,1.5077200951e-03,-5.5733351707e+00,1.5079571009e+00,-1.3266754104e-03,3.0890339844e+04
3513,1.5631991625e+00,1.2510681991e-03,-3.3427739143e+00,1.5007077456e+00,1.2218246236e-02,3.0889845703e+04
3514,1.5630650520e+00,1.1383784004e-03,-3.2389116287e+00,1.4883021116e+00,-4.3235779740e-03,3.0889873047e+04
3515,1.5629633665e+00,1.1061371770e-03,-3.7369877100e-01,1.4885094166e+00,4.9303434789e-03,3.0889880859e+04
3516,1.5628554821e+00,1.1467364384e-03,-2.6152648926e+00,1.5000979900e+00,-1.1483306997e-02,3.0889425781e+04
3517,1.5627214909e+00,1.0899737244e-03,-2.1039650440e+00,1.5086840391e+00,9.0132141486e-03,3.0889318359e+04
3518,1.5625641346e+00,1.0127229616e-03,-2.4887914658e+00,1.5045478344e+00,-7.6746367849e-03,3.0889208984e+04
3519,1.5623140335e+00,9.7507418832e-04,-5.2127237320e+00,1.4760839939e+00,5.4537202232e-03,3.0888798828e+04
3520,1.5622944832e+00,1.0573200416e-03,-2.6009230614e+00,1.4641623497e+00,7.7389525250e-03,3.0888638672e+04
3521,1.5622882843e+00,9.8593998700e-04,-3.6531445980e+00,1.4882857800e+00,-1.9616469741e-02,3.0888654297e+04
3522,1.5623856783e+00,8.1138109090e-04,-3.8132510185e+00,1.5034936666e+00,-8.1380465999e-03,3.0888537109e+04
3523,1.5623290539e+00,7.6731591253e-04,-4.0326709747e+00,1.5173493624e+00,-3.1114958692e-03,3.0888718750e+04
3524,1.5623095036e+00,6.5537897171e-04,-3.8895883560e+00,1.5231038332e+00,5.2257538773e-03,3.0888724609e+04
3525,1.5622532368e+00,5.3236400709e-04,-3.2372348309e+00,1.5282931328e+00,6.6938018426e-03,3.0888332031e+04
3526,1.5622829199e+00,3.9253299474e-04,-3.2843172550e+00,1.4914584160e+00,5.2408599295e-03,3.0888337891e+04
3527,1.5622445345e+00,1.6749657516e-04,-4.4495570660e-01,1.5056134462e+00,6.3102720305e-03,3.0888556641e+04
3528,1.5621885061e+00,1.3575857156e-04,-1.8536101282e-01,1.5184863806e+00,1.5650559217e-02,3.0888375000e+04
3529,1.5620568991e+00,9.4036040537e-05,-8.5595220327e-02,1.5128842592e+00,-5.2384948358e-03,3.0888861328e+04
3530,1.5619952679e+00,-8.2715007011e-05,-4.8134842515e-01,1.5087913275e+00,-7.3412321508e-03,3.0888593750e+04
3531,1.5620142221e+00,-3.3490394708e-04,-8.1279903650e-01,1.4984087944e+00,-1.7518233508e-02,3.0888427734e+04
3532,1.5619424582e+00,-4.9450452207e-04,1.5893838406e+00,1.5172261000e+00,-2.6762695983e-02,3.0888876953e+04
3533,1.5618538857e+00,-5.6305888575e-04,-2.2760479152e-01,1.5269057751e+00,-1.9036179408e-02,3.0888929688e+04
3534,1.5617214441e+00,-7.2069634916e-04,-2.0446932316e+00,1.5404653549e+00,-1.0280532762e-02,3.0888701172e+04
3535,1.5615738630e+00,-9.0912985615e-04,-3.7341551781e+00,1.4974391460e+00,-1.9316177815e-02,3.0889564453e+04
3536,1.5614637136e+00,-1.0893250583e-03,-4.9142117500e+00,1.4921911955e+00,-1.1560745537e-02,3.0889535156e+04
3537,1.5612952709e+00,-1.1745461961e-03,-4.7204151154e+00,1.5045330524e+00,-1.2168426067e-02,3.0889550781e+04
3538,1.5608909130e+00,-1.1083623394e-03,-2.8142981529e+00,1.4822628498e+00,-2.4488067254e-02,3.0889917969e+04
3539,1.5605537891e+00,-1.1255941354e-03,-9.3634796143e-01,1.4909081459e+00,-1.0212554596e-02,3.0890136719e+04
3540,1.5603593588e+00,-1.1409760918e-03,-2.2830605507e+00,1.5171501637e+00,-2.5543441996e-02,3.0890349609e+04
3541,1.5602682829e+00,-1.2782855192e-03,3.7906733155e-01,1.5149025917e+00,-2.6443557814e-02,3.0890330078e+04
3542,1.5602498055e+00,-1.2063288596e-03,-1.0803847313e+00,1.5126998425e+00,5.7042692788e-03,3.0890273438e+04
3543,1.5603244305e+00,-1.3656315859e-03,-7.9524892569e-01,1.5005117655e+00,1.3264007866e-02,3.0890109375e+04
3544,1.5604068041e+00,-1.4107886236e-03,-2.3267126083e+00,1.4891132116e+00,8.8290404528e-03,3.0890417969e+04
3545,1.5604876280e+00,-1.5263126697e-03,-2.4322192669e+00,1.5019409657e+00,-1.4620360918e-02,3.0890513672e+04
3546,1.5604957342e+00,-1.3182455441e-03,-5.1072864532e+00,1.4946453571e+00,-9.4777680933e-03,3.0890021484e+04
3547,1.5604033470e+00,-1.0782477912e-03,-2.9963288307e+00,1.4979492426e+00,-1.7815399915e-02,3.0889974609e+04
3548,1.5602303743e+00,-9.2217657948e-04,-2.2942094803e+00,1.5094504356e+00,-3.1594313681e-02,3.0890167969e+04
3549,1.5600122213e+00,-9.3967712019e-04,-2.9911038876e+00,1.5032235384e+00,-2.7415618300e-02,3.0889933594e+04
3550,1.5600250959e+00,-1.0817581788e-03,-3.6605203152e+00,1.5063499212e+00,-2.2186737508e-02,3.0889568359e+04
3551,1.5600019693e+00,-1.3731387444e-03,-5.1591091156e+00,1.4910268784e+00,-3.8500213996e-03,3.0889003906e+04
3552,1.5599653721e+00,-1.5405492159e-03,-6.0949478149e+00,1.4937078953e+00,-9.2338565737e-03,3.0888775391e+04
3553,1.5600564480e+00,-1.6191654140e-03,-4.4202775955e+00,1.4934835434e+00,-1.0108947754e-04,3.0888695312e+04
3554,1.5599648952e+00,-1.6401448520e-03,-6.8878426552e+00,1.4955135584e+00,-3.0876159668e-02,3.0888685547e+04
3555,1.5597649813e+00,-1.5477217967e-03,-4.8800969124e+00,1.5122227669e+00,-7.8274533153e-03,3.0888365234e+04
3556,1.5595813990e+00,-1.5073424438e-03,-5.2806620598e+00,1.5109050274e+00,-8.4382630885e-03,3.0888472656e+04
3557,1.5595488548e+00,-1.4116405509e-03,-2.7097976208e+00,1.5136200190e+00,1.2551880209e-03,3.0888421875e+04
3558,1.5594779253e+00,-1.4087753370e-03,-4.0857930183e+00,1.4951280355e+00,-6.2515260652e-03,3.0888431641e+04
3559,1.5594773293e+00,-1.4335614396e-03,-1.6689294577e+00,1.4972573519e+00,1.2448120397e-03,3.0888414062e+04
3560,1.5594050884e+00,-1.4232195681e-03,-2.6558020115e+00,1.4877235889e+00,2.2911835462e-02,3.0888875000e+04
3561,1.5593671799e+00,-1.4962587738e-03,-1.1254501343e+00,1.5121636391e+00,5.1840208471e-03,3.0888414062e+04
3562,1.5591987371e+00,-1.5106269857e-03,-2.0508651733e+00,1.5254727602e+00,-2.0223770291e-02,3.0887994141e+04
3563,1.5592931509e+00,-1.6581156524e-03,4.7941252589e-01,1.5152206421e+00,-1.1537857354e-02,3.0888689453e+04
3564,1.5592184067e+00,-1.7736960435e-03,-8.4103763103e-01,1.5168447495e+00,-1.1607971042e-02,3.0888134766e+04
3565,1.5592429638e+00,-2.0424746908e-03,-3.4861249924e+00,1.4960995913e+00,1.0450744303e-03,3.0888351562e+04
3566,1.5593001842e+00,-2.2265473381e-03,-3.1814184189e+00,1.5051914454e+00,-2.4054718670e-03,3.0889542969e+04
3567,1.5592494011e+00,-2.3333996069e-03,-6.8418455124e+00,1.5019042492e+00,-1.5540847555e-02,3.0889500000e+04
3568,1.5592455864e+00,-2.3162288126e-03,-4.0389699936e+00,1.5052953959e+00,-1.3114928734e-03,3.0889203125e+04
3569,1.5591993332e+00,-2.3862551898e-03,-5.9400230646e-01,1.5089706182e+00,-2.4615479633e-03,3.0889533203e+04
3570,1.5591993332e+00,-2.4435471278e-03,2.0391528606e+00,1.5357716084e+00,1.1756210588e-02,3.0889947266e+04
3571,1.5592226982e+00,-2.3935735226e-03,9.1768145561e-01,1.5149933100e+00,1.9243545830e-02,3.0889771484e+04
3572,1.5593006611e+00,-2.3342827335e-03,-1.0004782677e+00,1.5127139091e+00,2.1842421964e-02,3.0889791016e+04
3573,1.5591797829e+00,-2.3057635408e-03,-2.6191143990e+00,1.4990773201e+00,1.2273406610e-02,3.0890078125e+04
3574,1.5590455532e+00,-2.2778336424e-03,-2.7498986721e+00,1.5065243244e+00,8.7986756116e-03,3.0890126953e+04
3575,1.5590219498e+00,-2.4244806264e-03,-2.1366713047e+00,1.5301083326e+00,2.0542832091e-02,3.0890144531e+04
3576,1.5588715076e+00,-2.4738810025e-03,-2.1360583305e+00,1.5068099499e+00,-6.4064026810e-04,3.0890177734e+04
3577,1.5586107969e+00,-2.4547067005e-03,-3.9395699501e+00,1.4943046570e+00,-4.9488069490e-03,3.0890849609e+04
3578,1.5583657026e+00,-2.3359092884e-03,-4.4861893654e+00,1.4915685654e+00,-4.4975280762e-03,3.0890507812e+04
3579,1.5582565069e+00,-2.3397020996e-03,-3.9080710411e+00,1.5042561293e+00,4.2619323358e-03,3.0890947266e+04
3580,1.5582941771e+00,-2.4224512745e-03,-8.7594151497e-01,1.5087237358e+00,-5.0759124570e-03,3.0891109375e+04
3581,1.5584377050e+00,-2.5608376600e-03,-2.9831445217e+00,1.5192245245e+00,4.0771483327e-04,3.0891064453e+04
3582,1.5585081577e+00,-2.5835502893e-03,-1.0036321878e+00,1.4827239513e+00,-1.6099548666e-03,3.0891154297e+04
3583,1.5585311651e+00,-2.4885369930e-03,-2.9250192642e+00,1.4952490330e+00,3.3157043159e-02,3.0891453125e+04
3584,1.5583821535e+00,-2.4874345399e-03,-3.1357917786e+00,1.4885298014e+00,3.9175033569e-02,3.0891433594e+04
3585,1.5583529472e+00,-2.6334540453e-03,-5.3293104172e+00,1.4945667982e+00,2.2090835497e-02,3.0891947266e+04
3586,1.5583490133e+00,-2.8605810367e-03,-3.8297309875e+00,1.5017752647e+00,8.6158752674e-04,3.0891462891e+04
3587,1.5582965612e+00,-3.0549878720e-03,-3.4589922428e+00,1.5093399286e+00,-3.9048767649e-03,3.0890992188e+04
3588,1.5582734346e+00,-3.1323328149e-03,-7.9316973686e-01,1.5068107843e+00,-2.4948120117e-03,3.0891373047e+04
3589,1.5582386255e+00,-3.2201036811e-03,-4.2579803467e+00,1.5129292011e+00,-1.0672225617e-02,3.0890878906e+04
3590,1.5581805706e+00,-3.2124738209e-03,-6.0860948563e+00,1.5233333111e+00,1.3893890427e-03,3.0891058594e+04
3591,1.5580971241e+00,-3.2442335505e-03,-6.1049027443e+00,1.4991405010e+00,1.8287582323e-02,3.0891414062e+04
3592,1.5579574108e+00,-3.1535471790e-03,-7.1503129005e+00,1.5003082752e+00,1.9220046699e-02,3.0891054688e+04
3593,1.5578664541e+00,-3.1499711331e-03,-2.7180986404e+00,1.4752800465e+00,3.6452330649e-02,3.0890933594e+04
3594,1.5577321053e+00,-3.1522200443e-03,-2.5050895214e+00,1.4613848925e+00,2.5658188388e-02,3.0891031250e+04
3595,1.5576475859e+00,-3.1953945290e-03,-3.1240105629e+00,1.4821922779e+00,2.8711929917e-02,3.0890800781e+04
3596,1.5575413704e+00,-3.2241072040e-03,-2.9008145332e+00,1.4857815504e+00,1.9236527383e-02,3.0890859375e+04
3597,1.5574944019e+00,-3.1821178272e-03,-3.8470833302e+00,1.4852784872e+00,1.7074508592e-02,3.0890390625e+04
3598,1.5574712753e+00,-3.1682429835e-03,-2.1084444523e+00,1.4833960533e+00,2.4242019281e-02,3.0890574219e+04
3599,1.5576440096e+00,-3.1912154518e-03,-4.4155338407e-01,1.4787108898e+00,3.5708618816e-03,3.0890054688e+04
3600,1.5577312708e+00,-3.1632103492e-03,-1.7967067957e+00,1.4529260397e+00,-1.3924560510e-02,3.0889746094e+04
3601,1.5577410460e+00,-3.2558857929e-03,-4.9691238403e+00,1.4635664225e+00,-2.4838181213e-02,3.0890175781e+04
3602,1.5578494072e+00,-3.1779971905e-03,-6.2034745216e+00,1.4751956463e+00,-1.2255706824e-02,3.0889472656e+04
3603,1.5578476191e+00,-3.2212315127e-03,-6.2444567680e+00,1.4885685444e+00,-2.3446655832e-03,3.0889480469e+04
3604,1.5578739643e+00,-3.3190988470e-03,-2.3493204117e+00,1.5007605553e+00,-2.7596740052e-02,3.0889066406e+04
3605,1.5577517748e+00,-3.3923806623e-03,-3.1539478302e+00,1.5114957094e+00,-2.4416580796e-02,3.0889619141e+04
3606,1.5577744246e+00,-3.4644994885e-03,-7.7695471048e-01,1.5075079203e+00,1.4680480585e-02,3.0889621094e+04
3607,1.5577136278e+00,-3.4785531461e-03,-5.7336797714e+00,1.4864265919e+00,6.2435911968e-03,3.0889427734e+04
3608,1.5576176643e+00,-3.4066841472e-03,-4.3152093887e+00,1.5012458563e+00,8.1438450143e-03,3.0889486328e+04
3609,1.5574908257e+00,-3.3247706015e-03,-4.2217583656e+00,1.5141366720e+00,3.0220032204e-03,3.0889550781e+04
3610,1.5576109886e+00,-3.4317530226e-03,-2.7742519379e+00,1.5006197691e+00,2.1621856838e-02,3.0889656250e+04
3611,1.5577399731e+00,-3.7038116716e-03,-1.1602916718e+00,1.4981350899e+00,9.7949216142e-03,3.0889560547e+04
3612,1.5578739643e+00,-3.8837881293e-03,-1.4226945639e+00,1.5313602686e+00,8.4772491828e-03,3.0889152344e+04
3613,1.5580054522e+00,-4.0309429169e-03,-4.0048259497e-01,1.5247802734e+00,1.3792190701e-02,3.0888992188e+04
3614,1.5578666925e+00,-4.0772669017e-03,-3.8695671558e+00,1.5148272514e+00,1.1616515927e-02,3.0888957031e+04
3615,1.5579122305e+00,-4.0134894662e-03,-5.1621184349e+00,1.5115203857e+00,3.8519287482e-03,3.0888636719e+04
3616,1.5578464270e+00,-4.0600788780e-03,-8.1540126801e+00,1.4916260242e+00,1.0882492177e-02,3.0888552734e+04
3617,1.5578010082e+00,-4.1319415905e-03,-7.4372496605e+00,1.4802650213e+00,2.4313889444e-02,3.0889214844e+04
3618,1.5578005314e+00,-4.3088896200e-03,-7.3706321716e+00,1.4837170839e+00,2.0036086440e-02,3.0889033203e+04
3619,1.5576756001e+00,-4.6205213293e-03,-7.0512046814e+00,1.4970947504e+00,1.2531814165e-02,3.0888976562e+04
3620,1.5576835871e+00,-4.9041253515e-03,-1.8513731956e+00,1.4915202856e+00,2.2370986640e-02,3.0889572266e+04
3621,1.5575814247e+00,-5.0654597580e-03,-1.3276925087e+00,1.4801923037e+00,3.6213759333e-02,3.0889265625e+04
3622,1.5576213598e+00,-5.0624250434e-03,8.2576227188e-01,1.4907265902e+00,5.0023574382e-02,3.0889455078e+04
3623,1.5576591492e+00,-5.0212494098e-03,1.4055955410e+00,1.4771579504e+00,2.4705581367e-02,3.0889212891e+04
3624,1.5577200651e+00,-5.1187672652e-03,2.8538638353e-01,1.4996474981e+00,8.4098819643e-03,3.0888447266e+04
3625,1.5578675270e+00,-5.2659758367e-03,-4.8687520623e-01,1.5019868612e+00,1.3858032413e-02,3.0888673828e+04
3626,1.5580981970e+00,-5.5955871940e-03,-3.7366173267e+00,1.4935977459e+00,7.1068573743e-03,3.0888529297e+04
3627,1.5582261086e+00,-5.8868085034e-03,-6.6207332611e+00,1.4966431856e+00,2.8145599645e-03,3.0887958984e+04
3628,1.5582710505e+00,-6.2266280875e-03,-7.0577678680e+00,1.4947061539e+00,1.1780243367e-02,3.0888769531e+04
3629,1.5583689213e+00,-6.4410190098e-03,-8.5405006409e+00,1.4861863852e+00,1.0815658607e-02,3.0888410156e+04
3630,1.5585247278e+00,-6.7401509732e-03,-8.4404602051e+00,1.4895253181e+00,1.0380859487e-02,3.0888701172e+04
3631,1.5585526228e+00,-6.7275660113e-03,-3.2815289497e+00,1.4847702980e+00,1.4904404059e-02,3.0888837891e+04
3632,1.5585298538e+00,-6.6797244363e-03,-3.6845552921e+00,1.4842271805e+00,4.6566009521e-02,3.0888378906e+04
3633,1.5584360361e+00,-6.5440018661e-03,2.0337758958e-01,1.5071249008e+00,2.6455307379e-02,3.0888414062e+04
3634,1.5584530830e+00,-6.5482039936e-03,-1.1668998003e+00,1.5066424608e+00,8.2250973210e-03,3.0888085938e+04
3635,1.5584950447e+00,-6.5625160933e-03,-1.7023950815e+00,1.5185040236e+00,6.9235991687e-03,3.0887898438e+04
3636,1.5586181879e+00,-6.7984219640e-03,-3.4699912071e+00,1.4889225960e+00,3.4765623510e-02,3.0887484375e+04
3637,1.5586991310e+00,-7.1026049554e-03,-3.9503252506e+00,1.4954375029e+00,3.7580031902e-02,3.0887453125e+04
3638,1.5587829351e+00,-7.3861018755e-03,-4.1187086105e+00,1.5095597506e+00,1.4774017036e-02,3.0887019531e+04
3639,1.5586414337e+00,-7.6079475693e-03,-5.8037714958e+00,1.5153585672e+00,3.2698974013e-02,3.0887267578e+04
3640,1.5585544109e+00,-7.8144129366e-03,-6.2721462250e+00,1.5138351917e+00,1.3186874799e-02,3.0887378906e+04
3641,1.5584329367e+00,-7.8914100304e-03,-8.0209093094e+00,1.4998583794e+00,2.9409103096e-02,3.0887134766e+04
3642,1.5583610535e+00,-7.8529138118e-03,-5.3028960228e+00,1.4886410236e+00,3.0107803643e-02,3.0887767578e+04
3643,1.5581891537e+00,-7.7920500189e-03,-6.1978216171e+00,1.4805016518e+00,1.3338699006e-02,3.0887673828e+04
3644,1.5581583977e+00,-7.9216035083e-03,-3.8078002930e+00,1.4922671318e+00,1.3738861308e-02,3.0887482422e+04
3645,1.5581742525e+00,-8.0322502181e-03,6.0155928135e-01,1.4967679977e+00,-2.1520995069e-03,3.0887878906e+04
3646,1.5583207607e+00,-8.1245554611e-03,1.5744602680e+00,1.5117846727e+00,1.6081161797e-02,3.0887892578e+04
3647,1.5584723949e+00,-8.2272123545e-03,1.1463907957e+00,1.5044506788e+00,1.2958373874e-02,3.0887775391e+04
3648,1.5584473610e+00,-8.1211086363e-03,-1.5513243675e+00,1.4985461235e+00,7.3242187500e-04,3.0888173828e+04
3649,1.5583833456e+00,-8.0149071291e-03,-4.0302219391e+00,1.4846020937e+00,-9.4940187410e-03,3.0888490234e+04
3650,1.5582441092e+00,-7.7346796170e-03,-4.9533739090e+00,1.4809136391e+00,8.6703486741e-03,3.0888550781e+04
3651,1.5581243038e+00,-7.6761390083e-03,-2.9854412079e+00,1.4945510626e+00,1.7551269382e-02,3.0889052734e+04
3652,1.5580332279e+00,-7.4481950141e-03,-2.0765354633e+00,1.5059131384e+00,-5.5769346654e-03,3.0889373047e+04
3653,1.5580160618e+00,-7.4460543692e-03,-3.7278265953e+00,1.5017608404e+00,7.2586820461e-03,3.0889343750e+04
3654,1.5581145287e+00,-7.4676088989e-03,-2.5129730701e+00,1.5017709732e+00,-3.5613251384e-03,3.0889052734e+04
3655,1.5582385063e+00,-7.6836710796e-03,-3.8946373463e+00,1.5033525229e+00,6.9709779928e-04,3.0889093750e+04
3656,1.5582838058e+00,-7.7502718195e-03,-3.6292786598e+00,1.4984108210e+00,-1.3224792667e-02,3.0889593750e+04
3657,1.5582373142e+00,-7.7762715518e-03,-4.3849449158e+00,1.4957973957e+00,-1.3648986351e-03,3.0889437500e+04
3658,1.5580883026e+00,-7.5767938979e-03,-4.4152116776e+00,1.5078887939e+00,3.3091507852e-02,3.0889337891e+04
3659,1.5580924749e+00,-7.4075763114e-03,-2.3955621719e+00,1.4796527624e+00,9.7634885460e-03,3.0889273438e+04
3660,1.5581511259e+00,-7.3385811411e-03,-4.1758022308e+00,1.4981110096e+00,-9.1018676758e-03,3.0889369141e+04
3661,1.5582131147e+00,-7.4640270323e-03,-2.2750642300e+00,1.4929400682e+00,-4.9448395148e-03,3.0888968750e+04
3662,1.5583249331e+00,-7.6879831031e-03,-4.1152749062e+00,1.5133454800e+00,5.1165772602e-03,3.0888755859e+04
3663,1.5582730770e+00,-7.7873459086e-03,-3.7429804802e+00,1.5000786781e+00,2.0325012505e-02,3.0888185547e+04
3664,1.5581244230e+00,-7.7528869733e-03,-5.3657474518e+00,1.4999994040e+00,-1.3185195625e-02,3.0888384766e+04
3665,1.5577816963e+00,-7.4749547057e-03,-5.3691301346e+00,1.5059304237e+00,-2.2177658975e-02,3.0888875000e+04
3666,1.5575335026e+00,-7.2338250466e-03,-8.0586376190e+00,1.5127139091e+00,-3.4900892526e-02,3.0888179688e+04
3667,1.5574847460e+00,-7.3067061603e-03,-5.9076533318e+00,1.5264047384e+00,-3.7864379585e-02,3.0888357422e+04
3668,1.5575661659e+00,-7.3973685503e-03,-3.3061735630e+00,1.5221810341e+00,-1.3029784895e-02,3.0887964844e+04
3669,1.5576647520e+00,-7.4286693707e-03,-4.1331162453e+00,1.5327820778e+00,-2.1354751661e-02,3.0888265625e+04
3670,1.5574834347e+00,-7.1001844481e-03,-1.6513173580e+00,1.5315756798e+00,-1.9009703770e-02,3.0888367188e+04
3671,1.5572347641e+00,-6.8370127119e-03,-6.3179607391e+00,1.5134615898e+00,-1.0356597602e-02,3.0888449219e+04
3672,1.5572298765e+00,-6.6091665067e-03,-4.8016147614e+00,1.5025699139e+00,-3.1280517305e-06,3.0888849609e+04
3673,1.5573780537e+00,-6.2509896234e-03,-4.3847928047e+00,1.4929559231e+00,-5.5725858547e-03,3.0889064453e+04
3674,1.5574711561e+00,-5.9503153898e-03,-3.0718710423e+00,1.5079580545e+00,-1.9443511963e-02,3.0889205078e+04
3675,1.5574461222e+00,-5.6104906835e-03,2.0671723783e-01,1.5254710913e+00,-1.9727936015e-02,3.0889435547e+04
3676,1.5574002266e+00,-5.2898749709e-03,9.8476213217e-01,1.4985306263e+00,-1.1017151177e-02,3.0889025391e+04
3677,1.5573791265e+00,-5.0516934134e-03,1.3183467388e+00,1.4836977720e+00,-8.3349607885e-03,3.0889277344e+04
3678,1.5575034618e+00,-4.8509626649e-03,1.0846536160e+00,1.4840170145e+00,-2.2044295445e-02,3.0889597656e+04
3679,1.5574963093e+00,-4.5896880329e-03,-3.3536889553e+00,1.4949383736e+00,-3.9553985000e-02,3.0890185547e+04
3680,1.5575985909e+00,-4.4803656638e-03,-2.7670030594e+00,1.4844558239e+00,-2.8561402112e-02,3.0890095703e+04
3681,1.5577789545e+00,-4.2461086996e-03,-1.9547672272e+00,1.5004925728e+00,-2.9847487807e-02,3.0889984375e+04
3682,1.5578427315e+00,-3.9955833927e-03,1.0964414477e-01,1.4841673374e+00,-9.8855588585e-03,3.0890384766e+04
3683,1.5579683781e+00,-3.8871248253e-03,-3.7769758701e-01,1.5001120567e+00,-1.7896117643e-02,3.0890972656e+04
3684,1.5577723980e+00,-3.7680815440e-03,-3.8816058636e+00,1.5129303932e+00,-1.1157379486e-02,3.0890601562e+04
3685,1.5577121973e+00,-3.5821585916e-03,-4.7200646400e+00,1.5261945724e+00,-2.3054733872e-02,3.0890855469e+04
3686,1.5574711561e+00,-3.0178755987e-03,-3.4736113548e+00,1.5349338055e+00,-3.2913893461e-02,3.0890857422e+04
3687,1.5573588610e+00,-2.5298243854e-03,-3.0233201981e+00,1.5258736610e+00,-1.6865311190e-02,3.0890523438e+04
3688,1.5572804213e+00,-2.2488010582e-03,-1.5780826807e+00,1.5075638294e+00,-1.6061477363e-02,3.0890642578e+04
3689,1.5574603081e+00,-2.1416964009e-03,-5.1715106964e+00,1.5065559149e+00,-3.1020889059e-02,3.0890279297e+04
3690,1.5576628447e+00,-2.1178983152e-03,-5.1717700958e+00,1.5119863749e+00,-5.4024659097e-02,3.0890884766e+04
3691,1.5576844215e+00,-2.1446568426e-03,-5.2124519348e+00,1.5074697733e+00,-2.5642471388e-02,3.0890861328e+04
3692,1.5577719212e+00,-1.9903590437e-03,-6.3144788742e+00,1.5100648403e+00,-1.7319183797e-02,3.0890480469e+04
3693,1.5577757359e+00,-1.7846709816e-03,-1.9192159176e+00,1.5179781914e+00,-6.1846924946e-03,3.0890984375e+04
3694,1.5576282740e+00,-1.3814788545e-03,-2.7541801929e+00,1.4977045059e+00,-9.7243497148e-03,3.0890609375e+04
3695,1.5575678349e+00,-1.1288662208e-03,-2.5024962425e+00,1.5007424355e+00,-3.0727233738e-02,3.0890214844e+04
3696,1.5574407578e+00,-7.5285992352e-04,1.3992437720e-01,1.5184426308e+00,-2.4343871046e-03,3.0890130859e+04
3697,1.5575382710e+00,-6.7687942646e-04,-1.8978278637e+00,1.5153460503e+00,5.8086393401e-03,3.0890187500e+04
3698,1.5576540232e+00,-4.8526327009e-04,-5.6119441986e+00,1.5036343336e+00,9.3537140638e-03,3.0889603516e+04
3699,1.5576164722e+00,-5.1754969172e-04,-8.3247861862e+00,1.5082092285e+00,3.8769531529e-03,3.0889589844e+04
3700,1.5574831963e+00,-3.6873522913e-04,-6.9422273636e+00,1.5026364326e+00,-1.6225127503e-02,3.0889722656e+04
3701,1.5572289228e+00,1.8268932763e-05,-8.1838884354e+00,1.5020223856e+00,-5.8638001792e-03,3.0890107422e+04
3702,1.5572308302e+00,4.3878136785e-04,-5.0611548424e+00,1.5059845448e+00,7.3892977089e-03,3.0890275391e+04
3703,1.5571562052e+00,8.1781664630e-04,-4.9044604301e+00,1.5141067505e+00,3.3866729587e-02,3.0889996094e+04
3704,1.5570875406e+00,1.1057616211e-03,-2.5730776787e+00,1.5250455141e+00,-4.0015410632e-03,3.0890697266e+04
3705,1.5570663214e+00,1.2559950119e-03,-1.1652574539e+00,1.5316659212e+00,-2.7532959357e-02,3.0890177734e+04
3706,1.5570430756e+00,1.3393369736e-03,-1.9081642628e+00,1.5223491192e+00,-2.3165892810e-02,3.0890179688e+04
3707,1.5570353270e+00,1.3845248614e-03,2.0018157959e+00,1.5117875338e+00,-8.4455870092e-03,3.0890650391e+04
3708,1.5569199324e+00,1.5313765034e-03,-6.3898593187e-01,1.4906246662e+00,-4.9840547144e-03,3.0890109375e+04
3709,1.5568039417e+00,1.6796501586e-03,-1.5188685656e+00,1.5024368763e+00,1.9850920886e-02,3.0890183594e+04
3710,1.5566691160e+00,1.8797869561e-03,-2.3839824200e+00,1.5025854111e+00,-1.1641235091e-02,3.0890386719e+04
3711,1.5565329790e+00,2.1536918357e-03,-5.5507550240e+00,1.5413458347e+00,-2.1542359143e-02,3.0890720703e+04
3712,1.5564148426e+00,2.3653409444e-03,-2.4741563797e+00,1.5133810043e+00,-1.4892730862e-02,3.0890033203e+04
3713,1.5564450026e+00,2.3974215146e-03,-2.7943115234e+00,1.5286102295e+00,1.2143707136e-03,3.0890656250e+04
3714,1.5564643145e+00,2.5068866089e-03,-2.4734745026e+00,1.5126167536e+00,-1.4164657332e-02,3.0890636719e+04
3715,1.5565860271e+00,2.3902256507e-03,-5.7838182449e+00,1.4966616631e+00,-4.0541380644e-02,3.0890759766e+04
3716,1.5567523241e+00,2.4451485369e-03,-3.2067282200e+00,1.4869945049e+00,-2.3091506213e-02,3.0891207031e+04
3717,1.5569410324e+00,2.3246775381e-03,-3.6514110565e+00,1.4950100183e+00,4.4255065732e-03,3.0891025391e+04
3718,1.5569318533e+00,2.1989631932e-03,-3.0912956595e-01,1.4990375042e+00,3.6427306477e-03,3.0891275391e+04
3719,1.5570466518e+00,2.1068681963e-03,-2.0103186369e-01,1.4959450960e+00,-8.6171720177e-03,3.0890929688e+04
3720,1.5569815636e+00,2.1890013013e-03,-1.3568325043e+00,1.5123116970e+00,-2.5708464906e-02,3.0890763672e+04
3721,1.5568966866e+00,2.2931881249e-03,-1.6802495718e+00,1.5102553368e+00,-5.0838775933e-02,3.0890703125e+04
3722,1.5568935871e+00,2.4263954256e-03,-4.6936578751e+00,1.5099033117e+00,-3.5289838910e-02,3.0890212891e+04
3723,1.5568616390e+00,2.3038391955e-03,-3.6264250278e+00,1.5112260580e+00,-2.3812256753e-02,3.0890345703e+04
3724,1.5568931103e+00,2.1225942764e-03,-6.0859513283e+00,1.5071657896e+00,-3.1499482691e-02,3.0890261719e+04
3725,1.5568324327e+00,2.1852096543e-03,-7.2123961449e+00,1.4972728491e+00,-4.8597030342e-02,3.0890154297e+04
3726,1.5566048622e+00,2.2322908044e-03,-6.2981467247e+00,1.4996222258e+00,-3.2994613051e-02,3.0890531250e+04
3727,1.5564665794e+00,2.3655572440e-03,-4.7867789268e+00,1.4882102013e+00,-2.5424422696e-02,3.0890621094e+04
3728,1.5564488173e+00,2.3621318396e-03,-3.0100905895e+00,1.4987015724e+00,-1.3195496053e-02,3.0890890625e+04
3729,1.5565894842e+00,2.3226528428e-03,-4.3369978666e-01,1.5093868971e+00,1.6064833850e-02,3.0890277344e+04
3730,1.5565868616e+00,2.1895053796e-03,-2.0281674862e+00,1.5290637016e+00,6.2978360802e-03,3.0890355469e+04
3731,1.5567344427e+00,1.9776553381e-03,8.7412863970e-01,1.5259622335e+00,1.7464065924e-02,3.0890371094e+04
3732,1.5568699837e+00,1.7101379344e-03,-3.0619344711e+00,1.4911614656e+00,1.3567886315e-02,3.0890484375e+04
3733,1.5569983721e+00,1.7603192246e-03,-3.1742463112e+00,1.4968165159e+00,-8.6396792904e-03,3.0891052734e+04
3734,1.5571515560e+00,1.7580739222e-03,-5.2918810844e+00,1.5027621984e+00,2.0598145202e-02,3.0890990234e+04
3735,1.5574007034e+00,1.5274363104e-03,-3.3345983028e+00,1.5130063295e+00,1.2821960263e-02,3.0890980469e+04
3736,1.5575617552e+00,1.3369120425e-03,-3.7252106667e+00,1.4929366112e+00,7.7926635277e-04,3.0891539062e+04
3737,1.5577837229e+00,9.6001254860e-04,-3.1287031174e+00,1.5109777451e+00,-1.0514144786e-02,3.0891277344e+04
3738,1.5578953028e+00,6.7568180384e-04,-1.0602710247e+00,1.5333039761e+00,6.8694306538e-03,3.0891615234e+04
3739,1.5580083132e+00,5.6153937476e-04,1.8729960918e+00,1.5065121651e+00,8.9550781995e-03,3.0891376953e+04
3740,1.5579743385e+00,2.6795989834e-04,-3.6047761440e+00,1.5266162157e+00,2.0248336717e-02,3.0891242188e+04
3741,1.5579127073e+00,3.0774378683e-04,-1.5636392832e+00,1.5131617785e+00,1.1268082075e-02,3.0891369141e+04
3742,1.5577151775e+00,1.0318146815e-04,-5.8197655678e+00,1.4993765354e+00,2.4062575772e-02,3.0891384766e+04
3743,1.5576846600e+00,-8.2949947682e-05,-2.4381191730e+00,1.5019046068e+00,6.0762786306e-03,3.0891339844e+04
3744,1.5576181412e+00,-1.3940193458e-04,9.6616411209e-01,1.5009982586e+00,4.5976256952e-03,3.0891386719e+04
3745,1.5577149391e+00,-2.8238529922e-04,4.1219258308e-01,1.4971581697e+00,-1.5265655704e-02,3.0891275391e+04
3746,1.5577269793e+00,-2.9718957376e-04,-1.2617707253e+00,1.4921219349e+00,2.5048828684e-03,3.0891488281e+04
3747,1.5577950478e+00,-2.5148098939e-04,-1.9631823301e+00,1.4846432209e+00,1.3127975166e-02,3.0890894531e+04
3748,1.5578839779e+00,-3.9611681132e-04,-2.5979499817e+00,1.4716907740e+00,2.1937407553e-02,3.0891048828e+04
3749,1.5579580069e+00,-4.1779744788e-04,-6.0241121054e-01,1.4916336536e+00,4.7391280532e-02,3.0891560547e+04
