step,vx_37_37,vy_37_37,pressure_37_37,energy
0,4.9999997020e-01,-4.9999997020e-01,0.0000000000e+00,5.4749277344e+03
1,5.0187188387e-01,-5.0187188387e-01,-1.6082097136e-04,5.6251166992e+03
2,5.0163733959e-01,-5.0167542696e-01,1.0009677887e+01,5.6240693359e+03
3,5.0158405304e-01,-5.0153493881e-01,9.9589490891e+00,5.6230175781e+03
4,5.0155925751e-01,-5.0146055222e-01,1.0040580750e+01,5.6219711914e+03
5,5.0153654814e-01,-5.0138384104e-01,1.0040580750e+01,5.6209267578e+03
6,5.0151509047e-01,-5.0130575895e-01,1.0040580750e+01,5.6198813477e+03
7,5.0149464607e-01,-5.0122666359e-01,1.0040580750e+01,5.6188403320e+03
8,5.0147044659e-01,-5.0119847059e-01,1.0157074928e+01,5.6177988281e+03
9,5.0144815445e-01,-5.0116819143e-01,1.0157074928e+01,5.6167553711e+03
10,5.0142687559e-01,-5.0113689899e-01,1.0157074928e+01,5.6157128906e+03
11,5.0140786171e-01,-5.0110644102e-01,1.0155797005e+01,5.6146684570e+03
12,5.0138807297e-01,-5.0107640028e-01,1.0155797005e+01,5.6136235352e+03
13,5.0136864185e-01,-5.0104582310e-01,1.0155797005e+01,5.6125805664e+03
14,5.0134986639e-01,-5.0101470947e-01,1.0155797005e+01,5.6115336914e+03
15,5.0133180618e-01,-5.0098288059e-01,1.0155797005e+01,5.6104877930e+03
16,5.0131452084e-01,-5.0095021725e-01,1.0155797005e+01,5.6094404297e+03
17,5.0129801035e-01,-5.0091695786e-01,1.0155797005e+01,5.6083930664e+03
18,5.0128227472e-01,-5.0088298321e-01,1.0155797005e+01,5.6073466797e+03
19,5.0126731396e-01,-5.0084841251e-01,1.0155797005e+01,5.6062993164e+03
20,5.0125312805e-01,-5.0081318617e-01,1.0155797005e+01,5.6052529297e+03
21,5.0123971701e-01,-5.0077736378e-01,1.0155797005e+01,5.6042050781e+03
22,5.0122702122e-01,-5.0074100494e-01,1.0155797005e+01,5.6031601562e+03
23,5.0121510029e-01,-5.0070399046e-01,1.0155797005e+01,5.6021157227e+03
24,5.0103312731e-01,-5.0043249130e-01,8.4264011383e+00,5.6010722656e+03
25,5.0089132786e-01,-5.0019472837e-01,1.0391698837e+01,5.6000297852e+03
26,5.0078904629e-01,-5.0007241964e-01,1.0603342056e+01,5.5989921875e+03
27,5.0072485209e-01,-5.0001645088e-01,1.0364409447e+01,5.5979506836e+03
28,5.0068753958e-01,-4.9996563792e-01,1.0071271896e+01,5.5969096680e+03
29,5.0065022707e-01,-4.9991503358e-01,1.0071271896e+01,5.5958671875e+03
30,5.0061994791e-01,-4.9986273050e-01,9.9962244034e+00,5.5948286133e+03
31,5.0058972836e-01,-4.9981039762e-01,9.9962244034e+00,5.5937841797e+03
32,5.0056022406e-01,-4.9975758791e-01,9.9962244034e+00,5.5927407227e+03
33,5.0053149462e-01,-4.9970406294e-01,9.9962244034e+00,5.5916997070e+03
34,5.0050354004e-01,-4.9964982271e-01,9.9962244034e+00,5.5906577148e+03
35,5.0047641993e-01,-4.9959492683e-01,9.9962244034e+00,5.5896166992e+03
36,5.0045013428e-01,-4.9953931570e-01,9.9962244034e+00,5.5885771484e+03
37,5.0042462349e-01,-4.9948292971e-01,9.9962244034e+00,5.5875356445e+03
38,5.0039988756e-01,-4.9942582846e-01,9.9962244034e+00,5.5864965820e+03
39,5.0037598610e-01,-4.9936807156e-01,9.9962244034e+00,5.5854580078e+03
40,5.0035285950e-01,-4.9930959940e-01,9.9962244034e+00,5.5844213867e+03
41,5.0033050776e-01,-4.9925047159e-01,9.9962244034e+00,5.5833857422e+03
42,5.0030893087e-01,-4.9919068813e-01,9.9962244034e+00,5.5823500977e+03
43,5.0028812885e-01,-4.9913018942e-01,9.9962244034e+00,5.5813159180e+03
44,5.0026810169e-01,-4.9906915426e-01,9.9962244034e+00,5.5802841797e+03
45,5.0024884939e-01,-4.9900740385e-01,9.9962244034e+00,5.5792534180e+03
46,5.0014126301e-01,-4.9893039465e-01,9.1730241776e+00,5.5782246094e+03
47,5.0002503395e-01,-4.9884352088e-01,9.0762968063e+00,5.5771923828e+03
48,4.9995744228e-01,-4.9880552292e-01,1.0336182594e+01,5.5761528320e+03
49,4.9994191527e-01,-4.9875074625e-01,1.0684801102e+01,5.5751123047e+03
50,4.9991336465e-01,-4.9867564440e-01,1.0398133278e+01,5.5740756836e+03
51,4.9990940094e-01,-4.9862408638e-01,8.9751138687e+00,5.5730395508e+03
52,4.9989196658e-01,-4.9857518077e-01,8.7785177231e+00,5.5720053711e+03
53,4.9988344312e-01,-4.9851885438e-01,8.7785177231e+00,5.5709721680e+03
54,4.9977144599e-01,-4.9854266644e-01,1.1772260666e+01,5.5699379883e+03
55,4.9980139732e-01,-4.9840402603e-01,1.0416881561e+01,5.5689052734e+03
56,4.9969181418e-01,-4.9834924936e-01,9.6298866272e+00,5.5678701172e+03
57,4.9961614609e-01,-4.9831420183e-01,1.0576191902e+01,5.5668339844e+03
58,4.9956727028e-01,-4.9823939800e-01,1.0905166626e+01,5.5658002930e+03
59,4.9955943227e-01,-4.9808558822e-01,1.0082923889e+01,5.5647670898e+03
60,4.9946543574e-01,-4.9807691574e-01,9.5708646774e+00,5.5637343750e+03
61,4.9943017960e-01,-4.9799451232e-01,1.0585289001e+01,5.5627011719e+03
62,4.9939385056e-01,-4.9794602394e-01,1.0739078522e+01,5.5616665039e+03
63,4.9938705564e-01,-4.9784567952e-01,9.4754438400e+00,5.5606342773e+03
64,4.9927270412e-01,-4.9784478545e-01,1.0088346481e+01,5.5596035156e+03
65,4.9930280447e-01,-4.9774378538e-01,1.0016737938e+01,5.5585708008e+03
66,4.9919477105e-01,-4.9771514535e-01,1.0179222107e+01,5.5575390625e+03
67,4.9917393923e-01,-4.9767673016e-01,9.4103841782e+00,5.5565078125e+03
68,4.9911406636e-01,-4.9763980508e-01,9.6582145691e+00,5.5554755859e+03
69,4.9906736612e-01,-4.9759319425e-01,9.6582145691e+00,5.5544443359e+03
70,4.9902650714e-01,-4.9754378200e-01,9.6582145691e+00,5.5534125977e+03
71,4.9898946285e-01,-4.9749359488e-01,9.6582145691e+00,5.5523833008e+03
72,4.9899435043e-01,-4.9740734696e-01,1.0238471985e+01,5.5513525391e+03
73,4.9895218015e-01,-4.9732628465e-01,9.8312997818e+00,5.5503227539e+03
74,4.9895009398e-01,-4.9727350473e-01,1.0197830200e+01,5.5492949219e+03
75,4.9888169765e-01,-4.9725446105e-01,1.0216749191e+01,5.5482656250e+03
76,4.9882647395e-01,-4.9722179770e-01,1.0216749191e+01,5.5472333984e+03
77,4.9877092242e-01,-4.9709728360e-01,9.7310094833e+00,5.5462050781e+03
78,4.9871107936e-01,-4.9709203839e-01,1.0232115746e+01,5.5451777344e+03
79,4.9865153432e-01,-4.9696862698e-01,9.7966814041e+00,5.5441479492e+03
80,4.9858352542e-01,-4.9697610736e-01,1.0695939064e+01,5.5431206055e+03
81,4.9857199192e-01,-4.9682167172e-01,9.8452100754e+00,5.5420932617e+03
82,4.9846503139e-01,-4.9686229229e-01,1.0248651505e+01,5.5410654297e+03
83,4.9843463302e-01,-4.9677345157e-01,9.9086818695e+00,5.5400375977e+03
84,4.9839809537e-01,-4.9671101570e-01,1.0243311882e+01,5.5390102539e+03
85,4.9834603071e-01,-4.9664539099e-01,1.0247436523e+01,5.5379843750e+03
86,4.9828702211e-01,-4.9658894539e-01,1.0247436523e+01,5.5369589844e+03
87,4.9828672409e-01,-4.9653843045e-01,9.5220193863e+00,5.5359335938e+03
88,4.9822545052e-01,-4.9648770690e-01,1.0264111519e+01,5.5349072266e+03
89,4.9821206927e-01,-4.9641284347e-01,9.4020175934e+00,5.5338823242e+03
90,4.9813008308e-01,-4.9638491869e-01,9.3422307968e+00,5.5328559570e+03
91,4.9804040790e-01,-4.9636021256e-01,1.0584048271e+01,5.5318320312e+03
92,4.9809229374e-01,-4.9625012279e-01,9.0007333755e+00,5.5308061523e+03
93,4.9800831079e-01,-4.9622929096e-01,1.0432987213e+01,5.5297836914e+03
94,4.9796521664e-01,-4.9617776275e-01,9.5457048416e+00,5.5287587891e+03
95,4.9790707231e-01,-4.9613597989e-01,9.4638986588e+00,5.5277358398e+03
96,4.9785584211e-01,-4.9608871341e-01,9.4638986588e+00,5.5267099609e+03
97,4.9778509140e-01,-4.9608758092e-01,1.0812329292e+01,5.5256884766e+03
98,4.9776685238e-01,-4.9599969387e-01,9.0789852142e+00,5.5246665039e+03
99,4.9766984582e-01,-4.9598640203e-01,1.0727549553e+01,5.5236430664e+03
100,4.9766576290e-01,-4.9588528275e-01,9.8389091492e+00,5.5226206055e+03
101,4.9755242467e-01,-4.9587959051e-01,1.0193774223e+01,5.5215981445e+03
102,4.9758109450e-01,-4.9576625228e-01,1.0208175659e+01,5.5205776367e+03
103,4.9741771817e-01,-4.9579107761e-01,1.0071698189e+01,5.5195566406e+03
104,4.9751499295e-01,-4.9563315511e-01,1.0363559723e+01,5.5185356445e+03
105,4.9740442634e-01,-4.9562889338e-01,1.0435545921e+01,5.5175151367e+03
106,4.9736601114e-01,-4.9555337429e-01,9.6404800415e+00,5.5164946289e+03
107,4.9731990695e-01,-4.9548679590e-01,9.6404800415e+00,5.5154746094e+03
108,4.9726071954e-01,-4.9543914199e-01,9.5389862061e+00,5.5144531250e+03
109,4.9716275930e-01,-4.9545332789e-01,1.1400782585e+01,5.5134335938e+03
110,4.9714669585e-01,-4.9540007114e-01,8.7956075668e+00,5.5124160156e+03
111,4.9704903364e-01,-4.9535050988e-01,1.0705598831e+01,5.5113964844e+03
112,4.9708721042e-01,-4.9527531862e-01,9.1865549088e+00,5.5103784180e+03
113,4.9689403176e-01,-4.9531152844e-01,1.0001745224e+01,5.5093608398e+03
114,4.9702826142e-01,-4.9515557289e-01,9.3539161682e+00,5.5083422852e+03
115,4.9679133296e-01,-4.9524074793e-01,1.0075674057e+01,5.5073242188e+03
116,4.9694243073e-01,-4.9506443739e-01,9.0559644699e+00,5.5063061523e+03
117,4.9684184790e-01,-4.9505758286e-01,1.0230788231e+01,5.5052905273e+03
118,4.9674406648e-01,-4.9504512548e-01,1.0230788231e+01,5.5042724609e+03
119,4.9673300982e-01,-4.9497750401e-01,8.8576545715e+00,5.5032553711e+03
120,4.9673059583e-01,-4.9490317702e-01,8.8576545715e+00,5.5022407227e+03
121,4.9673208594e-01,-4.9482646585e-01,8.8576545715e+00,5.5012255859e+03
122,4.9673619866e-01,-4.9474856257e-01,8.8576545715e+00,5.5002099609e+03
123,4.9674239755e-01,-4.9466988444e-01,8.8576545715e+00,5.4991967773e+03
124,4.9652367830e-01,-4.9474954605e-01,1.3485123634e+01,5.4981835938e+03
125,4.9634006619e-01,-4.9477413297e-01,1.0438518524e+01,5.4971684570e+03
126,4.9637633562e-01,-4.9467900395e-01,1.0404242516e+01,5.4961552734e+03
127,4.9624082446e-01,-4.9466410279e-01,9.8915967941e+00,5.4951386719e+03
128,4.9627363682e-01,-4.9457535148e-01,1.0879865646e+01,5.4941264648e+03
129,4.9612614512e-01,-4.9457162619e-01,9.6098155975e+00,5.4931108398e+03
130,4.9620473385e-01,-4.9444678426e-01,1.1035253525e+01,5.4920991211e+03
131,4.9607878923e-01,-4.9445772171e-01,9.8742704391e+00,5.4910869141e+03
132,4.9607807398e-01,-4.9436593056e-01,9.5899791718e+00,5.4900737305e+03
133,4.9605685472e-01,-4.9429577589e-01,9.5899791718e+00,5.4890615234e+03
134,4.9602624774e-01,-4.9424529076e-01,9.4642210007e+00,5.4880488281e+03
135,4.9600642920e-01,-4.9418491125e-01,9.4642210007e+00,5.4870400391e+03
136,4.9580457807e-01,-4.9423706532e-01,1.1227077484e+01,5.4860288086e+03
137,4.9578389525e-01,-4.9419772625e-01,8.9714784622e+00,5.4850190430e+03
138,4.9577456713e-01,-4.9414682388e-01,8.9714784622e+00,5.4840097656e+03
139,4.9562248588e-01,-4.9417448044e-01,1.0322896004e+01,5.4830000000e+03
140,4.9558392167e-01,-4.9413824081e-01,9.1565589905e+00,5.4819873047e+03
141,4.9554809928e-01,-4.9409762025e-01,9.1565589905e+00,5.4809799805e+03
142,4.9552547932e-01,-4.9402078986e-01,1.0218630791e+01,5.4799677734e+03
143,4.9554237723e-01,-4.9393889308e-01,9.3224935532e+00,5.4789589844e+03
144,4.9547562003e-01,-4.9391800165e-01,8.8962240219e+00,5.4779511719e+03
145,4.9535748363e-01,-4.9390816689e-01,9.9621772766e+00,5.4769433594e+03
146,4.9541032314e-01,-4.9382251501e-01,1.0066485405e+01,5.4759345703e+03
147,4.9527007341e-01,-4.9382588267e-01,9.6157598495e+00,5.4749306641e+03
148,4.9530613422e-01,-4.9374088645e-01,1.0105648041e+01,5.4739223633e+03
149,4.9519911408e-01,-4.9371251464e-01,1.0033395767e+01,5.4729165039e+03
150,4.9515971541e-01,-4.9368327856e-01,9.9862222672e+00,5.4719086914e+03
151,4.9509677291e-01,-4.9364086986e-01,1.0126250267e+01,5.4709018555e+03
152,4.9507108331e-01,-4.9356687069e-01,9.8830080032e+00,5.4698950195e+03
153,4.9504899979e-01,-4.9350443482e-01,9.9198455811e+00,5.4688896484e+03
154,4.9494457245e-01,-4.9350121617e-01,1.0238677979e+01,5.4678857422e+03
155,4.9487093091e-01,-4.9347019196e-01,1.0425296783e+01,5.4668808594e+03
156,4.9494844675e-01,-4.9334818125e-01,9.4006490707e+00,5.4658769531e+03
157,4.9484336376e-01,-4.9333891273e-01,1.0548427582e+01,5.4648710938e+03
158,4.9481597543e-01,-4.9329790473e-01,8.8332633972e+00,5.4638671875e+03
159,4.9472659826e-01,-4.9326956272e-01,1.0166732788e+01,5.4628647461e+03
160,4.9475455284e-01,-4.9321454763e-01,9.0544748306e+00,5.4618613281e+03
161,4.9459728599e-01,-4.9322584271e-01,9.6305389404e+00,5.4608564453e+03
162,4.9468240142e-01,-4.9312707782e-01,9.3684759140e+00,5.4598535156e+03
163,4.9450978637e-01,-4.9315589666e-01,9.6274127960e+00,5.4588515625e+03
164,4.9460193515e-01,-4.9304190278e-01,9.1207942963e+00,5.4578491211e+03
165,4.9452587962e-01,-4.9301704764e-01,9.9711332321e+00,5.4568471680e+03
166,4.9447000027e-01,-4.9297806621e-01,9.5228939056e+00,5.4558471680e+03
167,4.9441486597e-01,-4.9293729663e-01,9.5228939056e+00,5.4548437500e+03
168,4.9436035752e-01,-4.9289482832e-01,9.5228939056e+00,5.4538437500e+03
169,4.9430662394e-01,-4.9285078049e-01,9.5228939056e+00,5.4528437500e+03
170,4.9425345659e-01,-4.9280518293e-01,9.5228939056e+00,5.4518437500e+03
171,4.9420094490e-01,-4.9275815487e-01,9.5228939056e+00,5.4508442383e+03
172,4.9414920807e-01,-4.9270975590e-01,9.5228939056e+00,5.4498471680e+03
173,4.9412617087e-01,-4.9271756411e-01,9.7786979675e+00,5.4488486328e+03
174,4.9410226941e-01,-4.9268668890e-01,1.0202369690e+01,5.4478515625e+03
175,4.9410495162e-01,-4.9262094498e-01,1.0226630211e+01,5.4468525391e+03
176,4.9396693707e-01,-4.9263250828e-01,9.7954216003e+00,5.4458540039e+03
177,4.9401879311e-01,-4.9250602722e-01,1.0357221603e+01,5.4448544922e+03
178,4.9391365051e-01,-4.9250850081e-01,9.9176387787e+00,5.4438549805e+03
179,4.9390846491e-01,-4.9243009090e-01,1.0444601059e+01,5.4428598633e+03
180,4.9386510253e-01,-4.9238991737e-01,9.8353033066e+00,5.4418623047e+03
181,4.9381971359e-01,-4.9233922362e-01,9.9660358429e+00,5.4408632812e+03
182,4.9380144477e-01,-4.9230319262e-01,9.3929157257e+00,5.4398696289e+03
183,4.9377265573e-01,-4.9226182699e-01,9.3884782791e+00,5.4388715820e+03
184,4.9374827743e-01,-4.9221637845e-01,9.3884782791e+00,5.4378779297e+03
185,4.9372607470e-01,-4.9216890335e-01,9.3884782791e+00,5.4368813477e+03
186,4.9362906814e-01,-4.9215337634e-01,9.9140777588e+00,5.4358881836e+03
187,4.9362352490e-01,-4.9209594727e-01,1.0093347549e+01,5.4348916016e+03
188,4.9354097247e-01,-4.9207040668e-01,9.1788644791e+00,5.4338959961e+03
189,4.9348524213e-01,-4.9202755094e-01,8.8086433411e+00,5.4329028320e+03
190,4.9350595474e-01,-4.9195411801e-01,9.3709955215e+00,5.4319082031e+03
191,4.9339675903e-01,-4.9198180437e-01,8.3809089661e+00,5.4309150391e+03
192,4.9340191483e-01,-4.9189427495e-01,1.0644828796e+01,5.4299199219e+03
193,4.9334681034e-01,-4.9190050364e-01,8.1660909653e+00,5.4289277344e+03
194,4.9333703518e-01,-4.9180769920e-01,1.0586251259e+01,5.4279340820e+03
195,4.9326840043e-01,-4.9179378152e-01,9.4842472076e+00,5.4269428711e+03
196,4.9321076274e-01,-4.9176934361e-01,9.4842472076e+00,5.4259511719e+03
197,4.9322643876e-01,-4.9168658257e-01,9.7482128143e+00,5.4249594727e+03
198,4.9324437976e-01,-4.9160256982e-01,9.7482128143e+00,5.4239663086e+03
199,4.9326440692e-01,-4.9151793122e-01,9.7482128143e+00,5.4229755859e+03
200,4.9328592420e-01,-4.9143305421e-01,9.7482128143e+00,5.4219838867e+03
201,4.9330869317e-01,-4.9134805799e-01,9.7482128143e+00,5.4209946289e+03
202,4.9308928847e-01,-4.9143785238e-01,9.3906402588e+00,5.4200058594e+03
203,4.9298360944e-01,-4.9145981669e-01,9.2534580231e+00,5.4190146484e+03
204,4.9299415946e-01,-4.9139109254e-01,1.0218567848e+01,5.4180268555e+03
205,4.9295341969e-01,-4.9134743214e-01,9.3391542435e+00,5.4170351562e+03
206,4.9288305640e-01,-4.9131476879e-01,9.2947978973e+00,5.4160473633e+03
207,4.9291196465e-01,-4.9123984575e-01,1.0215243340e+01,5.4150585938e+03
208,4.9285256863e-01,-4.9121242762e-01,9.7709121704e+00,5.4140678711e+03
209,4.9283555150e-01,-4.9114009738e-01,9.0562219620e+00,5.4130805664e+03
210,4.9277049303e-01,-4.9111416936e-01,9.0189800262e+00,5.4120917969e+03
211,4.9273815751e-01,-4.9107989669e-01,9.8111057281e+00,5.4111040039e+03
212,4.9270913005e-01,-4.9104648829e-01,9.9036922455e+00,5.4101171875e+03
213,4.9266070127e-01,-4.9099117517e-01,7.9459457397e+00,5.4091308594e+03
214,4.9259331822e-01,-4.9100783467e-01,9.9581718445e+00,5.4081440430e+03
215,4.9265152216e-01,-4.9088659883e-01,9.3297014236e+00,5.4071562500e+03
216,4.9254378676e-01,-4.9088621140e-01,9.1674089432e+00,5.4061728516e+03
217,4.9254956841e-01,-4.9083977938e-01,9.3248348236e+00,5.4051831055e+03
218,4.9252685905e-01,-4.9076202512e-01,9.4977111816e+00,5.4041982422e+03
219,4.9248212576e-01,-4.9069595337e-01,9.2037286758e+00,5.4032138672e+03
220,4.9243706465e-01,-4.9070525169e-01,9.2683219910e+00,5.4022280273e+03
221,4.9242168665e-01,-4.9069398642e-01,9.3582820892e+00,5.4012441406e+03
222,4.9241667986e-01,-4.9067476392e-01,9.3582820892e+00,5.4002583008e+03
223,4.9237975478e-01,-4.9054333568e-01,9.4973421097e+00,5.3992753906e+03
224,4.9231886864e-01,-4.9053409696e-01,9.2055015564e+00,5.3982934570e+03
225,4.9230545759e-01,-4.9045246840e-01,9.8705234528e+00,5.3973085938e+03
226,4.9230438471e-01,-4.9041217566e-01,9.1658544540e+00,5.3963251953e+03
227,4.9215728045e-01,-4.9042475224e-01,9.8332548141e+00,5.3953403320e+03
228,4.9230527878e-01,-4.9027082324e-01,1.0097004890e+01,5.3943593750e+03
229,4.9213334918e-01,-4.9029412866e-01,8.4858026505e+00,5.3933750000e+03
230,4.9218890071e-01,-4.9021729827e-01,1.0170065880e+01,5.3923930664e+03
231,4.9210202694e-01,-4.9017331004e-01,8.8538665771e+00,5.3914111328e+03
232,4.9214401841e-01,-4.9011164904e-01,9.7472276688e+00,5.3904306641e+03
233,4.9201536179e-01,-4.9010694027e-01,8.6684141159e+00,5.3894482422e+03
234,4.9210965633e-01,-4.9000236392e-01,9.8215627670e+00,5.3884667969e+03
235,4.9202764034e-01,-4.8999112844e-01,9.2009630203e+00,5.3874858398e+03
236,4.9199980497e-01,-4.8993051052e-01,8.7810010910e+00,5.3865063477e+03
237,4.9197393656e-01,-4.8986795545e-01,8.7810010910e+00,5.3855253906e+03
238,4.9194964767e-01,-4.8980405927e-01,8.7810010910e+00,5.3845449219e+03
239,4.9192675948e-01,-4.8973912001e-01,8.7810010910e+00,5.3835649414e+03
240,4.9190518260e-01,-4.8967328668e-01,8.7810010910e+00,5.3825859375e+03
241,4.9188497663e-01,-4.8960661888e-01,8.7810010910e+00,5.3816074219e+03
242,4.9186605215e-01,-4.8953911662e-01,8.7810010910e+00,5.3806298828e+03
243,4.9184846878e-01,-4.8947077990e-01,8.7810010910e+00,5.3796523438e+03
244,4.9183213711e-01,-4.8940163851e-01,8.7810010910e+00,5.3786757812e+03
245,4.9181702733e-01,-4.8933175206e-01,8.7810010910e+00,5.3777016602e+03
246,4.9180302024e-01,-4.8926106095e-01,8.7810010910e+00,5.3767265625e+03
247,4.9167066813e-01,-4.8939600587e-01,1.1376317024e+01,5.3757534180e+03
248,4.9161237478e-01,-4.8941680789e-01,9.2626342773e+00,5.3747783203e+03
249,4.9155163765e-01,-4.8938977718e-01,9.4250593185e+00,5.3738007812e+03
250,4.9160856009e-01,-4.8928079009e-01,1.1327830315e+01,5.3728212891e+03
251,4.9152541161e-01,-4.8925286531e-01,8.1734514236e+00,5.3718437500e+03
252,4.9151068926e-01,-4.8922207952e-01,1.1193211555e+01,5.3708657227e+03
253,4.9152383208e-01,-4.8911821842e-01,8.1348037720e+00,5.3698896484e+03
254,4.9149250984e-01,-4.8907828331e-01,1.0900564194e+01,5.3689121094e+03
255,4.9145281315e-01,-4.8904415965e-01,7.4461417198e+00,5.3679389648e+03
256,4.9144172668e-01,-4.8897710443e-01,1.1454068184e+01,5.3669633789e+03
257,4.9134534597e-01,-4.8898828030e-01,8.0712642670e+00,5.3659892578e+03
258,4.9134862423e-01,-4.8890599608e-01,8.3777017593e+00,5.3650141602e+03
259,4.9134451151e-01,-4.8883166909e-01,8.3777017593e+00,5.3640390625e+03
260,4.9133953452e-01,-4.8875960708e-01,8.3777017593e+00,5.3630659180e+03
261,4.9133557081e-01,-4.8868811131e-01,8.3777017593e+00,5.3620913086e+03
262,4.9133315682e-01,-4.8861673474e-01,8.3777017593e+00,5.3611157227e+03
263,4.9133229256e-01,-4.8854535818e-01,8.3777017593e+00,5.3601411133e+03
264,4.9117261171e-01,-4.8858979344e-01,1.0133654594e+01,5.3591699219e+03
265,4.9116918445e-01,-4.8852002621e-01,8.1473045349e+00,5.3581962891e+03
266,4.9108940363e-01,-4.8853743076e-01,9.4334840775e+00,5.3572221680e+03
267,4.9106043577e-01,-4.8846405745e-01,7.8156714439e+00,5.3562504883e+03
268,4.9112132192e-01,-4.8834058642e-01,1.0150699615e+01,5.3552763672e+03
269,4.9103006721e-01,-4.8834732175e-01,8.2559518814e+00,5.3543061523e+03
270,4.9092411995e-01,-4.8836717010e-01,8.2853393555e+00,5.3533339844e+03
271,4.9097645283e-01,-4.8824563622e-01,1.1290317535e+01,5.3523647461e+03
272,4.9087336659e-01,-4.8826709390e-01,8.1850204468e+00,5.3513940430e+03
273,4.9088951945e-01,-4.8816418648e-01,1.0052968025e+01,5.3504218750e+03
274,4.9088844657e-01,-4.8809447885e-01,7.9331316948e+00,5.3494521484e+03
275,4.9080470204e-01,-4.8809966445e-01,1.0495649338e+01,5.3484804688e+03
276,4.9082243443e-01,-4.8798793554e-01,6.9872884750e+00,5.3475107422e+03
277,4.9083092809e-01,-4.8790842295e-01,9.6848468781e+00,5.3465400391e+03
278,4.9076867104e-01,-4.8788711429e-01,8.9510564804e+00,5.3455693359e+03
279,4.9071601033e-01,-4.8785611987e-01,8.9510564804e+00,5.3446010742e+03
280,4.9063307047e-01,-4.8785650730e-01,8.6519985199e+00,5.3436308594e+03
281,4.9065887928e-01,-4.8773428798e-01,8.8162145615e+00,5.3426616211e+03
282,4.9057525396e-01,-4.8773860931e-01,8.7088661194e+00,5.3416938477e+03
283,4.9058005214e-01,-4.8765361309e-01,8.5286846161e+00,5.3407250977e+03
284,4.9057951570e-01,-4.8757493496e-01,8.5286846161e+00,5.3397583008e+03
285,4.9057844281e-01,-4.8749765754e-01,8.5286846161e+00,5.3387900391e+03
286,4.9040308595e-01,-4.8755505681e-01,8.1854743958e+00,5.3378232422e+03
287,4.9040886760e-01,-4.8746111989e-01,8.7794799805e+00,5.3368544922e+03
288,4.9034753442e-01,-4.8744976521e-01,9.0583066940e+00,5.3358876953e+03
289,4.9030268192e-01,-4.8742341995e-01,9.0583066940e+00,5.3349208984e+03
290,4.9032303691e-01,-4.8731210828e-01,9.1630783081e+00,5.3339531250e+03
291,4.9029427767e-01,-4.8725333810e-01,8.0108108521e+00,5.3329843750e+03
292,4.9024593830e-01,-4.8722299933e-01,8.4301891327e+00,5.3320205078e+03
293,4.9018707871e-01,-4.8718914390e-01,8.4524202347e+00,5.3310551758e+03
294,4.9019563198e-01,-4.8711413145e-01,9.7388038635e+00,5.3300883789e+03
295,4.9012583494e-01,-4.8705902696e-01,7.2791285515e+00,5.3291240234e+03
296,4.9009349942e-01,-4.8702794313e-01,1.0412782669e+01,5.3281577148e+03
297,4.9009910226e-01,-4.8693022132e-01,7.1958470345e+00,5.3271938477e+03
298,4.8997694254e-01,-4.8696357012e-01,9.9347190857e+00,5.3262270508e+03
299,4.9001315236e-01,-4.8684021831e-01,6.9808626175e+00,5.3252626953e+03
300,4.8991701007e-01,-4.8684990406e-01,1.0883728981e+01,5.3242983398e+03
301,4.8984473944e-01,-4.8683387041e-01,7.6309471130e+00,5.3233354492e+03
302,4.8981139064e-01,-4.8678025603e-01,7.6309471130e+00,5.3223710938e+03
303,4.8982483149e-01,-4.8666998744e-01,9.6325654984e+00,5.3214082031e+03
304,4.8981791735e-01,-4.8657995462e-01,9.6325654984e+00,5.3204433594e+03
305,4.8980742693e-01,-4.8649474978e-01,9.6325654984e+00,5.3194819336e+03
306,4.8979780078e-01,-4.8641002178e-01,9.6325654984e+00,5.3185190430e+03
307,4.8969829082e-01,-4.8644185066e-01,4.6076879501e+00,5.3175561523e+03
308,4.8965328932e-01,-4.8637545109e-01,9.0585460663e+00,5.3165957031e+03
309,4.8950931430e-01,-4.8644119501e-01,6.8134613037e+00,5.3156313477e+03
310,4.8956459761e-01,-4.8630365729e-01,8.7816343307e+00,5.3146699219e+03
311,4.8949468136e-01,-4.8627901077e-01,8.5260467529e+00,5.3137084961e+03
312,4.8943859339e-01,-4.8625048995e-01,9.6617851257e+00,5.3127460938e+03
313,4.8943102360e-01,-4.8615211248e-01,6.7336974144e+00,5.3117841797e+03
314,4.8939535022e-01,-4.8610770702e-01,1.0136907578e+01,5.3108242188e+03
315,4.8932051659e-01,-4.8607987165e-01,6.5018067360e+00,5.3098642578e+03
316,4.8932856321e-01,-4.8599234223e-01,1.0635071754e+01,5.3089008789e+03
317,4.8922008276e-01,-4.8600775003e-01,7.8158559799e+00,5.3079399414e+03
318,4.8920527101e-01,-4.8592436314e-01,8.0277338028e+00,5.3069799805e+03
319,4.8918676376e-01,-4.8584571481e-01,8.0277338028e+00,5.3060214844e+03
320,4.8916849494e-01,-4.8576846719e-01,8.0277338028e+00,5.3050615234e+03
321,4.8915150762e-01,-4.8569145799e-01,8.0277338028e+00,5.3041030273e+03
322,4.8913598061e-01,-4.8561429977e-01,8.0277338028e+00,5.3031430664e+03
323,4.8912179470e-01,-4.8553690314e-01,8.0277338028e+00,5.3021845703e+03
324,4.8910883069e-01,-4.8545911908e-01,8.0277338028e+00,5.3012280273e+03
325,4.8909702897e-01,-4.8538100719e-01,8.0277338028e+00,5.3002690430e+03
326,4.8908627033e-01,-4.8530253768e-01,8.0277338028e+00,5.2993154297e+03
327,4.8907637596e-01,-4.8522362113e-01,8.0277338028e+00,5.2983598633e+03
328,4.8879370093e-01,-4.8539748788e-01,1.0244917870e+01,5.2974008789e+03
329,4.8871496320e-01,-4.8539954424e-01,8.0744295120e+00,5.2964477539e+03
330,4.8864492774e-01,-4.8537221551e-01,7.8346695900e+00,5.2954912109e+03
331,4.8865517974e-01,-4.8528182507e-01,9.5692424774e+00,5.2945322266e+03
332,4.8855268955e-01,-4.8526632786e-01,6.9742918015e+00,5.2935761719e+03
333,4.8850899935e-01,-4.8522752523e-01,9.7041873932e+00,5.2926171875e+03
334,4.8851069808e-01,-4.8512399197e-01,6.7855334282e+00,5.2916616211e+03
335,4.8844093084e-01,-4.8511424661e-01,9.6359996796e+00,5.2907041016e+03
336,4.8838019371e-01,-4.8505935073e-01,6.4985895157e+00,5.2897504883e+03
337,4.8834162951e-01,-4.8502495885e-01,1.0337295532e+01,5.2887924805e+03
338,4.8825892806e-01,-4.8500463367e-01,7.4897451401e+00,5.2878383789e+03
339,4.8819753528e-01,-4.8496118188e-01,7.4897451401e+00,5.2868828125e+03
340,4.8820528388e-01,-4.8486083746e-01,8.1415500641e+00,5.2859267578e+03
341,4.8820942640e-01,-4.8476862907e-01,8.1415500641e+00,5.2849711914e+03
342,4.8821547627e-01,-4.8467820883e-01,8.1415500641e+00,5.2840175781e+03
343,4.8822444677e-01,-4.8458772898e-01,8.1415500641e+00,5.2830629883e+03
344,4.8823633790e-01,-4.8449677229e-01,8.1415500641e+00,5.2821093750e+03
345,4.8799812794e-01,-4.8460009694e-01,7.4475522041e+00,5.2811547852e+03
346,4.8794320226e-01,-4.8454737663e-01,7.8829531670e+00,5.2802001953e+03
347,4.8777556419e-01,-4.8460251093e-01,7.6838455200e+00,5.2792490234e+03
348,4.8786997795e-01,-4.8444446921e-01,8.3930587769e+00,5.2782958984e+03
349,4.8770728707e-01,-4.8448327184e-01,8.0649194717e+00,5.2773403320e+03
350,4.8773807287e-01,-4.8438867927e-01,9.0870571136e+00,5.2763896484e+03
351,4.8760440946e-01,-4.8438206315e-01,6.8682079315e+00,5.2754365234e+03
352,4.8760035634e-01,-4.8429799080e-01,8.3363676071e+00,5.2744843750e+03
353,4.8754921556e-01,-4.8426383734e-01,8.5418949127e+00,5.2735317383e+03
354,4.8750260472e-01,-4.8422503471e-01,8.5418949127e+00,5.2725815430e+03
355,4.8745769262e-01,-4.8418456316e-01,8.5418949127e+00,5.2716279297e+03
356,4.8742207885e-01,-4.8414087296e-01,8.5669860840e+00,5.2706772461e+03
357,4.8735994101e-01,-4.8405545950e-01,6.5253047943e+00,5.2697265625e+03
358,4.8728668690e-01,-4.8405236006e-01,7.9802417755e+00,5.2687763672e+03
359,4.8721370101e-01,-4.8399579525e-01,7.9337253571e+00,5.2678247070e+03
360,4.8719918728e-01,-4.8394885659e-01,7.8184165955e+00,5.2668740234e+03
361,4.8709771037e-01,-4.8392561078e-01,6.9929313660e+00,5.2659252930e+03
362,4.8705133796e-01,-4.8390311003e-01,8.5892419815e+00,5.2649726562e+03
363,4.8705291748e-01,-4.8376753926e-01,7.0125651360e+00,5.2640253906e+03
364,4.8696884513e-01,-4.8378297687e-01,8.5100669861e+00,5.2630751953e+03
365,4.8690965772e-01,-4.8371356726e-01,6.3328557014e+00,5.2621245117e+03
366,4.8686051369e-01,-4.8369827867e-01,9.7708921432e+00,5.2611767578e+03
367,4.8675608635e-01,-4.8369604349e-01,7.1657819748e+00,5.2602265625e+03
368,4.8673680425e-01,-4.8360419273e-01,7.7082281113e+00,5.2592788086e+03
369,4.8670637608e-01,-4.8352470994e-01,7.7082281113e+00,5.2583286133e+03
370,4.8667612672e-01,-4.8345410824e-01,7.7609138489e+00,5.2573808594e+03
371,4.8665365577e-01,-4.8337560892e-01,7.7609138489e+00,5.2564345703e+03
372,4.8663356900e-01,-4.8329392076e-01,7.7609138489e+00,5.2554868164e+03
373,4.8661449552e-01,-4.8321098089e-01,7.7609138489e+00,5.2545410156e+03
374,4.8659652472e-01,-4.8312750459e-01,7.7609138489e+00,5.2535952148e+03
375,4.8657995462e-01,-4.8304378986e-01,7.7609138489e+00,5.2526503906e+03
376,4.8636400700e-01,-4.8321163654e-01,8.7537813187e+00,5.2517050781e+03
377,4.8633909225e-01,-4.8315972090e-01,7.4314680099e+00,5.2507578125e+03
378,4.8618218303e-01,-4.8321720958e-01,7.2633018494e+00,5.2498154297e+03
379,4.8623666167e-01,-4.8308268189e-01,9.4354267120e+00,5.2488681641e+03
380,4.8609369993e-01,-4.8309805989e-01,6.6180925369e+00,5.2479204102e+03
381,4.8609083891e-01,-4.8303928971e-01,9.1898479462e+00,5.2469741211e+03
382,4.8600259423e-01,-4.8300307989e-01,6.2710313797e+00,5.2460268555e+03
383,4.8602172732e-01,-4.8291197419e-01,9.2971687317e+00,5.2450815430e+03
384,4.8588711023e-01,-4.8291826248e-01,5.9143142700e+00,5.2441386719e+03
385,4.8591545224e-01,-4.8284000158e-01,9.7926855087e+00,5.2431948242e+03
386,4.8580917716e-01,-4.8284059763e-01,7.1959013939e+00,5.2422480469e+03
387,4.8572081327e-01,-4.8282006383e-01,7.1959013939e+00,5.2413041992e+03
388,4.8572772741e-01,-4.8272323608e-01,7.4066991806e+00,5.2403623047e+03
389,4.8573657870e-01,-4.8262757063e-01,7.4066991806e+00,5.2394184570e+03
390,4.8574739695e-01,-4.8253345490e-01,7.4066991806e+00,5.2384721680e+03
391,4.8576003313e-01,-4.8244103789e-01,7.4066991806e+00,5.2375312500e+03
392,4.8577409983e-01,-4.8235017061e-01,7.4066991806e+00,5.2365893555e+03
393,4.8550802469e-01,-4.8250281811e-01,8.2463150024e+00,5.2356445312e+03
394,4.8546048999e-01,-4.8243775964e-01,7.1638293266e+00,5.2347026367e+03
395,4.8528000712e-01,-4.8249816895e-01,7.8735733032e+00,5.2337583008e+03
396,4.8537340760e-01,-4.8234337568e-01,7.9367923737e+00,5.2328164062e+03
397,4.8517516255e-01,-4.8241859674e-01,7.5933523178e+00,5.2318750000e+03
398,4.8523658514e-01,-4.8230907321e-01,8.7620162964e+00,5.2309331055e+03
399,4.8509928584e-01,-4.8230883479e-01,6.8240175247e+00,5.2299926758e+03
400,4.8516339064e-01,-4.8219537735e-01,8.5110254288e+00,5.2290507812e+03
401,4.8507419229e-01,-4.8218920827e-01,7.8655447960e+00,5.2281088867e+03
402,4.8500108719e-01,-4.8214596510e-01,7.3277325630e+00,5.2271689453e+03
403,4.8493185639e-01,-4.8210048676e-01,7.3277325630e+00,5.2262285156e+03
404,4.8486471176e-01,-4.8205378652e-01,7.3277325630e+00,5.2252895508e+03
405,4.8479893804e-01,-4.8200628161e-01,7.3277325630e+00,5.2243496094e+03
406,4.8473429680e-01,-4.8195806146e-01,7.3277325630e+00,5.2234096680e+03
407,4.8467075825e-01,-4.8190918565e-01,7.3277325630e+00,5.2224726562e+03
408,4.8470294476e-01,-4.8189887404e-01,8.9037370682e+00,5.2215332031e+03
409,4.8462110758e-01,-4.8188829422e-01,7.3452019691e+00,5.2205957031e+03
410,4.8460522294e-01,-4.8181110620e-01,7.3064155579e+00,5.2196572266e+03
411,4.8448336124e-01,-4.8186805844e-01,7.4584112167e+00,5.2187177734e+03
412,4.8451888561e-01,-4.8171946406e-01,8.7241582870e+00,5.2177788086e+03
413,4.8438495398e-01,-4.8177161813e-01,5.7672405243e+00,5.2168398438e+03
414,4.8440814018e-01,-4.8164036870e-01,8.9868192673e+00,5.2159023438e+03
415,4.8428007960e-01,-4.8169103265e-01,5.9826207161e+00,5.2149628906e+03
416,4.8429778218e-01,-4.8157790303e-01,8.7798509598e+00,5.2140273438e+03
417,4.8418036103e-01,-4.8160165548e-01,6.0354027748e+00,5.2130883789e+03
418,4.8420339823e-01,-4.8150515556e-01,9.3414039612e+00,5.2121533203e+03
419,4.8410424590e-01,-4.8151648045e-01,7.2244849205e+00,5.2112158203e+03
420,4.8402243853e-01,-4.8150756955e-01,7.2244849205e+00,5.2102788086e+03
421,4.8403254151e-01,-4.8140561581e-01,7.4355001450e+00,5.2093442383e+03
422,4.8404395580e-01,-4.8130461574e-01,7.4355001450e+00,5.2084082031e+03
423,4.8405668139e-01,-4.8120471835e-01,7.4355001450e+00,5.2074731445e+03
424,4.8407083750e-01,-4.8110616207e-01,7.4355001450e+00,5.2065375977e+03
425,4.8371997476e-01,-4.8135757446e-01,7.2205109596e+00,5.2056025391e+03
426,4.8370251060e-01,-4.8128670454e-01,7.2153282166e+00,5.2046679688e+03
427,4.8368883133e-01,-4.8123645782e-01,8.0066747665e+00,5.2037324219e+03
428,4.8365896940e-01,-4.8119848967e-01,8.0116796494e+00,5.2027973633e+03
429,4.8362204432e-01,-4.8117277026e-01,8.0116796494e+00,5.2018637695e+03
430,4.8359179497e-01,-4.8112863302e-01,7.9960184097e+00,5.2009282227e+03
431,4.8351469636e-01,-4.8107045889e-01,6.4418792725e+00,5.1999931641e+03
432,4.8346439004e-01,-4.8102891445e-01,6.7838096619e+00,5.1990585938e+03
433,4.8342904449e-01,-4.8097705841e-01,7.9260225296e+00,5.1981259766e+03
434,4.8341837525e-01,-4.8091015220e-01,7.1701884270e+00,5.1971933594e+03
435,4.8329067230e-01,-4.8092988133e-01,6.5268321037e+00,5.1962612305e+03
436,4.8327594995e-01,-4.8087549210e-01,8.8879804611e+00,5.1953295898e+03
437,4.8327264190e-01,-4.8077106476e-01,6.1537785530e+00,5.1943974609e+03
438,4.8313784599e-01,-4.8084238172e-01,7.5916581154e+00,5.1934628906e+03
439,4.8317897320e-01,-4.8068925738e-01,7.0701041222e+00,5.1925336914e+03
440,4.8305687308e-01,-4.8076358438e-01,8.2631692886e+00,5.1916015625e+03
441,4.8309242725e-01,-4.8059448600e-01,5.8417696953e+00,5.1906704102e+03
442,4.8307231069e-01,-4.8054829240e-01,8.5325412750e+00,5.1897387695e+03
443,4.8303040862e-01,-4.8051077127e-01,7.3317198753e+00,5.1888076172e+03
444,4.8295086622e-01,-4.8051488400e-01,6.8552303314e+00,5.1878759766e+03
445,4.8285320401e-01,-4.8052451015e-01,7.6455974579e+00,5.1869458008e+03
446,4.8280599713e-01,-4.8049676418e-01,6.9172940254e+00,5.1860170898e+03
447,4.8275396228e-01,-4.8045176268e-01,8.7670021057e+00,5.1850849609e+03
448,4.8269262910e-01,-4.8044356704e-01,6.4465961456e+00,5.1841572266e+03
449,4.8264941573e-01,-4.8040246964e-01,6.7613577843e+00,5.1832285156e+03
450,4.8256656528e-01,-4.8039302230e-01,8.2864274979e+00,5.1822978516e+03
451,4.8265048862e-01,-4.8024460673e-01,7.1667642593e+00,5.1813696289e+03
452,4.8245984316e-01,-4.8033699393e-01,7.4482960701e+00,5.1804409180e+03
453,4.8255801201e-01,-4.8016807437e-01,7.2582941055e+00,5.1795122070e+03
454,4.8252454400e-01,-4.8011702299e-01,7.7606434822e+00,5.1785849609e+03
455,4.8249095678e-01,-4.8006975651e-01,7.0475249290e+00,5.1776552734e+03
456,4.8237702250e-01,-4.8010158539e-01,6.2698388100e+00,5.1767285156e+03
457,4.8228165507e-01,-4.8011875153e-01,8.5427017212e+00,5.1758002930e+03
458,4.8221665621e-01,-4.8011347651e-01,6.7381224632e+00,5.1748745117e+03
459,4.8225784302e-01,-4.7996515036e-01,8.2833023071e+00,5.1739472656e+03
460,4.8218166828e-01,-4.7998183966e-01,6.0128021240e+00,5.1730200195e+03
461,4.8209133744e-01,-4.7996819019e-01,8.1898870468e+00,5.1720917969e+03
462,4.8217177391e-01,-4.7983697057e-01,6.2298851013e+00,5.1711679688e+03
463,4.8195329309e-01,-4.7993299365e-01,7.8586668968e+00,5.1702397461e+03
464,4.8206448555e-01,-4.7979462147e-01,6.5426650047e+00,5.1693154297e+03
465,4.8190614581e-01,-4.7980725765e-01,8.0519104004e+00,5.1683881836e+03
466,4.8191341758e-01,-4.7973802686e-01,6.7092924118e+00,5.1674663086e+03
467,4.8184129596e-01,-4.7975140810e-01,7.5533633232e+00,5.1665385742e+03
468,4.8181861639e-01,-4.7967615724e-01,7.0901441574e+00,5.1656147461e+03
469,4.8178437352e-01,-4.7966444492e-01,7.5294642448e+00,5.1646894531e+03
470,4.8176121712e-01,-4.7957557440e-01,6.5932598114e+00,5.1637670898e+03
471,4.8167923093e-01,-4.7959107161e-01,8.4660358429e+00,5.1628422852e+03
472,4.8171144724e-01,-4.7948229313e-01,5.7725896835e+00,5.1619189453e+03
473,4.8169460893e-01,-4.7942274809e-01,8.2827863693e+00,5.1609965820e+03
474,4.8160746694e-01,-4.7942435741e-01,6.7063207626e+00,5.1600698242e+03
475,4.8150041699e-01,-4.7944840789e-01,6.6205120087e+00,5.1591484375e+03
476,4.8150253296e-01,-4.7937694192e-01,9.1239099503e+00,5.1582255859e+03
477,4.8136338592e-01,-4.7943550348e-01,5.0036640167e+00,5.1573022461e+03
478,4.8145493865e-01,-4.7926470637e-01,9.7885084152e+00,5.1563798828e+03
479,4.8135471344e-01,-4.7928810120e-01,4.4909071922e+00,5.1554589844e+03
480,4.8127850890e-01,-4.7928434610e-01,9.6754474640e+00,5.1545361328e+03
481,4.8118245602e-01,-4.7930014133e-01,6.1838340759e+00,5.1536157227e+03
482,4.8122715950e-01,-4.7917845845e-01,7.0213046074e+00,5.1526933594e+03
483,4.8123663664e-01,-4.7909134626e-01,7.0213046074e+00,5.1517714844e+03
484,4.8123985529e-01,-4.7901108861e-01,6.9675841331e+00,5.1508515625e+03
485,4.8124685884e-01,-4.7893121839e-01,6.9675841331e+00,5.1499306641e+03
486,4.8104336858e-01,-4.7904083133e-01,6.9696955681e+00,5.1490126953e+03
487,4.8105940223e-01,-4.7895270586e-01,7.5137324333e+00,5.1480903320e+03
488,4.8095950484e-01,-4.7897258401e-01,6.6188988686e+00,5.1471723633e+03
489,4.8086002469e-01,-4.7899010777e-01,6.8833522797e+00,5.1462524414e+03
490,4.8094359040e-01,-4.7883823514e-01,7.1883616447e+00,5.1453315430e+03
491,4.8082113266e-01,-4.7887352109e-01,7.7837734222e+00,5.1444145508e+03
492,4.8071959615e-01,-4.7888830304e-01,7.7837734222e+00,5.1434936523e+03
493,4.8062428832e-01,-4.7889617085e-01,7.7837734222e+00,5.1425727539e+03
494,4.8076224327e-01,-4.7869759798e-01,5.9612059593e+00,5.1416582031e+03
495,4.8057028651e-01,-4.7881218791e-01,6.5651488304e+00,5.1407382812e+03
496,4.8076072335e-01,-4.7854346037e-01,8.1986713409e+00,5.1398227539e+03
497,4.8052066565e-01,-4.7871226072e-01,5.5312137604e+00,5.1389047852e+03
498,4.8064574599e-01,-4.7849845886e-01,8.8342304230e+00,5.1379873047e+03
499,4.8049572110e-01,-4.7857367992e-01,6.6016573906e+00,5.1370688477e+03
500,4.8049050570e-01,-4.7849962115e-01,6.6264057159e+00,5.1361513672e+03
501,4.8047581315e-01,-4.7843468189e-01,6.6264057159e+00,5.1352343750e+03
502,4.8045530915e-01,-4.7837653756e-01,6.5906171799e+00,5.1343183594e+03
503,4.8044455051e-01,-4.7830939293e-01,6.5906171799e+00,5.1334018555e+03
504,4.8043698072e-01,-4.7823938727e-01,6.5906171799e+00,5.1324868164e+03
505,4.8020842671e-01,-4.7840940952e-01,8.7612094879e+00,5.1315737305e+03
506,4.8030298948e-01,-4.7820883989e-01,6.3710718155e+00,5.1306572266e+03
507,4.8011490703e-01,-4.7834616899e-01,6.9781250954e+00,5.1297441406e+03
508,4.8021799326e-01,-4.7813311219e-01,8.4054889679e+00,5.1288276367e+03
509,4.8001390696e-01,-4.7829732299e-01,5.2261934280e+00,5.1279130859e+03
510,4.8015600443e-01,-4.7803527117e-01,9.2172431946e+00,5.1269980469e+03
511,4.7992032766e-01,-4.7823140025e-01,5.0113048553e+00,5.1260839844e+03
512,4.8006922007e-01,-4.7796571255e-01,9.1993761063e+00,5.1251694336e+03
513,4.7983554006e-01,-4.7815865278e-01,5.1428360939e+00,5.1242563477e+03
514,4.7999843955e-01,-4.7787764668e-01,8.7824649811e+00,5.1233427734e+03
515,4.7984397411e-01,-4.7796714306e-01,6.7681636810e+00,5.1224287109e+03
516,4.7983533144e-01,-4.7790005803e-01,6.3119330406e+00,5.1215156250e+03
517,4.7982162237e-01,-4.7783958912e-01,6.3119330406e+00,5.1206025391e+03
518,4.7980743647e-01,-4.7778072953e-01,6.3119330406e+00,5.1196909180e+03
519,4.7979366779e-01,-4.7772231698e-01,6.3119330406e+00,5.1187778320e+03
520,4.7974362969e-01,-4.7769287229e-01,6.2908992767e+00,5.1178671875e+03
521,4.7972360253e-01,-4.7763425112e-01,6.2908992767e+00,5.1169565430e+03
522,4.7971218824e-01,-4.7756674886e-01,6.2908992767e+00,5.1160458984e+03
523,4.7948023677e-01,-4.7772577405e-01,1.0574007034e+01,5.1151352539e+03
524,4.7949641943e-01,-4.7759714723e-01,5.8088035583e+00,5.1142260742e+03
525,4.7936519980e-01,-4.7768414021e-01,7.2094264030e+00,5.1133149414e+03
526,4.7948890924e-01,-4.7744202614e-01,7.9681730270e+00,5.1124042969e+03
527,4.7923043370e-01,-4.7766557336e-01,5.4090065956e+00,5.1114921875e+03
528,4.7941735387e-01,-4.7735163569e-01,8.6747770309e+00,5.1105820312e+03
529,4.7916871309e-01,-4.7756734490e-01,5.5265192986e+00,5.1096723633e+03
530,4.7930276394e-01,-4.7730255127e-01,8.4816942215e+00,5.1087617188e+03
531,4.7910284996e-01,-4.7747418284e-01,5.4071536064e+00,5.1078525391e+03
532,4.7923317552e-01,-4.7720867395e-01,8.5150566101e+00,5.1069453125e+03
533,4.7908952832e-01,-4.7729232907e-01,6.7504935265e+00,5.1060351562e+03
534,4.7907802463e-01,-4.7722545266e-01,6.2876906395e+00,5.1051269531e+03
535,4.7905907035e-01,-4.7716698050e-01,6.2876906395e+00,5.1042192383e+03
536,4.7903892398e-01,-4.7711050510e-01,6.2876906395e+00,5.1033110352e+03
537,4.7900903225e-01,-4.7706127167e-01,6.2280087471e+00,5.1024028320e+03
538,4.7899463773e-01,-4.7699660063e-01,6.2280087471e+00,5.1014946289e+03
539,4.7898441553e-01,-4.7692742944e-01,6.2280087471e+00,5.1005869141e+03
540,4.7897535563e-01,-4.7685691714e-01,6.2280087471e+00,5.0996826172e+03
541,4.7870767117e-01,-4.7705891728e-01,1.0209445000e+01,5.0987758789e+03
542,4.7873720527e-01,-4.7690644860e-01,5.5097436905e+00,5.0978715820e+03
543,4.7859030962e-01,-4.7701451182e-01,7.3795456886e+00,5.0969648438e+03
544,4.7871789336e-01,-4.7675251961e-01,7.7499818802e+00,5.0960581055e+03
545,4.7845619917e-01,-4.7699463367e-01,5.4410820007e+00,5.0951513672e+03
546,4.7864654660e-01,-4.7665840387e-01,8.4112854004e+00,5.0942446289e+03
547,4.7838684916e-01,-4.7689828277e-01,5.5240898132e+00,5.0933398438e+03
548,4.7854295373e-01,-4.7659593821e-01,8.1450700760e+00,5.0924350586e+03
549,4.7830814123e-01,-4.7681334615e-01,5.6742768288e+00,5.0915288086e+03
550,4.7846788168e-01,-4.7650265694e-01,7.9838142395e+00,5.0906254883e+03
551,4.7831326723e-01,-4.7659748793e-01,6.9271001816e+00,5.0897207031e+03
552,4.7832068801e-01,-4.7650796175e-01,5.9797763824e+00,5.0888164062e+03
553,4.7831687331e-01,-4.7642984986e-01,5.9797763824e+00,5.0879125977e+03
554,4.7831055522e-01,-4.7635489702e-01,5.9797763824e+00,5.0870097656e+03
555,4.7830408812e-01,-4.7628080845e-01,5.9797763824e+00,5.0861044922e+03
556,4.7826826572e-01,-4.7623386979e-01,5.8708553314e+00,5.0852016602e+03
557,4.7825580835e-01,-4.7616550326e-01,5.8708553314e+00,5.0843007812e+03
558,4.7793707252e-01,-4.7643429041e-01,1.1181263924e+01,5.0833979492e+03
559,4.7792738676e-01,-4.7635775805e-01,5.1944618225e+00,5.0824956055e+03
560,4.7783261538e-01,-4.7636261582e-01,7.0153961182e+00,5.0815947266e+03
561,4.7775197029e-01,-4.7632375360e-01,7.5060939789e+00,5.0806909180e+03
562,4.7768104076e-01,-4.7627544403e-01,7.5060939789e+00,5.0797875977e+03
563,4.7765305638e-01,-4.7622367740e-01,7.6947174072e+00,5.0788842773e+03
564,4.7771030664e-01,-4.7612404823e-01,4.2128095627e+00,5.0779809570e+03
565,4.7764003277e-01,-4.7609066963e-01,7.2699756622e+00,5.0770781250e+03
566,4.7762405872e-01,-4.7604921460e-01,6.2865118980e+00,5.0761796875e+03
567,4.7759753466e-01,-4.7594341636e-01,8.6003589630e+00,5.0752792969e+03
568,4.7753292322e-01,-4.7599712014e-01,3.3709299564e+00,5.0743803711e+03
569,4.7759035230e-01,-4.7581508756e-01,8.7099084854e+00,5.0734785156e+03
570,4.7750049829e-01,-4.7582402825e-01,6.3780999184e+00,5.0725810547e+03
571,4.7738751769e-01,-4.7585034370e-01,6.2347402573e+00,5.0716801758e+03
572,4.7737926245e-01,-4.7576102614e-01,7.1384935379e+00,5.0707792969e+03
573,4.7727179527e-01,-4.7578641772e-01,5.7735037804e+00,5.0698803711e+03
574,4.7730147839e-01,-4.7566267848e-01,8.0367031097e+00,5.0689809570e+03
575,4.7723075747e-01,-4.7565230727e-01,5.2728257179e+00,5.0680830078e+03
576,4.7712489963e-01,-4.7568204999e-01,7.7159628868e+00,5.0671845703e+03
577,4.7716182470e-01,-4.7555014491e-01,5.1864109039e+00,5.0662856445e+03
578,4.7716215253e-01,-4.7546416521e-01,7.7353754044e+00,5.0653881836e+03
579,4.7702360153e-01,-4.7552582622e-01,5.5752859116e+00,5.0644897461e+03
580,4.7701647878e-01,-4.7543188930e-01,7.9714288712e+00,5.0635927734e+03
581,4.7691011429e-01,-4.7545546293e-01,5.9148197174e+00,5.0626962891e+03
582,4.7687807679e-01,-4.7540614009e-01,6.9234843254e+00,5.0617963867e+03
583,4.7683736682e-01,-4.7536617517e-01,6.9234843254e+00,5.0609008789e+03
584,4.7679507732e-01,-4.7532802820e-01,6.9234843254e+00,5.0600048828e+03
585,4.7675329447e-01,-4.7528940439e-01,6.9234843254e+00,5.0591083984e+03
586,4.7672581673e-01,-4.7521999478e-01,6.9422259331e+00,5.0582133789e+03
587,4.7664958239e-01,-4.7520297766e-01,3.9323139191e+00,5.0573154297e+03
588,4.7661161423e-01,-4.7514528036e-01,6.8902001381e+00,5.0564228516e+03
589,4.7658303380e-01,-4.7507828474e-01,6.8902001381e+00,5.0555268555e+03
590,4.7649180889e-01,-4.7509264946e-01,7.0821561813e+00,5.0546318359e+03
591,4.7645694017e-01,-4.7499930859e-01,6.8325309753e+00,5.0537353516e+03
592,4.7644385695e-01,-4.7493907809e-01,6.7833247185e+00,5.0528403320e+03
593,4.7632816434e-01,-4.7497838736e-01,6.4690766335e+00,5.0519462891e+03
594,4.7634974122e-01,-4.7488480806e-01,6.7928147316e+00,5.0510493164e+03
595,4.7619891167e-01,-4.7492185235e-01,5.9865098000e+00,5.0501562500e+03
596,4.7617396712e-01,-4.7487530112e-01,5.9377193451e+00,5.0492631836e+03
597,4.7615534067e-01,-4.7479417920e-01,7.9172344208e+00,5.0483706055e+03
598,4.7618043423e-01,-4.7466996312e-01,4.9654092789e+00,5.0474780273e+03
599,4.7604709864e-01,-4.7473055124e-01,8.3250932693e+00,5.0465830078e+03
600,4.7601503134e-01,-4.7468125820e-01,4.5830020905e+00,5.0456914062e+03
601,4.7596529126e-01,-4.7463679314e-01,8.0683183670e+00,5.0447993164e+03
602,4.7598537803e-01,-4.7453331947e-01,4.9203529358e+00,5.0439052734e+03
603,4.7580882907e-01,-4.7460716963e-01,8.6060142517e+00,5.0430146484e+03
604,4.7573214769e-01,-4.7460013628e-01,5.6140141487e+00,5.0421240234e+03
605,4.7572341561e-01,-4.7451248765e-01,6.3610186577e+00,5.0412309570e+03
606,4.7574770451e-01,-4.7439977527e-01,6.6506862640e+00,5.0403369141e+03
607,4.7571244836e-01,-4.7434782982e-01,6.7215380669e+00,5.0394472656e+03
608,4.7568404675e-01,-4.7428295016e-01,6.3276000023e+00,5.0385571289e+03
609,4.7554141283e-01,-4.7434383631e-01,5.8554620743e+00,5.0376679688e+03
610,4.7554129362e-01,-4.7425532341e-01,6.7963485718e+00,5.0367768555e+03
611,4.7557356954e-01,-4.7413030267e-01,6.3861298561e+00,5.0358857422e+03
612,4.7554278374e-01,-4.7407487035e-01,6.7279033661e+00,5.0349951172e+03
613,4.7542962432e-01,-4.7410196066e-01,6.3669795990e+00,5.0341054688e+03
614,4.7529867291e-01,-4.7415074706e-01,6.3174624443e+00,5.0332172852e+03
615,4.7536724806e-01,-4.7398567200e-01,8.0740499496e+00,5.0323295898e+03
616,4.7522851825e-01,-4.7402152419e-01,5.8370733261e+00,5.0314384766e+03
617,4.7518709302e-01,-4.7401013970e-01,5.9342808723e+00,5.0305493164e+03
618,4.7515273094e-01,-4.7392413020e-01,5.7430133820e+00,5.0296606445e+03
619,4.7511962056e-01,-4.7389292717e-01,7.1265306473e+00,5.0287719727e+03
620,4.7513359785e-01,-4.7375759482e-01,6.2239947319e+00,5.0278852539e+03
621,4.7491663694e-01,-4.7391131520e-01,6.7547073364e+00,5.0269965820e+03
622,4.7502735257e-01,-4.7368371487e-01,5.8086428642e+00,5.0261093750e+03
623,4.7486579418e-01,-4.7380018234e-01,6.8645839691e+00,5.0252211914e+03
624,4.7494417429e-01,-4.7357094288e-01,6.5165309906e+00,5.0243344727e+03
625,4.7471928596e-01,-4.7379297018e-01,5.8256411552e+00,5.0234482422e+03
626,4.7472935915e-01,-4.7367057204e-01,6.2763667107e+00,5.0225600586e+03
627,4.7470304370e-01,-4.7360533476e-01,6.5468564034e+00,5.0216738281e+03
628,4.7466909885e-01,-4.7353145480e-01,6.6451978683e+00,5.0207885742e+03
629,4.7464895248e-01,-4.7343704104e-01,7.0288629532e+00,5.0199023438e+03
630,4.7456344962e-01,-4.7344461083e-01,5.9059801102e+00,5.0190180664e+03
631,4.7459983826e-01,-4.7332304716e-01,6.8783283234e+00,5.0181318359e+03
632,4.7442546487e-01,-4.7340288758e-01,6.1588139534e+00,5.0172475586e+03
633,4.7443336248e-01,-4.7331199050e-01,6.4741940498e+00,5.0163623047e+03
634,4.7443431616e-01,-4.7321701050e-01,6.2781677246e+00,5.0154775391e+03
635,4.7425362468e-01,-4.7330963612e-01,6.7154226303e+00,5.0145922852e+03
636,4.7435271740e-01,-4.7313040495e-01,5.9654431343e+00,5.0137075195e+03
637,4.7416830063e-01,-4.7321251035e-01,7.1955785751e+00,5.0128222656e+03
638,4.7425082326e-01,-4.7304633260e-01,5.1067557335e+00,5.0119375000e+03
639,4.7421827912e-01,-4.7299367189e-01,7.1481795311e+00,5.0110556641e+03
640,4.7411873937e-01,-4.7298276424e-01,6.5010523796e+00,5.0101713867e+03
641,4.7402396798e-01,-4.7296682000e-01,6.5010523796e+00,5.0092900391e+03
642,4.7401368618e-01,-4.7295013070e-01,6.2301192284e+00,5.0084057617e+03
643,4.7390237451e-01,-4.7296756506e-01,6.1184101105e+00,5.0075253906e+03
644,4.7387182713e-01,-4.7289812565e-01,6.8514204025e+00,5.0066396484e+03
645,4.7391068935e-01,-4.7275868058e-01,6.5339398384e+00,5.0057578125e+03
646,4.7376328707e-01,-4.7282278538e-01,5.6904950142e+00,5.0048754883e+03
647,4.7372791171e-01,-4.7276005149e-01,7.3932271004e+00,5.0039951172e+03
648,4.7371676564e-01,-4.7268882394e-01,5.1142945290e+00,5.0031123047e+03
649,4.7360807657e-01,-4.7270104289e-01,7.8625297546e+00,5.0022309570e+03
650,4.7363042831e-01,-4.7260570526e-01,4.6348748207e+00,5.0013496094e+03
651,4.7361013293e-01,-4.7251793742e-01,7.2877936363e+00,5.0004697266e+03
652,4.7350865602e-01,-4.7252947092e-01,6.1050224304e+00,4.9995869141e+03
653,4.7342821956e-01,-4.7252011299e-01,6.1050224304e+00,4.9987075195e+03
654,4.7341191769e-01,-4.7246074677e-01,7.5268673897e+00,4.9978271484e+03
655,4.7329044342e-01,-4.7249594331e-01,5.4749426842e+00,4.9969482422e+03
656,4.7331652045e-01,-4.7236847878e-01,7.2324624062e+00,4.9960683594e+03
657,4.7325497866e-01,-4.7235345840e-01,5.2028808594e+00,4.9951894531e+03
658,4.7319033742e-01,-4.7231614590e-01,7.7634358406e+00,4.9943095703e+03
659,4.7313523293e-01,-4.7228267789e-01,4.6987581253e+00,4.9934296875e+03
660,4.7309520841e-01,-4.7224110365e-01,8.2239751816e+00,4.9925512695e+03
661,4.7306758165e-01,-4.7216862440e-01,4.2413311005e+00,4.9916708984e+03
662,4.7304272652e-01,-4.7211083770e-01,6.9412040710e+00,4.9907934570e+03
663,4.7300770879e-01,-4.7206348181e-01,6.9412040710e+00,4.9899160156e+03
664,4.7291141748e-01,-4.7207859159e-01,5.8534407616e+00,4.9890375977e+03
665,4.7281920910e-01,-4.7208759189e-01,5.8534407616e+00,4.9881606445e+03
666,4.7285228968e-01,-4.7194302082e-01,8.2396869659e+00,4.9872822266e+03
667,4.7269168496e-01,-4.7200632095e-01,4.5972366333e+00,4.9864072266e+03
668,4.7274535894e-01,-4.7188273072e-01,8.1301555634e+00,4.9855297852e+03
669,4.7262403369e-01,-4.7191128135e-01,5.8371009827e+00,4.9846518555e+03
670,4.7262215614e-01,-4.7181978822e-01,6.0753812790e+00,4.9837749023e+03
671,4.7260415554e-01,-4.7174379230e-01,6.0753812790e+00,4.9828984375e+03
672,4.7258436680e-01,-4.7167527676e-01,6.0327620506e+00,4.9820229492e+03
673,4.7241795063e-01,-4.7176924348e-01,6.9323883057e+00,4.9811464844e+03
674,4.7248905897e-01,-4.7159534693e-01,6.0508308411e+00,4.9802714844e+03
675,4.7232002020e-01,-4.7168645263e-01,6.3246688843e+00,4.9793959961e+03
676,4.7223505378e-01,-4.7169014812e-01,6.3260564804e+00,4.9785205078e+03
677,4.7225716710e-01,-4.7156643867e-01,7.6684627533e+00,4.9776455078e+03
678,4.7226241231e-01,-4.7148486972e-01,4.7401008606e+00,4.9767695312e+03
679,4.7214335203e-01,-4.7149342299e-01,7.5655303001e+00,4.9758945312e+03
680,4.7215947509e-01,-4.7142091393e-01,4.8660526276e+00,4.9750219727e+03
681,4.7213387489e-01,-4.7134605050e-01,7.4352431297e+00,4.9741474609e+03
682,4.7201442719e-01,-4.7136992216e-01,5.6007556915e+00,4.9732744141e+03
683,4.7196081281e-01,-4.7133231163e-01,5.8917875290e+00,4.9723999023e+03
684,4.7197461128e-01,-4.7122377157e-01,7.7872967720e+00,4.9715249023e+03
685,4.7195020318e-01,-4.7117117047e-01,5.4601240158e+00,4.9706533203e+03
686,4.7188314795e-01,-4.7116073966e-01,5.2774896622e+00,4.9697807617e+03
687,4.7178778052e-01,-4.7114512324e-01,8.3429641724e+00,4.9689072266e+03
688,4.7175341845e-01,-4.7111773491e-01,4.6667938232e+00,4.9680351562e+03
689,4.7166669369e-01,-4.7108551860e-01,8.9688148499e+00,4.9671640625e+03
690,4.7167804837e-01,-4.7101083398e-01,3.0981378555e+00,4.9662910156e+03
691,4.7166007757e-01,-4.7093579173e-01,7.3978633881e+00,4.9654174805e+03
692,4.7161415219e-01,-4.7088703513e-01,7.3978633881e+00,4.9645478516e+03
693,4.7156104445e-01,-4.7084492445e-01,7.3978633881e+00,4.9636757812e+03
694,4.7145897150e-01,-4.7088605165e-01,4.1804904938e+00,4.9628037109e+03
695,4.7138163447e-01,-4.7085022926e-01,7.9128751755e+00,4.9619345703e+03
696,4.7131764889e-01,-4.7085034847e-01,4.1963419914e+00,4.9610639648e+03
697,4.7133323550e-01,-4.7073835135e-01,6.7287373543e+00,4.9601923828e+03
698,4.7122973204e-01,-4.7075849771e-01,6.4263668060e+00,4.9593217773e+03
699,4.7113817930e-01,-4.7076749802e-01,6.5241627693e+00,4.9584511719e+03
700,4.7105419636e-01,-4.7076690197e-01,6.5241627693e+00,4.9575830078e+03
701,4.7097259760e-01,-4.7076219320e-01,6.5241627693e+00,4.9567148438e+03
702,4.7109913826e-01,-4.7052887082e-01,6.3938188553e+00,4.9558442383e+03
703,4.7101312876e-01,-4.7052726150e-01,6.6233563423e+00,4.9549746094e+03
704,4.7094565630e-01,-4.7050315142e-01,6.0071067810e+00,4.9541040039e+03
705,4.7090607882e-01,-4.7047159076e-01,6.2630739212e+00,4.9532373047e+03
706,4.7089076042e-01,-4.7037801147e-01,7.2624087334e+00,4.9523681641e+03
707,4.7079744935e-01,-4.7040537000e-01,4.8911190033e+00,4.9515000000e+03
708,4.7078579664e-01,-4.7030857205e-01,7.9289855957e+00,4.9506308594e+03
709,4.7070658207e-01,-4.7031137347e-01,4.6841158867e+00,4.9497646484e+03
710,4.7070476413e-01,-4.7022262216e-01,8.0659503937e+00,4.9488955078e+03
711,4.7057390213e-01,-4.7026622295e-01,4.2380948067e+00,4.9480278320e+03
712,4.7059172392e-01,-4.7016131878e-01,6.6813669205e+00,4.9471630859e+03
713,4.7051382065e-01,-4.7015154362e-01,6.7885775566e+00,4.9462954102e+03
714,4.7044509649e-01,-4.7013181448e-01,6.7885775566e+00,4.9454267578e+03
715,4.7037914395e-01,-4.7010827065e-01,6.7885775566e+00,4.9445615234e+03
716,4.7031414509e-01,-4.7008252144e-01,6.7885775566e+00,4.9436953125e+03
717,4.7024956346e-01,-4.7005489469e-01,6.7885775566e+00,4.9428291016e+03
718,4.7018539906e-01,-4.7002550960e-01,6.7885775566e+00,4.9419658203e+03
719,4.7025713325e-01,-4.6989396214e-01,3.7460699081e+00,4.9410996094e+03
720,4.7020193934e-01,-4.6984270215e-01,6.8024868965e+00,4.9402353516e+03
721,4.7014254332e-01,-4.6983337402e-01,7.0398793221e+00,4.9393710938e+03
722,4.7008472681e-01,-4.6978855133e-01,5.0962080956e+00,4.9385039062e+03
723,4.7009232640e-01,-4.6968114376e-01,7.4793920517e+00,4.9376401367e+03
724,4.7002547979e-01,-4.6967723966e-01,5.7213497162e+00,4.9367739258e+03
725,4.6991467476e-01,-4.6970960498e-01,5.8610243797e+00,4.9359116211e+03
726,4.6988111734e-01,-4.6964290738e-01,7.5051136017e+00,4.9350483398e+03
727,4.6985220909e-01,-4.6959570050e-01,5.0015120506e+00,4.9341821289e+03
728,4.6982023120e-01,-4.6954029799e-01,8.3938798904e+00,4.9333183594e+03
729,4.6975699067e-01,-4.6951267123e-01,3.9411382675e+00,4.9324555664e+03
730,4.6965923905e-01,-4.6953761578e-01,8.6597795486e+00,4.9315937500e+03
731,4.6972510219e-01,-4.6936714649e-01,4.2056479454e+00,4.9307294922e+03
732,4.6969351172e-01,-4.6932774782e-01,7.2063226700e+00,4.9298671875e+03
733,4.6958515048e-01,-4.6933993697e-01,6.3520870209e+00,4.9290039062e+03
734,4.6947723627e-01,-4.6940052509e-01,6.2913780212e+00,4.9281411133e+03
735,4.6947336197e-01,-4.6925285459e-01,6.9792032242e+00,4.9272802734e+03
736,4.6940183640e-01,-4.6928006411e-01,6.1595478058e+00,4.9264174805e+03
737,4.6936118603e-01,-4.6920406818e-01,6.6649351120e+00,4.9255571289e+03
738,4.6933728456e-01,-4.6916112304e-01,5.8861575127e+00,4.9246943359e+03
739,4.6930849552e-01,-4.6908932924e-01,7.2287454605e+00,4.9238325195e+03
740,4.6925190091e-01,-4.6905568242e-01,5.4264903069e+00,4.9229726562e+03
741,4.6920022368e-01,-4.6901822090e-01,5.4264903069e+00,4.9221103516e+03
742,4.6910783648e-01,-4.6904069185e-01,8.5963983536e+00,4.9212519531e+03
743,4.6907338500e-01,-4.6897709370e-01,4.3390932083e+00,4.9203911133e+03
744,4.6901023388e-01,-4.6897539496e-01,8.7384090424e+00,4.9195302734e+03
745,4.6899425983e-01,-4.6887934208e-01,3.7392864227e+00,4.9186708984e+03
746,4.6898493171e-01,-4.6880665421e-01,7.2296476364e+00,4.9178095703e+03
747,4.6888449788e-01,-4.6882608533e-01,6.7402119637e+00,4.9169516602e+03
748,4.6882802248e-01,-4.6879726648e-01,6.6074986458e+00,4.9160927734e+03
749,4.6878603101e-01,-4.6875879169e-01,6.1508846283e+00,4.9152333984e+03
750,4.6871888638e-01,-4.6871504188e-01,6.5940232277e+00,4.9143740234e+03
751,4.6868672967e-01,-4.6866527200e-01,6.3662576675e+00,4.9135166016e+03
752,4.6865937114e-01,-4.6861019731e-01,6.3662576675e+00,4.9126572266e+03
753,4.6862959862e-01,-4.6854957938e-01,6.3971409798e+00,4.9117998047e+03
754,4.6853500605e-01,-4.6856704354e-01,5.7537798882e+00,4.9109418945e+03
755,4.6853318810e-01,-4.6848016977e-01,7.5093989372e+00,4.9100839844e+03
756,4.6843349934e-01,-4.6849921346e-01,5.1144275665e+00,4.9092280273e+03
757,4.6841895580e-01,-4.6842128038e-01,7.8944926262e+00,4.9083696289e+03
758,4.6832686663e-01,-4.6842819452e-01,4.9255948067e+00,4.9075126953e+03
759,4.6832084656e-01,-4.6835210919e-01,7.9690265656e+00,4.9066547852e+03
760,4.6822446585e-01,-4.6834847331e-01,4.6389403343e+00,4.9057983398e+03
761,4.6823880076e-01,-4.6825528145e-01,6.8053126335e+00,4.9049409180e+03
762,4.6812936664e-01,-4.6827337146e-01,6.7759509087e+00,4.9040864258e+03
763,4.6810287237e-01,-4.6823158860e-01,6.8540058136e+00,4.9032299805e+03
764,4.6812862158e-01,-4.6811440587e-01,6.2420606613e+00,4.9023740234e+03
765,4.6794986725e-01,-4.6819606423e-01,6.3448572159e+00,4.9015190430e+03
766,4.6802091599e-01,-4.6804714203e-01,6.5053367615e+00,4.9006635742e+03
767,4.6790489554e-01,-4.6806204319e-01,6.2929711342e+00,4.8998076172e+03
768,4.6785566211e-01,-4.6804258227e-01,6.2236933708e+00,4.8989531250e+03
769,4.6783015132e-01,-4.6795660257e-01,6.6131477356e+00,4.8980991211e+03
770,4.6775245667e-01,-4.6795034409e-01,6.3980526924e+00,4.8972436523e+03
771,4.6768760681e-01,-4.6793341637e-01,6.3980526924e+00,4.8963896484e+03
772,4.6768659353e-01,-4.6785843372e-01,5.9279727936e+00,4.8955366211e+03
773,4.6760213375e-01,-4.6783906221e-01,7.2423214912e+00,4.8946831055e+03
774,4.6763211489e-01,-4.6773809195e-01,5.6230487823e+00,4.8938295898e+03
775,4.6745809913e-01,-4.6780902147e-01,7.1048932076e+00,4.8929741211e+03
776,4.6754235029e-01,-4.6764689684e-01,6.1603479385e+00,4.8921230469e+03
777,4.6737131476e-01,-4.6772441268e-01,6.2222132683e+00,4.8912695312e+03
778,4.6745911241e-01,-4.6755921841e-01,7.1907501221e+00,4.8904174805e+03
779,4.6732464433e-01,-4.6761158109e-01,6.2503261566e+00,4.8895654297e+03
780,4.6728181839e-01,-4.6755608916e-01,6.0059785843e+00,4.8887133789e+03
781,4.6723198891e-01,-4.6751040220e-01,7.2115998268e+00,4.8878598633e+03
782,4.6721449494e-01,-4.6745935082e-01,5.1853475571e+00,4.8870083008e+03
783,4.6722549200e-01,-4.6734303236e-01,7.1888260841e+00,4.8861567383e+03
784,4.6707871556e-01,-4.6741595864e-01,5.9776139259e+00,4.8853046875e+03
785,4.6703031659e-01,-4.6736735106e-01,7.6777963638e+00,4.8844541016e+03
786,4.6702450514e-01,-4.6729648113e-01,4.8682751656e+00,4.8836020508e+03
787,4.6694815159e-01,-4.6727591753e-01,8.4148998260e+00,4.8827509766e+03
788,4.6689558029e-01,-4.6725156903e-01,4.4359493256e+00,4.8819013672e+03
789,4.6683073044e-01,-4.6721670032e-01,8.5962963104e+00,4.8810498047e+03
790,4.6687060595e-01,-4.6710544825e-01,3.9918880463e+00,4.8802006836e+03
791,4.6682792902e-01,-4.6705898643e-01,7.3396649361e+00,4.8793515625e+03
792,4.6676743031e-01,-4.6702668071e-01,7.3396649361e+00,4.8785009766e+03
793,4.6670189500e-01,-4.6699655056e-01,7.3396649361e+00,4.8776513672e+03
794,4.6663957834e-01,-4.6698224545e-01,4.5845613480e+00,4.8768027344e+03
795,4.6658271551e-01,-4.6696710587e-01,4.5845613480e+00,4.8759531250e+03
796,4.6653261781e-01,-4.6689695120e-01,1.1117609024e+01,4.8751044922e+03
797,4.6648171544e-01,-4.6687170863e-01,5.4540033340e+00,4.8742563477e+03
798,4.6643009782e-01,-4.6684390306e-01,5.3780698776e+00,4.8734072266e+03
799,4.6640118957e-01,-4.6679332852e-01,5.3780698776e+00,4.8725595703e+03
800,4.6626171470e-01,-4.6682822704e-01,8.2699537277e+00,4.8717119141e+03
801,4.6621787548e-01,-4.6679449081e-01,5.6256451607e+00,4.8708632812e+03
802,4.6621537209e-01,-4.6669155359e-01,7.2791795731e+00,4.8700156250e+03
803,4.6614256501e-01,-4.6670219302e-01,5.4119725227e+00,4.8691689453e+03
804,4.6605601907e-01,-4.6668687463e-01,8.1689882278e+00,4.8683217773e+03
805,4.6609240770e-01,-4.6656566858e-01,5.2243070602e+00,4.8674755859e+03
806,4.6601641178e-01,-4.6655431390e-01,7.6259031296e+00,4.8666279297e+03
807,4.6600100398e-01,-4.6649113297e-01,4.8014626503e+00,4.8657817383e+03
808,4.6587926149e-01,-4.6651914716e-01,8.7967357635e+00,4.8649355469e+03
809,4.6597608924e-01,-4.6633729339e-01,4.1999888420e+00,4.8640888672e+03
810,4.6592998505e-01,-4.6629586816e-01,7.4604339600e+00,4.8632441406e+03
811,4.6583837271e-01,-4.6629726887e-01,6.8462023735e+00,4.8623964844e+03
812,4.6576040983e-01,-4.6628606319e-01,6.8462023735e+00,4.8615522461e+03
813,4.6567872167e-01,-4.6628347039e-01,6.7319760323e+00,4.8607060547e+03
814,4.6570500731e-01,-4.6616360545e-01,5.6988320351e+00,4.8598623047e+03
815,4.6551224589e-01,-4.6628490090e-01,6.4002571106e+00,4.8590175781e+03
816,4.6550118923e-01,-4.6620801091e-01,6.7728033066e+00,4.8581733398e+03
817,4.6548455954e-01,-4.6612361073e-01,7.3851032257e+00,4.8573286133e+03
818,4.6550622582e-01,-4.6602743864e-01,4.9943289757e+00,4.8564863281e+03
819,4.6539643407e-01,-4.6604260802e-01,8.4572105408e+00,4.8556425781e+03
820,4.6537730098e-01,-4.6597361565e-01,5.1515669823e+00,4.8547968750e+03
821,4.6527984738e-01,-4.6598798037e-01,7.4533505440e+00,4.8539531250e+03
822,4.6530762315e-01,-4.6587643027e-01,5.5440268517e+00,4.8531098633e+03
823,4.6512240171e-01,-4.6595972776e-01,8.3432531357e+00,4.8522670898e+03
824,4.6506896615e-01,-4.6594041586e-01,5.2581415176e+00,4.8514248047e+03
825,4.6503132582e-01,-4.6590882540e-01,5.2581415176e+00,4.8505820312e+03
826,4.6498718858e-01,-4.6583345532e-01,8.9517908096e+00,4.8497397461e+03
827,4.6499231458e-01,-4.6569934487e-01,9.0952644348e+00,4.8488984375e+03
828,4.6493902802e-01,-4.6572554111e-01,1.6160461903e+00,4.8480546875e+03
829,4.6495488286e-01,-4.6560305357e-01,7.6482400894e+00,4.8472153320e+03
830,4.6491411328e-01,-4.6554911137e-01,7.3145384789e+00,4.8463725586e+03
831,4.6486616135e-01,-4.6551847458e-01,7.0026817322e+00,4.8455317383e+03
832,4.6477019787e-01,-4.6554619074e-01,6.5705032349e+00,4.8446894531e+03
833,4.6468183398e-01,-4.6556964517e-01,6.5705032349e+00,4.8438486328e+03
834,4.6472033858e-01,-4.6538919210e-01,5.9785571098e+00,4.8430083008e+03
835,4.6467140317e-01,-4.6535474062e-01,7.2734408379e+00,4.8421679688e+03
836,4.6459013224e-01,-4.6537160873e-01,6.0884656906e+00,4.8413281250e+03
837,4.6453964710e-01,-4.6529754996e-01,7.1580371857e+00,4.8404877930e+03
838,4.6444267035e-01,-4.6537083387e-01,5.0490584373e+00,4.8396469727e+03
839,4.6450647712e-01,-4.6518433094e-01,7.7895417213e+00,4.8388085938e+03
840,4.6438938379e-01,-4.6523264050e-01,6.2246870995e+00,4.8379677734e+03
841,4.6430826187e-01,-4.6521040797e-01,7.5788373947e+00,4.8371293945e+03
842,4.6436339617e-01,-4.6506813169e-01,5.9674582481e+00,4.8362890625e+03
843,4.6417665482e-01,-4.6516200900e-01,7.5604262352e+00,4.8354511719e+03
844,4.6418720484e-01,-4.6507290006e-01,5.5422129631e+00,4.8346132812e+03
845,4.6412685513e-01,-4.6504062414e-01,7.9293498993e+00,4.8337753906e+03
846,4.6414437890e-01,-4.6494746208e-01,5.4168992043e+00,4.8329375000e+03
847,4.6400418878e-01,-4.6498885751e-01,8.0998373032e+00,4.8320976562e+03
848,4.6408969164e-01,-4.6482363343e-01,5.0282258987e+00,4.8312602539e+03
849,4.6403145790e-01,-4.6478989720e-01,7.4095888138e+00,4.8304218750e+03
850,4.6396714449e-01,-4.6475946903e-01,7.4095888138e+00,4.8295864258e+03
851,4.6390432119e-01,-4.6475952864e-01,5.5567760468e+00,4.8287475586e+03
852,4.6385610104e-01,-4.6474999189e-01,5.5567760468e+00,4.8279111328e+03
853,4.6375280619e-01,-4.6468529105e-01,9.2613916397e+00,4.8270761719e+03
854,4.6374395490e-01,-4.6467301250e-01,4.7548980713e+00,4.8262397461e+03
855,4.6364700794e-01,-4.6465095878e-01,8.9415998459e+00,4.8254018555e+03
856,4.6367374063e-01,-4.6457037330e-01,4.1101732254e+00,4.8245659180e+03
857,4.6365240216e-01,-4.6447268128e-01,7.7551188469e+00,4.8237324219e+03
858,4.6357706189e-01,-4.6446815133e-01,6.9619798660e+00,4.8228955078e+03
859,4.6349346638e-01,-4.6448719501e-01,6.7518148422e+00,4.8220595703e+03
860,4.6344953775e-01,-4.6444573998e-01,6.5871391296e+00,4.8212250977e+03
861,4.6339178085e-01,-4.6440100670e-01,7.3878202438e+00,4.8203886719e+03
862,4.6336752176e-01,-4.6428790689e-01,6.4039144516e+00,4.8195546875e+03
863,4.6328458190e-01,-4.6437916160e-01,7.0040974617e+00,4.8187216797e+03
864,4.6328994632e-01,-4.6417394280e-01,6.7295026779e+00,4.8178857422e+03
865,4.6319070458e-01,-4.6421509981e-01,7.2954096794e+00,4.8170517578e+03
866,4.6322876215e-01,-4.6414211392e-01,6.2931947708e+00,4.8162177734e+03
867,4.6306085587e-01,-4.6414616704e-01,6.7052912712e+00,4.8153842773e+03
868,4.6311616898e-01,-4.6412482858e-01,6.7292623520e+00,4.8145507812e+03
869,4.6298938990e-01,-4.6407920122e-01,6.8153424263e+00,4.8137172852e+03
870,4.6301609278e-01,-4.6400046349e-01,7.1681013107e+00,4.8128833008e+03
871,4.6286019683e-01,-4.6405330300e-01,5.8819780350e+00,4.8120512695e+03
872,4.6297049522e-01,-4.6385079622e-01,7.9102649689e+00,4.8112187500e+03
873,4.6271753311e-01,-4.6402218938e-01,5.4947419167e+00,4.8103867188e+03
874,4.6275988221e-01,-4.6389073133e-01,6.9443483353e+00,4.8095537109e+03
875,4.6268859506e-01,-4.6387463808e-01,7.1112914085e+00,4.8087221680e+03
876,4.6267884970e-01,-4.6379071474e-01,7.3095593452e+00,4.8078916016e+03
877,4.6266692877e-01,-4.6373897791e-01,5.9069085121e+00,4.8070590820e+03
878,4.6262636781e-01,-4.6363815665e-01,8.1613283157e+00,4.8062250977e+03
879,4.6252545714e-01,-4.6372327209e-01,5.2370433807e+00,4.8053959961e+03
880,4.6253588796e-01,-4.6358180046e-01,7.8552541733e+00,4.8045654297e+03
881,4.6245855093e-01,-4.6360808611e-01,6.2932391167e+00,4.8037338867e+03
882,4.6237182617e-01,-4.6356931329e-01,7.7272186279e+00,4.8029042969e+03
883,4.6241721511e-01,-4.6346279979e-01,6.1028447151e+00,4.8020742188e+03
884,4.6220061183e-01,-4.6355772018e-01,7.5469179153e+00,4.8012446289e+03
885,4.6220397949e-01,-4.6349683404e-01,6.1276803017e+00,4.8004130859e+03
886,4.6215915680e-01,-4.6344462037e-01,7.1461153030e+00,4.7995839844e+03
887,4.6211501956e-01,-4.6338230371e-01,7.2805857658e+00,4.7987539062e+03
888,4.6206906438e-01,-4.6332368255e-01,7.2805857658e+00,4.7979243164e+03
889,4.6211904287e-01,-4.6324801445e-01,5.6434073448e+00,4.7970957031e+03
890,4.6201807261e-01,-4.6323996782e-01,8.7607259750e+00,4.7962661133e+03
891,4.6198058128e-01,-4.6319517493e-01,4.6616654396e+00,4.7954389648e+03
892,4.6192038059e-01,-4.6318572760e-01,8.7459449768e+00,4.7946118164e+03
893,4.6192011237e-01,-4.6305400133e-01,5.0938830376e+00,4.7937822266e+03
894,4.6188220382e-01,-4.6301996708e-01,7.5431280136e+00,4.7929550781e+03
895,4.6183082461e-01,-4.6298721433e-01,6.8847374916e+00,4.7921264648e+03
896,4.6172386408e-01,-4.6310016513e-01,6.7916865349e+00,4.7912983398e+03
897,4.6163964272e-01,-4.6318680048e-01,6.7916865349e+00,4.7904716797e+03
898,4.6167582273e-01,-4.6283191442e-01,7.0466027260e+00,4.7896440430e+03
899,4.6162497997e-01,-4.6278217435e-01,6.7123551369e+00,4.7888168945e+03
900,4.6155107021e-01,-4.6290189028e-01,7.3586201668e+00,4.7879912109e+03
901,4.6153789759e-01,-4.6272709966e-01,6.4442286491e+00,4.7871640625e+03
902,4.6141877770e-01,-4.6286454797e-01,8.0203790665e+00,4.7863378906e+03
903,4.6147465706e-01,-4.6262994409e-01,5.7027525902e+00,4.7855107422e+03
904,4.6131622791e-01,-4.6279984713e-01,8.4359254837e+00,4.7846855469e+03
905,4.6131706238e-01,-4.6263337135e-01,6.2293167114e+00,4.7838588867e+03
906,4.6129214764e-01,-4.6255180240e-01,7.1230845451e+00,4.7830346680e+03
907,4.6126967669e-01,-4.6257194877e-01,7.5165286064e+00,4.7822080078e+03
908,4.6117764711e-01,-4.6256622672e-01,6.8871154785e+00,4.7813828125e+03
909,4.6111038327e-01,-4.6253788471e-01,6.8871154785e+00,4.7805585938e+03
910,4.6109804511e-01,-4.6247076988e-01,6.5036635399e+00,4.7797338867e+03
911,4.6107921004e-01,-4.6240958571e-01,6.5036635399e+00,4.7789096680e+03
912,4.6098664403e-01,-4.6237674356e-01,7.7843132019e+00,4.7780854492e+03
913,4.6098983288e-01,-4.6231570840e-01,6.7359166145e+00,4.7772617188e+03
914,4.6094894409e-01,-4.6221971512e-01,7.1718626022e+00,4.7764399414e+03
915,4.6083614230e-01,-4.6231567860e-01,6.5729990005e+00,4.7756137695e+03
916,4.6088519692e-01,-4.6209046245e-01,7.6027941704e+00,4.7747905273e+03
917,4.6070048213e-01,-4.6229836345e-01,6.2267003059e+00,4.7739672852e+03
918,4.6083766222e-01,-4.6196341515e-01,7.2995939255e+00,4.7731445312e+03
919,4.6061918139e-01,-4.6221116185e-01,7.1236019135e+00,4.7723227539e+03
920,4.6059179306e-01,-4.6209552884e-01,6.4460606575e+00,4.7714995117e+03
921,4.6055388451e-01,-4.6205919981e-01,7.4676313400e+00,4.7706752930e+03
922,4.6055570245e-01,-4.6200528741e-01,7.6938705444e+00,4.7698535156e+03
923,4.6052914858e-01,-4.6188676357e-01,6.0613474846e+00,4.7690317383e+03
924,4.6047723293e-01,-4.6188926697e-01,8.2570362091e+00,4.7682089844e+03
925,4.6039700508e-01,-4.6183624864e-01,5.8722395897e+00,4.7673881836e+03
926,4.6036669612e-01,-4.6182644367e-01,8.0976924896e+00,4.7665678711e+03
927,4.6036887169e-01,-4.6168079972e-01,6.1087718010e+00,4.7657465820e+03
928,4.6022790670e-01,-4.6180135012e-01,8.3423852921e+00,4.7649243164e+03
929,4.6018332243e-01,-4.6174484491e-01,6.4674453735e+00,4.7641040039e+03
930,4.6016219258e-01,-4.6168333292e-01,6.9476203918e+00,4.7632841797e+03
931,4.6013775468e-01,-4.6162548661e-01,6.9476203918e+00,4.7624619141e+03
932,4.6010312438e-01,-4.6156379580e-01,7.0444722176e+00,4.7616435547e+03
933,4.6006891131e-01,-4.6153092384e-01,7.4696598053e+00,4.7608237305e+03
934,4.6002882719e-01,-4.6145427227e-01,6.8828196526e+00,4.7600048828e+03
935,4.5994678140e-01,-4.6145111322e-01,7.2780361176e+00,4.7591860352e+03
936,4.5997378230e-01,-4.6134144068e-01,7.2266688347e+00,4.7583671875e+03
937,4.5978048444e-01,-4.6145004034e-01,6.7067890167e+00,4.7575473633e+03
938,4.5980560780e-01,-4.6134689450e-01,6.7269821167e+00,4.7567285156e+03
939,4.5972684026e-01,-4.6134027839e-01,7.6391425133e+00,4.7559086914e+03
940,4.5970854163e-01,-4.6126621962e-01,7.9276242256e+00,4.7550903320e+03
941,4.5970526338e-01,-4.6119153500e-01,5.7428569794e+00,4.7542714844e+03
942,4.5965421200e-01,-4.6113440394e-01,8.5757703781e+00,4.7534550781e+03
943,4.5959508419e-01,-4.6111786366e-01,6.0279369354e+00,4.7526357422e+03
944,4.5953807235e-01,-4.6109229326e-01,7.9385128021e+00,4.7518188477e+03
945,4.5953610539e-01,-4.6098259091e-01,6.8660116196e+00,4.7510009766e+03
946,4.5941948891e-01,-4.6106985211e-01,7.3414568901e+00,4.7501840820e+03
947,4.5948192477e-01,-4.6085304022e-01,6.8124399185e+00,4.7493676758e+03
948,4.5942822099e-01,-4.6085244417e-01,7.7476058006e+00,4.7485488281e+03
949,4.5936781168e-01,-4.6083736420e-01,7.1866211891e+00,4.7477329102e+03
950,4.5929688215e-01,-4.6084111929e-01,7.0393705368e+00,4.7469160156e+03
951,4.5925384760e-01,-4.6079853177e-01,7.0065846443e+00,4.7460996094e+03
952,4.5919269323e-01,-4.6076351404e-01,7.8974065781e+00,4.7452836914e+03
953,4.5918101072e-01,-4.6068814397e-01,6.0171504021e+00,4.7444692383e+03
954,4.5916768909e-01,-4.6061483026e-01,8.7266626358e+00,4.7436538086e+03
955,4.5908722281e-01,-4.6060118079e-01,6.1600513458e+00,4.7428383789e+03
956,4.5896899700e-01,-4.6064606309e-01,8.1358890533e+00,4.7420229492e+03
957,4.5903900266e-01,-4.6046122909e-01,6.5234298706e+00,4.7412070312e+03
958,4.5884683728e-01,-4.6061703563e-01,8.3001270294e+00,4.7403930664e+03
959,4.5882487297e-01,-4.6055001020e-01,6.0023441315e+00,4.7395781250e+03
960,4.5876318216e-01,-4.6050548553e-01,8.1814460754e+00,4.7387641602e+03
961,4.5873388648e-01,-4.6043294668e-01,8.3695592880e+00,4.7379497070e+03
962,4.5881691575e-01,-4.6029508114e-01,4.8887147903e+00,4.7371347656e+03
963,4.5879280567e-01,-4.6023476124e-01,8.2058115005e+00,4.7363222656e+03
964,4.5869290829e-01,-4.6024844050e-01,6.7160997391e+00,4.7355083008e+03
965,4.5861661434e-01,-4.6023875475e-01,6.7160997391e+00,4.7346953125e+03
966,4.5856830478e-01,-4.6018761396e-01,9.5145196915e+00,4.7338813477e+03
967,4.5858371258e-01,-4.6008744836e-01,5.1865344048e+00,4.7330693359e+03
968,4.5845040679e-01,-4.6013775468e-01,9.7900085449e+00,4.7322568359e+03
969,4.5843985677e-01,-4.6006172895e-01,4.3931598663e+00,4.7314438477e+03
970,4.5835188031e-01,-4.6005946398e-01,1.0616866112e+01,4.7306313477e+03
971,4.5839494467e-01,-4.5994669199e-01,3.7703258991e+00,4.7298193359e+03
972,4.5839041471e-01,-4.5986181498e-01,8.6950607300e+00,4.7290068359e+03
973,4.5829573274e-01,-4.5987427235e-01,7.8799724579e+00,4.7281953125e+03
974,4.5821410418e-01,-4.5987153053e-01,7.8799724579e+00,4.7273823242e+03
975,4.5813661814e-01,-4.5986261964e-01,7.8799724579e+00,4.7265727539e+03
976,4.5817840099e-01,-4.5972397923e-01,6.5597310066e+00,4.7257617188e+03
977,4.5804926753e-01,-4.5979049802e-01,7.5161170959e+00,4.7249521484e+03
978,4.5802667737e-01,-4.5969715714e-01,7.3250970840e+00,4.7241411133e+03
979,4.5796906948e-01,-4.5967838168e-01,7.9720292091e+00,4.7233286133e+03
980,4.5784124732e-01,-4.5973604918e-01,6.1080608368e+00,4.7225209961e+03
981,4.5785173774e-01,-4.5961228013e-01,8.7005319595e+00,4.7217109375e+03
982,4.5790725946e-01,-4.5951017737e-01,6.5613856316e+00,4.7209003906e+03
983,4.5777428150e-01,-4.5951572061e-01,7.8979916573e+00,4.7200898438e+03
984,4.5779356360e-01,-4.5946395397e-01,6.5658583641e+00,4.7192817383e+03
985,4.5773571730e-01,-4.5937657356e-01,8.0660514832e+00,4.7184716797e+03
986,4.5762890577e-01,-4.5947360992e-01,6.7632775307e+00,4.7176640625e+03
987,4.5763960481e-01,-4.5937442780e-01,7.0014309883e+00,4.7168549805e+03
988,4.5751252770e-01,-4.5936173201e-01,8.2763299942e+00,4.7160468750e+03
989,4.5763221383e-01,-4.5921355486e-01,6.9458718300e+00,4.7152377930e+03
990,4.5758333802e-01,-4.5914670825e-01,7.7818803787e+00,4.7144282227e+03
991,4.5753848553e-01,-4.5907387137e-01,7.7818803787e+00,4.7136201172e+03
992,4.5742484927e-01,-4.5913994312e-01,7.1281418800e+00,4.7128125000e+03
993,4.5734387636e-01,-4.5909401774e-01,8.1841249466e+00,4.7120053711e+03
994,4.5731183887e-01,-4.5910421014e-01,6.7625617981e+00,4.7111982422e+03
995,4.5722940564e-01,-4.5909741521e-01,7.6633000374e+00,4.7103916016e+03
996,4.5719856024e-01,-4.5903456211e-01,7.7862920761e+00,4.7095849609e+03
997,4.5725852251e-01,-4.5885175467e-01,7.8803524971e+00,4.7087773438e+03
998,4.5731431246e-01,-4.5867124200e-01,7.7444620132e+00,4.7079697266e+03
999,4.5702779293e-01,-4.5894938707e-01,6.8844175339e+00,4.7071630859e+03
1000,4.5710656047e-01,-4.5875504613e-01,7.1472949982e+00,4.7063564453e+03
1001,4.5699635148e-01,-4.5881277323e-01,7.9536051750e+00,4.7055527344e+03
1002,4.5702666044e-01,-4.5865699649e-01,7.5301260948e+00,4.7047465820e+03
1003,4.5685699582e-01,-4.5878747106e-01,7.1951971054e+00,4.7039394531e+03
1004,4.5697352290e-01,-4.5854571462e-01,7.9979228973e+00,4.7031337891e+03
1005,4.5676755905e-01,-4.5870625973e-01,7.1603646278e+00,4.7023286133e+03
1006,4.5687466860e-01,-4.5847180486e-01,8.0389146805e+00,4.7015224609e+03
1007,4.5668545365e-01,-4.5862275362e-01,6.9510025978e+00,4.7007197266e+03
1008,4.5678171515e-01,-4.5839411020e-01,8.3401832581e+00,4.6999160156e+03
1009,4.5659527183e-01,-4.5853853226e-01,6.8881220818e+00,4.6991103516e+03
1010,4.5663070679e-01,-4.5841118693e-01,7.3079285622e+00,4.6983066406e+03
1011,4.5654582977e-01,-4.5840507746e-01,8.1047945023e+00,4.6975019531e+03
1012,4.5647132397e-01,-4.5838740468e-01,8.1047945023e+00,4.6966992188e+03
1013,4.5640730858e-01,-4.5836219192e-01,8.2045984268e+00,4.6958955078e+03
1014,4.5633631945e-01,-4.5834183693e-01,8.2045984268e+00,4.6950913086e+03
1015,4.5626330376e-01,-4.5832172036e-01,8.2045984268e+00,4.6942900391e+03
1016,4.5644286275e-01,-4.5807129145e-01,4.9171404839e+00,4.6934868164e+03
1017,4.5633727312e-01,-4.5808458328e-01,8.6253118515e+00,4.6926850586e+03
1018,4.5622754097e-01,-4.5809775591e-01,8.6253118515e+00,4.6918828125e+03
1019,4.5630913973e-01,-4.5796543360e-01,5.9579129219e+00,4.6910805664e+03
1020,4.5637378097e-01,-4.5785310864e-01,5.9579129219e+00,4.6902758789e+03
1021,4.5612782240e-01,-4.5797237754e-01,9.9391784668e+00,4.6894731445e+03
1022,4.5618006587e-01,-4.5783999562e-01,6.7632322311e+00,4.6886723633e+03
1023,4.5598894358e-01,-4.5795336366e-01,7.4469289780e+00,4.6878696289e+03
1024,4.5607152581e-01,-4.5776429772e-01,8.7563142776e+00,4.6870683594e+03
1025,4.5594525337e-01,-4.5783117414e-01,6.3525600433e+00,4.6862680664e+03
1026,4.5593136549e-01,-4.5773714781e-01,8.9489231110e+00,4.6854682617e+03
1027,4.5588389039e-01,-4.5772466063e-01,6.8011808395e+00,4.6846665039e+03
1028,4.5582982898e-01,-4.5767322183e-01,8.9992351532e+00,4.6838657227e+03
1029,4.5581716299e-01,-4.5762750506e-01,6.1202311516e+00,4.6830659180e+03
1030,4.5572945476e-01,-4.5759877563e-01,9.9507751465e+00,4.6822646484e+03
1031,4.5573571324e-01,-4.5754727721e-01,5.2635684013e+00,4.6814643555e+03
1032,4.5572379231e-01,-4.5746228099e-01,8.6354951859e+00,4.6806645508e+03
1033,4.5565634966e-01,-4.5743542910e-01,8.0240144730e+00,4.6798647461e+03
1034,4.5559781790e-01,-4.5739766955e-01,8.0240144730e+00,4.6790664062e+03
1035,4.5548900962e-01,-4.5743191242e-01,7.7707052231e+00,4.6782680664e+03
1036,4.5538720489e-01,-4.5745709538e-01,7.7707052231e+00,4.6774687500e+03
1037,4.5554143190e-01,-4.5721182227e-01,7.2365074158e+00,4.6766689453e+03
1038,4.5547163486e-01,-4.5720049739e-01,8.6018247604e+00,4.6758715820e+03
1039,4.5535576344e-01,-4.5723149180e-01,7.2127666473e+00,4.6750747070e+03
1040,4.5525357127e-01,-4.5726564527e-01,7.3208336830e+00,4.6742763672e+03
1041,4.5528340340e-01,-4.5711281896e-01,8.4661989212e+00,4.6734775391e+03
1042,4.5525053144e-01,-4.5711508393e-01,7.1267828941e+00,4.6726791992e+03
1043,4.5518404245e-01,-4.5704990625e-01,8.0949268341e+00,4.6718818359e+03
1044,4.5516887307e-01,-4.5702394843e-01,7.4816322327e+00,4.6710849609e+03
1045,4.5510166883e-01,-4.5697996020e-01,8.0803451538e+00,4.6702866211e+03
1046,4.5506662130e-01,-4.5693212748e-01,7.5364208221e+00,4.6694897461e+03
1047,4.5506951213e-01,-4.5686945319e-01,7.8285093307e+00,4.6686938477e+03
1048,4.5499745011e-01,-4.5685452223e-01,7.8960976601e+00,4.6678959961e+03
1049,4.5493531227e-01,-4.5682892203e-01,7.8960976601e+00,4.6671005859e+03
1050,4.5486071706e-01,-4.5681822300e-01,7.9296078682e+00,4.6663041992e+03
1051,4.5487800241e-01,-4.5668876171e-01,8.0437221527e+00,4.6655087891e+03
1052,4.5482343435e-01,-4.5667621493e-01,7.9625697136e+00,4.6647124023e+03
1053,4.5474100113e-01,-4.5664677024e-01,7.9305653572e+00,4.6639169922e+03
1054,4.5466861129e-01,-4.5660778880e-01,7.9305653572e+00,4.6631215820e+03
1055,4.5472162962e-01,-4.5652660728e-01,8.0563774109e+00,4.6623276367e+03
1056,4.5475652814e-01,-4.5645970106e-01,8.0563774109e+00,4.6615317383e+03
1057,4.5460879803e-01,-4.5647218823e-01,7.0723614693e+00,4.6607373047e+03
1058,4.5453166962e-01,-4.5647105575e-01,7.4677076340e+00,4.6599423828e+03
1059,4.5451748371e-01,-4.5639809966e-01,8.7502765656e+00,4.6591484375e+03
1060,4.5444008708e-01,-4.5637896657e-01,7.2769002914e+00,4.6583549805e+03
1061,4.5441949368e-01,-4.5634174347e-01,7.8043904305e+00,4.6575590820e+03
1062,4.5439550281e-01,-4.5630791783e-01,7.8043904305e+00,4.6567651367e+03
1063,4.5430856943e-01,-4.5627528429e-01,8.1733064651e+00,4.6559726562e+03
1064,4.5432430506e-01,-4.5617654920e-01,8.3658704758e+00,4.6551791992e+03
1065,4.5424136519e-01,-4.5616322756e-01,7.8462762833e+00,4.6543876953e+03
1066,4.5425361395e-01,-4.5610362291e-01,7.5460491180e+00,4.6535932617e+03
1067,4.5414686203e-01,-4.5608809590e-01,8.3125667572e+00,4.6528007812e+03
1068,4.5413610339e-01,-4.5602414012e-01,7.5985131264e+00,4.6520092773e+03
1069,4.5405092835e-01,-4.5603093505e-01,8.1610145569e+00,4.6512153320e+03
1070,4.5406052470e-01,-4.5594239235e-01,8.1729707718e+00,4.6504238281e+03
1071,4.5397880673e-01,-4.5590278506e-01,7.9639029503e+00,4.6496313477e+03
1072,4.5400142670e-01,-4.5586976409e-01,7.9842925072e+00,4.6488403320e+03
1073,4.5389699936e-01,-4.5581856370e-01,8.1028070450e+00,4.6480478516e+03
1074,4.5390909910e-01,-4.5578032732e-01,7.8598928452e+00,4.6472563477e+03
1075,4.5385232568e-01,-4.5574548841e-01,7.8395781517e+00,4.6464658203e+03
1076,4.5377430320e-01,-4.5573472977e-01,8.0628166199e+00,4.6456743164e+03
1077,4.5371061563e-01,-4.5570972562e-01,8.0628166199e+00,4.6448833008e+03
1078,4.5374321938e-01,-4.5558094978e-01,8.3321495056e+00,4.6440932617e+03
1079,4.5363971591e-01,-4.5562431216e-01,7.2128381729e+00,4.6433022461e+03
1080,4.5366021991e-01,-4.5550334454e-01,8.9619684219e+00,4.6425136719e+03
1081,4.5356497169e-01,-4.5552468300e-01,7.1315002441e+00,4.6417231445e+03
1082,4.5353308320e-01,-4.5546191931e-01,8.9751348495e+00,4.6409340820e+03
1083,4.5350366831e-01,-4.5541676879e-01,7.2262444496e+00,4.6401440430e+03
1084,4.5347869396e-01,-4.5536261797e-01,8.2154207230e+00,4.6393535156e+03
1085,4.5341709256e-01,-4.5533230901e-01,8.2196369171e+00,4.6385659180e+03
1086,4.5336306095e-01,-4.5529365540e-01,8.2196369171e+00,4.6377763672e+03
1087,4.5331192017e-01,-4.5525187254e-01,8.2196369171e+00,4.6369863281e+03
1088,4.5330247283e-01,-4.5519712567e-01,7.9409365654e+00,4.6361992188e+03
1089,4.5323938131e-01,-4.5517086983e-01,8.0393257141e+00,4.6354111328e+03
1090,4.5322021842e-01,-4.5512229204e-01,8.4772682190e+00,4.6346215820e+03
1091,4.5316901803e-01,-4.5507892966e-01,7.6579046249e+00,4.6338359375e+03
1092,4.5311945677e-01,-4.5506623387e-01,8.1714429855e+00,4.6330463867e+03
1093,4.5308840275e-01,-4.5498937368e-01,8.0453319550e+00,4.6322597656e+03
1094,4.5303094387e-01,-4.5498278737e-01,8.3439779282e+00,4.6314726562e+03
1095,4.5297884941e-01,-4.5494917035e-01,7.6622109413e+00,4.6306835938e+03
1096,4.5292726159e-01,-4.5491111279e-01,8.5770549774e+00,4.6298979492e+03
1097,4.5291298628e-01,-4.5484030247e-01,8.6639518738e+00,4.6291103516e+03
1098,4.5290094614e-01,-4.5478698611e-01,6.8574705124e+00,4.6283237305e+03
1099,4.5282906294e-01,-4.5475995541e-01,9.5782442093e+00,4.6275371094e+03
1100,4.5277434587e-01,-4.5473468304e-01,6.4067463875e+00,4.6267514648e+03
1101,4.5274546742e-01,-4.5469525456e-01,1.0029597282e+01,4.6259667969e+03
1102,4.5265704393e-01,-4.5469850302e-01,7.4277667999e+00,4.6251796875e+03
1103,4.5265042782e-01,-4.5462226868e-01,8.0862703323e+00,4.6243940430e+03
1104,4.5263400674e-01,-4.5455509424e-01,8.0862703323e+00,4.6236074219e+03
1105,4.5262059569e-01,-4.5448008180e-01,8.1219348907e+00,4.6228222656e+03
1106,4.5260825753e-01,-4.5440864563e-01,8.1219348907e+00,4.6220375977e+03
1107,4.5250761509e-01,-4.5442521572e-01,8.3611049652e+00,4.6212539062e+03
1108,4.5247903466e-01,-4.5437821746e-01,8.0782041550e+00,4.6204697266e+03
1109,4.5242139697e-01,-4.5434746146e-01,8.1747121811e+00,4.6196850586e+03
1110,4.5234894753e-01,-4.5433115959e-01,8.8238306046e+00,4.6189008789e+03
1111,4.5237892866e-01,-4.5423179865e-01,7.5837745667e+00,4.6181166992e+03
1112,4.5225363970e-01,-4.5426762104e-01,8.9149475098e+00,4.6173325195e+03
1113,4.5228970051e-01,-4.5414450765e-01,7.4262080193e+00,4.6165478516e+03
1114,4.5220157504e-01,-4.5417058468e-01,9.2348823547e+00,4.6157646484e+03
1115,4.5217892528e-01,-4.5408654213e-01,7.0022773743e+00,4.6149824219e+03
1116,4.5216554403e-01,-4.5402926207e-01,8.5684947968e+00,4.6141992188e+03
1117,4.5210283995e-01,-4.5400831103e-01,8.3377761841e+00,4.6134165039e+03
1118,4.5204687119e-01,-4.5398050547e-01,8.3377761841e+00,4.6126337891e+03
1119,4.5199459791e-01,-4.5396715403e-01,8.0954208374e+00,4.6118510742e+03
1120,4.5197179914e-01,-4.5388126373e-01,8.7584857941e+00,4.6110678711e+03
1121,4.5192313194e-01,-4.5387375355e-01,8.0658731461e+00,4.6102856445e+03
1122,4.5190027356e-01,-4.5379820466e-01,8.6439332962e+00,4.6095043945e+03
1123,4.5187810063e-01,-4.5374757051e-01,7.7400288582e+00,4.6087226562e+03
1124,4.5176839828e-01,-4.5377925038e-01,8.8059196472e+00,4.6079409180e+03
1125,4.5180562139e-01,-4.5364496112e-01,7.8646402359e+00,4.6071601562e+03
1126,4.5169118047e-01,-4.5369648933e-01,8.8513994217e+00,4.6063779297e+03
1127,4.5170897245e-01,-4.5357733965e-01,7.6064109802e+00,4.6055981445e+03
1128,4.5166301727e-01,-4.5355135202e-01,8.7750644684e+00,4.6048164062e+03
1129,4.5158967376e-01,-4.5354250073e-01,8.1563882828e+00,4.6040356445e+03
1130,4.5158055425e-01,-4.5346572995e-01,8.7894926071e+00,4.6032563477e+03
1131,4.5149496198e-01,-4.5347005129e-01,7.8481311798e+00,4.6024760742e+03
1132,4.5150861144e-01,-4.5338225365e-01,8.8530368805e+00,4.6016958008e+03
1133,4.5144087076e-01,-4.5334866643e-01,7.9120287895e+00,4.6009169922e+03
1134,4.5137435198e-01,-4.5331400633e-01,7.9183301926e+00,4.6001362305e+03
1135,4.5135664940e-01,-4.5330423117e-01,9.8668184280e+00,4.5993583984e+03
1136,4.5129662752e-01,-4.5327964425e-01,8.0551443100e+00,4.5985791016e+03
1137,4.5124128461e-01,-4.5325195789e-01,8.0551443100e+00,4.5977983398e+03
1138,4.5123815536e-01,-4.5315474272e-01,8.2929487228e+00,4.5970205078e+03
1139,4.5120933652e-01,-4.5310276747e-01,8.5495986938e+00,4.5962416992e+03
1140,4.5115107298e-01,-4.5308849216e-01,8.0254783630e+00,4.5954633789e+03
1141,4.5115157962e-01,-4.5298939943e-01,8.6044645309e+00,4.5946855469e+03
1142,4.5104670525e-01,-4.5303153992e-01,8.2703094482e+00,4.5939077148e+03
1143,4.5104598999e-01,-4.5293313265e-01,8.8402738571e+00,4.5931289062e+03
1144,4.5100259781e-01,-4.5291209221e-01,7.9108252525e+00,4.5923515625e+03
1145,4.5093929768e-01,-4.5287439227e-01,8.9160118103e+00,4.5915732422e+03
1146,4.5093068480e-01,-4.5282030106e-01,7.9635663033e+00,4.5907963867e+03
1147,4.5086821914e-01,-4.5278599858e-01,9.0246057510e+00,4.5900205078e+03
1148,4.5083323121e-01,-4.5275503397e-01,7.7388334274e+00,4.5892431641e+03
1149,4.5080119371e-01,-4.5269590616e-01,8.5528249741e+00,4.5884658203e+03
1150,4.5074313879e-01,-4.5267519355e-01,8.6035404205e+00,4.5876894531e+03
1151,4.5069861412e-01,-4.5263740420e-01,8.8845434189e+00,4.5869121094e+03
1152,4.5068833232e-01,-4.5255708694e-01,8.1790580750e+00,4.5861367188e+03
1153,4.5061492920e-01,-4.5256039500e-01,8.8172426224e+00,4.5853608398e+03
1154,4.5059338212e-01,-4.5248350501e-01,8.3161773682e+00,4.5845874023e+03
1155,4.5056942105e-01,-4.5240870118e-01,8.3161773682e+00,4.5838115234e+03
1156,4.5054516196e-01,-4.5233497024e-01,8.3161773682e+00,4.5830361328e+03
1157,4.5048072934e-01,-4.5239549875e-01,8.7973899841e+00,4.5822597656e+03
1158,4.5043680072e-01,-4.5230603218e-01,8.4658889771e+00,4.5814848633e+03
1159,4.5039775968e-01,-4.5230886340e-01,8.6431579590e+00,4.5807109375e+03
1160,4.5037081838e-01,-4.5221433043e-01,8.2521572113e+00,4.5799365234e+03
1161,4.5029360056e-01,-4.5224815607e-01,8.9997482300e+00,4.5791621094e+03
1162,4.5026606321e-01,-4.5219177008e-01,8.2322778702e+00,4.5783857422e+03
1163,4.5022314787e-01,-4.5215296745e-01,8.4870901108e+00,4.5776142578e+03
1164,4.5018458366e-01,-4.5209866762e-01,8.7525177002e+00,4.5768398438e+03
1165,4.5014214516e-01,-4.5204842091e-01,8.7525177002e+00,4.5760659180e+03
1166,4.5012655854e-01,-4.5199477673e-01,8.8054380417e+00,4.5752949219e+03
1167,4.5009273291e-01,-4.5195367932e-01,8.0083045959e+00,4.5745205078e+03
1168,4.5002758503e-01,-4.5193025470e-01,8.9229764938e+00,4.5737475586e+03
1169,4.5001369715e-01,-4.5186278224e-01,8.3716611862e+00,4.5729741211e+03
1170,4.4995954633e-01,-4.5183810592e-01,8.2161417007e+00,4.5722016602e+03
1171,4.4991949201e-01,-4.5179048181e-01,8.9602928162e+00,4.5714291992e+03
1172,4.4987124205e-01,-4.5175951719e-01,8.4603643417e+00,4.5706582031e+03
1173,4.4986373186e-01,-4.5169305801e-01,8.4483528137e+00,4.5698857422e+03
1174,4.4977131486e-01,-4.5169553161e-01,8.7758302689e+00,4.5691127930e+03
1175,4.4980299473e-01,-4.5159012079e-01,8.3634252548e+00,4.5683422852e+03
1176,4.4968602061e-01,-4.5162856579e-01,8.8591499329e+00,4.5675693359e+03
1177,4.4968658686e-01,-4.5154872537e-01,8.4024295807e+00,4.5667978516e+03
1178,4.4964820147e-01,-4.5150110126e-01,8.9263057709e+00,4.5660273438e+03
1179,4.4960778952e-01,-4.5145502687e-01,8.9263057709e+00,4.5652558594e+03
1180,4.4957414269e-01,-4.5141229033e-01,8.0816421509e+00,4.5644863281e+03
1181,4.4953215122e-01,-4.5137807727e-01,9.1938877106e+00,4.5637167969e+03
1182,4.4948422909e-01,-4.5133879781e-01,8.1128263474e+00,4.5629458008e+03
1183,4.4947737455e-01,-4.5126986504e-01,9.0957498550e+00,4.5621757812e+03
1184,4.4938492775e-01,-4.5128059387e-01,8.2080602646e+00,4.5614062500e+03
1185,4.4940176606e-01,-4.5117640495e-01,9.2229728699e+00,4.5606347656e+03
1186,4.4931456447e-01,-4.5119947195e-01,8.0944948196e+00,4.5598662109e+03
1187,4.4931524992e-01,-4.5109322667e-01,9.2699232101e+00,4.5590966797e+03
1188,4.4924572110e-01,-4.5111182332e-01,8.0325517654e+00,4.5583266602e+03
1189,4.4924724102e-01,-4.5099285245e-01,9.0089664459e+00,4.5575576172e+03
1190,4.4920533895e-01,-4.5095676184e-01,8.4419879913e+00,4.5567895508e+03
1191,4.4917127490e-01,-4.5091307163e-01,8.4419879913e+00,4.5560200195e+03
1192,4.4913989305e-01,-4.5086768270e-01,8.4419879913e+00,4.5552529297e+03
1193,4.4905993342e-01,-4.5089432597e-01,9.8471317291e+00,4.5544843750e+03
1194,4.4901388884e-01,-4.5086881518e-01,8.1493225098e+00,4.5537158203e+03
1195,4.4897678494e-01,-4.5083567500e-01,8.1493225098e+00,4.5529487305e+03
1196,4.4893649220e-01,-4.5075500011e-01,9.7282972336e+00,4.5521816406e+03
1197,4.4890707731e-01,-4.5072212815e-01,8.3188343048e+00,4.5514140625e+03
1198,4.4888091087e-01,-4.5066925883e-01,9.3696365356e+00,4.5506450195e+03
1199,4.4881960750e-01,-4.5063734055e-01,8.0007314682e+00,4.5498784180e+03
1200,4.4880795479e-01,-4.5058137178e-01,9.6826000214e+00,4.5491118164e+03
1201,4.4875317812e-01,-4.5053952932e-01,7.5525131226e+00,4.5483466797e+03
1202,4.4871351123e-01,-4.5052364469e-01,1.0117394447e+01,4.5475791016e+03
1203,4.4868445396e-01,-4.5044004917e-01,7.3682789803e+00,4.5468129883e+03
1204,4.4863656163e-01,-4.5044389367e-01,1.0229049683e+01,4.5460458984e+03
1205,4.4857561588e-01,-4.5043084025e-01,7.9122757912e+00,4.5452807617e+03
1206,4.4854074717e-01,-4.5037266612e-01,9.1018476486e+00,4.5445151367e+03
1207,4.4850030541e-01,-4.5031929016e-01,9.1018476486e+00,4.5437490234e+03
1208,4.4845890999e-01,-4.5026636124e-01,9.1018476486e+00,4.5429833984e+03
1209,4.4847780466e-01,-4.5018267632e-01,7.5312523842e+00,4.5422182617e+03
1210,4.4843006134e-01,-4.5012438297e-01,9.2152833939e+00,4.5414550781e+03
1211,4.4838538766e-01,-4.5005971193e-01,9.2152833939e+00,4.5406889648e+03
1212,4.4834604859e-01,-4.5010247827e-01,8.2452430725e+00,4.5399233398e+03
1213,4.4829279184e-01,-4.5013260841e-01,8.2485113144e+00,4.5391596680e+03
1214,4.4826406240e-01,-4.4999867678e-01,9.5525112152e+00,4.5383964844e+03
1215,4.4823449850e-01,-4.4996172190e-01,8.2856893539e+00,4.5376318359e+03
1216,4.4818419218e-01,-4.4994381070e-01,8.3338441849e+00,4.5368686523e+03
1217,4.4812515378e-01,-4.4989129901e-01,1.0053266525e+01,4.5361044922e+03
1218,4.4809117913e-01,-4.4989460707e-01,8.4595251083e+00,4.5353408203e+03
1219,4.4806370139e-01,-4.4979882240e-01,9.3098411560e+00,4.5345791016e+03
1220,4.4803550839e-01,-4.4975790381e-01,8.3235673904e+00,4.5338144531e+03
1221,4.4798612595e-01,-4.4973260164e-01,9.5172700882e+00,4.5330512695e+03
1222,4.4796109200e-01,-4.4965368509e-01,8.2284288406e+00,4.5322885742e+03
1223,4.4789254665e-01,-4.4963660836e-01,8.3810272217e+00,4.5315263672e+03
1224,4.4787362218e-01,-4.4961214066e-01,1.0069378853e+01,4.5307641602e+03
1225,4.4785392284e-01,-4.4958847761e-01,1.0046018600e+01,4.5300029297e+03
1226,4.4778013229e-01,-4.4955298305e-01,7.4352612495e+00,4.5292412109e+03
1227,4.4773739576e-01,-4.4948664308e-01,9.2441978455e+00,4.5284780273e+03
1228,4.4774171710e-01,-4.4942247868e-01,9.1599254608e+00,4.5277182617e+03
1229,4.4768670201e-01,-4.4934630394e-01,8.2785625458e+00,4.5269560547e+03
1230,4.4766288996e-01,-4.4932505488e-01,9.1670970917e+00,4.5261948242e+03
1231,4.4764062762e-01,-4.4925785065e-01,8.2439556122e+00,4.5254326172e+03
1232,4.4754683971e-01,-4.4931253791e-01,8.8957319260e+00,4.5246713867e+03
1233,4.4756242633e-01,-4.4917258620e-01,9.0770721436e+00,4.5239135742e+03
1234,4.4748848677e-01,-4.4921034575e-01,9.0639209747e+00,4.5231508789e+03
1235,4.4747838378e-01,-4.4910615683e-01,8.4881916046e+00,4.5223916016e+03
1236,4.4741564989e-01,-4.4913360476e-01,9.2498645782e+00,4.5216308594e+03
1237,4.4739338756e-01,-4.4902405143e-01,8.6225500107e+00,4.5208720703e+03
1238,4.4735413790e-01,-4.4904109836e-01,9.3302268982e+00,4.5201108398e+03
1239,4.4731572270e-01,-4.4894194603e-01,8.3084163666e+00,4.5193525391e+03
1240,4.4731417298e-01,-4.4886368513e-01,9.5423307419e+00,4.5185937500e+03
1241,4.4729468226e-01,-4.4880527258e-01,8.8780031204e+00,4.5178330078e+03
1242,4.4720682502e-01,-4.4886416197e-01,8.5185794830e+00,4.5170756836e+03
1243,4.4717425108e-01,-4.4876638055e-01,1.0029957771e+01,4.5163149414e+03
1244,4.4712218642e-01,-4.4878017902e-01,8.2458353043e+00,4.5155576172e+03
1245,4.4710305333e-01,-4.4870758057e-01,1.0029400826e+01,4.5147993164e+03
1246,4.4708013535e-01,-4.4864574075e-01,7.9701347351e+00,4.5140400391e+03
1247,4.4699358940e-01,-4.4867655635e-01,9.7875185013e+00,4.5132827148e+03
1248,4.4699946046e-01,-4.4857209921e-01,7.9394459724e+00,4.5125249023e+03
1249,4.4693654776e-01,-4.4856142998e-01,1.0460247993e+01,4.5117670898e+03
1250,4.4691115618e-01,-4.4852805138e-01,7.1369786263e+00,4.5110102539e+03
1251,4.4689396024e-01,-4.4845190644e-01,9.5684795380e+00,4.5102514648e+03
1252,4.4685831666e-01,-4.4840782881e-01,9.4026613235e+00,4.5094951172e+03
1253,4.4681900740e-01,-4.4838166237e-01,8.7744913101e+00,4.5087377930e+03
1254,4.4677972794e-01,-4.4835588336e-01,8.7744913101e+00,4.5079829102e+03
1255,4.4673511386e-01,-4.4828951359e-01,9.4465236664e+00,4.5072255859e+03
1256,4.4665426016e-01,-4.4832894206e-01,9.1851949692e+00,4.5064697266e+03
1257,4.4667184353e-01,-4.4817519188e-01,9.1341333389e+00,4.5057124023e+03
1258,4.4658702612e-01,-4.4825699925e-01,8.4191007614e+00,4.5049575195e+03
1259,4.4659245014e-01,-4.4808197021e-01,9.7903804779e+00,4.5042016602e+03
1260,4.4651255012e-01,-4.4817438722e-01,8.0717697144e+00,4.5034467773e+03
1261,4.4652420282e-01,-4.4799190760e-01,1.0114424706e+01,4.5026909180e+03
1262,4.4643658400e-01,-4.4810050726e-01,8.1142292023e+00,4.5019360352e+03
1263,4.4645437598e-01,-4.4795310497e-01,9.1530590057e+00,4.5011796875e+03
1264,4.4635787606e-01,-4.4798770547e-01,9.2503108978e+00,4.5004252930e+03
1265,4.4629743695e-01,-4.4798803329e-01,9.4049463272e+00,4.4996704102e+03
1266,4.4634944201e-01,-4.4779473543e-01,8.9091329575e+00,4.4989169922e+03
1267,4.4623389840e-01,-4.4789078832e-01,9.1746940613e+00,4.4981611328e+03
1268,4.4629219174e-01,-4.4769856334e-01,9.2087850571e+00,4.4974086914e+03
1269,4.4616699219e-01,-4.4779765606e-01,8.7309217453e+00,4.4966542969e+03
1270,4.4619706273e-01,-4.4762259722e-01,9.4922113419e+00,4.4959018555e+03
1271,4.4614046812e-01,-4.4762790203e-01,9.1415185928e+00,4.4951474609e+03
1272,4.4608879089e-01,-4.4762691855e-01,9.1415185928e+00,4.4943930664e+03
1273,4.4607287645e-01,-4.4754278660e-01,8.5472249985e+00,4.4936396484e+03
1274,4.4606003165e-01,-4.4745829701e-01,8.5472249985e+00,4.4928872070e+03
1275,4.4604885578e-01,-4.4737452269e-01,8.5472249985e+00,4.4921347656e+03
1276,4.4601786137e-01,-4.4731807709e-01,8.5396842957e+00,4.4913833008e+03
1277,4.4588226080e-01,-4.4748252630e-01,1.1617426872e+01,4.4906298828e+03
1278,4.4582793117e-01,-4.4744092226e-01,8.4402952194e+00,4.4898798828e+03
1279,4.4580730796e-01,-4.4734352827e-01,9.2350673676e+00,4.4891269531e+03
1280,4.4578212500e-01,-4.4725072384e-01,9.2350673676e+00,4.4883750000e+03
1281,4.4573834538e-01,-4.4727534056e-01,9.4671049118e+00,4.4876230469e+03
1282,4.4575238228e-01,-4.4715332985e-01,8.5242643356e+00,4.4868686523e+03
1283,4.4569286704e-01,-4.4713473320e-01,9.7436771393e+00,4.4861186523e+03
1284,4.4569170475e-01,-4.4706892967e-01,9.0715665817e+00,4.4853676758e+03
1285,4.4568330050e-01,-4.4701030850e-01,9.0715665817e+00,4.4846157227e+03
1286,4.4557431340e-01,-4.4703453779e-01,8.8082094193e+00,4.4838671875e+03
1287,4.4554865360e-01,-4.4699594378e-01,9.5741195679e+00,4.4831166992e+03
1288,4.4551742077e-01,-4.4691219926e-01,9.1727190018e+00,4.4823662109e+03
1289,4.4547653198e-01,-4.4685190916e-01,9.1263933182e+00,4.4816162109e+03
1290,4.4541126490e-01,-4.4687867165e-01,9.2936058044e+00,4.4808666992e+03
1291,4.4543716311e-01,-4.4678491354e-01,8.9055738449e+00,4.4801176758e+03
1292,4.4535759091e-01,-4.4678702950e-01,9.5453557968e+00,4.4793681641e+03
1293,4.4532451034e-01,-4.4674476981e-01,8.6258192062e+00,4.4786181641e+03
1294,4.4528165460e-01,-4.4671675563e-01,9.0728254318e+00,4.4778666992e+03
1295,4.4525474310e-01,-4.4666901231e-01,9.6298284531e+00,4.4771196289e+03
1296,4.4522860646e-01,-4.4657909870e-01,8.7943172455e+00,4.4763701172e+03
1297,4.4514751434e-01,-4.4663739204e-01,9.2710103989e+00,4.4756210938e+03
1298,4.4518724084e-01,-4.4648081064e-01,9.0053758621e+00,4.4748730469e+03
1299,4.4508832693e-01,-4.4654589891e-01,9.1974010468e+00,4.4741254883e+03
1300,4.4509756565e-01,-4.4641086459e-01,9.3643636703e+00,4.4733774414e+03
1301,4.4501197338e-01,-4.4646117091e-01,9.1714286804e+00,4.4726274414e+03
1302,4.4503173232e-01,-4.4632655382e-01,9.2377223969e+00,4.4718808594e+03
1303,4.4497814775e-01,-4.4630780816e-01,9.5531797409e+00,4.4711328125e+03
1304,4.4495373964e-01,-4.4627249241e-01,9.0947656631e+00,4.4703857422e+03
1305,4.4492590427e-01,-4.4624063373e-01,9.0947656631e+00,4.4696376953e+03
1306,4.4489744306e-01,-4.4620901346e-01,9.0947656631e+00,4.4688906250e+03
1307,4.4486916065e-01,-4.4617691636e-01,9.0947656631e+00,4.4681435547e+03
1308,4.4479456544e-01,-4.4610342383e-01,9.7034120560e+00,4.4673974609e+03
1309,4.4476798177e-01,-4.4603782892e-01,9.1403636932e+00,4.4666513672e+03
1310,4.4473636150e-01,-4.4599258900e-01,8.9315633774e+00,4.4659062500e+03
1311,4.4463968277e-01,-4.4606515765e-01,9.4316387177e+00,4.4651601562e+03
1312,4.4465348125e-01,-4.4589728117e-01,9.8394126892e+00,4.4644150391e+03
1313,4.4458106160e-01,-4.4596931338e-01,9.0296010971e+00,4.4636679688e+03
1314,4.4459137321e-01,-4.4582852721e-01,9.1587772369e+00,4.4629223633e+03
1315,4.4451355934e-01,-4.4588029385e-01,9.2297735214e+00,4.4621767578e+03
1316,4.4453254342e-01,-4.4574400783e-01,9.1158227921e+00,4.4614311523e+03
1317,4.4442874193e-01,-4.4581151009e-01,9.3204727173e+00,4.4606850586e+03
1318,4.4447118044e-01,-4.4564762712e-01,9.1344642639e+00,4.4599404297e+03
1319,4.4441238046e-01,-4.4564303756e-01,9.4716854095e+00,4.4591958008e+03
1320,4.4436037540e-01,-4.4563198090e-01,9.4716854095e+00,4.4584516602e+03
1321,4.4433718920e-01,-4.4557669759e-01,8.6651563644e+00,4.4577080078e+03
1322,4.4431635737e-01,-4.4551894069e-01,8.6651563644e+00,4.4569643555e+03
1323,4.4429638982e-01,-4.4546115398e-01,8.6651563644e+00,4.4562197266e+03
1324,4.4427701831e-01,-4.4540417194e-01,8.6651563644e+00,4.4554765625e+03
1325,4.4416880608e-01,-4.4546565413e-01,1.1888934135e+01,4.4547319336e+03
1326,4.4411230087e-01,-4.4544366002e-01,8.7622003555e+00,4.4539916992e+03
1327,4.4408801198e-01,-4.4536685944e-01,9.2818021774e+00,4.4532465820e+03
1328,4.4406244159e-01,-4.4528761506e-01,9.3223934174e+00,4.4525034180e+03
1329,4.4403487444e-01,-4.4521078467e-01,9.3223934174e+00,4.4517607422e+03
1330,4.4397661090e-01,-4.4525292516e-01,1.0030903816e+01,4.4510175781e+03
1331,4.4391569495e-01,-4.4529530406e-01,1.0030903816e+01,4.4502734375e+03
1332,4.4394201040e-01,-4.4509664178e-01,8.5284204483e+00,4.4495307617e+03
1333,4.4391748309e-01,-4.4505056739e-01,8.9954700470e+00,4.4487875977e+03
1334,4.4389253855e-01,-4.4500580430e-01,8.9954700470e+00,4.4480468750e+03
1335,4.4380226731e-01,-4.4504284859e-01,9.6941738129e+00,4.4473046875e+03
1336,4.4381630421e-01,-4.4493114948e-01,8.9226837158e+00,4.4465620117e+03
1337,4.4372799993e-01,-4.4496318698e-01,9.5401325226e+00,4.4458222656e+03
1338,4.4373273849e-01,-4.4486537576e-01,9.1316270828e+00,4.4450815430e+03
1339,4.4365781546e-01,-4.4487360120e-01,9.5485877991e+00,4.4443408203e+03
1340,4.4366782904e-01,-4.4477829337e-01,9.0236349106e+00,4.4435996094e+03
1341,4.4362151623e-01,-4.4474852085e-01,9.5918741226e+00,4.4428583984e+03
1342,4.4359120727e-01,-4.4471347332e-01,9.2151794434e+00,4.4421181641e+03
1343,4.4355991483e-01,-4.4467931986e-01,9.2151794434e+00,4.4413759766e+03
1344,4.4352874160e-01,-4.4464474916e-01,9.2151794434e+00,4.4406381836e+03
1345,4.4349780679e-01,-4.4460943341e-01,9.2151794434e+00,4.4398959961e+03
1346,4.4346725941e-01,-4.4457319379e-01,9.2151794434e+00,4.4391577148e+03
1347,4.4343706965e-01,-4.4453600049e-01,9.2151794434e+00,4.4384189453e+03
1348,4.4340717793e-01,-4.4449788332e-01,9.2151794434e+00,4.4376806641e+03
1349,4.4337776303e-01,-4.4445878267e-01,9.2151794434e+00,4.4369438477e+03
1350,4.4331711531e-01,-4.4438993931e-01,9.8369646072e+00,4.4362075195e+03
1351,4.4325408340e-01,-4.4434824586e-01,8.9604339600e+00,4.4354677734e+03
1352,4.4318756461e-01,-4.4435992837e-01,9.8906307220e+00,4.4347304688e+03
1353,4.4317850471e-01,-4.4424355030e-01,9.7577533722e+00,4.4339921875e+03
1354,4.4312593341e-01,-4.4427245855e-01,9.6209573746e+00,4.4332514648e+03
1355,4.4311037660e-01,-4.4416704774e-01,9.5010461807e+00,4.4325117188e+03
1356,4.4308102131e-01,-4.4416281581e-01,9.5958099365e+00,4.4317734375e+03
1357,4.4306454062e-01,-4.4407108426e-01,9.0389280319e+00,4.4310366211e+03
1358,4.4299361110e-01,-4.4410377741e-01,9.8536148071e+00,4.4302998047e+03
1359,4.4297990203e-01,-4.4403216243e-01,8.8949842453e+00,4.4295620117e+03
1360,4.4292041659e-01,-4.4399967790e-01,9.5434694290e+00,4.4288247070e+03
1361,4.4286766648e-01,-4.4396129251e-01,9.5434694290e+00,4.4280869141e+03
1362,4.4281804562e-01,-4.4391962886e-01,9.5434694290e+00,4.4273525391e+03
1363,4.4279348850e-01,-4.4385549426e-01,9.6019783020e+00,4.4266142578e+03
1364,4.4281709194e-01,-4.4380605221e-01,8.5646095276e+00,4.4258774414e+03
1365,4.4276222587e-01,-4.4381144643e-01,9.7722072601e+00,4.4251420898e+03
1366,4.4275194407e-01,-4.4369101524e-01,8.8468647003e+00,4.4244042969e+03
1367,4.4272354245e-01,-4.4360339642e-01,8.7866792679e+00,4.4236699219e+03
1368,4.4268727303e-01,-4.4361945987e-01,9.8250923157e+00,4.4229340820e+03
1369,4.4263750315e-01,-4.4359594584e-01,9.0870380402e+00,4.4221972656e+03
1370,4.4258216023e-01,-4.4359546900e-01,9.3941192627e+00,4.4214628906e+03
1371,4.4254496694e-01,-4.4354644418e-01,9.8112983704e+00,4.4207270508e+03
1372,4.4252526760e-01,-4.4349935651e-01,9.1737222672e+00,4.4199916992e+03
1373,4.4246166945e-01,-4.4349280000e-01,9.6002006531e+00,4.4192578125e+03
1374,4.4246071577e-01,-4.4340080023e-01,9.8815956116e+00,4.4185224609e+03
1375,4.4242674112e-01,-4.4336178899e-01,9.1497087479e+00,4.4177875977e+03
1376,4.4238555431e-01,-4.4332754612e-01,9.4430885315e+00,4.4170527344e+03
1377,4.4234576821e-01,-4.4329726696e-01,9.4375619888e+00,4.4163193359e+03
1378,4.4230654836e-01,-4.4326430559e-01,9.7833738327e+00,4.4155849609e+03
1379,4.4228166342e-01,-4.4321498275e-01,9.8112983704e+00,4.4148500977e+03
1380,4.4226711988e-01,-4.4313842058e-01,8.8444766998e+00,4.4141171875e+03
1381,4.4219824672e-01,-4.4314166903e-01,1.0042417526e+01,4.4133847656e+03
1382,4.4219273329e-01,-4.4305151701e-01,8.9697952271e+00,4.4126503906e+03
1383,4.4212532043e-01,-4.4307458401e-01,9.8235721588e+00,4.4119174805e+03
1384,4.4212856889e-01,-4.4295489788e-01,8.9971427917e+00,4.4111845703e+03
1385,4.4208264351e-01,-4.4294875860e-01,9.6277084351e+00,4.4104511719e+03
1386,4.4205218554e-01,-4.4290840626e-01,9.2665414810e+00,4.4097192383e+03
1387,4.4202008843e-01,-4.4287022948e-01,9.2665414810e+00,4.4089863281e+03
1388,4.4199073315e-01,-4.4282880425e-01,9.1562318802e+00,4.4082539062e+03
1389,4.4196316600e-01,-4.4278419018e-01,9.1562318802e+00,4.4075224609e+03
1390,4.4189459085e-01,-4.4278654456e-01,9.8720483780e+00,4.4067905273e+03
1391,4.4186812639e-01,-4.4270542264e-01,8.9018259048e+00,4.4060605469e+03
1392,4.4181370735e-01,-4.4271564484e-01,9.9870653152e+00,4.4053295898e+03
1393,4.4179749489e-01,-4.4260829687e-01,9.3589687347e+00,4.4045971680e+03
1394,4.4175294042e-01,-4.4264036417e-01,9.7601470947e+00,4.4038652344e+03
1395,4.4172763824e-01,-4.4251602888e-01,9.2800264359e+00,4.4031337891e+03
1396,4.4168674946e-01,-4.4255864620e-01,9.8627786636e+00,4.4024038086e+03
1397,4.4166815281e-01,-4.4242194295e-01,9.2483081818e+00,4.4016728516e+03
1398,4.4161036611e-01,-4.4248810410e-01,9.8945922852e+00,4.4009423828e+03
1399,4.4158303738e-01,-4.4241210818e-01,8.9569330215e+00,4.4002119141e+03
1400,4.4153007865e-01,-4.4238519669e-01,1.0071697235e+01,4.3994824219e+03
1401,4.4149821997e-01,-4.4233301282e-01,1.0150430679e+01,4.3987529297e+03
1402,4.4151312113e-01,-4.4222855568e-01,8.1706485748e+00,4.3980219727e+03
1403,4.4145137072e-01,-4.4224530458e-01,1.0587308884e+01,4.3972944336e+03
1404,4.4143155217e-01,-4.4214475155e-01,8.2249860764e+00,4.3965634766e+03
1405,4.4137164950e-01,-4.4219720364e-01,1.0442399025e+01,4.3958344727e+03
1406,4.4136214256e-01,-4.4205296040e-01,8.2050867081e+00,4.3951064453e+03
1407,4.4132745266e-01,-4.4202992320e-01,9.9224710464e+00,4.3943769531e+03
1408,4.4128826261e-01,-4.4201070070e-01,9.9224710464e+00,4.3936494141e+03
1409,4.4126325846e-01,-4.4196069241e-01,8.6716098785e+00,4.3929194336e+03
1410,4.4123968482e-01,-4.4191196561e-01,8.6716098785e+00,4.3921904297e+03
1411,4.4121700525e-01,-4.4186457992e-01,8.6716098785e+00,4.3914633789e+03
1412,4.4119489193e-01,-4.4181838632e-01,8.6716098785e+00,4.3907363281e+03
1413,4.4117322564e-01,-4.4177338481e-01,8.6716098785e+00,4.3900097656e+03
1414,4.4115197659e-01,-4.4172951579e-01,8.6716098785e+00,4.3892827148e+03
1415,4.4105762243e-01,-4.4171813130e-01,1.2801516533e+01,4.3885541992e+03
1416,4.4099166989e-01,-4.4173046947e-01,9.1992874146e+00,4.3878291016e+03
1417,4.4095453620e-01,-4.4169729948e-01,1.1113164902e+01,4.3871015625e+03
1418,4.4091969728e-01,-4.4167438149e-01,9.1847486496e+00,4.3863730469e+03
1419,4.4088128209e-01,-4.4160121679e-01,9.8195562363e+00,4.3856474609e+03
1420,4.4085234404e-01,-4.4153064489e-01,1.0015171051e+01,4.3849199219e+03
1421,4.4084149599e-01,-4.4148141146e-01,9.7776641846e+00,4.3841928711e+03
1422,4.4081416726e-01,-4.4143056870e-01,9.6237411499e+00,4.3834677734e+03
1423,4.4077172875e-01,-4.4138321280e-01,9.5702667236e+00,4.3827421875e+03
1424,4.4073238969e-01,-4.4136789441e-01,9.3155412674e+00,4.3820170898e+03
1425,4.4070079923e-01,-4.4134926796e-01,9.4915838242e+00,4.3812910156e+03
1426,4.4065982103e-01,-4.4127932191e-01,9.3791093826e+00,4.3805649414e+03
1427,4.4060733914e-01,-4.4128042459e-01,9.4774904251e+00,4.3798398438e+03
1428,4.4060796499e-01,-4.4116568565e-01,9.7407560349e+00,4.3791152344e+03
1429,4.4056487083e-01,-4.4119712710e-01,8.2873754501e+00,4.3783901367e+03
1430,4.4051253796e-01,-4.4113051891e-01,1.0203301430e+01,4.3776665039e+03
1431,4.4051140547e-01,-4.4108319283e-01,8.6741142273e+00,4.3769409180e+03
1432,4.4044363499e-01,-4.4104129076e-01,9.7430391312e+00,4.3762158203e+03
1433,4.4040501118e-01,-4.4101119041e-01,9.3730783463e+00,4.3754921875e+03
1434,4.4036558270e-01,-4.4098147750e-01,9.3730783463e+00,4.3747690430e+03
1435,4.4035750628e-01,-4.4089102745e-01,9.5477027893e+00,4.3740434570e+03
1436,4.4033309817e-01,-4.4092491269e-01,9.0883007050e+00,4.3733208008e+03
1437,4.4026312232e-01,-4.4089180231e-01,9.8030481339e+00,4.3725971680e+03
1438,4.4022843242e-01,-4.4082075357e-01,9.9169111252e+00,4.3718740234e+03
1439,4.4018799067e-01,-4.4075477123e-01,9.9169111252e+00,4.3711508789e+03
1440,4.4020354748e-01,-4.4072404504e-01,8.3907136917e+00,4.3704277344e+03
1441,4.4015744328e-01,-4.4068822265e-01,9.8334312439e+00,4.3697055664e+03
1442,4.4011431932e-01,-4.4064304233e-01,9.7476005554e+00,4.3689819336e+03
1443,4.4007438421e-01,-4.4059467316e-01,9.7476005554e+00,4.3682597656e+03
1444,4.4004985690e-01,-4.4056141376e-01,9.8007526398e+00,4.3675366211e+03
1445,4.3997666240e-01,-4.4055825472e-01,9.2214202881e+00,4.3668154297e+03
1446,4.3999338150e-01,-4.4045951962e-01,1.0602069855e+01,4.3660942383e+03
1447,4.3994963169e-01,-4.4044294953e-01,8.6010255814e+00,4.3653730469e+03
1448,4.3990841508e-01,-4.4041424990e-01,1.0286458015e+01,4.3646503906e+03
1449,4.3989345431e-01,-4.4033199549e-01,9.0140056610e+00,4.3639291992e+03
1450,4.3985086679e-01,-4.4033336639e-01,1.0168007851e+01,4.3632055664e+03
1451,4.3981310725e-01,-4.4026154280e-01,8.3282737732e+00,4.3624868164e+03
1452,4.3977427483e-01,-4.4025707245e-01,1.1013356209e+01,4.3617651367e+03
1453,4.3971306086e-01,-4.4024690986e-01,8.7001466751e+00,4.3610454102e+03
1454,4.3967214227e-01,-4.4021812081e-01,8.7001466751e+00,4.3603247070e+03
1455,4.3967086077e-01,-4.4013991952e-01,1.0041533470e+01,4.3596030273e+03
1456,4.3966498971e-01,-4.4005680084e-01,1.0049281120e+01,4.3588833008e+03
1457,4.3961203098e-01,-4.4003337622e-01,8.0321111679e+00,4.3581630859e+03
1458,4.3960523605e-01,-4.3998518586e-01,1.0346203804e+01,4.3574443359e+03
1459,4.3950319290e-01,-4.3997770548e-01,8.4477128983e+00,4.3567236328e+03
1460,4.3951261044e-01,-4.3989887834e-01,9.7087574005e+00,4.3560048828e+03
1461,4.3946146965e-01,-4.3991693854e-01,9.7322511673e+00,4.3552856445e+03
1462,4.3942528963e-01,-4.3991738558e-01,9.7902851105e+00,4.3545649414e+03
1463,4.3940219283e-01,-4.3977347016e-01,9.6850156784e+00,4.3538466797e+03
1464,4.3939134479e-01,-4.3976342678e-01,9.8527441025e+00,4.3531269531e+03
1465,4.3933716416e-01,-4.3971142173e-01,9.1929111481e+00,4.3524091797e+03
1466,4.3930059671e-01,-4.3972566724e-01,1.0081710815e+01,4.3516914062e+03
1467,4.3929341435e-01,-4.3955674767e-01,9.1875782013e+00,4.3509731445e+03
1468,4.3926963210e-01,-4.3953418732e-01,9.8064136505e+00,4.3502548828e+03
1469,4.3923330307e-01,-4.3953549862e-01,9.4853658676e+00,4.3495356445e+03
1470,4.3916773796e-01,-4.3950775266e-01,9.7807178497e+00,4.3488193359e+03
1471,4.3915045261e-01,-4.3945720792e-01,9.3101673126e+00,4.3481015625e+03
1472,4.3911749125e-01,-4.3942990899e-01,9.6485900879e+00,4.3473833008e+03
1473,4.3905916810e-01,-4.3941223621e-01,9.2293729782e+00,4.3466660156e+03
1474,4.3904522061e-01,-4.3934595585e-01,9.2956333160e+00,4.3459497070e+03
1475,4.3900182843e-01,-4.3935081363e-01,9.6695165634e+00,4.3452338867e+03
1476,4.3896365166e-01,-4.3927207589e-01,9.5476980209e+00,4.3445161133e+03
1477,4.3895131350e-01,-4.3920934200e-01,9.0185260773e+00,4.3438002930e+03
1478,4.3888947368e-01,-4.3923836946e-01,9.9270401001e+00,4.3430830078e+03
1479,4.3887001276e-01,-4.3915873766e-01,9.4971256256e+00,4.3423676758e+03
1480,4.3885508180e-01,-4.3910157681e-01,9.5162010193e+00,4.3416499023e+03
1481,4.3879705667e-01,-4.3910035491e-01,9.4601526260e+00,4.3409355469e+03
1482,4.3876379728e-01,-4.3904814124e-01,9.3192691803e+00,4.3402197266e+03
1483,4.3876466155e-01,-4.3897461891e-01,9.9109458923e+00,4.3395039062e+03
1484,4.3877038360e-01,-4.3890440464e-01,9.8534479141e+00,4.3387885742e+03
1485,4.3867811561e-01,-4.3893724680e-01,9.0090036392e+00,4.3380742188e+03
1486,4.3864405155e-01,-4.3888470531e-01,9.5855474472e+00,4.3373593750e+03
1487,4.3860721588e-01,-4.3883556128e-01,9.5855474472e+00,4.3366430664e+03
1488,4.3857014179e-01,-4.3878728151e-01,9.5855474472e+00,4.3359287109e+03
1489,4.3853360415e-01,-4.3873906136e-01,9.5855474472e+00,4.3352158203e+03
1490,4.3849790096e-01,-4.3869078159e-01,9.5855474472e+00,4.3345009766e+03
1491,4.3846309185e-01,-4.3864226341e-01,9.5855474472e+00,4.3337851562e+03
1492,4.3844804168e-01,-4.3866023421e-01,9.5562438965e+00,4.3330742188e+03
1493,4.3841838837e-01,-4.3857717514e-01,9.2828397751e+00,4.3323593750e+03
1494,4.3836081028e-01,-4.3854555488e-01,9.8578872681e+00,4.3316464844e+03
1495,4.3835785985e-01,-4.3850523233e-01,9.4416503906e+00,4.3309326172e+03
1496,4.3831622601e-01,-4.3851929903e-01,9.2647428513e+00,4.3302187500e+03
1497,4.3828499317e-01,-4.3839803338e-01,9.8835039139e+00,4.3295058594e+03
1498,4.3825206161e-01,-4.3841853738e-01,9.2464122772e+00,4.3287924805e+03
1499,4.3821454048e-01,-4.3833377957e-01,9.6267690659e+00,4.3280805664e+03
1500,4.3818172812e-01,-4.3834578991e-01,9.2510709763e+00,4.3273676758e+03
1501,4.3813720345e-01,-4.3822658062e-01,9.8567752838e+00,4.3266567383e+03
1502,4.3810391426e-01,-4.3821677566e-01,9.3811473846e+00,4.3259433594e+03
1503,4.3807849288e-01,-4.3818667531e-01,9.3727083206e+00,4.3252314453e+03
1504,4.3804430962e-01,-4.3816345930e-01,9.3614311218e+00,4.3245180664e+03
1505,4.3801495433e-01,-4.3813779950e-01,9.3614311218e+00,4.3238081055e+03
1506,4.3798324466e-01,-4.3806928396e-01,1.0016178131e+01,4.3230966797e+03
1507,4.3795561790e-01,-4.3804842234e-01,9.2768726349e+00,4.3223857422e+03
1508,4.3792727590e-01,-4.3802699447e-01,9.2768726349e+00,4.3216748047e+03
1509,4.3786695600e-01,-4.3796715140e-01,9.7583084106e+00,4.3209643555e+03
1510,4.3785727024e-01,-4.3789771199e-01,9.4792423248e+00,4.3202519531e+03
1511,4.3781301379e-01,-4.3788021803e-01,9.5399141312e+00,4.3195415039e+03
1512,4.3778890371e-01,-4.3784850836e-01,9.6488113403e+00,4.3188310547e+03
1513,4.3775424361e-01,-4.3776425719e-01,9.7394380569e+00,4.3181210938e+03
1514,4.3771734834e-01,-4.3779602647e-01,9.3358058929e+00,4.3174101562e+03
1515,4.3770375848e-01,-4.3767982721e-01,9.7371749878e+00,4.3167016602e+03
1516,4.3763464689e-01,-4.3771880865e-01,9.3162803650e+00,4.3159912109e+03
1517,4.3764364719e-01,-4.3759006262e-01,9.7221317291e+00,4.3152817383e+03
1518,4.3757304549e-01,-4.3764135242e-01,9.2954950333e+00,4.3145712891e+03
1519,4.3756338954e-01,-4.3754935265e-01,9.5212230682e+00,4.3138627930e+03
1520,4.3750971556e-01,-4.3753501773e-01,9.6078062057e+00,4.3131542969e+03
1521,4.3750646710e-01,-4.3746978045e-01,9.3292341232e+00,4.3124453125e+03
1522,4.3743726611e-01,-4.3747237325e-01,9.4850969315e+00,4.3117358398e+03
1523,4.3745070696e-01,-4.3735805154e-01,9.6761598587e+00,4.3110278320e+03
1524,4.3736392260e-01,-4.3740680814e-01,9.0745697021e+00,4.3103178711e+03
1525,4.3736293912e-01,-4.3731319904e-01,9.5619802475e+00,4.3096103516e+03
1526,4.3730440736e-01,-4.3730527163e-01,9.6998100281e+00,4.3089013672e+03
1527,4.3731477857e-01,-4.3720901012e-01,9.4555263519e+00,4.3081953125e+03
1528,4.3724247813e-01,-4.3725451827e-01,9.3057651520e+00,4.3074858398e+03
1529,4.3724545836e-01,-4.3711292744e-01,1.0024401665e+01,4.3067792969e+03
1530,4.3717616796e-01,-4.3715900183e-01,8.9039087296e+00,4.3060712891e+03
1531,4.3717190623e-01,-4.3706822395e-01,1.0041994095e+01,4.3053642578e+03
1532,4.3711519241e-01,-4.3705314398e-01,9.3190164566e+00,4.3046567383e+03
1533,4.3710142374e-01,-4.3698862195e-01,9.3793344498e+00,4.3039501953e+03
1534,4.3705326319e-01,-4.3699875474e-01,9.7590713501e+00,4.3032441406e+03
1535,4.3704634905e-01,-4.3689772487e-01,9.2746276855e+00,4.3025356445e+03
1536,4.3697583675e-01,-4.3692037463e-01,9.7624759674e+00,4.3018310547e+03
1537,4.3699833751e-01,-4.3681356311e-01,9.1276464462e+00,4.3011245117e+03
1538,4.3695020676e-01,-4.3679103255e-01,9.8706769943e+00,4.3004184570e+03
1539,4.3692994118e-01,-4.3674615026e-01,9.3153619766e+00,4.2997133789e+03
1540,4.3690475821e-01,-4.3670493364e-01,9.3153619766e+00,4.2990053711e+03
1541,4.3686646223e-01,-4.3667027354e-01,9.2257452011e+00,4.2983017578e+03
1542,4.3683418632e-01,-4.3663278222e-01,9.2257452011e+00,4.2975947266e+03
1543,4.3677368760e-01,-4.3662023544e-01,1.0572381020e+01,4.2968901367e+03
1544,4.3672034144e-01,-4.3658539653e-01,8.8508386612e+00,4.2961875000e+03
1545,4.3669515848e-01,-4.3655666709e-01,9.7393188477e+00,4.2954819336e+03
1546,4.3669205904e-01,-4.3645679951e-01,9.4406805038e+00,4.2947773438e+03
1547,4.3660569191e-01,-4.3649494648e-01,9.4989500046e+00,4.2940722656e+03
1548,4.3663114309e-01,-4.3638443947e-01,9.3383226395e+00,4.2933676758e+03
1549,4.3654951453e-01,-4.3640735745e-01,9.6819887161e+00,4.2926635742e+03
1550,4.3656638265e-01,-4.3631759286e-01,9.2058982849e+00,4.2919594727e+03
1551,4.3647906184e-01,-4.3632796407e-01,9.6907758713e+00,4.2912573242e+03
1552,4.3651229143e-01,-4.3622469902e-01,9.3189020157e+00,4.2905527344e+03
1553,4.3647411466e-01,-4.3619647622e-01,9.6377382278e+00,4.2898481445e+03
1554,4.3643647432e-01,-4.3616732955e-01,9.6377382278e+00,4.2891459961e+03
1555,4.3638387322e-01,-4.3613627553e-01,9.0199251175e+00,4.2884428711e+03
1556,4.3633618951e-01,-4.3610036373e-01,9.0199251175e+00,4.2877402344e+03
1557,4.3627277017e-01,-4.3606057763e-01,9.0186996460e+00,4.2870361328e+03
1558,4.3628135324e-01,-4.3604236841e-01,1.1087760925e+01,4.2863354492e+03
1559,4.3622258306e-01,-4.3601381779e-01,9.0129184723e+00,4.2856323242e+03
1560,4.3618676066e-01,-4.3597188592e-01,9.4156856537e+00,4.2849301758e+03
1561,4.3617805839e-01,-4.3592458963e-01,9.5829935074e+00,4.2842275391e+03
1562,4.3616870046e-01,-4.3585398793e-01,9.5936450958e+00,4.2835258789e+03
1563,4.3610006571e-01,-4.3583720922e-01,9.0272493362e+00,4.2828232422e+03
1564,4.3606767058e-01,-4.3579572439e-01,9.3891410828e+00,4.2821206055e+03
1565,4.3603068590e-01,-4.3577113748e-01,9.5984373093e+00,4.2814204102e+03
1566,4.3603423238e-01,-4.3568456173e-01,9.4528369904e+00,4.2807177734e+03
1567,4.3597760797e-01,-4.3567872047e-01,9.1617183685e+00,4.2800170898e+03
1568,4.3594866991e-01,-4.3562921882e-01,9.8414402008e+00,4.2793168945e+03
1569,4.3593642116e-01,-4.3559515476e-01,9.0664577484e+00,4.2786162109e+03
1570,4.3587946892e-01,-4.3556419015e-01,9.8106842041e+00,4.2779160156e+03
1571,4.3588182330e-01,-4.3552589417e-01,9.2071590424e+00,4.2772143555e+03
1572,4.3579635024e-01,-4.3547683954e-01,9.6676073074e+00,4.2765141602e+03
1573,4.3578100204e-01,-4.3546378613e-01,9.4886102676e+00,4.2758149414e+03
1574,4.3577468395e-01,-4.3537396193e-01,9.2572937012e+00,4.2751142578e+03
1575,4.3569928408e-01,-4.3538421392e-01,9.2575025558e+00,4.2744150391e+03
1576,4.3569454551e-01,-4.3530863523e-01,9.7826452255e+00,4.2737163086e+03
1577,4.3567094207e-01,-4.3528959155e-01,9.0764427185e+00,4.2730156250e+03
1578,4.3562102318e-01,-4.3524616957e-01,9.6572484970e+00,4.2723164062e+03
1579,4.3559551239e-01,-4.3521177769e-01,9.3099040985e+00,4.2716166992e+03
1580,4.3555301428e-01,-4.3516039848e-01,9.5116653442e+00,4.2709189453e+03
1581,4.3551099300e-01,-4.3513086438e-01,9.5960817337e+00,4.2702207031e+03
1582,4.3550756574e-01,-4.3505150080e-01,9.3598756790e+00,4.2695224609e+03
1583,4.3545711040e-01,-4.3506386876e-01,9.1140298843e+00,4.2688232422e+03
1584,4.3541231751e-01,-4.3502068520e-01,9.5753355026e+00,4.2681245117e+03
1585,4.3541967869e-01,-4.3495351076e-01,9.1851482391e+00,4.2674262695e+03
1586,4.3532621861e-01,-4.3495622277e-01,9.6061592102e+00,4.2667290039e+03
1587,4.3535083532e-01,-4.3488669395e-01,9.2867593765e+00,4.2660322266e+03
1588,4.3528226018e-01,-4.3485921621e-01,9.3117961884e+00,4.2653334961e+03
1589,4.3527227640e-01,-4.3482175469e-01,9.6095247269e+00,4.2646357422e+03
1590,4.3524223566e-01,-4.3474686146e-01,9.3250875473e+00,4.2639394531e+03
1591,4.3518242240e-01,-4.3476897478e-01,9.3512134552e+00,4.2632426758e+03
1592,4.3519163132e-01,-4.3467110395e-01,9.5275478363e+00,4.2625454102e+03
1593,4.3512779474e-01,-4.3466898799e-01,9.4971580505e+00,4.2618481445e+03
1594,4.3510654569e-01,-4.3461105227e-01,9.4792747498e+00,4.2611518555e+03
1595,4.3508192897e-01,-4.3455740809e-01,9.3196201324e+00,4.2604545898e+03
1596,4.3505290151e-01,-4.3453553319e-01,9.1547107697e+00,4.2597587891e+03
1597,4.3497720361e-01,-4.3452593684e-01,9.5299606323e+00,4.2590634766e+03
1598,4.3499776721e-01,-4.3445086479e-01,9.0902595520e+00,4.2583676758e+03
1599,4.3491053581e-01,-4.3445256352e-01,9.5648994446e+00,4.2576713867e+03
1600,4.3491563201e-01,-4.3440136313e-01,9.4484119415e+00,4.2569775391e+03
1601,4.3487676978e-01,-4.3433272839e-01,9.2186489105e+00,4.2562812500e+03
1602,4.3480926752e-01,-4.3436858058e-01,9.3419094086e+00,4.2555859375e+03
1603,4.3481981754e-01,-4.3423527479e-01,9.7493581772e+00,4.2548911133e+03
1604,4.3475294113e-01,-4.3425539136e-01,9.2825765610e+00,4.2541958008e+03
1605,4.3475845456e-01,-4.3417313695e-01,9.1594343185e+00,4.2535009766e+03
1606,4.3475046754e-01,-4.3410533667e-01,9.1594343185e+00,4.2528066406e+03
1607,4.3467614055e-01,-4.3411707878e-01,9.5690870285e+00,4.2521127930e+03
1608,4.3467354774e-01,-4.3405577540e-01,9.5353155136e+00,4.2514184570e+03
1609,4.3457573652e-01,-4.3408522010e-01,9.0309638977e+00,4.2507241211e+03
1610,4.3459537625e-01,-4.3399050832e-01,9.5308351517e+00,4.2500302734e+03
1611,4.3455058336e-01,-4.3396273255e-01,9.3770275116e+00,4.2493369141e+03
1612,4.3450790644e-01,-4.3393349648e-01,9.5022211075e+00,4.2486425781e+03
1613,4.3447786570e-01,-4.3389645219e-01,8.8869476318e+00,4.2479487305e+03
1614,4.3447470665e-01,-4.3382197618e-01,9.4887599945e+00,4.2472558594e+03
1615,4.3440955877e-01,-4.3381732702e-01,9.3773565292e+00,4.2465629883e+03
1616,4.3435752392e-01,-4.3379935622e-01,9.3773565292e+00,4.2458696289e+03
1617,4.3430480361e-01,-4.3377986550e-01,9.4353914261e+00,4.2451772461e+03
1618,4.3435430527e-01,-4.3366226554e-01,9.5871915817e+00,4.2444853516e+03
1619,4.3430054188e-01,-4.3364888430e-01,9.5486164093e+00,4.2437924805e+03
1620,4.3427318335e-01,-4.3360766768e-01,9.1602811813e+00,4.2431010742e+03
1621,4.3424892426e-01,-4.3355032802e-01,9.0054197311e+00,4.2424096680e+03
1622,4.3415495753e-01,-4.3359091878e-01,9.0171012878e+00,4.2417163086e+03
1623,4.3417286873e-01,-4.3348884583e-01,9.2396230698e+00,4.2410234375e+03
1624,4.3411180377e-01,-4.3347698450e-01,9.4056968689e+00,4.2403334961e+03
1625,4.3408408761e-01,-4.3343505263e-01,9.6890897751e+00,4.2396416016e+03
1626,4.3404510617e-01,-4.3340209126e-01,9.0219697952e+00,4.2389501953e+03
1627,4.3402329087e-01,-4.3336182833e-01,9.4610271454e+00,4.2382597656e+03
1628,4.3399885297e-01,-4.3330085278e-01,9.1009521484e+00,4.2375678711e+03
1629,4.3393987417e-01,-4.3329378963e-01,9.5589122772e+00,4.2368789062e+03
1630,4.3395870924e-01,-4.3319657445e-01,9.3416442871e+00,4.2361884766e+03
1631,4.3395951390e-01,-4.3311670423e-01,9.2066011429e+00,4.2354970703e+03
1632,4.3382251263e-01,-4.3321782351e-01,9.3450698853e+00,4.2348061523e+03
1633,4.3389162421e-01,-4.3304768205e-01,8.9279241562e+00,4.2341162109e+03
1634,4.3374866247e-01,-4.3314400315e-01,9.6179456711e+00,4.2334267578e+03
1635,4.3381953239e-01,-4.3297964334e-01,9.0970211029e+00,4.2327373047e+03
1636,4.3375587463e-01,-4.3297848105e-01,9.6775312424e+00,4.2320478516e+03
1637,4.3372774124e-01,-4.3293827772e-01,9.1465816498e+00,4.2313574219e+03
1638,4.3369469047e-01,-4.3290024996e-01,8.9911537170e+00,4.2306699219e+03
1639,4.3366640806e-01,-4.3285793066e-01,8.9911537170e+00,4.2299804688e+03
1640,4.3359726667e-01,-4.3286111951e-01,9.7584924698e+00,4.2292905273e+03
1641,4.3358141184e-01,-4.3279406428e-01,8.9808273315e+00,4.2286020508e+03
1642,4.3354555964e-01,-4.3277823925e-01,9.3798685074e+00,4.2279135742e+03
1643,4.3349000812e-01,-4.3275234103e-01,9.6898441315e+00,4.2272265625e+03
1644,4.3349930644e-01,-4.3266847730e-01,9.5952148438e+00,4.2265380859e+03
1645,4.3346324563e-01,-4.3265065551e-01,8.8889980316e+00,4.2258496094e+03
1646,4.3339124322e-01,-4.3263453245e-01,9.1507329941e+00,4.2251616211e+03
1647,4.3340218067e-01,-4.3256890774e-01,9.2517070770e+00,4.2244741211e+03
1648,4.3333256245e-01,-4.3255057931e-01,9.2583818436e+00,4.2237861328e+03
1649,4.3332728744e-01,-4.3250137568e-01,8.9972276688e+00,4.2230986328e+03
1650,4.3325543404e-01,-4.3248465657e-01,9.4857864380e+00,4.2224116211e+03
1651,4.3328836560e-01,-4.3239852786e-01,9.0810937881e+00,4.2217241211e+03
1652,4.3324080110e-01,-4.3237808347e-01,9.0808048248e+00,4.2210371094e+03
1653,4.3319529295e-01,-4.3236130476e-01,9.0564861298e+00,4.2203510742e+03
1654,4.3312287331e-01,-4.3236032128e-01,9.2001352310e+00,4.2196645508e+03
1655,4.3313556910e-01,-4.3224924803e-01,9.6031599045e+00,4.2189785156e+03
1656,4.3309491873e-01,-4.3223360181e-01,8.5863370895e+00,4.2182915039e+03
1657,4.3306282163e-01,-4.3222096562e-01,8.7015113831e+00,4.2176054688e+03
1658,4.3299216032e-01,-4.3220436573e-01,1.0273645401e+01,4.2169204102e+03
1659,4.3298038840e-01,-4.3213441968e-01,8.7469282150e+00,4.2162343750e+03
1660,4.3294450641e-01,-4.3209353089e-01,9.9730939865e+00,4.2155488281e+03
1661,4.3293768167e-01,-4.3203532696e-01,8.5515527725e+00,4.2148632812e+03
1662,4.3292164803e-01,-4.3199640512e-01,9.6247501373e+00,4.2141772461e+03
1663,4.3288421631e-01,-4.3195524812e-01,8.6544780731e+00,4.2134926758e+03
1664,4.3280497193e-01,-4.3197268248e-01,9.8288125992e+00,4.2128081055e+03
1665,4.3282258511e-01,-4.3186539412e-01,8.6821994781e+00,4.2121225586e+03
1666,4.3274030089e-01,-4.3188694119e-01,9.8889198303e+00,4.2114375000e+03
1667,4.3274757266e-01,-4.3179857731e-01,8.3867807388e+00,4.2107548828e+03
1668,4.3266004324e-01,-4.3182465434e-01,1.0063201904e+01,4.2100683594e+03
1669,4.3272277713e-01,-4.3168362975e-01,8.2342052460e+00,4.2093857422e+03
1670,4.3268439174e-01,-4.3165493011e-01,9.6374807358e+00,4.2087031250e+03
1671,4.3261200190e-01,-4.3166801333e-01,8.8846836090e+00,4.2080166016e+03
1672,4.3257701397e-01,-4.3162134290e-01,9.6378774643e+00,4.2073334961e+03
1673,4.3256303668e-01,-4.3157386780e-01,8.6836252213e+00,4.2066513672e+03
1674,4.3250933290e-01,-4.3156415224e-01,8.5326442719e+00,4.2059672852e+03
1675,4.3248090148e-01,-4.3151116371e-01,1.0519848824e+01,4.2052846680e+03
1676,4.3242979050e-01,-4.3148681521e-01,7.9751091003e+00,4.2046015625e+03
1677,4.3237489462e-01,-4.3147784472e-01,1.0351762772e+01,4.2039179688e+03
1678,4.3241629004e-01,-4.3136495352e-01,7.8925628662e+00,4.2032363281e+03
1679,4.3239039183e-01,-4.3131017685e-01,9.6162042618e+00,4.2025537109e+03
1680,4.3231874704e-01,-4.3131583929e-01,9.0184011459e+00,4.2018706055e+03
1681,4.3224945664e-01,-4.3132987618e-01,9.0372028351e+00,4.2011884766e+03
1682,4.3217992783e-01,-4.3133497238e-01,9.1558818817e+00,4.2005068359e+03
1683,4.3222612143e-01,-4.3120926619e-01,9.7112617493e+00,4.1998256836e+03
1684,4.3214908242e-01,-4.3120184541e-01,8.5949268341e+00,4.1991425781e+03
1685,4.3216639757e-01,-4.3113264441e-01,9.6691999435e+00,4.1984619141e+03
1686,4.3212002516e-01,-4.3108677864e-01,8.6657247543e+00,4.1977812500e+03
1687,4.3205323815e-01,-4.3111217022e-01,9.7049798965e+00,4.1970986328e+03
1688,4.3208006024e-01,-4.3098163605e-01,8.3655567169e+00,4.1964184570e+03
1689,4.3205219507e-01,-4.3094831705e-01,9.5587768555e+00,4.1957377930e+03
1690,4.3199166656e-01,-4.3094035983e-01,8.9728221893e+00,4.1950561523e+03
1691,4.3195325136e-01,-4.3092739582e-01,8.9702148438e+00,4.1943759766e+03
1692,4.3191015720e-01,-4.3088033795e-01,9.4579076767e+00,4.1936962891e+03
1693,4.3188208342e-01,-4.3085798621e-01,8.6435022354e+00,4.1930156250e+03
1694,4.3185749650e-01,-4.3079623580e-01,9.5895719528e+00,4.1923369141e+03
1695,4.3183693290e-01,-4.3076223135e-01,8.5536317825e+00,4.1916557617e+03
1696,4.3177676201e-01,-4.3075987697e-01,9.5482950211e+00,4.1909760742e+03
1697,4.3177863955e-01,-4.3065118790e-01,8.5930624008e+00,4.1902968750e+03
1698,4.3168562651e-01,-4.3071311712e-01,9.7030401230e+00,4.1896171875e+03
1699,4.3164896965e-01,-4.3067166209e-01,8.5074911118e+00,4.1889375000e+03
1700,4.3163323402e-01,-4.3061378598e-01,9.4723167419e+00,4.1882578125e+03
1701,4.3162909150e-01,-4.3054813147e-01,9.5349435806e+00,4.1875800781e+03
1702,4.3160298467e-01,-4.3049743772e-01,7.8701276779e+00,4.1869013672e+03
1703,4.3157142401e-01,-4.3047595024e-01,1.0221002579e+01,4.1862231445e+03
1704,4.3150568008e-01,-4.3043136597e-01,7.6519613266e+00,4.1855444336e+03
1705,4.3150201440e-01,-4.3041059375e-01,1.0366213799e+01,4.1848662109e+03
1706,4.3148359656e-01,-4.3030545115e-01,7.6613602638e+00,4.1841884766e+03
1707,4.3146094680e-01,-4.3027037382e-01,9.5007085800e+00,4.1835097656e+03
1708,4.3143332005e-01,-4.3024241924e-01,9.5007085800e+00,4.1828325195e+03
1709,4.3137365580e-01,-4.3023750186e-01,8.7436962128e+00,4.1821542969e+03
1710,4.3131640553e-01,-4.3024209142e-01,8.6697330475e+00,4.1814770508e+03
1711,4.3128862977e-01,-4.3018078804e-01,9.9468479156e+00,4.1807988281e+03
1712,4.3126112223e-01,-4.3014317751e-01,7.8271417618e+00,4.1801220703e+03
1713,4.3124490976e-01,-4.3006783724e-01,9.4602870941e+00,4.1794467773e+03
1714,4.3121299148e-01,-4.3004906178e-01,8.9982843399e+00,4.1787695312e+03
1715,4.3117624521e-01,-4.3003046513e-01,8.9733362198e+00,4.1780922852e+03
1716,4.3114271760e-01,-4.3000918627e-01,8.9733362198e+00,4.1774169922e+03
1717,4.3112188578e-01,-4.2989891768e-01,9.2769250870e+00,4.1767397461e+03
1718,4.3106380105e-01,-4.2993772030e-01,9.1883239746e+00,4.1760629883e+03
1719,4.3102386594e-01,-4.2988881469e-01,8.8033399582e+00,4.1753876953e+03
1720,4.3103536963e-01,-4.2981353402e-01,9.0504560471e+00,4.1747119141e+03
1721,4.3097147346e-01,-4.2982396483e-01,8.7103662491e+00,4.1740361328e+03
1722,4.3094739318e-01,-4.2973837256e-01,9.5642471313e+00,4.1733603516e+03
1723,4.3089067936e-01,-4.2975246906e-01,8.0924673080e+00,4.1726850586e+03
1724,4.3091195822e-01,-4.2965188622e-01,9.9701261520e+00,4.1720107422e+03
1725,4.3081417680e-01,-4.2968961596e-01,7.9687857628e+00,4.1713354492e+03
1726,4.3082779646e-01,-4.2959386110e-01,9.9429025650e+00,4.1706601562e+03
1727,4.3075376749e-01,-4.2961806059e-01,7.9105238914e+00,4.1699853516e+03
1728,4.3075028062e-01,-4.2954766750e-01,9.1421461105e+00,4.1693105469e+03
1729,4.3071666360e-01,-4.2950585485e-01,9.2356462479e+00,4.1686372070e+03
1730,4.3067923188e-01,-4.2948547006e-01,9.0859012604e+00,4.1679619141e+03
1731,4.3065822124e-01,-4.2943057418e-01,8.7741403580e+00,4.1672871094e+03
1732,4.3062344193e-01,-4.2935439944e-01,8.9727516174e+00,4.1666137695e+03
1733,4.3056353927e-01,-4.2939281464e-01,8.8778514862e+00,4.1659399414e+03
1734,4.3055915833e-01,-4.2929571867e-01,9.1952495575e+00,4.1652670898e+03
1735,4.3051892519e-01,-4.2931002378e-01,8.4153881073e+00,4.1645927734e+03
1736,4.3047714233e-01,-4.2923212051e-01,9.4505386353e+00,4.1639199219e+03
1737,4.3044319749e-01,-4.2924439907e-01,8.4692201614e+00,4.1632480469e+03
1738,4.3042492867e-01,-4.2915093899e-01,9.2441940308e+00,4.1625747070e+03
1739,4.3037164211e-01,-4.2917001247e-01,8.6230401993e+00,4.1619008789e+03
1740,4.3035781384e-01,-4.2908295989e-01,9.0586433411e+00,4.1612290039e+03
1741,4.3030869961e-01,-4.2907044291e-01,9.0531816483e+00,4.1605566406e+03
1742,4.3029233813e-01,-4.2901107669e-01,8.7706279755e+00,4.1598842773e+03
1743,4.3027099967e-01,-4.2895707488e-01,8.7706279755e+00,4.1592114258e+03
1744,4.3021208048e-01,-4.2898982763e-01,8.8600568771e+00,4.1585405273e+03
1745,4.3019041419e-01,-4.2889556289e-01,9.0884771347e+00,4.1578681641e+03
1746,4.3016362190e-01,-4.2890927196e-01,8.5974054337e+00,4.1571962891e+03
1747,4.3009573221e-01,-4.2884153128e-01,9.0959568024e+00,4.1565234375e+03
1748,4.3011465669e-01,-4.2881646752e-01,8.8060426712e+00,4.1558544922e+03
1749,4.3002995849e-01,-4.2877104878e-01,8.9783248901e+00,4.1551831055e+03
1750,4.3000581861e-01,-4.2874726653e-01,8.8880062103e+00,4.1545112305e+03
1751,4.2999342084e-01,-4.2869523168e-01,8.8009834290e+00,4.1538393555e+03
1752,4.2997646332e-01,-4.2864763737e-01,8.8009834290e+00,4.1531704102e+03
1753,4.2995837331e-01,-4.2860117555e-01,8.8009834290e+00,4.1524990234e+03
1754,4.2988198996e-01,-4.2861360312e-01,8.7674770355e+00,4.1518291016e+03
1755,4.2987334728e-01,-4.2853268981e-01,9.0609741211e+00,4.1511591797e+03
1756,4.2981693149e-01,-4.2854595184e-01,8.5458106995e+00,4.1504892578e+03
1757,4.2977517843e-01,-4.2848125100e-01,9.1091041565e+00,4.1498193359e+03
1758,4.2977994680e-01,-4.2845267057e-01,8.6974363327e+00,4.1491494141e+03
1759,4.2969596386e-01,-4.2841732502e-01,8.9161233902e+00,4.1484799805e+03
1760,4.2970538139e-01,-4.2838808894e-01,8.5867509842e+00,4.1478100586e+03
1761,4.2967447639e-01,-4.2833387852e-01,8.7724885941e+00,4.1471411133e+03
1762,4.2963036895e-01,-4.2830500007e-01,8.9289054871e+00,4.1464711914e+03
1763,4.2958059907e-01,-4.2828124762e-01,8.9169588089e+00,4.1458032227e+03
1764,4.2956697941e-01,-4.2821758986e-01,8.6994628906e+00,4.1451333008e+03
1765,4.2951560020e-01,-4.2822214961e-01,8.6768646240e+00,4.1444643555e+03
1766,4.2950624228e-01,-4.2813664675e-01,8.9860572815e+00,4.1437968750e+03
1767,4.2946040630e-01,-4.2814147472e-01,8.5718965530e+00,4.1431298828e+03
1768,4.2941260338e-01,-4.2809170485e-01,8.8703784943e+00,4.1424609375e+03
1769,4.2941316962e-01,-4.2805463076e-01,8.7570343018e+00,4.1417924805e+03
1770,4.2934772372e-01,-4.2801344395e-01,8.8512840271e+00,4.1411245117e+03
1771,4.2930960655e-01,-4.2800068855e-01,8.6956224442e+00,4.1404570312e+03
1772,4.2930188775e-01,-4.2793634534e-01,8.8220958710e+00,4.1397885742e+03
1773,4.2928448319e-01,-4.2788121104e-01,8.8220958710e+00,4.1391215820e+03
1774,4.2926108837e-01,-4.2783448100e-01,8.7679014206e+00,4.1384545898e+03
1775,4.2918580770e-01,-4.2786610126e-01,8.4676151276e+00,4.1377880859e+03
1776,4.2918789387e-01,-4.2777279019e-01,8.9175176620e+00,4.1371206055e+03
1777,4.2911389470e-01,-4.2779722810e-01,8.6006975174e+00,4.1364550781e+03
1778,4.2909875512e-01,-4.2771086097e-01,8.9899091721e+00,4.1357885742e+03
1779,4.2905789614e-01,-4.2769843340e-01,8.7842645645e+00,4.1351215820e+03
1780,4.2903694510e-01,-4.2764934897e-01,8.6206989288e+00,4.1344555664e+03
1781,4.2901369929e-01,-4.2760229111e-01,8.6206989288e+00,4.1337895508e+03
1782,4.2898973823e-01,-4.2755588889e-01,8.6206989288e+00,4.1331230469e+03
1783,4.2896050215e-01,-4.2751625180e-01,8.5981998444e+00,4.1324580078e+03
1784,4.2888692021e-01,-4.2753419280e-01,9.0679445267e+00,4.1317924805e+03
1785,4.2886179686e-01,-4.2748233676e-01,8.5729265213e+00,4.1311279297e+03
1786,4.2884030938e-01,-4.2743301392e-01,8.5865650177e+00,4.1304628906e+03
1787,4.2881512642e-01,-4.2738643289e-01,8.5865650177e+00,4.1297958984e+03
1788,4.2878866196e-01,-4.2734050751e-01,8.5865650177e+00,4.1291318359e+03
1789,4.2872068286e-01,-4.2733401060e-01,8.9920578003e+00,4.1284667969e+03
1790,4.2871010303e-01,-4.2726525664e-01,9.1647043228e+00,4.1278017578e+03
1791,4.2865860462e-01,-4.2729470134e-01,8.3138513565e+00,4.1271372070e+03
1792,4.2865142226e-01,-4.2720499635e-01,8.7035884857e+00,4.1264736328e+03
1793,4.2859902978e-01,-4.2722100019e-01,8.4007349014e+00,4.1258095703e+03
1794,4.2857229710e-01,-4.2713835835e-01,9.0081481934e+00,4.1251445312e+03
1795,4.2853420973e-01,-4.2715552449e-01,8.3286361694e+00,4.1244809570e+03
1796,4.2850279808e-01,-4.2709824443e-01,8.5795097351e+00,4.1238178711e+03
1797,4.2846515775e-01,-4.2706194520e-01,8.7634029388e+00,4.1231533203e+03
1798,4.2842775583e-01,-4.2702463269e-01,8.7634029388e+00,4.1224907227e+03
1799,4.2839086056e-01,-4.2698642612e-01,8.7634029388e+00,4.1218271484e+03
1800,4.2836469412e-01,-4.2695325613e-01,8.6516923904e+00,4.1211650391e+03
1801,4.2833468318e-01,-4.2688307166e-01,8.3594026566e+00,4.1205019531e+03
1802,4.2829784751e-01,-4.2690208554e-01,8.7098102570e+00,4.1198388672e+03
1803,4.2827814817e-01,-4.2681223154e-01,8.6496543884e+00,4.1191777344e+03
1804,4.2824158072e-01,-4.2683798075e-01,8.3354873657e+00,4.1185141602e+03
1805,4.2820879817e-01,-4.2674067616e-01,8.8620204926e+00,4.1178520508e+03
1806,4.2816096544e-01,-4.2676660419e-01,8.4954195023e+00,4.1171914062e+03
1807,4.2815485597e-01,-4.2666760087e-01,8.6144409180e+00,4.1165263672e+03
1808,4.2808371782e-01,-4.2669349909e-01,8.7174625397e+00,4.1158652344e+03
1809,4.2809408903e-01,-4.2659005523e-01,8.4350957870e+00,4.1152036133e+03
1810,4.2801514268e-01,-4.2662805319e-01,8.8284893036e+00,4.1145429688e+03
1811,4.2802929878e-01,-4.2651277781e-01,8.3468360901e+00,4.1138808594e+03
1812,4.2795723677e-01,-4.2655080557e-01,8.8885593414e+00,4.1132197266e+03
1813,4.2795690894e-01,-4.2645081878e-01,8.2051763535e+00,4.1125590820e+03
1814,4.2789068818e-01,-4.2648151517e-01,8.9694061279e+00,4.1118974609e+03
1815,4.2788320780e-01,-4.2639151216e-01,8.0967969894e+00,4.1112373047e+03
1816,4.2783269286e-01,-4.2639771104e-01,9.0687990189e+00,4.1105756836e+03
1817,4.2781826854e-01,-4.2635303736e-01,8.3069067001e+00,4.1099160156e+03
1818,4.2778736353e-01,-4.2630690336e-01,8.6134757996e+00,4.1092553711e+03
1819,4.2775535583e-01,-4.2626318336e-01,8.6134757996e+00,4.1085961914e+03
1820,4.2772382498e-01,-4.2621940374e-01,8.6134757996e+00,4.1079350586e+03
1821,4.2767134309e-01,-4.2619448900e-01,8.1667604446e+00,4.1072749023e+03
1822,4.2762044072e-01,-4.2617526650e-01,8.7555589676e+00,4.1066162109e+03
1823,4.2757359147e-01,-4.2615059018e-01,8.7555589676e+00,4.1059575195e+03
1824,4.2759191990e-01,-4.2608100176e-01,8.0920667648e+00,4.1052978516e+03
1825,4.2752364278e-01,-4.2608433962e-01,8.6061420441e+00,4.1046381836e+03
1826,4.2751690745e-01,-4.2601016164e-01,8.3707447052e+00,4.1039790039e+03
1827,4.2746630311e-01,-4.2600566149e-01,8.6326065063e+00,4.1033208008e+03
1828,4.2744353414e-01,-4.2594882846e-01,8.4325370789e+00,4.1026611328e+03
1829,4.2740476131e-01,-4.2591992021e-01,8.6785449982e+00,4.1020034180e+03
1830,4.2738199234e-01,-4.2588558793e-01,8.2470493317e+00,4.1013442383e+03
1831,4.2733192444e-01,-4.2585098743e-01,8.8273324966e+00,4.1006870117e+03
1832,4.2731964588e-01,-4.2583602667e-01,8.3506212234e+00,4.1000288086e+03
1833,4.2727601528e-01,-4.2579433322e-01,8.6000804901e+00,4.0993706055e+03
1834,4.2723384500e-01,-4.2575129867e-01,8.6000804901e+00,4.0987128906e+03
1835,4.2721056938e-01,-4.2568424344e-01,8.6103134155e+00,4.0980541992e+03
1836,4.2719390988e-01,-4.2564567924e-01,8.0090188980e+00,4.0973974609e+03
1837,4.2714840174e-01,-4.2562142015e-01,8.6872997284e+00,4.0967392578e+03
1838,4.2711243033e-01,-4.2557883263e-01,8.2327833176e+00,4.0960834961e+03
1839,4.2706966400e-01,-4.2556080222e-01,8.2489881516e+00,4.0954260254e+03
1840,4.2706134915e-01,-4.2554625869e-01,8.7981195450e+00,4.0947692871e+03
1841,4.2698800564e-01,-4.2549961805e-01,8.1677494049e+00,4.0941137695e+03
1842,4.2699748278e-01,-4.2546236515e-01,8.7624788284e+00,4.0934555664e+03
1843,4.2692968249e-01,-4.2541950941e-01,8.0053634644e+00,4.0927993164e+03
1844,4.2692267895e-01,-4.2540982366e-01,8.8999061584e+00,4.0921430664e+03
1845,4.2686489224e-01,-4.2533850670e-01,7.8217840195e+00,4.0914870605e+03
1846,4.2686021328e-01,-4.2534062266e-01,9.0716905594e+00,4.0908315430e+03
1847,4.2681542039e-01,-4.2530962825e-01,8.1240110397e+00,4.0901745605e+03
1848,4.2676463723e-01,-4.2527049780e-01,8.3153018951e+00,4.0895200195e+03
1849,4.2671817541e-01,-4.2522820830e-01,8.3153018951e+00,4.0888642578e+03
1850,4.2667388916e-01,-4.2518478632e-01,8.3153018951e+00,4.0882087402e+03
1851,4.2663088441e-01,-4.2514097691e-01,8.3153018951e+00,4.0875539551e+03
1852,4.2658898234e-01,-4.2509710789e-01,8.3153018951e+00,4.0869003906e+03
1853,4.2662879825e-01,-4.2506694794e-01,9.1173887253e+00,4.0862453613e+03
1854,4.2658251524e-01,-4.2507734895e-01,8.3684024811e+00,4.0855908203e+03
1855,4.2654958367e-01,-4.2496833205e-01,8.1294174194e+00,4.0849367676e+03
1856,4.2651560903e-01,-4.2501705885e-01,8.4793109894e+00,4.0842822266e+03
1857,4.2646688223e-01,-4.2490720749e-01,8.0480251312e+00,4.0836276855e+03
1858,4.2645490170e-01,-4.2493635416e-01,8.6119909286e+00,4.0829729004e+03
1859,4.2639863491e-01,-4.2483878136e-01,8.0876245499e+00,4.0823193359e+03
1860,4.2638447881e-01,-4.2486593127e-01,8.6294803619e+00,4.0816655273e+03
1861,4.2634671926e-01,-4.2475879192e-01,8.0366458893e+00,4.0810124512e+03
1862,4.2631500959e-01,-4.2476290464e-01,8.6748514175e+00,4.0803583984e+03
1863,4.2628332973e-01,-4.2471107841e-01,8.0206966400e+00,4.0797050781e+03
1864,4.2624041438e-01,-4.2471799254e-01,8.6103382111e+00,4.0790517578e+03
1865,4.2621022463e-01,-4.2464345694e-01,8.0446147919e+00,4.0783991699e+03
1866,4.2617678642e-01,-4.2464312911e-01,8.6247787476e+00,4.0777460938e+03
1867,4.2614731193e-01,-4.2457723618e-01,8.0902452469e+00,4.0770942383e+03
1868,4.2610874772e-01,-4.2457213998e-01,8.5987663269e+00,4.0764416504e+03
1869,4.2607247829e-01,-4.2450678349e-01,7.9611806870e+00,4.0757885742e+03
1870,4.2604795098e-01,-4.2446783185e-01,8.5423221588e+00,4.0751362305e+03
1871,4.2601493001e-01,-4.2444193363e-01,8.2438611984e+00,4.0744846191e+03
1872,4.2598259449e-01,-4.2441499233e-01,8.2438611984e+00,4.0738327637e+03
1873,4.2595034838e-01,-4.2438769341e-01,8.2438611984e+00,4.0731796875e+03
1874,4.2591795325e-01,-4.2436027527e-01,8.2438611984e+00,4.0725285645e+03
1875,4.2588543892e-01,-4.2433273792e-01,8.2438611984e+00,4.0718784180e+03
1876,4.2584326863e-01,-4.2430400848e-01,8.2241802216e+00,4.0712277832e+03
1877,4.2582094669e-01,-4.2423677444e-01,8.5499496460e+00,4.0705778809e+03
1878,4.2577531934e-01,-4.2422869802e-01,7.9472284317e+00,4.0699270020e+03
1879,4.2573371530e-01,-4.2422086000e-01,7.9553499222e+00,4.0692749023e+03
1880,4.2569670081e-01,-4.2414253950e-01,8.9820041656e+00,4.0686250000e+03
1881,4.2567113042e-01,-4.2412599921e-01,8.2716255188e+00,4.0679731445e+03
1882,4.2563915253e-01,-4.2408698797e-01,8.3744363785e+00,4.0673217773e+03
1883,4.2561411858e-01,-4.2403194308e-01,8.3763685226e+00,4.0666726074e+03
1884,4.2557212710e-01,-4.2400094867e-01,7.9648571014e+00,4.0660239258e+03
1885,4.2555242777e-01,-4.2396822572e-01,8.1434097290e+00,4.0653750000e+03
1886,4.2550459504e-01,-4.2394533753e-01,8.0212354660e+00,4.0647243652e+03
1887,4.2547422647e-01,-4.2387664318e-01,8.4131288528e+00,4.0640747070e+03
1888,4.2544955015e-01,-4.2385700345e-01,8.2817201614e+00,4.0634260254e+03
1889,4.2542168498e-01,-4.2383158207e-01,8.2326927185e+00,4.0627775879e+03
1890,4.2537698150e-01,-4.2379426956e-01,8.1489238739e+00,4.0621267090e+03
1891,4.2531087995e-01,-4.2377775908e-01,8.3128032684e+00,4.0614785156e+03
1892,4.2531099916e-01,-4.2371988297e-01,7.9320292473e+00,4.0608288574e+03
1893,4.2530474067e-01,-4.2366769910e-01,7.9320292473e+00,4.0601811523e+03
1894,4.2521280050e-01,-4.2369720340e-01,8.5095996857e+00,4.0595317383e+03
1895,4.2522993684e-01,-4.2359215021e-01,8.1375093460e+00,4.0588837891e+03
1896,4.2516520619e-01,-4.2361474037e-01,8.0751781464e+00,4.0582343750e+03
1897,4.2513290048e-01,-4.2355531454e-01,8.4440908432e+00,4.0575856934e+03
1898,4.2511269450e-01,-4.2350053787e-01,8.0109205246e+00,4.0569392090e+03
1899,4.2505148053e-01,-4.2352640629e-01,8.0204868317e+00,4.0562922363e+03
1900,4.2504611611e-01,-4.2343586683e-01,8.3898849487e+00,4.0556435547e+03
1901,4.2498904467e-01,-4.2343372107e-01,8.0495166779e+00,4.0549965820e+03
1902,4.2497020960e-01,-4.2336991429e-01,8.2991142273e+00,4.0543491211e+03
1903,4.2492529750e-01,-4.2334356904e-01,8.1763439178e+00,4.0537016602e+03
1904,4.2489412427e-01,-4.2331317067e-01,8.1386575699e+00,4.0530551758e+03
1905,4.2486873269e-01,-4.2326372862e-01,8.1138010025e+00,4.0524084473e+03
1906,4.2483353615e-01,-4.2329004407e-01,8.0347356796e+00,4.0517612305e+03
1907,4.2480325699e-01,-4.2316758633e-01,8.3268661499e+00,4.0511154785e+03
1908,4.2475619912e-01,-4.2323550582e-01,7.9915909767e+00,4.0504687500e+03
