step,vx_25_25,vy_25_25,pressure_25_25,energy
0,4.9975326657e-01,-4.9975326657e-01,0.0000000000e+00,2.3998947754e+03
1,5.0237661600e-01,-5.0201034546e-01,1.1528966904e+01,2.4623400879e+03
2,5.0218832493e-01,-5.0183296204e-01,7.2222256660e+00,2.4622248535e+03
3,5.0238597393e-01,-5.0171071291e-01,-5.8650851250e-01,2.4620954590e+03
4,5.0238031149e-01,-5.0172877312e-01,-1.7647063732e+00,2.4619719238e+03
5,5.0244349241e-01,-5.0169014931e-01,-3.2901844382e-01,2.4618535156e+03
6,5.0234627724e-01,-5.0166010857e-01,-1.5275760889e+00,2.4617353516e+03
7,5.0222253799e-01,-5.0179302692e-01,-1.4853466749e+00,2.4616120605e+03
8,5.0225168467e-01,-5.0175625086e-01,-1.4913051128e+00,2.4614926758e+03
9,5.0210833549e-01,-5.0184947252e-01,-2.0484735966e+00,2.4613737793e+03
10,5.0203233957e-01,-5.0187551975e-01,-7.5549340248e-01,2.4612575684e+03
11,5.0216460228e-01,-5.0181460381e-01,-2.5547972322e-01,2.4611325684e+03
12,5.0194352865e-01,-5.0185507536e-01,-1.5289968252e+00,2.4610146484e+03
13,5.0202113390e-01,-5.0172305107e-01,5.0550067425e-01,2.4608986816e+03
14,5.0188410282e-01,-5.0174146891e-01,-1.1621530056e+00,2.4607812500e+03
15,5.0180393457e-01,-5.0162994862e-01,5.1382076740e-01,2.4606652832e+03
16,5.0177466869e-01,-5.0146138668e-01,-3.3855703473e-01,2.4605500488e+03
17,5.0160574913e-01,-5.0156944990e-01,1.4753594995e-01,2.4604348145e+03
18,5.0160056353e-01,-5.0146484375e-01,-3.8099506497e-01,2.4603198242e+03
19,5.0165295601e-01,-5.0133538246e-01,1.6983447969e-01,2.4602006836e+03
20,5.0170761347e-01,-5.0134366751e-01,-2.1421855688e-01,2.4600888672e+03
21,5.0169736147e-01,-5.0123912096e-01,-7.8087735176e-01,2.4599790039e+03
22,5.0164276361e-01,-5.0126969814e-01,-8.3763498068e-01,2.4598664551e+03
23,5.0172150135e-01,-5.0122135878e-01,-8.1293731928e-01,2.4597548828e+03
24,5.0180655718e-01,-5.0123715401e-01,-1.4701069593e+00,2.4596398926e+03
25,5.0165015459e-01,-5.0121784210e-01,-1.5619438887e+00,2.4595332031e+03
26,5.0185459852e-01,-5.0121796131e-01,-6.9047838449e-01,2.4594223633e+03
27,5.0180166960e-01,-5.0120180845e-01,-1.3190051317e+00,2.4593149414e+03
28,5.0180655718e-01,-5.0134253502e-01,-1.0965179205e+00,2.4592048340e+03
29,5.0173687935e-01,-5.0139665604e-01,-1.4265251160e+00,2.4590974121e+03
30,5.0176274776e-01,-5.0139170885e-01,-4.4413587451e-01,2.4589860840e+03
31,5.0168472528e-01,-5.0148051977e-01,-1.1175932884e+00,2.4588791504e+03
32,5.0168967247e-01,-5.0142890215e-01,-1.6981700063e-01,2.4587727051e+03
33,5.0162416697e-01,-5.0152504444e-01,-8.7063640356e-01,2.4586674805e+03
34,5.0166267157e-01,-5.0145494938e-01,-1.6362355649e-01,2.4585603027e+03
35,5.0165629387e-01,-5.0135952234e-01,-5.0962054729e-01,2.4584531250e+03
36,5.0157070160e-01,-5.0139790773e-01,-6.5932691097e-01,2.4583483887e+03
37,5.0153440237e-01,-5.0137329102e-01,-6.5818732977e-01,2.4582441406e+03
38,5.0153207779e-01,-5.0135654211e-01,-2.1590769291e-01,2.4581420898e+03
39,5.0150054693e-01,-5.0137448311e-01,-1.9350153208e+00,2.4580400391e+03
40,5.0158280134e-01,-5.0129920244e-01,-3.4498676658e-02,2.4579406738e+03
41,5.0159376860e-01,-5.0145554543e-01,-2.5103893280e+00,2.4578376465e+03
42,5.0159835815e-01,-5.0123667717e-01,1.7297159880e-02,2.4577368164e+03
43,5.0157278776e-01,-5.0129312277e-01,-2.4671311378e+00,2.4576379395e+03
44,5.0154465437e-01,-5.0134986639e-01,-1.4668340981e-01,2.4575375977e+03
45,5.0147777796e-01,-5.0146508217e-01,-2.5939435959e+00,2.4574423828e+03
46,5.0158941746e-01,-5.0126731396e-01,4.5013150573e-01,2.4573442383e+03
47,5.0148379803e-01,-5.0128048658e-01,-3.0364620686e+00,2.4572482910e+03
48,5.0154721737e-01,-5.0130641460e-01,7.0959025621e-01,2.4571545410e+03
49,5.0141334534e-01,-5.0134241581e-01,-2.5242786407e+00,2.4570610352e+03
50,5.0146353245e-01,-5.0131356716e-01,1.0498484373e+00,2.4569680176e+03
51,5.0146591663e-01,-5.0122851133e-01,-3.1098947525e+00,2.4568735352e+03
52,5.0127512217e-01,-5.0135421753e-01,1.7302924395e+00,2.4567819824e+03
53,5.0133997202e-01,-5.0131052732e-01,-4.0766925812e+00,2.4566875000e+03
54,5.0139486790e-01,-5.0111413002e-01,1.5555579662e+00,2.4565952148e+03
55,5.0131028891e-01,-5.0135058165e-01,-2.5240285397e+00,2.4565026855e+03
56,5.0135970116e-01,-5.0117230415e-01,6.7252360284e-02,2.4564123535e+03
57,5.0111204386e-01,-5.0135916471e-01,-1.4772338867e+00,2.4563234863e+03
58,5.0130474567e-01,-5.0115293264e-01,-3.2530254126e-01,2.4562353516e+03
59,5.0112485886e-01,-5.0130248070e-01,-1.5596902370e+00,2.4561459961e+03
60,5.0118422508e-01,-5.0119191408e-01,-7.9649066925e-01,2.4560571289e+03
61,5.0118458271e-01,-5.0119900703e-01,-1.8801656961e+00,2.4559697266e+03
62,5.0116276741e-01,-5.0111043453e-01,-1.1403168440e+00,2.4558825684e+03
63,5.0126856565e-01,-5.0122761726e-01,-4.9610242248e-01,2.4557944336e+03
64,5.0119793415e-01,-5.0111842155e-01,-2.5643272400e+00,2.4557060547e+03
65,5.0112688541e-01,-5.0119453669e-01,-4.7736116685e-03,2.4556179199e+03
66,5.0113773346e-01,-5.0114268064e-01,-2.4957571030e+00,2.4555334473e+03
67,5.0114899874e-01,-5.0121217966e-01,-1.0395684093e-01,2.4554492188e+03
68,5.0111287832e-01,-5.0125783682e-01,-2.4930915833e+00,2.4553654785e+03
69,5.0102907419e-01,-5.0116759539e-01,1.6995982826e-01,2.4552812500e+03
70,5.0103217363e-01,-5.0127685070e-01,-2.6236383915e+00,2.4551967773e+03
71,5.0099378824e-01,-5.0123780966e-01,4.4371858239e-01,2.4551132812e+03
72,5.0110948086e-01,-5.0147610903e-01,-3.3987545967e+00,2.4550288086e+03
73,5.0109845400e-01,-5.0112801790e-01,9.6121948957e-01,2.4549460449e+03
74,5.0092786551e-01,-5.0135523081e-01,-3.0340073109e+00,2.4548645020e+03
75,5.0109827518e-01,-5.0138133764e-01,-3.5892549157e-01,2.4547800293e+03
76,5.0095659494e-01,-5.0129830837e-01,-1.8676768541e+00,2.4546994629e+03
77,5.0101625919e-01,-5.0130885839e-01,-7.0787131786e-01,2.4546206055e+03
78,5.0109040737e-01,-5.0132960081e-01,-1.2294391394e+00,2.4545400391e+03
79,5.0100314617e-01,-5.0142472982e-01,-2.1423718929e+00,2.4544572754e+03
80,5.0105845928e-01,-5.0137215853e-01,-2.4773652852e-01,2.4543811035e+03
81,5.0093680620e-01,-5.0141912699e-01,-3.0562484264e+00,2.4543027344e+03
82,5.0080180168e-01,-5.0149947405e-01,-5.1828747988e-01,2.4542248535e+03
83,5.0082260370e-01,-5.0133705139e-01,-1.7990418673e+00,2.4541472168e+03
84,5.0086247921e-01,-5.0141048431e-01,-1.1984767914e+00,2.4540695801e+03
85,5.0093001127e-01,-5.0127089024e-01,-1.5745708942e+00,2.4539936523e+03
86,5.0085288286e-01,-5.0135481358e-01,-8.9112168550e-01,2.4539189453e+03
87,5.0084185600e-01,-5.0131589174e-01,-3.1702117920e+00,2.4538442383e+03
88,5.0076055527e-01,-5.0154620409e-01,5.3333169222e-01,2.4537678223e+03
89,5.0075173378e-01,-5.0151067972e-01,-4.2008733749e+00,2.4536923828e+03
90,5.0083619356e-01,-5.0132340193e-01,2.0222394466e+00,2.4536179199e+03
91,5.0080853701e-01,-5.0136268139e-01,-5.4748554230e+00,2.4535434570e+03
92,5.0090628862e-01,-5.0132083893e-01,2.1422779560e+00,2.4534687500e+03
93,5.0082504749e-01,-5.0129604340e-01,-3.0883531570e+00,2.4533942871e+03
94,5.0087469816e-01,-5.0121808052e-01,-9.8068761826e-01,2.4533208008e+03
95,5.0085735321e-01,-5.0128459930e-01,-3.0657663345e+00,2.4532509766e+03
96,5.0082308054e-01,-5.0124841928e-01,4.4340949506e-02,2.4531804199e+03
97,5.0081968307e-01,-5.0130712986e-01,-4.1301097870e+00,2.4531079102e+03
98,5.0076085329e-01,-5.0139629841e-01,6.8595576286e-01,2.4530341797e+03
99,5.0079387426e-01,-5.0133466721e-01,-3.9269378185e+00,2.4529650879e+03
100,5.0071430206e-01,-5.0144809484e-01,7.4966627359e-01,2.4528955078e+03
101,5.0058495998e-01,-5.0159710646e-01,-3.6241793633e+00,2.4528249512e+03
102,5.0061583519e-01,-5.0127786398e-01,-4.8841845244e-02,2.4527539062e+03
103,5.0053560734e-01,-5.0153023005e-01,-3.2130470276e+00,2.4526838379e+03
104,5.0053638220e-01,-5.0133579969e-01,-7.5710791349e-01,2.4526132812e+03
105,5.0051242113e-01,-5.0149029493e-01,-3.0133738518e+00,2.4525434570e+03
106,5.0046110153e-01,-5.0128537416e-01,-4.3984475732e-01,2.4524738770e+03
107,5.0055694580e-01,-5.0143849850e-01,-3.5083012581e+00,2.4524042969e+03
108,5.0055611134e-01,-5.0129777193e-01,-5.2866852283e-01,2.4523330078e+03
109,5.0050669909e-01,-5.0146728754e-01,-2.8695778847e+00,2.4522639160e+03
110,5.0050145388e-01,-5.0143235922e-01,-1.1868129969e+00,2.4521960449e+03
111,5.0043874979e-01,-5.0149029493e-01,-3.0338222980e+00,2.4521245117e+03
112,5.0037229061e-01,-5.0128591061e-01,-5.0606316328e-01,2.4520544434e+03
113,5.0036126375e-01,-5.0154960155e-01,-4.1107873917e+00,2.4519860840e+03
114,5.0051206350e-01,-5.0141286850e-01,5.9375262260e-01,2.4519184570e+03
115,5.0039625168e-01,-5.0149703026e-01,-4.2469925880e+00,2.4518491211e+03
116,5.0050836802e-01,-5.0140684843e-01,-1.6125110388e+00,2.4517805176e+03
117,5.0045150518e-01,-5.0158679485e-01,-1.6378557682e+00,2.4517133789e+03
118,5.0049269199e-01,-5.0160038471e-01,-1.9064979553e+00,2.4516430664e+03
119,5.0043255091e-01,-5.0151568651e-01,-2.5260314941e+00,2.4515744629e+03
120,5.0049316883e-01,-5.0157922506e-01,-1.2044684887e+00,2.4515058594e+03
121,5.0046986341e-01,-5.0165021420e-01,-2.5160539150e+00,2.4514377441e+03
122,5.0044840574e-01,-5.0167894363e-01,-2.5253815651e+00,2.4513686523e+03
123,5.0043720007e-01,-5.0149691105e-01,-1.9020029306e+00,2.4512998047e+03
124,5.0037103891e-01,-5.0165587664e-01,-1.1748458147e+00,2.4512309570e+03
125,5.0045174360e-01,-5.0157922506e-01,-3.5868566036e+00,2.4511625977e+03
126,5.0042724609e-01,-5.0167441368e-01,-5.4744058847e-01,2.4510947266e+03
127,5.0037550926e-01,-5.0163561106e-01,-3.8765587807e+00,2.4510270996e+03
128,5.0036150217e-01,-5.0178480148e-01,-4.9050033092e-01,2.4509594727e+03
129,5.0037044287e-01,-5.0178027153e-01,-4.2329840660e+00,2.4508923340e+03
130,5.0042968988e-01,-5.0183761120e-01,-2.2112858295e-01,2.4508232422e+03
131,5.0037181377e-01,-5.0183629990e-01,-4.9152951241e+00,2.4507556152e+03
132,5.0042557716e-01,-5.0183582306e-01,-1.4288231134e+00,2.4506882324e+03
133,5.0030630827e-01,-5.0201350451e-01,-2.0874495506e+00,2.4506188965e+03
134,5.0050652027e-01,-5.0191003084e-01,-1.1981791258e+00,2.4505498047e+03
135,5.0028103590e-01,-5.0201994181e-01,-3.0957446098e+00,2.4504814453e+03
136,5.0043350458e-01,-5.0194007158e-01,-9.7855317593e-01,2.4504106445e+03
137,5.0037914515e-01,-5.0203669071e-01,-3.3126606941e+00,2.4503398438e+03
138,5.0019311905e-01,-5.0207304955e-01,-2.9272658825e+00,2.4502702637e+03
139,5.0032877922e-01,-5.0211161375e-01,-2.0119357109e+00,2.4501994629e+03
140,5.0043970346e-01,-5.0194013119e-01,-2.0569620132e+00,2.4501308594e+03
141,5.0031894445e-01,-5.0206589699e-01,-2.8459908962e+00,2.4500588379e+03
142,5.0036859512e-01,-5.0209772587e-01,-2.6193726063e+00,2.4499887695e+03
143,5.0033795834e-01,-5.0214254856e-01,-2.0240764618e+00,2.4499172363e+03
144,5.0042164326e-01,-5.0198698044e-01,-2.6984238625e+00,2.4498457031e+03
145,5.0032567978e-01,-5.0216275454e-01,-2.3373725414e+00,2.4497768555e+03
146,5.0040775537e-01,-5.0214737654e-01,-2.8322606087e+00,2.4497045898e+03
147,5.0033748150e-01,-5.0216758251e-01,-2.3429965973e+00,2.4496340332e+03
148,5.0034791231e-01,-5.0216305256e-01,-2.6600413322e+00,2.4495634766e+03
149,5.0039923191e-01,-5.0218623877e-01,-2.1452395916e+00,2.4494926758e+03
150,5.0048840046e-01,-5.0221908092e-01,-2.9578938484e+00,2.4494216309e+03
151,5.0042355061e-01,-5.0225472450e-01,-2.3811137676e+00,2.4493518066e+03
152,5.0045847893e-01,-5.0226557255e-01,-3.1933941841e+00,2.4492802734e+03
153,5.0049793720e-01,-5.0229936838e-01,-2.0075011253e+00,2.4492092285e+03
154,5.0046646595e-01,-5.0217437744e-01,-3.4637196064e+00,2.4491398926e+03
155,5.0062143803e-01,-5.0232958794e-01,-1.9913456440e+00,2.4490676270e+03
156,5.0065636635e-01,-5.0222057104e-01,-3.4354569912e+00,2.4489951172e+03
157,5.0055426359e-01,-5.0229662657e-01,-2.4548270702e+00,2.4489248047e+03
158,5.0062197447e-01,-5.0234788656e-01,-2.8589417934e+00,2.4488522949e+03
159,5.0061756372e-01,-5.0237208605e-01,-2.6853291988e+00,2.4487802734e+03
160,5.0064754486e-01,-5.0237697363e-01,-2.9291410446e+00,2.4487070312e+03
161,5.0067532063e-01,-5.0231772661e-01,-2.3486006260e+00,2.4486345215e+03
162,5.0077760220e-01,-5.0237476826e-01,-3.3926475048e+00,2.4485605469e+03
163,5.0063300133e-01,-5.0228083134e-01,-2.0053889751e+00,2.4484873047e+03
164,5.0069725513e-01,-5.0236523151e-01,-3.8663709164e+00,2.4484128418e+03
165,5.0062900782e-01,-5.0237941742e-01,-1.8742399216e+00,2.4483408203e+03
166,5.0081044436e-01,-5.0227123499e-01,-3.7614550591e+00,2.4482673340e+03
167,5.0068831444e-01,-5.0242382288e-01,-2.0885121822e+00,2.4481918945e+03
168,5.0081503391e-01,-5.0235736370e-01,-3.8745834827e+00,2.4481184082e+03
169,5.0077319145e-01,-5.0240010023e-01,-2.3585207462e+00,2.4480449219e+03
170,5.0080448389e-01,-5.0247043371e-01,-4.2943959236e+00,2.4479685059e+03
171,5.0082921982e-01,-5.0232124329e-01,-2.2124259472e+00,2.4478940430e+03
172,5.0084954500e-01,-5.0233078003e-01,-3.4562571049e+00,2.4478200684e+03
173,5.0078928471e-01,-5.0242763758e-01,-3.4165756702e+00,2.4477463379e+03
174,5.0086450577e-01,-5.0243973732e-01,-2.9212055206e+00,2.4476684570e+03
175,5.0084334612e-01,-5.0247091055e-01,-2.7648751736e+00,2.4475915527e+03
176,5.0107705593e-01,-5.0238108635e-01,-2.9289641380e+00,2.4475151367e+03
177,5.0107413530e-01,-5.0237798691e-01,-2.2974882126e+00,2.4474372559e+03
178,5.0123053789e-01,-5.0238615274e-01,-4.2643499374e+00,2.4473610840e+03
179,5.0108766556e-01,-5.0246638060e-01,-1.7636259794e+00,2.4472849121e+03
180,5.0111985207e-01,-5.0249481201e-01,-4.4455838203e+00,2.4472053223e+03
181,5.0115287304e-01,-5.0249558687e-01,-2.0948119164e+00,2.4471262207e+03
182,5.0138419867e-01,-5.0239652395e-01,-4.0128397942e+00,2.4470483398e+03
183,5.0129640102e-01,-5.0248992443e-01,-2.3432030678e+00,2.4469680176e+03
184,5.0140428543e-01,-5.0239813328e-01,-4.5309014320e+00,2.4468872070e+03
185,5.0129365921e-01,-5.0253927708e-01,-2.4291388988e+00,2.4468098145e+03
186,5.0152641535e-01,-5.0244164467e-01,-4.4058465958e+00,2.4467280273e+03
187,5.0137329102e-01,-5.0259512663e-01,-1.9576815367e+00,2.4466462402e+03
188,5.0150877237e-01,-5.0251173973e-01,-5.4765100479e+00,2.4465668945e+03
189,5.0132763386e-01,-5.0261873007e-01,-4.7379392385e-01,2.4464865723e+03
190,5.0133335590e-01,-5.0266724825e-01,-4.9949841499e+00,2.4464035645e+03
191,5.0144404173e-01,-5.0263208151e-01,-2.6871893406e+00,2.4463210449e+03
192,5.0162148476e-01,-5.0247657299e-01,-3.6252696514e+00,2.4462399902e+03
193,5.0146341324e-01,-5.0262600183e-01,-3.4965670109e+00,2.4461567383e+03
194,5.0169849396e-01,-5.0249117613e-01,-3.9887859821e+00,2.4460710449e+03
195,5.0157171488e-01,-5.0256597996e-01,-3.4832642078e+00,2.4459885254e+03
196,5.0172579288e-01,-5.0249761343e-01,-4.1661062241e+00,2.4459052734e+03
197,5.0173962116e-01,-5.0263017416e-01,-1.6486358643e+00,2.4458200684e+03
198,5.0164604187e-01,-5.0267803669e-01,-5.3292927742e+00,2.4457351074e+03
199,5.0174564123e-01,-5.0257271528e-01,-2.6201994419e+00,2.4456489258e+03
200,5.0177931786e-01,-5.0259321928e-01,-4.5903496742e+00,2.4455629883e+03
201,5.0173801184e-01,-5.0252819061e-01,-3.1457836628e+00,2.4454775391e+03
202,5.0200617313e-01,-5.0247716904e-01,-3.5745761395e+00,2.4453908691e+03
203,5.0177371502e-01,-5.0256365538e-01,-3.9830577374e+00,2.4453015137e+03
204,5.0200867653e-01,-5.0240260363e-01,-3.3537161350e+00,2.4452160645e+03
205,5.0194448233e-01,-5.0247299671e-01,-4.1863341331e+00,2.4451284180e+03
206,5.0205153227e-01,-5.0240367651e-01,-3.6237819195e+00,2.4450410156e+03
207,5.0202953815e-01,-5.0243055820e-01,-3.6735944748e+00,2.4449523926e+03
208,5.0208157301e-01,-5.0245565176e-01,-3.9714818001e+00,2.4448623047e+03
209,5.0207674503e-01,-5.0242978334e-01,-3.6446614265e+00,2.4447731934e+03
210,5.0222039223e-01,-5.0240844488e-01,-3.9266231060e+00,2.4446828613e+03
211,5.0218087435e-01,-5.0248044729e-01,-3.8450477123e+00,2.4445922852e+03
212,5.0225049257e-01,-5.0239658356e-01,-3.7823247910e+00,2.4445004883e+03
213,5.0239694118e-01,-5.0220090151e-01,-3.7324960232e+00,2.4444091797e+03
214,5.0236809254e-01,-5.0222885609e-01,-3.9268350601e+00,2.4443168945e+03
215,5.0225865841e-01,-5.0230908394e-01,-4.0963683128e+00,2.4442255859e+03
216,5.0252127647e-01,-5.0221681595e-01,-3.7967989445e+00,2.4441330566e+03
217,5.0247418880e-01,-5.0222891569e-01,-3.8738594055e+00,2.4440410156e+03
218,5.0251775980e-01,-5.0220292807e-01,-4.0706930161e+00,2.4439448242e+03
219,5.0264024734e-01,-5.0205075741e-01,-3.7604691982e+00,2.4438493652e+03
220,5.0277858973e-01,-5.0200927258e-01,-3.5404021740e+00,2.4437531738e+03
221,5.0270861387e-01,-5.0208991766e-01,-4.4690175056e+00,2.4436567383e+03
222,5.0248873234e-01,-5.0212353468e-01,-4.4393014908e+00,2.4435605469e+03
223,5.0263869762e-01,-5.0209826231e-01,-4.1331195831e+00,2.4434650879e+03
224,5.0265365839e-01,-5.0209861994e-01,-3.8519635201e+00,2.4433693848e+03
225,5.0273954868e-01,-5.0211924314e-01,-5.1253271103e+00,2.4432741699e+03
226,5.0266671181e-01,-5.0219678879e-01,-3.4265904427e+00,2.4431765137e+03
227,5.0268077850e-01,-5.0202745199e-01,-4.8980011940e+00,2.4430788574e+03
228,5.0282621384e-01,-5.0214695930e-01,-3.2314219475e+00,2.4429804688e+03
229,5.0285226107e-01,-5.0199615955e-01,-5.2785964012e+00,2.4428808594e+03
230,5.0293380022e-01,-5.0203680992e-01,-2.8931469917e+00,2.4427807617e+03
231,5.0288212299e-01,-5.0205528736e-01,-5.9431314468e+00,2.4426823730e+03
232,5.0313448906e-01,-5.0193500519e-01,-2.6024637222e+00,2.4425812988e+03
233,5.0295621157e-01,-5.0199425220e-01,-6.0325636864e+00,2.4424807129e+03
234,5.0321441889e-01,-5.0185161829e-01,-2.6391124725e+00,2.4423793945e+03
235,5.0323289633e-01,-5.0197660923e-01,-5.9266963005e+00,2.4422770996e+03
236,5.0326955318e-01,-5.0189405680e-01,-2.9085628986e+00,2.4421752930e+03
237,5.0329154730e-01,-5.0181829929e-01,-5.4798378944e+00,2.4420705566e+03
238,5.0327056646e-01,-5.0190186501e-01,-3.3621864319e+00,2.4419660645e+03
239,5.0342565775e-01,-5.0181335211e-01,-5.8206052780e+00,2.4418647461e+03
240,5.0341576338e-01,-5.0181901455e-01,-2.6985361576e+00,2.4417585449e+03
241,5.0354945660e-01,-5.0182783604e-01,-6.6615447998e+00,2.4416545410e+03
242,5.0336372852e-01,-5.0179678202e-01,-2.0033018589e+00,2.4415490723e+03
243,5.0373613834e-01,-5.0177437067e-01,-7.6599307060e+00,2.4414436035e+03
244,5.0367349386e-01,-5.0173074007e-01,-3.3970949650e+00,2.4413371582e+03
245,5.0376141071e-01,-5.0172096491e-01,-4.8531260490e+00,2.4412307129e+03
246,5.0369584560e-01,-5.0180679560e-01,-4.0935692787e+00,2.4411235352e+03
247,5.0387197733e-01,-5.0172924995e-01,-4.8221774101e+00,2.4410136719e+03
248,5.0379568338e-01,-5.0156533718e-01,-4.0181093216e+00,2.4409077148e+03
249,5.0381237268e-01,-5.0180017948e-01,-5.3113393784e+00,2.4408002930e+03
250,5.0392836332e-01,-5.0163739920e-01,-4.0799150467e+00,2.4406906738e+03
251,5.0407397747e-01,-5.0154709816e-01,-5.1458206177e+00,2.4405815430e+03
252,5.0396746397e-01,-5.0170886517e-01,-5.2021393776e+00,2.4404721680e+03
253,5.0418138504e-01,-5.0160509348e-01,-3.4246623516e+00,2.4403615723e+03
254,5.0418388844e-01,-5.0145179033e-01,-5.5425796509e+00,2.4402514648e+03
255,5.0396853685e-01,-5.0165194273e-01,-4.1828684807e+00,2.4401411133e+03
256,5.0417685509e-01,-5.0151306391e-01,-5.4250683784e+00,2.4400288086e+03
257,5.0416606665e-01,-5.0146687031e-01,-4.2419204712e+00,2.4399179688e+03
258,5.0414770842e-01,-5.0152760744e-01,-6.0239591599e+00,2.4398044434e+03
259,5.0438940525e-01,-5.0116628408e-01,-3.0916724205e+00,2.4396887207e+03
260,5.0432789326e-01,-5.0141501427e-01,-6.9281840324e+00,2.4395751953e+03
261,5.0445014238e-01,-5.0118446350e-01,-3.7499723434e+00,2.4394611816e+03
262,5.0433772802e-01,-5.0120651722e-01,-5.9189667702e+00,2.4393466797e+03
263,5.0441920757e-01,-5.0136375427e-01,-4.1827597618e+00,2.4392307129e+03
264,5.0432461500e-01,-5.0136584044e-01,-6.4847874641e+00,2.4391159668e+03
265,5.0438034534e-01,-5.0127178431e-01,-3.5008373260e+00,2.4390000000e+03
266,5.0453436375e-01,-5.0118309259e-01,-5.9592552185e+00,2.4388837891e+03
267,5.0442850590e-01,-5.0115472078e-01,-3.5031015873e+00,2.4387683105e+03
268,5.0466889143e-01,-5.0110882521e-01,-7.2869119644e+00,2.4386530762e+03
269,5.0446391106e-01,-5.0107049942e-01,-4.1990137100e+00,2.4385361328e+03
270,5.0456798077e-01,-5.0106227398e-01,-5.1398234367e+00,2.4384182129e+03
271,5.0454366207e-01,-5.0100988150e-01,-4.6936697960e+00,2.4383002930e+03
272,5.0458967686e-01,-5.0098639727e-01,-5.6512436867e+00,2.4381813965e+03
273,5.0442737341e-01,-5.0092172623e-01,-4.5830307007e+00,2.4380607910e+03
274,5.0462102890e-01,-5.0088000298e-01,-5.5538764000e+00,2.4379411621e+03
275,5.0463896990e-01,-5.0081127882e-01,-4.9077091217e+00,2.4378212891e+03
276,5.0467967987e-01,-5.0067681074e-01,-5.6797389984e+00,2.4376997070e+03
277,5.0468933582e-01,-5.0077253580e-01,-4.7077283859e+00,2.4375793457e+03
278,5.0477248430e-01,-5.0068092346e-01,-6.0046186447e+00,2.4374584961e+03
279,5.0473535061e-01,-5.0074160099e-01,-4.6760473251e+00,2.4373354492e+03
280,5.0480651855e-01,-5.0070959330e-01,-6.2765951157e+00,2.4372143555e+03
281,5.0479358435e-01,-5.0059819221e-01,-4.4298486710e+00,2.4370910645e+03
282,5.0487017632e-01,-5.0048583746e-01,-6.6292467117e+00,2.4369675293e+03
283,5.0496381521e-01,-5.0050812960e-01,-4.1415734291e+00,2.4368437500e+03
284,5.0490027666e-01,-5.0053352118e-01,-6.8086314201e+00,2.4367204590e+03
285,5.0491833687e-01,-5.0048154593e-01,-3.9534304142e+00,2.4365944824e+03
286,5.0499582291e-01,-5.0036251545e-01,-6.6181817055e+00,2.4364689941e+03
287,5.0495278835e-01,-5.0040298700e-01,-4.0978240967e+00,2.4363425293e+03
288,5.0502055883e-01,-5.0027298927e-01,-6.9658565521e+00,2.4362177734e+03
289,5.0487756729e-01,-5.0036185980e-01,-4.1602292061e+00,2.4360908203e+03
290,5.0520080328e-01,-5.0009083748e-01,-7.2907242775e+00,2.4359653320e+03
291,5.0494134426e-01,-5.0020599365e-01,-2.9457297325e+00,2.4358388672e+03
292,5.0496566296e-01,-5.0016689301e-01,-6.8971233368e+00,2.4357119141e+03
293,5.0503891706e-01,-5.0013959408e-01,-5.1330409050e+00,2.4355842285e+03
294,5.0516384840e-01,-5.0009524822e-01,-6.4003438950e+00,2.4354548340e+03
295,5.0502610207e-01,-5.0024330616e-01,-5.3286285400e+00,2.4353269043e+03
296,5.0515407324e-01,-5.0009244680e-01,-6.3455624580e+00,2.4352001953e+03
297,5.0503605604e-01,-4.9989080429e-01,-5.3001475334e+00,2.4350708008e+03
298,5.0497001410e-01,-5.0003105402e-01,-6.8231267929e+00,2.4349414062e+03
299,5.0518268347e-01,-4.9995446205e-01,-3.8375241756e+00,2.4348100586e+03
300,5.0502043962e-01,-4.9994093180e-01,-7.5504760742e+00,2.4346796875e+03
301,5.0497287512e-01,-4.9999377131e-01,-4.6396279335e+00,2.4345500488e+03
302,5.0503474474e-01,-4.9973058701e-01,-7.2727108002e+00,2.4344184570e+03
303,5.0505256653e-01,-4.9982091784e-01,-4.2014932632e+00,2.4342878418e+03
304,5.0505256653e-01,-4.9971804023e-01,-7.3908610344e+00,2.4341562500e+03
305,5.0498855114e-01,-4.9971932173e-01,-4.2846097946e+00,2.4340249023e+03
306,5.0523149967e-01,-4.9947544932e-01,-7.4990553856e+00,2.4338928223e+03
307,5.0521236658e-01,-4.9947786331e-01,-4.6091160774e+00,2.4337595215e+03
308,5.0508743525e-01,-4.9937132001e-01,-6.9257607460e+00,2.4336267090e+03
309,5.0510555506e-01,-4.9946025014e-01,-4.7529120445e+00,2.4334936523e+03
310,5.0514650345e-01,-4.9938562512e-01,-6.8339486122e+00,2.4333593750e+03
311,5.0505852699e-01,-4.9938055873e-01,-5.2584667206e+00,2.4332250977e+03
312,5.0521641970e-01,-4.9938917160e-01,-5.8537669182e+00,2.4330915527e+03
313,5.0512713194e-01,-4.9928858876e-01,-5.6250591278e+00,2.4329553223e+03
314,5.0498950481e-01,-4.9919280410e-01,-7.0848908424e+00,2.4328210449e+03
315,5.0496107340e-01,-4.9917083979e-01,-4.9202976227e+00,2.4326865234e+03
316,5.0500804186e-01,-4.9903637171e-01,-8.1737928391e+00,2.4325512695e+03
317,5.0498312712e-01,-4.9894741178e-01,-3.6186530590e+00,2.4324135742e+03
318,5.0504207611e-01,-4.9899631739e-01,-8.3099641800e+00,2.4322788086e+03
319,5.0502049923e-01,-4.9887180328e-01,-4.1614503860e+00,2.4321428223e+03
320,5.0513315201e-01,-4.9876406789e-01,-8.2378482819e+00,2.4320053711e+03
321,5.0486946106e-01,-4.9882650375e-01,-4.1202950478e+00,2.4318693848e+03
322,5.0509047508e-01,-4.9852287769e-01,-8.5062198639e+00,2.4317321777e+03
323,5.0475281477e-01,-4.9872967601e-01,-3.9855895042e+00,2.4315947266e+03
324,5.0506138802e-01,-4.9845489860e-01,-9.4071578979e+00,2.4314567871e+03
325,5.0507104397e-01,-4.9843308330e-01,-4.7888102531e+00,2.4313183594e+03
326,5.0502783060e-01,-4.9844053388e-01,-5.7807927132e+00,2.4311799316e+03
327,5.0470167398e-01,-4.9864572287e-01,-6.4530196190e+00,2.4310397949e+03
328,5.0481891632e-01,-4.9845501781e-01,-6.0273461342e+00,2.4309008789e+03
329,5.0476771593e-01,-4.9830561876e-01,-6.6323170662e+00,2.4307602539e+03
330,5.0471192598e-01,-4.9845117331e-01,-6.2318992615e+00,2.4306203613e+03
331,5.0470769405e-01,-4.9833425879e-01,-4.9962587357e+00,2.4304790039e+03
332,5.0467383862e-01,-4.9826261401e-01,-7.5042662621e+00,2.4303381348e+03
333,5.0465047359e-01,-4.9836254120e-01,-5.9674143791e+00,2.4301958008e+03
334,5.0466227531e-01,-4.9809685349e-01,-5.7500996590e+00,2.4300539551e+03
335,5.0462621450e-01,-4.9829310179e-01,-7.2483291626e+00,2.4299111328e+03
336,5.0467574596e-01,-4.9804478884e-01,-5.7345848083e+00,2.4297692871e+03
337,5.0450450182e-01,-4.9790292978e-01,-7.0858454704e+00,2.4296271973e+03
338,5.0464195013e-01,-4.9792703986e-01,-5.7765755653e+00,2.4294848633e+03
339,5.0453770161e-01,-4.9778604507e-01,-7.0770044327e+00,2.4293405762e+03
340,5.0455266237e-01,-4.9771627784e-01,-6.3254394531e+00,2.4291965332e+03
341,5.0458538532e-01,-4.9769365788e-01,-6.0122909546e+00,2.4290541992e+03
342,5.0458228588e-01,-4.9761328101e-01,-6.8986759186e+00,2.4289116211e+03
343,5.0459706783e-01,-4.9753528833e-01,-6.3288021088e+00,2.4287683105e+03
344,5.0448191166e-01,-4.9750465155e-01,-6.1505155563e+00,2.4286232910e+03
345,5.0441139936e-01,-4.9758562446e-01,-7.4151983261e+00,2.4284777832e+03
346,5.0434255600e-01,-4.9753823876e-01,-6.4919648170e+00,2.4283325195e+03
347,5.0431603193e-01,-4.9750825763e-01,-6.4919972420e+00,2.4281872559e+03
348,5.0441038609e-01,-4.9738547206e-01,-6.5388059616e+00,2.4280424805e+03
349,5.0440293550e-01,-4.9752351642e-01,-6.3523769379e+00,2.4278969727e+03
350,5.0443410873e-01,-4.9734786153e-01,-6.2536001205e+00,2.4277502441e+03
351,5.0425517559e-01,-4.9721029401e-01,-6.7034034729e+00,2.4276035156e+03
352,5.0410568714e-01,-4.9742600322e-01,-6.7480988503e+00,2.4274567871e+03
353,5.0431537628e-01,-4.9740800261e-01,-6.3362998962e+00,2.4273100586e+03
354,5.0415527821e-01,-4.9727487564e-01,-6.5808963776e+00,2.4271635742e+03
355,5.0427162647e-01,-4.9720960855e-01,-6.7840270996e+00,2.4270153809e+03
356,5.0405669212e-01,-4.9731141329e-01,-6.8553295135e+00,2.4268671875e+03
357,5.0392353535e-01,-4.9721902609e-01,-6.4842000008e+00,2.4267204590e+03
358,5.0392401218e-01,-4.9727243185e-01,-6.9287571907e+00,2.4265720215e+03
359,5.0386947393e-01,-4.9712672830e-01,-6.6366548538e+00,2.4264235840e+03
360,5.0399905443e-01,-4.9706226587e-01,-6.6993231773e+00,2.4262744141e+03
361,5.0379931927e-01,-4.9709370732e-01,-6.4410710335e+00,2.4261281738e+03
362,5.0355148315e-01,-4.9714428186e-01,-7.8985342979e+00,2.4259790039e+03
363,5.0359022617e-01,-4.9707654119e-01,-5.9809584618e+00,2.4258295898e+03
364,5.0359153748e-01,-4.9704208970e-01,-7.1387767792e+00,2.4256804199e+03
365,5.0384229422e-01,-4.9701452255e-01,-5.5867586136e+00,2.4255307617e+03
366,5.0361847878e-01,-4.9691414833e-01,-7.5052337646e+00,2.4253811035e+03
367,5.0359439850e-01,-4.9702230096e-01,-6.3506217003e+00,2.4252304688e+03
368,5.0360029936e-01,-4.9675500393e-01,-6.9671163559e+00,2.4250808105e+03
369,5.0344693661e-01,-4.9696424603e-01,-6.2278456688e+00,2.4249301758e+03
370,5.0346523523e-01,-4.9681541324e-01,-7.7329397202e+00,2.4247780762e+03
371,5.0338768959e-01,-4.9689027667e-01,-5.8855342865e+00,2.4246264648e+03
372,5.0346511602e-01,-4.9672105908e-01,-8.0838890076e+00,2.4244748535e+03
373,5.0325661898e-01,-4.9694463611e-01,-5.8833346367e+00,2.4243237305e+03
374,5.0341445208e-01,-4.9651136994e-01,-8.2319564819e+00,2.4241701660e+03
375,5.0325495005e-01,-4.9656245112e-01,-5.2319965363e+00,2.4240190430e+03
376,5.0327187777e-01,-4.9649122357e-01,-8.4706754684e+00,2.4238676758e+03
377,5.0315725803e-01,-4.9661976099e-01,-5.1027412415e+00,2.4237133789e+03
378,5.0329393148e-01,-4.9634557962e-01,-9.0950183868e+00,2.4235603027e+03
379,5.0331032276e-01,-4.9638333917e-01,-5.2895770073e+00,2.4234084473e+03
380,5.0317955017e-01,-4.9641242623e-01,-8.0585985184e+00,2.4232556152e+03
381,5.0316888094e-01,-4.9649044871e-01,-5.6678180695e+00,2.4231020508e+03
382,5.0306671858e-01,-4.9642130733e-01,-8.1515207291e+00,2.4229506836e+03
383,5.0301164389e-01,-4.9645894766e-01,-6.0993199348e+00,2.4227988281e+03
384,5.0289672613e-01,-4.9637320638e-01,-7.2157831192e+00,2.4226445312e+03
385,5.0297808647e-01,-4.9621805549e-01,-6.3887071609e+00,2.4224909668e+03
386,5.0306344032e-01,-4.9624031782e-01,-7.3920121193e+00,2.4223364258e+03
387,5.0294929743e-01,-4.9617552757e-01,-6.2747869492e+00,2.4221804199e+03
388,5.0288647413e-01,-4.9611437321e-01,-7.8488626480e+00,2.4220244141e+03
389,5.0284802914e-01,-4.9612101912e-01,-5.9346561432e+00,2.4218701172e+03
390,5.0286853313e-01,-4.9596878886e-01,-8.0023860931e+00,2.4217163086e+03
391,5.0273591280e-01,-4.9612727761e-01,-6.1617999077e+00,2.4215595703e+03
392,5.0269699097e-01,-4.9597296119e-01,-8.1061935425e+00,2.4214035645e+03
393,5.0268387794e-01,-4.9592956901e-01,-6.2391076088e+00,2.4212478027e+03
394,5.0252252817e-01,-4.9594509602e-01,-8.2164230347e+00,2.4210920410e+03
395,5.0259184837e-01,-4.9600943923e-01,-5.8726000786e+00,2.4209360352e+03
396,5.0251245499e-01,-4.9601364136e-01,-8.1617822647e+00,2.4207797852e+03
397,5.0250387192e-01,-4.9578815699e-01,-5.7704229355e+00,2.4206245117e+03
398,5.0245195627e-01,-4.9600726366e-01,-7.9540591240e+00,2.4204682617e+03
399,5.0245565176e-01,-4.9590578675e-01,-6.7363386154e+00,2.4203137207e+03
400,5.0245988369e-01,-4.9580848217e-01,-7.2356181145e+00,2.4201564941e+03
401,5.0222247839e-01,-4.9585342407e-01,-7.1678333282e+00,2.4199992676e+03
402,5.0226712227e-01,-4.9577257037e-01,-6.3798451424e+00,2.4198415527e+03
403,5.0224047899e-01,-4.9569761753e-01,-7.0995602608e+00,2.4196848145e+03
404,5.0224030018e-01,-4.9572315812e-01,-8.0872697830e+00,2.4195273438e+03
405,5.0222051144e-01,-4.9569481611e-01,-5.7954249382e+00,2.4193715820e+03
406,5.0201892853e-01,-4.9569591880e-01,-8.2831268311e+00,2.4192128906e+03
407,5.0201404095e-01,-4.9569842219e-01,-6.0310316086e+00,2.4190544434e+03
408,5.0201475620e-01,-4.9568718672e-01,-7.9940690994e+00,2.4188981934e+03
409,5.0191098452e-01,-4.9561783671e-01,-6.2086534500e+00,2.4187409668e+03
410,5.0197952986e-01,-4.9552300572e-01,-8.0759315491e+00,2.4185822754e+03
411,5.0191295147e-01,-4.9553379416e-01,-5.8407864571e+00,2.4184243164e+03
412,5.0197201967e-01,-4.9544215202e-01,-8.6077842712e+00,2.4182651367e+03
413,5.0177216530e-01,-4.9552473426e-01,-5.2499423027e+00,2.4181066895e+03
414,5.0175863504e-01,-4.9550929666e-01,-8.4506092072e+00,2.4179472656e+03
415,5.0177496672e-01,-4.9544927478e-01,-6.4336328506e+00,2.4177900391e+03
416,5.0181162357e-01,-4.9547380209e-01,-7.8513202667e+00,2.4176311035e+03
417,5.0175404549e-01,-4.9537047744e-01,-6.3425273895e+00,2.4174714355e+03
418,5.0176483393e-01,-4.9528890848e-01,-7.8686580658e+00,2.4173112793e+03
419,5.0167149305e-01,-4.9537888169e-01,-6.5961313248e+00,2.4171520996e+03
420,5.0171852112e-01,-4.9533283710e-01,-7.8758401871e+00,2.4169929199e+03
421,5.0149685144e-01,-4.9532252550e-01,-6.5907230377e+00,2.4168339844e+03
422,5.0167423487e-01,-4.9522989988e-01,-8.1979665756e+00,2.4166748047e+03
423,5.0148808956e-01,-4.9530836940e-01,-5.4429287910e+00,2.4165158691e+03
424,5.0155335665e-01,-4.9522081017e-01,-9.3111286163e+00,2.4163569336e+03
425,5.0134325027e-01,-4.9531722069e-01,-4.5764603615e+00,2.4161955566e+03
426,5.0142031908e-01,-4.9525296688e-01,-1.0249220848e+01,2.4160375977e+03
427,5.0120663643e-01,-4.9532806873e-01,-3.3979673386e+00,2.4158789062e+03
428,5.0115209818e-01,-4.9529302120e-01,-8.3752098083e+00,2.4157189941e+03
429,5.0126558542e-01,-4.9534311891e-01,-7.7005228996e+00,2.4155588379e+03
430,5.0117111206e-01,-4.9517467618e-01,-7.0105085373e+00,2.4153994141e+03
431,5.0114297867e-01,-4.9525895715e-01,-7.1912536621e+00,2.4152380371e+03
432,5.0108212233e-01,-4.9525409937e-01,-6.8965277672e+00,2.4150783691e+03
433,5.0111681223e-01,-4.9521106482e-01,-8.4404745102e+00,2.4149189453e+03
434,5.0102400780e-01,-4.9522280693e-01,-6.3712482452e+00,2.4147604980e+03
435,5.0103205442e-01,-4.9520140886e-01,-7.6629958153e+00,2.4145996094e+03
436,5.0084507465e-01,-4.9529254436e-01,-7.2124371529e+00,2.4144389648e+03
437,5.0088018179e-01,-4.9520078301e-01,-7.8763666153e+00,2.4142770996e+03
438,5.0080466270e-01,-4.9526825547e-01,-6.4782366753e+00,2.4141171875e+03
439,5.0083386898e-01,-4.9517011642e-01,-8.1616544724e+00,2.4139558105e+03
440,5.0070536137e-01,-4.9530220032e-01,-6.2880644798e+00,2.4137946777e+03
441,5.0068044662e-01,-4.9528899789e-01,-8.5908632278e+00,2.4136340332e+03
442,5.0057744980e-01,-4.9522224069e-01,-5.9024329185e+00,2.4134738770e+03
443,5.0071841478e-01,-4.9515524507e-01,-8.0548171997e+00,2.4133137207e+03
444,5.0045299530e-01,-4.9512016773e-01,-5.9735383987e+00,2.4131525879e+03
445,5.0067001581e-01,-4.9505877495e-01,-8.7110061646e+00,2.4129924316e+03
446,5.0065332651e-01,-4.9505907297e-01,-6.7787375450e+00,2.4128322754e+03
447,5.0057190657e-01,-4.9506989121e-01,-7.3269448280e+00,2.4126706543e+03
448,5.0044649839e-01,-4.9505710602e-01,-7.8165960312e+00,2.4125109863e+03
449,5.0048661232e-01,-4.9506488442e-01,-6.7737455368e+00,2.4123505859e+03
450,5.0048601627e-01,-4.9502485991e-01,-7.5376005173e+00,2.4121916504e+03
451,5.0044906139e-01,-4.9502328038e-01,-6.8699746132e+00,2.4120314941e+03
452,5.0047135353e-01,-4.9493744969e-01,-7.1493215561e+00,2.4118715820e+03
453,5.0046849251e-01,-4.9498012662e-01,-7.4471306801e+00,2.4117126465e+03
454,5.0052577257e-01,-4.9496027827e-01,-7.3200221062e+00,2.4115524902e+03
455,5.0030797720e-01,-4.9494969845e-01,-7.2471394539e+00,2.4113923340e+03
456,5.0044649839e-01,-4.9493631721e-01,-6.9662618637e+00,2.4112321777e+03
457,5.0041109324e-01,-4.9497216940e-01,-7.4181480408e+00,2.4110729980e+03
458,5.0041216612e-01,-4.9504017830e-01,-7.6514072418e+00,2.4109121094e+03
459,5.0019013882e-01,-4.9493560195e-01,-7.0700526237e+00,2.4107512207e+03
460,5.0030261278e-01,-4.9490654469e-01,-7.5291647911e+00,2.4105910645e+03
461,5.0021940470e-01,-4.9497121572e-01,-6.8058300018e+00,2.4104311523e+03
462,5.0021332502e-01,-4.9493294954e-01,-7.9393563271e+00,2.4102707520e+03
463,5.0001108646e-01,-4.9504283071e-01,-7.1480288506e+00,2.4101110840e+03
464,5.0001502037e-01,-4.9494069815e-01,-7.7599086761e+00,2.4099514160e+03
465,5.0000029802e-01,-4.9491021037e-01,-6.5619821548e+00,2.4097905273e+03
466,5.0005167723e-01,-4.9499028921e-01,-7.9603323936e+00,2.4096298828e+03
467,4.9990439415e-01,-4.9500477314e-01,-7.0245800018e+00,2.4094714355e+03
468,5.0004619360e-01,-4.9493834376e-01,-7.9055943489e+00,2.4093127441e+03
469,4.9994912744e-01,-4.9496334791e-01,-6.7994575500e+00,2.4091525879e+03
470,4.9990400672e-01,-4.9492916465e-01,-8.2139396667e+00,2.4089926758e+03
471,4.9991163611e-01,-4.9491176009e-01,-6.9056181908e+00,2.4088337402e+03
472,4.9980929494e-01,-4.9496731162e-01,-7.6782174110e+00,2.4086755371e+03
473,4.9983629584e-01,-4.9493744969e-01,-7.4875836372e+00,2.4085178223e+03
474,4.9971690774e-01,-4.9493855238e-01,-6.9067835808e+00,2.4083598633e+03
475,4.9979388714e-01,-4.9482354522e-01,-7.4605135918e+00,2.4082019043e+03
476,4.9966290593e-01,-4.9486190081e-01,-7.3861827850e+00,2.4080441895e+03
477,4.9979236722e-01,-4.9480757117e-01,-7.1538305283e+00,2.4078850098e+03
478,4.9974778295e-01,-4.9476766586e-01,-7.4606699944e+00,2.4077282715e+03
479,4.9969282746e-01,-4.9478068948e-01,-7.4593148232e+00,2.4075695801e+03
480,4.9964949489e-01,-4.9469232559e-01,-6.9873471260e+00,2.4074123535e+03
481,4.9949827790e-01,-4.9479731917e-01,-8.1465663910e+00,2.4072553711e+03
482,4.9960547686e-01,-4.9492219090e-01,-7.3555207253e+00,2.4070981445e+03
483,4.9947449565e-01,-4.9483686686e-01,-7.5953545570e+00,2.4069421387e+03
484,4.9956312776e-01,-4.9481239915e-01,-7.0211334229e+00,2.4067839355e+03
485,4.9965935946e-01,-4.9477452040e-01,-7.9368844032e+00,2.4066264648e+03
486,4.9944984913e-01,-4.9473789334e-01,-6.7100882530e+00,2.4064699707e+03
487,4.9949792027e-01,-4.9490392208e-01,-8.7419023514e+00,2.4063127441e+03
488,4.9940577149e-01,-4.9483087659e-01,-6.4815826416e+00,2.4061542969e+03
489,4.9946787953e-01,-4.9479386210e-01,-8.3899679184e+00,2.4059978027e+03
490,4.9940085411e-01,-4.9498584867e-01,-6.3283762932e+00,2.4058417969e+03
491,4.9952498078e-01,-4.9479568005e-01,-8.2970638275e+00,2.4056853027e+03
492,4.9928566813e-01,-4.9482992291e-01,-6.7577180862e+00,2.4055283203e+03
493,4.9933519959e-01,-4.9482765794e-01,-8.1760768890e+00,2.4053737793e+03
494,4.9934908748e-01,-4.9467214942e-01,-6.6213021278e+00,2.4052172852e+03
495,4.9930366874e-01,-4.9477329850e-01,-8.2610063553e+00,2.4050625000e+03
496,4.9928447604e-01,-4.9463045597e-01,-6.8475732803e+00,2.4049079590e+03
497,4.9922257662e-01,-4.9472329021e-01,-8.4565544128e+00,2.4047526855e+03
498,4.9930286407e-01,-4.9462905526e-01,-6.7655949593e+00,2.4045979004e+03
499,4.9925300479e-01,-4.9465799332e-01,-8.0755491257e+00,2.4044433594e+03
500,4.9912548065e-01,-4.9472185969e-01,-7.7145524025e+00,2.4042885742e+03
501,4.9907234311e-01,-4.9465960264e-01,-7.4509186745e+00,2.4041330566e+03
502,4.9909770489e-01,-4.9453604221e-01,-7.5271539688e+00,2.4039777832e+03
503,4.9906542897e-01,-4.9463152885e-01,-7.7254781723e+00,2.4038247070e+03
504,4.9910634756e-01,-4.9459496140e-01,-7.4303669930e+00,2.4036716309e+03
505,4.9892738461e-01,-4.9463054538e-01,-7.8958425522e+00,2.4035170898e+03
506,4.9889221787e-01,-4.9470096827e-01,-7.4320268631e+00,2.4033654785e+03
507,4.9888750911e-01,-4.9465578794e-01,-7.5246310234e+00,2.4032128906e+03
508,4.9883949757e-01,-4.9469918013e-01,-7.6195077896e+00,2.4030603027e+03
509,4.9881976843e-01,-4.9467551708e-01,-8.0407314301e+00,2.4029086914e+03
510,4.9881893396e-01,-4.9468651414e-01,-6.9746952057e+00,2.4027575684e+03
511,4.9873688817e-01,-4.9477839470e-01,-8.0997953415e+00,2.4026059570e+03
512,4.9876633286e-01,-4.9461510777e-01,-6.8660531044e+00,2.4024541016e+03
513,4.9862149358e-01,-4.9464935064e-01,-8.5960807800e+00,2.4023029785e+03
514,4.9872991443e-01,-4.9466961622e-01,-6.7895979881e+00,2.4021513672e+03
515,4.9872612953e-01,-4.9464794993e-01,-7.8738827705e+00,2.4020000000e+03
516,4.9862691760e-01,-4.9474444985e-01,-7.8235912323e+00,2.4018500977e+03
517,4.9844551086e-01,-4.9477067590e-01,-8.0749740601e+00,2.4016994629e+03
518,4.9856054783e-01,-4.9478477240e-01,-7.4896812439e+00,2.4015498047e+03
519,4.9839416146e-01,-4.9477237463e-01,-8.0117492676e+00,2.4014001465e+03
520,4.9851050973e-01,-4.9474409223e-01,-7.0522890091e+00,2.4012504883e+03
521,4.9831262231e-01,-4.9477237463e-01,-8.4707193375e+00,2.4011025391e+03
522,4.9835002422e-01,-4.9479955435e-01,-7.2719640732e+00,2.4009543457e+03
523,4.9849897623e-01,-4.9473208189e-01,-7.9233574867e+00,2.4008059082e+03
524,4.9842369556e-01,-4.9473389983e-01,-7.4574608803e+00,2.4006579590e+03
525,4.9826443195e-01,-4.9479773641e-01,-8.3642044067e+00,2.4005107422e+03
526,4.9835616350e-01,-4.9473658204e-01,-7.4526453018e+00,2.4003645020e+03
527,4.9832221866e-01,-4.9472850561e-01,-8.0545835495e+00,2.4002163086e+03
528,4.9828803539e-01,-4.9466767907e-01,-7.4989123344e+00,2.4000700684e+03
529,4.9826598167e-01,-4.9471852183e-01,-8.0870409012e+00,2.3999238281e+03
530,4.9818575382e-01,-4.9474921823e-01,-7.4938406944e+00,2.3997775879e+03
531,4.9818882346e-01,-4.9468734860e-01,-8.2255210876e+00,2.3996308594e+03
532,4.9808943272e-01,-4.9475747347e-01,-7.4241209030e+00,2.3994865723e+03
533,4.9818879366e-01,-4.9470740557e-01,-8.1087932587e+00,2.3993408203e+03
534,4.9809744954e-01,-4.9474599957e-01,-7.3458695412e+00,2.3991970215e+03
535,4.9815702438e-01,-4.9465945363e-01,-8.5739583969e+00,2.3990512695e+03
536,4.9801328778e-01,-4.9470740557e-01,-6.9522442818e+00,2.3989055176e+03
537,4.9804392457e-01,-4.9464523792e-01,-9.2261266708e+00,2.3987619629e+03
538,4.9810385704e-01,-4.9456158280e-01,-6.9236388206e+00,2.3986191406e+03
539,4.9795731902e-01,-4.9463862181e-01,-8.5027256012e+00,2.3984753418e+03
540,4.9798911810e-01,-4.9451962113e-01,-6.8787021637e+00,2.3983327637e+03
541,4.9791857600e-01,-4.9458065629e-01,-8.8891372681e+00,2.3981916504e+03
542,4.9791005254e-01,-4.9456271529e-01,-7.1539049149e+00,2.3980495605e+03
543,4.9782350659e-01,-4.9455815554e-01,-8.4808645248e+00,2.3979074707e+03
544,4.9799537659e-01,-4.9443334341e-01,-6.8951497078e+00,2.3977661133e+03
545,4.9774554372e-01,-4.9463251233e-01,-9.3551225662e+00,2.3976252441e+03
546,4.9784338474e-01,-4.9446335435e-01,-6.8137149811e+00,2.3974843750e+03
547,4.9777710438e-01,-4.9453413486e-01,-8.7578573227e+00,2.3973449707e+03
548,4.9779909849e-01,-4.9449470639e-01,-7.0036802292e+00,2.3972062988e+03
549,4.9775338173e-01,-4.9443912506e-01,-8.8663949966e+00,2.3970666504e+03
550,4.9772033095e-01,-4.9438530207e-01,-7.1512203217e+00,2.3969279785e+03
551,4.9765178561e-01,-4.9456086755e-01,-9.0816516876e+00,2.3967875977e+03
552,4.9774271250e-01,-4.9443441629e-01,-7.3075175285e+00,2.3966496582e+03
553,4.9759885669e-01,-4.9443012476e-01,-8.7301511765e+00,2.3965119629e+03
554,4.9761497974e-01,-4.9436250329e-01,-7.2007203102e+00,2.3963752441e+03
555,4.9755609035e-01,-4.9445483088e-01,-8.8935508728e+00,2.3962382812e+03
556,4.9762639403e-01,-4.9437150359e-01,-7.0941925049e+00,2.3961013184e+03
557,4.9761098623e-01,-4.9437621236e-01,-8.5628099442e+00,2.3959660645e+03
558,4.9751278758e-01,-4.9443298578e-01,-7.7509117126e+00,2.3958310547e+03
559,4.9753391743e-01,-4.9444109201e-01,-8.8020925522e+00,2.3956953125e+03
560,4.9738267064e-01,-4.9445301294e-01,-7.3559203148e+00,2.3955603027e+03
561,4.9734115601e-01,-4.9438858032e-01,-9.0602312088e+00,2.3954257812e+03
562,4.9742516875e-01,-4.9439862370e-01,-7.5038409233e+00,2.3952924805e+03
563,4.9719101191e-01,-4.9441656470e-01,-9.1554384232e+00,2.3951599121e+03
564,4.9737957120e-01,-4.9435064197e-01,-6.8468985558e+00,2.3950261230e+03
565,4.9726232886e-01,-4.9437907338e-01,-8.9617900848e+00,2.3948933105e+03
566,4.9733647704e-01,-4.9432861805e-01,-7.0593934059e+00,2.3947604980e+03
567,4.9729761481e-01,-4.9426314235e-01,-8.6808261871e+00,2.3946279297e+03
568,4.9730721116e-01,-4.9427685142e-01,-7.6312136650e+00,2.3944960938e+03
569,4.9717405438e-01,-4.9438494444e-01,-8.8800258636e+00,2.3943652344e+03
570,4.9717336893e-01,-4.9430319667e-01,-7.8890280724e+00,2.3942333984e+03
571,4.9721875787e-01,-4.9421235919e-01,-8.2982044220e+00,2.3941018066e+03
572,4.9701997638e-01,-4.9436825514e-01,-8.4446735382e+00,2.3939716797e+03
573,4.9699810147e-01,-4.9426734447e-01,-8.3298683167e+00,2.3938415527e+03
574,4.9708247185e-01,-4.9434211850e-01,-7.8862023354e+00,2.3937102051e+03
575,4.9698886275e-01,-4.9421557784e-01,-8.6079072952e+00,2.3935812988e+03
576,4.9698710442e-01,-4.9414384365e-01,-7.9744763374e+00,2.3934536133e+03
577,4.9700149894e-01,-4.9424529076e-01,-8.6069707870e+00,2.3933251953e+03
578,4.9691644311e-01,-4.9418297410e-01,-8.2325906754e+00,2.3931967773e+03
579,4.9695631862e-01,-4.9417954683e-01,-8.1658506393e+00,2.3930700684e+03
580,4.9684411287e-01,-4.9425107241e-01,-8.5627975464e+00,2.3929445801e+03
581,4.9692574143e-01,-4.9411138892e-01,-8.2988090515e+00,2.3928171387e+03
582,4.9684229493e-01,-4.9425309896e-01,-8.3239870071e+00,2.3926911621e+03
583,4.9674090743e-01,-4.9424502254e-01,-8.8018465042e+00,2.3925649414e+03
584,4.9675366282e-01,-4.9419605732e-01,-7.9613137245e+00,2.3924406738e+03
585,4.9677738547e-01,-4.9410158396e-01,-8.4005842209e+00,2.3923164062e+03
586,4.9680301547e-01,-4.9411147833e-01,-7.8594608307e+00,2.3921931152e+03
587,4.9685877562e-01,-4.9413937330e-01,-8.8688831329e+00,2.3920681152e+03
588,4.9680671096e-01,-4.9415540695e-01,-7.9841537476e+00,2.3919458008e+03
589,4.9670192599e-01,-4.9404615164e-01,-8.7820940018e+00,2.3918232422e+03
590,4.9657058716e-01,-4.9418032169e-01,-8.2326517105e+00,2.3917001953e+03
591,4.9673357606e-01,-4.9415037036e-01,-8.9242076874e+00,2.3915786133e+03
592,4.9666771293e-01,-4.9415951967e-01,-7.6474957466e+00,2.3914580078e+03
593,4.9663469195e-01,-4.9410104752e-01,-9.4721879959e+00,2.3913378906e+03
594,4.9649193883e-01,-4.9415951967e-01,-7.5912818909e+00,2.3912172852e+03
595,4.9657982588e-01,-4.9408507347e-01,-9.4641799927e+00,2.3910961914e+03
596,4.9630847573e-01,-4.9421820045e-01,-7.6790571213e+00,2.3909763184e+03
597,4.9655547738e-01,-4.9402272701e-01,-9.4610166550e+00,2.3908581543e+03
598,4.9644151330e-01,-4.9408578873e-01,-7.8357944489e+00,2.3907390137e+03
599,4.9638637900e-01,-4.9402925372e-01,-8.9083662033e+00,2.3906206055e+03
600,4.9641558528e-01,-4.9412974715e-01,-7.8411445618e+00,2.3905024414e+03
601,4.9621650577e-01,-4.9413347244e-01,-9.4734945297e+00,2.3903854980e+03
602,4.9613705277e-01,-4.9416303635e-01,-7.9857749939e+00,2.3902687988e+03
603,4.9617749453e-01,-4.9407202005e-01,-8.4107980728e+00,2.3901525879e+03
604,4.9623465538e-01,-4.9418020248e-01,-8.2415246964e+00,2.3900366211e+03
605,4.9610018730e-01,-4.9415138364e-01,-9.2202873230e+00,2.3899201660e+03
606,4.9616137147e-01,-4.9405944347e-01,-7.5712490082e+00,2.3898066406e+03
607,4.9613925815e-01,-4.9407336116e-01,-9.6794109344e+00,2.3896918945e+03
608,4.9602428079e-01,-4.9416205287e-01,-7.8654065132e+00,2.3895769043e+03
609,4.9600452185e-01,-4.9420818686e-01,-9.8270826340e+00,2.3894628906e+03
610,4.9595162272e-01,-4.9419745803e-01,-7.5625934601e+00,2.3893503418e+03
611,4.9592933059e-01,-4.9415779114e-01,-9.2368211746e+00,2.3892363281e+03
612,4.9587166309e-01,-4.9425718188e-01,-8.1806039810e+00,2.3891223145e+03
613,4.9581012130e-01,-4.9426680803e-01,-9.4248428345e+00,2.3890102539e+03
614,4.9575376511e-01,-4.9429214001e-01,-8.0518360138e+00,2.3889001465e+03
615,4.9572569132e-01,-4.9428400397e-01,-9.6502876282e+00,2.3887890625e+03
616,4.9578130245e-01,-4.9429374933e-01,-8.0460119247e+00,2.3886784668e+03
617,4.9575909972e-01,-4.9414500594e-01,-9.2076339722e+00,2.3885686035e+03
618,4.9565479159e-01,-4.9429821968e-01,-8.4383678436e+00,2.3884580078e+03
619,4.9571445584e-01,-4.9431291223e-01,-9.0808839798e+00,2.3883466797e+03
620,4.9563267827e-01,-4.9432152510e-01,-8.8289556503e+00,2.3882375488e+03
621,4.9549499154e-01,-4.9425986409e-01,-8.8761215210e+00,2.3881291504e+03
622,4.9564954638e-01,-4.9420532584e-01,-8.3643379211e+00,2.3880187988e+03
623,4.9560287595e-01,-4.9418723583e-01,-8.9740667343e+00,2.3879113770e+03
624,4.9543988705e-01,-4.9425682425e-01,-8.7619667053e+00,2.3878044434e+03
625,4.9551740289e-01,-4.9421745539e-01,-8.7355604172e+00,2.3876965332e+03
626,4.9544027448e-01,-4.9432152510e-01,-8.8699169159e+00,2.3875886230e+03
627,4.9557763338e-01,-4.9417868257e-01,-8.9015083313e+00,2.3874841309e+03
628,4.9554446340e-01,-4.9412041903e-01,-8.6003217697e+00,2.3873784180e+03
629,4.9556413293e-01,-4.9412578344e-01,-8.9460201263e+00,2.3872719727e+03
630,4.9552774429e-01,-4.9409127235e-01,-8.5364313126e+00,2.3871662598e+03
631,4.9547612667e-01,-4.9424108863e-01,-9.5328302383e+00,2.3870615234e+03
632,4.9542072415e-01,-4.9429810047e-01,-8.7808628082e+00,2.3869577637e+03
633,4.9542176723e-01,-4.9437028170e-01,-9.3870429993e+00,2.3868527832e+03
634,4.9541518092e-01,-4.9429392815e-01,-8.4536304474e+00,2.3867512207e+03
635,4.9546161294e-01,-4.9423193932e-01,-9.3759679794e+00,2.3866479492e+03
636,4.9537667632e-01,-4.9424645305e-01,-8.3389177322e+00,2.3865449219e+03
637,4.9536654353e-01,-4.9419802427e-01,-9.7944984436e+00,2.3864428711e+03
638,4.9522998929e-01,-4.9423465133e-01,-8.0449609756e+00,2.3863415527e+03
639,4.9533846974e-01,-4.9422073364e-01,-1.0204129219e+01,2.3862404785e+03
640,4.9509054422e-01,-4.9428719282e-01,-7.3930792809e+00,2.3861391602e+03
641,4.9536022544e-01,-4.9420869350e-01,-1.1006135941e+01,2.3860405273e+03
642,4.9523493648e-01,-4.9424356222e-01,-8.0450410843e+00,2.3859394531e+03
643,4.9513408542e-01,-4.9427580833e-01,-9.1539430618e+00,2.3858398438e+03
644,4.9505275488e-01,-4.9437788129e-01,-9.1651582718e+00,2.3857407227e+03
645,4.9508267641e-01,-4.9425137043e-01,-8.6312036514e+00,2.3856428223e+03
646,4.9509119987e-01,-4.9427822232e-01,-8.8482904434e+00,2.3855441895e+03
647,4.9491846561e-01,-4.9430450797e-01,-9.5966415405e+00,2.3854455566e+03
648,4.9503481388e-01,-4.9434265494e-01,-8.2328186035e+00,2.3853474121e+03
649,4.9494379759e-01,-4.9438750744e-01,-9.7386550903e+00,2.3852504883e+03
650,4.9491080642e-01,-4.9434250593e-01,-8.9145479202e+00,2.3851538086e+03
651,4.9486511946e-01,-4.9430847168e-01,-8.6242694855e+00,2.3850563965e+03
652,4.9483650923e-01,-4.9437171221e-01,-9.6512985229e+00,2.3849597168e+03
653,4.9487999082e-01,-4.9435129762e-01,-9.0514650345e+00,2.3848635254e+03
654,4.9485686421e-01,-4.9423947930e-01,-9.1812858582e+00,2.3847675781e+03
655,4.9472171068e-01,-4.9429905415e-01,-9.6584606171e+00,2.3846716309e+03
656,4.9479550123e-01,-4.9440094829e-01,-8.8390531540e+00,2.3845766602e+03
657,4.9479401112e-01,-4.9429121614e-01,-9.5217943192e+00,2.3844821777e+03
658,4.9474719167e-01,-4.9427840114e-01,-9.0352687836e+00,2.3843864746e+03
659,4.9468153715e-01,-4.9431616068e-01,-9.2066059113e+00,2.3842915039e+03
660,4.9480655789e-01,-4.9427962303e-01,-9.6173753738e+00,2.3841967773e+03
661,4.9482890964e-01,-4.9422484636e-01,-8.4069194794e+00,2.3841027832e+03
662,4.9453300238e-01,-4.9438753724e-01,-1.0291810036e+01,2.3840087891e+03
663,4.9458596110e-01,-4.9429044127e-01,-8.5765647888e+00,2.3839165039e+03
664,4.9462854862e-01,-4.9430128932e-01,-8.9061641693e+00,2.3838229980e+03
665,4.9476736784e-01,-4.9427336454e-01,-9.7525205612e+00,2.3837290039e+03
666,4.9466174841e-01,-4.9432185292e-01,-8.6480255127e+00,2.3836357422e+03
667,4.9475249648e-01,-4.9423000216e-01,-9.7110223770e+00,2.3835446777e+03
668,4.9448835850e-01,-4.9436849356e-01,-9.1238927841e+00,2.3834526367e+03
669,4.9456000328e-01,-4.9431049824e-01,-1.0065326691e+01,2.3833605957e+03
670,4.9448508024e-01,-4.9431270361e-01,-8.1169786453e+00,2.3832687988e+03
671,4.9438568950e-01,-4.9440890551e-01,-1.0332948685e+01,2.3831779785e+03
672,4.9446216226e-01,-4.9430248141e-01,-8.6486845016e+00,2.3830876465e+03
673,4.9445170164e-01,-4.9436399341e-01,-1.0145748138e+01,2.3829968262e+03
674,4.9442175031e-01,-4.9436992407e-01,-8.8672266006e+00,2.3829062500e+03
675,4.9438357353e-01,-4.9427035451e-01,-9.8834562302e+00,2.3828171387e+03
676,4.9435639381e-01,-4.9435019493e-01,-9.2783546448e+00,2.3827282715e+03
677,4.9443176389e-01,-4.9428695440e-01,-9.4653139114e+00,2.3826386719e+03
678,4.9429446459e-01,-4.9433547258e-01,-9.4330348969e+00,2.3825502930e+03
679,4.9430653453e-01,-4.9436751008e-01,-9.4574728012e+00,2.3824633789e+03
680,4.9426719546e-01,-4.9436426163e-01,-9.3400039673e+00,2.3823740234e+03
681,4.9425080419e-01,-4.9434775114e-01,-9.7130355835e+00,2.3822858887e+03
682,4.9447265267e-01,-4.9436876178e-01,-8.8626308441e+00,2.3821977539e+03
683,4.9440282583e-01,-4.9437737465e-01,-9.7831535339e+00,2.3821113281e+03
684,4.9421036243e-01,-4.9436315894e-01,-9.1347608566e+00,2.3820236816e+03
685,4.9426919222e-01,-4.9429586530e-01,-9.9981946945e+00,2.3819372559e+03
686,4.9431100488e-01,-4.9430865049e-01,-8.4953689575e+00,2.3818515625e+03
687,4.9428537488e-01,-4.9428865314e-01,-1.0264733315e+01,2.3817639160e+03
688,4.9416092038e-01,-4.9444243312e-01,-9.1634950638e+00,2.3816760254e+03
689,4.9419584870e-01,-4.9439635873e-01,-1.0167503357e+01,2.3815898438e+03
690,4.9410736561e-01,-4.9441495538e-01,-8.6831274033e+00,2.3815039062e+03
691,4.9425849319e-01,-4.9432840943e-01,-1.0544980049e+01,2.3814172363e+03
692,4.9410909414e-01,-4.9437850714e-01,-8.6553936005e+00,2.3813303223e+03
693,4.9425193667e-01,-4.9436175823e-01,-1.0716498375e+01,2.3812446289e+03
694,4.9404826760e-01,-4.9446979165e-01,-8.4701013565e+00,2.3811577148e+03
695,4.9417179823e-01,-4.9425008893e-01,-1.1616928101e+01,2.3810712891e+03
696,4.9420571327e-01,-4.9428033829e-01,-8.4425172806e+00,2.3809841309e+03
697,4.9413058162e-01,-4.9433237314e-01,-9.9223670959e+00,2.3808999023e+03
698,4.9393135309e-01,-4.9429383874e-01,-9.7456178665e+00,2.3808142090e+03
699,4.9406749010e-01,-4.9426826835e-01,-9.1311759949e+00,2.3807287598e+03
700,4.9391523004e-01,-4.9429452419e-01,-9.8778142929e+00,2.3806442871e+03
701,4.9394825101e-01,-4.9435767531e-01,-9.1901264191e+00,2.3805583496e+03
702,4.9394550920e-01,-4.9425411224e-01,-9.3107557297e+00,2.3804731445e+03
703,4.9388042092e-01,-4.9438348413e-01,-1.0248479843e+01,2.3803886719e+03
704,4.9390262365e-01,-4.9430525303e-01,-9.2645874023e+00,2.3803029785e+03
705,4.9405121803e-01,-4.9415588379e-01,-9.1350488663e+00,2.3802180176e+03
706,4.9387669563e-01,-4.9429091811e-01,-1.0174048424e+01,2.3801342773e+03
707,4.9386337399e-01,-4.9432781339e-01,-9.6780138016e+00,2.3800493164e+03
708,4.9392685294e-01,-4.9415731430e-01,-9.4017791748e+00,2.3799636230e+03
709,4.9388906360e-01,-4.9428555369e-01,-1.0061894417e+01,2.3798801270e+03
710,4.9394965172e-01,-4.9425104260e-01,-9.6536188126e+00,2.3797971191e+03
711,4.9383130670e-01,-4.9431204796e-01,-1.0610466003e+01,2.3797124023e+03
712,4.9371224642e-01,-4.9432602525e-01,-9.2080821991e+00,2.3796289062e+03
713,4.9381810427e-01,-4.9426895380e-01,-9.7320709229e+00,2.3795446777e+03
714,4.9378347397e-01,-4.9423903227e-01,-9.4825696945e+00,2.3794614258e+03
715,4.9382036924e-01,-4.9421936274e-01,-1.0493137360e+01,2.3793789062e+03
716,4.9367707968e-01,-4.9419501424e-01,-8.6649885178e+00,2.3792978516e+03
717,4.9376302958e-01,-4.9430793524e-01,-1.1343988419e+01,2.3792150879e+03
718,4.9383452535e-01,-4.9418529868e-01,-8.4767618179e+00,2.3791342773e+03
719,4.9381601810e-01,-4.9414998293e-01,-1.0495850563e+01,2.3790517578e+03
720,4.9365001917e-01,-4.9421370029e-01,-9.6973638535e+00,2.3789697266e+03
721,4.9363920093e-01,-4.9429500103e-01,-1.0254205704e+01,2.3788872070e+03
722,4.9365273118e-01,-4.9422186613e-01,-8.8594627380e+00,2.3788056641e+03
723,4.9362251163e-01,-4.9419704080e-01,-1.0450014114e+01,2.3787248535e+03
724,4.9356752634e-01,-4.9423429370e-01,-8.9689159393e+00,2.3786425781e+03
725,4.9357807636e-01,-4.9418327212e-01,-1.1167216301e+01,2.3785607910e+03
726,4.9349853396e-01,-4.9423208833e-01,-8.2871198654e+00,2.3784802246e+03
727,4.9364617467e-01,-4.9411806464e-01,-1.1673591614e+01,2.3783977051e+03
728,4.9343612790e-01,-4.9429327250e-01,-8.0593423843e+00,2.3783156738e+03
729,4.9339139462e-01,-4.9429506063e-01,-1.1206639290e+01,2.3782353516e+03
730,4.9344938993e-01,-4.9436575174e-01,-9.2654962540e+00,2.3781528320e+03
731,4.9362197518e-01,-4.9421548843e-01,-1.0397308350e+01,2.3780708008e+03
732,4.9346610904e-01,-4.9433001876e-01,-9.2904129028e+00,2.3779912109e+03
733,4.9355942011e-01,-4.9434709549e-01,-1.1246148109e+01,2.3779101562e+03
734,4.9351879954e-01,-4.9431839585e-01,-9.0837917328e+00,2.3778283691e+03
735,4.9353620410e-01,-4.9437233806e-01,-1.1268189430e+01,2.3777470703e+03
736,4.9335536361e-01,-4.9444395304e-01,-8.1992464066e+00,2.3776665039e+03
737,4.9329817295e-01,-4.9441957474e-01,-1.1041904449e+01,2.3775844727e+03
738,4.9330142140e-01,-4.9444469810e-01,-9.8341970444e+00,2.3775021973e+03
739,4.9341508746e-01,-4.9445933104e-01,-9.6853866577e+00,2.3774213867e+03
740,4.9339377880e-01,-4.9434176087e-01,-1.0095111847e+01,2.3773417969e+03
741,4.9335199594e-01,-4.9443280697e-01,-1.0038581848e+01,2.3772592773e+03
742,4.9332723022e-01,-4.9447527528e-01,-1.0330190659e+01,2.3771789551e+03
743,4.9328100681e-01,-4.9439272285e-01,-1.0674527168e+01,2.3770979004e+03
744,4.9331098795e-01,-4.9441540241e-01,-9.4318885803e+00,2.3770175781e+03
745,4.9323561788e-01,-4.9438238144e-01,-9.8197507858e+00,2.3769353027e+03
746,4.9327465892e-01,-4.9437189102e-01,-1.0394991875e+01,2.3768535156e+03
747,4.9329543114e-01,-4.9440786242e-01,-9.6247549057e+00,2.3767719727e+03
748,4.9331432581e-01,-4.9441868067e-01,-1.0414410591e+01,2.3766906738e+03
749,4.9315652251e-01,-4.9447163939e-01,-9.9889450073e+00,2.3766110840e+03
750,4.9311041832e-01,-4.9448898435e-01,-1.0328133583e+01,2.3765290527e+03
751,4.9312412739e-01,-4.9434435368e-01,-9.7922163010e+00,2.3764460449e+03
752,4.9316960573e-01,-4.9451118708e-01,-1.0637381554e+01,2.3763666992e+03
753,4.9309137464e-01,-4.9445202947e-01,-9.4075098038e+00,2.3762851562e+03
754,4.9315795302e-01,-4.9451860785e-01,-1.0838853836e+01,2.3762031250e+03
755,4.9315756559e-01,-4.9447292089e-01,-9.7849102020e+00,2.3761218262e+03
756,4.9309527874e-01,-4.9449566007e-01,-1.0072482109e+01,2.3760407715e+03
757,4.9303412437e-01,-4.9450626969e-01,-1.0411828995e+01,2.3759577637e+03
758,4.9308013916e-01,-4.9450203776e-01,-9.6283931732e+00,2.3758767090e+03
759,4.9290689826e-01,-4.9463686347e-01,-1.0772925377e+01,2.3757941895e+03
760,4.9297264218e-01,-4.9461832643e-01,-9.7783813477e+00,2.3757124023e+03
761,4.9297395349e-01,-4.9448898435e-01,-1.0486592293e+01,2.3756293945e+03
762,4.9296325445e-01,-4.9458473921e-01,-9.8058414459e+00,2.3755461426e+03
763,4.9291682243e-01,-4.9452117085e-01,-1.0483471870e+01,2.3754643555e+03
764,4.9287855625e-01,-4.9455195665e-01,-9.6140527725e+00,2.3753803711e+03
765,4.9299386144e-01,-4.9450448155e-01,-1.0616847992e+01,2.3752978516e+03
766,4.9271637201e-01,-4.9453732371e-01,-9.9768333435e+00,2.3752158203e+03
767,4.9273347855e-01,-4.9459090829e-01,-1.0903750420e+01,2.3751318359e+03
768,4.9270522594e-01,-4.9459415674e-01,-9.0404777527e+00,2.3750468750e+03
769,4.9288001657e-01,-4.9453842640e-01,-1.0887399673e+01,2.3749628906e+03
770,4.9279591441e-01,-4.9458241463e-01,-9.3888587952e+00,2.3748806152e+03
771,4.9277174473e-01,-4.9448114634e-01,-1.1693803787e+01,2.3747966309e+03
772,4.9276453257e-01,-4.9445551634e-01,-9.1931686401e+00,2.3747128906e+03
773,4.9279201031e-01,-4.9445143342e-01,-1.0684003830e+01,2.3746279297e+03
774,4.9273031950e-01,-4.9451440573e-01,-9.8438682556e+00,2.3745412598e+03
775,4.9274158478e-01,-4.9438175559e-01,-1.0516152382e+01,2.3744558105e+03
776,4.9273103476e-01,-4.9447655678e-01,-9.9465637207e+00,2.3743720703e+03
777,4.9279686809e-01,-4.9452897906e-01,-9.8921861649e+00,2.3742871094e+03
778,4.9275314808e-01,-4.9440750480e-01,-1.0147611618e+01,2.3742019043e+03
779,4.9274134636e-01,-4.9447402358e-01,-1.0784080505e+01,2.3741176758e+03
780,4.9278572202e-01,-4.9441426992e-01,-9.2798166275e+00,2.3740317383e+03
781,4.9274358153e-01,-4.9440199137e-01,-1.0831157684e+01,2.3739448242e+03
782,4.9274492264e-01,-4.9451458454e-01,-9.5629129410e+00,2.3738576660e+03
783,4.9273046851e-01,-4.9439886212e-01,-1.1019164085e+01,2.3737719727e+03
784,4.9279549718e-01,-4.9443212152e-01,-9.5321378708e+00,2.3736850586e+03
785,4.9264153838e-01,-4.9441727996e-01,-1.0888422966e+01,2.3735976562e+03
786,4.9274009466e-01,-4.9438610673e-01,-9.6256065369e+00,2.3735112305e+03
787,4.9276465178e-01,-4.9440351129e-01,-1.0764537811e+01,2.3734235840e+03
788,4.9280935526e-01,-4.9436762929e-01,-9.8461370468e+00,2.3733369141e+03
789,4.9260729551e-01,-4.9433514476e-01,-1.0704060555e+01,2.3732485352e+03
790,4.9265360832e-01,-4.9427196383e-01,-9.8924045563e+00,2.3731608887e+03
791,4.9261236191e-01,-4.9432095885e-01,-1.0505124092e+01,2.3730729980e+03
792,4.9266135693e-01,-4.9424678087e-01,-1.0034758568e+01,2.3729851074e+03
793,4.9267145991e-01,-4.9432334304e-01,-1.0266716003e+01,2.3728977051e+03
794,4.9253639579e-01,-4.9439197779e-01,-1.0253075600e+01,2.3728098145e+03
795,4.9257728457e-01,-4.9433931708e-01,-1.0425333023e+01,2.3727216797e+03
796,4.9251323938e-01,-4.9430420995e-01,-1.0095452309e+01,2.3726328125e+03
797,4.9254998565e-01,-4.9428898096e-01,-1.0691180229e+01,2.3725449219e+03
798,4.9246338010e-01,-4.9429839849e-01,-9.6482934952e+00,2.3724582520e+03
799,4.9246275425e-01,-4.9434235692e-01,-1.1085621834e+01,2.3723691406e+03
800,4.9240520597e-01,-4.9428990483e-01,-9.5496683121e+00,2.3722800293e+03
801,4.9241393805e-01,-4.9423214793e-01,-1.0638191223e+01,2.3721909180e+03
802,4.9239689112e-01,-4.9429109693e-01,-9.9872226715e+00,2.3721013184e+03
803,4.9244868755e-01,-4.9420687556e-01,-1.0716949463e+01,2.3720092773e+03
804,4.9223461747e-01,-4.9433648586e-01,-9.9904575348e+00,2.3719191895e+03
805,4.9244886637e-01,-4.9416279793e-01,-1.0654150009e+01,2.3718291016e+03
806,4.9223476648e-01,-4.9422955513e-01,-9.5565137863e+00,2.3717368164e+03
807,4.9239850044e-01,-4.9410936236e-01,-1.1649289131e+01,2.3716455078e+03
808,4.9240642786e-01,-4.9408468604e-01,-9.3134260178e+00,2.3715546875e+03
809,4.9223342538e-01,-4.9420380592e-01,-1.1233793259e+01,2.3714645996e+03
810,4.9225685000e-01,-4.9412682652e-01,-9.5421590805e+00,2.3713718262e+03
811,4.9236911535e-01,-4.9409925938e-01,-1.0675168991e+01,2.3712785645e+03
812,4.9227330089e-01,-4.9411386251e-01,-9.5964612961e+00,2.3711860352e+03
813,4.9228692055e-01,-4.9411877990e-01,-1.0724364281e+01,2.3710937500e+03
814,4.9208405614e-01,-4.9419745803e-01,-9.9400796890e+00,2.3710012207e+03
815,4.9211871624e-01,-4.9406534433e-01,-1.0607201576e+01,2.3709084473e+03
816,4.9219027162e-01,-4.9416354299e-01,-9.6542711258e+00,2.3708151855e+03
817,4.9211081862e-01,-4.9417269230e-01,-1.0890191078e+01,2.3707219238e+03
818,4.9204722047e-01,-4.9403220415e-01,-9.8810653687e+00,2.3706279297e+03
819,4.9210476875e-01,-4.9410301447e-01,-1.0769397736e+01,2.3705329590e+03
820,4.9193575978e-01,-4.9404886365e-01,-1.0261346817e+01,2.3704389648e+03
821,4.9211612344e-01,-4.9400404096e-01,-1.0435439110e+01,2.3703432617e+03
822,4.9191799760e-01,-4.9403977394e-01,-1.0508027077e+01,2.3702480469e+03
823,4.9207663536e-01,-4.9399191141e-01,-1.0061176300e+01,2.3701523438e+03
824,4.9203220010e-01,-4.9396154284e-01,-1.0339380264e+01,2.3700566406e+03
825,4.9205541611e-01,-4.9392485619e-01,-1.0380070686e+01,2.3699604492e+03
826,4.9195429683e-01,-4.9402555823e-01,-1.0402632713e+01,2.3698632812e+03
827,4.9207261205e-01,-4.9402835965e-01,-1.0223372459e+01,2.3697687988e+03
828,4.9207019806e-01,-4.9389749765e-01,-1.0009835243e+01,2.3696711426e+03
829,4.9196502566e-01,-4.9393582344e-01,-1.0631002426e+01,2.3695749512e+03
830,4.9208921194e-01,-4.9389210343e-01,-9.9202098846e+00,2.3694770508e+03
831,4.9200662971e-01,-4.9397084117e-01,-1.0466820717e+01,2.3693791504e+03
832,4.9213737249e-01,-4.9385699630e-01,-9.8513269424e+00,2.3692807617e+03
833,4.9205213785e-01,-4.9391695857e-01,-1.0526733398e+01,2.3691835938e+03
834,4.9206823111e-01,-4.9388152361e-01,-1.0157420158e+01,2.3690839844e+03
835,4.9183338881e-01,-4.9399912357e-01,-1.0723291397e+01,2.3689843750e+03
836,4.9191266298e-01,-4.9385136366e-01,-1.0094126701e+01,2.3688854980e+03
837,4.9189287424e-01,-4.9396556616e-01,-1.0433027267e+01,2.3687861328e+03
838,4.9205288291e-01,-4.9395045638e-01,-1.0211575508e+01,2.3686877441e+03
839,4.9196249247e-01,-4.9384197593e-01,-1.0393243790e+01,2.3685871582e+03
840,4.9193140864e-01,-4.9395495653e-01,-1.0151065826e+01,2.3684877930e+03
841,4.9190944433e-01,-4.9402108788e-01,-1.0795510292e+01,2.3683901367e+03
842,4.9194768071e-01,-4.9384266138e-01,-9.5496931076e+00,2.3682875977e+03
843,4.9194970727e-01,-4.9374482036e-01,-1.0717773438e+01,2.3681870117e+03
844,4.9197161198e-01,-4.9381396174e-01,-9.6319799423e+00,2.3680874023e+03
845,4.9195516109e-01,-4.9393862486e-01,-1.1102687836e+01,2.3679873047e+03
846,4.9189379811e-01,-4.9381062388e-01,-9.7064542770e+00,2.3678854980e+03
847,4.9196469784e-01,-4.9387753010e-01,-1.0726238251e+01,2.3677832031e+03
848,4.9178192019e-01,-4.9386096001e-01,-9.8217983246e+00,2.3676821289e+03
849,4.9194180965e-01,-4.9370247126e-01,-1.0913685799e+01,2.3675783691e+03
850,4.9186876416e-01,-4.9375042319e-01,-9.4541177750e+00,2.3674760742e+03
851,4.9189320207e-01,-4.9367773533e-01,-1.1128792763e+01,2.3673735352e+03
852,4.9181267619e-01,-4.9376699328e-01,-9.5504703522e+00,2.3672690430e+03
853,4.9188125134e-01,-4.9376234412e-01,-1.0905587196e+01,2.3671647949e+03
854,4.9171563983e-01,-4.9375605583e-01,-9.3541736603e+00,2.3670620117e+03
855,4.9193587899e-01,-4.9368590117e-01,-1.0826307297e+01,2.3669572754e+03
856,4.9179485440e-01,-4.9376818538e-01,-9.1768341064e+00,2.3668532715e+03
857,4.9183341861e-01,-4.9357739091e-01,-1.1947340965e+01,2.3667490234e+03
858,4.9184834957e-01,-4.9364441633e-01,-9.2386875153e+00,2.3666440430e+03
859,4.9179044366e-01,-4.9363204837e-01,-1.0604739189e+01,2.3665366211e+03
860,4.9163144827e-01,-4.9373248219e-01,-1.0718632698e+01,2.3664311523e+03
861,4.9184238911e-01,-4.9361494184e-01,-9.2988872528e+00,2.3663271484e+03
862,4.9162006378e-01,-4.9367094040e-01,-1.0662871361e+01,2.3662207031e+03
863,4.9166336656e-01,-4.9357628822e-01,-9.6153125763e+00,2.3661145020e+03
864,4.9159494042e-01,-4.9366536736e-01,-1.0441783905e+01,2.3660078125e+03
865,4.9176767468e-01,-4.9360489845e-01,-1.0089890480e+01,2.3659018555e+03
866,4.9166679382e-01,-4.9368870258e-01,-1.0095673561e+01,2.3657934570e+03
867,4.9156814814e-01,-4.9362927675e-01,-1.0568078041e+01,2.3656860352e+03
868,4.9163997173e-01,-4.9352934957e-01,-9.5295610428e+00,2.3655805664e+03
869,4.9163237214e-01,-4.9352592230e-01,-1.0703326225e+01,2.3654726562e+03
870,4.9165046215e-01,-4.9345618486e-01,-9.4680118561e+00,2.3653637695e+03
871,4.9163359404e-01,-4.9335813522e-01,-1.1066355705e+01,2.3652539062e+03
872,4.9146917462e-01,-4.9347487092e-01,-9.5532732010e+00,2.3651467285e+03
873,4.9152716994e-01,-4.9331685901e-01,-1.1019824028e+01,2.3650378418e+03
874,4.9140134454e-01,-4.9348923564e-01,-9.1129035950e+00,2.3649277344e+03
875,4.9140554667e-01,-4.9358570576e-01,-1.1366867065e+01,2.3648188477e+03
876,4.9163722992e-01,-4.9331438541e-01,-9.1552581787e+00,2.3647084961e+03
877,4.9145597219e-01,-4.9340185523e-01,-1.0215654373e+01,2.3645976562e+03
878,4.9152570963e-01,-4.9333587289e-01,-1.0544846535e+01,2.3644873047e+03
879,4.9153161049e-01,-4.9343764782e-01,-9.5514154434e+00,2.3643771973e+03
880,4.9155271053e-01,-4.9330809712e-01,-1.0988531113e+01,2.3642663574e+03
881,4.9152651429e-01,-4.9337726831e-01,-9.3802871704e+00,2.3641545410e+03
882,4.9152502418e-01,-4.9330490828e-01,-1.0486726761e+01,2.3640432129e+03
883,4.9143934250e-01,-4.9327641726e-01,-9.5376205444e+00,2.3639323730e+03
884,4.9144110084e-01,-4.9329903722e-01,-1.1126072884e+01,2.3638200684e+03
885,4.9139308929e-01,-4.9331870675e-01,-8.7070960999e+00,2.3637092285e+03
886,4.9138167500e-01,-4.9330779910e-01,-1.0875535011e+01,2.3635976562e+03
887,4.9139609933e-01,-4.9328786135e-01,-9.8637237549e+00,2.3634853516e+03
888,4.9134379625e-01,-4.9321463704e-01,-1.0334081650e+01,2.3633715820e+03
889,4.9135279655e-01,-4.9324917793e-01,-9.7798156738e+00,2.3632587891e+03
890,4.9135464430e-01,-4.9317020178e-01,-1.0581249237e+01,2.3631457520e+03
891,4.9139377475e-01,-4.9319833517e-01,-9.7530508041e+00,2.3630310059e+03
892,4.9134659767e-01,-4.9318698049e-01,-1.0645278931e+01,2.3629165039e+03
893,4.9139022827e-01,-4.9320346117e-01,-9.1524009705e+00,2.3628017578e+03
894,4.9141243100e-01,-4.9306342006e-01,-1.0807260513e+01,2.3626882324e+03
895,4.9139422178e-01,-4.9305754900e-01,-9.5720777512e+00,2.3625734863e+03
896,4.9141001701e-01,-4.9304920435e-01,-9.9798383713e+00,2.3624577637e+03
897,4.9145990610e-01,-4.9301156402e-01,-1.0483470917e+01,2.3623420410e+03
898,4.9133464694e-01,-4.9309644103e-01,-9.6265325546e+00,2.3622260742e+03
899,4.9148112535e-01,-4.9296578765e-01,-1.0547525406e+01,2.3621108398e+03
900,4.9125218391e-01,-4.9296495318e-01,-9.1101818085e+00,2.3619938965e+03
901,4.9145317078e-01,-4.9297279119e-01,-1.0311200142e+01,2.3618779297e+03
902,4.9108242989e-01,-4.9304801226e-01,-9.5347309113e+00,2.3617631836e+03
903,4.9116885662e-01,-4.9299496412e-01,-1.0342944145e+01,2.3616464844e+03
904,4.9131095409e-01,-4.9297854304e-01,-9.0422010422e+00,2.3615297852e+03
905,4.9109381437e-01,-4.9288299680e-01,-1.1102115631e+01,2.3614130859e+03
906,4.9116924405e-01,-4.9291303754e-01,-8.9628677368e+00,2.3612958984e+03
907,4.9110963941e-01,-4.9288687110e-01,-1.0889954567e+01,2.3611777344e+03
908,4.9114120007e-01,-4.9280720949e-01,-9.0142803192e+00,2.3610595703e+03
909,4.9113708735e-01,-4.9282768369e-01,-1.1233196259e+01,2.3609414062e+03
910,4.9121862650e-01,-4.9274697900e-01,-8.9223766327e+00,2.3608229980e+03
911,4.9112170935e-01,-4.9276056886e-01,-1.0642868042e+01,2.3607041016e+03
912,4.9106708169e-01,-4.9270597100e-01,-9.5201787949e+00,2.3605854492e+03
913,4.9107444286e-01,-4.9265980721e-01,-1.0240241051e+01,2.3604655762e+03
914,4.9099835753e-01,-4.9273782969e-01,-9.3178691864e+00,2.3603471680e+03
915,4.9112322927e-01,-4.9250963330e-01,-1.0168591499e+01,2.3602268066e+03
916,4.9099382758e-01,-4.9262711406e-01,-9.8994617462e+00,2.3601074219e+03
917,4.9094268680e-01,-4.9247470498e-01,-9.3582134247e+00,2.3599895020e+03
918,4.9099344015e-01,-4.9245542288e-01,-9.4541320801e+00,2.3598696289e+03
919,4.9103271961e-01,-4.9253314734e-01,-1.0367839813e+01,2.3597475586e+03
920,4.9098938704e-01,-4.9249491096e-01,-9.5590057373e+00,2.3596269531e+03
921,4.9087187648e-01,-4.9256446958e-01,-1.0647779465e+01,2.3595068359e+03
922,4.9096992612e-01,-4.9243900180e-01,-8.5745325089e+00,2.3593840332e+03
923,4.9089661241e-01,-4.9243101478e-01,-1.0687253952e+01,2.3592629395e+03
924,4.9078595638e-01,-4.9244987965e-01,-9.0820770264e+00,2.3591420898e+03
925,4.9089822173e-01,-4.9238377810e-01,-1.0384115219e+01,2.3590217285e+03
926,4.9072933197e-01,-4.9240469933e-01,-9.0208911896e+00,2.3588994141e+03
927,4.9079099298e-01,-4.9234336615e-01,-1.0678412437e+01,2.3587785645e+03
928,4.9088260531e-01,-4.9227231741e-01,-8.7309017181e+00,2.3586552734e+03
929,4.9067804217e-01,-4.9232098460e-01,-1.0597517967e+01,2.3585317383e+03
930,4.9068185687e-01,-4.9242419004e-01,-9.2957344055e+00,2.3584086914e+03
931,4.9060249329e-01,-4.9224659801e-01,-1.0333220482e+01,2.3582863770e+03
932,4.9055761099e-01,-4.9232596159e-01,-9.0426893234e+00,2.3581638184e+03
933,4.9058485031e-01,-4.9216455221e-01,-1.0000608444e+01,2.3580415039e+03
934,4.9053767323e-01,-4.9229684472e-01,-9.8638734818e+00,2.3579179688e+03
935,4.9062111974e-01,-4.9216341972e-01,-9.4394779205e+00,2.3577944336e+03
936,4.9053290486e-01,-4.9228516221e-01,-9.1925172806e+00,2.3576716309e+03
937,4.9067872763e-01,-4.9200037122e-01,-1.0777935982e+01,2.3575478516e+03
938,4.9061721563e-01,-4.9202409387e-01,-8.2323865891e+00,2.3574240723e+03
939,4.9055206776e-01,-4.9201798439e-01,-1.1074974060e+01,2.3572993164e+03
940,4.9058258533e-01,-4.9200776219e-01,-7.7230329514e+00,2.3571752930e+03
941,4.9047547579e-01,-4.9199026823e-01,-1.1906143188e+01,2.3570515137e+03
942,4.9046155810e-01,-4.9189859629e-01,-7.4443387985e+00,2.3569262695e+03
943,4.9053519964e-01,-4.9184361100e-01,-1.1046448708e+01,2.3568005371e+03
944,4.9030244350e-01,-4.9196618795e-01,-8.3827743530e+00,2.3566752930e+03
945,4.9026194215e-01,-4.9197953939e-01,-1.0358892441e+01,2.3565502930e+03
946,4.9040913582e-01,-4.9167940021e-01,-8.3380422592e+00,2.3564250488e+03
947,4.9037897587e-01,-4.9189466238e-01,-1.0704654694e+01,2.3562990723e+03
948,4.9037784338e-01,-4.9174222350e-01,-8.7179832458e+00,2.3561728516e+03
949,4.9043378234e-01,-4.9165669084e-01,-1.0343340874e+01,2.3560468750e+03
950,4.9036774039e-01,-4.9174264073e-01,-8.8811903000e+00,2.3559201660e+03
951,4.9032187462e-01,-4.9171069264e-01,-9.7846593857e+00,2.3557956543e+03
952,4.9026772380e-01,-4.9180334806e-01,-9.6403636932e+00,2.3556691895e+03
953,4.9046221375e-01,-4.9151623249e-01,-9.3874492645e+00,2.3555422363e+03
954,4.9037173390e-01,-4.9168157578e-01,-8.2475423813e+00,2.3554147949e+03
955,4.9035793543e-01,-4.9169883132e-01,-1.1170783043e+01,2.3552873535e+03
956,4.9013683200e-01,-4.9165898561e-01,-8.0475044250e+00,2.3551599121e+03
957,4.9007952213e-01,-4.9164593220e-01,-1.0957200050e+01,2.3550334473e+03
958,4.9028760195e-01,-4.9167042971e-01,-7.6642584801e+00,2.3549064941e+03
959,4.9026289582e-01,-4.9163448811e-01,-1.1446601868e+01,2.3547766113e+03
960,4.9006125331e-01,-4.9167227745e-01,-7.0653295517e+00,2.3546501465e+03
961,4.9008187652e-01,-4.9172085524e-01,-1.0852923393e+01,2.3545222168e+03
962,4.9015951157e-01,-4.9168527126e-01,-8.4191255569e+00,2.3543933105e+03
963,4.9004793167e-01,-4.9173566699e-01,-1.0637284279e+01,2.3542646484e+03
964,4.8993751407e-01,-4.9161249399e-01,-8.2134294510e+00,2.3541367188e+03
965,4.8993191123e-01,-4.9162760377e-01,-1.0644856453e+01,2.3540073242e+03
966,4.8986470699e-01,-4.9159252644e-01,-8.5050306320e+00,2.3538784180e+03
967,4.8999381065e-01,-4.9145647883e-01,-9.5245065689e+00,2.3537482910e+03
968,4.8967885971e-01,-4.9151986837e-01,-9.0153341293e+00,2.3536191406e+03
969,4.8993143439e-01,-4.9133926630e-01,-1.0008271217e+01,2.3534892578e+03
970,4.8963436484e-01,-4.9148485065e-01,-7.9209856987e+00,2.3533601074e+03
971,4.8965775967e-01,-4.9144798517e-01,-1.0166957855e+01,2.3532304688e+03
972,4.8975971341e-01,-4.9139389396e-01,-8.4722156525e+00,2.3531003418e+03
973,4.8975822330e-01,-4.9131134152e-01,-1.0091353416e+01,2.3529689941e+03
974,4.8963698745e-01,-4.9133521318e-01,-8.4065904617e+00,2.3528403320e+03
975,4.8970273137e-01,-4.9131393433e-01,-1.0478600502e+01,2.3527102051e+03
976,4.8956033587e-01,-4.9120080471e-01,-8.4835424423e+00,2.3525791016e+03
977,4.8955592513e-01,-4.9117138982e-01,-9.2928037643e+00,2.3524484863e+03
978,4.8955208063e-01,-4.9123805761e-01,-9.1473913193e+00,2.3523176270e+03
979,4.8977959156e-01,-4.9094814062e-01,-9.0280504227e+00,2.3521865234e+03
980,4.8958057165e-01,-4.9097609520e-01,-7.8993945122e+00,2.3520556641e+03
981,4.8961764574e-01,-4.9104297161e-01,-1.1237082481e+01,2.3519252930e+03
982,4.8954018950e-01,-4.9102717638e-01,-7.0453081131e+00,2.3517939453e+03
983,4.8955479264e-01,-4.9109485745e-01,-1.1098010063e+01,2.3516625977e+03
984,4.8935216665e-01,-4.9094182253e-01,-7.2438993454e+00,2.3515317383e+03
985,4.8941859603e-01,-4.9096962810e-01,-1.1437270164e+01,2.3513991699e+03
986,4.8939251900e-01,-4.9088776112e-01,-8.2971696854e+00,2.3512668457e+03
987,4.8934718966e-01,-4.9086019397e-01,-8.7555494308e+00,2.3511357422e+03
988,4.8919862509e-01,-4.9097621441e-01,-9.0098209381e+00,2.3510029297e+03
989,4.8928537965e-01,-4.9093404412e-01,-8.7671060562e+00,2.3508708496e+03
990,4.8923158646e-01,-4.9084496498e-01,-8.3655776978e+00,2.3507390137e+03
991,4.8908892274e-01,-4.9088099599e-01,-9.7096490860e+00,2.3506074219e+03
992,4.8931053281e-01,-4.9078267813e-01,-8.3552522659e+00,2.3504750977e+03
993,4.8912766576e-01,-4.9070301652e-01,-9.4486303329e+00,2.3503408203e+03
994,4.8908120394e-01,-4.9066743255e-01,-8.4044132233e+00,2.3502092285e+03
995,4.8916116357e-01,-4.9067580700e-01,-9.2916412354e+00,2.3500764160e+03
996,4.8909133673e-01,-4.9066069722e-01,-8.7862081528e+00,2.3499428711e+03
997,4.8911097646e-01,-4.9069559574e-01,-9.0580940247e+00,2.3498083496e+03
998,4.8899084330e-01,-4.9073562026e-01,-9.0123596191e+00,2.3496762695e+03
999,4.8897385597e-01,-4.9056744576e-01,-9.0722112656e+00,2.3495424805e+03
1000,4.8885896802e-01,-4.9067461491e-01,-8.8544502258e+00,2.3494082031e+03
1001,4.8894304037e-01,-4.9055680633e-01,-9.2360734940e+00,2.3492739258e+03
1002,4.8897677660e-01,-4.9051585793e-01,-7.6931362152e+00,2.3491408691e+03
1003,4.8882246017e-01,-4.9052152038e-01,-1.0263451576e+01,2.3490061035e+03
1004,4.8877704144e-01,-4.9055162072e-01,-7.6318058968e+00,2.3488718262e+03
1005,4.8889249563e-01,-4.9047267437e-01,-9.8547992706e+00,2.3487370605e+03
1006,4.8875948787e-01,-4.9048590660e-01,-7.8800039291e+00,2.3486040039e+03
1007,4.8878058791e-01,-4.9044772983e-01,-9.3814744949e+00,2.3484687500e+03
1008,4.8874795437e-01,-4.9045827985e-01,-8.3240785599e+00,2.3483342285e+03
1009,4.8877388239e-01,-4.9033272266e-01,-8.8420419693e+00,2.3481989746e+03
1010,4.8866143823e-01,-4.9039241672e-01,-8.6696891785e+00,2.3480639648e+03
1011,4.8874944448e-01,-4.9024051428e-01,-8.9738206863e+00,2.3479284668e+03
1012,4.8882225156e-01,-4.9032303691e-01,-8.3656320572e+00,2.3477924805e+03
1013,4.8855784535e-01,-4.9025616050e-01,-9.2951612473e+00,2.3476577148e+03
1014,4.8865953088e-01,-4.9026390910e-01,-8.3581666946e+00,2.3475224609e+03
1015,4.8857101798e-01,-4.9019545317e-01,-9.0334997177e+00,2.3473874512e+03
1016,4.8859742284e-01,-4.9020832777e-01,-8.1979656219e+00,2.3472514648e+03
1017,4.8845162988e-01,-4.9016112089e-01,-8.7792406082e+00,2.3471154785e+03
1018,4.8853495717e-01,-4.9006396532e-01,-8.4137516022e+00,2.3469804688e+03
1019,4.8851144314e-01,-4.9018761516e-01,-8.8647623062e+00,2.3468459473e+03
1020,4.8845967650e-01,-4.9016520381e-01,-8.6963195801e+00,2.3467106934e+03
1021,4.8841598630e-01,-4.9001878500e-01,-8.3464870453e+00,2.3465742188e+03
1022,4.8841515183e-01,-4.9009102583e-01,-8.5963783264e+00,2.3464387207e+03
1023,4.8840361834e-01,-4.8996385932e-01,-8.5997171402e+00,2.3463032227e+03
1024,4.8836669326e-01,-4.9004745483e-01,-8.3955793381e+00,2.3461667480e+03
1025,4.8832517862e-01,-4.9001687765e-01,-8.7237606049e+00,2.3460297852e+03
1026,4.8830556870e-01,-4.8994734883e-01,-8.5183639526e+00,2.3458940430e+03
1027,4.8834207654e-01,-4.8996472359e-01,-8.1903133392e+00,2.3457575684e+03
1028,4.8823934793e-01,-4.8977085948e-01,-8.5095129013e+00,2.3456191406e+03
1029,4.8824059963e-01,-4.9000087380e-01,-8.6449346542e+00,2.3454816895e+03
1030,4.8816999793e-01,-4.8994573951e-01,-8.6180458069e+00,2.3453457031e+03
1031,4.8816373944e-01,-4.8983544111e-01,-8.3315858841e+00,2.3452087402e+03
1032,4.8812970519e-01,-4.8966360092e-01,-8.2184457779e+00,2.3450708008e+03
1033,4.8815041780e-01,-4.8961904645e-01,-8.3346948624e+00,2.3449333496e+03
1034,4.8802912235e-01,-4.8967063427e-01,-8.5827770233e+00,2.3447968750e+03
1035,4.8793298006e-01,-4.8975068331e-01,-8.5370225906e+00,2.3446599121e+03
1036,4.8793318868e-01,-4.8971658945e-01,-8.1853170395e+00,2.3445222168e+03
1037,4.8789313436e-01,-4.8968932033e-01,-8.3233928680e+00,2.3443847656e+03
1038,4.8790457845e-01,-4.8959243298e-01,-8.2835912704e+00,2.3442475586e+03
1039,4.8783719540e-01,-4.8954981565e-01,-8.2578325272e+00,2.3441091309e+03
1040,4.8798951507e-01,-4.8963466287e-01,-8.1841220856e+00,2.3439716797e+03
1041,4.8789134622e-01,-4.8953801394e-01,-8.1652212143e+00,2.3438347168e+03
1042,4.8789215088e-01,-4.8958745599e-01,-8.3462009430e+00,2.3436970215e+03
1043,4.8781174421e-01,-4.8950627446e-01,-8.2872028351e+00,2.3435581055e+03
1044,4.8775881529e-01,-4.8945942521e-01,-8.2877607346e+00,2.3434206543e+03
1045,4.8786816001e-01,-4.8935896158e-01,-7.9137506485e+00,2.3432839355e+03
1046,4.8788744211e-01,-4.8939010501e-01,-8.4763517380e+00,2.3431479492e+03
1047,4.8783105612e-01,-4.8935180902e-01,-8.0838928223e+00,2.3430095215e+03
1048,4.8782053590e-01,-4.8931679130e-01,-8.1520614624e+00,2.3428725586e+03
1049,4.8776096106e-01,-4.8935309052e-01,-8.3913526535e+00,2.3427353516e+03
1050,4.8772245646e-01,-4.8929440975e-01,-7.9158039093e+00,2.3425976562e+03
1051,4.8773539066e-01,-4.8936256766e-01,-8.2815189362e+00,2.3424604492e+03
1052,4.8759773374e-01,-4.8925879598e-01,-8.0331592560e+00,2.3423237305e+03
1053,4.8758572340e-01,-4.8928228021e-01,-8.3604316711e+00,2.3421848145e+03
1054,4.8760133982e-01,-4.8918947577e-01,-7.8104825020e+00,2.3420483398e+03
1055,4.8761391640e-01,-4.8934823275e-01,-8.1996393204e+00,2.3419106445e+03
1056,4.8752185702e-01,-4.8903781176e-01,-7.6851220131e+00,2.3417727051e+03
1057,4.8754194379e-01,-4.8927539587e-01,-8.4849481583e+00,2.3416342773e+03
1058,4.8747980595e-01,-4.8921126127e-01,-7.9164748192e+00,2.3414965820e+03
1059,4.8747718334e-01,-4.8905777931e-01,-7.8828778267e+00,2.3413571777e+03
1060,4.8744106293e-01,-4.8916426301e-01,-8.1102790833e+00,2.3412185059e+03
1061,4.8747768998e-01,-4.8909422755e-01,-7.8505496979e+00,2.3410805664e+03
1062,4.8745468259e-01,-4.8902747035e-01,-7.9725956917e+00,2.3409431152e+03
1063,4.8740184307e-01,-4.8900297284e-01,-7.8867421150e+00,2.3408039551e+03
1064,4.8728394508e-01,-4.8901155591e-01,-8.1059446335e+00,2.3406655273e+03
1065,4.8717695475e-01,-4.8910534382e-01,-8.1146154404e+00,2.3405275879e+03
1066,4.8718661070e-01,-4.8902228475e-01,-7.9723644257e+00,2.3403908691e+03
1067,4.8717480898e-01,-4.8890900612e-01,-7.6117620468e+00,2.3402524414e+03
1068,4.8717382550e-01,-4.8892506957e-01,-7.6912250519e+00,2.3401157227e+03
1069,4.8721960187e-01,-4.8877897859e-01,-7.8341846466e+00,2.3399775391e+03
1070,4.8719084263e-01,-4.8881345987e-01,-8.0500488281e+00,2.3398393555e+03
1071,4.8705175519e-01,-4.8884877563e-01,-7.8470978737e+00,2.3397016602e+03
1072,4.8707818985e-01,-4.8878759146e-01,-7.8066034317e+00,2.3395629883e+03
1073,4.8707574606e-01,-4.8876541853e-01,-7.7641887665e+00,2.3394250488e+03
1074,4.8702380061e-01,-4.8872977495e-01,-7.8984417915e+00,2.3392871094e+03
1075,4.8702657223e-01,-4.8878633976e-01,-7.9403257370e+00,2.3391491699e+03
1076,4.8688313365e-01,-4.8879519105e-01,-7.8115735054e+00,2.3390109863e+03
1077,4.8708543181e-01,-4.8858919740e-01,-7.2197933197e+00,2.3388728027e+03
1078,4.8697018623e-01,-4.8860305548e-01,-7.8834671974e+00,2.3387351074e+03
1079,4.8692902923e-01,-4.8871153593e-01,-7.9020628929e+00,2.3385979004e+03
1080,4.8688468337e-01,-4.8853763938e-01,-7.3690042496e+00,2.3384594727e+03
1081,4.8700755835e-01,-4.8865857720e-01,-7.8189902306e+00,2.3383220215e+03
1082,4.8681494594e-01,-4.8861983418e-01,-7.7606611252e+00,2.3381850586e+03
1083,4.8686683178e-01,-4.8859369755e-01,-7.7344679832e+00,2.3380476074e+03
1084,4.8692366481e-01,-4.8859053850e-01,-7.5336685181e+00,2.3379096680e+03
1085,4.8690515757e-01,-4.8855254054e-01,-7.6048388481e+00,2.3377722168e+03
1086,4.8693630099e-01,-4.8855030537e-01,-7.7395157814e+00,2.3376354980e+03
1087,4.8675218225e-01,-4.8838567734e-01,-7.7521266937e+00,2.3374980469e+03
1088,4.8682186007e-01,-4.8846599460e-01,-7.2765421867e+00,2.3373623047e+03
1089,4.8673462868e-01,-4.8846516013e-01,-7.9724712372e+00,2.3372260742e+03
1090,4.8674923182e-01,-4.8845893145e-01,-7.4455070496e+00,2.3370895996e+03
1091,4.8674893379e-01,-4.8834735155e-01,-7.3755397797e+00,2.3369536133e+03
1092,4.8668411374e-01,-4.8833775520e-01,-7.5557727814e+00,2.3368173828e+03
1093,4.8667746782e-01,-4.8825410008e-01,-7.4245977402e+00,2.3366809082e+03
1094,4.8666155338e-01,-4.8828417063e-01,-7.4173192978e+00,2.3365449219e+03
1095,4.8663908243e-01,-4.8831662536e-01,-7.6906895638e+00,2.3364086914e+03
1096,4.8658618331e-01,-4.8830142617e-01,-7.3860092163e+00,2.3362729492e+03
1097,4.8657432199e-01,-4.8831158876e-01,-7.5904498100e+00,2.3361369629e+03
1098,4.8659652472e-01,-4.8828563094e-01,-7.3742504120e+00,2.3359997559e+03
1099,4.8653984070e-01,-4.8816847801e-01,-7.3829054832e+00,2.3358635254e+03
1100,4.8648276925e-01,-4.8819857836e-01,-7.3872222900e+00,2.3357270508e+03
1101,4.8649740219e-01,-4.8827427626e-01,-7.5437059402e+00,2.3355913086e+03
1102,4.8646980524e-01,-4.8822438717e-01,-7.3351244926e+00,2.3354545898e+03
1103,4.8642763495e-01,-4.8827007413e-01,-7.4585523605e+00,2.3353183594e+03
1104,4.8644375801e-01,-4.8820769787e-01,-7.2138681412e+00,2.3351831055e+03
1105,4.8639357090e-01,-4.8815178871e-01,-7.3384642601e+00,2.3350463867e+03
1106,4.8641386628e-01,-4.8818325996e-01,-7.5872454643e+00,2.3349101562e+03
1107,4.8627430201e-01,-4.8806360364e-01,-7.1588835716e+00,2.3347758789e+03
1108,4.8629105091e-01,-4.8806038499e-01,-7.3871564865e+00,2.3346416016e+03
1109,4.8630744219e-01,-4.8798957467e-01,-7.2320146561e+00,2.3345056152e+03
1110,4.8615086079e-01,-4.8804426193e-01,-7.5943202972e+00,2.3343710938e+03
1111,4.8618626595e-01,-4.8809733987e-01,-7.0270614624e+00,2.3342370605e+03
1112,4.8612475395e-01,-4.8806428909e-01,-7.6658678055e+00,2.3341027832e+03
1113,4.8612716794e-01,-4.8804393411e-01,-6.8813495636e+00,2.3339677734e+03
1114,4.8618152738e-01,-4.8789259791e-01,-7.4880213737e+00,2.3338337402e+03
1115,4.8611858487e-01,-4.8793533444e-01,-6.7591047287e+00,2.3336997070e+03
1116,4.8605212569e-01,-4.8796948791e-01,-7.9147191048e+00,2.3335654297e+03
1117,4.8616331816e-01,-4.8788055778e-01,-6.3191046715e+00,2.3334321289e+03
1118,4.8613929749e-01,-4.8783981800e-01,-7.8584117889e+00,2.3332985840e+03
1119,4.8601961136e-01,-4.8790803552e-01,-6.2843213081e+00,2.3331643066e+03
1120,4.8609271646e-01,-4.8781892657e-01,-8.0959215164e+00,2.3330302734e+03
1121,4.8591047525e-01,-4.8790344596e-01,-6.1367859840e+00,2.3328974609e+03
1122,4.8583316803e-01,-4.8791438341e-01,-9.3183898926e+00,2.3327646484e+03
1123,4.8597109318e-01,-4.8775240779e-01,-5.1664366722e+00,2.3326325684e+03
1124,4.8571342230e-01,-4.8791778088e-01,-8.9402885437e+00,2.3325004883e+03
1125,4.8590403795e-01,-4.8771265149e-01,-4.6758422852e+00,2.3323681641e+03
1126,4.8578414321e-01,-4.8774120212e-01,-9.3656969070e+00,2.3322355957e+03
1127,4.8595023155e-01,-4.8769834638e-01,-4.4774045944e+00,2.3321052246e+03
1128,4.8588943481e-01,-4.8771622777e-01,-9.8511486053e+00,2.3319724121e+03
1129,4.8582610488e-01,-4.8773917556e-01,-6.4627733231e+00,2.3318395996e+03
1130,4.8563843966e-01,-4.8787671328e-01,-7.0035409927e+00,2.3317080078e+03
1131,4.8568972945e-01,-4.8767650127e-01,-6.5834770203e+00,2.3315776367e+03
1132,4.8568660021e-01,-4.8771920800e-01,-6.9597411156e+00,2.3314465332e+03
1133,4.8567765951e-01,-4.8767086864e-01,-6.2477474213e+00,2.3313151855e+03
1134,4.8562398553e-01,-4.8770108819e-01,-8.1452789307e+00,2.3311838379e+03
1135,4.8552709818e-01,-4.8776343465e-01,-5.7016673088e+00,2.3310544434e+03
1136,4.8569911718e-01,-4.8752284050e-01,-7.9574913979e+00,2.3309226074e+03
1137,4.8548889160e-01,-4.8772010207e-01,-5.2107396126e+00,2.3307937012e+03
1138,4.8546966910e-01,-4.8776799440e-01,-8.0731878281e+00,2.3306647949e+03
1139,4.8557996750e-01,-4.8766550422e-01,-6.0657811165e+00,2.3305351562e+03
1140,4.8547154665e-01,-4.8765951395e-01,-8.4817581177e+00,2.3304038086e+03
1141,4.8542788625e-01,-4.8770010471e-01,-5.8134622574e+00,2.3302756348e+03
1142,4.8541036248e-01,-4.8766785860e-01,-8.4718399048e+00,2.3301462402e+03
1143,4.8542568088e-01,-4.8755702376e-01,-4.9910039902e+00,2.3300185547e+03
1144,4.8533725739e-01,-4.8763221502e-01,-9.5310354233e+00,2.3298889160e+03
1145,4.8539644480e-01,-4.8754626513e-01,-6.0999093056e+00,2.3297604980e+03
1146,4.8539629579e-01,-4.8756691813e-01,-6.3303742409e+00,2.3296318359e+03
1147,4.8540338874e-01,-4.8751726747e-01,-6.5842394829e+00,2.3295058594e+03
1148,4.8531940579e-01,-4.8755827546e-01,-7.0663557053e+00,2.3293784180e+03
1149,4.8526757956e-01,-4.8764291406e-01,-6.7712578773e+00,2.3292509766e+03
1150,4.8532748222e-01,-4.8743811250e-01,-6.5427360535e+00,2.3291228027e+03
1151,4.8517593741e-01,-4.8753494024e-01,-7.1267023087e+00,2.3289965820e+03
1152,4.8530212045e-01,-4.8734876513e-01,-6.2769246101e+00,2.3288696289e+03
1153,4.8511117697e-01,-4.8739507794e-01,-7.0616889000e+00,2.3287434082e+03
1154,4.8500064015e-01,-4.8758995533e-01,-7.0518054962e+00,2.3286166992e+03
1155,4.8496279120e-01,-4.8742252588e-01,-6.5979213715e+00,2.3284916992e+03
1156,4.8503759503e-01,-4.8741528392e-01,-6.4014644623e+00,2.3283657227e+03
1157,4.8503535986e-01,-4.8746126890e-01,-7.2958636284e+00,2.3282419434e+03
1158,4.8508968949e-01,-4.8725408316e-01,-5.9702024460e+00,2.3281171875e+03
1159,4.8504486680e-01,-4.8732477427e-01,-6.9018297195e+00,2.3279926758e+03
1160,4.8506131768e-01,-4.8732843995e-01,-7.0789136887e+00,2.3278684082e+03
1161,4.8493063450e-01,-4.8733615875e-01,-6.3036890030e+00,2.3277460938e+03
1162,4.8493331671e-01,-4.8727673292e-01,-7.3529596329e+00,2.3276213379e+03
1163,4.8481622338e-01,-4.8734271526e-01,-5.9460525513e+00,2.3274990234e+03
1164,4.8492807150e-01,-4.8722952604e-01,-7.6060914993e+00,2.3273750000e+03
1165,4.8480370641e-01,-4.8733752966e-01,-5.7151489258e+00,2.3272536621e+03
1166,4.8490244150e-01,-4.8728901148e-01,-7.8776874542e+00,2.3271286621e+03
1167,4.8482000828e-01,-4.8733133078e-01,-6.2957959175e+00,2.3270070801e+03
1168,4.8471567035e-01,-4.8734390736e-01,-6.8866763115e+00,2.3268859863e+03
1169,4.8465582728e-01,-4.8731467128e-01,-6.2590470314e+00,2.3267646484e+03
1170,4.8467323184e-01,-4.8728501797e-01,-6.6795835495e+00,2.3266433105e+03
1171,4.8464354873e-01,-4.8726388812e-01,-6.5302071571e+00,2.3265234375e+03
1172,4.8469388485e-01,-4.8728144169e-01,-6.4866394997e+00,2.3264030762e+03
1173,4.8462814093e-01,-4.8727804422e-01,-6.2718391418e+00,2.3262802734e+03
1174,4.8455202579e-01,-4.8729205132e-01,-7.0192632675e+00,2.3261606445e+03
1175,4.8462921381e-01,-4.8723956943e-01,-6.0191001892e+00,2.3260410156e+03
1176,4.8453396559e-01,-4.8719787598e-01,-7.0911459923e+00,2.3259204102e+03
1177,4.8453855515e-01,-4.8728182912e-01,-6.1256418228e+00,2.3258010254e+03
1178,4.8450037837e-01,-4.8718807101e-01,-6.9411435127e+00,2.3256823730e+03
1179,4.8449158669e-01,-4.8728242517e-01,-6.2161960602e+00,2.3255632324e+03
1180,4.8444911838e-01,-4.8716163635e-01,-7.0729546547e+00,2.3254440918e+03
1181,4.8439931870e-01,-4.8717609048e-01,-6.5414786339e+00,2.3253269043e+03
1182,4.8437145352e-01,-4.8719310760e-01,-6.2310180664e+00,2.3252087402e+03
1183,4.8448380828e-01,-4.8707783222e-01,-6.5940594673e+00,2.3250903320e+03
1184,4.8430842161e-01,-4.8717480898e-01,-6.7968492508e+00,2.3249733887e+03
1185,4.8446282744e-01,-4.8717769980e-01,-5.9553794861e+00,2.3248562012e+03
1186,4.8429876566e-01,-4.8715433478e-01,-7.3587360382e+00,2.3247385254e+03
1187,4.8446333408e-01,-4.8711153865e-01,-5.4431271553e+00,2.3246223145e+03
1188,4.8417317867e-01,-4.8710906506e-01,-7.6028404236e+00,2.3245070801e+03
1189,4.8435142636e-01,-4.8698586226e-01,-5.8842740059e+00,2.3243911133e+03
1190,4.8436045647e-01,-4.8696386814e-01,-6.2758164406e+00,2.3242736816e+03
1191,4.8423600197e-01,-4.8721495271e-01,-6.7333545685e+00,2.3241582031e+03
1192,4.8432895541e-01,-4.8703464866e-01,-5.7265567780e+00,2.3240434570e+03
1193,4.8417672515e-01,-4.8715502024e-01,-6.9220995903e+00,2.3239274902e+03
1194,4.8421323299e-01,-4.8705530167e-01,-6.1257238388e+00,2.3238132324e+03
1195,4.8413032293e-01,-4.8706424236e-01,-6.5577597618e+00,2.3236987305e+03
1196,4.8418405652e-01,-4.8705857992e-01,-6.1366214752e+00,2.3235844727e+03
1197,4.8417869210e-01,-4.8704445362e-01,-6.4122786522e+00,2.3234719238e+03
1198,4.8412859440e-01,-4.8691660166e-01,-6.5689606667e+00,2.3233586426e+03
1199,4.8405623436e-01,-4.8697268963e-01,-6.4247703552e+00,2.3232456055e+03
1200,4.8404645920e-01,-4.8688733578e-01,-6.1838955879e+00,2.3231323242e+03
1201,4.8398068547e-01,-4.8701578379e-01,-6.7479362488e+00,2.3230205078e+03
1202,4.8405641317e-01,-4.8698902130e-01,-6.1039643288e+00,2.3229086914e+03
1203,4.8397806287e-01,-4.8699241877e-01,-6.7860412598e+00,2.3227961426e+03
1204,4.8399069905e-01,-4.8686128855e-01,-6.0863757133e+00,2.3226848145e+03
1205,4.8405453563e-01,-4.8685160279e-01,-6.2144207954e+00,2.3225744629e+03
1206,4.8383426666e-01,-4.8693537712e-01,-6.6398196220e+00,2.3224636230e+03
1207,4.8393407464e-01,-4.8684418201e-01,-6.2002949715e+00,2.3223532715e+03
1208,4.8387345672e-01,-4.8678481579e-01,-6.4705386162e+00,2.3222429199e+03
1209,4.8380544782e-01,-4.8688969016e-01,-6.1707677841e+00,2.3221323242e+03
1210,4.8381653428e-01,-4.8676991463e-01,-6.5056991577e+00,2.3220224609e+03
1211,4.8369544744e-01,-4.8685592413e-01,-6.3971858025e+00,2.3219130859e+03
1212,4.8383328319e-01,-4.8682841659e-01,-5.9795188904e+00,2.3218044434e+03
1213,4.8357534409e-01,-4.8693427444e-01,-6.6817326546e+00,2.3216958008e+03
1214,4.8378854990e-01,-4.8674920201e-01,-5.9456925392e+00,2.3215886230e+03
1215,4.8360759020e-01,-4.8684054613e-01,-6.4733777046e+00,2.3214797363e+03
1216,4.8394593596e-01,-4.8666411638e-01,-6.0531296730e+00,2.3213730469e+03
1217,4.8370698094e-01,-4.8680657148e-01,-6.2461681366e+00,2.3212661133e+03
1218,4.8366606236e-01,-4.8679214716e-01,-6.9057693481e+00,2.3211589355e+03
1219,4.8360371590e-01,-4.8683792353e-01,-6.1435914040e+00,2.3210515137e+03
1220,4.8363095522e-01,-4.8676234484e-01,-6.0392818451e+00,2.3209438477e+03
1221,4.8373064399e-01,-4.8670774698e-01,-6.0951409340e+00,2.3208398438e+03
1222,4.8359403014e-01,-4.8681324720e-01,-6.5478367805e+00,2.3207319336e+03
1223,4.8371881247e-01,-4.8668059707e-01,-5.9601464272e+00,2.3206247559e+03
1224,4.8358359933e-01,-4.8676559329e-01,-6.4381022453e+00,2.3205212402e+03
1225,4.8360288143e-01,-4.8670473695e-01,-6.3581218719e+00,2.3204172363e+03
1226,4.8352870345e-01,-4.8672670126e-01,-6.4449343681e+00,2.3203110352e+03
1227,4.8355388641e-01,-4.8674747348e-01,-5.5943484306e+00,2.3202060547e+03
1228,4.8353096843e-01,-4.8680251837e-01,-6.7337312698e+00,2.3201022949e+03
1229,4.8345100880e-01,-4.8674878478e-01,-5.8247833252e+00,2.3199990234e+03
1230,4.8354527354e-01,-4.8681175709e-01,-6.5025515556e+00,2.3198952637e+03
1231,4.8337846994e-01,-4.8678824306e-01,-6.3027081490e+00,2.3197934570e+03
1232,4.8345869780e-01,-4.8676410317e-01,-5.9432053566e+00,2.3196904297e+03
1233,4.8346683383e-01,-4.8674914241e-01,-6.1707530022e+00,2.3195876465e+03
1234,4.8343548179e-01,-4.8669612408e-01,-6.3619680405e+00,2.3194865723e+03
1235,4.8336681724e-01,-4.8673021793e-01,-6.1604938507e+00,2.3193842773e+03
1236,4.8338013887e-01,-4.8675528169e-01,-6.1527819633e+00,2.3192834473e+03
1237,4.8335146904e-01,-4.8670053482e-01,-6.1800847054e+00,2.3191811523e+03
1238,4.8331242800e-01,-4.8665374517e-01,-6.2590909004e+00,2.3190817871e+03
1239,4.8332244158e-01,-4.8666080832e-01,-5.6654081345e+00,2.3189802246e+03
1240,4.8337385058e-01,-4.8667293787e-01,-6.3108568192e+00,2.3188803711e+03
1241,4.8327547312e-01,-4.8666200042e-01,-6.2852363586e+00,2.3187810059e+03
1242,4.8331144452e-01,-4.8660194874e-01,-6.0742559433e+00,2.3186813965e+03
1243,4.8319146037e-01,-4.8668444157e-01,-6.3098168373e+00,2.3185812988e+03
1244,4.8314473033e-01,-4.8673877120e-01,-6.4096407890e+00,2.3184824219e+03
1245,4.8338794708e-01,-4.8658591509e-01,-5.3875150681e+00,2.3183837891e+03
1246,4.8326182365e-01,-4.8662856221e-01,-6.7384805679e+00,2.3182836914e+03
1247,4.8301583529e-01,-4.8656430840e-01,-6.1506905556e+00,2.3181862793e+03
1248,4.8305800557e-01,-4.8655191064e-01,-6.6399116516e+00,2.3180886230e+03
1249,4.8309421539e-01,-4.8654198647e-01,-5.4419817924e+00,2.3179907227e+03
1250,4.8307600617e-01,-4.8658370972e-01,-6.9891867638e+00,2.3178920898e+03
1251,4.8309254646e-01,-4.8654934764e-01,-5.3717861176e+00,2.3177956543e+03
1252,4.8297592998e-01,-4.8657062650e-01,-6.9691386223e+00,2.3176984863e+03
1253,4.8318374157e-01,-4.8653548956e-01,-4.7262625694e+00,2.3176010742e+03
1254,4.8297885060e-01,-4.8651051521e-01,-7.6273541451e+00,2.3175046387e+03
1255,4.8317006230e-01,-4.8666709661e-01,-4.2237515450e+00,2.3174091797e+03
1256,4.8294204473e-01,-4.8672211170e-01,-7.0775976181e+00,2.3173132324e+03
1257,4.8301324248e-01,-4.8657909036e-01,-5.9695520401e+00,2.3172170410e+03
1258,4.8298686743e-01,-4.8672497272e-01,-6.6450166702e+00,2.3171215820e+03
1259,4.8302263021e-01,-4.8652255535e-01,-5.5853419304e+00,2.3170273438e+03
1260,4.8296028376e-01,-4.8668575287e-01,-6.2157855034e+00,2.3169326172e+03
1261,4.8300385475e-01,-4.8656368256e-01,-5.5343899727e+00,2.3168369141e+03
1262,4.8289841413e-01,-4.8670861125e-01,-7.3888454437e+00,2.3167421875e+03
1263,4.8299649358e-01,-4.8657718301e-01,-4.3387584686e+00,2.3166489258e+03
1264,4.8284098506e-01,-4.8674580455e-01,-8.0502433777e+00,2.3165556641e+03
1265,4.8295575380e-01,-4.8664638400e-01,-5.3599777222e+00,2.3164614258e+03
1266,4.8292058706e-01,-4.8672229052e-01,-5.9192938805e+00,2.3163686523e+03
1267,4.8291561007e-01,-4.8660448194e-01,-5.8479485512e+00,2.3162756348e+03
1268,4.8291459680e-01,-4.8666882515e-01,-6.9508962631e+00,2.3161833496e+03
1269,4.8286995292e-01,-4.8671194911e-01,-4.6994853020e+00,2.3160913086e+03
1270,4.8286944628e-01,-4.8665970564e-01,-7.4853978157e+00,2.3159990234e+03
1271,4.8285797238e-01,-4.8675027490e-01,-5.0525598526e+00,2.3159060059e+03
1272,4.8286777735e-01,-4.8662590981e-01,-7.0435538292e+00,2.3158154297e+03
1273,4.8283955455e-01,-4.8657017946e-01,-6.0743775368e+00,2.3157253418e+03
1274,4.8281615973e-01,-4.8656383157e-01,-5.8184366226e+00,2.3156345215e+03
1275,4.8276686668e-01,-4.8673993349e-01,-5.9568672180e+00,2.3155412598e+03
1276,4.8278734088e-01,-4.8650020361e-01,-5.7504510880e+00,2.3154514160e+03
1277,4.8273068666e-01,-4.8654663563e-01,-6.0485138893e+00,2.3153613281e+03
1278,4.8277494311e-01,-4.8660069704e-01,-6.1017870903e+00,2.3152690430e+03
1279,4.8279905319e-01,-4.8646324873e-01,-5.7939553261e+00,2.3151789551e+03
1280,4.8279795051e-01,-4.8643931746e-01,-5.9699025154e+00,2.3150888672e+03
1281,4.8272070289e-01,-4.8648041487e-01,-5.5989689827e+00,2.3149982910e+03
1282,4.8270109296e-01,-4.8647537827e-01,-6.6515092850e+00,2.3149077148e+03
1283,4.8258072138e-01,-4.8654600978e-01,-5.8782405853e+00,2.3148181152e+03
1284,4.8274487257e-01,-4.8654383421e-01,-6.0848817825e+00,2.3147294922e+03
1285,4.8260217905e-01,-4.8655167222e-01,-5.4008674622e+00,2.3146394043e+03
1286,4.8276802897e-01,-4.8649466038e-01,-7.4950995445e+00,2.3145488281e+03
1287,4.8262181878e-01,-4.8650330305e-01,-3.7163016796e+00,2.3144599609e+03
1288,4.8271158338e-01,-4.8659324646e-01,-8.9994602203e+00,2.3143713379e+03
1289,4.8272427917e-01,-4.8649922013e-01,-2.8013048172e+00,2.3142822266e+03
1290,4.8274657130e-01,-4.8655074835e-01,-9.3741989136e+00,2.3141928711e+03
1291,4.8264783621e-01,-4.8662444949e-01,-2.5804860592e+00,2.3141047363e+03
1292,4.8277941346e-01,-4.8655903339e-01,-9.3502502441e+00,2.3140166016e+03
1293,4.8264259100e-01,-4.8669406772e-01,-2.5934166908e+00,2.3139287109e+03
1294,4.8283547163e-01,-4.8654448986e-01,-9.5569543839e+00,2.3138408203e+03
1295,4.8254570365e-01,-4.8669764400e-01,-1.9440042973e+00,2.3137517090e+03
1296,4.8253917694e-01,-4.8674359918e-01,-7.9544596672e+00,2.3136650391e+03
1297,4.8264387250e-01,-4.8667323589e-01,-5.7075939178e+00,2.3135769043e+03
1298,4.8266720772e-01,-4.8662501574e-01,-5.1138734818e+00,2.3134892578e+03
1299,4.8272034526e-01,-4.8656535149e-01,-7.6091346741e+00,2.3134023438e+03
1300,4.8265612125e-01,-4.8659622669e-01,-5.1253838539e+00,2.3133142090e+03
1301,4.8280784488e-01,-4.8645949364e-01,-6.7386317253e+00,2.3132275391e+03
1302,4.8246741295e-01,-4.8680242896e-01,-6.8135714531e+00,2.3131418457e+03
1303,4.8275721073e-01,-4.8638230562e-01,-4.7833871841e+00,2.3130559082e+03
1304,4.8250642419e-01,-4.8666167259e-01,-8.2014617920e+00,2.3129687500e+03
1305,4.8259812593e-01,-4.8646998405e-01,-2.9181373119e+00,2.3128825684e+03
1306,4.8268431425e-01,-4.8656153679e-01,-8.9033889771e+00,2.3127966309e+03
1307,4.8264983296e-01,-4.8637989163e-01,-3.0906479359e+00,2.3127092285e+03
1308,4.8263281584e-01,-4.8656025529e-01,-8.0745506287e+00,2.3126242676e+03
1309,4.8261192441e-01,-4.8652660847e-01,-4.7592582703e+00,2.3125385742e+03
1310,4.8276281357e-01,-4.8643296957e-01,-6.1983060837e+00,2.3124526367e+03
1311,4.8275238276e-01,-4.8647457361e-01,-6.7791118622e+00,2.3123669434e+03
1312,4.8266500235e-01,-4.8652321100e-01,-4.9312648773e+00,2.3122819824e+03
1313,4.8284256458e-01,-4.8634323478e-01,-5.6569409370e+00,2.3121965332e+03
1314,4.8259550333e-01,-4.8655727506e-01,-7.1008696556e+00,2.3121113281e+03
1315,4.8282817006e-01,-4.8643115163e-01,-4.5084853172e+00,2.3120266113e+03
1316,4.8270615935e-01,-4.8659294844e-01,-7.4546017647e+00,2.3119418945e+03
1317,4.8282885551e-01,-4.8629382253e-01,-4.2117590904e+00,2.3118583984e+03
1318,4.8267346621e-01,-4.8659300804e-01,-7.6394228935e+00,2.3117746582e+03
1319,4.8273503780e-01,-4.8652213812e-01,-6.8318595886e+00,2.3116896973e+03
1320,4.8263931274e-01,-4.8661848903e-01,-4.6653542519e+00,2.3116052246e+03
1321,4.8283389211e-01,-4.8638066649e-01,-5.9042353630e+00,2.3115207520e+03
1322,4.8279199004e-01,-4.8654359579e-01,-6.0758900642e+00,2.3114365234e+03
1323,4.8293372989e-01,-4.8636937141e-01,-5.5632605553e+00,2.3113500977e+03
1324,4.8275801539e-01,-4.8657947779e-01,-6.4577674866e+00,2.3112663574e+03
1325,4.8285764456e-01,-4.8642250896e-01,-5.8622889519e+00,2.3111809082e+03
1326,4.8277604580e-01,-4.8663523793e-01,-6.0024099350e+00,2.3110966797e+03
1327,4.8293414712e-01,-4.8624351621e-01,-5.4340715408e+00,2.3110102539e+03
1328,4.8290258646e-01,-4.8639348149e-01,-5.2435140610e+00,2.3109262695e+03
1329,4.8289713264e-01,-4.8636260629e-01,-7.1923689842e+00,2.3108420410e+03
1330,4.8281311989e-01,-4.8645281792e-01,-6.0575122833e+00,2.3107583008e+03
1331,4.8288032413e-01,-4.8638367653e-01,-5.3416433334e+00,2.3106730957e+03
1332,4.8288691044e-01,-4.8633244634e-01,-6.2842993736e+00,2.3105895996e+03
1333,4.8283055425e-01,-4.8646220565e-01,-5.9614262581e+00,2.3105058594e+03
1334,4.8288536072e-01,-4.8629346490e-01,-5.3889446259e+00,2.3104211426e+03
1335,4.8293423653e-01,-4.8638147116e-01,-6.5377902985e+00,2.3103378906e+03
1336,4.8278158903e-01,-4.8648256063e-01,-5.6316938400e+00,2.3102541504e+03
1337,4.8293027282e-01,-4.8635891080e-01,-5.9599285126e+00,2.3101699219e+03
1338,4.8282772303e-01,-4.8635882139e-01,-5.9355502129e+00,2.3100849609e+03
1339,4.8283877969e-01,-4.8635247350e-01,-6.1870179176e+00,2.3100009766e+03
1340,4.8295408487e-01,-4.8626279831e-01,-5.6089839935e+00,2.3099165039e+03
1341,4.8288005590e-01,-4.8641344905e-01,-6.4066729546e+00,2.3098310547e+03
1342,4.8285648227e-01,-4.8634040356e-01,-5.6789207458e+00,2.3097482910e+03
1343,4.8286616802e-01,-4.8633840680e-01,-6.0327048302e+00,2.3096643066e+03
1344,4.8283636570e-01,-4.8634248972e-01,-5.7730994225e+00,2.3095795898e+03
1345,4.8299834132e-01,-4.8635363579e-01,-5.8455553055e+00,2.3094953613e+03
1346,4.8285922408e-01,-4.8627525568e-01,-6.1122398376e+00,2.3094121094e+03
1347,4.8292019963e-01,-4.8636531830e-01,-6.0561208725e+00,2.3093276367e+03
1348,4.8281779885e-01,-4.8631575704e-01,-5.8326158524e+00,2.3092441406e+03
1349,4.8296946287e-01,-4.8627254367e-01,-6.2963156700e+00,2.3091606445e+03
1350,4.8289534450e-01,-4.8626762629e-01,-5.3648028374e+00,2.3090769043e+03
1351,4.8306345940e-01,-4.8630687594e-01,-6.4030814171e+00,2.3089916992e+03
1352,4.8300066590e-01,-4.8627364635e-01,-5.4162287712e+00,2.3089074707e+03
1353,4.8303836584e-01,-4.8623013496e-01,-6.4913325310e+00,2.3088237305e+03
1354,4.8291844130e-01,-4.8628738523e-01,-6.4173278809e+00,2.3087397461e+03
1355,4.8299840093e-01,-4.8618581891e-01,-5.3086042404e+00,2.3086550293e+03
1356,4.8293694854e-01,-4.8622244596e-01,-6.3379535675e+00,2.3085710449e+03
1357,4.8303219676e-01,-4.8619759083e-01,-5.5287628174e+00,2.3084868164e+03
1358,4.8287189007e-01,-4.8620465398e-01,-5.8295907974e+00,2.3084011230e+03
1359,4.8292231560e-01,-4.8623463511e-01,-6.1793775558e+00,2.3083176270e+03
1360,4.8297068477e-01,-4.8609274626e-01,-5.5880055428e+00,2.3082336426e+03
1361,4.8292908072e-01,-4.8618870974e-01,-6.3574137688e+00,2.3081489258e+03
1362,4.8291513324e-01,-4.8623964190e-01,-5.6375355721e+00,2.3080644531e+03
1363,4.8291689157e-01,-4.8632284999e-01,-6.3627572060e+00,2.3079804688e+03
1364,4.8299688101e-01,-4.8618811369e-01,-5.5594420433e+00,2.3078957520e+03
1365,4.8314577341e-01,-4.8620539904e-01,-6.4324135780e+00,2.3078112793e+03
1366,4.8292425275e-01,-4.8627051711e-01,-5.8583250046e+00,2.3077270508e+03
1367,4.8314541578e-01,-4.8617163301e-01,-5.9250588417e+00,2.3076433105e+03
1368,4.8300090432e-01,-4.8615738750e-01,-6.0497837067e+00,2.3075583496e+03
1369,4.8317486048e-01,-4.8609247804e-01,-5.9591441154e+00,2.3074733887e+03
1370,4.8305708170e-01,-4.8632356524e-01,-6.4486541748e+00,2.3073886719e+03
1371,4.8306867480e-01,-4.8605099320e-01,-5.8152089119e+00,2.3073034668e+03
1372,4.8302990198e-01,-4.8614332080e-01,-6.0545678139e+00,2.3072177734e+03
1373,4.8302257061e-01,-4.8605850339e-01,-5.7699069977e+00,2.3071330566e+03
1374,4.8316738009e-01,-4.8623368144e-01,-6.2047505379e+00,2.3070471191e+03
1375,4.8314154148e-01,-4.8609504104e-01,-5.3571367264e+00,2.3069621582e+03
1376,4.8302847147e-01,-4.8621228337e-01,-6.7576656342e+00,2.3068757324e+03
1377,4.8306894302e-01,-4.8598524928e-01,-5.1533966064e+00,2.3067897949e+03
1378,4.8308509588e-01,-4.8608565331e-01,-6.3770132065e+00,2.3067050781e+03
1379,4.8312729597e-01,-4.8597925901e-01,-5.5846285820e+00,2.3066191406e+03
1380,4.8305881023e-01,-4.8621603847e-01,-6.8304252625e+00,2.3065332031e+03
1381,4.8311403394e-01,-4.8606067896e-01,-5.7332572937e+00,2.3064470215e+03
1382,4.8318278790e-01,-4.8587247729e-01,-5.6009979248e+00,2.3063615723e+03
1383,4.8316669464e-01,-4.8611837626e-01,-6.4975056648e+00,2.3062751465e+03
1384,4.8319426179e-01,-4.8601073027e-01,-5.8088083267e+00,2.3061887207e+03
1385,4.8313179612e-01,-4.8627501726e-01,-6.3574824333e+00,2.3061015625e+03
1386,4.8321276903e-01,-4.8623415828e-01,-6.0524210930e+00,2.3060151367e+03
1387,4.8327019811e-01,-4.8606264591e-01,-5.6349806786e+00,2.3059287109e+03
1388,4.8326170444e-01,-4.8614871502e-01,-6.4968771935e+00,2.3058417969e+03
1389,4.8332840204e-01,-4.8584026098e-01,-5.3867969513e+00,2.3057548828e+03
1390,4.8327863216e-01,-4.8591622710e-01,-6.6711153984e+00,2.3056691895e+03
1391,4.8335435987e-01,-4.8594805598e-01,-5.8281092644e+00,2.3055810547e+03
1392,4.8338818550e-01,-4.8579272628e-01,-5.8140568733e+00,2.3054929199e+03
1393,4.8341059685e-01,-4.8585319519e-01,-6.2224764824e+00,2.3054057617e+03
1394,4.8335263133e-01,-4.8593086004e-01,-6.1040997505e+00,2.3053181152e+03
1395,4.8335903883e-01,-4.8582234979e-01,-6.1084265709e+00,2.3052290039e+03
1396,4.8334455490e-01,-4.8595035076e-01,-6.1653614044e+00,2.3051413574e+03
1397,4.8334914446e-01,-4.8584476113e-01,-6.0070586205e+00,2.3050539551e+03
1398,4.8343372345e-01,-4.8575347662e-01,-5.5680174828e+00,2.3049650879e+03
1399,4.8336216807e-01,-4.8581886292e-01,-6.5116357803e+00,2.3048779297e+03
1400,4.8338738084e-01,-4.8576766253e-01,-6.0224390030e+00,2.3047890625e+03
1401,4.8341166973e-01,-4.8582339287e-01,-6.1516199112e+00,2.3047004395e+03
1402,4.8332297802e-01,-4.8564529419e-01,-5.7600779533e+00,2.3046120605e+03
1403,4.8335045576e-01,-4.8573726416e-01,-6.3031983376e+00,2.3045229492e+03
1404,4.8327770829e-01,-4.8566079140e-01,-6.0040159225e+00,2.3044338379e+03
1405,4.8329761624e-01,-4.8565721512e-01,-6.3519210815e+00,2.3043437500e+03
1406,4.8333922029e-01,-4.8557320237e-01,-5.6736836433e+00,2.3042546387e+03
1407,4.8328092694e-01,-4.8562735319e-01,-6.5077576637e+00,2.3041655273e+03
1408,4.8333853483e-01,-4.8546898365e-01,-5.4917821884e+00,2.3040756836e+03
1409,4.8321849108e-01,-4.8563909531e-01,-7.2753143311e+00,2.3039855957e+03
1410,4.8332542181e-01,-4.8546826839e-01,-5.2137217522e+00,2.3038952637e+03
1411,4.8331406713e-01,-4.8538121581e-01,-6.1927967072e+00,2.3038059082e+03
1412,4.8335823417e-01,-4.8543131351e-01,-6.0676131248e+00,2.3037145996e+03
1413,4.8336017132e-01,-4.8535564542e-01,-6.0043253899e+00,2.3036254883e+03
1414,4.8338922858e-01,-4.8548233509e-01,-6.1964116096e+00,2.3035351562e+03
1415,4.8334625363e-01,-4.8539254069e-01,-6.5316047668e+00,2.3034431152e+03
1416,4.8332813382e-01,-4.8536273837e-01,-5.3701901436e+00,2.3033522949e+03
1417,4.8338422179e-01,-4.8527324200e-01,-6.9236822128e+00,2.3032617188e+03
1418,4.8333719373e-01,-4.8524126410e-01,-5.5591607094e+00,2.3031699219e+03
1419,4.8336619139e-01,-4.8538529873e-01,-6.3931279182e+00,2.3030773926e+03
1420,4.8341211677e-01,-4.8513716459e-01,-5.8552203178e+00,2.3029863281e+03
1421,4.8336580396e-01,-4.8525625467e-01,-6.2467985153e+00,2.3028955078e+03
1422,4.8343911767e-01,-4.8532778025e-01,-5.9064831734e+00,2.3028029785e+03
1423,4.8333913088e-01,-4.8530599475e-01,-7.0584459305e+00,2.3027099609e+03
1424,4.8347941041e-01,-4.8516118526e-01,-4.8261327744e+00,2.3026193848e+03
1425,4.8331373930e-01,-4.8528277874e-01,-7.3251900673e+00,2.3025253906e+03
1426,4.8346740007e-01,-4.8515540361e-01,-5.2783923149e+00,2.3024321289e+03
1427,4.8331403732e-01,-4.8509070277e-01,-7.4433665276e+00,2.3023400879e+03
1428,4.8353409767e-01,-4.8497807980e-01,-4.4962878227e+00,2.3022470703e+03
1429,4.8341342807e-01,-4.8513355851e-01,-8.8108100891e+00,2.3021535645e+03
1430,4.8365506530e-01,-4.8487192392e-01,-3.1436235905e+00,2.3020603027e+03
1431,4.8339632154e-01,-4.8519405723e-01,-9.3591384888e+00,2.3019663086e+03
1432,4.8350360990e-01,-4.8497870564e-01,-5.8262014389e+00,2.3018723145e+03
1433,4.8350727558e-01,-4.8504948616e-01,-5.1232328415e+00,2.3017778320e+03
1434,4.8345708847e-01,-4.8497417569e-01,-4.6357545853e+00,2.3016838379e+03
1435,4.8363175988e-01,-4.8494443297e-01,-8.5933208466e+00,2.3015886230e+03
1436,4.8351922631e-01,-4.8490411043e-01,-4.3433761597e+00,2.3014924316e+03
1437,4.8358660936e-01,-4.8495626450e-01,-7.6558437347e+00,2.3013984375e+03
1438,4.8347106576e-01,-4.8497113585e-01,-5.3306932449e+00,2.3013029785e+03
1439,4.8366549611e-01,-4.8480576277e-01,-5.9656591415e+00,2.3012065430e+03
1440,4.8340803385e-01,-4.8503014445e-01,-6.9936051369e+00,2.3011113281e+03
1441,4.8369851708e-01,-4.8474958539e-01,-5.8292150497e+00,2.3010141602e+03
1442,4.8356652260e-01,-4.8487779498e-01,-5.6084856987e+00,2.3009174805e+03
1443,4.8376056552e-01,-4.8463439941e-01,-6.9695916176e+00,2.3008212891e+03
1444,4.8347154260e-01,-4.8491495848e-01,-6.2004351616e+00,2.3007255859e+03
1445,4.8375475407e-01,-4.8456156254e-01,-5.6861319542e+00,2.3006276855e+03
1446,4.8343974352e-01,-4.8491656780e-01,-7.5964355469e+00,2.3005314941e+03
1447,4.8374751210e-01,-4.8451966047e-01,-4.3166370392e+00,2.3004348145e+03
1448,4.8348701000e-01,-4.8487260938e-01,-8.3562955856e+00,2.3003359375e+03
1449,4.8360309005e-01,-4.8476049304e-01,-6.6200685501e+00,2.3002380371e+03
1450,4.8355391622e-01,-4.8472708464e-01,-4.5039558411e+00,2.3001425781e+03
1451,4.8378860950e-01,-4.8449677229e-01,-6.8702249527e+00,2.3000451660e+03
1452,4.8362985253e-01,-4.8468247056e-01,-6.2969522476e+00,2.2999462891e+03
1453,4.8374035954e-01,-4.8456275463e-01,-6.1819105148e+00,2.2998474121e+03
1454,4.8373320699e-01,-4.8452991247e-01,-5.8277420998e+00,2.2997492676e+03
1455,4.8372790217e-01,-4.8456281424e-01,-6.9728660583e+00,2.2996506348e+03
1456,4.8392003775e-01,-4.8426645994e-01,-5.3840994835e+00,2.2995522461e+03
1457,4.8358836770e-01,-4.8462456465e-01,-6.9120917320e+00,2.2994541016e+03
1458,4.8377215862e-01,-4.8440879583e-01,-6.7422499657e+00,2.2993537598e+03
1459,4.8379328847e-01,-4.8446610570e-01,-5.6936712265e+00,2.2992541504e+03
1460,4.8372167349e-01,-4.8440480232e-01,-5.9310245514e+00,2.2991547852e+03
1461,4.8381397128e-01,-4.8450180888e-01,-7.7498974800e+00,2.2990539551e+03
1462,4.8391157389e-01,-4.8419487476e-01,-3.9198403358e+00,2.2989528809e+03
1463,4.8367133737e-01,-4.8451396823e-01,-9.2555503845e+00,2.2988535156e+03
1464,4.8384812474e-01,-4.8419865966e-01,-3.7330274582e+00,2.2987519531e+03
1465,4.8362234235e-01,-4.8455968499e-01,-8.1517705917e+00,2.2986506348e+03
1466,4.8383554816e-01,-4.8410657048e-01,-5.2043657303e+00,2.2985510254e+03
1467,4.8356875777e-01,-4.8454409838e-01,-7.3907451630e+00,2.2984487305e+03
1468,4.8391550779e-01,-4.8394155502e-01,-5.2080893517e+00,2.2983452148e+03
1469,4.8367112875e-01,-4.8441568017e-01,-6.6687602997e+00,2.2982443848e+03
1470,4.8364150524e-01,-4.8428928852e-01,-7.6488204002e+00,2.2981433105e+03
1471,4.8364657164e-01,-4.8428642750e-01,-4.9124197960e+00,2.2980405273e+03
1472,4.8365065455e-01,-4.8426783085e-01,-4.9124197960e+00,2.2979377441e+03
1473,4.8377537727e-01,-4.8409360647e-01,-8.4107551575e+00,2.2978359375e+03
1474,4.8367515206e-01,-4.8420241475e-01,-5.8368678093e+00,2.2977321777e+03
1475,4.8368617892e-01,-4.8404034972e-01,-6.8605117798e+00,2.2976293945e+03
1476,4.8365622759e-01,-4.8405531049e-01,-6.5581965446e+00,2.2975270996e+03
1477,4.8366358876e-01,-4.8409420252e-01,-5.8764176369e+00,2.2974228516e+03
1478,4.8364466429e-01,-4.8405659199e-01,-7.7089257240e+00,2.2973176270e+03
1479,4.8379984498e-01,-4.8386529088e-01,-5.2038888931e+00,2.2972143555e+03
1480,4.8361304402e-01,-4.8403605819e-01,-8.3258018494e+00,2.2971115723e+03
1481,4.8375594616e-01,-4.8385432363e-01,-3.7395281792e+00,2.2970061035e+03
1482,4.8364269733e-01,-4.8400270939e-01,-9.0836582184e+00,2.2969016113e+03
1483,4.8377570510e-01,-4.8374521732e-01,-3.0949850082e+00,2.2967963867e+03
1484,4.8369097710e-01,-4.8382356763e-01,-6.3592066765e+00,2.2966906738e+03
1485,4.8368510604e-01,-4.8374557495e-01,-8.1411046982e+00,2.2965847168e+03
1486,4.8362821341e-01,-4.8398086429e-01,-5.9138398170e+00,2.2964807129e+03
1487,4.8366117477e-01,-4.8380604386e-01,-7.6710400581e+00,2.2963745117e+03
1488,4.8376402259e-01,-4.8386192322e-01,-5.4773874283e+00,2.2962680664e+03
1489,4.8361590505e-01,-4.8376613855e-01,-7.0950450897e+00,2.2961621094e+03
1490,4.8370957375e-01,-4.8386570811e-01,-6.1296124458e+00,2.2960573730e+03
1491,4.8371681571e-01,-4.8351895809e-01,-6.5025129318e+00,2.2959504395e+03
1492,4.8368164897e-01,-4.8375216126e-01,-6.3213810921e+00,2.2958439941e+03
1493,4.8369970918e-01,-4.8359480500e-01,-7.1203150749e+00,2.2957375488e+03
1494,4.8362159729e-01,-4.8362690210e-01,-5.4735679626e+00,2.2956308594e+03
1495,4.8377254605e-01,-4.8346498609e-01,-6.9514355659e+00,2.2955236816e+03
1496,4.8359411955e-01,-4.8350515962e-01,-5.9611997604e+00,2.2954165039e+03
1497,4.8373323679e-01,-4.8347014189e-01,-7.3028373718e+00,2.2953090820e+03
1498,4.8354068398e-01,-4.8347789049e-01,-5.7580008507e+00,2.2952014160e+03
1499,4.8356547952e-01,-4.8343670368e-01,-7.1101045609e+00,2.2950942383e+03
1500,4.8354658484e-01,-4.8342320323e-01,-6.2716093063e+00,2.2949853516e+03
1501,4.8363947868e-01,-4.8330333829e-01,-5.7016324997e+00,2.2948764648e+03
1502,4.8360869288e-01,-4.8316761851e-01,-6.9776382446e+00,2.2947680664e+03
1503,4.8356947303e-01,-4.8333185911e-01,-6.5220603943e+00,2.2946611328e+03
1504,4.8365512490e-01,-4.8322901130e-01,-5.8183465004e+00,2.2945505371e+03
1505,4.8367634416e-01,-4.8313456774e-01,-7.3519916534e+00,2.2944423828e+03
1506,4.8352468014e-01,-4.8321944475e-01,-5.7524065971e+00,2.2943332520e+03
1507,4.8364305496e-01,-4.8323169351e-01,-7.5730185509e+00,2.2942231445e+03
1508,4.8361802101e-01,-4.8309925199e-01,-4.6122736931e+00,2.2941127930e+03
1509,4.8352155089e-01,-4.8327296972e-01,-9.0370101929e+00,2.2940029297e+03
1510,4.8369252682e-01,-4.8304271698e-01,-3.5788066387e+00,2.2938928223e+03
1511,4.8342588544e-01,-4.8323306441e-01,-8.5430421829e+00,2.2937824707e+03
1512,4.8365983367e-01,-4.8300734162e-01,-5.0656361580e+00,2.2936726074e+03
1513,4.8352017999e-01,-4.8320826888e-01,-8.2752857208e+00,2.2935632324e+03
1514,4.8359933496e-01,-4.8288646340e-01,-5.1334238052e+00,2.2934521484e+03
1515,4.8359057307e-01,-4.8315364122e-01,-8.0111961365e+00,2.2933417969e+03
1516,4.8365122080e-01,-4.8296159506e-01,-6.0675845146e+00,2.2932309570e+03
1517,4.8357236385e-01,-4.8303511739e-01,-6.7610211372e+00,2.2931196289e+03
1518,4.8357930779e-01,-4.8299336433e-01,-5.6606960297e+00,2.2930068359e+03
1519,4.8352596164e-01,-4.8301309347e-01,-7.5857496262e+00,2.2928952637e+03
1520,4.8359838128e-01,-4.8298794031e-01,-5.2598261833e+00,2.2927839355e+03
1521,4.8362308741e-01,-4.8286011815e-01,-7.5022182465e+00,2.2926716309e+03
1522,4.8343834281e-01,-4.8297014832e-01,-5.8034968376e+00,2.2925593262e+03
1523,4.8368698359e-01,-4.8275750875e-01,-7.3762559891e+00,2.2924479980e+03
1524,4.8366549611e-01,-4.8277392983e-01,-5.7734851837e+00,2.2923347168e+03
1525,4.8363476992e-01,-4.8275870085e-01,-7.3270740509e+00,2.2922229004e+03
1526,4.8353129625e-01,-4.8278552294e-01,-5.7802076340e+00,2.2921110840e+03
1527,4.8358660936e-01,-4.8276486993e-01,-7.2235369682e+00,2.2919975586e+03
1528,4.8344305158e-01,-4.8266753554e-01,-5.9214196205e+00,2.2918835449e+03
1529,4.8352560401e-01,-4.8264044523e-01,-6.9632902145e+00,2.2917709961e+03
1530,4.8346936703e-01,-4.8272436857e-01,-5.6358389854e+00,2.2916579590e+03
1531,4.8339515924e-01,-4.8268416524e-01,-7.2558345795e+00,2.2915429688e+03
1532,4.8351433873e-01,-4.8267346621e-01,-6.1350197792e+00,2.2914294434e+03
1533,4.8348441720e-01,-4.8258846998e-01,-7.1849117279e+00,2.2913154297e+03
1534,4.8337885737e-01,-4.8267301917e-01,-6.4483113289e+00,2.2912001953e+03
1535,4.8339670897e-01,-4.8256355524e-01,-6.8098387718e+00,2.2910869141e+03
1536,4.8342990875e-01,-4.8250114918e-01,-6.4955019951e+00,2.2909736328e+03
1537,4.8337349296e-01,-4.8239839077e-01,-6.2775492668e+00,2.2908583984e+03
1538,4.8334249854e-01,-4.8243635893e-01,-7.0773501396e+00,2.2907431641e+03
1539,4.8342236876e-01,-4.8238855600e-01,-6.1872458458e+00,2.2906289062e+03
1540,4.8337417841e-01,-4.8244535923e-01,-6.7517418861e+00,2.2905131836e+03
1541,4.8332539201e-01,-4.8251202703e-01,-6.9907722473e+00,2.2903979492e+03
1542,4.8336270452e-01,-4.8249381781e-01,-6.6748909950e+00,2.2902827148e+03
1543,4.8327794671e-01,-4.8228529096e-01,-5.9037480354e+00,2.2901684570e+03
1544,4.8324483633e-01,-4.8233288527e-01,-7.2143244743e+00,2.2900517578e+03
1545,4.8342266679e-01,-4.8228526115e-01,-6.0706086159e+00,2.2899355469e+03
1546,4.8333495855e-01,-4.8224636912e-01,-6.2715911865e+00,2.2898195801e+03
1547,4.8336747289e-01,-4.8225045204e-01,-7.1126718521e+00,2.2897031250e+03
1548,4.8327732086e-01,-4.8245090246e-01,-6.3723502159e+00,2.2895856934e+03
1549,4.8324087262e-01,-4.8221492767e-01,-7.1613016129e+00,2.2894709473e+03
1550,4.8332884908e-01,-4.8218142986e-01,-6.1517643929e+00,2.2893547363e+03
1551,4.8330959678e-01,-4.8207649589e-01,-6.7971291542e+00,2.2892373047e+03
1552,4.8321464658e-01,-4.8219934106e-01,-6.3901243210e+00,2.2891203613e+03
1553,4.8329290748e-01,-4.8217883706e-01,-7.3539266586e+00,2.2890053711e+03
1554,4.8317870498e-01,-4.8222064972e-01,-5.8699827194e+00,2.2888867188e+03
1555,4.8321437836e-01,-4.8215836287e-01,-7.8836889267e+00,2.2887695312e+03
1556,4.8324057460e-01,-4.8206803203e-01,-5.4773387909e+00,2.2886520996e+03
1557,4.8316273093e-01,-4.8205879331e-01,-7.6031260490e+00,2.2885356445e+03
1558,4.8310294747e-01,-4.8212707043e-01,-5.5309066772e+00,2.2884162598e+03
1559,4.8319664598e-01,-4.8206543922e-01,-7.7368445396e+00,2.2882983398e+03
1560,4.8307242990e-01,-4.8205307126e-01,-5.4810385704e+00,2.2881801758e+03
1561,4.8319512606e-01,-4.8197931051e-01,-7.8994169235e+00,2.2880620117e+03
1562,4.8302403092e-01,-4.8194187880e-01,-5.0333762169e+00,2.2879423828e+03
1563,4.8296883702e-01,-4.8196691275e-01,-7.6924161911e+00,2.2878242188e+03
1564,4.8306038976e-01,-4.8193442822e-01,-6.1477913857e+00,2.2877060547e+03
1565,4.8304858804e-01,-4.8186492920e-01,-7.0945920944e+00,2.2875861816e+03
1566,4.8308563232e-01,-4.8183229566e-01,-5.6858305931e+00,2.2874682617e+03
1567,4.8311406374e-01,-4.8173558712e-01,-7.4021530151e+00,2.2873505859e+03
1568,4.8298940063e-01,-4.8186185956e-01,-6.9996194839e+00,2.2872309570e+03
1569,4.8302277923e-01,-4.8170024157e-01,-6.5884776115e+00,2.2871113281e+03
1570,4.8306149244e-01,-4.8174428940e-01,-6.1271886826e+00,2.2869926758e+03
1571,4.8295477033e-01,-4.8165309429e-01,-7.7736196518e+00,2.2868747559e+03
1572,4.8304140568e-01,-4.8173397779e-01,-5.6501903534e+00,2.2867543945e+03
1573,4.8294705153e-01,-4.8163753748e-01,-7.4313597679e+00,2.2866352539e+03
1574,4.8302361369e-01,-4.8177981377e-01,-5.8964667320e+00,2.2865151367e+03
1575,4.8301807046e-01,-4.8162811995e-01,-7.5166044235e+00,2.2863959961e+03
1576,4.8293098807e-01,-4.8170423508e-01,-5.7439479828e+00,2.2862758789e+03
1577,4.8298129439e-01,-4.8149222136e-01,-7.4508342743e+00,2.2861555176e+03
1578,4.8291975260e-01,-4.8150616884e-01,-5.7977409363e+00,2.2860356445e+03
1579,4.8299378157e-01,-4.8148199916e-01,-7.6569437981e+00,2.2859150391e+03
1580,4.8303562403e-01,-4.8172909021e-01,-5.2129034996e+00,2.2857944336e+03
1581,4.8296648264e-01,-4.8156943917e-01,-7.7597041130e+00,2.2856733398e+03
1582,4.8293668032e-01,-4.8165169358e-01,-5.7921948433e+00,2.2855532227e+03
1583,4.8298698664e-01,-4.8136621714e-01,-7.6111016273e+00,2.2854321289e+03
1584,4.8291587830e-01,-4.8141047359e-01,-5.9344248772e+00,2.2853120117e+03
1585,4.8290532827e-01,-4.8146775365e-01,-7.6838879585e+00,2.2851909180e+03
1586,4.8302033544e-01,-4.8151853681e-01,-6.0105381012e+00,2.2850703125e+03
1587,4.8297259212e-01,-4.8132687807e-01,-7.1939721107e+00,2.2849499512e+03
1588,4.8286807537e-01,-4.8133394122e-01,-6.2576050758e+00,2.2848281250e+03
1589,4.8295336962e-01,-4.8144826293e-01,-7.2191257477e+00,2.2847084961e+03
1590,4.8299771547e-01,-4.8129311204e-01,-5.9960894585e+00,2.2845871582e+03
1591,4.8293584585e-01,-4.8132139444e-01,-7.4996113777e+00,2.2844655762e+03
1592,4.8287022114e-01,-4.8125666380e-01,-6.0437068939e+00,2.2843432617e+03
1593,4.8297643661e-01,-4.8118117452e-01,-7.6459088326e+00,2.2842233887e+03
1594,4.8296403885e-01,-4.8113796115e-01,-5.6241955757e+00,2.2841010742e+03
1595,4.8291119933e-01,-4.8115429282e-01,-7.4542131424e+00,2.2839790039e+03
1596,4.8285737634e-01,-4.8117214441e-01,-6.3392386436e+00,2.2838579102e+03
1597,4.8290869594e-01,-4.8103573918e-01,-7.0325856209e+00,2.2837355957e+03
1598,4.8281598091e-01,-4.8113870621e-01,-6.5293583870e+00,2.2836137695e+03
1599,4.8284184933e-01,-4.8107543588e-01,-6.9143118858e+00,2.2834916992e+03
1600,4.8292520642e-01,-4.8096519709e-01,-6.4749054909e+00,2.2833706055e+03
1601,4.8293381929e-01,-4.8083537817e-01,-6.6255779266e+00,2.2832465820e+03
1602,4.8284447193e-01,-4.8094755411e-01,-7.1486897469e+00,2.2831240234e+03
1603,4.8291033506e-01,-4.8089444637e-01,-6.2766389847e+00,2.2830019531e+03
1604,4.8284760118e-01,-4.8077490926e-01,-7.0553030968e+00,2.2828791504e+03
1605,4.8286205530e-01,-4.8076552153e-01,-6.5509152412e+00,2.2827543945e+03
1606,4.8283463717e-01,-4.8074978590e-01,-6.9138674736e+00,2.2826328125e+03
1607,4.8278531432e-01,-4.8083359003e-01,-6.6541547775e+00,2.2825107422e+03
1608,4.8284718394e-01,-4.8069873452e-01,-6.8780803680e+00,2.2823869629e+03
1609,4.8275265098e-01,-4.8074907064e-01,-6.9234428406e+00,2.2822641602e+03
1610,4.8282822967e-01,-4.8067605495e-01,-6.6141257286e+00,2.2821420898e+03
1611,4.8269087076e-01,-4.8071658611e-01,-7.1458873749e+00,2.2820195312e+03
1612,4.8283037543e-01,-4.8054787517e-01,-6.0460901260e+00,2.2818959961e+03
1613,4.8273593187e-01,-4.8063248396e-01,-7.4416694641e+00,2.2817736816e+03
1614,4.8265439272e-01,-4.8057743907e-01,-6.4119100571e+00,2.2816516113e+03
1615,4.8273703456e-01,-4.8058289289e-01,-6.7368693352e+00,2.2815270996e+03
1616,4.8273056746e-01,-4.8052865267e-01,-6.8516559601e+00,2.2814045410e+03
1617,4.8270609975e-01,-4.8049306870e-01,-6.6365232468e+00,2.2812822266e+03
1618,4.8269388080e-01,-4.8053514957e-01,-6.9057049751e+00,2.2811596680e+03
1619,4.8257163167e-01,-4.8042133451e-01,-6.7153091431e+00,2.2810344238e+03
1620,4.8259910941e-01,-4.8045513034e-01,-6.9949836731e+00,2.2809123535e+03
1621,4.8267209530e-01,-4.8046126962e-01,-6.5610909462e+00,2.2807890625e+03
1622,4.8270508647e-01,-4.8035398126e-01,-6.8247232437e+00,2.2806645508e+03
1623,4.8253795505e-01,-4.8030468822e-01,-6.7122635841e+00,2.2805405273e+03
1624,4.8250734806e-01,-4.8045766354e-01,-7.3488788605e+00,2.2804182129e+03
1625,4.8265522718e-01,-4.8034501076e-01,-6.2626981735e+00,2.2802941895e+03
1626,4.8252394795e-01,-4.8038768768e-01,-7.3719463348e+00,2.2801694336e+03
1627,4.8250216246e-01,-4.8035204411e-01,-6.5973930359e+00,2.2800458984e+03
1628,4.8255893588e-01,-4.8025265336e-01,-6.4491329193e+00,2.2799228516e+03
1629,4.8249477148e-01,-4.8029971123e-01,-7.4373188019e+00,2.2797983398e+03
1630,4.8253667355e-01,-4.8027232289e-01,-6.3722896576e+00,2.2796735840e+03
1631,4.8245772719e-01,-4.8014053702e-01,-7.1135544777e+00,2.2795502930e+03
1632,4.8244839907e-01,-4.8017862439e-01,-6.4987430573e+00,2.2794250488e+03
1633,4.8257657886e-01,-4.8014873266e-01,-6.9069457054e+00,2.2793000488e+03
1634,4.8250377178e-01,-4.8005819321e-01,-6.4216399193e+00,2.2791777344e+03
1635,4.8230776191e-01,-4.8005896807e-01,-7.5632047653e+00,2.2790534668e+03
1636,4.8241046071e-01,-4.8008146882e-01,-6.1057543755e+00,2.2789296875e+03
1637,4.8224288225e-01,-4.8004844785e-01,-7.7752585411e+00,2.2788046875e+03
1638,4.8223844171e-01,-4.8007258773e-01,-6.1927204132e+00,2.2786813965e+03
1639,4.8233452439e-01,-4.7993820906e-01,-6.9024662971e+00,2.2785559082e+03
1640,4.8234179616e-01,-4.7991982102e-01,-6.6084237099e+00,2.2784316406e+03
1641,4.8224422336e-01,-4.7996950150e-01,-7.4528079033e+00,2.2783078613e+03
1642,4.8226803541e-01,-4.7986957431e-01,-6.1552958488e+00,2.2781840820e+03
1643,4.8225551844e-01,-4.7979757190e-01,-7.3702025414e+00,2.2780593262e+03
1644,4.8222866654e-01,-4.7979322076e-01,-5.9891896248e+00,2.2779362793e+03
1645,4.8222437501e-01,-4.7976532578e-01,-8.1317186356e+00,2.2778112793e+03
1646,4.8198756576e-01,-4.7992694378e-01,-5.9318079948e+00,2.2776865234e+03
1647,4.8223856091e-01,-4.7971034050e-01,-7.7532420158e+00,2.2775627441e+03
1648,4.8207622766e-01,-4.7975176573e-01,-5.8927526474e+00,2.2774382324e+03
1649,4.8209702969e-01,-4.7973868251e-01,-8.1506309509e+00,2.2773139648e+03
1650,4.8196154833e-01,-4.7973766923e-01,-5.4326839447e+00,2.2771889648e+03
1651,4.8202824593e-01,-4.7964864969e-01,-8.6385746002e+00,2.2770639648e+03
1652,4.8201167583e-01,-4.7964882851e-01,-5.4517855644e+00,2.2769404297e+03
1653,4.8200717568e-01,-4.7950473428e-01,-7.3956613541e+00,2.2768164062e+03
1654,4.8189419508e-01,-4.7958311439e-01,-6.4198946953e+00,2.2766921387e+03
1655,4.8193177581e-01,-4.7956928611e-01,-7.6717934608e+00,2.2765671387e+03
1656,4.8188367486e-01,-4.7956734896e-01,-5.8710641861e+00,2.2764436035e+03
1657,4.8188662529e-01,-4.7941774130e-01,-7.4226088524e+00,2.2763195801e+03
1658,4.8188528419e-01,-4.7945585847e-01,-6.2136740685e+00,2.2761962891e+03
1659,4.8191368580e-01,-4.7946441174e-01,-7.6953949928e+00,2.2760712891e+03
1660,4.8191013932e-01,-4.7940096259e-01,-6.1988005638e+00,2.2759472656e+03
1661,4.8177641630e-01,-4.7936251760e-01,-7.5272183418e+00,2.2758232422e+03
1662,4.8176693916e-01,-4.7941747308e-01,-6.5050487518e+00,2.2756982422e+03
1663,4.8195105791e-01,-4.7942626476e-01,-7.1926221848e+00,2.2755759277e+03
1664,4.8174265027e-01,-4.7946533561e-01,-6.7850022316e+00,2.2754526367e+03
1665,4.8177078366e-01,-4.7930395603e-01,-6.7957129478e+00,2.2753288574e+03
1666,4.8163399100e-01,-4.7938936949e-01,-7.2701334953e+00,2.2752038574e+03
1667,4.8178017139e-01,-4.7940579057e-01,-6.8962783813e+00,2.2750812988e+03
1668,4.8163512349e-01,-4.7935664654e-01,-7.1166682243e+00,2.2749572754e+03
1669,4.8165419698e-01,-4.7940328717e-01,-6.8308877945e+00,2.2748317871e+03
1670,4.8165878654e-01,-4.7927209735e-01,-7.1433339119e+00,2.2747080078e+03
1671,4.8180922866e-01,-4.7907340527e-01,-6.0760211945e+00,2.2745837402e+03
1672,4.8161810637e-01,-4.7928649187e-01,-7.8092103004e+00,2.2744604492e+03
1673,4.8164761066e-01,-4.7918468714e-01,-6.7433190346e+00,2.2743364258e+03
1674,4.8157051206e-01,-4.7921243310e-01,-6.6095123291e+00,2.2742128906e+03
1675,4.8161947727e-01,-4.7916847467e-01,-7.3927588463e+00,2.2740895996e+03
1676,4.8147007823e-01,-4.7915512323e-01,-6.9558405876e+00,2.2739665527e+03
1677,4.8166429996e-01,-4.7914087772e-01,-6.6027107239e+00,2.2738439941e+03
1678,4.8140332103e-01,-4.7911268473e-01,-7.5879664421e+00,2.2737211914e+03
1679,4.8153471947e-01,-4.7900846601e-01,-6.5482063293e+00,2.2735971680e+03
1680,4.8141670227e-01,-4.7909429669e-01,-7.3428611755e+00,2.2734746094e+03
1681,4.8156833649e-01,-4.7891369462e-01,-6.3218741417e+00,2.2733527832e+03
1682,4.8129054904e-01,-4.7904559970e-01,-7.2416472435e+00,2.2732292480e+03
1683,4.8140794039e-01,-4.7893846035e-01,-7.7414603233e+00,2.2731054688e+03
1684,4.8126581311e-01,-4.7898149490e-01,-6.0214252472e+00,2.2729824219e+03
1685,4.8137000203e-01,-4.7883549333e-01,-8.0160923004e+00,2.2728601074e+03
1686,4.8128905892e-01,-4.7889867425e-01,-5.6853904724e+00,2.2727377930e+03
1687,4.8131000996e-01,-4.7887542844e-01,-8.1466665268e+00,2.2726142578e+03
1688,4.8131504655e-01,-4.7877642512e-01,-5.8077173233e+00,2.2724926758e+03
1689,4.8123899102e-01,-4.7894254327e-01,-8.3400478363e+00,2.2723701172e+03
1690,4.8122063279e-01,-4.7892552614e-01,-5.5796871185e+00,2.2722478027e+03
1691,4.8117950559e-01,-4.7865730524e-01,-8.2276535034e+00,2.2721247559e+03
1692,4.8113214970e-01,-4.7886097431e-01,-6.3305649757e+00,2.2720036621e+03
1693,4.8127758503e-01,-4.7871258855e-01,-7.3899002075e+00,2.2718813477e+03
1694,4.8100432754e-01,-4.7874668241e-01,-7.0529294014e+00,2.2717602539e+03
1695,4.8103803396e-01,-4.7872799635e-01,-6.7834033966e+00,2.2716386719e+03
1696,4.8101210594e-01,-4.7870966792e-01,-7.7159280777e+00,2.2715158691e+03
1697,4.8114192486e-01,-4.7863867879e-01,-5.4119935036e+00,2.2713945312e+03
1698,4.8100909591e-01,-4.7876423597e-01,-9.5506010056e+00,2.2712712402e+03
1699,4.8120874166e-01,-4.7855681181e-01,-4.0422201157e+00,2.2711503906e+03
1700,4.8088350892e-01,-4.7869133949e-01,-8.0809001923e+00,2.2710290527e+03
1701,4.8105123639e-01,-4.7847837210e-01,-7.6324710846e+00,2.2709069824e+03
1702,4.8084068298e-01,-4.7866374254e-01,-6.1129674911e+00,2.2707866211e+03
1703,4.8122769594e-01,-4.7842416167e-01,-8.5049276352e+00,2.2706660156e+03
1704,4.8091012239e-01,-4.7854501009e-01,-5.5082702637e+00,2.2705444336e+03
1705,4.8095369339e-01,-4.7846484184e-01,-8.6002998352e+00,2.2704233398e+03
1706,4.8096537590e-01,-4.7848615050e-01,-5.5587639809e+00,2.2703024902e+03
1707,4.8095884919e-01,-4.7850149870e-01,-8.7444438934e+00,2.2701818848e+03
1708,4.8083397746e-01,-4.7855502367e-01,-5.6070270538e+00,2.2700607910e+03
1709,4.8101523519e-01,-4.7847935557e-01,-8.5878229141e+00,2.2699411621e+03
1710,4.8081344366e-01,-4.7851914167e-01,-5.8519945145e+00,2.2698195801e+03
1711,4.8106262088e-01,-4.7826647758e-01,-7.7152009010e+00,2.2696992188e+03
1712,4.8088628054e-01,-4.7845306993e-01,-5.9059586525e+00,2.2695786133e+03
1713,4.8106658459e-01,-4.7824263573e-01,-9.0209360123e+00,2.2694584961e+03
1714,4.8103132844e-01,-4.7828102112e-01,-5.4781389236e+00,2.2693398438e+03
1715,4.8097380996e-01,-4.7829598188e-01,-8.2408552170e+00,2.2692199707e+03
1716,4.8066177964e-01,-4.7848403454e-01,-7.1755075455e+00,2.2691003418e+03
1717,4.8096755147e-01,-4.7828820348e-01,-6.2056436539e+00,2.2689797363e+03
1718,4.8080897331e-01,-4.7834014893e-01,-7.7965226173e+00,2.2688613281e+03
1719,4.8071536422e-01,-4.7830626369e-01,-7.0720543861e+00,2.2687419434e+03
1720,4.8079395294e-01,-4.7824904323e-01,-6.3540163040e+00,2.2686232910e+03
1721,4.8070028424e-01,-4.7827520967e-01,-7.7820849419e+00,2.2685046387e+03
1722,4.8075455427e-01,-4.7826614976e-01,-7.2020492554e+00,2.2683867188e+03
1723,4.8080185056e-01,-4.7816178203e-01,-6.7078452110e+00,2.2682687988e+03
1724,4.8058846593e-01,-4.7831687331e-01,-7.8684439659e+00,2.2681508789e+03
1725,4.8062112927e-01,-4.7818741202e-01,-7.1183099747e+00,2.2680329590e+03
1726,4.8067170382e-01,-4.7819668055e-01,-6.4963088036e+00,2.2679155273e+03
1727,4.8055708408e-01,-4.7816511989e-01,-8.0372114182e+00,2.2677963867e+03
1728,4.8063698411e-01,-4.7811236978e-01,-6.6161246300e+00,2.2676791992e+03
1729,4.8049014807e-01,-4.7816386819e-01,-7.6622929573e+00,2.2675617676e+03
1730,4.8060029745e-01,-4.7809723020e-01,-6.3929400444e+00,2.2674455566e+03
1731,4.8052537441e-01,-4.7809299827e-01,-7.5649394989e+00,2.2673278809e+03
1732,4.8044201732e-01,-4.7816300392e-01,-7.1683263779e+00,2.2672114258e+03
1733,4.8046872020e-01,-4.7804456949e-01,-7.0136151314e+00,2.2670949707e+03
1734,4.8040407896e-01,-4.7803872824e-01,-7.3080444336e+00,2.2669785156e+03
1735,4.8041105270e-01,-4.7805461287e-01,-7.3720717430e+00,2.2668615723e+03
1736,4.8045212030e-01,-4.7802168131e-01,-6.7505888939e+00,2.2667458496e+03
1737,4.8033472896e-01,-4.7806504369e-01,-7.5126481056e+00,2.2666301270e+03
1738,4.8045381904e-01,-4.7798973322e-01,-6.9055128098e+00,2.2665153809e+03
1739,4.8022007942e-01,-4.7814425826e-01,-8.1517419815e+00,2.2663994141e+03
1740,4.8031356931e-01,-4.7795876861e-01,-7.1096401215e+00,2.2662836914e+03
1741,4.8025208712e-01,-4.7806429863e-01,-7.2238879204e+00,2.2661679688e+03
1742,4.8031526804e-01,-4.7803381085e-01,-7.5572323799e+00,2.2660527344e+03
1743,4.8027026653e-01,-4.7805541754e-01,-6.7656521797e+00,2.2659377441e+03
1744,4.8027575016e-01,-4.7797709703e-01,-7.4528546333e+00,2.2658229980e+03
1745,4.8018303514e-01,-4.7791287303e-01,-7.1704177856e+00,2.2657087402e+03
1746,4.8018410802e-01,-4.7796398401e-01,-7.6250100136e+00,2.2655947266e+03
1747,4.8023220897e-01,-4.7792571783e-01,-6.3699269295e+00,2.2654790039e+03
1748,4.8019495606e-01,-4.7792410851e-01,-8.4582624435e+00,2.2653647461e+03
1749,4.8007303476e-01,-4.7803896666e-01,-6.6697621346e+00,2.2652519531e+03
1750,4.8017555475e-01,-4.7789010406e-01,-7.7565217018e+00,2.2651369629e+03
1751,4.8006582260e-01,-4.7798243165e-01,-6.8364205360e+00,2.2650224609e+03
1752,4.8017302155e-01,-4.7782814503e-01,-7.5437054634e+00,2.2649104004e+03
1753,4.8006191850e-01,-4.7788995504e-01,-7.2035121918e+00,2.2647980957e+03
1754,4.8021706939e-01,-4.7774279118e-01,-6.9040164948e+00,2.2646840820e+03
1755,4.8007601500e-01,-4.7789606452e-01,-7.6593174934e+00,2.2645710449e+03
1756,4.8009061813e-01,-4.7769439220e-01,-7.5844464302e+00,2.2644587402e+03
1757,4.8000580072e-01,-4.7776788473e-01,-6.5325727463e+00,2.2643469238e+03
1758,4.8007762432e-01,-4.7777080536e-01,-8.4587821960e+00,2.2642348633e+03
1759,4.7977772355e-01,-4.7775799036e-01,-6.4122076035e+00,2.2641215820e+03
1760,4.7994557023e-01,-4.7777885199e-01,-8.1660566330e+00,2.2640090332e+03
1761,4.7976881266e-01,-4.7771802545e-01,-6.6208243370e+00,2.2638984375e+03
1762,4.8002812266e-01,-4.7774299979e-01,-8.0950498581e+00,2.2637875977e+03
1763,4.7968882322e-01,-4.7789356112e-01,-7.0266666412e+00,2.2636772461e+03
1764,4.7953075171e-01,-4.7773039341e-01,-8.9879016876e+00,2.2635668945e+03
1765,4.7952812910e-01,-4.7772654891e-01,-6.1977648735e+00,2.2634555664e+03
1766,4.7974166274e-01,-4.7770094872e-01,-8.2679052353e+00,2.2633452148e+03
1767,4.7977676988e-01,-4.7773021460e-01,-6.5546345711e+00,2.2632363281e+03
1768,4.7982385755e-01,-4.7758987546e-01,-7.7097167969e+00,2.2631257324e+03
1769,4.7971025109e-01,-4.7779119015e-01,-7.5817418098e+00,2.2630151367e+03
1770,4.7970658541e-01,-4.7758573294e-01,-7.4694652557e+00,2.2629062500e+03
1771,4.7969159484e-01,-4.7764873505e-01,-6.7486424446e+00,2.2627956543e+03
1772,4.7962900996e-01,-4.7760978341e-01,-8.5224647522e+00,2.2626865234e+03
1773,4.7959262133e-01,-4.7767201066e-01,-6.1125688553e+00,2.2625771484e+03
1774,4.7957476974e-01,-4.7765937448e-01,-9.0481061935e+00,2.2624682617e+03
1775,4.7946861386e-01,-4.7770643234e-01,-6.1291341782e+00,2.2623601074e+03
1776,4.7955650091e-01,-4.7758257389e-01,-8.9198417664e+00,2.2622517090e+03
1777,4.7940072417e-01,-4.7763597965e-01,-6.0498480797e+00,2.2621445312e+03
1778,4.7942596674e-01,-4.7763195634e-01,-8.7315111160e+00,2.2620354004e+03
1779,4.7942596674e-01,-4.7759342194e-01,-6.3070077896e+00,2.2619277344e+03
1780,4.7953522205e-01,-4.7746220231e-01,-8.1566572189e+00,2.2618210449e+03
1781,4.7931739688e-01,-4.7766107321e-01,-7.7538847923e+00,2.2617124023e+03
1782,4.7943645716e-01,-4.7749224305e-01,-7.1055107117e+00,2.2616049805e+03
1783,4.7932934761e-01,-4.7754749656e-01,-7.9191908836e+00,2.2614978027e+03
1784,4.7936114669e-01,-4.7753244638e-01,-7.1008415222e+00,2.2613920898e+03
1785,4.7926869988e-01,-4.7759076953e-01,-8.2670221329e+00,2.2612856445e+03
1786,4.7922903299e-01,-4.7748237848e-01,-6.5270757675e+00,2.2611791992e+03
1787,4.7925513983e-01,-4.7753748298e-01,-9.1837034225e+00,2.2610732422e+03
1788,4.7927296162e-01,-4.7747409344e-01,-7.3954663277e+00,2.2609677734e+03
1789,4.7909244895e-01,-4.7755867243e-01,-6.8891410828e+00,2.2608632812e+03
1790,4.7909051180e-01,-4.7755581141e-01,-7.9974198341e+00,2.2607585449e+03
1791,4.7916761041e-01,-4.7750517726e-01,-6.5451850891e+00,2.2606528320e+03
1792,4.7912603617e-01,-4.7752484679e-01,-9.2791070938e+00,2.2605476074e+03
1793,4.7911757231e-01,-4.7745388746e-01,-6.0801405907e+00,2.2604453125e+03
1794,4.7913008928e-01,-4.7743546963e-01,-8.5023469925e+00,2.2603410645e+03
1795,4.7902137041e-01,-4.7752085328e-01,-7.0363311768e+00,2.2602363281e+03
1796,4.7912338376e-01,-4.7737106681e-01,-8.3648185730e+00,2.2601320801e+03
1797,4.7896414995e-01,-4.7757250071e-01,-6.7997245789e+00,2.2600290527e+03
1798,4.7903645039e-01,-4.7737166286e-01,-8.6263809204e+00,2.2599267578e+03
1799,4.7895452380e-01,-4.7754022479e-01,-6.6387853622e+00,2.2598222656e+03
1800,4.7911569476e-01,-4.7736158967e-01,-8.2956809998e+00,2.2597182617e+03
1801,4.7897177935e-01,-4.7738528252e-01,-7.0651035309e+00,2.2596166992e+03
1802,4.7900348902e-01,-4.7738996148e-01,-8.3845119476e+00,2.2595141602e+03
1803,4.7896939516e-01,-4.7748154402e-01,-7.2961983681e+00,2.2594116211e+03
1804,4.7898173332e-01,-4.7741034627e-01,-7.5562872887e+00,2.2593095703e+03
1805,4.7900232673e-01,-4.7748056054e-01,-7.8872699738e+00,2.2592087402e+03
1806,4.7888618708e-01,-4.7741618752e-01,-7.3631281853e+00,2.2591064453e+03
1807,4.7880056500e-01,-4.7754940391e-01,-8.6292619705e+00,2.2590043945e+03
1808,4.7875121236e-01,-4.7744914889e-01,-7.3146371841e+00,2.2589035645e+03
1809,4.7887468338e-01,-4.7750201821e-01,-7.3829855919e+00,2.2588027344e+03
1810,4.7877737880e-01,-4.7750306129e-01,-8.1972770691e+00,2.2587011719e+03
1811,4.7885367274e-01,-4.7747445107e-01,-6.9202618599e+00,2.2586000977e+03
1812,4.7878906131e-01,-4.7746118903e-01,-8.4317808151e+00,2.2584992676e+03
1813,4.7875913978e-01,-4.7740939260e-01,-7.3124828339e+00,2.2583991699e+03
1814,4.7869279981e-01,-4.7739711404e-01,-8.1990680695e+00,2.2582983398e+03
1815,4.7865828872e-01,-4.7740384936e-01,-7.3555545807e+00,2.2581989746e+03
1816,4.7868251801e-01,-4.7740709782e-01,-8.0735502243e+00,2.2580986328e+03
1817,4.7855189443e-01,-4.7743347287e-01,-7.5048327446e+00,2.2579985352e+03
1818,4.7868135571e-01,-4.7744557261e-01,-8.2236299515e+00,2.2579003906e+03
1819,4.7855976224e-01,-4.7755226493e-01,-7.3099460602e+00,2.2578017578e+03
1820,4.7868278623e-01,-4.7738924623e-01,-8.3064928055e+00,2.2577028809e+03
1821,4.7861152887e-01,-4.7742250562e-01,-6.9739284515e+00,2.2576044922e+03
1822,4.7859317064e-01,-4.7732862830e-01,-8.6217765808e+00,2.2575048828e+03
1823,4.7845986485e-01,-4.7750645876e-01,-7.1513857841e+00,2.2574086914e+03
1824,4.7854438424e-01,-4.7735482454e-01,-8.9856624603e+00,2.2573105469e+03
1825,4.7848185897e-01,-4.7739955783e-01,-7.0965461731e+00,2.2572133789e+03
1826,4.7852218151e-01,-4.7741034627e-01,-8.4284677505e+00,2.2571164551e+03
1827,4.7838065028e-01,-4.7749117017e-01,-7.3459300995e+00,2.2570205078e+03
1828,4.7840732336e-01,-4.7737872601e-01,-7.9452414513e+00,2.2569235840e+03
1829,4.7836586833e-01,-4.7741919756e-01,-7.8015046120e+00,2.2568278809e+03
1830,4.7833630443e-01,-4.7748747468e-01,-8.1219816208e+00,2.2567307129e+03
1831,4.7834205627e-01,-4.7744140029e-01,-7.8542919159e+00,2.2566347656e+03
1832,4.7842237353e-01,-4.7736188769e-01,-7.9512348175e+00,2.2565400391e+03
1833,4.7826805711e-01,-4.7756120563e-01,-7.5704383850e+00,2.2564436035e+03
1834,4.7830930352e-01,-4.7745817900e-01,-8.7785806656e+00,2.2563471680e+03
1835,4.7841075063e-01,-4.7743713856e-01,-6.8171825409e+00,2.2562521973e+03
1836,4.7821325064e-01,-4.7754460573e-01,-9.2109098434e+00,2.2561574707e+03
1837,4.7825750709e-01,-4.7753974795e-01,-7.1089439392e+00,2.2560617676e+03
1838,4.7831106186e-01,-4.7749248147e-01,-8.4788255692e+00,2.2559663086e+03
1839,4.7827425599e-01,-4.7759634256e-01,-7.5361862183e+00,2.2558723145e+03
1840,4.7828674316e-01,-4.7735086083e-01,-7.7746090889e+00,2.2557790527e+03
1841,4.7819921374e-01,-4.7748926282e-01,-8.5480442047e+00,2.2556840820e+03
1842,4.7817027569e-01,-4.7754755616e-01,-7.8500695229e+00,2.2555891113e+03
1843,4.7816511989e-01,-4.7753080726e-01,-7.9499111176e+00,2.2554943848e+03
1844,4.7811877728e-01,-4.7762623429e-01,-8.6714658737e+00,2.2554006348e+03
1845,4.7816410661e-01,-4.7756803036e-01,-7.6334557533e+00,2.2553068848e+03
1846,4.7815081477e-01,-4.7764652967e-01,-7.6806416512e+00,2.2552136230e+03
1847,4.7810667753e-01,-4.7761631012e-01,-8.8107223511e+00,2.2551210938e+03
1848,4.7802042961e-01,-4.7759944201e-01,-7.4637970924e+00,2.2550270996e+03
1849,4.7796970606e-01,-4.7763183713e-01,-8.5582799911e+00,2.2549343262e+03
1850,4.7802370787e-01,-4.7768065333e-01,-7.7411508560e+00,2.2548410645e+03
1851,4.7797223926e-01,-4.7750696540e-01,-8.5124931335e+00,2.2547492676e+03
1852,4.7799304128e-01,-4.7753334045e-01,-7.5093646049e+00,2.2546567383e+03
1853,4.7794359922e-01,-4.7766503692e-01,-8.8423357010e+00,2.2545642090e+03
1854,4.7788566351e-01,-4.7753265500e-01,-7.5583338737e+00,2.2544724121e+03
1855,4.7791609168e-01,-4.7752881050e-01,-8.3779220581e+00,2.2543798828e+03
1856,4.7785329819e-01,-4.7770312428e-01,-8.5493288040e+00,2.2542883301e+03
1857,4.7783342004e-01,-4.7756117582e-01,-7.7386765480e+00,2.2541967773e+03
1858,4.7788250446e-01,-4.7769632936e-01,-8.7113094330e+00,2.2541049805e+03
1859,4.7790271044e-01,-4.7766947746e-01,-7.6483340263e+00,2.2540129395e+03
1860,4.7775053978e-01,-4.7752588987e-01,-8.2014579773e+00,2.2539228516e+03
1861,4.7784557939e-01,-4.7768262029e-01,-8.5385789871e+00,2.2538320312e+03
1862,4.7782605886e-01,-4.7771784663e-01,-7.9699053764e+00,2.2537407227e+03
1863,4.7776997089e-01,-4.7785988450e-01,-8.5493402481e+00,2.2536513672e+03
1864,4.7776740789e-01,-4.7770485282e-01,-7.9827771187e+00,2.2535620117e+03
1865,4.7777026892e-01,-4.7775280476e-01,-8.3100624084e+00,2.2534711914e+03
1866,4.7777706385e-01,-4.7776043415e-01,-8.2160291672e+00,2.2533806152e+03
1867,4.7777962685e-01,-4.7760805488e-01,-8.2784099579e+00,2.2532924805e+03
1868,4.7771099210e-01,-4.7748976946e-01,-8.2112197876e+00,2.2532033691e+03
1869,4.7776693106e-01,-4.7755745053e-01,-8.5006256104e+00,2.2531132812e+03
1870,4.7766095400e-01,-4.7753909230e-01,-8.3281497955e+00,2.2530241699e+03
1871,4.7772318125e-01,-4.7761118412e-01,-8.3056354523e+00,2.2529350586e+03
1872,4.7781509161e-01,-4.7766527534e-01,-8.3541507721e+00,2.2528452148e+03
1873,4.7769427299e-01,-4.7755053639e-01,-8.2183828354e+00,2.2527570801e+03
1874,4.7772800922e-01,-4.7771349549e-01,-8.6879463196e+00,2.2526682129e+03
1875,4.7762921453e-01,-4.7754231095e-01,-8.0472450256e+00,2.2525788574e+03
1876,4.7770094872e-01,-4.7761234641e-01,-8.4590177536e+00,2.2524902344e+03
1877,4.7772195935e-01,-4.7765195370e-01,-8.4274797440e+00,2.2524013672e+03
1878,4.7772377729e-01,-4.7761625051e-01,-8.2780036926e+00,2.2523127441e+03
1879,4.7764787078e-01,-4.7768357396e-01,-8.6973676682e+00,2.2522243652e+03
1880,4.7766005993e-01,-4.7759497166e-01,-7.6179394722e+00,2.2521369629e+03
1881,4.7746717930e-01,-4.7773525119e-01,-9.7348232269e+00,2.2520500488e+03
1882,4.7761178017e-01,-4.7765240073e-01,-7.2928156853e+00,2.2519609375e+03
1883,4.7745487094e-01,-4.7772586346e-01,-9.3759422302e+00,2.2518745117e+03
1884,4.7746318579e-01,-4.7767511010e-01,-7.4954490662e+00,2.2517868652e+03
1885,4.7757077217e-01,-4.7772234678e-01,-9.3240737915e+00,2.2516994629e+03
1886,4.7750315070e-01,-4.7769862413e-01,-7.4752607346e+00,2.2516120605e+03
1887,4.7738704085e-01,-4.7768992186e-01,-8.8698282242e+00,2.2515256348e+03
1888,4.7734543681e-01,-4.7768157721e-01,-8.5358324051e+00,2.2514377441e+03
1889,4.7732841969e-01,-4.7780725360e-01,-8.6728382111e+00,2.2513508301e+03
1890,4.7729218006e-01,-4.7765529156e-01,-8.1818008423e+00,2.2512651367e+03
1891,4.7733175755e-01,-4.7771310806e-01,-9.2845516205e+00,2.2511796875e+03
1892,4.7731620073e-01,-4.7767776251e-01,-7.9416809082e+00,2.2510900879e+03
1893,4.7732666135e-01,-4.7765088081e-01,-9.4001617432e+00,2.2510046387e+03
1894,4.7745773196e-01,-4.7766298056e-01,-8.2196817398e+00,2.2509194336e+03
1895,4.7731819749e-01,-4.7763663530e-01,-8.6954822540e+00,2.2508327637e+03
1896,4.7734051943e-01,-4.7776490450e-01,-8.4211549759e+00,2.2507446289e+03
1897,4.7731041908e-01,-4.7773429751e-01,-8.9988403320e+00,2.2506591797e+03
1898,4.7736489773e-01,-4.7762423754e-01,-7.8559546471e+00,2.2505732422e+03
1899,4.7729128599e-01,-4.7771558166e-01,-8.9671974182e+00,2.2504863281e+03
1900,4.7733196616e-01,-4.7761657834e-01,-7.9857721329e+00,2.2503999023e+03
1901,4.7744065523e-01,-4.7769424319e-01,-9.4600124359e+00,2.2503149414e+03
1902,4.7738870978e-01,-4.7760513425e-01,-7.6531543732e+00,2.2502280273e+03
1903,4.7730100155e-01,-4.7767877579e-01,-9.7356424332e+00,2.2501423340e+03
1904,4.7741088271e-01,-4.7768178582e-01,-7.4974746704e+00,2.2500556641e+03
1905,4.7728994489e-01,-4.7778379917e-01,-9.7307167053e+00,2.2499697266e+03
1906,4.7739404440e-01,-4.7777625918e-01,-8.0652456284e+00,2.2498830566e+03
1907,4.7727051377e-01,-4.7757524252e-01,-9.0713748932e+00,2.2497966309e+03
1908,4.7735929489e-01,-4.7771251202e-01,-8.3506765366e+00,2.2497121582e+03
1909,4.7735661268e-01,-4.7773319483e-01,-9.3468561172e+00,2.2496257324e+03
1910,4.7733628750e-01,-4.7757986188e-01,-7.9980540276e+00,2.2495395508e+03
1911,4.7727522254e-01,-4.7761315107e-01,-9.0361719131e+00,2.2494543457e+03
1912,4.7725850344e-01,-4.7767138481e-01,-8.5237493515e+00,2.2493691406e+03
1913,4.7729098797e-01,-4.7769525647e-01,-9.4162588120e+00,2.2492836914e+03
1914,4.7721603513e-01,-4.7772037983e-01,-7.9969935417e+00,2.2491982422e+03
1915,4.7726315260e-01,-4.7776687145e-01,-9.5249338150e+00,2.2491130371e+03
1916,4.7722521424e-01,-4.7775939107e-01,-8.1822366714e+00,2.2490275879e+03
1917,4.7727704048e-01,-4.7768026590e-01,-9.0370111465e+00,2.2489418945e+03
1918,4.7721925378e-01,-4.7756692767e-01,-8.2689552307e+00,2.2488569336e+03
1919,4.7720256448e-01,-4.7760698199e-01,-9.4899978638e+00,2.2487717285e+03
1920,4.7716572881e-01,-4.7778347135e-01,-8.4591426849e+00,2.2486867676e+03
1921,4.7715127468e-01,-4.7768661380e-01,-9.7961387634e+00,2.2486010742e+03
1922,4.7712996602e-01,-4.7765690088e-01,-7.4925827980e+00,2.2485151367e+03
1923,4.7719833255e-01,-4.7768610716e-01,-1.0529159546e+01,2.2484296875e+03
1924,4.7710618377e-01,-4.7784999013e-01,-7.1442871094e+00,2.2483439941e+03
1925,4.7708290815e-01,-4.7778016329e-01,-9.8048505783e+00,2.2482597656e+03
1926,4.7709596157e-01,-4.7785311937e-01,-8.4642791748e+00,2.2481738281e+03
1927,4.7702664137e-01,-4.7766256332e-01,-9.3034667969e+00,2.2480883789e+03
1928,4.7708979249e-01,-4.7768270969e-01,-8.4764871597e+00,2.2480036621e+03
1929,4.7708064318e-01,-4.7767454386e-01,-9.4204273224e+00,2.2479177246e+03
1930,4.7701159120e-01,-4.7781956196e-01,-8.9543085098e+00,2.2478325195e+03
1931,4.7711306810e-01,-4.7779032588e-01,-9.0624399185e+00,2.2477478027e+03
1932,4.7705256939e-01,-4.7780889273e-01,-8.6098375320e+00,2.2476621094e+03
1933,4.7712948918e-01,-4.7784924507e-01,-9.3731479645e+00,2.2475761719e+03
1934,4.7705695033e-01,-4.7789534926e-01,-8.6579084396e+00,2.2474924316e+03
1935,4.7711044550e-01,-4.7777050734e-01,-9.5548982620e+00,2.2474069824e+03
1936,4.7704660892e-01,-4.7785529494e-01,-8.2762565613e+00,2.2473208008e+03
1937,4.7719132900e-01,-4.7777956724e-01,-9.6216640472e+00,2.2472365723e+03
1938,4.7700411081e-01,-4.7789281607e-01,-8.3953266144e+00,2.2471518555e+03
1939,4.7709175944e-01,-4.7789764404e-01,-9.9704837799e+00,2.2470666504e+03
1940,4.7708708048e-01,-4.7787743807e-01,-8.3194093704e+00,2.2469821777e+03
1941,4.7707697749e-01,-4.7782364488e-01,-9.5252494812e+00,2.2468964844e+03
1942,4.7701862454e-01,-4.7783818841e-01,-8.5688877106e+00,2.2468120117e+03
1943,4.7707039118e-01,-4.7783762217e-01,-9.6100263596e+00,2.2467260742e+03
1944,4.7698652744e-01,-4.7788643837e-01,-8.6089038849e+00,2.2466411133e+03
1945,4.7708037496e-01,-4.7785648704e-01,-9.1505165100e+00,2.2465566406e+03
1946,4.7702988982e-01,-4.7784587741e-01,-8.6797790527e+00,2.2464714355e+03
1947,4.7707995772e-01,-4.7777974606e-01,-9.8279085159e+00,2.2463862305e+03
1948,4.7706937790e-01,-4.7790086269e-01,-8.3596801758e+00,2.2463020020e+03
1949,4.7704792023e-01,-4.7790244222e-01,-1.0257260323e+01,2.2462163086e+03
1950,4.7713804245e-01,-4.7785231471e-01,-7.9603471756e+00,2.2461315918e+03
1951,4.7707104683e-01,-4.7781565785e-01,-1.0266590118e+01,2.2460468750e+03
1952,4.7705411911e-01,-4.7786024213e-01,-8.2209768295e+00,2.2459624023e+03
1953,4.7707483172e-01,-4.7788909078e-01,-9.8376531601e+00,2.2458771973e+03
1954,4.7707712650e-01,-4.7788074613e-01,-8.8905105591e+00,2.2457912598e+03
1955,4.7713562846e-01,-4.7788557410e-01,-9.5437221527e+00,2.2457065430e+03
1956,4.7704809904e-01,-4.7783917189e-01,-9.1206922531e+00,2.2456206055e+03
1957,4.7704342008e-01,-4.7784546018e-01,-9.0784025192e+00,2.2455358887e+03
1958,4.7703114152e-01,-4.7782972455e-01,-8.8424730301e+00,2.2454511719e+03
1959,4.7699961066e-01,-4.7789555788e-01,-1.0625304222e+01,2.2453657227e+03
1960,4.7701394558e-01,-4.7785091400e-01,-7.7604560852e+00,2.2452792969e+03
1961,4.7702237964e-01,-4.7780072689e-01,-1.0418384552e+01,2.2451938477e+03
1962,4.7694033384e-01,-4.7795307636e-01,-8.7459125519e+00,2.2451076660e+03
1963,4.7699692845e-01,-4.7795882821e-01,-9.9414310455e+00,2.2450209961e+03
1964,4.7696256638e-01,-4.7790539265e-01,-8.3326520920e+00,2.2449343262e+03
1965,4.7698363662e-01,-4.7781506181e-01,-1.0064163208e+01,2.2448486328e+03
1966,4.7698634863e-01,-4.7791585326e-01,-8.6709747314e+00,2.2447614746e+03
1967,4.7692266107e-01,-4.7790473700e-01,-9.9547243118e+00,2.2446748047e+03
1968,4.7699591517e-01,-4.7791197896e-01,-8.6771106720e+00,2.2445893555e+03
1969,4.7689357400e-01,-4.7795400023e-01,-1.0773147583e+01,2.2445026855e+03
1970,4.7701370716e-01,-4.7790288925e-01,-8.0684766769e+00,2.2444165039e+03
1971,4.7703653574e-01,-4.7790256143e-01,-1.0315619469e+01,2.2443303223e+03
1972,4.7703674436e-01,-4.7796130180e-01,-8.4984931946e+00,2.2442446289e+03
1973,4.7707703710e-01,-4.7798040509e-01,-1.0499588966e+01,2.2441577148e+03
1974,4.7688433528e-01,-4.7793358564e-01,-8.8099756241e+00,2.2440712891e+03
1975,4.7694462538e-01,-4.7785553336e-01,-1.0092765808e+01,2.2439851074e+03
1976,4.7685128450e-01,-4.7787547112e-01,-8.4040641785e+00,2.2438979492e+03
1977,4.7705933452e-01,-4.7783875465e-01,-1.0576231003e+01,2.2438098145e+03
1978,4.7687649727e-01,-4.7800013423e-01,-7.8772439957e+00,2.2437231445e+03
1979,4.7686108947e-01,-4.7801566124e-01,-1.0594974518e+01,2.2436367188e+03
1980,4.7688469291e-01,-4.7803959250e-01,-9.2066965103e+00,2.2435498047e+03
1981,4.7702947259e-01,-4.7792056203e-01,-8.4010496140e+00,2.2434614258e+03
1982,4.7693911195e-01,-4.7790914774e-01,-1.1210674286e+01,2.2433740234e+03
1983,4.7688025236e-01,-4.7788706422e-01,-8.2437372208e+00,2.2432875977e+03
1984,4.7712558508e-01,-4.7788095474e-01,-1.0395125389e+01,2.2431989746e+03
1985,4.7685155272e-01,-4.7798120975e-01,-8.8054990768e+00,2.2431105957e+03
1986,4.7706106305e-01,-4.7789826989e-01,-1.0937987328e+01,2.2430234375e+03
1987,4.7701913118e-01,-4.7797074914e-01,-8.4131927490e+00,2.2429360352e+03
1988,4.7701880336e-01,-4.7795858979e-01,-1.0414978027e+01,2.2428461914e+03
1989,4.7693902254e-01,-4.7811585665e-01,-9.2658834457e+00,2.2427578125e+03
1990,4.7708383203e-01,-4.7791731358e-01,-9.9463777542e+00,2.2426708984e+03
1991,4.7692486644e-01,-4.7797876596e-01,-9.1805591583e+00,2.2425830078e+03
1992,4.7697362304e-01,-4.7802037001e-01,-9.7868032455e+00,2.2424938965e+03
1993,4.7695967555e-01,-4.7796976566e-01,-9.2662677765e+00,2.2424050293e+03
1994,4.7709554434e-01,-4.7792804241e-01,-9.9676780701e+00,2.2423168945e+03
1995,4.7692704201e-01,-4.7791457176e-01,-8.5587406158e+00,2.2422268066e+03
1996,4.7698277235e-01,-4.7792273760e-01,-1.1349519730e+01,2.2421374512e+03
1997,4.7706025839e-01,-4.7789719701e-01,-8.4847927094e+00,2.2420490723e+03
1998,4.7707638144e-01,-4.7782534361e-01,-9.8943099976e+00,2.2419606934e+03
1999,4.7702825069e-01,-4.7792404890e-01,-9.3368711472e+00,2.2418720703e+03
