step,vx_20_50,pressure_20_50,singularity_count
0,0.0000000000e+00,0.0000000000e+00,0.0000000000e+00
1,8.5469058831e-05,0.0000000000e+00,1.7000000000e+01
2,1.7192280211e-04,0.0000000000e+00,1.3000000000e+01
3,2.5904789800e-04,0.0000000000e+00,8.0000000000e+00
4,3.5380374175e-04,0.0000000000e+00,1.0000000000e+01
5,4.3458698201e-04,0.0000000000e+00,1.1000000000e+01
6,5.5407272885e-04,0.0000000000e+00,6.0000000000e+00
7,5.5046501802e-04,0.0000000000e+00,8.0000000000e+00
8,6.4671842847e-04,0.0000000000e+00,1.6000000000e+01
9,7.4530515121e-04,0.0000000000e+00,5.0000000000e+00
10,8.4027100820e-04,0.0000000000e+00,6.0000000000e+00
11,1.0007044766e-03,0.0000000000e+00,8.0000000000e+00
12,9.3787506921e-04,0.0000000000e+00,8.0000000000e+00
13,1.1472245678e-03,0.0000000000e+00,1.0000000000e+01
14,1.0025949450e-03,0.0000000000e+00,1.0000000000e+01
15,1.1710475665e-03,0.0000000000e+00,1.2000000000e+01
16,1.1454194319e-03,0.0000000000e+00,1.5000000000e+01
17,1.2985583162e-03,0.0000000000e+00,1.3000000000e+01
18,1.4713588171e-03,0.0000000000e+00,1.4000000000e+01
19,1.3221964473e-03,0.0000000000e+00,1.2000000000e+01
20,1.3805975905e-03,0.0000000000e+00,7.0000000000e+00
21,1.9963039085e-03,0.0000000000e+00,8.0000000000e+00
22,1.7465385608e-03,0.0000000000e+00,6.0000000000e+00
23,1.9230141770e-03,0.0000000000e+00,8.0000000000e+00
24,1.5059910947e-03,0.0000000000e+00,1.1000000000e+01
25,1.5618641628e-03,0.0000000000e+00,6.0000000000e+00
26,1.6468735412e-03,0.0000000000e+00,1.2000000000e+01
27,1.7536263913e-03,0.0000000000e+00,1.4000000000e+01
28,1.5591357369e-03,0.0000000000e+00,7.0000000000e+00
29,1.9846977666e-03,0.0000000000e+00,9.0000000000e+00
30,2.3940936662e-03,0.0000000000e+00,1.9000000000e+01
31,1.7638569698e-03,0.0000000000e+00,1.5000000000e+01
32,2.4905726314e-03,0.0000000000e+00,7.0000000000e+00
33,1.8623282667e-03,0.0000000000e+00,1.3000000000e+01
34,2.1388349123e-03,0.0000000000e+00,7.0000000000e+00
35,2.1835092921e-03,0.0000000000e+00,1.2000000000e+01
36,2.4038478732e-03,0.0000000000e+00,1.4000000000e+01
37,1.5657517361e-03,0.0000000000e+00,7.0000000000e+00
38,1.7231508391e-03,0.0000000000e+00,1.1000000000e+01
39,1.9678471144e-03,0.0000000000e+00,5.0000000000e+00
40,1.7128506443e-03,0.0000000000e+00,9.0000000000e+00
41,1.6552055022e-03,0.0000000000e+00,1.6000000000e+01
42,2.4751853198e-03,0.0000000000e+00,1.2000000000e+01
43,0.0000000000e+00,0.0000000000e+00,1.1000000000e+01
44,0.0000000000e+00,0.0000000000e+00,1.1000000000e+01
45,0.0000000000e+00,0.0000000000e+00,1.2000000000e+01
46,0.0000000000e+00,0.0000000000e+00,1.4000000000e+01
47,0.0000000000e+00,0.0000000000e+00,1.2000000000e+01
48,0.0000000000e+00,0.0000000000e+00,1.5000000000e+01
49,0.0000000000e+00,0.0000000000e+00,1.5000000000e+01
50,0.0000000000e+00,0.0000000000e+00,1.3000000000e+01
51,0.0000000000e+00,0.0000000000e+00,1.2000000000e+01
52,0.0000000000e+00,0.0000000000e+00,1.0000000000e+01
53,0.0000000000e+00,0.0000000000e+00,1.4000000000e+01
54,0.0000000000e+00,0.0000000000e+00,1.2000000000e+01
55,0.0000000000e+00,0.0000000000e+00,5.0000000000e+00
56,0.0000000000e+00,0.0000000000e+00,1.4000000000e+01
57,0.0000000000e+00,0.0000000000e+00,1.8000000000e+01
58,0.0000000000e+00,0.0000000000e+00,7.0000000000e+00
59,0.0000000000e+00,0.0000000000e+00,1.0000000000e+01
60,0.0000000000e+00,0.0000000000e+00,6.0000000000e+00
61,0.0000000000e+00,0.0000000000e+00,1.1000000000e+01
62,0.0000000000e+00,0.0000000000e+00,1.2000000000e+01
63,0.0000000000e+00,0.0000000000e+00,8.0000000000e+00
64,0.0000000000e+00,0.0000000000e+00,1.2000000000e+01
65,0.0000000000e+00,0.0000000000e+00,1.0000000000e+01
66,0.0000000000e+00,0.0000000000e+00,8.0000000000e+00
67,0.0000000000e+00,0.0000000000e+00,1.1000000000e+01
68,0.0000000000e+00,0.0000000000e+00,1.8000000000e+01
69,0.0000000000e+00,0.0000000000e+00,1.6000000000e+01
70,0.0000000000e+00,0.0000000000e+00,1.3000000000e+01
71,0.0000000000e+00,0.0000000000e+00,1.2000000000e+01
72,0.0000000000e+00,0.0000000000e+00,9.0000000000e+00
73,0.0000000000e+00,0.0000000000e+00,1.2000000000e+01
74,0.0000000000e+00,0.0000000000e+00,7.0000000000e+00
75,0.0000000000e+00,0.0000000000e+00,9.0000000000e+00
76,0.0000000000e+00,0.0000000000e+00,1.1000000000e+01
77,0.0000000000e+00,0.0000000000e+00,1.0000000000e+01
78,0.0000000000e+00,0.0000000000e+00,1.2000000000e+01
79,0.0000000000e+00,0.0000000000e+00,5.0000000000e+00
80,0.0000000000e+00,0.0000000000e+00,5.0000000000e+00
81,0.0000000000e+00,0.0000000000e+00,8.0000000000e+00
82,0.0000000000e+00,0.0000000000e+00,1.2000000000e+01
83,0.0000000000e+00,0.0000000000e+00,8.0000000000e+00
84,0.0000000000e+00,0.0000000000e+00,9.0000000000e+00
85,0.0000000000e+00,0.0000000000e+00,1.3000000000e+01
86,0.0000000000e+00,0.0000000000e+00,9.0000000000e+00
87,0.0000000000e+00,0.0000000000e+00,1.0000000000e+01
88,0.0000000000e+00,0.0000000000e+00,9.0000000000e+00
89,0.0000000000e+00,0.0000000000e+00,1.4000000000e+01
90,0.0000000000e+00,0.0000000000e+00,1.1000000000e+01
91,0.0000000000e+00,0.0000000000e+00,1.2000000000e+01
92,0.0000000000e+00,0.0000000000e+00,8.0000000000e+00
93,0.0000000000e+00,0.0000000000e+00,1.6000000000e+01
94,0.0000000000e+00,0.0000000000e+00,1.2000000000e+01
95,0.0000000000e+00,0.0000000000e+00,1.7000000000e+01
96,0.0000000000e+00,0.0000000000e+00,1.2000000000e+01
97,0.0000000000e+00,0.0000000000e+00,8.0000000000e+00
98,0.0000000000e+00,0.0000000000e+00,8.0000000000e+00
99,0.0000000000e+00,0.0000000000e+00,1.1000000000e+01
100,0.0000000000e+00,0.0000000000e+00,1.0000000000e+01
101,0.0000000000e+00,0.0000000000e+00,1.1000000000e+01
102,0.0000000000e+00,0.0000000000e+00,9.0000000000e+00
103,0.0000000000e+00,0.0000000000e+00,1.0000000000e+01
104,0.0000000000e+00,0.0000000000e+00,8.0000000000e+00
105,0.0000000000e+00,0.0000000000e+00,8.0000000000e+00
106,0.0000000000e+00,0.0000000000e+00,8.0000000000e+00
107,0.0000000000e+00,0.0000000000e+00,1.6000000000e+01
108,0.0000000000e+00,0.0000000000e+00,9.0000000000e+00
109,0.0000000000e+00,0.0000000000e+00,1.9000000000e+01
110,0.0000000000e+00,0.0000000000e+00,9.0000000000e+00
111,0.0000000000e+00,0.0000000000e+00,5.0000000000e+00
112,0.0000000000e+00,0.0000000000e+00,1.6000000000e+01
113,0.0000000000e+00,0.0000000000e+00,1.1000000000e+01
114,0.0000000000e+00,0.0000000000e+00,1.2000000000e+01
115,0.0000000000e+00,0.0000000000e+00,1.1000000000e+01
116,0.0000000000e+00,0.0000000000e+00,1.2000000000e+01
117,0.0000000000e+00,0.0000000000e+00,1.2000000000e+01
118,0.0000000000e+00,0.0000000000e+00,1.1000000000e+01
119,0.0000000000e+00,0.0000000000e+00,6.0000000000e+00
120,0.0000000000e+00,0.0000000000e+00,8.0000000000e+00
121,0.0000000000e+00,0.0000000000e+00,1.3000000000e+01
122,0.0000000000e+00,0.0000000000e+00,1.6000000000e+01
123,0.0000000000e+00,0.0000000000e+00,1.5000000000e+01
124,0.0000000000e+00,0.0000000000e+00,1.3000000000e+01
125,0.0000000000e+00,0.0000000000e+00,9.0000000000e+00
126,0.0000000000e+00,0.0000000000e+00,1.9000000000e+01
127,0.0000000000e+00,0.0000000000e+00,1.3000000000e+01
128,0.0000000000e+00,0.0000000000e+00,1.4000000000e+01
129,0.0000000000e+00,0.0000000000e+00,1.1000000000e+01
130,0.0000000000e+00,0.0000000000e+00,1.2000000000e+01
131,0.0000000000e+00,0.0000000000e+00,1.5000000000e+01
132,0.0000000000e+00,0.0000000000e+00,1.3000000000e+01
133,0.0000000000e+00,0.0000000000e+00,2.2000000000e+01
134,0.0000000000e+00,0.0000000000e+00,3.0000000000e+00
135,0.0000000000e+00,0.0000000000e+00,1.7000000000e+01
136,0.0000000000e+00,0.0000000000e+00,9.0000000000e+00
137,0.0000000000e+00,0.0000000000e+00,1.7000000000e+01
138,0.0000000000e+00,0.0000000000e+00,4.0000000000e+00
139,0.0000000000e+00,0.0000000000e+00,1.0000000000e+01
140,0.0000000000e+00,0.0000000000e+00,1.6000000000e+01
141,0.0000000000e+00,0.0000000000e+00,1.0000000000e+01
142,0.0000000000e+00,0.0000000000e+00,8.0000000000e+00
143,0.0000000000e+00,0.0000000000e+00,1.3000000000e+01
144,0.0000000000e+00,0.0000000000e+00,1.1000000000e+01
145,0.0000000000e+00,0.0000000000e+00,1.2000000000e+01
146,0.0000000000e+00,0.0000000000e+00,8.0000000000e+00
147,0.0000000000e+00,0.0000000000e+00,1.4000000000e+01
148,0.0000000000e+00,0.0000000000e+00,1.1000000000e+01
149,0.0000000000e+00,0.0000000000e+00,8.0000000000e+00
150,0.0000000000e+00,0.0000000000e+00,1.0000000000e+01
151,0.0000000000e+00,0.0000000000e+00,6.0000000000e+00
152,0.0000000000e+00,0.0000000000e+00,1.2000000000e+01
153,0.0000000000e+00,0.0000000000e+00,7.0000000000e+00
154,0.0000000000e+00,0.0000000000e+00,1.7000000000e+01
155,0.0000000000e+00,0.0000000000e+00,9.0000000000e+00
156,0.0000000000e+00,0.0000000000e+00,1.3000000000e+01
157,0.0000000000e+00,0.0000000000e+00,6.0000000000e+00
158,0.0000000000e+00,0.0000000000e+00,1.0000000000e+01
159,0.0000000000e+00,0.0000000000e+00,9.0000000000e+00
160,0.0000000000e+00,0.0000000000e+00,1.3000000000e+01
161,0.0000000000e+00,0.0000000000e+00,8.0000000000e+00
162,0.0000000000e+00,0.0000000000e+00,7.0000000000e+00
163,0.0000000000e+00,0.0000000000e+00,1.3000000000e+01
164,0.0000000000e+00,0.0000000000e+00,7.0000000000e+00
165,0.0000000000e+00,0.0000000000e+00,1.5000000000e+01
166,0.0000000000e+00,0.0000000000e+00,1.2000000000e+01
167,0.0000000000e+00,0.0000000000e+00,6.0000000000e+00
168,0.0000000000e+00,0.0000000000e+00,1.1000000000e+01
169,0.0000000000e+00,0.0000000000e+00,9.0000000000e+00
170,0.0000000000e+00,0.0000000000e+00,1.0000000000e+01
171,0.0000000000e+00,0.0000000000e+00,1.1000000000e+01
172,0.0000000000e+00,0.0000000000e+00,1.6000000000e+01
173,0.0000000000e+00,0.0000000000e+00,8.0000000000e+00
174,0.0000000000e+00,0.0000000000e+00,1.3000000000e+01
175,0.0000000000e+00,0.0000000000e+00,1.6000000000e+01
176,0.0000000000e+00,0.0000000000e+00,1.5000000000e+01
177,0.0000000000e+00,0.0000000000e+00,8.0000000000e+00
178,0.0000000000e+00,0.0000000000e+00,1.1000000000e+01
179,0.0000000000e+00,0.0000000000e+00,1.6000000000e+01
180,0.0000000000e+00,0.0000000000e+00,1.5000000000e+01
181,0.0000000000e+00,0.0000000000e+00,1.2000000000e+01
182,0.0000000000e+00,0.0000000000e+00,9.0000000000e+00
183,0.0000000000e+00,0.0000000000e+00,1.4000000000e+01
184,0.0000000000e+00,0.0000000000e+00,1.4000000000e+01
185,0.0000000000e+00,0.0000000000e+00,9.0000000000e+00
186,0.0000000000e+00,0.0000000000e+00,9.0000000000e+00
187,0.0000000000e+00,0.0000000000e+00,8.0000000000e+00
188,0.0000000000e+00,0.0000000000e+00,1.0000000000e+01
189,0.0000000000e+00,0.0000000000e+00,1.0000000000e+01
190,0.0000000000e+00,0.0000000000e+00,1.3000000000e+01
191,0.0000000000e+00,0.0000000000e+00,1.3000000000e+01
192,0.0000000000e+00,0.0000000000e+00,6.0000000000e+00
193,0.0000000000e+00,0.0000000000e+00,5.0000000000e+00
194,0.0000000000e+00,0.0000000000e+00,1.9000000000e+01
195,0.0000000000e+00,0.0000000000e+00,8.0000000000e+00
196,0.0000000000e+00,0.0000000000e+00,1.7000000000e+01
197,0.0000000000e+00,0.0000000000e+00,1.7000000000e+01
198,0.0000000000e+00,0.0000000000e+00,1.1000000000e+01
199,0.0000000000e+00,0.0000000000e+00,8.0000000000e+00
200,0.0000000000e+00,0.0000000000e+00,1.1000000000e+01
201,0.0000000000e+00,0.0000000000e+00,1.0000000000e+01
202,0.0000000000e+00,0.0000000000e+00,4.0000000000e+00
203,0.0000000000e+00,0.0000000000e+00,1.0000000000e+01
204,0.0000000000e+00,0.0000000000e+00,8.0000000000e+00
205,0.0000000000e+00,0.0000000000e+00,1.0000000000e+01
206,0.0000000000e+00,0.0000000000e+00,1.0000000000e+01
207,0.0000000000e+00,0.0000000000e+00,1.1000000000e+01
208,0.0000000000e+00,0.0000000000e+00,9.0000000000e+00
209,0.0000000000e+00,0.0000000000e+00,9.0000000000e+00
210,0.0000000000e+00,0.0000000000e+00,7.0000000000e+00
211,0.0000000000e+00,0.0000000000e+00,7.0000000000e+00
212,0.0000000000e+00,0.0000000000e+00,4.0000000000e+00
213,0.0000000000e+00,0.0000000000e+00,1.4000000000e+01
214,0.0000000000e+00,0.0000000000e+00,7.0000000000e+00
215,0.0000000000e+00,0.0000000000e+00,1.1000000000e+01
216,0.0000000000e+00,0.0000000000e+00,1.1000000000e+01
217,0.0000000000e+00,0.0000000000e+00,1.4000000000e+01
218,0.0000000000e+00,0.0000000000e+00,1.4000000000e+01
219,0.0000000000e+00,0.0000000000e+00,8.0000000000e+00
220,0.0000000000e+00,0.0000000000e+00,9.0000000000e+00
221,0.0000000000e+00,0.0000000000e+00,1.2000000000e+01
222,0.0000000000e+00,0.0000000000e+00,1.2000000000e+01
223,0.0000000000e+00,0.0000000000e+00,4.0000000000e+00
224,0.0000000000e+00,0.0000000000e+00,1.9000000000e+01
225,0.0000000000e+00,0.0000000000e+00,9.0000000000e+00
226,0.0000000000e+00,0.0000000000e+00,7.0000000000e+00
227,0.0000000000e+00,0.0000000000e+00,1.3000000000e+01
228,0.0000000000e+00,0.0000000000e+00,8.0000000000e+00
229,0.0000000000e+00,0.0000000000e+00,1.1000000000e+01
230,0.0000000000e+00,0.0000000000e+00,1.1000000000e+01
231,0.0000000000e+00,0.0000000000e+00,7.0000000000e+00
232,0.0000000000e+00,0.0000000000e+00,8.0000000000e+00
233,0.0000000000e+00,0.0000000000e+00,1.0000000000e+01
234,0.0000000000e+00,0.0000000000e+00,1.2000000000e+01
235,0.0000000000e+00,0.0000000000e+00,1.6000000000e+01
236,0.0000000000e+00,0.0000000000e+00,8.0000000000e+00
237,0.0000000000e+00,0.0000000000e+00,1.2000000000e+01
238,0.0000000000e+00,0.0000000000e+00,1.2000000000e+01
239,0.0000000000e+00,0.0000000000e+00,1.6000000000e+01
240,0.0000000000e+00,0.0000000000e+00,1.3000000000e+01
241,0.0000000000e+00,0.0000000000e+00,1.1000000000e+01
242,0.0000000000e+00,0.0000000000e+00,1.1000000000e+01
243,0.0000000000e+00,0.0000000000e+00,1.4000000000e+01
244,0.0000000000e+00,0.0000000000e+00,1.5000000000e+01
245,0.0000000000e+00,0.0000000000e+00,9.0000000000e+00
246,0.0000000000e+00,0.0000000000e+00,1.3000000000e+01
247,0.0000000000e+00,0.0000000000e+00,9.0000000000e+00
248,0.0000000000e+00,0.0000000000e+00,8.0000000000e+00
249,0.0000000000e+00,0.0000000000e+00,1.0000000000e+01
250,0.0000000000e+00,0.0000000000e+00,1.4000000000e+01
251,0.0000000000e+00,0.0000000000e+00,6.0000000000e+00
252,0.0000000000e+00,0.0000000000e+00,1.4000000000e+01
253,0.0000000000e+00,0.0000000000e+00,8.0000000000e+00
254,0.0000000000e+00,0.0000000000e+00,1.3000000000e+01
255,0.0000000000e+00,0.0000000000e+00,1.5000000000e+01
256,0.0000000000e+00,0.0000000000e+00,1.4000000000e+01
257,0.0000000000e+00,0.0000000000e+00,1.4000000000e+01
258,0.0000000000e+00,0.0000000000e+00,9.0000000000e+00
259,0.0000000000e+00,0.0000000000e+00,1.4000000000e+01
260,0.0000000000e+00,0.0000000000e+00,1.2000000000e+01
261,0.0000000000e+00,0.0000000000e+00,1.1000000000e+01
262,0.0000000000e+00,0.0000000000e+00,1.6000000000e+01
263,0.0000000000e+00,0.0000000000e+00,1.7000000000e+01
264,0.0000000000e+00,0.0000000000e+00,1.9000000000e+01
265,0.0000000000e+00,0.0000000000e+00,2.1000000000e+01
266,0.0000000000e+00,0.0000000000e+00,2.1000000000e+01
267,0.0000000000e+00,0.0000000000e+00,2.1000000000e+01
268,0.0000000000e+00,0.0000000000e+00,1.8000000000e+01
269,0.0000000000e+00,0.0000000000e+00,1.4000000000e+01
270,0.0000000000e+00,0.0000000000e+00,1.8000000000e+01
271,0.0000000000e+00,0.0000000000e+00,2.1000000000e+01
272,0.0000000000e+00,0.0000000000e+00,8.0000000000e+00
273,0.0000000000e+00,0.0000000000e+00,1.1000000000e+01
274,0.0000000000e+00,0.0000000000e+00,1.1000000000e+01
275,0.0000000000e+00,0.0000000000e+00,1.3000000000e+01
276,0.0000000000e+00,0.0000000000e+00,1.6000000000e+01
277,0.0000000000e+00,0.0000000000e+00,1.2000000000e+01
278,0.0000000000e+00,0.0000000000e+00,8.0000000000e+00
279,0.0000000000e+00,0.0000000000e+00,1.4000000000e+01
280,0.0000000000e+00,0.0000000000e+00,1.3000000000e+01
281,0.0000000000e+00,0.0000000000e+00,1.0000000000e+01
282,0.0000000000e+00,0.0000000000e+00,1.9000000000e+01
283,0.0000000000e+00,0.0000000000e+00,1.0000000000e+01
284,0.0000000000e+00,0.0000000000e+00,1.1000000000e+01
285,0.0000000000e+00,0.0000000000e+00,1.0000000000e+01
286,0.0000000000e+00,0.0000000000e+00,1.2000000000e+01
287,0.0000000000e+00,0.0000000000e+00,9.0000000000e+00
288,0.0000000000e+00,0.0000000000e+00,1.0000000000e+01
289,0.0000000000e+00,0.0000000000e+00,1.0000000000e+01
290,0.0000000000e+00,0.0000000000e+00,1.3000000000e+01
291,0.0000000000e+00,0.0000000000e+00,2.0000000000e+01
292,0.0000000000e+00,0.0000000000e+00,7.0000000000e+00
293,0.0000000000e+00,0.0000000000e+00,1.7000000000e+01
294,0.0000000000e+00,0.0000000000e+00,1.5000000000e+01
295,0.0000000000e+00,0.0000000000e+00,8.0000000000e+00
296,0.0000000000e+00,0.0000000000e+00,1.4000000000e+01
297,0.0000000000e+00,0.0000000000e+00,1.5000000000e+01
298,0.0000000000e+00,0.0000000000e+00,1.3000000000e+01
299,0.0000000000e+00,0.0000000000e+00,1.5000000000e+01
300,0.0000000000e+00,0.0000000000e+00,7.0000000000e+00
301,0.0000000000e+00,0.0000000000e+00,1.2000000000e+01
302,0.0000000000e+00,0.0000000000e+00,1.1000000000e+01
303,0.0000000000e+00,0.0000000000e+00,1.6000000000e+01
304,0.0000000000e+00,0.0000000000e+00,1.1000000000e+01
305,0.0000000000e+00,0.0000000000e+00,1.1000000000e+01
306,0.0000000000e+00,0.0000000000e+00,1.2000000000e+01
307,0.0000000000e+00,0.0000000000e+00,9.0000000000e+00
308,0.0000000000e+00,0.0000000000e+00,7.0000000000e+00
309,0.0000000000e+00,0.0000000000e+00,9.0000000000e+00
310,0.0000000000e+00,0.0000000000e+00,1.2000000000e+01
311,0.0000000000e+00,0.0000000000e+00,1.1000000000e+01
312,0.0000000000e+00,0.0000000000e+00,9.0000000000e+00
313,0.0000000000e+00,0.0000000000e+00,1.1000000000e+01
314,0.0000000000e+00,0.0000000000e+00,1.1000000000e+01
315,0.0000000000e+00,0.0000000000e+00,9.0000000000e+00
316,0.0000000000e+00,0.0000000000e+00,8.0000000000e+00
317,0.0000000000e+00,0.0000000000e+00,1.6000000000e+01
318,0.0000000000e+00,0.0000000000e+00,9.0000000000e+00
319,0.0000000000e+00,0.0000000000e+00,8.0000000000e+00
320,0.0000000000e+00,0.0000000000e+00,4.0000000000e+00
321,0.0000000000e+00,0.0000000000e+00,9.0000000000e+00
322,0.0000000000e+00,0.0000000000e+00,1.5000000000e+01
323,0.0000000000e+00,0.0000000000e+00,1.0000000000e+01
324,0.0000000000e+00,0.0000000000e+00,1.4000000000e+01
325,0.0000000000e+00,0.0000000000e+00,1.6000000000e+01
326,0.0000000000e+00,0.0000000000e+00,1.4000000000e+01
327,0.0000000000e+00,0.0000000000e+00,9.0000000000e+00
328,0.0000000000e+00,0.0000000000e+00,6.0000000000e+00
329,0.0000000000e+00,0.0000000000e+00,7.0000000000e+00
330,0.0000000000e+00,0.0000000000e+00,9.0000000000e+00
331,0.0000000000e+00,0.0000000000e+00,9.0000000000e+00
332,0.0000000000e+00,0.0000000000e+00,7.0000000000e+00
333,0.0000000000e+00,0.0000000000e+00,8.0000000000e+00
334,0.0000000000e+00,0.0000000000e+00,5.0000000000e+00
335,0.0000000000e+00,0.0000000000e+00,1.0000000000e+01
336,0.0000000000e+00,0.0000000000e+00,1.8000000000e+01
337,0.0000000000e+00,0.0000000000e+00,1.0000000000e+01
338,0.0000000000e+00,0.0000000000e+00,1.4000000000e+01
339,0.0000000000e+00,0.0000000000e+00,1.4000000000e+01
340,0.0000000000e+00,0.0000000000e+00,9.0000000000e+00
341,0.0000000000e+00,0.0000000000e+00,1.4000000000e+01
342,0.0000000000e+00,0.0000000000e+00,1.7000000000e+01
343,0.0000000000e+00,0.0000000000e+00,1.1000000000e+01
344,0.0000000000e+00,0.0000000000e+00,8.0000000000e+00
345,0.0000000000e+00,0.0000000000e+00,1.3000000000e+01
346,0.0000000000e+00,0.0000000000e+00,9.0000000000e+00
347,0.0000000000e+00,0.0000000000e+00,9.0000000000e+00
348,0.0000000000e+00,0.0000000000e+00,1.7000000000e+01
349,0.0000000000e+00,0.0000000000e+00,1.1000000000e+01
350,0.0000000000e+00,0.0000000000e+00,1.3000000000e+01
351,0.0000000000e+00,0.0000000000e+00,1.4000000000e+01
352,0.0000000000e+00,0.0000000000e+00,1.1000000000e+01
353,0.0000000000e+00,0.0000000000e+00,1.1000000000e+01
354,0.0000000000e+00,0.0000000000e+00,1.1000000000e+01
355,0.0000000000e+00,0.0000000000e+00,1.5000000000e+01
356,0.0000000000e+00,0.0000000000e+00,1.7000000000e+01
357,0.0000000000e+00,0.0000000000e+00,1.1000000000e+01
358,0.0000000000e+00,0.0000000000e+00,7.0000000000e+00
359,0.0000000000e+00,0.0000000000e+00,1.4000000000e+01
360,0.0000000000e+00,0.0000000000e+00,9.0000000000e+00
361,0.0000000000e+00,0.0000000000e+00,8.0000000000e+00
362,0.0000000000e+00,0.0000000000e+00,1.0000000000e+01
363,0.0000000000e+00,0.0000000000e+00,1.1000000000e+01
364,0.0000000000e+00,0.0000000000e+00,1.2000000000e+01
365,0.0000000000e+00,0.0000000000e+00,7.0000000000e+00
366,0.0000000000e+00,0.0000000000e+00,1.3000000000e+01
367,0.0000000000e+00,0.0000000000e+00,1.0000000000e+01
368,0.0000000000e+00,0.0000000000e+00,9.0000000000e+00
369,0.0000000000e+00,0.0000000000e+00,9.0000000000e+00
370,0.0000000000e+00,0.0000000000e+00,8.0000000000e+00
371,0.0000000000e+00,0.0000000000e+00,1.1000000000e+01
372,0.0000000000e+00,0.0000000000e+00,1.0000000000e+01
373,0.0000000000e+00,0.0000000000e+00,8.0000000000e+00
374,0.0000000000e+00,0.0000000000e+00,1.0000000000e+01
375,0.0000000000e+00,0.0000000000e+00,1.5000000000e+01
376,0.0000000000e+00,0.0000000000e+00,1.0000000000e+01
377,0.0000000000e+00,0.0000000000e+00,4.0000000000e+00
378,0.0000000000e+00,0.0000000000e+00,1.2000000000e+01
379,0.0000000000e+00,0.0000000000e+00,1.3000000000e+01
380,0.0000000000e+00,0.0000000000e+00,8.0000000000e+00
381,0.0000000000e+00,0.0000000000e+00,6.0000000000e+00
382,0.0000000000e+00,0.0000000000e+00,1.0000000000e+01
383,0.0000000000e+00,0.0000000000e+00,1.3000000000e+01
384,0.0000000000e+00,0.0000000000e+00,1.0000000000e+01
385,0.0000000000e+00,0.0000000000e+00,8.0000000000e+00
386,0.0000000000e+00,0.0000000000e+00,6.0000000000e+00
387,0.0000000000e+00,0.0000000000e+00,1.4000000000e+01
388,0.0000000000e+00,0.0000000000e+00,1.6000000000e+01
389,0.0000000000e+00,0.0000000000e+00,9.0000000000e+00
390,0.0000000000e+00,0.0000000000e+00,1.6000000000e+01
391,0.0000000000e+00,0.0000000000e+00,9.0000000000e+00
392,0.0000000000e+00,0.0000000000e+00,1.8000000000e+01
393,0.0000000000e+00,0.0000000000e+00,8.0000000000e+00
394,0.0000000000e+00,0.0000000000e+00,9.0000000000e+00
395,0.0000000000e+00,0.0000000000e+00,1.1000000000e+01
396,0.0000000000e+00,0.0000000000e+00,1.3000000000e+01
397,0.0000000000e+00,0.0000000000e+00,1.1000000000e+01
398,0.0000000000e+00,0.0000000000e+00,9.0000000000e+00
399,0.0000000000e+00,0.0000000000e+00,1.5000000000e+01
400,0.0000000000e+00,0.0000000000e+00,8.0000000000e+00
401,0.0000000000e+00,0.0000000000e+00,1.3000000000e+01
402,0.0000000000e+00,0.0000000000e+00,4.0000000000e+00
403,0.0000000000e+00,0.0000000000e+00,9.0000000000e+00
404,0.0000000000e+00,0.0000000000e+00,1.1000000000e+01
405,0.0000000000e+00,0.0000000000e+00,1.6000000000e+01
406,0.0000000000e+00,0.0000000000e+00,1.1000000000e+01
407,0.0000000000e+00,0.0000000000e+00,1.7000000000e+01
408,0.0000000000e+00,0.0000000000e+00,1.9000000000e+01
409,0.0000000000e+00,0.0000000000e+00,1.4000000000e+01
410,0.0000000000e+00,0.0000000000e+00,1.4000000000e+01
411,0.0000000000e+00,0.0000000000e+00,1.1000000000e+01
412,0.0000000000e+00,0.0000000000e+00,1.3000000000e+01
413,0.0000000000e+00,0.0000000000e+00,8.0000000000e+00
414,0.0000000000e+00,0.0000000000e+00,7.0000000000e+00
415,0.0000000000e+00,0.0000000000e+00,1.2000000000e+01
416,0.0000000000e+00,0.0000000000e+00,8.0000000000e+00
417,0.0000000000e+00,0.0000000000e+00,9.0000000000e+00
418,0.0000000000e+00,0.0000000000e+00,1.1000000000e+01
419,0.0000000000e+00,0.0000000000e+00,1.4000000000e+01
420,0.0000000000e+00,0.0000000000e+00,1.5000000000e+01
421,0.0000000000e+00,0.0000000000e+00,1.3000000000e+01
422,0.0000000000e+00,0.0000000000e+00,1.5000000000e+01
423,0.0000000000e+00,0.0000000000e+00,1.1000000000e+01
424,0.0000000000e+00,0.0000000000e+00,7.0000000000e+00
425,0.0000000000e+00,0.0000000000e+00,1.4000000000e+01
426,0.0000000000e+00,0.0000000000e+00,1.1000000000e+01
427,0.0000000000e+00,0.0000000000e+00,1.0000000000e+01
428,0.0000000000e+00,0.0000000000e+00,1.5000000000e+01
429,0.0000000000e+00,0.0000000000e+00,1.1000000000e+01
430,0.0000000000e+00,0.0000000000e+00,8.0000000000e+00
431,0.0000000000e+00,0.0000000000e+00,1.1000000000e+01
432,0.0000000000e+00,0.0000000000e+00,1.4000000000e+01
433,0.0000000000e+00,0.0000000000e+00,1.5000000000e+01
434,0.0000000000e+00,0.0000000000e+00,1.0000000000e+01
435,0.0000000000e+00,0.0000000000e+00,1.7000000000e+01
436,0.0000000000e+00,0.0000000000e+00,7.0000000000e+00
437,0.0000000000e+00,0.0000000000e+00,1.1000000000e+01
438,0.0000000000e+00,0.0000000000e+00,6.0000000000e+00
439,0.0000000000e+00,0.0000000000e+00,1.3000000000e+01
440,0.0000000000e+00,0.0000000000e+00,1.3000000000e+01
441,0.0000000000e+00,0.0000000000e+00,7.0000000000e+00
442,0.0000000000e+00,0.0000000000e+00,1.4000000000e+01
443,0.0000000000e+00,0.0000000000e+00,3.0000000000e+00
444,0.0000000000e+00,0.0000000000e+00,1.0000000000e+01
445,0.0000000000e+00,0.0000000000e+00,1.0000000000e+01
446,0.0000000000e+00,0.0000000000e+00,1.4000000000e+01
447,0.0000000000e+00,0.0000000000e+00,1.2000000000e+01
448,0.0000000000e+00,0.0000000000e+00,8.0000000000e+00
449,0.0000000000e+00,0.0000000000e+00,8.0000000000e+00
450,0.0000000000e+00,0.0000000000e+00,1.0000000000e+01
451,0.0000000000e+00,0.0000000000e+00,1.0000000000e+01
452,0.0000000000e+00,0.0000000000e+00,1.0000000000e+01
453,0.0000000000e+00,0.0000000000e+00,7.0000000000e+00
454,0.0000000000e+00,0.0000000000e+00,1.1000000000e+01
455,0.0000000000e+00,0.0000000000e+00,1.0000000000e+01
456,0.0000000000e+00,0.0000000000e+00,9.0000000000e+00
457,0.0000000000e+00,0.0000000000e+00,1.4000000000e+01
458,0.0000000000e+00,0.0000000000e+00,7.0000000000e+00
459,0.0000000000e+00,0.0000000000e+00,6.0000000000e+00
460,0.0000000000e+00,0.0000000000e+00,6.0000000000e+00
461,0.0000000000e+00,0.0000000000e+00,7.0000000000e+00
462,0.0000000000e+00,0.0000000000e+00,1.0000000000e+01
463,0.0000000000e+00,0.0000000000e+00,1.0000000000e+01
464,0.0000000000e+00,0.0000000000e+00,8.0000000000e+00
465,0.0000000000e+00,0.0000000000e+00,7.0000000000e+00
466,0.0000000000e+00,0.0000000000e+00,1.1000000000e+01
467,0.0000000000e+00,0.0000000000e+00,1.7000000000e+01
468,0.0000000000e+00,0.0000000000e+00,1.8000000000e+01
469,0.0000000000e+00,0.0000000000e+00,1.3000000000e+01
470,0.0000000000e+00,0.0000000000e+00,7.0000000000e+00
471,0.0000000000e+00,0.0000000000e+00,7.0000000000e+00
472,0.0000000000e+00,0.0000000000e+00,7.0000000000e+00
473,0.0000000000e+00,0.0000000000e+00,1.2000000000e+01
474,0.0000000000e+00,0.0000000000e+00,8.0000000000e+00
475,0.0000000000e+00,0.0000000000e+00,1.2000000000e+01
476,0.0000000000e+00,0.0000000000e+00,1.3000000000e+01
477,0.0000000000e+00,0.0000000000e+00,1.1000000000e+01
478,0.0000000000e+00,0.0000000000e+00,1.0000000000e+01
479,0.0000000000e+00,0.0000000000e+00,1.6000000000e+01
480,0.0000000000e+00,0.0000000000e+00,5.0000000000e+00
481,0.0000000000e+00,0.0000000000e+00,8.0000000000e+00
482,0.0000000000e+00,0.0000000000e+00,9.0000000000e+00
483,0.0000000000e+00,0.0000000000e+00,6.0000000000e+00
484,0.0000000000e+00,0.0000000000e+00,2.0000000000e+00
485,0.0000000000e+00,0.0000000000e+00,1.2000000000e+01
486,0.0000000000e+00,0.0000000000e+00,1.3000000000e+01
487,0.0000000000e+00,0.0000000000e+00,6.0000000000e+00
488,0.0000000000e+00,0.0000000000e+00,9.0000000000e+00
489,0.0000000000e+00,0.0000000000e+00,1.6000000000e+01
490,0.0000000000e+00,0.0000000000e+00,1.1000000000e+01
491,0.0000000000e+00,0.0000000000e+00,9.0000000000e+00
492,0.0000000000e+00,0.0000000000e+00,1.4000000000e+01
493,0.0000000000e+00,0.0000000000e+00,1.0000000000e+01
494,0.0000000000e+00,0.0000000000e+00,1.2000000000e+01
495,0.0000000000e+00,0.0000000000e+00,9.0000000000e+00
496,0.0000000000e+00,0.0000000000e+00,6.0000000000e+00
497,0.0000000000e+00,0.0000000000e+00,1.2000000000e+01
498,0.0000000000e+00,0.0000000000e+00,8.0000000000e+00
499,0.0000000000e+00,0.0000000000e+00,1.0000000000e+01
500,0.0000000000e+00,0.0000000000e+00,1.2000000000e+01
501,0.0000000000e+00,0.0000000000e+00,1.3000000000e+01
502,0.0000000000e+00,0.0000000000e+00,4.0000000000e+00
503,0.0000000000e+00,0.0000000000e+00,1.4000000000e+01
504,0.0000000000e+00,0.0000000000e+00,9.0000000000e+00
505,0.0000000000e+00,0.0000000000e+00,1.0000000000e+01
506,0.0000000000e+00,0.0000000000e+00,9.0000000000e+00
507,0.0000000000e+00,0.0000000000e+00,8.0000000000e+00
508,0.0000000000e+00,0.0000000000e+00,1.1000000000e+01
509,0.0000000000e+00,0.0000000000e+00,8.0000000000e+00
510,0.0000000000e+00,0.0000000000e+00,1.2000000000e+01
511,0.0000000000e+00,0.0000000000e+00,1.9000000000e+01
512,0.0000000000e+00,0.0000000000e+00,1.4000000000e+01
513,0.0000000000e+00,0.0000000000e+00,1.3000000000e+01
514,0.0000000000e+00,0.0000000000e+00,1.4000000000e+01
515,0.0000000000e+00,0.0000000000e+00,1.7000000000e+01
516,0.0000000000e+00,0.0000000000e+00,1.0000000000e+01
517,0.0000000000e+00,0.0000000000e+00,1.3000000000e+01
518,0.0000000000e+00,0.0000000000e+00,7.0000000000e+00
519,0.0000000000e+00,0.0000000000e+00,9.0000000000e+00
520,0.0000000000e+00,0.0000000000e+00,9.0000000000e+00
521,0.0000000000e+00,0.0000000000e+00,1.4000000000e+01
522,0.0000000000e+00,0.0000000000e+00,9.0000000000e+00
523,0.0000000000e+00,0.0000000000e+00,1.0000000000e+01
524,0.0000000000e+00,0.0000000000e+00,1.3000000000e+01
525,0.0000000000e+00,0.0000000000e+00,1.1000000000e+01
526,0.0000000000e+00,0.0000000000e+00,4.0000000000e+00
527,0.0000000000e+00,0.0000000000e+00,1.6000000000e+01
528,0.0000000000e+00,0.0000000000e+00,1.0000000000e+01
529,0.0000000000e+00,0.0000000000e+00,1.1000000000e+01
530,0.0000000000e+00,0.0000000000e+00,1.4000000000e+01
531,0.0000000000e+00,0.0000000000e+00,1.2000000000e+01
532,0.0000000000e+00,0.0000000000e+00,1.4000000000e+01
533,0.0000000000e+00,0.0000000000e+00,1.5000000000e+01
534,0.0000000000e+00,0.0000000000e+00,1.4000000000e+01
535,0.0000000000e+00,0.0000000000e+00,2.0000000000e+00
536,0.0000000000e+00,0.0000000000e+00,6.0000000000e+00
537,0.0000000000e+00,0.0000000000e+00,1.6000000000e+01
538,0.0000000000e+00,0.0000000000e+00,1.4000000000e+01
539,0.0000000000e+00,0.0000000000e+00,1.2000000000e+01
540,0.0000000000e+00,0.0000000000e+00,1.3000000000e+01
541,0.0000000000e+00,0.0000000000e+00,9.0000000000e+00
542,0.0000000000e+00,0.0000000000e+00,1.3000000000e+01
543,0.0000000000e+00,0.0000000000e+00,1.4000000000e+01
544,0.0000000000e+00,0.0000000000e+00,7.0000000000e+00
545,0.0000000000e+00,0.0000000000e+00,1.0000000000e+01
546,0.0000000000e+00,0.0000000000e+00,2.1000000000e+01
547,0.0000000000e+00,0.0000000000e+00,8.0000000000e+00
548,0.0000000000e+00,0.0000000000e+00,7.0000000000e+00
549,0.0000000000e+00,0.0000000000e+00,1.4000000000e+01
550,0.0000000000e+00,0.0000000000e+00,1.2000000000e+01
551,0.0000000000e+00,0.0000000000e+00,8.0000000000e+00
552,0.0000000000e+00,0.0000000000e+00,1.4000000000e+01
553,0.0000000000e+00,0.0000000000e+00,3.0000000000e+00
554,0.0000000000e+00,0.0000000000e+00,1.5000000000e+01
555,0.0000000000e+00,0.0000000000e+00,8.0000000000e+00
556,0.0000000000e+00,0.0000000000e+00,1.1000000000e+01
557,0.0000000000e+00,0.0000000000e+00,6.0000000000e+00
558,0.0000000000e+00,0.0000000000e+00,1.0000000000e+01
559,0.0000000000e+00,0.0000000000e+00,1.4000000000e+01
560,0.0000000000e+00,0.0000000000e+00,1.0000000000e+01
561,0.0000000000e+00,0.0000000000e+00,1.0000000000e+01
562,0.0000000000e+00,0.0000000000e+00,1.0000000000e+01
563,0.0000000000e+00,0.0000000000e+00,1.2000000000e+01
564,0.0000000000e+00,0.0000000000e+00,1.3000000000e+01
565,0.0000000000e+00,0.0000000000e+00,1.1000000000e+01
566,0.0000000000e+00,0.0000000000e+00,7.0000000000e+00
567,0.0000000000e+00,0.0000000000e+00,1.2000000000e+01
568,0.0000000000e+00,0.0000000000e+00,1.3000000000e+01
569,0.0000000000e+00,0.0000000000e+00,7.0000000000e+00
570,0.0000000000e+00,0.0000000000e+00,1.0000000000e+01
571,0.0000000000e+00,0.0000000000e+00,8.0000000000e+00
572,0.0000000000e+00,0.0000000000e+00,7.0000000000e+00
573,0.0000000000e+00,0.0000000000e+00,6.0000000000e+00
574,0.0000000000e+00,0.0000000000e+00,7.0000000000e+00
575,0.0000000000e+00,0.0000000000e+00,1.0000000000e+01
576,0.0000000000e+00,0.0000000000e+00,1.5000000000e+01
577,0.0000000000e+00,0.0000000000e+00,7.0000000000e+00
578,0.0000000000e+00,0.0000000000e+00,1.2000000000e+01
579,0.0000000000e+00,0.0000000000e+00,9.0000000000e+00
580,0.0000000000e+00,0.0000000000e+00,1.5000000000e+01
581,0.0000000000e+00,0.0000000000e+00,1.2000000000e+01
582,0.0000000000e+00,0.0000000000e+00,1.2000000000e+01
583,0.0000000000e+00,0.0000000000e+00,1.0000000000e+01
584,0.0000000000e+00,0.0000000000e+00,1.5000000000e+01
585,0.0000000000e+00,0.0000000000e+00,1.2000000000e+01
586,0.0000000000e+00,0.0000000000e+00,8.0000000000e+00
587,0.0000000000e+00,0.0000000000e+00,9.0000000000e+00
588,0.0000000000e+00,0.0000000000e+00,7.0000000000e+00
589,0.0000000000e+00,0.0000000000e+00,9.0000000000e+00
590,0.0000000000e+00,0.0000000000e+00,1.1000000000e+01
591,0.0000000000e+00,0.0000000000e+00,1.2000000000e+01
592,0.0000000000e+00,0.0000000000e+00,9.0000000000e+00
593,0.0000000000e+00,0.0000000000e+00,1.3000000000e+01
594,0.0000000000e+00,0.0000000000e+00,1.1000000000e+01
595,0.0000000000e+00,0.0000000000e+00,1.1000000000e+01
596,0.0000000000e+00,0.0000000000e+00,3.0000000000e+00
597,0.0000000000e+00,0.0000000000e+00,1.3000000000e+01
598,0.0000000000e+00,0.0000000000e+00,7.0000000000e+00
599,0.0000000000e+00,0.0000000000e+00,1.3000000000e+01
600,0.0000000000e+00,0.0000000000e+00,1.0000000000e+01
601,0.0000000000e+00,0.0000000000e+00,1.3000000000e+01
602,0.0000000000e+00,0.0000000000e+00,1.6000000000e+01
603,0.0000000000e+00,0.0000000000e+00,6.0000000000e+00
604,0.0000000000e+00,0.0000000000e+00,1.2000000000e+01
605,0.0000000000e+00,0.0000000000e+00,9.0000000000e+00
606,0.0000000000e+00,0.0000000000e+00,1.3000000000e+01
607,0.0000000000e+00,0.0000000000e+00,1.3000000000e+01
608,0.0000000000e+00,0.0000000000e+00,6.0000000000e+00
609,0.0000000000e+00,0.0000000000e+00,1.5000000000e+01
610,0.0000000000e+00,0.0000000000e+00,1.2000000000e+01
611,0.0000000000e+00,0.0000000000e+00,8.0000000000e+00
612,0.0000000000e+00,0.0000000000e+00,1.0000000000e+01
613,0.0000000000e+00,0.0000000000e+00,9.0000000000e+00
614,0.0000000000e+00,0.0000000000e+00,1.0000000000e+01
615,0.0000000000e+00,0.0000000000e+00,5.0000000000e+00
616,0.0000000000e+00,0.0000000000e+00,8.0000000000e+00
617,0.0000000000e+00,0.0000000000e+00,1.0000000000e+01
618,0.0000000000e+00,0.0000000000e+00,7.0000000000e+00
619,0.0000000000e+00,0.0000000000e+00,9.0000000000e+00
620,0.0000000000e+00,0.0000000000e+00,1.0000000000e+01
621,0.0000000000e+00,0.0000000000e+00,1.1000000000e+01
622,0.0000000000e+00,0.0000000000e+00,6.0000000000e+00
623,0.0000000000e+00,0.0000000000e+00,1.0000000000e+01
624,0.0000000000e+00,0.0000000000e+00,1.3000000000e+01
625,0.0000000000e+00,0.0000000000e+00,8.0000000000e+00
626,0.0000000000e+00,0.0000000000e+00,7.0000000000e+00
627,0.0000000000e+00,0.0000000000e+00,8.0000000000e+00
628,0.0000000000e+00,0.0000000000e+00,8.0000000000e+00
629,0.0000000000e+00,0.0000000000e+00,9.0000000000e+00
630,0.0000000000e+00,0.0000000000e+00,8.0000000000e+00
631,0.0000000000e+00,0.0000000000e+00,1.4000000000e+01
632,0.0000000000e+00,0.0000000000e+00,1.1000000000e+01
633,0.0000000000e+00,0.0000000000e+00,1.9000000000e+01
634,0.0000000000e+00,0.0000000000e+00,6.0000000000e+00
635,0.0000000000e+00,0.0000000000e+00,1.5000000000e+01
636,0.0000000000e+00,0.0000000000e+00,1.2000000000e+01
637,0.0000000000e+00,0.0000000000e+00,7.0000000000e+00
638,0.0000000000e+00,0.0000000000e+00,1.2000000000e+01
639,0.0000000000e+00,0.0000000000e+00,1.3000000000e+01
640,0.0000000000e+00,0.0000000000e+00,1.2000000000e+01
641,0.0000000000e+00,0.0000000000e+00,8.0000000000e+00
642,0.0000000000e+00,0.0000000000e+00,8.0000000000e+00
643,0.0000000000e+00,0.0000000000e+00,1.3000000000e+01
644,0.0000000000e+00,0.0000000000e+00,1.1000000000e+01
645,0.0000000000e+00,0.0000000000e+00,1.5000000000e+01
646,0.0000000000e+00,0.0000000000e+00,1.0000000000e+01
647,0.0000000000e+00,0.0000000000e+00,1.0000000000e+01
648,0.0000000000e+00,0.0000000000e+00,8.0000000000e+00
649,0.0000000000e+00,0.0000000000e+00,7.0000000000e+00
650,0.0000000000e+00,0.0000000000e+00,7.0000000000e+00
651,0.0000000000e+00,0.0000000000e+00,1.1000000000e+01
652,0.0000000000e+00,0.0000000000e+00,1.1000000000e+01
653,0.0000000000e+00,0.0000000000e+00,1.0000000000e+01
654,0.0000000000e+00,0.0000000000e+00,7.0000000000e+00
655,0.0000000000e+00,0.0000000000e+00,1.0000000000e+01
656,0.0000000000e+00,0.0000000000e+00,6.0000000000e+00
657,0.0000000000e+00,0.0000000000e+00,9.0000000000e+00
658,0.0000000000e+00,0.0000000000e+00,1.2000000000e+01
659,0.0000000000e+00,0.0000000000e+00,1.5000000000e+01
660,0.0000000000e+00,0.0000000000e+00,1.1000000000e+01
661,0.0000000000e+00,0.0000000000e+00,1.2000000000e+01
662,0.0000000000e+00,0.0000000000e+00,1.2000000000e+01
663,0.0000000000e+00,0.0000000000e+00,1.0000000000e+01
664,0.0000000000e+00,0.0000000000e+00,1.4000000000e+01
665,0.0000000000e+00,0.0000000000e+00,2.0000000000e+01
666,0.0000000000e+00,0.0000000000e+00,1.2000000000e+01
667,0.0000000000e+00,0.0000000000e+00,9.0000000000e+00
668,0.0000000000e+00,0.0000000000e+00,7.0000000000e+00
669,0.0000000000e+00,0.0000000000e+00,7.0000000000e+00
670,0.0000000000e+00,0.0000000000e+00,6.0000000000e+00
671,0.0000000000e+00,0.0000000000e+00,7.0000000000e+00
672,0.0000000000e+00,0.0000000000e+00,1.3000000000e+01
673,0.0000000000e+00,0.0000000000e+00,1.6000000000e+01
674,0.0000000000e+00,0.0000000000e+00,1.1000000000e+01
675,0.0000000000e+00,0.0000000000e+00,5.0000000000e+00
676,0.0000000000e+00,0.0000000000e+00,1.0000000000e+01
677,0.0000000000e+00,0.0000000000e+00,1.2000000000e+01
678,0.0000000000e+00,0.0000000000e+00,1.6000000000e+01
679,0.0000000000e+00,0.0000000000e+00,1.0000000000e+01
680,0.0000000000e+00,0.0000000000e+00,5.0000000000e+00
681,0.0000000000e+00,0.0000000000e+00,1.2000000000e+01
682,0.0000000000e+00,0.0000000000e+00,8.0000000000e+00
683,0.0000000000e+00,0.0000000000e+00,6.0000000000e+00
684,0.0000000000e+00,0.0000000000e+00,1.1000000000e+01
685,0.0000000000e+00,0.0000000000e+00,8.0000000000e+00
686,0.0000000000e+00,0.0000000000e+00,8.0000000000e+00
687,0.0000000000e+00,0.0000000000e+00,1.5000000000e+01
688,0.0000000000e+00,0.0000000000e+00,1.4000000000e+01
689,0.0000000000e+00,0.0000000000e+00,9.0000000000e+00
690,0.0000000000e+00,0.0000000000e+00,1.0000000000e+01
691,0.0000000000e+00,0.0000000000e+00,9.0000000000e+00
692,0.0000000000e+00,0.0000000000e+00,1.0000000000e+01
693,0.0000000000e+00,0.0000000000e+00,1.3000000000e+01
694,0.0000000000e+00,0.0000000000e+00,1.0000000000e+01
695,0.0000000000e+00,0.0000000000e+00,1.5000000000e+01
696,0.0000000000e+00,0.0000000000e+00,1.3000000000e+01
697,0.0000000000e+00,0.0000000000e+00,1.5000000000e+01
698,0.0000000000e+00,0.0000000000e+00,6.0000000000e+00
699,0.0000000000e+00,0.0000000000e+00,1.5000000000e+01
700,0.0000000000e+00,0.0000000000e+00,5.0000000000e+00
701,0.0000000000e+00,0.0000000000e+00,6.0000000000e+00
702,0.0000000000e+00,0.0000000000e+00,9.0000000000e+00
703,0.0000000000e+00,0.0000000000e+00,7.0000000000e+00
704,0.0000000000e+00,0.0000000000e+00,6.0000000000e+00
705,0.0000000000e+00,0.0000000000e+00,9.0000000000e+00
706,0.0000000000e+00,0.0000000000e+00,1.1000000000e+01
707,0.0000000000e+00,0.0000000000e+00,1.1000000000e+01
708,0.0000000000e+00,0.0000000000e+00,8.0000000000e+00
709,0.0000000000e+00,0.0000000000e+00,1.3000000000e+01
710,0.0000000000e+00,0.0000000000e+00,1.2000000000e+01
711,0.0000000000e+00,0.0000000000e+00,9.0000000000e+00
712,0.0000000000e+00,0.0000000000e+00,1.3000000000e+01
713,0.0000000000e+00,0.0000000000e+00,1.3000000000e+01
714,0.0000000000e+00,0.0000000000e+00,6.0000000000e+00
715,0.0000000000e+00,0.0000000000e+00,1.8000000000e+01
716,0.0000000000e+00,0.0000000000e+00,1.2000000000e+01
717,0.0000000000e+00,0.0000000000e+00,8.0000000000e+00
718,0.0000000000e+00,0.0000000000e+00,9.0000000000e+00
719,0.0000000000e+00,0.0000000000e+00,1.2000000000e+01
720,0.0000000000e+00,0.0000000000e+00,8.0000000000e+00
721,0.0000000000e+00,0.0000000000e+00,1.3000000000e+01
722,0.0000000000e+00,0.0000000000e+00,1.1000000000e+01
723,0.0000000000e+00,0.0000000000e+00,8.0000000000e+00
724,0.0000000000e+00,0.0000000000e+00,1.1000000000e+01
725,0.0000000000e+00,0.0000000000e+00,1.6000000000e+01
726,0.0000000000e+00,0.0000000000e+00,1.2000000000e+01
727,0.0000000000e+00,0.0000000000e+00,1.5000000000e+01
728,0.0000000000e+00,0.0000000000e+00,1.1000000000e+01
729,0.0000000000e+00,0.0000000000e+00,1.2000000000e+01
730,0.0000000000e+00,0.0000000000e+00,1.3000000000e+01
731,0.0000000000e+00,0.0000000000e+00,1.1000000000e+01
732,0.0000000000e+00,0.0000000000e+00,1.0000000000e+01
733,0.0000000000e+00,0.0000000000e+00,7.0000000000e+00
734,0.0000000000e+00,0.0000000000e+00,1.0000000000e+01
735,0.0000000000e+00,0.0000000000e+00,1.3000000000e+01
736,0.0000000000e+00,0.0000000000e+00,9.0000000000e+00
737,0.0000000000e+00,0.0000000000e+00,1.1000000000e+01
738,0.0000000000e+00,0.0000000000e+00,5.0000000000e+00
739,0.0000000000e+00,0.0000000000e+00,1.0000000000e+01
740,0.0000000000e+00,0.0000000000e+00,1.2000000000e+01
741,0.0000000000e+00,0.0000000000e+00,1.0000000000e+01
742,0.0000000000e+00,0.0000000000e+00,8.0000000000e+00
743,0.0000000000e+00,0.0000000000e+00,1.2000000000e+01
744,0.0000000000e+00,0.0000000000e+00,9.0000000000e+00
745,0.0000000000e+00,0.0000000000e+00,1.5000000000e+01
746,0.0000000000e+00,0.0000000000e+00,7.0000000000e+00
747,0.0000000000e+00,0.0000000000e+00,1.2000000000e+01
748,0.0000000000e+00,0.0000000000e+00,1.4000000000e+01
749,0.0000000000e+00,0.0000000000e+00,9.0000000000e+00
750,0.0000000000e+00,0.0000000000e+00,1.2000000000e+01
751,0.0000000000e+00,0.0000000000e+00,1.2000000000e+01
752,0.0000000000e+00,0.0000000000e+00,9.0000000000e+00
753,0.0000000000e+00,0.0000000000e+00,1.1000000000e+01
754,0.0000000000e+00,0.0000000000e+00,9.0000000000e+00
755,0.0000000000e+00,0.0000000000e+00,1.2000000000e+01
756,0.0000000000e+00,0.0000000000e+00,1.4000000000e+01
757,0.0000000000e+00,0.0000000000e+00,9.0000000000e+00
758,0.0000000000e+00,0.0000000000e+00,1.5000000000e+01
759,0.0000000000e+00,0.0000000000e+00,1.8000000000e+01
760,0.0000000000e+00,0.0000000000e+00,3.0000000000e+00
761,0.0000000000e+00,0.0000000000e+00,9.0000000000e+00
762,0.0000000000e+00,0.0000000000e+00,9.0000000000e+00
763,0.0000000000e+00,0.0000000000e+00,8.0000000000e+00
764,0.0000000000e+00,0.0000000000e+00,9.0000000000e+00
765,0.0000000000e+00,0.0000000000e+00,9.0000000000e+00
766,0.0000000000e+00,0.0000000000e+00,1.3000000000e+01
767,0.0000000000e+00,0.0000000000e+00,1.0000000000e+01
768,0.0000000000e+00,0.0000000000e+00,9.0000000000e+00
769,0.0000000000e+00,0.0000000000e+00,1.1000000000e+01
770,0.0000000000e+00,0.0000000000e+00,1.4000000000e+01
771,0.0000000000e+00,0.0000000000e+00,1.2000000000e+01
772,0.0000000000e+00,0.0000000000e+00,1.4000000000e+01
773,0.0000000000e+00,0.0000000000e+00,1.2000000000e+01
774,0.0000000000e+00,0.0000000000e+00,1.7000000000e+01
775,0.0000000000e+00,0.0000000000e+00,7.0000000000e+00
776,0.0000000000e+00,0.0000000000e+00,1.0000000000e+01
777,0.0000000000e+00,0.0000000000e+00,8.0000000000e+00
778,0.0000000000e+00,0.0000000000e+00,1.1000000000e+01
779,0.0000000000e+00,0.0000000000e+00,1.3000000000e+01
780,0.0000000000e+00,0.0000000000e+00,1.3000000000e+01
781,0.0000000000e+00,0.0000000000e+00,1.2000000000e+01
782,0.0000000000e+00,0.0000000000e+00,5.0000000000e+00
783,0.0000000000e+00,0.0000000000e+00,1.2000000000e+01
784,0.0000000000e+00,0.0000000000e+00,2.2000000000e+01
785,0.0000000000e+00,0.0000000000e+00,7.0000000000e+00
786,0.0000000000e+00,0.0000000000e+00,1.0000000000e+01
787,0.0000000000e+00,0.0000000000e+00,5.0000000000e+00
788,0.0000000000e+00,0.0000000000e+00,1.4000000000e+01
789,0.0000000000e+00,0.0000000000e+00,9.0000000000e+00
790,0.0000000000e+00,0.0000000000e+00,6.0000000000e+00
791,0.0000000000e+00,0.0000000000e+00,1.1000000000e+01
792,0.0000000000e+00,0.0000000000e+00,1.7000000000e+01
793,0.0000000000e+00,0.0000000000e+00,6.0000000000e+00
794,0.0000000000e+00,0.0000000000e+00,1.0000000000e+01
795,0.0000000000e+00,0.0000000000e+00,9.0000000000e+00
796,0.0000000000e+00,0.0000000000e+00,8.0000000000e+00
797,0.0000000000e+00,0.0000000000e+00,1.1000000000e+01
798,0.0000000000e+00,0.0000000000e+00,1.0000000000e+01
799,0.0000000000e+00,0.0000000000e+00,9.0000000000e+00
800,0.0000000000e+00,0.0000000000e+00,1.2000000000e+01
801,0.0000000000e+00,0.0000000000e+00,2.0000000000e+01
802,0.0000000000e+00,0.0000000000e+00,1.4000000000e+01
803,0.0000000000e+00,0.0000000000e+00,8.0000000000e+00
804,0.0000000000e+00,0.0000000000e+00,8.0000000000e+00
805,0.0000000000e+00,0.0000000000e+00,1.5000000000e+01
806,0.0000000000e+00,0.0000000000e+00,1.3000000000e+01
807,0.0000000000e+00,0.0000000000e+00,6.0000000000e+00
808,0.0000000000e+00,0.0000000000e+00,1.1000000000e+01
809,0.0000000000e+00,0.0000000000e+00,1.1000000000e+01
810,0.0000000000e+00,0.0000000000e+00,7.0000000000e+00
811,0.0000000000e+00,0.0000000000e+00,8.0000000000e+00
812,0.0000000000e+00,0.0000000000e+00,8.0000000000e+00
813,0.0000000000e+00,0.0000000000e+00,1.0000000000e+01
814,0.0000000000e+00,0.0000000000e+00,1.0000000000e+01
815,0.0000000000e+00,0.0000000000e+00,7.0000000000e+00
816,0.0000000000e+00,0.0000000000e+00,1.1000000000e+01
817,0.0000000000e+00,0.0000000000e+00,1.5000000000e+01
818,0.0000000000e+00,0.0000000000e+00,1.3000000000e+01
819,0.0000000000e+00,0.0000000000e+00,1.1000000000e+01
820,0.0000000000e+00,0.0000000000e+00,1.1000000000e+01
821,0.0000000000e+00,0.0000000000e+00,1.1000000000e+01
822,0.0000000000e+00,0.0000000000e+00,1.5000000000e+01
823,0.0000000000e+00,0.0000000000e+00,1.0000000000e+01
824,0.0000000000e+00,0.0000000000e+00,1.4000000000e+01
825,0.0000000000e+00,0.0000000000e+00,1.0000000000e+01
826,0.0000000000e+00,0.0000000000e+00,1.0000000000e+01
827,0.0000000000e+00,0.0000000000e+00,1.7000000000e+01
828,0.0000000000e+00,0.0000000000e+00,9.0000000000e+00
829,0.0000000000e+00,0.0000000000e+00,1.7000000000e+01
830,0.0000000000e+00,0.0000000000e+00,8.0000000000e+00
831,0.0000000000e+00,0.0000000000e+00,1.1000000000e+01
832,0.0000000000e+00,0.0000000000e+00,1.2000000000e+01
833,0.0000000000e+00,0.0000000000e+00,1.0000000000e+01
834,0.0000000000e+00,0.0000000000e+00,1.4000000000e+01
835,0.0000000000e+00,0.0000000000e+00,8.0000000000e+00
836,0.0000000000e+00,0.0000000000e+00,1.3000000000e+01
837,0.0000000000e+00,0.0000000000e+00,8.0000000000e+00
838,0.0000000000e+00,0.0000000000e+00,1.0000000000e+01
839,0.0000000000e+00,0.0000000000e+00,8.0000000000e+00
840,0.0000000000e+00,0.0000000000e+00,1.5000000000e+01
841,0.0000000000e+00,0.0000000000e+00,8.0000000000e+00
842,0.0000000000e+00,0.0000000000e+00,1.7000000000e+01
843,0.0000000000e+00,0.0000000000e+00,1.0000000000e+01
844,0.0000000000e+00,0.0000000000e+00,9.0000000000e+00
845,0.0000000000e+00,0.0000000000e+00,1.0000000000e+01
846,0.0000000000e+00,0.0000000000e+00,1.6000000000e+01
847,0.0000000000e+00,0.0000000000e+00,2.0000000000e+01
848,0.0000000000e+00,0.0000000000e+00,1.3000000000e+01
849,0.0000000000e+00,0.0000000000e+00,1.3000000000e+01
850,0.0000000000e+00,0.0000000000e+00,1.8000000000e+01
851,0.0000000000e+00,0.0000000000e+00,1.6000000000e+01
852,0.0000000000e+00,0.0000000000e+00,9.0000000000e+00
853,0.0000000000e+00,0.0000000000e+00,2.0000000000e+01
854,0.0000000000e+00,0.0000000000e+00,1.3000000000e+01
855,0.0000000000e+00,0.0000000000e+00,1.7000000000e+01
856,0.0000000000e+00,0.0000000000e+00,1.4000000000e+01
857,0.0000000000e+00,0.0000000000e+00,1.7000000000e+01
858,0.0000000000e+00,0.0000000000e+00,1.6000000000e+01
859,0.0000000000e+00,0.0000000000e+00,2.5000000000e+01
860,0.0000000000e+00,0.0000000000e+00,2.5000000000e+01
861,0.0000000000e+00,0.0000000000e+00,2.6000000000e+01
862,0.0000000000e+00,0.0000000000e+00,1.9000000000e+01
863,0.0000000000e+00,0.0000000000e+00,2.2000000000e+01
864,0.0000000000e+00,0.0000000000e+00,2.4000000000e+01
865,0.0000000000e+00,0.0000000000e+00,2.5000000000e+01
866,0.0000000000e+00,0.0000000000e+00,1.4000000000e+01
867,0.0000000000e+00,0.0000000000e+00,2.4000000000e+01
868,0.0000000000e+00,0.0000000000e+00,1.8000000000e+01
869,0.0000000000e+00,0.0000000000e+00,2.0000000000e+01
870,0.0000000000e+00,0.0000000000e+00,2.0000000000e+01
871,0.0000000000e+00,0.0000000000e+00,2.4000000000e+01
872,0.0000000000e+00,0.0000000000e+00,1.7000000000e+01
873,0.0000000000e+00,0.0000000000e+00,2.3000000000e+01
874,0.0000000000e+00,0.0000000000e+00,2.2000000000e+01
875,0.0000000000e+00,0.0000000000e+00,2.5000000000e+01
876,0.0000000000e+00,0.0000000000e+00,2.4000000000e+01
877,0.0000000000e+00,0.0000000000e+00,1.9000000000e+01
878,0.0000000000e+00,0.0000000000e+00,2.2000000000e+01
879,0.0000000000e+00,0.0000000000e+00,1.9000000000e+01
880,0.0000000000e+00,0.0000000000e+00,1.8000000000e+01
881,0.0000000000e+00,0.0000000000e+00,2.1000000000e+01
882,0.0000000000e+00,0.0000000000e+00,1.7000000000e+01
883,0.0000000000e+00,0.0000000000e+00,1.8000000000e+01
884,0.0000000000e+00,0.0000000000e+00,1.8000000000e+01
885,0.0000000000e+00,0.0000000000e+00,1.5000000000e+01
886,0.0000000000e+00,0.0000000000e+00,2.3000000000e+01
887,0.0000000000e+00,0.0000000000e+00,2.1000000000e+01
888,0.0000000000e+00,0.0000000000e+00,2.5000000000e+01
889,0.0000000000e+00,0.0000000000e+00,2.5000000000e+01
890,0.0000000000e+00,0.0000000000e+00,2.5000000000e+01
891,0.0000000000e+00,0.0000000000e+00,2.4000000000e+01
892,0.0000000000e+00,0.0000000000e+00,1.8000000000e+01
893,0.0000000000e+00,0.0000000000e+00,1.2000000000e+01
894,0.0000000000e+00,0.0000000000e+00,1.8000000000e+01
895,0.0000000000e+00,0.0000000000e+00,1.2000000000e+01
896,0.0000000000e+00,0.0000000000e+00,1.3000000000e+01
897,0.0000000000e+00,0.0000000000e+00,1.2000000000e+01
898,0.0000000000e+00,0.0000000000e+00,1.1000000000e+01
899,0.0000000000e+00,0.0000000000e+00,1.4000000000e+01
900,0.0000000000e+00,0.0000000000e+00,1.7000000000e+01
901,0.0000000000e+00,0.0000000000e+00,1.4000000000e+01
902,0.0000000000e+00,0.0000000000e+00,1.0000000000e+01
903,0.0000000000e+00,0.0000000000e+00,1.8000000000e+01
904,0.0000000000e+00,0.0000000000e+00,7.0000000000e+00
905,0.0000000000e+00,0.0000000000e+00,1.4000000000e+01
906,0.0000000000e+00,0.0000000000e+00,9.0000000000e+00
907,0.0000000000e+00,0.0000000000e+00,1.2000000000e+01
908,0.0000000000e+00,0.0000000000e+00,1.9000000000e+01
909,0.0000000000e+00,0.0000000000e+00,1.2000000000e+01
910,0.0000000000e+00,0.0000000000e+00,1.1000000000e+01
911,0.0000000000e+00,0.0000000000e+00,9.0000000000e+00
912,0.0000000000e+00,0.0000000000e+00,8.0000000000e+00
913,0.0000000000e+00,0.0000000000e+00,1.3000000000e+01
914,0.0000000000e+00,0.0000000000e+00,8.0000000000e+00
915,0.0000000000e+00,0.0000000000e+00,1.4000000000e+01
916,0.0000000000e+00,0.0000000000e+00,1.0000000000e+01
917,0.0000000000e+00,0.0000000000e+00,1.1000000000e+01
918,0.0000000000e+00,0.0000000000e+00,1.1000000000e+01
919,0.0000000000e+00,0.0000000000e+00,1.3000000000e+01
920,0.0000000000e+00,0.0000000000e+00,1.2000000000e+01
921,0.0000000000e+00,0.0000000000e+00,1.3000000000e+01
922,0.0000000000e+00,0.0000000000e+00,1.3000000000e+01
923,0.0000000000e+00,0.0000000000e+00,1.8000000000e+01
924,0.0000000000e+00,0.0000000000e+00,1.6000000000e+01
925,0.0000000000e+00,0.0000000000e+00,9.0000000000e+00
926,0.0000000000e+00,0.0000000000e+00,1.6000000000e+01
927,0.0000000000e+00,0.0000000000e+00,1.9000000000e+01
928,0.0000000000e+00,0.0000000000e+00,1.8000000000e+01
929,0.0000000000e+00,0.0000000000e+00,6.0000000000e+00
930,0.0000000000e+00,0.0000000000e+00,7.0000000000e+00
931,0.0000000000e+00,0.0000000000e+00,1.7000000000e+01
932,0.0000000000e+00,0.0000000000e+00,8.0000000000e+00
933,0.0000000000e+00,0.0000000000e+00,1.2000000000e+01
934,0.0000000000e+00,0.0000000000e+00,1.3000000000e+01
935,0.0000000000e+00,0.0000000000e+00,1.5000000000e+01
936,0.0000000000e+00,0.0000000000e+00,1.6000000000e+01
937,0.0000000000e+00,0.0000000000e+00,9.0000000000e+00
938,0.0000000000e+00,0.0000000000e+00,1.2000000000e+01
939,0.0000000000e+00,0.0000000000e+00,8.0000000000e+00
940,0.0000000000e+00,0.0000000000e+00,1.4000000000e+01
941,0.0000000000e+00,0.0000000000e+00,1.6000000000e+01
942,0.0000000000e+00,0.0000000000e+00,1.5000000000e+01
943,0.0000000000e+00,0.0000000000e+00,9.0000000000e+00
944,0.0000000000e+00,0.0000000000e+00,1.1000000000e+01
945,0.0000000000e+00,0.0000000000e+00,9.0000000000e+00
946,0.0000000000e+00,0.0000000000e+00,1.2000000000e+01
947,0.0000000000e+00,0.0000000000e+00,9.0000000000e+00
948,0.0000000000e+00,0.0000000000e+00,2.4000000000e+01
949,0.0000000000e+00,0.0000000000e+00,1.1000000000e+01
950,0.0000000000e+00,0.0000000000e+00,1.5000000000e+01
951,0.0000000000e+00,0.0000000000e+00,7.0000000000e+00
952,0.0000000000e+00,0.0000000000e+00,6.0000000000e+00
953,0.0000000000e+00,0.0000000000e+00,1.2000000000e+01
954,0.0000000000e+00,0.0000000000e+00,1.3000000000e+01
955,0.0000000000e+00,0.0000000000e+00,1.5000000000e+01
956,0.0000000000e+00,0.0000000000e+00,9.0000000000e+00
957,0.0000000000e+00,0.0000000000e+00,1.4000000000e+01
958,0.0000000000e+00,0.0000000000e+00,8.0000000000e+00
959,0.0000000000e+00,0.0000000000e+00,2.0000000000e+01
960,0.0000000000e+00,0.0000000000e+00,9.0000000000e+00
961,0.0000000000e+00,0.0000000000e+00,1.1000000000e+01
962,0.0000000000e+00,0.0000000000e+00,1.2000000000e+01
963,0.0000000000e+00,0.0000000000e+00,1.3000000000e+01
964,0.0000000000e+00,0.0000000000e+00,1.2000000000e+01
965,0.0000000000e+00,0.0000000000e+00,9.0000000000e+00
966,0.0000000000e+00,0.0000000000e+00,7.0000000000e+00
967,0.0000000000e+00,0.0000000000e+00,6.0000000000e+00
968,0.0000000000e+00,0.0000000000e+00,1.6000000000e+01
969,0.0000000000e+00,0.0000000000e+00,1.2000000000e+01
970,0.0000000000e+00,0.0000000000e+00,1.2000000000e+01
971,0.0000000000e+00,0.0000000000e+00,8.0000000000e+00
972,0.0000000000e+00,0.0000000000e+00,1.3000000000e+01
973,0.0000000000e+00,0.0000000000e+00,1.1000000000e+01
974,0.0000000000e+00,0.0000000000e+00,1.2000000000e+01
975,0.0000000000e+00,0.0000000000e+00,1.2000000000e+01
976,0.0000000000e+00,0.0000000000e+00,9.0000000000e+00
977,0.0000000000e+00,0.0000000000e+00,9.0000000000e+00
978,0.0000000000e+00,0.0000000000e+00,1.6000000000e+01
979,0.0000000000e+00,0.0000000000e+00,1.8000000000e+01
980,0.0000000000e+00,0.0000000000e+00,9.0000000000e+00
981,0.0000000000e+00,0.0000000000e+00,1.3000000000e+01
982,0.0000000000e+00,0.0000000000e+00,8.0000000000e+00
983,0.0000000000e+00,0.0000000000e+00,2.4000000000e+01
984,0.0000000000e+00,0.0000000000e+00,1.0000000000e+01
985,0.0000000000e+00,0.0000000000e+00,8.0000000000e+00
986,0.0000000000e+00,0.0000000000e+00,1.4000000000e+01
987,0.0000000000e+00,0.0000000000e+00,1.2000000000e+01
988,0.0000000000e+00,0.0000000000e+00,1.1000000000e+01
989,0.0000000000e+00,0.0000000000e+00,1.2000000000e+01
990,0.0000000000e+00,0.0000000000e+00,8.0000000000e+00
991,0.0000000000e+00,0.0000000000e+00,1.3000000000e+01
992,0.0000000000e+00,0.0000000000e+00,9.0000000000e+00
993,0.0000000000e+00,0.0000000000e+00,1.5000000000e+01
994,0.0000000000e+00,0.0000000000e+00,1.5000000000e+01
995,0.0000000000e+00,0.0000000000e+00,9.0000000000e+00
996,0.0000000000e+00,0.0000000000e+00,9.0000000000e+00
997,0.0000000000e+00,0.0000000000e+00,1.3000000000e+01
998,0.0000000000e+00,0.0000000000e+00,1.0000000000e+01
999,0.0000000000e+00,0.0000000000e+00,1.0000000000e+01
1000,0.0000000000e+00,0.0000000000e+00,1.5000000000e+01
1001,0.0000000000e+00,0.0000000000e+00,1.4000000000e+01
1002,0.0000000000e+00,0.0000000000e+00,1.1000000000e+01
1003,0.0000000000e+00,0.0000000000e+00,9.0000000000e+00
1004,0.0000000000e+00,0.0000000000e+00,6.0000000000e+00
1005,0.0000000000e+00,0.0000000000e+00,7.0000000000e+00
1006,0.0000000000e+00,0.0000000000e+00,1.3000000000e+01
1007,0.0000000000e+00,0.0000000000e+00,1.1000000000e+01
1008,0.0000000000e+00,0.0000000000e+00,2.0000000000e+00
1009,0.0000000000e+00,0.0000000000e+00,7.0000000000e+00
1010,0.0000000000e+00,0.0000000000e+00,1.2000000000e+01
1011,0.0000000000e+00,0.0000000000e+00,1.5000000000e+01
1012,0.0000000000e+00,0.0000000000e+00,1.0000000000e+01
1013,0.0000000000e+00,0.0000000000e+00,1.0000000000e+01
1014,0.0000000000e+00,0.0000000000e+00,1.0000000000e+01
1015,0.0000000000e+00,0.0000000000e+00,1.0000000000e+01
1016,0.0000000000e+00,0.0000000000e+00,1.4000000000e+01
1017,0.0000000000e+00,0.0000000000e+00,1.0000000000e+01
1018,0.0000000000e+00,0.0000000000e+00,9.0000000000e+00
1019,0.0000000000e+00,0.0000000000e+00,8.0000000000e+00
1020,0.0000000000e+00,0.0000000000e+00,1.0000000000e+01
1021,0.0000000000e+00,0.0000000000e+00,8.0000000000e+00
1022,0.0000000000e+00,0.0000000000e+00,5.0000000000e+00
1023,0.0000000000e+00,0.0000000000e+00,9.0000000000e+00
1024,0.0000000000e+00,0.0000000000e+00,1.0000000000e+01
1025,0.0000000000e+00,0.0000000000e+00,1.0000000000e+01
1026,0.0000000000e+00,0.0000000000e+00,4.0000000000e+00
1027,0.0000000000e+00,0.0000000000e+00,1.4000000000e+01
1028,0.0000000000e+00,0.0000000000e+00,1.1000000000e+01
1029,0.0000000000e+00,0.0000000000e+00,1.4000000000e+01
1030,0.0000000000e+00,0.0000000000e+00,1.0000000000e+01
1031,0.0000000000e+00,0.0000000000e+00,1.3000000000e+01
1032,0.0000000000e+00,0.0000000000e+00,7.0000000000e+00
1033,0.0000000000e+00,0.0000000000e+00,9.0000000000e+00
1034,0.0000000000e+00,0.0000000000e+00,1.1000000000e+01
1035,0.0000000000e+00,0.0000000000e+00,1.1000000000e+01
1036,0.0000000000e+00,0.0000000000e+00,8.0000000000e+00
1037,0.0000000000e+00,0.0000000000e+00,5.0000000000e+00
1038,0.0000000000e+00,0.0000000000e+00,8.0000000000e+00
1039,0.0000000000e+00,0.0000000000e+00,7.0000000000e+00
1040,0.0000000000e+00,0.0000000000e+00,9.0000000000e+00
1041,0.0000000000e+00,0.0000000000e+00,1.3000000000e+01
1042,0.0000000000e+00,0.0000000000e+00,1.1000000000e+01
1043,0.0000000000e+00,0.0000000000e+00,5.0000000000e+00
1044,0.0000000000e+00,0.0000000000e+00,1.3000000000e+01
1045,0.0000000000e+00,0.0000000000e+00,1.4000000000e+01
1046,0.0000000000e+00,0.0000000000e+00,8.0000000000e+00
1047,0.0000000000e+00,0.0000000000e+00,1.3000000000e+01
1048,0.0000000000e+00,0.0000000000e+00,1.0000000000e+01
1049,0.0000000000e+00,0.0000000000e+00,1.3000000000e+01
1050,0.0000000000e+00,0.0000000000e+00,1.4000000000e+01
1051,0.0000000000e+00,0.0000000000e+00,1.9000000000e+01
1052,0.0000000000e+00,0.0000000000e+00,1.0000000000e+01
1053,0.0000000000e+00,0.0000000000e+00,1.4000000000e+01
1054,0.0000000000e+00,0.0000000000e+00,1.2000000000e+01
1055,0.0000000000e+00,0.0000000000e+00,8.0000000000e+00
1056,0.0000000000e+00,0.0000000000e+00,7.0000000000e+00
1057,0.0000000000e+00,0.0000000000e+00,1.3000000000e+01
1058,0.0000000000e+00,0.0000000000e+00,1.4000000000e+01
1059,0.0000000000e+00,0.0000000000e+00,1.5000000000e+01
1060,0.0000000000e+00,0.0000000000e+00,8.0000000000e+00
1061,0.0000000000e+00,0.0000000000e+00,9.0000000000e+00
1062,0.0000000000e+00,0.0000000000e+00,1.6000000000e+01
1063,0.0000000000e+00,0.0000000000e+00,9.0000000000e+00
1064,0.0000000000e+00,0.0000000000e+00,7.0000000000e+00
1065,0.0000000000e+00,0.0000000000e+00,7.0000000000e+00
1066,0.0000000000e+00,0.0000000000e+00,1.3000000000e+01
1067,0.0000000000e+00,0.0000000000e+00,9.0000000000e+00
1068,0.0000000000e+00,0.0000000000e+00,1.0000000000e+01
1069,0.0000000000e+00,0.0000000000e+00,1.3000000000e+01
1070,0.0000000000e+00,0.0000000000e+00,9.0000000000e+00
1071,0.0000000000e+00,0.0000000000e+00,7.0000000000e+00
1072,0.0000000000e+00,0.0000000000e+00,9.0000000000e+00
1073,0.0000000000e+00,0.0000000000e+00,9.0000000000e+00
1074,0.0000000000e+00,0.0000000000e+00,1.2000000000e+01
1075,0.0000000000e+00,0.0000000000e+00,1.1000000000e+01
1076,0.0000000000e+00,0.0000000000e+00,1.7000000000e+01
1077,0.0000000000e+00,0.0000000000e+00,1.3000000000e+01
1078,0.0000000000e+00,0.0000000000e+00,1.1000000000e+01
1079,0.0000000000e+00,0.0000000000e+00,1.6000000000e+01
1080,0.0000000000e+00,0.0000000000e+00,1.1000000000e+01
1081,0.0000000000e+00,0.0000000000e+00,1.6000000000e+01
1082,0.0000000000e+00,0.0000000000e+00,1.1000000000e+01
1083,0.0000000000e+00,0.0000000000e+00,1.2000000000e+01
1084,0.0000000000e+00,0.0000000000e+00,7.0000000000e+00
1085,0.0000000000e+00,0.0000000000e+00,8.0000000000e+00
1086,0.0000000000e+00,0.0000000000e+00,8.0000000000e+00
1087,0.0000000000e+00,0.0000000000e+00,8.0000000000e+00
1088,0.0000000000e+00,0.0000000000e+00,1.6000000000e+01
1089,0.0000000000e+00,0.0000000000e+00,1.7000000000e+01
1090,0.0000000000e+00,0.0000000000e+00,1.9000000000e+01
1091,0.0000000000e+00,0.0000000000e+00,7.0000000000e+00
1092,0.0000000000e+00,0.0000000000e+00,1.3000000000e+01
1093,0.0000000000e+00,0.0000000000e+00,1.2000000000e+01
1094,0.0000000000e+00,0.0000000000e+00,1.3000000000e+01
1095,0.0000000000e+00,0.0000000000e+00,1.1000000000e+01
1096,0.0000000000e+00,0.0000000000e+00,1.0000000000e+01
1097,0.0000000000e+00,0.0000000000e+00,1.4000000000e+01
1098,0.0000000000e+00,0.0000000000e+00,7.0000000000e+00
1099,0.0000000000e+00,0.0000000000e+00,1.3000000000e+01
1100,0.0000000000e+00,0.0000000000e+00,1.1000000000e+01
1101,0.0000000000e+00,0.0000000000e+00,1.1000000000e+01
1102,0.0000000000e+00,0.0000000000e+00,1.2000000000e+01
1103,0.0000000000e+00,0.0000000000e+00,1.6000000000e+01
1104,0.0000000000e+00,0.0000000000e+00,1.4000000000e+01
1105,0.0000000000e+00,0.0000000000e+00,1.0000000000e+01
1106,0.0000000000e+00,0.0000000000e+00,5.0000000000e+00
1107,0.0000000000e+00,0.0000000000e+00,1.2000000000e+01
1108,0.0000000000e+00,0.0000000000e+00,6.0000000000e+00
1109,0.0000000000e+00,0.0000000000e+00,1.3000000000e+01
1110,0.0000000000e+00,0.0000000000e+00,1.6000000000e+01
1111,0.0000000000e+00,0.0000000000e+00,1.2000000000e+01
1112,0.0000000000e+00,0.0000000000e+00,1.1000000000e+01
1113,0.0000000000e+00,0.0000000000e+00,1.2000000000e+01
1114,0.0000000000e+00,0.0000000000e+00,9.0000000000e+00
1115,0.0000000000e+00,0.0000000000e+00,1.4000000000e+01
1116,0.0000000000e+00,0.0000000000e+00,1.2000000000e+01
1117,0.0000000000e+00,0.0000000000e+00,7.0000000000e+00
1118,0.0000000000e+00,0.0000000000e+00,1.9000000000e+01
1119,0.0000000000e+00,0.0000000000e+00,7.0000000000e+00
1120,0.0000000000e+00,0.0000000000e+00,1.2000000000e+01
1121,0.0000000000e+00,0.0000000000e+00,1.1000000000e+01
1122,0.0000000000e+00,0.0000000000e+00,1.3000000000e+01
1123,0.0000000000e+00,0.0000000000e+00,1.5000000000e+01
1124,0.0000000000e+00,0.0000000000e+00,8.0000000000e+00
1125,0.0000000000e+00,0.0000000000e+00,1.3000000000e+01
1126,0.0000000000e+00,0.0000000000e+00,1.1000000000e+01
1127,0.0000000000e+00,0.0000000000e+00,1.9000000000e+01
1128,0.0000000000e+00,0.0000000000e+00,1.0000000000e+01
1129,0.0000000000e+00,0.0000000000e+00,1.3000000000e+01
1130,0.0000000000e+00,0.0000000000e+00,7.0000000000e+00
1131,0.0000000000e+00,0.0000000000e+00,7.0000000000e+00
1132,0.0000000000e+00,0.0000000000e+00,9.0000000000e+00
1133,0.0000000000e+00,0.0000000000e+00,1.8000000000e+01
1134,0.0000000000e+00,0.0000000000e+00,1.7000000000e+01
1135,0.0000000000e+00,0.0000000000e+00,1.5000000000e+01
1136,0.0000000000e+00,0.0000000000e+00,5.0000000000e+00
1137,0.0000000000e+00,0.0000000000e+00,9.0000000000e+00
1138,0.0000000000e+00,0.0000000000e+00,8.0000000000e+00
1139,0.0000000000e+00,0.0000000000e+00,6.0000000000e+00
1140,0.0000000000e+00,0.0000000000e+00,9.0000000000e+00
1141,0.0000000000e+00,0.0000000000e+00,9.0000000000e+00
1142,0.0000000000e+00,0.0000000000e+00,9.0000000000e+00
1143,0.0000000000e+00,0.0000000000e+00,8.0000000000e+00
1144,0.0000000000e+00,0.0000000000e+00,1.0000000000e+01
1145,0.0000000000e+00,0.0000000000e+00,1.5000000000e+01
1146,0.0000000000e+00,0.0000000000e+00,1.5000000000e+01
1147,0.0000000000e+00,0.0000000000e+00,1.3000000000e+01
1148,0.0000000000e+00,0.0000000000e+00,1.0000000000e+01
1149,0.0000000000e+00,0.0000000000e+00,1.3000000000e+01
1150,0.0000000000e+00,0.0000000000e+00,1.2000000000e+01
1151,0.0000000000e+00,0.0000000000e+00,1.3000000000e+01
1152,0.0000000000e+00,0.0000000000e+00,1.4000000000e+01
1153,0.0000000000e+00,0.0000000000e+00,1.2000000000e+01
1154,0.0000000000e+00,0.0000000000e+00,1.1000000000e+01
1155,0.0000000000e+00,0.0000000000e+00,8.0000000000e+00
1156,0.0000000000e+00,0.0000000000e+00,1.3000000000e+01
1157,0.0000000000e+00,0.0000000000e+00,5.0000000000e+00
1158,0.0000000000e+00,0.0000000000e+00,1.3000000000e+01
1159,0.0000000000e+00,0.0000000000e+00,1.1000000000e+01
1160,0.0000000000e+00,0.0000000000e+00,1.3000000000e+01
1161,0.0000000000e+00,0.0000000000e+00,2.2000000000e+01
1162,0.0000000000e+00,0.0000000000e+00,1.1000000000e+01
1163,0.0000000000e+00,0.0000000000e+00,1.8000000000e+01
1164,0.0000000000e+00,0.0000000000e+00,1.2000000000e+01
1165,0.0000000000e+00,0.0000000000e+00,8.0000000000e+00
1166,0.0000000000e+00,0.0000000000e+00,6.0000000000e+00
1167,0.0000000000e+00,0.0000000000e+00,8.0000000000e+00
1168,0.0000000000e+00,0.0000000000e+00,6.0000000000e+00
1169,0.0000000000e+00,0.0000000000e+00,1.2000000000e+01
1170,0.0000000000e+00,0.0000000000e+00,1.3000000000e+01
1171,0.0000000000e+00,0.0000000000e+00,7.0000000000e+00
1172,0.0000000000e+00,0.0000000000e+00,1.6000000000e+01
1173,0.0000000000e+00,0.0000000000e+00,1.1000000000e+01
1174,0.0000000000e+00,0.0000000000e+00,1.1000000000e+01
1175,0.0000000000e+00,0.0000000000e+00,1.2000000000e+01
1176,0.0000000000e+00,0.0000000000e+00,9.0000000000e+00
1177,0.0000000000e+00,0.0000000000e+00,4.0000000000e+00
1178,0.0000000000e+00,0.0000000000e+00,1.4000000000e+01
1179,0.0000000000e+00,0.0000000000e+00,1.5000000000e+01
1180,0.0000000000e+00,0.0000000000e+00,1.2000000000e+01
1181,0.0000000000e+00,0.0000000000e+00,8.0000000000e+00
1182,0.0000000000e+00,0.0000000000e+00,9.0000000000e+00
1183,0.0000000000e+00,0.0000000000e+00,1.4000000000e+01
1184,0.0000000000e+00,0.0000000000e+00,1.2000000000e+01
1185,0.0000000000e+00,0.0000000000e+00,1.6000000000e+01
1186,0.0000000000e+00,0.0000000000e+00,7.0000000000e+00
1187,0.0000000000e+00,0.0000000000e+00,1.1000000000e+01
1188,0.0000000000e+00,0.0000000000e+00,1.5000000000e+01
1189,0.0000000000e+00,0.0000000000e+00,1.5000000000e+01
1190,0.0000000000e+00,0.0000000000e+00,1.2000000000e+01
1191,0.0000000000e+00,0.0000000000e+00,9.0000000000e+00
1192,0.0000000000e+00,0.0000000000e+00,6.0000000000e+00
1193,0.0000000000e+00,0.0000000000e+00,1.3000000000e+01
1194,0.0000000000e+00,0.0000000000e+00,1.5000000000e+01
1195,0.0000000000e+00,0.0000000000e+00,5.0000000000e+00
1196,0.0000000000e+00,0.0000000000e+00,9.0000000000e+00
1197,0.0000000000e+00,0.0000000000e+00,1.7000000000e+01
1198,0.0000000000e+00,0.0000000000e+00,1.3000000000e+01
1199,0.0000000000e+00,0.0000000000e+00,1.4000000000e+01
1200,0.0000000000e+00,0.0000000000e+00,7.0000000000e+00
1201,0.0000000000e+00,0.0000000000e+00,1.1000000000e+01
1202,0.0000000000e+00,0.0000000000e+00,7.0000000000e+00
1203,0.0000000000e+00,0.0000000000e+00,7.0000000000e+00
1204,0.0000000000e+00,0.0000000000e+00,1.0000000000e+01
1205,0.0000000000e+00,0.0000000000e+00,1.8000000000e+01
1206,0.0000000000e+00,0.0000000000e+00,1.2000000000e+01
1207,0.0000000000e+00,0.0000000000e+00,1.5000000000e+01
1208,0.0000000000e+00,0.0000000000e+00,1.4000000000e+01
1209,0.0000000000e+00,0.0000000000e+00,1.1000000000e+01
1210,0.0000000000e+00,0.0000000000e+00,1.2000000000e+01
1211,0.0000000000e+00,0.0000000000e+00,1.2000000000e+01
1212,0.0000000000e+00,0.0000000000e+00,1.1000000000e+01
1213,0.0000000000e+00,0.0000000000e+00,1.3000000000e+01
1214,0.0000000000e+00,0.0000000000e+00,1.1000000000e+01
1215,0.0000000000e+00,0.0000000000e+00,5.0000000000e+00
1216,0.0000000000e+00,0.0000000000e+00,1.3000000000e+01
1217,0.0000000000e+00,0.0000000000e+00,7.0000000000e+00
1218,0.0000000000e+00,0.0000000000e+00,6.0000000000e+00
1219,0.0000000000e+00,0.0000000000e+00,1.3000000000e+01
1220,0.0000000000e+00,0.0000000000e+00,1.0000000000e+01
1221,0.0000000000e+00,0.0000000000e+00,1.1000000000e+01
1222,0.0000000000e+00,0.0000000000e+00,1.3000000000e+01
1223,0.0000000000e+00,0.0000000000e+00,9.0000000000e+00
1224,0.0000000000e+00,0.0000000000e+00,9.0000000000e+00
1225,0.0000000000e+00,0.0000000000e+00,8.0000000000e+00
1226,0.0000000000e+00,0.0000000000e+00,8.0000000000e+00
1227,0.0000000000e+00,0.0000000000e+00,9.0000000000e+00
1228,0.0000000000e+00,0.0000000000e+00,8.0000000000e+00
1229,0.0000000000e+00,0.0000000000e+00,1.0000000000e+01
1230,0.0000000000e+00,0.0000000000e+00,1.5000000000e+01
1231,0.0000000000e+00,0.0000000000e+00,1.7000000000e+01
1232,0.0000000000e+00,0.0000000000e+00,1.4000000000e+01
1233,0.0000000000e+00,0.0000000000e+00,1.0000000000e+01
1234,0.0000000000e+00,0.0000000000e+00,1.0000000000e+01
1235,0.0000000000e+00,0.0000000000e+00,1.1000000000e+01
1236,0.0000000000e+00,0.0000000000e+00,6.0000000000e+00
1237,0.0000000000e+00,0.0000000000e+00,1.0000000000e+01
1238,0.0000000000e+00,0.0000000000e+00,9.0000000000e+00
1239,0.0000000000e+00,0.0000000000e+00,1.0000000000e+01
1240,0.0000000000e+00,0.0000000000e+00,1.6000000000e+01
1241,0.0000000000e+00,0.0000000000e+00,1.0000000000e+01
1242,0.0000000000e+00,0.0000000000e+00,9.0000000000e+00
1243,0.0000000000e+00,0.0000000000e+00,9.0000000000e+00
1244,0.0000000000e+00,0.0000000000e+00,1.1000000000e+01
1245,0.0000000000e+00,0.0000000000e+00,1.9000000000e+01
1246,0.0000000000e+00,0.0000000000e+00,1.2000000000e+01
1247,0.0000000000e+00,0.0000000000e+00,5.0000000000e+00
1248,0.0000000000e+00,0.0000000000e+00,1.2000000000e+01
1249,0.0000000000e+00,0.0000000000e+00,1.2000000000e+01
1250,0.0000000000e+00,0.0000000000e+00,1.6000000000e+01
1251,0.0000000000e+00,0.0000000000e+00,9.0000000000e+00
1252,0.0000000000e+00,0.0000000000e+00,1.1000000000e+01
1253,0.0000000000e+00,0.0000000000e+00,7.0000000000e+00
1254,0.0000000000e+00,0.0000000000e+00,6.0000000000e+00
1255,0.0000000000e+00,0.0000000000e+00,1.1000000000e+01
1256,0.0000000000e+00,0.0000000000e+00,9.0000000000e+00
1257,0.0000000000e+00,0.0000000000e+00,1.2000000000e+01
1258,0.0000000000e+00,0.0000000000e+00,1.1000000000e+01
1259,0.0000000000e+00,0.0000000000e+00,1.6000000000e+01
1260,0.0000000000e+00,0.0000000000e+00,1.3000000000e+01
1261,0.0000000000e+00,0.0000000000e+00,1.2000000000e+01
1262,0.0000000000e+00,0.0000000000e+00,1.7000000000e+01
1263,0.0000000000e+00,0.0000000000e+00,7.0000000000e+00
1264,0.0000000000e+00,0.0000000000e+00,1.0000000000e+01
1265,0.0000000000e+00,0.0000000000e+00,8.0000000000e+00
1266,0.0000000000e+00,0.0000000000e+00,8.0000000000e+00
1267,0.0000000000e+00,0.0000000000e+00,1.3000000000e+01
1268,0.0000000000e+00,0.0000000000e+00,1.9000000000e+01
1269,0.0000000000e+00,0.0000000000e+00,1.0000000000e+01
1270,0.0000000000e+00,0.0000000000e+00,1.1000000000e+01
1271,0.0000000000e+00,0.0000000000e+00,5.0000000000e+00
1272,0.0000000000e+00,0.0000000000e+00,8.0000000000e+00
1273,0.0000000000e+00,0.0000000000e+00,8.0000000000e+00
1274,0.0000000000e+00,0.0000000000e+00,7.0000000000e+00
1275,0.0000000000e+00,0.0000000000e+00,1.3000000000e+01
1276,0.0000000000e+00,0.0000000000e+00,1.5000000000e+01
1277,0.0000000000e+00,0.0000000000e+00,9.0000000000e+00
1278,0.0000000000e+00,0.0000000000e+00,6.0000000000e+00
1279,0.0000000000e+00,0.0000000000e+00,1.5000000000e+01
1280,0.0000000000e+00,0.0000000000e+00,1.1000000000e+01
1281,0.0000000000e+00,0.0000000000e+00,1.2000000000e+01
1282,0.0000000000e+00,0.0000000000e+00,1.1000000000e+01
1283,0.0000000000e+00,0.0000000000e+00,1.0000000000e+01
1284,0.0000000000e+00,0.0000000000e+00,1.7000000000e+01
1285,0.0000000000e+00,0.0000000000e+00,1.2000000000e+01
1286,0.0000000000e+00,0.0000000000e+00,4.0000000000e+00
1287,0.0000000000e+00,0.0000000000e+00,1.9000000000e+01
1288,0.0000000000e+00,0.0000000000e+00,1.3000000000e+01
1289,0.0000000000e+00,0.0000000000e+00,7.0000000000e+00
1290,0.0000000000e+00,0.0000000000e+00,1.3000000000e+01
1291,0.0000000000e+00,0.0000000000e+00,5.0000000000e+00
1292,0.0000000000e+00,0.0000000000e+00,1.4000000000e+01
1293,0.0000000000e+00,0.0000000000e+00,1.2000000000e+01
1294,0.0000000000e+00,0.0000000000e+00,8.0000000000e+00
1295,0.0000000000e+00,0.0000000000e+00,1.0000000000e+01
1296,0.0000000000e+00,0.0000000000e+00,1.2000000000e+01
1297,0.0000000000e+00,0.0000000000e+00,7.0000000000e+00
1298,0.0000000000e+00,0.0000000000e+00,1.1000000000e+01
1299,0.0000000000e+00,0.0000000000e+00,1.0000000000e+01
1300,0.0000000000e+00,0.0000000000e+00,1.7000000000e+01
1301,0.0000000000e+00,0.0000000000e+00,1.2000000000e+01
1302,0.0000000000e+00,0.0000000000e+00,7.0000000000e+00
1303,0.0000000000e+00,0.0000000000e+00,1.8000000000e+01
1304,0.0000000000e+00,0.0000000000e+00,8.0000000000e+00
1305,0.0000000000e+00,0.0000000000e+00,6.0000000000e+00
1306,0.0000000000e+00,0.0000000000e+00,1.1000000000e+01
1307,0.0000000000e+00,0.0000000000e+00,1.1000000000e+01
1308,0.0000000000e+00,0.0000000000e+00,1.5000000000e+01
1309,0.0000000000e+00,0.0000000000e+00,3.0000000000e+00
1310,0.0000000000e+00,0.0000000000e+00,1.5000000000e+01
1311,0.0000000000e+00,0.0000000000e+00,1.2000000000e+01
1312,0.0000000000e+00,0.0000000000e+00,7.0000000000e+00
1313,0.0000000000e+00,0.0000000000e+00,1.0000000000e+01
1314,0.0000000000e+00,0.0000000000e+00,1.4000000000e+01
1315,0.0000000000e+00,0.0000000000e+00,8.0000000000e+00
1316,0.0000000000e+00,0.0000000000e+00,1.1000000000e+01
1317,0.0000000000e+00,0.0000000000e+00,1.0000000000e+01
1318,0.0000000000e+00,0.0000000000e+00,1.3000000000e+01
1319,0.0000000000e+00,0.0000000000e+00,6.0000000000e+00
1320,0.0000000000e+00,0.0000000000e+00,1.4000000000e+01
1321,0.0000000000e+00,0.0000000000e+00,1.0000000000e+01
1322,0.0000000000e+00,0.0000000000e+00,1.2000000000e+01
1323,0.0000000000e+00,0.0000000000e+00,1.1000000000e+01
1324,0.0000000000e+00,0.0000000000e+00,7.0000000000e+00
1325,0.0000000000e+00,0.0000000000e+00,7.0000000000e+00
1326,0.0000000000e+00,0.0000000000e+00,1.0000000000e+01
1327,0.0000000000e+00,0.0000000000e+00,7.0000000000e+00
1328,0.0000000000e+00,0.0000000000e+00,9.0000000000e+00
1329,0.0000000000e+00,0.0000000000e+00,1.5000000000e+01
1330,0.0000000000e+00,0.0000000000e+00,1.2000000000e+01
1331,2.7355304360e-01,0.0000000000e+00,1.5000000000e+01
1332,2.7739936113e-01,0.0000000000e+00,9.0000000000e+00
1333,2.7259278297e-01,0.0000000000e+00,9.0000000000e+00
1334,2.7193233371e-01,0.0000000000e+00,9.0000000000e+00
1335,2.6895466447e-01,0.0000000000e+00,1.5000000000e+01
1336,2.6781898737e-01,-1.5946061134e+01,1.3000000000e+01
1337,2.6744011045e-01,1.7563164234e+00,1.2000000000e+01
1338,2.6196444035e-01,-9.3449487686e+00,1.2000000000e+01
1339,2.5968086720e-01,-1.9963316917e+00,1.2000000000e+01
1340,2.5752499700e-01,1.0968940258e+00,9.0000000000e+00
1341,2.6154175401e-01,0.0000000000e+00,1.6000000000e+01
1342,2.5883767009e-01,0.0000000000e+00,8.0000000000e+00
1343,2.5539177656e-01,0.0000000000e+00,9.0000000000e+00
1344,0.0000000000e+00,0.0000000000e+00,5.0000000000e+00
1345,0.0000000000e+00,0.0000000000e+00,5.0000000000e+00
1346,0.0000000000e+00,0.0000000000e+00,1.2000000000e+01
1347,0.0000000000e+00,0.0000000000e+00,1.5000000000e+01
1348,0.0000000000e+00,0.0000000000e+00,5.0000000000e+00
1349,0.0000000000e+00,0.0000000000e+00,1.5000000000e+01
1350,0.0000000000e+00,0.0000000000e+00,1.3000000000e+01
1351,0.0000000000e+00,0.0000000000e+00,1.2000000000e+01
1352,0.0000000000e+00,0.0000000000e+00,9.0000000000e+00
1353,0.0000000000e+00,0.0000000000e+00,1.2000000000e+01
1354,0.0000000000e+00,0.0000000000e+00,1.4000000000e+01
1355,0.0000000000e+00,0.0000000000e+00,1.2000000000e+01
1356,0.0000000000e+00,0.0000000000e+00,8.0000000000e+00
1357,0.0000000000e+00,0.0000000000e+00,1.6000000000e+01
1358,0.0000000000e+00,0.0000000000e+00,5.0000000000e+00
1359,0.0000000000e+00,0.0000000000e+00,8.0000000000e+00
1360,0.0000000000e+00,0.0000000000e+00,1.3000000000e+01
1361,0.0000000000e+00,0.0000000000e+00,1.0000000000e+01
1362,0.0000000000e+00,0.0000000000e+00,1.3000000000e+01
1363,0.0000000000e+00,0.0000000000e+00,1.7000000000e+01
1364,0.0000000000e+00,0.0000000000e+00,9.0000000000e+00
1365,0.0000000000e+00,0.0000000000e+00,1.0000000000e+01
1366,0.0000000000e+00,0.0000000000e+00,1.0000000000e+01
1367,0.0000000000e+00,0.0000000000e+00,3.0000000000e+00
1368,0.0000000000e+00,0.0000000000e+00,1.0000000000e+01
1369,0.0000000000e+00,0.0000000000e+00,1.3000000000e+01
1370,0.0000000000e+00,0.0000000000e+00,7.0000000000e+00
1371,0.0000000000e+00,0.0000000000e+00,1.3000000000e+01
1372,0.0000000000e+00,0.0000000000e+00,9.0000000000e+00
1373,0.0000000000e+00,0.0000000000e+00,8.0000000000e+00
1374,0.0000000000e+00,0.0000000000e+00,9.0000000000e+00
1375,0.0000000000e+00,0.0000000000e+00,1.6000000000e+01
1376,0.0000000000e+00,0.0000000000e+00,1.6000000000e+01
1377,0.0000000000e+00,0.0000000000e+00,9.0000000000e+00
1378,0.0000000000e+00,0.0000000000e+00,1.2000000000e+01
1379,0.0000000000e+00,0.0000000000e+00,1.0000000000e+01
1380,0.0000000000e+00,0.0000000000e+00,8.0000000000e+00
1381,0.0000000000e+00,0.0000000000e+00,8.0000000000e+00
1382,0.0000000000e+00,0.0000000000e+00,8.0000000000e+00
1383,0.0000000000e+00,0.0000000000e+00,9.0000000000e+00
1384,0.0000000000e+00,0.0000000000e+00,1.6000000000e+01
1385,0.0000000000e+00,0.0000000000e+00,1.0000000000e+01
1386,0.0000000000e+00,0.0000000000e+00,7.0000000000e+00
1387,0.0000000000e+00,0.0000000000e+00,1.2000000000e+01
1388,0.0000000000e+00,0.0000000000e+00,8.0000000000e+00
1389,0.0000000000e+00,0.0000000000e+00,1.1000000000e+01
1390,0.0000000000e+00,0.0000000000e+00,1.7000000000e+01
1391,0.0000000000e+00,0.0000000000e+00,1.0000000000e+01
1392,0.0000000000e+00,0.0000000000e+00,6.0000000000e+00
1393,0.0000000000e+00,0.0000000000e+00,9.0000000000e+00
1394,0.0000000000e+00,0.0000000000e+00,1.3000000000e+01
1395,0.0000000000e+00,0.0000000000e+00,1.3000000000e+01
1396,0.0000000000e+00,0.0000000000e+00,1.0000000000e+01
1397,0.0000000000e+00,0.0000000000e+00,1.2000000000e+01
1398,0.0000000000e+00,0.0000000000e+00,1.5000000000e+01
1399,0.0000000000e+00,0.0000000000e+00,8.0000000000e+00
1400,0.0000000000e+00,0.0000000000e+00,9.0000000000e+00
1401,0.0000000000e+00,0.0000000000e+00,8.0000000000e+00
1402,0.0000000000e+00,0.0000000000e+00,1.1000000000e+01
1403,0.0000000000e+00,0.0000000000e+00,9.0000000000e+00
1404,0.0000000000e+00,0.0000000000e+00,9.0000000000e+00
1405,0.0000000000e+00,0.0000000000e+00,1.4000000000e+01
1406,0.0000000000e+00,0.0000000000e+00,1.6000000000e+01
1407,0.0000000000e+00,0.0000000000e+00,1.0000000000e+01
1408,0.0000000000e+00,0.0000000000e+00,7.0000000000e+00
1409,0.0000000000e+00,0.0000000000e+00,8.0000000000e+00
1410,0.0000000000e+00,0.0000000000e+00,1.0000000000e+01
1411,0.0000000000e+00,0.0000000000e+00,1.1000000000e+01
1412,0.0000000000e+00,0.0000000000e+00,1.4000000000e+01
1413,0.0000000000e+00,0.0000000000e+00,7.0000000000e+00
1414,0.0000000000e+00,0.0000000000e+00,1.3000000000e+01
1415,0.0000000000e+00,0.0000000000e+00,7.0000000000e+00
1416,0.0000000000e+00,0.0000000000e+00,1.5000000000e+01
1417,0.0000000000e+00,0.0000000000e+00,4.0000000000e+00
1418,0.0000000000e+00,0.0000000000e+00,9.0000000000e+00
1419,0.0000000000e+00,0.0000000000e+00,8.0000000000e+00
1420,0.0000000000e+00,0.0000000000e+00,9.0000000000e+00
1421,0.0000000000e+00,0.0000000000e+00,1.6000000000e+01
1422,0.0000000000e+00,0.0000000000e+00,1.4000000000e+01
1423,0.0000000000e+00,0.0000000000e+00,1.0000000000e+01
1424,0.0000000000e+00,0.0000000000e+00,1.0000000000e+01
1425,0.0000000000e+00,0.0000000000e+00,1.0000000000e+01
1426,0.0000000000e+00,0.0000000000e+00,1.1000000000e+01
1427,0.0000000000e+00,0.0000000000e+00,9.0000000000e+00
1428,0.0000000000e+00,0.0000000000e+00,1.3000000000e+01
1429,0.0000000000e+00,0.0000000000e+00,6.0000000000e+00
1430,0.0000000000e+00,0.0000000000e+00,9.0000000000e+00
1431,0.0000000000e+00,0.0000000000e+00,1.3000000000e+01
1432,0.0000000000e+00,0.0000000000e+00,1.5000000000e+01
1433,0.0000000000e+00,0.0000000000e+00,1.1000000000e+01
1434,0.0000000000e+00,0.0000000000e+00,7.0000000000e+00
1435,0.0000000000e+00,0.0000000000e+00,1.2000000000e+01
1436,0.0000000000e+00,0.0000000000e+00,1.1000000000e+01
1437,0.0000000000e+00,0.0000000000e+00,5.0000000000e+00
1438,0.0000000000e+00,0.0000000000e+00,1.2000000000e+01
1439,0.0000000000e+00,0.0000000000e+00,1.2000000000e+01
1440,0.0000000000e+00,0.0000000000e+00,7.0000000000e+00
1441,0.0000000000e+00,0.0000000000e+00,9.0000000000e+00
1442,0.0000000000e+00,0.0000000000e+00,1.5000000000e+01
1443,0.0000000000e+00,0.0000000000e+00,1.3000000000e+01
1444,0.0000000000e+00,0.0000000000e+00,1.0000000000e+01
1445,0.0000000000e+00,0.0000000000e+00,1.1000000000e+01
1446,0.0000000000e+00,0.0000000000e+00,1.2000000000e+01
1447,0.0000000000e+00,0.0000000000e+00,1.4000000000e+01
1448,0.0000000000e+00,0.0000000000e+00,9.0000000000e+00
1449,0.0000000000e+00,0.0000000000e+00,1.0000000000e+01
1450,0.0000000000e+00,0.0000000000e+00,1.2000000000e+01
1451,0.0000000000e+00,0.0000000000e+00,6.0000000000e+00
1452,0.0000000000e+00,0.0000000000e+00,1.3000000000e+01
1453,0.0000000000e+00,0.0000000000e+00,1.1000000000e+01
1454,0.0000000000e+00,0.0000000000e+00,7.0000000000e+00
1455,0.0000000000e+00,0.0000000000e+00,1.3000000000e+01
1456,0.0000000000e+00,0.0000000000e+00,1.2000000000e+01
1457,0.0000000000e+00,0.0000000000e+00,1.2000000000e+01
1458,0.0000000000e+00,0.0000000000e+00,1.5000000000e+01
1459,0.0000000000e+00,0.0000000000e+00,9.0000000000e+00
1460,0.0000000000e+00,0.0000000000e+00,9.0000000000e+00
1461,0.0000000000e+00,0.0000000000e+00,1.3000000000e+01
1462,0.0000000000e+00,0.0000000000e+00,1.5000000000e+01
1463,0.0000000000e+00,0.0000000000e+00,9.0000000000e+00
1464,0.0000000000e+00,0.0000000000e+00,1.3000000000e+01
1465,0.0000000000e+00,0.0000000000e+00,1.1000000000e+01
1466,0.0000000000e+00,0.0000000000e+00,9.0000000000e+00
1467,0.0000000000e+00,0.0000000000e+00,9.0000000000e+00
1468,0.0000000000e+00,0.0000000000e+00,1.2000000000e+01
1469,0.0000000000e+00,0.0000000000e+00,5.0000000000e+00
1470,0.0000000000e+00,0.0000000000e+00,9.0000000000e+00
1471,0.0000000000e+00,0.0000000000e+00,7.0000000000e+00
1472,0.0000000000e+00,0.0000000000e+00,1.6000000000e+01
1473,0.0000000000e+00,0.0000000000e+00,1.0000000000e+01
1474,0.0000000000e+00,0.0000000000e+00,4.0000000000e+00
1475,0.0000000000e+00,0.0000000000e+00,8.0000000000e+00
1476,0.0000000000e+00,0.0000000000e+00,1.6000000000e+01
1477,0.0000000000e+00,0.0000000000e+00,1.2000000000e+01
1478,0.0000000000e+00,0.0000000000e+00,1.1000000000e+01
1479,0.0000000000e+00,0.0000000000e+00,7.0000000000e+00
1480,0.0000000000e+00,0.0000000000e+00,9.0000000000e+00
1481,0.0000000000e+00,0.0000000000e+00,9.0000000000e+00
1482,0.0000000000e+00,0.0000000000e+00,1.2000000000e+01
1483,0.0000000000e+00,0.0000000000e+00,9.0000000000e+00
1484,0.0000000000e+00,0.0000000000e+00,1.3000000000e+01
1485,0.0000000000e+00,0.0000000000e+00,1.6000000000e+01
1486,0.0000000000e+00,0.0000000000e+00,7.0000000000e+00
1487,0.0000000000e+00,0.0000000000e+00,7.0000000000e+00
1488,0.0000000000e+00,0.0000000000e+00,1.5000000000e+01
1489,0.0000000000e+00,0.0000000000e+00,1.8000000000e+01
1490,0.0000000000e+00,0.0000000000e+00,7.0000000000e+00
1491,0.0000000000e+00,0.0000000000e+00,1.2000000000e+01
1492,0.0000000000e+00,0.0000000000e+00,5.0000000000e+00
1493,0.0000000000e+00,0.0000000000e+00,1.3000000000e+01
1494,0.0000000000e+00,0.0000000000e+00,1.3000000000e+01
1495,0.0000000000e+00,0.0000000000e+00,1.3000000000e+01
1496,0.0000000000e+00,0.0000000000e+00,1.2000000000e+01
1497,0.0000000000e+00,0.0000000000e+00,7.0000000000e+00
1498,0.0000000000e+00,0.0000000000e+00,9.0000000000e+00
1499,0.0000000000e+00,0.0000000000e+00,1.4000000000e+01
1500,0.0000000000e+00,0.0000000000e+00,1.1000000000e+01
1501,0.0000000000e+00,0.0000000000e+00,1.2000000000e+01
1502,0.0000000000e+00,0.0000000000e+00,9.0000000000e+00
1503,0.0000000000e+00,0.0000000000e+00,1.6000000000e+01
1504,0.0000000000e+00,0.0000000000e+00,5.0000000000e+00
1505,0.0000000000e+00,0.0000000000e+00,1.2000000000e+01
1506,0.0000000000e+00,0.0000000000e+00,1.1000000000e+01
1507,0.0000000000e+00,0.0000000000e+00,7.0000000000e+00
1508,0.0000000000e+00,0.0000000000e+00,9.0000000000e+00
1509,0.0000000000e+00,0.0000000000e+00,1.6000000000e+01
1510,0.0000000000e+00,0.0000000000e+00,1.1000000000e+01
1511,0.0000000000e+00,0.0000000000e+00,5.0000000000e+00
1512,0.0000000000e+00,0.0000000000e+00,1.0000000000e+01
1513,0.0000000000e+00,0.0000000000e+00,5.0000000000e+00
1514,0.0000000000e+00,0.0000000000e+00,1.3000000000e+01
1515,0.0000000000e+00,0.0000000000e+00,9.0000000000e+00
1516,0.0000000000e+00,0.0000000000e+00,6.0000000000e+00
1517,0.0000000000e+00,0.0000000000e+00,1.1000000000e+01
1518,0.0000000000e+00,0.0000000000e+00,1.1000000000e+01
1519,0.0000000000e+00,0.0000000000e+00,8.0000000000e+00
1520,0.0000000000e+00,0.0000000000e+00,1.8000000000e+01
1521,0.0000000000e+00,0.0000000000e+00,5.0000000000e+00
1522,0.0000000000e+00,0.0000000000e+00,1.1000000000e+01
1523,0.0000000000e+00,0.0000000000e+00,9.0000000000e+00
1524,0.0000000000e+00,0.0000000000e+00,9.0000000000e+00
1525,0.0000000000e+00,0.0000000000e+00,7.0000000000e+00
1526,0.0000000000e+00,0.0000000000e+00,5.0000000000e+00
1527,0.0000000000e+00,0.0000000000e+00,1.5000000000e+01
1528,0.0000000000e+00,0.0000000000e+00,9.0000000000e+00
1529,0.0000000000e+00,0.0000000000e+00,1.0000000000e+01
1530,0.0000000000e+00,0.0000000000e+00,9.0000000000e+00
1531,0.0000000000e+00,0.0000000000e+00,1.4000000000e+01
1532,0.0000000000e+00,0.0000000000e+00,1.3000000000e+01
1533,0.0000000000e+00,0.0000000000e+00,1.3000000000e+01
1534,0.0000000000e+00,0.0000000000e+00,1.1000000000e+01
1535,0.0000000000e+00,0.0000000000e+00,1.3000000000e+01
1536,0.0000000000e+00,0.0000000000e+00,3.0000000000e+00
1537,0.0000000000e+00,0.0000000000e+00,2.0000000000e+01
1538,0.0000000000e+00,0.0000000000e+00,1.4000000000e+01
1539,0.0000000000e+00,0.0000000000e+00,1.6000000000e+01
1540,0.0000000000e+00,0.0000000000e+00,5.0000000000e+00
1541,0.0000000000e+00,0.0000000000e+00,8.0000000000e+00
1542,0.0000000000e+00,0.0000000000e+00,8.0000000000e+00
1543,0.0000000000e+00,0.0000000000e+00,1.0000000000e+01
1544,0.0000000000e+00,0.0000000000e+00,1.0000000000e+01
1545,0.0000000000e+00,0.0000000000e+00,1.5000000000e+01
1546,0.0000000000e+00,0.0000000000e+00,1.0000000000e+01
1547,0.0000000000e+00,0.0000000000e+00,7.0000000000e+00
1548,0.0000000000e+00,0.0000000000e+00,8.0000000000e+00
1549,0.0000000000e+00,0.0000000000e+00,7.0000000000e+00
1550,0.0000000000e+00,0.0000000000e+00,9.0000000000e+00
1551,0.0000000000e+00,0.0000000000e+00,7.0000000000e+00
1552,0.0000000000e+00,0.0000000000e+00,1.1000000000e+01
1553,0.0000000000e+00,0.0000000000e+00,1.2000000000e+01
1554,0.0000000000e+00,0.0000000000e+00,1.3000000000e+01
1555,0.0000000000e+00,0.0000000000e+00,1.1000000000e+01
1556,0.0000000000e+00,0.0000000000e+00,1.8000000000e+01
1557,0.0000000000e+00,0.0000000000e+00,1.5000000000e+01
1558,0.0000000000e+00,0.0000000000e+00,1.6000000000e+01
1559,0.0000000000e+00,0.0000000000e+00,1.0000000000e+01
1560,0.0000000000e+00,0.0000000000e+00,1.4000000000e+01
1561,0.0000000000e+00,0.0000000000e+00,9.0000000000e+00
1562,0.0000000000e+00,0.0000000000e+00,9.0000000000e+00
1563,0.0000000000e+00,0.0000000000e+00,1.1000000000e+01
1564,0.0000000000e+00,0.0000000000e+00,9.0000000000e+00
1565,0.0000000000e+00,0.0000000000e+00,1.4000000000e+01
1566,0.0000000000e+00,0.0000000000e+00,8.0000000000e+00
1567,0.0000000000e+00,0.0000000000e+00,1.2000000000e+01
1568,0.0000000000e+00,0.0000000000e+00,7.0000000000e+00
1569,0.0000000000e+00,0.0000000000e+00,7.0000000000e+00
1570,0.0000000000e+00,0.0000000000e+00,6.0000000000e+00
1571,0.0000000000e+00,0.0000000000e+00,1.1000000000e+01
1572,0.0000000000e+00,0.0000000000e+00,7.0000000000e+00
1573,0.0000000000e+00,0.0000000000e+00,5.0000000000e+00
1574,0.0000000000e+00,0.0000000000e+00,1.1000000000e+01
1575,0.0000000000e+00,0.0000000000e+00,1.1000000000e+01
1576,0.0000000000e+00,0.0000000000e+00,9.0000000000e+00
1577,0.0000000000e+00,0.0000000000e+00,1.0000000000e+01
1578,0.0000000000e+00,0.0000000000e+00,1.4000000000e+01
1579,0.0000000000e+00,0.0000000000e+00,8.0000000000e+00
1580,0.0000000000e+00,0.0000000000e+00,9.0000000000e+00
1581,0.0000000000e+00,0.0000000000e+00,8.0000000000e+00
1582,0.0000000000e+00,0.0000000000e+00,9.0000000000e+00
1583,0.0000000000e+00,0.0000000000e+00,1.1000000000e+01
1584,0.0000000000e+00,0.0000000000e+00,8.0000000000e+00
1585,0.0000000000e+00,0.0000000000e+00,1.1000000000e+01
1586,0.0000000000e+00,0.0000000000e+00,1.1000000000e+01
1587,0.0000000000e+00,0.0000000000e+00,1.1000000000e+01
1588,0.0000000000e+00,0.0000000000e+00,1.3000000000e+01
1589,0.0000000000e+00,0.0000000000e+00,1.4000000000e+01
1590,0.0000000000e+00,0.0000000000e+00,1.2000000000e+01
1591,0.0000000000e+00,0.0000000000e+00,7.0000000000e+00
1592,0.0000000000e+00,0.0000000000e+00,8.0000000000e+00
1593,0.0000000000e+00,0.0000000000e+00,1.2000000000e+01
1594,0.0000000000e+00,0.0000000000e+00,1.1000000000e+01
1595,0.0000000000e+00,0.0000000000e+00,1.2000000000e+01
1596,0.0000000000e+00,0.0000000000e+00,9.0000000000e+00
1597,0.0000000000e+00,0.0000000000e+00,1.1000000000e+01
1598,0.0000000000e+00,0.0000000000e+00,1.1000000000e+01
1599,0.0000000000e+00,0.0000000000e+00,6.0000000000e+00
1600,0.0000000000e+00,0.0000000000e+00,3.0000000000e+00
1601,0.0000000000e+00,0.0000000000e+00,1.5000000000e+01
1602,0.0000000000e+00,0.0000000000e+00,9.0000000000e+00
1603,0.0000000000e+00,0.0000000000e+00,1.1000000000e+01
1604,0.0000000000e+00,0.0000000000e+00,1.4000000000e+01
1605,0.0000000000e+00,0.0000000000e+00,1.3000000000e+01
1606,0.0000000000e+00,0.0000000000e+00,1.0000000000e+01
1607,0.0000000000e+00,0.0000000000e+00,4.0000000000e+00
1608,0.0000000000e+00,0.0000000000e+00,1.7000000000e+01
1609,0.0000000000e+00,0.0000000000e+00,6.0000000000e+00
1610,0.0000000000e+00,0.0000000000e+00,8.0000000000e+00
1611,0.0000000000e+00,0.0000000000e+00,6.0000000000e+00
1612,0.0000000000e+00,0.0000000000e+00,6.0000000000e+00
1613,0.0000000000e+00,0.0000000000e+00,6.0000000000e+00
1614,0.0000000000e+00,0.0000000000e+00,1.2000000000e+01
1615,0.0000000000e+00,0.0000000000e+00,5.0000000000e+00
1616,0.0000000000e+00,0.0000000000e+00,1.1000000000e+01
1617,0.0000000000e+00,0.0000000000e+00,6.0000000000e+00
1618,0.0000000000e+00,0.0000000000e+00,1.3000000000e+01
1619,0.0000000000e+00,0.0000000000e+00,1.1000000000e+01
1620,0.0000000000e+00,0.0000000000e+00,1.1000000000e+01
1621,0.0000000000e+00,0.0000000000e+00,7.0000000000e+00
1622,0.0000000000e+00,0.0000000000e+00,7.0000000000e+00
1623,0.0000000000e+00,0.0000000000e+00,9.0000000000e+00
1624,0.0000000000e+00,0.0000000000e+00,8.0000000000e+00
1625,0.0000000000e+00,0.0000000000e+00,6.0000000000e+00
1626,0.0000000000e+00,0.0000000000e+00,1.3000000000e+01
1627,0.0000000000e+00,0.0000000000e+00,1.1000000000e+01
1628,0.0000000000e+00,0.0000000000e+00,7.0000000000e+00
1629,0.0000000000e+00,0.0000000000e+00,1.3000000000e+01
1630,0.0000000000e+00,0.0000000000e+00,6.0000000000e+00
1631,0.0000000000e+00,0.0000000000e+00,8.0000000000e+00
1632,0.0000000000e+00,0.0000000000e+00,1.8000000000e+01
1633,0.0000000000e+00,0.0000000000e+00,1.5000000000e+01
1634,0.0000000000e+00,0.0000000000e+00,1.1000000000e+01
1635,0.0000000000e+00,0.0000000000e+00,9.0000000000e+00
1636,0.0000000000e+00,0.0000000000e+00,1.0000000000e+01
1637,0.0000000000e+00,0.0000000000e+00,1.0000000000e+01
1638,0.0000000000e+00,0.0000000000e+00,1.3000000000e+01
1639,0.0000000000e+00,0.0000000000e+00,7.0000000000e+00
1640,0.0000000000e+00,0.0000000000e+00,1.2000000000e+01
1641,0.0000000000e+00,0.0000000000e+00,2.1000000000e+01
1642,0.0000000000e+00,0.0000000000e+00,1.0000000000e+01
1643,0.0000000000e+00,0.0000000000e+00,9.0000000000e+00
1644,0.0000000000e+00,0.0000000000e+00,1.0000000000e+01
1645,0.0000000000e+00,0.0000000000e+00,1.4000000000e+01
1646,0.0000000000e+00,0.0000000000e+00,7.0000000000e+00
1647,0.0000000000e+00,0.0000000000e+00,1.0000000000e+01
1648,0.0000000000e+00,0.0000000000e+00,1.6000000000e+01
1649,0.0000000000e+00,0.0000000000e+00,1.1000000000e+01
1650,0.0000000000e+00,0.0000000000e+00,1.0000000000e+01
1651,0.0000000000e+00,0.0000000000e+00,7.0000000000e+00
1652,0.0000000000e+00,0.0000000000e+00,1.2000000000e+01
1653,0.0000000000e+00,0.0000000000e+00,1.1000000000e+01
1654,0.0000000000e+00,0.0000000000e+00,9.0000000000e+00
1655,0.0000000000e+00,0.0000000000e+00,1.0000000000e+01
1656,0.0000000000e+00,0.0000000000e+00,1.2000000000e+01
1657,0.0000000000e+00,0.0000000000e+00,1.9000000000e+01
1658,0.0000000000e+00,0.0000000000e+00,1.0000000000e+01
1659,0.0000000000e+00,0.0000000000e+00,1.1000000000e+01
1660,0.0000000000e+00,0.0000000000e+00,2.0000000000e+01
1661,0.0000000000e+00,0.0000000000e+00,9.0000000000e+00
1662,0.0000000000e+00,0.0000000000e+00,8.0000000000e+00
1663,0.0000000000e+00,0.0000000000e+00,1.0000000000e+01
1664,0.0000000000e+00,0.0000000000e+00,1.0000000000e+01
1665,0.0000000000e+00,0.0000000000e+00,1.5000000000e+01
1666,0.0000000000e+00,0.0000000000e+00,1.2000000000e+01
1667,0.0000000000e+00,0.0000000000e+00,8.0000000000e+00
1668,0.0000000000e+00,0.0000000000e+00,1.5000000000e+01
1669,0.0000000000e+00,0.0000000000e+00,1.0000000000e+01
1670,0.0000000000e+00,0.0000000000e+00,1.3000000000e+01
1671,0.0000000000e+00,0.0000000000e+00,7.0000000000e+00
1672,0.0000000000e+00,0.0000000000e+00,1.2000000000e+01
1673,0.0000000000e+00,0.0000000000e+00,1.1000000000e+01
1674,0.0000000000e+00,0.0000000000e+00,7.0000000000e+00
1675,0.0000000000e+00,0.0000000000e+00,1.7000000000e+01
1676,0.0000000000e+00,0.0000000000e+00,1.6000000000e+01
1677,0.0000000000e+00,0.0000000000e+00,1.5000000000e+01
1678,0.0000000000e+00,0.0000000000e+00,9.0000000000e+00
1679,0.0000000000e+00,0.0000000000e+00,1.0000000000e+01
1680,0.0000000000e+00,0.0000000000e+00,1.0000000000e+01
1681,0.0000000000e+00,0.0000000000e+00,6.0000000000e+00
1682,0.0000000000e+00,0.0000000000e+00,6.0000000000e+00
1683,0.0000000000e+00,0.0000000000e+00,6.0000000000e+00
1684,0.0000000000e+00,0.0000000000e+00,5.0000000000e+00
1685,0.0000000000e+00,0.0000000000e+00,2.0000000000e+01
1686,0.0000000000e+00,0.0000000000e+00,1.5000000000e+01
1687,0.0000000000e+00,0.0000000000e+00,1.7000000000e+01
1688,0.0000000000e+00,0.0000000000e+00,1.4000000000e+01
1689,0.0000000000e+00,0.0000000000e+00,1.9000000000e+01
1690,0.0000000000e+00,0.0000000000e+00,1.1000000000e+01
1691,0.0000000000e+00,0.0000000000e+00,1.6000000000e+01
1692,0.0000000000e+00,0.0000000000e+00,7.0000000000e+00
1693,0.0000000000e+00,0.0000000000e+00,9.0000000000e+00
1694,0.0000000000e+00,0.0000000000e+00,1.6000000000e+01
1695,0.0000000000e+00,0.0000000000e+00,9.0000000000e+00
1696,0.0000000000e+00,0.0000000000e+00,9.0000000000e+00
1697,0.0000000000e+00,0.0000000000e+00,9.0000000000e+00
1698,0.0000000000e+00,0.0000000000e+00,1.2000000000e+01
1699,0.0000000000e+00,0.0000000000e+00,1.3000000000e+01
1700,0.0000000000e+00,0.0000000000e+00,1.4000000000e+01
1701,0.0000000000e+00,0.0000000000e+00,1.1000000000e+01
1702,0.0000000000e+00,0.0000000000e+00,1.6000000000e+01
1703,0.0000000000e+00,0.0000000000e+00,6.0000000000e+00
1704,0.0000000000e+00,0.0000000000e+00,1.3000000000e+01
1705,0.0000000000e+00,0.0000000000e+00,1.5000000000e+01
1706,0.0000000000e+00,0.0000000000e+00,1.4000000000e+01
1707,0.0000000000e+00,0.0000000000e+00,9.0000000000e+00
1708,0.0000000000e+00,0.0000000000e+00,6.0000000000e+00
1709,0.0000000000e+00,0.0000000000e+00,1.0000000000e+01
1710,0.0000000000e+00,0.0000000000e+00,7.0000000000e+00
1711,0.0000000000e+00,0.0000000000e+00,9.0000000000e+00
1712,0.0000000000e+00,0.0000000000e+00,1.3000000000e+01
1713,0.0000000000e+00,0.0000000000e+00,1.3000000000e+01
1714,0.0000000000e+00,0.0000000000e+00,1.3000000000e+01
1715,0.0000000000e+00,0.0000000000e+00,8.0000000000e+00
1716,0.0000000000e+00,0.0000000000e+00,1.4000000000e+01
1717,0.0000000000e+00,0.0000000000e+00,1.0000000000e+01
1718,0.0000000000e+00,0.0000000000e+00,1.0000000000e+01
1719,0.0000000000e+00,0.0000000000e+00,9.0000000000e+00
1720,0.0000000000e+00,0.0000000000e+00,1.0000000000e+01
1721,0.0000000000e+00,0.0000000000e+00,1.5000000000e+01
1722,0.0000000000e+00,0.0000000000e+00,6.0000000000e+00
1723,0.0000000000e+00,0.0000000000e+00,1.0000000000e+01
1724,0.0000000000e+00,0.0000000000e+00,1.0000000000e+01
1725,0.0000000000e+00,0.0000000000e+00,1.4000000000e+01
1726,0.0000000000e+00,0.0000000000e+00,8.0000000000e+00
1727,0.0000000000e+00,0.0000000000e+00,9.0000000000e+00
1728,0.0000000000e+00,0.0000000000e+00,1.2000000000e+01
1729,0.0000000000e+00,0.0000000000e+00,7.0000000000e+00
1730,0.0000000000e+00,0.0000000000e+00,1.4000000000e+01
1731,0.0000000000e+00,0.0000000000e+00,1.4000000000e+01
1732,0.0000000000e+00,0.0000000000e+00,1.0000000000e+01
1733,0.0000000000e+00,0.0000000000e+00,9.0000000000e+00
1734,0.0000000000e+00,0.0000000000e+00,9.0000000000e+00
1735,0.0000000000e+00,0.0000000000e+00,1.1000000000e+01
1736,0.0000000000e+00,0.0000000000e+00,1.6000000000e+01
1737,0.0000000000e+00,0.0000000000e+00,6.0000000000e+00
1738,0.0000000000e+00,0.0000000000e+00,5.0000000000e+00
1739,0.0000000000e+00,0.0000000000e+00,1.1000000000e+01
1740,0.0000000000e+00,0.0000000000e+00,9.0000000000e+00
1741,0.0000000000e+00,0.0000000000e+00,7.0000000000e+00
1742,0.0000000000e+00,0.0000000000e+00,9.0000000000e+00
1743,0.0000000000e+00,0.0000000000e+00,1.0000000000e+01
1744,0.0000000000e+00,0.0000000000e+00,1.1000000000e+01
1745,0.0000000000e+00,0.0000000000e+00,7.0000000000e+00
1746,0.0000000000e+00,0.0000000000e+00,1.0000000000e+01
1747,0.0000000000e+00,0.0000000000e+00,1.1000000000e+01
1748,0.0000000000e+00,0.0000000000e+00,1.2000000000e+01
1749,0.0000000000e+00,0.0000000000e+00,1.8000000000e+01
1750,0.0000000000e+00,0.0000000000e+00,1.5000000000e+01
1751,0.0000000000e+00,0.0000000000e+00,6.0000000000e+00
1752,0.0000000000e+00,0.0000000000e+00,1.8000000000e+01
1753,0.0000000000e+00,0.0000000000e+00,1.0000000000e+01
1754,0.0000000000e+00,0.0000000000e+00,7.0000000000e+00
1755,0.0000000000e+00,0.0000000000e+00,8.0000000000e+00
1756,0.0000000000e+00,0.0000000000e+00,8.0000000000e+00
1757,0.0000000000e+00,0.0000000000e+00,1.4000000000e+01
1758,0.0000000000e+00,0.0000000000e+00,1.1000000000e+01
1759,0.0000000000e+00,0.0000000000e+00,1.0000000000e+01
1760,0.0000000000e+00,0.0000000000e+00,8.0000000000e+00
1761,0.0000000000e+00,0.0000000000e+00,1.3000000000e+01
1762,0.0000000000e+00,0.0000000000e+00,1.1000000000e+01
1763,0.0000000000e+00,0.0000000000e+00,1.0000000000e+01
1764,0.0000000000e+00,0.0000000000e+00,9.0000000000e+00
1765,0.0000000000e+00,0.0000000000e+00,1.6000000000e+01
1766,0.0000000000e+00,0.0000000000e+00,1.5000000000e+01
1767,0.0000000000e+00,0.0000000000e+00,1.8000000000e+01
1768,0.0000000000e+00,0.0000000000e+00,8.0000000000e+00
1769,0.0000000000e+00,0.0000000000e+00,1.6000000000e+01
1770,0.0000000000e+00,0.0000000000e+00,9.0000000000e+00
1771,0.0000000000e+00,0.0000000000e+00,8.0000000000e+00
1772,0.0000000000e+00,0.0000000000e+00,1.2000000000e+01
1773,0.0000000000e+00,0.0000000000e+00,1.1000000000e+01
1774,0.0000000000e+00,0.0000000000e+00,9.0000000000e+00
1775,0.0000000000e+00,0.0000000000e+00,9.0000000000e+00
1776,0.0000000000e+00,0.0000000000e+00,9.0000000000e+00
1777,0.0000000000e+00,0.0000000000e+00,7.0000000000e+00
1778,0.0000000000e+00,0.0000000000e+00,9.0000000000e+00
1779,0.0000000000e+00,0.0000000000e+00,1.1000000000e+01
1780,0.0000000000e+00,0.0000000000e+00,1.4000000000e+01
1781,0.0000000000e+00,0.0000000000e+00,1.4000000000e+01
1782,0.0000000000e+00,0.0000000000e+00,8.0000000000e+00
1783,0.0000000000e+00,0.0000000000e+00,9.0000000000e+00
1784,0.0000000000e+00,0.0000000000e+00,1.0000000000e+01
1785,0.0000000000e+00,0.0000000000e+00,1.1000000000e+01
1786,0.0000000000e+00,0.0000000000e+00,1.3000000000e+01
1787,0.0000000000e+00,0.0000000000e+00,7.0000000000e+00
1788,0.0000000000e+00,0.0000000000e+00,7.0000000000e+00
1789,0.0000000000e+00,0.0000000000e+00,9.0000000000e+00
1790,0.0000000000e+00,0.0000000000e+00,3.0000000000e+00
1791,0.0000000000e+00,0.0000000000e+00,1.0000000000e+01
1792,0.0000000000e+00,0.0000000000e+00,1.2000000000e+01
1793,0.0000000000e+00,0.0000000000e+00,7.0000000000e+00
1794,0.0000000000e+00,0.0000000000e+00,1.1000000000e+01
1795,0.0000000000e+00,0.0000000000e+00,8.0000000000e+00
1796,0.0000000000e+00,0.0000000000e+00,1.5000000000e+01
1797,0.0000000000e+00,0.0000000000e+00,1.2000000000e+01
1798,0.0000000000e+00,0.0000000000e+00,9.0000000000e+00
1799,0.0000000000e+00,0.0000000000e+00,1.2000000000e+01
1800,0.0000000000e+00,0.0000000000e+00,1.5000000000e+01
1801,0.0000000000e+00,0.0000000000e+00,1.1000000000e+01
1802,0.0000000000e+00,0.0000000000e+00,6.0000000000e+00
1803,0.0000000000e+00,0.0000000000e+00,1.1000000000e+01
1804,0.0000000000e+00,0.0000000000e+00,7.0000000000e+00
1805,0.0000000000e+00,0.0000000000e+00,8.0000000000e+00
1806,0.0000000000e+00,0.0000000000e+00,1.0000000000e+01
1807,0.0000000000e+00,0.0000000000e+00,1.4000000000e+01
1808,0.0000000000e+00,0.0000000000e+00,1.4000000000e+01
1809,0.0000000000e+00,0.0000000000e+00,4.0000000000e+00
1810,0.0000000000e+00,0.0000000000e+00,1.1000000000e+01
1811,0.0000000000e+00,0.0000000000e+00,8.0000000000e+00
1812,0.0000000000e+00,0.0000000000e+00,1.0000000000e+01
1813,0.0000000000e+00,0.0000000000e+00,1.1000000000e+01
1814,0.0000000000e+00,0.0000000000e+00,1.2000000000e+01
1815,0.0000000000e+00,0.0000000000e+00,1.3000000000e+01
1816,0.0000000000e+00,0.0000000000e+00,1.1000000000e+01
1817,0.0000000000e+00,0.0000000000e+00,8.0000000000e+00
1818,0.0000000000e+00,0.0000000000e+00,1.0000000000e+01
1819,0.0000000000e+00,0.0000000000e+00,1.4000000000e+01
1820,0.0000000000e+00,0.0000000000e+00,1.0000000000e+01
1821,0.0000000000e+00,0.0000000000e+00,2.0000000000e+01
1822,0.0000000000e+00,0.0000000000e+00,1.2000000000e+01
1823,0.0000000000e+00,0.0000000000e+00,1.3000000000e+01
1824,0.0000000000e+00,0.0000000000e+00,6.0000000000e+00
1825,0.0000000000e+00,0.0000000000e+00,1.7000000000e+01
1826,0.0000000000e+00,0.0000000000e+00,1.4000000000e+01
1827,0.0000000000e+00,0.0000000000e+00,1.1000000000e+01
1828,0.0000000000e+00,0.0000000000e+00,1.2000000000e+01
1829,0.0000000000e+00,0.0000000000e+00,1.2000000000e+01
1830,0.0000000000e+00,0.0000000000e+00,1.2000000000e+01
1831,0.0000000000e+00,0.0000000000e+00,1.3000000000e+01
1832,0.0000000000e+00,0.0000000000e+00,9.0000000000e+00
1833,0.0000000000e+00,0.0000000000e+00,7.0000000000e+00
1834,0.0000000000e+00,0.0000000000e+00,8.0000000000e+00
1835,0.0000000000e+00,0.0000000000e+00,5.0000000000e+00
1836,0.0000000000e+00,0.0000000000e+00,1.2000000000e+01
1837,0.0000000000e+00,0.0000000000e+00,7.0000000000e+00
1838,0.0000000000e+00,0.0000000000e+00,1.0000000000e+01
1839,0.0000000000e+00,0.0000000000e+00,1.3000000000e+01
1840,0.0000000000e+00,0.0000000000e+00,5.0000000000e+00
1841,0.0000000000e+00,0.0000000000e+00,9.0000000000e+00
1842,0.0000000000e+00,0.0000000000e+00,1.0000000000e+01
1843,0.0000000000e+00,0.0000000000e+00,6.0000000000e+00
1844,0.0000000000e+00,0.0000000000e+00,1.0000000000e+01
1845,0.0000000000e+00,0.0000000000e+00,1.2000000000e+01
1846,0.0000000000e+00,0.0000000000e+00,1.0000000000e+01
1847,0.0000000000e+00,0.0000000000e+00,1.1000000000e+01
1848,0.0000000000e+00,0.0000000000e+00,9.0000000000e+00
1849,0.0000000000e+00,0.0000000000e+00,5.0000000000e+00
1850,0.0000000000e+00,0.0000000000e+00,7.0000000000e+00
1851,0.0000000000e+00,0.0000000000e+00,1.1000000000e+01
1852,0.0000000000e+00,0.0000000000e+00,1.4000000000e+01
1853,0.0000000000e+00,0.0000000000e+00,7.0000000000e+00
1854,0.0000000000e+00,0.0000000000e+00,1.0000000000e+01
1855,0.0000000000e+00,0.0000000000e+00,8.0000000000e+00
1856,0.0000000000e+00,0.0000000000e+00,1.8000000000e+01
1857,0.0000000000e+00,0.0000000000e+00,1.3000000000e+01
1858,0.0000000000e+00,0.0000000000e+00,1.2000000000e+01
1859,0.0000000000e+00,0.0000000000e+00,1.4000000000e+01
1860,0.0000000000e+00,0.0000000000e+00,1.1000000000e+01
1861,0.0000000000e+00,0.0000000000e+00,1.4000000000e+01
1862,0.0000000000e+00,0.0000000000e+00,9.0000000000e+00
1863,0.0000000000e+00,0.0000000000e+00,1.2000000000e+01
1864,0.0000000000e+00,0.0000000000e+00,1.2000000000e+01
1865,0.0000000000e+00,0.0000000000e+00,1.5000000000e+01
1866,0.0000000000e+00,0.0000000000e+00,1.1000000000e+01
1867,0.0000000000e+00,0.0000000000e+00,5.0000000000e+00
1868,0.0000000000e+00,0.0000000000e+00,8.0000000000e+00
1869,0.0000000000e+00,0.0000000000e+00,1.5000000000e+01
1870,0.0000000000e+00,0.0000000000e+00,1.0000000000e+01
1871,0.0000000000e+00,0.0000000000e+00,1.7000000000e+01
1872,0.0000000000e+00,0.0000000000e+00,1.4000000000e+01
1873,0.0000000000e+00,0.0000000000e+00,7.0000000000e+00
1874,0.0000000000e+00,0.0000000000e+00,9.0000000000e+00
1875,0.0000000000e+00,0.0000000000e+00,6.0000000000e+00
1876,0.0000000000e+00,0.0000000000e+00,8.0000000000e+00
1877,0.0000000000e+00,0.0000000000e+00,1.0000000000e+01
1878,0.0000000000e+00,0.0000000000e+00,9.0000000000e+00
1879,0.0000000000e+00,0.0000000000e+00,1.1000000000e+01
1880,0.0000000000e+00,0.0000000000e+00,8.0000000000e+00
1881,0.0000000000e+00,0.0000000000e+00,1.2000000000e+01
1882,0.0000000000e+00,0.0000000000e+00,1.1000000000e+01
1883,0.0000000000e+00,0.0000000000e+00,1.4000000000e+01
1884,0.0000000000e+00,0.0000000000e+00,9.0000000000e+00
1885,0.0000000000e+00,0.0000000000e+00,1.4000000000e+01
1886,0.0000000000e+00,0.0000000000e+00,1.4000000000e+01
1887,0.0000000000e+00,0.0000000000e+00,2.1000000000e+01
1888,0.0000000000e+00,0.0000000000e+00,1.9000000000e+01
1889,0.0000000000e+00,0.0000000000e+00,1.0000000000e+01
1890,0.0000000000e+00,0.0000000000e+00,1.3000000000e+01
1891,0.0000000000e+00,0.0000000000e+00,1.5000000000e+01
1892,0.0000000000e+00,0.0000000000e+00,1.2000000000e+01
1893,0.0000000000e+00,0.0000000000e+00,1.3000000000e+01
1894,0.0000000000e+00,0.0000000000e+00,9.0000000000e+00
1895,0.0000000000e+00,0.0000000000e+00,7.0000000000e+00
1896,0.0000000000e+00,0.0000000000e+00,1.3000000000e+01
1897,0.0000000000e+00,0.0000000000e+00,1.6000000000e+01
1898,0.0000000000e+00,0.0000000000e+00,1.4000000000e+01
1899,0.0000000000e+00,0.0000000000e+00,1.4000000000e+01
1900,0.0000000000e+00,0.0000000000e+00,1.4000000000e+01
1901,0.0000000000e+00,0.0000000000e+00,1.3000000000e+01
1902,0.0000000000e+00,0.0000000000e+00,1.5000000000e+01
1903,0.0000000000e+00,0.0000000000e+00,1.5000000000e+01
1904,0.0000000000e+00,0.0000000000e+00,1.7000000000e+01
1905,0.0000000000e+00,0.0000000000e+00,1.0000000000e+01
1906,0.0000000000e+00,0.0000000000e+00,1.7000000000e+01
1907,0.0000000000e+00,0.0000000000e+00,7.0000000000e+00
1908,0.0000000000e+00,0.0000000000e+00,1.1000000000e+01
1909,0.0000000000e+00,0.0000000000e+00,7.0000000000e+00
1910,0.0000000000e+00,0.0000000000e+00,1.2000000000e+01
1911,0.0000000000e+00,0.0000000000e+00,1.9000000000e+01
1912,0.0000000000e+00,0.0000000000e+00,1.0000000000e+01
1913,0.0000000000e+00,0.0000000000e+00,1.4000000000e+01
1914,0.0000000000e+00,0.0000000000e+00,1.1000000000e+01
1915,0.0000000000e+00,0.0000000000e+00,1.1000000000e+01
1916,0.0000000000e+00,0.0000000000e+00,1.3000000000e+01
1917,0.0000000000e+00,0.0000000000e+00,2.4000000000e+01
1918,0.0000000000e+00,0.0000000000e+00,1.1000000000e+01
1919,0.0000000000e+00,0.0000000000e+00,1.5000000000e+01
1920,0.0000000000e+00,0.0000000000e+00,1.3000000000e+01
1921,0.0000000000e+00,0.0000000000e+00,1.3000000000e+01
1922,0.0000000000e+00,0.0000000000e+00,1.3000000000e+01
1923,0.0000000000e+00,0.0000000000e+00,2.6000000000e+01
1924,0.0000000000e+00,0.0000000000e+00,1.8000000000e+01
1925,0.0000000000e+00,0.0000000000e+00,1.7000000000e+01
1926,0.0000000000e+00,0.0000000000e+00,1.1000000000e+01
1927,0.0000000000e+00,0.0000000000e+00,1.0000000000e+01
1928,0.0000000000e+00,0.0000000000e+00,1.1000000000e+01
1929,0.0000000000e+00,0.0000000000e+00,7.0000000000e+00
1930,0.0000000000e+00,0.0000000000e+00,6.0000000000e+00
1931,0.0000000000e+00,0.0000000000e+00,1.0000000000e+01
1932,0.0000000000e+00,0.0000000000e+00,9.0000000000e+00
1933,0.0000000000e+00,0.0000000000e+00,1.2000000000e+01
1934,0.0000000000e+00,0.0000000000e+00,1.0000000000e+01
1935,0.0000000000e+00,0.0000000000e+00,1.1000000000e+01
1936,0.0000000000e+00,0.0000000000e+00,3.0000000000e+00
1937,0.0000000000e+00,0.0000000000e+00,1.5000000000e+01
1938,0.0000000000e+00,0.0000000000e+00,1.0000000000e+01
1939,0.0000000000e+00,0.0000000000e+00,6.0000000000e+00
1940,0.0000000000e+00,0.0000000000e+00,1.9000000000e+01
1941,0.0000000000e+00,0.0000000000e+00,1.8000000000e+01
1942,0.0000000000e+00,0.0000000000e+00,9.0000000000e+00
1943,0.0000000000e+00,0.0000000000e+00,9.0000000000e+00
1944,0.0000000000e+00,0.0000000000e+00,6.0000000000e+00
1945,0.0000000000e+00,0.0000000000e+00,1.4000000000e+01
1946,0.0000000000e+00,0.0000000000e+00,1.8000000000e+01
1947,0.0000000000e+00,0.0000000000e+00,1.2000000000e+01
1948,0.0000000000e+00,0.0000000000e+00,1.5000000000e+01
1949,0.0000000000e+00,0.0000000000e+00,2.0000000000e+01
1950,0.0000000000e+00,0.0000000000e+00,2.2000000000e+01
1951,0.0000000000e+00,0.0000000000e+00,6.0000000000e+00
1952,0.0000000000e+00,0.0000000000e+00,1.3000000000e+01
1953,0.0000000000e+00,0.0000000000e+00,7.0000000000e+00
1954,0.0000000000e+00,0.0000000000e+00,1.0000000000e+01
1955,0.0000000000e+00,0.0000000000e+00,1.2000000000e+01
1956,0.0000000000e+00,0.0000000000e+00,1.0000000000e+01
1957,0.0000000000e+00,0.0000000000e+00,1.2000000000e+01
1958,0.0000000000e+00,0.0000000000e+00,1.3000000000e+01
1959,0.0000000000e+00,0.0000000000e+00,1.5000000000e+01
1960,0.0000000000e+00,0.0000000000e+00,1.3000000000e+01
1961,0.0000000000e+00,0.0000000000e+00,1.8000000000e+01
1962,0.0000000000e+00,0.0000000000e+00,1.2000000000e+01
1963,0.0000000000e+00,0.0000000000e+00,1.6000000000e+01
1964,0.0000000000e+00,0.0000000000e+00,1.0000000000e+01
1965,0.0000000000e+00,0.0000000000e+00,1.4000000000e+01
1966,0.0000000000e+00,0.0000000000e+00,1.3000000000e+01
1967,0.0000000000e+00,0.0000000000e+00,1.0000000000e+01
1968,0.0000000000e+00,0.0000000000e+00,2.0000000000e+01
1969,0.0000000000e+00,0.0000000000e+00,1.1000000000e+01
1970,0.0000000000e+00,0.0000000000e+00,7.0000000000e+00
1971,0.0000000000e+00,0.0000000000e+00,8.0000000000e+00
1972,0.0000000000e+00,0.0000000000e+00,9.0000000000e+00
1973,0.0000000000e+00,0.0000000000e+00,1.1000000000e+01
1974,0.0000000000e+00,0.0000000000e+00,1.0000000000e+01
1975,0.0000000000e+00,0.0000000000e+00,1.0000000000e+01
1976,0.0000000000e+00,0.0000000000e+00,1.2000000000e+01
1977,0.0000000000e+00,0.0000000000e+00,8.0000000000e+00
1978,0.0000000000e+00,0.0000000000e+00,1.1000000000e+01
1979,0.0000000000e+00,0.0000000000e+00,5.0000000000e+00
1980,0.0000000000e+00,0.0000000000e+00,4.0000000000e+00
1981,0.0000000000e+00,0.0000000000e+00,7.0000000000e+00
1982,0.0000000000e+00,0.0000000000e+00,1.2000000000e+01
1983,0.0000000000e+00,0.0000000000e+00,1.0000000000e+01
1984,0.0000000000e+00,0.0000000000e+00,1.2000000000e+01
1985,0.0000000000e+00,0.0000000000e+00,7.0000000000e+00
1986,0.0000000000e+00,0.0000000000e+00,1.5000000000e+01
1987,0.0000000000e+00,0.0000000000e+00,1.1000000000e+01
1988,0.0000000000e+00,0.0000000000e+00,1.2000000000e+01
1989,0.0000000000e+00,0.0000000000e+00,1.0000000000e+01
1990,0.0000000000e+00,0.0000000000e+00,1.0000000000e+01
1991,0.0000000000e+00,0.0000000000e+00,8.0000000000e+00
1992,0.0000000000e+00,0.0000000000e+00,9.0000000000e+00
1993,0.0000000000e+00,0.0000000000e+00,6.0000000000e+00
1994,0.0000000000e+00,0.0000000000e+00,9.0000000000e+00
1995,0.0000000000e+00,0.0000000000e+00,7.0000000000e+00
1996,0.0000000000e+00,0.0000000000e+00,1.1000000000e+01
1997,0.0000000000e+00,0.0000000000e+00,1.0000000000e+01
1998,0.0000000000e+00,0.0000000000e+00,7.0000000000e+00
1999,0.0000000000e+00,0.0000000000e+00,1.2000000000e+01
2000,0.0000000000e+00,0.0000000000e+00,1.1000000000e+01
2001,0.0000000000e+00,0.0000000000e+00,6.0000000000e+00
2002,0.0000000000e+00,0.0000000000e+00,6.0000000000e+00
2003,0.0000000000e+00,0.0000000000e+00,1.1000000000e+01
2004,0.0000000000e+00,0.0000000000e+00,9.0000000000e+00
2005,0.0000000000e+00,0.0000000000e+00,9.0000000000e+00
2006,0.0000000000e+00,0.0000000000e+00,1.3000000000e+01
2007,0.0000000000e+00,0.0000000000e+00,1.1000000000e+01
2008,0.0000000000e+00,0.0000000000e+00,4.0000000000e+00
2009,0.0000000000e+00,0.0000000000e+00,1.5000000000e+01
2010,0.0000000000e+00,0.0000000000e+00,1.2000000000e+01
2011,0.0000000000e+00,0.0000000000e+00,1.6000000000e+01
2012,0.0000000000e+00,0.0000000000e+00,4.0000000000e+00
2013,0.0000000000e+00,0.0000000000e+00,1.7000000000e+01
2014,0.0000000000e+00,0.0000000000e+00,6.0000000000e+00
2015,0.0000000000e+00,0.0000000000e+00,1.5000000000e+01
2016,0.0000000000e+00,0.0000000000e+00,1.1000000000e+01
2017,0.0000000000e+00,0.0000000000e+00,1.3000000000e+01
2018,0.0000000000e+00,0.0000000000e+00,7.0000000000e+00
2019,0.0000000000e+00,0.0000000000e+00,9.0000000000e+00
2020,0.0000000000e+00,0.0000000000e+00,8.0000000000e+00
2021,0.0000000000e+00,0.0000000000e+00,1.2000000000e+01
2022,0.0000000000e+00,0.0000000000e+00,1.1000000000e+01
2023,0.0000000000e+00,0.0000000000e+00,7.0000000000e+00
2024,0.0000000000e+00,0.0000000000e+00,8.0000000000e+00
2025,0.0000000000e+00,0.0000000000e+00,1.0000000000e+01
2026,0.0000000000e+00,0.0000000000e+00,1.1000000000e+01
2027,0.0000000000e+00,0.0000000000e+00,1.8000000000e+01
2028,0.0000000000e+00,0.0000000000e+00,7.0000000000e+00
2029,0.0000000000e+00,0.0000000000e+00,1.1000000000e+01
2030,0.0000000000e+00,0.0000000000e+00,1.0000000000e+01
2031,0.0000000000e+00,0.0000000000e+00,1.5000000000e+01
2032,0.0000000000e+00,0.0000000000e+00,1.8000000000e+01
2033,0.0000000000e+00,0.0000000000e+00,8.0000000000e+00
2034,0.0000000000e+00,0.0000000000e+00,1.0000000000e+01
2035,0.0000000000e+00,0.0000000000e+00,1.2000000000e+01
2036,0.0000000000e+00,0.0000000000e+00,1.0000000000e+01
2037,0.0000000000e+00,0.0000000000e+00,1.1000000000e+01
2038,0.0000000000e+00,0.0000000000e+00,1.2000000000e+01
2039,0.0000000000e+00,0.0000000000e+00,1.0000000000e+01
2040,0.0000000000e+00,0.0000000000e+00,1.7000000000e+01
2041,0.0000000000e+00,0.0000000000e+00,1.4000000000e+01
2042,0.0000000000e+00,0.0000000000e+00,1.0000000000e+01
2043,0.0000000000e+00,0.0000000000e+00,9.0000000000e+00
2044,0.0000000000e+00,0.0000000000e+00,7.0000000000e+00
2045,0.0000000000e+00,0.0000000000e+00,1.4000000000e+01
2046,0.0000000000e+00,0.0000000000e+00,1.2000000000e+01
2047,0.0000000000e+00,0.0000000000e+00,1.5000000000e+01
2048,0.0000000000e+00,0.0000000000e+00,1.2000000000e+01
2049,0.0000000000e+00,0.0000000000e+00,1.1000000000e+01
2050,0.0000000000e+00,0.0000000000e+00,1.6000000000e+01
2051,0.0000000000e+00,0.0000000000e+00,1.3000000000e+01
2052,0.0000000000e+00,0.0000000000e+00,1.2000000000e+01
2053,0.0000000000e+00,0.0000000000e+00,1.4000000000e+01
2054,0.0000000000e+00,0.0000000000e+00,8.0000000000e+00
2055,0.0000000000e+00,0.0000000000e+00,1.0000000000e+01
2056,0.0000000000e+00,0.0000000000e+00,1.8000000000e+01
2057,0.0000000000e+00,0.0000000000e+00,8.0000000000e+00
2058,0.0000000000e+00,0.0000000000e+00,7.0000000000e+00
2059,0.0000000000e+00,0.0000000000e+00,2.1000000000e+01
2060,0.0000000000e+00,0.0000000000e+00,8.0000000000e+00
2061,0.0000000000e+00,0.0000000000e+00,1.2000000000e+01
2062,0.0000000000e+00,0.0000000000e+00,1.1000000000e+01
2063,0.0000000000e+00,0.0000000000e+00,1.8000000000e+01
2064,0.0000000000e+00,0.0000000000e+00,5.0000000000e+00
2065,0.0000000000e+00,0.0000000000e+00,9.0000000000e+00
2066,0.0000000000e+00,0.0000000000e+00,1.5000000000e+01
2067,0.0000000000e+00,0.0000000000e+00,1.3000000000e+01
2068,0.0000000000e+00,0.0000000000e+00,1.0000000000e+01
2069,0.0000000000e+00,0.0000000000e+00,1.6000000000e+01
2070,0.0000000000e+00,0.0000000000e+00,6.0000000000e+00
2071,0.0000000000e+00,0.0000000000e+00,1.0000000000e+01
2072,0.0000000000e+00,0.0000000000e+00,1.4000000000e+01
2073,0.0000000000e+00,0.0000000000e+00,1.1000000000e+01
2074,0.0000000000e+00,0.0000000000e+00,5.0000000000e+00
2075,0.0000000000e+00,0.0000000000e+00,9.0000000000e+00
2076,0.0000000000e+00,0.0000000000e+00,5.0000000000e+00
2077,0.0000000000e+00,0.0000000000e+00,4.0000000000e+00
2078,0.0000000000e+00,0.0000000000e+00,8.0000000000e+00
2079,0.0000000000e+00,0.0000000000e+00,1.1000000000e+01
2080,0.0000000000e+00,0.0000000000e+00,7.0000000000e+00
2081,0.0000000000e+00,0.0000000000e+00,1.1000000000e+01
2082,0.0000000000e+00,0.0000000000e+00,1.4000000000e+01
2083,0.0000000000e+00,0.0000000000e+00,8.0000000000e+00
2084,0.0000000000e+00,0.0000000000e+00,1.0000000000e+01
2085,0.0000000000e+00,0.0000000000e+00,9.0000000000e+00
2086,0.0000000000e+00,0.0000000000e+00,2.1000000000e+01
2087,0.0000000000e+00,0.0000000000e+00,9.0000000000e+00
2088,0.0000000000e+00,0.0000000000e+00,6.0000000000e+00
2089,0.0000000000e+00,0.0000000000e+00,1.2000000000e+01
2090,0.0000000000e+00,0.0000000000e+00,1.1000000000e+01
2091,0.0000000000e+00,0.0000000000e+00,1.8000000000e+01
2092,0.0000000000e+00,0.0000000000e+00,1.3000000000e+01
2093,0.0000000000e+00,0.0000000000e+00,1.6000000000e+01
2094,0.0000000000e+00,0.0000000000e+00,1.5000000000e+01
2095,0.0000000000e+00,0.0000000000e+00,1.6000000000e+01
2096,0.0000000000e+00,0.0000000000e+00,1.1000000000e+01
2097,0.0000000000e+00,0.0000000000e+00,6.0000000000e+00
2098,0.0000000000e+00,0.0000000000e+00,8.0000000000e+00
2099,0.0000000000e+00,0.0000000000e+00,1.1000000000e+01
2100,0.0000000000e+00,0.0000000000e+00,8.0000000000e+00
2101,0.0000000000e+00,0.0000000000e+00,1.0000000000e+01
2102,0.0000000000e+00,0.0000000000e+00,1.1000000000e+01
2103,0.0000000000e+00,0.0000000000e+00,1.3000000000e+01
2104,0.0000000000e+00,0.0000000000e+00,8.0000000000e+00
2105,0.0000000000e+00,0.0000000000e+00,5.0000000000e+00
2106,0.0000000000e+00,0.0000000000e+00,1.2000000000e+01
2107,0.0000000000e+00,0.0000000000e+00,1.1000000000e+01
2108,0.0000000000e+00,0.0000000000e+00,1.4000000000e+01
2109,0.0000000000e+00,0.0000000000e+00,9.0000000000e+00
2110,0.0000000000e+00,0.0000000000e+00,1.5000000000e+01
2111,0.0000000000e+00,0.0000000000e+00,1.6000000000e+01
2112,0.0000000000e+00,0.0000000000e+00,1.2000000000e+01
2113,0.0000000000e+00,0.0000000000e+00,1.4000000000e+01
2114,0.0000000000e+00,0.0000000000e+00,1.2000000000e+01
2115,0.0000000000e+00,0.0000000000e+00,1.1000000000e+01
2116,0.0000000000e+00,0.0000000000e+00,5.0000000000e+00
2117,0.0000000000e+00,0.0000000000e+00,1.3000000000e+01
2118,0.0000000000e+00,0.0000000000e+00,5.0000000000e+00
2119,0.0000000000e+00,0.0000000000e+00,1.0000000000e+01
2120,0.0000000000e+00,0.0000000000e+00,1.4000000000e+01
2121,0.0000000000e+00,0.0000000000e+00,7.0000000000e+00
2122,0.0000000000e+00,0.0000000000e+00,1.2000000000e+01
2123,0.0000000000e+00,0.0000000000e+00,1.2000000000e+01
2124,0.0000000000e+00,0.0000000000e+00,1.1000000000e+01
2125,0.0000000000e+00,0.0000000000e+00,1.0000000000e+01
2126,0.0000000000e+00,0.0000000000e+00,1.2000000000e+01
2127,0.0000000000e+00,0.0000000000e+00,2.0000000000e+01
2128,0.0000000000e+00,0.0000000000e+00,6.0000000000e+00
2129,0.0000000000e+00,0.0000000000e+00,1.4000000000e+01
2130,0.0000000000e+00,0.0000000000e+00,8.0000000000e+00
2131,0.0000000000e+00,0.0000000000e+00,1.1000000000e+01
2132,0.0000000000e+00,0.0000000000e+00,1.0000000000e+01
2133,0.0000000000e+00,0.0000000000e+00,9.0000000000e+00
2134,0.0000000000e+00,0.0000000000e+00,9.0000000000e+00
2135,0.0000000000e+00,0.0000000000e+00,8.0000000000e+00
2136,0.0000000000e+00,0.0000000000e+00,1.1000000000e+01
2137,0.0000000000e+00,0.0000000000e+00,1.3000000000e+01
2138,0.0000000000e+00,0.0000000000e+00,1.3000000000e+01
2139,0.0000000000e+00,0.0000000000e+00,7.0000000000e+00
2140,0.0000000000e+00,0.0000000000e+00,1.3000000000e+01
2141,0.0000000000e+00,0.0000000000e+00,1.1000000000e+01
2142,0.0000000000e+00,0.0000000000e+00,7.0000000000e+00
2143,0.0000000000e+00,0.0000000000e+00,7.0000000000e+00
2144,0.0000000000e+00,0.0000000000e+00,1.2000000000e+01
2145,0.0000000000e+00,0.0000000000e+00,1.1000000000e+01
2146,0.0000000000e+00,0.0000000000e+00,8.0000000000e+00
2147,0.0000000000e+00,0.0000000000e+00,2.0000000000e+01
2148,0.0000000000e+00,0.0000000000e+00,1.2000000000e+01
2149,0.0000000000e+00,0.0000000000e+00,1.2000000000e+01
2150,0.0000000000e+00,0.0000000000e+00,1.9000000000e+01
2151,0.0000000000e+00,0.0000000000e+00,9.0000000000e+00
2152,0.0000000000e+00,0.0000000000e+00,1.5000000000e+01
2153,0.0000000000e+00,0.0000000000e+00,1.0000000000e+01
2154,0.0000000000e+00,0.0000000000e+00,8.0000000000e+00
2155,0.0000000000e+00,0.0000000000e+00,1.2000000000e+01
2156,0.0000000000e+00,0.0000000000e+00,9.0000000000e+00
2157,0.0000000000e+00,0.0000000000e+00,8.0000000000e+00
2158,0.0000000000e+00,0.0000000000e+00,8.0000000000e+00
2159,0.0000000000e+00,0.0000000000e+00,1.1000000000e+01
2160,0.0000000000e+00,0.0000000000e+00,1.2000000000e+01
2161,0.0000000000e+00,0.0000000000e+00,1.8000000000e+01
2162,0.0000000000e+00,0.0000000000e+00,6.0000000000e+00
2163,0.0000000000e+00,0.0000000000e+00,1.5000000000e+01
2164,0.0000000000e+00,0.0000000000e+00,1.2000000000e+01
2165,0.0000000000e+00,0.0000000000e+00,1.1000000000e+01
2166,0.0000000000e+00,0.0000000000e+00,1.1000000000e+01
2167,0.0000000000e+00,0.0000000000e+00,1.5000000000e+01
2168,0.0000000000e+00,0.0000000000e+00,1.1000000000e+01
2169,0.0000000000e+00,0.0000000000e+00,6.0000000000e+00
2170,0.0000000000e+00,0.0000000000e+00,1.3000000000e+01
2171,0.0000000000e+00,0.0000000000e+00,8.0000000000e+00
2172,0.0000000000e+00,0.0000000000e+00,1.3000000000e+01
2173,0.0000000000e+00,0.0000000000e+00,8.0000000000e+00
2174,0.0000000000e+00,0.0000000000e+00,1.8000000000e+01
2175,0.0000000000e+00,0.0000000000e+00,9.0000000000e+00
2176,0.0000000000e+00,0.0000000000e+00,1.8000000000e+01
2177,0.0000000000e+00,0.0000000000e+00,7.0000000000e+00
2178,0.0000000000e+00,0.0000000000e+00,9.0000000000e+00
2179,0.0000000000e+00,0.0000000000e+00,1.3000000000e+01
2180,0.0000000000e+00,0.0000000000e+00,1.6000000000e+01
2181,0.0000000000e+00,0.0000000000e+00,9.0000000000e+00
2182,0.0000000000e+00,0.0000000000e+00,1.0000000000e+01
2183,0.0000000000e+00,0.0000000000e+00,6.0000000000e+00
2184,0.0000000000e+00,0.0000000000e+00,1.3000000000e+01
2185,0.0000000000e+00,0.0000000000e+00,1.4000000000e+01
2186,0.0000000000e+00,0.0000000000e+00,7.0000000000e+00
2187,0.0000000000e+00,0.0000000000e+00,1.0000000000e+01
2188,0.0000000000e+00,0.0000000000e+00,9.0000000000e+00
2189,0.0000000000e+00,0.0000000000e+00,9.0000000000e+00
2190,0.0000000000e+00,0.0000000000e+00,8.0000000000e+00
2191,0.0000000000e+00,0.0000000000e+00,1.9000000000e+01
2192,0.0000000000e+00,0.0000000000e+00,1.2000000000e+01
2193,0.0000000000e+00,0.0000000000e+00,8.0000000000e+00
2194,0.0000000000e+00,0.0000000000e+00,8.0000000000e+00
2195,0.0000000000e+00,0.0000000000e+00,1.6000000000e+01
2196,0.0000000000e+00,0.0000000000e+00,1.0000000000e+01
2197,0.0000000000e+00,0.0000000000e+00,1.0000000000e+01
2198,0.0000000000e+00,0.0000000000e+00,9.0000000000e+00
2199,0.0000000000e+00,0.0000000000e+00,1.6000000000e+01
2200,0.0000000000e+00,0.0000000000e+00,6.0000000000e+00
2201,0.0000000000e+00,0.0000000000e+00,9.0000000000e+00
2202,0.0000000000e+00,0.0000000000e+00,8.0000000000e+00
2203,0.0000000000e+00,0.0000000000e+00,1.4000000000e+01
2204,0.0000000000e+00,0.0000000000e+00,9.0000000000e+00
2205,0.0000000000e+00,0.0000000000e+00,9.0000000000e+00
2206,0.0000000000e+00,0.0000000000e+00,1.3000000000e+01
2207,0.0000000000e+00,0.0000000000e+00,1.0000000000e+01
2208,0.0000000000e+00,0.0000000000e+00,1.2000000000e+01
2209,0.0000000000e+00,0.0000000000e+00,7.0000000000e+00
2210,0.0000000000e+00,0.0000000000e+00,1.2000000000e+01
2211,0.0000000000e+00,0.0000000000e+00,1.3000000000e+01
2212,0.0000000000e+00,0.0000000000e+00,1.3000000000e+01
2213,0.0000000000e+00,0.0000000000e+00,1.0000000000e+01
2214,0.0000000000e+00,0.0000000000e+00,1.3000000000e+01
2215,0.0000000000e+00,0.0000000000e+00,8.0000000000e+00
2216,0.0000000000e+00,0.0000000000e+00,7.0000000000e+00
2217,0.0000000000e+00,0.0000000000e+00,7.0000000000e+00
2218,0.0000000000e+00,0.0000000000e+00,1.0000000000e+01
2219,0.0000000000e+00,0.0000000000e+00,9.0000000000e+00
2220,0.0000000000e+00,0.0000000000e+00,1.1000000000e+01
2221,0.0000000000e+00,0.0000000000e+00,1.0000000000e+01
2222,0.0000000000e+00,0.0000000000e+00,7.0000000000e+00
2223,0.0000000000e+00,0.0000000000e+00,1.3000000000e+01
2224,0.0000000000e+00,0.0000000000e+00,1.1000000000e+01
2225,0.0000000000e+00,0.0000000000e+00,8.0000000000e+00
2226,0.0000000000e+00,0.0000000000e+00,1.2000000000e+01
2227,0.0000000000e+00,0.0000000000e+00,8.0000000000e+00
2228,0.0000000000e+00,0.0000000000e+00,5.0000000000e+00
2229,0.0000000000e+00,0.0000000000e+00,8.0000000000e+00
2230,0.0000000000e+00,0.0000000000e+00,8.0000000000e+00
2231,0.0000000000e+00,0.0000000000e+00,9.0000000000e+00
2232,0.0000000000e+00,0.0000000000e+00,8.0000000000e+00
2233,0.0000000000e+00,0.0000000000e+00,1.1000000000e+01
2234,0.0000000000e+00,0.0000000000e+00,1.0000000000e+01
2235,0.0000000000e+00,0.0000000000e+00,1.2000000000e+01
2236,0.0000000000e+00,0.0000000000e+00,1.2000000000e+01
2237,0.0000000000e+00,0.0000000000e+00,9.0000000000e+00
2238,0.0000000000e+00,0.0000000000e+00,1.2000000000e+01
2239,0.0000000000e+00,0.0000000000e+00,1.1000000000e+01
2240,0.0000000000e+00,0.0000000000e+00,1.1000000000e+01
2241,0.0000000000e+00,0.0000000000e+00,1.1000000000e+01
2242,0.0000000000e+00,0.0000000000e+00,8.0000000000e+00
2243,0.0000000000e+00,0.0000000000e+00,9.0000000000e+00
2244,0.0000000000e+00,0.0000000000e+00,1.2000000000e+01
2245,0.0000000000e+00,0.0000000000e+00,8.0000000000e+00
2246,0.0000000000e+00,0.0000000000e+00,1.0000000000e+01
2247,0.0000000000e+00,0.0000000000e+00,1.3000000000e+01
2248,0.0000000000e+00,0.0000000000e+00,5.0000000000e+00
2249,0.0000000000e+00,0.0000000000e+00,8.0000000000e+00
2250,0.0000000000e+00,0.0000000000e+00,1.3000000000e+01
2251,0.0000000000e+00,0.0000000000e+00,1.3000000000e+01
2252,0.0000000000e+00,0.0000000000e+00,1.3000000000e+01
2253,0.0000000000e+00,0.0000000000e+00,2.2000000000e+01
2254,0.0000000000e+00,0.0000000000e+00,1.3000000000e+01
2255,0.0000000000e+00,0.0000000000e+00,8.0000000000e+00
2256,0.0000000000e+00,0.0000000000e+00,4.0000000000e+00
2257,0.0000000000e+00,0.0000000000e+00,1.0000000000e+01
2258,0.0000000000e+00,0.0000000000e+00,1.1000000000e+01
2259,0.0000000000e+00,0.0000000000e+00,1.3000000000e+01
2260,0.0000000000e+00,0.0000000000e+00,1.4000000000e+01
2261,0.0000000000e+00,0.0000000000e+00,6.0000000000e+00
2262,0.0000000000e+00,0.0000000000e+00,1.5000000000e+01
2263,0.0000000000e+00,0.0000000000e+00,1.1000000000e+01
2264,0.0000000000e+00,0.0000000000e+00,1.4000000000e+01
2265,0.0000000000e+00,0.0000000000e+00,8.0000000000e+00
2266,0.0000000000e+00,0.0000000000e+00,1.3000000000e+01
2267,0.0000000000e+00,0.0000000000e+00,5.0000000000e+00
2268,0.0000000000e+00,0.0000000000e+00,1.0000000000e+01
2269,0.0000000000e+00,0.0000000000e+00,6.0000000000e+00
2270,0.0000000000e+00,0.0000000000e+00,1.4000000000e+01
2271,0.0000000000e+00,0.0000000000e+00,5.0000000000e+00
2272,0.0000000000e+00,0.0000000000e+00,7.0000000000e+00
2273,0.0000000000e+00,0.0000000000e+00,1.5000000000e+01
2274,0.0000000000e+00,0.0000000000e+00,8.0000000000e+00
2275,0.0000000000e+00,0.0000000000e+00,1.5000000000e+01
2276,0.0000000000e+00,0.0000000000e+00,4.0000000000e+00
2277,0.0000000000e+00,0.0000000000e+00,6.0000000000e+00
2278,0.0000000000e+00,0.0000000000e+00,4.0000000000e+00
2279,0.0000000000e+00,0.0000000000e+00,7.0000000000e+00
2280,0.0000000000e+00,0.0000000000e+00,8.0000000000e+00
2281,0.0000000000e+00,0.0000000000e+00,1.1000000000e+01
2282,0.0000000000e+00,0.0000000000e+00,1.4000000000e+01
2283,0.0000000000e+00,0.0000000000e+00,8.0000000000e+00
2284,0.0000000000e+00,0.0000000000e+00,8.0000000000e+00
2285,0.0000000000e+00,0.0000000000e+00,1.0000000000e+01
2286,0.0000000000e+00,0.0000000000e+00,1.0000000000e+01
2287,0.0000000000e+00,0.0000000000e+00,9.0000000000e+00
2288,0.0000000000e+00,0.0000000000e+00,1.1000000000e+01
2289,0.0000000000e+00,0.0000000000e+00,1.5000000000e+01
2290,0.0000000000e+00,0.0000000000e+00,1.5000000000e+01
2291,0.0000000000e+00,0.0000000000e+00,7.0000000000e+00
2292,0.0000000000e+00,0.0000000000e+00,7.0000000000e+00
2293,0.0000000000e+00,0.0000000000e+00,6.0000000000e+00
2294,0.0000000000e+00,0.0000000000e+00,1.2000000000e+01
2295,0.0000000000e+00,0.0000000000e+00,1.3000000000e+01
2296,0.0000000000e+00,0.0000000000e+00,1.4000000000e+01
2297,0.0000000000e+00,0.0000000000e+00,1.3000000000e+01
2298,0.0000000000e+00,0.0000000000e+00,1.2000000000e+01
2299,0.0000000000e+00,0.0000000000e+00,1.0000000000e+01
2300,0.0000000000e+00,0.0000000000e+00,8.0000000000e+00
2301,0.0000000000e+00,0.0000000000e+00,6.0000000000e+00
2302,0.0000000000e+00,0.0000000000e+00,1.2000000000e+01
2303,0.0000000000e+00,0.0000000000e+00,1.2000000000e+01
2304,0.0000000000e+00,0.0000000000e+00,1.4000000000e+01
2305,0.0000000000e+00,0.0000000000e+00,1.5000000000e+01
2306,0.0000000000e+00,0.0000000000e+00,1.0000000000e+01
2307,0.0000000000e+00,0.0000000000e+00,7.0000000000e+00
2308,0.0000000000e+00,0.0000000000e+00,8.0000000000e+00
2309,0.0000000000e+00,0.0000000000e+00,1.4000000000e+01
2310,0.0000000000e+00,0.0000000000e+00,9.0000000000e+00
2311,0.0000000000e+00,0.0000000000e+00,8.0000000000e+00
2312,0.0000000000e+00,0.0000000000e+00,9.0000000000e+00
2313,0.0000000000e+00,0.0000000000e+00,8.0000000000e+00
2314,0.0000000000e+00,0.0000000000e+00,2.1000000000e+01
2315,0.0000000000e+00,0.0000000000e+00,1.2000000000e+01
2316,0.0000000000e+00,0.0000000000e+00,1.2000000000e+01
2317,0.0000000000e+00,0.0000000000e+00,5.0000000000e+00
2318,0.0000000000e+00,0.0000000000e+00,9.0000000000e+00
2319,0.0000000000e+00,0.0000000000e+00,1.0000000000e+01
2320,0.0000000000e+00,0.0000000000e+00,1.3000000000e+01
2321,0.0000000000e+00,0.0000000000e+00,8.0000000000e+00
2322,0.0000000000e+00,0.0000000000e+00,1.7000000000e+01
2323,0.0000000000e+00,0.0000000000e+00,8.0000000000e+00
2324,0.0000000000e+00,0.0000000000e+00,1.1000000000e+01
2325,0.0000000000e+00,0.0000000000e+00,1.4000000000e+01
2326,0.0000000000e+00,0.0000000000e+00,9.0000000000e+00
2327,0.0000000000e+00,0.0000000000e+00,9.0000000000e+00
2328,0.0000000000e+00,0.0000000000e+00,1.1000000000e+01
2329,0.0000000000e+00,0.0000000000e+00,1.1000000000e+01
2330,0.0000000000e+00,0.0000000000e+00,1.3000000000e+01
2331,0.0000000000e+00,0.0000000000e+00,7.0000000000e+00
2332,0.0000000000e+00,0.0000000000e+00,7.0000000000e+00
2333,0.0000000000e+00,0.0000000000e+00,1.7000000000e+01
2334,0.0000000000e+00,0.0000000000e+00,9.0000000000e+00
2335,0.0000000000e+00,0.0000000000e+00,1.6000000000e+01
2336,0.0000000000e+00,0.0000000000e+00,1.3000000000e+01
2337,0.0000000000e+00,0.0000000000e+00,1.4000000000e+01
2338,0.0000000000e+00,0.0000000000e+00,1.5000000000e+01
2339,0.0000000000e+00,0.0000000000e+00,1.6000000000e+01
2340,0.0000000000e+00,0.0000000000e+00,1.3000000000e+01
2341,0.0000000000e+00,0.0000000000e+00,8.0000000000e+00
2342,0.0000000000e+00,0.0000000000e+00,1.7000000000e+01
2343,0.0000000000e+00,0.0000000000e+00,8.0000000000e+00
2344,0.0000000000e+00,0.0000000000e+00,7.0000000000e+00
2345,0.0000000000e+00,0.0000000000e+00,8.0000000000e+00
2346,0.0000000000e+00,0.0000000000e+00,1.2000000000e+01
2347,0.0000000000e+00,0.0000000000e+00,1.6000000000e+01
2348,0.0000000000e+00,0.0000000000e+00,1.2000000000e+01
2349,0.0000000000e+00,0.0000000000e+00,9.0000000000e+00
2350,0.0000000000e+00,0.0000000000e+00,1.2000000000e+01
2351,0.0000000000e+00,0.0000000000e+00,1.7000000000e+01
2352,0.0000000000e+00,0.0000000000e+00,1.6000000000e+01
2353,0.0000000000e+00,0.0000000000e+00,8.0000000000e+00
2354,0.0000000000e+00,0.0000000000e+00,9.0000000000e+00
2355,0.0000000000e+00,0.0000000000e+00,8.0000000000e+00
2356,0.0000000000e+00,0.0000000000e+00,9.0000000000e+00
2357,0.0000000000e+00,0.0000000000e+00,8.0000000000e+00
2358,0.0000000000e+00,0.0000000000e+00,9.0000000000e+00
2359,0.0000000000e+00,0.0000000000e+00,1.3000000000e+01
2360,0.0000000000e+00,0.0000000000e+00,1.4000000000e+01
2361,0.0000000000e+00,0.0000000000e+00,9.0000000000e+00
2362,0.0000000000e+00,0.0000000000e+00,1.7000000000e+01
2363,0.0000000000e+00,0.0000000000e+00,1.4000000000e+01
2364,0.0000000000e+00,0.0000000000e+00,9.0000000000e+00
2365,0.0000000000e+00,0.0000000000e+00,8.0000000000e+00
2366,0.0000000000e+00,0.0000000000e+00,9.0000000000e+00
2367,0.0000000000e+00,0.0000000000e+00,1.0000000000e+01
2368,0.0000000000e+00,0.0000000000e+00,6.0000000000e+00
2369,0.0000000000e+00,0.0000000000e+00,1.4000000000e+01
2370,0.0000000000e+00,0.0000000000e+00,1.2000000000e+01
2371,0.0000000000e+00,0.0000000000e+00,1.1000000000e+01
2372,0.0000000000e+00,0.0000000000e+00,1.0000000000e+01
2373,0.0000000000e+00,0.0000000000e+00,4.0000000000e+00
2374,0.0000000000e+00,0.0000000000e+00,1.5000000000e+01
2375,0.0000000000e+00,0.0000000000e+00,7.0000000000e+00
2376,0.0000000000e+00,0.0000000000e+00,1.1000000000e+01
2377,0.0000000000e+00,0.0000000000e+00,1.5000000000e+01
2378,0.0000000000e+00,0.0000000000e+00,1.0000000000e+01
2379,0.0000000000e+00,0.0000000000e+00,7.0000000000e+00
2380,0.0000000000e+00,0.0000000000e+00,8.0000000000e+00
2381,0.0000000000e+00,0.0000000000e+00,1.5000000000e+01
2382,0.0000000000e+00,0.0000000000e+00,1.1000000000e+01
2383,0.0000000000e+00,0.0000000000e+00,1.3000000000e+01
2384,0.0000000000e+00,0.0000000000e+00,6.0000000000e+00
2385,0.0000000000e+00,0.0000000000e+00,6.0000000000e+00
2386,0.0000000000e+00,0.0000000000e+00,1.3000000000e+01
2387,0.0000000000e+00,0.0000000000e+00,1.4000000000e+01
2388,0.0000000000e+00,0.0000000000e+00,1.3000000000e+01
2389,0.0000000000e+00,0.0000000000e+00,1.3000000000e+01
2390,0.0000000000e+00,0.0000000000e+00,9.0000000000e+00
2391,0.0000000000e+00,0.0000000000e+00,9.0000000000e+00
2392,0.0000000000e+00,0.0000000000e+00,1.8000000000e+01
2393,0.0000000000e+00,0.0000000000e+00,1.3000000000e+01
2394,0.0000000000e+00,0.0000000000e+00,1.0000000000e+01
2395,0.0000000000e+00,0.0000000000e+00,9.0000000000e+00
2396,0.0000000000e+00,0.0000000000e+00,1.1000000000e+01
2397,0.0000000000e+00,0.0000000000e+00,6.0000000000e+00
2398,0.0000000000e+00,0.0000000000e+00,1.0000000000e+01
2399,0.0000000000e+00,0.0000000000e+00,6.0000000000e+00
2400,0.0000000000e+00,0.0000000000e+00,9.0000000000e+00
2401,0.0000000000e+00,0.0000000000e+00,1.0000000000e+01
2402,0.0000000000e+00,0.0000000000e+00,1.2000000000e+01
2403,0.0000000000e+00,0.0000000000e+00,1.0000000000e+01
2404,0.0000000000e+00,0.0000000000e+00,1.5000000000e+01
2405,0.0000000000e+00,0.0000000000e+00,1.2000000000e+01
2406,0.0000000000e+00,0.0000000000e+00,8.0000000000e+00
2407,0.0000000000e+00,0.0000000000e+00,1.4000000000e+01
2408,0.0000000000e+00,0.0000000000e+00,6.0000000000e+00
2409,0.0000000000e+00,0.0000000000e+00,8.0000000000e+00
2410,0.0000000000e+00,0.0000000000e+00,8.0000000000e+00
2411,0.0000000000e+00,0.0000000000e+00,1.4000000000e+01
2412,0.0000000000e+00,0.0000000000e+00,8.0000000000e+00
2413,0.0000000000e+00,0.0000000000e+00,5.0000000000e+00
2414,0.0000000000e+00,0.0000000000e+00,1.7000000000e+01
2415,0.0000000000e+00,0.0000000000e+00,1.6000000000e+01
2416,0.0000000000e+00,0.0000000000e+00,8.0000000000e+00
2417,0.0000000000e+00,0.0000000000e+00,1.1000000000e+01
2418,0.0000000000e+00,0.0000000000e+00,1.0000000000e+01
2419,0.0000000000e+00,0.0000000000e+00,1.1000000000e+01
2420,0.0000000000e+00,0.0000000000e+00,1.1000000000e+01
2421,0.0000000000e+00,0.0000000000e+00,6.0000000000e+00
2422,0.0000000000e+00,0.0000000000e+00,6.0000000000e+00
2423,0.0000000000e+00,0.0000000000e+00,1.5000000000e+01
2424,0.0000000000e+00,0.0000000000e+00,9.0000000000e+00
2425,0.0000000000e+00,0.0000000000e+00,1.0000000000e+01
2426,0.0000000000e+00,0.0000000000e+00,8.0000000000e+00
2427,0.0000000000e+00,0.0000000000e+00,1.5000000000e+01
2428,0.0000000000e+00,0.0000000000e+00,1.1000000000e+01
2429,0.0000000000e+00,0.0000000000e+00,1.0000000000e+01
2430,0.0000000000e+00,0.0000000000e+00,7.0000000000e+00
2431,0.0000000000e+00,0.0000000000e+00,7.0000000000e+00
2432,0.0000000000e+00,0.0000000000e+00,1.7000000000e+01
2433,0.0000000000e+00,0.0000000000e+00,1.2000000000e+01
2434,0.0000000000e+00,0.0000000000e+00,1.3000000000e+01
2435,0.0000000000e+00,0.0000000000e+00,7.0000000000e+00
2436,0.0000000000e+00,0.0000000000e+00,1.0000000000e+01
2437,0.0000000000e+00,0.0000000000e+00,1.3000000000e+01
2438,0.0000000000e+00,0.0000000000e+00,1.1000000000e+01
2439,0.0000000000e+00,0.0000000000e+00,9.0000000000e+00
2440,0.0000000000e+00,0.0000000000e+00,1.4000000000e+01
2441,0.0000000000e+00,0.0000000000e+00,1.3000000000e+01
2442,0.0000000000e+00,0.0000000000e+00,7.0000000000e+00
2443,0.0000000000e+00,0.0000000000e+00,6.0000000000e+00
2444,0.0000000000e+00,0.0000000000e+00,6.0000000000e+00
2445,0.0000000000e+00,0.0000000000e+00,4.0000000000e+00
2446,0.0000000000e+00,0.0000000000e+00,1.1000000000e+01
2447,0.0000000000e+00,0.0000000000e+00,8.0000000000e+00
2448,0.0000000000e+00,0.0000000000e+00,1.0000000000e+01
2449,0.0000000000e+00,0.0000000000e+00,1.4000000000e+01
2450,0.0000000000e+00,0.0000000000e+00,1.3000000000e+01
2451,0.0000000000e+00,0.0000000000e+00,1.0000000000e+01
2452,0.0000000000e+00,0.0000000000e+00,7.0000000000e+00
2453,0.0000000000e+00,0.0000000000e+00,9.0000000000e+00
2454,0.0000000000e+00,0.0000000000e+00,1.0000000000e+01
2455,0.0000000000e+00,0.0000000000e+00,1.3000000000e+01
2456,0.0000000000e+00,0.0000000000e+00,1.1000000000e+01
2457,0.0000000000e+00,0.0000000000e+00,9.0000000000e+00
2458,0.0000000000e+00,0.0000000000e+00,1.2000000000e+01
2459,0.0000000000e+00,0.0000000000e+00,1.3000000000e+01
2460,0.0000000000e+00,0.0000000000e+00,1.0000000000e+01
2461,0.0000000000e+00,0.0000000000e+00,1.7000000000e+01
2462,0.0000000000e+00,0.0000000000e+00,8.0000000000e+00
2463,0.0000000000e+00,0.0000000000e+00,9.0000000000e+00
2464,0.0000000000e+00,0.0000000000e+00,8.0000000000e+00
2465,0.0000000000e+00,0.0000000000e+00,1.3000000000e+01
2466,0.0000000000e+00,0.0000000000e+00,1.2000000000e+01
2467,0.0000000000e+00,0.0000000000e+00,9.0000000000e+00
2468,0.0000000000e+00,0.0000000000e+00,1.4000000000e+01
2469,0.0000000000e+00,0.0000000000e+00,9.0000000000e+00
2470,0.0000000000e+00,0.0000000000e+00,1.0000000000e+01
2471,0.0000000000e+00,0.0000000000e+00,1.0000000000e+01
2472,0.0000000000e+00,0.0000000000e+00,9.0000000000e+00
2473,0.0000000000e+00,0.0000000000e+00,1.3000000000e+01
2474,0.0000000000e+00,0.0000000000e+00,1.1000000000e+01
2475,0.0000000000e+00,0.0000000000e+00,1.2000000000e+01
2476,0.0000000000e+00,0.0000000000e+00,1.6000000000e+01
2477,0.0000000000e+00,0.0000000000e+00,4.0000000000e+00
2478,0.0000000000e+00,0.0000000000e+00,1.1000000000e+01
2479,0.0000000000e+00,0.0000000000e+00,1.3000000000e+01
2480,0.0000000000e+00,0.0000000000e+00,1.0000000000e+01
2481,0.0000000000e+00,0.0000000000e+00,1.4000000000e+01
2482,0.0000000000e+00,0.0000000000e+00,1.5000000000e+01
2483,0.0000000000e+00,0.0000000000e+00,1.3000000000e+01
2484,0.0000000000e+00,0.0000000000e+00,9.0000000000e+00
2485,0.0000000000e+00,0.0000000000e+00,8.0000000000e+00
2486,0.0000000000e+00,0.0000000000e+00,1.0000000000e+01
2487,0.0000000000e+00,0.0000000000e+00,1.1000000000e+01
2488,0.0000000000e+00,0.0000000000e+00,9.0000000000e+00
2489,0.0000000000e+00,0.0000000000e+00,1.3000000000e+01
2490,0.0000000000e+00,0.0000000000e+00,7.0000000000e+00
2491,0.0000000000e+00,0.0000000000e+00,1.5000000000e+01
2492,0.0000000000e+00,0.0000000000e+00,1.3000000000e+01
2493,0.0000000000e+00,0.0000000000e+00,1.0000000000e+01
2494,0.0000000000e+00,0.0000000000e+00,1.4000000000e+01
2495,0.0000000000e+00,0.0000000000e+00,1.2000000000e+01
2496,0.0000000000e+00,0.0000000000e+00,1.4000000000e+01
2497,0.0000000000e+00,0.0000000000e+00,7.0000000000e+00
2498,0.0000000000e+00,0.0000000000e+00,1.0000000000e+01
2499,0.0000000000e+00,0.0000000000e+00,1.2000000000e+01
2500,0.0000000000e+00,0.0000000000e+00,9.0000000000e+00
2501,0.0000000000e+00,0.0000000000e+00,5.0000000000e+00
2502,0.0000000000e+00,0.0000000000e+00,1.6000000000e+01
2503,0.0000000000e+00,0.0000000000e+00,5.0000000000e+00
2504,0.0000000000e+00,0.0000000000e+00,8.0000000000e+00
2505,0.0000000000e+00,0.0000000000e+00,1.2000000000e+01
2506,0.0000000000e+00,0.0000000000e+00,7.0000000000e+00
2507,0.0000000000e+00,0.0000000000e+00,1.3000000000e+01
2508,0.0000000000e+00,0.0000000000e+00,1.3000000000e+01
2509,0.0000000000e+00,0.0000000000e+00,1.5000000000e+01
2510,0.0000000000e+00,0.0000000000e+00,1.5000000000e+01
2511,0.0000000000e+00,0.0000000000e+00,1.2000000000e+01
2512,0.0000000000e+00,0.0000000000e+00,1.6000000000e+01
2513,0.0000000000e+00,0.0000000000e+00,1.4000000000e+01
2514,0.0000000000e+00,0.0000000000e+00,1.5000000000e+01
2515,0.0000000000e+00,0.0000000000e+00,1.2000000000e+01
2516,0.0000000000e+00,0.0000000000e+00,1.1000000000e+01
2517,0.0000000000e+00,0.0000000000e+00,1.9000000000e+01
2518,0.0000000000e+00,0.0000000000e+00,1.8000000000e+01
2519,0.0000000000e+00,0.0000000000e+00,8.0000000000e+00
2520,0.0000000000e+00,0.0000000000e+00,1.4000000000e+01
2521,0.0000000000e+00,0.0000000000e+00,9.0000000000e+00
2522,0.0000000000e+00,0.0000000000e+00,1.8000000000e+01
2523,0.0000000000e+00,0.0000000000e+00,7.0000000000e+00
2524,0.0000000000e+00,0.0000000000e+00,1.3000000000e+01
2525,0.0000000000e+00,0.0000000000e+00,1.0000000000e+01
2526,0.0000000000e+00,0.0000000000e+00,8.0000000000e+00
2527,0.0000000000e+00,0.0000000000e+00,1.0000000000e+01
2528,0.0000000000e+00,0.0000000000e+00,8.0000000000e+00
2529,0.0000000000e+00,0.0000000000e+00,1.0000000000e+01
2530,0.0000000000e+00,0.0000000000e+00,1.3000000000e+01
2531,0.0000000000e+00,0.0000000000e+00,1.4000000000e+01
2532,0.0000000000e+00,0.0000000000e+00,1.7000000000e+01
2533,0.0000000000e+00,0.0000000000e+00,1.4000000000e+01
2534,0.0000000000e+00,0.0000000000e+00,1.3000000000e+01
2535,0.0000000000e+00,0.0000000000e+00,1.3000000000e+01
2536,0.0000000000e+00,0.0000000000e+00,1.2000000000e+01
2537,0.0000000000e+00,0.0000000000e+00,1.3000000000e+01
2538,0.0000000000e+00,0.0000000000e+00,1.3000000000e+01
2539,0.0000000000e+00,0.0000000000e+00,8.0000000000e+00
2540,0.0000000000e+00,0.0000000000e+00,1.0000000000e+01
2541,0.0000000000e+00,0.0000000000e+00,9.0000000000e+00
2542,0.0000000000e+00,0.0000000000e+00,1.2000000000e+01
2543,0.0000000000e+00,0.0000000000e+00,1.8000000000e+01
2544,0.0000000000e+00,0.0000000000e+00,1.1000000000e+01
2545,0.0000000000e+00,0.0000000000e+00,1.4000000000e+01
2546,0.0000000000e+00,0.0000000000e+00,1.1000000000e+01
2547,0.0000000000e+00,0.0000000000e+00,1.5000000000e+01
2548,0.0000000000e+00,0.0000000000e+00,9.0000000000e+00
2549,0.0000000000e+00,0.0000000000e+00,1.5000000000e+01
2550,0.0000000000e+00,0.0000000000e+00,1.2000000000e+01
2551,0.0000000000e+00,0.0000000000e+00,9.0000000000e+00
2552,0.0000000000e+00,0.0000000000e+00,2.2000000000e+01
2553,0.0000000000e+00,0.0000000000e+00,1.1000000000e+01
2554,0.0000000000e+00,0.0000000000e+00,8.0000000000e+00
2555,0.0000000000e+00,0.0000000000e+00,1.0000000000e+01
2556,0.0000000000e+00,0.0000000000e+00,1.4000000000e+01
2557,0.0000000000e+00,0.0000000000e+00,9.0000000000e+00
2558,0.0000000000e+00,0.0000000000e+00,1.1000000000e+01
2559,0.0000000000e+00,0.0000000000e+00,1.3000000000e+01
2560,0.0000000000e+00,0.0000000000e+00,1.7000000000e+01
2561,0.0000000000e+00,0.0000000000e+00,8.0000000000e+00
2562,0.0000000000e+00,0.0000000000e+00,1.2000000000e+01
2563,0.0000000000e+00,0.0000000000e+00,1.3000000000e+01
2564,0.0000000000e+00,0.0000000000e+00,1.4000000000e+01
2565,0.0000000000e+00,0.0000000000e+00,6.0000000000e+00
2566,0.0000000000e+00,0.0000000000e+00,1.5000000000e+01
2567,0.0000000000e+00,0.0000000000e+00,1.4000000000e+01
2568,0.0000000000e+00,0.0000000000e+00,1.7000000000e+01
2569,0.0000000000e+00,0.0000000000e+00,8.0000000000e+00
2570,0.0000000000e+00,0.0000000000e+00,1.5000000000e+01
2571,0.0000000000e+00,0.0000000000e+00,1.5000000000e+01
2572,0.0000000000e+00,0.0000000000e+00,1.1000000000e+01
2573,0.0000000000e+00,0.0000000000e+00,5.0000000000e+00
2574,0.0000000000e+00,0.0000000000e+00,1.0000000000e+01
2575,0.0000000000e+00,0.0000000000e+00,1.4000000000e+01
2576,0.0000000000e+00,0.0000000000e+00,1.1000000000e+01
2577,0.0000000000e+00,0.0000000000e+00,1.5000000000e+01
2578,0.0000000000e+00,0.0000000000e+00,1.0000000000e+01
2579,0.0000000000e+00,0.0000000000e+00,1.4000000000e+01
2580,0.0000000000e+00,0.0000000000e+00,1.1000000000e+01
2581,0.0000000000e+00,0.0000000000e+00,1.0000000000e+01
2582,0.0000000000e+00,0.0000000000e+00,1.9000000000e+01
2583,0.0000000000e+00,0.0000000000e+00,1.2000000000e+01
2584,0.0000000000e+00,0.0000000000e+00,1.2000000000e+01
2585,0.0000000000e+00,0.0000000000e+00,1.4000000000e+01
2586,0.0000000000e+00,0.0000000000e+00,1.8000000000e+01
2587,0.0000000000e+00,0.0000000000e+00,1.4000000000e+01
2588,0.0000000000e+00,0.0000000000e+00,5.0000000000e+00
2589,0.0000000000e+00,0.0000000000e+00,7.0000000000e+00
2590,0.0000000000e+00,0.0000000000e+00,1.0000000000e+01
2591,0.0000000000e+00,0.0000000000e+00,1.6000000000e+01
2592,0.0000000000e+00,0.0000000000e+00,1.3000000000e+01
2593,0.0000000000e+00,0.0000000000e+00,7.0000000000e+00
2594,0.0000000000e+00,0.0000000000e+00,7.0000000000e+00
2595,0.0000000000e+00,0.0000000000e+00,1.4000000000e+01
2596,0.0000000000e+00,0.0000000000e+00,1.0000000000e+01
2597,0.0000000000e+00,0.0000000000e+00,1.5000000000e+01
2598,0.0000000000e+00,0.0000000000e+00,8.0000000000e+00
2599,0.0000000000e+00,0.0000000000e+00,1.3000000000e+01
2600,0.0000000000e+00,0.0000000000e+00,1.0000000000e+01
2601,0.0000000000e+00,0.0000000000e+00,9.0000000000e+00
2602,0.0000000000e+00,0.0000000000e+00,1.4000000000e+01
2603,0.0000000000e+00,0.0000000000e+00,6.0000000000e+00
2604,0.0000000000e+00,0.0000000000e+00,1.5000000000e+01
2605,0.0000000000e+00,0.0000000000e+00,9.0000000000e+00
2606,0.0000000000e+00,0.0000000000e+00,7.0000000000e+00
2607,0.0000000000e+00,0.0000000000e+00,1.9000000000e+01
2608,0.0000000000e+00,0.0000000000e+00,9.0000000000e+00
2609,0.0000000000e+00,0.0000000000e+00,1.4000000000e+01
2610,0.0000000000e+00,0.0000000000e+00,1.4000000000e+01
2611,0.0000000000e+00,0.0000000000e+00,1.7000000000e+01
2612,0.0000000000e+00,0.0000000000e+00,1.3000000000e+01
2613,0.0000000000e+00,0.0000000000e+00,1.4000000000e+01
2614,0.0000000000e+00,0.0000000000e+00,1.0000000000e+01
2615,0.0000000000e+00,0.0000000000e+00,9.0000000000e+00
2616,0.0000000000e+00,0.0000000000e+00,7.0000000000e+00
2617,0.0000000000e+00,0.0000000000e+00,1.0000000000e+01
2618,0.0000000000e+00,0.0000000000e+00,5.0000000000e+00
2619,0.0000000000e+00,0.0000000000e+00,9.0000000000e+00
2620,0.0000000000e+00,0.0000000000e+00,1.5000000000e+01
2621,0.0000000000e+00,0.0000000000e+00,5.0000000000e+00
2622,0.0000000000e+00,0.0000000000e+00,1.2000000000e+01
2623,0.0000000000e+00,0.0000000000e+00,1.3000000000e+01
2624,0.0000000000e+00,0.0000000000e+00,8.0000000000e+00
2625,0.0000000000e+00,0.0000000000e+00,1.1000000000e+01
2626,0.0000000000e+00,0.0000000000e+00,1.5000000000e+01
2627,0.0000000000e+00,0.0000000000e+00,1.1000000000e+01
2628,0.0000000000e+00,0.0000000000e+00,9.0000000000e+00
2629,0.0000000000e+00,0.0000000000e+00,1.4000000000e+01
2630,0.0000000000e+00,0.0000000000e+00,1.5000000000e+01
2631,0.0000000000e+00,0.0000000000e+00,1.6000000000e+01
2632,0.0000000000e+00,0.0000000000e+00,9.0000000000e+00
2633,0.0000000000e+00,0.0000000000e+00,1.2000000000e+01
2634,0.0000000000e+00,0.0000000000e+00,9.0000000000e+00
2635,0.0000000000e+00,0.0000000000e+00,8.0000000000e+00
2636,0.0000000000e+00,0.0000000000e+00,1.1000000000e+01
2637,0.0000000000e+00,0.0000000000e+00,1.5000000000e+01
2638,0.0000000000e+00,0.0000000000e+00,1.1000000000e+01
2639,0.0000000000e+00,0.0000000000e+00,1.4000000000e+01
2640,0.0000000000e+00,0.0000000000e+00,1.4000000000e+01
2641,0.0000000000e+00,0.0000000000e+00,9.0000000000e+00
2642,0.0000000000e+00,0.0000000000e+00,1.2000000000e+01
2643,0.0000000000e+00,0.0000000000e+00,8.0000000000e+00
2644,0.0000000000e+00,0.0000000000e+00,1.1000000000e+01
2645,0.0000000000e+00,0.0000000000e+00,1.5000000000e+01
2646,0.0000000000e+00,0.0000000000e+00,1.0000000000e+01
2647,0.0000000000e+00,0.0000000000e+00,8.0000000000e+00
2648,0.0000000000e+00,0.0000000000e+00,1.6000000000e+01
2649,0.0000000000e+00,0.0000000000e+00,1.1000000000e+01
2650,0.0000000000e+00,0.0000000000e+00,1.2000000000e+01
2651,0.0000000000e+00,0.0000000000e+00,1.5000000000e+01
2652,0.0000000000e+00,0.0000000000e+00,9.0000000000e+00
2653,0.0000000000e+00,0.0000000000e+00,1.4000000000e+01
2654,0.0000000000e+00,0.0000000000e+00,1.2000000000e+01
2655,0.0000000000e+00,0.0000000000e+00,1.0000000000e+01
2656,0.0000000000e+00,0.0000000000e+00,1.0000000000e+01
2657,0.0000000000e+00,0.0000000000e+00,1.3000000000e+01
2658,0.0000000000e+00,0.0000000000e+00,1.0000000000e+01
2659,0.0000000000e+00,0.0000000000e+00,1.3000000000e+01
2660,0.0000000000e+00,0.0000000000e+00,1.1000000000e+01
2661,0.0000000000e+00,0.0000000000e+00,1.2000000000e+01
2662,0.0000000000e+00,0.0000000000e+00,9.0000000000e+00
2663,0.0000000000e+00,0.0000000000e+00,1.7000000000e+01
2664,0.0000000000e+00,0.0000000000e+00,9.0000000000e+00
2665,0.0000000000e+00,0.0000000000e+00,1.1000000000e+01
2666,0.0000000000e+00,0.0000000000e+00,1.4000000000e+01
2667,0.0000000000e+00,0.0000000000e+00,1.0000000000e+01
2668,0.0000000000e+00,0.0000000000e+00,1.7000000000e+01
2669,0.0000000000e+00,0.0000000000e+00,1.1000000000e+01
2670,0.0000000000e+00,0.0000000000e+00,1.2000000000e+01
2671,0.0000000000e+00,0.0000000000e+00,1.7000000000e+01
2672,0.0000000000e+00,0.0000000000e+00,1.2000000000e+01
2673,0.0000000000e+00,0.0000000000e+00,1.0000000000e+01
2674,0.0000000000e+00,0.0000000000e+00,1.1000000000e+01
2675,0.0000000000e+00,0.0000000000e+00,1.2000000000e+01
2676,0.0000000000e+00,0.0000000000e+00,1.1000000000e+01
2677,0.0000000000e+00,0.0000000000e+00,1.0000000000e+01
2678,0.0000000000e+00,0.0000000000e+00,7.0000000000e+00
2679,0.0000000000e+00,0.0000000000e+00,1.1000000000e+01
2680,0.0000000000e+00,0.0000000000e+00,1.7000000000e+01
2681,0.0000000000e+00,0.0000000000e+00,1.3000000000e+01
2682,0.0000000000e+00,0.0000000000e+00,1.4000000000e+01
2683,0.0000000000e+00,0.0000000000e+00,1.5000000000e+01
2684,0.0000000000e+00,0.0000000000e+00,1.0000000000e+01
2685,0.0000000000e+00,0.0000000000e+00,8.0000000000e+00
2686,0.0000000000e+00,0.0000000000e+00,1.3000000000e+01
2687,0.0000000000e+00,0.0000000000e+00,1.2000000000e+01
2688,0.0000000000e+00,0.0000000000e+00,1.2000000000e+01
2689,0.0000000000e+00,0.0000000000e+00,8.0000000000e+00
2690,0.0000000000e+00,0.0000000000e+00,9.0000000000e+00
2691,0.0000000000e+00,0.0000000000e+00,9.0000000000e+00
2692,0.0000000000e+00,0.0000000000e+00,1.5000000000e+01
2693,0.0000000000e+00,0.0000000000e+00,1.5000000000e+01
2694,0.0000000000e+00,0.0000000000e+00,1.3000000000e+01
2695,0.0000000000e+00,0.0000000000e+00,9.0000000000e+00
2696,0.0000000000e+00,0.0000000000e+00,1.2000000000e+01
2697,0.0000000000e+00,0.0000000000e+00,7.0000000000e+00
2698,0.0000000000e+00,0.0000000000e+00,1.0000000000e+01
2699,0.0000000000e+00,0.0000000000e+00,1.3000000000e+01
2700,0.0000000000e+00,0.0000000000e+00,1.7000000000e+01
2701,0.0000000000e+00,0.0000000000e+00,1.4000000000e+01
2702,0.0000000000e+00,0.0000000000e+00,9.0000000000e+00
2703,0.0000000000e+00,0.0000000000e+00,9.0000000000e+00
2704,0.0000000000e+00,0.0000000000e+00,1.4000000000e+01
2705,0.0000000000e+00,0.0000000000e+00,2.0000000000e+01
2706,0.0000000000e+00,0.0000000000e+00,1.1000000000e+01
2707,0.0000000000e+00,0.0000000000e+00,1.5000000000e+01
2708,0.0000000000e+00,0.0000000000e+00,1.2000000000e+01
2709,0.0000000000e+00,0.0000000000e+00,1.2000000000e+01
2710,0.0000000000e+00,0.0000000000e+00,1.0000000000e+01
2711,0.0000000000e+00,0.0000000000e+00,9.0000000000e+00
2712,0.0000000000e+00,0.0000000000e+00,1.1000000000e+01
2713,0.0000000000e+00,0.0000000000e+00,1.5000000000e+01
2714,0.0000000000e+00,0.0000000000e+00,1.1000000000e+01
2715,0.0000000000e+00,0.0000000000e+00,1.3000000000e+01
2716,0.0000000000e+00,0.0000000000e+00,1.2000000000e+01
2717,0.0000000000e+00,0.0000000000e+00,1.0000000000e+01
2718,0.0000000000e+00,0.0000000000e+00,1.3000000000e+01
2719,0.0000000000e+00,0.0000000000e+00,1.5000000000e+01
2720,0.0000000000e+00,0.0000000000e+00,1.3000000000e+01
2721,0.0000000000e+00,0.0000000000e+00,1.3000000000e+01
2722,0.0000000000e+00,0.0000000000e+00,9.0000000000e+00
2723,0.0000000000e+00,0.0000000000e+00,1.1000000000e+01
2724,0.0000000000e+00,0.0000000000e+00,8.0000000000e+00
2725,0.0000000000e+00,0.0000000000e+00,1.6000000000e+01
2726,0.0000000000e+00,0.0000000000e+00,1.8000000000e+01
2727,0.0000000000e+00,0.0000000000e+00,1.1000000000e+01
2728,0.0000000000e+00,0.0000000000e+00,1.2000000000e+01
2729,0.0000000000e+00,0.0000000000e+00,1.0000000000e+01
2730,0.0000000000e+00,0.0000000000e+00,1.4000000000e+01
2731,0.0000000000e+00,0.0000000000e+00,1.8000000000e+01
2732,0.0000000000e+00,0.0000000000e+00,1.5000000000e+01
2733,0.0000000000e+00,0.0000000000e+00,1.1000000000e+01
2734,0.0000000000e+00,0.0000000000e+00,1.0000000000e+01
2735,0.0000000000e+00,0.0000000000e+00,1.2000000000e+01
2736,0.0000000000e+00,0.0000000000e+00,1.6000000000e+01
2737,0.0000000000e+00,0.0000000000e+00,1.1000000000e+01
2738,0.0000000000e+00,0.0000000000e+00,6.0000000000e+00
2739,0.0000000000e+00,0.0000000000e+00,9.0000000000e+00
2740,0.0000000000e+00,0.0000000000e+00,1.8000000000e+01
2741,0.0000000000e+00,0.0000000000e+00,1.2000000000e+01
2742,0.0000000000e+00,0.0000000000e+00,1.4000000000e+01
2743,0.0000000000e+00,0.0000000000e+00,7.0000000000e+00
2744,0.0000000000e+00,0.0000000000e+00,1.1000000000e+01
2745,0.0000000000e+00,0.0000000000e+00,1.0000000000e+01
2746,0.0000000000e+00,0.0000000000e+00,1.0000000000e+01
2747,0.0000000000e+00,0.0000000000e+00,1.6000000000e+01
2748,0.0000000000e+00,0.0000000000e+00,1.1000000000e+01
2749,0.0000000000e+00,0.0000000000e+00,1.5000000000e+01
2750,0.0000000000e+00,0.0000000000e+00,1.1000000000e+01
2751,0.0000000000e+00,0.0000000000e+00,1.1000000000e+01
2752,0.0000000000e+00,0.0000000000e+00,1.3000000000e+01
2753,0.0000000000e+00,0.0000000000e+00,1.1000000000e+01
2754,0.0000000000e+00,0.0000000000e+00,1.1000000000e+01
2755,0.0000000000e+00,0.0000000000e+00,1.0000000000e+01
2756,0.0000000000e+00,0.0000000000e+00,1.2000000000e+01
2757,0.0000000000e+00,0.0000000000e+00,1.4000000000e+01
2758,0.0000000000e+00,0.0000000000e+00,7.0000000000e+00
2759,0.0000000000e+00,0.0000000000e+00,1.4000000000e+01
2760,0.0000000000e+00,0.0000000000e+00,6.0000000000e+00
2761,0.0000000000e+00,0.0000000000e+00,1.4000000000e+01
2762,0.0000000000e+00,0.0000000000e+00,1.2000000000e+01
2763,0.0000000000e+00,0.0000000000e+00,8.0000000000e+00
2764,0.0000000000e+00,0.0000000000e+00,1.6000000000e+01
2765,0.0000000000e+00,0.0000000000e+00,1.5000000000e+01
2766,0.0000000000e+00,0.0000000000e+00,1.0000000000e+01
2767,0.0000000000e+00,0.0000000000e+00,1.7000000000e+01
2768,0.0000000000e+00,0.0000000000e+00,7.0000000000e+00
2769,0.0000000000e+00,0.0000000000e+00,1.3000000000e+01
2770,0.0000000000e+00,0.0000000000e+00,1.4000000000e+01
2771,0.0000000000e+00,0.0000000000e+00,1.8000000000e+01
2772,0.0000000000e+00,0.0000000000e+00,1.4000000000e+01
2773,0.0000000000e+00,0.0000000000e+00,1.8000000000e+01
2774,0.0000000000e+00,0.0000000000e+00,1.6000000000e+01
2775,0.0000000000e+00,0.0000000000e+00,4.0000000000e+00
2776,0.0000000000e+00,0.0000000000e+00,1.4000000000e+01
2777,0.0000000000e+00,0.0000000000e+00,8.0000000000e+00
2778,0.0000000000e+00,0.0000000000e+00,1.0000000000e+01
2779,0.0000000000e+00,0.0000000000e+00,1.4000000000e+01
2780,0.0000000000e+00,0.0000000000e+00,1.6000000000e+01
2781,0.0000000000e+00,0.0000000000e+00,1.3000000000e+01
2782,0.0000000000e+00,0.0000000000e+00,1.4000000000e+01
2783,0.0000000000e+00,0.0000000000e+00,9.0000000000e+00
2784,0.0000000000e+00,0.0000000000e+00,5.0000000000e+00
2785,0.0000000000e+00,0.0000000000e+00,1.0000000000e+01
2786,0.0000000000e+00,0.0000000000e+00,1.3000000000e+01
2787,0.0000000000e+00,0.0000000000e+00,2.0000000000e+01
2788,0.0000000000e+00,0.0000000000e+00,1.0000000000e+01
2789,0.0000000000e+00,0.0000000000e+00,6.0000000000e+00
2790,0.0000000000e+00,0.0000000000e+00,9.0000000000e+00
2791,0.0000000000e+00,0.0000000000e+00,1.5000000000e+01
2792,0.0000000000e+00,0.0000000000e+00,7.0000000000e+00
2793,0.0000000000e+00,0.0000000000e+00,1.1000000000e+01
2794,0.0000000000e+00,0.0000000000e+00,6.0000000000e+00
2795,0.0000000000e+00,0.0000000000e+00,5.0000000000e+00
2796,0.0000000000e+00,0.0000000000e+00,1.2000000000e+01
2797,0.0000000000e+00,0.0000000000e+00,1.2000000000e+01
2798,0.0000000000e+00,0.0000000000e+00,1.4000000000e+01
2799,0.0000000000e+00,0.0000000000e+00,1.6000000000e+01
2800,0.0000000000e+00,0.0000000000e+00,1.3000000000e+01
2801,0.0000000000e+00,0.0000000000e+00,9.0000000000e+00
2802,0.0000000000e+00,0.0000000000e+00,1.2000000000e+01
2803,0.0000000000e+00,0.0000000000e+00,8.0000000000e+00
2804,0.0000000000e+00,0.0000000000e+00,1.5000000000e+01
2805,0.0000000000e+00,0.0000000000e+00,1.2000000000e+01
2806,0.0000000000e+00,0.0000000000e+00,1.3000000000e+01
2807,0.0000000000e+00,0.0000000000e+00,1.6000000000e+01
2808,0.0000000000e+00,0.0000000000e+00,1.2000000000e+01
2809,0.0000000000e+00,0.0000000000e+00,1.0000000000e+01
2810,0.0000000000e+00,0.0000000000e+00,1.0000000000e+01
2811,0.0000000000e+00,0.0000000000e+00,5.0000000000e+00
2812,0.0000000000e+00,0.0000000000e+00,1.3000000000e+01
2813,0.0000000000e+00,0.0000000000e+00,8.0000000000e+00
2814,0.0000000000e+00,0.0000000000e+00,1.4000000000e+01
2815,0.0000000000e+00,0.0000000000e+00,1.6000000000e+01
2816,0.0000000000e+00,0.0000000000e+00,1.1000000000e+01
2817,0.0000000000e+00,0.0000000000e+00,1.2000000000e+01
2818,0.0000000000e+00,0.0000000000e+00,1.4000000000e+01
2819,0.0000000000e+00,0.0000000000e+00,1.0000000000e+01
2820,0.0000000000e+00,0.0000000000e+00,1.1000000000e+01
2821,0.0000000000e+00,0.0000000000e+00,1.5000000000e+01
2822,0.0000000000e+00,0.0000000000e+00,1.3000000000e+01
2823,0.0000000000e+00,0.0000000000e+00,8.0000000000e+00
2824,0.0000000000e+00,0.0000000000e+00,8.0000000000e+00
2825,0.0000000000e+00,0.0000000000e+00,1.8000000000e+01
2826,0.0000000000e+00,0.0000000000e+00,1.1000000000e+01
2827,0.0000000000e+00,0.0000000000e+00,1.3000000000e+01
2828,0.0000000000e+00,0.0000000000e+00,1.2000000000e+01
2829,0.0000000000e+00,0.0000000000e+00,1.4000000000e+01
2830,0.0000000000e+00,0.0000000000e+00,1.4000000000e+01
2831,0.0000000000e+00,0.0000000000e+00,9.0000000000e+00
2832,0.0000000000e+00,0.0000000000e+00,7.0000000000e+00
2833,0.0000000000e+00,0.0000000000e+00,1.1000000000e+01
2834,0.0000000000e+00,0.0000000000e+00,9.0000000000e+00
2835,0.0000000000e+00,0.0000000000e+00,1.0000000000e+01
2836,0.0000000000e+00,0.0000000000e+00,1.4000000000e+01
2837,0.0000000000e+00,0.0000000000e+00,1.4000000000e+01
2838,0.0000000000e+00,0.0000000000e+00,6.0000000000e+00
2839,0.0000000000e+00,0.0000000000e+00,5.0000000000e+00
2840,0.0000000000e+00,0.0000000000e+00,1.0000000000e+01
2841,0.0000000000e+00,0.0000000000e+00,1.1000000000e+01
2842,0.0000000000e+00,0.0000000000e+00,7.0000000000e+00
2843,0.0000000000e+00,0.0000000000e+00,8.0000000000e+00
2844,0.0000000000e+00,0.0000000000e+00,1.2000000000e+01
2845,0.0000000000e+00,0.0000000000e+00,1.4000000000e+01
2846,0.0000000000e+00,0.0000000000e+00,9.0000000000e+00
2847,0.0000000000e+00,0.0000000000e+00,7.0000000000e+00
2848,0.0000000000e+00,0.0000000000e+00,1.0000000000e+01
2849,0.0000000000e+00,0.0000000000e+00,1.4000000000e+01
2850,0.0000000000e+00,0.0000000000e+00,1.2000000000e+01
2851,0.0000000000e+00,0.0000000000e+00,9.0000000000e+00
2852,0.0000000000e+00,0.0000000000e+00,1.1000000000e+01
2853,0.0000000000e+00,0.0000000000e+00,1.3000000000e+01
2854,0.0000000000e+00,0.0000000000e+00,6.0000000000e+00
2855,0.0000000000e+00,0.0000000000e+00,8.0000000000e+00
2856,0.0000000000e+00,0.0000000000e+00,9.0000000000e+00
2857,0.0000000000e+00,0.0000000000e+00,5.0000000000e+00
2858,0.0000000000e+00,0.0000000000e+00,1.2000000000e+01
2859,0.0000000000e+00,0.0000000000e+00,1.3000000000e+01
2860,0.0000000000e+00,0.0000000000e+00,8.0000000000e+00
2861,0.0000000000e+00,0.0000000000e+00,1.6000000000e+01
2862,0.0000000000e+00,0.0000000000e+00,1.0000000000e+01
2863,0.0000000000e+00,0.0000000000e+00,9.0000000000e+00
2864,0.0000000000e+00,0.0000000000e+00,8.0000000000e+00
2865,0.0000000000e+00,0.0000000000e+00,1.3000000000e+01
2866,0.0000000000e+00,0.0000000000e+00,1.2000000000e+01
2867,0.0000000000e+00,0.0000000000e+00,1.2000000000e+01
2868,0.0000000000e+00,0.0000000000e+00,1.2000000000e+01
2869,0.0000000000e+00,0.0000000000e+00,1.0000000000e+01
2870,0.0000000000e+00,0.0000000000e+00,1.1000000000e+01
2871,0.0000000000e+00,0.0000000000e+00,1.6000000000e+01
2872,0.0000000000e+00,0.0000000000e+00,9.0000000000e+00
2873,0.0000000000e+00,0.0000000000e+00,1.3000000000e+01
2874,0.0000000000e+00,0.0000000000e+00,1.2000000000e+01
2875,0.0000000000e+00,0.0000000000e+00,1.0000000000e+01
2876,0.0000000000e+00,0.0000000000e+00,1.1000000000e+01
2877,0.0000000000e+00,0.0000000000e+00,1.5000000000e+01
2878,0.0000000000e+00,0.0000000000e+00,9.0000000000e+00
2879,0.0000000000e+00,0.0000000000e+00,1.0000000000e+01
2880,0.0000000000e+00,0.0000000000e+00,7.0000000000e+00
2881,0.0000000000e+00,0.0000000000e+00,1.4000000000e+01
2882,0.0000000000e+00,0.0000000000e+00,1.4000000000e+01
2883,0.0000000000e+00,0.0000000000e+00,1.4000000000e+01
2884,0.0000000000e+00,0.0000000000e+00,1.3000000000e+01
2885,0.0000000000e+00,0.0000000000e+00,1.3000000000e+01
2886,0.0000000000e+00,0.0000000000e+00,1.9000000000e+01
2887,0.0000000000e+00,0.0000000000e+00,1.7000000000e+01
2888,0.0000000000e+00,0.0000000000e+00,8.0000000000e+00
2889,0.0000000000e+00,0.0000000000e+00,1.0000000000e+01
2890,0.0000000000e+00,0.0000000000e+00,9.0000000000e+00
2891,0.0000000000e+00,0.0000000000e+00,1.0000000000e+01
2892,0.0000000000e+00,0.0000000000e+00,9.0000000000e+00
2893,0.0000000000e+00,0.0000000000e+00,1.0000000000e+01
2894,0.0000000000e+00,0.0000000000e+00,8.0000000000e+00
2895,0.0000000000e+00,0.0000000000e+00,1.1000000000e+01
2896,0.0000000000e+00,0.0000000000e+00,1.2000000000e+01
2897,0.0000000000e+00,0.0000000000e+00,5.0000000000e+00
2898,0.0000000000e+00,0.0000000000e+00,1.6000000000e+01
2899,0.0000000000e+00,0.0000000000e+00,1.0000000000e+01
2900,0.0000000000e+00,0.0000000000e+00,1.0000000000e+01
2901,0.0000000000e+00,0.0000000000e+00,1.3000000000e+01
2902,0.0000000000e+00,0.0000000000e+00,1.5000000000e+01
2903,0.0000000000e+00,0.0000000000e+00,1.2000000000e+01
2904,0.0000000000e+00,0.0000000000e+00,8.0000000000e+00
2905,0.0000000000e+00,0.0000000000e+00,1.2000000000e+01
2906,0.0000000000e+00,0.0000000000e+00,6.0000000000e+00
2907,0.0000000000e+00,0.0000000000e+00,9.0000000000e+00
2908,0.0000000000e+00,0.0000000000e+00,8.0000000000e+00
2909,0.0000000000e+00,0.0000000000e+00,1.2000000000e+01
2910,0.0000000000e+00,0.0000000000e+00,1.5000000000e+01
2911,0.0000000000e+00,0.0000000000e+00,1.1000000000e+01
2912,0.0000000000e+00,0.0000000000e+00,1.0000000000e+01
2913,0.0000000000e+00,0.0000000000e+00,8.0000000000e+00
2914,0.0000000000e+00,0.0000000000e+00,1.3000000000e+01
2915,0.0000000000e+00,0.0000000000e+00,1.7000000000e+01
2916,0.0000000000e+00,0.0000000000e+00,1.0000000000e+01
2917,0.0000000000e+00,0.0000000000e+00,1.2000000000e+01
2918,0.0000000000e+00,0.0000000000e+00,1.2000000000e+01
2919,0.0000000000e+00,0.0000000000e+00,7.0000000000e+00
2920,0.0000000000e+00,0.0000000000e+00,6.0000000000e+00
2921,0.0000000000e+00,0.0000000000e+00,1.2000000000e+01
2922,0.0000000000e+00,0.0000000000e+00,1.1000000000e+01
2923,0.0000000000e+00,0.0000000000e+00,7.0000000000e+00
2924,0.0000000000e+00,0.0000000000e+00,1.0000000000e+01
2925,0.0000000000e+00,0.0000000000e+00,1.1000000000e+01
2926,0.0000000000e+00,0.0000000000e+00,1.1000000000e+01
2927,0.0000000000e+00,0.0000000000e+00,1.2000000000e+01
2928,0.0000000000e+00,0.0000000000e+00,1.4000000000e+01
2929,0.0000000000e+00,0.0000000000e+00,8.0000000000e+00
2930,0.0000000000e+00,0.0000000000e+00,9.0000000000e+00
2931,0.0000000000e+00,0.0000000000e+00,8.0000000000e+00
2932,0.0000000000e+00,0.0000000000e+00,9.0000000000e+00
2933,0.0000000000e+00,0.0000000000e+00,1.0000000000e+01
2934,0.0000000000e+00,0.0000000000e+00,7.0000000000e+00
2935,0.0000000000e+00,0.0000000000e+00,1.2000000000e+01
2936,0.0000000000e+00,0.0000000000e+00,7.0000000000e+00
2937,0.0000000000e+00,0.0000000000e+00,1.1000000000e+01
2938,0.0000000000e+00,0.0000000000e+00,5.0000000000e+00
2939,0.0000000000e+00,0.0000000000e+00,1.0000000000e+01
2940,0.0000000000e+00,0.0000000000e+00,1.4000000000e+01
2941,0.0000000000e+00,0.0000000000e+00,8.0000000000e+00
2942,0.0000000000e+00,0.0000000000e+00,7.0000000000e+00
2943,0.0000000000e+00,0.0000000000e+00,1.2000000000e+01
2944,0.0000000000e+00,0.0000000000e+00,9.0000000000e+00
2945,0.0000000000e+00,0.0000000000e+00,1.1000000000e+01
2946,0.0000000000e+00,0.0000000000e+00,9.0000000000e+00
2947,0.0000000000e+00,0.0000000000e+00,1.3000000000e+01
2948,0.0000000000e+00,0.0000000000e+00,1.2000000000e+01
2949,0.0000000000e+00,0.0000000000e+00,1.4000000000e+01
2950,0.0000000000e+00,0.0000000000e+00,1.7000000000e+01
2951,0.0000000000e+00,0.0000000000e+00,1.2000000000e+01
2952,0.0000000000e+00,0.0000000000e+00,1.7000000000e+01
2953,0.0000000000e+00,0.0000000000e+00,1.2000000000e+01
2954,0.0000000000e+00,0.0000000000e+00,1.2000000000e+01
2955,0.0000000000e+00,0.0000000000e+00,6.0000000000e+00
2956,0.0000000000e+00,0.0000000000e+00,1.2000000000e+01
2957,0.0000000000e+00,0.0000000000e+00,1.2000000000e+01
2958,0.0000000000e+00,0.0000000000e+00,9.0000000000e+00
2959,0.0000000000e+00,0.0000000000e+00,2.1000000000e+01
2960,0.0000000000e+00,0.0000000000e+00,7.0000000000e+00
2961,0.0000000000e+00,0.0000000000e+00,1.5000000000e+01
2962,0.0000000000e+00,0.0000000000e+00,1.1000000000e+01
2963,0.0000000000e+00,0.0000000000e+00,6.0000000000e+00
2964,0.0000000000e+00,0.0000000000e+00,1.4000000000e+01
2965,0.0000000000e+00,0.0000000000e+00,1.0000000000e+01
2966,0.0000000000e+00,0.0000000000e+00,1.1000000000e+01
2967,0.0000000000e+00,0.0000000000e+00,1.5000000000e+01
2968,0.0000000000e+00,0.0000000000e+00,1.7000000000e+01
2969,0.0000000000e+00,0.0000000000e+00,1.4000000000e+01
2970,0.0000000000e+00,0.0000000000e+00,8.0000000000e+00
2971,0.0000000000e+00,0.0000000000e+00,6.0000000000e+00
2972,0.0000000000e+00,0.0000000000e+00,1.1000000000e+01
2973,0.0000000000e+00,0.0000000000e+00,1.4000000000e+01
2974,0.0000000000e+00,0.0000000000e+00,1.0000000000e+01
2975,0.0000000000e+00,0.0000000000e+00,7.0000000000e+00
2976,0.0000000000e+00,0.0000000000e+00,1.2000000000e+01
2977,0.0000000000e+00,0.0000000000e+00,7.0000000000e+00
2978,0.0000000000e+00,0.0000000000e+00,1.8000000000e+01
2979,0.0000000000e+00,0.0000000000e+00,9.0000000000e+00
2980,0.0000000000e+00,0.0000000000e+00,1.1000000000e+01
2981,0.0000000000e+00,0.0000000000e+00,1.3000000000e+01
2982,0.0000000000e+00,0.0000000000e+00,1.7000000000e+01
2983,0.0000000000e+00,0.0000000000e+00,1.8000000000e+01
2984,0.0000000000e+00,0.0000000000e+00,1.0000000000e+01
2985,0.0000000000e+00,0.0000000000e+00,1.3000000000e+01
2986,0.0000000000e+00,0.0000000000e+00,8.0000000000e+00
2987,0.0000000000e+00,0.0000000000e+00,1.0000000000e+01
2988,0.0000000000e+00,0.0000000000e+00,1.1000000000e+01
2989,0.0000000000e+00,0.0000000000e+00,4.0000000000e+00
2990,0.0000000000e+00,0.0000000000e+00,5.0000000000e+00
2991,0.0000000000e+00,0.0000000000e+00,1.6000000000e+01
2992,0.0000000000e+00,0.0000000000e+00,1.1000000000e+01
2993,0.0000000000e+00,0.0000000000e+00,1.1000000000e+01
2994,0.0000000000e+00,0.0000000000e+00,8.0000000000e+00
2995,0.0000000000e+00,0.0000000000e+00,1.0000000000e+01
2996,0.0000000000e+00,0.0000000000e+00,1.1000000000e+01
2997,0.0000000000e+00,0.0000000000e+00,8.0000000000e+00
2998,0.0000000000e+00,0.0000000000e+00,1.0000000000e+01
2999,0.0000000000e+00,0.0000000000e+00,1.3000000000e+01
3000,0.0000000000e+00,0.0000000000e+00,1.0000000000e+01
3001,0.0000000000e+00,0.0000000000e+00,9.0000000000e+00
3002,0.0000000000e+00,0.0000000000e+00,1.5000000000e+01
3003,0.0000000000e+00,0.0000000000e+00,6.0000000000e+00
3004,0.0000000000e+00,0.0000000000e+00,1.1000000000e+01
3005,0.0000000000e+00,0.0000000000e+00,1.1000000000e+01
3006,0.0000000000e+00,0.0000000000e+00,8.0000000000e+00
3007,0.0000000000e+00,0.0000000000e+00,1.7000000000e+01
3008,0.0000000000e+00,0.0000000000e+00,9.0000000000e+00
3009,0.0000000000e+00,0.0000000000e+00,1.3000000000e+01
3010,0.0000000000e+00,0.0000000000e+00,1.7000000000e+01
3011,0.0000000000e+00,0.0000000000e+00,1.6000000000e+01
3012,0.0000000000e+00,0.0000000000e+00,9.0000000000e+00
3013,0.0000000000e+00,0.0000000000e+00,1.3000000000e+01
3014,0.0000000000e+00,0.0000000000e+00,1.2000000000e+01
3015,0.0000000000e+00,0.0000000000e+00,1.4000000000e+01
3016,0.0000000000e+00,0.0000000000e+00,7.0000000000e+00
3017,0.0000000000e+00,0.0000000000e+00,9.0000000000e+00
3018,0.0000000000e+00,0.0000000000e+00,1.2000000000e+01
3019,0.0000000000e+00,0.0000000000e+00,1.2000000000e+01
3020,0.0000000000e+00,0.0000000000e+00,1.8000000000e+01
3021,0.0000000000e+00,0.0000000000e+00,8.0000000000e+00
3022,0.0000000000e+00,0.0000000000e+00,1.5000000000e+01
3023,0.0000000000e+00,0.0000000000e+00,1.7000000000e+01
3024,0.0000000000e+00,0.0000000000e+00,1.4000000000e+01
3025,0.0000000000e+00,0.0000000000e+00,1.3000000000e+01
3026,0.0000000000e+00,0.0000000000e+00,1.0000000000e+01
3027,0.0000000000e+00,0.0000000000e+00,1.3000000000e+01
3028,0.0000000000e+00,0.0000000000e+00,1.1000000000e+01
3029,0.0000000000e+00,0.0000000000e+00,1.0000000000e+01
3030,0.0000000000e+00,0.0000000000e+00,5.0000000000e+00
3031,0.0000000000e+00,0.0000000000e+00,1.5000000000e+01
3032,0.0000000000e+00,0.0000000000e+00,1.2000000000e+01
3033,0.0000000000e+00,0.0000000000e+00,1.2000000000e+01
3034,0.0000000000e+00,0.0000000000e+00,1.0000000000e+01
3035,0.0000000000e+00,0.0000000000e+00,1.3000000000e+01
3036,0.0000000000e+00,0.0000000000e+00,4.0000000000e+00
3037,0.0000000000e+00,0.0000000000e+00,7.0000000000e+00
3038,0.0000000000e+00,0.0000000000e+00,1.2000000000e+01
3039,0.0000000000e+00,0.0000000000e+00,7.0000000000e+00
3040,0.0000000000e+00,0.0000000000e+00,1.1000000000e+01
3041,0.0000000000e+00,0.0000000000e+00,1.1000000000e+01
3042,0.0000000000e+00,0.0000000000e+00,9.0000000000e+00
3043,0.0000000000e+00,0.0000000000e+00,9.0000000000e+00
3044,0.0000000000e+00,0.0000000000e+00,7.0000000000e+00
3045,0.0000000000e+00,0.0000000000e+00,8.0000000000e+00
3046,0.0000000000e+00,0.0000000000e+00,8.0000000000e+00
3047,0.0000000000e+00,0.0000000000e+00,2.1000000000e+01
3048,0.0000000000e+00,0.0000000000e+00,1.2000000000e+01
3049,0.0000000000e+00,0.0000000000e+00,1.2000000000e+01
3050,0.0000000000e+00,0.0000000000e+00,7.0000000000e+00
3051,0.0000000000e+00,0.0000000000e+00,1.0000000000e+01
3052,0.0000000000e+00,0.0000000000e+00,1.3000000000e+01
3053,0.0000000000e+00,0.0000000000e+00,1.4000000000e+01
3054,0.0000000000e+00,0.0000000000e+00,1.0000000000e+01
3055,0.0000000000e+00,0.0000000000e+00,1.1000000000e+01
3056,0.0000000000e+00,0.0000000000e+00,1.0000000000e+01
3057,0.0000000000e+00,0.0000000000e+00,1.0000000000e+01
3058,0.0000000000e+00,0.0000000000e+00,1.4000000000e+01
3059,0.0000000000e+00,0.0000000000e+00,1.4000000000e+01
3060,0.0000000000e+00,0.0000000000e+00,1.1000000000e+01
3061,0.0000000000e+00,0.0000000000e+00,1.0000000000e+01
3062,0.0000000000e+00,0.0000000000e+00,9.0000000000e+00
3063,0.0000000000e+00,0.0000000000e+00,1.1000000000e+01
3064,0.0000000000e+00,0.0000000000e+00,1.2000000000e+01
3065,0.0000000000e+00,0.0000000000e+00,1.9000000000e+01
3066,0.0000000000e+00,0.0000000000e+00,1.2000000000e+01
3067,0.0000000000e+00,0.0000000000e+00,9.0000000000e+00
3068,0.0000000000e+00,0.0000000000e+00,1.2000000000e+01
3069,0.0000000000e+00,0.0000000000e+00,8.0000000000e+00
3070,0.0000000000e+00,0.0000000000e+00,1.7000000000e+01
3071,0.0000000000e+00,0.0000000000e+00,1.0000000000e+01
3072,0.0000000000e+00,0.0000000000e+00,1.1000000000e+01
3073,0.0000000000e+00,0.0000000000e+00,7.0000000000e+00
3074,0.0000000000e+00,0.0000000000e+00,1.3000000000e+01
3075,0.0000000000e+00,0.0000000000e+00,1.4000000000e+01
3076,0.0000000000e+00,0.0000000000e+00,8.0000000000e+00
3077,0.0000000000e+00,0.0000000000e+00,1.1000000000e+01
3078,0.0000000000e+00,0.0000000000e+00,1.0000000000e+01
3079,0.0000000000e+00,0.0000000000e+00,1.1000000000e+01
3080,0.0000000000e+00,0.0000000000e+00,6.0000000000e+00
3081,0.0000000000e+00,0.0000000000e+00,1.1000000000e+01
3082,0.0000000000e+00,0.0000000000e+00,1.3000000000e+01
3083,0.0000000000e+00,0.0000000000e+00,1.5000000000e+01
3084,0.0000000000e+00,0.0000000000e+00,1.2000000000e+01
3085,0.0000000000e+00,0.0000000000e+00,1.2000000000e+01
3086,0.0000000000e+00,0.0000000000e+00,1.4000000000e+01
3087,0.0000000000e+00,0.0000000000e+00,1.5000000000e+01
3088,0.0000000000e+00,0.0000000000e+00,7.0000000000e+00
3089,0.0000000000e+00,0.0000000000e+00,6.0000000000e+00
3090,0.0000000000e+00,0.0000000000e+00,1.2000000000e+01
3091,0.0000000000e+00,0.0000000000e+00,1.1000000000e+01
3092,0.0000000000e+00,0.0000000000e+00,1.5000000000e+01
3093,0.0000000000e+00,0.0000000000e+00,7.0000000000e+00
3094,0.0000000000e+00,0.0000000000e+00,8.0000000000e+00
3095,0.0000000000e+00,0.0000000000e+00,1.2000000000e+01
3096,0.0000000000e+00,0.0000000000e+00,1.0000000000e+01
3097,0.0000000000e+00,0.0000000000e+00,1.2000000000e+01
3098,0.0000000000e+00,0.0000000000e+00,1.6000000000e+01
3099,0.0000000000e+00,0.0000000000e+00,1.3000000000e+01
3100,0.0000000000e+00,0.0000000000e+00,1.0000000000e+01
3101,0.0000000000e+00,0.0000000000e+00,9.0000000000e+00
3102,0.0000000000e+00,0.0000000000e+00,1.5000000000e+01
3103,0.0000000000e+00,0.0000000000e+00,9.0000000000e+00
3104,0.0000000000e+00,0.0000000000e+00,1.2000000000e+01
3105,0.0000000000e+00,0.0000000000e+00,1.6000000000e+01
3106,0.0000000000e+00,0.0000000000e+00,1.3000000000e+01
3107,0.0000000000e+00,0.0000000000e+00,7.0000000000e+00
3108,0.0000000000e+00,0.0000000000e+00,1.0000000000e+01
3109,0.0000000000e+00,0.0000000000e+00,1.6000000000e+01
3110,0.0000000000e+00,0.0000000000e+00,1.2000000000e+01
3111,0.0000000000e+00,0.0000000000e+00,9.0000000000e+00
3112,0.0000000000e+00,0.0000000000e+00,1.1000000000e+01
3113,0.0000000000e+00,0.0000000000e+00,9.0000000000e+00
3114,0.0000000000e+00,0.0000000000e+00,7.0000000000e+00
3115,0.0000000000e+00,0.0000000000e+00,1.7000000000e+01
3116,0.0000000000e+00,0.0000000000e+00,1.1000000000e+01
3117,0.0000000000e+00,0.0000000000e+00,1.5000000000e+01
3118,0.0000000000e+00,0.0000000000e+00,1.4000000000e+01
3119,0.0000000000e+00,0.0000000000e+00,1.2000000000e+01
3120,0.0000000000e+00,0.0000000000e+00,1.0000000000e+01
3121,0.0000000000e+00,0.0000000000e+00,1.3000000000e+01
3122,0.0000000000e+00,0.0000000000e+00,1.4000000000e+01
3123,0.0000000000e+00,0.0000000000e+00,1.3000000000e+01
3124,0.0000000000e+00,0.0000000000e+00,1.4000000000e+01
3125,0.0000000000e+00,0.0000000000e+00,1.0000000000e+01
3126,0.0000000000e+00,0.0000000000e+00,1.3000000000e+01
3127,0.0000000000e+00,0.0000000000e+00,6.0000000000e+00
3128,0.0000000000e+00,0.0000000000e+00,1.7000000000e+01
3129,0.0000000000e+00,0.0000000000e+00,1.2000000000e+01
3130,0.0000000000e+00,0.0000000000e+00,5.0000000000e+00
3131,0.0000000000e+00,0.0000000000e+00,5.0000000000e+00
3132,0.0000000000e+00,0.0000000000e+00,1.6000000000e+01
3133,0.0000000000e+00,0.0000000000e+00,1.2000000000e+01
3134,0.0000000000e+00,0.0000000000e+00,1.1000000000e+01
3135,0.0000000000e+00,0.0000000000e+00,1.7000000000e+01
3136,0.0000000000e+00,0.0000000000e+00,1.2000000000e+01
3137,0.0000000000e+00,0.0000000000e+00,1.2000000000e+01
3138,0.0000000000e+00,0.0000000000e+00,1.7000000000e+01
3139,0.0000000000e+00,0.0000000000e+00,7.0000000000e+00
3140,0.0000000000e+00,0.0000000000e+00,1.1000000000e+01
3141,0.0000000000e+00,0.0000000000e+00,1.1000000000e+01
3142,0.0000000000e+00,0.0000000000e+00,9.0000000000e+00
3143,0.0000000000e+00,0.0000000000e+00,1.5000000000e+01
3144,0.0000000000e+00,0.0000000000e+00,1.7000000000e+01
3145,0.0000000000e+00,0.0000000000e+00,1.2000000000e+01
3146,0.0000000000e+00,0.0000000000e+00,9.0000000000e+00
3147,0.0000000000e+00,0.0000000000e+00,1.1000000000e+01
3148,0.0000000000e+00,0.0000000000e+00,1.6000000000e+01
3149,0.0000000000e+00,0.0000000000e+00,1.0000000000e+01
3150,0.0000000000e+00,0.0000000000e+00,9.0000000000e+00
3151,0.0000000000e+00,0.0000000000e+00,8.0000000000e+00
3152,0.0000000000e+00,0.0000000000e+00,1.1000000000e+01
3153,0.0000000000e+00,0.0000000000e+00,6.0000000000e+00
3154,0.0000000000e+00,0.0000000000e+00,1.7000000000e+01
3155,0.0000000000e+00,0.0000000000e+00,1.0000000000e+01
3156,0.0000000000e+00,0.0000000000e+00,7.0000000000e+00
3157,0.0000000000e+00,0.0000000000e+00,9.0000000000e+00
3158,0.0000000000e+00,0.0000000000e+00,8.0000000000e+00
3159,0.0000000000e+00,0.0000000000e+00,1.2000000000e+01
3160,0.0000000000e+00,0.0000000000e+00,9.0000000000e+00
3161,0.0000000000e+00,0.0000000000e+00,9.0000000000e+00
3162,0.0000000000e+00,0.0000000000e+00,1.1000000000e+01
3163,0.0000000000e+00,0.0000000000e+00,1.2000000000e+01
3164,0.0000000000e+00,0.0000000000e+00,9.0000000000e+00
3165,0.0000000000e+00,0.0000000000e+00,1.8000000000e+01
3166,0.0000000000e+00,0.0000000000e+00,1.4000000000e+01
3167,0.0000000000e+00,0.0000000000e+00,1.1000000000e+01
3168,0.0000000000e+00,0.0000000000e+00,1.3000000000e+01
3169,0.0000000000e+00,0.0000000000e+00,9.0000000000e+00
3170,0.0000000000e+00,0.0000000000e+00,6.0000000000e+00
3171,0.0000000000e+00,0.0000000000e+00,1.0000000000e+01
3172,0.0000000000e+00,0.0000000000e+00,6.0000000000e+00
3173,0.0000000000e+00,0.0000000000e+00,9.0000000000e+00
3174,0.0000000000e+00,0.0000000000e+00,1.2000000000e+01
3175,0.0000000000e+00,0.0000000000e+00,1.1000000000e+01
3176,0.0000000000e+00,0.0000000000e+00,1.3000000000e+01
3177,0.0000000000e+00,0.0000000000e+00,1.3000000000e+01
3178,0.0000000000e+00,0.0000000000e+00,9.0000000000e+00
3179,0.0000000000e+00,0.0000000000e+00,1.1000000000e+01
3180,0.0000000000e+00,0.0000000000e+00,7.0000000000e+00
3181,0.0000000000e+00,0.0000000000e+00,1.2000000000e+01
3182,0.0000000000e+00,0.0000000000e+00,8.0000000000e+00
3183,0.0000000000e+00,0.0000000000e+00,1.2000000000e+01
3184,0.0000000000e+00,0.0000000000e+00,9.0000000000e+00
3185,0.0000000000e+00,0.0000000000e+00,1.3000000000e+01
3186,0.0000000000e+00,0.0000000000e+00,1.4000000000e+01
3187,0.0000000000e+00,0.0000000000e+00,1.0000000000e+01
3188,0.0000000000e+00,0.0000000000e+00,1.5000000000e+01
3189,0.0000000000e+00,0.0000000000e+00,1.1000000000e+01
3190,0.0000000000e+00,0.0000000000e+00,1.4000000000e+01
3191,0.0000000000e+00,0.0000000000e+00,1.4000000000e+01
3192,0.0000000000e+00,0.0000000000e+00,1.2000000000e+01
3193,0.0000000000e+00,0.0000000000e+00,1.4000000000e+01
3194,0.0000000000e+00,0.0000000000e+00,1.4000000000e+01
3195,0.0000000000e+00,0.0000000000e+00,1.1000000000e+01
3196,0.0000000000e+00,0.0000000000e+00,1.1000000000e+01
3197,0.0000000000e+00,0.0000000000e+00,1.4000000000e+01
3198,0.0000000000e+00,0.0000000000e+00,1.2000000000e+01
3199,0.0000000000e+00,0.0000000000e+00,2.0000000000e+01
3200,0.0000000000e+00,0.0000000000e+00,7.0000000000e+00
3201,0.0000000000e+00,0.0000000000e+00,1.0000000000e+01
3202,0.0000000000e+00,0.0000000000e+00,7.0000000000e+00
3203,0.0000000000e+00,0.0000000000e+00,1.1000000000e+01
3204,0.0000000000e+00,0.0000000000e+00,8.0000000000e+00
3205,0.0000000000e+00,0.0000000000e+00,6.0000000000e+00
3206,0.0000000000e+00,0.0000000000e+00,9.0000000000e+00
3207,0.0000000000e+00,0.0000000000e+00,1.6000000000e+01
3208,0.0000000000e+00,0.0000000000e+00,1.4000000000e+01
3209,0.0000000000e+00,0.0000000000e+00,7.0000000000e+00
3210,0.0000000000e+00,0.0000000000e+00,1.5000000000e+01
3211,0.0000000000e+00,0.0000000000e+00,1.0000000000e+01
3212,0.0000000000e+00,0.0000000000e+00,1.0000000000e+01
3213,0.0000000000e+00,0.0000000000e+00,1.0000000000e+01
3214,0.0000000000e+00,0.0000000000e+00,9.0000000000e+00
3215,0.0000000000e+00,0.0000000000e+00,2.0000000000e+01
3216,0.0000000000e+00,0.0000000000e+00,1.0000000000e+01
3217,0.0000000000e+00,0.0000000000e+00,1.6000000000e+01
3218,0.0000000000e+00,0.0000000000e+00,1.6000000000e+01
3219,0.0000000000e+00,0.0000000000e+00,9.0000000000e+00
3220,0.0000000000e+00,0.0000000000e+00,1.3000000000e+01
3221,0.0000000000e+00,0.0000000000e+00,1.4000000000e+01
3222,0.0000000000e+00,0.0000000000e+00,1.6000000000e+01
3223,0.0000000000e+00,0.0000000000e+00,1.3000000000e+01
3224,0.0000000000e+00,0.0000000000e+00,8.0000000000e+00
3225,0.0000000000e+00,0.0000000000e+00,1.0000000000e+01
3226,0.0000000000e+00,0.0000000000e+00,1.1000000000e+01
3227,0.0000000000e+00,0.0000000000e+00,1.0000000000e+01
3228,0.0000000000e+00,0.0000000000e+00,1.1000000000e+01
3229,0.0000000000e+00,0.0000000000e+00,1.0000000000e+01
3230,0.0000000000e+00,0.0000000000e+00,1.2000000000e+01
3231,0.0000000000e+00,0.0000000000e+00,1.4000000000e+01
3232,0.0000000000e+00,0.0000000000e+00,9.0000000000e+00
3233,0.0000000000e+00,0.0000000000e+00,7.0000000000e+00
3234,0.0000000000e+00,0.0000000000e+00,7.0000000000e+00
3235,0.0000000000e+00,0.0000000000e+00,1.5000000000e+01
3236,0.0000000000e+00,0.0000000000e+00,1.0000000000e+01
3237,0.0000000000e+00,0.0000000000e+00,7.0000000000e+00
3238,0.0000000000e+00,0.0000000000e+00,8.0000000000e+00
3239,0.0000000000e+00,0.0000000000e+00,1.0000000000e+01
3240,0.0000000000e+00,0.0000000000e+00,1.0000000000e+01
3241,0.0000000000e+00,0.0000000000e+00,1.1000000000e+01
3242,0.0000000000e+00,0.0000000000e+00,1.4000000000e+01
3243,0.0000000000e+00,0.0000000000e+00,1.2000000000e+01
3244,0.0000000000e+00,0.0000000000e+00,1.5000000000e+01
3245,0.0000000000e+00,0.0000000000e+00,1.5000000000e+01
3246,0.0000000000e+00,0.0000000000e+00,1.1000000000e+01
3247,0.0000000000e+00,0.0000000000e+00,8.0000000000e+00
3248,0.0000000000e+00,0.0000000000e+00,1.3000000000e+01
3249,0.0000000000e+00,0.0000000000e+00,1.5000000000e+01
3250,0.0000000000e+00,0.0000000000e+00,1.0000000000e+01
3251,0.0000000000e+00,0.0000000000e+00,1.4000000000e+01
3252,0.0000000000e+00,0.0000000000e+00,9.0000000000e+00
3253,0.0000000000e+00,0.0000000000e+00,1.4000000000e+01
3254,0.0000000000e+00,0.0000000000e+00,6.0000000000e+00
3255,0.0000000000e+00,0.0000000000e+00,1.2000000000e+01
3256,0.0000000000e+00,0.0000000000e+00,2.1000000000e+01
3257,0.0000000000e+00,0.0000000000e+00,8.0000000000e+00
3258,0.0000000000e+00,0.0000000000e+00,1.2000000000e+01
3259,0.0000000000e+00,0.0000000000e+00,1.7000000000e+01
3260,0.0000000000e+00,0.0000000000e+00,2.2000000000e+01
3261,0.0000000000e+00,0.0000000000e+00,1.0000000000e+01
3262,0.0000000000e+00,0.0000000000e+00,1.2000000000e+01
3263,0.0000000000e+00,0.0000000000e+00,1.0000000000e+01
3264,0.0000000000e+00,0.0000000000e+00,1.6000000000e+01
3265,0.0000000000e+00,0.0000000000e+00,6.0000000000e+00
3266,0.0000000000e+00,0.0000000000e+00,1.4000000000e+01
3267,0.0000000000e+00,0.0000000000e+00,1.1000000000e+01
3268,0.0000000000e+00,0.0000000000e+00,1.0000000000e+01
3269,0.0000000000e+00,0.0000000000e+00,1.6000000000e+01
3270,0.0000000000e+00,0.0000000000e+00,1.4000000000e+01
3271,0.0000000000e+00,0.0000000000e+00,1.4000000000e+01
3272,0.0000000000e+00,0.0000000000e+00,2.1000000000e+01
3273,0.0000000000e+00,0.0000000000e+00,9.0000000000e+00
3274,0.0000000000e+00,0.0000000000e+00,1.0000000000e+01
3275,0.0000000000e+00,0.0000000000e+00,1.1000000000e+01
3276,0.0000000000e+00,0.0000000000e+00,1.4000000000e+01
3277,0.0000000000e+00,0.0000000000e+00,8.0000000000e+00
3278,0.0000000000e+00,0.0000000000e+00,7.0000000000e+00
3279,0.0000000000e+00,0.0000000000e+00,1.0000000000e+01
3280,0.0000000000e+00,0.0000000000e+00,6.0000000000e+00
3281,0.0000000000e+00,0.0000000000e+00,1.0000000000e+01
3282,0.0000000000e+00,0.0000000000e+00,1.9000000000e+01
3283,0.0000000000e+00,0.0000000000e+00,8.0000000000e+00
3284,0.0000000000e+00,0.0000000000e+00,1.4000000000e+01
3285,0.0000000000e+00,0.0000000000e+00,1.0000000000e+01
3286,0.0000000000e+00,0.0000000000e+00,1.0000000000e+01
3287,0.0000000000e+00,0.0000000000e+00,1.0000000000e+01
3288,0.0000000000e+00,0.0000000000e+00,1.1000000000e+01
3289,0.0000000000e+00,0.0000000000e+00,1.1000000000e+01
3290,0.0000000000e+00,0.0000000000e+00,7.0000000000e+00
3291,0.0000000000e+00,0.0000000000e+00,2.3000000000e+01
3292,0.0000000000e+00,0.0000000000e+00,9.0000000000e+00
3293,0.0000000000e+00,0.0000000000e+00,1.4000000000e+01
3294,0.0000000000e+00,0.0000000000e+00,7.0000000000e+00
3295,0.0000000000e+00,0.0000000000e+00,1.4000000000e+01
3296,0.0000000000e+00,0.0000000000e+00,5.0000000000e+00
3297,0.0000000000e+00,0.0000000000e+00,1.1000000000e+01
3298,0.0000000000e+00,0.0000000000e+00,9.0000000000e+00
3299,0.0000000000e+00,0.0000000000e+00,1.2000000000e+01
3300,0.0000000000e+00,0.0000000000e+00,8.0000000000e+00
3301,0.0000000000e+00,0.0000000000e+00,8.0000000000e+00
3302,0.0000000000e+00,0.0000000000e+00,1.2000000000e+01
3303,0.0000000000e+00,0.0000000000e+00,1.8000000000e+01
3304,0.0000000000e+00,0.0000000000e+00,1.2000000000e+01
3305,0.0000000000e+00,0.0000000000e+00,9.0000000000e+00
3306,0.0000000000e+00,0.0000000000e+00,1.3000000000e+01
3307,0.0000000000e+00,0.0000000000e+00,1.0000000000e+01
3308,0.0000000000e+00,0.0000000000e+00,1.6000000000e+01
3309,0.0000000000e+00,0.0000000000e+00,9.0000000000e+00
3310,0.0000000000e+00,0.0000000000e+00,1.4000000000e+01
3311,0.0000000000e+00,0.0000000000e+00,1.1000000000e+01
3312,0.0000000000e+00,0.0000000000e+00,1.4000000000e+01
3313,0.0000000000e+00,0.0000000000e+00,1.3000000000e+01
3314,0.0000000000e+00,0.0000000000e+00,5.0000000000e+00
3315,0.0000000000e+00,0.0000000000e+00,9.0000000000e+00
3316,0.0000000000e+00,0.0000000000e+00,1.0000000000e+01
3317,0.0000000000e+00,0.0000000000e+00,1.1000000000e+01
3318,0.0000000000e+00,0.0000000000e+00,1.1000000000e+01
3319,0.0000000000e+00,0.0000000000e+00,1.3000000000e+01
3320,0.0000000000e+00,0.0000000000e+00,1.4000000000e+01
3321,0.0000000000e+00,0.0000000000e+00,1.3000000000e+01
3322,0.0000000000e+00,0.0000000000e+00,1.7000000000e+01
3323,0.0000000000e+00,0.0000000000e+00,8.0000000000e+00
3324,0.0000000000e+00,0.0000000000e+00,1.3000000000e+01
3325,0.0000000000e+00,0.0000000000e+00,1.1000000000e+01
3326,0.0000000000e+00,0.0000000000e+00,1.1000000000e+01
3327,0.0000000000e+00,0.0000000000e+00,1.6000000000e+01
3328,0.0000000000e+00,0.0000000000e+00,1.0000000000e+01
3329,0.0000000000e+00,0.0000000000e+00,9.0000000000e+00
3330,0.0000000000e+00,0.0000000000e+00,8.0000000000e+00
3331,0.0000000000e+00,0.0000000000e+00,5.0000000000e+00
3332,0.0000000000e+00,0.0000000000e+00,1.6000000000e+01
3333,0.0000000000e+00,0.0000000000e+00,1.7000000000e+01
3334,0.0000000000e+00,0.0000000000e+00,1.3000000000e+01
3335,0.0000000000e+00,0.0000000000e+00,1.3000000000e+01
3336,0.0000000000e+00,0.0000000000e+00,1.2000000000e+01
3337,0.0000000000e+00,0.0000000000e+00,1.3000000000e+01
3338,0.0000000000e+00,0.0000000000e+00,1.1000000000e+01
3339,0.0000000000e+00,0.0000000000e+00,6.0000000000e+00
3340,0.0000000000e+00,0.0000000000e+00,6.0000000000e+00
3341,0.0000000000e+00,0.0000000000e+00,1.6000000000e+01
3342,0.0000000000e+00,0.0000000000e+00,7.0000000000e+00
3343,0.0000000000e+00,0.0000000000e+00,1.4000000000e+01
3344,0.0000000000e+00,0.0000000000e+00,9.0000000000e+00
3345,0.0000000000e+00,0.0000000000e+00,1.0000000000e+01
3346,0.0000000000e+00,0.0000000000e+00,8.0000000000e+00
3347,0.0000000000e+00,0.0000000000e+00,1.0000000000e+01
3348,0.0000000000e+00,0.0000000000e+00,1.0000000000e+01
3349,0.0000000000e+00,0.0000000000e+00,8.0000000000e+00
3350,0.0000000000e+00,0.0000000000e+00,1.0000000000e+01
3351,0.0000000000e+00,0.0000000000e+00,9.0000000000e+00
3352,0.0000000000e+00,0.0000000000e+00,1.3000000000e+01
3353,0.0000000000e+00,0.0000000000e+00,1.3000000000e+01
3354,0.0000000000e+00,0.0000000000e+00,7.0000000000e+00
3355,0.0000000000e+00,0.0000000000e+00,1.3000000000e+01
3356,0.0000000000e+00,0.0000000000e+00,6.0000000000e+00
3357,0.0000000000e+00,0.0000000000e+00,1.1000000000e+01
3358,0.0000000000e+00,0.0000000000e+00,1.3000000000e+01
3359,0.0000000000e+00,0.0000000000e+00,6.0000000000e+00
3360,0.0000000000e+00,0.0000000000e+00,5.0000000000e+00
3361,0.0000000000e+00,0.0000000000e+00,2.0000000000e+01
3362,0.0000000000e+00,0.0000000000e+00,1.1000000000e+01
3363,0.0000000000e+00,0.0000000000e+00,1.5000000000e+01
3364,0.0000000000e+00,0.0000000000e+00,1.2000000000e+01
3365,0.0000000000e+00,0.0000000000e+00,9.0000000000e+00
3366,0.0000000000e+00,0.0000000000e+00,1.3000000000e+01
3367,0.0000000000e+00,0.0000000000e+00,9.0000000000e+00
3368,0.0000000000e+00,0.0000000000e+00,1.4000000000e+01
3369,0.0000000000e+00,0.0000000000e+00,1.0000000000e+01
3370,0.0000000000e+00,0.0000000000e+00,9.0000000000e+00
3371,0.0000000000e+00,0.0000000000e+00,9.0000000000e+00
3372,0.0000000000e+00,0.0000000000e+00,1.3000000000e+01
3373,0.0000000000e+00,0.0000000000e+00,1.2000000000e+01
3374,0.0000000000e+00,0.0000000000e+00,1.1000000000e+01
3375,0.0000000000e+00,0.0000000000e+00,1.0000000000e+01
3376,0.0000000000e+00,0.0000000000e+00,9.0000000000e+00
3377,0.0000000000e+00,0.0000000000e+00,1.7000000000e+01
3378,0.0000000000e+00,0.0000000000e+00,1.9000000000e+01
3379,0.0000000000e+00,0.0000000000e+00,1.2000000000e+01
3380,0.0000000000e+00,0.0000000000e+00,1.5000000000e+01
3381,0.0000000000e+00,0.0000000000e+00,1.4000000000e+01
3382,0.0000000000e+00,0.0000000000e+00,1.5000000000e+01
3383,0.0000000000e+00,0.0000000000e+00,1.0000000000e+01
3384,0.0000000000e+00,0.0000000000e+00,5.0000000000e+00
3385,0.0000000000e+00,0.0000000000e+00,8.0000000000e+00
3386,0.0000000000e+00,0.0000000000e+00,1.0000000000e+01
3387,0.0000000000e+00,0.0000000000e+00,1.1000000000e+01
3388,0.0000000000e+00,0.0000000000e+00,7.0000000000e+00
3389,0.0000000000e+00,0.0000000000e+00,1.1000000000e+01
3390,0.0000000000e+00,0.0000000000e+00,5.0000000000e+00
3391,0.0000000000e+00,0.0000000000e+00,1.5000000000e+01
3392,0.0000000000e+00,0.0000000000e+00,1.4000000000e+01
3393,0.0000000000e+00,0.0000000000e+00,1.6000000000e+01
3394,0.0000000000e+00,0.0000000000e+00,1.0000000000e+01
3395,0.0000000000e+00,0.0000000000e+00,1.4000000000e+01
3396,0.0000000000e+00,0.0000000000e+00,1.9000000000e+01
3397,0.0000000000e+00,0.0000000000e+00,6.0000000000e+00
3398,0.0000000000e+00,0.0000000000e+00,1.1000000000e+01
3399,0.0000000000e+00,0.0000000000e+00,8.0000000000e+00
3400,0.0000000000e+00,0.0000000000e+00,1.8000000000e+01
3401,0.0000000000e+00,0.0000000000e+00,8.0000000000e+00
3402,0.0000000000e+00,0.0000000000e+00,1.1000000000e+01
3403,0.0000000000e+00,0.0000000000e+00,1.0000000000e+01
3404,0.0000000000e+00,0.0000000000e+00,1.6000000000e+01
3405,0.0000000000e+00,0.0000000000e+00,1.4000000000e+01
3406,0.0000000000e+00,0.0000000000e+00,8.0000000000e+00
3407,0.0000000000e+00,0.0000000000e+00,1.6000000000e+01
3408,0.0000000000e+00,0.0000000000e+00,1.5000000000e+01
3409,0.0000000000e+00,0.0000000000e+00,1.4000000000e+01
3410,0.0000000000e+00,0.0000000000e+00,9.0000000000e+00
3411,0.0000000000e+00,0.0000000000e+00,1.1000000000e+01
3412,0.0000000000e+00,0.0000000000e+00,1.0000000000e+01
3413,0.0000000000e+00,0.0000000000e+00,1.0000000000e+01
3414,0.0000000000e+00,0.0000000000e+00,7.0000000000e+00
3415,0.0000000000e+00,0.0000000000e+00,8.0000000000e+00
3416,0.0000000000e+00,0.0000000000e+00,1.1000000000e+01
3417,0.0000000000e+00,0.0000000000e+00,9.0000000000e+00
3418,0.0000000000e+00,0.0000000000e+00,1.6000000000e+01
3419,0.0000000000e+00,0.0000000000e+00,1.6000000000e+01
3420,0.0000000000e+00,0.0000000000e+00,9.0000000000e+00
3421,0.0000000000e+00,0.0000000000e+00,1.1000000000e+01
3422,0.0000000000e+00,0.0000000000e+00,1.2000000000e+01
3423,0.0000000000e+00,0.0000000000e+00,1.0000000000e+01
3424,0.0000000000e+00,0.0000000000e+00,1.3000000000e+01
3425,0.0000000000e+00,0.0000000000e+00,1.4000000000e+01
3426,0.0000000000e+00,0.0000000000e+00,2.0000000000e+01
3427,0.0000000000e+00,0.0000000000e+00,9.0000000000e+00
3428,0.0000000000e+00,0.0000000000e+00,1.1000000000e+01
3429,0.0000000000e+00,0.0000000000e+00,9.0000000000e+00
3430,0.0000000000e+00,0.0000000000e+00,1.2000000000e+01
3431,0.0000000000e+00,0.0000000000e+00,1.2000000000e+01
3432,0.0000000000e+00,0.0000000000e+00,9.0000000000e+00
3433,0.0000000000e+00,0.0000000000e+00,1.0000000000e+01
3434,0.0000000000e+00,0.0000000000e+00,1.0000000000e+01
3435,0.0000000000e+00,0.0000000000e+00,7.0000000000e+00
3436,0.0000000000e+00,0.0000000000e+00,1.0000000000e+01
3437,0.0000000000e+00,0.0000000000e+00,1.0000000000e+01
3438,0.0000000000e+00,0.0000000000e+00,1.1000000000e+01
3439,0.0000000000e+00,0.0000000000e+00,1.6000000000e+01
3440,0.0000000000e+00,0.0000000000e+00,1.4000000000e+01
3441,0.0000000000e+00,0.0000000000e+00,6.0000000000e+00
3442,0.0000000000e+00,0.0000000000e+00,1.2000000000e+01
3443,0.0000000000e+00,0.0000000000e+00,1.2000000000e+01
3444,0.0000000000e+00,0.0000000000e+00,1.2000000000e+01
3445,0.0000000000e+00,0.0000000000e+00,1.1000000000e+01
3446,0.0000000000e+00,0.0000000000e+00,1.2000000000e+01
3447,0.0000000000e+00,0.0000000000e+00,1.0000000000e+01
3448,0.0000000000e+00,0.0000000000e+00,1.4000000000e+01
3449,0.0000000000e+00,0.0000000000e+00,7.0000000000e+00
3450,0.0000000000e+00,0.0000000000e+00,1.1000000000e+01
3451,0.0000000000e+00,0.0000000000e+00,1.3000000000e+01
3452,0.0000000000e+00,0.0000000000e+00,1.1000000000e+01
3453,0.0000000000e+00,0.0000000000e+00,1.6000000000e+01
3454,0.0000000000e+00,0.0000000000e+00,8.0000000000e+00
3455,0.0000000000e+00,0.0000000000e+00,1.0000000000e+01
3456,0.0000000000e+00,0.0000000000e+00,1.0000000000e+01
3457,0.0000000000e+00,0.0000000000e+00,7.0000000000e+00
3458,0.0000000000e+00,0.0000000000e+00,1.2000000000e+01
3459,0.0000000000e+00,0.0000000000e+00,1.5000000000e+01
3460,0.0000000000e+00,0.0000000000e+00,1.4000000000e+01
3461,0.0000000000e+00,0.0000000000e+00,1.0000000000e+01
3462,0.0000000000e+00,0.0000000000e+00,1.6000000000e+01
3463,0.0000000000e+00,0.0000000000e+00,1.9000000000e+01
3464,0.0000000000e+00,0.0000000000e+00,1.7000000000e+01
3465,0.0000000000e+00,0.0000000000e+00,1.1000000000e+01
3466,0.0000000000e+00,0.0000000000e+00,1.2000000000e+01
3467,0.0000000000e+00,0.0000000000e+00,1.3000000000e+01
3468,0.0000000000e+00,0.0000000000e+00,1.0000000000e+01
3469,0.0000000000e+00,0.0000000000e+00,1.2000000000e+01
3470,0.0000000000e+00,0.0000000000e+00,1.2000000000e+01
3471,0.0000000000e+00,0.0000000000e+00,9.0000000000e+00
3472,0.0000000000e+00,0.0000000000e+00,1.3000000000e+01
3473,0.0000000000e+00,0.0000000000e+00,1.0000000000e+01
3474,0.0000000000e+00,0.0000000000e+00,1.2000000000e+01
3475,0.0000000000e+00,0.0000000000e+00,6.0000000000e+00
3476,0.0000000000e+00,0.0000000000e+00,1.3000000000e+01
3477,0.0000000000e+00,0.0000000000e+00,1.2000000000e+01
3478,0.0000000000e+00,0.0000000000e+00,1.1000000000e+01
3479,0.0000000000e+00,0.0000000000e+00,1.3000000000e+01
3480,0.0000000000e+00,0.0000000000e+00,1.8000000000e+01
3481,0.0000000000e+00,0.0000000000e+00,6.0000000000e+00
3482,0.0000000000e+00,0.0000000000e+00,6.0000000000e+00
3483,0.0000000000e+00,0.0000000000e+00,5.0000000000e+00
3484,0.0000000000e+00,0.0000000000e+00,1.5000000000e+01
3485,0.0000000000e+00,0.0000000000e+00,7.0000000000e+00
3486,0.0000000000e+00,0.0000000000e+00,9.0000000000e+00
3487,0.0000000000e+00,0.0000000000e+00,6.0000000000e+00
3488,0.0000000000e+00,0.0000000000e+00,9.0000000000e+00
3489,0.0000000000e+00,0.0000000000e+00,7.0000000000e+00
3490,0.0000000000e+00,0.0000000000e+00,1.2000000000e+01
3491,0.0000000000e+00,0.0000000000e+00,1.3000000000e+01
3492,0.0000000000e+00,0.0000000000e+00,8.0000000000e+00
3493,0.0000000000e+00,0.0000000000e+00,1.1000000000e+01
3494,0.0000000000e+00,0.0000000000e+00,1.3000000000e+01
3495,0.0000000000e+00,0.0000000000e+00,1.4000000000e+01
3496,0.0000000000e+00,0.0000000000e+00,1.2000000000e+01
3497,0.0000000000e+00,0.0000000000e+00,6.0000000000e+00
3498,0.0000000000e+00,0.0000000000e+00,1.4000000000e+01
3499,0.0000000000e+00,0.0000000000e+00,1.2000000000e+01
3500,0.0000000000e+00,0.0000000000e+00,1.3000000000e+01
3501,0.0000000000e+00,0.0000000000e+00,1.5000000000e+01
3502,0.0000000000e+00,0.0000000000e+00,1.1000000000e+01
3503,0.0000000000e+00,0.0000000000e+00,8.0000000000e+00
3504,0.0000000000e+00,0.0000000000e+00,7.0000000000e+00
3505,0.0000000000e+00,0.0000000000e+00,1.2000000000e+01
3506,0.0000000000e+00,0.0000000000e+00,1.0000000000e+01
3507,0.0000000000e+00,0.0000000000e+00,9.0000000000e+00
3508,0.0000000000e+00,0.0000000000e+00,1.9000000000e+01
3509,0.0000000000e+00,0.0000000000e+00,1.1000000000e+01
3510,0.0000000000e+00,0.0000000000e+00,9.0000000000e+00
3511,0.0000000000e+00,0.0000000000e+00,1.2000000000e+01
3512,0.0000000000e+00,0.0000000000e+00,7.0000000000e+00
3513,0.0000000000e+00,0.0000000000e+00,1.4000000000e+01
3514,0.0000000000e+00,0.0000000000e+00,1.2000000000e+01
3515,0.0000000000e+00,0.0000000000e+00,1.6000000000e+01
3516,0.0000000000e+00,0.0000000000e+00,1.5000000000e+01
3517,0.0000000000e+00,0.0000000000e+00,1.3000000000e+01
3518,0.0000000000e+00,0.0000000000e+00,1.0000000000e+01
3519,0.0000000000e+00,0.0000000000e+00,1.5000000000e+01
3520,0.0000000000e+00,0.0000000000e+00,1.2000000000e+01
3521,0.0000000000e+00,0.0000000000e+00,1.4000000000e+01
3522,0.0000000000e+00,0.0000000000e+00,1.2000000000e+01
3523,0.0000000000e+00,0.0000000000e+00,1.2000000000e+01
3524,0.0000000000e+00,0.0000000000e+00,8.0000000000e+00
3525,0.0000000000e+00,0.0000000000e+00,1.1000000000e+01
3526,0.0000000000e+00,0.0000000000e+00,1.3000000000e+01
3527,0.0000000000e+00,0.0000000000e+00,8.0000000000e+00
3528,0.0000000000e+00,0.0000000000e+00,1.1000000000e+01
3529,0.0000000000e+00,0.0000000000e+00,9.0000000000e+00
3530,0.0000000000e+00,0.0000000000e+00,1.0000000000e+01
3531,0.0000000000e+00,0.0000000000e+00,1.1000000000e+01
3532,0.0000000000e+00,0.0000000000e+00,5.0000000000e+00
3533,0.0000000000e+00,0.0000000000e+00,1.0000000000e+01
3534,0.0000000000e+00,0.0000000000e+00,1.5000000000e+01
3535,0.0000000000e+00,0.0000000000e+00,1.9000000000e+01
3536,0.0000000000e+00,0.0000000000e+00,8.0000000000e+00
3537,0.0000000000e+00,0.0000000000e+00,1.3000000000e+01
3538,0.0000000000e+00,0.0000000000e+00,1.3000000000e+01
3539,0.0000000000e+00,0.0000000000e+00,1.2000000000e+01
3540,0.0000000000e+00,0.0000000000e+00,6.0000000000e+00
3541,0.0000000000e+00,0.0000000000e+00,8.0000000000e+00
3542,0.0000000000e+00,0.0000000000e+00,8.0000000000e+00
3543,0.0000000000e+00,0.0000000000e+00,7.0000000000e+00
3544,0.0000000000e+00,0.0000000000e+00,1.2000000000e+01
3545,0.0000000000e+00,0.0000000000e+00,1.4000000000e+01
3546,0.0000000000e+00,0.0000000000e+00,1.1000000000e+01
3547,0.0000000000e+00,0.0000000000e+00,1.0000000000e+01
3548,0.0000000000e+00,0.0000000000e+00,1.1000000000e+01
3549,0.0000000000e+00,0.0000000000e+00,7.0000000000e+00
3550,0.0000000000e+00,0.0000000000e+00,1.1000000000e+01
3551,0.0000000000e+00,0.0000000000e+00,1.1000000000e+01
3552,0.0000000000e+00,0.0000000000e+00,1.2000000000e+01
3553,0.0000000000e+00,0.0000000000e+00,4.0000000000e+00
3554,0.0000000000e+00,0.0000000000e+00,1.0000000000e+01
3555,0.0000000000e+00,0.0000000000e+00,1.4000000000e+01
3556,0.0000000000e+00,0.0000000000e+00,5.0000000000e+00
3557,0.0000000000e+00,0.0000000000e+00,1.1000000000e+01
3558,0.0000000000e+00,0.0000000000e+00,1.0000000000e+01
3559,0.0000000000e+00,0.0000000000e+00,1.3000000000e+01
3560,0.0000000000e+00,0.0000000000e+00,1.2000000000e+01
3561,0.0000000000e+00,0.0000000000e+00,1.6000000000e+01
3562,0.0000000000e+00,0.0000000000e+00,2.3000000000e+01
3563,0.0000000000e+00,0.0000000000e+00,7.0000000000e+00
3564,0.0000000000e+00,0.0000000000e+00,7.0000000000e+00
3565,0.0000000000e+00,0.0000000000e+00,1.9000000000e+01
3566,0.0000000000e+00,0.0000000000e+00,9.0000000000e+00
3567,0.0000000000e+00,0.0000000000e+00,1.4000000000e+01
3568,0.0000000000e+00,0.0000000000e+00,1.5000000000e+01
3569,0.0000000000e+00,0.0000000000e+00,1.4000000000e+01
3570,0.0000000000e+00,0.0000000000e+00,4.0000000000e+00
3571,0.0000000000e+00,0.0000000000e+00,5.0000000000e+00
3572,0.0000000000e+00,0.0000000000e+00,1.5000000000e+01
3573,0.0000000000e+00,0.0000000000e+00,1.4000000000e+01
3574,0.0000000000e+00,0.0000000000e+00,1.3000000000e+01
3575,0.0000000000e+00,0.0000000000e+00,1.2000000000e+01
3576,0.0000000000e+00,0.0000000000e+00,1.2000000000e+01
3577,0.0000000000e+00,0.0000000000e+00,1.7000000000e+01
3578,0.0000000000e+00,0.0000000000e+00,1.3000000000e+01
3579,0.0000000000e+00,0.0000000000e+00,1.2000000000e+01
3580,0.0000000000e+00,0.0000000000e+00,1.1000000000e+01
3581,0.0000000000e+00,0.0000000000e+00,1.0000000000e+01
3582,0.0000000000e+00,0.0000000000e+00,1.6000000000e+01
3583,0.0000000000e+00,0.0000000000e+00,2.2000000000e+01
3584,0.0000000000e+00,0.0000000000e+00,1.2000000000e+01
3585,0.0000000000e+00,0.0000000000e+00,7.0000000000e+00
3586,0.0000000000e+00,0.0000000000e+00,1.2000000000e+01
3587,0.0000000000e+00,0.0000000000e+00,8.0000000000e+00
3588,0.0000000000e+00,0.0000000000e+00,5.0000000000e+00
3589,0.0000000000e+00,0.0000000000e+00,1.0000000000e+01
3590,0.0000000000e+00,0.0000000000e+00,1.2000000000e+01
3591,0.0000000000e+00,0.0000000000e+00,1.0000000000e+01
3592,0.0000000000e+00,0.0000000000e+00,1.1000000000e+01
3593,0.0000000000e+00,0.0000000000e+00,1.6000000000e+01
3594,0.0000000000e+00,0.0000000000e+00,1.6000000000e+01
3595,0.0000000000e+00,0.0000000000e+00,1.1000000000e+01
3596,0.0000000000e+00,0.0000000000e+00,1.9000000000e+01
3597,0.0000000000e+00,0.0000000000e+00,6.0000000000e+00
3598,0.0000000000e+00,0.0000000000e+00,7.0000000000e+00
3599,0.0000000000e+00,0.0000000000e+00,9.0000000000e+00
3600,0.0000000000e+00,0.0000000000e+00,9.0000000000e+00
3601,0.0000000000e+00,0.0000000000e+00,5.0000000000e+00
3602,0.0000000000e+00,0.0000000000e+00,8.0000000000e+00
3603,0.0000000000e+00,0.0000000000e+00,1.0000000000e+01
3604,0.0000000000e+00,0.0000000000e+00,1.7000000000e+01
3605,0.0000000000e+00,0.0000000000e+00,1.1000000000e+01
3606,0.0000000000e+00,0.0000000000e+00,7.0000000000e+00
3607,0.0000000000e+00,0.0000000000e+00,8.0000000000e+00
3608,0.0000000000e+00,0.0000000000e+00,6.0000000000e+00
3609,0.0000000000e+00,0.0000000000e+00,1.0000000000e+01
3610,0.0000000000e+00,0.0000000000e+00,1.0000000000e+01
3611,0.0000000000e+00,0.0000000000e+00,1.2000000000e+01
3612,0.0000000000e+00,0.0000000000e+00,1.3000000000e+01
3613,0.0000000000e+00,0.0000000000e+00,1.1000000000e+01
3614,0.0000000000e+00,0.0000000000e+00,1.0000000000e+01
3615,0.0000000000e+00,0.0000000000e+00,1.1000000000e+01
3616,0.0000000000e+00,0.0000000000e+00,1.2000000000e+01
3617,0.0000000000e+00,0.0000000000e+00,6.0000000000e+00
3618,0.0000000000e+00,0.0000000000e+00,1.0000000000e+01
3619,0.0000000000e+00,0.0000000000e+00,1.2000000000e+01
3620,0.0000000000e+00,0.0000000000e+00,8.0000000000e+00
3621,0.0000000000e+00,0.0000000000e+00,1.0000000000e+01
3622,0.0000000000e+00,0.0000000000e+00,1.1000000000e+01
3623,0.0000000000e+00,0.0000000000e+00,8.0000000000e+00
3624,0.0000000000e+00,0.0000000000e+00,1.4000000000e+01
3625,0.0000000000e+00,0.0000000000e+00,7.0000000000e+00
3626,0.0000000000e+00,0.0000000000e+00,1.3000000000e+01
3627,0.0000000000e+00,0.0000000000e+00,7.0000000000e+00
3628,0.0000000000e+00,0.0000000000e+00,1.7000000000e+01
3629,0.0000000000e+00,0.0000000000e+00,6.0000000000e+00
3630,0.0000000000e+00,0.0000000000e+00,1.8000000000e+01
3631,0.0000000000e+00,0.0000000000e+00,8.0000000000e+00
3632,0.0000000000e+00,0.0000000000e+00,5.0000000000e+00
3633,0.0000000000e+00,0.0000000000e+00,1.1000000000e+01
3634,0.0000000000e+00,0.0000000000e+00,1.3000000000e+01
3635,0.0000000000e+00,0.0000000000e+00,1.1000000000e+01
3636,0.0000000000e+00,0.0000000000e+00,1.2000000000e+01
3637,0.0000000000e+00,0.0000000000e+00,3.0000000000e+00
3638,0.0000000000e+00,0.0000000000e+00,1.3000000000e+01
3639,0.0000000000e+00,0.0000000000e+00,1.2000000000e+01
3640,0.0000000000e+00,0.0000000000e+00,7.0000000000e+00
3641,0.0000000000e+00,0.0000000000e+00,1.3000000000e+01
3642,0.0000000000e+00,0.0000000000e+00,1.0000000000e+01
3643,0.0000000000e+00,0.0000000000e+00,5.0000000000e+00
3644,0.0000000000e+00,0.0000000000e+00,1.3000000000e+01
3645,0.0000000000e+00,0.0000000000e+00,5.0000000000e+00
3646,0.0000000000e+00,0.0000000000e+00,1.0000000000e+01
3647,0.0000000000e+00,0.0000000000e+00,1.2000000000e+01
3648,0.0000000000e+00,0.0000000000e+00,1.0000000000e+01
3649,0.0000000000e+00,0.0000000000e+00,9.0000000000e+00
3650,0.0000000000e+00,0.0000000000e+00,1.3000000000e+01
3651,0.0000000000e+00,0.0000000000e+00,1.3000000000e+01
3652,0.0000000000e+00,0.0000000000e+00,8.0000000000e+00
3653,0.0000000000e+00,0.0000000000e+00,1.1000000000e+01
3654,0.0000000000e+00,0.0000000000e+00,6.0000000000e+00
3655,0.0000000000e+00,0.0000000000e+00,1.4000000000e+01
3656,0.0000000000e+00,0.0000000000e+00,4.0000000000e+00
3657,0.0000000000e+00,0.0000000000e+00,1.3000000000e+01
3658,0.0000000000e+00,0.0000000000e+00,1.3000000000e+01
3659,0.0000000000e+00,0.0000000000e+00,9.0000000000e+00
3660,0.0000000000e+00,0.0000000000e+00,6.0000000000e+00
3661,0.0000000000e+00,0.0000000000e+00,1.3000000000e+01
3662,0.0000000000e+00,0.0000000000e+00,1.5000000000e+01
3663,0.0000000000e+00,0.0000000000e+00,9.0000000000e+00
3664,0.0000000000e+00,0.0000000000e+00,9.0000000000e+00
3665,0.0000000000e+00,0.0000000000e+00,8.0000000000e+00
3666,0.0000000000e+00,0.0000000000e+00,1.5000000000e+01
3667,0.0000000000e+00,0.0000000000e+00,1.0000000000e+01
3668,0.0000000000e+00,0.0000000000e+00,5.0000000000e+00
3669,0.0000000000e+00,0.0000000000e+00,9.0000000000e+00
3670,0.0000000000e+00,0.0000000000e+00,7.0000000000e+00
3671,0.0000000000e+00,0.0000000000e+00,1.3000000000e+01
3672,0.0000000000e+00,0.0000000000e+00,1.4000000000e+01
3673,0.0000000000e+00,0.0000000000e+00,1.3000000000e+01
3674,0.0000000000e+00,0.0000000000e+00,6.0000000000e+00
3675,0.0000000000e+00,0.0000000000e+00,9.0000000000e+00
3676,0.0000000000e+00,0.0000000000e+00,1.1000000000e+01
3677,0.0000000000e+00,0.0000000000e+00,8.0000000000e+00
3678,0.0000000000e+00,0.0000000000e+00,8.0000000000e+00
3679,0.0000000000e+00,0.0000000000e+00,8.0000000000e+00
3680,0.0000000000e+00,0.0000000000e+00,1.0000000000e+01
3681,0.0000000000e+00,0.0000000000e+00,1.6000000000e+01
3682,0.0000000000e+00,0.0000000000e+00,1.0000000000e+01
3683,0.0000000000e+00,0.0000000000e+00,1.2000000000e+01
3684,0.0000000000e+00,0.0000000000e+00,9.0000000000e+00
3685,0.0000000000e+00,0.0000000000e+00,1.2000000000e+01
3686,0.0000000000e+00,0.0000000000e+00,1.2000000000e+01
3687,0.0000000000e+00,0.0000000000e+00,1.3000000000e+01
3688,0.0000000000e+00,0.0000000000e+00,8.0000000000e+00
3689,0.0000000000e+00,0.0000000000e+00,9.0000000000e+00
3690,0.0000000000e+00,0.0000000000e+00,8.0000000000e+00
3691,0.0000000000e+00,0.0000000000e+00,8.0000000000e+00
3692,0.0000000000e+00,0.0000000000e+00,1.7000000000e+01
3693,0.0000000000e+00,0.0000000000e+00,1.0000000000e+01
3694,0.0000000000e+00,0.0000000000e+00,1.4000000000e+01
3695,0.0000000000e+00,0.0000000000e+00,1.2000000000e+01
3696,0.0000000000e+00,0.0000000000e+00,7.0000000000e+00
3697,0.0000000000e+00,0.0000000000e+00,6.0000000000e+00
3698,0.0000000000e+00,0.0000000000e+00,1.1000000000e+01
3699,0.0000000000e+00,0.0000000000e+00,1.2000000000e+01
3700,0.0000000000e+00,0.0000000000e+00,1.3000000000e+01
3701,0.0000000000e+00,0.0000000000e+00,1.3000000000e+01
3702,0.0000000000e+00,0.0000000000e+00,1.2000000000e+01
3703,0.0000000000e+00,0.0000000000e+00,8.0000000000e+00
3704,0.0000000000e+00,0.0000000000e+00,8.0000000000e+00
3705,0.0000000000e+00,0.0000000000e+00,1.6000000000e+01
3706,0.0000000000e+00,0.0000000000e+00,1.0000000000e+01
3707,0.0000000000e+00,0.0000000000e+00,8.0000000000e+00
3708,0.0000000000e+00,0.0000000000e+00,8.0000000000e+00
3709,0.0000000000e+00,0.0000000000e+00,8.0000000000e+00
3710,0.0000000000e+00,0.0000000000e+00,1.1000000000e+01
3711,0.0000000000e+00,0.0000000000e+00,1.2000000000e+01
3712,0.0000000000e+00,0.0000000000e+00,9.0000000000e+00
3713,0.0000000000e+00,0.0000000000e+00,1.2000000000e+01
3714,0.0000000000e+00,0.0000000000e+00,1.0000000000e+01
3715,0.0000000000e+00,0.0000000000e+00,1.1000000000e+01
3716,0.0000000000e+00,0.0000000000e+00,1.1000000000e+01
3717,0.0000000000e+00,0.0000000000e+00,1.0000000000e+01
3718,0.0000000000e+00,0.0000000000e+00,1.0000000000e+01
3719,0.0000000000e+00,0.0000000000e+00,9.0000000000e+00
3720,0.0000000000e+00,0.0000000000e+00,7.0000000000e+00
3721,0.0000000000e+00,0.0000000000e+00,8.0000000000e+00
3722,0.0000000000e+00,0.0000000000e+00,1.0000000000e+01
3723,0.0000000000e+00,0.0000000000e+00,1.2000000000e+01
3724,0.0000000000e+00,0.0000000000e+00,1.0000000000e+01
3725,0.0000000000e+00,0.0000000000e+00,9.0000000000e+00
3726,0.0000000000e+00,0.0000000000e+00,2.0000000000e+01
3727,0.0000000000e+00,0.0000000000e+00,5.0000000000e+00
3728,0.0000000000e+00,0.0000000000e+00,1.1000000000e+01
3729,0.0000000000e+00,0.0000000000e+00,9.0000000000e+00
3730,0.0000000000e+00,0.0000000000e+00,1.0000000000e+01
3731,0.0000000000e+00,0.0000000000e+00,1.9000000000e+01
3732,0.0000000000e+00,0.0000000000e+00,1.1000000000e+01
3733,0.0000000000e+00,0.0000000000e+00,1.4000000000e+01
3734,0.0000000000e+00,0.0000000000e+00,1.1000000000e+01
3735,0.0000000000e+00,0.0000000000e+00,1.7000000000e+01
3736,0.0000000000e+00,0.0000000000e+00,1.5000000000e+01
3737,0.0000000000e+00,0.0000000000e+00,8.0000000000e+00
3738,0.0000000000e+00,0.0000000000e+00,9.0000000000e+00
3739,0.0000000000e+00,0.0000000000e+00,1.6000000000e+01
3740,0.0000000000e+00,0.0000000000e+00,1.0000000000e+01
3741,0.0000000000e+00,0.0000000000e+00,7.0000000000e+00
3742,0.0000000000e+00,0.0000000000e+00,1.3000000000e+01
3743,0.0000000000e+00,0.0000000000e+00,1.6000000000e+01
3744,0.0000000000e+00,0.0000000000e+00,1.8000000000e+01
3745,0.0000000000e+00,0.0000000000e+00,9.0000000000e+00
3746,0.0000000000e+00,0.0000000000e+00,4.0000000000e+00
3747,0.0000000000e+00,0.0000000000e+00,1.9000000000e+01
3748,0.0000000000e+00,0.0000000000e+00,1.8000000000e+01
3749,0.0000000000e+00,0.0000000000e+00,1.4000000000e+01
3750,0.0000000000e+00,0.0000000000e+00,8.0000000000e+00
3751,0.0000000000e+00,0.0000000000e+00,4.0000000000e+00
3752,0.0000000000e+00,0.0000000000e+00,1.2000000000e+01
3753,0.0000000000e+00,0.0000000000e+00,1.0000000000e+01
3754,0.0000000000e+00,0.0000000000e+00,1.1000000000e+01
3755,0.0000000000e+00,0.0000000000e+00,7.0000000000e+00
3756,0.0000000000e+00,0.0000000000e+00,1.4000000000e+01
3757,0.0000000000e+00,0.0000000000e+00,1.1000000000e+01
3758,0.0000000000e+00,0.0000000000e+00,1.1000000000e+01
3759,0.0000000000e+00,0.0000000000e+00,8.0000000000e+00
3760,0.0000000000e+00,0.0000000000e+00,1.1000000000e+01
3761,0.0000000000e+00,0.0000000000e+00,1.7000000000e+01
3762,0.0000000000e+00,0.0000000000e+00,7.0000000000e+00
3763,0.0000000000e+00,0.0000000000e+00,6.0000000000e+00
3764,0.0000000000e+00,0.0000000000e+00,7.0000000000e+00
3765,0.0000000000e+00,0.0000000000e+00,1.1000000000e+01
3766,0.0000000000e+00,0.0000000000e+00,1.0000000000e+01
3767,0.0000000000e+00,0.0000000000e+00,3.0000000000e+00
3768,0.0000000000e+00,0.0000000000e+00,1.1000000000e+01
3769,0.0000000000e+00,0.0000000000e+00,1.5000000000e+01
3770,0.0000000000e+00,0.0000000000e+00,1.2000000000e+01
3771,0.0000000000e+00,0.0000000000e+00,1.5000000000e+01
3772,0.0000000000e+00,0.0000000000e+00,1.2000000000e+01
3773,0.0000000000e+00,0.0000000000e+00,1.0000000000e+01
3774,0.0000000000e+00,0.0000000000e+00,1.0000000000e+01
3775,0.0000000000e+00,0.0000000000e+00,1.0000000000e+01
3776,0.0000000000e+00,0.0000000000e+00,5.0000000000e+00
3777,0.0000000000e+00,0.0000000000e+00,1.2000000000e+01
3778,0.0000000000e+00,0.0000000000e+00,8.0000000000e+00
3779,0.0000000000e+00,0.0000000000e+00,5.0000000000e+00
3780,0.0000000000e+00,0.0000000000e+00,1.1000000000e+01
3781,0.0000000000e+00,0.0000000000e+00,8.0000000000e+00
3782,0.0000000000e+00,0.0000000000e+00,1.7000000000e+01
3783,0.0000000000e+00,0.0000000000e+00,1.2000000000e+01
3784,0.0000000000e+00,0.0000000000e+00,1.2000000000e+01
3785,0.0000000000e+00,0.0000000000e+00,1.5000000000e+01
3786,0.0000000000e+00,0.0000000000e+00,1.3000000000e+01
3787,0.0000000000e+00,0.0000000000e+00,1.2000000000e+01
3788,0.0000000000e+00,0.0000000000e+00,7.0000000000e+00
3789,0.0000000000e+00,0.0000000000e+00,9.0000000000e+00
3790,0.0000000000e+00,0.0000000000e+00,7.0000000000e+00
3791,0.0000000000e+00,0.0000000000e+00,1.8000000000e+01
3792,0.0000000000e+00,0.0000000000e+00,1.1000000000e+01
3793,0.0000000000e+00,0.0000000000e+00,1.1000000000e+01
3794,0.0000000000e+00,0.0000000000e+00,8.0000000000e+00
3795,0.0000000000e+00,0.0000000000e+00,1.3000000000e+01
3796,0.0000000000e+00,0.0000000000e+00,7.0000000000e+00
3797,0.0000000000e+00,0.0000000000e+00,1.4000000000e+01
3798,0.0000000000e+00,0.0000000000e+00,1.5000000000e+01
3799,0.0000000000e+00,0.0000000000e+00,1.1000000000e+01
3800,0.0000000000e+00,0.0000000000e+00,1.0000000000e+01
3801,0.0000000000e+00,0.0000000000e+00,1.2000000000e+01
3802,0.0000000000e+00,0.0000000000e+00,1.5000000000e+01
3803,0.0000000000e+00,0.0000000000e+00,7.0000000000e+00
3804,0.0000000000e+00,0.0000000000e+00,7.0000000000e+00
3805,0.0000000000e+00,0.0000000000e+00,1.4000000000e+01
3806,0.0000000000e+00,0.0000000000e+00,1.5000000000e+01
3807,0.0000000000e+00,0.0000000000e+00,1.5000000000e+01
3808,0.0000000000e+00,0.0000000000e+00,1.4000000000e+01
3809,0.0000000000e+00,0.0000000000e+00,5.0000000000e+00
3810,0.0000000000e+00,0.0000000000e+00,9.0000000000e+00
3811,0.0000000000e+00,0.0000000000e+00,1.0000000000e+01
3812,0.0000000000e+00,0.0000000000e+00,6.0000000000e+00
3813,0.0000000000e+00,0.0000000000e+00,1.3000000000e+01
3814,0.0000000000e+00,0.0000000000e+00,1.1000000000e+01
3815,0.0000000000e+00,0.0000000000e+00,8.0000000000e+00
3816,0.0000000000e+00,0.0000000000e+00,6.0000000000e+00
3817,0.0000000000e+00,0.0000000000e+00,1.0000000000e+01
3818,0.0000000000e+00,0.0000000000e+00,1.1000000000e+01
3819,0.0000000000e+00,0.0000000000e+00,1.0000000000e+01
3820,0.0000000000e+00,0.0000000000e+00,1.3000000000e+01
3821,0.0000000000e+00,0.0000000000e+00,1.2000000000e+01
3822,0.0000000000e+00,0.0000000000e+00,6.0000000000e+00
3823,0.0000000000e+00,0.0000000000e+00,1.0000000000e+01
3824,0.0000000000e+00,0.0000000000e+00,9.0000000000e+00
3825,0.0000000000e+00,0.0000000000e+00,1.0000000000e+01
3826,0.0000000000e+00,0.0000000000e+00,1.4000000000e+01
3827,0.0000000000e+00,0.0000000000e+00,1.3000000000e+01
3828,0.0000000000e+00,0.0000000000e+00,1.4000000000e+01
3829,0.0000000000e+00,0.0000000000e+00,1.1000000000e+01
3830,0.0000000000e+00,0.0000000000e+00,9.0000000000e+00
3831,0.0000000000e+00,0.0000000000e+00,1.1000000000e+01
3832,0.0000000000e+00,0.0000000000e+00,1.8000000000e+01
3833,0.0000000000e+00,0.0000000000e+00,1.2000000000e+01
3834,0.0000000000e+00,0.0000000000e+00,1.6000000000e+01
3835,0.0000000000e+00,0.0000000000e+00,5.0000000000e+00
3836,0.0000000000e+00,0.0000000000e+00,9.0000000000e+00
3837,0.0000000000e+00,0.0000000000e+00,7.0000000000e+00
3838,0.0000000000e+00,0.0000000000e+00,1.1000000000e+01
3839,0.0000000000e+00,0.0000000000e+00,9.0000000000e+00
3840,0.0000000000e+00,0.0000000000e+00,1.1000000000e+01
3841,0.0000000000e+00,0.0000000000e+00,7.0000000000e+00
3842,0.0000000000e+00,0.0000000000e+00,1.4000000000e+01
3843,0.0000000000e+00,0.0000000000e+00,1.4000000000e+01
3844,0.0000000000e+00,0.0000000000e+00,1.7000000000e+01
3845,0.0000000000e+00,0.0000000000e+00,1.0000000000e+01
3846,0.0000000000e+00,0.0000000000e+00,1.2000000000e+01
3847,0.0000000000e+00,0.0000000000e+00,1.7000000000e+01
3848,0.0000000000e+00,0.0000000000e+00,8.0000000000e+00
3849,0.0000000000e+00,0.0000000000e+00,1.5000000000e+01
3850,0.0000000000e+00,0.0000000000e+00,6.0000000000e+00
3851,0.0000000000e+00,0.0000000000e+00,5.0000000000e+00
3852,0.0000000000e+00,0.0000000000e+00,9.0000000000e+00
3853,0.0000000000e+00,0.0000000000e+00,4.0000000000e+00
3854,0.0000000000e+00,0.0000000000e+00,1.0000000000e+01
3855,0.0000000000e+00,0.0000000000e+00,9.0000000000e+00
3856,0.0000000000e+00,0.0000000000e+00,1.6000000000e+01
3857,0.0000000000e+00,0.0000000000e+00,1.0000000000e+01
3858,0.0000000000e+00,0.0000000000e+00,7.0000000000e+00
3859,0.0000000000e+00,0.0000000000e+00,1.1000000000e+01
3860,0.0000000000e+00,0.0000000000e+00,1.5000000000e+01
3861,0.0000000000e+00,0.0000000000e+00,1.0000000000e+01
3862,0.0000000000e+00,0.0000000000e+00,1.4000000000e+01
3863,0.0000000000e+00,0.0000000000e+00,1.7000000000e+01
3864,0.0000000000e+00,0.0000000000e+00,1.4000000000e+01
3865,0.0000000000e+00,0.0000000000e+00,1.1000000000e+01
3866,0.0000000000e+00,0.0000000000e+00,8.0000000000e+00
3867,0.0000000000e+00,0.0000000000e+00,7.0000000000e+00
3868,0.0000000000e+00,0.0000000000e+00,1.6000000000e+01
3869,0.0000000000e+00,0.0000000000e+00,1.0000000000e+01
3870,0.0000000000e+00,0.0000000000e+00,9.0000000000e+00
3871,0.0000000000e+00,0.0000000000e+00,9.0000000000e+00
3872,0.0000000000e+00,0.0000000000e+00,1.5000000000e+01
3873,0.0000000000e+00,0.0000000000e+00,1.3000000000e+01
3874,0.0000000000e+00,0.0000000000e+00,5.0000000000e+00
3875,0.0000000000e+00,0.0000000000e+00,1.1000000000e+01
3876,0.0000000000e+00,0.0000000000e+00,1.0000000000e+01
3877,0.0000000000e+00,0.0000000000e+00,8.0000000000e+00
3878,0.0000000000e+00,0.0000000000e+00,1.5000000000e+01
3879,0.0000000000e+00,0.0000000000e+00,8.0000000000e+00
3880,0.0000000000e+00,0.0000000000e+00,1.2000000000e+01
3881,0.0000000000e+00,0.0000000000e+00,8.0000000000e+00
3882,0.0000000000e+00,0.0000000000e+00,1.7000000000e+01
3883,0.0000000000e+00,0.0000000000e+00,1.1000000000e+01
3884,0.0000000000e+00,0.0000000000e+00,8.0000000000e+00
3885,0.0000000000e+00,0.0000000000e+00,5.0000000000e+00
3886,0.0000000000e+00,0.0000000000e+00,1.6000000000e+01
3887,0.0000000000e+00,0.0000000000e+00,1.0000000000e+01
3888,0.0000000000e+00,0.0000000000e+00,1.2000000000e+01
3889,0.0000000000e+00,0.0000000000e+00,1.0000000000e+01
3890,0.0000000000e+00,0.0000000000e+00,1.0000000000e+01
3891,0.0000000000e+00,0.0000000000e+00,1.2000000000e+01
3892,0.0000000000e+00,0.0000000000e+00,1.4000000000e+01
3893,0.0000000000e+00,0.0000000000e+00,1.0000000000e+01
3894,0.0000000000e+00,0.0000000000e+00,1.3000000000e+01
3895,0.0000000000e+00,0.0000000000e+00,1.2000000000e+01
3896,0.0000000000e+00,0.0000000000e+00,1.0000000000e+01
3897,0.0000000000e+00,0.0000000000e+00,1.3000000000e+01
3898,0.0000000000e+00,0.0000000000e+00,1.8000000000e+01
3899,0.0000000000e+00,0.0000000000e+00,8.0000000000e+00
3900,0.0000000000e+00,0.0000000000e+00,1.0000000000e+01
3901,0.0000000000e+00,0.0000000000e+00,8.0000000000e+00
3902,0.0000000000e+00,0.0000000000e+00,7.0000000000e+00
3903,0.0000000000e+00,0.0000000000e+00,1.3000000000e+01
3904,0.0000000000e+00,0.0000000000e+00,1.7000000000e+01
3905,0.0000000000e+00,0.0000000000e+00,2.0000000000e+01
3906,0.0000000000e+00,0.0000000000e+00,1.2000000000e+01
3907,0.0000000000e+00,0.0000000000e+00,6.0000000000e+00
3908,0.0000000000e+00,0.0000000000e+00,1.4000000000e+01
3909,0.0000000000e+00,0.0000000000e+00,1.7000000000e+01
3910,0.0000000000e+00,0.0000000000e+00,8.0000000000e+00
3911,0.0000000000e+00,0.0000000000e+00,8.0000000000e+00
3912,0.0000000000e+00,0.0000000000e+00,9.0000000000e+00
3913,0.0000000000e+00,0.0000000000e+00,1.6000000000e+01
3914,0.0000000000e+00,0.0000000000e+00,1.4000000000e+01
3915,0.0000000000e+00,0.0000000000e+00,1.7000000000e+01
3916,0.0000000000e+00,0.0000000000e+00,1.0000000000e+01
3917,0.0000000000e+00,0.0000000000e+00,1.8000000000e+01
3918,0.0000000000e+00,0.0000000000e+00,1.3000000000e+01
3919,0.0000000000e+00,0.0000000000e+00,1.0000000000e+01
3920,0.0000000000e+00,0.0000000000e+00,1.4000000000e+01
3921,0.0000000000e+00,0.0000000000e+00,6.0000000000e+00
3922,0.0000000000e+00,0.0000000000e+00,1.6000000000e+01
3923,0.0000000000e+00,0.0000000000e+00,1.3000000000e+01
3924,0.0000000000e+00,0.0000000000e+00,1.5000000000e+01
3925,0.0000000000e+00,0.0000000000e+00,6.0000000000e+00
3926,0.0000000000e+00,0.0000000000e+00,1.3000000000e+01
3927,0.0000000000e+00,0.0000000000e+00,1.2000000000e+01
3928,0.0000000000e+00,0.0000000000e+00,1.1000000000e+01
3929,0.0000000000e+00,0.0000000000e+00,1.6000000000e+01
3930,0.0000000000e+00,0.0000000000e+00,1.1000000000e+01
3931,0.0000000000e+00,0.0000000000e+00,1.1000000000e+01
3932,0.0000000000e+00,0.0000000000e+00,9.0000000000e+00
3933,0.0000000000e+00,0.0000000000e+00,1.3000000000e+01
3934,0.0000000000e+00,0.0000000000e+00,9.0000000000e+00
3935,0.0000000000e+00,0.0000000000e+00,1.4000000000e+01
3936,0.0000000000e+00,0.0000000000e+00,7.0000000000e+00
3937,0.0000000000e+00,0.0000000000e+00,8.0000000000e+00
3938,0.0000000000e+00,0.0000000000e+00,1.4000000000e+01
3939,0.0000000000e+00,0.0000000000e+00,4.0000000000e+00
3940,0.0000000000e+00,0.0000000000e+00,8.0000000000e+00
3941,0.0000000000e+00,0.0000000000e+00,1.2000000000e+01
3942,0.0000000000e+00,0.0000000000e+00,9.0000000000e+00
3943,0.0000000000e+00,0.0000000000e+00,1.1000000000e+01
3944,0.0000000000e+00,0.0000000000e+00,1.2000000000e+01
3945,0.0000000000e+00,0.0000000000e+00,1.7000000000e+01
3946,0.0000000000e+00,0.0000000000e+00,7.0000000000e+00
3947,0.0000000000e+00,0.0000000000e+00,8.0000000000e+00
3948,0.0000000000e+00,0.0000000000e+00,1.0000000000e+01
3949,0.0000000000e+00,0.0000000000e+00,1.5000000000e+01
3950,0.0000000000e+00,0.0000000000e+00,9.0000000000e+00
3951,0.0000000000e+00,0.0000000000e+00,1.0000000000e+01
3952,0.0000000000e+00,0.0000000000e+00,1.1000000000e+01
3953,0.0000000000e+00,0.0000000000e+00,1.4000000000e+01
3954,0.0000000000e+00,0.0000000000e+00,1.2000000000e+01
3955,0.0000000000e+00,0.0000000000e+00,1.4000000000e+01
3956,0.0000000000e+00,0.0000000000e+00,1.2000000000e+01
3957,0.0000000000e+00,0.0000000000e+00,7.0000000000e+00
3958,0.0000000000e+00,0.0000000000e+00,5.0000000000e+00
3959,0.0000000000e+00,0.0000000000e+00,1.2000000000e+01
3960,0.0000000000e+00,0.0000000000e+00,9.0000000000e+00
3961,0.0000000000e+00,0.0000000000e+00,8.0000000000e+00
3962,0.0000000000e+00,0.0000000000e+00,1.3000000000e+01
3963,0.0000000000e+00,0.0000000000e+00,4.0000000000e+00
3964,0.0000000000e+00,0.0000000000e+00,9.0000000000e+00
3965,0.0000000000e+00,0.0000000000e+00,1.0000000000e+01
3966,0.0000000000e+00,0.0000000000e+00,7.0000000000e+00
3967,0.0000000000e+00,0.0000000000e+00,6.0000000000e+00
3968,0.0000000000e+00,0.0000000000e+00,1.0000000000e+01
3969,0.0000000000e+00,0.0000000000e+00,1.8000000000e+01
3970,0.0000000000e+00,0.0000000000e+00,1.8000000000e+01
3971,0.0000000000e+00,0.0000000000e+00,1.0000000000e+01
3972,0.0000000000e+00,0.0000000000e+00,1.4000000000e+01
3973,0.0000000000e+00,0.0000000000e+00,1.2000000000e+01
3974,0.0000000000e+00,0.0000000000e+00,1.4000000000e+01
3975,0.0000000000e+00,0.0000000000e+00,1.9000000000e+01
3976,0.0000000000e+00,0.0000000000e+00,1.1000000000e+01
3977,0.0000000000e+00,0.0000000000e+00,8.0000000000e+00
3978,0.0000000000e+00,0.0000000000e+00,1.1000000000e+01
3979,0.0000000000e+00,0.0000000000e+00,1.0000000000e+01
3980,0.0000000000e+00,0.0000000000e+00,1.3000000000e+01
3981,0.0000000000e+00,0.0000000000e+00,9.0000000000e+00
3982,0.0000000000e+00,0.0000000000e+00,1.3000000000e+01
3983,0.0000000000e+00,0.0000000000e+00,1.0000000000e+01
3984,0.0000000000e+00,0.0000000000e+00,1.0000000000e+01
3985,0.0000000000e+00,0.0000000000e+00,9.0000000000e+00
3986,0.0000000000e+00,0.0000000000e+00,7.0000000000e+00
3987,0.0000000000e+00,0.0000000000e+00,1.2000000000e+01
3988,0.0000000000e+00,0.0000000000e+00,8.0000000000e+00
3989,0.0000000000e+00,0.0000000000e+00,1.2000000000e+01
3990,0.0000000000e+00,0.0000000000e+00,1.3000000000e+01
3991,0.0000000000e+00,0.0000000000e+00,1.1000000000e+01
3992,0.0000000000e+00,0.0000000000e+00,8.0000000000e+00
3993,0.0000000000e+00,0.0000000000e+00,9.0000000000e+00
3994,0.0000000000e+00,0.0000000000e+00,8.0000000000e+00
3995,0.0000000000e+00,0.0000000000e+00,7.0000000000e+00
3996,0.0000000000e+00,0.0000000000e+00,1.2000000000e+01
3997,0.0000000000e+00,0.0000000000e+00,1.6000000000e+01
3998,0.0000000000e+00,0.0000000000e+00,1.3000000000e+01
3999,0.0000000000e+00,0.0000000000e+00,1.1000000000e+01
4000,0.0000000000e+00,0.0000000000e+00,1.1000000000e+01
4001,0.0000000000e+00,0.0000000000e+00,1.3000000000e+01
4002,0.0000000000e+00,0.0000000000e+00,9.0000000000e+00
4003,0.0000000000e+00,0.0000000000e+00,7.0000000000e+00
4004,0.0000000000e+00,0.0000000000e+00,1.2000000000e+01
4005,0.0000000000e+00,0.0000000000e+00,7.0000000000e+00
4006,0.0000000000e+00,0.0000000000e+00,1.2000000000e+01
4007,0.0000000000e+00,0.0000000000e+00,1.0000000000e+01
4008,0.0000000000e+00,0.0000000000e+00,1.0000000000e+01
4009,0.0000000000e+00,0.0000000000e+00,1.7000000000e+01
4010,0.0000000000e+00,0.0000000000e+00,7.0000000000e+00
4011,0.0000000000e+00,0.0000000000e+00,1.5000000000e+01
4012,0.0000000000e+00,0.0000000000e+00,5.0000000000e+00
4013,0.0000000000e+00,0.0000000000e+00,5.0000000000e+00
4014,0.0000000000e+00,0.0000000000e+00,9.0000000000e+00
4015,0.0000000000e+00,0.0000000000e+00,1.0000000000e+01
4016,0.0000000000e+00,0.0000000000e+00,1.2000000000e+01
4017,0.0000000000e+00,0.0000000000e+00,9.0000000000e+00
4018,0.0000000000e+00,0.0000000000e+00,1.0000000000e+01
4019,0.0000000000e+00,0.0000000000e+00,1.5000000000e+01
4020,0.0000000000e+00,0.0000000000e+00,1.5000000000e+01
4021,0.0000000000e+00,0.0000000000e+00,1.0000000000e+01
4022,0.0000000000e+00,0.0000000000e+00,1.5000000000e+01
4023,0.0000000000e+00,0.0000000000e+00,5.0000000000e+00
4024,0.0000000000e+00,0.0000000000e+00,5.0000000000e+00
4025,0.0000000000e+00,0.0000000000e+00,1.0000000000e+01
4026,0.0000000000e+00,0.0000000000e+00,7.0000000000e+00
4027,0.0000000000e+00,0.0000000000e+00,1.3000000000e+01
4028,0.0000000000e+00,0.0000000000e+00,9.0000000000e+00
4029,0.0000000000e+00,0.0000000000e+00,1.2000000000e+01
4030,0.0000000000e+00,0.0000000000e+00,1.3000000000e+01
4031,0.0000000000e+00,0.0000000000e+00,1.0000000000e+01
4032,0.0000000000e+00,0.0000000000e+00,1.6000000000e+01
4033,0.0000000000e+00,0.0000000000e+00,1.4000000000e+01
4034,0.0000000000e+00,0.0000000000e+00,1.2000000000e+01
4035,0.0000000000e+00,0.0000000000e+00,1.5000000000e+01
4036,0.0000000000e+00,0.0000000000e+00,1.4000000000e+01
4037,0.0000000000e+00,0.0000000000e+00,6.0000000000e+00
4038,0.0000000000e+00,0.0000000000e+00,9.0000000000e+00
4039,0.0000000000e+00,0.0000000000e+00,1.2000000000e+01
4040,0.0000000000e+00,0.0000000000e+00,1.3000000000e+01
4041,0.0000000000e+00,0.0000000000e+00,1.0000000000e+01
4042,0.0000000000e+00,0.0000000000e+00,8.0000000000e+00
4043,0.0000000000e+00,0.0000000000e+00,7.0000000000e+00
4044,0.0000000000e+00,0.0000000000e+00,1.4000000000e+01
4045,0.0000000000e+00,0.0000000000e+00,1.1000000000e+01
4046,0.0000000000e+00,0.0000000000e+00,1.2000000000e+01
4047,0.0000000000e+00,0.0000000000e+00,1.0000000000e+01
4048,0.0000000000e+00,0.0000000000e+00,8.0000000000e+00
4049,0.0000000000e+00,0.0000000000e+00,1.2000000000e+01
4050,0.0000000000e+00,0.0000000000e+00,1.3000000000e+01
4051,0.0000000000e+00,0.0000000000e+00,7.0000000000e+00
4052,0.0000000000e+00,0.0000000000e+00,9.0000000000e+00
4053,0.0000000000e+00,0.0000000000e+00,1.0000000000e+01
4054,0.0000000000e+00,0.0000000000e+00,9.0000000000e+00
4055,0.0000000000e+00,0.0000000000e+00,1.2000000000e+01
4056,0.0000000000e+00,0.0000000000e+00,5.0000000000e+00
4057,0.0000000000e+00,0.0000000000e+00,1.1000000000e+01
4058,0.0000000000e+00,0.0000000000e+00,1.5000000000e+01
4059,0.0000000000e+00,0.0000000000e+00,1.2000000000e+01
4060,0.0000000000e+00,0.0000000000e+00,1.3000000000e+01
4061,0.0000000000e+00,0.0000000000e+00,1.3000000000e+01
4062,0.0000000000e+00,0.0000000000e+00,1.0000000000e+01
4063,0.0000000000e+00,0.0000000000e+00,7.0000000000e+00
4064,0.0000000000e+00,0.0000000000e+00,1.7000000000e+01
4065,0.0000000000e+00,0.0000000000e+00,1.4000000000e+01
4066,0.0000000000e+00,0.0000000000e+00,8.0000000000e+00
4067,0.0000000000e+00,0.0000000000e+00,1.0000000000e+01
4068,0.0000000000e+00,0.0000000000e+00,1.3000000000e+01
4069,0.0000000000e+00,0.0000000000e+00,1.2000000000e+01
4070,0.0000000000e+00,0.0000000000e+00,8.0000000000e+00
4071,0.0000000000e+00,0.0000000000e+00,8.0000000000e+00
4072,0.0000000000e+00,0.0000000000e+00,8.0000000000e+00
4073,0.0000000000e+00,0.0000000000e+00,1.4000000000e+01
4074,0.0000000000e+00,0.0000000000e+00,1.5000000000e+01
4075,0.0000000000e+00,0.0000000000e+00,1.0000000000e+01
4076,0.0000000000e+00,0.0000000000e+00,1.6000000000e+01
4077,0.0000000000e+00,0.0000000000e+00,1.1000000000e+01
4078,0.0000000000e+00,0.0000000000e+00,7.0000000000e+00
4079,0.0000000000e+00,0.0000000000e+00,1.6000000000e+01
4080,0.0000000000e+00,0.0000000000e+00,1.2000000000e+01
4081,0.0000000000e+00,0.0000000000e+00,1.5000000000e+01
4082,0.0000000000e+00,0.0000000000e+00,5.0000000000e+00
4083,0.0000000000e+00,0.0000000000e+00,1.0000000000e+01
4084,0.0000000000e+00,0.0000000000e+00,1.1000000000e+01
4085,0.0000000000e+00,0.0000000000e+00,1.0000000000e+01
4086,0.0000000000e+00,0.0000000000e+00,7.0000000000e+00
4087,0.0000000000e+00,0.0000000000e+00,9.0000000000e+00
4088,0.0000000000e+00,0.0000000000e+00,1.2000000000e+01
4089,0.0000000000e+00,0.0000000000e+00,1.2000000000e+01
4090,0.0000000000e+00,0.0000000000e+00,1.1000000000e+01
4091,0.0000000000e+00,0.0000000000e+00,1.2000000000e+01
4092,0.0000000000e+00,0.0000000000e+00,8.0000000000e+00
4093,0.0000000000e+00,0.0000000000e+00,8.0000000000e+00
4094,0.0000000000e+00,0.0000000000e+00,7.0000000000e+00
4095,0.0000000000e+00,0.0000000000e+00,7.0000000000e+00
4096,0.0000000000e+00,0.0000000000e+00,1.2000000000e+01
4097,0.0000000000e+00,0.0000000000e+00,9.0000000000e+00
4098,0.0000000000e+00,0.0000000000e+00,9.0000000000e+00
4099,0.0000000000e+00,0.0000000000e+00,3.0000000000e+00
4100,0.0000000000e+00,0.0000000000e+00,1.5000000000e+01
4101,0.0000000000e+00,0.0000000000e+00,1.7000000000e+01
4102,0.0000000000e+00,0.0000000000e+00,8.0000000000e+00
4103,0.0000000000e+00,0.0000000000e+00,9.0000000000e+00
4104,0.0000000000e+00,0.0000000000e+00,1.2000000000e+01
4105,0.0000000000e+00,0.0000000000e+00,1.0000000000e+01
4106,0.0000000000e+00,0.0000000000e+00,1.5000000000e+01
4107,0.0000000000e+00,0.0000000000e+00,8.0000000000e+00
4108,0.0000000000e+00,0.0000000000e+00,1.4000000000e+01
4109,0.0000000000e+00,0.0000000000e+00,1.6000000000e+01
4110,0.0000000000e+00,0.0000000000e+00,7.0000000000e+00
4111,0.0000000000e+00,0.0000000000e+00,8.0000000000e+00
4112,0.0000000000e+00,0.0000000000e+00,1.2000000000e+01
4113,0.0000000000e+00,0.0000000000e+00,1.7000000000e+01
4114,0.0000000000e+00,0.0000000000e+00,1.5000000000e+01
4115,0.0000000000e+00,0.0000000000e+00,5.0000000000e+00
4116,0.0000000000e+00,0.0000000000e+00,1.9000000000e+01
4117,0.0000000000e+00,0.0000000000e+00,1.1000000000e+01
4118,0.0000000000e+00,0.0000000000e+00,9.0000000000e+00
4119,0.0000000000e+00,0.0000000000e+00,1.2000000000e+01
4120,0.0000000000e+00,0.0000000000e+00,6.0000000000e+00
4121,0.0000000000e+00,0.0000000000e+00,8.0000000000e+00
4122,0.0000000000e+00,0.0000000000e+00,1.1000000000e+01
4123,0.0000000000e+00,0.0000000000e+00,5.0000000000e+00
4124,0.0000000000e+00,0.0000000000e+00,1.5000000000e+01
4125,0.0000000000e+00,0.0000000000e+00,9.0000000000e+00
4126,0.0000000000e+00,0.0000000000e+00,1.1000000000e+01
4127,0.0000000000e+00,0.0000000000e+00,9.0000000000e+00
4128,0.0000000000e+00,0.0000000000e+00,1.2000000000e+01
4129,0.0000000000e+00,0.0000000000e+00,1.0000000000e+01
4130,0.0000000000e+00,0.0000000000e+00,1.1000000000e+01
4131,0.0000000000e+00,0.0000000000e+00,1.0000000000e+01
4132,0.0000000000e+00,0.0000000000e+00,1.1000000000e+01
4133,0.0000000000e+00,0.0000000000e+00,8.0000000000e+00
4134,0.0000000000e+00,0.0000000000e+00,1.0000000000e+01
4135,0.0000000000e+00,0.0000000000e+00,6.0000000000e+00
4136,0.0000000000e+00,0.0000000000e+00,1.5000000000e+01
4137,0.0000000000e+00,0.0000000000e+00,8.0000000000e+00
4138,0.0000000000e+00,0.0000000000e+00,7.0000000000e+00
4139,0.0000000000e+00,0.0000000000e+00,8.0000000000e+00
4140,0.0000000000e+00,0.0000000000e+00,7.0000000000e+00
4141,0.0000000000e+00,0.0000000000e+00,1.1000000000e+01
4142,0.0000000000e+00,0.0000000000e+00,1.0000000000e+01
4143,0.0000000000e+00,0.0000000000e+00,8.0000000000e+00
4144,0.0000000000e+00,0.0000000000e+00,1.1000000000e+01
4145,0.0000000000e+00,0.0000000000e+00,8.0000000000e+00
4146,0.0000000000e+00,0.0000000000e+00,1.1000000000e+01
4147,0.0000000000e+00,0.0000000000e+00,1.0000000000e+01
4148,0.0000000000e+00,0.0000000000e+00,1.3000000000e+01
4149,0.0000000000e+00,0.0000000000e+00,1.4000000000e+01
4150,0.0000000000e+00,0.0000000000e+00,1.3000000000e+01
4151,0.0000000000e+00,0.0000000000e+00,1.2000000000e+01
4152,0.0000000000e+00,0.0000000000e+00,1.2000000000e+01
4153,0.0000000000e+00,0.0000000000e+00,1.0000000000e+01
4154,0.0000000000e+00,0.0000000000e+00,1.2000000000e+01
4155,0.0000000000e+00,0.0000000000e+00,1.0000000000e+01
4156,0.0000000000e+00,0.0000000000e+00,1.0000000000e+01
4157,0.0000000000e+00,0.0000000000e+00,1.0000000000e+01
4158,0.0000000000e+00,0.0000000000e+00,1.4000000000e+01
4159,0.0000000000e+00,0.0000000000e+00,1.4000000000e+01
4160,0.0000000000e+00,0.0000000000e+00,1.1000000000e+01
4161,0.0000000000e+00,0.0000000000e+00,1.1000000000e+01
4162,0.0000000000e+00,0.0000000000e+00,1.1000000000e+01
4163,0.0000000000e+00,0.0000000000e+00,1.0000000000e+01
4164,0.0000000000e+00,0.0000000000e+00,1.4000000000e+01
4165,0.0000000000e+00,0.0000000000e+00,1.2000000000e+01
4166,0.0000000000e+00,0.0000000000e+00,1.2000000000e+01
4167,0.0000000000e+00,0.0000000000e+00,1.0000000000e+01
4168,0.0000000000e+00,0.0000000000e+00,1.4000000000e+01
4169,0.0000000000e+00,0.0000000000e+00,1.2000000000e+01
4170,0.0000000000e+00,0.0000000000e+00,1.3000000000e+01
4171,0.0000000000e+00,0.0000000000e+00,1.3000000000e+01
4172,0.0000000000e+00,0.0000000000e+00,1.1000000000e+01
4173,0.0000000000e+00,0.0000000000e+00,9.0000000000e+00
4174,0.0000000000e+00,0.0000000000e+00,1.1000000000e+01
4175,0.0000000000e+00,0.0000000000e+00,7.0000000000e+00
4176,0.0000000000e+00,0.0000000000e+00,1.2000000000e+01
4177,0.0000000000e+00,0.0000000000e+00,7.0000000000e+00
4178,0.0000000000e+00,0.0000000000e+00,6.0000000000e+00
4179,0.0000000000e+00,0.0000000000e+00,1.4000000000e+01
4180,0.0000000000e+00,0.0000000000e+00,1.5000000000e+01
4181,0.0000000000e+00,0.0000000000e+00,4.0000000000e+00
4182,0.0000000000e+00,0.0000000000e+00,3.0000000000e+00
4183,0.0000000000e+00,0.0000000000e+00,7.0000000000e+00
4184,0.0000000000e+00,0.0000000000e+00,1.1000000000e+01
4185,0.0000000000e+00,0.0000000000e+00,1.5000000000e+01
4186,0.0000000000e+00,0.0000000000e+00,1.4000000000e+01
4187,0.0000000000e+00,0.0000000000e+00,9.0000000000e+00
4188,0.0000000000e+00,0.0000000000e+00,1.1000000000e+01
4189,0.0000000000e+00,0.0000000000e+00,1.1000000000e+01
4190,0.0000000000e+00,0.0000000000e+00,1.0000000000e+01
4191,0.0000000000e+00,0.0000000000e+00,1.1000000000e+01
4192,0.0000000000e+00,0.0000000000e+00,1.4000000000e+01
4193,0.0000000000e+00,0.0000000000e+00,1.1000000000e+01
4194,0.0000000000e+00,0.0000000000e+00,8.0000000000e+00
4195,0.0000000000e+00,0.0000000000e+00,7.0000000000e+00
4196,0.0000000000e+00,0.0000000000e+00,9.0000000000e+00
4197,0.0000000000e+00,0.0000000000e+00,8.0000000000e+00
4198,0.0000000000e+00,0.0000000000e+00,1.2000000000e+01
4199,0.0000000000e+00,0.0000000000e+00,1.3000000000e+01
4200,0.0000000000e+00,0.0000000000e+00,9.0000000000e+00
4201,0.0000000000e+00,0.0000000000e+00,1.1000000000e+01
4202,0.0000000000e+00,0.0000000000e+00,1.4000000000e+01
4203,0.0000000000e+00,0.0000000000e+00,1.0000000000e+01
4204,0.0000000000e+00,0.0000000000e+00,1.5000000000e+01
4205,0.0000000000e+00,0.0000000000e+00,1.1000000000e+01
4206,0.0000000000e+00,0.0000000000e+00,1.0000000000e+01
4207,0.0000000000e+00,0.0000000000e+00,9.0000000000e+00
4208,0.0000000000e+00,0.0000000000e+00,1.1000000000e+01
4209,0.0000000000e+00,0.0000000000e+00,1.3000000000e+01
4210,0.0000000000e+00,0.0000000000e+00,1.3000000000e+01
4211,0.0000000000e+00,0.0000000000e+00,1.1000000000e+01
4212,0.0000000000e+00,0.0000000000e+00,1.2000000000e+01
4213,0.0000000000e+00,0.0000000000e+00,1.4000000000e+01
4214,0.0000000000e+00,0.0000000000e+00,1.0000000000e+01
4215,0.0000000000e+00,0.0000000000e+00,9.0000000000e+00
4216,0.0000000000e+00,0.0000000000e+00,1.7000000000e+01
4217,0.0000000000e+00,0.0000000000e+00,8.0000000000e+00
4218,0.0000000000e+00,0.0000000000e+00,6.0000000000e+00
4219,0.0000000000e+00,0.0000000000e+00,1.8000000000e+01
4220,0.0000000000e+00,0.0000000000e+00,1.0000000000e+01
4221,0.0000000000e+00,0.0000000000e+00,9.0000000000e+00
4222,0.0000000000e+00,0.0000000000e+00,8.0000000000e+00
4223,0.0000000000e+00,0.0000000000e+00,1.5000000000e+01
4224,0.0000000000e+00,0.0000000000e+00,7.0000000000e+00
4225,0.0000000000e+00,0.0000000000e+00,1.3000000000e+01
4226,0.0000000000e+00,0.0000000000e+00,1.0000000000e+01
4227,0.0000000000e+00,0.0000000000e+00,1.1000000000e+01
4228,0.0000000000e+00,0.0000000000e+00,7.0000000000e+00
4229,0.0000000000e+00,0.0000000000e+00,1.1000000000e+01
4230,0.0000000000e+00,0.0000000000e+00,1.3000000000e+01
4231,0.0000000000e+00,0.0000000000e+00,1.1000000000e+01
4232,0.0000000000e+00,0.0000000000e+00,1.3000000000e+01
4233,0.0000000000e+00,0.0000000000e+00,1.0000000000e+01
4234,0.0000000000e+00,0.0000000000e+00,8.0000000000e+00
4235,0.0000000000e+00,0.0000000000e+00,1.0000000000e+01
4236,0.0000000000e+00,0.0000000000e+00,1.5000000000e+01
4237,0.0000000000e+00,0.0000000000e+00,8.0000000000e+00
4238,0.0000000000e+00,0.0000000000e+00,8.0000000000e+00
4239,0.0000000000e+00,0.0000000000e+00,8.0000000000e+00
4240,0.0000000000e+00,0.0000000000e+00,1.9000000000e+01
4241,0.0000000000e+00,0.0000000000e+00,1.1000000000e+01
4242,0.0000000000e+00,0.0000000000e+00,8.0000000000e+00
4243,0.0000000000e+00,0.0000000000e+00,1.5000000000e+01
4244,0.0000000000e+00,0.0000000000e+00,7.0000000000e+00
4245,0.0000000000e+00,0.0000000000e+00,1.4000000000e+01
4246,0.0000000000e+00,0.0000000000e+00,7.0000000000e+00
4247,0.0000000000e+00,0.0000000000e+00,7.0000000000e+00
4248,0.0000000000e+00,0.0000000000e+00,1.4000000000e+01
4249,0.0000000000e+00,0.0000000000e+00,1.2000000000e+01
4250,0.0000000000e+00,0.0000000000e+00,6.0000000000e+00
4251,0.0000000000e+00,0.0000000000e+00,1.0000000000e+01
4252,0.0000000000e+00,0.0000000000e+00,1.0000000000e+01
4253,0.0000000000e+00,0.0000000000e+00,1.4000000000e+01
4254,0.0000000000e+00,0.0000000000e+00,7.0000000000e+00
4255,0.0000000000e+00,0.0000000000e+00,1.1000000000e+01
4256,0.0000000000e+00,0.0000000000e+00,1.4000000000e+01
4257,0.0000000000e+00,0.0000000000e+00,9.0000000000e+00
4258,0.0000000000e+00,0.0000000000e+00,1.2000000000e+01
4259,0.0000000000e+00,0.0000000000e+00,1.7000000000e+01
4260,0.0000000000e+00,0.0000000000e+00,1.1000000000e+01
4261,0.0000000000e+00,0.0000000000e+00,1.5000000000e+01
4262,0.0000000000e+00,0.0000000000e+00,1.7000000000e+01
4263,0.0000000000e+00,0.0000000000e+00,8.0000000000e+00
4264,0.0000000000e+00,0.0000000000e+00,1.2000000000e+01
4265,0.0000000000e+00,0.0000000000e+00,1.4000000000e+01
4266,0.0000000000e+00,0.0000000000e+00,1.3000000000e+01
4267,0.0000000000e+00,0.0000000000e+00,1.8000000000e+01
4268,0.0000000000e+00,0.0000000000e+00,6.0000000000e+00
4269,0.0000000000e+00,0.0000000000e+00,1.4000000000e+01
4270,0.0000000000e+00,0.0000000000e+00,7.0000000000e+00
4271,0.0000000000e+00,0.0000000000e+00,6.0000000000e+00
4272,0.0000000000e+00,0.0000000000e+00,1.4000000000e+01
4273,0.0000000000e+00,0.0000000000e+00,1.1000000000e+01
4274,0.0000000000e+00,0.0000000000e+00,7.0000000000e+00
4275,0.0000000000e+00,0.0000000000e+00,1.1000000000e+01
4276,0.0000000000e+00,0.0000000000e+00,1.1000000000e+01
4277,0.0000000000e+00,0.0000000000e+00,8.0000000000e+00
4278,0.0000000000e+00,0.0000000000e+00,9.0000000000e+00
4279,0.0000000000e+00,0.0000000000e+00,1.5000000000e+01
4280,0.0000000000e+00,0.0000000000e+00,1.7000000000e+01
4281,0.0000000000e+00,0.0000000000e+00,1.1000000000e+01
4282,0.0000000000e+00,0.0000000000e+00,1.2000000000e+01
4283,0.0000000000e+00,0.0000000000e+00,1.0000000000e+01
4284,0.0000000000e+00,0.0000000000e+00,7.0000000000e+00
4285,0.0000000000e+00,0.0000000000e+00,1.5000000000e+01
4286,0.0000000000e+00,0.0000000000e+00,9.0000000000e+00
4287,0.0000000000e+00,0.0000000000e+00,9.0000000000e+00
4288,0.0000000000e+00,0.0000000000e+00,1.5000000000e+01
4289,0.0000000000e+00,0.0000000000e+00,1.1000000000e+01
4290,0.0000000000e+00,0.0000000000e+00,9.0000000000e+00
4291,0.0000000000e+00,0.0000000000e+00,9.0000000000e+00
4292,0.0000000000e+00,0.0000000000e+00,1.0000000000e+01
4293,0.0000000000e+00,0.0000000000e+00,9.0000000000e+00
4294,0.0000000000e+00,0.0000000000e+00,7.0000000000e+00
4295,0.0000000000e+00,0.0000000000e+00,8.0000000000e+00
4296,0.0000000000e+00,0.0000000000e+00,1.7000000000e+01
4297,0.0000000000e+00,0.0000000000e+00,7.0000000000e+00
4298,0.0000000000e+00,0.0000000000e+00,1.4000000000e+01
4299,0.0000000000e+00,0.0000000000e+00,9.0000000000e+00
4300,0.0000000000e+00,0.0000000000e+00,1.7000000000e+01
4301,0.0000000000e+00,0.0000000000e+00,9.0000000000e+00
4302,0.0000000000e+00,0.0000000000e+00,1.5000000000e+01
4303,0.0000000000e+00,0.0000000000e+00,1.5000000000e+01
4304,0.0000000000e+00,0.0000000000e+00,1.7000000000e+01
4305,0.0000000000e+00,0.0000000000e+00,9.0000000000e+00
4306,0.0000000000e+00,0.0000000000e+00,2.0000000000e+01
4307,0.0000000000e+00,0.0000000000e+00,1.7000000000e+01
4308,0.0000000000e+00,0.0000000000e+00,1.3000000000e+01
4309,0.0000000000e+00,0.0000000000e+00,7.0000000000e+00
4310,0.0000000000e+00,0.0000000000e+00,1.0000000000e+01
4311,0.0000000000e+00,0.0000000000e+00,1.0000000000e+01
4312,0.0000000000e+00,0.0000000000e+00,8.0000000000e+00
4313,0.0000000000e+00,0.0000000000e+00,8.0000000000e+00
4314,0.0000000000e+00,0.0000000000e+00,1.7000000000e+01
4315,0.0000000000e+00,0.0000000000e+00,9.0000000000e+00
4316,0.0000000000e+00,0.0000000000e+00,6.0000000000e+00
4317,0.0000000000e+00,0.0000000000e+00,1.4000000000e+01
4318,0.0000000000e+00,0.0000000000e+00,1.1000000000e+01
4319,0.0000000000e+00,0.0000000000e+00,1.8000000000e+01
4320,0.0000000000e+00,0.0000000000e+00,1.7000000000e+01
4321,0.0000000000e+00,0.0000000000e+00,4.0000000000e+00
4322,0.0000000000e+00,0.0000000000e+00,1.1000000000e+01
4323,0.0000000000e+00,0.0000000000e+00,1.4000000000e+01
4324,0.0000000000e+00,0.0000000000e+00,5.0000000000e+00
4325,0.0000000000e+00,0.0000000000e+00,7.0000000000e+00
4326,0.0000000000e+00,0.0000000000e+00,1.2000000000e+01
4327,0.0000000000e+00,0.0000000000e+00,1.2000000000e+01
4328,0.0000000000e+00,0.0000000000e+00,1.0000000000e+01
4329,0.0000000000e+00,0.0000000000e+00,9.0000000000e+00
4330,0.0000000000e+00,0.0000000000e+00,6.0000000000e+00
4331,0.0000000000e+00,0.0000000000e+00,7.0000000000e+00
4332,0.0000000000e+00,0.0000000000e+00,9.0000000000e+00
4333,0.0000000000e+00,0.0000000000e+00,1.1000000000e+01
4334,0.0000000000e+00,0.0000000000e+00,9.0000000000e+00
4335,0.0000000000e+00,0.0000000000e+00,1.1000000000e+01
4336,0.0000000000e+00,0.0000000000e+00,1.6000000000e+01
4337,0.0000000000e+00,0.0000000000e+00,1.3000000000e+01
4338,0.0000000000e+00,0.0000000000e+00,8.0000000000e+00
4339,0.0000000000e+00,0.0000000000e+00,1.0000000000e+01
4340,0.0000000000e+00,0.0000000000e+00,9.0000000000e+00
4341,0.0000000000e+00,0.0000000000e+00,9.0000000000e+00
4342,0.0000000000e+00,0.0000000000e+00,1.3000000000e+01
4343,0.0000000000e+00,0.0000000000e+00,1.1000000000e+01
4344,0.0000000000e+00,0.0000000000e+00,8.0000000000e+00
4345,0.0000000000e+00,0.0000000000e+00,1.1000000000e+01
4346,0.0000000000e+00,0.0000000000e+00,1.6000000000e+01
4347,0.0000000000e+00,0.0000000000e+00,7.0000000000e+00
4348,0.0000000000e+00,0.0000000000e+00,1.4000000000e+01
4349,0.0000000000e+00,0.0000000000e+00,1.1000000000e+01
4350,0.0000000000e+00,0.0000000000e+00,1.7000000000e+01
4351,0.0000000000e+00,0.0000000000e+00,6.0000000000e+00
4352,0.0000000000e+00,0.0000000000e+00,1.5000000000e+01
4353,0.0000000000e+00,0.0000000000e+00,1.1000000000e+01
4354,0.0000000000e+00,0.0000000000e+00,1.2000000000e+01
4355,0.0000000000e+00,0.0000000000e+00,1.5000000000e+01
4356,0.0000000000e+00,0.0000000000e+00,9.0000000000e+00
4357,0.0000000000e+00,0.0000000000e+00,1.0000000000e+01
4358,0.0000000000e+00,0.0000000000e+00,1.4000000000e+01
4359,0.0000000000e+00,0.0000000000e+00,1.8000000000e+01
4360,0.0000000000e+00,0.0000000000e+00,7.0000000000e+00
4361,0.0000000000e+00,0.0000000000e+00,9.0000000000e+00
4362,0.0000000000e+00,0.0000000000e+00,6.0000000000e+00
4363,0.0000000000e+00,0.0000000000e+00,1.1000000000e+01
4364,0.0000000000e+00,0.0000000000e+00,1.7000000000e+01
4365,0.0000000000e+00,0.0000000000e+00,1.4000000000e+01
4366,0.0000000000e+00,0.0000000000e+00,1.4000000000e+01
4367,0.0000000000e+00,0.0000000000e+00,7.0000000000e+00
4368,0.0000000000e+00,0.0000000000e+00,6.0000000000e+00
4369,0.0000000000e+00,0.0000000000e+00,1.2000000000e+01
4370,0.0000000000e+00,0.0000000000e+00,1.0000000000e+01
4371,0.0000000000e+00,0.0000000000e+00,7.0000000000e+00
4372,0.0000000000e+00,0.0000000000e+00,8.0000000000e+00
4373,0.0000000000e+00,0.0000000000e+00,1.0000000000e+01
4374,0.0000000000e+00,0.0000000000e+00,1.4000000000e+01
4375,0.0000000000e+00,0.0000000000e+00,1.1000000000e+01
4376,0.0000000000e+00,0.0000000000e+00,1.7000000000e+01
4377,0.0000000000e+00,0.0000000000e+00,4.0000000000e+00
4378,0.0000000000e+00,0.0000000000e+00,5.0000000000e+00
4379,0.0000000000e+00,0.0000000000e+00,1.0000000000e+01
4380,0.0000000000e+00,0.0000000000e+00,1.2000000000e+01
4381,0.0000000000e+00,0.0000000000e+00,6.0000000000e+00
4382,0.0000000000e+00,0.0000000000e+00,1.0000000000e+01
4383,0.0000000000e+00,0.0000000000e+00,6.0000000000e+00
4384,0.0000000000e+00,0.0000000000e+00,9.0000000000e+00
4385,0.0000000000e+00,0.0000000000e+00,1.1000000000e+01
4386,0.0000000000e+00,0.0000000000e+00,1.1000000000e+01
4387,0.0000000000e+00,0.0000000000e+00,1.4000000000e+01
4388,0.0000000000e+00,0.0000000000e+00,1.0000000000e+01
4389,0.0000000000e+00,0.0000000000e+00,1.0000000000e+01
4390,0.0000000000e+00,0.0000000000e+00,1.4000000000e+01
4391,0.0000000000e+00,0.0000000000e+00,1.2000000000e+01
4392,0.0000000000e+00,0.0000000000e+00,1.0000000000e+01
4393,0.0000000000e+00,0.0000000000e+00,6.0000000000e+00
4394,0.0000000000e+00,0.0000000000e+00,9.0000000000e+00
4395,0.0000000000e+00,0.0000000000e+00,5.0000000000e+00
4396,0.0000000000e+00,0.0000000000e+00,3.0000000000e+00
4397,0.0000000000e+00,0.0000000000e+00,6.0000000000e+00
4398,0.0000000000e+00,0.0000000000e+00,1.0000000000e+01
4399,0.0000000000e+00,0.0000000000e+00,1.5000000000e+01
4400,0.0000000000e+00,0.0000000000e+00,1.5000000000e+01
4401,0.0000000000e+00,0.0000000000e+00,1.5000000000e+01
4402,0.0000000000e+00,0.0000000000e+00,1.3000000000e+01
4403,0.0000000000e+00,0.0000000000e+00,1.3000000000e+01
4404,0.0000000000e+00,0.0000000000e+00,1.3000000000e+01
4405,0.0000000000e+00,0.0000000000e+00,9.0000000000e+00
4406,0.0000000000e+00,0.0000000000e+00,1.0000000000e+01
4407,0.0000000000e+00,0.0000000000e+00,1.8000000000e+01
4408,0.0000000000e+00,0.0000000000e+00,1.3000000000e+01
4409,0.0000000000e+00,0.0000000000e+00,1.0000000000e+01
4410,0.0000000000e+00,0.0000000000e+00,1.4000000000e+01
4411,0.0000000000e+00,0.0000000000e+00,1.5000000000e+01
4412,0.0000000000e+00,0.0000000000e+00,9.0000000000e+00
4413,0.0000000000e+00,0.0000000000e+00,9.0000000000e+00
4414,0.0000000000e+00,0.0000000000e+00,1.1000000000e+01
4415,0.0000000000e+00,0.0000000000e+00,1.1000000000e+01
4416,0.0000000000e+00,0.0000000000e+00,2.0000000000e+00
4417,0.0000000000e+00,0.0000000000e+00,9.0000000000e+00
4418,0.0000000000e+00,0.0000000000e+00,5.0000000000e+00
4419,0.0000000000e+00,0.0000000000e+00,7.0000000000e+00
4420,0.0000000000e+00,0.0000000000e+00,8.0000000000e+00
4421,0.0000000000e+00,0.0000000000e+00,1.1000000000e+01
4422,0.0000000000e+00,0.0000000000e+00,7.0000000000e+00
4423,0.0000000000e+00,0.0000000000e+00,8.0000000000e+00
4424,0.0000000000e+00,0.0000000000e+00,8.0000000000e+00
4425,0.0000000000e+00,0.0000000000e+00,9.0000000000e+00
4426,0.0000000000e+00,0.0000000000e+00,9.0000000000e+00
4427,0.0000000000e+00,0.0000000000e+00,1.6000000000e+01
4428,0.0000000000e+00,0.0000000000e+00,7.0000000000e+00
4429,0.0000000000e+00,0.0000000000e+00,1.6000000000e+01
4430,0.0000000000e+00,0.0000000000e+00,1.5000000000e+01
4431,0.0000000000e+00,0.0000000000e+00,1.2000000000e+01
4432,0.0000000000e+00,0.0000000000e+00,9.0000000000e+00
4433,0.0000000000e+00,0.0000000000e+00,1.5000000000e+01
4434,0.0000000000e+00,0.0000000000e+00,5.0000000000e+00
4435,0.0000000000e+00,0.0000000000e+00,9.0000000000e+00
4436,0.0000000000e+00,0.0000000000e+00,1.2000000000e+01
4437,0.0000000000e+00,0.0000000000e+00,1.5000000000e+01
4438,0.0000000000e+00,0.0000000000e+00,1.2000000000e+01
4439,0.0000000000e+00,0.0000000000e+00,5.0000000000e+00
4440,0.0000000000e+00,0.0000000000e+00,1.4000000000e+01
4441,0.0000000000e+00,0.0000000000e+00,8.0000000000e+00
4442,0.0000000000e+00,0.0000000000e+00,4.0000000000e+00
4443,0.0000000000e+00,0.0000000000e+00,1.1000000000e+01
4444,0.0000000000e+00,0.0000000000e+00,9.0000000000e+00
4445,0.0000000000e+00,0.0000000000e+00,1.3000000000e+01
4446,0.0000000000e+00,0.0000000000e+00,1.4000000000e+01
4447,0.0000000000e+00,0.0000000000e+00,1.3000000000e+01
4448,0.0000000000e+00,0.0000000000e+00,8.0000000000e+00
4449,0.0000000000e+00,0.0000000000e+00,1.0000000000e+01
4450,0.0000000000e+00,0.0000000000e+00,1.3000000000e+01
4451,0.0000000000e+00,0.0000000000e+00,7.0000000000e+00
4452,0.0000000000e+00,0.0000000000e+00,1.4000000000e+01
4453,0.0000000000e+00,0.0000000000e+00,6.0000000000e+00
4454,0.0000000000e+00,0.0000000000e+00,1.1000000000e+01
4455,0.0000000000e+00,0.0000000000e+00,8.0000000000e+00
4456,0.0000000000e+00,0.0000000000e+00,1.3000000000e+01
4457,0.0000000000e+00,0.0000000000e+00,1.4000000000e+01
4458,0.0000000000e+00,0.0000000000e+00,9.0000000000e+00
4459,0.0000000000e+00,0.0000000000e+00,1.1000000000e+01
4460,0.0000000000e+00,0.0000000000e+00,1.1000000000e+01
4461,0.0000000000e+00,0.0000000000e+00,1.3000000000e+01
4462,0.0000000000e+00,0.0000000000e+00,1.0000000000e+01
4463,0.0000000000e+00,0.0000000000e+00,7.0000000000e+00
4464,0.0000000000e+00,0.0000000000e+00,5.0000000000e+00
4465,0.0000000000e+00,0.0000000000e+00,5.0000000000e+00
4466,0.0000000000e+00,0.0000000000e+00,4.0000000000e+00
4467,0.0000000000e+00,0.0000000000e+00,1.1000000000e+01
4468,0.0000000000e+00,0.0000000000e+00,1.1000000000e+01
4469,0.0000000000e+00,0.0000000000e+00,1.2000000000e+01
4470,0.0000000000e+00,0.0000000000e+00,1.1000000000e+01
4471,0.0000000000e+00,0.0000000000e+00,9.0000000000e+00
4472,0.0000000000e+00,0.0000000000e+00,1.1000000000e+01
4473,0.0000000000e+00,0.0000000000e+00,9.0000000000e+00
4474,0.0000000000e+00,0.0000000000e+00,1.2000000000e+01
4475,0.0000000000e+00,0.0000000000e+00,8.0000000000e+00
4476,0.0000000000e+00,0.0000000000e+00,1.5000000000e+01
4477,0.0000000000e+00,0.0000000000e+00,1.5000000000e+01
4478,0.0000000000e+00,0.0000000000e+00,1.2000000000e+01
4479,0.0000000000e+00,0.0000000000e+00,9.0000000000e+00
4480,0.0000000000e+00,0.0000000000e+00,1.0000000000e+01
4481,0.0000000000e+00,0.0000000000e+00,9.0000000000e+00
4482,0.0000000000e+00,0.0000000000e+00,1.7000000000e+01
4483,0.0000000000e+00,0.0000000000e+00,1.7000000000e+01
4484,0.0000000000e+00,0.0000000000e+00,1.3000000000e+01
4485,0.0000000000e+00,0.0000000000e+00,4.0000000000e+00
4486,0.0000000000e+00,0.0000000000e+00,8.0000000000e+00
4487,0.0000000000e+00,0.0000000000e+00,1.2000000000e+01
4488,0.0000000000e+00,0.0000000000e+00,1.2000000000e+01
4489,0.0000000000e+00,0.0000000000e+00,1.0000000000e+01
4490,0.0000000000e+00,0.0000000000e+00,8.0000000000e+00
4491,0.0000000000e+00,0.0000000000e+00,1.3000000000e+01
4492,0.0000000000e+00,0.0000000000e+00,6.0000000000e+00
4493,0.0000000000e+00,0.0000000000e+00,8.0000000000e+00
4494,0.0000000000e+00,0.0000000000e+00,8.0000000000e+00
4495,0.0000000000e+00,0.0000000000e+00,1.0000000000e+01
4496,0.0000000000e+00,0.0000000000e+00,7.0000000000e+00
4497,0.0000000000e+00,0.0000000000e+00,4.0000000000e+00
4498,0.0000000000e+00,0.0000000000e+00,7.0000000000e+00
4499,0.0000000000e+00,0.0000000000e+00,8.0000000000e+00
4500,0.0000000000e+00,0.0000000000e+00,8.0000000000e+00
4501,0.0000000000e+00,0.0000000000e+00,1.0000000000e+01
4502,0.0000000000e+00,0.0000000000e+00,8.0000000000e+00
4503,0.0000000000e+00,0.0000000000e+00,1.4000000000e+01
4504,0.0000000000e+00,0.0000000000e+00,1.0000000000e+01
4505,0.0000000000e+00,0.0000000000e+00,2.0000000000e+01
4506,0.0000000000e+00,0.0000000000e+00,1.3000000000e+01
4507,0.0000000000e+00,0.0000000000e+00,1.3000000000e+01
4508,0.0000000000e+00,0.0000000000e+00,1.3000000000e+01
4509,0.0000000000e+00,0.0000000000e+00,7.0000000000e+00
4510,0.0000000000e+00,0.0000000000e+00,1.0000000000e+01
4511,0.0000000000e+00,0.0000000000e+00,2.2000000000e+01
4512,0.0000000000e+00,0.0000000000e+00,9.0000000000e+00
4513,0.0000000000e+00,0.0000000000e+00,4.0000000000e+00
4514,0.0000000000e+00,0.0000000000e+00,1.7000000000e+01
4515,0.0000000000e+00,0.0000000000e+00,1.4000000000e+01
4516,0.0000000000e+00,0.0000000000e+00,9.0000000000e+00
4517,0.0000000000e+00,0.0000000000e+00,8.0000000000e+00
4518,0.0000000000e+00,0.0000000000e+00,1.1000000000e+01
4519,0.0000000000e+00,0.0000000000e+00,1.4000000000e+01
4520,0.0000000000e+00,0.0000000000e+00,1.2000000000e+01
4521,0.0000000000e+00,0.0000000000e+00,9.0000000000e+00
4522,0.0000000000e+00,0.0000000000e+00,1.5000000000e+01
4523,0.0000000000e+00,0.0000000000e+00,1.3000000000e+01
4524,0.0000000000e+00,0.0000000000e+00,8.0000000000e+00
4525,0.0000000000e+00,0.0000000000e+00,1.2000000000e+01
4526,0.0000000000e+00,0.0000000000e+00,1.1000000000e+01
4527,0.0000000000e+00,0.0000000000e+00,8.0000000000e+00
4528,0.0000000000e+00,0.0000000000e+00,1.2000000000e+01
4529,0.0000000000e+00,0.0000000000e+00,6.0000000000e+00
4530,0.0000000000e+00,0.0000000000e+00,1.1000000000e+01
4531,0.0000000000e+00,0.0000000000e+00,1.3000000000e+01
4532,0.0000000000e+00,0.0000000000e+00,1.2000000000e+01
4533,0.0000000000e+00,0.0000000000e+00,6.0000000000e+00
4534,0.0000000000e+00,0.0000000000e+00,1.7000000000e+01
4535,0.0000000000e+00,0.0000000000e+00,1.0000000000e+01
4536,0.0000000000e+00,0.0000000000e+00,1.0000000000e+01
4537,0.0000000000e+00,0.0000000000e+00,6.0000000000e+00
4538,0.0000000000e+00,0.0000000000e+00,1.0000000000e+01
4539,0.0000000000e+00,0.0000000000e+00,1.5000000000e+01
4540,0.0000000000e+00,0.0000000000e+00,1.0000000000e+01
4541,0.0000000000e+00,0.0000000000e+00,1.4000000000e+01
4542,0.0000000000e+00,0.0000000000e+00,9.0000000000e+00
4543,0.0000000000e+00,0.0000000000e+00,9.0000000000e+00
4544,0.0000000000e+00,0.0000000000e+00,6.0000000000e+00
4545,0.0000000000e+00,0.0000000000e+00,1.2000000000e+01
4546,0.0000000000e+00,0.0000000000e+00,1.0000000000e+01
4547,0.0000000000e+00,0.0000000000e+00,1.0000000000e+01
4548,0.0000000000e+00,0.0000000000e+00,7.0000000000e+00
4549,0.0000000000e+00,0.0000000000e+00,8.0000000000e+00
4550,0.0000000000e+00,0.0000000000e+00,1.5000000000e+01
4551,0.0000000000e+00,0.0000000000e+00,1.1000000000e+01
4552,0.0000000000e+00,0.0000000000e+00,1.1000000000e+01
4553,0.0000000000e+00,0.0000000000e+00,1.0000000000e+01
4554,0.0000000000e+00,0.0000000000e+00,1.0000000000e+01
4555,0.0000000000e+00,0.0000000000e+00,1.2000000000e+01
4556,0.0000000000e+00,0.0000000000e+00,6.0000000000e+00
4557,0.0000000000e+00,0.0000000000e+00,8.0000000000e+00
4558,0.0000000000e+00,0.0000000000e+00,1.4000000000e+01
4559,0.0000000000e+00,0.0000000000e+00,8.0000000000e+00
4560,0.0000000000e+00,0.0000000000e+00,1.2000000000e+01
4561,0.0000000000e+00,0.0000000000e+00,1.4000000000e+01
4562,0.0000000000e+00,0.0000000000e+00,1.0000000000e+01
4563,0.0000000000e+00,0.0000000000e+00,9.0000000000e+00
4564,0.0000000000e+00,0.0000000000e+00,5.0000000000e+00
4565,0.0000000000e+00,0.0000000000e+00,5.0000000000e+00
4566,0.0000000000e+00,0.0000000000e+00,1.2000000000e+01
4567,0.0000000000e+00,0.0000000000e+00,7.0000000000e+00
4568,0.0000000000e+00,0.0000000000e+00,1.6000000000e+01
4569,0.0000000000e+00,0.0000000000e+00,1.1000000000e+01
4570,0.0000000000e+00,0.0000000000e+00,1.2000000000e+01
4571,0.0000000000e+00,0.0000000000e+00,1.2000000000e+01
4572,0.0000000000e+00,0.0000000000e+00,9.0000000000e+00
4573,0.0000000000e+00,0.0000000000e+00,1.4000000000e+01
4574,0.0000000000e+00,0.0000000000e+00,9.0000000000e+00
4575,0.0000000000e+00,0.0000000000e+00,7.0000000000e+00
4576,0.0000000000e+00,0.0000000000e+00,1.6000000000e+01
4577,0.0000000000e+00,0.0000000000e+00,9.0000000000e+00
4578,0.0000000000e+00,0.0000000000e+00,1.1000000000e+01
4579,0.0000000000e+00,0.0000000000e+00,1.1000000000e+01
4580,0.0000000000e+00,0.0000000000e+00,1.8000000000e+01
4581,0.0000000000e+00,0.0000000000e+00,7.0000000000e+00
4582,0.0000000000e+00,0.0000000000e+00,1.4000000000e+01
4583,0.0000000000e+00,0.0000000000e+00,1.1000000000e+01
4584,0.0000000000e+00,0.0000000000e+00,1.0000000000e+01
4585,0.0000000000e+00,0.0000000000e+00,9.0000000000e+00
4586,0.0000000000e+00,0.0000000000e+00,9.0000000000e+00
4587,0.0000000000e+00,0.0000000000e+00,9.0000000000e+00
4588,0.0000000000e+00,0.0000000000e+00,5.0000000000e+00
4589,0.0000000000e+00,0.0000000000e+00,9.0000000000e+00
4590,0.0000000000e+00,0.0000000000e+00,1.2000000000e+01
4591,0.0000000000e+00,0.0000000000e+00,1.1000000000e+01
4592,0.0000000000e+00,0.0000000000e+00,8.0000000000e+00
4593,0.0000000000e+00,0.0000000000e+00,9.0000000000e+00
4594,0.0000000000e+00,0.0000000000e+00,4.0000000000e+00
4595,0.0000000000e+00,0.0000000000e+00,7.0000000000e+00
4596,0.0000000000e+00,0.0000000000e+00,1.7000000000e+01
4597,0.0000000000e+00,0.0000000000e+00,9.0000000000e+00
4598,0.0000000000e+00,0.0000000000e+00,1.4000000000e+01
4599,0.0000000000e+00,0.0000000000e+00,8.0000000000e+00
4600,0.0000000000e+00,0.0000000000e+00,7.0000000000e+00
4601,0.0000000000e+00,0.0000000000e+00,9.0000000000e+00
4602,0.0000000000e+00,0.0000000000e+00,1.4000000000e+01
4603,0.0000000000e+00,0.0000000000e+00,9.0000000000e+00
4604,0.0000000000e+00,0.0000000000e+00,1.2000000000e+01
4605,0.0000000000e+00,0.0000000000e+00,1.5000000000e+01
4606,0.0000000000e+00,0.0000000000e+00,1.5000000000e+01
4607,0.0000000000e+00,0.0000000000e+00,1.4000000000e+01
4608,0.0000000000e+00,0.0000000000e+00,1.5000000000e+01
4609,0.0000000000e+00,0.0000000000e+00,7.0000000000e+00
4610,0.0000000000e+00,0.0000000000e+00,1.4000000000e+01
4611,0.0000000000e+00,0.0000000000e+00,6.0000000000e+00
4612,0.0000000000e+00,0.0000000000e+00,1.0000000000e+01
4613,0.0000000000e+00,0.0000000000e+00,1.0000000000e+01
4614,0.0000000000e+00,0.0000000000e+00,1.6000000000e+01
4615,0.0000000000e+00,0.0000000000e+00,1.3000000000e+01
4616,0.0000000000e+00,0.0000000000e+00,1.3000000000e+01
4617,0.0000000000e+00,0.0000000000e+00,1.5000000000e+01
4618,0.0000000000e+00,0.0000000000e+00,1.0000000000e+01
4619,0.0000000000e+00,0.0000000000e+00,1.1000000000e+01
4620,0.0000000000e+00,0.0000000000e+00,1.0000000000e+01
4621,0.0000000000e+00,0.0000000000e+00,1.1000000000e+01
4622,0.0000000000e+00,0.0000000000e+00,9.0000000000e+00
4623,0.0000000000e+00,0.0000000000e+00,7.0000000000e+00
4624,0.0000000000e+00,0.0000000000e+00,1.0000000000e+01
4625,0.0000000000e+00,0.0000000000e+00,1.0000000000e+01
4626,0.0000000000e+00,0.0000000000e+00,1.0000000000e+01
4627,0.0000000000e+00,0.0000000000e+00,1.6000000000e+01
4628,0.0000000000e+00,0.0000000000e+00,7.0000000000e+00
4629,0.0000000000e+00,0.0000000000e+00,1.0000000000e+01
4630,0.0000000000e+00,0.0000000000e+00,1.1000000000e+01
4631,0.0000000000e+00,0.0000000000e+00,7.0000000000e+00
4632,0.0000000000e+00,0.0000000000e+00,7.0000000000e+00
4633,0.0000000000e+00,0.0000000000e+00,5.0000000000e+00
4634,0.0000000000e+00,0.0000000000e+00,1.0000000000e+01
4635,0.0000000000e+00,0.0000000000e+00,1.4000000000e+01
4636,0.0000000000e+00,0.0000000000e+00,9.0000000000e+00
4637,0.0000000000e+00,0.0000000000e+00,8.0000000000e+00
4638,0.0000000000e+00,0.0000000000e+00,8.0000000000e+00
4639,0.0000000000e+00,0.0000000000e+00,9.0000000000e+00
4640,0.0000000000e+00,0.0000000000e+00,9.0000000000e+00
4641,0.0000000000e+00,0.0000000000e+00,1.1000000000e+01
4642,0.0000000000e+00,0.0000000000e+00,7.0000000000e+00
4643,0.0000000000e+00,0.0000000000e+00,1.1000000000e+01
4644,0.0000000000e+00,0.0000000000e+00,1.4000000000e+01
4645,0.0000000000e+00,0.0000000000e+00,7.0000000000e+00
4646,0.0000000000e+00,0.0000000000e+00,1.4000000000e+01
4647,0.0000000000e+00,0.0000000000e+00,1.0000000000e+01
4648,0.0000000000e+00,0.0000000000e+00,1.1000000000e+01
4649,0.0000000000e+00,0.0000000000e+00,1.2000000000e+01
4650,0.0000000000e+00,0.0000000000e+00,8.0000000000e+00
4651,0.0000000000e+00,0.0000000000e+00,6.0000000000e+00
4652,0.0000000000e+00,0.0000000000e+00,1.0000000000e+01
4653,0.0000000000e+00,0.0000000000e+00,1.6000000000e+01
4654,0.0000000000e+00,0.0000000000e+00,9.0000000000e+00
4655,0.0000000000e+00,0.0000000000e+00,7.0000000000e+00
4656,0.0000000000e+00,0.0000000000e+00,1.3000000000e+01
4657,0.0000000000e+00,0.0000000000e+00,1.5000000000e+01
4658,0.0000000000e+00,0.0000000000e+00,5.0000000000e+00
4659,0.0000000000e+00,0.0000000000e+00,1.2000000000e+01
4660,0.0000000000e+00,0.0000000000e+00,7.0000000000e+00
4661,0.0000000000e+00,0.0000000000e+00,9.0000000000e+00
4662,0.0000000000e+00,0.0000000000e+00,1.0000000000e+01
4663,0.0000000000e+00,0.0000000000e+00,4.0000000000e+00
4664,0.0000000000e+00,0.0000000000e+00,8.0000000000e+00
4665,0.0000000000e+00,0.0000000000e+00,3.0000000000e+00
4666,0.0000000000e+00,0.0000000000e+00,1.2000000000e+01
4667,0.0000000000e+00,0.0000000000e+00,1.1000000000e+01
4668,0.0000000000e+00,0.0000000000e+00,2.0000000000e+01
4669,0.0000000000e+00,0.0000000000e+00,1.1000000000e+01
4670,0.0000000000e+00,0.0000000000e+00,1.3000000000e+01
4671,0.0000000000e+00,0.0000000000e+00,1.0000000000e+01
4672,0.0000000000e+00,0.0000000000e+00,1.0000000000e+01
4673,0.0000000000e+00,0.0000000000e+00,1.4000000000e+01
4674,0.0000000000e+00,0.0000000000e+00,4.0000000000e+00
4675,0.0000000000e+00,0.0000000000e+00,1.3000000000e+01
4676,0.0000000000e+00,0.0000000000e+00,7.0000000000e+00
4677,0.0000000000e+00,0.0000000000e+00,9.0000000000e+00
4678,0.0000000000e+00,0.0000000000e+00,8.0000000000e+00
4679,0.0000000000e+00,0.0000000000e+00,9.0000000000e+00
4680,0.0000000000e+00,0.0000000000e+00,6.0000000000e+00
4681,0.0000000000e+00,0.0000000000e+00,1.1000000000e+01
4682,0.0000000000e+00,0.0000000000e+00,8.0000000000e+00
4683,0.0000000000e+00,0.0000000000e+00,8.0000000000e+00
4684,0.0000000000e+00,0.0000000000e+00,1.3000000000e+01
4685,0.0000000000e+00,0.0000000000e+00,1.1000000000e+01
4686,0.0000000000e+00,0.0000000000e+00,8.0000000000e+00
4687,0.0000000000e+00,0.0000000000e+00,1.0000000000e+01
4688,0.0000000000e+00,0.0000000000e+00,1.1000000000e+01
4689,0.0000000000e+00,0.0000000000e+00,5.0000000000e+00
4690,0.0000000000e+00,0.0000000000e+00,1.7000000000e+01
4691,0.0000000000e+00,0.0000000000e+00,1.2000000000e+01
4692,0.0000000000e+00,0.0000000000e+00,1.6000000000e+01
4693,0.0000000000e+00,0.0000000000e+00,1.0000000000e+01
4694,0.0000000000e+00,0.0000000000e+00,9.0000000000e+00
4695,0.0000000000e+00,0.0000000000e+00,1.2000000000e+01
4696,0.0000000000e+00,0.0000000000e+00,1.0000000000e+01
4697,0.0000000000e+00,0.0000000000e+00,8.0000000000e+00
4698,0.0000000000e+00,0.0000000000e+00,8.0000000000e+00
4699,0.0000000000e+00,0.0000000000e+00,8.0000000000e+00
4700,0.0000000000e+00,0.0000000000e+00,5.0000000000e+00
4701,0.0000000000e+00,0.0000000000e+00,1.4000000000e+01
4702,0.0000000000e+00,0.0000000000e+00,1.3000000000e+01
4703,0.0000000000e+00,0.0000000000e+00,1.0000000000e+01
4704,0.0000000000e+00,0.0000000000e+00,1.2000000000e+01
4705,0.0000000000e+00,0.0000000000e+00,1.4000000000e+01
4706,0.0000000000e+00,0.0000000000e+00,9.0000000000e+00
4707,0.0000000000e+00,0.0000000000e+00,9.0000000000e+00
4708,0.0000000000e+00,0.0000000000e+00,9.0000000000e+00
4709,0.0000000000e+00,0.0000000000e+00,1.1000000000e+01
4710,0.0000000000e+00,0.0000000000e+00,7.0000000000e+00
4711,0.0000000000e+00,0.0000000000e+00,1.3000000000e+01
4712,0.0000000000e+00,0.0000000000e+00,7.0000000000e+00
4713,0.0000000000e+00,0.0000000000e+00,1.2000000000e+01
4714,0.0000000000e+00,0.0000000000e+00,8.0000000000e+00
4715,0.0000000000e+00,0.0000000000e+00,1.0000000000e+01
4716,0.0000000000e+00,0.0000000000e+00,1.3000000000e+01
4717,0.0000000000e+00,0.0000000000e+00,8.0000000000e+00
4718,0.0000000000e+00,0.0000000000e+00,1.2000000000e+01
4719,0.0000000000e+00,0.0000000000e+00,1.0000000000e+01
4720,0.0000000000e+00,0.0000000000e+00,8.0000000000e+00
4721,0.0000000000e+00,0.0000000000e+00,1.3000000000e+01
4722,0.0000000000e+00,0.0000000000e+00,1.2000000000e+01
4723,0.0000000000e+00,0.0000000000e+00,1.6000000000e+01
4724,0.0000000000e+00,0.0000000000e+00,9.0000000000e+00
4725,0.0000000000e+00,0.0000000000e+00,1.1000000000e+01
4726,0.0000000000e+00,0.0000000000e+00,9.0000000000e+00
4727,0.0000000000e+00,0.0000000000e+00,7.0000000000e+00
4728,0.0000000000e+00,0.0000000000e+00,1.1000000000e+01
4729,0.0000000000e+00,0.0000000000e+00,1.3000000000e+01
4730,0.0000000000e+00,0.0000000000e+00,1.4000000000e+01
4731,0.0000000000e+00,0.0000000000e+00,1.7000000000e+01
4732,0.0000000000e+00,0.0000000000e+00,1.1000000000e+01
4733,0.0000000000e+00,0.0000000000e+00,1.1000000000e+01
4734,0.0000000000e+00,0.0000000000e+00,7.0000000000e+00
4735,0.0000000000e+00,0.0000000000e+00,1.3000000000e+01
4736,0.0000000000e+00,0.0000000000e+00,1.1000000000e+01
4737,0.0000000000e+00,0.0000000000e+00,1.3000000000e+01
4738,0.0000000000e+00,0.0000000000e+00,9.0000000000e+00
4739,0.0000000000e+00,0.0000000000e+00,9.0000000000e+00
4740,0.0000000000e+00,0.0000000000e+00,1.4000000000e+01
4741,0.0000000000e+00,0.0000000000e+00,9.0000000000e+00
4742,0.0000000000e+00,0.0000000000e+00,8.0000000000e+00
4743,0.0000000000e+00,0.0000000000e+00,1.2000000000e+01
4744,0.0000000000e+00,0.0000000000e+00,1.1000000000e+01
4745,0.0000000000e+00,0.0000000000e+00,1.4000000000e+01
4746,0.0000000000e+00,0.0000000000e+00,1.0000000000e+01
4747,0.0000000000e+00,0.0000000000e+00,1.5000000000e+01
4748,0.0000000000e+00,0.0000000000e+00,1.3000000000e+01
4749,0.0000000000e+00,0.0000000000e+00,1.2000000000e+01
4750,0.0000000000e+00,0.0000000000e+00,1.0000000000e+01
4751,0.0000000000e+00,0.0000000000e+00,2.0000000000e+00
4752,0.0000000000e+00,0.0000000000e+00,1.9000000000e+01
4753,0.0000000000e+00,0.0000000000e+00,1.1000000000e+01
4754,0.0000000000e+00,0.0000000000e+00,8.0000000000e+00
4755,0.0000000000e+00,0.0000000000e+00,7.0000000000e+00
4756,0.0000000000e+00,0.0000000000e+00,7.0000000000e+00
4757,0.0000000000e+00,0.0000000000e+00,1.0000000000e+01
4758,0.0000000000e+00,0.0000000000e+00,1.0000000000e+01
4759,0.0000000000e+00,0.0000000000e+00,1.2000000000e+01
4760,0.0000000000e+00,0.0000000000e+00,1.1000000000e+01
4761,0.0000000000e+00,0.0000000000e+00,1.4000000000e+01
4762,0.0000000000e+00,0.0000000000e+00,1.2000000000e+01
4763,0.0000000000e+00,0.0000000000e+00,1.1000000000e+01
4764,0.0000000000e+00,0.0000000000e+00,1.2000000000e+01
4765,0.0000000000e+00,0.0000000000e+00,1.1000000000e+01
4766,0.0000000000e+00,0.0000000000e+00,8.0000000000e+00
4767,0.0000000000e+00,0.0000000000e+00,1.3000000000e+01
4768,0.0000000000e+00,0.0000000000e+00,1.1000000000e+01
4769,0.0000000000e+00,0.0000000000e+00,1.2000000000e+01
4770,0.0000000000e+00,0.0000000000e+00,1.1000000000e+01
4771,0.0000000000e+00,0.0000000000e+00,1.2000000000e+01
4772,0.0000000000e+00,0.0000000000e+00,1.0000000000e+01
4773,0.0000000000e+00,0.0000000000e+00,2.0000000000e+01
4774,0.0000000000e+00,0.0000000000e+00,1.1000000000e+01
4775,0.0000000000e+00,0.0000000000e+00,1.3000000000e+01
4776,0.0000000000e+00,0.0000000000e+00,1.4000000000e+01
4777,0.0000000000e+00,0.0000000000e+00,1.5000000000e+01
4778,0.0000000000e+00,0.0000000000e+00,9.0000000000e+00
4779,0.0000000000e+00,0.0000000000e+00,1.0000000000e+01
4780,0.0000000000e+00,0.0000000000e+00,1.0000000000e+01
4781,0.0000000000e+00,0.0000000000e+00,1.1000000000e+01
4782,0.0000000000e+00,0.0000000000e+00,8.0000000000e+00
4783,0.0000000000e+00,0.0000000000e+00,1.2000000000e+01
4784,0.0000000000e+00,0.0000000000e+00,9.0000000000e+00
4785,0.0000000000e+00,0.0000000000e+00,1.1000000000e+01
4786,0.0000000000e+00,0.0000000000e+00,1.3000000000e+01
4787,0.0000000000e+00,0.0000000000e+00,1.1000000000e+01
4788,0.0000000000e+00,0.0000000000e+00,1.1000000000e+01
4789,0.0000000000e+00,0.0000000000e+00,1.5000000000e+01
4790,0.0000000000e+00,0.0000000000e+00,1.6000000000e+01
4791,0.0000000000e+00,0.0000000000e+00,1.1000000000e+01
4792,0.0000000000e+00,0.0000000000e+00,1.1000000000e+01
4793,0.0000000000e+00,0.0000000000e+00,1.2000000000e+01
4794,0.0000000000e+00,0.0000000000e+00,1.9000000000e+01
4795,0.0000000000e+00,0.0000000000e+00,1.0000000000e+01
4796,0.0000000000e+00,0.0000000000e+00,1.3000000000e+01
4797,0.0000000000e+00,0.0000000000e+00,1.6000000000e+01
4798,0.0000000000e+00,0.0000000000e+00,1.1000000000e+01
4799,0.0000000000e+00,0.0000000000e+00,1.1000000000e+01
4800,0.0000000000e+00,0.0000000000e+00,1.1000000000e+01
4801,0.0000000000e+00,0.0000000000e+00,7.0000000000e+00
4802,0.0000000000e+00,0.0000000000e+00,8.0000000000e+00
4803,0.0000000000e+00,0.0000000000e+00,6.0000000000e+00
4804,0.0000000000e+00,0.0000000000e+00,1.2000000000e+01
4805,0.0000000000e+00,0.0000000000e+00,1.3000000000e+01
4806,0.0000000000e+00,0.0000000000e+00,1.5000000000e+01
4807,0.0000000000e+00,0.0000000000e+00,9.0000000000e+00
4808,0.0000000000e+00,0.0000000000e+00,1.1000000000e+01
4809,0.0000000000e+00,0.0000000000e+00,1.2000000000e+01
4810,0.0000000000e+00,0.0000000000e+00,5.0000000000e+00
4811,0.0000000000e+00,0.0000000000e+00,6.0000000000e+00
4812,0.0000000000e+00,0.0000000000e+00,1.5000000000e+01
4813,0.0000000000e+00,0.0000000000e+00,9.0000000000e+00
4814,0.0000000000e+00,0.0000000000e+00,5.0000000000e+00
4815,0.0000000000e+00,0.0000000000e+00,9.0000000000e+00
4816,0.0000000000e+00,0.0000000000e+00,1.0000000000e+01
4817,0.0000000000e+00,0.0000000000e+00,6.0000000000e+00
4818,0.0000000000e+00,0.0000000000e+00,1.0000000000e+01
4819,0.0000000000e+00,0.0000000000e+00,6.0000000000e+00
4820,0.0000000000e+00,0.0000000000e+00,8.0000000000e+00
4821,0.0000000000e+00,0.0000000000e+00,1.6000000000e+01
4822,0.0000000000e+00,0.0000000000e+00,1.0000000000e+01
4823,0.0000000000e+00,0.0000000000e+00,1.8000000000e+01
4824,0.0000000000e+00,0.0000000000e+00,7.0000000000e+00
4825,0.0000000000e+00,0.0000000000e+00,5.0000000000e+00
4826,0.0000000000e+00,0.0000000000e+00,8.0000000000e+00
4827,0.0000000000e+00,0.0000000000e+00,6.0000000000e+00
4828,0.0000000000e+00,0.0000000000e+00,1.2000000000e+01
4829,0.0000000000e+00,0.0000000000e+00,1.3000000000e+01
4830,0.0000000000e+00,0.0000000000e+00,1.2000000000e+01
4831,0.0000000000e+00,0.0000000000e+00,1.3000000000e+01
4832,0.0000000000e+00,0.0000000000e+00,8.0000000000e+00
4833,0.0000000000e+00,0.0000000000e+00,1.3000000000e+01
4834,0.0000000000e+00,0.0000000000e+00,8.0000000000e+00
4835,0.0000000000e+00,0.0000000000e+00,1.0000000000e+01
4836,0.0000000000e+00,0.0000000000e+00,1.2000000000e+01
4837,0.0000000000e+00,0.0000000000e+00,6.0000000000e+00
4838,0.0000000000e+00,0.0000000000e+00,1.1000000000e+01
4839,0.0000000000e+00,0.0000000000e+00,1.3000000000e+01
4840,0.0000000000e+00,0.0000000000e+00,1.0000000000e+01
4841,0.0000000000e+00,0.0000000000e+00,7.0000000000e+00
4842,0.0000000000e+00,0.0000000000e+00,1.1000000000e+01
4843,0.0000000000e+00,0.0000000000e+00,1.2000000000e+01
4844,0.0000000000e+00,0.0000000000e+00,1.0000000000e+01
4845,0.0000000000e+00,0.0000000000e+00,1.0000000000e+01
4846,0.0000000000e+00,0.0000000000e+00,1.4000000000e+01
4847,0.0000000000e+00,0.0000000000e+00,1.5000000000e+01
4848,0.0000000000e+00,0.0000000000e+00,1.4000000000e+01
4849,0.0000000000e+00,0.0000000000e+00,9.0000000000e+00
4850,0.0000000000e+00,0.0000000000e+00,1.4000000000e+01
4851,0.0000000000e+00,0.0000000000e+00,1.1000000000e+01
4852,0.0000000000e+00,0.0000000000e+00,1.2000000000e+01
4853,0.0000000000e+00,0.0000000000e+00,1.4000000000e+01
4854,0.0000000000e+00,0.0000000000e+00,1.1000000000e+01
4855,0.0000000000e+00,0.0000000000e+00,6.0000000000e+00
4856,0.0000000000e+00,0.0000000000e+00,1.2000000000e+01
4857,0.0000000000e+00,0.0000000000e+00,1.3000000000e+01
4858,0.0000000000e+00,0.0000000000e+00,8.0000000000e+00
4859,0.0000000000e+00,0.0000000000e+00,1.1000000000e+01
4860,0.0000000000e+00,0.0000000000e+00,8.0000000000e+00
4861,0.0000000000e+00,0.0000000000e+00,1.3000000000e+01
4862,0.0000000000e+00,0.0000000000e+00,1.6000000000e+01
4863,0.0000000000e+00,0.0000000000e+00,1.4000000000e+01
4864,0.0000000000e+00,0.0000000000e+00,5.0000000000e+00
4865,0.0000000000e+00,0.0000000000e+00,1.3000000000e+01
4866,0.0000000000e+00,0.0000000000e+00,1.1000000000e+01
4867,0.0000000000e+00,0.0000000000e+00,1.1000000000e+01
4868,0.0000000000e+00,0.0000000000e+00,1.3000000000e+01
4869,0.0000000000e+00,0.0000000000e+00,9.0000000000e+00
4870,0.0000000000e+00,0.0000000000e+00,5.0000000000e+00
4871,0.0000000000e+00,0.0000000000e+00,9.0000000000e+00
4872,0.0000000000e+00,0.0000000000e+00,9.0000000000e+00
4873,0.0000000000e+00,0.0000000000e+00,1.1000000000e+01
4874,0.0000000000e+00,0.0000000000e+00,1.3000000000e+01
4875,0.0000000000e+00,0.0000000000e+00,1.1000000000e+01
4876,0.0000000000e+00,0.0000000000e+00,9.0000000000e+00
4877,0.0000000000e+00,0.0000000000e+00,1.1000000000e+01
4878,0.0000000000e+00,0.0000000000e+00,1.2000000000e+01
4879,0.0000000000e+00,0.0000000000e+00,1.3000000000e+01
4880,0.0000000000e+00,0.0000000000e+00,1.1000000000e+01
4881,0.0000000000e+00,0.0000000000e+00,1.2000000000e+01
4882,0.0000000000e+00,0.0000000000e+00,1.0000000000e+01
4883,0.0000000000e+00,0.0000000000e+00,1.0000000000e+01
4884,0.0000000000e+00,0.0000000000e+00,1.4000000000e+01
4885,0.0000000000e+00,0.0000000000e+00,6.0000000000e+00
4886,0.0000000000e+00,0.0000000000e+00,1.4000000000e+01
4887,0.0000000000e+00,0.0000000000e+00,1.2000000000e+01
4888,0.0000000000e+00,0.0000000000e+00,1.1000000000e+01
4889,0.0000000000e+00,0.0000000000e+00,1.1000000000e+01
4890,0.0000000000e+00,0.0000000000e+00,1.1000000000e+01
4891,0.0000000000e+00,0.0000000000e+00,1.0000000000e+01
4892,0.0000000000e+00,0.0000000000e+00,1.0000000000e+01
4893,0.0000000000e+00,0.0000000000e+00,1.0000000000e+01
4894,0.0000000000e+00,0.0000000000e+00,1.1000000000e+01
4895,0.0000000000e+00,0.0000000000e+00,1.1000000000e+01
4896,0.0000000000e+00,0.0000000000e+00,1.0000000000e+01
4897,0.0000000000e+00,0.0000000000e+00,1.1000000000e+01
4898,0.0000000000e+00,0.0000000000e+00,7.0000000000e+00
4899,0.0000000000e+00,0.0000000000e+00,1.2000000000e+01
4900,0.0000000000e+00,0.0000000000e+00,1.5000000000e+01
4901,0.0000000000e+00,0.0000000000e+00,1.1000000000e+01
4902,0.0000000000e+00,0.0000000000e+00,1.0000000000e+01
4903,0.0000000000e+00,0.0000000000e+00,4.0000000000e+00
4904,0.0000000000e+00,0.0000000000e+00,9.0000000000e+00
4905,0.0000000000e+00,0.0000000000e+00,7.0000000000e+00
4906,0.0000000000e+00,0.0000000000e+00,7.0000000000e+00
4907,0.0000000000e+00,0.0000000000e+00,1.5000000000e+01
4908,0.0000000000e+00,0.0000000000e+00,1.2000000000e+01
4909,0.0000000000e+00,0.0000000000e+00,9.0000000000e+00
4910,0.0000000000e+00,0.0000000000e+00,8.0000000000e+00
4911,0.0000000000e+00,0.0000000000e+00,1.0000000000e+01
4912,0.0000000000e+00,0.0000000000e+00,1.8000000000e+01
4913,0.0000000000e+00,0.0000000000e+00,1.5000000000e+01
4914,0.0000000000e+00,0.0000000000e+00,1.1000000000e+01
4915,0.0000000000e+00,0.0000000000e+00,8.0000000000e+00
4916,0.0000000000e+00,0.0000000000e+00,1.8000000000e+01
4917,0.0000000000e+00,0.0000000000e+00,8.0000000000e+00
4918,0.0000000000e+00,0.0000000000e+00,1.5000000000e+01
4919,0.0000000000e+00,0.0000000000e+00,1.2000000000e+01
4920,0.0000000000e+00,0.0000000000e+00,6.0000000000e+00
4921,0.0000000000e+00,0.0000000000e+00,1.2000000000e+01
4922,0.0000000000e+00,0.0000000000e+00,9.0000000000e+00
4923,0.0000000000e+00,0.0000000000e+00,9.0000000000e+00
4924,0.0000000000e+00,0.0000000000e+00,8.0000000000e+00
4925,0.0000000000e+00,0.0000000000e+00,1.0000000000e+01
4926,0.0000000000e+00,0.0000000000e+00,9.0000000000e+00
4927,0.0000000000e+00,0.0000000000e+00,6.0000000000e+00
4928,0.0000000000e+00,0.0000000000e+00,4.0000000000e+00
4929,0.0000000000e+00,0.0000000000e+00,1.3000000000e+01
4930,0.0000000000e+00,0.0000000000e+00,7.0000000000e+00
4931,0.0000000000e+00,0.0000000000e+00,7.0000000000e+00
4932,0.0000000000e+00,0.0000000000e+00,1.3000000000e+01
4933,0.0000000000e+00,0.0000000000e+00,1.3000000000e+01
4934,0.0000000000e+00,0.0000000000e+00,9.0000000000e+00
4935,0.0000000000e+00,0.0000000000e+00,1.2000000000e+01
4936,0.0000000000e+00,0.0000000000e+00,1.2000000000e+01
4937,0.0000000000e+00,0.0000000000e+00,1.7000000000e+01
4938,0.0000000000e+00,0.0000000000e+00,1.0000000000e+01
4939,0.0000000000e+00,0.0000000000e+00,8.0000000000e+00
4940,0.0000000000e+00,0.0000000000e+00,1.5000000000e+01
4941,0.0000000000e+00,0.0000000000e+00,7.0000000000e+00
4942,0.0000000000e+00,0.0000000000e+00,1.4000000000e+01
4943,0.0000000000e+00,0.0000000000e+00,6.0000000000e+00
4944,0.0000000000e+00,0.0000000000e+00,6.0000000000e+00
4945,0.0000000000e+00,0.0000000000e+00,1.5000000000e+01
4946,0.0000000000e+00,0.0000000000e+00,5.0000000000e+00
4947,0.0000000000e+00,0.0000000000e+00,8.0000000000e+00
4948,0.0000000000e+00,0.0000000000e+00,9.0000000000e+00
4949,0.0000000000e+00,0.0000000000e+00,1.2000000000e+01
4950,0.0000000000e+00,0.0000000000e+00,1.1000000000e+01
4951,0.0000000000e+00,0.0000000000e+00,8.0000000000e+00
4952,0.0000000000e+00,0.0000000000e+00,7.0000000000e+00
4953,0.0000000000e+00,0.0000000000e+00,1.5000000000e+01
4954,0.0000000000e+00,0.0000000000e+00,8.0000000000e+00
4955,0.0000000000e+00,0.0000000000e+00,8.0000000000e+00
4956,0.0000000000e+00,0.0000000000e+00,1.2000000000e+01
4957,0.0000000000e+00,0.0000000000e+00,1.0000000000e+01
4958,0.0000000000e+00,0.0000000000e+00,1.3000000000e+01
4959,0.0000000000e+00,0.0000000000e+00,1.1000000000e+01
4960,0.0000000000e+00,0.0000000000e+00,1.0000000000e+01
4961,0.0000000000e+00,0.0000000000e+00,1.3000000000e+01
4962,0.0000000000e+00,0.0000000000e+00,1.6000000000e+01
4963,0.0000000000e+00,0.0000000000e+00,1.0000000000e+01
4964,0.0000000000e+00,0.0000000000e+00,4.0000000000e+00
4965,0.0000000000e+00,0.0000000000e+00,1.2000000000e+01
4966,0.0000000000e+00,0.0000000000e+00,1.7000000000e+01
4967,0.0000000000e+00,0.0000000000e+00,1.7000000000e+01
4968,0.0000000000e+00,0.0000000000e+00,1.0000000000e+01
4969,0.0000000000e+00,0.0000000000e+00,1.4000000000e+01
4970,0.0000000000e+00,0.0000000000e+00,1.0000000000e+01
4971,0.0000000000e+00,0.0000000000e+00,1.0000000000e+01
4972,0.0000000000e+00,0.0000000000e+00,1.5000000000e+01
4973,0.0000000000e+00,0.0000000000e+00,1.3000000000e+01
4974,0.0000000000e+00,0.0000000000e+00,8.0000000000e+00
4975,0.0000000000e+00,0.0000000000e+00,1.0000000000e+01
4976,0.0000000000e+00,0.0000000000e+00,5.0000000000e+00
4977,0.0000000000e+00,0.0000000000e+00,7.0000000000e+00
4978,0.0000000000e+00,0.0000000000e+00,1.2000000000e+01
4979,0.0000000000e+00,0.0000000000e+00,2.0000000000e+00
4980,0.0000000000e+00,0.0000000000e+00,8.0000000000e+00
4981,0.0000000000e+00,0.0000000000e+00,8.0000000000e+00
4982,0.0000000000e+00,0.0000000000e+00,1.4000000000e+01
4983,0.0000000000e+00,0.0000000000e+00,1.5000000000e+01
4984,0.0000000000e+00,0.0000000000e+00,1.1000000000e+01
4985,0.0000000000e+00,0.0000000000e+00,7.0000000000e+00
4986,0.0000000000e+00,0.0000000000e+00,1.4000000000e+01
4987,0.0000000000e+00,0.0000000000e+00,9.0000000000e+00
4988,0.0000000000e+00,0.0000000000e+00,5.0000000000e+00
4989,0.0000000000e+00,0.0000000000e+00,1.1000000000e+01
4990,0.0000000000e+00,0.0000000000e+00,1.1000000000e+01
4991,0.0000000000e+00,0.0000000000e+00,1.6000000000e+01
4992,0.0000000000e+00,0.0000000000e+00,8.0000000000e+00
4993,0.0000000000e+00,0.0000000000e+00,9.0000000000e+00
4994,0.0000000000e+00,0.0000000000e+00,1.1000000000e+01
4995,0.0000000000e+00,0.0000000000e+00,1.0000000000e+01
4996,0.0000000000e+00,0.0000000000e+00,6.0000000000e+00
4997,0.0000000000e+00,0.0000000000e+00,1.0000000000e+01
4998,0.0000000000e+00,0.0000000000e+00,7.0000000000e+00
4999,0.0000000000e+00,0.0000000000e+00,1.4000000000e+01
