step,vx_25_25,vy_25_25,pressure_25_25,energy
0,4.9975326657e-01,-4.9975326657e-01,0.0000000000e+00,2.3998942871e+03
1,5.0306928158e-01,-5.0137603283e-01,-5.4514279366e+00,2.4612099609e+03
2,5.0270634890e-01,-5.0169110298e-01,3.5046899319e+00,2.4691174316e+03
3,5.0260704756e-01,-5.0166451931e-01,2.3274841309e+00,2.4751501465e+03
4,5.0200587511e-01,-5.0141251087e-01,1.0394877195e+00,2.4797387695e+03
5,5.0176405907e-01,-5.0134098530e-01,-3.7613984942e-01,2.4832187500e+03
6,5.0159674883e-01,-5.0151044130e-01,-1.4618282318e+00,2.4858759766e+03
7,5.0187826157e-01,-5.0182384253e-01,-1.3816878796e+00,2.4879023438e+03
8,5.0202870369e-01,-5.0211077929e-01,-2.5814802647e+00,2.4894565430e+03
9,5.0231081247e-01,-5.0223088264e-01,-3.9592230320e+00,2.4906506348e+03
10,5.0255006552e-01,-5.0232332945e-01,-3.3865981102e+00,2.4915642090e+03
11,5.0270175934e-01,-5.0244963169e-01,-2.5715305805e+00,2.4922646484e+03
12,5.0272321701e-01,-5.0235205889e-01,-1.6156029701e+00,2.4927958984e+03
13,5.0251805782e-01,-5.0251537561e-01,-1.3995960951e+00,2.4932023926e+03
14,5.0246417522e-01,-5.0242865086e-01,1.1463447809e+00,2.4935109863e+03
15,5.0224143267e-01,-5.0242722034e-01,-1.4684936404e-01,2.4937424316e+03
16,5.0212901831e-01,-5.0225669146e-01,1.5437424183e+00,2.4939160156e+03
17,5.0219535828e-01,-5.0229495764e-01,-1.3713017702e+00,2.4940449219e+03
18,5.0224208832e-01,-5.0198888779e-01,7.5509279966e-01,2.4941396484e+03
19,5.0217962265e-01,-5.0167322159e-01,-1.4468760490e+00,2.4942070312e+03
20,5.0202828646e-01,-5.0146216154e-01,1.2460676432e+00,2.4942495117e+03
21,5.0189048052e-01,-5.0108551979e-01,-3.0583810806e+00,2.4942768555e+03
22,5.0181275606e-01,-5.0093376637e-01,2.1500928402e+00,2.4942927246e+03
23,5.0174701214e-01,-5.0090444088e-01,-5.7141718864e+00,2.4942978516e+03
24,5.0165158510e-01,-5.0113999844e-01,5.7678890228e-01,2.4942958984e+03
25,5.0180238485e-01,-5.0127774477e-01,-8.3421249390e+00,2.4942885742e+03
26,5.0193893909e-01,-5.0170201063e-01,3.6630797386e+00,2.4942739258e+03
27,5.0211817026e-01,-5.0214046240e-01,-5.2072577477e+00,2.4942561035e+03
28,5.0255054235e-01,-5.0247508287e-01,1.2710360289e+00,2.4942343750e+03
29,5.0265890360e-01,-5.0288105011e-01,-4.1288352013e+00,2.4942114258e+03
30,5.0277048349e-01,-5.0292772055e-01,1.9984121323e+00,2.4941879883e+03
31,5.0268894434e-01,-5.0287193060e-01,-4.0732579231e+00,2.4941606445e+03
32,5.0267237425e-01,-5.0289380550e-01,8.0562806129e-01,2.4941328125e+03
33,5.0260424614e-01,-5.0254690647e-01,-2.9751296043e+00,2.4941013184e+03
34,5.0222814083e-01,-5.0224781036e-01,3.7858662605e+00,2.4940710449e+03
35,5.0200587511e-01,-5.0189411640e-01,-5.0878725052e+00,2.4940415039e+03
36,5.0199490786e-01,-5.0164520741e-01,6.7687978745e+00,2.4940092773e+03
37,5.0189030170e-01,-5.0171971321e-01,-3.7916984558e+00,2.4939770508e+03
38,5.0204116106e-01,-5.0136715174e-01,8.6738002300e-01,2.4939440918e+03
39,5.0211799145e-01,-5.0147420168e-01,-3.1804802418e+00,2.4939118652e+03
40,5.0235003233e-01,-5.0156307220e-01,1.7221674919e+00,2.4938791504e+03
41,5.0269627571e-01,-5.0167924166e-01,-1.5662270784e+00,2.4938457031e+03
42,5.0277256966e-01,-5.0192511082e-01,7.6295620203e-01,2.4938156738e+03
43,5.0294011831e-01,-5.0196701288e-01,-3.6799948215e+00,2.4937822266e+03
44,5.0294888020e-01,-5.0213325024e-01,1.3317992687e+00,2.4937485352e+03
45,5.0295054913e-01,-5.0220674276e-01,-6.2865056992e+00,2.4937128906e+03
46,5.0282090902e-01,-5.0206285715e-01,2.2511885166e+00,2.4936809082e+03
47,5.0260144472e-01,-5.0188189745e-01,-7.6644668579e+00,2.4936474609e+03
48,5.0242805481e-01,-5.0155049562e-01,1.5754922628e+00,2.4936140137e+03
49,5.0213593245e-01,-5.0141167641e-01,-1.4484657049e+00,2.4935800781e+03
50,5.0191473961e-01,-5.0130391121e-01,-4.3316903710e-01,2.4935451660e+03
51,5.0201487541e-01,-5.0138121843e-01,-1.6431338787e+00,2.4935107422e+03
52,5.0210285187e-01,-5.0137567520e-01,-1.4771196842e+00,2.4934763184e+03
53,5.0237149000e-01,-5.0147205591e-01,-1.6668103933e+00,2.4934406738e+03
54,5.0259947777e-01,-5.0150614977e-01,-1.0958020687e+00,2.4934079590e+03
55,5.0279122591e-01,-5.0169897079e-01,-9.2131739855e-01,2.4933767090e+03
56,5.0282198191e-01,-5.0174731016e-01,-1.9611533880e+00,2.4933435059e+03
57,5.0294446945e-01,-5.0183230639e-01,-1.4136155844e+00,2.4933093262e+03
58,5.0294101238e-01,-5.0170344114e-01,-5.9702450037e-01,2.4932749023e+03
59,5.0278723240e-01,-5.0166290998e-01,5.5585354567e-01,2.4932397461e+03
60,5.0254344940e-01,-5.0147587061e-01,-1.1194730997e+00,2.4932048340e+03
61,5.0231426954e-01,-5.0133657455e-01,-3.6986503005e-01,2.4931713867e+03
62,5.0210416317e-01,-5.0119394064e-01,-2.7741549015e+00,2.4931376953e+03
63,5.0202137232e-01,-5.0113743544e-01,-2.6111963391e-01,2.4931035156e+03
64,5.0196737051e-01,-5.0109291077e-01,-1.4143415689e+00,2.4930720215e+03
65,5.0208115578e-01,-5.0129324198e-01,9.6195930243e-01,2.4930405273e+03
66,5.0205361843e-01,-5.0139242411e-01,-8.3990800381e-01,2.4930083008e+03
67,5.0238102674e-01,-5.0155121088e-01,5.7987177372e-01,2.4929748535e+03
68,5.0256192684e-01,-5.0165569782e-01,6.6540205479e-01,2.4929421387e+03
69,5.0262981653e-01,-5.0157493353e-01,-5.7521110773e-01,2.4929086914e+03
70,5.0255614519e-01,-5.0124961138e-01,-1.0784016848e+00,2.4928740234e+03
71,5.0251096487e-01,-5.0097715855e-01,6.3595503569e-02,2.4928400879e+03
72,5.0247853994e-01,-5.0072664022e-01,-1.2653810978e+00,2.4928061523e+03
73,5.0229078531e-01,-5.0065678358e-01,-4.7853451967e-01,2.4927734375e+03
74,5.0213199854e-01,-5.0068306923e-01,-3.2028527260e+00,2.4927392578e+03
75,5.0219333172e-01,-5.0066506863e-01,-5.7167387009e-01,2.4927062988e+03
76,5.0209701061e-01,-5.0096964836e-01,-4.4240541458e+00,2.4926716309e+03
77,5.0234723091e-01,-5.0131309032e-01,-1.9997617006e+00,2.4926381836e+03
78,5.0258851051e-01,-5.0170469284e-01,-1.4126141071e+00,2.4926059570e+03
79,5.0257188082e-01,-5.0200277567e-01,-2.6990902424e+00,2.4925739746e+03
80,5.0276887417e-01,-5.0207448006e-01,-5.1861244440e-01,2.4925419922e+03
81,5.0289213657e-01,-5.0199496746e-01,-1.5975025892e+00,2.4925109863e+03
82,5.0287884474e-01,-5.0206464529e-01,-2.6348757744e+00,2.4924785156e+03
83,5.0272458792e-01,-5.0173968077e-01,-1.9966044426e+00,2.4924445801e+03
84,5.0248152018e-01,-5.0131642818e-01,-1.0524690151e+00,2.4924099121e+03
85,5.0231009722e-01,-5.0107675791e-01,-1.1677609682e+00,2.4923759766e+03
86,5.0215375423e-01,-5.0070524216e-01,4.9131357670e-01,2.4923437500e+03
87,5.0213420391e-01,-5.0055861473e-01,-9.9656623602e-01,2.4923093262e+03
88,5.0221782923e-01,-5.0039404631e-01,1.2599123716e+00,2.4922763672e+03
89,5.0241559744e-01,-5.0036311150e-01,-8.3630633354e-01,2.4922446289e+03
90,5.0255846977e-01,-5.0041496754e-01,1.6072824001e+00,2.4922111816e+03
91,5.0259673595e-01,-5.0042676926e-01,-2.0931458473e+00,2.4921770020e+03
92,5.0247800350e-01,-5.0048828125e-01,1.2164342403e+00,2.4921433105e+03
93,5.0263243914e-01,-5.0059992075e-01,-1.9261229038e+00,2.4921091309e+03
94,5.0238668919e-01,-5.0069624186e-01,-4.7321149707e-01,2.4920749512e+03
95,5.0238794088e-01,-5.0083315372e-01,-3.9259636402e+00,2.4920422363e+03
96,5.0196015835e-01,-5.0095671415e-01,-1.4890880585e+00,2.4920107422e+03
97,5.0220584869e-01,-5.0095999241e-01,-3.5340561867e+00,2.4919787598e+03
98,5.0200974941e-01,-5.0096136332e-01,-6.9604378939e-01,2.4919450684e+03
99,5.0200527906e-01,-5.0101667643e-01,-2.2970676422e+00,2.4919113770e+03
100,5.0197780132e-01,-5.0114923716e-01,8.0614715815e-01,2.4918774414e+03
101,5.0217789412e-01,-5.0138461590e-01,-6.1656242609e-01,2.4918430176e+03
102,5.0233280659e-01,-5.0158363581e-01,-1.1110139638e-01,2.4918110352e+03
103,5.0237560272e-01,-5.0157803297e-01,-2.6399297714e+00,2.4917768555e+03
104,5.0262850523e-01,-5.0155407190e-01,-1.9775686264e+00,2.4917443848e+03
105,5.0274527073e-01,-5.0143897533e-01,1.5644791126e+00,2.4917106934e+03
106,5.0279146433e-01,-5.0126832724e-01,-2.0068728924e+00,2.4916787109e+03
107,5.0251394510e-01,-5.0113838911e-01,1.0349947214e+00,2.4916462402e+03
108,5.0240987539e-01,-5.0100439787e-01,-3.8802266121e+00,2.4916154785e+03
109,5.0236427784e-01,-5.0084495544e-01,2.9588806629e-01,2.4915825195e+03
110,5.0260537863e-01,-5.0081753731e-01,-3.6320662498e+00,2.4915505371e+03
111,5.0248706341e-01,-5.0113010406e-01,1.5115833282e+00,2.4915190430e+03
112,5.0246357918e-01,-5.0116956234e-01,-2.5426597595e+00,2.4914853516e+03
113,5.0266242027e-01,-5.0121450424e-01,1.0166841745e+00,2.4914521484e+03
114,5.0281679630e-01,-5.0115984678e-01,-2.8656888008e+00,2.4914196777e+03
115,5.0258183479e-01,-5.0121432543e-01,-3.1660586596e-01,2.4913864746e+03
116,5.0270581245e-01,-5.0084316730e-01,-2.5567438602e+00,2.4913522949e+03
117,5.0235766172e-01,-5.0065129995e-01,1.5242955089e-01,2.4913188477e+03
118,5.0217515230e-01,-5.0031876564e-01,7.3716379702e-02,2.4912851562e+03
119,5.0194889307e-01,-5.0029534101e-01,-1.0126301050e+00,2.4912534180e+03
120,5.0204420090e-01,-4.9995416403e-01,-2.5465868413e-02,2.4912214355e+03
121,5.0188857317e-01,-5.0020915270e-01,-3.7351586819e+00,2.4911894531e+03
122,5.0224190950e-01,-5.0020372868e-01,5.9869283438e-01,2.4911594238e+03
123,5.0234210491e-01,-5.0086063147e-01,-8.2129371166e-01,2.4911269531e+03
124,5.0256526470e-01,-5.0131851435e-01,-3.3627889156e+00,2.4910930176e+03
125,5.0284677744e-01,-5.0169980526e-01,3.7658128142e-01,2.4910593262e+03
126,5.0302791595e-01,-5.0214827061e-01,-3.3054146767e+00,2.4910241699e+03
127,5.0313520432e-01,-5.0229454041e-01,-1.5503947735e+00,2.4909919434e+03
128,5.0281828642e-01,-5.0242495537e-01,-3.1405923367e+00,2.4909587402e+03
129,5.0252312422e-01,-5.0219792128e-01,-1.9097592831e+00,2.4909272461e+03
130,5.0236552954e-01,-5.0172084570e-01,-8.2808578014e-01,2.4908955078e+03
131,5.0199580193e-01,-5.0135284662e-01,3.4742429852e-01,2.4908637695e+03
132,5.0166833401e-01,-5.0089496374e-01,-3.9525544643e+00,2.4908317871e+03
133,5.0143259764e-01,-5.0053483248e-01,2.7498738766e+00,2.4908000488e+03
134,5.0138312578e-01,-5.0008445978e-01,-2.2419261932e+00,2.4907666016e+03
135,5.0141155720e-01,-4.9994999170e-01,1.6172723770e+00,2.4907348633e+03
136,5.0181323290e-01,-4.9990066886e-01,-1.3765121698e+00,2.4907026367e+03
137,5.0206077099e-01,-4.9997940660e-01,1.5069143772e+00,2.4906704102e+03
138,5.0251603127e-01,-5.0017261505e-01,-2.4521570206e+00,2.4906389160e+03
139,5.0273168087e-01,-5.0028574467e-01,1.7106673717e+00,2.4906064453e+03
140,5.0300788879e-01,-5.0036948919e-01,-3.9326140881e+00,2.4905739746e+03
141,5.0320529938e-01,-5.0045162439e-01,-8.0998793244e-02,2.4905444336e+03
142,5.0327008963e-01,-5.0021958351e-01,-1.5821278095e+00,2.4905129395e+03
143,5.0301820040e-01,-5.0050240755e-01,-1.6409626007e+00,2.4904799805e+03
144,5.0277245045e-01,-5.0047242641e-01,-1.8649978638e+00,2.4904487305e+03
145,5.0248503685e-01,-5.0090312958e-01,-3.1838362217e+00,2.4904172363e+03
146,5.0241005421e-01,-5.0071507692e-01,-1.6183024645e+00,2.4903847656e+03
147,5.0208449364e-01,-5.0126045942e-01,-3.2347431183e+00,2.4903522949e+03
148,5.0224989653e-01,-5.0095820427e-01,-2.4628043175e+00,2.4903208008e+03
149,5.0193828344e-01,-5.0124204159e-01,-2.4530257285e-01,2.4902893066e+03
150,5.0201511383e-01,-5.0060522556e-01,-3.5887615681e+00,2.4902568359e+03
151,5.0160604715e-01,-5.0058251619e-01,1.4166675806e+00,2.4902246094e+03
152,5.0155895948e-01,-4.9997621775e-01,-3.9581658840e+00,2.4901943359e+03
153,5.0121891499e-01,-4.9957409501e-01,2.0981945992e+00,2.4901618652e+03
154,5.0127863884e-01,-4.9905437231e-01,-2.9773824215e+00,2.4901308594e+03
155,5.0104475021e-01,-4.9896317720e-01,9.6683025360e-01,2.4900998535e+03
156,5.0131762028e-01,-4.9876308441e-01,-1.6998226643e+00,2.4900690918e+03
157,5.0134104490e-01,-4.9898231030e-01,-5.0304085016e-01,2.4900375977e+03
158,5.0193208456e-01,-4.9897038937e-01,-2.5143837929e+00,2.4900068359e+03
159,5.0240457058e-01,-4.9925905466e-01,1.2509199381e+00,2.4899746094e+03
160,5.0268769264e-01,-4.9961060286e-01,-4.0741410255e+00,2.4899421387e+03
161,5.0279235840e-01,-4.9993056059e-01,1.0027953386e+00,2.4899086914e+03
162,5.0292623043e-01,-5.0015008450e-01,-4.9194564819e+00,2.4898752441e+03
163,5.0273686647e-01,-5.0037813187e-01,1.3881405592e+00,2.4898405762e+03
164,5.0277280807e-01,-5.0058048964e-01,-7.9465312958e+00,2.4898085938e+03
165,5.0259977579e-01,-5.0063002110e-01,-1.6131205484e-02,2.4897768555e+03
166,5.0228571892e-01,-5.0075113773e-01,1.3250491619e+00,2.4897451172e+03
167,5.0235342979e-01,-5.0073784590e-01,-2.9237112999e+00,2.4897143555e+03
168,5.0225317478e-01,-5.0086736679e-01,7.6385456324e-01,2.4896831055e+03
169,5.0225186348e-01,-5.0062233210e-01,-2.8940989971e+00,2.4896518555e+03
170,5.0221335888e-01,-5.0049936771e-01,-9.3158864975e-01,2.4896208496e+03
171,5.0230515003e-01,-5.0003457069e-01,-1.3981252909e+00,2.4895888672e+03
172,5.0206196308e-01,-5.0016909838e-01,-1.8456987143e+00,2.4895573730e+03
173,5.0204741955e-01,-4.9980041385e-01,2.0185122490e+00,2.4895261230e+03
174,5.0198900700e-01,-4.9999630451e-01,-3.0362057686e-01,2.4894938965e+03
175,5.0218933821e-01,-5.0003767014e-01,-3.0924847126e+00,2.4894636230e+03
176,5.0196027756e-01,-5.0035691261e-01,2.8429623693e-02,2.4894328613e+03
177,5.0211513042e-01,-5.0063169003e-01,-3.3269910812e+00,2.4894018555e+03
178,5.0215888023e-01,-5.0098478794e-01,-6.3356441259e-01,2.4893696289e+03
179,5.0234562159e-01,-5.0130742788e-01,-2.4892473221e+00,2.4893381348e+03
180,5.0235462189e-01,-5.0145870447e-01,-9.6090579033e-01,2.4893046875e+03
181,5.0252223015e-01,-5.0151014328e-01,3.9031225443e-01,2.4892722168e+03
182,5.0223010778e-01,-5.0164002180e-01,-3.5176687241e+00,2.4892416992e+03
183,5.0218045712e-01,-5.0138324499e-01,6.3748258352e-01,2.4892102051e+03
184,5.0167351961e-01,-5.0125110149e-01,-6.6091933250e+00,2.4891818848e+03
185,5.0164890289e-01,-5.0092327595e-01,-2.2874882221e+00,2.4891528320e+03
186,5.0149220228e-01,-5.0064539909e-01,1.9993020296e+00,2.4891223145e+03
187,5.0156039000e-01,-5.0019741058e-01,-5.0085892677e+00,2.4890910645e+03
188,5.0150668621e-01,-4.9992251396e-01,2.4402174950e+00,2.4890595703e+03
189,5.0173062086e-01,-4.9980622530e-01,-5.4388408661e+00,2.4890275879e+03
190,5.0211894512e-01,-4.9961656332e-01,7.2413721085e+00,2.4889978027e+03
191,5.0214344263e-01,-4.9987572432e-01,-3.7362394333e+00,2.4889680176e+03
192,5.0255876780e-01,-4.9972522259e-01,-2.5402371883e+00,2.4889362793e+03
193,5.0264382362e-01,-4.9980661273e-01,-2.3400157690e-01,2.4889052734e+03
194,5.0276643038e-01,-4.9974220991e-01,-1.4169290066e+00,2.4888737793e+03
195,5.0286591053e-01,-4.9975159764e-01,-6.2852221727e-01,2.4888427734e+03
196,5.0270777941e-01,-4.9971112609e-01,-2.5463016033e+00,2.4888112793e+03
197,5.0235784054e-01,-4.9965861440e-01,-2.5493090153e+00,2.4887800293e+03
198,5.0222098827e-01,-4.9962627888e-01,9.2542909086e-02,2.4887487793e+03
199,5.0198066235e-01,-4.9972930551e-01,-4.7645945549e+00,2.4887185059e+03
200,5.0193482637e-01,-4.9971380830e-01,2.8964750767e+00,2.4886884766e+03
201,5.0175422430e-01,-4.9999761581e-01,-3.5729646683e+00,2.4886572266e+03
202,5.0172990561e-01,-5.0022166967e-01,-5.6848759651e+00,2.4886262207e+03
203,5.0194901228e-01,-5.0046652555e-01,-3.2389685512e-01,2.4885952148e+03
204,5.0207149982e-01,-5.0020921230e-01,-4.0934185982e+00,2.4885642090e+03
205,5.0211101770e-01,-5.0062060356e-01,-1.3638010025e+00,2.4885341797e+03
206,5.0217211246e-01,-5.0083053112e-01,-3.7263576984e+00,2.4885021973e+03
207,5.0241988897e-01,-5.0082784891e-01,2.8125834465e+00,2.4884721680e+03
208,5.0244867802e-01,-5.0107556581e-01,-1.7699880600e+00,2.4884414062e+03
209,5.0237017870e-01,-5.0084215403e-01,7.6733064651e-01,2.4884099121e+03
210,5.0227016211e-01,-5.0087147951e-01,-3.7584069371e-01,2.4883793945e+03
211,5.0208032131e-01,-5.0046539307e-01,1.1185194552e-01,2.4883476562e+03
212,5.0199890137e-01,-5.0004714727e-01,-1.2742551565e+00,2.4883156738e+03
213,5.0153976679e-01,-4.9997708201e-01,-1.3695654869e+00,2.4882851562e+03
214,5.0157141685e-01,-4.9962484837e-01,-8.8375413418e-01,2.4882546387e+03
215,5.0127953291e-01,-4.9966007471e-01,-1.3622338772e+00,2.4882229004e+03
216,5.0140839815e-01,-4.9961429834e-01,-1.6527715921e+00,2.4881901855e+03
217,5.0135487318e-01,-4.9988055229e-01,-3.2519125938e+00,2.4881599121e+03
218,5.0187271833e-01,-4.9967414141e-01,-2.6044039726e+00,2.4881279297e+03
219,5.0198787451e-01,-4.9998492002e-01,-2.3258651793e-01,2.4880974121e+03
220,5.0215226412e-01,-5.0022929907e-01,-3.9074532986e+00,2.4880673828e+03
221,5.0220614672e-01,-5.0047087669e-01,-8.8486981392e-01,2.4880383301e+03
222,5.0233930349e-01,-5.0040197372e-01,-3.5707898140e+00,2.4880087891e+03
223,5.0230407715e-01,-5.0052052736e-01,-1.8454897404e+00,2.4879760742e+03
224,5.0208097696e-01,-5.0036913157e-01,-7.2985873222e+00,2.4879426270e+03
225,5.0198364258e-01,-4.9993211031e-01,-1.1799348593e+00,2.4879091797e+03
226,5.0169515610e-01,-4.9970769882e-01,-1.6710412502e-01,2.4878784180e+03
227,5.0166189671e-01,-4.9919185042e-01,-2.5232758522e+00,2.4878493652e+03
228,5.0152045488e-01,-4.9909031391e-01,-2.1750497818e-01,2.4878210449e+03
229,5.0137490034e-01,-4.9901989102e-01,-4.1372075081e+00,2.4877907715e+03
230,5.0145715475e-01,-4.9904713035e-01,2.3297818005e-01,2.4877585449e+03
231,5.0171703100e-01,-4.9938413501e-01,-2.5166563988e+00,2.4877255859e+03
232,5.0196403265e-01,-4.9973878264e-01,1.1882368326e+00,2.4876926270e+03
233,5.0219780207e-01,-4.9978980422e-01,-2.1655271053e+00,2.4876621094e+03
234,5.0219857693e-01,-5.0011163950e-01,-4.8663541675e-01,2.4876308594e+03
235,5.0244629383e-01,-5.0021153688e-01,-7.4312853813e-01,2.4876020508e+03
236,5.0233834982e-01,-5.0040173531e-01,6.5286457539e-02,2.4875729980e+03
237,5.0215435028e-01,-5.0038450956e-01,-3.5410683155e+00,2.4875417480e+03
238,5.0180095434e-01,-5.0038355589e-01,2.6868278980e+00,2.4875090332e+03
239,5.0174742937e-01,-5.0045239925e-01,-3.1270544529e+00,2.4874768066e+03
240,5.0160980225e-01,-5.0054478645e-01,-1.3025659323e-01,2.4874443359e+03
241,5.0160932541e-01,-5.0049376488e-01,-2.1183030605e+00,2.4874133301e+03
242,5.0170040131e-01,-5.0043165684e-01,-2.1056635380e+00,2.4873813477e+03
243,5.0183349848e-01,-5.0034296513e-01,-2.2363233566e+00,2.4873508301e+03
244,5.0193566084e-01,-5.0016170740e-01,-4.0297865868e+00,2.4873205566e+03
245,5.0215494633e-01,-5.0000852346e-01,-2.7266806364e-01,2.4872924805e+03
246,5.0202786922e-01,-5.0008046627e-01,-1.2558904886e+00,2.4872624512e+03
247,5.0211995840e-01,-5.0014221668e-01,-3.6627388000e+00,2.4872326660e+03
248,5.0223857164e-01,-5.0022089481e-01,2.3230025768e+00,2.4872023926e+03
249,5.0234913826e-01,-5.0039798021e-01,-3.6801016331e+00,2.4871711426e+03
250,5.0218462944e-01,-5.0050872564e-01,1.6241395473e-01,2.4871398926e+03
251,5.0239890814e-01,-5.0051665306e-01,-3.3321249485e+00,2.4871071777e+03
252,5.0235730410e-01,-5.0046938658e-01,1.8383024633e-01,2.4870766602e+03
253,5.0250673294e-01,-5.0020658970e-01,-2.9950404167e+00,2.4870454102e+03
254,5.0215667486e-01,-5.0005334616e-01,-3.1772318482e-01,2.4870141602e+03
255,5.0186687708e-01,-4.9988943338e-01,-2.9098210335e+00,2.4869838867e+03
256,5.0182878971e-01,-4.9976581335e-01,7.0935481787e-01,2.4869533691e+03
257,5.0162446499e-01,-4.9967402220e-01,-3.4059360027e+00,2.4869238281e+03
258,5.0143021345e-01,-4.9971380830e-01,-1.2977702618e+00,2.4868940430e+03
259,5.0130146742e-01,-5.0011682510e-01,-6.3567914963e+00,2.4868635254e+03
260,5.0162738562e-01,-5.0015044212e-01,-1.6671844721e+00,2.4868325195e+03
261,5.0162708759e-01,-5.0032615662e-01,2.5585055351e-01,2.4868017578e+03
262,5.0187534094e-01,-5.0031453371e-01,-3.1382164955e+00,2.4867697754e+03
263,5.0184023380e-01,-5.0044733286e-01,1.4472186565e-01,2.4867375488e+03
264,5.0191414356e-01,-5.0033372641e-01,-4.1727323532e+00,2.4867060547e+03
265,5.0192999840e-01,-5.0024151802e-01,-1.0402841866e-01,2.4866750488e+03
266,5.0190883875e-01,-4.9996751547e-01,-2.7836732864e+00,2.4866437988e+03
267,5.0166708231e-01,-4.9997830391e-01,-8.4622335434e-01,2.4866127930e+03
268,5.0162422657e-01,-4.9986237288e-01,-2.9630258083e+00,2.4865815430e+03
269,5.0167453289e-01,-4.9987298250e-01,6.2012296915e-01,2.4865498047e+03
270,5.0187474489e-01,-4.9974483252e-01,-2.6490583420e+00,2.4865183105e+03
271,5.0198537111e-01,-4.9999910593e-01,-1.5593338013e-01,2.4864892578e+03
272,5.0236731768e-01,-4.9996659160e-01,-2.2356307507e+00,2.4864584961e+03
273,5.0229007006e-01,-5.0036448240e-01,-1.1100598574e+00,2.4864279785e+03
274,5.0249272585e-01,-5.0034874678e-01,-2.4782485962e+00,2.4863984375e+03
275,5.0228923559e-01,-5.0053495169e-01,-2.1410787106e+00,2.4863681641e+03
276,5.0247776508e-01,-5.0055873394e-01,-2.0067811012e+00,2.4863364258e+03
277,5.0216341019e-01,-5.0089305639e-01,-3.5992150307e+00,2.4863076172e+03
278,5.0209319592e-01,-5.0092333555e-01,-4.1125984192e+00,2.4862778320e+03
279,5.0191074610e-01,-5.0088870525e-01,1.1550061703e+00,2.4862478027e+03
280,5.0192165375e-01,-5.0060904026e-01,-5.0107102394e+00,2.4862165527e+03
281,5.0173413754e-01,-5.0066047907e-01,2.8555345535e-01,2.4861848145e+03
282,5.0135892630e-01,-5.0044983625e-01,-4.8351325989e+00,2.4861525879e+03
283,5.0121241808e-01,-5.0034749508e-01,-7.2304636240e-01,2.4861206055e+03
284,5.0126600266e-01,-5.0005692244e-01,-8.7344062328e-01,2.4860898438e+03
285,5.0119656324e-01,-5.0015032291e-01,-2.8646132350e-01,2.4860605469e+03
286,5.0148093700e-01,-4.9999180436e-01,-1.5257972479e+00,2.4860307617e+03
287,5.0135189295e-01,-5.0026983023e-01,-8.1778907776e-01,2.4860012207e+03
288,5.0158321857e-01,-5.0028556585e-01,-4.3760085106e+00,2.4859711914e+03
289,5.0171750784e-01,-5.0023430586e-01,8.3914822340e-01,2.4859406738e+03
290,5.0186020136e-01,-4.9987140298e-01,-4.8155241013e+00,2.4859091797e+03
291,5.0195485353e-01,-4.9968132377e-01,1.0485817194e+00,2.4858784180e+03
292,5.0193804502e-01,-4.9957320094e-01,-3.5872802734e+00,2.4858476562e+03
293,5.0195968151e-01,-4.9948021770e-01,-1.3650082350e+00,2.4858186035e+03
294,5.0193393230e-01,-4.9944037199e-01,-3.4945471287e+00,2.4857890625e+03
295,5.0180870295e-01,-4.9954006076e-01,-2.3932638168e+00,2.4857580566e+03
296,5.0204282999e-01,-4.9954617023e-01,-3.2956848145e+00,2.4857255859e+03
297,5.0200968981e-01,-4.9991545081e-01,-6.6954177618e-01,2.4856943359e+03
298,5.0214767456e-01,-5.0004714727e-01,-4.5367012024e+00,2.4856635742e+03
299,5.0206118822e-01,-5.0026196241e-01,1.5413243771e+00,2.4856337891e+03
300,5.0212162733e-01,-5.0036692619e-01,-3.8154718876e+00,2.4856059570e+03
301,5.0220555067e-01,-5.0037634373e-01,8.7406033278e-01,2.4855766602e+03
302,5.0219953060e-01,-5.0029289722e-01,-3.5485792160e+00,2.4855461426e+03
303,5.0179749727e-01,-5.0028622150e-01,1.3944451809e+00,2.4855166016e+03
304,5.0170171261e-01,-5.0011080503e-01,-1.5701426268e+00,2.4854860840e+03
305,5.0150042772e-01,-5.0001162291e-01,7.8785800934e-01,2.4854543457e+03
306,5.0129646063e-01,-5.0001984835e-01,-2.7969474792e+00,2.4854243164e+03
307,5.0130140781e-01,-4.9997341633e-01,7.1481400728e-01,2.4853952637e+03
308,5.0148397684e-01,-5.0002813339e-01,-3.9513540268e+00,2.4853657227e+03
309,5.0156521797e-01,-5.0003993511e-01,9.2580980062e-01,2.4853359375e+03
310,5.0176793337e-01,-5.0002008677e-01,-5.6571393013e+00,2.4853061523e+03
311,5.0175184011e-01,-5.0026178360e-01,1.5901961327e+00,2.4852749023e+03
312,5.0186777115e-01,-5.0034087896e-01,-4.5183801651e+00,2.4852431641e+03
313,5.0209504366e-01,-5.0019973516e-01,-1.1246411130e-02,2.4852121582e+03
314,5.0208055973e-01,-5.0028598309e-01,-5.1475086212e+00,2.4851823730e+03
315,5.0214105844e-01,-5.0037765503e-01,-2.5983797386e-02,2.4851535645e+03
316,5.0216376781e-01,-5.0022917986e-01,-3.8678960800e+00,2.4851242676e+03
317,5.0220489502e-01,-5.0016778708e-01,-1.9986127615e+00,2.4850947266e+03
318,5.0188255310e-01,-5.0017100573e-01,-3.6861751080e+00,2.4850627441e+03
319,5.0198024511e-01,-4.9997031689e-01,1.1996405125e+00,2.4850314941e+03
320,5.0172376633e-01,-4.9999314547e-01,-3.9087336063e+00,2.4850002441e+03
321,5.0170701742e-01,-4.9950003624e-01,3.2511966228e+00,2.4849680176e+03
322,5.0128442049e-01,-4.9965238571e-01,-3.2113087177e+00,2.4849377441e+03
323,5.0136810541e-01,-4.9953156710e-01,-3.2759375572e+00,2.4849062500e+03
324,5.0132697821e-01,-4.9970704317e-01,4.8503479362e-01,2.4848754883e+03
325,5.0148814917e-01,-4.9990460277e-01,-2.5487751961e+00,2.4848454590e+03
326,5.0170570612e-01,-4.9997836351e-01,-3.5890087485e-01,2.4848142090e+03
327,5.0176984072e-01,-5.0018006563e-01,-6.7299890518e-01,2.4847834473e+03
328,5.0181335211e-01,-5.0030237436e-01,-3.8725383282e+00,2.4847534180e+03
329,5.0204199553e-01,-5.0019192696e-01,2.3426556587e-01,2.4847231445e+03
330,5.0205355883e-01,-5.0011795759e-01,-5.2809035778e-01,2.4846931152e+03
331,5.0193268061e-01,-4.9988502264e-01,-5.5978336334e+00,2.4846652832e+03
332,5.0182223320e-01,-4.9997028708e-01,4.4249030948e-01,2.4846354980e+03
333,5.0177228451e-01,-4.9989119172e-01,-5.9602713585e+00,2.4846057129e+03
334,5.0174224377e-01,-4.9985355139e-01,1.5205458403e+00,2.4845754395e+03
335,5.0159215927e-01,-5.0011360645e-01,-5.2981009483e+00,2.4845446777e+03
336,5.0184994936e-01,-5.0030946732e-01,-4.1131987572e+00,2.4845114746e+03
337,5.0185006857e-01,-5.0066047907e-01,-3.7869501114e+00,2.4844821777e+03
338,5.0209105015e-01,-5.0061810017e-01,-3.1795501709e+00,2.4844509277e+03
339,5.0215488672e-01,-5.0056475401e-01,-1.0201444626e+00,2.4844218750e+03
340,5.0224816799e-01,-5.0056415796e-01,-4.5956988335e+00,2.4843920898e+03
341,5.0215315819e-01,-5.0034916401e-01,-9.2805439234e-01,2.4843632812e+03
342,5.0195729733e-01,-5.0020629168e-01,-3.0094182491e+00,2.4843337402e+03
343,5.0165420771e-01,-4.9998000264e-01,-1.1372524500e+00,2.4843039551e+03
344,5.0139445066e-01,-4.9998605251e-01,-1.0084422827e+00,2.4842729492e+03
345,5.0122153759e-01,-5.0021392107e-01,-1.4803268909e+00,2.4842424316e+03
346,5.0139909983e-01,-5.0019365549e-01,4.8094674945e-02,2.4842131348e+03
347,5.0125861168e-01,-5.0043123960e-01,-2.5151751041e+00,2.4841823730e+03
348,5.0157260895e-01,-5.0028550625e-01,1.4086593390e+00,2.4841540527e+03
349,5.0161111355e-01,-5.0053507090e-01,-3.7045063972e+00,2.4841240234e+03
350,5.0187981129e-01,-5.0034993887e-01,1.1085226536e+00,2.4840939941e+03
351,5.0181061029e-01,-5.0028413534e-01,-9.8991918564e-01,2.4840632324e+03
352,5.0173747540e-01,-5.0009554625e-01,-3.1812751293e+00,2.4840329590e+03
353,5.0175356865e-01,-5.0003856421e-01,1.9748538733e+00,2.4840029297e+03
354,5.0178259611e-01,-4.9996072054e-01,-4.7056674957e+00,2.4839726562e+03
355,5.0173127651e-01,-4.9992513657e-01,1.0019786358e+00,2.4839431152e+03
356,5.0171488523e-01,-5.0005495548e-01,-4.5904760361e+00,2.4839138184e+03
357,5.0200438499e-01,-4.9991098046e-01,-8.9285850525e-01,2.4838842773e+03
358,5.0215822458e-01,-4.9991720915e-01,-1.9040621519e+00,2.4838535156e+03
359,5.0233227015e-01,-5.0000530481e-01,-4.5067172050e+00,2.4838225098e+03
360,5.0254923105e-01,-4.9992319942e-01,-3.8725689054e-01,2.4837919922e+03
361,5.0239729881e-01,-4.9991586804e-01,-2.9821846485e+00,2.4837609863e+03
362,5.0241905451e-01,-4.9979999661e-01,-1.5331904888e+00,2.4837312012e+03
363,5.0221604109e-01,-4.9976742268e-01,-3.4061169624e+00,2.4837014160e+03
364,5.0215339661e-01,-4.9969774485e-01,-1.7436161041e+00,2.4836706543e+03
365,5.0188082457e-01,-4.9943387508e-01,-3.8221855164e+00,2.4836406250e+03
366,5.0177997351e-01,-4.9954169989e-01,-9.9845141172e-01,2.4836091309e+03
367,5.0182718039e-01,-4.9956697226e-01,-4.1948351860e+00,2.4835764160e+03
368,5.0184088945e-01,-4.9977707863e-01,-1.6617823839e+00,2.4835471191e+03
369,5.0194847584e-01,-4.9992787838e-01,-1.2877405882e+00,2.4835180664e+03
370,5.0182038546e-01,-5.0022387505e-01,-1.1678612232e+00,2.4834875488e+03
371,5.0208348036e-01,-5.0014084578e-01,-1.2650809288e+00,2.4834567871e+03
372,5.0203835964e-01,-5.0018399954e-01,-2.5880377293e+00,2.4834250488e+03
373,5.0211936235e-01,-5.0008183718e-01,-2.6650474072e+00,2.4833937988e+03
374,5.0194990635e-01,-5.0005370378e-01,-2.2020320892e+00,2.4833632812e+03
375,5.0180453062e-01,-5.0000137091e-01,-3.1811676025e+00,2.4833339844e+03
376,5.0173908472e-01,-4.9981394410e-01,-1.4051183462e+00,2.4833056641e+03
377,5.0172072649e-01,-5.0002115965e-01,-2.1999506950e+00,2.4832768555e+03
378,5.0184798241e-01,-5.0016897917e-01,-1.2910525799e+00,2.4832473145e+03
379,5.0186568499e-01,-5.0059425831e-01,-1.2960106134e+00,2.4832170410e+03
380,5.0206875801e-01,-5.0082969666e-01,-2.6172969341e+00,2.4831855469e+03
381,5.0236159563e-01,-5.0092840195e-01,-9.6819591522e-01,2.4831550293e+03
382,5.0258660316e-01,-5.0078773499e-01,-2.9357817173e+00,2.4831259766e+03
383,5.0238645077e-01,-5.0049710274e-01,-1.1419131756e+00,2.4830964355e+03
384,5.0201314688e-01,-5.0005996227e-01,-3.6151447296e+00,2.4830678711e+03
385,5.0162529945e-01,-4.9957215786e-01,-1.2227846384e+00,2.4830388184e+03
386,5.0152039528e-01,-4.9906092882e-01,-3.5444426537e+00,2.4830080566e+03
387,5.0128680468e-01,-4.9868276715e-01,-2.5474791527e+00,2.4829765625e+03
388,5.0119525194e-01,-4.9854639173e-01,-2.0703065395e+00,2.4829455566e+03
389,5.0123757124e-01,-4.9886336923e-01,-1.8327192068e+00,2.4829162598e+03
390,5.0168746710e-01,-4.9924004078e-01,-2.7454471588e+00,2.4828859863e+03
391,5.0223588943e-01,-4.9962919950e-01,-7.3240876198e-01,2.4828581543e+03
392,5.0258737803e-01,-5.0006222725e-01,-1.9486147165e+00,2.4828288574e+03
393,5.0316274166e-01,-5.0026214123e-01,-2.6719505787e+00,2.4827995605e+03
394,5.0314730406e-01,-5.0076359510e-01,-1.2540144920e+00,2.4827705078e+03
395,5.0322860479e-01,-5.0067907572e-01,-2.8795623779e+00,2.4827397461e+03
396,5.0306433439e-01,-5.0052750111e-01,1.1672780514e+00,2.4827087402e+03
397,5.0273656845e-01,-5.0045502186e-01,-4.3709368706e+00,2.4826789551e+03
398,5.0227242708e-01,-5.0037068129e-01,2.5509524345e+00,2.4826491699e+03
399,5.0188517570e-01,-5.0041985512e-01,-2.9787650108e+00,2.4826179199e+03
400,5.0180858374e-01,-5.0012272596e-01,-2.1225328743e-01,2.4825883789e+03
401,5.0168132782e-01,-4.9995958805e-01,-2.9147715569e+00,2.4825593262e+03
402,5.0175917149e-01,-4.9979937077e-01,-1.7736774683e-01,2.4825302734e+03
403,5.0176084042e-01,-4.9969425797e-01,-4.2799134254e+00,2.4825014648e+03
404,5.0166839361e-01,-4.9973306060e-01,-2.8679921627e+00,2.4824711914e+03
405,5.0178372860e-01,-4.9965345860e-01,-4.5411515236e+00,2.4824387207e+03
406,5.0179851055e-01,-4.9975058436e-01,-2.8887376785e+00,2.4824079590e+03
407,5.0204485655e-01,-4.9966120720e-01,-3.6022346020e+00,2.4823789062e+03
408,5.0197839737e-01,-4.9996975064e-01,-1.8140887022e+00,2.4823500977e+03
409,5.0231903791e-01,-5.0000000000e-01,-4.6121029854e+00,2.4823198242e+03
410,5.0255149603e-01,-5.0033491850e-01,-1.0443292856e+00,2.4822905273e+03
411,5.0266319513e-01,-5.0044661760e-01,-6.7260522842e+00,2.4822617188e+03
412,5.0262248516e-01,-5.0041580200e-01,3.8523927331e-01,2.4822314453e+03
413,5.0256329775e-01,-5.0044637918e-01,-5.4959440231e+00,2.4822023926e+03
414,5.0268048048e-01,-5.0018244982e-01,2.4733777046e+00,2.4821728516e+03
415,5.0244671106e-01,-5.0011307001e-01,-4.8395476341e+00,2.4821435547e+03
416,5.0233691931e-01,-4.9992829561e-01,1.5208611488e+00,2.4821140137e+03
417,5.0192278624e-01,-4.9958208203e-01,-6.1493973732e+00,2.4820815430e+03
418,5.0208753347e-01,-4.9925243855e-01,3.7967674732e+00,2.4820515137e+03
419,5.0189447403e-01,-4.9913939834e-01,-3.0999751091e+00,2.4820209961e+03
420,5.0184494257e-01,-4.9883157015e-01,-3.7351064682e+00,2.4819902344e+03
421,5.0169944763e-01,-4.9863493443e-01,-2.8066525459e+00,2.4819599609e+03
422,5.0168740749e-01,-4.9878349900e-01,-1.8181803226e+00,2.4819282227e+03
423,5.0183176994e-01,-4.9912494421e-01,-2.4450757504e+00,2.4818969727e+03
424,5.0188076496e-01,-4.9962061644e-01,-2.7230601311e+00,2.4818657227e+03
425,5.0205761194e-01,-5.0007134676e-01,-4.3826203346e+00,2.4818359375e+03
426,5.0229001045e-01,-5.0054854155e-01,-2.8736815453e+00,2.4818066406e+03
427,5.0251257420e-01,-5.0096929073e-01,-4.0858054161e+00,2.4817775879e+03
428,5.0258487463e-01,-5.0136905909e-01,-1.3207037449e+00,2.4817497559e+03
429,5.0264739990e-01,-5.0136697292e-01,-3.4460954666e+00,2.4817189941e+03
430,5.0241726637e-01,-5.0134605169e-01,-3.4226420522e-01,2.4816875000e+03
431,5.0224196911e-01,-5.0116187334e-01,-2.9715116024e+00,2.4816567383e+03
432,5.0193333626e-01,-5.0082063675e-01,-2.4283308983e+00,2.4816274414e+03
433,5.0159686804e-01,-5.0043016672e-01,-3.6100625992e+00,2.4815991211e+03
434,5.0145614147e-01,-4.9976560473e-01,-1.6820027828e+00,2.4815693359e+03
435,5.0130766630e-01,-4.9967476726e-01,-3.8982224464e+00,2.4815400391e+03
436,5.0151860714e-01,-4.9915814400e-01,-2.2526969910e+00,2.4815107422e+03
437,5.0172752142e-01,-4.9909907579e-01,-2.2718093395e+00,2.4814807129e+03
438,5.0203526020e-01,-4.9904218316e-01,-1.8932628632e+00,2.4814504395e+03
439,5.0242185593e-01,-4.9918803573e-01,-2.9727790356e+00,2.4814208984e+03
440,5.0272929668e-01,-4.9931505322e-01,-2.1549062729e+00,2.4813920898e+03
441,5.0313496590e-01,-4.9924129248e-01,-4.6671805382e+00,2.4813613281e+03
442,5.0304716825e-01,-4.9926015735e-01,-3.4176969528e+00,2.4813300781e+03
443,5.0311750174e-01,-4.9924400449e-01,-3.4279608727e+00,2.4812976074e+03
444,5.0290328264e-01,-4.9921143055e-01,-2.8155534267e+00,2.4812661133e+03
445,5.0261837244e-01,-4.9925327301e-01,-2.2305612564e+00,2.4812355957e+03
446,5.0220221281e-01,-4.9930891395e-01,-2.6764853001e+00,2.4812067871e+03
447,5.0196999311e-01,-4.9956974387e-01,-3.1692476273e+00,2.4811765137e+03
448,5.0188535452e-01,-4.9965018034e-01,-3.0162870884e+00,2.4811467285e+03
449,5.0176036358e-01,-4.9969723821e-01,-2.7803826332e+00,2.4811164551e+03
450,5.0166869164e-01,-4.9993687868e-01,-3.6079442501e+00,2.4810864258e+03
451,5.0182265043e-01,-4.9996745586e-01,6.6925421357e-02,2.4810566406e+03
452,5.0209009647e-01,-5.0000244379e-01,-2.7908685207e+00,2.4810253906e+03
453,5.0221365690e-01,-5.0021004677e-01,-1.1165306568e+00,2.4809958496e+03
454,5.0238025188e-01,-5.0035977364e-01,-2.8430228233e+00,2.4809650879e+03
455,5.0262099504e-01,-5.0036728382e-01,-1.5430982113e+00,2.4809355469e+03
456,5.0264894962e-01,-5.0016772747e-01,-2.3016285896e+00,2.4809057617e+03
457,5.0258278847e-01,-5.0029361248e-01,-3.3919198513e+00,2.4808752441e+03
458,5.0261920691e-01,-4.9986597896e-01,-2.4520783424e+00,2.4808449707e+03
459,5.0255674124e-01,-4.9994185567e-01,-2.6501626968e+00,2.4808142090e+03
460,5.0252777338e-01,-4.9978896976e-01,-3.2719986439e+00,2.4807839355e+03
461,5.0266247988e-01,-4.9982374907e-01,-1.2849472463e-01,2.4807526855e+03
462,5.0245040655e-01,-5.0001090765e-01,-5.2282080650e+00,2.4807219238e+03
463,5.0257647038e-01,-4.9994862080e-01,-2.0233805478e-01,2.4806921387e+03
464,5.0272393227e-01,-4.9988904595e-01,-6.1523704529e+00,2.4806616211e+03
465,5.0293540955e-01,-4.9986141920e-01,8.0983680487e-01,2.4806320801e+03
466,5.0269371271e-01,-4.9978080392e-01,-6.7115855217e+00,2.4806027832e+03
467,5.0271868706e-01,-4.9968242645e-01,9.8019403219e-01,2.4805727539e+03
468,5.0251632929e-01,-4.9952313304e-01,-9.6203832626e+00,2.4805419922e+03
469,5.0255638361e-01,-4.9950307608e-01,3.3097686768e+00,2.4805112305e+03
470,5.0257658958e-01,-4.9948352575e-01,-1.0586935043e+01,2.4804819336e+03
471,5.0267744064e-01,-4.9954766035e-01,7.9224276543e-01,2.4804526367e+03
472,5.0284981728e-01,-4.9979013205e-01,-2.8279998302e+00,2.4804228516e+03
473,5.0302600861e-01,-5.0012648106e-01,-1.5517079830e+00,2.4803940430e+03
474,5.0320577621e-01,-5.0047886372e-01,-3.8667163849e+00,2.4803627930e+03
475,5.0337880850e-01,-5.0043398142e-01,-3.4151561260e+00,2.4803325195e+03
476,5.0325882435e-01,-5.0050508976e-01,-1.8612736464e+00,2.4803000488e+03
477,5.0306475163e-01,-5.0038146973e-01,-2.6784915924e+00,2.4802692871e+03
478,5.0266909599e-01,-5.0018411875e-01,-5.4051381350e-01,2.4802380371e+03
479,5.0234574080e-01,-4.9968877435e-01,-2.9557552338e+00,2.4802084961e+03
480,5.0183725357e-01,-4.9929207563e-01,-1.4410861731e+00,2.4801791992e+03
481,5.0177556276e-01,-4.9875637889e-01,-5.0875387192e+00,2.4801486816e+03
482,5.0138479471e-01,-4.9878272414e-01,1.9078154862e-01,2.4801186523e+03
483,5.0162094831e-01,-4.9847227335e-01,-3.4236233234e+00,2.4800869141e+03
484,5.0199198723e-01,-4.9838545918e-01,-1.6754380465e+00,2.4800559082e+03
485,5.0220018625e-01,-4.9855339527e-01,-2.3019800186e+00,2.4800256348e+03
486,5.0272130966e-01,-4.9880805612e-01,-4.6542601585e+00,2.4799958496e+03
487,5.0305277109e-01,-4.9914106727e-01,-3.3087363243e+00,2.4799658203e+03
488,5.0351202488e-01,-4.9937140942e-01,-4.0691843033e+00,2.4799365234e+03
489,5.0349903107e-01,-4.9968081713e-01,-2.5377972126e+00,2.4799057617e+03
490,5.0359767675e-01,-4.9991670251e-01,-4.4508266449e+00,2.4798757324e+03
491,5.0324136019e-01,-5.0001078844e-01,-2.3505089283e+00,2.4798459473e+03
492,5.0319927931e-01,-5.0013995171e-01,-4.2500553131e+00,2.4798173828e+03
493,5.0285989046e-01,-5.0029754639e-01,-2.7639715672e+00,2.4797873535e+03
494,5.0255775452e-01,-5.0038480759e-01,-1.3468965292e+00,2.4797578125e+03
495,5.0264298916e-01,-5.0039380789e-01,-3.7627043724e+00,2.4797265625e+03
496,5.0233858824e-01,-5.0041443110e-01,-1.4386253357e+00,2.4796953125e+03
497,5.0248509645e-01,-5.0024926662e-01,-4.7644305229e+00,2.4796643066e+03
498,5.0243037939e-01,-4.9999079108e-01,-2.2857422829e+00,2.4796323242e+03
499,5.0253140926e-01,-4.9974790215e-01,-4.6225147247e+00,2.4796010742e+03
500,5.0225907564e-01,-4.9947509170e-01,-2.3663375378e+00,2.4795700684e+03
501,5.0228339434e-01,-4.9930888414e-01,-2.4385163784e+00,2.4795402832e+03
502,5.0236344337e-01,-4.9896797538e-01,-5.3563523293e+00,2.4795109863e+03
503,5.0236475468e-01,-4.9923050404e-01,-3.3042025566e+00,2.4794799805e+03
504,5.0256967545e-01,-4.9911484122e-01,-5.5745949745e+00,2.4794487305e+03
505,5.0259029865e-01,-4.9920710921e-01,-1.5623735189e+00,2.4794167480e+03
506,5.0288045406e-01,-4.9913287163e-01,-6.0335311890e+00,2.4793854980e+03
507,5.0305527449e-01,-4.9899798632e-01,-2.5364768505e+00,2.4793549805e+03
508,5.0299251080e-01,-4.9871096015e-01,-2.2069485188e+00,2.4793259277e+03
509,5.0317865610e-01,-4.9851420522e-01,-2.2261159420e+00,2.4792958984e+03
510,5.0298237801e-01,-4.9818259478e-01,-3.0967323780e+00,2.4792673340e+03
511,5.0282752514e-01,-4.9829533696e-01,-3.9995284081e+00,2.4792358398e+03
512,5.0265538692e-01,-4.9807232618e-01,-4.2223176956e+00,2.4792041016e+03
513,5.0250768661e-01,-4.9836701155e-01,-3.1390764713e+00,2.4791718750e+03
514,5.0254905224e-01,-4.9815022945e-01,-4.5729384422e+00,2.4791408691e+03
515,5.0268018246e-01,-4.9862062931e-01,-1.9211694002e+00,2.4791093750e+03
516,5.0293081999e-01,-4.9900186062e-01,-3.2287213802e+00,2.4790791016e+03
517,5.0308865309e-01,-4.9932593107e-01,-1.6830137968e+00,2.4790500488e+03
518,5.0339728594e-01,-4.9949935079e-01,-4.2024450302e+00,2.4790217285e+03
519,5.0344717503e-01,-4.9961397052e-01,-2.0084085464e+00,2.4789907227e+03
520,5.0363439322e-01,-4.9975952506e-01,-3.3252019882e+00,2.4789592285e+03
521,5.0348579884e-01,-4.9986788630e-01,-1.6693017483e+00,2.4789279785e+03
522,5.0362861156e-01,-4.9978953600e-01,-3.5711896420e+00,2.4788955078e+03
523,5.0317990780e-01,-4.9962472916e-01,-3.1423714161e+00,2.4788627930e+03
524,5.0325542688e-01,-4.9968683720e-01,-4.8296246529e+00,2.4788310547e+03
525,5.0316691399e-01,-4.9963346124e-01,-1.5105383396e+00,2.4787998047e+03
526,5.0320333242e-01,-4.9975305796e-01,-3.1437458992e+00,2.4787707520e+03
527,5.0329136848e-01,-4.9971577525e-01,3.7038326263e-01,2.4787414551e+03
528,5.0353735685e-01,-4.9978816509e-01,-3.5505146980e+00,2.4787119141e+03
529,5.0361895561e-01,-4.9988904595e-01,-1.6146334410e+00,2.4786806641e+03
530,5.0374078751e-01,-5.0008213520e-01,-4.6410131454e+00,2.4786486816e+03
531,5.0383222103e-01,-5.0000500679e-01,-4.0660219193e+00,2.4786166992e+03
532,5.0375640392e-01,-5.0007325411e-01,-4.8520426750e+00,2.4785837402e+03
533,5.0370544195e-01,-4.9993553758e-01,-3.0037729740e+00,2.4785502930e+03
534,5.0336837769e-01,-4.9968263507e-01,-4.2822937965e+00,2.4785195312e+03
535,5.0326389074e-01,-4.9958470464e-01,-4.1832556725e+00,2.4784902344e+03
536,5.0308263302e-01,-4.9945834279e-01,-4.4907498360e+00,2.4784584961e+03
537,5.0314092636e-01,-4.9934199452e-01,-2.6993324757e+00,2.4784274902e+03
538,5.0301271677e-01,-4.9936765432e-01,-4.1650133133e+00,2.4783964844e+03
539,5.0311905146e-01,-4.9926418066e-01,-3.0049295425e+00,2.4783647461e+03
540,5.0321567059e-01,-4.9939647317e-01,-4.3087983131e+00,2.4783344727e+03
541,5.0342160463e-01,-4.9958747625e-01,-2.2079284191e+00,2.4783041992e+03
542,5.0355267525e-01,-4.9967396259e-01,-4.4156904221e+00,2.4782758789e+03
543,5.0338834524e-01,-4.9965307117e-01,-3.1548709869e+00,2.4782460938e+03
544,5.0348955393e-01,-4.9972519279e-01,-4.0787396431e+00,2.4782143555e+03
545,5.0321459770e-01,-4.9946942925e-01,-1.2312816381e+00,2.4781848145e+03
546,5.0327622890e-01,-4.9929550290e-01,-3.3283097744e+00,2.4781538086e+03
547,5.0289523602e-01,-4.9905034900e-01,-2.3816600442e-03,2.4781237793e+03
548,5.0278276205e-01,-4.9887889624e-01,-2.8210945129e+00,2.4780942383e+03
549,5.0277376175e-01,-4.9850484729e-01,-2.4644200802e+00,2.4780627441e+03
550,5.0274133682e-01,-4.9836897850e-01,-3.7994353771e+00,2.4780305176e+03
551,5.0265192986e-01,-4.9816888571e-01,-2.1863636971e+00,2.4779968262e+03
552,5.0279033184e-01,-4.9789634347e-01,-5.7858152390e+00,2.4779643555e+03
553,5.0294464827e-01,-4.9768215418e-01,-2.0026891232e+00,2.4779340820e+03
554,5.0326758623e-01,-4.9759766459e-01,-5.7205891609e+00,2.4779040527e+03
555,5.0329995155e-01,-4.9776908755e-01,-1.0880692005e+00,2.4778757324e+03
556,5.0361382961e-01,-4.9796122313e-01,-7.7396659851e+00,2.4778459473e+03
557,5.0374102592e-01,-4.9829244614e-01,-3.2839701176e+00,2.4778144531e+03
558,5.0369977951e-01,-4.9872815609e-01,-5.3362188339e+00,2.4777822266e+03
559,5.0398969650e-01,-4.9888119102e-01,-3.1783685684e+00,2.4777500000e+03
560,5.0386792421e-01,-4.9913895130e-01,-4.9867954254e+00,2.4777185059e+03
561,5.0379598141e-01,-4.9924013019e-01,-2.6178824902e+00,2.4776887207e+03
562,5.0347346067e-01,-4.9923318624e-01,-4.8100996017e+00,2.4776594238e+03
563,5.0342893600e-01,-4.9926334620e-01,-2.5569660664e+00,2.4776308594e+03
564,5.0312769413e-01,-4.9935308099e-01,-5.3631134033e+00,2.4776005859e+03
565,5.0307041407e-01,-4.9938899279e-01,-2.2501099110e+00,2.4775703125e+03
566,5.0297862291e-01,-4.9962615967e-01,-3.9071977139e+00,2.4775385742e+03
567,5.0287461281e-01,-4.9966830015e-01,-2.0864074230e+00,2.4775058594e+03
568,5.0302237272e-01,-4.9984371662e-01,-3.9983687401e+00,2.4774750977e+03
569,5.0306624174e-01,-4.9986115098e-01,-2.7490174770e+00,2.4774455566e+03
570,5.0333201885e-01,-4.9970623851e-01,-5.5936684608e+00,2.4774145508e+03
571,5.0316828489e-01,-4.9954059720e-01,-2.7843971252e+00,2.4773835449e+03
572,5.0316947699e-01,-4.9913495779e-01,-8.5145101547e+00,2.4773513184e+03
573,5.0284427404e-01,-4.9878877401e-01,-1.7837401628e+00,2.4773205566e+03
574,5.0270092487e-01,-4.9841937423e-01,-6.6688122749e+00,2.4772895508e+03
575,5.0258475542e-01,-4.9799191952e-01,-4.3190064430e+00,2.4772587891e+03
576,5.0240248442e-01,-4.9805313349e-01,-5.1269912720e+00,2.4772287598e+03
577,5.0269544125e-01,-4.9784418941e-01,-2.4784951210e+00,2.4771997070e+03
578,5.0276660919e-01,-4.9809378386e-01,-3.9168548584e+00,2.4771713867e+03
579,5.0319862366e-01,-4.9824810028e-01,-1.4123555422e+00,2.4771411133e+03
580,5.0323045254e-01,-4.9877968431e-01,-4.0863738060e+00,2.4771091309e+03
581,5.0366437435e-01,-4.9895346165e-01,-1.8296256065e+00,2.4770756836e+03
582,5.0382596254e-01,-4.9924200773e-01,-3.9332735538e+00,2.4770437012e+03
583,5.0391077995e-01,-4.9916645885e-01,-1.7778638601e+00,2.4770104980e+03
584,5.0370663404e-01,-4.9946516752e-01,-5.4102902412e+00,2.4769790039e+03
585,5.0350403786e-01,-4.9934741855e-01,-2.8149833679e+00,2.4769489746e+03
586,5.0329631567e-01,-4.9967497587e-01,-5.3440289497e+00,2.4769184570e+03
587,5.0298291445e-01,-4.9944609404e-01,-2.8169786930e+00,2.4768876953e+03
588,5.0298523903e-01,-4.9974849820e-01,-5.6369309425e+00,2.4768583984e+03
589,5.0284546614e-01,-4.9969196320e-01,-3.8607525826e+00,2.4768276367e+03
590,5.0298392773e-01,-4.9974158406e-01,-2.5756390095e+00,2.4767976074e+03
591,5.0301080942e-01,-4.9976661801e-01,-3.7013883591e+00,2.4767668457e+03
592,5.0328809023e-01,-4.9959677458e-01,-3.1051862240e+00,2.4767363281e+03
593,5.0328975916e-01,-4.9942949414e-01,-3.5867381096e+00,2.4767048340e+03
594,5.0327956676e-01,-4.9912184477e-01,-2.8362524509e+00,2.4766738281e+03
595,5.0348442793e-01,-4.9874562025e-01,-3.8429656029e+00,2.4766425781e+03
596,5.0325411558e-01,-4.9842169881e-01,-3.8393402100e+00,2.4766108398e+03
597,5.0312721729e-01,-4.9818131328e-01,-5.0572690964e+00,2.4765791016e+03
598,5.0301140547e-01,-4.9811062217e-01,-1.6425346136e+00,2.4765471191e+03
599,5.0318819284e-01,-4.9819308519e-01,-8.0110139847e+00,2.4765158691e+03
600,5.0343942642e-01,-4.9825653434e-01,-1.4942932129e+00,2.4764855957e+03
601,5.0373566151e-01,-4.9844336510e-01,-7.8483409882e+00,2.4764550781e+03
602,5.0387692451e-01,-4.9852052331e-01,4.7172319889e-01,2.4764233398e+03
603,5.0396376848e-01,-4.9855697155e-01,-9.7984256744e+00,2.4763925781e+03
604,5.0412917137e-01,-4.9860447645e-01,-2.9800331593e+00,2.4763615723e+03
605,5.0388920307e-01,-4.9862930179e-01,-5.4001908302e+00,2.4763312988e+03
606,5.0369060040e-01,-4.9868282676e-01,-3.1350476742e+00,2.4762995605e+03
607,5.0347626209e-01,-4.9869057536e-01,-4.6822280884e+00,2.4762675781e+03
608,5.0334751606e-01,-4.9865710735e-01,-3.3502573967e+00,2.4762343750e+03
609,5.0324386358e-01,-4.9861982465e-01,-5.4539141655e+00,2.4762036133e+03
610,5.0335049629e-01,-4.9844259024e-01,-4.0524239540e+00,2.4761706543e+03
611,5.0370997190e-01,-4.9815934896e-01,-2.3915405273e+00,2.4761391602e+03
612,5.0378155708e-01,-4.9809134007e-01,-4.1203231812e+00,2.4761083984e+03
613,5.0383913517e-01,-4.9778559804e-01,-3.3777186871e+00,2.4760786133e+03
614,5.0385928154e-01,-4.9789148569e-01,-4.3785624504e+00,2.4760483398e+03
615,5.0392258167e-01,-4.9766886234e-01,-4.1888880730e+00,2.4760170898e+03
616,5.0383853912e-01,-4.9785235524e-01,-3.5586118698e+00,2.4759853516e+03
617,5.0385218859e-01,-4.9790567160e-01,-4.4108648300e+00,2.4759536133e+03
618,5.0382590294e-01,-4.9818354845e-01,-3.2337560654e+00,2.4759230957e+03
619,5.0381523371e-01,-4.9837496877e-01,-5.7050004005e+00,2.4758916016e+03
620,5.0385725498e-01,-4.9845626950e-01,-3.4431171417e+00,2.4758601074e+03
621,5.0365108252e-01,-4.9857330322e-01,-5.8320493698e+00,2.4758276367e+03
622,5.0362533331e-01,-4.9867752194e-01,-2.7689626217e+00,2.4757956543e+03
623,5.0324183702e-01,-4.9883186817e-01,-5.1613063812e+00,2.4757639160e+03
624,5.0304365158e-01,-4.9876329303e-01,-3.2796087265e+00,2.4757319336e+03
625,5.0285685062e-01,-4.9876427650e-01,-3.7083716393e+00,2.4757023926e+03
626,5.0261145830e-01,-4.9871572852e-01,-7.3803000450e+00,2.4756718750e+03
627,5.0263357162e-01,-4.9868100882e-01,-3.0461845398e+00,2.4756403809e+03
628,5.0253826380e-01,-4.9851998687e-01,-5.9207134247e+00,2.4756081543e+03
629,5.0254631042e-01,-4.9822500348e-01,-3.1070365906e+00,2.4755764160e+03
630,5.0285655260e-01,-4.9779450893e-01,-4.1949334145e+00,2.4755456543e+03
631,5.0284081697e-01,-4.9776872993e-01,-3.5080387592e+00,2.4755153809e+03
632,5.0323456526e-01,-4.9753698707e-01,-5.7104043961e+00,2.4754846191e+03
633,5.0321227312e-01,-4.9753811955e-01,-3.0200335979e+00,2.4754528809e+03
634,5.0356692076e-01,-4.9753901362e-01,-5.9655027390e+00,2.4754208984e+03
635,5.0369834900e-01,-4.9754714966e-01,-4.3630170822e+00,2.4753891602e+03
636,5.0373977423e-01,-4.9771502614e-01,-5.6883382797e+00,2.4753574219e+03
637,5.0391089916e-01,-4.9816825986e-01,-4.0128221512e+00,2.4753261719e+03
638,5.0382995605e-01,-4.9849459529e-01,-7.2251415253e+00,2.4752961426e+03
639,5.0409650803e-01,-4.9887758493e-01,-4.4599342346e+00,2.4752668457e+03
640,5.0401920080e-01,-4.9917408824e-01,-4.4877734184e+00,2.4752373047e+03
641,5.0393402576e-01,-4.9932420254e-01,-4.6072697639e+00,2.4752065430e+03
642,5.0365829468e-01,-4.9943628907e-01,-3.1789605618e+00,2.4751755371e+03
643,5.0337564945e-01,-4.9940800667e-01,-5.4051284790e+00,2.4751420898e+03
644,5.0320136547e-01,-4.9923917651e-01,-3.1319952011e+00,2.4751098633e+03
645,5.0308096409e-01,-4.9895930290e-01,-5.3714566231e+00,2.4750781250e+03
646,5.0265216827e-01,-4.9873402715e-01,-1.8995163441e+00,2.4750451660e+03
647,5.0250321627e-01,-4.9839058518e-01,-5.4012699127e+00,2.4750124512e+03
648,5.0268220901e-01,-4.9805033207e-01,-2.6224575043e+00,2.4749809570e+03
649,5.0283658504e-01,-4.9803957343e-01,-5.3452043533e+00,2.4749511719e+03
650,5.0303333998e-01,-4.9802029133e-01,-2.1557958126e+00,2.4749208984e+03
651,5.0314760208e-01,-4.9817433953e-01,-6.2515220642e+00,2.4748898926e+03
652,5.0343257189e-01,-4.9816200137e-01,-3.4376337528e+00,2.4748596191e+03
653,5.0374287367e-01,-4.9815139174e-01,-4.6267166138e+00,2.4748283691e+03
654,5.0370872021e-01,-4.9815854430e-01,-3.5729410648e+00,2.4747961426e+03
655,5.0379717350e-01,-4.9805304408e-01,-6.6193656921e+00,2.4747629395e+03
656,5.0370985270e-01,-4.9789518118e-01,-3.9467377663e+00,2.4747312012e+03
657,5.0360774994e-01,-4.9781784415e-01,-4.5282101631e+00,2.4747009277e+03
658,5.0353485346e-01,-4.9772939086e-01,-4.7001395226e+00,2.4746721191e+03
659,5.0316649675e-01,-4.9764657021e-01,-5.7809543610e+00,2.4746430664e+03
660,5.0326162577e-01,-4.9728950858e-01,-4.6107807159e+00,2.4746115723e+03
661,5.0300544500e-01,-4.9722555280e-01,-6.0346102715e+00,2.4745795898e+03
662,5.0312560797e-01,-4.9704575539e-01,-4.3802471161e+00,2.4745466309e+03
663,5.0291430950e-01,-4.9723544717e-01,-5.2091488838e+00,2.4745122070e+03
664,5.0296431780e-01,-4.9721625447e-01,-3.8520417213e+00,2.4744790039e+03
665,5.0289416313e-01,-4.9753960967e-01,-5.7130866051e+00,2.4744465332e+03
666,5.0311273336e-01,-4.9780780077e-01,-4.2942485809e+00,2.4744145508e+03
667,5.0295931101e-01,-4.9855050445e-01,-7.5870571136e+00,2.4743818359e+03
668,5.0319170952e-01,-4.9902749062e-01,-3.5976138115e+00,2.4743510742e+03
669,5.0338858366e-01,-4.9895396829e-01,-5.2038893700e+00,2.4743198242e+03
670,5.0346827507e-01,-4.9914535880e-01,-2.8870608807e+00,2.4742890625e+03
671,5.0351083279e-01,-4.9904954433e-01,-5.7716197968e+00,2.4742570801e+03
672,5.0350010395e-01,-4.9884700775e-01,-6.1139231920e-01,2.4742265625e+03
673,5.0322073698e-01,-4.9874964356e-01,-6.7889552116e+00,2.4741960449e+03
674,5.0292128325e-01,-4.9836379290e-01,-9.1056764126e-01,2.4741657715e+03
675,5.0268054008e-01,-4.9795365334e-01,-8.2448749542e+00,2.4741350098e+03
676,5.0265640020e-01,-4.9757850170e-01,-1.0046980530e-01,2.4741040039e+03
677,5.0254517794e-01,-4.9738866091e-01,-8.1249418259e+00,2.4740727539e+03
678,5.0265032053e-01,-4.9745437503e-01,-6.4505705833e+00,2.4740380859e+03
679,5.0291484594e-01,-4.9752843380e-01,-3.9159359932e+00,2.4740039062e+03
680,5.0313901901e-01,-4.9791309237e-01,-6.6579818726e+00,2.4739707031e+03
681,5.0345641375e-01,-4.9839174747e-01,-4.9064292908e+00,2.4739409180e+03
682,5.0364428759e-01,-4.9873054028e-01,-6.2804622650e+00,2.4739104004e+03
683,5.0398862362e-01,-4.9869564176e-01,-4.3450469971e+00,2.4738815918e+03
684,5.0373083353e-01,-4.9897670746e-01,-5.2480216026e+00,2.4738525391e+03
685,5.0389522314e-01,-4.9845966697e-01,-2.9954078197e+00,2.4738200684e+03
686,5.0335454941e-01,-4.9839892983e-01,-3.0775423050e+00,2.4737875977e+03
687,5.0312775373e-01,-4.9777328968e-01,-5.7510209084e+00,2.4737548828e+03
688,5.0266838074e-01,-4.9763277173e-01,-2.7071533203e+00,2.4737231445e+03
689,5.0269633532e-01,-4.9724319577e-01,-6.5680603981e+00,2.4736923828e+03
690,5.0265860558e-01,-4.9696010351e-01,-1.6833635569e+00,2.4736616211e+03
691,5.0262320042e-01,-4.9706691504e-01,-6.0717959404e+00,2.4736306152e+03
692,5.0268489122e-01,-4.9708476663e-01,-3.1092929840e+00,2.4735991211e+03
693,5.0307536125e-01,-4.9704867601e-01,-7.5707631111e+00,2.4735649414e+03
694,5.0321584940e-01,-4.9697843194e-01,-4.0422096252e+00,2.4735329590e+03
695,5.0342684984e-01,-4.9698176980e-01,-8.1413211823e+00,2.4735017090e+03
696,5.0334769487e-01,-4.9679839611e-01,-2.0464806557e+00,2.4734704590e+03
697,5.0329327583e-01,-4.9704098701e-01,-9.5697021484e+00,2.4734396973e+03
698,5.0313794613e-01,-4.9713590741e-01,-5.4343229532e-01,2.4734089355e+03
699,5.0293964148e-01,-4.9747061729e-01,-8.2196292877e+00,2.4733774414e+03
700,5.0303298235e-01,-4.9767380953e-01,-6.8718562126e+00,2.4733452148e+03
701,5.0289392471e-01,-4.9818253517e-01,-6.3289074898e+00,2.4733134766e+03
702,5.0311040878e-01,-4.9857079983e-01,-4.4818625450e+00,2.4732814941e+03
703,5.0326794386e-01,-4.9882912636e-01,-3.5586676598e+00,2.4732487793e+03
704,5.0345635414e-01,-4.9885135889e-01,-4.1854152679e+00,2.4732167969e+03
705,5.0336468220e-01,-4.9886369705e-01,-3.3933668137e+00,2.4731848145e+03
706,5.0332069397e-01,-4.9904805422e-01,-6.9724488258e+00,2.4731530762e+03
707,5.0314354897e-01,-4.9880543351e-01,-1.7407903671e+00,2.4731218262e+03
708,5.0282120705e-01,-4.9862062931e-01,-7.3510594368e+00,2.4730895996e+03
709,5.0274699926e-01,-4.9823048711e-01,-5.2721780539e-01,2.4730573730e+03
710,5.0263422728e-01,-4.9807590246e-01,-7.7295899391e+00,2.4730239258e+03
711,5.0257480145e-01,-4.9785429239e-01,-7.2071242332e-01,2.4729909668e+03
712,5.0244379044e-01,-4.9800604582e-01,-1.1259185791e+01,2.4729584961e+03
713,5.0274717808e-01,-4.9773916602e-01,1.1565855742e+00,2.4729248047e+03
714,5.0285327435e-01,-4.9781918526e-01,-1.3145812988e+01,2.4728925781e+03
715,5.0311321020e-01,-4.9758198857e-01,-2.6137697697e+00,2.4728615723e+03
716,5.0315934420e-01,-4.9763831496e-01,-4.8733267784e+00,2.4728303223e+03
717,5.0327146053e-01,-4.9768313766e-01,-4.8975625038e+00,2.4727980957e+03
718,5.0333940983e-01,-4.9769482017e-01,-5.2470088005e+00,2.4727663574e+03
719,5.0342196226e-01,-4.9780640006e-01,-6.2314777374e+00,2.4727338867e+03
720,5.0318384171e-01,-4.9773007631e-01,-4.4182715416e+00,2.4727023926e+03
721,5.0309687853e-01,-4.9775093794e-01,-6.5418348312e+00,2.4726711426e+03
722,5.0309258699e-01,-4.9759221077e-01,-1.7627513409e+00,2.4726401367e+03
723,5.0289219618e-01,-4.9761730433e-01,-1.0479310989e+01,2.4726074219e+03
724,5.0291597843e-01,-4.9746215343e-01,5.3255921602e-01,2.4725744629e+03
725,5.0273334980e-01,-4.9745592475e-01,-5.2087559700e+00,2.4725422363e+03
726,5.0276011229e-01,-4.9725577235e-01,-5.6266942024e+00,2.4725117188e+03
727,5.0285309553e-01,-4.9731945992e-01,-4.9872131348e+00,2.4724804688e+03
728,5.0276774168e-01,-4.9739611149e-01,-6.8703484535e+00,2.4724497070e+03
729,5.0282412767e-01,-4.9727883935e-01,-4.1330304146e+00,2.4724191895e+03
730,5.0301641226e-01,-4.9705970287e-01,-4.5002951622e+00,2.4723874512e+03
731,5.0285577774e-01,-4.9702855945e-01,-4.7121696472e+00,2.4723552246e+03
732,5.0283527374e-01,-4.9706631899e-01,-6.6332898140e+00,2.4723237305e+03
733,5.0281035900e-01,-4.9693581462e-01,-3.9724123478e+00,2.4722917480e+03
734,5.0249874592e-01,-4.9705979228e-01,-6.7888889313e+00,2.4722597656e+03
735,5.0259119272e-01,-4.9715617299e-01,-5.1947460175e+00,2.4722282715e+03
736,5.0263333321e-01,-4.9741804600e-01,-2.8452639580e+00,2.4721962891e+03
737,5.0248652697e-01,-4.9778649211e-01,-7.8116202354e+00,2.4721650391e+03
738,5.0264388323e-01,-4.9803349376e-01,-3.9537668228e+00,2.4721333008e+03
739,5.0253826380e-01,-4.9811035395e-01,-9.2213516235e+00,2.4721013184e+03
740,5.0263094902e-01,-4.9812611938e-01,-2.9488136768e+00,2.4720700684e+03
741,5.0244182348e-01,-4.9810144305e-01,-9.6305398941e+00,2.4720395508e+03
742,5.0236463547e-01,-4.9799150229e-01,-1.5572597980e+00,2.4720078125e+03
743,5.0202471018e-01,-4.9791815877e-01,-6.3994503021e+00,2.4719760742e+03
744,5.0188630819e-01,-4.9763074517e-01,-4.9235754013e+00,2.4719426270e+03
745,5.0182098150e-01,-4.9759653211e-01,-5.9600868225e+00,2.4719121094e+03
746,5.0183039904e-01,-4.9752402306e-01,-3.9447047710e+00,2.4718793945e+03
747,5.0200605392e-01,-4.9738213420e-01,-5.7875008583e+00,2.4718476562e+03
748,5.0218272209e-01,-4.9698373675e-01,-2.5183939934e+00,2.4718161621e+03
749,5.0231373310e-01,-4.9710568786e-01,-7.0171551704e+00,2.4717875977e+03
750,5.0252598524e-01,-4.9706128240e-01,-3.5255963802e+00,2.4717565918e+03
751,5.0268310308e-01,-4.9711948633e-01,-7.2018427849e+00,2.4717243652e+03
752,5.0268405676e-01,-4.9720412493e-01,-7.0124673843e+00,2.4716933594e+03
753,5.0260043144e-01,-4.9702721834e-01,-4.8417506218e+00,2.4716606445e+03
754,5.0250864029e-01,-4.9707287550e-01,-6.8148546219e+00,2.4716257324e+03
755,5.0236660242e-01,-4.9715030193e-01,-4.2663912773e+00,2.4715917969e+03
756,5.0219076872e-01,-4.9726590514e-01,-7.3793163300e+00,2.4715588379e+03
757,5.0221693516e-01,-4.9707719684e-01,-4.3598842621e+00,2.4715285645e+03
758,5.0220745802e-01,-4.9727034569e-01,-5.3399472237e+00,2.4715002441e+03
759,5.0226563215e-01,-4.9740913510e-01,-5.6549911499e+00,2.4714687500e+03
760,5.0228059292e-01,-4.9744960666e-01,-5.8447036743e+00,2.4714387207e+03
761,5.0228893757e-01,-4.9733644724e-01,-5.3627114296e+00,2.4714060059e+03
762,5.0237655640e-01,-4.9721235037e-01,-5.6383438110e+00,2.4713752441e+03
763,5.0235915184e-01,-4.9698796868e-01,-4.9120240211e+00,2.4713425293e+03
764,5.0235009193e-01,-4.9710193276e-01,-6.5314564705e+00,2.4713120117e+03
765,5.0226044655e-01,-4.9696558714e-01,-5.2192029953e+00,2.4712800293e+03
766,5.0219392776e-01,-4.9720057845e-01,-7.2140073776e+00,2.4712502441e+03
767,5.0220352411e-01,-4.9726474285e-01,-4.3105564117e+00,2.4712194824e+03
768,5.0238460302e-01,-4.9734982848e-01,-5.3193387985e+00,2.4711896973e+03
769,5.0265115499e-01,-4.9744477868e-01,-4.1582121849e+00,2.4711601562e+03
770,5.0254851580e-01,-4.9762463570e-01,-7.4509801865e+00,2.4711306152e+03
771,5.0257116556e-01,-4.9764972925e-01,-4.7617325783e+00,2.4711010742e+03
772,5.0257277489e-01,-4.9745729566e-01,-7.6332621574e+00,2.4710695801e+03
773,5.0240284204e-01,-4.9729162455e-01,-2.1256396770e+00,2.4710375977e+03
774,5.0226777792e-01,-4.9729570746e-01,-8.9346284866e+00,2.4710026855e+03
775,5.0212228298e-01,-4.9706152081e-01,-3.7832574844e+00,2.4709685059e+03
776,5.0192987919e-01,-4.9712923169e-01,-4.8458986282e+00,2.4709372559e+03
777,5.0195229053e-01,-4.9705058336e-01,-6.0531401634e+00,2.4709062500e+03
778,5.0203853846e-01,-4.9713304639e-01,-4.8365793228e+00,2.4708762207e+03
779,5.0215321779e-01,-4.9716633558e-01,-5.2164034843e+00,2.4708466797e+03
780,5.0218206644e-01,-4.9727126956e-01,-4.4367203712e+00,2.4708164062e+03
781,5.0238269567e-01,-4.9737727642e-01,-3.6445477009e+00,2.4707829590e+03
782,5.0251543522e-01,-4.9769794941e-01,-5.9404907227e+00,2.4707514648e+03
783,5.0268942118e-01,-4.9754849076e-01,-3.6154646873e+00,2.4707187500e+03
784,5.0246161222e-01,-4.9794587493e-01,-6.3290872574e+00,2.4706901855e+03
785,5.0252252817e-01,-4.9784681201e-01,-5.2567477226e+00,2.4706613770e+03
786,5.0231242180e-01,-4.9763491750e-01,-4.4544601440e+00,2.4706313477e+03
787,5.0203782320e-01,-4.9734762311e-01,-5.7152328491e+00,2.4706010742e+03
788,5.0176239014e-01,-4.9729484320e-01,-2.2506299019e+00,2.4705683594e+03
789,5.0157153606e-01,-4.9730926752e-01,-6.3507413864e+00,2.4705354004e+03
790,5.0146359205e-01,-4.9739196897e-01,-5.1603794098e+00,2.4705031738e+03
791,5.0154674053e-01,-4.9742022157e-01,-6.2791419029e+00,2.4704714355e+03
792,5.0161755085e-01,-4.9800702929e-01,-5.0242152214e+00,2.4704404297e+03
793,5.0188350677e-01,-4.9848467112e-01,-8.2296066284e+00,2.4704084473e+03
794,5.0204014778e-01,-4.9898371100e-01,-4.6171212196e+00,2.4703764648e+03
795,5.0233840942e-01,-4.9905115366e-01,-9.0909156799e+00,2.4703435059e+03
796,5.0238722563e-01,-4.9925225973e-01,-4.0821490288e+00,2.4703122559e+03
797,5.0225090981e-01,-4.9938386679e-01,-7.6193370819e+00,2.4702814941e+03
798,5.0224906206e-01,-4.9892240763e-01,-4.6404581070e+00,2.4702509766e+03
799,5.0191599131e-01,-4.9863642454e-01,-9.3072023392e+00,2.4702199707e+03
800,5.0158268213e-01,-4.9809297919e-01,-5.9606151581e+00,2.4701889648e+03
801,5.0153774023e-01,-4.9766021967e-01,-7.5478353500e+00,2.4701572266e+03
802,5.0132465363e-01,-4.9744716287e-01,-4.1979007721e+00,2.4701245117e+03
803,5.0150853395e-01,-4.9726215005e-01,-7.3909654617e+00,2.4700925293e+03
804,5.0167727470e-01,-4.9728852510e-01,-3.8408074379e+00,2.4700607910e+03
805,5.0233948231e-01,-4.9741318822e-01,-7.8730568886e+00,2.4700300293e+03
806,5.0272637606e-01,-4.9759951234e-01,-2.1948704720e+00,2.4699992676e+03
807,5.0311774015e-01,-4.9768275023e-01,-9.2090463638e+00,2.4699697266e+03
808,5.0328046083e-01,-4.9754908681e-01,-1.6349006891e+00,2.4699404297e+03
809,5.0329369307e-01,-4.9731004238e-01,-7.4260363579e+00,2.4699116211e+03
810,5.0319194794e-01,-4.9676918983e-01,-5.1689291000e+00,2.4698811035e+03
811,5.0255280733e-01,-4.9637332559e-01,-6.2594852448e+00,2.4698503418e+03
812,5.0211304426e-01,-4.9605768919e-01,-5.8604884148e+00,2.4698186035e+03
813,5.0166648626e-01,-4.9578714371e-01,-5.4438982010e+00,2.4697875977e+03
814,5.0162851810e-01,-4.9573150277e-01,-6.2178578377e+00,2.4697558594e+03
815,5.0133568048e-01,-4.9592393637e-01,-6.5781722069e+00,2.4697250977e+03
816,5.0169324875e-01,-4.9608400464e-01,-5.3368792534e+00,2.4696950684e+03
817,5.0191271305e-01,-4.9654331803e-01,-5.0628132820e+00,2.4696647949e+03
818,5.0238257647e-01,-4.9705609679e-01,-8.3430004120e+00,2.4696350098e+03
819,5.0238722563e-01,-4.9762123823e-01,-3.3930330276e+00,2.4696030273e+03
820,5.0271570683e-01,-4.9792400002e-01,-1.0334525108e+01,2.4695708008e+03
821,5.0274109840e-01,-4.9813306332e-01,-2.0412263870e+00,2.4695388184e+03
822,5.0268721581e-01,-4.9809184670e-01,-9.2069501877e+00,2.4695087891e+03
823,5.0226479769e-01,-4.9800470471e-01,-3.0150499344e+00,2.4694770508e+03
824,5.0217878819e-01,-4.9784696102e-01,-9.8910417557e+00,2.4694455566e+03
825,5.0178927183e-01,-4.9780464172e-01,-1.8050495386e+00,2.4694140625e+03
826,5.0197815895e-01,-4.9747523665e-01,-1.0231343269e+01,2.4693842773e+03
827,5.0182080269e-01,-4.9734222889e-01,-2.6640965939e+00,2.4693547363e+03
828,5.0182002783e-01,-4.9754220247e-01,-7.7342166901e+00,2.4693234863e+03
829,5.0189322233e-01,-4.9764195085e-01,-3.7545983791e+00,2.4692924805e+03
830,5.0204092264e-01,-4.9769687653e-01,-9.5368175507e+00,2.4692629395e+03
831,5.0203168392e-01,-4.9779319763e-01,-4.4850883484e+00,2.4692321777e+03
832,5.0202178955e-01,-4.9771988392e-01,-6.3280286789e+00,2.4692021484e+03
833,5.0176692009e-01,-4.9789705873e-01,-5.2242541313e+00,2.4691696777e+03
834,5.0181412697e-01,-4.9758714437e-01,-3.3468081951e+00,2.4691396484e+03
835,5.0131475925e-01,-4.9767109752e-01,-7.6859493256e+00,2.4691086426e+03
836,5.0135672092e-01,-4.9731326103e-01,-4.0981316566e+00,2.4690800781e+03
837,5.0075650215e-01,-4.9742203951e-01,-8.9539442062e+00,2.4690515137e+03
838,5.0073969364e-01,-4.9715551734e-01,-7.3795013428e+00,2.4690219727e+03
839,5.0067216158e-01,-4.9704572558e-01,-1.4673323631e+00,2.4689919434e+03
840,5.0085520744e-01,-4.9686470628e-01,-6.9792642593e+00,2.4689592285e+03
841,5.0085401535e-01,-4.9680477381e-01,-3.5010318756e+00,2.4689267578e+03
842,5.0114065409e-01,-4.9676415324e-01,-7.3142528534e+00,2.4688950195e+03
843,5.0128036737e-01,-4.9681499600e-01,-5.4194521904e+00,2.4688640137e+03
844,5.0177949667e-01,-4.9686878920e-01,-6.6351556778e+00,2.4688354492e+03
845,5.0185060501e-01,-4.9721547961e-01,-3.7234838009e+00,2.4688061523e+03
846,5.0231611729e-01,-4.9734988809e-01,-7.6690850258e+00,2.4687753906e+03
847,5.0243294239e-01,-4.9779641628e-01,-4.7121391296e+00,2.4687436523e+03
848,5.0236374140e-01,-4.9824199080e-01,-9.5431327820e+00,2.4687121582e+03
849,5.0263053179e-01,-4.9839749932e-01,-1.6852817535e+00,2.4686806641e+03
850,5.0239759684e-01,-4.9859219790e-01,-9.4976997375e+00,2.4686496582e+03
851,5.0222837925e-01,-4.9855834246e-01,-5.5335884094e+00,2.4686188965e+03
852,5.0196897984e-01,-4.9839985371e-01,-5.4874024391e+00,2.4685869141e+03
853,5.0188618898e-01,-4.9808102846e-01,-6.3203234673e+00,2.4685546875e+03
854,5.0138312578e-01,-4.9779248238e-01,-5.4997973442e+00,2.4685229492e+03
855,5.0133770704e-01,-4.9712005258e-01,-3.8955340385e+00,2.4684912109e+03
856,5.0082623959e-01,-4.9700489640e-01,-8.1179447174e+00,2.4684619141e+03
857,5.0068157911e-01,-4.9672785401e-01,-8.4501237869e+00,2.4684328613e+03
858,5.0067627430e-01,-4.9660128355e-01,-2.7250010967e+00,2.4684033203e+03
859,5.0079238415e-01,-4.9651581049e-01,-9.6457281113e+00,2.4683732910e+03
860,5.0087797642e-01,-4.9709495902e-01,-3.5821411610e+00,2.4683403320e+03
861,5.0120294094e-01,-4.9742847681e-01,-8.3330564499e+00,2.4683063965e+03
862,5.0128227472e-01,-4.9781960249e-01,-4.5010266304e+00,2.4682744141e+03
863,5.0149887800e-01,-4.9808502197e-01,-9.2102642059e+00,2.4682424316e+03
864,5.0141513348e-01,-4.9854326248e-01,-5.5851125717e+00,2.4682143555e+03
865,5.0157529116e-01,-4.9858376384e-01,-8.6109437943e+00,2.4681843262e+03
866,5.0140428543e-01,-4.9840062857e-01,-2.3684830666e+00,2.4681533203e+03
867,5.0113779306e-01,-4.9803549051e-01,-8.6395187378e+00,2.4681213379e+03
868,5.0092786551e-01,-4.9785447121e-01,-2.6655306816e+00,2.4680900879e+03
869,5.0073051453e-01,-4.9761676788e-01,-9.9033946991e+00,2.4680573730e+03
870,5.0071769953e-01,-4.9733993411e-01,-5.5112886429e-01,2.4680270996e+03
871,5.0062674284e-01,-4.9722653627e-01,-6.2622623444e+00,2.4679968262e+03
872,5.0090640783e-01,-4.9691703916e-01,-9.6815977097e+00,2.4679663086e+03
873,5.0073778629e-01,-4.9694746733e-01,-2.2556016445e+00,2.4679367676e+03
874,5.0102126598e-01,-4.9686732888e-01,-8.2606811523e+00,2.4679055176e+03
875,5.0133627653e-01,-4.9681469798e-01,-4.7268309593e+00,2.4678745117e+03
876,5.0156921148e-01,-4.9674797058e-01,-9.9449787140e+00,2.4678430176e+03
877,5.0167816877e-01,-4.9665018916e-01,-5.6157717705e+00,2.4678129883e+03
878,5.0184047222e-01,-4.9703574181e-01,-8.1499185562e+00,2.4677846680e+03
879,5.0181341171e-01,-4.9730777740e-01,-4.9135828018e+00,2.4677553711e+03
880,5.0188076496e-01,-4.9766573310e-01,-8.7847099304e+00,2.4677255859e+03
881,5.0188243389e-01,-4.9792602658e-01,-1.8267697096e+00,2.4676940918e+03
882,5.0173419714e-01,-4.9843284488e-01,-7.7694740295e+00,2.4676640625e+03
883,5.0181949139e-01,-4.9887105823e-01,-8.7262020111e+00,2.4676330566e+03
884,5.0165295601e-01,-4.9888557196e-01,-6.3506050110e+00,2.4676022949e+03
885,5.0138747692e-01,-4.9876135588e-01,-7.6581196785e+00,2.4675715332e+03
886,5.0145030022e-01,-4.9859288335e-01,-5.6710510254e+00,2.4675412598e+03
887,5.0117796659e-01,-4.9838048220e-01,-7.3090515137e+00,2.4675104980e+03
888,5.0118362904e-01,-4.9813789129e-01,-4.5799975395e+00,2.4674809570e+03
889,5.0093060732e-01,-4.9784505367e-01,-5.0010328293e+00,2.4674499512e+03
890,5.0115025043e-01,-4.9759563804e-01,-3.7045254707e+00,2.4674201660e+03
891,5.0096762180e-01,-4.9749204516e-01,-5.7704224586e+00,2.4673901367e+03
892,5.0109463930e-01,-4.9721857905e-01,-5.7605056763e+00,2.4673586426e+03
893,5.0139111280e-01,-4.9695801735e-01,-5.3215799332e+00,2.4673276367e+03
894,5.0139665604e-01,-4.9680632353e-01,-5.0890483856e+00,2.4672985840e+03
895,5.0161361694e-01,-4.9666079879e-01,-5.0044860840e+00,2.4672700195e+03
896,5.0149965286e-01,-4.9674409628e-01,-6.5452919006e+00,2.4672402344e+03
897,5.0165599585e-01,-4.9681192636e-01,-7.4158277512e+00,2.4672119141e+03
898,5.0161957741e-01,-4.9718204141e-01,-5.4683847427e+00,2.4671794434e+03
899,5.0168710947e-01,-4.9758204818e-01,-7.5991878510e+00,2.4671469727e+03
900,5.0170654058e-01,-4.9810335040e-01,-4.3295130730e+00,2.4671140137e+03
901,5.0163275003e-01,-4.9839547276e-01,-9.6715936661e+00,2.4670827637e+03
902,5.0141835213e-01,-4.9866276979e-01,-7.1176295280e+00,2.4670517578e+03
903,5.0130355358e-01,-4.9854788184e-01,-8.7575922012e+00,2.4670224609e+03
904,5.0091874599e-01,-4.9853390455e-01,-7.2949876785e+00,2.4669924316e+03
905,5.0071585178e-01,-4.9810168147e-01,-7.2584371567e+00,2.4669614258e+03
906,5.0020653009e-01,-4.9785503745e-01,-7.0604081154e+00,2.4669309082e+03
907,5.0004965067e-01,-4.9729344249e-01,-6.7293334007e+00,2.4668989258e+03
908,4.9998298287e-01,-4.9707725644e-01,-4.3699321747e+00,2.4668691406e+03
909,5.0015074015e-01,-4.9676272273e-01,-7.2344670296e+00,2.4668398438e+03
910,5.0042051077e-01,-4.9671697617e-01,-3.6293785572e+00,2.4668098145e+03
911,5.0065338612e-01,-4.9681711197e-01,-7.3781080246e+00,2.4667792969e+03
912,5.0097733736e-01,-4.9687469006e-01,-4.6828651428e+00,2.4667482910e+03
913,5.0134456158e-01,-4.9714279175e-01,-7.3913078308e+00,2.4667163086e+03
914,5.0165075064e-01,-4.9726152420e-01,-5.2219305038e+00,2.4666838379e+03
915,5.0182193518e-01,-4.9749356508e-01,-7.1507210732e+00,2.4666538086e+03
916,5.0186508894e-01,-4.9764883518e-01,-5.8897790909e+00,2.4666247559e+03
917,5.0186705589e-01,-4.9771544337e-01,-6.9747667313e+00,2.4665944824e+03
918,5.0157636404e-01,-4.9793514609e-01,-5.8615288734e+00,2.4665634766e+03
919,5.0125765800e-01,-4.9790707231e-01,-5.4753475189e+00,2.4665336914e+03
920,5.0084769726e-01,-4.9801158905e-01,-6.3008317947e+00,2.4665046387e+03
921,5.0068068504e-01,-4.9812424183e-01,-5.1012763977e+00,2.4664750977e+03
922,5.0019508600e-01,-4.9831217527e-01,-8.4223022461e+00,2.4664443359e+03
923,5.0022739172e-01,-4.9834716320e-01,-5.2482352257e+00,2.4664130859e+03
924,4.9999356270e-01,-4.9853199720e-01,-6.4345626831e+00,2.4663796387e+03
925,5.0004655123e-01,-4.9862396717e-01,-7.6765141487e+00,2.4663459473e+03
926,5.0034451485e-01,-4.9883636832e-01,-5.5386700630e+00,2.4663144531e+03
927,5.0040632486e-01,-4.9876680970e-01,-7.3540329933e+00,2.4662839355e+03
928,5.0070494413e-01,-4.9869185686e-01,-5.9087843895e+00,2.4662546387e+03
929,5.0087207556e-01,-4.9850928783e-01,-7.2410287857e+00,2.4662255859e+03
930,5.0108957291e-01,-4.9843516946e-01,-6.3743491173e+00,2.4661955566e+03
931,5.0125217438e-01,-4.9814164639e-01,-6.3328371048e+00,2.4661635742e+03
932,5.0126212835e-01,-4.9821132421e-01,-6.0421810150e+00,2.4661320801e+03
933,5.0152611732e-01,-4.9793604016e-01,-8.1203413010e+00,2.4661003418e+03
934,5.0165957212e-01,-4.9794560671e-01,-4.6589827538e+00,2.4660712891e+03
935,5.0170099735e-01,-4.9761810899e-01,-8.4343414307e+00,2.4660412598e+03
936,5.0181674957e-01,-4.9762755632e-01,-3.8414070606e+00,2.4660112305e+03
937,5.0182378292e-01,-4.9728244543e-01,-9.2827396393e+00,2.4659799805e+03
938,5.0181341171e-01,-4.9698039889e-01,-4.1903948784e+00,2.4659484863e+03
939,5.0169426203e-01,-4.9661371112e-01,-7.3973898888e+00,2.4659165039e+03
940,5.0140744448e-01,-4.9653652310e-01,-6.2593050003e+00,2.4658852539e+03
941,5.0120276213e-01,-4.9620291591e-01,-5.3382940292e+00,2.4658549805e+03
942,5.0088340044e-01,-4.9639743567e-01,-6.6114773750e+00,2.4658266602e+03
943,5.0092339516e-01,-4.9615797400e-01,-3.5727076530e+00,2.4657954102e+03
944,5.0097620487e-01,-4.9667584896e-01,-8.4112291336e+00,2.4657641602e+03
945,5.0115323067e-01,-4.9656280875e-01,-2.7839345932e+00,2.4657309570e+03
946,5.0103276968e-01,-4.9709683657e-01,-1.0072712898e+01,2.4657014160e+03
947,5.0124216080e-01,-4.9711084366e-01,-7.4767031670e+00,2.4656701660e+03
948,5.0142455101e-01,-4.9710848927e-01,-3.3426618576e+00,2.4656408691e+03
949,5.0138896704e-01,-4.9735853076e-01,-1.0541160583e+01,2.4656105957e+03
950,5.0127494335e-01,-4.9752128124e-01,-2.8372232914e+00,2.4655793457e+03
951,5.0127696991e-01,-4.9788799882e-01,-9.9601907730e+00,2.4655483398e+03
952,5.0121158361e-01,-4.9802404642e-01,-5.9972853661e+00,2.4655168457e+03
953,5.0091737509e-01,-4.9862006307e-01,-6.2091512680e+00,2.4654841309e+03
954,5.0111126900e-01,-4.9844497442e-01,-7.1500425339e+00,2.4654526367e+03
955,5.0102961063e-01,-4.9872270226e-01,-6.9302110672e+00,2.4654226074e+03
956,5.0111442804e-01,-4.9872431159e-01,-6.7392830849e+00,2.4653911133e+03
957,5.0096178055e-01,-4.9888342619e-01,-4.9331412315e+00,2.4653603516e+03
958,5.0088155270e-01,-4.9883195758e-01,-7.2394452095e+00,2.4653300781e+03
959,5.0068736076e-01,-4.9898713827e-01,-5.7763547897e+00,2.4653007812e+03
960,5.0051212311e-01,-4.9905407429e-01,-7.5417957306e+00,2.4652712402e+03
961,5.0014817715e-01,-4.9933025241e-01,-5.5870862007e+00,2.4652412109e+03
962,5.0034916401e-01,-4.9933761358e-01,-6.4598193169e+00,2.4652089844e+03
963,5.0049549341e-01,-4.9946472049e-01,-3.7592306137e+00,2.4651784668e+03
964,5.0063669682e-01,-4.9930110574e-01,-6.4721250534e+00,2.4651477051e+03
965,5.0048404932e-01,-4.9918282032e-01,-5.4661345482e+00,2.4651159668e+03
966,5.0066459179e-01,-4.9897915125e-01,-6.4945712090e+00,2.4650852051e+03
967,5.0037354231e-01,-4.9868103862e-01,-6.1591567993e+00,2.4650546875e+03
968,5.0045394897e-01,-4.9820795655e-01,-8.2976856232e+00,2.4650244141e+03
969,4.9987813830e-01,-4.9821531773e-01,-6.1454763412e+00,2.4649948730e+03
970,4.9988627434e-01,-4.9797359109e-01,-9.4921989441e+00,2.4649645996e+03
971,4.9987223744e-01,-4.9780753255e-01,-5.9353761673e+00,2.4649340820e+03
972,4.9993798137e-01,-4.9749472737e-01,-1.1164478302e+01,2.4649035645e+03
973,4.9999374151e-01,-4.9743527174e-01,-5.8564515114e+00,2.4648732910e+03
974,5.0029331446e-01,-4.9725112319e-01,-1.0510571480e+01,2.4648437500e+03
975,5.0042355061e-01,-4.9730175734e-01,-4.1741967201e+00,2.4648132324e+03
976,5.0074285269e-01,-4.9707400799e-01,-9.7515678406e+00,2.4647807617e+03
977,5.0088649988e-01,-4.9718332291e-01,-3.6212837696e+00,2.4647495117e+03
978,5.0108230114e-01,-4.9688419700e-01,-1.1855815887e+01,2.4647189941e+03
979,5.0125706196e-01,-4.9671846628e-01,-2.3736464977e+00,2.4646884766e+03
980,5.0123900175e-01,-4.9666458368e-01,-1.3536149979e+01,2.4646574707e+03
981,5.0130861998e-01,-4.9649813771e-01,9.0888500214e-01,2.4646269531e+03
982,5.0135284662e-01,-4.9651613832e-01,-1.5445334435e+01,2.4645957031e+03
983,5.0157403946e-01,-4.9634146690e-01,-2.6641075611e+00,2.4645651855e+03
984,5.0138998032e-01,-4.9658018351e-01,-7.8339881897e+00,2.4645354004e+03
985,5.0153589249e-01,-4.9658903480e-01,-5.2859468460e+00,2.4645056152e+03
986,5.0151455402e-01,-4.9657639861e-01,-6.8197131157e+00,2.4644746094e+03
987,5.0162142515e-01,-4.9675151706e-01,-4.7068557739e+00,2.4644465332e+03
988,5.0162982941e-01,-4.9668502808e-01,-4.7076721191e+00,2.4644187012e+03
989,5.0121939182e-01,-4.9709147215e-01,-7.5800724030e+00,2.4643889160e+03
990,5.0123894215e-01,-4.9694857001e-01,-5.6793494225e+00,2.4643569336e+03
991,5.0111508369e-01,-4.9724313617e-01,-5.7657327652e+00,2.4643247070e+03
992,5.0078558922e-01,-4.9740904570e-01,-8.7767591476e+00,2.4642922363e+03
993,5.0056606531e-01,-4.9766874313e-01,-6.3160190582e+00,2.4642609863e+03
994,5.0045084953e-01,-4.9762731791e-01,-8.6622171402e+00,2.4642304688e+03
995,5.0038492680e-01,-4.9781155586e-01,-8.1048240662e+00,2.4642014160e+03
996,5.0050294399e-01,-4.9798589945e-01,-7.8428783417e+00,2.4641726074e+03
997,5.0057661533e-01,-4.9814862013e-01,-7.1405816078e+00,2.4641428223e+03
998,5.0073200464e-01,-4.9850967526e-01,-6.1797118187e+00,2.4641123047e+03
999,5.0073599815e-01,-4.9888670444e-01,-8.8498163223e+00,2.4640822754e+03
1000,5.0084000826e-01,-4.9922794104e-01,-8.9555664062e+00,2.4640505371e+03
1001,5.0086122751e-01,-4.9942308664e-01,-7.1288800240e+00,2.4640190430e+03
1002,5.0092118979e-01,-4.9918442965e-01,-7.2903265953e+00,2.4639890137e+03
1003,5.0061804056e-01,-4.9930262566e-01,-7.8194074631e+00,2.4639572754e+03
1004,5.0055283308e-01,-4.9904936552e-01,-5.6940984726e+00,2.4639255371e+03
1005,5.0012004375e-01,-4.9902513623e-01,-7.7465476990e+00,2.4638930664e+03
1006,5.0002950430e-01,-4.9868378043e-01,-5.4183688164e+00,2.4638625488e+03
1007,4.9945783615e-01,-4.9871012568e-01,-9.4480552673e+00,2.4638327637e+03
1008,4.9941590428e-01,-4.9826627970e-01,-6.8034105301e+00,2.4638034668e+03
1009,4.9940186739e-01,-4.9798181653e-01,-4.3266248703e+00,2.4637753906e+03
1010,4.9947914481e-01,-4.9761056900e-01,-8.0912523270e+00,2.4637458496e+03
1011,4.9959117174e-01,-4.9728801847e-01,-3.9281733036e+00,2.4637153320e+03
1012,4.9980610609e-01,-4.9707493186e-01,-1.0712095261e+01,2.4636835938e+03
1013,5.0014543533e-01,-4.9696046114e-01,-5.8549165726e+00,2.4636516113e+03
1014,5.0024348497e-01,-4.9691736698e-01,-5.3507256508e+00,2.4636198730e+03
1015,5.0046199560e-01,-4.9673247337e-01,-6.2481603622e+00,2.4635886230e+03
1016,5.0066661835e-01,-4.9706670642e-01,-7.4602775574e+00,2.4635600586e+03
1017,5.0106275082e-01,-4.9722731113e-01,-6.8441390991e+00,2.4635312500e+03
1018,5.0137138367e-01,-4.9730813503e-01,-6.5965909958e+00,2.4635004883e+03
1019,5.0154298544e-01,-4.9747815728e-01,-5.9352879524e+00,2.4634692383e+03
1020,5.0164860487e-01,-4.9750217795e-01,-9.1195707321e+00,2.4634375000e+03
1021,5.0186616182e-01,-4.9743711948e-01,-4.3989744186e+00,2.4634047852e+03
1022,5.0169670582e-01,-4.9752151966e-01,-8.1476116180e+00,2.4633742676e+03
1023,5.0151717663e-01,-4.9733924866e-01,-8.4041652679e+00,2.4633444824e+03
1024,5.0122094154e-01,-4.9740120769e-01,-5.6809496880e+00,2.4633156738e+03
1025,5.0114297867e-01,-4.9758628011e-01,-9.9992456436e+00,2.4632868652e+03
1026,5.0094360113e-01,-4.9773487449e-01,-4.3579187393e+00,2.4632565918e+03
1027,5.0087082386e-01,-4.9828952551e-01,-9.1248531342e+00,2.4632255859e+03
1028,5.0107896328e-01,-4.9870640039e-01,-7.0013937950e+00,2.4631938477e+03
1029,5.0113946199e-01,-4.9929577112e-01,-7.2629108429e+00,2.4631623535e+03
1030,5.0140416622e-01,-4.9972027540e-01,-5.1497249603e+00,2.4631320801e+03
1031,5.0140136480e-01,-5.0008523464e-01,-7.0746111870e+00,2.4631030273e+03
1032,5.0154566765e-01,-5.0018036366e-01,-5.8973755836e+00,2.4630725098e+03
1033,5.0136727095e-01,-5.0025707483e-01,-7.9034323692e+00,2.4630419922e+03
1034,5.0120466948e-01,-4.9988147616e-01,-4.4890422821e+00,2.4630107422e+03
1035,5.0059992075e-01,-4.9955716729e-01,-7.6302013397e+00,2.4629799805e+03
1036,5.0021982193e-01,-4.9889555573e-01,-6.4955878258e+00,2.4629492188e+03
1037,4.9974983931e-01,-4.9839863181e-01,-6.5195646286e+00,2.4629189453e+03
1038,4.9942353368e-01,-4.9779835343e-01,-7.3477516174e+00,2.4628896484e+03
1039,4.9944356084e-01,-4.9720814824e-01,-7.4728198051e+00,2.4628598633e+03
1040,4.9956083298e-01,-4.9701863527e-01,-8.0010356903e+00,2.4628310547e+03
1041,5.0002974272e-01,-4.9695292115e-01,-7.7604627609e+00,2.4628010254e+03
1042,5.0041735172e-01,-4.9715039134e-01,-7.6030669212e+00,2.4627712402e+03
1043,5.0078332424e-01,-4.9754923582e-01,-9.9642343521e+00,2.4627412109e+03
1044,5.0139546394e-01,-4.9795326591e-01,-7.6255578995e+00,2.4627119141e+03
1045,5.0167870522e-01,-4.9859219790e-01,-9.3036584854e+00,2.4626813965e+03
1046,5.0185805559e-01,-4.9910077453e-01,-6.7252740860e+00,2.4626486816e+03
1047,5.0188308954e-01,-4.9919918180e-01,-5.2916517258e+00,2.4626171875e+03
1048,5.0166743994e-01,-4.9920856953e-01,-8.0659809113e+00,2.4625859375e+03
1049,5.0138884783e-01,-4.9905738235e-01,-6.3296556473e+00,2.4625559082e+03
1050,5.0097417831e-01,-4.9886491895e-01,-1.0401252747e+01,2.4625273438e+03
1051,5.0054395199e-01,-4.9856460094e-01,-6.4245285988e+00,2.4624978027e+03
1052,5.0016099215e-01,-4.9811506271e-01,-8.0485658646e+00,2.4624675293e+03
1053,4.9989596009e-01,-4.9793311954e-01,-4.7461018562e+00,2.4624353027e+03
1054,4.9988692999e-01,-4.9783772230e-01,-9.2218427658e+00,2.4624045410e+03
1055,4.9999874830e-01,-4.9795505404e-01,-2.8789501190e+00,2.4623735352e+03
1056,5.0035613775e-01,-4.9791684747e-01,-1.0340664864e+01,2.4623439941e+03
1057,5.0059604645e-01,-4.9806487560e-01,-1.7554754019e+00,2.4623156738e+03
1058,5.0092071295e-01,-4.9817502499e-01,-1.3407532692e+01,2.4622873535e+03
1059,5.0120657682e-01,-4.9830389023e-01,-3.6885836124e+00,2.4622563477e+03
1060,5.0117129087e-01,-4.9851146340e-01,-7.2498645782e+00,2.4622241211e+03
1061,5.0091344118e-01,-4.9872991443e-01,-6.3837900162e+00,2.4621921387e+03
1062,5.0073319674e-01,-4.9880313873e-01,-9.1559600830e+00,2.4621604004e+03
1063,5.0039994717e-01,-4.9896287918e-01,-5.7089900970e+00,2.4621289062e+03
1064,5.0040626526e-01,-4.9881419539e-01,-9.5415601730e+00,2.4620986328e+03
1065,5.0020450354e-01,-4.9897640944e-01,-4.7006044388e+00,2.4620690918e+03
1066,5.0021487474e-01,-4.9901324511e-01,-1.1450435638e+01,2.4620397949e+03
1067,5.0029528141e-01,-4.9917340279e-01,-5.4157733917e-01,2.4620090332e+03
1068,5.0040125847e-01,-4.9924606085e-01,-1.4853785515e+01,2.4619804688e+03
1069,5.0038522482e-01,-4.9929681420e-01,-4.9631452560e-01,2.4619494629e+03
1070,5.0035232306e-01,-4.9918800592e-01,-1.2296340942e+01,2.4619189453e+03
1071,5.0054448843e-01,-4.9874702096e-01,-1.0269239426e+01,2.4618894043e+03
1072,5.0056445599e-01,-4.9853166938e-01,-6.0867481232e+00,2.4618588867e+03
1073,5.0060927868e-01,-4.9803432822e-01,-7.2360949516e+00,2.4618266602e+03
1074,5.0048041344e-01,-4.9764809012e-01,-7.5409078598e+00,2.4617944336e+03
1075,5.0038510561e-01,-4.9723613262e-01,-1.0287566185e+01,2.4617636719e+03
1076,5.0059551001e-01,-4.9692994356e-01,-4.7527966499e+00,2.4617338867e+03
1077,5.0071746111e-01,-4.9670711160e-01,-1.0598033905e+01,2.4617053223e+03
1078,5.0078654289e-01,-4.9675032496e-01,-3.9088487625e+00,2.4616752930e+03
1079,5.0105226040e-01,-4.9668857455e-01,-1.0265371323e+01,2.4616455078e+03
1080,5.0117081404e-01,-4.9685251713e-01,-2.7533392906e+00,2.4616137695e+03
1081,5.0156956911e-01,-4.9684748054e-01,-1.1646463394e+01,2.4615830078e+03
1082,5.0138258934e-01,-4.9716997147e-01,-8.2743644714e-01,2.4615532227e+03
1083,5.0136768818e-01,-4.9751442671e-01,-1.0898971558e+01,2.4615236816e+03
1084,5.0127112865e-01,-4.9775013328e-01,-6.7875046730e+00,2.4614941406e+03
1085,5.0097042322e-01,-4.9786055088e-01,-9.2080297470e+00,2.4614650879e+03
1086,5.0079250336e-01,-4.9807441235e-01,-6.0501070023e+00,2.4614357910e+03
1087,5.0055152178e-01,-4.9835011363e-01,-8.5462894440e+00,2.4614074707e+03
1088,5.0034075975e-01,-4.9834671617e-01,-5.3926534653e+00,2.4613767090e+03
1089,5.0036370754e-01,-4.9831545353e-01,-8.0717668533e+00,2.4613461914e+03
1090,5.0028634071e-01,-4.9836453795e-01,-6.1596760750e+00,2.4613159180e+03
1091,5.0014322996e-01,-4.9850267172e-01,-9.0860185623e+00,2.4612851562e+03
1092,5.0019103289e-01,-4.9824374914e-01,-4.9257149696e+00,2.4612539062e+03
1093,5.0006812811e-01,-4.9825975299e-01,-8.1783590317e+00,2.4612221680e+03
1094,5.0009047985e-01,-4.9823564291e-01,-7.7932310104e+00,2.4611921387e+03
1095,5.0022381544e-01,-4.9814283848e-01,-8.5692834854e+00,2.4611638184e+03
1096,5.0022238493e-01,-4.9829533696e-01,-7.3576626778e+00,2.4611342773e+03
1097,5.0035244226e-01,-4.9835041165e-01,-9.2543735504e+00,2.4611064453e+03
1098,5.0045025349e-01,-4.9847853184e-01,-7.2709631920e+00,2.4610781250e+03
1099,5.0081980228e-01,-4.9848642945e-01,-6.6890215874e+00,2.4610473633e+03
1100,5.0079458952e-01,-4.9884128571e-01,-7.5600647926e+00,2.4610161133e+03
1101,5.0113916397e-01,-4.9888268113e-01,-6.2273364067e+00,2.4609838867e+03
1102,5.0097113848e-01,-4.9905121326e-01,-7.7911562920e+00,2.4609536133e+03
1103,5.0075274706e-01,-4.9896466732e-01,-9.3724756241e+00,2.4609218750e+03
1104,5.0078254938e-01,-4.9869665504e-01,-6.3095006943e+00,2.4608925781e+03
1105,5.0045895576e-01,-4.9850514531e-01,-7.4591169357e+00,2.4608632812e+03
1106,5.0024634600e-01,-4.9816861749e-01,-7.4339694977e+00,2.4608334961e+03
1107,5.0005513430e-01,-4.9788272381e-01,-7.8328771591e+00,2.4608032227e+03
1108,4.9975141883e-01,-4.9774688482e-01,-8.5182905197e+00,2.4607734375e+03
1109,4.9979427457e-01,-4.9737972021e-01,-8.0617675781e+00,2.4607431641e+03
1110,4.9972587824e-01,-4.9730974436e-01,-8.3848114014e+00,2.4607141113e+03
1111,4.9984434247e-01,-4.9725750089e-01,-8.1133136749e+00,2.4606860352e+03
1112,4.9998736382e-01,-4.9723288417e-01,-8.7908134460e+00,2.4606577148e+03
1113,5.0025731325e-01,-4.9732494354e-01,-9.0102176666e+00,2.4606291504e+03
1114,5.0047928095e-01,-4.9745118618e-01,-5.9792833328e+00,2.4606005859e+03
1115,5.0046163797e-01,-4.9755164981e-01,-8.1230573654e+00,2.4605708008e+03
1116,5.0053876638e-01,-4.9773395061e-01,-8.2439098358e+00,2.4605405273e+03
1117,5.0063967705e-01,-4.9789273739e-01,-6.8776946068e+00,2.4605087891e+03
1118,5.0062119961e-01,-4.9794811010e-01,-6.7269268036e+00,2.4604768066e+03
1119,5.0049245358e-01,-4.9799337983e-01,-8.0599966049e+00,2.4604465332e+03
1120,5.0018489361e-01,-4.9808612466e-01,-6.9823260307e+00,2.4604177246e+03
1121,5.0012511015e-01,-4.9804812670e-01,-9.0409126282e+00,2.4603896484e+03
1122,5.0003361702e-01,-4.9808734655e-01,-7.1385254860e+00,2.4603608398e+03
1123,4.9994531274e-01,-4.9833214283e-01,-7.9429497719e+00,2.4603305664e+03
1124,4.9982133508e-01,-4.9826622009e-01,-7.6864223480e+00,2.4603010254e+03
1125,4.9996018410e-01,-4.9865138531e-01,-7.9639263153e+00,2.4602705078e+03
1126,5.0016349554e-01,-4.9881294370e-01,-7.8489732742e+00,2.4602414551e+03
1127,5.0046986341e-01,-4.9897980690e-01,-7.9441137314e+00,2.4602133789e+03
1128,5.0059455633e-01,-4.9921047688e-01,-6.7603254318e+00,2.4601848145e+03
1129,5.0062638521e-01,-4.9930787086e-01,-9.9181165695e+00,2.4601545410e+03
1130,5.0069856644e-01,-4.9942842126e-01,-5.9839248657e+00,2.4601228027e+03
1131,5.0043725967e-01,-4.9930176139e-01,-1.3429879189e+01,2.4600905762e+03
1132,5.0042325258e-01,-4.9909263849e-01,-5.9634613991e+00,2.4600593262e+03
1133,4.9992534518e-01,-4.9892470241e-01,-1.1042414665e+01,2.4600288086e+03
1134,4.9988767505e-01,-4.9864163995e-01,-4.0959644318e+00,2.4599995117e+03
1135,4.9954235554e-01,-4.9847391248e-01,-1.2173625946e+01,2.4599702148e+03
1136,4.9962490797e-01,-4.9811643362e-01,-2.3668041229e+00,2.4599421387e+03
1137,4.9954229593e-01,-4.9798122048e-01,-1.4814771652e+01,2.4599128418e+03
1138,4.9997866154e-01,-4.9753502011e-01,9.2405617237e-01,2.4598859863e+03
1139,4.9976366758e-01,-4.9763190746e-01,-1.2170371056e+01,2.4598586426e+03
1140,5.0010073185e-01,-4.9738565087e-01,-8.3242673874e+00,2.4598308105e+03
1141,5.0021773577e-01,-4.9717634916e-01,-7.9781842232e+00,2.4597998047e+03
1142,5.0033432245e-01,-4.9730727077e-01,-6.4527463913e+00,2.4597702637e+03
1143,5.0054007769e-01,-4.9709722400e-01,-9.0844058990e+00,2.4597392578e+03
1144,5.0081181526e-01,-4.9730390310e-01,-5.1721062660e+00,2.4597094727e+03
1145,5.0113672018e-01,-4.9713578820e-01,-1.1374077797e+01,2.4596806641e+03
1146,5.0112879276e-01,-4.9750304222e-01,-5.9613804817e+00,2.4596525879e+03
1147,5.0120246410e-01,-4.9782240391e-01,-8.3179826736e+00,2.4596247559e+03
1148,5.0120687485e-01,-4.9775871634e-01,-5.5926885605e+00,2.4595976562e+03
1149,5.0105881691e-01,-4.9814507365e-01,-8.5351152420e+00,2.4595664062e+03
1150,5.0091207027e-01,-4.9812960625e-01,-6.9274721146e+00,2.4595339355e+03
1151,5.0043356419e-01,-4.9842822552e-01,-8.0235986710e+00,2.4595019531e+03
1152,5.0019407272e-01,-4.9833098054e-01,-7.2476463318e+00,2.4594738770e+03
1153,4.9986872077e-01,-4.9838426709e-01,-7.8974180222e+00,2.4594482422e+03
1154,4.9967724085e-01,-4.9819886684e-01,-8.1419916153e+00,2.4594218750e+03
1155,4.9958848953e-01,-4.9803754687e-01,-7.3007297516e+00,2.4593947754e+03
1156,4.9950543046e-01,-4.9772372842e-01,-8.5471715927e+00,2.4593647461e+03
1157,4.9929791689e-01,-4.9762219191e-01,-9.7812871933e+00,2.4593334961e+03
1158,4.9943041801e-01,-4.9746212363e-01,-7.5690021515e+00,2.4593012695e+03
1159,4.9954134226e-01,-4.9723249674e-01,-9.6511964798e+00,2.4592700195e+03
1160,4.9973687530e-01,-4.9739444256e-01,-7.3689317703e+00,2.4592397461e+03
1161,4.9997314811e-01,-4.9758395553e-01,-8.8729124069e+00,2.4592131348e+03
1162,5.0011384487e-01,-4.9790289998e-01,-8.7085428238e+00,2.4591875000e+03
1163,5.0022703409e-01,-4.9825412035e-01,-7.5026082993e+00,2.4591596680e+03
1164,5.0057023764e-01,-4.9864017963e-01,-8.3882083893e+00,2.4591306152e+03
1165,5.0082433224e-01,-4.9918854237e-01,-7.7584929466e+00,2.4591003418e+03
1166,5.0087630749e-01,-4.9945726991e-01,-8.6501741409e+00,2.4590703125e+03
1167,5.0062572956e-01,-4.9969857931e-01,-8.0460462570e+00,2.4590405273e+03
1168,5.0053966045e-01,-4.9997377396e-01,-7.2441878319e+00,2.4590114746e+03
1169,5.0041824579e-01,-5.0004935265e-01,-7.9219923019e+00,2.4589831543e+03
1170,5.0003314018e-01,-4.9981281161e-01,-7.2470211983e+00,2.4589531250e+03
1171,4.9952712655e-01,-4.9962875247e-01,-8.7475767136e+00,2.4589216309e+03
1172,4.9915730953e-01,-4.9914452434e-01,-8.3792514801e+00,2.4588911133e+03
1173,4.9887508154e-01,-4.9867379665e-01,-7.6665005684e+00,2.4588620605e+03
1174,4.9872255325e-01,-4.9827587605e-01,-8.5268678665e+00,2.4588349609e+03
1175,4.9873587489e-01,-4.9777296185e-01,-8.1618013382e+00,2.4588088379e+03
1176,4.9898663163e-01,-4.9714767933e-01,-6.5243840218e+00,2.4587817383e+03
1177,4.9939483404e-01,-4.9710217118e-01,-7.5557222366e+00,2.4587546387e+03
1178,4.9995478988e-01,-4.9717685580e-01,-9.4621944427e+00,2.4587260742e+03
1179,5.0042921305e-01,-4.9730500579e-01,-5.0905375481e+00,2.4586970215e+03
1180,5.0090527534e-01,-4.9728450179e-01,-9.8666028976e+00,2.4586679688e+03
1181,5.0108271837e-01,-4.9757617712e-01,-6.1228771210e+00,2.4586389160e+03
1182,5.0137162209e-01,-4.9780634046e-01,-1.2648818970e+01,2.4586088867e+03
1183,5.0149184465e-01,-4.9799856544e-01,-6.7573809624e+00,2.4585793457e+03
1184,5.0130760670e-01,-4.9815481901e-01,-1.0158296585e+01,2.4585502930e+03
1185,5.0089925528e-01,-4.9836379290e-01,-6.3400444984e+00,2.4585200195e+03
1186,5.0084656477e-01,-4.9842804670e-01,-1.2490805626e+01,2.4584907227e+03
1187,5.0032657385e-01,-4.9855560064e-01,-5.0201768875e+00,2.4584621582e+03
1188,4.9990415573e-01,-4.9853566289e-01,-1.4315636635e+01,2.4584321289e+03
1189,4.9963778257e-01,-4.9853944778e-01,7.2962665558e-01,2.4584018555e+03
1190,4.9941238761e-01,-4.9895685911e-01,-1.1921092987e+01,2.4583728027e+03
1191,4.9953448772e-01,-4.9905744195e-01,-6.6686558723e+00,2.4583432617e+03
1192,4.9957305193e-01,-4.9929961562e-01,-1.1268522263e+01,2.4583129883e+03
1193,4.9941712618e-01,-4.9955338240e-01,-5.8857078552e+00,2.4582856445e+03
1194,4.9982681870e-01,-4.9958875775e-01,-1.3788601875e+01,2.4582597656e+03
1195,4.9978324771e-01,-4.9978047609e-01,-2.9681780338e+00,2.4582309570e+03
1196,5.0002771616e-01,-4.9956458807e-01,-1.4298485756e+01,2.4582001953e+03
1197,5.0004827976e-01,-4.9948722124e-01,2.4599282742e+00,2.4581706543e+03
1198,4.9992191792e-01,-4.9928206205e-01,-1.2600221634e+01,2.4581403809e+03
1199,5.0011861324e-01,-4.9873730540e-01,-5.8270764351e+00,2.4581113281e+03
1200,4.9975261092e-01,-4.9853187799e-01,-1.1289649010e+01,2.4580839844e+03
1201,4.9970632792e-01,-4.9803653359e-01,-6.2489190102e+00,2.4580576172e+03
1202,4.9955707788e-01,-4.9790045619e-01,-1.1044336319e+01,2.4580307617e+03
1203,4.9932867289e-01,-4.9771574140e-01,-8.4485263824e+00,2.4580036621e+03
1204,4.9938088655e-01,-4.9756231904e-01,-8.9686994553e+00,2.4579746094e+03
1205,4.9931302667e-01,-4.9788278341e-01,-8.1981182098e+00,2.4579438477e+03
1206,4.9951180816e-01,-4.9786588550e-01,-1.0562297821e+01,2.4579128418e+03
1207,4.9957057834e-01,-4.9801212549e-01,-5.4115052223e+00,2.4578833008e+03
1208,4.9977535009e-01,-4.9771785736e-01,-1.2808513641e+01,2.4578537598e+03
1209,4.9973139167e-01,-4.9778726697e-01,-5.8619933128e+00,2.4578251953e+03
1210,4.9991765618e-01,-4.9727180600e-01,-1.2370820045e+01,2.4577963867e+03
1211,4.9943637848e-01,-4.9724811316e-01,-3.7811486721e+00,2.4577687988e+03
1212,4.9907082319e-01,-4.9682092667e-01,-1.2845853806e+01,2.4577409668e+03
1213,4.9907788634e-01,-4.9625414610e-01,-7.5221509933e+00,2.4577148438e+03
1214,4.9918112159e-01,-4.9638646841e-01,-9.6902008057e+00,2.4576882324e+03
1215,4.9915912747e-01,-4.9653151631e-01,-7.0332961082e+00,2.4576582031e+03
1216,4.9930131435e-01,-4.9666798115e-01,-1.1570805550e+01,2.4576269531e+03
1217,4.9959823489e-01,-4.9704727530e-01,-6.8742513657e+00,2.4575966797e+03
1218,5.0003695488e-01,-4.9746149778e-01,-6.4698705673e+00,2.4575673828e+03
1219,5.0047767162e-01,-4.9795594811e-01,-8.4282207489e+00,2.4575402832e+03
1220,5.0065934658e-01,-4.9844309688e-01,-8.1837291718e+00,2.4575148926e+03
1221,5.0085747242e-01,-4.9875903130e-01,-6.0863332748e+00,2.4574880371e+03
1222,5.0071614981e-01,-4.9935331941e-01,-9.2442150116e+00,2.4574597168e+03
1223,5.0074607134e-01,-4.9940037727e-01,-5.4096670151e+00,2.4574294434e+03
1224,5.0031298399e-01,-4.9969822168e-01,-8.0246734619e+00,2.4573984375e+03
1225,4.9995481968e-01,-4.9938675761e-01,-1.2334855080e+01,2.4573676758e+03
1226,4.9957522750e-01,-4.9938076735e-01,-7.6382017136e+00,2.4573386230e+03
1227,4.9933373928e-01,-4.9887913465e-01,-1.4242481232e+01,2.4573100586e+03
1228,4.9903041124e-01,-4.9864041805e-01,-3.7638523579e+00,2.4572822266e+03
1229,4.9901387095e-01,-4.9816468358e-01,-1.2526070595e+01,2.4572546387e+03
1230,4.9905207753e-01,-4.9768835306e-01,-1.3251231909e+00,2.4572270508e+03
1231,4.9937063456e-01,-4.9763229489e-01,-1.4444302559e+01,2.4571987305e+03
1232,4.9972370267e-01,-4.9757876992e-01,-8.4852749109e-01,2.4571694336e+03
1233,4.9997767806e-01,-4.9769267440e-01,-1.8013923645e+01,2.4571403809e+03
1234,5.0044840574e-01,-4.9762779474e-01,-3.4060382843e+00,2.4571118164e+03
1235,5.0057262182e-01,-4.9808934331e-01,-8.8826122284e+00,2.4570808105e+03
1236,5.0096404552e-01,-4.9814134836e-01,-4.9680418968e+00,2.4570505371e+03
1237,5.0102031231e-01,-4.9851018190e-01,-8.7257232666e+00,2.4570212402e+03
1238,5.0103193521e-01,-4.9854013324e-01,-5.2866754532e+00,2.4569924316e+03
1239,5.0078284740e-01,-4.9861368537e-01,-8.7595224380e+00,2.4569641113e+03
1240,5.0027763844e-01,-4.9870631099e-01,-7.8558831215e+00,2.4569360352e+03
1241,4.9980726838e-01,-4.9868071079e-01,-1.0504413605e+01,2.4569062500e+03
1242,4.9941852689e-01,-4.9867156148e-01,-5.3725190163e+00,2.4568764648e+03
1243,4.9910327792e-01,-4.9863919616e-01,-1.3693330765e+01,2.4568444824e+03
1244,4.9865084887e-01,-4.9875298142e-01,-3.3002667427e+00,2.4568159180e+03
1245,4.9882364273e-01,-4.9854883552e-01,-1.3612018585e+01,2.4567880859e+03
1246,4.9865061045e-01,-4.9872240424e-01,-1.0653650761e+00,2.4567602539e+03
1247,4.9882659316e-01,-4.9880719185e-01,-1.2976582527e+01,2.4567324219e+03
1248,4.9908068776e-01,-4.9878633022e-01,-8.6314764023e+00,2.4567033691e+03
1249,4.9955740571e-01,-4.9872609973e-01,-1.0664673805e+01,2.4566733398e+03
1250,4.9985715747e-01,-4.9858233333e-01,-6.0882010460e+00,2.4566425781e+03
1251,4.9998447299e-01,-4.9856185913e-01,-1.1412291527e+01,2.4566130371e+03
1252,5.0035560131e-01,-4.9844461679e-01,-8.7261743546e+00,2.4565854492e+03
1253,5.0050014257e-01,-4.9823561311e-01,-7.3073768616e+00,2.4565571289e+03
1254,5.0052726269e-01,-4.9817803502e-01,-8.9258155823e+00,2.4565275879e+03
1255,5.0055944920e-01,-4.9819651246e-01,-7.9218206406e+00,2.4564980469e+03
1256,5.0049966574e-01,-4.9811041355e-01,-8.3503217697e+00,2.4564702148e+03
1257,5.0051397085e-01,-4.9833339453e-01,-6.6818671227e+00,2.4564394531e+03
1258,5.0053131580e-01,-4.9852621555e-01,-1.0421522141e+01,2.4564096680e+03
1259,5.0040960312e-01,-4.9863609672e-01,-4.7097401619e+00,2.4563811035e+03
1260,5.0047242641e-01,-4.9866273999e-01,-1.1334467888e+01,2.4563520508e+03
1261,5.0024396181e-01,-4.9868145585e-01,-4.9026641846e+00,2.4563227539e+03
1262,5.0007402897e-01,-4.9857565761e-01,-1.3078576088e+01,2.4562917480e+03
1263,4.9978667498e-01,-4.9830549955e-01,-3.2798845768e+00,2.4562614746e+03
1264,4.9931514263e-01,-4.9808260798e-01,-1.3840652466e+01,2.4562314453e+03
1265,4.9886411428e-01,-4.9785166979e-01,-2.4315149784e+00,2.4562021484e+03
1266,4.9891173840e-01,-4.9740415812e-01,-1.6216241837e+01,2.4561735840e+03
1267,4.9895176291e-01,-4.9709743261e-01,-3.4871199131e+00,2.4561457520e+03
1268,4.9883049726e-01,-4.9710628390e-01,-1.1901140213e+01,2.4561176758e+03
1269,4.9906709790e-01,-4.9721130729e-01,-6.5247831345e+00,2.4560878906e+03
1270,4.9943006039e-01,-4.9733138084e-01,-1.1056671143e+01,2.4560590820e+03
1271,4.9973380566e-01,-4.9763467908e-01,-6.7135586739e+00,2.4560297852e+03
1272,5.0010180473e-01,-4.9754366279e-01,-9.0455551147e+00,2.4560014648e+03
1273,5.0015133619e-01,-4.9767470360e-01,-7.2937984467e+00,2.4559729004e+03
1274,5.0031471252e-01,-4.9743917584e-01,-9.3407516479e+00,2.4559448242e+03
1275,4.9994769692e-01,-4.9767333269e-01,-7.2538881302e+00,2.4559155273e+03
1276,4.9975904822e-01,-4.9727037549e-01,-9.3198652267e+00,2.4558850098e+03
1277,4.9943858385e-01,-4.9692940712e-01,-5.8491258621e+00,2.4558559570e+03
1278,4.9914321303e-01,-4.9669384956e-01,-1.2075542450e+01,2.4558276367e+03
1279,4.9897420406e-01,-4.9642613530e-01,-4.9236793518e+00,2.4557998047e+03
1280,4.9868056178e-01,-4.9659731984e-01,-1.1427147865e+01,2.4557705078e+03
1281,4.9888664484e-01,-4.9639204144e-01,-5.2636995316e+00,2.4557416992e+03
1282,4.9867749214e-01,-4.9683034420e-01,-1.2220459938e+01,2.4557106934e+03
1283,4.9904245138e-01,-4.9710360169e-01,-6.7839679718e+00,2.4556804199e+03
1284,4.9910482764e-01,-4.9752357602e-01,-1.2828386307e+01,2.4556503906e+03
1285,4.9935370684e-01,-4.9797317386e-01,-5.1880502701e+00,2.4556206055e+03
1286,4.9920541048e-01,-4.9863818288e-01,-1.0833891869e+01,2.4555917969e+03
1287,4.9938312173e-01,-4.9889576435e-01,-7.5292406082e+00,2.4555622559e+03
1288,4.9945339561e-01,-4.9893140793e-01,-1.2051005363e+01,2.4555329590e+03
1289,4.9910905957e-01,-4.9908721447e-01,-7.7142744064e+00,2.4555048828e+03
1290,4.9913400412e-01,-4.9879539013e-01,-9.6208753586e+00,2.4554765625e+03
1291,4.9864712358e-01,-4.9876499176e-01,-9.2269868851e+00,2.4554482422e+03
1292,4.9877795577e-01,-4.9815562367e-01,-8.7391653061e+00,2.4554204102e+03
1293,4.9844288826e-01,-4.9799856544e-01,-9.3563623428e+00,2.4553911133e+03
1294,4.9842992425e-01,-4.9790325761e-01,-8.4137411118e+00,2.4553615723e+03
1295,4.9842065573e-01,-4.9782109261e-01,-8.6029891968e+00,2.4553298340e+03
1296,4.9842762947e-01,-4.9779823422e-01,-7.6108474731e+00,2.4552990723e+03
1297,4.9868738651e-01,-4.9773412943e-01,-9.1449117661e+00,2.4552695312e+03
1298,4.9882444739e-01,-4.9788576365e-01,-8.9456224442e+00,2.4552399902e+03
1299,4.9886959791e-01,-4.9779891968e-01,-1.0100453377e+01,2.4552111816e+03
1300,4.9905410409e-01,-4.9751365185e-01,-6.8338823318e+00,2.4551828613e+03
1301,4.9912384152e-01,-4.9734079838e-01,-1.0176874161e+01,2.4551533203e+03
1302,4.9909096956e-01,-4.9704939127e-01,-6.5656590462e+00,2.4551220703e+03
1303,4.9909445643e-01,-4.9686524272e-01,-1.1927774429e+01,2.4550932617e+03
1304,4.9910607934e-01,-4.9674102664e-01,-6.2142357826e+00,2.4550651855e+03
1305,4.9910596013e-01,-4.9687704444e-01,-8.4538059235e+00,2.4550361328e+03
1306,4.9912565947e-01,-4.9701553583e-01,-8.5243387222e+00,2.4550080566e+03
1307,4.9944949150e-01,-4.9733573198e-01,-8.3617000580e+00,2.4549785156e+03
1308,4.9963372946e-01,-4.9757209420e-01,-7.3188681602e+00,2.4549489746e+03
1309,4.9978965521e-01,-4.9802908301e-01,-7.5993485451e+00,2.4549177246e+03
1310,4.9993854761e-01,-4.9822154641e-01,-6.1361961365e+00,2.4548854980e+03
1311,5.0000298023e-01,-4.9842306972e-01,-9.2620983124e+00,2.4548559570e+03
1312,4.9997106194e-01,-4.9838688970e-01,-6.7414283752e+00,2.4548298340e+03
1313,4.9961659312e-01,-4.9855789542e-01,-1.2633996964e+01,2.4548051758e+03
1314,4.9943608046e-01,-4.9841225147e-01,-9.9309110641e+00,2.4547788086e+03
1315,4.9917274714e-01,-4.9831247330e-01,-7.0256710052e+00,2.4547507324e+03
1316,4.9888786674e-01,-4.9813762307e-01,-1.1332344055e+01,2.4547197266e+03
1317,4.9875167012e-01,-4.9808040261e-01,-6.7794141769e+00,2.4546882324e+03
1318,4.9865609407e-01,-4.9798053503e-01,-1.0657011986e+01,2.4546577148e+03
1319,4.9873143435e-01,-4.9786183238e-01,-8.2627477646e+00,2.4546279297e+03
1320,4.9869412184e-01,-4.9787193537e-01,-7.7261886597e+00,2.4545998535e+03
1321,4.9883475900e-01,-4.9775242805e-01,-8.6575260162e+00,2.4545722656e+03
1322,4.9895119667e-01,-4.9809661508e-01,-6.9139723778e+00,2.4545424805e+03
1323,4.9918317795e-01,-4.9820536375e-01,-9.2380094528e+00,2.4545129395e+03
1324,4.9922868609e-01,-4.9838653207e-01,-5.6145639420e+00,2.4544824219e+03
1325,4.9948024750e-01,-4.9829569459e-01,-9.3592405319e+00,2.4544536133e+03
1326,4.9957641959e-01,-4.9840790033e-01,-8.6212377548e+00,2.4544243164e+03
1327,4.9953499436e-01,-4.9815618992e-01,-7.5001955032e+00,2.4543969727e+03
1328,4.9935895205e-01,-4.9810039997e-01,-1.0029027939e+01,2.4543696289e+03
1329,4.9912372231e-01,-4.9762952328e-01,-8.0506744385e+00,2.4543413086e+03
1330,4.9879419804e-01,-4.9757859111e-01,-1.1041714668e+01,2.4543129883e+03
1331,4.9879261851e-01,-4.9732044339e-01,-7.9490032196e+00,2.4542834473e+03
1332,4.9874478579e-01,-4.9741306901e-01,-9.2632904053e+00,2.4542531738e+03
1333,4.9866113067e-01,-4.9749684334e-01,-1.2657319069e+01,2.4542248535e+03
1334,4.9859693646e-01,-4.9765405059e-01,-6.9592585564e+00,2.4541965332e+03
1335,4.9879372120e-01,-4.9783951044e-01,-1.3670162201e+01,2.4541677246e+03
1336,4.9890109897e-01,-4.9805641174e-01,-5.0386314392e+00,2.4541386719e+03
1337,4.9904668331e-01,-4.9827265739e-01,-1.2602846146e+01,2.4541088867e+03
1338,4.9897882342e-01,-4.9831035733e-01,-3.3998236656e+00,2.4540791016e+03
1339,4.9913230538e-01,-4.9827060103e-01,-1.3953181267e+01,2.4540488281e+03
1340,4.9893340468e-01,-4.9806103110e-01,-2.2738740444e+00,2.4540202637e+03
1341,4.9878630042e-01,-4.9795565009e-01,-1.0823239326e+01,2.4539907227e+03
1342,4.9873372912e-01,-4.9753051996e-01,-8.2301263809e+00,2.4539616699e+03
1343,4.9841743708e-01,-4.9717634916e-01,-8.1277179718e+00,2.4539323730e+03
1344,4.9845328927e-01,-4.9671599269e-01,-6.8163995743e+00,2.4539047852e+03
1345,4.9838587642e-01,-4.9646261334e-01,-8.3930215836e+00,2.4538757324e+03
1346,4.9859970808e-01,-4.9655094743e-01,-9.8340873718e+00,2.4538442383e+03
1347,4.9892479181e-01,-4.9648874998e-01,-8.5710411072e+00,2.4538149414e+03
1348,4.9915170670e-01,-4.9679467082e-01,-8.6239585876e+00,2.4537858887e+03
1349,4.9953103065e-01,-4.9710464478e-01,-1.2581423759e+01,2.4537558594e+03
1350,4.9975240231e-01,-4.9748122692e-01,-6.5030131340e+00,2.4537270508e+03
1351,5.0003480911e-01,-4.9790221453e-01,-1.2768569946e+01,2.4536977539e+03
1352,5.0006264448e-01,-4.9821650982e-01,-2.9851343632e+00,2.4536684570e+03
1353,5.0006121397e-01,-4.9844479561e-01,-1.5515840530e+01,2.4536391602e+03
1354,5.0001657009e-01,-4.9862515926e-01,-5.5538678169e+00,2.4536098633e+03
1355,4.9958187342e-01,-4.9889293313e-01,-1.0798083305e+01,2.4535815430e+03
1356,4.9940425158e-01,-4.9901908636e-01,-6.4252309799e+00,2.4535546875e+03
1357,4.9891540408e-01,-4.9916097522e-01,-1.1177669525e+01,2.4535273438e+03
1358,4.9859654903e-01,-4.9917438626e-01,-5.2248392105e+00,2.4534990234e+03
1359,4.9837794900e-01,-4.9909505248e-01,-1.0804374695e+01,2.4534682617e+03
1360,4.9813964963e-01,-4.9904415011e-01,-4.3976268768e+00,2.4534365234e+03
1361,4.9794724584e-01,-4.9878785014e-01,-1.3417868614e+01,2.4534047852e+03
1362,4.9787035584e-01,-4.9861782789e-01,-2.1087200642e+00,2.4533752441e+03
1363,4.9765604734e-01,-4.9838417768e-01,-1.7650802612e+01,2.4533474121e+03
1364,4.9782937765e-01,-4.9794536829e-01,-5.3570427895e+00,2.4533190918e+03
1365,4.9777567387e-01,-4.9789544940e-01,-9.6325855255e+00,2.4532907715e+03
1366,4.9789065123e-01,-4.9798053503e-01,-8.2107353210e+00,2.4532602539e+03
1367,4.9822440743e-01,-4.9794185162e-01,-1.0243087769e+01,2.4532309570e+03
1368,4.9834245443e-01,-4.9814245105e-01,-9.3369016647e+00,2.4532009277e+03
1369,4.9870172143e-01,-4.9823305011e-01,-1.0101731300e+01,2.4531723633e+03
1370,4.9872767925e-01,-4.9840506911e-01,-9.0273151398e+00,2.4531437988e+03
1371,4.9903148413e-01,-4.9835267663e-01,-9.7252397537e+00,2.4531159668e+03
1372,4.9908292294e-01,-4.9832838774e-01,-7.8472256660e+00,2.4530871582e+03
1373,4.9898558855e-01,-4.9825543165e-01,-8.2888793945e+00,2.4530571289e+03
1374,4.9880886078e-01,-4.9820610881e-01,-7.6087813377e+00,2.4530268555e+03
1375,4.9872228503e-01,-4.9832049012e-01,-9.4663085938e+00,2.4529987793e+03
1376,4.9867212772e-01,-4.9826410413e-01,-8.3368816376e+00,2.4529694824e+03
1377,4.9856278300e-01,-4.9821904302e-01,-7.4512786865e+00,2.4529414062e+03
1378,4.9863967299e-01,-4.9799057841e-01,-7.1436834335e+00,2.4529111328e+03
1379,4.9857208133e-01,-4.9817043543e-01,-8.4128551483e+00,2.4528791504e+03
1380,4.9871778488e-01,-4.9793502688e-01,-9.1567955017e+00,2.4528471680e+03
1381,4.9869373441e-01,-4.9789759517e-01,-7.4397211075e+00,2.4528166504e+03
1382,4.9867984653e-01,-4.9810194969e-01,-1.0879185677e+01,2.4527875977e+03
1383,4.9886110425e-01,-4.9826487899e-01,-9.7963695526e+00,2.4527578125e+03
1384,4.9903663993e-01,-4.9849671125e-01,-8.9693393707e+00,2.4527280273e+03
1385,4.9892193079e-01,-4.9864408374e-01,-1.0545724869e+01,2.4526965332e+03
1386,4.9879908562e-01,-4.9867114425e-01,-9.4468917847e+00,2.4526640625e+03
1387,4.9886715412e-01,-4.9859595299e-01,-1.0298796654e+01,2.4526333008e+03
1388,4.9876081944e-01,-4.9853613973e-01,-9.5054302216e+00,2.4526030273e+03
1389,4.9848860502e-01,-4.9828448892e-01,-1.0397194862e+01,2.4525749512e+03
1390,4.9826878309e-01,-4.9787503481e-01,-7.3427915573e+00,2.4525471191e+03
1391,4.9806982279e-01,-4.9750837684e-01,-1.0716533661e+01,2.4525183105e+03
1392,4.9790528417e-01,-4.9716120958e-01,-7.2897801399e+00,2.4524887695e+03
1393,4.9765780568e-01,-4.9707940221e-01,-9.2918138504e+00,2.4524584961e+03
1394,4.9750888348e-01,-4.9708613753e-01,-8.9235019684e+00,2.4524284668e+03
1395,4.9763953686e-01,-4.9706956744e-01,-7.1232585907e+00,2.4523999023e+03
1396,4.9795439839e-01,-4.9707159400e-01,-7.8525490761e+00,2.4523703613e+03
1397,4.9830356240e-01,-4.9733552337e-01,-8.8631353378e+00,2.4523417969e+03
1398,4.9868682027e-01,-4.9739190936e-01,-7.5104694366e+00,2.4523120117e+03
1399,4.9911749363e-01,-4.9750685692e-01,-9.7714853287e+00,2.4522819824e+03
1400,4.9937343597e-01,-4.9758195877e-01,-9.1163272858e+00,2.4522519531e+03
1401,4.9954950809e-01,-4.9779400229e-01,-7.5621166229e+00,2.4522226562e+03
1402,4.9972227216e-01,-4.9781197309e-01,-9.5042352676e+00,2.4521914062e+03
1403,4.9961701035e-01,-4.9799200892e-01,-8.3717098236e+00,2.4521608887e+03
1404,4.9958989024e-01,-4.9789956212e-01,-8.2614583969e+00,2.4521306152e+03
1405,4.9949061871e-01,-4.9803274870e-01,-8.5969028473e+00,2.4520986328e+03
1406,4.9934020638e-01,-4.9808225036e-01,-9.2403869629e+00,2.4520678711e+03
1407,4.9917295575e-01,-4.9796241522e-01,-1.0657999039e+01,2.4520385742e+03
1408,4.9886575341e-01,-4.9780026078e-01,-1.0461074829e+01,2.4520078125e+03
1409,4.9845510721e-01,-4.9774798751e-01,-1.1070317268e+01,2.4519792480e+03
1410,4.9835908413e-01,-4.9735388160e-01,-9.0463514328e+00,2.4519494629e+03
1411,4.9816936255e-01,-4.9727642536e-01,-8.1573543549e+00,2.4519204102e+03
1412,4.9792939425e-01,-4.9739056826e-01,-9.9232397079e+00,2.4518908691e+03
1413,4.9793830514e-01,-4.9722123146e-01,-7.1955242157e+00,2.4518630371e+03
1414,4.9787181616e-01,-4.9738979340e-01,-1.2672134399e+01,2.4518334961e+03
1415,4.9790662527e-01,-4.9725770950e-01,-6.6931872368e+00,2.4518032227e+03
1416,4.9785947800e-01,-4.9750548601e-01,-1.0840631485e+01,2.4517700195e+03
1417,4.9818167090e-01,-4.9741083384e-01,-5.3673725128e+00,2.4517375488e+03
1418,4.9838024378e-01,-4.9762377143e-01,-9.1831941605e+00,2.4517050781e+03
1419,4.9861866236e-01,-4.9784305692e-01,-7.1395678520e+00,2.4516752930e+03
1420,4.9873241782e-01,-4.9805286527e-01,-8.6474914551e+00,2.4516469727e+03
1421,4.9882149696e-01,-4.9825191498e-01,-6.5731787682e+00,2.4516203613e+03
1422,4.9889621139e-01,-4.9815943837e-01,-9.4957551956e+00,2.4515922852e+03
1423,4.9875044823e-01,-4.9835991859e-01,-6.5816946030e+00,2.4515644531e+03
1424,4.9873816967e-01,-4.9840775132e-01,-1.1767183304e+01,2.4515324707e+03
1425,4.9869269133e-01,-4.9860900640e-01,-7.1454792023e+00,2.4514985352e+03
1426,4.9842351675e-01,-4.9899366498e-01,-7.3781824112e+00,2.4514665527e+03
1427,4.9833706021e-01,-4.9921834469e-01,-8.3783445358e+00,2.4514353027e+03
1428,4.9801251292e-01,-4.9951621890e-01,-8.2816858292e+00,2.4514042969e+03
1429,4.9773964286e-01,-4.9942964315e-01,-9.3342037201e+00,2.4513752441e+03
1430,4.9745410681e-01,-4.9933603406e-01,-8.7335405350e+00,2.4513464355e+03
1431,4.9721431732e-01,-4.9908670783e-01,-1.0262910843e+01,2.4513154297e+03
1432,4.9715599418e-01,-4.9873214960e-01,-7.3304958344e+00,2.4512849121e+03
1433,4.9681949615e-01,-4.9839630723e-01,-8.8433046341e+00,2.4512541504e+03
1434,4.9673828483e-01,-4.9802410603e-01,-9.4643840790e+00,2.4512226562e+03
1435,4.9698910117e-01,-4.9763762951e-01,-1.0274266243e+01,2.4511901855e+03
1436,4.9709436297e-01,-4.9735772610e-01,-1.0206963539e+01,2.4511586914e+03
1437,4.9743142724e-01,-4.9731394649e-01,-1.1345002174e+01,2.4511274414e+03
1438,4.9777844548e-01,-4.9712914228e-01,-7.8045339584e+00,2.4510976562e+03
1439,4.9821901321e-01,-4.9695205688e-01,-1.0387792587e+01,2.4510686035e+03
1440,4.9866873026e-01,-4.9697956443e-01,-5.9167852402e+00,2.4510388184e+03
1441,4.9894294143e-01,-4.9718263745e-01,-1.2112671852e+01,2.4510100098e+03
1442,4.9908834696e-01,-4.9715200067e-01,-6.4849252701e+00,2.4509807129e+03
1443,4.9910911918e-01,-4.9724707007e-01,-1.3007925034e+01,2.4509499512e+03
1444,4.9900829792e-01,-4.9732318521e-01,-3.6228635311e+00,2.4509191895e+03
1445,4.9881553650e-01,-4.9734857678e-01,-1.0862989426e+01,2.4508891602e+03
1446,4.9878650904e-01,-4.9733030796e-01,-8.6606426239e+00,2.4508588867e+03
1447,4.9874055386e-01,-4.9731370807e-01,-1.0158273697e+01,2.4508266602e+03
1448,4.9870505929e-01,-4.9753820896e-01,-8.0105276108e+00,2.4507944336e+03
1449,4.9868577719e-01,-4.9769130349e-01,-9.2009820938e+00,2.4507634277e+03
1450,4.9872294068e-01,-4.9788928032e-01,-7.6378631592e+00,2.4507307129e+03
1451,4.9873906374e-01,-4.9799212813e-01,-7.8421888351e+00,2.4506994629e+03
1452,4.9884402752e-01,-4.9810287356e-01,-1.0171113968e+01,2.4506694336e+03
1453,4.9883592129e-01,-4.9802923203e-01,-8.1023721695e+00,2.4506389160e+03
1454,4.9857822061e-01,-4.9839296937e-01,-1.0072250366e+01,2.4506076660e+03
1455,4.9868398905e-01,-4.9818232656e-01,-7.2978849411e+00,2.4505764160e+03
1456,4.9868771434e-01,-4.9830916524e-01,-9.2693824768e+00,2.4505439453e+03
1457,4.9862512946e-01,-4.9815639853e-01,-9.1733102798e+00,2.4505139160e+03
1458,4.9853011966e-01,-4.9832686782e-01,-9.3788194656e+00,2.4504851074e+03
1459,4.9832579494e-01,-4.9846577644e-01,-1.1846469879e+01,2.4504575195e+03
1460,4.9836912751e-01,-4.9840858579e-01,-6.3059301376e+00,2.4504291992e+03
1461,4.9802532792e-01,-4.9855268002e-01,-1.3173411369e+01,2.4503994141e+03
1462,4.9799343944e-01,-4.9803787470e-01,-5.8262267113e+00,2.4503679199e+03
1463,4.9784821272e-01,-4.9793693423e-01,-1.1134409904e+01,2.4503361816e+03
1464,4.9790015817e-01,-4.9760630727e-01,-5.9491319656e+00,2.4503046875e+03
1465,4.9766352773e-01,-4.9712291360e-01,-1.1575861931e+01,2.4502727051e+03
1466,4.9755647779e-01,-4.9677321315e-01,-4.8756542206e+00,2.4502397461e+03
1467,4.9752917886e-01,-4.9630585313e-01,-1.0731575966e+01,2.4502089844e+03
1468,4.9772775173e-01,-4.9604788423e-01,-7.9903001785e+00,2.4501784668e+03
1469,4.9783250690e-01,-4.9603709579e-01,-7.2937884331e+00,2.4501472168e+03
1470,4.9807789922e-01,-4.9621453881e-01,-7.8293008804e+00,2.4501159668e+03
1471,4.9839109182e-01,-4.9651792645e-01,-8.5079984665e+00,2.4500876465e+03
1472,4.9865451455e-01,-4.9698036909e-01,-9.0719823837e+00,2.4500578613e+03
1473,4.9910196662e-01,-4.9744534492e-01,-9.3854694366e+00,2.4500270996e+03
1474,4.9897596240e-01,-4.9814784527e-01,-9.6315050125e+00,2.4499948730e+03
1475,4.9897754192e-01,-4.9824121594e-01,-9.4190597534e+00,2.4499636230e+03
1476,4.9861192703e-01,-4.9846839905e-01,-7.1777591705e+00,2.4499326172e+03
1477,4.9832594395e-01,-4.9821993709e-01,-1.0575962067e+01,2.4499018555e+03
1478,4.9784335494e-01,-4.9811285734e-01,-6.7598271370e+00,2.4498728027e+03
1479,4.9723306298e-01,-4.9790975451e-01,-1.1876620293e+01,2.4498422852e+03
1480,4.9677422643e-01,-4.9763315916e-01,-6.7682147026e+00,2.4498125000e+03
1481,4.9676492810e-01,-4.9737611413e-01,-1.2101905823e+01,2.4497812500e+03
1482,4.9674075842e-01,-4.9734470248e-01,-5.7430515289e+00,2.4497492676e+03
1483,4.9692672491e-01,-4.9744904041e-01,-9.9760379791e+00,2.4497192383e+03
1484,4.9737328291e-01,-4.9750986695e-01,-5.5865592957e+00,2.4496899414e+03
1485,4.9784266949e-01,-4.9771437049e-01,-1.1659595490e+01,2.4496599121e+03
1486,4.9829292297e-01,-4.9800443649e-01,-6.4568686485e+00,2.4496303711e+03
1487,4.9868267775e-01,-4.9830654263e-01,-1.2425087929e+01,2.4495988770e+03
1488,4.9889865518e-01,-4.9864149094e-01,-5.0996055603e+00,2.4495678711e+03
1489,4.9906441569e-01,-4.9864009023e-01,-1.3933208466e+01,2.4495358887e+03
1490,4.9915552139e-01,-4.9877822399e-01,-6.1740922928e+00,2.4495046387e+03
1491,4.9895322323e-01,-4.9882957339e-01,-1.1001099586e+01,2.4494726562e+03
1492,4.9884569645e-01,-4.9854370952e-01,-6.7619585991e+00,2.4494409180e+03
1493,4.9849930406e-01,-4.9840372801e-01,-9.9068717957e+00,2.4494096680e+03
1494,4.9826034904e-01,-4.9824169278e-01,-6.2484092712e+00,2.4493791504e+03
1495,4.9812677503e-01,-4.9803966284e-01,-1.1766483307e+01,2.4493481445e+03
1496,4.9792987108e-01,-4.9787244201e-01,-5.3333234787e+00,2.4493193359e+03
1497,4.9777469039e-01,-4.9765500426e-01,-1.5102128983e+01,2.4492895508e+03
1498,4.9796122313e-01,-4.9753400683e-01,-2.7297823429e+00,2.4492607422e+03
1499,4.9785006046e-01,-4.9742475152e-01,-1.6132413864e+01,2.4492294922e+03
1500,4.9793511629e-01,-4.9718654156e-01,-6.7027983665e+00,2.4491984863e+03
1501,4.9777656794e-01,-4.9720504880e-01,-6.3337469101e+00,2.4491665039e+03
1502,4.9781045318e-01,-4.9707368016e-01,-9.1047019958e+00,2.4491333008e+03
1503,4.9771958590e-01,-4.9738216400e-01,-6.6442179680e+00,2.4491022949e+03
1504,4.9778208137e-01,-4.9739590287e-01,-1.0686824799e+01,2.4490727539e+03
1505,4.9759042263e-01,-4.9762424827e-01,-4.8791375160e+00,2.4490419922e+03
1506,4.9770164490e-01,-4.9762010574e-01,-1.1227615356e+01,2.4490100098e+03
1507,4.9789509177e-01,-4.9736246467e-01,-9.0246820450e+00,2.4489772949e+03
1508,4.9772775173e-01,-4.9736759067e-01,-1.2509465218e+01,2.4489431152e+03
1509,4.9760651588e-01,-4.9690714478e-01,-6.9658808708e+00,2.4489104004e+03
1510,4.9747103453e-01,-4.9667996168e-01,-1.1247480392e+01,2.4488791504e+03
1511,4.9743714929e-01,-4.9642488360e-01,-8.7557954788e+00,2.4488503418e+03
1512,4.9749189615e-01,-4.9644684792e-01,-8.2243499756e+00,2.4488203125e+03
1513,4.9748194218e-01,-4.9647116661e-01,-1.0653798103e+01,2.4487893066e+03
1514,4.9777597189e-01,-4.9631202221e-01,-7.2889089584e+00,2.4487558594e+03
1515,4.9810463190e-01,-4.9659341574e-01,-8.9507188797e+00,2.4487226562e+03
1516,4.9829718471e-01,-4.9701961875e-01,-7.6393051147e+00,2.4486909180e+03
1517,4.9857243896e-01,-4.9742463231e-01,-8.4950046539e+00,2.4486599121e+03
1518,4.9870613217e-01,-4.9800813198e-01,-6.5909690857e+00,2.4486301270e+03
1519,4.9863633513e-01,-4.9837228656e-01,-8.7995557785e+00,2.4486010742e+03
1520,4.9864730239e-01,-4.9868005514e-01,-8.1922130585e+00,2.4485698242e+03
1521,4.9839937687e-01,-4.9893090129e-01,-9.7504596710e+00,2.4485378418e+03
1522,4.9781465530e-01,-4.9910348654e-01,-9.7097396851e+00,2.4485046387e+03
1523,4.9747383595e-01,-4.9881663918e-01,-9.7486200333e+00,2.4484738770e+03
1524,4.9672633410e-01,-4.9851518869e-01,-7.4688882828e+00,2.4484438477e+03
1525,4.9630659819e-01,-4.9816381931e-01,-9.5099124908e+00,2.4484167480e+03
1526,4.9602693319e-01,-4.9803319573e-01,-7.7932047844e+00,2.4483886719e+03
1527,4.9558132887e-01,-4.9790230393e-01,-9.3336706161e+00,2.4483601074e+03
1528,4.9557593465e-01,-4.9764838815e-01,-7.9778141975e+00,2.4483281250e+03
1529,4.9575480819e-01,-4.9748906493e-01,-1.1422086716e+01,2.4482963867e+03
1530,4.9601835012e-01,-4.9740213156e-01,-8.5716991425e+00,2.4482612305e+03
1531,4.9638369679e-01,-4.9732074142e-01,-1.0077162743e+01,2.4482277832e+03
1532,4.9660733342e-01,-4.9724215269e-01,-8.1138000488e+00,2.4481960449e+03
1533,4.9715846777e-01,-4.9718964100e-01,-1.0751980782e+01,2.4481662598e+03
1534,4.9746924639e-01,-4.9730381370e-01,-5.5648326874e+00,2.4481359863e+03
1535,4.9787136912e-01,-4.9758517742e-01,-9.6707630157e+00,2.4481057129e+03
1536,4.9803122878e-01,-4.9790528417e-01,-8.8436031342e+00,2.4480739746e+03
1537,4.9815315008e-01,-4.9830803275e-01,-9.9455184937e+00,2.4480417480e+03
1538,4.9825114012e-01,-4.9874499440e-01,-7.4761581421e+00,2.4480104980e+03
1539,4.9824571609e-01,-4.9929121137e-01,-9.5725612640e+00,2.4479787598e+03
1540,4.9814608693e-01,-4.9945551157e-01,-6.2546653748e+00,2.4479467773e+03
1541,4.9800318480e-01,-4.9971762300e-01,-1.0771842957e+01,2.4479145508e+03
1542,4.9761161208e-01,-5.0016736984e-01,-6.0106287003e+00,2.4478818359e+03
1543,4.9735456705e-01,-5.0036466122e-01,-1.3528909683e+01,2.4478500977e+03
1544,4.9691563845e-01,-5.0072056055e-01,-7.6167006493e+00,2.4478176270e+03
1545,4.9636524916e-01,-5.0086629391e-01,-8.1821222305e+00,2.4477868652e+03
1546,4.9598211050e-01,-5.0061994791e-01,-9.0423221588e+00,2.4477568359e+03
1547,4.9579134583e-01,-5.0039267540e-01,-8.1204652786e+00,2.4477263184e+03
1548,4.9541512132e-01,-5.0003260374e-01,-1.0760127068e+01,2.4476940918e+03
1549,4.9538022280e-01,-4.9933382869e-01,-6.6763458252e+00,2.4476591797e+03
1550,4.9506688118e-01,-4.9881243706e-01,-1.1458105087e+01,2.4476257324e+03
1551,4.9508723617e-01,-4.9788069725e-01,-4.5825195312e+00,2.4475925293e+03
1552,4.9510431290e-01,-4.9733704329e-01,-1.3643697739e+01,2.4475620117e+03
1553,4.9556079507e-01,-4.9647158384e-01,-2.1145973206e+00,2.4475329590e+03
1554,4.9585315585e-01,-4.9620738626e-01,-1.8324956894e+01,2.4475029297e+03
1555,4.9645635486e-01,-4.9582734704e-01,-6.6096501350e+00,2.4474726562e+03
1556,4.9695667624e-01,-4.9584376812e-01,-6.6212053299e+00,2.4474406738e+03
1557,4.9785500765e-01,-4.9586707354e-01,-1.0701150894e+01,2.4474089355e+03
1558,4.9839419127e-01,-4.9621844292e-01,-6.1103949547e+00,2.4473771973e+03
1559,4.9884095788e-01,-4.9668216705e-01,-1.1375826836e+01,2.4473454590e+03
1560,4.9940571189e-01,-4.9688848853e-01,-8.1131086349e+00,2.4473149414e+03
1561,4.9961438775e-01,-4.9735999107e-01,-1.0676604271e+01,2.4472849121e+03
1562,4.9964627624e-01,-4.9738523364e-01,-6.4348316193e+00,2.4472536621e+03
1563,4.9941524863e-01,-4.9727749825e-01,-1.1851923943e+01,2.4472231445e+03
1564,4.9896600842e-01,-4.9699583650e-01,-3.2653269768e+00,2.4471914062e+03
1565,4.9832636118e-01,-4.9678471684e-01,-1.0975524902e+01,2.4471601562e+03
1566,4.9791491032e-01,-4.9617889524e-01,-9.5371427536e+00,2.4471296387e+03
1567,4.9726891518e-01,-4.9586483836e-01,-8.6799964905e+00,2.4470981445e+03
1568,4.9691444635e-01,-4.9549463391e-01,-7.2805452347e+00,2.4470673828e+03
1569,4.9652323127e-01,-4.9543216825e-01,-1.1906054497e+01,2.4470351562e+03
1570,4.9638348818e-01,-4.9541401863e-01,-7.0839419365e+00,2.4470036621e+03
1571,4.9646762013e-01,-4.9567738175e-01,-1.3567636490e+01,2.4469731445e+03
1572,4.9679568410e-01,-4.9605035782e-01,-2.9756853580e+00,2.4469428711e+03
1573,4.9711909890e-01,-4.9643573165e-01,-1.5965053558e+01,2.4469138184e+03
1574,4.9724167585e-01,-4.9674779177e-01,-7.2249584198e+00,2.4468828125e+03
1575,4.9714761972e-01,-4.9711745977e-01,-7.6955566406e+00,2.4468530273e+03
1576,4.9715501070e-01,-4.9732747674e-01,-8.9565706253e+00,2.4468227539e+03
1577,4.9697750807e-01,-4.9769645929e-01,-7.7063088417e+00,2.4467915039e+03
1578,4.9667462707e-01,-4.9789813161e-01,-8.1271047592e+00,2.4467597656e+03
1579,4.9634692073e-01,-4.9800992012e-01,-8.0946855545e+00,2.4467280273e+03
1580,4.9599027634e-01,-4.9848675728e-01,-7.7595052719e+00,2.4466979980e+03
1581,4.9588945508e-01,-4.9876317382e-01,-8.6296415329e+00,2.4466674805e+03
1582,4.9601897597e-01,-4.9896040559e-01,-5.3200097084e+00,2.4466379395e+03
1583,4.9582600594e-01,-4.9915283918e-01,-1.1174392700e+01,2.4466052246e+03
1584,4.9594742060e-01,-4.9915316701e-01,-8.0849027634e+00,2.4465734863e+03
1585,4.9582457542e-01,-4.9940228462e-01,-8.2660045624e+00,2.4465415039e+03
1586,4.9599990249e-01,-4.9923589826e-01,-9.4542846680e+00,2.4465104980e+03
1587,4.9588763714e-01,-4.9907907844e-01,-1.0456935883e+01,2.4464787598e+03
1588,4.9595350027e-01,-4.9883574247e-01,-9.9437751770e+00,2.4464479980e+03
1589,4.9603405595e-01,-4.9857279658e-01,-1.0605048180e+01,2.4464160156e+03
1590,4.9613493681e-01,-4.9827623367e-01,-8.4491205215e+00,2.4463859863e+03
1591,4.9630764127e-01,-4.9775889516e-01,-8.8361215591e+00,2.4463549805e+03
1592,4.9629011750e-01,-4.9728769064e-01,-1.0460278511e+01,2.4463239746e+03
1593,4.9653220177e-01,-4.9670606852e-01,-7.9219627380e+00,2.4462939453e+03
1594,4.9679937959e-01,-4.9623367190e-01,-7.7314209938e+00,2.4462641602e+03
1595,4.9693977833e-01,-4.9605953693e-01,-9.2456741333e+00,2.4462351074e+03
1596,4.9721264839e-01,-4.9596881866e-01,-5.9113073349e+00,2.4462041016e+03
1597,4.9730765820e-01,-4.9628666043e-01,-1.1034950256e+01,2.4461738281e+03
1598,4.9766570330e-01,-4.9647429585e-01,-6.0227198601e+00,2.4461435547e+03
1599,4.9784880877e-01,-4.9698176980e-01,-1.1872600555e+01,2.4461113281e+03
1600,4.9825164676e-01,-4.9699825048e-01,-7.1776418686e+00,2.4460795898e+03
1601,4.9808642268e-01,-4.9720707536e-01,-7.4174971581e+00,2.4460473633e+03
1602,4.9812912941e-01,-4.9716022611e-01,-7.0292081833e+00,2.4460146484e+03
1603,4.9769142270e-01,-4.9744078517e-01,-1.0709420204e+01,2.4459819336e+03
1604,4.9723336101e-01,-4.9723631144e-01,-6.4329586029e+00,2.4459506836e+03
1605,4.9664771557e-01,-4.9722036719e-01,-1.2513574600e+01,2.4459191895e+03
1606,4.9637827277e-01,-4.9682202935e-01,-4.6817116737e+00,2.4458898926e+03
1607,4.9600684643e-01,-4.9696028233e-01,-1.4158690453e+01,2.4458598633e+03
1608,4.9594169855e-01,-4.9698194861e-01,-9.5986576080e+00,2.4458298340e+03
1609,4.9588906765e-01,-4.9720486999e-01,-6.6213364601e+00,2.4457978516e+03
1610,4.9605381489e-01,-4.9729186296e-01,-1.0429793358e+01,2.4457666016e+03
1611,4.9617874622e-01,-4.9761408567e-01,-7.4133014679e+00,2.4457363281e+03
1612,4.9655431509e-01,-4.9779683352e-01,-1.0804153442e+01,2.4457055664e+03
1613,4.9646249413e-01,-4.9790507555e-01,-4.0355710983e+00,2.4456733398e+03
1614,4.9643483758e-01,-4.9827992916e-01,-1.1793223381e+01,2.4456420898e+03
1615,4.9645060301e-01,-4.9825704098e-01,-9.6148452759e+00,2.4456093750e+03
1616,4.9611699581e-01,-4.9831050634e-01,-9.2101278305e+00,2.4455761719e+03
1617,4.9604380131e-01,-4.9814355373e-01,-8.8157377243e+00,2.4455424805e+03
1618,4.9582371116e-01,-4.9805942178e-01,-7.8147792816e+00,2.4455100098e+03
1619,4.9574723840e-01,-4.9809363484e-01,-9.7746639252e+00,2.4454787598e+03
1620,4.9581557512e-01,-4.9790808558e-01,-8.2602834702e+00,2.4454492188e+03
1621,4.9585184455e-01,-4.9783977866e-01,-8.0180883408e+00,2.4454199219e+03
1622,4.9593612552e-01,-4.9776932597e-01,-1.0008699417e+01,2.4453906250e+03
1623,4.9609878659e-01,-4.9784743786e-01,-5.7316908836e+00,2.4453583984e+03
1624,4.9611505866e-01,-4.9758034945e-01,-1.0889999390e+01,2.4453264160e+03
1625,4.9611014128e-01,-4.9754986167e-01,-8.8571882248e+00,2.4452951660e+03
1626,4.9596622586e-01,-4.9736997485e-01,-7.0578522682e+00,2.4452619629e+03
1627,4.9622878432e-01,-4.9685046077e-01,-8.2695055008e+00,2.4452285156e+03
1628,4.9607044458e-01,-4.9667003751e-01,-8.2140817642e+00,2.4451965332e+03
1629,4.9621194601e-01,-4.9628758430e-01,-1.0129099846e+01,2.4451662598e+03
1630,4.9625840783e-01,-4.9610644579e-01,-9.9155178070e+00,2.4451347656e+03
1631,4.9625793099e-01,-4.9610564113e-01,-9.3331623077e+00,2.4451037598e+03
1632,4.9652817845e-01,-4.9631467462e-01,-8.0225973129e+00,2.4450717773e+03
1633,4.9663034081e-01,-4.9655574560e-01,-9.5155096054e+00,2.4450400391e+03
1634,4.9685990810e-01,-4.9692356586e-01,-9.3398180008e+00,2.4450080566e+03
1635,4.9710455537e-01,-4.9729076028e-01,-9.2458114624e+00,2.4449765625e+03
1636,4.9746346474e-01,-4.9750983715e-01,-7.6667814255e+00,2.4449448242e+03
1637,4.9742808938e-01,-4.9774673581e-01,-1.0536837578e+01,2.4449128418e+03
1638,4.9736130238e-01,-4.9793627858e-01,-8.9212303162e+00,2.4448798828e+03
1639,4.9716523290e-01,-4.9816548824e-01,-7.9008903503e+00,2.4448471680e+03
1640,4.9698531628e-01,-4.9836874008e-01,-9.7775831223e+00,2.4448139648e+03
1641,4.9672183394e-01,-4.9840828776e-01,-7.3107714653e+00,2.4447822266e+03
1642,4.9653702974e-01,-4.9853688478e-01,-8.5136642456e+00,2.4447504883e+03
1643,4.9639663100e-01,-4.9841809273e-01,-6.5711011887e+00,2.4447204590e+03
1644,4.9626368284e-01,-4.9854618311e-01,-1.0425438881e+01,2.4446892090e+03
1645,4.9623054266e-01,-4.9816572666e-01,-6.2197852135e+00,2.4446569824e+03
1646,4.9593380094e-01,-4.9779000878e-01,-9.7574157715e+00,2.4446220703e+03
1647,4.9589562416e-01,-4.9722892046e-01,-1.0501307487e+01,2.4445878906e+03
1648,4.9584269524e-01,-4.9681952596e-01,-6.9098010063e+00,2.4445549316e+03
1649,4.9543645978e-01,-4.9623543024e-01,-1.0535140038e+01,2.4445231934e+03
1650,4.9537816644e-01,-4.9592339993e-01,-6.8347921371e+00,2.4444924316e+03
1651,4.9546793103e-01,-4.9576398730e-01,-1.0361267090e+01,2.4444641113e+03
1652,4.9560463428e-01,-4.9577933550e-01,-7.9663324356e+00,2.4444345703e+03
1653,4.9585390091e-01,-4.9586209655e-01,-1.0009179115e+01,2.4444030762e+03
1654,4.9588674307e-01,-4.9633890390e-01,-8.1929817200e+00,2.4443706055e+03
1655,4.9620282650e-01,-4.9663046002e-01,-1.0445615768e+01,2.4443374023e+03
1656,4.9640247226e-01,-4.9685120583e-01,-6.4320621490e+00,2.4443056641e+03
1657,4.9664574862e-01,-4.9723520875e-01,-9.9116640091e+00,2.4442749023e+03
1658,4.9649983644e-01,-4.9748232961e-01,-6.8097968102e+00,2.4442441406e+03
1659,4.9657824636e-01,-4.9761822820e-01,-9.7893428802e+00,2.4442150879e+03
1660,4.9620360136e-01,-4.9772486091e-01,-6.6541676521e+00,2.4441860352e+03
1661,4.9601882696e-01,-4.9770647287e-01,-9.5399169922e+00,2.4441564941e+03
1662,4.9581229687e-01,-4.9761605263e-01,-4.5919280052e+00,2.4441245117e+03
1663,4.9571919441e-01,-4.9754363298e-01,-1.2556971550e+01,2.4440927734e+03
1664,4.9587512016e-01,-4.9763697386e-01,-3.6657958031e+00,2.4440612793e+03
1665,4.9576860666e-01,-4.9782007933e-01,-1.2248415947e+01,2.4440285645e+03
1666,4.9607098103e-01,-4.9813205004e-01,-4.4164514542e+00,2.4439960938e+03
1667,4.9613976479e-01,-4.9835672975e-01,-1.2853140831e+01,2.4439658203e+03
1668,4.9654272199e-01,-4.9858248234e-01,-3.6196317673e+00,2.4439335938e+03
1669,4.9659654498e-01,-4.9871999025e-01,-1.4478426933e+01,2.4439013672e+03
1670,4.9653270841e-01,-4.9884316325e-01,-3.7720851898e+00,2.4438686523e+03
1671,4.9616730213e-01,-4.9887013435e-01,-1.2713630676e+01,2.4438361816e+03
1672,4.9595707655e-01,-4.9852034450e-01,-6.4444203377e+00,2.4438039551e+03
1673,4.9581530690e-01,-4.9797534943e-01,-1.2139145851e+01,2.4437705078e+03
1674,4.9526807666e-01,-4.9768906832e-01,-7.3501615524e+00,2.4437395020e+03
1675,4.9531340599e-01,-4.9705147743e-01,-9.0165729523e+00,2.4437089844e+03
1676,4.9488836527e-01,-4.9700027704e-01,-7.3062028885e+00,2.4436772461e+03
1677,4.9511462450e-01,-4.9665433168e-01,-9.2518978119e+00,2.4436455078e+03
1678,4.9500086904e-01,-4.9693748355e-01,-7.1517372131e+00,2.4436145020e+03
1679,4.9551805854e-01,-4.9692228436e-01,-1.0545825958e+01,2.4435827637e+03
1680,4.9591135979e-01,-4.9704575539e-01,-6.8183383942e+00,2.4435507812e+03
1681,4.9650269747e-01,-4.9682217836e-01,-9.0276470184e+00,2.4435178223e+03
1682,4.9667316675e-01,-4.9716231227e-01,-7.8604745865e+00,2.4434838867e+03
1683,4.9715718627e-01,-4.9706736207e-01,-7.9227075577e+00,2.4434499512e+03
1684,4.9726769328e-01,-4.9709635973e-01,-8.8451185226e+00,2.4434196777e+03
1685,4.9730196595e-01,-4.9708738923e-01,-8.1432695389e+00,2.4433881836e+03
1686,4.9717575312e-01,-4.9737396836e-01,-1.0095306396e+01,2.4433564453e+03
1687,4.9712029099e-01,-4.9754390121e-01,-5.0979905128e+00,2.4433239746e+03
1688,4.9691081047e-01,-4.9802225828e-01,-6.6370005608e+00,2.4432924805e+03
1689,4.9691134691e-01,-4.9845361710e-01,-1.0847812653e+01,2.4432607422e+03
1690,4.9662083387e-01,-4.9892622232e-01,-3.7928683758e+00,2.4432304688e+03
1691,4.9660724401e-01,-4.9902144074e-01,-1.1780790329e+01,2.4432001953e+03
1692,4.9631983042e-01,-4.9914780259e-01,-5.4229812622e+00,2.4431716309e+03
1693,4.9597847462e-01,-4.9908268452e-01,-1.0541560173e+01,2.4431416016e+03
1694,4.9540230632e-01,-4.9904564023e-01,-6.5778336525e+00,2.4431103516e+03
1695,4.9509090185e-01,-4.9857446551e-01,-9.7435903549e+00,2.4430786133e+03
1696,4.9445286393e-01,-4.9829831719e-01,-6.2648267746e+00,2.4430473633e+03
1697,4.9403285980e-01,-4.9790385365e-01,-9.9648046494e+00,2.4430148926e+03
1698,4.9389550090e-01,-4.9731022120e-01,-5.6310606003e+00,2.4429831543e+03
1699,4.9401450157e-01,-4.9684208632e-01,-1.1437201500e+01,2.4429523926e+03
1700,4.9399977922e-01,-4.9652242661e-01,-7.0670390129e+00,2.4429230957e+03
1701,4.9435114861e-01,-4.9619847536e-01,-1.1387319565e+01,2.4428920898e+03
1702,4.9469244480e-01,-4.9605652690e-01,-6.4853830338e+00,2.4428605957e+03
1703,4.9485644698e-01,-4.9608144164e-01,-7.6925354004e+00,2.4428300781e+03
1704,4.9530753493e-01,-4.9608349800e-01,-6.8790507317e+00,2.4427966309e+03
1705,4.9568709731e-01,-4.9649888277e-01,-1.0413383484e+01,2.4427656250e+03
1706,4.9604600668e-01,-4.9675846100e-01,-8.7533063889e+00,2.4427324219e+03
1707,4.9637320638e-01,-4.9698394537e-01,-8.3938531876e+00,2.4426997070e+03
1708,4.9663308263e-01,-4.9719107151e-01,-5.2882537842e+00,2.4426669922e+03
1709,4.9677687883e-01,-4.9748706818e-01,-8.0385770798e+00,2.4426350098e+03
1710,4.9666351080e-01,-4.9767971039e-01,-1.1843882561e+01,2.4426042480e+03
1711,4.9636903405e-01,-4.9774613976e-01,-6.1309180260e+00,2.4425747070e+03
1712,4.9620795250e-01,-4.9766409397e-01,-1.1561534882e+01,2.4425424805e+03
1713,4.9596595764e-01,-4.9783200026e-01,-4.9623765945e+00,2.4425114746e+03
1714,4.9572351575e-01,-4.9795627594e-01,-9.7895736694e+00,2.4424794922e+03
1715,4.9563801289e-01,-4.9790227413e-01,-9.8878974915e+00,2.4424465332e+03
1716,4.9544006586e-01,-4.9795299768e-01,-9.4779758453e+00,2.4424150391e+03
1717,4.9525237083e-01,-4.9797034264e-01,-1.0102825165e+01,2.4423852539e+03
1718,4.9534934759e-01,-4.9775350094e-01,-7.8119268417e+00,2.4423559570e+03
1719,4.9530792236e-01,-4.9766662717e-01,-9.0239582062e+00,2.4423261719e+03
1720,4.9545550346e-01,-4.9722483754e-01,-5.7883591652e+00,2.4422946777e+03
1721,4.9530199170e-01,-4.9723389745e-01,-8.5428791046e+00,2.4422631836e+03
1722,4.9539843202e-01,-4.9721983075e-01,-8.3591499329e+00,2.4422304688e+03
1723,4.9530759454e-01,-4.9745929241e-01,-9.6437358856e+00,2.4421979980e+03
1724,4.9583593011e-01,-4.9741938710e-01,-5.6353745461e+00,2.4421662598e+03
1725,4.9576872587e-01,-4.9784460664e-01,-7.1760039330e+00,2.4421345215e+03
1726,4.9606528878e-01,-4.9831122160e-01,-9.1866664886e+00,2.4421042480e+03
1727,4.9617642164e-01,-4.9869108200e-01,-7.5491762161e+00,2.4420751953e+03
1728,4.9619659781e-01,-4.9870610237e-01,-1.0853400230e+01,2.4420451660e+03
1729,4.9612846971e-01,-4.9870908260e-01,-7.1680674553e+00,2.4420158691e+03
1730,4.9588817358e-01,-4.9830657244e-01,-1.0954266548e+01,2.4419863281e+03
1731,4.9561256170e-01,-4.9811106920e-01,-7.2755012512e+00,2.4419567871e+03
1732,4.9537861347e-01,-4.9777382612e-01,-9.4709377289e+00,2.4419267578e+03
1733,4.9507477880e-01,-4.9768292904e-01,-6.0792717934e+00,2.4418955078e+03
1734,4.9500051141e-01,-4.9745115638e-01,-9.6693248749e+00,2.4418637695e+03
1735,4.9501872063e-01,-4.9742630124e-01,-4.0463609695e+00,2.4418317871e+03
1736,4.9520251155e-01,-4.9741542339e-01,-1.1489126205e+01,2.4418002930e+03
1737,4.9536865950e-01,-4.9729445577e-01,-4.3109827042e+00,2.4417700195e+03
1738,4.9545055628e-01,-4.9730506539e-01,-1.0089499474e+01,2.4417382812e+03
1739,4.9551710486e-01,-4.9710655212e-01,-2.2006995678e+00,2.4417067871e+03
1740,4.9569612741e-01,-4.9725419283e-01,-1.1089685440e+01,2.4416755371e+03
1741,4.9556079507e-01,-4.9736127257e-01,-4.5959863663e+00,2.4416447754e+03
1742,4.9570816755e-01,-4.9706509709e-01,-1.1019697189e+01,2.4416137695e+03
1743,4.9528691173e-01,-4.9734374881e-01,-3.7622051239e+00,2.4415849609e+03
1744,4.9562400579e-01,-4.9676850438e-01,-1.0543912888e+01,2.4415559082e+03
1745,4.9535018206e-01,-4.9690043926e-01,-2.7661650181e+00,2.4415280762e+03
1746,4.9523052573e-01,-4.9668619037e-01,-1.1726164818e+01,2.4414982910e+03
1747,4.9517217278e-01,-4.9638384581e-01,-5.9448080063e+00,2.4414687500e+03
1748,4.9504101276e-01,-4.9605205655e-01,-1.2254445076e+01,2.4414375000e+03
1749,4.9488705397e-01,-4.9590852857e-01,-6.6596093178e+00,2.4414067383e+03
1750,4.9487379193e-01,-4.9601072073e-01,-1.1514512062e+01,2.4413740234e+03
1751,4.9502706528e-01,-4.9616435170e-01,-5.5590796471e+00,2.4413432617e+03
1752,4.9509644508e-01,-4.9629804492e-01,-8.8209285736e+00,2.4413120117e+03
1753,4.9541118741e-01,-4.9656417966e-01,-1.2807396889e+01,2.4412783203e+03
1754,4.9572435021e-01,-4.9695867300e-01,-5.0738363266e+00,2.4412470703e+03
1755,4.9594360590e-01,-4.9751326442e-01,-1.0688446045e+01,2.4412141113e+03
1756,4.9628841877e-01,-4.9758043885e-01,-7.1957798004e+00,2.4411835938e+03
1757,4.9625560641e-01,-4.9767336249e-01,-9.8261203766e+00,2.4411545410e+03
1758,4.9619266391e-01,-4.9786493182e-01,-6.3356590271e+00,2.4411264648e+03
1759,4.9607399106e-01,-4.9818679690e-01,-1.0069652557e+01,2.4410979004e+03
1760,4.9577477574e-01,-4.9817126989e-01,-4.7796483040e+00,2.4410664062e+03
1761,4.9528759718e-01,-4.9791598320e-01,-1.1578072548e+01,2.4410332031e+03
1762,4.9518188834e-01,-4.9758034945e-01,-6.1382179260e+00,2.4410000000e+03
1763,4.9496468902e-01,-4.9753293395e-01,-8.2560195923e+00,2.4409687500e+03
1764,4.9484071136e-01,-4.9706211686e-01,-6.5959153175e+00,2.4409384766e+03
1765,4.9484854937e-01,-4.9674487114e-01,-1.0823203087e+01,2.4409094238e+03
1766,4.9488267303e-01,-4.9638420343e-01,-4.9208650589e+00,2.4408811035e+03
1767,4.9500513077e-01,-4.9663576484e-01,-1.3844009399e+01,2.4408518066e+03
1768,4.9543300271e-01,-4.9656721950e-01,-2.2652959824e+00,2.4408217773e+03
1769,4.9526160955e-01,-4.9705401063e-01,-9.1925277710e+00,2.4407917480e+03
1770,4.9529320002e-01,-4.9752581120e-01,-1.1449504852e+01,2.4407619629e+03
1771,4.9525797367e-01,-4.9799761176e-01,-5.2991061211e+00,2.4407333984e+03
1772,4.9547871947e-01,-4.9834197760e-01,-1.1423781395e+01,2.4407038574e+03
1773,4.9518898129e-01,-4.9860048294e-01,-4.9147429466e+00,2.4406743164e+03
1774,4.9457630515e-01,-4.9885764718e-01,-9.7720241547e+00,2.4406425781e+03
1775,4.9423769116e-01,-4.9883732200e-01,-6.7394800186e+00,2.4406098633e+03
1776,4.9398851395e-01,-4.9885770679e-01,-1.0085085869e+01,2.4405778809e+03
1777,4.9351188540e-01,-4.9868276715e-01,-5.5199317932e+00,2.4405468750e+03
1778,4.9310749769e-01,-4.9831539392e-01,-1.0628823280e+01,2.4405185547e+03
1779,4.9305477738e-01,-4.9799960852e-01,-2.8509035110e+00,2.4404907227e+03
1780,4.9282836914e-01,-4.9781382084e-01,-1.3108008385e+01,2.4404624023e+03
1781,4.9301379919e-01,-4.9736058712e-01,-6.4533500671e+00,2.4404335938e+03
1782,4.9301671982e-01,-4.9695196748e-01,-5.7296404839e+00,2.4404038086e+03
1783,4.9330431223e-01,-4.9647116661e-01,-9.0752668381e+00,2.4403732910e+03
1784,4.9370613694e-01,-4.9615797400e-01,-6.6312556267e+00,2.4403435059e+03
1785,4.9405902624e-01,-4.9591812491e-01,-9.5298776627e+00,2.4403146973e+03
1786,4.9467581511e-01,-4.9573004246e-01,-7.0311851501e+00,2.4402863770e+03
1787,4.9514311552e-01,-4.9584379792e-01,-1.0134472847e+01,2.4402590332e+03
1788,4.9580022693e-01,-4.9594292045e-01,-6.8559880257e+00,2.4402270508e+03
1789,4.9612331390e-01,-4.9602368474e-01,-1.0782595634e+01,2.4401943359e+03
1790,4.9667757750e-01,-4.9630007148e-01,-2.9781730175e+00,2.4401630859e+03
1791,4.9690526724e-01,-4.9647915363e-01,-8.5884838104e+00,2.4401315918e+03
1792,4.9707525969e-01,-4.9655136466e-01,-8.8780288696e+00,2.4401030273e+03
1793,4.9712213874e-01,-4.9668908119e-01,-9.1547842026e+00,2.4400749512e+03
1794,4.9702376127e-01,-4.9683624506e-01,-8.1772069931e+00,2.4400473633e+03
1795,4.9687582254e-01,-4.9708193541e-01,-9.5064611435e+00,2.4400185547e+03
1796,4.9645566940e-01,-4.9721822143e-01,-8.4642620087e+00,2.4399885254e+03
1797,4.9624940753e-01,-4.9737015367e-01,-8.0887384415e+00,2.4399577637e+03
1798,4.9600100517e-01,-4.9762317538e-01,-8.5058002472e+00,2.4399291992e+03
1799,4.9582692981e-01,-4.9808230996e-01,-8.0371885300e+00,2.4399016113e+03
1800,4.9554768205e-01,-4.9841719866e-01,-9.5856781006e+00,2.4398708496e+03
1801,4.9561676383e-01,-4.9847242236e-01,-5.5302858353e+00,2.4398408203e+03
1802,4.9515378475e-01,-4.9871975183e-01,-9.8042440414e+00,2.4398090820e+03
1803,4.9520465732e-01,-4.9866613746e-01,-7.1509699821e+00,2.4397783203e+03
1804,4.9486327171e-01,-4.9852904677e-01,-4.3442726135e+00,2.4397487793e+03
1805,4.9453684688e-01,-4.9842703342e-01,-1.1009804726e+01,2.4397224121e+03
1806,4.9416431785e-01,-4.9810758233e-01,-3.3505454063e+00,2.4396955566e+03
1807,4.9384820461e-01,-4.9782156944e-01,-1.1433086395e+01,2.4396667480e+03
1808,4.9381262064e-01,-4.9747854471e-01,-5.6779398918e+00,2.4396376953e+03
1809,4.9379423261e-01,-4.9721843004e-01,-9.8020639420e+00,2.4396079102e+03
1810,4.9396669865e-01,-4.9713367224e-01,-4.7174472809e+00,2.4395773926e+03
1811,4.9413961172e-01,-4.9706235528e-01,-1.0947801590e+01,2.4395498047e+03
1812,4.9434214830e-01,-4.9691197276e-01,-6.7983965874e+00,2.4395207520e+03
1813,4.9450773001e-01,-4.9660861492e-01,-1.2003996849e+01,2.4394931641e+03
1814,4.9494656920e-01,-4.9615254998e-01,-5.7464179993e+00,2.4394631348e+03
1815,4.9477863312e-01,-4.9604812264e-01,-1.1504553795e+01,2.4394326172e+03
1816,4.9504294991e-01,-4.9550896883e-01,-4.6116271019e+00,2.4394025879e+03
1817,4.9475848675e-01,-4.9548152089e-01,-1.0708276749e+01,2.4393730469e+03
1818,4.9511387944e-01,-4.9519422650e-01,-5.8560028076e+00,2.4393449707e+03
1819,4.9521976709e-01,-4.9534472823e-01,-8.0493955612e+00,2.4393161621e+03
1820,4.9558988214e-01,-4.9536779523e-01,-7.0880889893e+00,2.4392875977e+03
1821,4.9575868249e-01,-4.9574902654e-01,-7.5636134148e+00,2.4392578125e+03
1822,4.9614903331e-01,-4.9603733420e-01,-6.6825017929e+00,2.4392253418e+03
1823,4.9610579014e-01,-4.9648827314e-01,-1.1209480286e+01,2.4391948242e+03
1824,4.9602815509e-01,-4.9693569541e-01,-6.3129692078e+00,2.4391652832e+03
1825,4.9590647221e-01,-4.9711161852e-01,-8.3179264069e+00,2.4391367188e+03
1826,4.9568843842e-01,-4.9755856395e-01,-7.6640753746e+00,2.4391096191e+03
1827,4.9548429251e-01,-4.9771645665e-01,-8.7496643066e+00,2.4390832520e+03
1828,4.9510267377e-01,-4.9799627066e-01,-7.1729125977e+00,2.4390549316e+03
1829,4.9492686987e-01,-4.9784138799e-01,-7.1898002625e+00,2.4390256348e+03
1830,4.9423590302e-01,-4.9822178483e-01,-8.2897224426e+00,2.4389956055e+03
1831,4.9428901076e-01,-4.9790748954e-01,-5.8010172844e+00,2.4389665527e+03
1832,4.9402320385e-01,-4.9801176786e-01,-5.3290848732e+00,2.4389372559e+03
1833,4.9374610186e-01,-4.9816992879e-01,-1.2048344612e+01,2.4389084473e+03
1834,4.9368628860e-01,-4.9823653698e-01,-6.2343686819e-01,2.4388808594e+03
1835,4.9349209666e-01,-4.9812442064e-01,-1.5187705994e+01,2.4388510742e+03
1836,4.9349546432e-01,-4.9812957644e-01,-1.2177041769e+00,2.4388208008e+03
1837,4.9348857999e-01,-4.9819099903e-01,-1.4021157265e+01,2.4387912598e+03
1838,4.9335831404e-01,-4.9808770418e-01,-2.3439280987e+00,2.4387629395e+03
1839,4.9332976341e-01,-4.9777805805e-01,-1.5042469025e+01,2.4387338867e+03
1840,4.9275937676e-01,-4.9785926938e-01,-2.2316958010e-01,2.4387043457e+03
1841,4.9252384901e-01,-4.9765571952e-01,-1.1802930832e+01,2.4386750488e+03
1842,4.9247264862e-01,-4.9733719230e-01,-6.7383718491e+00,2.4386442871e+03
1843,4.9247083068e-01,-4.9718025327e-01,-1.0003962517e+01,2.4386130371e+03
1844,4.9247181416e-01,-4.9700111151e-01,-6.2040429115e+00,2.4385822754e+03
1845,4.9266806245e-01,-4.9687883258e-01,-9.4856510162e+00,2.4385537109e+03
1846,4.9294248223e-01,-4.9658825994e-01,-6.4174165726e+00,2.4385236816e+03
1847,4.9297639728e-01,-4.9654147029e-01,-7.3464369774e+00,2.4384929199e+03
1848,4.9313879013e-01,-4.9664416909e-01,-1.2346008301e+01,2.4384631348e+03
1849,4.9346426129e-01,-4.9659875035e-01,-3.2171862125e+00,2.4384340820e+03
1850,4.9374589324e-01,-4.9703067541e-01,-1.3846882820e+01,2.4384052734e+03
1851,4.9418097734e-01,-4.9708610773e-01,-3.7798488140e+00,2.4383769531e+03
1852,4.9454852939e-01,-4.9737143517e-01,-1.0917397499e+01,2.4383493652e+03
1853,4.9481368065e-01,-4.9751976132e-01,-2.7946219444e+00,2.4383195801e+03
1854,4.9502885342e-01,-4.9776017666e-01,-1.1630818367e+01,2.4382878418e+03
1855,4.9509567022e-01,-4.9750334024e-01,-6.3309516907e+00,2.4382573242e+03
1856,4.9496379495e-01,-4.9739867449e-01,-8.3727264404e+00,2.4382263184e+03
1857,4.9474501610e-01,-4.9704033136e-01,-7.4822406769e+00,2.4381967773e+03
1858,4.9453279376e-01,-4.9661862850e-01,-7.4882769585e+00,2.4381679688e+03
1859,4.9438410997e-01,-4.9653497338e-01,-6.5217480659e+00,2.4381418457e+03
1860,4.9440190196e-01,-4.9599647522e-01,-6.6648907661e+00,2.4381140137e+03
1861,4.9446314573e-01,-4.9620860815e-01,-5.8293352127e+00,2.4380861816e+03
1862,4.9489206076e-01,-4.9586722255e-01,-7.1596293449e+00,2.4380559082e+03
1863,4.9512404203e-01,-4.9619689584e-01,-5.4943523407e+00,2.4380261230e+03
1864,4.9524733424e-01,-4.9629190564e-01,-1.1846295357e+01,2.4379956055e+03
1865,4.9552229047e-01,-4.9634072185e-01,-3.8518965244e+00,2.4379655762e+03
1866,4.9585556984e-01,-4.9652957916e-01,-1.3612720490e+01,2.4379345703e+03
1867,4.9579209089e-01,-4.9663761258e-01,-2.9547297955e+00,2.4379064941e+03
1868,4.9589484930e-01,-4.9687194824e-01,-1.3104210854e+01,2.4378779297e+03
1869,4.9578577280e-01,-4.9702158570e-01,-4.0231356621e+00,2.4378505859e+03
1870,4.9596747756e-01,-4.9684572220e-01,-1.2221927643e+01,2.4378217773e+03
1871,4.9541088939e-01,-4.9701663852e-01,-3.4775636196e+00,2.4377949219e+03
1872,4.9528566003e-01,-4.9664118886e-01,-1.5133457184e+01,2.4377673340e+03
1873,4.9486523867e-01,-4.9646621943e-01,1.5008544922e+00,2.4377399902e+03
1874,4.9463704228e-01,-4.9637925625e-01,-1.1111018181e+01,2.4377128906e+03
1875,4.9443286657e-01,-4.9610179663e-01,-5.5119318962e+00,2.4376821289e+03
1876,4.9430307746e-01,-4.9592635036e-01,-9.4638729095e+00,2.4376508789e+03
1877,4.9448421597e-01,-4.9561667442e-01,-7.7694997787e+00,2.4376206055e+03
1878,4.9453511834e-01,-4.9543112516e-01,-7.9412026405e+00,2.4375915527e+03
1879,4.9478611350e-01,-4.9541550875e-01,-7.7035055161e+00,2.4375634766e+03
1880,4.9477458000e-01,-4.9551686645e-01,-6.3304367065e+00,2.4375371094e+03
1881,4.9491733313e-01,-4.9591138959e-01,-8.4113788605e+00,2.4375109863e+03
1882,4.9506011605e-01,-4.9646243453e-01,-7.2335515022e+00,2.4374833984e+03
1883,4.9511772394e-01,-4.9705770612e-01,-6.6586661339e+00,2.4374565430e+03
1884,4.9518597126e-01,-4.9752685428e-01,-9.4115247726e+00,2.4374257812e+03
1885,4.9487045407e-01,-4.9823924899e-01,-6.8182821274e+00,2.4373935547e+03
1886,4.9474227428e-01,-4.9849447608e-01,-8.3627443314e+00,2.4373615723e+03
1887,4.9430584908e-01,-4.9893343449e-01,-7.2389616966e+00,2.4373337402e+03
1888,4.9416053295e-01,-4.9867647886e-01,-7.2445044518e+00,2.4373066406e+03
1889,4.9328526855e-01,-4.9877402186e-01,-7.5593328476e+00,2.4372800293e+03
1890,4.9271002412e-01,-4.9855878949e-01,-8.9659919739e+00,2.4372529297e+03
1891,4.9233180285e-01,-4.9830591679e-01,-4.5814218521e+00,2.4372241211e+03
1892,4.9203550816e-01,-4.9821618199e-01,-9.5419321060e+00,2.4371928711e+03
1893,4.9194702506e-01,-4.9796071649e-01,-3.5512716770e+00,2.4371616211e+03
1894,4.9196785688e-01,-4.9792143703e-01,-8.9768905640e+00,2.4371298828e+03
1895,4.9245631695e-01,-4.9773234129e-01,-1.5754041672e+00,2.4371003418e+03
1896,4.9276870489e-01,-4.9797540903e-01,-7.1340069771e+00,2.4370744629e+03
1897,4.9319350719e-01,-4.9783360958e-01,-1.0119193077e+01,2.4370490723e+03
1898,4.9342167377e-01,-4.9775496125e-01,-4.1240911484e+00,2.4370224609e+03
1899,4.9355947971e-01,-4.9751526117e-01,-1.2657871246e+01,2.4369934082e+03
1900,4.9371287227e-01,-4.9700781703e-01,-4.3617935181e+00,2.4369621582e+03
1901,4.9346515536e-01,-4.9683246017e-01,-9.3686666489e+00,2.4369304199e+03
1902,4.9337702990e-01,-4.9645063281e-01,-5.9916129112e+00,2.4368994141e+03
1903,4.9309039116e-01,-4.9626705050e-01,-9.5080099106e+00,2.4368696289e+03
1904,4.9305886030e-01,-4.9617362022e-01,-7.3131985664e+00,2.4368413086e+03
1905,4.9316999316e-01,-4.9609258771e-01,-8.8451929092e+00,2.4368134766e+03
1906,4.9340787530e-01,-4.9624168873e-01,-5.9079289436e+00,2.4367851562e+03
1907,4.9363398552e-01,-4.9651804566e-01,-1.0358723640e+01,2.4367553711e+03
1908,4.9400797486e-01,-4.9688708782e-01,-8.4120702744e+00,2.4367275391e+03
1909,4.9427315593e-01,-4.9741309881e-01,-8.1069726944e+00,2.4367001953e+03
1910,4.9457395077e-01,-4.9789321423e-01,-6.9644746780e+00,2.4366726074e+03
1911,4.9461781979e-01,-4.9809688330e-01,-8.5452003479e+00,2.4366452637e+03
1912,4.9471276999e-01,-4.9828901887e-01,-5.4875397682e+00,2.4366157227e+03
1913,4.9440270662e-01,-4.9806490541e-01,-9.3217515945e+00,2.4365864258e+03
1914,4.9403744936e-01,-4.9764472246e-01,-5.8550801277e+00,2.4365568848e+03
1915,4.9344325066e-01,-4.9709945917e-01,-7.8660950661e+00,2.4365280762e+03
1916,4.9281272292e-01,-4.9647396803e-01,-6.1867370605e+00,2.4365007324e+03
1917,4.9244853854e-01,-4.9577045441e-01,-7.8583960533e+00,2.4364736328e+03
1918,4.9193298817e-01,-4.9528419971e-01,-5.6334977150e+00,2.4364445801e+03
1919,4.9167117476e-01,-4.9500390887e-01,-9.1524562836e+00,2.4364152832e+03
1920,4.9171295762e-01,-4.9484571815e-01,-5.7274961472e+00,2.4363864746e+03
1921,4.9189138412e-01,-4.9466741085e-01,-1.0484397888e+01,2.4363576660e+03
1922,4.9231892824e-01,-4.9499058723e-01,-5.7823829651e+00,2.4363293457e+03
1923,4.9276500940e-01,-4.9519339204e-01,-9.6030426025e+00,2.4363024902e+03
1924,4.9332100153e-01,-4.9555912614e-01,-6.0595011711e+00,2.4362753906e+03
1925,4.9376341701e-01,-4.9583515525e-01,-9.1049394608e+00,2.4362478027e+03
1926,4.9402880669e-01,-4.9652343988e-01,-4.8144278526e+00,2.4362189941e+03
1927,4.9439239502e-01,-4.9664396048e-01,-1.0143079758e+01,2.4361884766e+03
1928,4.9456730485e-01,-4.9708178639e-01,-4.1987128258e+00,2.4361589355e+03
1929,4.9444559216e-01,-4.9707141519e-01,-9.2944450378e+00,2.4361284180e+03
1930,4.9441242218e-01,-4.9692791700e-01,-5.8582553864e+00,2.4360981445e+03
1931,4.9451094866e-01,-4.9695268273e-01,-9.3961658478e+00,2.4360690918e+03
1932,4.9442636967e-01,-4.9670243263e-01,-5.3806090355e+00,2.4360412598e+03
1933,4.9445697665e-01,-4.9674460292e-01,-8.4531278610e+00,2.4360141602e+03
1934,4.9447941780e-01,-4.9670365453e-01,-5.5333557129e+00,2.4359882812e+03
1935,4.9477609992e-01,-4.9699434638e-01,-6.7435483932e+00,2.4359621582e+03
1936,4.9475648999e-01,-4.9732598662e-01,-5.7458906174e+00,2.4359345703e+03
1937,4.9497082829e-01,-4.9746543169e-01,-8.9302597046e+00,2.4359067383e+03
1938,4.9508717656e-01,-4.9798986316e-01,-5.2812976837e+00,2.4358776855e+03
1939,4.9531820416e-01,-4.9835914373e-01,-9.6186981201e+00,2.4358503418e+03
1940,4.9503514171e-01,-4.9884831905e-01,-6.1379508972e+00,2.4358217773e+03
1941,4.9485304952e-01,-4.9902322888e-01,-1.0863340378e+01,2.4357946777e+03
1942,4.9437451363e-01,-4.9942010641e-01,-7.1728725433e+00,2.4357670898e+03
1943,4.9412932992e-01,-4.9925658107e-01,-1.0648863792e+01,2.4357363281e+03
1944,4.9378237128e-01,-4.9919611216e-01,-5.3042988777e+00,2.4357060547e+03
1945,4.9322584271e-01,-4.9905237556e-01,-8.5701694489e+00,2.4356748047e+03
1946,4.9291118979e-01,-4.9865961075e-01,-4.7920432091e+00,2.4356469727e+03
1947,4.9268028140e-01,-4.9815312028e-01,-9.5750513077e+00,2.4356198730e+03
1948,4.9235808849e-01,-4.9787527323e-01,-6.3686370850e+00,2.4355942383e+03
1949,4.9218347669e-01,-4.9737715721e-01,-1.0231108665e+01,2.4355666504e+03
1950,4.9224033952e-01,-4.9704346061e-01,-6.4506635666e+00,2.4355375977e+03
1951,4.9220550060e-01,-4.9686983228e-01,-5.5170950890e+00,2.4355085449e+03
1952,4.9259692430e-01,-4.9660348892e-01,-7.8241453171e+00,2.4354782715e+03
1953,4.9306195974e-01,-4.9626579881e-01,-5.1162147522e+00,2.4354501953e+03
1954,4.9339789152e-01,-4.9605569243e-01,-8.9356536865e+00,2.4354238281e+03
1955,4.9367207289e-01,-4.9609464407e-01,-4.6558322906e+00,2.4353984375e+03
1956,4.9391400814e-01,-4.9603804946e-01,-9.5728149414e+00,2.4353723145e+03
1957,4.9403855205e-01,-4.9586114287e-01,-2.5737621784e+00,2.4353439941e+03
1958,4.9384045601e-01,-4.9588820338e-01,-1.0244735718e+01,2.4353144531e+03
1959,4.9393618107e-01,-4.9581885338e-01,-5.2614126205e+00,2.4352844238e+03
1960,4.9382412434e-01,-4.9592599273e-01,-4.4790706635e+00,2.4352558594e+03
1961,4.9399861693e-01,-4.9578830600e-01,-9.2436943054e+00,2.4352302246e+03
1962,4.9406981468e-01,-4.9611181021e-01,-3.8515076637e+00,2.4352019043e+03
1963,4.9421578646e-01,-4.9619847536e-01,-9.6862363815e+00,2.4351711426e+03
1964,4.9429228902e-01,-4.9665683508e-01,-4.5391879082e+00,2.4351425781e+03
1965,4.9461936951e-01,-4.9685108662e-01,-1.1145695686e+01,2.4351125488e+03
1966,4.9474549294e-01,-4.9712955952e-01,-3.8940279484e+00,2.4350856934e+03
1967,4.9498540163e-01,-4.9709203839e-01,-1.1081047058e+01,2.4350588379e+03
1968,4.9491190910e-01,-4.9745401740e-01,-5.3490257263e+00,2.4350322266e+03
1969,4.9501496553e-01,-4.9710384011e-01,-1.1423826218e+01,2.4350043945e+03
1970,4.9464395642e-01,-4.9712350965e-01,-3.5874433517e+00,2.4349758301e+03
1971,4.9465319514e-01,-4.9675229192e-01,-1.5027438164e+01,2.4349453125e+03
1972,4.9447691441e-01,-4.9650087953e-01,-2.9066441059e+00,2.4349157715e+03
1973,4.9405521154e-01,-4.9662539363e-01,-8.4679050446e+00,2.4348867188e+03
1974,4.9399951100e-01,-4.9655303359e-01,-3.3000683784e+00,2.4348581543e+03
1975,4.9374404550e-01,-4.9699580669e-01,-9.9427251816e+00,2.4348315430e+03
1976,4.9385771155e-01,-4.9696618319e-01,-2.8757596016e+00,2.4348027344e+03
1977,4.9380981922e-01,-4.9743402004e-01,-7.0017862320e+00,2.4347731934e+03
1978,4.9375325441e-01,-4.9773278832e-01,-8.5725927353e+00,2.4347434082e+03
1979,4.9360415339e-01,-4.9810001254e-01,-1.5373797417e+00,2.4347143555e+03
1980,4.9342030287e-01,-4.9844112992e-01,-9.5854616165e+00,2.4346855469e+03
1981,4.9322888255e-01,-4.9808484316e-01,-5.9047274590e+00,2.4346579590e+03
1982,4.9293205142e-01,-4.9795722961e-01,-8.2777719498e+00,2.4346296387e+03
1983,4.9251714349e-01,-4.9783343077e-01,-5.4913601875e+00,2.4346018066e+03
1984,4.9229285121e-01,-4.9742469192e-01,-7.5035085678e+00,2.4345727539e+03
1985,4.9191734195e-01,-4.9707219005e-01,-9.2621583939e+00,2.4345444336e+03
1986,4.9184513092e-01,-4.9650886655e-01,-8.8021831512e+00,2.4345161133e+03
1987,4.9209329486e-01,-4.9615365267e-01,-4.7115621567e+00,2.4344890137e+03
1988,4.9250066280e-01,-4.9584284425e-01,-1.0011924744e+01,2.4344604492e+03
1989,4.9263069034e-01,-4.9584877491e-01,-4.9700145721e+00,2.4344306641e+03
1990,4.9305295944e-01,-4.9586927891e-01,-1.0794196129e+01,2.4343994141e+03
1991,4.9343547225e-01,-4.9598389864e-01,-3.7752969265e+00,2.4343684082e+03
1992,4.9384588003e-01,-4.9609118700e-01,-1.0179774284e+01,2.4343398438e+03
1993,4.9409911036e-01,-4.9642643332e-01,-3.2444858551e+00,2.4343120117e+03
1994,4.9432498217e-01,-4.9661955237e-01,-1.1876667976e+01,2.4342846680e+03
1995,4.9462887645e-01,-4.9681365490e-01,-3.9093534946e+00,2.4342583008e+03
1996,4.9452260137e-01,-4.9718719721e-01,-6.0338869095e+00,2.4342316895e+03
1997,4.9450030923e-01,-4.9731880426e-01,-5.5688052177e+00,2.4342048340e+03
1998,4.9417352676e-01,-4.9753129482e-01,-6.4614601135e+00,2.4341745605e+03
1999,4.9393969774e-01,-4.9769318104e-01,-8.5701913834e+00,2.4341457520e+03
2000,4.9363827705e-01,-4.9771115184e-01,-5.8352441788e+00,2.4341176758e+03
2001,4.9325981736e-01,-4.9781864882e-01,-9.0809555054e+00,2.4340910645e+03
2002,4.9297714233e-01,-4.9756193161e-01,-2.3641090393e+00,2.4340637207e+03
2003,4.9266654253e-01,-4.9764597416e-01,-7.6293158531e+00,2.4340351562e+03
2004,4.9256402254e-01,-4.9749708176e-01,-8.7433128357e+00,2.4340056152e+03
2005,4.9220773578e-01,-4.9736881256e-01,-9.8349885941e+00,2.4339755859e+03
2006,4.9230334163e-01,-4.9699851871e-01,-6.5412931442e+00,2.4339470215e+03
2007,4.9214816093e-01,-4.9708819389e-01,-1.0982884407e+01,2.4339182129e+03
2008,4.9222394824e-01,-4.9684306979e-01,-7.2441139221e+00,2.4338903809e+03
2009,4.9244958162e-01,-4.9660068750e-01,-4.4635858536e+00,2.4338645020e+03
2010,4.9258178473e-01,-4.9665451050e-01,-8.1021060944e+00,2.4338364258e+03
2011,4.9313226342e-01,-4.9638363719e-01,-5.1031794548e+00,2.4338081055e+03
2012,4.9334871769e-01,-4.9649149179e-01,-7.1611037254e+00,2.4337783203e+03
2013,4.9372154474e-01,-4.9649667740e-01,-5.2333230972e+00,2.4337487793e+03
2014,4.9383974075e-01,-4.9652746320e-01,-6.3851709366e+00,2.4337202148e+03
2015,4.9417901039e-01,-4.9670991302e-01,-6.7883296013e+00,2.4336933594e+03
2016,4.9439638853e-01,-4.9683460593e-01,-5.8175868988e+00,2.4336657715e+03
2017,4.9440288544e-01,-4.9683845043e-01,-7.0579929352e+00,2.4336376953e+03
2018,4.9436762929e-01,-4.9689152837e-01,-7.8980164528e+00,2.4336096191e+03
2019,4.9413463473e-01,-4.9682173133e-01,-8.9675092697e+00,2.4335812988e+03
2020,4.9400371313e-01,-4.9674245715e-01,-7.1342992783e+00,2.4335524902e+03
2021,4.9376964569e-01,-4.9642306566e-01,-7.7675538063e+00,2.4335234375e+03
2022,4.9344313145e-01,-4.9628099799e-01,-7.2190012932e+00,2.4334956055e+03
2023,4.9324959517e-01,-4.9633330107e-01,-5.7564530373e+00,2.4334692383e+03
2024,4.9310815334e-01,-4.9636358023e-01,-6.4267683029e+00,2.4334406738e+03
2025,4.9311679602e-01,-4.9635523558e-01,-6.3377137184e+00,2.4334121094e+03
2026,4.9291521311e-01,-4.9643358588e-01,-6.4184613228e+00,2.4333823242e+03
2027,4.9303224683e-01,-4.9667754769e-01,-7.3490948677e+00,2.4333518066e+03
2028,4.9302852154e-01,-4.9683216214e-01,-3.9164228439e+00,2.4333217773e+03
2029,4.9325135350e-01,-4.9708238244e-01,-8.3398542404e+00,2.4332951660e+03
2030,4.9340468645e-01,-4.9713432789e-01,-1.2641190290e+00,2.4332668457e+03
2031,4.9337199330e-01,-4.9737370014e-01,-1.2252436638e+01,2.4332392578e+03
2032,4.9340534210e-01,-4.9712836742e-01,-3.7729837894e+00,2.4332116699e+03
2033,4.9318155646e-01,-4.9697989225e-01,-7.7535014153e+00,2.4331843262e+03
2034,4.9290338159e-01,-4.9704375863e-01,-5.1847662926e+00,2.4331550293e+03
2035,4.9268931150e-01,-4.9670797586e-01,-8.8829526901e+00,2.4331250000e+03
2036,4.9239522219e-01,-4.9668034911e-01,-4.6598749161e+00,2.4330966797e+03
2037,4.9211168289e-01,-4.9634385109e-01,-8.7431783676e+00,2.4330698242e+03
2038,4.9198994040e-01,-4.9624976516e-01,-4.0280485153e+00,2.4330429688e+03
2039,4.9200347066e-01,-4.9620711803e-01,-1.2019881248e+01,2.4330163574e+03
2040,4.9221402407e-01,-4.9610838294e-01,-9.3526554108e-01,2.4329887695e+03
2041,4.9206784368e-01,-4.9613368511e-01,-8.2014474869e+00,2.4329599609e+03
2042,4.9222582579e-01,-4.9596068263e-01,-5.9963111877e+00,2.4329306641e+03
2043,4.9236840010e-01,-4.9584367871e-01,-5.1996512413e+00,2.4329011230e+03
2044,4.9234828353e-01,-4.9593767524e-01,-9.3201684952e+00,2.4328710938e+03
2045,4.9245932698e-01,-4.9616482854e-01,-8.6494073868e+00,2.4328422852e+03
2046,4.9246805906e-01,-4.9622732401e-01,-7.1140818596e+00,2.4328139648e+03
2047,4.9268016219e-01,-4.9649789929e-01,-8.5850811005e+00,2.4327871094e+03
2048,4.9284759164e-01,-4.9700161815e-01,-6.0854668617e+00,2.4327600098e+03
2049,4.9309337139e-01,-4.9753189087e-01,-9.4865713120e+00,2.4327329102e+03
2050,4.9334973097e-01,-4.9777063727e-01,-4.5669445992e+00,2.4327043457e+03
2051,4.9340754747e-01,-4.9793398380e-01,-7.5871524811e+00,2.4326760254e+03
2052,4.9339297414e-01,-4.9805143476e-01,-8.7071571350e+00,2.4326481934e+03
2053,4.9333626032e-01,-4.9807479978e-01,-6.4920406342e+00,2.4326198730e+03
2054,4.9324908853e-01,-4.9793970585e-01,-5.4687628746e+00,2.4325917969e+03
2055,4.9292933941e-01,-4.9764513969e-01,-6.2960591316e+00,2.4325637207e+03
2056,4.9254903197e-01,-4.9743729830e-01,-7.5727319717e+00,2.4325356445e+03
2057,4.9250224233e-01,-4.9722096324e-01,-7.3197674751e+00,2.4325095215e+03
2058,4.9244385958e-01,-4.9690368772e-01,-8.1138324738e+00,2.4324843750e+03
2059,4.9243095517e-01,-4.9672275782e-01,-6.6703610420e+00,2.4324589844e+03
2060,4.9268224835e-01,-4.9645125866e-01,-7.3913793564e+00,2.4324318848e+03
2061,4.9272787571e-01,-4.9671521783e-01,-6.0405058861e+00,2.4324045410e+03
2062,4.9299997091e-01,-4.9689525366e-01,-6.8109569550e+00,2.4323742676e+03
2063,4.9325954914e-01,-4.9710357189e-01,-4.0055747032e+00,2.4323425293e+03
2064,4.9351137877e-01,-4.9729466438e-01,-7.0177202225e+00,2.4323125000e+03
2065,4.9367046356e-01,-4.9749028683e-01,-4.0915670395e+00,2.4322829590e+03
2066,4.9370214343e-01,-4.9777954817e-01,-7.4861903191e+00,2.4322543945e+03
2067,4.9368253350e-01,-4.9776422977e-01,-4.4345631599e+00,2.4322268066e+03
2068,4.9335473776e-01,-4.9752420187e-01,-5.8096122742e+00,2.4321994629e+03
2069,4.9308151007e-01,-4.9726068974e-01,-7.3905286789e+00,2.4321696777e+03
2070,4.9288231134e-01,-4.9676746130e-01,-4.7772388458e+00,2.4321428223e+03
2071,4.9255651236e-01,-4.9635925889e-01,-6.8897585869e+00,2.4321149902e+03
2072,4.9254432321e-01,-4.9585422873e-01,-5.1036648750e+00,2.4320866699e+03
2073,4.9235102534e-01,-4.9585705996e-01,-5.7720136642e+00,2.4320583496e+03
2074,4.9260997772e-01,-4.9581283331e-01,-7.1295838356e+00,2.4320300293e+03
2075,4.9277761579e-01,-4.9608531594e-01,-7.3315215111e+00,2.4320004883e+03
2076,4.9326419830e-01,-4.9636265635e-01,-7.4513063431e+00,2.4319689941e+03
2077,4.9356698990e-01,-4.9696895480e-01,-7.4830894470e+00,2.4319392090e+03
2078,4.9416399002e-01,-4.9724948406e-01,-6.4377913475e+00,2.4319108887e+03
2079,4.9436029792e-01,-4.9761655927e-01,-5.1383476257e+00,2.4318845215e+03
2080,4.9443227053e-01,-4.9754312634e-01,-8.8804616928e+00,2.4318586426e+03
2081,4.9411392212e-01,-4.9754068255e-01,-5.9875845909e+00,2.4318312988e+03
2082,4.9394762516e-01,-4.9730131030e-01,-8.4519710541e+00,2.4318032227e+03
2083,4.9341535568e-01,-4.9726065993e-01,-5.1574611664e+00,2.4317744141e+03
2084,4.9311295152e-01,-4.9666965008e-01,-7.6244392395e+00,2.4317436523e+03
2085,4.9249097705e-01,-4.9653339386e-01,-3.5537900925e+00,2.4317145996e+03
2086,4.9226036668e-01,-4.9649026990e-01,-1.0213601112e+01,2.4316853027e+03
2087,4.9198248982e-01,-4.9651786685e-01,-2.8247354031e+00,2.4316574707e+03
2088,4.9226030707e-01,-4.9641340971e-01,-1.0593996048e+01,2.4316298828e+03
2089,4.9235251546e-01,-4.9644878507e-01,-1.9168689251e+00,2.4316042480e+03
2090,4.9260264635e-01,-4.9650111794e-01,-8.3615331650e+00,2.4315771484e+03
2091,4.9301108718e-01,-4.9657633901e-01,-9.0725862980e-01,2.4315507812e+03
2092,4.9331152439e-01,-4.9651426077e-01,-9.9539928436e+00,2.4315217285e+03
2093,4.9341842532e-01,-4.9658742547e-01,-2.1960933506e-01,2.4314936523e+03
2094,4.9356743693e-01,-4.9639394879e-01,-1.2151494026e+01,2.4314643555e+03
2095,4.9364966154e-01,-4.9646133184e-01,-3.5631840229e+00,2.4314355469e+03
2096,4.9354276061e-01,-4.9651136994e-01,-6.8714976311e+00,2.4314069824e+03
2097,4.9341312051e-01,-4.9644199014e-01,-3.7738626003e+00,2.4313798828e+03
2098,4.9319463968e-01,-4.9656373262e-01,-8.7390003204e+00,2.4313530273e+03
2099,4.9318388104e-01,-4.9650663137e-01,-3.5295989513e+00,2.4313247070e+03
2100,4.9293848872e-01,-4.9665597081e-01,-8.1445846558e+00,2.4312980957e+03
2101,4.9291390181e-01,-4.9686235189e-01,-6.9541449547e+00,2.4312695312e+03
2102,4.9297499657e-01,-4.9700134993e-01,-9.9583864212e+00,2.4312390137e+03
2103,4.9294587970e-01,-4.9725005031e-01,-5.1121225357e+00,2.4312067871e+03
2104,4.9298748374e-01,-4.9714282155e-01,-8.2333421707e+00,2.4311750488e+03
2105,4.9292573333e-01,-4.9746549129e-01,-2.1247708797e+00,2.4311464844e+03
2106,4.9293637276e-01,-4.9747326970e-01,-1.1392463684e+01,2.4311198730e+03
2107,4.9304807186e-01,-4.9746185541e-01,-3.2009449005e+00,2.4310932617e+03
2108,4.9275404215e-01,-4.9749988317e-01,-8.7309589386e+00,2.4310681152e+03
2109,4.9259638786e-01,-4.9737149477e-01,-1.2148509026e+00,2.4310415039e+03
2110,4.9268177152e-01,-4.9721983075e-01,-1.0670248985e+01,2.4310131836e+03
2111,4.9254876375e-01,-4.9692040682e-01,-5.3251397610e-01,2.4309843750e+03
2112,4.9270415306e-01,-4.9666160345e-01,-1.1529366493e+01,2.4309567871e+03
2113,4.9232363701e-01,-4.9655449390e-01,-2.0361568928e+00,2.4309274902e+03
2114,4.9246260524e-01,-4.9631708860e-01,-1.0507628441e+01,2.4308984375e+03
2115,4.9269959331e-01,-4.9611312151e-01,-2.3403646946e+00,2.4308696289e+03
2116,4.9255076051e-01,-4.9617868662e-01,-1.2473251343e+01,2.4308393555e+03
2117,4.9270400405e-01,-4.9613296986e-01,-6.0459309816e-01,2.4308098145e+03
2118,4.9279350042e-01,-4.9615585804e-01,-1.2154334068e+01,2.4307802734e+03
2119,4.9281400442e-01,-4.9634101987e-01,8.7789046764e-01,2.4307504883e+03
2120,4.9286013842e-01,-4.9649578333e-01,-1.6156339645e+01,2.4307229004e+03
2121,4.9298858643e-01,-4.9655115604e-01,-1.2530336380e+00,2.4306953125e+03
2122,4.9283620715e-01,-4.9696585536e-01,-7.3175988197e+00,2.4306682129e+03
2123,4.9301698804e-01,-4.9711620808e-01,-2.1575016975e+00,2.4306398926e+03
2124,4.9297922850e-01,-4.9730646610e-01,-7.8546657562e+00,2.4306103516e+03
2125,4.9298021197e-01,-4.9734830856e-01,-3.1241786480e+00,2.4305805664e+03
2126,4.9304649234e-01,-4.9741563201e-01,-8.2106132507e+00,2.4305502930e+03
2127,4.9297660589e-01,-4.9747216702e-01,-2.9354796410e+00,2.4305200195e+03
2128,4.9299675226e-01,-4.9731770158e-01,-8.6214561462e+00,2.4304914551e+03
2129,4.9280846119e-01,-4.9725055695e-01,-6.4463871717e-01,2.4304626465e+03
2130,4.9274942279e-01,-4.9716973305e-01,-1.3968963623e+01,2.4304348145e+03
2131,4.9283280969e-01,-4.9709820747e-01,1.6671106815e+00,2.4304069824e+03
2132,4.9279722571e-01,-4.9723896384e-01,-1.7747737885e+01,2.4303791504e+03
2133,4.9307936430e-01,-4.9715477228e-01,-1.1243650913e+00,2.4303500977e+03
2134,4.9299180508e-01,-4.9724179506e-01,-5.7706503868e+00,2.4303203125e+03
2135,4.9292618036e-01,-4.9758034945e-01,-6.1934380531e+00,2.4302915039e+03
2136,4.9304735661e-01,-4.9756789207e-01,-6.5183615685e+00,2.4302622070e+03
2137,4.9285429716e-01,-4.9763292074e-01,-7.3077573776e+00,2.4302351074e+03
2138,4.9289149046e-01,-4.9726611376e-01,-6.1293892860e+00,2.4302077637e+03
2139,4.9248757958e-01,-4.9701905251e-01,-7.0894246101e+00,2.4301801758e+03
2140,4.9248230457e-01,-4.9644392729e-01,-6.2935400009e+00,2.4301503906e+03
2141,4.9202957749e-01,-4.9603694677e-01,-4.8164649010e+00,2.4301201172e+03
2142,4.9204960465e-01,-4.9545302987e-01,-6.2504277229e+00,2.4300895996e+03
2143,4.9168503284e-01,-4.9512311816e-01,-4.9653120041e+00,2.4300595703e+03
2144,4.9178293347e-01,-4.9473956227e-01,-8.4650220871e+00,2.4300314941e+03
2145,4.9168136716e-01,-4.9475836754e-01,-4.5454206467e+00,2.4300031738e+03
2146,4.9195787311e-01,-4.9482497573e-01,-7.1923365593e+00,2.4299758301e+03
2147,4.9250873923e-01,-4.9484613538e-01,-4.5917887688e+00,2.4299487305e+03
2148,4.9304822087e-01,-4.9506643414e-01,-6.4275603294e+00,2.4299191895e+03
2149,4.9342820048e-01,-4.9551343918e-01,-2.9188356400e+00,2.4298869629e+03
2150,4.9387031794e-01,-4.9603858590e-01,-6.0551271439e+00,2.4298552246e+03
2151,4.9409851432e-01,-4.9658399820e-01,-6.2180137634e+00,2.4298254395e+03
2152,4.9409806728e-01,-4.9714928865e-01,-7.6741895676e+00,2.4297978516e+03
2153,4.9387773871e-01,-4.9761337042e-01,-6.1267895699e+00,2.4297695312e+03
2154,4.9367046356e-01,-4.9796536565e-01,-8.7484703064e+00,2.4297414551e+03
2155,4.9301114678e-01,-4.9833232164e-01,-6.4727511406e+00,2.4297148438e+03
2156,4.9261978269e-01,-4.9837929010e-01,-7.3209547997e+00,2.4296860352e+03
2157,4.9227681756e-01,-4.9822947383e-01,-5.7058753967e+00,2.4296584473e+03
2158,4.9182909727e-01,-4.9805727601e-01,-8.2500009537e+00,2.4296296387e+03
2159,4.9145722389e-01,-4.9785029888e-01,-4.9626321793e+00,2.4296010742e+03
2160,4.9118396640e-01,-4.9714919925e-01,-9.2164487839e+00,2.4295715332e+03
2161,4.9093472958e-01,-4.9653890729e-01,-6.3314952850e+00,2.4295407715e+03
2162,4.9097549915e-01,-4.9593085051e-01,-5.2324681282e+00,2.4295107422e+03
2163,4.9126553535e-01,-4.9541130662e-01,-5.8818774223e+00,2.4294819336e+03
2164,4.9157401919e-01,-4.9499112368e-01,-3.4038119316e+00,2.4294548340e+03
2165,4.9191722274e-01,-4.9513292313e-01,-5.2702956200e+00,2.4294287109e+03
2166,4.9243581295e-01,-4.9492469430e-01,-3.2183759212e+00,2.4293996582e+03
2167,4.9285691977e-01,-4.9527785182e-01,-5.9815702438e+00,2.4293706055e+03
2168,4.9340638518e-01,-4.9554160237e-01,-4.1612415314e+00,2.4293391113e+03
2169,4.9376401305e-01,-4.9595668912e-01,-4.3577475548e+00,2.4293078613e+03
2170,4.9376568198e-01,-4.9617692828e-01,-8.2721767426e+00,2.4292775879e+03
2171,4.9410796165e-01,-4.9646034837e-01,-2.7910518646e+00,2.4292470703e+03
2172,4.9378186464e-01,-4.9665734172e-01,-9.2709617615e+00,2.4292180176e+03
2173,4.9369025230e-01,-4.9658653140e-01,-3.8008463383e+00,2.4291899414e+03
2174,4.9297690392e-01,-4.9663040042e-01,-9.2073774338e+00,2.4291604004e+03
2175,4.9259737134e-01,-4.9659872055e-01,-4.7749190331e+00,2.4291315918e+03
2176,4.9222075939e-01,-4.9664968252e-01,-1.0059339523e+01,2.4291030273e+03
2177,4.9199825525e-01,-4.9663633108e-01,-5.6225347519e+00,2.4290749512e+03
2178,4.9191144109e-01,-4.9660342932e-01,-7.9114942551e+00,2.4290461426e+03
2179,4.9182695150e-01,-4.9672928452e-01,-6.4853873253e+00,2.4290175781e+03
2180,4.9219232798e-01,-4.9662163854e-01,-6.5718398094e+00,2.4289873047e+03
2181,4.9228903651e-01,-4.9675798416e-01,-6.1772942543e+00,2.4289562988e+03
2182,4.9252873659e-01,-4.9669855833e-01,-6.2580399513e+00,2.4289255371e+03
2183,4.9262624979e-01,-4.9661192298e-01,-4.8284535408e+00,2.4288947754e+03
2184,4.9290561676e-01,-4.9627596140e-01,-4.9305434227e+00,2.4288666992e+03
2185,4.9283844233e-01,-4.9610975385e-01,-5.0546560287e+00,2.4288398438e+03
2186,4.9279850721e-01,-4.9590840936e-01,-7.5660462379e+00,2.4288139648e+03
2187,4.9251645803e-01,-4.9560561776e-01,-2.5060639381e+00,2.4287868652e+03
2188,4.9228861928e-01,-4.9541032314e-01,-8.1632518768e+00,2.4287575684e+03
2189,4.9229308963e-01,-4.9541255832e-01,-1.4065340757e+00,2.4287272949e+03
2190,4.9234095216e-01,-4.9557462335e-01,-9.9404401779e+00,2.4286958008e+03
2191,4.9234244227e-01,-4.9580484629e-01,-3.8488037586e+00,2.4286638184e+03
2192,4.9234798551e-01,-4.9596586823e-01,-6.3939781189e+00,2.4286320801e+03
2193,4.9237102270e-01,-4.9615827203e-01,-6.4266543388e+00,2.4286015625e+03
2194,4.9248445034e-01,-4.9631178379e-01,-6.5148124695e+00,2.4285715332e+03
2195,4.9236711860e-01,-4.9638852477e-01,-7.0434956551e+00,2.4285432129e+03
2196,4.9225935340e-01,-4.9613949656e-01,-6.1409764290e+00,2.4285146484e+03
2197,4.9199795723e-01,-4.9612605572e-01,-7.8004179001e+00,2.4284877930e+03
2198,4.9195435643e-01,-4.9606209993e-01,-4.7326359749e+00,2.4284599609e+03
2199,4.9187293649e-01,-4.9615836143e-01,-1.0062641144e+01,2.4284301758e+03
2200,4.9179190397e-01,-4.9597772956e-01,-5.6327862740e+00,2.4284008789e+03
2201,4.9169999361e-01,-4.9595636129e-01,-3.8215832710e+00,2.4283715820e+03
2202,4.9176573753e-01,-4.9574857950e-01,-6.9983420372e+00,2.4283417969e+03
2203,4.9203839898e-01,-4.9596145749e-01,-3.0143427849e+00,2.4283129883e+03
2204,4.9235406518e-01,-4.9585595727e-01,-5.9758405685e+00,2.4282849121e+03
2205,4.9253261089e-01,-4.9586352706e-01,-1.3241682053e+00,2.4282563477e+03
2206,4.9268272519e-01,-4.9573442340e-01,-7.6774120331e+00,2.4282265625e+03
2207,4.9289011955e-01,-4.9593147635e-01,-1.7450969219e+00,2.4281979980e+03
2208,4.9295663834e-01,-4.9587398767e-01,-1.0973660469e+01,2.4281694336e+03
2209,4.9289488792e-01,-4.9601018429e-01,7.8237479925e-01,2.4281420898e+03
2210,4.9287500978e-01,-4.9628403783e-01,-9.9397220612e+00,2.4281132812e+03
2211,4.9314346910e-01,-4.9633309245e-01,-4.3811302185e+00,2.4280859375e+03
2212,4.9345597625e-01,-4.9653378129e-01,-7.1498527527e+00,2.4280559082e+03
2213,4.9367749691e-01,-4.9680382013e-01,-4.8752088547e+00,2.4280253906e+03
2214,4.9387267232e-01,-4.9681892991e-01,-7.4150328636e+00,2.4279943848e+03
2215,4.9393469095e-01,-4.9705654383e-01,-4.5934772491e+00,2.4279648438e+03
2216,4.9392098188e-01,-4.9689170718e-01,-8.1410236359e+00,2.4279370117e+03
2217,4.9387660623e-01,-4.9695765972e-01,-1.1432607174e+00,2.4279104004e+03
2218,4.9387377501e-01,-4.9633881450e-01,-1.2257049561e+01,2.4278835449e+03
2219,4.9357539415e-01,-4.9610647559e-01,-3.0909073353e+00,2.4278544922e+03
2220,4.9323239923e-01,-4.9599543214e-01,-7.4017744064e+00,2.4278249512e+03
2221,4.9310112000e-01,-4.9561575055e-01,-3.9921708107e+00,2.4277966309e+03
2222,4.9289390445e-01,-4.9569270015e-01,-8.3974523544e+00,2.4277680664e+03
2223,4.9290177226e-01,-4.9544292688e-01,-3.6200578213e+00,2.4277387695e+03
2224,4.9285611510e-01,-4.9567121267e-01,-8.6394872665e+00,2.4277089844e+03
2225,4.9307197332e-01,-4.9562907219e-01,-5.1664781570e+00,2.4276801758e+03
2226,4.9325820804e-01,-4.9602907896e-01,-7.8418698311e+00,2.4276511230e+03
2227,4.9325537682e-01,-4.9609470367e-01,-2.5185062885e+00,2.4276225586e+03
2228,4.9309712648e-01,-4.9639111757e-01,-8.4315338135e+00,2.4275942383e+03
2229,4.9306583405e-01,-4.9633976817e-01,-1.6442058086e+00,2.4275673828e+03
2230,4.9277210236e-01,-4.9667042494e-01,-5.5306129456e+00,2.4275385742e+03
2231,4.9267831445e-01,-4.9689400196e-01,-4.9368700981e+00,2.4275112305e+03
2232,4.9234139919e-01,-4.9693927169e-01,-6.2231192589e+00,2.4274824219e+03
2233,4.9198943377e-01,-4.9708953500e-01,-2.7001769543e+00,2.4274526367e+03
2234,4.9184459448e-01,-4.9703368545e-01,-6.3631401062e+00,2.4274223633e+03
2235,4.9161362648e-01,-4.9721828103e-01,-2.7157642841e+00,2.4273935547e+03
2236,4.9157142639e-01,-4.9706661701e-01,-6.4695334435e+00,2.4273637695e+03
2237,4.9149939418e-01,-4.9685752392e-01,-1.8264394999e+00,2.4273339844e+03
2238,4.9126359820e-01,-4.9685534835e-01,-7.1208839417e+00,2.4273049316e+03
2239,4.9128752947e-01,-4.9652394652e-01,-3.5701446533e+00,2.4272756348e+03
2240,4.9110323191e-01,-4.9637192488e-01,-9.2974939346e+00,2.4272463379e+03
2241,4.9120396376e-01,-4.9589201808e-01,-4.6638708115e+00,2.4272185059e+03
2242,4.9119484425e-01,-4.9576541781e-01,-6.9044876099e+00,2.4271914062e+03
2243,4.9134823680e-01,-4.9569094181e-01,-8.6811647415e+00,2.4271630859e+03
2244,4.9131089449e-01,-4.9577510357e-01,-6.8702116013e+00,2.4271340332e+03
2245,4.9154669046e-01,-4.9582225084e-01,-5.9730806351e+00,2.4271035156e+03
2246,4.9196869135e-01,-4.9582067132e-01,-5.3663573265e+00,2.4270734863e+03
2247,4.9217140675e-01,-4.9602857232e-01,-6.9382762909e+00,2.4270437012e+03
2248,4.9238011241e-01,-4.9598303437e-01,-4.7050204277e+00,2.4270158691e+03
2249,4.9233990908e-01,-4.9597725272e-01,-7.0028491020e+00,2.4269868164e+03
2250,4.9250686169e-01,-4.9582648277e-01,-3.3529682159e+00,2.4269584961e+03
2251,4.9250501394e-01,-4.9552175403e-01,-5.2509784698e+00,2.4269287109e+03
2252,4.9236071110e-01,-4.9518486857e-01,-3.9475982189e+00,2.4268999023e+03
2253,4.9190047383e-01,-4.9519670010e-01,-5.5573396683e+00,2.4268706055e+03
2254,4.9185189605e-01,-4.9509751797e-01,-7.2062249184e+00,2.4268430176e+03
2255,4.9179702997e-01,-4.9501669407e-01,-3.9751265049e+00,2.4268178711e+03
2256,4.9169003963e-01,-4.9501863122e-01,-6.3649621010e+00,2.4267895508e+03
2257,4.9164262414e-01,-4.9504649639e-01,-4.9926390648e+00,2.4267604980e+03
2258,4.9179464579e-01,-4.9518588185e-01,-5.0787940025e+00,2.4267294922e+03
2259,4.9198654294e-01,-4.9510255456e-01,-4.5280027390e+00,2.4266997070e+03
2260,4.9208840728e-01,-4.9508294463e-01,-6.2203068733e+00,2.4266684570e+03
2261,4.9217191339e-01,-4.9499717355e-01,-4.1539545059e+00,2.4266381836e+03
2262,4.9216693640e-01,-4.9471712112e-01,-6.2115368843e+00,2.4266079102e+03
2263,4.9231550097e-01,-4.9437424541e-01,-3.2486119270e+00,2.4265759277e+03
2264,4.9208253622e-01,-4.9440103769e-01,-7.8005785942e+00,2.4265444336e+03
2265,4.9233597517e-01,-4.9406632781e-01,-4.2746129036e+00,2.4265136719e+03
2266,4.9227058887e-01,-4.9460738897e-01,-8.1213083267e+00,2.4264860840e+03
2267,4.9256861210e-01,-4.9486282468e-01,-5.9936137199e+00,2.4264599609e+03
2268,4.9297532439e-01,-4.9550831318e-01,-3.9816949368e+00,2.4264338379e+03
2269,4.9339684844e-01,-4.9616411328e-01,-8.1793012619e+00,2.4264045410e+03
2270,4.9373200536e-01,-4.9686783552e-01,-2.6088111401e+00,2.4263706055e+03
2271,4.9402371049e-01,-4.9732539058e-01,-8.8216276169e+00,2.4263364258e+03
2272,4.9414932728e-01,-4.9762555957e-01,-5.1732039452e+00,2.4263049316e+03
2273,4.9408540130e-01,-4.9783137441e-01,-5.0758204460e+00,2.4262734375e+03
2274,4.9377059937e-01,-4.9781054258e-01,-5.1744799614e+00,2.4262436523e+03
2275,4.9331897497e-01,-4.9745243788e-01,-6.4036188126e+00,2.4262143555e+03
2276,4.9264907837e-01,-4.9705508351e-01,-4.2073960304e+00,2.4261845703e+03
2277,4.9214735627e-01,-4.9662685394e-01,-7.8280205727e+00,2.4261518555e+03
2278,4.9208703637e-01,-4.9624985456e-01,-1.2317011356e+00,2.4261215820e+03
2279,4.9190109968e-01,-4.9607631564e-01,-4.6781702042e+00,2.4260917969e+03
2280,4.9216267467e-01,-4.9585813284e-01,-5.6036262512e+00,2.4260634766e+03
2281,4.9215075374e-01,-4.9617102742e-01,-4.6501951218e+00,2.4260373535e+03
2282,4.9251791835e-01,-4.9620994925e-01,-7.4554600716e+00,2.4260112305e+03
2283,4.9273177981e-01,-4.9635103345e-01,-5.6179056168e+00,2.4259826660e+03
2284,4.9306350946e-01,-4.9617904425e-01,-6.0916371346e+00,2.4259521484e+03
2285,4.9297648668e-01,-4.9625504017e-01,-5.4934630394e+00,2.4259223633e+03
2286,4.9314773083e-01,-4.9567949772e-01,-5.4516882896e+00,2.4258920898e+03
2287,4.9286046624e-01,-4.9554219842e-01,-4.0248475075e+00,2.4258627930e+03
2288,4.9250328541e-01,-4.9547857046e-01,-6.9497561455e+00,2.4258312988e+03
2289,4.9211955070e-01,-4.9521961808e-01,-1.7555427551e+00,2.4258012695e+03
2290,4.9177363515e-01,-4.9519130588e-01,-8.4666833878e+00,2.4257700195e+03
2291,4.9173194170e-01,-4.9511972070e-01,-1.1272214651e+00,2.4257387695e+03
2292,4.9155968428e-01,-4.9534580112e-01,-4.0556201935e+00,2.4257082520e+03
2293,4.9174818397e-01,-4.9561679363e-01,-6.7667036057e+00,2.4256782227e+03
2294,4.9189442396e-01,-4.9582740664e-01,-2.2549078465e+00,2.4256499023e+03
2295,4.9176236987e-01,-4.9614557624e-01,-9.0015640259e+00,2.4256223145e+03
2296,4.9193406105e-01,-4.9614912271e-01,-6.1704730988e+00,2.4255930176e+03
2297,4.9174275994e-01,-4.9621063471e-01,-7.8049259186e+00,2.4255620117e+03
2298,4.9161717296e-01,-4.9612790346e-01,-5.9248661995e+00,2.4255317383e+03
2299,4.9144753814e-01,-4.9575921893e-01,-5.4263801575e+00,2.4255014648e+03
2300,4.9107837677e-01,-4.9546259642e-01,-6.1638202667e+00,2.4254719238e+03
2301,4.9123603106e-01,-4.9483233690e-01,-5.2262077332e+00,2.4254428711e+03
2302,4.9121612310e-01,-4.9458226562e-01,-4.3236284256e+00,2.4254145508e+03
2303,4.9132642150e-01,-4.9435460567e-01,-8.9898118973e+00,2.4253840332e+03
2304,4.9160176516e-01,-4.9425381422e-01,-1.2094093859e-01,2.4253530273e+03
2305,4.9214941263e-01,-4.9445718527e-01,-9.5727338791e+00,2.4253229980e+03
2306,4.9276778102e-01,-4.9457171559e-01,7.8942352533e-01,2.4252939453e+03
2307,4.9326479435e-01,-4.9514952302e-01,-1.0141127586e+01,2.4252648926e+03
2308,4.9389168620e-01,-4.9552503228e-01,1.5740182996e-01,2.4252348633e+03
2309,4.9435365200e-01,-4.9598088861e-01,-1.0651868820e+01,2.4252048340e+03
2310,4.9463739991e-01,-4.9622136354e-01,-2.3253481388e+00,2.4251740723e+03
2311,4.9433803558e-01,-4.9665334821e-01,-6.8270130157e+00,2.4251425781e+03
2312,4.9432203174e-01,-4.9652165174e-01,-1.1920105219e+00,2.4251135254e+03
2313,4.9380972981e-01,-4.9642649293e-01,-9.0116834641e+00,2.4250832520e+03
2314,4.9336844683e-01,-4.9625983834e-01,1.2614921331e+00,2.4250529785e+03
2315,4.9272617698e-01,-4.9623894691e-01,-1.3722477913e+01,2.4250212402e+03
2316,4.9242013693e-01,-4.9599060416e-01,-4.1160402298e+00,2.4249912109e+03
2317,4.9183377624e-01,-4.9605464935e-01,-4.0594091415e+00,2.4249628906e+03
2318,4.9171224236e-01,-4.9578234553e-01,-3.9188547134e+00,2.4249350586e+03
2319,4.9155732989e-01,-4.9554046988e-01,-6.5512070656e+00,2.4249072266e+03
2320,4.9139356613e-01,-4.9536901712e-01,-3.4278478622e+00,2.4248784180e+03
2321,4.9159538746e-01,-4.9500826001e-01,-6.1260690689e+00,2.4248498535e+03
2322,4.9146485329e-01,-4.9487608671e-01,-2.9923949242e+00,2.4248200684e+03
2323,4.9165219069e-01,-4.9481803179e-01,-7.5875248909e+00,2.4247883301e+03
2324,4.9179530144e-01,-4.9474081397e-01,-2.1794447899e+00,2.4247578125e+03
2325,4.9200594425e-01,-4.9485874176e-01,-8.0232257843e+00,2.4247272949e+03
2326,4.9220144749e-01,-4.9509355426e-01,4.9243834615e-01,2.4247004395e+03
2327,4.9236828089e-01,-4.9539846182e-01,-1.1197902679e+01,2.4246728516e+03
2328,4.9254548550e-01,-4.9573823810e-01,-2.3882675171e+00,2.4246437988e+03
2329,4.9256983399e-01,-4.9626797438e-01,-7.8341293335e+00,2.4246132812e+03
2330,4.9247962236e-01,-4.9663108587e-01,-3.1865561008e+00,2.4245834961e+03
2331,4.9220579863e-01,-4.9666714668e-01,-8.6377573013e+00,2.4245502930e+03
2332,4.9199563265e-01,-4.9649840593e-01,5.9960615635e-01,2.4245197754e+03
2333,4.9172291160e-01,-4.9630412459e-01,-8.8385105133e+00,2.4244885254e+03
2334,4.9150040746e-01,-4.9613592029e-01,-5.9403258562e-01,2.4244584961e+03
2335,4.9124953151e-01,-4.9570760131e-01,-1.1848327637e+01,2.4244296875e+03
2336,4.9096050858e-01,-4.9551188946e-01,3.2852184772e+00,2.4244030762e+03
2337,4.9101290107e-01,-4.9518793821e-01,-1.5476842880e+01,2.4243752441e+03
2338,4.9126401544e-01,-4.9481335282e-01,4.5943263173e-01,2.4243476562e+03
2339,4.9149718881e-01,-4.9477830529e-01,-4.3242392540e+00,2.4243183594e+03
2340,4.9169343710e-01,-4.9464550614e-01,-3.9792761803e+00,2.4242890625e+03
2341,4.9222368002e-01,-4.9457171559e-01,-5.6110405922e+00,2.4242578125e+03
2342,4.9258992076e-01,-4.9474680424e-01,-3.8031306267e+00,2.4242277832e+03
2343,4.9335387349e-01,-4.9461373687e-01,-4.3698925972e+00,2.4241987305e+03
2344,4.9351844192e-01,-4.9513265491e-01,-2.7396929264e+00,2.4241689453e+03
2345,4.9406334758e-01,-4.9506691098e-01,-7.7676301003e+00,2.4241384277e+03
2346,4.9403291941e-01,-4.9535265565e-01,1.5737995505e-01,2.4241071777e+03
2347,4.9403733015e-01,-4.9509856105e-01,-1.4083528519e+01,2.4240764160e+03
2348,4.9362161756e-01,-4.9500739574e-01,2.3375766277e+00,2.4240461426e+03
2349,4.9345156550e-01,-4.9467790127e-01,-1.0099803925e+01,2.4240168457e+03
2350,4.9324238300e-01,-4.9433016777e-01,-5.2514467239e+00,2.4239887695e+03
2351,4.9287796021e-01,-4.9445846677e-01,-6.7153983116e+00,2.4239611816e+03
2352,4.9266082048e-01,-4.9422106147e-01,-4.7004995346e+00,2.4239316406e+03
2353,4.9242877960e-01,-4.9436017871e-01,-5.1976904869e+00,2.4239008789e+03
2354,4.9239662290e-01,-4.9456813931e-01,-5.6452155113e+00,2.4238715820e+03
2355,4.9257880449e-01,-4.9471914768e-01,-3.2020170689e+00,2.4238432617e+03
2356,4.9236643314e-01,-4.9520611763e-01,-6.0769629478e+00,2.4238144531e+03
2357,4.9248564243e-01,-4.9499857426e-01,-6.4574414492e-01,2.4237851562e+03
2358,4.9205282331e-01,-4.9537304044e-01,-5.5054674149e+00,2.4237558594e+03
2359,4.9207931757e-01,-4.9508777261e-01,-8.8531219959e-01,2.4237268066e+03
2360,4.9160155654e-01,-4.9525567889e-01,-7.2431440353e+00,2.4236943359e+03
2361,4.9112540483e-01,-4.9529737234e-01,-2.4798643589e+00,2.4236625977e+03
2362,4.9062079191e-01,-4.9544107914e-01,-6.6038560867e+00,2.4236313477e+03
2363,4.9034228921e-01,-4.9551647902e-01,-3.5660634041e+00,2.4236015625e+03
2364,4.9035489559e-01,-4.9563315511e-01,-6.2106571198e+00,2.4235720215e+03
2365,4.9024072289e-01,-4.9587512016e-01,-2.5525407791e+00,2.4235419922e+03
2366,4.9033969641e-01,-4.9600738287e-01,-8.0315914154e+00,2.4235134277e+03
2367,4.9044892192e-01,-4.9599382281e-01,-2.9907436371e+00,2.4234824219e+03
2368,4.9075159431e-01,-4.9592077732e-01,-8.9810161591e+00,2.4234514160e+03
2369,4.9075487256e-01,-4.9599871039e-01,-1.1178629398e+00,2.4234221191e+03
2370,4.9091526866e-01,-4.9560093880e-01,-8.7809658051e+00,2.4233940430e+03
2371,4.9109873176e-01,-4.9530702829e-01,-2.7570295334e+00,2.4233654785e+03
2372,4.9140280485e-01,-4.9508282542e-01,-8.3173570633e+00,2.4233361816e+03
2373,4.9156019092e-01,-4.9475067854e-01,-9.9981588125e-01,2.4233073730e+03
2374,4.9181500077e-01,-4.9472150207e-01,-8.4863681793e+00,2.4232768555e+03
2375,4.9201503396e-01,-4.9482151866e-01,4.5895019174e-01,2.4232453613e+03
2376,4.9242368340e-01,-4.9473330379e-01,-1.0243599892e+01,2.4232148438e+03
2377,4.9235564470e-01,-4.9492856860e-01,3.3758537769e+00,2.4231848145e+03
2378,4.9260914326e-01,-4.9482247233e-01,-8.5851478577e+00,2.4231550293e+03
2379,4.9293044209e-01,-4.9473407865e-01,-4.6402516365e+00,2.4231259766e+03
2380,4.9266561866e-01,-4.9500870705e-01,-8.6896362305e+00,2.4230969238e+03
2381,4.9269273877e-01,-4.9527102709e-01,-4.3734703064e+00,2.4230695801e+03
2382,4.9238806963e-01,-4.9545279145e-01,-7.3707380295e+00,2.4230415039e+03
2383,4.9217584729e-01,-4.9585175514e-01,-5.8366842270e+00,2.4230141602e+03
2384,4.9187141657e-01,-4.9624791741e-01,-4.4480781555e+00,2.4229858398e+03
2385,4.9186426401e-01,-4.9647194147e-01,-6.4878835678e+00,2.4229570312e+03
2386,4.9155995250e-01,-4.9643635750e-01,-4.3771510124e+00,2.4229262695e+03
2387,4.9149173498e-01,-4.9632516503e-01,-4.8982686996e+00,2.4228952637e+03
2388,4.9125564098e-01,-4.9632263184e-01,-3.6128950119e+00,2.4228640137e+03
2389,4.9120375514e-01,-4.9587926269e-01,-5.1236457825e+00,2.4228312988e+03
2390,4.9097570777e-01,-4.9546268582e-01,-1.1541609764e+00,2.4228000488e+03
2391,4.9087938666e-01,-4.9495550990e-01,-6.1585211754e+00,2.4227695312e+03
2392,4.9072155356e-01,-4.9472793937e-01,-1.3297920227e+00,2.4227414551e+03
2393,4.9069675803e-01,-4.9455323815e-01,-9.1863899231e+00,2.4227133789e+03
2394,4.9090144038e-01,-4.9444690347e-01,-2.0723286271e-01,2.4226840820e+03
2395,4.9093711376e-01,-4.9461126328e-01,-1.0066215515e+01,2.4226545410e+03
2396,4.9130031466e-01,-4.9474298954e-01,1.8234533072e+00,2.4226250000e+03
2397,4.9169015884e-01,-4.9506253004e-01,-1.2584390640e+01,2.4225939941e+03
2398,4.9213838577e-01,-4.9553939700e-01,5.2691674232e+00,2.4225625000e+03
2399,4.9244695902e-01,-4.9596923590e-01,-7.5849123001e+00,2.4225312500e+03
2400,4.9290123582e-01,-4.9607792497e-01,-5.1398935318e+00,2.4225021973e+03
2401,4.9287658930e-01,-4.9650001526e-01,-5.9310011864e+00,2.4224741211e+03
2402,4.9301710725e-01,-4.9653619528e-01,-5.0027832985e+00,2.4224450684e+03
2403,4.9282616377e-01,-4.9641692638e-01,-5.6966257095e+00,2.4224167480e+03
2404,4.9272647500e-01,-4.9629351497e-01,-4.8333554268e+00,2.4223876953e+03
2405,4.9251717329e-01,-4.9612194300e-01,-2.3056612015e+00,2.4223583984e+03
2406,4.9231901765e-01,-4.9601176381e-01,-7.3488335609e+00,2.4223283691e+03
2407,4.9235272408e-01,-4.9583050609e-01,-2.4677288532e+00,2.4222990723e+03
2408,4.9238756299e-01,-4.9569365382e-01,-7.8448891640e+00,2.4222695312e+03
2409,4.9252352118e-01,-4.9559381604e-01,-4.6941685677e-01,2.4222404785e+03
2410,4.9266698956e-01,-4.9537578225e-01,-6.7611236572e+00,2.4222111816e+03
2411,4.9263975024e-01,-4.9530649185e-01,-5.1650247574e+00,2.4221818848e+03
2412,4.9298635125e-01,-4.9514451623e-01,-5.2547926903e+00,2.4221528320e+03
2413,4.9281811714e-01,-4.9502143264e-01,-5.7781062126e+00,2.4221237793e+03
2414,4.9272370338e-01,-4.9501580000e-01,-6.5449266434e+00,2.4220922852e+03
2415,4.9234151840e-01,-4.9514412880e-01,-6.3244128227e+00,2.4220615234e+03
2416,4.9246332049e-01,-4.9530169368e-01,-5.7275533676e+00,2.4220322266e+03
2417,4.9233138561e-01,-4.9550527334e-01,-5.2766551971e+00,2.4220014648e+03
2418,4.9256983399e-01,-4.9558559060e-01,-4.5349841118e+00,2.4219721680e+03
2419,4.9228373170e-01,-4.9572727084e-01,-3.9427130222e+00,2.4219450684e+03
2420,4.9258717895e-01,-4.9574378133e-01,-4.3938856125e+00,2.4219169922e+03
2421,4.9250230193e-01,-4.9565690756e-01,-2.2675993443e+00,2.4218884277e+03
2422,4.9220597744e-01,-4.9570140243e-01,-5.3999009132e+00,2.4218576660e+03
2423,4.9203222990e-01,-4.9564465880e-01,-1.5391948223e+00,2.4218273926e+03
2424,4.9180418253e-01,-4.9551156163e-01,-6.8102049828e+00,2.4217958984e+03
2425,4.9162781239e-01,-4.9541720748e-01,-1.4366978407e+00,2.4217658691e+03
2426,4.9144306779e-01,-4.9517995119e-01,-5.8578534126e+00,2.4217368164e+03
2427,4.9136593938e-01,-4.9502554536e-01,-2.4068169594e+00,2.4217102051e+03
2428,4.9111571908e-01,-4.9492827058e-01,-6.8177556992e+00,2.4216828613e+03
2429,4.9109467864e-01,-4.9485039711e-01,-3.4776000977e+00,2.4216550293e+03
2430,4.9109187722e-01,-4.9467417598e-01,-5.5018663406e+00,2.4216250000e+03
2431,4.9096298218e-01,-4.9475845695e-01,-3.0494503975e+00,2.4215932617e+03
2432,4.9115571380e-01,-4.9451410770e-01,-6.5416545868e+00,2.4215615234e+03
2433,4.9124041200e-01,-4.9453943968e-01,-2.2211756706e+00,2.4215288086e+03
2434,4.9159359932e-01,-4.9432247877e-01,-7.5129256248e+00,2.4214965820e+03
2435,4.9174031615e-01,-4.9443408847e-01,-2.1931614876e+00,2.4214670410e+03
2436,4.9199759960e-01,-4.9457809329e-01,-4.9794654846e+00,2.4214392090e+03
2437,4.9223026633e-01,-4.9453628063e-01,-2.4623756409e+00,2.4214104004e+03
2438,4.9237176776e-01,-4.9469158053e-01,-6.1129164696e+00,2.4213808594e+03
2439,4.9263787270e-01,-4.9485766888e-01,-2.5979578495e+00,2.4213520508e+03
2440,4.9285250902e-01,-4.9518156052e-01,-5.6200370789e+00,2.4213237305e+03
2441,4.9297964573e-01,-4.9539047480e-01,-2.5931437016e+00,2.4212944336e+03
2442,4.9315851927e-01,-4.9546232820e-01,-6.2368521690e+00,2.4212663574e+03
2443,4.9301761389e-01,-4.9557930231e-01,-2.6343407631e+00,2.4212375488e+03
2444,4.9297228456e-01,-4.9554011226e-01,-8.1970815659e+00,2.4212058105e+03
2445,4.9254617095e-01,-4.9541470408e-01,-4.5674014091e+00,2.4211760254e+03
2446,4.9213433266e-01,-4.9545454979e-01,-4.1541256905e+00,2.4211467285e+03
2447,4.9188730121e-01,-4.9533703923e-01,-2.7300970554e+00,2.4211176758e+03
2448,4.9159148335e-01,-4.9530202150e-01,-4.1508636475e+00,2.4210893555e+03
2449,4.9139446020e-01,-4.9528318644e-01,-6.1707167625e+00,2.4210593262e+03
2450,4.9111968279e-01,-4.9512487650e-01,-4.6139912605e+00,2.4210283203e+03
2451,4.9115645885e-01,-4.9493166804e-01,-6.8955273628e+00,2.4209968262e+03
2452,4.9102666974e-01,-4.9466347694e-01,-1.8024805784e+00,2.4209665527e+03
2453,4.9122548103e-01,-4.9433401227e-01,-6.5015354156e+00,2.4209370117e+03
2454,4.9117198586e-01,-4.9407958984e-01,-2.2756934166e+00,2.4209064941e+03
2455,4.9131655693e-01,-4.9375295639e-01,-7.9111042023e+00,2.4208764648e+03
2456,4.9141886830e-01,-4.9354743958e-01,-1.2019872665e+00,2.4208483887e+03
2457,4.9167713523e-01,-4.9355474114e-01,-8.3625087738e+00,2.4208178711e+03
2458,4.9195733666e-01,-4.9350687861e-01,-2.1096487343e-01,2.4207871094e+03
2459,4.9234455824e-01,-4.9374404550e-01,-9.4037437439e+00,2.4207570801e+03
2460,4.9263778329e-01,-4.9377286434e-01,3.4083652496e-01,2.4207285156e+03
2461,4.9290248752e-01,-4.9412104487e-01,-9.1849870682e+00,2.4206997070e+03
2462,4.9312266707e-01,-4.9415376782e-01,1.8937391043e+00,2.4206711426e+03
2463,4.9307531118e-01,-4.9440282583e-01,-7.6096196175e+00,2.4206425781e+03
2464,4.9311316013e-01,-4.9423474073e-01,-2.0587666035e+00,2.4206108398e+03
2465,4.9313142896e-01,-4.9405759573e-01,-5.5957636833e+00,2.4205788574e+03
2466,4.9293142557e-01,-4.9409717321e-01,9.6713483334e-02,2.4205468750e+03
2467,4.9294924736e-01,-4.9390390515e-01,-5.1648025513e+00,2.4205163574e+03
2468,4.9267518520e-01,-4.9398639798e-01,-2.2915995121e+00,2.4204858398e+03
2469,4.9242365360e-01,-4.9403145909e-01,-7.2031693459e+00,2.4204565430e+03
2470,4.9210509658e-01,-4.9405360222e-01,4.4440859556e-01,2.4204265137e+03
2471,4.9224954844e-01,-4.9418938160e-01,-7.8635611534e+00,2.4203967285e+03
2472,4.9211293459e-01,-4.9449393153e-01,2.3682665825e+00,2.4203664551e+03
2473,4.9214217067e-01,-4.9461072683e-01,-1.3232706070e+01,2.4203342285e+03
2474,4.9199995399e-01,-4.9462196231e-01,-2.7447056770e+00,2.4203017578e+03
2475,4.9179202318e-01,-4.9466305971e-01,-3.4970986843e+00,2.4202702637e+03
2476,4.9173057079e-01,-4.9445307255e-01,-5.5173053741e+00,2.4202382812e+03
2477,4.9137866497e-01,-4.9423885345e-01,-2.8509018421e+00,2.4202070312e+03
2478,4.9115440249e-01,-4.9381923676e-01,-4.3744153976e+00,2.4201791992e+03
2479,4.9099573493e-01,-4.9356654286e-01,-3.6368322372e+00,2.4201520996e+03
2480,4.9089908600e-01,-4.9346339703e-01,-7.1480751038e+00,2.4201240234e+03
2481,4.9085444212e-01,-4.9335181713e-01,-1.6120644808e+00,2.4200957031e+03
2482,4.9100697041e-01,-4.9349993467e-01,-6.2830762863e+00,2.4200656738e+03
2483,4.9129474163e-01,-4.9363729358e-01,-1.4840798378e+00,2.4200349121e+03
2484,4.9169290066e-01,-4.9403575063e-01,-9.3382415771e+00,2.4200029297e+03
2485,4.9204507470e-01,-4.9437475204e-01,6.9729006290e-01,2.4199719238e+03
2486,4.9243223667e-01,-4.9487274885e-01,-5.0947427750e+00,2.4199421387e+03
2487,4.9275264144e-01,-4.9511528015e-01,-3.2278227806e+00,2.4199121094e+03
2488,4.9291020632e-01,-4.9526587129e-01,-2.1500170231e+00,2.4198815918e+03
2489,4.9293780327e-01,-4.9532008171e-01,-5.0356283188e+00,2.4198500977e+03
2490,4.9277251959e-01,-4.9548241496e-01,-4.5219221115e+00,2.4198190918e+03
2491,4.9250376225e-01,-4.9558362365e-01,-3.2709655762e+00,2.4197900391e+03
2492,4.9224540591e-01,-4.9564686418e-01,-4.2899851799e+00,2.4197614746e+03
2493,4.9203246832e-01,-4.9571254849e-01,-4.2197294235e+00,2.4197341309e+03
2494,4.9197319150e-01,-4.9581867456e-01,-5.6254501343e+00,2.4197060547e+03
2495,4.9183407426e-01,-4.9615302682e-01,-5.1882314682e+00,2.4196765137e+03
2496,4.9198186398e-01,-4.9621909857e-01,-6.1564679146e+00,2.4196455078e+03
2497,4.9197173119e-01,-4.9617657065e-01,-2.4712431431e+00,2.4196149902e+03
2498,4.9185529351e-01,-4.9608725309e-01,-7.9099760056e+00,2.4195832520e+03
2499,4.9171319604e-01,-4.9599668384e-01,-2.9003243446e+00,2.4195507812e+03
2500,4.9162331223e-01,-4.9570247531e-01,-8.6852111816e+00,2.4195185547e+03
2501,4.9143964052e-01,-4.9520900846e-01,-1.3237352371e+00,2.4194885254e+03
2502,4.9112877250e-01,-4.9487462640e-01,-8.3088312149e+00,2.4194580078e+03
2503,4.9091210961e-01,-4.9452185631e-01,1.0235273838e+00,2.4194279785e+03
2504,4.9101173878e-01,-4.9400264025e-01,-8.2191238403e+00,2.4193979492e+03
2505,4.9098280072e-01,-4.9391138554e-01,4.2268228531e+00,2.4193701172e+03
2506,4.9117740989e-01,-4.9351552129e-01,-1.2704819679e+01,2.4193415527e+03
2507,4.9150764942e-01,-4.9311268330e-01,1.6400924921e+00,2.4193115234e+03
2508,4.9157145619e-01,-4.9310883880e-01,-2.7340550423e+00,2.4192795410e+03
2509,4.9193874002e-01,-4.9290794134e-01,-1.9146038294e+00,2.4192490234e+03
2510,4.9209323525e-01,-4.9298143387e-01,-3.4004654884e+00,2.4192192383e+03
2511,4.9223515391e-01,-4.9318885803e-01,-4.4799375534e+00,2.4191887207e+03
2512,4.9218440056e-01,-4.9365690351e-01,-3.4209942818e+00,2.4191591797e+03
2513,4.9261030555e-01,-4.9393671751e-01,-5.9215602875e+00,2.4191298828e+03
2514,4.9272760749e-01,-4.9431267381e-01,-2.8165705204e+00,2.4190993652e+03
2515,4.9254423380e-01,-4.9497780204e-01,-5.6683926582e+00,2.4190695801e+03
2516,4.9241840839e-01,-4.9521729350e-01,-3.5781443119e+00,2.4190390625e+03
2517,4.9216729403e-01,-4.9564242363e-01,-6.1466474533e+00,2.4190092773e+03
2518,4.9187636375e-01,-4.9563017488e-01,-4.3519406319e+00,2.4189775391e+03
2519,4.9164977670e-01,-4.9592807889e-01,-4.4735255241e+00,2.4189470215e+03
2520,4.9131911993e-01,-4.9601739645e-01,-4.9214754105e+00,2.4189165039e+03
2521,4.9106818438e-01,-4.9593526125e-01,-4.9108471870e+00,2.4188857422e+03
2522,4.9072566628e-01,-4.9618595839e-01,-5.7798953056e+00,2.4188552246e+03
2523,4.9066525698e-01,-4.9594619870e-01,-4.3504767418e+00,2.4188254395e+03
2524,4.9051904678e-01,-4.9588572979e-01,-5.6966466904e+00,2.4187951660e+03
2525,4.9047595263e-01,-4.9556747079e-01,-2.6050534248e+00,2.4187653809e+03
2526,4.9041333795e-01,-4.9540588260e-01,-5.1714124680e+00,2.4187343750e+03
2527,4.9041244388e-01,-4.9494397640e-01,-2.8066499233e+00,2.4187023926e+03
2528,4.9017843604e-01,-4.9462899566e-01,-5.1687464714e+00,2.4186708984e+03
2529,4.9025386572e-01,-4.9424031377e-01,-2.2480704784e+00,2.4186411133e+03
2530,4.9021929502e-01,-4.9381208420e-01,-5.3025588989e+00,2.4186115723e+03
2531,4.9036127329e-01,-4.9317881465e-01,-4.0957555771e+00,2.4185825195e+03
2532,4.9047720432e-01,-4.9268463254e-01,-4.5171751976e+00,2.4185524902e+03
2533,4.9046489596e-01,-4.9253013730e-01,-3.9279019833e+00,2.4185224609e+03
2534,4.9104315042e-01,-4.9210399389e-01,-3.7397396564e+00,2.4184919434e+03
2535,4.9120992422e-01,-4.9229568243e-01,-4.3276166916e+00,2.4184628906e+03
2536,4.9177089334e-01,-4.9232405424e-01,-5.0018458366e+00,2.4184326172e+03
2537,4.9229577184e-01,-4.9261924624e-01,-4.0776610374e+00,2.4184035645e+03
2538,4.9271258712e-01,-4.9295035005e-01,-4.9948401451e+00,2.4183745117e+03
2539,4.9318784475e-01,-4.9319228530e-01,-3.0042121410e+00,2.4183447266e+03
2540,4.9335780740e-01,-4.9323415756e-01,-5.3871650696e+00,2.4183139648e+03
2541,4.9355760217e-01,-4.9324694276e-01,-3.2637126446e+00,2.4182836914e+03
2542,4.9328207970e-01,-4.9319079518e-01,-6.7134242058e+00,2.4182539062e+03
2543,4.9319052696e-01,-4.9307286739e-01,-3.9283769131e+00,2.4182229004e+03
2544,4.9275550246e-01,-4.9311992526e-01,-4.7291183472e+00,2.4181928711e+03
2545,4.9247896671e-01,-4.9297347665e-01,-3.5194613934e+00,2.4181618652e+03
2546,4.9226614833e-01,-4.9300059676e-01,-2.9262533188e+00,2.4181303711e+03
2547,4.9196252227e-01,-4.9306663871e-01,-3.5577795506e+00,2.4180988770e+03
2548,4.9180850387e-01,-4.9355033040e-01,-4.3100495338e+00,2.4180688477e+03
2549,4.9182081223e-01,-4.9373921752e-01,-3.9613859653e+00,2.4180402832e+03
2550,4.9170830846e-01,-4.9386879802e-01,-3.6448979378e+00,2.4180119629e+03
2551,4.9175387621e-01,-4.9396952987e-01,-4.9623579979e+00,2.4179829102e+03
2552,4.9170744419e-01,-4.9397137761e-01,-3.6944668293e+00,2.4179543457e+03
2553,4.9165198207e-01,-4.9402257800e-01,-4.2696986198e+00,2.4179233398e+03
2554,4.9161541462e-01,-4.9391135573e-01,-2.4558784962e+00,2.4178928223e+03
2555,4.9134415388e-01,-4.9379098415e-01,-4.2044568062e+00,2.4178603516e+03
2556,4.9111664295e-01,-4.9378505349e-01,-3.8535397053e+00,2.4178281250e+03
2557,4.9100363255e-01,-4.9372833967e-01,-3.9211030006e+00,2.4177949219e+03
2558,4.9080157280e-01,-4.9387049675e-01,-5.0677471161e+00,2.4177636719e+03
2559,4.9083665013e-01,-4.9382945895e-01,-3.3749461174e+00,2.4177353516e+03
2560,4.9097052217e-01,-4.9387869239e-01,-4.5429463387e+00,2.4177075195e+03
2561,4.9093088508e-01,-4.9395078421e-01,-3.8334965706e+00,2.4176787109e+03
2562,4.9097779393e-01,-4.9405810237e-01,-3.9680860043e+00,2.4176496582e+03
2563,4.9096667767e-01,-4.9400728941e-01,-5.4943509102e+00,2.4176186523e+03
2564,4.9091550708e-01,-4.9403432012e-01,-2.3373808861e+00,2.4175874023e+03
2565,4.9080312252e-01,-4.9400371313e-01,-3.0903477669e+00,2.4175561523e+03
2566,4.9068313837e-01,-4.9389716983e-01,-3.7161283493e+00,2.4175263672e+03
2567,4.9062371254e-01,-4.9399664998e-01,-3.2960748672e+00,2.4174973145e+03
2568,4.9042743444e-01,-4.9401271343e-01,-3.5722968578e+00,2.4174699707e+03
2569,4.9055206776e-01,-4.9424421787e-01,-4.5522561073e+00,2.4174416504e+03
2570,4.9055624008e-01,-4.9446743727e-01,-3.3225882053e+00,2.4174116211e+03
2571,4.9066787958e-01,-4.9469846487e-01,-3.8626756668e+00,2.4173820801e+03
2572,4.9084120989e-01,-4.9467244744e-01,-5.0404901505e+00,2.4173508301e+03
2573,4.9099612236e-01,-4.9476107955e-01,-4.0502147675e+00,2.4173198242e+03
2574,4.9112263322e-01,-4.9503931403e-01,-5.1896200180e+00,2.4172902832e+03
2575,4.9127250910e-01,-4.9508884549e-01,-3.0044674873e+00,2.4172604980e+03
2576,4.9138519168e-01,-4.9520680308e-01,-5.0418601036e+00,2.4172319336e+03
2577,4.9135529995e-01,-4.9531567097e-01,-2.8556730747e+00,2.4172036133e+03
2578,4.9145042896e-01,-4.9537822604e-01,-4.6912293434e+00,2.4171755371e+03
2579,4.9148687720e-01,-4.9545216560e-01,-2.6101145744e+00,2.4171452637e+03
2580,4.9161669612e-01,-4.9521130323e-01,-6.0511522293e+00,2.4171137695e+03
2581,4.9171313643e-01,-4.9492648244e-01,-9.6321463585e-01,2.4170817871e+03
2582,4.9157163501e-01,-4.9454179406e-01,-6.5137171745e+00,2.4170502930e+03
2583,4.9174332619e-01,-4.9415251613e-01,1.0499227047e-01,2.4170192871e+03
2584,4.9157452583e-01,-4.9401545525e-01,-5.1802811623e+00,2.4169870605e+03
2585,4.9154597521e-01,-4.9369698763e-01,-4.7942318916e+00,2.4169580078e+03
2586,4.9159494042e-01,-4.9340939522e-01,-4.0477740765e-01,2.4169299316e+03
2587,4.9167603254e-01,-4.9349156022e-01,-5.5324373245e+00,2.4169035645e+03
2588,4.9200537801e-01,-4.9340316653e-01,-2.6864881516e+00,2.4168747559e+03
2589,4.9223646522e-01,-4.9358084798e-01,-6.7226829529e+00,2.4168454590e+03
2590,4.9263492227e-01,-4.9342155457e-01,-1.8364198208e+00,2.4168139648e+03
2591,4.9284860492e-01,-4.9379611015e-01,-5.9724082947e+00,2.4167814941e+03
2592,4.9314144254e-01,-4.9381637573e-01,-3.4698214531e+00,2.4167490234e+03
2593,4.9313151836e-01,-4.9398401380e-01,-3.3233211040e+00,2.4167170410e+03
2594,4.9310871959e-01,-4.9428114295e-01,-4.5901265144e+00,2.4166865234e+03
2595,4.9326977134e-01,-4.9435725808e-01,-2.5804722309e+00,2.4166572266e+03
2596,4.9287542701e-01,-4.9481520057e-01,-4.4931330681e+00,2.4166271973e+03
2597,4.9287125468e-01,-4.9467632174e-01,-3.1712126732e+00,2.4165957031e+03
2598,4.9235671759e-01,-4.9503284693e-01,-3.3015966415e+00,2.4165644531e+03
2599,4.9210849404e-01,-4.9493834376e-01,-4.9140176773e+00,2.4165358887e+03
2600,4.9171188474e-01,-4.9492228031e-01,-1.5384315252e+00,2.4165075684e+03
2601,4.9128687382e-01,-4.9474650621e-01,-5.8290419579e+00,2.4164797363e+03
2602,4.9087819457e-01,-4.9454998970e-01,-1.3489233255e+00,2.4164501953e+03
2603,4.9057677388e-01,-4.9430224299e-01,-3.2070968151e+00,2.4164187012e+03
2604,4.9028959870e-01,-4.9414464831e-01,-5.0990414619e+00,2.4163869629e+03
2605,4.9024617672e-01,-4.9409440160e-01,-2.4951951504e+00,2.4163554688e+03
2606,4.9020317197e-01,-4.9408897758e-01,-5.1973748207e+00,2.4163254395e+03
2607,4.9040567875e-01,-4.9421572685e-01,-2.4516777992e+00,2.4162968750e+03
2608,4.9072575569e-01,-4.9442479014e-01,-6.3745155334e+00,2.4162680664e+03
2609,4.9111479521e-01,-4.9452877045e-01,-2.1929492950e+00,2.4162385254e+03
2610,4.9164006114e-01,-4.9456161261e-01,-2.3653559685e+00,2.4162065430e+03
2611,4.9191251397e-01,-4.9463802576e-01,-4.5555729866e+00,2.4161748047e+03
2612,4.9205929041e-01,-4.9453532696e-01,-3.6956949234e+00,2.4161425781e+03
2613,4.9228861928e-01,-4.9422168732e-01,-3.3991744518e+00,2.4161113281e+03
2614,4.9219709635e-01,-4.9382796884e-01,-3.5876469612e+00,2.4160812988e+03
2615,4.9212175608e-01,-4.9346095324e-01,-2.7300817966e+00,2.4160517578e+03
2616,4.9192273617e-01,-4.9322757125e-01,-4.2117357254e+00,2.4160234375e+03
2617,4.9176713824e-01,-4.9323591590e-01,-3.8211483955e+00,2.4159931641e+03
2618,4.9177977443e-01,-4.9317553639e-01,-3.4120731354e+00,2.4159621582e+03
2619,4.9185982347e-01,-4.9342864752e-01,-5.2945885658e+00,2.4159301758e+03
2620,4.9218025804e-01,-4.9346020818e-01,-5.3101363182e+00,2.4158979492e+03
2621,4.9226850271e-01,-4.9369868636e-01,-2.5918731689e+00,2.4158662109e+03
2622,4.9249187112e-01,-4.9368220568e-01,-3.8866560459e+00,2.4158342285e+03
2623,4.9226528406e-01,-4.9408748746e-01,-3.7436504364e+00,2.4158024902e+03
2624,4.9233001471e-01,-4.9388143420e-01,-3.7795047760e+00,2.4157722168e+03
2625,4.9200370908e-01,-4.9417176843e-01,-5.1981506348e+00,2.4157416992e+03
2626,4.9153697491e-01,-4.9396234751e-01,-5.5899057388e+00,2.4157126465e+03
2627,4.9113297462e-01,-4.9415609241e-01,-5.3992056847e+00,2.4156826172e+03
2628,4.9072694778e-01,-4.9408307672e-01,-3.6866612434e+00,2.4156528320e+03
2629,4.9046278000e-01,-4.9436059594e-01,-5.7602634430e+00,2.4156237793e+03
2630,4.9031323195e-01,-4.9396258593e-01,-2.1529173851e+00,2.4155954590e+03
2631,4.9002292752e-01,-4.9408468604e-01,-3.4932405949e+00,2.4155676270e+03
2632,4.8996937275e-01,-4.9395394325e-01,-4.6911239624e+00,2.4155383301e+03
2633,4.9009591341e-01,-4.9378472567e-01,-2.7369515896e+00,2.4155087891e+03
2634,4.9012506008e-01,-4.9388238788e-01,-4.1135478020e+00,2.4154780273e+03
2635,4.9024361372e-01,-4.9371463060e-01,-2.4288988113e+00,2.4154475098e+03
2636,4.9019807577e-01,-4.9360251427e-01,-3.3244609833e+00,2.4154169922e+03
2637,4.9033594131e-01,-4.9338474870e-01,-2.7554657459e+00,2.4153872070e+03
2638,4.9063709378e-01,-4.9313980341e-01,-4.3072438240e+00,2.4153557129e+03
2639,4.9083179235e-01,-4.9305719137e-01,-3.0401594639e+00,2.4153254395e+03
2640,4.9094402790e-01,-4.9278178811e-01,-5.0269150734e+00,2.4152956543e+03
2641,4.9107974768e-01,-4.9242341518e-01,-5.3577817976e-02,2.4152656250e+03
2642,4.9134171009e-01,-4.9190527201e-01,-5.4887900352e+00,2.4152363281e+03
2643,4.9172741175e-01,-4.9143806100e-01,8.4112985060e-03,2.4152077637e+03
2644,4.9179717898e-01,-4.9138095975e-01,-6.2473621368e+00,2.4151782227e+03
2645,4.9189037085e-01,-4.9098953605e-01,-7.2256118059e-01,2.4151489258e+03
2646,4.9195548892e-01,-4.9134853482e-01,-7.0846095085e+00,2.4151176758e+03
2647,4.9205633998e-01,-4.9150863290e-01,-2.5527843833e-01,2.4150849609e+03
2648,4.9224171042e-01,-4.9193835258e-01,-6.2774677277e+00,2.4150529785e+03
2649,4.9216616154e-01,-4.9268382788e-01,-2.7299692631e+00,2.4150200195e+03
2650,4.9217239022e-01,-4.9338781834e-01,-6.7397737503e+00,2.4149892578e+03
2651,4.9221950769e-01,-4.9392962456e-01,-1.9399513006e+00,2.4149604492e+03
2652,4.9225267768e-01,-4.9425163865e-01,-5.6049771309e+00,2.4149326172e+03
2653,4.9188342690e-01,-4.9455261230e-01,-1.0348744392e+00,2.4149052734e+03
2654,4.9180695415e-01,-4.9443039298e-01,-5.7112746239e+00,2.4148745117e+03
2655,4.9132955074e-01,-4.9449214339e-01,-9.0392249823e-01,2.4148420410e+03
2656,4.9085190892e-01,-4.9447438121e-01,-5.6643853188e+00,2.4148090820e+03
2657,4.9025952816e-01,-4.9448987842e-01,-1.9116030931e+00,2.4147780762e+03
2658,4.9007472396e-01,-4.9434801936e-01,-4.4345088005e+00,2.4147478027e+03
2659,4.8984980583e-01,-4.9424672127e-01,-1.3473355770e+00,2.4147187500e+03
2660,4.8975560069e-01,-4.9423885345e-01,-3.5203154087e+00,2.4146879883e+03
2661,4.8998528719e-01,-4.9414029717e-01,-3.6448192596e+00,2.4146589355e+03
2662,4.9004605412e-01,-4.9399417639e-01,-5.4336776733e+00,2.4146291504e+03
2663,4.9042659998e-01,-4.9377325177e-01,-3.6398766041e+00,2.4145971680e+03
2664,4.9054354429e-01,-4.9353393912e-01,-5.1745052338e+00,2.4145683594e+03
2665,4.9073341489e-01,-4.9312019348e-01,-1.5097113848e+00,2.4145397949e+03
2666,4.9055397511e-01,-4.9301555753e-01,-8.0220651627e+00,2.4145124512e+03
2667,4.9081727862e-01,-4.9256885052e-01,1.1005954742e+00,2.4144831543e+03
2668,4.9072030187e-01,-4.9257591367e-01,-5.1036005020e+00,2.4144538574e+03
2669,4.9108499289e-01,-4.9235245585e-01,-5.5340776443e+00,2.4144240723e+03
2670,4.9121141434e-01,-4.9270290136e-01,-1.8239917755e+00,2.4143945312e+03
2671,4.9164295197e-01,-4.9304649234e-01,-3.5464177132e+00,2.4143630371e+03
2672,4.9196413159e-01,-4.9340724945e-01,-1.3102321625e+00,2.4143317871e+03
2673,4.9205067754e-01,-4.9372759461e-01,-5.8181147575e+00,2.4143010254e+03
2674,4.9222680926e-01,-4.9402981997e-01,-3.0622122288e+00,2.4142722168e+03
2675,4.9224194884e-01,-4.9412819743e-01,-6.9478926659e+00,2.4142416992e+03
2676,4.9201503396e-01,-4.9401670694e-01,-1.2577604055e+00,2.4142121582e+03
2677,4.9159863591e-01,-4.9378836155e-01,-4.2016849518e+00,2.4141821289e+03
2678,4.9118462205e-01,-4.9363994598e-01,-2.6650314331e+00,2.4141533203e+03
2679,4.9080565572e-01,-4.9333092570e-01,-3.3219914436e+00,2.4141247559e+03
2680,4.9041509628e-01,-4.9321800470e-01,-4.2098526955e+00,2.4140952148e+03
2681,4.9022233486e-01,-4.9296107888e-01,-3.1259822845e+00,2.4140649414e+03
2682,4.9013060331e-01,-4.9301487207e-01,-4.4828877449e+00,2.4140356445e+03
2683,4.9028295279e-01,-4.9297028780e-01,-1.8599529266e+00,2.4140046387e+03
2684,4.9024680257e-01,-4.9328505993e-01,-5.2506761551e+00,2.4139729004e+03
2685,4.9068984389e-01,-4.9307879806e-01,-9.7416806221e-01,2.4139404297e+03
2686,4.9072110653e-01,-4.9334213138e-01,-6.5855298042e+00,2.4139104004e+03
2687,4.9109369516e-01,-4.9341589212e-01,-3.8419442177e+00,2.4138793945e+03
2688,4.9123325944e-01,-4.9341174960e-01,-1.5440827608e+00,2.4138491211e+03
2689,4.9130442739e-01,-4.9335607886e-01,-4.8293757439e+00,2.4138188477e+03
2690,4.9147692323e-01,-4.9304801226e-01,-1.7883419991e+00,2.4137915039e+03
2691,4.9125546217e-01,-4.9283298850e-01,-5.5808405876e+00,2.4137641602e+03
2692,4.9146193266e-01,-4.9239733815e-01,-1.5082483292e+00,2.4137373047e+03
2693,4.9126997590e-01,-4.9240201712e-01,-5.3146848679e+00,2.4137080078e+03
2694,4.9161005020e-01,-4.9203950167e-01,-1.7914267778e+00,2.4136779785e+03
2695,4.9147960544e-01,-4.9211791158e-01,-5.3516950607e+00,2.4136474609e+03
2696,4.9159961939e-01,-4.9200218916e-01,-3.8341248035e+00,2.4136164551e+03
2697,4.9157547951e-01,-4.9206170440e-01,-5.3413414955e+00,2.4135844727e+03
2698,4.9190220237e-01,-4.9210134149e-01,-4.0253810883e+00,2.4135539551e+03
2699,4.9205729365e-01,-4.9206891656e-01,-6.0689454079e+00,2.4135229492e+03
2700,4.9198335409e-01,-4.9189174175e-01,-3.9760689735e+00,2.4134934082e+03
2701,4.9210616946e-01,-4.9188598990e-01,-5.4720497131e+00,2.4134633789e+03
2702,4.9205622077e-01,-4.9170181155e-01,-2.5291900635e+00,2.4134345703e+03
2703,4.9207824469e-01,-4.9176642299e-01,-4.7035136223e+00,2.4134057617e+03
2704,4.9184080958e-01,-4.9178195000e-01,-1.0642546415e+00,2.4133781738e+03
2705,4.9163240194e-01,-4.9201163650e-01,-4.3571472168e+00,2.4133503418e+03
2706,4.9154788256e-01,-4.9236032367e-01,-3.1392526627e+00,2.4133217773e+03
2707,4.9168941379e-01,-4.9276757240e-01,-3.1687452793e+00,2.4132917480e+03
2708,4.9170243740e-01,-4.9305379391e-01,-1.8741906881e+00,2.4132622070e+03
2709,4.9187889695e-01,-4.9329116940e-01,-3.7556152344e+00,2.4132321777e+03
2710,4.9203628302e-01,-4.9339488149e-01,-2.3393719196e+00,2.4132036133e+03
2711,4.9218752980e-01,-4.9369394779e-01,-5.3254303932e+00,2.4131745605e+03
2712,4.9208778143e-01,-4.9386721849e-01,-3.0545742512e+00,2.4131450195e+03
2713,4.9211367965e-01,-4.9424457550e-01,-4.8472042084e+00,2.4131140137e+03
2714,4.9198555946e-01,-4.9428674579e-01,-2.0533342361e+00,2.4130822754e+03
2715,4.9204874039e-01,-4.9448487163e-01,-3.7152318954e+00,2.4130495605e+03
2716,4.9207529426e-01,-4.9468871951e-01,-3.5577428341e+00,2.4130187988e+03
2717,4.9233934283e-01,-4.9451589584e-01,-4.9854655266e+00,2.4129890137e+03
2718,4.9234601855e-01,-4.9462008476e-01,-5.4859580994e+00,2.4129609375e+03
2719,4.9235525727e-01,-4.9416643381e-01,-3.7970175743e+00,2.4129335938e+03
2720,4.9220708013e-01,-4.9389573932e-01,-2.9538595676e+00,2.4129077148e+03
2721,4.9219855666e-01,-4.9357345700e-01,-2.3789021969e+00,2.4128801270e+03
2722,4.9212241173e-01,-4.9340105057e-01,-2.3016145229e+00,2.4128500977e+03
2723,4.9211037159e-01,-4.9320048094e-01,-4.3016548157e+00,2.4128198242e+03
2724,4.9193170667e-01,-4.9302464724e-01,-2.6257925034e+00,2.4127890625e+03
2725,4.9179282784e-01,-4.9304962158e-01,-4.7586550713e+00,2.4127592773e+03
2726,4.9183073640e-01,-4.9314683676e-01,-3.0122582912e+00,2.4127294922e+03
2727,4.9187058210e-01,-4.9291357398e-01,-3.2203893661e+00,2.4127014160e+03
2728,4.9174073339e-01,-4.9288597703e-01,-2.9818129539e+00,2.4126743164e+03
2729,4.9179387093e-01,-4.9296015501e-01,-5.1257996559e+00,2.4126464844e+03
2730,4.9159514904e-01,-4.9314239621e-01,-3.8281943798e+00,2.4126171875e+03
2731,4.9189549685e-01,-4.9335357547e-01,-4.4614505768e+00,2.4125871582e+03
2732,4.9175643921e-01,-4.9355074763e-01,-6.8019491434e-01,2.4125571289e+03
2733,4.9208605289e-01,-4.9393093586e-01,-4.2315993309e+00,2.4125258789e+03
2734,4.9220445752e-01,-4.9426639080e-01,-2.0716280937e+00,2.4124965820e+03
2735,4.9203434587e-01,-4.9461171031e-01,-5.7656035423e+00,2.4124667969e+03
2736,4.9227586389e-01,-4.9475353956e-01,1.2660225630e+00,2.4124370117e+03
2737,4.9189034104e-01,-4.9494501948e-01,-8.2492761612e+00,2.4124062500e+03
2738,4.9214652181e-01,-4.9470022321e-01,9.0542137623e-01,2.4123786621e+03
2739,4.9173727632e-01,-4.9474158883e-01,-7.0805482864e+00,2.4123520508e+03
2740,4.9164700508e-01,-4.9444866180e-01,2.8708877563e+00,2.4123239746e+03
2741,4.9117100239e-01,-4.9442258477e-01,-5.1215958595e+00,2.4122971191e+03
2742,4.9116313457e-01,-4.9424350262e-01,-3.1552226543e+00,2.4122692871e+03
2743,4.9112474918e-01,-4.9398782849e-01,-3.9334158897e+00,2.4122404785e+03
2744,4.9103221297e-01,-4.9400463700e-01,-3.7579891682e+00,2.4122102051e+03
2745,4.9131613970e-01,-4.9364939332e-01,-2.6658437252e+00,2.4121782227e+03
2746,4.9110895395e-01,-4.9373725057e-01,-2.4167909622e+00,2.4121469727e+03
2747,4.9152165651e-01,-4.9338793755e-01,-4.0946583748e+00,2.4121166992e+03
2748,4.9139937758e-01,-4.9342381954e-01,-1.9952949286e+00,2.4120881348e+03
2749,4.9173912406e-01,-4.9309968948e-01,-5.0446348190e+00,2.4120590820e+03
2750,4.9194258451e-01,-4.9329164624e-01,-2.7679843903e+00,2.4120307617e+03
2751,4.9221318960e-01,-4.9336278439e-01,-2.8552174568e+00,2.4120034180e+03
2752,4.9227246642e-01,-4.9362975359e-01,-2.2105710506e+00,2.4119741211e+03
2753,4.9253156781e-01,-4.9363765121e-01,-4.3186354637e+00,2.4119426270e+03
2754,4.9262541533e-01,-4.9357402325e-01,-2.0942006111e+00,2.4119116211e+03
2755,4.9271714687e-01,-4.9359312654e-01,-3.8513274193e+00,2.4118803711e+03
2756,4.9253553152e-01,-4.9342808127e-01,-2.5136511326e+00,2.4118513184e+03
2757,4.9241557717e-01,-4.9315389991e-01,-4.5823659897e+00,2.4118234863e+03
2758,4.9191799760e-01,-4.9292999506e-01,-2.9291210175e+00,2.4117961426e+03
2759,4.9160102010e-01,-4.9267438054e-01,-4.3889350891e+00,2.4117675781e+03
2760,4.9131733179e-01,-4.9260774255e-01,-2.0742657185e+00,2.4117365723e+03
2761,4.9108991027e-01,-4.9244281650e-01,-4.2936468124e+00,2.4117065430e+03
2762,4.9089089036e-01,-4.9272805452e-01,-2.9897725582e+00,2.4116762695e+03
2763,4.9095389247e-01,-4.9263089895e-01,-4.6146907806e+00,2.4116469727e+03
2764,4.9083828926e-01,-4.9294459820e-01,-3.1180920601e+00,2.4116193848e+03
2765,4.9108168483e-01,-4.9293419719e-01,-4.8592538834e+00,2.4115908203e+03
2766,4.9112528563e-01,-4.9336481094e-01,-1.0107251406e+00,2.4115644531e+03
2767,4.9130183458e-01,-4.9343496561e-01,-4.0247554779e+00,2.4115368652e+03
2768,4.9134749174e-01,-4.9352237582e-01,-2.5268309116e+00,2.4115063477e+03
2769,4.9150636792e-01,-4.9349489808e-01,-3.4142565727e+00,2.4114758301e+03
2770,4.9160557985e-01,-4.9345874786e-01,-3.1697106361e+00,2.4114433594e+03
2771,4.9181798100e-01,-4.9361726642e-01,-3.5707480907e+00,2.4114123535e+03
2772,4.9191117287e-01,-4.9359753728e-01,-4.0685348511e+00,2.4113825684e+03
2773,4.9205991626e-01,-4.9343281984e-01,-3.6666576862e+00,2.4113554688e+03
2774,4.9205723405e-01,-4.9326130748e-01,-5.0809149742e+00,2.4113295898e+03
2775,4.9237382412e-01,-4.9296480417e-01,-2.5755128860e+00,2.4113024902e+03
2776,4.9228766561e-01,-4.9276041985e-01,-6.0496888161e+00,2.4112751465e+03
2777,4.9243041873e-01,-4.9248021841e-01,-1.0716227293e+00,2.4112473145e+03
2778,4.9218949676e-01,-4.9212715030e-01,-5.4092106819e+00,2.4112163086e+03
2779,4.9231263995e-01,-4.9174186587e-01,-3.4019649029e+00,2.4111853027e+03
2780,4.9247729778e-01,-4.9145972729e-01,-1.4971768856e+00,2.4111562500e+03
2781,4.9234575033e-01,-4.9118131399e-01,-5.8983206749e+00,2.4111279297e+03
2782,4.9238702655e-01,-4.9111416936e-01,1.8892715871e-01,2.4111003418e+03
2783,4.9234467745e-01,-4.9131104350e-01,-3.5621969700e+00,2.4110739746e+03
2784,4.9232488871e-01,-4.9137499928e-01,-1.3519835472e+00,2.4110476074e+03
2785,4.9243751168e-01,-4.9190571904e-01,-2.8375043869e+00,2.4110197754e+03
2786,4.9238246679e-01,-4.9212548137e-01,-2.1507632732e+00,2.4109907227e+03
2787,4.9240669608e-01,-4.9241018295e-01,-2.1791691780e+00,2.4109609375e+03
2788,4.9236264825e-01,-4.9211344123e-01,-3.1103365421e+00,2.4109318848e+03
2789,4.9204364419e-01,-4.9216884375e-01,-2.0571570396e+00,2.4109030762e+03
2790,4.9179792404e-01,-4.9190494418e-01,-3.0893459320e+00,2.4108745117e+03
2791,4.9148017168e-01,-4.9169403315e-01,-1.6332250834e+00,2.4108466797e+03
2792,4.9127748609e-01,-4.9153688550e-01,-2.0765550137e+00,2.4108195801e+03
2793,4.9095645547e-01,-4.9148887396e-01,-4.3965048790e+00,2.4107915039e+03
2794,4.9101918936e-01,-4.9149137735e-01,-5.1947960854e+00,2.4107639160e+03
2795,4.9102494121e-01,-4.9170213938e-01,-5.0098805428e+00,2.4107341309e+03
2796,4.9128457904e-01,-4.9186000228e-01,-3.7389104366e+00,2.4107043457e+03
2797,4.9137949944e-01,-4.9217092991e-01,-3.9345066547e+00,2.4106748047e+03
2798,4.9159881473e-01,-4.9234315753e-01,-3.8872053623e+00,2.4106450195e+03
2799,4.9177566171e-01,-4.9248838425e-01,-1.7820090055e+00,2.4106169434e+03
2800,4.9191996455e-01,-4.9264171720e-01,-4.2701992989e+00,2.4105900879e+03
2801,4.9183222651e-01,-4.9278983474e-01,-2.0624060631e+00,2.4105639648e+03
2802,4.9174198508e-01,-4.9272072315e-01,-5.1078028679e+00,2.4105371094e+03
2803,4.9164786935e-01,-4.9276912212e-01,-1.3936821222e+00,2.4105078125e+03
2804,4.9156719446e-01,-4.9280044436e-01,-5.6464610100e+00,2.4104777832e+03
2805,4.9154126644e-01,-4.9302649498e-01,-5.9927904606e-01,2.4104477539e+03
2806,4.9127781391e-01,-4.9297973514e-01,-5.4545297623e+00,2.4104165039e+03
2807,4.9115943909e-01,-4.9331241846e-01,-8.3379667997e-01,2.4103854980e+03
2808,4.9126040936e-01,-4.9341356754e-01,-5.4166378975e+00,2.4103549805e+03
2809,4.9114528298e-01,-4.9367910624e-01,-1.3578711748e+00,2.4103247070e+03
2810,4.9144738913e-01,-4.9333456159e-01,-4.4752535820e+00,2.4102939453e+03
2811,4.9136847258e-01,-4.9333986640e-01,-1.3443963528e+00,2.4102634277e+03
2812,4.9132335186e-01,-4.9313917756e-01,-6.2133216858e+00,2.4102321777e+03
2813,4.9122318625e-01,-4.9294772744e-01,9.8653376102e-01,2.4102043457e+03
2814,4.9097850919e-01,-4.9261200428e-01,-6.6893887520e+00,2.4101743164e+03
2815,4.9095234275e-01,-4.9242955446e-01,-8.4943383932e-01,2.4101479492e+03
2816,4.9077481031e-01,-4.9219357967e-01,-6.1990051270e+00,2.4101210938e+03
2817,4.9085673690e-01,-4.9196794629e-01,-7.8835934401e-01,2.4100927734e+03
2818,4.9087616801e-01,-4.9174287915e-01,-4.4060230255e+00,2.4100620117e+03
2819,4.9112841487e-01,-4.9181309342e-01,-1.8323011398e+00,2.4100312500e+03
2820,4.9129945040e-01,-4.9198740721e-01,-5.2584671974e+00,2.4100014648e+03
2821,4.9156680703e-01,-4.9229767919e-01,-1.9471534491e+00,2.4099726562e+03
2822,4.9203351140e-01,-4.9250665307e-01,-4.1809720993e+00,2.4099438477e+03
2823,4.9210360646e-01,-4.9296316504e-01,-1.8060150146e+00,2.4099157715e+03
2824,4.9220198393e-01,-4.9324944615e-01,-5.6709389687e+00,2.4098872070e+03
2825,4.9226158857e-01,-4.9329388142e-01,-8.3345431089e-01,2.4098601074e+03
2826,4.9209433794e-01,-4.9310550094e-01,-6.6066255569e+00,2.4098312988e+03
2827,4.9202403426e-01,-4.9282282591e-01,-1.3765383959e+00,2.4098032227e+03
2828,4.9168267846e-01,-4.9218752980e-01,-5.9631099701e+00,2.4097736816e+03
2829,4.9156185985e-01,-4.9179482460e-01,-2.1440556049e+00,2.4097465820e+03
2830,4.9112743139e-01,-4.9145352840e-01,-5.4831371307e+00,2.4097175293e+03
2831,4.9117079377e-01,-4.9143278599e-01,-1.5063819885e+00,2.4096904297e+03
2832,4.9106827378e-01,-4.9131321907e-01,-5.1073088646e+00,2.4096608887e+03
2833,4.9134144187e-01,-4.9130469561e-01,-9.7489196062e-01,2.4096323242e+03
2834,4.9201253057e-01,-4.9165174365e-01,-4.0962066650e+00,2.4096035156e+03
2835,4.9242937565e-01,-4.9200886488e-01,-2.9639420509e+00,2.4095739746e+03
2836,4.9304646254e-01,-4.9236714840e-01,-4.0745816231e+00,2.4095454102e+03
2837,4.9318319559e-01,-4.9265497923e-01,-4.1737394333e+00,2.4095161133e+03
2838,4.9342900515e-01,-4.9285644293e-01,-3.7446248531e+00,2.4094873047e+03
2839,4.9309650064e-01,-4.9289351702e-01,-3.8394689560e+00,2.4094599609e+03
2840,4.9301102757e-01,-4.9273335934e-01,-3.7996976376e+00,2.4094323730e+03
2841,4.9230861664e-01,-4.9241724610e-01,-2.7728648186e+00,2.4094055176e+03
2842,4.9170330167e-01,-4.9209862947e-01,-2.9811122417e+00,2.4093781738e+03
2843,4.9145916104e-01,-4.9169650674e-01,-1.8038792610e+00,2.4093505859e+03
2844,4.9081772566e-01,-4.9134922028e-01,-3.7863066196e+00,2.4093212891e+03
2845,4.9073663354e-01,-4.9122813344e-01,-2.6874473095e+00,2.4092912598e+03
2846,4.9032074213e-01,-4.9106040597e-01,-4.6956267357e+00,2.4092626953e+03
2847,4.9048691988e-01,-4.9112194777e-01,-4.2971334457e+00,2.4092336426e+03
2848,4.9058729410e-01,-4.9115696549e-01,-4.9477057457e+00,2.4092062988e+03
2849,4.9055650830e-01,-4.9139472842e-01,-4.3459901810e+00,2.4091784668e+03
2850,4.9082395434e-01,-4.9155846238e-01,-3.5732529163e+00,2.4091503906e+03
2851,4.9102059007e-01,-4.9190896749e-01,-3.6874594688e+00,2.4091196289e+03
2852,4.9120888114e-01,-4.9199861288e-01,-3.7319405079e+00,2.4090905762e+03
2853,4.9141597748e-01,-4.9218925834e-01,-4.4042153358e+00,2.4090612793e+03
2854,4.9153202772e-01,-4.9247628450e-01,-7.7446311712e-01,2.4090329590e+03
2855,4.9165511131e-01,-4.9281695485e-01,-2.8177878857e+00,2.4090065918e+03
2856,4.9179175496e-01,-4.9309894443e-01,4.4370678067e-01,2.4089814453e+03
2857,4.9157658219e-01,-4.9338725209e-01,-4.9444041252e+00,2.4089555664e+03
2858,4.9171033502e-01,-4.9353766441e-01,-2.7199509144e+00,2.4089284668e+03
2859,4.9175518751e-01,-4.9358162284e-01,-8.5196155310e-01,2.4088996582e+03
2860,4.9173986912e-01,-4.9356713891e-01,-5.0557436943e+00,2.4088696289e+03
2861,4.9163880944e-01,-4.9344325066e-01,7.1058428288e-01,2.4088403320e+03
2862,4.9148073792e-01,-4.9314868450e-01,-5.2978620529e+00,2.4088107910e+03
2863,4.9127197266e-01,-4.9262231588e-01,6.7838734388e-01,2.4087819824e+03
2864,4.9119126797e-01,-4.9218213558e-01,-5.2885279655e+00,2.4087541504e+03
2865,4.9103382230e-01,-4.9187970161e-01,-1.6278625727e+00,2.4087263184e+03
2866,4.9074074626e-01,-4.9193197489e-01,-6.7984900475e+00,2.4086992188e+03
2867,4.9072462320e-01,-4.9204674363e-01,-6.2749564648e-01,2.4086713867e+03
2868,4.9094268680e-01,-4.9233406782e-01,-6.3611879349e+00,2.4086428223e+03
2869,4.9122950435e-01,-4.9281099439e-01,-1.6510170698e+00,2.4086135254e+03
2870,4.9168360233e-01,-4.9318236113e-01,-7.3245573044e+00,2.4085854492e+03
2871,4.9211415648e-01,-4.9352842569e-01,-3.5643756390e+00,2.4085581055e+03
2872,4.9230086803e-01,-4.9379897118e-01,-1.5470380783e+00,2.4085312500e+03
2873,4.9235275388e-01,-4.9371862411e-01,-6.8338723183e+00,2.4085043945e+03
2874,4.9231579900e-01,-4.9332523346e-01,-1.6997445822e+00,2.4084753418e+03
2875,4.9184808135e-01,-4.9313122034e-01,-6.4477944374e+00,2.4084460449e+03
2876,4.9132135510e-01,-4.9254342914e-01,1.1042256653e-01,2.4084160156e+03
2877,4.9091157317e-01,-4.9230441451e-01,-4.7031106949e+00,2.4083864746e+03
2878,4.9063450098e-01,-4.9185439944e-01,-1.5386843681e+00,2.4083576660e+03
2879,4.9066311121e-01,-4.9180656672e-01,-2.9340181351e+00,2.4083291016e+03
2880,4.9073776603e-01,-4.9175590277e-01,-5.0972599983e+00,2.4083012695e+03
2881,4.9090757966e-01,-4.9189525843e-01,1.6834351420e-01,2.4082712402e+03
2882,4.9101430178e-01,-4.9219864607e-01,-7.6790947914e+00,2.4082421875e+03
2883,4.9156698585e-01,-4.9251174927e-01,5.9414094687e-01,2.4082128906e+03
2884,4.9155750871e-01,-4.9295124412e-01,-8.0869207382e+00,2.4081840820e+03
2885,4.9185559154e-01,-4.9308842421e-01,9.4060051441e-01,2.4081552734e+03
2886,4.9175572395e-01,-4.9344399571e-01,-5.3587779999e+00,2.4081281738e+03
2887,4.9181431532e-01,-4.9369668961e-01,-6.9820499420e+00,2.4081005859e+03
2888,4.9164968729e-01,-4.9389034510e-01,-2.4001073837e+00,2.4080715332e+03
2889,4.9130108953e-01,-4.9411779642e-01,-6.2684292793e+00,2.4080415039e+03
2890,4.9104198813e-01,-4.9410414696e-01,1.4309998751e+00,2.4080136719e+03
2891,4.9089324474e-01,-4.9425393343e-01,-4.4357938766e+00,2.4079843750e+03
2892,4.9093133211e-01,-4.9408239126e-01,-2.1172275543e+00,2.4079550781e+03
2893,4.9072584510e-01,-4.9392658472e-01,-3.1425952911e+00,2.4079267578e+03
2894,4.9090731144e-01,-4.9343547225e-01,-2.1168925762e+00,2.4078977051e+03
2895,4.9087634683e-01,-4.9302476645e-01,-1.6506433487e+00,2.4078684082e+03
2896,4.9081206322e-01,-4.9272850156e-01,-2.7054367065e+00,2.4078388672e+03
2897,4.9090442061e-01,-4.9230054021e-01,-3.0761053562e+00,2.4078090820e+03
2898,4.9109864235e-01,-4.9190557003e-01,4.8069500923e-01,2.4077827148e+03
2899,4.9120992422e-01,-4.9176830053e-01,-2.4876599312e+00,2.4077551270e+03
2900,4.9141111970e-01,-4.9190673232e-01,-4.2377119064e+00,2.4077272949e+03
2901,4.9173343182e-01,-4.9207854271e-01,-2.8200056553e+00,2.4076992188e+03
2902,4.9218431115e-01,-4.9214839935e-01,-5.5592074394e+00,2.4076733398e+03
2903,4.9228891730e-01,-4.9237087369e-01,-4.2172079086e+00,2.4076455078e+03
2904,4.9245718122e-01,-4.9263221025e-01,-4.3579573631e+00,2.4076164551e+03
2905,4.9236616492e-01,-4.9281477928e-01,-4.2673368454e+00,2.4075866699e+03
2906,4.9236026406e-01,-4.9265748262e-01,-2.3355860710e+00,2.4075590820e+03
2907,4.9183088541e-01,-4.9298152328e-01,-7.1743750572e+00,2.4075314941e+03
2908,4.9186164141e-01,-4.9249505997e-01,-5.8853876591e-01,2.4075046387e+03
2909,4.9128851295e-01,-4.9237960577e-01,-3.2666242123e+00,2.4074785156e+03
2910,4.9093565345e-01,-4.9205869436e-01,-5.9249920845e+00,2.4074521484e+03
2911,4.9068188667e-01,-4.9183991551e-01,-1.2299650908e+00,2.4074245605e+03
2912,4.9041610956e-01,-4.9179378152e-01,-6.2428097725e+00,2.4073977051e+03
2913,4.9056217074e-01,-4.9150601029e-01,2.8489175439e-01,2.4073698730e+03
2914,4.9044215679e-01,-4.9168926477e-01,-5.8962178230e+00,2.4073410645e+03
2915,4.9094235897e-01,-4.9159038067e-01,-9.3486768007e-01,2.4073137207e+03
2916,4.9111542106e-01,-4.9182826281e-01,-5.4356679916e+00,2.4072849121e+03
2917,4.9158197641e-01,-4.9170768261e-01,-2.3854131699e+00,2.4072565918e+03
2918,4.9170944095e-01,-4.9175837636e-01,-4.3293886185e+00,2.4072290039e+03
2919,4.9198147655e-01,-4.9164417386e-01,-4.1269149780e+00,2.4072014160e+03
2920,4.9206739664e-01,-4.9138557911e-01,-2.8709709644e+00,2.4071728516e+03
2921,4.9188810587e-01,-4.9128070474e-01,-3.0028347969e+00,2.4071447754e+03
2922,4.9176713824e-01,-4.9099850655e-01,-1.9617714882e+00,2.4071159668e+03
2923,4.9163433909e-01,-4.9088862538e-01,-2.4446537495e+00,2.4070886230e+03
2924,4.9147173762e-01,-4.9078285694e-01,-2.1345186234e+00,2.4070622559e+03
2925,4.9147847295e-01,-4.9076616764e-01,-2.9090819359e+00,2.4070346680e+03
2926,4.9156600237e-01,-4.9086341262e-01,-3.7725346088e+00,2.4070063477e+03
2927,4.9154540896e-01,-4.9095582962e-01,-3.6418409348e+00,2.4069763184e+03
2928,4.9160894752e-01,-4.9125796556e-01,-2.0342762470e+00,2.4069479980e+03
2929,4.9195203185e-01,-4.9129694700e-01,-5.2098364830e+00,2.4069199219e+03
2930,4.9221003056e-01,-4.9153536558e-01,-1.6913608313e+00,2.4068920898e+03
2931,4.9214425683e-01,-4.9186244607e-01,-5.9187564850e+00,2.4068635254e+03
2932,4.9216142297e-01,-4.9211239815e-01,-1.2239091396e+00,2.4068369141e+03
2933,4.9224749207e-01,-4.9241015315e-01,-6.3126969337e+00,2.4068081055e+03
2934,4.9221006036e-01,-4.9258822203e-01,2.7820259333e-01,2.4067797852e+03
2935,4.9207657576e-01,-4.9261739850e-01,-7.2839508057e+00,2.4067509766e+03
2936,4.9199271202e-01,-4.9241742492e-01,1.7384108305e+00,2.4067236328e+03
2937,4.9188402295e-01,-4.9211740494e-01,-9.2228717804e+00,2.4066975098e+03
2938,4.9179905653e-01,-4.9185356498e-01,-1.3071280718e+00,2.4066713867e+03
2939,4.9139735103e-01,-4.9155345559e-01,-3.9815905094e+00,2.4066452637e+03
2940,4.9128663540e-01,-4.9099972844e-01,-2.8259143829e+00,2.4066191406e+03
2941,4.9121716619e-01,-4.9053084850e-01,-2.2771971226e+00,2.4065908203e+03
2942,4.9126094580e-01,-4.9016368389e-01,-5.0703725815e+00,2.4065629883e+03
2943,4.9136793613e-01,-4.9012488127e-01,-3.1213467121e+00,2.4065336914e+03
2944,4.9167412519e-01,-4.9030473828e-01,-6.2738833427e+00,2.4065048828e+03
2945,4.9190866947e-01,-4.9050527811e-01,-1.0153658390e+00,2.4064760742e+03
2946,4.9211770296e-01,-4.9099567533e-01,-7.8440761566e+00,2.4064482422e+03
2947,4.9233734608e-01,-4.9140691757e-01,1.2356500626e+00,2.4064213867e+03
2948,4.9246427417e-01,-4.9201214314e-01,-5.7944803238e+00,2.4063945312e+03
2949,4.9257642031e-01,-4.9219328165e-01,-2.5418474674e+00,2.4063669434e+03
2950,4.9245798588e-01,-4.9249228835e-01,-4.4354081154e+00,2.4063381348e+03
2951,4.9229329824e-01,-4.9248117208e-01,-1.4744228125e+00,2.4063095703e+03
2952,4.9189388752e-01,-4.9241581559e-01,-2.2951331139e+00,2.4062807617e+03
2953,4.9149933457e-01,-4.9224066734e-01,-1.9289195538e+00,2.4062529297e+03
2954,4.9094989896e-01,-4.9219205976e-01,-2.2948632240e+00,2.4062236328e+03
2955,4.9059444666e-01,-4.9219122529e-01,-1.9417562485e+00,2.4061953125e+03
2956,4.9038425088e-01,-4.9216479063e-01,-4.7537589073e+00,2.4061674805e+03
2957,4.9028569460e-01,-4.9223989248e-01,-7.9299950600e-01,2.4061403809e+03
2958,4.9036571383e-01,-4.9225163460e-01,-4.0571651459e+00,2.4061105957e+03
2959,4.9055659771e-01,-4.9213317037e-01,-3.4252879620e+00,2.4060817871e+03
2960,4.9058049917e-01,-4.9225237966e-01,-4.7330985069e+00,2.4060534668e+03
2961,4.9068212509e-01,-4.9245494604e-01,-3.5326225758e+00,2.4060273438e+03
2962,4.9073955417e-01,-4.9248921871e-01,-4.5828595161e+00,2.4060009766e+03
2963,4.9085620046e-01,-4.9248754978e-01,-1.5053895712e+00,2.4059738770e+03
2964,4.9091181159e-01,-4.9264949560e-01,-7.1082925797e+00,2.4059443359e+03
2965,4.9089443684e-01,-4.9257642031e-01,-1.7846409976e-01,2.4059155273e+03
2966,4.9087744951e-01,-4.9274036288e-01,-2.7417960167e+00,2.4058869629e+03
2967,4.9094527960e-01,-4.9255943298e-01,-5.4032187462e+00,2.4058586426e+03
2968,4.9101570249e-01,-4.9256440997e-01,4.8874980211e-01,2.4058332520e+03
2969,4.9107152224e-01,-4.9245822430e-01,-6.6411685944e+00,2.4058100586e+03
2970,4.9075585604e-01,-4.9222096801e-01,5.7116299868e-01,2.4057849121e+03
2971,4.9073407054e-01,-4.9189296365e-01,-6.0815081596e+00,2.4057587891e+03
2972,4.9056410789e-01,-4.9179974198e-01,1.0220385790e+00,2.4057290039e+03
2973,4.9043282866e-01,-4.9190780520e-01,-5.7479810715e+00,2.4056975098e+03
2974,4.9040174484e-01,-4.9210929871e-01,-1.7097604275e+00,2.4056657715e+03
2975,4.9051401019e-01,-4.9218019843e-01,-4.2375335693e+00,2.4056376953e+03
2976,4.9065691233e-01,-4.9249580503e-01,-2.8399262428e+00,2.4056105957e+03
2977,4.9105456471e-01,-4.9233317375e-01,-3.8960905075e+00,2.4055844727e+03
2978,4.9090600014e-01,-4.9263256788e-01,-2.9608395100e+00,2.4055576172e+03
2979,4.9106869102e-01,-4.9218422174e-01,-4.6034054756e+00,2.4055285645e+03
2980,4.9063107371e-01,-4.9207544327e-01,-1.4435030222e+00,2.4054982910e+03
2981,4.9040850997e-01,-4.9153223634e-01,-5.2230234146e+00,2.4054697266e+03
2982,4.9013379216e-01,-4.9115031958e-01,-1.0987788439e+00,2.4054426270e+03
2983,4.9004998803e-01,-4.9072831869e-01,-5.9793548584e+00,2.4054162598e+03
2984,4.8973891139e-01,-4.9053955078e-01,-1.0067912340e+00,2.4053903809e+03
2985,4.8992034793e-01,-4.9048164487e-01,-4.7278733253e+00,2.4053632812e+03
2986,4.9008756876e-01,-4.9032896757e-01,-3.3490915298e+00,2.4053347168e+03
2987,4.9032008648e-01,-4.9046441913e-01,-4.0059638023e+00,2.4053051758e+03
2988,4.9051365256e-01,-4.9036750197e-01,-3.8245890141e+00,2.4052766113e+03
2989,4.9084553123e-01,-4.9046781659e-01,-2.5914068222e+00,2.4052490234e+03
2990,4.9101746082e-01,-4.9047440290e-01,-2.3340857029e+00,2.4052224121e+03
2991,4.9143359065e-01,-4.9052926898e-01,-2.8407552242e+00,2.4051972656e+03
2992,4.9130469561e-01,-4.9089941382e-01,-2.8096315861e+00,2.4051733398e+03
2993,4.9165457487e-01,-4.9123689532e-01,-1.8491684198e+00,2.4051459961e+03
2994,4.9170741439e-01,-4.9189978838e-01,-4.5852227211e+00,2.4051171875e+03
2995,4.9190139771e-01,-4.9225151539e-01,-1.1749397516e+00,2.4050869141e+03
2996,4.9202781916e-01,-4.9276086688e-01,-4.4720168114e+00,2.4050585938e+03
2997,4.9217468500e-01,-4.9289366603e-01,-1.1143875122e+00,2.4050270996e+03
2998,4.9206703901e-01,-4.9313479662e-01,-7.0801501274e+00,2.4049982910e+03
2999,4.9199184775e-01,-4.9298512936e-01,-5.8266627789e-01,2.4049694824e+03
3000,4.9168598652e-01,-4.9285790324e-01,-4.1632080078e+00,2.4049426270e+03
3001,4.9136000872e-01,-4.9239739776e-01,-3.3865258694e+00,2.4049162598e+03
3002,4.9098244309e-01,-4.9202468991e-01,-2.5609586239e+00,2.4048894043e+03
3003,4.9054291844e-01,-4.9173706770e-01,-2.7558929920e+00,2.4048613281e+03
3004,4.9030327797e-01,-4.9147996306e-01,-4.7079386711e+00,2.4048347168e+03
3005,4.9032992125e-01,-4.9099177122e-01,-1.7538490891e-01,2.4048076172e+03
3006,4.9028635025e-01,-4.9086162448e-01,-8.3417425156e+00,2.4047805176e+03
3007,4.9071803689e-01,-4.9038416147e-01,-3.8927943707e+00,2.4047536621e+03
3008,4.9080735445e-01,-4.9020412564e-01,-7.5656771660e-01,2.4047258301e+03
3009,4.9133971334e-01,-4.8971310258e-01,-5.4486374855e+00,2.4046955566e+03
3010,4.9158534408e-01,-4.8968946934e-01,-5.7161170244e-01,2.4046669922e+03
3011,4.9185934663e-01,-4.8956087232e-01,-6.2206821442e+00,2.4046386719e+03
3012,4.9214941263e-01,-4.8959127069e-01,-1.1058861017e-01,2.4046130371e+03
3013,4.9229755998e-01,-4.8980188370e-01,-6.7841525078e+00,2.4045849609e+03
3014,4.9268737435e-01,-4.9004459381e-01,-6.8516701460e-02,2.4045571289e+03
3015,4.9272203445e-01,-4.9037587643e-01,-8.9365139008e+00,2.4045270996e+03
3016,4.9287474155e-01,-4.9092233181e-01,-2.5206518173e+00,2.4045000000e+03
3017,4.9302530289e-01,-4.9139666557e-01,-4.3883109093e+00,2.4044731445e+03
3018,4.9279788136e-01,-4.9169737101e-01,-2.9835298061e+00,2.4044475098e+03
3019,4.9270108342e-01,-4.9190816283e-01,-2.8321216106e+00,2.4044211426e+03
3020,4.9221536517e-01,-4.9214547873e-01,-3.2490215302e+00,2.4043940430e+03
3021,4.9209952354e-01,-4.9207776785e-01,-2.6683330536e+00,2.4043637695e+03
3022,4.9147653580e-01,-4.9209529161e-01,-3.8314461708e+00,2.4043339844e+03
3023,4.9131351709e-01,-4.9162250757e-01,-2.3191721439e+00,2.4043041992e+03
3024,4.9090114236e-01,-4.9152448773e-01,-1.4595953226e+00,2.4042768555e+03
3025,4.9094703794e-01,-4.9131497741e-01,-3.9618639946e+00,2.4042497559e+03
3026,4.9089765549e-01,-4.9128872156e-01,-1.8281290531e+00,2.4042226562e+03
3027,4.9110093713e-01,-4.9081227183e-01,-6.4223427773e+00,2.4041938477e+03
3028,4.9110248685e-01,-4.9080589414e-01,-3.2651939392e+00,2.4041660156e+03
3029,4.9142193794e-01,-4.9054133892e-01,-6.0407857895e+00,2.4041354980e+03
3030,4.9164417386e-01,-4.9042174220e-01,-8.7503945827e-01,2.4041083984e+03
3031,4.9205642939e-01,-4.9013447762e-01,-8.0115022659e+00,2.4040808105e+03
3032,4.9215570092e-01,-4.9021700025e-01,-2.2009472847e+00,2.4040537109e+03
3033,4.9237412214e-01,-4.9025607109e-01,-7.2388558388e+00,2.4040263672e+03
3034,4.9235710502e-01,-4.9079599977e-01,-1.9946385622e+00,2.4039980469e+03
3035,4.9236446619e-01,-4.9093440175e-01,-6.9830536842e+00,2.4039694824e+03
3036,4.9235644937e-01,-4.9150639772e-01,-7.6349025965e-01,2.4039438477e+03
3037,4.9234539270e-01,-4.9185252190e-01,-8.8006868362e+00,2.4039174805e+03
3038,4.9217957258e-01,-4.9245172739e-01,9.5689296722e-01,2.4038933105e+03
3039,4.9202087522e-01,-4.9277779460e-01,-6.8908367157e+00,2.4038671875e+03
3040,4.9172377586e-01,-4.9276107550e-01,9.2965948582e-01,2.4038393555e+03
3041,4.9171018600e-01,-4.9231097102e-01,-5.1977224350e+00,2.4038100586e+03
3042,4.9118104577e-01,-4.9198561907e-01,-1.1697489023e+00,2.4037795410e+03
3043,4.9075397849e-01,-4.9161183834e-01,-4.5709156990e+00,2.4037487793e+03
3044,4.9055102468e-01,-4.9093803763e-01,-1.4678866863e+00,2.4037194824e+03
3045,4.9046775699e-01,-4.9049919844e-01,-4.2063956261e+00,2.4036889648e+03
3046,4.9051564932e-01,-4.9021711946e-01,5.5646824837e-01,2.4036616211e+03
3047,4.9057900906e-01,-4.9027144909e-01,-3.6781058311e+00,2.4036347656e+03
3048,4.9119380116e-01,-4.9034905434e-01,-5.0352706909e+00,2.4036064453e+03
3049,4.9152773619e-01,-4.9089446664e-01,-3.7648627758e+00,2.4035798340e+03
3050,4.9213731289e-01,-4.9128201604e-01,-4.8166694641e+00,2.4035529785e+03
3051,4.9239990115e-01,-4.9197420478e-01,-2.7959644794e+00,2.4035266113e+03
3052,4.9262908101e-01,-4.9235302210e-01,-3.0429987907e+00,2.4034963379e+03
3053,4.9253252149e-01,-4.9277049303e-01,-3.7753434181e+00,2.4034670410e+03
3054,4.9229404330e-01,-4.9305865169e-01,-3.4210042953e+00,2.4034375000e+03
3055,4.9195832014e-01,-4.9304676056e-01,-2.0798575878e+00,2.4034094238e+03
3056,4.9132686853e-01,-4.9284192920e-01,-4.2998890877e+00,2.4033825684e+03
3057,4.9067431688e-01,-4.9271631241e-01,-2.8704395294e+00,2.4033569336e+03
3058,4.9002134800e-01,-4.9239975214e-01,-4.5433616638e+00,2.4033293457e+03
3059,4.8978278041e-01,-4.9195209146e-01,-1.0880689621e+00,2.4033020020e+03
3060,4.8941478133e-01,-4.9132004380e-01,-4.7687587738e+00,2.4032729492e+03
3061,4.8942106962e-01,-4.9060612917e-01,-1.8103045225e+00,2.4032460938e+03
3062,4.8958677053e-01,-4.8991653323e-01,-5.3430919647e+00,2.4032182617e+03
3063,4.8987486959e-01,-4.8957136273e-01,-1.1761320829e+00,2.4031921387e+03
3064,4.9027413130e-01,-4.8895320296e-01,-6.8980083466e+00,2.4031645508e+03
3065,4.9075105786e-01,-4.8879876733e-01,3.8074380159e-01,2.4031352539e+03
3066,4.9103584886e-01,-4.8897030950e-01,-5.8732209206e+00,2.4031054688e+03
3067,4.9167490005e-01,-4.8905462027e-01,-5.2909007072e+00,2.4030764160e+03
3068,4.9213120341e-01,-4.8957931995e-01,-4.5481314659e+00,2.4030480957e+03
3069,4.9261918664e-01,-4.8995256424e-01,-3.6714780331e+00,2.4030214844e+03
3070,4.9309325218e-01,-4.9025574327e-01,-1.9483711720e+00,2.4029960938e+03
3071,4.9327102304e-01,-4.9068439007e-01,-3.5608062744e+00,2.4029699707e+03
3072,4.9339795113e-01,-4.9071243405e-01,-2.0685787201e+00,2.4029416504e+03
3073,4.9303707480e-01,-4.9094343185e-01,-4.4193425179e+00,2.4029133301e+03
3074,4.9272766709e-01,-4.9104857445e-01,-1.2721799612e+00,2.4028859863e+03
3075,4.9213105440e-01,-4.9130067229e-01,-4.6641106606e+00,2.4028576660e+03
3076,4.9176755548e-01,-4.9134662747e-01,-2.8277876377e+00,2.4028293457e+03
3077,4.9138313532e-01,-4.9156272411e-01,-5.4047555923e+00,2.4028022461e+03
3078,4.9125573039e-01,-4.9157914519e-01,-2.2623806000e+00,2.4027739258e+03
3079,4.9102601409e-01,-4.9175634980e-01,-3.5271177292e+00,2.4027460938e+03
3080,4.9088639021e-01,-4.9161028862e-01,-3.3047139645e+00,2.4027192383e+03
3081,4.9070519209e-01,-4.9147161841e-01,-5.9492212534e-01,2.4026899414e+03
3082,4.9051544070e-01,-4.9102017283e-01,-5.4809808731e+00,2.4026604004e+03
3083,4.9030774832e-01,-4.9058476090e-01,-2.8851175308e+00,2.4026303711e+03
3084,4.9004110694e-01,-4.9021998048e-01,-6.5587296486e+00,2.4026008301e+03
3085,4.8985159397e-01,-4.8975682259e-01,-2.3745615482e+00,2.4025720215e+03
3086,4.8972445726e-01,-4.8947796226e-01,-6.2021613121e+00,2.4025449219e+03
3087,4.8984333873e-01,-4.8931804299e-01,-2.7778310776e+00,2.4025175781e+03
3088,4.9018436670e-01,-4.8954164982e-01,-5.0888257027e+00,2.4024912109e+03
3089,4.9065679312e-01,-4.8978483677e-01,-2.2350134850e+00,2.4024648438e+03
3090,4.9150237441e-01,-4.9002110958e-01,-1.6091476679e+00,2.4024370117e+03
3091,4.9197927117e-01,-4.9066361785e-01,-2.9668607712e+00,2.4024091797e+03
3092,4.9272882938e-01,-4.9095287919e-01,-1.5217199326e+00,2.4023798828e+03
3093,4.9281695485e-01,-4.9150764942e-01,-5.1210556030e+00,2.4023515625e+03
3094,4.9323832989e-01,-4.9146994948e-01,-1.7003051043e+00,2.4023222656e+03
3095,4.9310424924e-01,-4.9159744382e-01,-3.5784144402e+00,2.4022934570e+03
3096,4.9289914966e-01,-4.9140796065e-01,-5.2596707344e+00,2.4022634277e+03
3097,4.9264422059e-01,-4.9101993442e-01,-2.9409091473e+00,2.4022333984e+03
3098,4.9229910970e-01,-4.9097251892e-01,-3.4432768822e+00,2.4022058105e+03
3099,4.9177756906e-01,-4.9091058969e-01,-5.1450605392e+00,2.4021811523e+03
3100,4.9140721560e-01,-4.9090296030e-01,-2.9143819809e+00,2.4021567383e+03
3101,4.9105501175e-01,-4.9123555422e-01,-5.8263225555e+00,2.4021320801e+03
3102,4.9117374420e-01,-4.9128586054e-01,-2.0643808842e+00,2.4021032715e+03
3103,4.9091431499e-01,-4.9188175797e-01,-5.7848567963e+00,2.4020744629e+03
3104,4.9095451832e-01,-4.9223482609e-01,-2.8605372906e+00,2.4020439453e+03
3105,4.9091777205e-01,-4.9241000414e-01,8.9616626501e-01,2.4020126953e+03
3106,4.9097514153e-01,-4.9235787988e-01,-6.7724909782e+00,2.4019848633e+03
3107,4.9048501253e-01,-4.9248000979e-01,-1.1974449158e+00,2.4019580078e+03
3108,4.9029424787e-01,-4.9228021502e-01,-6.0223836899e+00,2.4019316406e+03
3109,4.8977738619e-01,-4.9205264449e-01,-1.0917083025e+00,2.4019016113e+03
3110,4.8966979980e-01,-4.9157041311e-01,-4.8700046539e+00,2.4018725586e+03
3111,4.8928010464e-01,-4.9140912294e-01,-1.8101582527e+00,2.4018439941e+03
3112,4.8939841986e-01,-4.9099722505e-01,-4.6489706039e+00,2.4018159180e+03
3113,4.8925343156e-01,-4.9086132646e-01,-6.0211515427e+00,2.4017875977e+03
3114,4.8965594172e-01,-4.9042147398e-01,-3.2028760910e+00,2.4017617188e+03
3115,4.8994979262e-01,-4.9033418298e-01,-6.9383192062e+00,2.4017353516e+03
3116,4.9037030339e-01,-4.9036073685e-01,-3.2412619591e+00,2.4017070312e+03
3117,4.9070912600e-01,-4.9036365747e-01,-8.0232906342e+00,2.4016782227e+03
3118,4.9134132266e-01,-4.9040037394e-01,1.4687469602e-01,2.4016496582e+03
3119,4.9151772261e-01,-4.9078729749e-01,-1.0699508667e+01,2.4016210938e+03
3120,4.9226644635e-01,-4.9075600505e-01,4.9553670883e+00,2.4015927734e+03
3121,4.9228000641e-01,-4.9117770791e-01,-4.4761424065e+00,2.4015668945e+03
3122,4.9241936207e-01,-4.9147841334e-01,-8.3068647385e+00,2.4015407715e+03
3123,4.9258866906e-01,-4.9145835638e-01,2.1076164246e+00,2.4015122070e+03
3124,4.9226340652e-01,-4.9156424403e-01,-7.4948744774e+00,2.4014829102e+03
3125,4.9196386337e-01,-4.9141830206e-01,-4.4954532385e-01,2.4014541016e+03
3126,4.9180239439e-01,-4.9139115214e-01,-5.9066925049e+00,2.4014257812e+03
3127,4.9157679081e-01,-4.9133488536e-01,-1.3688968420e+00,2.4013962402e+03
3128,4.9156102538e-01,-4.9122038484e-01,-4.3644394875e+00,2.4013688965e+03
3129,4.9152073264e-01,-4.9135571718e-01,-6.1486989260e-01,2.4013420410e+03
3130,4.9162304401e-01,-4.9135324359e-01,-4.1930642128e+00,2.4013146973e+03
3131,4.9182394147e-01,-4.9141731858e-01,-1.0840640068e+00,2.4012883301e+03
3132,4.9181383848e-01,-4.9151012301e-01,-6.2733445168e+00,2.4012604980e+03
3133,4.9188587070e-01,-4.9141827226e-01,-2.6570982933e+00,2.4012329102e+03
3134,4.9190485477e-01,-4.9132478237e-01,-3.2101101875e+00,2.4012028809e+03
3135,4.9191477895e-01,-4.9111303687e-01,-5.3737459183e+00,2.4011738281e+03
3136,4.9200338125e-01,-4.9089583755e-01,-2.4238623679e-01,2.4011450195e+03
3137,4.9183967710e-01,-4.9081757665e-01,-6.2199778557e+00,2.4011176758e+03
3138,4.9198418856e-01,-4.9059587717e-01,-1.7451424599e+00,2.4010913086e+03
3139,4.9199917912e-01,-4.9060171843e-01,-7.2066521645e+00,2.4010644531e+03
3140,4.9213486910e-01,-4.9045863748e-01,-8.6522467434e-02,2.4010366211e+03
3141,4.9217826128e-01,-4.9072325230e-01,-1.0088541985e+01,2.4010097656e+03
3142,4.9239137769e-01,-4.9084731936e-01,-1.2333458662e+00,2.4009819336e+03
3143,4.9246641994e-01,-4.9116384983e-01,-3.4667906165e-01,2.4009541016e+03
3144,4.9275505543e-01,-4.9113243818e-01,-5.4763574600e+00,2.4009255371e+03
3145,4.9270799756e-01,-4.9128842354e-01,6.4788454771e-01,2.4008981934e+03
3146,4.9273014069e-01,-4.9141001701e-01,-5.8596825600e+00,2.4008708496e+03
3147,4.9268746376e-01,-4.9148333073e-01,-1.4204033613e+00,2.4008420410e+03
3148,4.9256485701e-01,-4.9160417914e-01,-5.6842980385e+00,2.4008132324e+03
3149,4.9238735437e-01,-4.9169838428e-01,-9.9689811468e-01,2.4007832031e+03
3150,4.9226343632e-01,-4.9181905389e-01,-4.4848833084e+00,2.4007558594e+03
3151,4.9208566546e-01,-4.9228379130e-01,-5.2157168388e+00,2.4007307129e+03
3152,4.9214667082e-01,-4.9222871661e-01,-1.4124552011e+00,2.4007043457e+03
3153,4.9196717143e-01,-4.9276980758e-01,-4.1782045364e+00,2.4006777344e+03
3154,4.9204251170e-01,-4.9238219857e-01,-3.2467014790e+00,2.4006499023e+03
3155,4.9149563909e-01,-4.9255263805e-01,-4.8391847610e+00,2.4006215820e+03
3156,4.9159216881e-01,-4.9193716049e-01,-3.6361315250e+00,2.4005927734e+03
3157,4.9109563231e-01,-4.9164590240e-01,-2.8194267750e+00,2.4005654297e+03
3158,4.9102634192e-01,-4.9076324701e-01,-3.9372453690e+00,2.4005371094e+03
3159,4.9076065421e-01,-4.9035680294e-01,-8.6671698093e-01,2.4005097656e+03
3160,4.9074664712e-01,-4.8987799883e-01,-5.9510817528e+00,2.4004824219e+03
3161,4.9074301124e-01,-4.8947513103e-01,-2.7205183506e+00,2.4004545898e+03
3162,4.9115574360e-01,-4.8924690485e-01,-4.3674345016e+00,2.4004257812e+03
3163,4.9158254266e-01,-4.8935845494e-01,-3.6904735565e+00,2.4003964844e+03
3164,4.9218305945e-01,-4.8983010650e-01,-3.1614675522e+00,2.4003659668e+03
3165,4.9265506864e-01,-4.9032804370e-01,-5.3558430672e+00,2.4003359375e+03
3166,4.9326771498e-01,-4.9093565345e-01,-1.0815843344e+00,2.4003059082e+03
3167,4.9354606867e-01,-4.9167424440e-01,-5.6165876389e+00,2.4002775879e+03
3168,4.9393457174e-01,-4.9188375473e-01,-1.0683231354e+00,2.4002473145e+03
3169,4.9368786812e-01,-4.9234652519e-01,-6.3432517052e+00,2.4002199707e+03
3170,4.9368375540e-01,-4.9210429192e-01,-3.1901037693e+00,2.4001933594e+03
3171,4.9299663305e-01,-4.9229973555e-01,-3.0797619820e+00,2.4001662598e+03
3172,4.9260798097e-01,-4.9163576961e-01,-3.8683166504e+00,2.4001389160e+03
3173,4.9156406522e-01,-4.9179008603e-01,-1.8052723408e+00,2.4001115723e+03
3174,4.9112597108e-01,-4.9106034636e-01,-6.4946599007e+00,2.4000827637e+03
3175,4.9063438177e-01,-4.9110907316e-01,-1.3016287088e+00,2.4000549316e+03
3176,4.9039122462e-01,-4.9095109105e-01,-6.9842262268e+00,2.4000263672e+03
3177,4.9028769135e-01,-4.9089756608e-01,-2.4583289623e+00,2.3999997559e+03
3178,4.9048703909e-01,-4.9062910676e-01,-2.6922459602e+00,2.3999724121e+03
3179,4.9062955379e-01,-4.9059599638e-01,-1.1514658928e+00,2.3999433594e+03
3180,4.9086463451e-01,-4.9053445458e-01,-8.7464008331e+00,2.3999150391e+03
3181,4.9105453491e-01,-4.9053716660e-01,6.6905027628e-01,2.3998859863e+03
3182,4.9134504795e-01,-4.9066597223e-01,-6.6975874901e+00,2.3998564453e+03
3183,4.9181589484e-01,-4.9035519361e-01,-2.0041563511e+00,2.3998271484e+03
3184,4.9170106649e-01,-4.9049690366e-01,-6.8161611557e+00,2.3997983398e+03
3185,4.9204725027e-01,-4.9004730582e-01,-2.2490841150e-01,2.3997705078e+03
3186,4.9195784330e-01,-4.9014034867e-01,-1.0861839294e+01,2.3997426758e+03
3187,4.9235463142e-01,-4.8972088099e-01,2.5079035759e+00,2.3997136230e+03
3188,4.9226108193e-01,-4.8973840475e-01,-4.8320169449e+00,2.3996860352e+03
3189,4.9247837067e-01,-4.8939996958e-01,-7.5522994995e+00,2.3996572266e+03
3190,4.9248006940e-01,-4.8941335082e-01,-1.2675393820e+00,2.3996267090e+03
3191,4.9269020557e-01,-4.8934927583e-01,-7.7110390663e+00,2.3995976562e+03
3192,4.9272516370e-01,-4.8948028684e-01,-1.1616791487e+00,2.3995686035e+03
3193,4.9279516935e-01,-4.8966526985e-01,-4.6461319923e+00,2.3995417480e+03
3194,4.9300089478e-01,-4.8977434635e-01,-2.0904638767e+00,2.3995156250e+03
3195,4.9299094081e-01,-4.9019861221e-01,-6.4810109138e+00,2.3994892578e+03
3196,4.9321278930e-01,-4.9037095904e-01,-2.3539680243e-01,2.3994624023e+03
3197,4.9307432771e-01,-4.9090391397e-01,-6.7634043694e+00,2.3994340820e+03
3198,4.9324664474e-01,-4.9086222053e-01,9.5554018021e-01,2.3994052734e+03
3199,4.9281802773e-01,-4.9138364196e-01,-9.8989658356e+00,2.3993774414e+03
3200,4.9255210161e-01,-4.9108245969e-01,-1.8596743345e+00,2.3993496094e+03
3201,4.9203628302e-01,-4.9089932442e-01,-1.8213821650e+00,2.3993200684e+03
3202,4.9159523845e-01,-4.9050191045e-01,-3.6029474735e+00,2.3992897949e+03
3203,4.9125483632e-01,-4.9028956890e-01,-3.3295578957e+00,2.3992597656e+03
3204,4.9086600542e-01,-4.8998764157e-01,-2.7888102531e+00,2.3992304688e+03
3205,4.9063530564e-01,-4.8956385255e-01,-5.4050674438e+00,2.3992006836e+03
3206,4.9077051878e-01,-4.8928034306e-01,-7.1248215437e-01,2.3991740723e+03
3207,4.9091550708e-01,-4.8940193653e-01,-8.5898036957e+00,2.3991472168e+03
3208,4.9128937721e-01,-4.8971164227e-01,-3.6231095791e+00,2.3991196289e+03
3209,4.9153384566e-01,-4.9036517739e-01,-1.5776567459e+00,2.3990927734e+03
3210,4.9213150144e-01,-4.9088323116e-01,-4.3361649513e+00,2.3990634766e+03
3211,4.9242234230e-01,-4.9157419801e-01,-2.9613943100e+00,2.3990346680e+03
3212,4.9293449521e-01,-4.9203017354e-01,-3.9028911591e+00,2.3990061035e+03
3213,4.9281296134e-01,-4.9254196882e-01,-5.2150173187e+00,2.3989775391e+03
3214,4.9277251959e-01,-4.9250119925e-01,-4.5155677795e+00,2.3989477539e+03
3215,4.9204763770e-01,-4.9225363135e-01,-7.7171726227e+00,2.3989196777e+03
3216,4.9174210429e-01,-4.9166157842e-01,-2.3290975094e+00,2.3988898926e+03
3217,4.9081707001e-01,-4.9125143886e-01,-3.1241166592e+00,2.3988613281e+03
3218,4.9060574174e-01,-4.9060612917e-01,-3.0005166531e+00,2.3988339844e+03
3219,4.9006351829e-01,-4.9044090509e-01,-3.0607676506e+00,2.3988083496e+03
3220,4.8994159698e-01,-4.9025037885e-01,-5.2867069244e+00,2.3987819824e+03
3221,4.9002283812e-01,-4.9044153094e-01,-4.5555667877e+00,2.3987543945e+03
3222,4.9057754874e-01,-4.9049061537e-01,-2.5965046883e+00,2.3987272949e+03
3223,4.9096643925e-01,-4.9082449079e-01,-6.3109698296e+00,2.3986994629e+03
3224,4.9191603065e-01,-4.9063250422e-01,-4.4588869810e-01,2.3986711426e+03
3225,4.9233821034e-01,-4.9100106955e-01,-2.0235638618e+00,2.3986435547e+03
3226,4.9275735021e-01,-4.9118101597e-01,-7.9593195915e+00,2.3986145020e+03
3227,4.9273088574e-01,-4.9119597673e-01,-1.6555856466e+00,2.3985852051e+03
3228,4.9247038364e-01,-4.9081492424e-01,-7.8897881508e+00,2.3985544434e+03
3229,4.9221089482e-01,-4.9038600922e-01,3.4154361486e-01,2.3985246582e+03
3230,4.9175196886e-01,-4.9010175467e-01,-1.3267564774e+01,2.3984946289e+03
3231,4.9152836204e-01,-4.8953270912e-01,-1.8994195461e+00,2.3984658203e+03
3232,4.9110412598e-01,-4.8935800791e-01,-6.7569553852e-01,2.3984392090e+03
3233,4.9118652940e-01,-4.8897925019e-01,-6.2988057137e+00,2.3984116211e+03
3234,4.9099686742e-01,-4.8905614018e-01,-1.9479587078e+00,2.3983837891e+03
3235,4.9083718657e-01,-4.8906514049e-01,-8.0112543106e+00,2.3983559570e+03
3236,4.9109098315e-01,-4.8900383711e-01,-8.6471152306e-01,2.3983273926e+03
3237,4.9127939343e-01,-4.8918524384e-01,-7.7075171471e+00,2.3982988281e+03
3238,4.9157753587e-01,-4.8915407062e-01,3.8187459111e-02,2.3982692871e+03
3239,4.9178141356e-01,-4.8925638199e-01,-7.3233456612e+00,2.3982404785e+03
3240,4.9180725217e-01,-4.8929738998e-01,1.7417014837e+00,2.3982097168e+03
3241,4.9167793989e-01,-4.8913735151e-01,-4.8833870888e+00,2.3981791992e+03
3242,4.9176019430e-01,-4.8870280385e-01,-3.3756005764e+00,2.3981508789e+03
3243,4.9150466919e-01,-4.8876407743e-01,-4.5910687447e+00,2.3981218262e+03
3244,4.9140289426e-01,-4.8844870925e-01,-3.7231307030e+00,2.3980937500e+03
3245,4.9137258530e-01,-4.8842152953e-01,-5.9133133888e+00,2.3980661621e+03
3246,4.9140447378e-01,-4.8823958635e-01,-8.6630296707e-01,2.3980397949e+03
3247,4.9136924744e-01,-4.8850420117e-01,-6.5389604568e+00,2.3980104980e+03
3248,4.9165749550e-01,-4.8846837878e-01,-4.0784564018e+00,2.3979790039e+03
3249,4.9189072847e-01,-4.8859921098e-01,-8.2324272394e-01,2.3979479980e+03
3250,4.9230226874e-01,-4.8864760995e-01,-5.2400650978e+00,2.3979191895e+03
3251,4.9236088991e-01,-4.8875927925e-01,-3.6952865124e+00,2.3978911133e+03
3252,4.9243304133e-01,-4.8890325427e-01,-5.8430294991e+00,2.3978652344e+03
3253,4.9261170626e-01,-4.8913139105e-01,-5.0685362816e+00,2.3978376465e+03
3254,4.9279621243e-01,-4.8928672075e-01,-4.0005702972e+00,2.3978090820e+03
3255,4.9266767502e-01,-4.8960471153e-01,-7.2090201378e+00,2.3977790527e+03
3256,4.9283459783e-01,-4.8979744315e-01,-4.4023065567e+00,2.3977478027e+03
3257,4.9288859963e-01,-4.9011954665e-01,-3.3580477238e+00,2.3977182617e+03
3258,4.9297997355e-01,-4.9034962058e-01,-5.0557317734e+00,2.3976889648e+03
3259,4.9282670021e-01,-4.9043524265e-01,-2.5123569965e+00,2.3976625977e+03
3260,4.9270078540e-01,-4.9031901360e-01,-3.3895437717e+00,2.3976359863e+03
3261,4.9251225591e-01,-4.9037653208e-01,-2.0515506268e+00,2.3976086426e+03
3262,4.9207520485e-01,-4.9044892192e-01,-4.9228782654e+00,2.3975803223e+03
3263,4.9187287688e-01,-4.9015352130e-01,-4.7692508698e+00,2.3975507812e+03
3264,4.9134752154e-01,-4.9021837115e-01,-5.0184288025e+00,2.3975212402e+03
3265,4.9110051990e-01,-4.8993858695e-01,-4.0952906609e+00,2.3974914551e+03
3266,4.9091473222e-01,-4.8973587155e-01,-1.5059129000e+00,2.3974619141e+03
3267,4.9071410298e-01,-4.8992404342e-01,-5.1538343430e+00,2.3974333496e+03
3268,4.9029681087e-01,-4.9001455307e-01,-3.6777195930e+00,2.3974057617e+03
3269,4.9037757516e-01,-4.9020785093e-01,-5.7970747948e+00,2.3973779297e+03
3270,4.9020609260e-01,-4.9041762948e-01,-4.4090113640e+00,2.3973491211e+03
3271,4.9039983749e-01,-4.9058181047e-01,-5.2913708687e+00,2.3973212891e+03
3272,4.9056831002e-01,-4.9083888531e-01,-4.6434354782e+00,2.3972939453e+03
3273,4.9059218168e-01,-4.9085706472e-01,-5.8429374695e+00,2.3972653809e+03
3274,4.9085828662e-01,-4.9089995027e-01,-5.0065832138e+00,2.3972365723e+03
3275,4.9090114236e-01,-4.9091875553e-01,-4.9446616173e+00,2.3972102051e+03
3276,4.9106192589e-01,-4.9089175463e-01,-3.3475658894e+00,2.3971813965e+03
3277,4.9084487557e-01,-4.9082073569e-01,-4.4465999603e+00,2.3971511230e+03
3278,4.9099189043e-01,-4.9060699344e-01,-4.4477620125e+00,2.3971203613e+03
3279,4.9082884192e-01,-4.9036896229e-01,-1.7007344961e+00,2.3970895996e+03
3280,4.9086469412e-01,-4.9015486240e-01,-5.5478730202e+00,2.3970590820e+03
3281,4.9080508947e-01,-4.8999163508e-01,-1.1655629873e+00,2.3970295410e+03
3282,4.9087637663e-01,-4.8992124200e-01,-7.2941179276e+00,2.3970017090e+03
3283,4.9081382155e-01,-4.8973980546e-01,8.4730736911e-02,2.3969736328e+03
3284,4.9102970958e-01,-4.8975411057e-01,-7.8421640396e+00,2.3969458008e+03
3285,4.9108952284e-01,-4.8968049884e-01,3.4591233730e+00,2.3969174805e+03
3286,4.9133336544e-01,-4.8977649212e-01,-4.6008496284e+00,2.3968876953e+03
3287,4.9157935381e-01,-4.8962712288e-01,-5.1678509712e+00,2.3968557129e+03
3288,4.9170994759e-01,-4.8966369033e-01,-4.0114898682e+00,2.3968247070e+03
3289,4.9184972048e-01,-4.8940876126e-01,-5.7494778633e+00,2.3967949219e+03
3290,4.9185469747e-01,-4.8932200670e-01,-4.3506488800e+00,2.3967678223e+03
3291,4.9181249738e-01,-4.8926469684e-01,-5.9114418030e+00,2.3967414551e+03
3292,4.9180009961e-01,-4.8912379146e-01,-3.8349149227e+00,2.3967148438e+03
3293,4.9169406295e-01,-4.8915994167e-01,-4.9398074150e+00,2.3966872559e+03
3294,4.9163752794e-01,-4.8932439089e-01,-6.6865377426e+00,2.3966586914e+03
3295,4.9198785424e-01,-4.8942896724e-01,-4.9489831924e+00,2.3966301270e+03
3296,4.9217250943e-01,-4.8953971267e-01,-2.9704780579e+00,2.3966003418e+03
3297,4.9232923985e-01,-4.8952826858e-01,-4.6268062592e+00,2.3965695801e+03
3298,4.9253442883e-01,-4.8957219720e-01,-3.2337603569e+00,2.3965405273e+03
3299,4.9261048436e-01,-4.8964861035e-01,-4.6909432411e+00,2.3965104980e+03
3300,4.9256610870e-01,-4.8959070444e-01,-3.5631842613e+00,2.3964814453e+03
3301,4.9245756865e-01,-4.8970627785e-01,-3.2156181335e+00,2.3964523926e+03
3302,4.9250677228e-01,-4.8964726925e-01,-2.3650305271e+00,2.3964235840e+03
3303,4.9231627584e-01,-4.9019941688e-01,-2.5632596016e+00,2.3963947754e+03
3304,4.9227997661e-01,-4.9040785432e-01,-4.6320962906e+00,2.3963669434e+03
3305,4.9206510186e-01,-4.9061384797e-01,-3.5988075733e+00,2.3963383789e+03
3306,4.9203953147e-01,-4.9066171050e-01,-5.8448214531e+00,2.3963107910e+03
3307,4.9193757772e-01,-4.9080312252e-01,-4.7461504936e+00,2.3962822266e+03
3308,4.9183446169e-01,-4.9061852694e-01,-5.2908954620e+00,2.3962521973e+03
3309,4.9159771204e-01,-4.9056866765e-01,-3.4614121914e+00,2.3962233887e+03
3310,4.9143242836e-01,-4.9037414789e-01,-3.9471068382e+00,2.3961962891e+03
3311,4.9119737744e-01,-4.9023360014e-01,-5.3449559212e+00,2.3961669922e+03
3312,4.9103510380e-01,-4.9034988880e-01,-4.5675454140e+00,2.3961384277e+03
3313,4.9093231559e-01,-4.9038803577e-01,-7.0323271751e+00,2.3961101074e+03
3314,4.9096179008e-01,-4.9053329229e-01,-2.9774956703e+00,2.3960827637e+03
3315,4.9110779166e-01,-4.9070918560e-01,-7.8642601967e+00,2.3960559082e+03
3316,4.9140948057e-01,-4.9106204510e-01,-3.0654618740e+00,2.3960292969e+03
3317,4.9145033956e-01,-4.9148881435e-01,-6.1957187653e+00,2.3960026855e+03
3318,4.9161541462e-01,-4.9163526297e-01,-3.7275037766e+00,2.3959750977e+03
3319,4.9175629020e-01,-4.9181562662e-01,-3.9533963203e+00,2.3959467773e+03
3320,4.9162229896e-01,-4.9176990986e-01,-4.1245660782e+00,2.3959177246e+03
3321,4.9150669575e-01,-4.9150004983e-01,-4.4157180786e+00,2.3958908691e+03
3322,4.9127152562e-01,-4.9096772075e-01,-4.6632151604e+00,2.3958605957e+03
3323,4.9080082774e-01,-4.9045875669e-01,-4.6936240196e+00,2.3958310547e+03
3324,4.9046549201e-01,-4.8988094926e-01,-3.7828922272e+00,2.3958027344e+03
3325,4.9048501253e-01,-4.8934727907e-01,-1.0300296545e+00,2.3957731934e+03
3326,4.9019631743e-01,-4.8896265030e-01,-5.8627758026e+00,2.3957436523e+03
3327,4.9043342471e-01,-4.8891833425e-01,-5.9142460823e+00,2.3957148438e+03
3328,4.9092322588e-01,-4.8919275403e-01,-1.2934898138e+00,2.3956857910e+03
3329,4.9157610536e-01,-4.8947760463e-01,-8.3017072678e+00,2.3956574707e+03
3330,4.9213910103e-01,-4.9002227187e-01,-1.2870232761e-01,2.3956303711e+03
3331,4.9264481664e-01,-4.9040573835e-01,-8.1449337006e+00,2.3956027832e+03
3332,4.9308916926e-01,-4.9102026224e-01,-1.2357693911e+00,2.3955729980e+03
3333,4.9349752069e-01,-4.9106103182e-01,-8.8055658340e+00,2.3955446777e+03
3334,4.9372249842e-01,-4.9116769433e-01,-1.8171185255e+00,2.3955166016e+03
3335,4.9341964722e-01,-4.9113959074e-01,-7.2543025017e+00,2.3954870605e+03
3336,4.9302354455e-01,-4.9096179008e-01,-2.8829889297e+00,2.3954589844e+03
3337,4.9278873205e-01,-4.9053281546e-01,-7.8472399712e+00,2.3954304199e+03
3338,4.9239405990e-01,-4.9013140798e-01,-2.3733062744e+00,2.3953999023e+03
3339,4.9209681153e-01,-4.9006000161e-01,-7.3482379913e+00,2.3953669434e+03
3340,4.9190098047e-01,-4.8985555768e-01,-2.3165729046e+00,2.3953364258e+03
3341,4.9191823602e-01,-4.8960697651e-01,-5.3346619606e+00,2.3953068848e+03
3342,4.9193200469e-01,-4.8967149854e-01,-3.0304920673e+00,2.3952788086e+03
3343,4.9220189452e-01,-4.8953619599e-01,-5.5512037277e+00,2.3952514648e+03
3344,4.9220734835e-01,-4.8967519403e-01,-3.5705637932e+00,2.3952231445e+03
3345,4.9247276783e-01,-4.8930811882e-01,-7.3025512695e+00,2.3951933594e+03
3346,4.9219828844e-01,-4.8937788606e-01,-1.9784413278e-01,2.3951608887e+03
3347,4.9188387394e-01,-4.8930108547e-01,-8.1953678131e+00,2.3951296387e+03
3348,4.9173471332e-01,-4.8916465044e-01,-2.6528248787e+00,2.3950996094e+03
3349,4.9150511622e-01,-4.8905548453e-01,-7.3836045265e+00,2.3950703125e+03
3350,4.9143537879e-01,-4.8887175322e-01,-2.8532195091e+00,2.3950432129e+03
3351,4.9121516943e-01,-4.8880055547e-01,-6.8223385811e+00,2.3950139160e+03
3352,4.9121230841e-01,-4.8899644613e-01,-3.7472860813e+00,2.3949838867e+03
3353,4.9133610725e-01,-4.8907107115e-01,-3.9585897923e+00,2.3949523926e+03
3354,4.9143540859e-01,-4.8920300603e-01,-3.8394649029e+00,2.3949223633e+03
3355,4.9174821377e-01,-4.8939406872e-01,-3.3122055531e+00,2.3948933105e+03
3356,4.9197378755e-01,-4.8978412151e-01,-4.4346833229e+00,2.3948649902e+03
3357,4.9206945300e-01,-4.9028626084e-01,-3.1429455280e+00,2.3948378906e+03
3358,4.9206000566e-01,-4.9056673050e-01,-6.3660683632e+00,2.3948098145e+03
3359,4.9191749096e-01,-4.9099710584e-01,-4.8459362984e+00,2.3947814941e+03
3360,4.9199998379e-01,-4.9097195268e-01,-7.1508235931e+00,2.3947504883e+03
3361,4.9191623926e-01,-4.9093034863e-01,-1.5857452154e+00,2.3947192383e+03
3362,4.9169680476e-01,-4.9096700549e-01,-6.0629687309e+00,2.3946894531e+03
3363,4.9146243930e-01,-4.9065789580e-01,-1.7291833460e-01,2.3946611328e+03
3364,4.9119749665e-01,-4.9046891928e-01,-8.6235017776e+00,2.3946330566e+03
3365,4.9102801085e-01,-4.9032872915e-01,-4.0088081360e-01,2.3946037598e+03
3366,4.9096810818e-01,-4.9003687501e-01,-8.7742013931e+00,2.3945749512e+03
3367,4.9089580774e-01,-4.9014440179e-01,1.0904542208e+00,2.3945437012e+03
3368,4.9109286070e-01,-4.9002104998e-01,-6.0442199707e+00,2.3945139160e+03
3369,4.9144026637e-01,-4.9010029435e-01,-3.3785822392e+00,2.3944851074e+03
3370,4.9184650183e-01,-4.9006804824e-01,-7.4897565842e+00,2.3944548340e+03
3371,4.9221017957e-01,-4.9011221528e-01,-2.4676933289e+00,2.3944238281e+03
3372,4.9247178435e-01,-4.9022483826e-01,-8.7997865677e+00,2.3943942871e+03
3373,4.9267482758e-01,-4.9029430747e-01,-1.3210564852e+00,2.3943642578e+03
3374,4.9297672510e-01,-4.9012148380e-01,-5.5200686455e+00,2.3943342285e+03
3375,4.9272605777e-01,-4.9022746086e-01,-4.4165673852e-01,2.3943061523e+03
3376,4.9295446277e-01,-4.9003595114e-01,-8.7066946030e+00,2.3942773438e+03
3377,4.9278455973e-01,-4.9035480618e-01,3.0602819920e+00,2.3942460938e+03
3378,4.9272516370e-01,-4.9051856995e-01,-7.9575591087e+00,2.3942167969e+03
3379,4.9290457368e-01,-4.9048367143e-01,-9.2213767767e-01,2.3941882324e+03
3380,4.9274116755e-01,-4.9066951871e-01,-9.6228485107e+00,2.3941591797e+03
3381,4.9272879958e-01,-4.9071452022e-01,-2.5162494183e+00,2.3941298828e+03
3382,4.9266964197e-01,-4.9083566666e-01,-9.8377380371e+00,2.3941013184e+03
3383,4.9266251922e-01,-4.9088960886e-01,-1.3089654446e+00,2.3940742188e+03
3384,4.9266958237e-01,-4.9084064364e-01,-6.0952682495e+00,2.3940451660e+03
3385,4.9241632223e-01,-4.9063780904e-01,-8.1139057875e-01,2.3940166016e+03
3386,4.9203172326e-01,-4.9052861333e-01,-9.0279617310e+00,2.3939870605e+03
3387,4.9187394977e-01,-4.9021014571e-01,-2.5061914921e+00,2.3939550781e+03
3388,4.9157571793e-01,-4.8987668753e-01,-1.0327921867e+01,2.3939252930e+03
3389,4.9148762226e-01,-4.8961722851e-01,3.9821776748e-01,2.3938967285e+03
3390,4.9156555533e-01,-4.8910084367e-01,-1.0244059563e+01,2.3938693848e+03
3391,4.9155470729e-01,-4.8910465837e-01,2.7512071133e+00,2.3938410645e+03
3392,4.9166211486e-01,-4.8899489641e-01,-9.2699251175e+00,2.3938144531e+03
3393,4.9198395014e-01,-4.8864403367e-01,-2.7008864880e+00,2.3937871094e+03
3394,4.9231210351e-01,-4.8847550154e-01,-8.9388408661e+00,2.3937583008e+03
3395,4.9259072542e-01,-4.8839566112e-01,-9.0968763828e-01,2.3937280273e+03
3396,4.9272739887e-01,-4.8823028803e-01,-8.1643648148e+00,2.3936975098e+03
3397,4.9283185601e-01,-4.8830226064e-01,-1.3326157816e-02,2.3936662598e+03
3398,4.9309805036e-01,-4.8838680983e-01,-8.8495025635e+00,2.3936357422e+03
3399,4.9318239093e-01,-4.8868831992e-01,2.4196922779e+00,2.3936064453e+03
3400,4.9340113997e-01,-4.8893526196e-01,-1.2640889168e+01,2.3935764160e+03
3401,4.9345570803e-01,-4.8939239979e-01,5.1526927948e+00,2.3935488281e+03
3402,4.9333953857e-01,-4.9006885290e-01,-1.0058799744e+01,2.3935202637e+03
3403,4.9326401949e-01,-4.9037191272e-01,-5.6938753128e+00,2.3934924316e+03
3404,4.9284237623e-01,-4.9055427313e-01,-4.5846972466e+00,2.3934638672e+03
3405,4.9241331220e-01,-4.9066063762e-01,-3.7519750595e+00,2.3934350586e+03
3406,4.9194124341e-01,-4.9075296521e-01,-4.4237284660e+00,2.3934067383e+03
3407,4.9128040671e-01,-4.9077743292e-01,-7.4391422272e+00,2.3933767090e+03
3408,4.9068805575e-01,-4.9073198438e-01,-2.5087532997e+00,2.3933481445e+03
3409,4.9028494954e-01,-4.9015718699e-01,-7.5693726540e+00,2.3933186035e+03
3410,4.8972177505e-01,-4.8998588324e-01,-5.7410353422e-01,2.3932885742e+03
3411,4.8963320255e-01,-4.8951804638e-01,-1.0496456146e+01,2.3932573242e+03
3412,4.8956033587e-01,-4.8913270235e-01,2.9392814636e+00,2.3932260742e+03
3413,4.8951888084e-01,-4.8889106512e-01,-1.3534536362e+01,2.3931953125e+03
3414,4.8983809352e-01,-4.8819544911e-01,2.5811359286e-01,2.3931633301e+03
3415,4.8999631405e-01,-4.8788419366e-01,-3.3501937389e+00,2.3931323242e+03
3416,4.9042290449e-01,-4.8758518696e-01,-5.0102643967e+00,2.3931027832e+03
3417,4.9080908298e-01,-4.8712927103e-01,-2.7186684608e+00,2.3930744629e+03
3418,4.9113494158e-01,-4.8695996404e-01,-4.7606434822e+00,2.3930456543e+03
3419,4.9157020450e-01,-4.8679736257e-01,-3.2071273327e+00,2.3930178223e+03
3420,4.9201306701e-01,-4.8671546578e-01,-6.4865508080e+00,2.3929904785e+03
3421,4.9243661761e-01,-4.8679316044e-01,-1.6256279945e+00,2.3929624023e+03
3422,4.9275767803e-01,-4.8692679405e-01,-8.0243129730e+00,2.3929323730e+03
3423,4.9312776327e-01,-4.8695939779e-01,-5.8333843946e-01,2.3929033203e+03
3424,4.9328351021e-01,-4.8733022809e-01,-9.6139402390e+00,2.3928735352e+03
3425,4.9337974191e-01,-4.8748138547e-01,-2.7071845531e+00,2.3928437500e+03
3426,4.9346935749e-01,-4.8747897148e-01,-7.1019325256e+00,2.3928142090e+03
3427,4.9331438541e-01,-4.8778957129e-01,-2.0409903526e+00,2.3927824707e+03
3428,4.9327152967e-01,-4.8785290122e-01,-9.9719228745e+00,2.3927521973e+03
3429,4.9298912287e-01,-4.8805740476e-01,-6.3488072157e-01,2.3927224121e+03
3430,4.9289810658e-01,-4.8835349083e-01,-1.0389855385e+01,2.3926940918e+03
3431,4.9242022634e-01,-4.8865216970e-01,1.8378143311e+00,2.3926667480e+03
3432,4.9259826541e-01,-4.8875549436e-01,-1.4706832886e+01,2.3926394043e+03
3433,4.9243038893e-01,-4.8895195127e-01,-1.3337782621e+00,2.3926110840e+03
3434,4.9214464426e-01,-4.8936700821e-01,-5.1094894409e+00,2.3925810547e+03
3435,4.9209052324e-01,-4.8966819048e-01,-4.3681735992e+00,2.3925500488e+03
3436,4.9210286140e-01,-4.8984125257e-01,-5.3553085327e+00,2.3925180664e+03
3437,4.9220126867e-01,-4.9008709192e-01,-1.6710917950e+00,2.3924870605e+03
3438,4.9221757054e-01,-4.9026185274e-01,-3.0468809605e+00,2.3924555664e+03
3439,4.9212130904e-01,-4.9037361145e-01,-7.6085858345e+00,2.3924250488e+03
3440,4.9197521806e-01,-4.9049139023e-01,-1.0233356953e+00,2.3923964844e+03
3441,4.9181002378e-01,-4.9053442478e-01,-6.7731695175e+00,2.3923669434e+03
3442,4.9160510302e-01,-4.9052599072e-01,-4.6362419128e+00,2.3923383789e+03
3443,4.9146816134e-01,-4.9037051201e-01,-5.1277585030e+00,2.3923090820e+03
3444,4.9099829793e-01,-4.9046435952e-01,-3.6000041962e+00,2.3922802734e+03
3445,4.9097427726e-01,-4.9024799466e-01,-5.4564785957e+00,2.3922512207e+03
3446,4.9060210586e-01,-4.9006143212e-01,-3.6809973717e+00,2.3922221680e+03
3447,4.9042093754e-01,-4.8973450065e-01,-5.6449613571e+00,2.3921936035e+03
3448,4.9023392797e-01,-4.8932200670e-01,-3.1047170162e+00,2.3921638184e+03
3449,4.9016940594e-01,-4.8872032762e-01,-9.1970415115e+00,2.3921345215e+03
3450,4.9007222056e-01,-4.8809576035e-01,-1.5003921986e+00,2.3921054688e+03
3451,4.8988696933e-01,-4.8764064908e-01,-8.8944683075e+00,2.3920773926e+03
3452,4.8986515403e-01,-4.8722058535e-01,-2.6723761559e+00,2.3920478516e+03
3453,4.8985552788e-01,-4.8717343807e-01,-8.8556604385e+00,2.3920202637e+03
3454,4.8996776342e-01,-4.8725461960e-01,-2.5811026096e+00,2.3919899902e+03
3455,4.9047461152e-01,-4.8736730218e-01,-9.9850254059e+00,2.3919628906e+03
3456,4.9074211717e-01,-4.8771399260e-01,4.8200491071e-01,2.3919365234e+03
3457,4.9133259058e-01,-4.8807221651e-01,-1.0791844368e+01,2.3919094238e+03
3458,4.9182614684e-01,-4.8848006129e-01,-1.4277086258e+00,2.3918830566e+03
3459,4.9190565944e-01,-4.8885977268e-01,-3.3921284676e+00,2.3918530273e+03
3460,4.9228322506e-01,-4.8895880580e-01,-4.1086144447e+00,2.3918229980e+03
3461,4.9202373624e-01,-4.8893418908e-01,-4.6160063744e+00,2.3917905273e+03
3462,4.9182859063e-01,-4.8892667890e-01,-5.1975774765e+00,2.3917573242e+03
3463,4.9157932401e-01,-4.8849740624e-01,-3.3799388409e+00,2.3917270508e+03
3464,4.9102562666e-01,-4.8819273710e-01,-6.1589360237e+00,2.3916987305e+03
3465,4.9080291390e-01,-4.8761904240e-01,-1.8579021692e+00,2.3916716309e+03
3466,4.9063530564e-01,-4.8708590865e-01,-8.9699459076e+00,2.3916440430e+03
3467,4.9065116048e-01,-4.8705425858e-01,-5.7211482525e-01,2.3916154785e+03
3468,4.9086165428e-01,-4.8704123497e-01,-1.2067014694e+01,2.3915886230e+03
3469,4.9135953188e-01,-4.8726025224e-01,-2.5128767490e+00,2.3915605469e+03
3470,4.9184978008e-01,-4.8778063059e-01,-5.2643508911e+00,2.3915307617e+03
3471,4.9253010750e-01,-4.8845335841e-01,-5.4239745140e+00,2.3915017090e+03
3472,4.9308827519e-01,-4.8898276687e-01,-6.0957331657e+00,2.3914724121e+03
3473,4.9344474077e-01,-4.8979607224e-01,-4.9065442085e+00,2.3914423828e+03
3474,4.9360206723e-01,-4.9026900530e-01,-8.6619930267e+00,2.3914128418e+03
3475,4.9358978868e-01,-4.9045503139e-01,-2.8438949585e+00,2.3913818359e+03
3476,4.9335265160e-01,-4.9055182934e-01,-5.8784813881e+00,2.3913518066e+03
3477,4.9293085933e-01,-4.9027839303e-01,-4.0937724113e+00,2.3913212891e+03
3478,4.9224308133e-01,-4.8983833194e-01,-5.4642157555e+00,2.3912905273e+03
3479,4.9164217710e-01,-4.8938900232e-01,-3.4717271328e+00,2.3912587891e+03
3480,4.9098905921e-01,-4.8899140954e-01,-6.4105138779e+00,2.3912260742e+03
3481,4.9052187800e-01,-4.8850220442e-01,-2.9821982384e+00,2.3911960449e+03
3482,4.9012342095e-01,-4.8827308416e-01,-5.0839843750e+00,2.3911687012e+03
3483,4.8990926147e-01,-4.8828068376e-01,-6.7249016762e+00,2.3911420898e+03
3484,4.9006238580e-01,-4.8831012845e-01,-6.5483522415e+00,2.3911159668e+03
3485,4.9027234316e-01,-4.8837357759e-01,-4.9418983459e+00,2.3910883789e+03
3486,4.9064970016e-01,-4.8840692639e-01,-5.2350358963e+00,2.3910576172e+03
3487,4.9103733897e-01,-4.8852807283e-01,-6.3176445961e+00,2.3910258789e+03
3488,4.9110007286e-01,-4.8862278461e-01,-5.6022367477e+00,2.3909931641e+03
3489,4.9126750231e-01,-4.8859512806e-01,-6.4688649178e+00,2.3909609375e+03
3490,4.9126300216e-01,-4.8860627413e-01,-4.3961219788e+00,2.3909291992e+03
3491,4.9122259021e-01,-4.8871663213e-01,-4.5896692276e+00,2.3909003906e+03
3492,4.9115613103e-01,-4.8862731457e-01,-5.4536929131e+00,2.3908723145e+03
3493,4.9117773771e-01,-4.8881801963e-01,-4.8165683746e+00,2.3908437500e+03
3494,4.9129959941e-01,-4.8880052567e-01,-5.4409356117e+00,2.3908149414e+03
3495,4.9164563417e-01,-4.8900714517e-01,-2.7716352940e+00,2.3907858887e+03
3496,4.9195179343e-01,-4.8914134502e-01,-4.9748077393e+00,2.3907558594e+03
3497,4.9231657386e-01,-4.8950821161e-01,-2.3248581886e+00,2.3907253418e+03
3498,4.9265778065e-01,-4.8964083195e-01,-4.7730350494e+00,2.3906940918e+03
3499,4.9285811186e-01,-4.8979866505e-01,-4.2554931641e+00,2.3906643066e+03
3500,4.9297970533e-01,-4.8963877559e-01,-5.6031041145e+00,2.3906340332e+03
3501,4.9262785912e-01,-4.8970004916e-01,-4.8253054619e+00,2.3906044922e+03
3502,4.9229693413e-01,-4.8936474323e-01,-7.4409956932e+00,2.3905744629e+03
3503,4.9201700091e-01,-4.8913365602e-01,-3.9097585678e+00,2.3905456543e+03
3504,4.9155163765e-01,-4.8860964179e-01,-6.2506380081e+00,2.3905161133e+03
3505,4.9128460884e-01,-4.8848941922e-01,-4.3344330788e+00,2.3904887695e+03
3506,4.9094489217e-01,-4.8820340633e-01,-6.3449788094e+00,2.3904626465e+03
3507,4.9091586471e-01,-4.8817762733e-01,-4.8482389450e+00,2.3904350586e+03
3508,4.9094155431e-01,-4.8809951544e-01,-6.7701344490e+00,2.3904062500e+03
3509,4.9095070362e-01,-4.8821622133e-01,-5.1989903450e+00,2.3903757324e+03
3510,4.9132898450e-01,-4.8813876510e-01,-6.0190811157e+00,2.3903435059e+03
3511,4.9148055911e-01,-4.8807585239e-01,-3.5753691196e+00,2.3903117676e+03
3512,4.9177920818e-01,-4.8820385337e-01,-6.1031575203e+00,2.3902807617e+03
3513,4.9209603667e-01,-4.8844158649e-01,-2.7508568764e+00,2.3902531738e+03
3514,4.9224627018e-01,-4.8864367604e-01,-6.7845649719e+00,2.3902253418e+03
3515,4.9230095744e-01,-4.8886191845e-01,-2.7983109951e+00,2.3901982422e+03
3516,4.9232679605e-01,-4.8884710670e-01,-6.8919577599e+00,2.3901691895e+03
3517,4.9238559604e-01,-4.8884835839e-01,-2.8134071827e+00,2.3901398926e+03
3518,4.9240678549e-01,-4.8890429735e-01,-7.8449316025e+00,2.3901101074e+03
3519,4.9213117361e-01,-4.8898431659e-01,-2.8494019508e+00,2.3900817871e+03
3520,4.9196252227e-01,-4.8874264956e-01,-8.7698497772e+00,2.3900520020e+03
3521,4.9178510904e-01,-4.8873358965e-01,-3.0347073078e+00,2.3900244141e+03
3522,4.9159121513e-01,-4.8853081465e-01,-1.0626125336e+01,2.3899956055e+03
3523,4.9136835337e-01,-4.8841330409e-01,-2.6197097301e+00,2.3899672852e+03
3524,4.9099323153e-01,-4.8828303814e-01,-9.2454423904e+00,2.3899367676e+03
3525,4.9079936743e-01,-4.8811283708e-01,-1.6079279184e+00,2.3899064941e+03
3526,4.9081814289e-01,-4.8792532086e-01,-7.2600612640e+00,2.3898764648e+03
3527,4.9074295163e-01,-4.8789781332e-01,-3.5606384277e+00,2.3898471680e+03
3528,4.9091830850e-01,-4.8788338900e-01,-7.5900540352e+00,2.3898181152e+03
3529,4.9081635475e-01,-4.8812219501e-01,-3.0645642281e+00,2.3897917480e+03
3530,4.9111121893e-01,-4.8816528916e-01,-7.7128310204e+00,2.3897636719e+03
3531,4.9121731520e-01,-4.8831066489e-01,-2.4416940212e+00,2.3897358398e+03
3532,4.9122077227e-01,-4.8858356476e-01,-8.1851186752e+00,2.3897080078e+03
3533,4.9110472202e-01,-4.8880821466e-01,-1.6261655092e+00,2.3896809082e+03
3534,4.9097436666e-01,-4.8924022913e-01,-8.8425865173e+00,2.3896508789e+03
3535,4.9091184139e-01,-4.8960644007e-01,-2.2040505409e+00,2.3896191406e+03
3536,4.9081817269e-01,-4.8966610432e-01,-9.7093706131e+00,2.3895871582e+03
3537,4.9029865861e-01,-4.8994418979e-01,-2.7367222309e+00,2.3895559082e+03
3538,4.9015033245e-01,-4.8973119259e-01,-8.4446067810e+00,2.3895258789e+03
3539,4.8991352320e-01,-4.8951086402e-01,-2.8326799870e+00,2.3894987793e+03
3540,4.8978084326e-01,-4.8912799358e-01,-9.0481452942e+00,2.3894729004e+03
3541,4.8956176639e-01,-4.8881822824e-01,-1.8351607323e+00,2.3894467773e+03
3542,4.8955515027e-01,-4.8858192563e-01,-8.9306354523e+00,2.3894194336e+03
3543,4.8948395252e-01,-4.8843151331e-01,-2.4746284485e+00,2.3893903809e+03
3544,4.8992830515e-01,-4.8831444979e-01,-8.2121791840e+00,2.3893598633e+03
3545,4.9006462097e-01,-4.8842316866e-01,-3.9900282025e-01,2.3893288574e+03
3546,4.9056357145e-01,-4.8839735985e-01,-9.9919300079e+00,2.3892983398e+03
3547,4.9102333188e-01,-4.8835307360e-01,-2.3524460793e+00,2.3892700195e+03
3548,4.9140450358e-01,-4.8837152123e-01,-4.8470468521e+00,2.3892431641e+03
3549,4.9186077714e-01,-4.8866409063e-01,-3.3714179993e+00,2.3892165527e+03
3550,4.9180445075e-01,-4.8866823316e-01,-6.3840775490e+00,2.3891884766e+03
3551,4.9188938737e-01,-4.8872628808e-01,-5.4125533104e+00,2.3891596680e+03
3552,4.9179545045e-01,-4.8869943619e-01,-6.2918944359e+00,2.3891301270e+03
3553,4.9166584015e-01,-4.8864847422e-01,-6.2570705414e+00,2.3891010742e+03
3554,4.9147260189e-01,-4.8851320148e-01,-5.0159168243e+00,2.3890703125e+03
3555,4.9125626683e-01,-4.8836499453e-01,-4.4176516533e+00,2.3890397949e+03
3556,4.9104848504e-01,-4.8829647899e-01,-4.6817021370e+00,2.3890107422e+03
3557,4.9087762833e-01,-4.8826998472e-01,-4.5437383652e+00,2.3889826660e+03
3558,4.9049183726e-01,-4.8827153444e-01,-6.6597137451e+00,2.3889531250e+03
3559,4.9041303992e-01,-4.8820331693e-01,-4.6989192963e+00,2.3889230957e+03
3560,4.9049621820e-01,-4.8813104630e-01,-4.8561496735e+00,2.3888945312e+03
3561,4.9049445987e-01,-4.8802840710e-01,-5.0006990433e+00,2.3888688965e+03
3562,4.9059176445e-01,-4.8789742589e-01,-4.9816508293e+00,2.3888393555e+03
3563,4.9061536789e-01,-4.8780113459e-01,-4.8113484383e+00,2.3888085938e+03
3564,4.9077895284e-01,-4.8775002360e-01,-7.8162865639e+00,2.3887790527e+03
3565,4.9098861217e-01,-4.8744761944e-01,-4.7550315857e+00,2.3887485352e+03
3566,4.9105429649e-01,-4.8754963279e-01,-6.9546265602e+00,2.3887180176e+03
3567,4.9098512530e-01,-4.8749595881e-01,-4.9240665436e+00,2.3886865234e+03
3568,4.9113374949e-01,-4.8771381378e-01,-7.2102046013e+00,2.3886560059e+03
3569,4.9146831036e-01,-4.8770460486e-01,-4.0284118652e+00,2.3886271973e+03
3570,4.9134290218e-01,-4.8803317547e-01,-9.2539768219e+00,2.3885996094e+03
3571,4.9154159427e-01,-4.8814061284e-01,-5.2245926857e+00,2.3885700684e+03
3572,4.9169361591e-01,-4.8836800456e-01,-4.7586054802e+00,2.3885412598e+03
3573,4.9168711901e-01,-4.8884582520e-01,-5.7193069458e+00,2.3885131836e+03
3574,4.9198400974e-01,-4.8893663287e-01,-4.2794709206e+00,2.3884860840e+03
3575,4.9195620418e-01,-4.8937433958e-01,-6.2190756798e+00,2.3884594727e+03
3576,4.9222791195e-01,-4.8939797282e-01,-3.9167873859e+00,2.3884331055e+03
3577,4.9195587635e-01,-4.8973536491e-01,-7.2951016426e+00,2.3884045410e+03
3578,4.9197775126e-01,-4.8989680409e-01,-5.1726636887e+00,2.3883745117e+03
3579,4.9175363779e-01,-4.8988577724e-01,-8.1988182068e+00,2.3883427734e+03
3580,4.9163377285e-01,-4.9023795128e-01,-1.9792431593e+00,2.3883117676e+03
3581,4.9133238196e-01,-4.9028351903e-01,-8.5193901062e+00,2.3882800293e+03
3582,4.9106803536e-01,-4.9041840434e-01,-2.5901825428e+00,2.3882517090e+03
3583,4.9094143510e-01,-4.9053120613e-01,-5.8703579903e+00,2.3882231445e+03
3584,4.9068337679e-01,-4.9050822854e-01,-6.0008502007e+00,2.3881979980e+03
3585,4.9046415091e-01,-4.9026605487e-01,-7.4924602509e+00,2.3881718750e+03
3586,4.9026623368e-01,-4.8992693424e-01,-5.4636902809e+00,2.3881457520e+03
3587,4.9009633064e-01,-4.8942384124e-01,-7.7109746933e+00,2.3881164551e+03
3588,4.8990008235e-01,-4.8925247788e-01,-3.4035015106e+00,2.3880864258e+03
3589,4.8958340287e-01,-4.8890370131e-01,-9.7330179214e+00,2.3880544434e+03
3590,4.8959702253e-01,-4.8870617151e-01,-4.6743378639e+00,2.3880239258e+03
3591,4.8945987225e-01,-4.8876634240e-01,-5.8330616951e+00,2.3879931641e+03
3592,4.8986068368e-01,-4.8842117190e-01,-4.4135355949e+00,2.3879643555e+03
3593,4.9023860693e-01,-4.8848420382e-01,-4.6250109673e+00,2.3879367676e+03
3594,4.9052652717e-01,-4.8821666837e-01,-4.7014055252e+00,2.3879113770e+03
3595,4.9076554179e-01,-4.8802414536e-01,-3.8330905437e+00,2.3878864746e+03
3596,4.9098163843e-01,-4.8770344257e-01,-5.3566865921e+00,2.3878588867e+03
3597,4.9103471637e-01,-4.8756045103e-01,-5.2510890961e+00,2.3878295898e+03
3598,4.9122276902e-01,-4.8746848106e-01,-6.6706924438e+00,2.3877985840e+03
3599,4.9122491479e-01,-4.8755797744e-01,-4.5195784569e+00,2.3877678223e+03
3600,4.9137270451e-01,-4.8767367005e-01,-7.5489034653e+00,2.3877390137e+03
3601,4.9155369401e-01,-4.8788267374e-01,-3.9915955067e+00,2.3877106934e+03
3602,4.9172639847e-01,-4.8822197318e-01,-8.0213346481e+00,2.3876831055e+03
3603,4.9180957675e-01,-4.8867312074e-01,-5.2603440285e+00,2.3876560059e+03
3604,4.9217721820e-01,-4.8893010616e-01,-6.0458507538e+00,2.3876286621e+03
3605,4.9224999547e-01,-4.8928505182e-01,-5.1385850906e+00,2.3875986328e+03
3606,4.9228483438e-01,-4.8957243562e-01,-5.3948144913e+00,2.3875671387e+03
3607,4.9219256639e-01,-4.8960787058e-01,-5.1965065002e+00,2.3875349121e+03
3608,4.9195203185e-01,-4.8947021365e-01,-7.8997349739e+00,2.3875048828e+03
3609,4.9162000418e-01,-4.8929154873e-01,-5.0119104385e+00,2.3874765625e+03
3610,4.9157014489e-01,-4.8893654346e-01,-4.9344496727e+00,2.3874497070e+03
3611,4.9108451605e-01,-4.8875492811e-01,-5.5694060326e+00,2.3874213867e+03
3612,4.9097293615e-01,-4.8829114437e-01,-5.2905673981e+00,2.3873930664e+03
3613,4.9089309573e-01,-4.8798862100e-01,-6.7948007584e+00,2.3873640137e+03
3614,4.9084246159e-01,-4.8781371117e-01,-5.8220162392e+00,2.3873354492e+03
3615,4.9112698436e-01,-4.8769390583e-01,-6.7532896996e+00,2.3873056641e+03
3616,4.9119654298e-01,-4.8765295744e-01,-3.0672473907e+00,2.3872763672e+03
3617,4.9153611064e-01,-4.8779544234e-01,-9.0490455627e+00,2.3872465820e+03
3618,4.9185776711e-01,-4.8771247268e-01,-4.3590950966e+00,2.3872165527e+03
3619,4.9188426137e-01,-4.8804208636e-01,-7.6258587837e+00,2.3871853027e+03
3620,4.9195215106e-01,-4.8814409971e-01,-4.6289024353e+00,2.3871555176e+03
3621,4.9194067717e-01,-4.8822805285e-01,-6.9107065201e+00,2.3871279297e+03
3622,4.9189043045e-01,-4.8827016354e-01,-3.6814651489e+00,2.3871005859e+03
3623,4.9181535840e-01,-4.8829275370e-01,-9.1370868683e+00,2.3870717773e+03
3624,4.9152687192e-01,-4.8801514506e-01,-3.4609284401e+00,2.3870427246e+03
3625,4.9121153355e-01,-4.8807758093e-01,-9.6406173706e+00,2.3870131836e+03
3626,4.9090582132e-01,-4.8779526353e-01,-5.8174767494e+00,2.3869819336e+03
3627,4.9055951834e-01,-4.8767498136e-01,-3.2500569820e+00,2.3869526367e+03
3628,4.9059298635e-01,-4.8733940721e-01,-6.5528998375e+00,2.3869226074e+03
3629,4.9038520455e-01,-4.8737728596e-01,-5.6519479752e+00,2.3868918457e+03
3630,4.9029642344e-01,-4.8726773262e-01,-8.4824447632e+00,2.3868640137e+03
3631,4.9029105902e-01,-4.8733744025e-01,-4.3036007881e+00,2.3868366699e+03
3632,4.9012646079e-01,-4.8755770922e-01,-6.8240990639e+00,2.3868098145e+03
3633,4.9027463794e-01,-4.8760628700e-01,-5.5612292290e+00,2.3867829590e+03
3634,4.9029430747e-01,-4.8774406314e-01,-6.0816521645e+00,2.3867548828e+03
3635,4.9037367105e-01,-4.8801666498e-01,-4.9905982018e+00,2.3867263184e+03
3636,4.9049973488e-01,-4.8824340105e-01,-7.6994132996e+00,2.3866972656e+03
3637,4.9068847299e-01,-4.8838537931e-01,-3.5410430431e+00,2.3866679688e+03
3638,4.9088454247e-01,-4.8852479458e-01,-5.1649723053e+00,2.3866411133e+03
3639,4.9118149281e-01,-4.8852109909e-01,-5.9626960754e+00,2.3866135254e+03
3640,4.9115711451e-01,-4.8879697919e-01,-6.0498023033e+00,2.3865854492e+03
3641,4.9125298858e-01,-4.8870125413e-01,-5.1677904129e+00,2.3865578613e+03
3642,4.9116587639e-01,-4.8872226477e-01,-8.2713470459e+00,2.3865292969e+03
3643,4.9124947190e-01,-4.8876228929e-01,-4.4566907883e+00,2.3865002441e+03
3644,4.9135756493e-01,-4.8861742020e-01,-6.0823245049e+00,2.3864694824e+03
3645,4.9132084846e-01,-4.8851597309e-01,-3.3959405422e+00,2.3864404297e+03
3646,4.9176451564e-01,-4.8843315244e-01,-8.5343418121e+00,2.3864108887e+03
3647,4.9189043045e-01,-4.8819860816e-01,-4.9010591507e+00,2.3863823242e+03
3648,4.9211010337e-01,-4.8803409934e-01,-6.6523022652e+00,2.3863547363e+03
3649,4.9198517203e-01,-4.8790386319e-01,-5.2632517815e+00,2.3863276367e+03
3650,4.9198377132e-01,-4.8773437738e-01,-6.1513881683e+00,2.3862993164e+03
3651,4.9188059568e-01,-4.8785546422e-01,-5.8193011284e+00,2.3862700195e+03
3652,4.9209979177e-01,-4.8760965466e-01,-6.0919337273e+00,2.3862395020e+03
3653,4.9187892675e-01,-4.8793917894e-01,-5.3901252747e+00,2.3862097168e+03
3654,4.9211940169e-01,-4.8778674006e-01,-8.9844131470e+00,2.3861794434e+03
3655,4.9211204052e-01,-4.8792201281e-01,-4.2972407341e+00,2.3861506348e+03
3656,4.9193280935e-01,-4.8805537820e-01,-1.0946301460e+01,2.3861225586e+03
3657,4.9211990833e-01,-4.8783600330e-01,-2.7276346087e-01,2.3860957031e+03
3658,4.9201709032e-01,-4.8773562908e-01,-1.3317052841e+01,2.3860666504e+03
3659,4.9190267920e-01,-4.8749336600e-01,1.5082527399e+00,2.3860380859e+03
3660,4.9163112044e-01,-4.8737671971e-01,-1.1286385536e+01,2.3860075684e+03
3661,4.9167788029e-01,-4.8702391982e-01,-6.1317086220e+00,2.3859787598e+03
3662,4.9178075790e-01,-4.8667275906e-01,-7.3999509811e+00,2.3859511719e+03
3663,4.9162411690e-01,-4.8670804501e-01,-4.0754065514e+00,2.3859233398e+03
3664,4.9195766449e-01,-4.8647752404e-01,-7.0480642319e+00,2.3858972168e+03
3665,4.9196934700e-01,-4.8665216565e-01,-3.4856064320e+00,2.3858715820e+03
3666,4.9239987135e-01,-4.8663586378e-01,-8.4692296982e+00,2.3858442383e+03
3667,4.9250569940e-01,-4.8678687215e-01,-1.9646794796e+00,2.3858178711e+03
3668,4.9268040061e-01,-4.8689606786e-01,-1.1287606239e+01,2.3857875977e+03
3669,4.9264207482e-01,-4.8695218563e-01,1.1665714532e-01,2.3857565918e+03
3670,4.9254590273e-01,-4.8720955849e-01,-1.4379249573e+01,2.3857260742e+03
3671,4.9244156480e-01,-4.8714148998e-01,-3.7507512569e+00,2.3856977539e+03
3672,4.9206590652e-01,-4.8724150658e-01,-6.0330314636e+00,2.3856694336e+03
3673,4.9188607931e-01,-4.8715522885e-01,-6.8513669968e+00,2.3856423340e+03
3674,4.9149084091e-01,-4.8735287786e-01,-5.5481591225e+00,2.3856162109e+03
3675,4.9132108688e-01,-4.8749604821e-01,-6.6384592056e+00,2.3855878906e+03
3676,4.9116128683e-01,-4.8759263754e-01,-4.1193633080e+00,2.3855585938e+03
3677,4.9102583528e-01,-4.8780062795e-01,-8.1103219986e+00,2.3855288086e+03
3678,4.9108475447e-01,-4.8819372058e-01,-5.6034889221e+00,2.3854987793e+03
3679,4.9112409353e-01,-4.8854503036e-01,-5.6422109604e+00,2.3854697266e+03
3680,4.9120205641e-01,-4.8884513974e-01,-5.2391438484e+00,2.3854409180e+03
3681,4.9104452133e-01,-4.8876714706e-01,-5.9804925919e+00,2.3854118652e+03
3682,4.9094387889e-01,-4.8873233795e-01,-4.9625868797e+00,2.3853835449e+03
3683,4.9079892039e-01,-4.8855364323e-01,-6.8910284042e+00,2.3853535156e+03
3684,4.9072796106e-01,-4.8842224479e-01,-3.5770256519e+00,2.3853234863e+03
3685,4.9015104771e-01,-4.8838981986e-01,-8.1476135254e+00,2.3852949219e+03
3686,4.9005371332e-01,-4.8807528615e-01,-3.2985959053e+00,2.3852653809e+03
3687,4.8956331611e-01,-4.8807924986e-01,-1.0872242928e+01,2.3852363281e+03
3688,4.8962533474e-01,-4.8805978894e-01,-5.9057435989e+00,2.3852077637e+03
3689,4.8953458667e-01,-4.8806363344e-01,-4.4916958809e+00,2.3851782227e+03
3690,4.8960229754e-01,-4.8805668950e-01,-8.5013885498e+00,2.3851467285e+03
3691,4.8956149817e-01,-4.8827686906e-01,-5.4864764214e+00,2.3851166992e+03
3692,4.8966452479e-01,-4.8845693469e-01,-9.4363183975e+00,2.3850883789e+03
3693,4.8971733451e-01,-4.8844039440e-01,-5.5008940697e+00,2.3850598145e+03
3694,4.8983684182e-01,-4.8840525746e-01,-6.9395437241e+00,2.3850310059e+03
3695,4.8962619901e-01,-4.8831689358e-01,-5.4655594826e+00,2.3850019531e+03
3696,4.8997831345e-01,-4.8802784085e-01,-6.2289843559e+00,2.3849719238e+03
3697,4.8966205120e-01,-4.8789599538e-01,-6.0008587837e+00,2.3849416504e+03
3698,4.8957231641e-01,-4.8776945472e-01,-7.3852734566e+00,2.3849123535e+03
3699,4.8950839043e-01,-4.8764848709e-01,-3.4217250347e+00,2.3848840332e+03
3700,4.8965901136e-01,-4.8761609197e-01,-7.6296563148e+00,2.3848562012e+03
3701,4.8985680938e-01,-4.8762568831e-01,-3.3957748413e+00,2.3848308105e+03
3702,4.9014994502e-01,-4.8773899674e-01,-6.3397555351e+00,2.3848032227e+03
3703,4.9061009288e-01,-4.8783355951e-01,-6.4289941788e+00,2.3847746582e+03
3704,4.9107453227e-01,-4.8791003227e-01,-6.2908058167e+00,2.3847448730e+03
3705,4.9124947190e-01,-4.8803398013e-01,-6.4776320457e+00,2.3847148438e+03
3706,4.9172234535e-01,-4.8796451092e-01,-5.8887457848e+00,2.3846845703e+03
3707,4.9185901880e-01,-4.8819491267e-01,-7.7508063316e+00,2.3846550293e+03
3708,4.9230274558e-01,-4.8804250360e-01,-6.8948669434e+00,2.3846264648e+03
3709,4.9237832427e-01,-4.8819553852e-01,-5.0465984344e+00,2.3845986328e+03
3710,4.9225324392e-01,-4.8809936643e-01,-7.6067523956e+00,2.3845710449e+03
3711,4.9214935303e-01,-4.8803642392e-01,-6.9277191162e+00,2.3845422363e+03
3712,4.9191787839e-01,-4.8800265789e-01,-7.4744877815e+00,2.3845146484e+03
3713,4.9200779200e-01,-4.8786258698e-01,-5.4781785011e+00,2.3844860840e+03
3714,4.9155274034e-01,-4.8828539252e-01,-8.3624219894e+00,2.3844582520e+03
3715,4.9134147167e-01,-4.8844435811e-01,-5.4615502357e+00,2.3844294434e+03
3716,4.9111095071e-01,-4.8881119490e-01,-6.6576075554e+00,2.3844018555e+03
3717,4.9085307121e-01,-4.8906269670e-01,-5.6077923775e+00,2.3843732910e+03
3718,4.9065637589e-01,-4.8939815164e-01,-8.0410375595e+00,2.3843457031e+03
3719,4.9061161280e-01,-4.8920059204e-01,-5.1766128540e+00,2.3843181152e+03
3720,4.9016112089e-01,-4.8938485980e-01,-6.2816729546e+00,2.3842897949e+03
3721,4.8979517817e-01,-4.8898386955e-01,-5.8764266968e+00,2.3842614746e+03
3722,4.8943144083e-01,-4.8874241114e-01,-3.0956645012e+00,2.3842326660e+03
3723,4.8914220929e-01,-4.8825469613e-01,-8.0057334900e+00,2.3842053223e+03
3724,4.8904842138e-01,-4.8784336448e-01,-3.5343215466e+00,2.3841752930e+03
3725,4.8902863264e-01,-4.8756867647e-01,-7.8753814697e+00,2.3841459961e+03
3726,4.8946043849e-01,-4.8750412464e-01,-2.6632447243e+00,2.3841159668e+03
3727,4.9015009403e-01,-4.8743367195e-01,-7.9322347641e+00,2.3840861816e+03
3728,4.9072930217e-01,-4.8783943057e-01,-4.0047526360e+00,2.3840571289e+03
3729,4.9164539576e-01,-4.8792371154e-01,-1.0573519707e+01,2.3840300293e+03
3730,4.9220496416e-01,-4.8833921552e-01,-1.3135168552e+00,2.3840029297e+03
3731,4.9283576012e-01,-4.8834431171e-01,-1.3030875206e+01,2.3839780273e+03
3732,4.9317735434e-01,-4.8840978742e-01,-3.8995456696e+00,2.3839521484e+03
3733,4.9307510257e-01,-4.8854634166e-01,-1.0226806641e+01,2.3839250488e+03
3734,4.9296540022e-01,-4.8846200109e-01,-2.4050562382e+00,2.3838964844e+03
3735,4.9262237549e-01,-4.8838105798e-01,-9.6883678436e+00,2.3838676758e+03
3736,4.9220123887e-01,-4.8820883036e-01,-3.1413981915e+00,2.3838376465e+03
3737,4.9179974198e-01,-4.8795115948e-01,-7.5485739708e+00,2.3838107910e+03
3738,4.9119803309e-01,-4.8804521561e-01,-5.3657836914e+00,2.3837819824e+03
3739,4.9105700850e-01,-4.8788413405e-01,-8.4615726471e+00,2.3837529297e+03
3740,4.9080923200e-01,-4.8801690340e-01,-5.0112805367e+00,2.3837236328e+03
3741,4.9062827229e-01,-4.8791617155e-01,-7.6988244057e+00,2.3836958008e+03
3742,4.9046611786e-01,-4.8800876737e-01,-5.1805539131e+00,2.3836682129e+03
3743,4.9055063725e-01,-4.8777037859e-01,-8.0188751221e+00,2.3836425781e+03
3744,4.9046400189e-01,-4.8793318868e-01,-6.2834200859e+00,2.3836179199e+03
3745,4.9078425765e-01,-4.8775559664e-01,-6.9272255898e+00,2.3835913086e+03
3746,4.9057209492e-01,-4.8795628548e-01,-7.1989307404e+00,2.3835639648e+03
3747,4.9086073041e-01,-4.8762887716e-01,-6.1479020119e+00,2.3835329590e+03
3748,4.9092277884e-01,-4.8789507151e-01,-4.6337413788e+00,2.3835024414e+03
3749,4.9090752006e-01,-4.8819279671e-01,-8.9957799911e+00,2.3834726562e+03
3750,4.9092403054e-01,-4.8850920796e-01,-3.7080669403e+00,2.3834431152e+03
3751,4.9081170559e-01,-4.8903933167e-01,-1.0374031067e+01,2.3834140625e+03
3752,4.9094939232e-01,-4.8930391669e-01,-2.8080146313e+00,2.3833852539e+03
3753,4.9081084132e-01,-4.8971286416e-01,-1.4040661812e+01,2.3833576660e+03
3754,4.9074089527e-01,-4.8981380463e-01,-7.2198109627e+00,2.3833293457e+03
3755,4.9040567875e-01,-4.8990783095e-01,-3.0136477947e+00,2.3833012695e+03
3756,4.9012792110e-01,-4.8978075385e-01,-1.1458900452e+01,2.3832727051e+03
3757,4.8989871144e-01,-4.8934385180e-01,-2.8312067986e+00,2.3832441406e+03
3758,4.8929658532e-01,-4.8913151026e-01,-7.4793467522e+00,2.3832165527e+03
3759,4.8901641369e-01,-4.8877584934e-01,-4.8492369652e+00,2.3831882324e+03
3760,4.8858419061e-01,-4.8840430379e-01,-9.6142377853e+00,2.3831601562e+03
3761,4.8855042458e-01,-4.8791950941e-01,-5.7057399750e+00,2.3831320801e+03
3762,4.8839548230e-01,-4.8750680685e-01,-8.0463981628e+00,2.3831030273e+03
3763,4.8869457841e-01,-4.8701745272e-01,-4.3952369690e+00,2.3830734863e+03
3764,4.8895251751e-01,-4.8650518060e-01,-7.4622073174e+00,2.3830444336e+03
3765,4.8945680261e-01,-4.8594760895e-01,-8.3922214508e+00,2.3830153809e+03
3766,4.8976039886e-01,-4.8555135727e-01,-5.9336500168e+00,2.3829880371e+03
3767,4.9018231034e-01,-4.8519811034e-01,-6.8394465446e+00,2.3829575195e+03
3768,4.9053281546e-01,-4.8503807187e-01,-7.3733201027e+00,2.3829309082e+03
3769,4.9091988802e-01,-4.8505744338e-01,-5.2766804695e+00,2.3829023438e+03
3770,4.9122655392e-01,-4.8556059599e-01,-7.1291956902e+00,2.3828745117e+03
3771,4.9170401692e-01,-4.8609319329e-01,-6.5256915092e+00,2.3828481445e+03
3772,4.9207827449e-01,-4.8662951589e-01,-4.7155542374e+00,2.3828217773e+03
3773,4.9241384864e-01,-4.8720887303e-01,-8.7564325333e+00,2.3827949219e+03
3774,4.9262535572e-01,-4.8773503304e-01,-4.2057666779e+00,2.3827658691e+03
3775,4.9248352647e-01,-4.8818525672e-01,-9.8502273560e+00,2.3827375488e+03
3776,4.9246409535e-01,-4.8826244473e-01,-6.3794236183e+00,2.3827084961e+03
3777,4.9188691378e-01,-4.8848903179e-01,-6.1435871124e+00,2.3826809082e+03
3778,4.9153026938e-01,-4.8833677173e-01,-7.5914011002e+00,2.3826511230e+03
3779,4.9099013209e-01,-4.8827120662e-01,-5.3054499626e+00,2.3826223145e+03
3780,4.9042865634e-01,-4.8800188303e-01,-6.8260326385e+00,2.3825937500e+03
3781,4.9028345942e-01,-4.8794612288e-01,-5.9823966026e+00,2.3825651855e+03
3782,4.9027067423e-01,-4.8800811172e-01,-6.1316957474e+00,2.3825351562e+03
3783,4.9035313725e-01,-4.8799434304e-01,-7.6572556496e+00,2.3825070801e+03
3784,4.9047744274e-01,-4.8793992400e-01,-7.6168947220e+00,2.3824797363e+03
3785,4.9075475335e-01,-4.8796316981e-01,-5.0240077972e+00,2.3824519043e+03
3786,4.9107745290e-01,-4.8801246285e-01,-8.0602102280e+00,2.3824240723e+03
3787,4.9134382606e-01,-4.8812714219e-01,-6.0957651138e+00,2.3823947754e+03
3788,4.9161824584e-01,-4.8826977611e-01,-6.3109722137e+00,2.3823659668e+03
3789,4.9150756001e-01,-4.8853144050e-01,-6.3041095734e+00,2.3823349609e+03
3790,4.9157840014e-01,-4.8837190866e-01,-6.4797940254e+00,2.3823054199e+03
3791,4.9141466618e-01,-4.8857620358e-01,-8.0136594772e+00,2.3822775879e+03
3792,4.9135392904e-01,-4.8837855458e-01,-3.7556328773e+00,2.3822514648e+03
3793,4.9093475938e-01,-4.8865458369e-01,-6.0661001205e+00,2.3822255859e+03
3794,4.9056500196e-01,-4.8868414760e-01,-9.2108516693e+00,2.3821970215e+03
3795,4.9028405547e-01,-4.8875197768e-01,-4.1361861229e+00,2.3821694336e+03
3796,4.8979228735e-01,-4.8910838366e-01,-1.0600104332e+01,2.3821416016e+03
3797,4.8953741789e-01,-4.8890298605e-01,-6.3421282768e+00,2.3821125488e+03
3798,4.8906549811e-01,-4.8890832067e-01,-8.9322700500e+00,2.3820852051e+03
3799,4.8878261447e-01,-4.8867627978e-01,-7.3670520782e+00,2.3820578613e+03
3800,4.8862749338e-01,-4.8848417401e-01,-7.8040742874e+00,2.3820295410e+03
3801,4.8852220178e-01,-4.8845931888e-01,-6.4349308014e+00,2.3820007324e+03
3802,4.8847264051e-01,-4.8823043704e-01,-7.1842226982e+00,2.3819714355e+03
3803,4.8864132166e-01,-4.8805859685e-01,-5.8766369820e+00,2.3819421387e+03
3804,4.8897010088e-01,-4.8789992929e-01,-8.8775072098e+00,2.3819128418e+03
3805,4.8934966326e-01,-4.8781636357e-01,-5.8003311157e+00,2.3818872070e+03
3806,4.8962348700e-01,-4.8762202263e-01,-7.9829487801e+00,2.3818623047e+03
3807,4.9017581344e-01,-4.8731335998e-01,-5.3044981956e+00,2.3818356934e+03
3808,4.9043452740e-01,-4.8740866780e-01,-8.1429100037e+00,2.3818076172e+03
3809,4.9080911279e-01,-4.8728835583e-01,-6.3705048561e+00,2.3817785645e+03
3810,4.9097362161e-01,-4.8739609122e-01,-8.5025453568e+00,2.3817487793e+03
3811,4.9133983254e-01,-4.8744896054e-01,-6.0719404221e+00,2.3817207031e+03
3812,4.9126785994e-01,-4.8764595389e-01,-9.1209526062e+00,2.3816938477e+03
3813,4.9145743251e-01,-4.8776918650e-01,-7.0841746330e+00,2.3816667480e+03
3814,4.9163454771e-01,-4.8781329393e-01,-3.0037376881e+00,2.3816408691e+03
3815,4.9146395922e-01,-4.8768210411e-01,-9.7597141266e+00,2.3816127930e+03
3816,4.9137476087e-01,-4.8757889867e-01,-2.8489489555e+00,2.3815820312e+03
3817,4.9120616913e-01,-4.8750782013e-01,-6.4554371834e+00,2.3815520020e+03
3818,4.9093404412e-01,-4.8746201396e-01,-7.5070905685e+00,2.3815246582e+03
3819,4.9054792523e-01,-4.8729163408e-01,-4.7827906609e+00,2.3814990234e+03
3820,4.9003192782e-01,-4.8728963733e-01,-9.8348712921e+00,2.3814729004e+03
3821,4.8976823688e-01,-4.8723632097e-01,-3.6030907631e+00,2.3814470215e+03
3822,4.8969510198e-01,-4.8741999269e-01,-1.0420944214e+01,2.3814196777e+03
3823,4.8967564106e-01,-4.8761501908e-01,-5.9203114510e+00,2.3813916016e+03
3824,4.8955956101e-01,-4.8779138923e-01,-7.4774665833e+00,2.3813625488e+03
3825,4.8962435126e-01,-4.8814678192e-01,-5.5139489174e+00,2.3813332520e+03
3826,4.8977437615e-01,-4.8816034198e-01,-7.6468214989e+00,2.3813049316e+03
3827,4.8983848095e-01,-4.8868981004e-01,-4.8919076920e+00,2.3812778320e+03
3828,4.8988065124e-01,-4.8878625035e-01,-6.9526734352e+00,2.3812495117e+03
3829,4.8983272910e-01,-4.8867398500e-01,-6.2433257103e+00,2.3812216797e+03
3830,4.8962596059e-01,-4.8885777593e-01,-7.3785595894e+00,2.3811943359e+03
3831,4.8934939504e-01,-4.8900166154e-01,-7.7281665802e+00,2.3811687012e+03
3832,4.8906752467e-01,-4.8923853040e-01,-6.9304394722e+00,2.3811425781e+03
3833,4.8900276423e-01,-4.8920255899e-01,-8.0012960434e+00,2.3811152344e+03
3834,4.8882186413e-01,-4.8922300339e-01,-4.9256324768e+00,2.3810852051e+03
3835,4.8878896236e-01,-4.8924049735e-01,-9.3228988647e+00,2.3810539551e+03
3836,4.8888120055e-01,-4.8921394348e-01,-4.6906247139e+00,2.3810227051e+03
3837,4.8897290230e-01,-4.8904800415e-01,-9.6680250168e+00,2.3809941406e+03
3838,4.8900446296e-01,-4.8874995112e-01,-5.0117459297e+00,2.3809672852e+03
3839,4.8899930716e-01,-4.8839277029e-01,-1.1971133232e+01,2.3809428711e+03
3840,4.8895269632e-01,-4.8810896277e-01,-2.3712148666e+00,2.3809179688e+03
3841,4.8911947012e-01,-4.8749631643e-01,-9.0816335678e+00,2.3808935547e+03
3842,4.8920413852e-01,-4.8688590527e-01,-6.0883283615e+00,2.3808666992e+03
3843,4.8931872845e-01,-4.8645436764e-01,-8.7576541901e+00,2.3808378906e+03
3844,4.8968276381e-01,-4.8610869050e-01,-6.7047328949e+00,2.3808081055e+03
3845,4.8999807239e-01,-4.8587533832e-01,-9.8615961075e+00,2.3807783203e+03
3846,4.9040669203e-01,-4.8588711023e-01,-4.3777508736e+00,2.3807504883e+03
3847,4.9111807346e-01,-4.8575595021e-01,-8.8220291138e+00,2.3807226562e+03
3848,4.9181908369e-01,-4.8606595397e-01,-4.5338797569e+00,2.3806962891e+03
3849,4.9241960049e-01,-4.8664131761e-01,-8.7578983307e+00,2.3806699219e+03
3850,4.9274259806e-01,-4.8701211810e-01,-3.5097606182e+00,2.3806437988e+03
3851,4.9309790134e-01,-4.8754185438e-01,-1.1473508835e+01,2.3806140137e+03
3852,4.9322384596e-01,-4.8800772429e-01,-3.0248420238e+00,2.3805859375e+03
3853,4.9321061373e-01,-4.8849558830e-01,-1.2046422005e+01,2.3805571289e+03
3854,4.9274411798e-01,-4.8874908686e-01,-7.4672365189e-01,2.3805288086e+03
3855,4.9198845029e-01,-4.8893886805e-01,-1.0837039948e+01,2.3805002441e+03
3856,4.9142596126e-01,-4.8869776726e-01,-4.3586111069e+00,2.3804724121e+03
3857,4.9070739746e-01,-4.8854884505e-01,-1.0181429863e+01,2.3804450684e+03
3858,4.9019476771e-01,-4.8836216331e-01,-5.3597764969e+00,2.3804201660e+03
3859,4.8945191503e-01,-4.8813650012e-01,-9.6242189407e+00,2.3803952637e+03
3860,4.8891091347e-01,-4.8813104630e-01,-5.0193810463e+00,2.3803698730e+03
3861,4.8882171512e-01,-4.8813450336e-01,-7.8648996353e+00,2.3803420410e+03
3862,4.8868343234e-01,-4.8861694336e-01,-5.9922552109e+00,2.3803149414e+03
3863,4.8875442147e-01,-4.8875895143e-01,-9.6401433945e+00,2.3802858887e+03
3864,4.8908662796e-01,-4.8892787099e-01,-3.9173803329e+00,2.3802561035e+03
3865,4.8921936750e-01,-4.8892959952e-01,-1.2044438362e+01,2.3802272949e+03
3866,4.8950505257e-01,-4.8898279667e-01,-2.8175199032e+00,2.3801999512e+03
3867,4.8958134651e-01,-4.8855960369e-01,-1.2751167297e+01,2.3801708984e+03
3868,4.8959881067e-01,-4.8847204447e-01,9.2584872246e-01,2.3801437988e+03
3869,4.8949918151e-01,-4.8821723461e-01,-9.4202699661e+00,2.3801157227e+03
3870,4.8955205083e-01,-4.8766294122e-01,-6.3967504501e+00,2.3800871582e+03
3871,4.8975217342e-01,-4.8718070984e-01,-8.3686084747e+00,2.3800595703e+03
3872,4.8988503218e-01,-4.8670688272e-01,-5.9956250191e+00,2.3800336914e+03
3873,4.9002367258e-01,-4.8623728752e-01,-8.0258550644e+00,2.3800083008e+03
3874,4.9027487636e-01,-4.8599714041e-01,-5.8432931900e+00,2.3799812012e+03
3875,4.9076473713e-01,-4.8575046659e-01,-5.2900590897e+00,2.3799521484e+03
3876,4.9103948474e-01,-4.8594763875e-01,-7.1471505165e+00,2.3799240723e+03
3877,4.9163553119e-01,-4.8601165414e-01,-8.4976177216e+00,2.3798945312e+03
3878,4.9183651805e-01,-4.8658576608e-01,-6.3622941971e+00,2.3798662109e+03
3879,4.9234423041e-01,-4.8725181818e-01,-8.7680110931e+00,2.3798364258e+03
3880,4.9262818694e-01,-4.8786470294e-01,-4.2587828636e+00,2.3798107910e+03
3881,4.9265643954e-01,-4.8858681321e-01,-1.0344671249e+01,2.3797841797e+03
3882,4.9245095253e-01,-4.8892444372e-01,-3.6772310734e+00,2.3797583008e+03
3883,4.9228733778e-01,-4.8932090402e-01,-8.2946100235e+00,2.3797304688e+03
3884,4.9177658558e-01,-4.8957228661e-01,-7.8141875267e+00,2.3797019043e+03
3885,4.9109402299e-01,-4.8980450630e-01,-9.0490016937e+00,2.3796730957e+03
3886,4.9044603109e-01,-4.8945316672e-01,-4.9215097427e+00,2.3796447754e+03
3887,4.8975369334e-01,-4.8936980963e-01,-8.8485727310e+00,2.3796174316e+03
3888,4.8932266235e-01,-4.8912200332e-01,-4.6055760384e+00,2.3795915527e+03
3889,4.8902881145e-01,-4.8882031441e-01,-1.1029848099e+01,2.3795656738e+03
3890,4.8873957992e-01,-4.8845407367e-01,-2.4109256268e+00,2.3795383301e+03
3891,4.8862296343e-01,-4.8821213841e-01,-9.3897619247e+00,2.3795083008e+03
3892,4.8871010542e-01,-4.8792454600e-01,-7.9928669930e+00,2.3794775391e+03
3893,4.8906195164e-01,-4.8757508397e-01,-6.3390150070e+00,2.3794470215e+03
3894,4.8935794830e-01,-4.8723655939e-01,-8.5436267853e+00,2.3794177246e+03
3895,4.8969274759e-01,-4.8692065477e-01,-6.6594357491e+00,2.3793913574e+03
3896,4.8998028040e-01,-4.8654499650e-01,-9.7401180267e+00,2.3793652344e+03
3897,4.9016663432e-01,-4.8630532622e-01,-7.2398543358e+00,2.3793381348e+03
3898,4.9041181803e-01,-4.8621243238e-01,-8.3714132309e+00,2.3793103027e+03
3899,4.9075883627e-01,-4.8599749804e-01,-5.5449171066e+00,2.3792824707e+03
3900,4.9078491330e-01,-4.8625749350e-01,-9.4300556183e+00,2.3792541504e+03
3901,4.9104860425e-01,-4.8630306125e-01,-4.7801604271e+00,2.3792270508e+03
3902,4.9118712544e-01,-4.8663288355e-01,-1.0035125732e+01,2.3792006836e+03
3903,4.9130538106e-01,-4.8661214113e-01,-4.4372997284e+00,2.3791760254e+03
3904,4.9119779468e-01,-4.8684334755e-01,-8.9452705383e+00,2.3791481934e+03
3905,4.9106210470e-01,-4.8705565929e-01,-1.0620868683e+01,2.3791210938e+03
3906,4.9052453041e-01,-4.8719105124e-01,-6.6445960999e+00,2.3790935059e+03
3907,4.9013850093e-01,-4.8698365688e-01,-9.2836666107e+00,2.3790659180e+03
3908,4.8952114582e-01,-4.8709014058e-01,-4.4564538002e+00,2.3790397949e+03
3909,4.8921844363e-01,-4.8710054159e-01,-9.0173149109e+00,2.3790129395e+03
3910,4.8911008239e-01,-4.8702013493e-01,-6.8607568741e+00,2.3789863281e+03
3911,4.8867180943e-01,-4.8757117987e-01,-9.8306627274e+00,2.3789582520e+03
3912,4.8855683208e-01,-4.8756939173e-01,-4.3703298569e+00,2.3789279785e+03
3913,4.8857530951e-01,-4.8828053474e-01,-1.1383037567e+01,2.3788979492e+03
3914,4.8880451918e-01,-4.8847404122e-01,-6.3895153999e+00,2.3788703613e+03
3915,4.8894768953e-01,-4.8872095346e-01,-4.1620402336e+00,2.3788437500e+03
3916,4.8903045058e-01,-4.8864856362e-01,-9.9697694778e+00,2.3788166504e+03
3917,4.8915803432e-01,-4.8873239756e-01,-3.0139396191e+00,2.3787917480e+03
3918,4.8909559846e-01,-4.8842197657e-01,-9.4869403839e+00,2.3787651367e+03
3919,4.8899477720e-01,-4.8796060681e-01,-5.1576123238e+00,2.3787373047e+03
3920,4.8890390992e-01,-4.8716652393e-01,-8.2433147430e+00,2.3787072754e+03
3921,4.8879206181e-01,-4.8688632250e-01,-4.5648837090e+00,2.3786794434e+03
3922,4.8870536685e-01,-4.8647087812e-01,-9.8662853241e+00,2.3786535645e+03
3923,4.8872515559e-01,-4.8607692122e-01,-5.2870335579e+00,2.3786267090e+03
3924,4.8894247413e-01,-4.8579952121e-01,-9.6221961975e+00,2.3786000977e+03
3925,4.8904347420e-01,-4.8577010632e-01,-6.1140131950e+00,2.3785729980e+03
3926,4.8948329687e-01,-4.8587036133e-01,-1.0686279297e+01,2.3785446777e+03
3927,4.8994663358e-01,-4.8596647382e-01,-7.7358241081e+00,2.3785163574e+03
3928,4.9028822780e-01,-4.8621687293e-01,-8.2909746170e+00,2.3784887695e+03
3929,4.9032220244e-01,-4.8629871011e-01,-7.6476020813e+00,2.3784616699e+03
3930,4.9060815573e-01,-4.8654040694e-01,-7.1825642586e+00,2.3784338379e+03
3931,4.9077469110e-01,-4.8680958152e-01,-5.0959057808e+00,2.3784047852e+03
3932,4.9070569873e-01,-4.8692354560e-01,-8.0406837463e+00,2.3783752441e+03
3933,4.9067470431e-01,-4.8684719205e-01,-6.3412647247e+00,2.3783449707e+03
3934,4.9056228995e-01,-4.8702377081e-01,-4.1861019135e+00,2.3783161621e+03
3935,4.9046629667e-01,-4.8676997423e-01,-7.8844962120e+00,2.3782885742e+03
3936,4.9039140344e-01,-4.8685303330e-01,-5.9810609818e+00,2.3782604980e+03
3937,4.9032223225e-01,-4.8664009571e-01,-9.6028432846e+00,2.3782329102e+03
3938,4.9047255516e-01,-4.8657545447e-01,-5.5010886192e+00,2.3782062988e+03
3939,4.9050998688e-01,-4.8686859012e-01,-7.4341826439e+00,2.3781794434e+03
3940,4.9069979787e-01,-4.8692998290e-01,-6.4508070946e+00,2.3781525879e+03
3941,4.9084052444e-01,-4.8723715544e-01,-1.0060886383e+01,2.3781232910e+03
3942,4.9094527960e-01,-4.8749470711e-01,-7.2631874084e+00,2.3780942383e+03
3943,4.9113297462e-01,-4.8778873682e-01,-1.1444916725e+01,2.3780642090e+03
3944,4.9116525054e-01,-4.8797586560e-01,-8.5344085693e+00,2.3780344238e+03
3945,4.9085769057e-01,-4.8823255301e-01,-6.2673430443e+00,2.3780058594e+03
3946,4.9050083756e-01,-4.8813509941e-01,-9.0996704102e+00,2.3779799805e+03
3947,4.9005988240e-01,-4.8806896806e-01,-5.0754699707e+00,2.3779531250e+03
3948,4.8947638273e-01,-4.8803034425e-01,-9.3469381332e+00,2.3779262695e+03
3949,4.8884379864e-01,-4.8782676458e-01,-6.7092061043e+00,2.3778984375e+03
3950,4.8845642805e-01,-4.8774212599e-01,-1.0137138367e+01,2.3778706055e+03
3951,4.8819890618e-01,-4.8741984367e-01,-4.1479730606e+00,2.3778410645e+03
3952,4.8803043365e-01,-4.8730617762e-01,-9.2076139450e+00,2.3778132324e+03
3953,4.8795947433e-01,-4.8709222674e-01,-6.2581548691e+00,2.3777875977e+03
3954,4.8789674044e-01,-4.8694759607e-01,-3.6380884647e+00,2.3777604980e+03
3955,4.8807087541e-01,-4.8656663299e-01,-1.0363742828e+01,2.3777319336e+03
3956,4.8813024163e-01,-4.8673003912e-01,-5.3313322067e+00,2.3777043457e+03
3957,4.8821705580e-01,-4.8665255308e-01,-1.1328677177e+01,2.3776743164e+03
3958,4.8860257864e-01,-4.8662483692e-01,-4.2454276085e+00,2.3776457520e+03
3959,4.8875674605e-01,-4.8674878478e-01,-1.1408338547e+01,2.3776169434e+03
3960,4.8913416266e-01,-4.8687380552e-01,-4.7420625687e+00,2.3775922852e+03
3961,4.8941749334e-01,-4.8699402809e-01,-1.0092514038e+01,2.3775668945e+03
3962,4.8962414265e-01,-4.8706591129e-01,-9.5267248154e+00,2.3775383301e+03
3963,4.8996347189e-01,-4.8707121611e-01,-5.6004538536e+00,2.3775102539e+03
3964,4.9011707306e-01,-4.8719289899e-01,-1.0327492714e+01,2.3774816895e+03
3965,4.9034234881e-01,-4.8729038239e-01,-5.8416543007e+00,2.3774519043e+03
3966,4.9040353298e-01,-4.8759075999e-01,-9.5931615829e+00,2.3774218750e+03
3967,4.9053439498e-01,-4.8769253492e-01,-5.3014764786e+00,2.3773928223e+03
3968,4.9052235484e-01,-4.8830512166e-01,-7.0774703026e+00,2.3773669434e+03
3969,4.9077606201e-01,-4.8838114738e-01,-7.2894959450e+00,2.3773395996e+03
3970,4.9055308104e-01,-4.8902285099e-01,-6.5055685043e+00,2.3773149414e+03
3971,4.9053579569e-01,-4.8914310336e-01,-8.8660717010e+00,2.3772868652e+03
3972,4.9045893550e-01,-4.8894625902e-01,-7.1235861778e+00,2.3772578125e+03
3973,4.9010455608e-01,-4.8887979984e-01,-8.6017055511e+00,2.3772294922e+03
3974,4.8969465494e-01,-4.8861142993e-01,-6.2481031418e+00,2.3772028809e+03
3975,4.8951500654e-01,-4.8820218444e-01,-6.1645770073e+00,2.3771752930e+03
3976,4.8910212517e-01,-4.8777985573e-01,-7.8788723946e+00,2.3771494141e+03
3977,4.8886394501e-01,-4.8732271791e-01,-6.4922113419e+00,2.3771213379e+03
3978,4.8849529028e-01,-4.8728519678e-01,-9.3206281662e+00,2.3770937500e+03
3979,4.8872521520e-01,-4.8709240556e-01,-6.8018870354e+00,2.3770654297e+03
3980,4.8871845007e-01,-4.8725453019e-01,-9.7939996719e+00,2.3770375977e+03
3981,4.8919132352e-01,-4.8712134361e-01,-7.6826376915e+00,2.3770090332e+03
3982,4.8938933015e-01,-4.8732063174e-01,-8.5520877838e+00,2.3769821777e+03
3983,4.8971730471e-01,-4.8751336336e-01,-7.9817752838e+00,2.3769560547e+03
3984,4.8983550072e-01,-4.8771515489e-01,-8.7161521912e+00,2.3769272461e+03
3985,4.9009281397e-01,-4.8779118061e-01,-6.7565498352e+00,2.3769006348e+03
3986,4.9009096622e-01,-4.8782783747e-01,-7.1438579559e+00,2.3768742676e+03
3987,4.9028876424e-01,-4.8766186833e-01,-5.9187297821e+00,2.3768483887e+03
3988,4.9022310972e-01,-4.8759636283e-01,-7.4692878723e+00,2.3768200684e+03
3989,4.9003252387e-01,-4.8730897903e-01,-6.3331494331e+00,2.3767937012e+03
3990,4.8988220096e-01,-4.8709833622e-01,-7.1464977264e+00,2.3767644043e+03
3991,4.8981946707e-01,-4.8670908809e-01,-5.9743399620e+00,2.3767353516e+03
3992,4.8971661925e-01,-4.8654589057e-01,-8.4380531311e+00,2.3767055664e+03
3993,4.8967397213e-01,-4.8628669977e-01,-8.1439151764e+00,2.3766770020e+03
3994,4.8966673017e-01,-4.8636263609e-01,-8.4877853394e+00,2.3766479492e+03
3995,4.8980447650e-01,-4.8633867502e-01,-6.9145765305e+00,2.3766198730e+03
3996,4.9012014270e-01,-4.8620051146e-01,-8.6759881973e+00,2.3765917969e+03
3997,4.9035409093e-01,-4.8636013269e-01,-6.5953369141e+00,2.3765666504e+03
3998,4.9045616388e-01,-4.8652651906e-01,-1.1397064209e+01,2.3765393066e+03
3999,4.9057951570e-01,-4.8669716716e-01,-6.3966875076e+00,2.3765139160e+03
