step,vx_25_25,vy_25_25,pressure_25_25,energy
0,4.9975326657e-01,-4.9975326657e-01,0.0000000000e+00,2.3998945312e+03
1,5.0267070532e-01,-5.0267070532e-01,9.5964351203e-05,2.4999941406e+03
2,5.0228297710e-01,-5.0228846073e-01,-1.0665172338e+00,2.4993044434e+03
3,5.0221997499e-01,-5.0214719772e-01,-1.1396769285e+00,2.4986142578e+03
4,5.0217288733e-01,-5.0202709436e-01,-1.0957006216e+00,2.4979245605e+03
5,5.0212919712e-01,-5.0190412998e-01,-1.0957006216e+00,2.4972363281e+03
6,5.0208783150e-01,-5.0177913904e-01,-1.0957006216e+00,2.4965485840e+03
7,5.0206673145e-01,-5.0174689293e-01,-9.3299067020e-01,2.4958627930e+03
8,5.0204718113e-01,-5.0171136856e-01,-9.3299067020e-01,2.4951757812e+03
9,5.0202876329e-01,-5.0167363882e-01,-9.3299067020e-01,2.4944885254e+03
10,5.0201141834e-01,-5.0163424015e-01,-9.3299067020e-01,2.4938020020e+03
11,5.0199502707e-01,-5.0159341097e-01,-9.3299067020e-01,2.4931154785e+03
12,5.0197958946e-01,-5.0155133009e-01,-9.3299067020e-01,2.4924294434e+03
13,5.0196510553e-01,-5.0150823593e-01,-9.3299067020e-01,2.4917431641e+03
14,5.0194483995e-01,-5.0145912170e-01,-9.4149404764e-01,2.4910578613e+03
15,5.0192391872e-01,-5.0141811371e-01,-9.4149404764e-01,2.4903725586e+03
16,5.0181376934e-01,-5.0126767159e-01,-1.8776170015e+00,2.4896887207e+03
17,5.0169044733e-01,-5.0108593702e-01,-1.3049196005e+00,2.4890026855e+03
18,5.0155514479e-01,-5.0094836950e-01,-1.0126115084e+00,2.4883154297e+03
19,5.0151056051e-01,-5.0075167418e-01,-1.0795700550e+00,2.4876289062e+03
20,5.0143444538e-01,-5.0068598986e-01,-1.5972080231e+00,2.4869443359e+03
21,5.0134474039e-01,-5.0062501431e-01,-9.4951730967e-01,2.4862600098e+03
22,5.0130122900e-01,-5.0053209066e-01,3.5026040673e-01,2.4855771484e+03
23,5.0126028061e-01,-5.0031846762e-01,-1.0804945230e+00,2.4848916016e+03
24,5.0111848116e-01,-5.0036382675e-01,-2.2792387009e+00,2.4842077637e+03
25,5.0102531910e-01,-5.0018620491e-01,5.7869726419e-01,2.4835219727e+03
26,5.0105696917e-01,-5.0001865625e-01,-8.0232930183e-01,2.4828378906e+03
27,5.0095111132e-01,-5.0000578165e-01,-2.3905899525e+00,2.4821540527e+03
28,5.0088924170e-01,-4.9993294477e-01,-4.5381128788e-01,2.4814709473e+03
29,5.0092035532e-01,-4.9987536669e-01,-5.7241326571e-01,2.4807871094e+03
30,5.0092893839e-01,-4.9981319904e-01,-1.3284381628e+00,2.4801049805e+03
31,5.0080204010e-01,-4.9978038669e-01,-1.4267753363e+00,2.4794204102e+03
32,5.0083273649e-01,-4.9960967898e-01,-9.9845893681e-02,2.4787395020e+03
33,5.0075411797e-01,-4.9957695603e-01,-1.5433627367e+00,2.4780571289e+03
34,5.0066953897e-01,-4.9952238798e-01,-1.5015588999e+00,2.4773740234e+03
35,5.0057792664e-01,-4.9935543537e-01,-7.9566448927e-01,2.4766923828e+03
36,5.0058817863e-01,-4.9936988950e-01,-1.3250650167e+00,2.4760092773e+03
37,5.0051426888e-01,-4.9914884567e-01,-3.4067627788e-01,2.4753278809e+03
38,5.0040078163e-01,-4.9910643697e-01,-1.8092690706e+00,2.4746464844e+03
39,5.0034481287e-01,-4.9913713336e-01,1.2336931378e-01,2.4739670410e+03
40,5.0023984909e-01,-4.9875721335e-01,-3.7330314517e-01,2.4732854004e+03
41,5.0020402670e-01,-4.9887183309e-01,-1.6833910942e+00,2.4726054688e+03
42,5.0004786253e-01,-4.9866908789e-01,-4.3522366881e-01,2.4719248047e+03
43,5.0007373095e-01,-4.9853548408e-01,2.6035574079e-01,2.4712460938e+03
44,4.9994987249e-01,-4.9851381779e-01,-2.4025101662e+00,2.4705654297e+03
45,4.9986159801e-01,-4.9835106730e-01,-6.4373427629e-01,2.4698859863e+03
46,4.9985420704e-01,-4.9834439158e-01,-2.3002086207e-02,2.4692070312e+03
47,4.9987706542e-01,-4.9820917845e-01,-1.7498351336e+00,2.4685288086e+03
48,4.9969008565e-01,-4.9814298749e-01,-1.3194794655e+00,2.4678483887e+03
49,4.9975642562e-01,-4.9812144041e-01,-4.6930372715e-01,2.4671721191e+03
50,4.9962803721e-01,-4.9794971943e-01,-1.0687832832e+00,2.4664924316e+03
51,4.9960410595e-01,-4.9796742201e-01,-1.5924806595e+00,2.4658159180e+03
52,4.9952012300e-01,-4.9775281549e-01,-6.6223841906e-01,2.4651376953e+03
53,4.9944898486e-01,-4.9765112996e-01,-3.6196681857e-01,2.4644604492e+03
54,4.9942460656e-01,-4.9761885405e-01,-1.9822711945e+00,2.4637829590e+03
55,4.9929380417e-01,-4.9762442708e-01,-2.8102785349e-01,2.4631071777e+03
56,4.9926611781e-01,-4.9739605188e-01,-9.2736637592e-01,2.4624287109e+03
57,4.9926683307e-01,-4.9745023251e-01,-7.7928185463e-01,2.4617539062e+03
58,4.9902698398e-01,-4.9724590778e-01,-1.3777939081e+00,2.4610769043e+03
59,4.9918285012e-01,-4.9724435806e-01,5.3078329563e-01,2.4604025879e+03
60,4.9905076623e-01,-4.9715328217e-01,-1.3395282030e+00,2.4597263184e+03
61,4.9890488386e-01,-4.9701905251e-01,-1.3269329071e+00,2.4590515137e+03
62,4.9884745479e-01,-4.9695998430e-01,-7.2364509106e-01,2.4583759766e+03
63,4.9872905016e-01,-4.9679183960e-01,-1.0362330675e+00,2.4577019043e+03
64,4.9877557158e-01,-4.9687117338e-01,-4.3399888277e-01,2.4570270996e+03
65,4.9863478541e-01,-4.9669593573e-01,-1.6058756113e+00,2.4563527832e+03
66,4.9855920672e-01,-4.9659681320e-01,-6.0399806499e-01,2.4556796875e+03
67,4.9858579040e-01,-4.9654152989e-01,-1.1421766281e+00,2.4550051270e+03
68,4.9840143323e-01,-4.9639326334e-01,-8.1672459841e-01,2.4543320312e+03
69,4.9840918183e-01,-4.9637338519e-01,-1.5260710716e+00,2.4536591797e+03
70,4.9832141399e-01,-4.9631240964e-01,-5.1790463924e-01,2.4529863281e+03
71,4.9822175503e-01,-4.9613252282e-01,-1.3535306454e+00,2.4523137207e+03
72,4.9828118086e-01,-4.9616020918e-01,-7.0550799370e-01,2.4516416016e+03
73,4.9801510572e-01,-4.9603107572e-01,-1.0704462528e+00,2.4509692383e+03
74,4.9812108278e-01,-4.9591594934e-01,-5.7228446007e-01,2.4502978516e+03
75,4.9796718359e-01,-4.9590870738e-01,-1.8766560555e+00,2.4496267090e+03
76,4.9791216850e-01,-4.9578478932e-01,1.4044651389e-01,2.4489558105e+03
77,4.9785432220e-01,-4.9577167630e-01,-1.3745864630e+00,2.4482851562e+03
78,4.9774941802e-01,-4.9559509754e-01,-6.7994940281e-01,2.4476142578e+03
79,4.9767783284e-01,-4.9554088712e-01,-9.0468275547e-01,2.4469443359e+03
80,4.9764949083e-01,-4.9546882510e-01,-6.1602145433e-01,2.4462744141e+03
81,4.9750944972e-01,-4.9533149600e-01,-1.3998687267e+00,2.4456042480e+03
82,4.9749052525e-01,-4.9535098672e-01,-8.3065100014e-02,2.4449355469e+03
83,4.9739837646e-01,-4.9514961243e-01,-1.9835380316e+00,2.4442658691e+03
84,4.9734702706e-01,-4.9508050084e-01,-4.9124276638e-01,2.4435971680e+03
85,4.9728441238e-01,-4.9503323436e-01,-6.7369669676e-01,2.4429289551e+03
86,4.9722447991e-01,-4.9498182535e-01,-6.7369669676e-01,2.4422612305e+03
87,4.9716106057e-01,-4.9489551783e-01,-1.0527822971e+00,2.4415917969e+03
88,4.9704033136e-01,-4.9477383494e-01,-1.1918300390e+00,2.4409243164e+03
89,4.9698716402e-01,-4.9465206265e-01,-8.1582707167e-01,2.4402575684e+03
90,4.9687620997e-01,-4.9474391341e-01,-1.1355288029e+00,2.4395905762e+03
91,4.9689310789e-01,-4.9454346299e-01,-6.3192766905e-01,2.4389245605e+03
92,4.9669641256e-01,-4.9459630251e-01,-1.6217153072e+00,2.4382575684e+03
93,4.9676707387e-01,-4.9441906810e-01,3.6101755500e-01,2.4375908203e+03
94,4.9658438563e-01,-4.9437069893e-01,-2.5897669792e+00,2.4369255371e+03
95,4.9656808376e-01,-4.9430429935e-01,7.1996802092e-01,2.4362587891e+03
96,4.9646663666e-01,-4.9424117804e-01,-2.4542486668e+00,2.4355942383e+03
97,4.9642309546e-01,-4.9410757422e-01,9.1194212437e-01,2.4349296875e+03
98,4.9628621340e-01,-4.9415251613e-01,-3.2288143635e+00,2.4342639160e+03
99,4.9631559849e-01,-4.9391767383e-01,-2.5372138619e-01,2.4336000977e+03
100,4.9612435699e-01,-4.9399915338e-01,-7.9779434204e-01,2.4329353027e+03
101,4.9616605043e-01,-4.9383920431e-01,4.3921092153e-01,2.4322719727e+03
102,4.9599498510e-01,-4.9377840757e-01,-2.8584048748e+00,2.4316081543e+03
103,4.9596896768e-01,-4.9376091361e-01,1.1897593737e+00,2.4309445801e+03
104,4.9592539668e-01,-4.9357056618e-01,-2.5789017677e+00,2.4302822266e+03
105,4.9572730064e-01,-4.9369814992e-01,-3.2839473337e-02,2.4296193848e+03
106,4.9587291479e-01,-4.9332869053e-01,-1.4101568460e+00,2.4289570312e+03
107,4.9574843049e-01,-4.9331024289e-01,-3.1319442391e-01,2.4282946777e+03
108,4.9565362930e-01,-4.9330356717e-01,-1.8384119272e+00,2.4276325684e+03
109,4.9552699924e-01,-4.9334919453e-01,-1.9762085676e+00,2.4269711914e+03
110,4.9541056156e-01,-4.9323666096e-01,9.6418255568e-01,2.4263103027e+03
111,4.9541568756e-01,-4.9311676621e-01,-1.5894906521e+00,2.4256489258e+03
112,4.9525541067e-01,-4.9317157269e-01,-1.1712195873e+00,2.4249892578e+03
113,4.9532386661e-01,-4.9287384748e-01,-3.5572499037e-01,2.4243281250e+03
114,4.9502474070e-01,-4.9312636256e-01,-4.6881321073e-01,2.4236682129e+03
115,4.9496051669e-01,-4.9304684997e-01,-2.3301794529e+00,2.4230092773e+03
116,4.9494540691e-01,-4.9288541079e-01,9.4605833292e-02,2.4223488770e+03
117,4.9497252703e-01,-4.9269333482e-01,-8.2182443142e-01,2.4216894531e+03
118,4.9484026432e-01,-4.9272242188e-01,-1.6704393625e+00,2.4210317383e+03
119,4.9481040239e-01,-4.9257794023e-01,-3.5136747360e-01,2.4203723145e+03
120,4.9473968148e-01,-4.9251818657e-01,-1.6242508888e+00,2.4197143555e+03
121,4.9457392097e-01,-4.9254840612e-01,-1.7588207126e-01,2.4190568848e+03
122,4.9469497800e-01,-4.9226397276e-01,-1.0680685043e+00,2.4183994141e+03
123,4.9440190196e-01,-4.9241691828e-01,-1.6097244024e+00,2.4177421875e+03
124,4.9452003837e-01,-4.9215576053e-01,1.0255111009e-01,2.4170854492e+03
125,4.9423453212e-01,-4.9231636524e-01,-2.3896164894e+00,2.4164282227e+03
126,4.9445718527e-01,-4.9194207788e-01,-1.4694772661e-01,2.4157714844e+03
127,4.9424251914e-01,-4.9197861552e-01,7.5678572059e-02,2.4151159668e+03
128,4.9424177408e-01,-4.9190622568e-01,-2.3398811817e+00,2.4144604492e+03
129,4.9398684502e-01,-4.9198952317e-01,-3.6888208985e-01,2.4138051758e+03
130,4.9406737089e-01,-4.9180594087e-01,-1.5703233480e+00,2.4131494141e+03
131,4.9387255311e-01,-4.9185311794e-01,-5.6522911787e-01,2.4124943848e+03
132,4.9394464493e-01,-4.9163484573e-01,-8.8861042261e-01,2.4118400879e+03
133,4.9363049865e-01,-4.9182504416e-01,-1.2810801268e+00,2.4111860352e+03
134,4.9359777570e-01,-4.9172636867e-01,-1.3589836359e+00,2.4105322266e+03
135,4.9357980490e-01,-4.9159750342e-01,-9.9722594023e-02,2.4098779297e+03
136,4.9355164170e-01,-4.9147588015e-01,-9.9722594023e-02,2.4092246094e+03
137,4.9358013272e-01,-4.9131426215e-01,-1.2633264065e-01,2.4085715332e+03
138,4.9340310693e-01,-4.9137803912e-01,-4.2376132011e+00,2.4079191895e+03
139,4.9337449670e-01,-4.9129131436e-01,1.5126776695e+00,2.4072666016e+03
140,4.9332696199e-01,-4.9115818739e-01,-2.7610223293e+00,2.4066149902e+03
141,4.9307718873e-01,-4.9129489064e-01,-8.3897864819e-01,2.4059631348e+03
142,4.9334976077e-01,-4.9086663127e-01,-8.7856519967e-03,2.4053110352e+03
143,4.9290150404e-01,-4.9120962620e-01,-1.8710443974e+00,2.4046591797e+03
144,4.9292492867e-01,-4.9104893208e-01,-1.0696234703e+00,2.4040087891e+03
145,4.9289867282e-01,-4.9093565345e-01,2.3005965352e-01,2.4033579102e+03
146,4.9296566844e-01,-4.9073436856e-01,-2.3961255550e+00,2.4027080078e+03
147,4.9266916513e-01,-4.9089920521e-01,-3.8517117500e-01,2.4020578613e+03
148,4.9283939600e-01,-4.9060097337e-01,-1.0367804766e+00,2.4014079590e+03
149,4.9256455898e-01,-4.9073049426e-01,-1.5772986412e+00,2.4007587891e+03
150,4.9268761277e-01,-4.9049580097e-01,1.2646166980e-01,2.4001093750e+03
151,4.9238282442e-01,-4.9065402150e-01,-2.3849577904e+00,2.3994611816e+03
152,4.9237418175e-01,-4.9054554105e-01,-1.1919512749e+00,2.3988122559e+03
153,4.9230906367e-01,-4.9046033621e-01,-3.8896611333e-01,2.3981650391e+03
154,4.9225047231e-01,-4.9037134647e-01,-3.8896611333e-01,2.3975170898e+03
155,4.9224576354e-01,-4.9029687047e-01,3.6049973965e-01,2.3968693848e+03
156,4.9217465520e-01,-4.9025017023e-01,-3.0467932224e+00,2.3962226562e+03
157,4.9210783839e-01,-4.9015736580e-01,-3.6630392075e-01,2.3955759277e+03
158,4.9210113287e-01,-4.9003806710e-01,-1.9337890148e+00,2.3949296875e+03
159,4.9194800854e-01,-4.9006631970e-01,-2.3690593243e+00,2.3942829590e+03
160,4.9187889695e-01,-4.8998916149e-01,1.9094885588e+00,2.3936367188e+03
161,4.9174717069e-01,-4.9000748992e-01,-3.6128904819e+00,2.3929907227e+03
162,4.9188077450e-01,-4.8975178599e-01,8.4228289127e-01,2.3923452148e+03
163,4.9173223972e-01,-4.8975282907e-01,-1.2774788141e+00,2.3917001953e+03
164,4.9159404635e-01,-4.8978111148e-01,-2.0473191738e+00,2.3910551758e+03
165,4.9169009924e-01,-4.8955240846e-01,6.2446922064e-02,2.3904108887e+03
166,4.9143543839e-01,-4.8968833685e-01,-1.5932477713e+00,2.3897663574e+03
167,4.9147099257e-01,-4.8951888084e-01,-2.3890931606e+00,2.3891225586e+03
168,4.9128866196e-01,-4.8959380388e-01,1.0747861862e+00,2.3884787598e+03
169,4.9141395092e-01,-4.8931747675e-01,-2.9894239902e+00,2.3878347168e+03
170,4.9122250080e-01,-4.8940879107e-01,1.2423641682e+00,2.3871926270e+03
171,4.9126914144e-01,-4.8921784759e-01,-3.3788464069e+00,2.3865498047e+03
172,4.9103474617e-01,-4.8933413625e-01,1.0699741840e+00,2.3859074707e+03
173,4.9101957679e-01,-4.8923620582e-01,-2.7688376904e+00,2.3852648926e+03
174,4.9092069268e-01,-4.8919555545e-01,-6.2652820349e-01,2.3846230469e+03
175,4.9094012380e-01,-4.8904669285e-01,2.6622615755e-02,2.3839814453e+03
176,4.9097409844e-01,-4.8890540004e-01,-1.9501767159e+00,2.3833395996e+03
177,4.9080413580e-01,-4.8894304037e-01,-5.3685182333e-01,2.3826992188e+03
178,4.9084076285e-01,-4.8878216743e-01,-1.9141002893e+00,2.3820578613e+03
179,4.9065864086e-01,-4.8885157704e-01,-1.0822117329e+00,2.3814174805e+03
180,4.9084103107e-01,-4.8854112625e-01,-4.9982436001e-02,2.3807770996e+03
181,4.9039575458e-01,-4.8886579275e-01,-2.4278922081e+00,2.3801374512e+03
182,4.9045813084e-01,-4.8867923021e-01,-1.5699530840e+00,2.3794980469e+03
183,4.9041348696e-01,-4.8860520124e-01,3.2585120201e-01,2.3788586426e+03
184,4.9043497443e-01,-4.8845684528e-01,5.1312977076e-01,2.3782199707e+03
185,4.9044278264e-01,-4.8833501339e-01,-5.1956491470e+00,2.3775815430e+03
186,4.9030524492e-01,-4.8834928870e-01,2.4534633160e+00,2.3769423828e+03
187,4.9028787017e-01,-4.8824909329e-01,-3.5290739536e+00,2.3763054199e+03
188,4.9009490013e-01,-4.8831862211e-01,-1.9649168849e-01,2.3756672363e+03
189,4.9036249518e-01,-4.8793974519e-01,-1.8704189062e+00,2.3750295410e+03
190,4.9024739861e-01,-4.8792749643e-01,-2.8469502926e-01,2.3743923340e+03
191,4.9009516835e-01,-4.8796358705e-01,-1.5667150021e+00,2.3737548828e+03
192,4.8996707797e-01,-4.8797759414e-01,-1.8301831484e+00,2.3731186523e+03
193,4.8990118504e-01,-4.8791825771e-01,-8.2866162062e-01,2.3724819336e+03
194,4.8984429240e-01,-4.8786711693e-01,2.2057257593e-03,2.3718461914e+03
195,4.8979705572e-01,-4.8778557777e-01,-1.7183779478e+00,2.3712106934e+03
196,4.8972469568e-01,-4.8776474595e-01,-1.7933722734e+00,2.3705756836e+03
197,4.8981454968e-01,-4.8751777411e-01,3.0161224306e-02,2.3699394531e+03
198,4.8949182034e-01,-4.8774954677e-01,-2.4926664829e+00,2.3693049316e+03
199,4.8967668414e-01,-4.8744612932e-01,-1.4368112087e+00,2.3686696777e+03
200,4.8951178789e-01,-4.8748192191e-01,5.3415232897e-01,2.3680354004e+03
201,4.8952263594e-01,-4.8735788465e-01,-4.1313071251e+00,2.3674016113e+03
202,4.8941311240e-01,-4.8736917973e-01,2.7327313423e+00,2.3667673340e+03
203,4.8933511972e-01,-4.8731693625e-01,-3.6448326111e+00,2.3661337891e+03
204,4.8931843042e-01,-4.8719072342e-01,-2.6327583939e-02,2.3655004883e+03
205,4.8941269517e-01,-4.8698353767e-01,-1.5119129419e+00,2.3648669434e+03
206,4.8916628957e-01,-4.8713931441e-01,-2.0190598965e+00,2.3642348633e+03
207,4.8921763897e-01,-4.8695969582e-01,-9.7975486517e-01,2.3636022949e+03
208,4.8913350701e-01,-4.8693323135e-01,-1.6804445982e+00,2.3629699707e+03
209,4.8899060488e-01,-4.8697447777e-01,-1.2252290249e+00,2.3623378906e+03
210,4.8913317919e-01,-4.8668998480e-01,4.2224228382e-01,2.3617062988e+03
211,4.8892393708e-01,-4.8678940535e-01,-1.9162429571e+00,2.3610749512e+03
212,4.8902642727e-01,-4.8658883572e-01,-2.6979033947e+00,2.3604438477e+03
213,4.8876929283e-01,-4.8671698570e-01,6.9422507286e-01,2.3598132324e+03
214,4.8880094290e-01,-4.8659300804e-01,-3.6703138351e+00,2.3591826172e+03
215,4.8874947429e-01,-4.8650386930e-01,-1.1544456333e-01,2.3585522461e+03
216,4.8870486021e-01,-4.8643249273e-01,-1.4721338749e+00,2.3579218750e+03
217,4.8866811395e-01,-4.8638302088e-01,-1.4394757748e+00,2.3572917480e+03
218,4.8863613605e-01,-4.8626008630e-01,-1.7121737003e+00,2.3566625977e+03
219,4.8857682943e-01,-4.8624378443e-01,-4.2917326093e-01,2.3560339355e+03
220,4.8859429359e-01,-4.8608219624e-01,-2.4850068092e+00,2.3554045410e+03
221,4.8858010769e-01,-4.8598381877e-01,-5.9806126356e-01,2.3547761230e+03
222,4.8844861984e-01,-4.8601147532e-01,-2.6146130562e+00,2.3541479492e+03
223,4.8836618662e-01,-4.8597514629e-01,1.1663336754e+00,2.3535192871e+03
224,4.8839741945e-01,-4.8583045602e-01,-4.5001940727e+00,2.3528918457e+03
225,4.8822689056e-01,-4.8589584231e-01,1.6492011547e+00,2.3522641602e+03
226,4.8835268617e-01,-4.8563817143e-01,-3.5319211483e+00,2.3516364746e+03
227,4.8807367682e-01,-4.8582676053e-01,-1.6265826300e-02,2.3510095215e+03
228,4.8828914762e-01,-4.8547691107e-01,-2.9678642750e+00,2.3503820801e+03
229,4.8820093274e-01,-4.8544034362e-01,-4.7668111324e-01,2.3497553711e+03
230,4.8811188340e-01,-4.8540267348e-01,-4.7668111324e-01,2.3491291504e+03
231,4.8810487986e-01,-4.8533380032e-01,-2.7995297909e+00,2.3485034180e+03
232,4.8809206486e-01,-4.8527252674e-01,-2.7995297909e+00,2.3478774414e+03
233,4.8784485459e-01,-4.8534208536e-01,2.2046084404e+00,2.3472519531e+03
234,4.8791638017e-01,-4.8513823748e-01,-5.0837979317e+00,2.3466269531e+03
235,4.8791018128e-01,-4.8503351212e-01,1.2109891176e+00,2.3460019531e+03
236,4.8787689209e-01,-4.8498162627e-01,-2.8131139278e+00,2.3453771973e+03
237,4.8773533106e-01,-4.8505526781e-01,-3.0775303841e+00,2.3447529297e+03
238,4.8769894242e-01,-4.8493844271e-01,1.6905440092e+00,2.3441281738e+03
239,4.8759266734e-01,-4.8491123319e-01,-3.5175762177e+00,2.3435048828e+03
240,4.8758322001e-01,-4.8483011127e-01,-5.7761460543e-01,2.3428808594e+03
241,4.8762872815e-01,-4.8464155197e-01,-9.6130651236e-01,2.3422578125e+03
242,4.8732823133e-01,-4.8486298323e-01,-3.0809319019e+00,2.3416340332e+03
243,4.8766252398e-01,-4.8440134525e-01,6.0232743621e-02,2.3410109863e+03
244,4.8725765944e-01,-4.8468133807e-01,-2.3109197617e+00,2.3403886719e+03
245,4.8746919632e-01,-4.8437163234e-01,-2.2960755825e+00,2.3397651367e+03
246,4.8741456866e-01,-4.8430410028e-01,-2.3758324981e-01,2.3391435547e+03
247,4.8732635379e-01,-4.8428046703e-01,-3.4959392548e+00,2.3385217285e+03
248,4.8714601994e-01,-4.8434916139e-01,7.0301091671e-01,2.3379001465e+03
249,4.8725655675e-01,-4.8411348462e-01,-3.8988208771e+00,2.3372783203e+03
250,4.8707503080e-01,-4.8418924212e-01,6.8161308765e-01,2.3366574707e+03
251,4.8720774055e-01,-4.8392921686e-01,-3.4427642822e+00,2.3360363770e+03
252,4.8689386249e-01,-4.8413228989e-01,1.0802121833e-02,2.3354157715e+03
253,4.8689284921e-01,-4.8402243853e-01,-2.6663444042e+00,2.3347954102e+03
254,4.8688331246e-01,-4.8392048478e-01,-1.8820016384e+00,2.3341743164e+03
255,4.8690292239e-01,-4.8375594616e-01,-1.3301471472e+00,2.3335541992e+03
256,4.8690348864e-01,-4.8360660672e-01,-1.3301471472e+00,2.3329340820e+03
257,4.8681327701e-01,-4.8364976048e-01,-2.3692157269e+00,2.3323142090e+03
258,4.8677316308e-01,-4.8352989554e-01,-5.0309216976e-01,2.3316950684e+03
259,4.8681527376e-01,-4.8340934515e-01,-2.9071984291e+00,2.3310769043e+03
260,4.8667702079e-01,-4.8338070512e-01,-2.3022961617e+00,2.3304580078e+03
261,4.8663735390e-01,-4.8332896829e-01,1.0098528862e+00,2.3298393555e+03
262,4.8661354184e-01,-4.8323535919e-01,-5.3077826500e+00,2.3292207031e+03
263,4.8656547070e-01,-4.8317492008e-01,9.0496993065e-01,2.3286035156e+03
264,4.8644390702e-01,-4.8317012191e-01,-3.9677512646e+00,2.3279848633e+03
265,4.8650369048e-01,-4.8301833868e-01,2.0706707239e-01,2.3273676758e+03
266,4.8643448949e-01,-4.8294773698e-01,-3.9967241287e+00,2.3267502441e+03
267,4.8628520966e-01,-4.8297584057e-01,7.1845555305e-01,2.3261335449e+03
268,4.8622941971e-01,-4.8294940591e-01,-4.0592899323e+00,2.3255168457e+03
269,4.8621299863e-01,-4.8281851411e-01,-8.4434360266e-01,2.3248999023e+03
270,4.8626092076e-01,-4.8265501857e-01,-2.3688306808e+00,2.3242822266e+03
271,4.8611986637e-01,-4.8268115520e-01,-5.9275895357e-01,2.3236667480e+03
272,4.8619163036e-01,-4.8247197270e-01,-3.7107026577e+00,2.3230507812e+03
273,4.8597404361e-01,-4.8259243369e-01,-1.2177281380e+00,2.3224355469e+03
274,4.8616129160e-01,-4.8226135969e-01,-9.4602155685e-01,2.3218198242e+03
275,4.8582360148e-01,-4.8250302672e-01,-3.7432751656e+00,2.3212045898e+03
276,4.8589009047e-01,-4.8233500123e-01,-2.0062649250e+00,2.3205898438e+03
277,4.8580130935e-01,-4.8226422071e-01,1.4164930582e-01,2.3199753418e+03
278,4.8590922356e-01,-4.8205280304e-01,-3.7236075401e+00,2.3193601074e+03
279,4.8571255803e-01,-4.8213034868e-01,-1.5287927389e+00,2.3187470703e+03
280,4.8574876785e-01,-4.8194918036e-01,-1.2223249674e+00,2.3181320801e+03
281,4.8569419980e-01,-4.8191139102e-01,-2.9653589725e+00,2.3175183105e+03
282,4.8568052053e-01,-4.8176622391e-01,-1.4768344164e+00,2.3169045410e+03
283,4.8566937447e-01,-4.8165172338e-01,-7.4984270334e-01,2.3162915039e+03
284,4.8560002446e-01,-4.8163226247e-01,-4.2524466515e+00,2.3156787109e+03
285,4.8543715477e-01,-4.8165726662e-01,-2.0138791203e-01,2.3150664062e+03
286,4.8549053073e-01,-4.8147913814e-01,-4.2040305138e+00,2.3144531250e+03
287,4.8530751467e-01,-4.8156902194e-01,2.0725797117e-01,2.3138410645e+03
288,4.8541733623e-01,-4.8129764199e-01,-3.6912195683e+00,2.3132285156e+03
289,4.8515418172e-01,-4.8148065805e-01,-1.8997642994e+00,2.3126169434e+03
290,4.8531523347e-01,-4.8118564487e-01,-2.3820946217e+00,2.3120048828e+03
291,4.8510044813e-01,-4.8126083612e-01,-1.3095878363e+00,2.3113937988e+03
292,4.8516121507e-01,-4.8108646274e-01,-3.1029067039e+00,2.3107817383e+03
293,4.8508051038e-01,-4.8102957010e-01,-1.0229812860e+00,2.3101708984e+03
294,4.8509311676e-01,-4.8090279102e-01,-3.3087911606e+00,2.3095598145e+03
295,4.8486572504e-01,-4.8100051284e-01,-1.1312602758e+00,2.3089497070e+03
296,4.8503300548e-01,-4.8070725799e-01,-2.7636995316e+00,2.3083388672e+03
297,4.8476439714e-01,-4.8085397482e-01,-2.0517511368e+00,2.3077302246e+03
298,4.8491290212e-01,-4.8056697845e-01,-1.7165728807e+00,2.3071184082e+03
299,4.8462560773e-01,-4.8075222969e-01,-3.0492262840e+00,2.3065100098e+03
300,4.8488184810e-01,-4.8034608364e-01,-2.0382800102e+00,2.3058996582e+03
301,4.8478320241e-01,-4.8030957580e-01,-1.6358932257e+00,2.3052902832e+03
302,4.8468771577e-01,-4.8027014732e-01,-1.6358932257e+00,2.3046811523e+03
303,4.8458844423e-01,-4.8027738929e-01,-3.8645732403e+00,2.3040729980e+03
304,4.8452115059e-01,-4.8025754094e-01,-3.8645732403e+00,2.3034645996e+03
305,4.8440131545e-01,-4.8018780351e-01,1.2758316994e+00,2.3028566895e+03
306,4.8441755772e-01,-4.8004221916e-01,-5.4414787292e+00,2.3022492676e+03
307,4.8444566131e-01,-4.7989234328e-01,-3.1190061569e-01,2.3016398926e+03
308,4.8427599669e-01,-4.7992578149e-01,-3.7629516125e+00,2.3010327148e+03
309,4.8407825828e-01,-4.8007601500e-01,-3.4794361591e+00,2.3004257812e+03
310,4.8419535160e-01,-4.7972792387e-01,6.3910257816e-01,2.2998181152e+03
311,4.8405829072e-01,-4.7975027561e-01,-3.5597069263e+00,2.2992121582e+03
312,4.8398795724e-01,-4.7972869873e-01,-2.4916393757e+00,2.2986047363e+03
313,4.8406016827e-01,-4.7948125005e-01,-1.2264374495e+00,2.2979978027e+03
314,4.8383131623e-01,-4.7963744402e-01,-4.2111077309e+00,2.2973916016e+03
315,4.8392909765e-01,-4.7936180234e-01,-9.8954439163e-01,2.2967858887e+03
316,4.8375511169e-01,-4.7944247723e-01,-2.9132299423e+00,2.2961796875e+03
317,4.8376178741e-01,-4.7931286693e-01,-3.1537432671e+00,2.2955744629e+03
318,4.8361051083e-01,-4.7930452228e-01,-3.2897174358e-01,2.2949677734e+03
319,4.8375511169e-01,-4.7905525565e-01,-5.4048833847e+00,2.2943630371e+03
320,4.8366349936e-01,-4.7899106145e-01,-4.5935666561e-01,2.2937580566e+03
321,4.8356568813e-01,-4.7893142700e-01,-4.5935666561e-01,2.2931528320e+03
322,4.8349702358e-01,-4.7892040014e-01,-6.0557460785e+00,2.2925483398e+03
323,4.8336279392e-01,-4.7888824344e-01,-1.1792508364e+00,2.2919438477e+03
324,4.8335334659e-01,-4.7876495123e-01,-1.8347589970e+00,2.2913393555e+03
325,4.8328411579e-01,-4.7872543335e-01,-4.5904726982e+00,2.2907363281e+03
326,4.8318889737e-01,-4.7867316008e-01,-9.2184638977e-01,2.2901323242e+03
327,4.8313802481e-01,-4.7859680653e-01,-4.0042219162e+00,2.2895288086e+03
328,4.8315635324e-01,-4.7843816876e-01,-1.5055291653e+00,2.2889252930e+03
329,4.8290592432e-01,-4.7855889797e-01,-4.1169033051e+00,2.2883222656e+03
330,4.8307421803e-01,-4.7827550769e-01,-2.3387448788e+00,2.2877194824e+03
331,4.8270711303e-01,-4.7849035263e-01,-2.4887964725e+00,2.2871169434e+03
332,4.8297512531e-01,-4.7808387876e-01,-1.4246879816e+00,2.2865146484e+03
333,4.8263660073e-01,-4.7830471396e-01,-3.9407827854e+00,2.2859123535e+03
334,4.8278030753e-01,-4.7800579667e-01,-1.9324353933e+00,2.2853098145e+03
335,4.8264154792e-01,-4.7802090645e-01,-2.3091340065e+00,2.2847092285e+03
336,4.8253217340e-01,-4.7800472379e-01,-4.1757221222e+00,2.2841064453e+03
337,4.8255422711e-01,-4.7782438993e-01,-8.8983553648e-01,2.2835056152e+03
338,4.8237702250e-01,-4.7789689898e-01,-4.2146201134e+00,2.2829045410e+03
339,4.8237833381e-01,-4.7772735357e-01,-2.1289472580e+00,2.2823041992e+03
340,4.8234561086e-01,-4.7765672207e-01,-2.5832772255e+00,2.2817026367e+03
341,4.8212829232e-01,-4.7770476341e-01,-2.6088213921e+00,2.2811025391e+03
342,4.8230007291e-01,-4.7743302584e-01,-3.7493102551e+00,2.2805019531e+03
343,4.8196515441e-01,-4.7759747505e-01,-1.2613443136e+00,2.2799023438e+03
344,4.8201137781e-01,-4.7744986415e-01,-4.8297572136e+00,2.2793024902e+03
345,4.8186904192e-01,-4.7743070126e-01,-1.3836799860e+00,2.2787033691e+03
346,4.8195925355e-01,-4.7720986605e-01,-3.5835604668e+00,2.2781030273e+03
347,4.8179495335e-01,-4.7724717855e-01,-1.4467141628e+00,2.2775048828e+03
348,4.8179337382e-01,-4.7709301114e-01,-4.9633297920e+00,2.2769042969e+03
349,4.8163339496e-01,-4.7712495923e-01,-1.1464841366e+00,2.2763073730e+03
350,4.8169100285e-01,-4.7692802548e-01,-3.6426918507e+00,2.2757080078e+03
351,4.8158785701e-01,-4.7689455748e-01,-2.6112525463e+00,2.2751088867e+03
352,4.8148971796e-01,-4.7687599063e-01,-3.3590550423e+00,2.2745102539e+03
353,4.8137709498e-01,-4.7681286931e-01,-2.2285778522e+00,2.2739140625e+03
354,4.8138833046e-01,-4.7668862343e-01,-3.5112016201e+00,2.2733149414e+03
355,4.8123583198e-01,-4.7671493888e-01,-3.2009484768e+00,2.2727192383e+03
356,4.8120224476e-01,-4.7656878829e-01,-1.9533874989e+00,2.2721208496e+03
357,4.8120394349e-01,-4.7650250793e-01,-3.9338762760e+00,2.2715249023e+03
358,4.8093906045e-01,-4.7651842237e-01,-2.9177358150e+00,2.2709272461e+03
359,4.8105153441e-01,-4.7640532255e-01,-2.3513605595e+00,2.2703312988e+03
360,4.8090794683e-01,-4.7637692094e-01,-4.0090565681e+00,2.2697346191e+03
361,4.8084953427e-01,-4.7627922893e-01,-2.7458658218e+00,2.2691391602e+03
362,4.8078489304e-01,-4.7617065907e-01,-2.2681541443e+00,2.2685424805e+03
363,4.8079785705e-01,-4.7607019544e-01,-2.9291303158e+00,2.2679467773e+03
364,4.8063462973e-01,-4.7605341673e-01,-4.2274460793e+00,2.2673520508e+03
365,4.8054069281e-01,-4.7603121400e-01,-1.7536603212e+00,2.2667548828e+03
366,4.8055917025e-01,-4.7588562965e-01,-3.9823298454e+00,2.2661621094e+03
367,4.8036155105e-01,-4.7592011094e-01,-2.7146170139e+00,2.2655651855e+03
368,4.8039829731e-01,-4.7575509548e-01,-3.6164121628e+00,2.2649714355e+03
369,4.8020821810e-01,-4.7577023506e-01,-2.9457061291e+00,2.2643767090e+03
370,4.8024219275e-01,-4.7564116120e-01,-2.5504164696e+00,2.2637839355e+03
371,4.8012548685e-01,-4.7558769584e-01,-3.2498643398e+00,2.2631884766e+03
372,4.8010617495e-01,-4.7554722428e-01,-2.8211095333e+00,2.2625964355e+03
373,4.7991779447e-01,-4.7546082735e-01,-4.0574955940e+00,2.2620009766e+03
374,4.7997036576e-01,-4.7543585300e-01,-1.8327420950e+00,2.2614094238e+03
375,4.7983723879e-01,-4.7528555989e-01,-4.1560583115e+00,2.2608154297e+03
376,4.7974875569e-01,-4.7530400753e-01,-2.8596031666e+00,2.2602231445e+03
377,4.7969838977e-01,-4.7523576021e-01,-1.8639677763e+00,2.2596296387e+03
378,4.7973024845e-01,-4.7506695986e-01,-4.5674047470e+00,2.2590375977e+03
379,4.7941616178e-01,-4.7515812516e-01,-3.1083841324e+00,2.2584453125e+03
380,4.7960510850e-01,-4.7498023510e-01,-3.3294188976e+00,2.2578535156e+03
381,4.7932231426e-01,-4.7495305538e-01,-2.0712251663e+00,2.2572617188e+03
382,4.7939997911e-01,-4.7488784790e-01,-5.0227990150e+00,2.2566706543e+03
383,4.7913658619e-01,-4.7490686178e-01,-1.7206114531e+00,2.2560791016e+03
384,4.7906294465e-01,-4.7487717867e-01,-4.5221295357e+00,2.2554880371e+03
385,4.7905558348e-01,-4.7477406263e-01,-2.0649502277e+00,2.2548969727e+03
386,4.7909447551e-01,-4.7456443310e-01,-4.1715669632e+00,2.2543059082e+03
387,4.7885167599e-01,-4.7467187047e-01,-2.1669054031e+00,2.2537155762e+03
388,4.7900262475e-01,-4.7442686558e-01,-4.2187871933e+00,2.2531254883e+03
389,4.7870007157e-01,-4.7452697158e-01,-3.4251353741e+00,2.2525341797e+03
390,4.7880393267e-01,-4.7435173392e-01,-2.1954820156e+00,2.2519453125e+03
391,4.7860836983e-01,-4.7434976697e-01,-4.6567220688e+00,2.2513547363e+03
392,4.7871193290e-01,-4.7419163585e-01,-2.2193989754e+00,2.2507663574e+03
393,4.7861269116e-01,-4.7415816784e-01,-2.3757560253e+00,2.2501767578e+03
394,4.7854247689e-01,-4.7405204177e-01,-4.5514717102e+00,2.2495878906e+03
395,4.7834545374e-01,-4.7410422564e-01,-3.4829692841e+00,2.2489987793e+03
396,4.7832268476e-01,-4.7401669621e-01,-3.4304783344e+00,2.2484111328e+03
397,4.7823944688e-01,-4.7390696406e-01,-2.5706560612e+00,2.2478220215e+03
398,4.7812825441e-01,-4.7397243977e-01,-4.1263947487e+00,2.2472341309e+03
399,4.7803065181e-01,-4.7381994128e-01,-3.3266112804e+00,2.2466459961e+03
400,4.7815048695e-01,-4.7368448973e-01,-3.0212161541e+00,2.2460588379e+03
401,4.7800615430e-01,-4.7365859151e-01,-2.2962143421e+00,2.2454716797e+03
402,4.7798946500e-01,-4.7353646159e-01,-5.2119255066e+00,2.2448845215e+03
403,4.7767937183e-01,-4.7369989753e-01,-2.1531913280e+00,2.2442963867e+03
404,4.7782468796e-01,-4.7344094515e-01,-4.5860013962e+00,2.2437104492e+03
405,4.7754156590e-01,-4.7352865338e-01,-2.3523118496e+00,2.2431235352e+03
406,4.7765555978e-01,-4.7337001562e-01,-4.1802201271e+00,2.2425378418e+03
407,4.7737482190e-01,-4.7341263294e-01,-2.9265186787e+00,2.2419501953e+03
408,4.7733426094e-01,-4.7332426906e-01,-3.7189958096e+00,2.2413647461e+03
409,4.7731509805e-01,-4.7324749827e-01,-3.4176728725e+00,2.2407790527e+03
410,4.7730281949e-01,-4.7317391634e-01,-3.1268255711e+00,2.2401936035e+03
411,4.7719562054e-01,-4.7316431999e-01,-3.5683724880e+00,2.2396088867e+03
412,4.7716301680e-01,-4.7304055095e-01,-3.4378693104e+00,2.2390244141e+03
413,4.7700661421e-01,-4.7298082709e-01,-3.3716263771e+00,2.2384399414e+03
414,4.7701314092e-01,-4.7298115492e-01,-3.6644608974e+00,2.2378554688e+03
415,4.7687748075e-01,-4.7284638882e-01,-3.5588994026e+00,2.2372705078e+03
416,4.7681304812e-01,-4.7288450599e-01,-3.7408404350e+00,2.2366870117e+03
417,4.7676855326e-01,-4.7274753451e-01,-3.1580913067e+00,2.2361022949e+03
418,4.7671499848e-01,-4.7266432643e-01,-4.1411471367e+00,2.2355185547e+03
419,4.7659388185e-01,-4.7269043326e-01,-1.9978128672e+00,2.2349355469e+03
420,4.7651556134e-01,-4.7260493040e-01,-5.9577565193e+00,2.2343525391e+03
421,4.7648611665e-01,-4.7253343463e-01,-6.1885768175e-01,2.2337687988e+03
422,4.7640550137e-01,-4.7246679664e-01,-6.3031291962e+00,2.2331865234e+03
423,4.7632300854e-01,-4.7241643071e-01,-1.1903901100e+00,2.2326037598e+03
424,4.7625342011e-01,-4.7238621116e-01,-5.4824995995e+00,2.2320214844e+03
425,4.7614854574e-01,-4.7229740024e-01,-1.5469509363e+00,2.2314394531e+03
426,4.7610130906e-01,-4.7228199244e-01,-5.8594007492e+00,2.2308571777e+03
427,4.7611591220e-01,-4.7211736441e-01,-2.3545851707e+00,2.2302753906e+03
428,4.7596320510e-01,-4.7213697433e-01,-4.4257440567e+00,2.2296938477e+03
429,4.7582897544e-01,-4.7214394808e-01,-2.1989634037e+00,2.2291130371e+03
430,4.7588065267e-01,-4.7194820642e-01,-4.8575839996e+00,2.2285319824e+03
431,4.7564721107e-01,-4.7207590938e-01,-2.3887698650e+00,2.2279511719e+03
432,4.7575181723e-01,-4.7183689475e-01,-3.9240529537e+00,2.2273701172e+03
433,4.7552648187e-01,-4.7193664312e-01,-4.0915508270e+00,2.2267897949e+03
434,4.7560685873e-01,-4.7173416615e-01,-2.7612869740e+00,2.2262094727e+03
435,4.7530207038e-01,-4.7188296914e-01,-4.3461279869e+00,2.2256298828e+03
436,4.7544196248e-01,-4.7163504362e-01,-4.5942263603e+00,2.2250500488e+03
437,4.7521364689e-01,-4.7174698114e-01,-1.7285195589e+00,2.2244707031e+03
438,4.7525182366e-01,-4.7156703472e-01,-4.9908447266e+00,2.2238913574e+03
439,4.7511556745e-01,-4.7159564495e-01,-2.7589907646e+00,2.2233122559e+03
440,4.7516760230e-01,-4.7141063213e-01,-4.1069798470e+00,2.2227329102e+03
441,4.7491931915e-01,-4.7153076530e-01,-3.1596806049e+00,2.2221547852e+03
442,4.7510400414e-01,-4.7123375535e-01,-4.3120279312e+00,2.2215761719e+03
443,4.7474929690e-01,-4.7145292163e-01,-2.4576189518e+00,2.2209980469e+03
444,4.7498157620e-01,-4.7110193968e-01,-5.2302155495e+00,2.2204196777e+03
445,4.7478979826e-01,-4.7116690874e-01,-1.6115074158e+00,2.2198422852e+03
446,4.7479087114e-01,-4.7103920579e-01,-5.5330829620e+00,2.2192644043e+03
447,4.7452497482e-01,-4.7119042277e-01,-2.8535983562e+00,2.2186872559e+03
448,4.7462478280e-01,-4.7095280886e-01,-3.9836590290e+00,2.2181098633e+03
449,4.7443148494e-01,-4.7104012966e-01,-3.7516343594e+00,2.2175332031e+03
450,4.7445183992e-01,-4.7088867426e-01,-3.3370113373e+00,2.2169567871e+03
451,4.7425219417e-01,-4.7096166015e-01,-4.3967161179e+00,2.2163806152e+03
452,4.7443741560e-01,-4.7067353129e-01,-3.2094926834e+00,2.2158037109e+03
453,4.7434818745e-01,-4.7064164281e-01,-3.6840012074e+00,2.2152277832e+03
454,4.7417974472e-01,-4.7068312764e-01,-4.6470952034e+00,2.2146516113e+03
455,4.7398975492e-01,-4.7074419260e-01,-4.5696811676e+00,2.2140771484e+03
456,4.7389274836e-01,-4.7072908282e-01,-2.9800329208e+00,2.2135019531e+03
457,4.7400400043e-01,-4.7049045563e-01,-2.3306868076e+00,2.2129277344e+03
458,4.7390094399e-01,-4.7048833966e-01,-4.5014991760e+00,2.2123527832e+03
459,4.7369608283e-01,-4.7054523230e-01,-4.0736832619e+00,2.2117778320e+03
460,4.7387370467e-01,-4.7025889158e-01,-2.1497859955e+00,2.2112026367e+03
461,4.7354736924e-01,-4.7047337890e-01,-5.7692136765e+00,2.2106291504e+03
462,4.7365266085e-01,-4.7021237016e-01,-2.5795669556e+00,2.2100551758e+03
463,4.7352170944e-01,-4.7028017044e-01,-3.6112380028e+00,2.2094816895e+03
464,4.7343975306e-01,-4.7017595172e-01,-5.2073178291e+00,2.2089079590e+03
465,4.7346764803e-01,-4.7008872032e-01,-1.8267333508e+00,2.2083344727e+03
466,4.7327014804e-01,-4.7012019157e-01,-5.8197660446e+00,2.2077617188e+03
467,4.7332161665e-01,-4.6998631954e-01,-1.8528339863e+00,2.2071889648e+03
468,4.7320753336e-01,-4.6996602416e-01,-5.5398521423e+00,2.2066162109e+03
469,4.7305327654e-01,-4.6998643875e-01,-2.3775620461e+00,2.2060434570e+03
470,4.7315213084e-01,-4.6979156137e-01,-4.7412643433e+00,2.2054714355e+03
471,4.7289851308e-01,-4.6992272139e-01,-3.8421647549e+00,2.2048994141e+03
472,4.7301766276e-01,-4.6966490149e-01,-2.7163448334e+00,2.2043273926e+03
473,4.7281935811e-01,-4.6978774667e-01,-5.4382448196e+00,2.2037563477e+03
474,4.7283956409e-01,-4.6958240867e-01,-2.3275127411e+00,2.2031848145e+03
475,4.7267475724e-01,-4.6972051263e-01,-4.9617409706e+00,2.2026137695e+03
476,4.7282159328e-01,-4.6936580539e-01,-3.4768342972e+00,2.2020424805e+03
477,4.7268557549e-01,-4.6941551566e-01,-2.2256011963e+00,2.2014721680e+03
478,4.7265884280e-01,-4.6935141087e-01,-6.0431222916e+00,2.2009011230e+03
479,4.7238409519e-01,-4.6946907043e-01,-2.3581991196e+00,2.2003317871e+03
480,4.7245955467e-01,-4.6930691600e-01,-5.6305780411e+00,2.1997612305e+03
481,4.7229716182e-01,-4.6934309602e-01,-2.1309077740e+00,2.1991923828e+03
482,4.7236075997e-01,-4.6916052699e-01,-4.9685173035e+00,2.1986218262e+03
483,4.7210279107e-01,-4.6932679415e-01,-3.5025525093e+00,2.1980534668e+03
484,4.7208830714e-01,-4.6922188997e-01,-4.7563891411e+00,2.1974841309e+03
485,4.7202727199e-01,-4.6915078163e-01,-3.0840568542e+00,2.1969155273e+03
486,4.7203406692e-01,-4.6903526783e-01,-2.7564036846e+00,2.1963466797e+03
487,4.7200581431e-01,-4.6897798777e-01,-6.1163220406e+00,2.1957780762e+03
488,4.7189015150e-01,-4.6894213557e-01,-1.8993495703e+00,2.1952092285e+03
489,4.7187808156e-01,-4.6881553531e-01,-5.6952400208e+00,2.1946420898e+03
490,4.7166559100e-01,-4.6895408630e-01,-2.6760566235e+00,2.1940739746e+03
491,4.7186946869e-01,-4.6861466765e-01,-5.3961596489e+00,2.1935065918e+03
492,4.7177293897e-01,-4.6859583259e-01,-2.3659400940e+00,2.1929394531e+03
493,4.7167414427e-01,-4.6858209372e-01,-4.7122263908e+00,2.1923720703e+03
494,4.7149723768e-01,-4.6867021918e-01,-5.0144085884e+00,2.1918056641e+03
495,4.7145658731e-01,-4.6857300401e-01,-1.7319738865e+00,2.1912387695e+03
496,4.7138261795e-01,-4.6852916479e-01,-6.1133079529e+00,2.1906723633e+03
497,4.7135272622e-01,-4.6845573187e-01,-2.1385710239e+00,2.1901064453e+03
498,4.7133567929e-01,-4.6834343672e-01,-4.6461434364e+00,2.1895402832e+03
499,4.7109362483e-01,-4.6848008037e-01,-4.1696052551e+00,2.1889743652e+03
500,4.7131010890e-01,-4.6815061569e-01,-3.5688817501e+00,2.1884091797e+03
501,4.7117224336e-01,-4.6816518903e-01,-3.5277614594e+00,2.1878435059e+03
502,4.7106724977e-01,-4.6816217899e-01,-5.2253055573e+00,2.1872785645e+03
503,4.7092646360e-01,-4.6819502115e-01,-4.9485816956e+00,2.1867136230e+03
504,4.7095271945e-01,-4.6804836392e-01,-6.5309071541e-01,2.1861494141e+03
505,4.7081926465e-01,-4.6807375550e-01,-6.8652153015e+00,2.1855847168e+03
506,4.7076079249e-01,-4.6801689267e-01,-1.9001739025e+00,2.1850209961e+03
507,4.7083440423e-01,-4.6782800555e-01,-5.5892643929e+00,2.1844567871e+03
508,4.7078385949e-01,-4.6775332093e-01,-2.8079020977e+00,2.1838925781e+03
509,4.7064015269e-01,-4.6778842807e-01,-4.8335895538e+00,2.1833295898e+03
510,4.7049605846e-01,-4.6782299876e-01,-4.7250084877e+00,2.1827666016e+03
511,4.7050377727e-01,-4.6768939495e-01,-2.6157476902e+00,2.1822036133e+03
512,4.7039133310e-01,-4.6771147847e-01,-5.0381031036e+00,2.1816403809e+03
513,4.7026911378e-01,-4.6771261096e-01,-3.2512149811e+00,2.1810781250e+03
514,4.7026619315e-01,-4.6761551499e-01,-4.0675654411e+00,2.1805151367e+03
515,4.7019603848e-01,-4.6757030487e-01,-5.3966946602e+00,2.1799528809e+03
516,4.7018098831e-01,-4.6745797992e-01,-1.7852138281e+00,2.1793911133e+03
517,4.7005268931e-01,-4.6747159958e-01,-6.4284253120e+00,2.1788291016e+03
518,4.7015532851e-01,-4.6726828814e-01,-1.8554806709e+00,2.1782678223e+03
519,4.6991956234e-01,-4.6737131476e-01,-5.7696471214e+00,2.1777065430e+03
520,4.6992260218e-01,-4.6727216244e-01,-2.7776026726e+00,2.1771455078e+03
521,4.6994176507e-01,-4.6712908149e-01,-5.5067739487e+00,2.1765844727e+03
522,4.6985539794e-01,-4.6709534526e-01,-1.9672547579e+00,2.1760244141e+03
523,4.6978124976e-01,-4.6706917882e-01,-6.4146804810e+00,2.1754636230e+03
524,4.6969050169e-01,-4.6704488993e-01,-1.9692566395e+00,2.1749038086e+03
525,4.6962475777e-01,-4.6699178219e-01,-6.2187023163e+00,2.1743435059e+03
526,4.6954080462e-01,-4.6697890759e-01,-1.9637706280e+00,2.1737834473e+03
527,4.6958220005e-01,-4.6680265665e-01,-6.3335595131e+00,2.1732238770e+03
528,4.6954217553e-01,-4.6673059464e-01,-2.7663614750e+00,2.1726645508e+03
529,4.6945941448e-01,-4.6670866013e-01,-4.2561192513e+00,2.1721059570e+03
530,4.6937537193e-01,-4.6669033170e-01,-4.2561192513e+00,2.1715468750e+03
531,4.6920356154e-01,-4.6673151851e-01,-4.5312061310e+00,2.1709885254e+03
532,4.6910169721e-01,-4.6671098471e-01,-3.7918941975e+00,2.1704306641e+03
533,4.6910837293e-01,-4.6662846208e-01,-4.5117330551e+00,2.1698725586e+03
534,4.6905699372e-01,-4.6651816368e-01,-3.3989663124e+00,2.1693149414e+03
535,4.6907824278e-01,-4.6640220284e-01,-3.0159385204e+00,2.1687570801e+03
536,4.6893683076e-01,-4.6644735336e-01,-7.1483836174e+00,2.1681992188e+03
537,4.6896266937e-01,-4.6629476547e-01,-1.2315325737e+00,2.1676423340e+03
538,4.6875697374e-01,-4.6639004350e-01,-6.1099534035e+00,2.1670847168e+03
539,4.6883729100e-01,-4.6620324254e-01,-3.2406797409e+00,2.1665280762e+03
540,4.6868473291e-01,-4.6623235941e-01,-5.0558605194e+00,2.1659709473e+03
541,4.6865040064e-01,-4.6616199613e-01,-2.6608281136e+00,2.1654145508e+03
542,4.6849718690e-01,-4.6620076895e-01,-5.0874333382e+00,2.1648583984e+03
543,4.6855178475e-01,-4.6603083611e-01,-3.5179605484e+00,2.1643022461e+03
544,4.6860748529e-01,-4.6584829688e-01,-4.1261816025e+00,2.1637458496e+03
545,4.6832785010e-01,-4.6602746844e-01,-5.6535463333e+00,2.1631899414e+03
546,4.6846520901e-01,-4.6576911211e-01,-3.0218427181e+00,2.1626347656e+03
547,4.6822172403e-01,-4.6590876579e-01,-5.5756373405e+00,2.1620800781e+03
548,4.6827748418e-01,-4.6573865414e-01,-2.4875502586e+00,2.1615249023e+03
549,4.6808645129e-01,-4.6580353379e-01,-6.1429452896e+00,2.1609699707e+03
550,4.6821197867e-01,-4.6558120847e-01,-2.6904900074e+00,2.1604155273e+03
551,4.6791172028e-01,-4.6575126052e-01,-5.0318622589e+00,2.1598613281e+03
552,4.6814778447e-01,-4.6541512012e-01,-4.0536947250e+00,2.1593073730e+03
553,4.6796652675e-01,-4.6547606587e-01,-3.1860024929e+00,2.1587534180e+03
554,4.6793648601e-01,-4.6538433433e-01,-4.2957572937e+00,2.1581997070e+03
555,4.6789693832e-01,-4.6530085802e-01,-4.2957572937e+00,2.1576455078e+03
556,4.6785295010e-01,-4.6522068977e-01,-4.2957572937e+00,2.1570920410e+03
557,4.6780785918e-01,-4.6517416835e-01,-5.2199754715e+00,2.1565385742e+03
558,4.6772086620e-01,-4.6516320109e-01,-5.6761918068e+00,2.1559858398e+03
559,4.6751019359e-01,-4.6522772312e-01,-2.2709341049e+00,2.1554335938e+03
560,4.6750801802e-01,-4.6514457464e-01,-4.7473912239e+00,2.1548813477e+03
561,4.6743127704e-01,-4.6509343386e-01,-5.1313552856e+00,2.1543291016e+03
562,4.6736681461e-01,-4.6505591273e-01,-2.4233951569e+00,2.1537775879e+03
563,4.6730703115e-01,-4.6498987079e-01,-5.5259222984e+00,2.1532255859e+03
564,4.6726459265e-01,-4.6491196752e-01,-4.0567378998e+00,2.1526740723e+03
565,4.6719583869e-01,-4.6487328410e-01,-4.3892917633e+00,2.1521228027e+03
566,4.6716478467e-01,-4.6478301287e-01,-3.7040390968e+00,2.1515717773e+03
567,4.6701309085e-01,-4.6483123302e-01,-6.3104581833e+00,2.1510207520e+03
568,4.6701869369e-01,-4.6469935775e-01,-1.4597697258e+00,2.1504697266e+03
569,4.6694922447e-01,-4.6465426683e-01,-6.9147467613e+00,2.1499196777e+03
570,4.6680420637e-01,-4.6469178796e-01,-2.6213786602e+00,2.1493698730e+03
571,4.6690171957e-01,-4.6448296309e-01,-5.4697337151e+00,2.1488198242e+03
572,4.6672481298e-01,-4.6452531219e-01,-2.6740281582e+00,2.1482697754e+03
573,4.6675923467e-01,-4.6438622475e-01,-6.5962724686e+00,2.1477207031e+03
574,4.6651500463e-01,-4.6450477839e-01,-2.4630730152e+00,2.1471706543e+03
575,4.6674761176e-01,-4.6415621042e-01,-5.5653324127e+00,2.1466220703e+03
576,4.6659135818e-01,-4.6420535445e-01,-3.8433568478e+00,2.1460729980e+03
577,4.6654808521e-01,-4.6413439512e-01,-4.5783967972e+00,2.1455246582e+03
578,4.6634113789e-01,-4.6422058344e-01,-5.2142548561e+00,2.1449755859e+03
579,4.6627423167e-01,-4.6415328979e-01,-2.4870569706e+00,2.1444272461e+03
580,4.6630468965e-01,-4.6403983235e-01,-6.4260182381e+00,2.1438793945e+03
581,4.6613308787e-01,-4.6405047178e-01,-2.8829677105e+00,2.1433315430e+03
582,4.6623677015e-01,-4.6387138963e-01,-4.0392050743e+00,2.1427841797e+03
583,4.6598204970e-01,-4.6397805214e-01,-6.1997509003e+00,2.1422368164e+03
584,4.6607065201e-01,-4.6378463507e-01,-2.4524614811e+00,2.1416894531e+03
585,4.6588984132e-01,-4.6382740140e-01,-5.2822713852e+00,2.1411425781e+03
586,4.6592581272e-01,-4.6371388435e-01,-4.9200162888e+00,2.1405957031e+03
587,4.6578401327e-01,-4.6369144320e-01,-3.0229957104e+00,2.1400490723e+03
588,4.6581959724e-01,-4.6360650659e-01,-5.8868103027e+00,2.1395029297e+03
589,4.6561563015e-01,-4.6360054612e-01,-3.2410471439e+00,2.1389567871e+03
590,4.6572348475e-01,-4.6348163486e-01,-5.6164278984e+00,2.1384108887e+03
591,4.6569502354e-01,-4.6337825060e-01,-3.3358583450e+00,2.1378649902e+03
592,4.6557626128e-01,-4.6333110332e-01,-5.2757897377e+00,2.1373193359e+03
593,4.6535444260e-01,-4.6341872215e-01,-4.0917406082e+00,2.1367746582e+03
594,4.6549168229e-01,-4.6318805218e-01,-3.9833502769e+00,2.1362292480e+03
595,4.6523517370e-01,-4.6333956718e-01,-5.5221643448e+00,2.1356845703e+03
596,4.6532478929e-01,-4.6309638023e-01,-2.9614918232e+00,2.1351398926e+03
597,4.6512341499e-01,-4.6320697665e-01,-5.7302498817e+00,2.1345954590e+03
598,4.6518984437e-01,-4.6300345659e-01,-3.3999567032e+00,2.1340515137e+03
599,4.6499451995e-01,-4.6312245727e-01,-5.9401593208e+00,2.1335073242e+03
600,4.6503359079e-01,-4.6294236183e-01,-4.6472611427e+00,2.1329633789e+03
601,4.6486893296e-01,-4.6298810840e-01,-4.4516792297e+00,2.1324199219e+03
602,4.6487757564e-01,-4.6283873916e-01,-3.4260282516e+00,2.1318764648e+03
603,4.6481257677e-01,-4.6281564236e-01,-4.2726788521e+00,2.1313332520e+03
604,4.6473491192e-01,-4.6272712946e-01,-5.3880085945e+00,2.1307900391e+03
605,4.6468302608e-01,-4.6270248294e-01,-2.9979941845e+00,2.1302482910e+03
606,4.6464535594e-01,-4.6259173751e-01,-6.1385464668e+00,2.1297045898e+03
607,4.6446424723e-01,-4.6267640591e-01,-2.7206072807e+00,2.1291628418e+03
608,4.6439713240e-01,-4.6261450648e-01,-5.9272866249e+00,2.1286206055e+03
609,4.6434572339e-01,-4.6254250407e-01,-5.9272866249e+00,2.1280786133e+03
610,4.6433952451e-01,-4.6244233847e-01,-2.0151524544e+00,2.1275368652e+03
611,4.6432581544e-01,-4.6229630709e-01,-5.1184020042e+00,2.1269956055e+03
612,4.6422204375e-01,-4.6233144403e-01,-5.1639461517e+00,2.1264550781e+03
613,4.6414580941e-01,-4.6223381162e-01,-3.6511614323e+00,2.1259130859e+03
614,4.6417811513e-01,-4.6213790774e-01,-4.1659212112e+00,2.1253725586e+03
615,4.6400493383e-01,-4.6215647459e-01,-5.2104434967e+00,2.1248322754e+03
616,4.6387639642e-01,-4.6216577291e-01,-4.6712560654e+00,2.1242919922e+03
617,4.6379345655e-01,-4.6212732792e-01,-4.9386086464e+00,2.1237514648e+03
618,4.6379166842e-01,-4.6198996902e-01,-3.1072671413e+00,2.1232114258e+03
619,4.6382457018e-01,-4.6186330914e-01,-6.8024425507e+00,2.1226711426e+03
620,4.6369260550e-01,-4.6186798811e-01,-1.2876307964e+00,2.1221315918e+03
621,4.6369907260e-01,-4.6173623204e-01,-7.7543978691e+00,2.1215922852e+03
622,4.6348130703e-01,-4.6184587479e-01,-2.3629720211e+00,2.1210534668e+03
623,4.6366840601e-01,-4.6151879430e-01,-5.1607251167e+00,2.1205136719e+03
624,4.6330395341e-01,-4.6178039908e-01,-4.5331382751e+00,2.1199750977e+03
625,4.6336847544e-01,-4.6160286665e-01,-5.3645839691e+00,2.1194372559e+03
626,4.6325108409e-01,-4.6159791946e-01,-3.3120048046e+00,2.1188989258e+03
627,4.6333995461e-01,-4.6138811111e-01,-5.3817892075e+00,2.1183601074e+03
628,4.6310368180e-01,-4.6149960160e-01,-4.5799903870e+00,2.1178225098e+03
629,4.6319729090e-01,-4.6126541495e-01,-3.8623795509e+00,2.1172846680e+03
630,4.6297091246e-01,-4.6138742566e-01,-5.3344135284e+00,2.1167473145e+03
631,4.6312305331e-01,-4.6109822392e-01,-4.4603023529e+00,2.1162094727e+03
632,4.6307200193e-01,-4.6101653576e-01,-3.7159712315e+00,2.1156721191e+03
633,4.6292191744e-01,-4.6106821299e-01,-5.9322948456e+00,2.1151354980e+03
634,4.6276575327e-01,-4.6111992002e-01,-5.7443304062e+00,2.1145988770e+03
635,4.6272784472e-01,-4.6101182699e-01,-1.5311913490e+00,2.1140632324e+03
636,4.6267998219e-01,-4.6095141768e-01,-7.1414537430e+00,2.1135270996e+03
637,4.6259552240e-01,-4.6091437340e-01,-2.3170599937e+00,2.1129907227e+03
638,4.6261006594e-01,-4.6076568961e-01,-5.5016479492e+00,2.1124545898e+03
639,4.6230894327e-01,-4.6095627546e-01,-4.9211678505e+00,2.1119194336e+03
640,4.6257966757e-01,-4.6055820584e-01,-3.8611073494e+00,2.1113837891e+03
641,4.6237829328e-01,-4.6064561605e-01,-4.1207756996e+00,2.1108481445e+03
642,4.6232244372e-01,-4.6056380868e-01,-5.9919691086e+00,2.1103129883e+03
643,4.6212500334e-01,-4.6064245701e-01,-2.9038124084e+00,2.1097780762e+03
644,4.6222907305e-01,-4.6043580770e-01,-6.4211053848e+00,2.1092436523e+03
645,4.6199077368e-01,-4.6052935719e-01,-3.3853387833e+00,2.1087089844e+03
646,4.6212095022e-01,-4.6030178666e-01,-4.9917626381e+00,2.1081748047e+03
647,4.6176493168e-01,-4.6050578356e-01,-4.6070590019e+00,2.1076411133e+03
648,4.6175366640e-01,-4.6041455865e-01,-5.2534370422e+00,2.1071071777e+03
649,4.6175095439e-01,-4.6029394865e-01,-3.8797261715e+00,2.1065734863e+03
650,4.6173626184e-01,-4.6018433571e-01,-3.8797261715e+00,2.1060400391e+03
651,4.6170789003e-01,-4.6009847522e-01,-3.9740719795e+00,2.1055063477e+03
652,4.6160021424e-01,-4.6008729935e-01,-6.7050404549e+00,2.1049731445e+03
653,4.6149751544e-01,-4.6005374193e-01,-3.4682459831e+00,2.1044411621e+03
654,4.6149408817e-01,-4.5989066362e-01,-5.6347570419e+00,2.1039084473e+03
655,4.6128863096e-01,-4.6006330848e-01,-4.2301797867e+00,2.1033759766e+03
656,4.6148645878e-01,-4.5967009664e-01,-4.9655785561e+00,2.1028435059e+03
657,4.6119821072e-01,-4.5990481973e-01,-3.4661769867e+00,2.1023105469e+03
658,4.6115145087e-01,-4.5982044935e-01,-5.7968282700e+00,2.1017792969e+03
659,4.6107798815e-01,-4.5973888040e-01,-3.8584661484e+00,2.1012478027e+03
660,4.6115255356e-01,-4.5953971148e-01,-5.4191989899e+00,2.1007165527e+03
661,4.6089872718e-01,-4.5968177915e-01,-3.9372789860e+00,2.1001848145e+03
662,4.6106275916e-01,-4.5939198136e-01,-4.7521553040e+00,2.0996540527e+03
663,4.6077483892e-01,-4.5955014229e-01,-5.2017211914e+00,2.0991232910e+03
664,4.6087968349e-01,-4.5932370424e-01,-3.6255331039e+00,2.0985925293e+03
665,4.6064737439e-01,-4.5944288373e-01,-5.5865788460e+00,2.0980622559e+03
666,4.6082940698e-01,-4.5913025737e-01,-4.3097448349e+00,2.0975314941e+03
667,4.6069860458e-01,-4.5913001895e-01,-3.4773342609e+00,2.0970019531e+03
668,4.6064454317e-01,-4.5907711983e-01,-5.2706489563e+00,2.0964719238e+03
669,4.6049585938e-01,-4.5909935236e-01,-6.0161290169e+00,2.0959421387e+03
670,4.6034952998e-01,-4.5911931992e-01,-3.9272620678e+00,2.0954133301e+03
671,4.6036800742e-01,-4.5898854733e-01,-4.5670948029e+00,2.0948837891e+03
672,4.6029484272e-01,-4.5893695951e-01,-3.3945345879e+00,2.0943549805e+03
673,4.6017763019e-01,-4.5895251632e-01,-7.4456291199e+00,2.0938256836e+03
674,4.6013543010e-01,-4.5886644721e-01,-4.3317818642e+00,2.0932978516e+03
675,4.5998677611e-01,-4.5886224508e-01,-2.3551084995e+00,2.0927690430e+03
676,4.5996427536e-01,-4.5880135894e-01,-7.3030977249e+00,2.0922404785e+03
677,4.6001133323e-01,-4.5861154795e-01,-2.0951087475e+00,2.0917126465e+03
678,4.5983946323e-01,-4.5865410566e-01,-5.9765009880e+00,2.0911850586e+03
679,4.5977696776e-01,-4.5860189199e-01,-3.8107602596e+00,2.0906572266e+03
680,4.5981851220e-01,-4.5843315125e-01,-5.2930445671e+00,2.0901298828e+03
681,4.5953866839e-01,-4.5858567953e-01,-3.4591646194e+00,2.0896027832e+03
682,4.5948705077e-01,-4.5852205157e-01,-6.1646738052e+00,2.0890756836e+03
683,4.5946836472e-01,-4.5842295885e-01,-3.8115267754e+00,2.0885485840e+03
684,4.5945033431e-01,-4.5832422376e-01,-3.6695144176e+00,2.0880214844e+03
685,4.5940467715e-01,-4.5822948217e-01,-6.2708616257e+00,2.0874951172e+03
686,4.5933550596e-01,-4.5819002390e-01,-3.1773622036e+00,2.0869689941e+03
687,4.5929127932e-01,-4.5810523629e-01,-6.0972290039e+00,2.0864428711e+03
688,4.5910730958e-01,-4.5816376805e-01,-4.0937142372e+00,2.0859169922e+03
689,4.5930230618e-01,-4.5784842968e-01,-4.2852220535e+00,2.0853916016e+03
690,4.5904427767e-01,-4.5797953010e-01,-3.6794319153e+00,2.0848657227e+03
691,4.5910859108e-01,-4.5779573917e-01,-6.2247705460e+00,2.0843403320e+03
692,4.5883601904e-01,-4.5794805884e-01,-3.6257717609e+00,2.0838151855e+03
693,4.5891112089e-01,-4.5773935318e-01,-6.2340660095e+00,2.0832900391e+03
694,4.5872798562e-01,-4.5782136917e-01,-3.2344231606e+00,2.0827661133e+03
695,4.5883852243e-01,-4.5756986737e-01,-5.4434175491e+00,2.0822414551e+03
696,4.5849606395e-01,-4.5780277252e-01,-4.2762446404e+00,2.0817175293e+03
697,4.5847576857e-01,-4.5770308375e-01,-5.0169367790e+00,2.0811931152e+03
698,4.5847079158e-01,-4.5757153630e-01,-4.4137926102e+00,2.0806691895e+03
699,4.5847967267e-01,-4.5743691921e-01,-4.2157835960e+00,2.0801455078e+03
700,4.5847192407e-01,-4.5731711388e-01,-4.2157835960e+00,2.0796223145e+03
701,4.5839035511e-01,-4.5730137825e-01,-5.0482583046e+00,2.0790986328e+03
702,4.5828616619e-01,-4.5728084445e-01,-5.3878669739e+00,2.0785759277e+03
703,4.5813015103e-01,-4.5730772614e-01,-3.8945531845e+00,2.0780532227e+03
704,4.5821827650e-01,-4.5709112287e-01,-5.7068357468e+00,2.0775307617e+03
705,4.5794239640e-01,-4.5726028085e-01,-2.9570059776e+00,2.0770080566e+03
706,4.5796433091e-01,-4.5711177588e-01,-6.9657115936e+00,2.0764851074e+03
707,4.5791828632e-01,-4.5703569055e-01,-2.3989393711e+00,2.0759633789e+03
708,4.5784589648e-01,-4.5698311925e-01,-6.9916229248e+00,2.0754409180e+03
709,4.5779991150e-01,-4.5690870285e-01,-1.6213746071e+00,2.0749196777e+03
710,4.5771938562e-01,-4.5686325431e-01,-7.8387718201e+00,2.0743974609e+03
711,4.5774310827e-01,-4.5671021938e-01,-2.7811639309e+00,2.0738764648e+03
712,4.5763537288e-01,-4.5671111345e-01,-5.3061008453e+00,2.0733554688e+03
713,4.5749756694e-01,-4.5673787594e-01,-5.4121546745e+00,2.0728347168e+03
714,4.5744293928e-01,-4.5664918423e-01,-3.0678074360e+00,2.0723149414e+03
715,4.5735475421e-01,-4.5662611723e-01,-6.0313487053e+00,2.0717941895e+03
716,4.5727992058e-01,-4.5656183362e-01,-2.4599502087e+00,2.0712739258e+03
717,4.5728549361e-01,-4.5647171140e-01,-5.9235315323e+00,2.0707529297e+03
718,4.5710444450e-01,-4.5652312040e-01,-5.4371271133e+00,2.0702336426e+03
719,4.5716843009e-01,-4.5631858706e-01,-2.4243197441e+00,2.0697136230e+03
720,4.5695105195e-01,-4.5641914010e-01,-6.9429044724e+00,2.0691931152e+03
721,4.5712044835e-01,-4.5613461733e-01,-3.2228884697e+00,2.0686743164e+03
722,4.5682334900e-01,-4.5629662275e-01,-4.8946981430e+00,2.0681550293e+03
723,4.5687150955e-01,-4.5613232255e-01,-4.3811135292e+00,2.0676362305e+03
724,4.5678395033e-01,-4.5610582829e-01,-5.3950843811e+00,2.0671171875e+03
725,4.5673269033e-01,-4.5601958036e-01,-3.0867228508e+00,2.0665988770e+03
726,4.5660170913e-01,-4.5603951812e-01,-6.2582645416e+00,2.0660803223e+03
727,4.5665490627e-01,-4.5586386323e-01,-3.1733403206e+00,2.0655622559e+03
728,4.5641040802e-01,-4.5598039031e-01,-5.9017133713e+00,2.0650437012e+03
729,4.5654097199e-01,-4.5573779941e-01,-3.0863878727e+00,2.0645261230e+03
730,4.5629709959e-01,-4.5585352182e-01,-6.2054362297e+00,2.0640078125e+03
731,4.5636937022e-01,-4.5566630363e-01,-2.7539491653e+00,2.0634909668e+03
732,4.5616397262e-01,-4.5573863387e-01,-6.7644367218e+00,2.0629731445e+03
733,4.5626160502e-01,-4.5553639531e-01,-2.3554291725e+00,2.0624562988e+03
734,4.5600408316e-01,-4.5565202832e-01,-6.5236983299e+00,2.0619394531e+03
735,4.5615777373e-01,-4.5539909601e-01,-3.0111775398e+00,2.0614226074e+03
736,4.5597657561e-01,-4.5544716716e-01,-4.4814109802e+00,2.0609062500e+03
737,4.5592334867e-01,-4.5538145304e-01,-4.8477554321e+00,2.0603894043e+03
738,4.5587286353e-01,-4.5530897379e-01,-4.9174480438e+00,2.0598728027e+03
739,4.5582655072e-01,-4.5523220301e-01,-4.9174480438e+00,2.0593566895e+03
740,4.5578294992e-01,-4.5515242219e-01,-4.9174480438e+00,2.0588408203e+03
741,4.5559221506e-01,-4.5522999763e-01,-4.4878487587e+00,2.0583249512e+03
742,4.5567044616e-01,-4.5503669977e-01,-3.5736179352e+00,2.0578093262e+03
743,4.5544588566e-01,-4.5512571931e-01,-5.6987290382e+00,2.0572946777e+03
744,4.5546326041e-01,-4.5500418544e-01,-4.0145902634e+00,2.0567795410e+03
745,4.5535027981e-01,-4.5498114824e-01,-4.3856220245e+00,2.0562648926e+03
746,4.5535981655e-01,-4.5486828685e-01,-5.0684437752e+00,2.0557504883e+03
747,4.5514088869e-01,-4.5494195819e-01,-4.0903549194e+00,2.0552353516e+03
748,4.5530638099e-01,-4.5468294621e-01,-4.8382840157e+00,2.0547214355e+03
749,4.5495948195e-01,-4.5488324761e-01,-4.3476276398e+00,2.0542075195e+03
750,4.5518708229e-01,-4.5455893874e-01,-4.7441167831e+00,2.0536936035e+03
751,4.5481342077e-01,-4.5478788018e-01,-4.4304261208e+00,2.0531794434e+03
752,4.5508572459e-01,-4.5442339778e-01,-4.8341307640e+00,2.0526665039e+03
753,4.5490202308e-01,-4.5446872711e-01,-3.2773694992e+00,2.0521528320e+03
754,4.5485162735e-01,-4.5440110564e-01,-4.9460682869e+00,2.0516391602e+03
755,4.5479655266e-01,-4.5434007049e-01,-4.9460682869e+00,2.0511259766e+03
756,4.5467635989e-01,-4.5433300734e-01,-5.4784522057e+00,2.0506130371e+03
757,4.5455569029e-01,-4.5432481170e-01,-5.4326624870e+00,2.0501003418e+03
758,4.5443466306e-01,-4.5432010293e-01,-2.6599535942e+00,2.0495878906e+03
759,4.5451641083e-01,-4.5413509011e-01,-3.9742038250e+00,2.0490751953e+03
760,4.5433917642e-01,-4.5418915153e-01,-5.9800739288e+00,2.0485642090e+03
761,4.5428621769e-01,-4.5412364602e-01,-3.0543854237e+00,2.0480517578e+03
762,4.5425814390e-01,-4.5404264331e-01,-5.0992064476e+00,2.0475405273e+03
763,4.5418500900e-01,-4.5397332311e-01,-4.4510078430e+00,2.0470288086e+03
764,4.5404306054e-01,-4.5400887728e-01,-5.3471350670e+00,2.0465179443e+03
765,4.5411255956e-01,-4.5380827785e-01,-2.9066078663e+00,2.0460065918e+03
766,4.5390602946e-01,-4.5389947295e-01,-5.9615635872e+00,2.0454958496e+03
767,4.5394569635e-01,-4.5375278592e-01,-3.6679840088e+00,2.0449852295e+03
768,4.5374280214e-01,-4.5384564996e-01,-5.5556349754e+00,2.0444742432e+03
769,4.5380276442e-01,-4.5362335443e-01,-1.2955323458e+00,2.0439641113e+03
770,4.5380955935e-01,-4.5355054736e-01,-9.1146411896e+00,2.0434544678e+03
771,4.5366686583e-01,-4.5352759957e-01,-1.2943224907e+00,2.0429442139e+03
772,4.5365563035e-01,-4.5343738794e-01,-4.7654557228e+00,2.0424346924e+03
773,4.5351234078e-01,-4.5346558094e-01,-5.2535939217e+00,2.0419257812e+03
774,4.5331537724e-01,-4.5352736115e-01,-3.9680900574e+00,2.0414156494e+03
775,4.5342990756e-01,-4.5329171419e-01,-2.7543118000e+00,2.0409064941e+03
776,4.5330280066e-01,-4.5333456993e-01,-7.4904174805e+00,2.0403980713e+03
777,4.5325794816e-01,-4.5320436358e-01,-2.7203950882e+00,2.0398891602e+03
778,4.5315536857e-01,-4.5322945714e-01,-5.6870393753e+00,2.0393802490e+03
779,4.5314937830e-01,-4.5308959484e-01,-1.6533194780e+00,2.0388724365e+03
780,4.5307686925e-01,-4.5306259394e-01,-9.6784563065e+00,2.0383636475e+03
781,4.5301857591e-01,-4.5300742984e-01,-1.4715205431e+00,2.0378558350e+03
782,4.5294708014e-01,-4.5296061039e-01,-1.4715205431e+00,2.0373483887e+03
783,4.5293650031e-01,-4.5281818509e-01,-7.2511215210e+00,2.0368398438e+03
784,4.5279404521e-01,-4.5282346010e-01,-8.2074356079e+00,2.0363325195e+03
785,4.5265001059e-01,-4.5291209221e-01,1.4332207441e+00,2.0358256836e+03
786,4.5269384980e-01,-4.5269748569e-01,-8.1259384155e+00,2.0353182373e+03
787,4.5251768827e-01,-4.5278072357e-01,-2.9440488815e+00,2.0348117676e+03
788,4.5253112912e-01,-4.5263919234e-01,-2.8251833916e+00,2.0343046875e+03
789,4.5248502493e-01,-4.5255357027e-01,-4.8784666061e+00,2.0337976074e+03
790,4.5244413614e-01,-4.5248857141e-01,-6.8652081490e+00,2.0332915039e+03
791,4.5226490498e-01,-4.5254191756e-01,-2.7695322037e+00,2.0327854004e+03
792,4.5223665237e-01,-4.5244383812e-01,-3.1532874107e+00,2.0322795410e+03
793,4.5233526826e-01,-4.5224970579e-01,-5.8247694969e+00,2.0317742920e+03
794,4.5199310780e-01,-4.5244807005e-01,-2.5926249027e+00,2.0312683105e+03
795,4.5218801498e-01,-4.5215132833e-01,-5.2776179314e+00,2.0307628174e+03
796,4.5189741254e-01,-4.5230710506e-01,-5.7797198296e+00,2.0302573242e+03
797,4.5193159580e-01,-4.5215868950e-01,-3.4767498970e+00,2.0297531738e+03
798,4.5185425878e-01,-4.5211929083e-01,-3.8277144432e+00,2.0292475586e+03
799,4.5174920559e-01,-4.5209699869e-01,-4.7496590614e+00,2.0287434082e+03
800,4.5176929235e-01,-4.5195409656e-01,-4.9829602242e+00,2.0282395020e+03
801,4.5171770453e-01,-4.5189127326e-01,-2.7639114857e+00,2.0277346191e+03
802,4.5167148113e-01,-4.5181661844e-01,-4.1788372993e+00,2.0272304688e+03
803,4.5152279735e-01,-4.5184794068e-01,-5.6890006065e+00,2.0267266846e+03
804,4.5145875216e-01,-4.5178088546e-01,-5.2698283195e+00,2.0262222900e+03
805,4.5132395625e-01,-4.5181950927e-01,-4.7081594467e+00,2.0257186279e+03
806,4.5133340359e-01,-4.5166787505e-01,-4.5847940445e-01,2.0252148438e+03
807,4.5113974810e-01,-4.5174664259e-01,-7.6256318092e+00,2.0247121582e+03
808,4.5117983222e-01,-4.5159068704e-01,-3.6090846062e+00,2.0242091064e+03
809,4.5105248690e-01,-4.5159611106e-01,-3.9442408085e+00,2.0237060547e+03
810,4.5109385252e-01,-4.5145827532e-01,-1.8612599373e+00,2.0232028809e+03
811,4.5109558105e-01,-4.5131304860e-01,-9.1264753342e+00,2.0227009277e+03
812,4.5092499256e-01,-4.5136296749e-01,-8.0878543854e-01,2.0221982422e+03
813,4.5088133216e-01,-4.5130407810e-01,-5.0108952522e+00,2.0216959229e+03
814,4.5087701082e-01,-4.5118147135e-01,-4.4391932487e+00,2.0211944580e+03
815,4.5060881972e-01,-4.5133820176e-01,-7.0993418694e+00,2.0206927490e+03
816,4.5066460967e-01,-4.5116457343e-01,-2.6132986546e+00,2.0201911621e+03
817,4.5059719682e-01,-4.5109918714e-01,-3.0897297859e+00,2.0196905518e+03
818,4.5054492354e-01,-4.5104798675e-01,-5.7425093651e+00,2.0191894531e+03
819,4.5037129521e-01,-4.5107141137e-01,-3.1966986656e+00,2.0186883545e+03
820,4.5026588440e-01,-4.5106807351e-01,-4.1218528748e+00,2.0181870117e+03
821,4.5041328669e-01,-4.5080134273e-01,-3.7559888363e+00,2.0176861572e+03
822,4.5018854737e-01,-4.5091092587e-01,-6.2292757034e+00,2.0171860352e+03
823,4.5032557845e-01,-4.5065996051e-01,-1.8890140057e+00,2.0166855469e+03
824,4.5005503297e-01,-4.5080906153e-01,-5.5434503555e+00,2.0161853027e+03
825,4.5011478662e-01,-4.5063313842e-01,-3.8444480896e+00,2.0156857910e+03
826,4.4994613528e-01,-4.5068147779e-01,-4.0723237991e+00,2.0151859131e+03
827,4.5002087951e-01,-4.5050206780e-01,-3.8838818073e+00,2.0146865234e+03
828,4.4975751638e-01,-4.5062053204e-01,-5.2822661400e+00,2.0141871338e+03
829,4.4991198182e-01,-4.5037028193e-01,-2.4974331856e+00,2.0136881104e+03
830,4.4961139560e-01,-4.5052921772e-01,-6.0569405556e+00,2.0131888428e+03
831,4.4981226325e-01,-4.5023322105e-01,-2.5488915443e+00,2.0126904297e+03
832,4.4963979721e-01,-4.5027264953e-01,-4.0560803413e+00,2.0121911621e+03
833,4.4956791401e-01,-4.5022472739e-01,-4.5633869171e+00,2.0116925049e+03
834,4.4949910045e-01,-4.5017361641e-01,-4.5633869171e+00,2.0111938477e+03
835,4.4943234324e-01,-4.5012053847e-01,-4.5633869171e+00,2.0106956787e+03
836,4.4933804870e-01,-4.5007482171e-01,-4.4694561958e+00,2.0101975098e+03
837,4.4926029444e-01,-4.5001053810e-01,-4.4694561958e+00,2.0096999512e+03
838,4.4916191697e-01,-4.5006775856e-01,-3.5242581367e+00,2.0092016602e+03
839,4.4925725460e-01,-4.4986227155e-01,-4.2775378227e+00,2.0087048340e+03
840,4.4898808002e-01,-4.4997286797e-01,-4.4316678047e+00,2.0082082520e+03
841,4.4905263186e-01,-4.4979649782e-01,-2.3471364975e+00,2.0077103271e+03
842,4.4894811511e-01,-4.4979506731e-01,-5.5490574837e+00,2.0072137451e+03
843,4.4888007641e-01,-4.4971194863e-01,-3.5654067993e+00,2.0067170410e+03
844,4.4877320528e-01,-4.4973009825e-01,-4.2059946060e+00,2.0062207031e+03
845,4.4884964824e-01,-4.4952109456e-01,-3.6969199181e+00,2.0057239990e+03
846,4.4855532050e-01,-4.4969165325e-01,-5.1630411148e+00,2.0052279053e+03
847,4.4876953959e-01,-4.4937309623e-01,-2.5004785061e+00,2.0047326660e+03
848,4.4841086864e-01,-4.4959613681e-01,-5.6308398247e+00,2.0042365723e+03
849,4.4864740968e-01,-4.4926178455e-01,-2.9491534233e+00,2.0037413330e+03
850,4.4825932384e-01,-4.4950807095e-01,-4.8020739555e+00,2.0032457275e+03
851,4.4833379984e-01,-4.4932693243e-01,-4.6937012672e+00,2.0027506104e+03
852,4.4825798273e-01,-4.4928067923e-01,-3.4356486797e+00,2.0022556152e+03
853,4.4819909334e-01,-4.4922149181e-01,-3.2050976753e+00,2.0017609863e+03
854,4.4821643829e-01,-4.4909405708e-01,-4.4771308899e+00,2.0012666016e+03
855,4.4808700681e-01,-4.4911381602e-01,-4.7993097305e+00,2.0007724609e+03
856,4.4797742367e-01,-4.4908899069e-01,-3.7632093430e+00,2.0002779541e+03
857,4.4796001911e-01,-4.4898238778e-01,-2.7090654373e+00,1.9997832031e+03
858,4.4784873724e-01,-4.4898030162e-01,-5.7536902428e+00,1.9992894287e+03
859,4.4786301255e-01,-4.4884476066e-01,-3.3469722271e+00,1.9987951660e+03
860,4.4770243764e-01,-4.4889426231e-01,-3.8720886707e+00,1.9983023682e+03
861,4.4780853391e-01,-4.4865977764e-01,-3.6455736160e+00,1.9978087158e+03
862,4.4755974412e-01,-4.4879812002e-01,-5.2165532112e+00,1.9973157959e+03
863,4.4762453437e-01,-4.4861027598e-01,-2.2502727509e+00,1.9968227539e+03
864,4.4750887156e-01,-4.4860851765e-01,-5.5886592865e+00,1.9963294678e+03
865,4.4744575024e-01,-4.4855856895e-01,-2.6997985840e+00,1.9958371582e+03
866,4.4739070535e-01,-4.4848591089e-01,-5.2290539742e+00,1.9953446045e+03
867,4.4733071327e-01,-4.4843757153e-01,-2.1659502983e+00,1.9948521729e+03
868,4.4724416733e-01,-4.4839975238e-01,-6.2509322166e+00,1.9943599854e+03
869,4.4719356298e-01,-4.4833290577e-01,-1.6023702621e+00,1.9938681641e+03
870,4.4715195894e-01,-4.4826057553e-01,-5.8611440659e+00,1.9933763428e+03
871,4.4699114561e-01,-4.4829493761e-01,-2.5915329456e+00,1.9928847656e+03
872,4.4707703590e-01,-4.4810155034e-01,-5.1204471588e+00,1.9923936768e+03
873,4.4683879614e-01,-4.4821405411e-01,-2.2662174702e+00,1.9919022217e+03
874,4.4676098228e-01,-4.4816854596e-01,-5.4515399933e+00,1.9914116211e+03
875,4.4673675299e-01,-4.4807156920e-01,-2.7735452652e+00,1.9909202881e+03
876,4.4674479961e-01,-4.4795688987e-01,-2.6765241623e+00,1.9904296875e+03
877,4.4669452310e-01,-4.4787687063e-01,-6.5629343987e+00,1.9899390869e+03
878,4.4662755728e-01,-4.4783678651e-01,-1.8086615801e+00,1.9894484863e+03
879,4.4652718306e-01,-4.4781640172e-01,-5.7982153893e+00,1.9889582520e+03
880,4.4642436504e-01,-4.4780373573e-01,-2.5558001995e+00,1.9884683838e+03
881,4.4654878974e-01,-4.4756212831e-01,-4.7404050827e+00,1.9879788818e+03
882,4.4645711780e-01,-4.4752719998e-01,-2.6845741272e+00,1.9874888916e+03
883,4.4634401798e-01,-4.4753155112e-01,-4.3277707100e+00,1.9869998779e+03
884,4.4622382522e-01,-4.4756159186e-01,-4.4856157303e+00,1.9865106201e+03
885,4.4609978795e-01,-4.4754117727e-01,-3.2133862972e+00,1.9860220947e+03
886,4.4614449143e-01,-4.4738188386e-01,-4.7688837051e+00,1.9855329590e+03
887,4.4600504637e-01,-4.4738894701e-01,-2.9469726086e+00,1.9850443115e+03
888,4.4592469931e-01,-4.4738036394e-01,-3.6584312916e+00,1.9845556641e+03
889,4.4583165646e-01,-4.4736284018e-01,-5.8350348473e+00,1.9840677490e+03
890,4.4585722685e-01,-4.4720494747e-01,-8.9191323519e-01,1.9835794678e+03
891,4.4573581219e-01,-4.4719764590e-01,-5.8089318275e+00,1.9830910645e+03
892,4.4575905800e-01,-4.4705954194e-01,-2.1718571186e+00,1.9826030273e+03
893,4.4564318657e-01,-4.4706746936e-01,-5.6944336891e+00,1.9821159668e+03
894,4.4559994340e-01,-4.4699275494e-01,-2.1481132507e+00,1.9816281738e+03
895,4.4559055567e-01,-4.4686734676e-01,-4.0064334869e+00,1.9811408691e+03
896,4.4528931379e-01,-4.4706276059e-01,-4.6884989738e+00,1.9806541748e+03
897,4.4545152783e-01,-4.4678753614e-01,-4.0479774475e+00,1.9801666260e+03
898,4.4522526860e-01,-4.4688597322e-01,-2.2500095367e+00,1.9796801758e+03
899,4.4533008337e-01,-4.4666197896e-01,-5.2096409798e+00,1.9791939697e+03
900,4.4513761997e-01,-4.4674807787e-01,-1.9621450901e+00,1.9787076416e+03
901,4.4520077109e-01,-4.4655135274e-01,-4.8536128998e+00,1.9782214355e+03
902,4.4494897127e-01,-4.4670036435e-01,-3.0455870628e+00,1.9777353516e+03
903,4.4488322735e-01,-4.4664612412e-01,-4.4400000572e+00,1.9772493896e+03
904,4.4489064813e-01,-4.4651001692e-01,-2.8243200779e+00,1.9767637939e+03
905,4.4488543272e-01,-4.4638475776e-01,-2.8243200779e+00,1.9762778320e+03
906,4.4491043687e-01,-4.4624546170e-01,-2.7987813950e+00,1.9757921143e+03
907,4.4476157427e-01,-4.4630277157e-01,-6.4933781624e+00,1.9753072510e+03
908,4.4471424818e-01,-4.4620132446e-01,-1.9732810259e+00,1.9748225098e+03
909,4.4454219937e-01,-4.4628944993e-01,-5.4554028511e+00,1.9743374023e+03
910,4.4453570247e-01,-4.4618746638e-01,-4.7675580978e+00,1.9738533936e+03
911,4.4433271885e-01,-4.4625779986e-01,-1.8025193214e+00,1.9733688965e+03
912,4.4455441833e-01,-4.4592607021e-01,-3.7617919445e+00,1.9728836670e+03
913,4.4436424971e-01,-4.4599643350e-01,-3.1240513325e+00,1.9723997803e+03
914,4.4429859519e-01,-4.4594153762e-01,-4.6651120186e+00,1.9719154053e+03
915,4.4426682591e-01,-4.4585302472e-01,-1.6983189583e+00,1.9714323730e+03
916,4.4414246082e-01,-4.4584384561e-01,-5.5197305679e+00,1.9709488525e+03
917,4.4405263662e-01,-4.4585618377e-01,-2.8927009106e+00,1.9704654541e+03
918,4.4420599937e-01,-4.4557279348e-01,-4.4438285828e+00,1.9699820557e+03
919,4.4393575191e-01,-4.4569844007e-01,-1.1709848642e+00,1.9694991455e+03
920,4.4402423501e-01,-4.4553157687e-01,-5.9915323257e+00,1.9690163574e+03
921,4.4381338358e-01,-4.4559520483e-01,-1.6452209949e+00,1.9685343018e+03
922,4.4383361936e-01,-4.4546073675e-01,-5.1120228767e+00,1.9680510254e+03
923,4.4370883703e-01,-4.4549342990e-01,-2.3063769341e+00,1.9675687256e+03
924,4.4377279282e-01,-4.4526350498e-01,-4.1400532722e+00,1.9670865479e+03
925,4.4344815612e-01,-4.4552543759e-01,-3.4550480843e+00,1.9666054688e+03
926,4.4343483448e-01,-4.4542020559e-01,-4.2611427307e+00,1.9661239014e+03
927,4.4342854619e-01,-4.4528031349e-01,-2.8462421894e+00,1.9656416016e+03
928,4.4340881705e-01,-4.4515115023e-01,-2.8462421894e+00,1.9651600342e+03
929,4.4346395135e-01,-4.4500875473e-01,-3.0622646809e+00,1.9646783447e+03
930,4.4328510761e-01,-4.4510686398e-01,-5.0755519867e+00,1.9641976318e+03
931,4.4331669807e-01,-4.4492688775e-01,-1.5748443604e+00,1.9637159424e+03
932,4.4309660792e-01,-4.4504269958e-01,-6.0867342949e+00,1.9632357178e+03
933,4.4301819801e-01,-4.4503366947e-01,-3.8374536037e+00,1.9627556152e+03
934,4.4290831685e-01,-4.4498863816e-01,-1.7469233274e+00,1.9622750244e+03
935,4.4311064482e-01,-4.4468021393e-01,-3.2183392048e+00,1.9617940674e+03
936,4.4289168715e-01,-4.4476211071e-01,-3.4804983139e+00,1.9613142090e+03
937,4.4276192784e-01,-4.4479331374e-01,-3.8161008358e+00,1.9608339844e+03
938,4.4283577800e-01,-4.4453090429e-01,-8.7597817183e-01,1.9603546143e+03
939,4.4265753031e-01,-4.4468125701e-01,-6.5999507904e+00,1.9598757324e+03
940,4.4266131520e-01,-4.4453299046e-01,-2.7259936333e+00,1.9593957520e+03
941,4.4260761142e-01,-4.4447398186e-01,-1.7255043983e+00,1.9589171143e+03
942,4.4250208139e-01,-4.4444990158e-01,-6.0082063675e+00,1.9584373779e+03
943,4.4254514575e-01,-4.4429954886e-01,-1.7330422401e+00,1.9579588623e+03
944,4.4236576557e-01,-4.4434836507e-01,-3.9202816486e+00,1.9574799805e+03
945,4.4239351153e-01,-4.4426953793e-01,-3.0856800079e+00,1.9570018311e+03
946,4.4227096438e-01,-4.4417071342e-01,-3.4537091255e+00,1.9565233154e+03
947,4.4219139218e-01,-4.4423013926e-01,-3.8052942753e+00,1.9560458984e+03
948,4.4221076369e-01,-4.4402700663e-01,-1.9327337742e+00,1.9555664062e+03
949,4.4205322862e-01,-4.4413065910e-01,-5.4493107796e+00,1.9550904541e+03
950,4.4207528234e-01,-4.4393721223e-01,-1.1544752121e+00,1.9546114502e+03
951,4.4191315770e-01,-4.4403383136e-01,-4.6710810661e+00,1.9541353760e+03
952,4.4191977382e-01,-4.4392940402e-01,-3.8239924908e+00,1.9536578369e+03
953,4.4180369377e-01,-4.4391980767e-01,-2.6434588432e+00,1.9531815186e+03
954,4.4178372622e-01,-4.4372707605e-01,-2.6629846096e+00,1.9527037354e+03
955,4.4170489907e-01,-4.4379761815e-01,-3.4574947357e+00,1.9522268066e+03
956,4.4174811244e-01,-4.4355496764e-01,-3.5872583389e+00,1.9517507324e+03
957,4.4165995717e-01,-4.4360235333e-01,-2.4311556816e+00,1.9512739258e+03
958,4.4154804945e-01,-4.4357416034e-01,-4.0104007721e+00,1.9507982178e+03
959,4.4150346518e-01,-4.4348108768e-01,-1.7274053097e+00,1.9503210449e+03
960,4.4142717123e-01,-4.4346106052e-01,-7.1520929337e+00,1.9498461914e+03
961,4.4148400426e-01,-4.4329276681e-01,-7.6653039455e-01,1.9493701172e+03
962,4.4132179022e-01,-4.4330507517e-01,-3.2316157818e+00,1.9488942871e+03
963,4.4125780463e-01,-4.4328218699e-01,-3.6645071507e+00,1.9484194336e+03
964,4.4114765525e-01,-4.4331082702e-01,-2.8870995045e+00,1.9479440918e+03
965,4.4114986062e-01,-4.4311362505e-01,-1.3643977642e+00,1.9474685059e+03
966,4.4103848934e-01,-4.4315513968e-01,-5.4280400276e+00,1.9469946289e+03
967,4.4093051553e-01,-4.4314017892e-01,-2.4564223289e+00,1.9465202637e+03
968,4.4098392129e-01,-4.4292363524e-01,-2.5964622498e+00,1.9460443115e+03
969,4.4083166122e-01,-4.4301232696e-01,-2.1748452187e+00,1.9455712891e+03
970,4.4066223502e-01,-4.4303461909e-01,-5.5665855408e+00,1.9450965576e+03
971,4.4077894092e-01,-4.4284471869e-01,-2.6001944542e+00,1.9446224365e+03
972,4.4062790275e-01,-4.4287863374e-01,-2.4152255058e+00,1.9441491699e+03
973,4.4067659974e-01,-4.4270104170e-01,-3.0413341522e+00,1.9436756592e+03
974,4.4053265452e-01,-4.4275674224e-01,-3.9267656803e+00,1.9432023926e+03
975,4.4048774242e-01,-4.4268429279e-01,-1.4356296062e+00,1.9427290039e+03
976,4.4031217694e-01,-4.4272312522e-01,-4.6027021408e+00,1.9422558594e+03
977,4.4046187401e-01,-4.4247722626e-01,-2.6116786003e+00,1.9417830811e+03
978,4.4014474750e-01,-4.4265332818e-01,-3.3999388218e+00,1.9413098145e+03
979,4.4043704867e-01,-4.4225633144e-01,-1.8518463373e+00,1.9408369141e+03
980,4.4004136324e-01,-4.4254407287e-01,-4.6862592697e+00,1.9403649902e+03
981,4.4020944834e-01,-4.4224727154e-01,-2.2645218372e+00,1.9398923340e+03
982,4.4005110860e-01,-4.4229933619e-01,-2.6934778690e+00,1.9394211426e+03
983,4.3997448683e-01,-4.4224783778e-01,-3.8664822578e+00,1.9389486084e+03
984,4.3993642926e-01,-4.4215896726e-01,-2.6053752899e+00,1.9384770508e+03
985,4.3992915750e-01,-4.4209161401e-01,-2.6824193001e+00,1.9380053711e+03
986,4.3974477053e-01,-4.4211310148e-01,-3.4623298645e+00,1.9375339355e+03
987,4.3986019492e-01,-4.4192671776e-01,-2.6584737301e+00,1.9370631104e+03
988,4.3959602714e-01,-4.4204837084e-01,-3.0506556034e+00,1.9365917969e+03
989,4.3974161148e-01,-4.4179248810e-01,-2.7692916393e+00,1.9361209717e+03
990,4.3948668242e-01,-4.4194650650e-01,-3.6455719471e+00,1.9356503906e+03
991,4.3959176540e-01,-4.4170340896e-01,-1.5962392092e+00,1.9351793213e+03
992,4.3940541148e-01,-4.4179651141e-01,-4.6674432755e+00,1.9347095947e+03
993,4.3943050504e-01,-4.4164633751e-01,-1.2364060879e+00,1.9342386475e+03
994,4.3930622935e-01,-4.4164448977e-01,-4.2135539055e+00,1.9337694092e+03
995,4.3930447102e-01,-4.4156721234e-01,-2.0638647079e+00,1.9332988281e+03
996,4.3918615580e-01,-4.4151785970e-01,-3.3980133533e+00,1.9328297119e+03
997,4.3916836381e-01,-4.4147491455e-01,-2.5542602539e+00,1.9323599854e+03
998,4.3907138705e-01,-4.4140118361e-01,-3.0990505219e+00,1.9318907471e+03
999,4.3902498484e-01,-4.4138005376e-01,-2.6864001751e+00,1.9314208984e+03
1000,4.3901693821e-01,-4.4128939509e-01,-3.1792974472e+00,1.9309533691e+03
1001,4.3887391686e-01,-4.4118005037e-01,-2.0223891735e+00,1.9304825439e+03
1002,4.3890711665e-01,-4.4126352668e-01,-4.0840339661e+00,1.9300159912e+03
1003,4.3873545527e-01,-4.4108310342e-01,-1.4846390486e+00,1.9295450439e+03
1004,4.3866696954e-01,-4.4107457995e-01,-3.4756541252e+00,1.9290778809e+03
1005,4.3867671490e-01,-4.4101423025e-01,-2.9970088005e+00,1.9286086426e+03
1006,4.3852558732e-01,-4.4105705619e-01,-2.6129682064e+00,1.9281427002e+03
1007,4.3862211704e-01,-4.4081228971e-01,-2.5641367435e+00,1.9276739502e+03
1008,4.3853667378e-01,-4.4085580111e-01,-2.6877262592e+00,1.9272073975e+03
1009,4.3838989735e-01,-4.4077938795e-01,-3.0793414116e+00,1.9267379150e+03
1010,4.3841761351e-01,-4.4076865911e-01,-2.6011192799e+00,1.9262724609e+03
1011,4.3836343288e-01,-4.4071510434e-01,-2.3188998699e+00,1.9258044434e+03
1012,4.3817928433e-01,-4.4066035748e-01,-4.1112380028e+00,1.9253382568e+03
1013,4.3830525875e-01,-4.4053891301e-01,-1.3282847404e+00,1.9248714600e+03
1014,4.3800088763e-01,-4.4061025977e-01,-3.5897092819e+00,1.9244036865e+03
1015,4.3818423152e-01,-4.4042837620e-01,-2.4584321976e+00,1.9239379883e+03
1016,4.3793946505e-01,-4.4046935439e-01,-2.4582099915e+00,1.9234711914e+03
1017,4.3797835708e-01,-4.4037058949e-01,-3.1950850487e+00,1.9230056152e+03
1018,4.3787845969e-01,-4.4030836225e-01,-2.0594561100e+00,1.9225388184e+03
1019,4.3780264258e-01,-4.4031068683e-01,-3.3250524998e+00,1.9220733643e+03
1020,4.3770483136e-01,-4.4025123119e-01,-2.4451484680e+00,1.9216077881e+03
1021,4.3761041760e-01,-4.4018551707e-01,-2.4451484680e+00,1.9211417236e+03
1022,4.3768370152e-01,-4.4003924727e-01,-2.2954230309e+00,1.9206767578e+03
1023,4.3762898445e-01,-4.4000229239e-01,-3.2009518147e+00,1.9202117920e+03
1024,4.3751385808e-01,-4.4002074003e-01,-3.3296072483e+00,1.9197462158e+03
1025,4.3747302890e-01,-4.3999883533e-01,-1.3190100193e+00,1.9192818604e+03
1026,4.3750286102e-01,-4.3985947967e-01,-2.0414144993e+00,1.9188179932e+03
1027,4.3745627999e-01,-4.3974810839e-01,-3.6103601456e+00,1.9183537598e+03
1028,4.3733182549e-01,-4.3972325325e-01,-4.0376029015e+00,1.9178895264e+03
1029,4.3718370795e-01,-4.3977445364e-01,-1.1742249727e+00,1.9174256592e+03
1030,4.3718147278e-01,-4.3964755535e-01,-2.5975682735e+00,1.9169611816e+03
1031,4.3714210391e-01,-4.3958482146e-01,-3.4798455238e+00,1.9164980469e+03
1032,4.3701359630e-01,-4.3964254856e-01,-2.1763837337e+00,1.9160343018e+03
1033,4.3705478311e-01,-4.3941023946e-01,-1.2599198818e+00,1.9155700684e+03
1034,4.3692967296e-01,-4.3949174881e-01,-3.4098939896e+00,1.9151079102e+03
1035,4.3679320812e-01,-4.3944624066e-01,-2.7151646614e+00,1.9146437988e+03
1036,4.3676236272e-01,-4.3940213323e-01,-2.4140567780e+00,1.9141813965e+03
1037,4.3681094050e-01,-4.3924936652e-01,-2.5375251770e+00,1.9137192383e+03
1038,4.3665051460e-01,-4.3926078081e-01,-2.8192784786e+00,1.9132561035e+03
1039,4.3664810061e-01,-4.3917465210e-01,-1.5447404385e+00,1.9127939453e+03
1040,4.3665373325e-01,-4.3903023005e-01,-2.6074979305e+00,1.9123311768e+03
1041,4.3654868007e-01,-4.3904948235e-01,-3.6245267391e+00,1.9118690186e+03
1042,4.3646097183e-01,-4.3906322122e-01,-1.4392583370e+00,1.9114080811e+03
1043,4.3644657731e-01,-4.3894550204e-01,-2.9475250244e+00,1.9109461670e+03
1044,4.3626946211e-01,-4.3891429901e-01,-1.6104360819e+00,1.9104841309e+03
1045,4.3616613746e-01,-4.3895095587e-01,-3.7095031738e+00,1.9100233154e+03
1046,4.3620800972e-01,-4.3881297112e-01,-9.7430354357e-01,1.9095610352e+03
1047,4.3623974919e-01,-4.3868908286e-01,-3.6464028358e+00,1.9091008301e+03
1048,4.3604880571e-01,-4.3875327706e-01,-1.8506671190e+00,1.9086401367e+03
1049,4.3614321947e-01,-4.3856212497e-01,-2.6238424778e+00,1.9081788330e+03
1050,4.3587049842e-01,-4.3868303299e-01,-2.1661672592e+00,1.9077181396e+03
1051,4.3598246574e-01,-4.3846699595e-01,-3.1102013588e+00,1.9072578125e+03
1052,4.3571582437e-01,-4.3860054016e-01,-1.5077669621e+00,1.9067972412e+03
1053,4.3575060368e-01,-4.3844944239e-01,-3.3090181351e+00,1.9063371582e+03
1054,4.3575933576e-01,-4.3835738301e-01,-8.8976448774e-01,1.9058774414e+03
1055,4.3575114012e-01,-4.3825176358e-01,-3.6748352051e+00,1.9054174805e+03
1056,4.3550184369e-01,-4.3835905194e-01,-1.9524656534e+00,1.9049577637e+03
1057,4.3567574024e-01,-4.3811893463e-01,-2.2359333038e+00,1.9044987793e+03
1058,4.3540415168e-01,-4.3823352456e-01,-2.5481424332e+00,1.9040395508e+03
1059,4.3554595113e-01,-4.3800544739e-01,-1.6759403944e+00,1.9035804443e+03
1060,4.3543189764e-01,-4.3799203634e-01,-2.4919235706e+00,1.9031209717e+03
1061,4.3533971906e-01,-4.3796285987e-01,-2.8718590736e+00,1.9026621094e+03
1062,4.3526124954e-01,-4.3792095780e-01,-2.8718590736e+00,1.9022037354e+03
1063,4.3519225717e-01,-4.3787014484e-01,-2.8718590736e+00,1.9017456055e+03
1064,4.3513005972e-01,-4.3781280518e-01,-2.8718590736e+00,1.9012877197e+03
1065,4.3505305052e-01,-4.3781378865e-01,9.2816811800e-01,1.9008299561e+03
1066,4.3496447802e-01,-4.3775635958e-01,-4.9070692062e+00,1.9003724365e+03
1067,4.3490973115e-01,-4.3772816658e-01,5.4570358992e-01,1.8999143066e+03
1068,4.3509539962e-01,-4.3746390939e-01,-3.2800438404e+00,1.8994569092e+03
1069,4.3472021818e-01,-4.3765988946e-01,-2.4916598797e+00,1.8989993896e+03
1070,4.3484875560e-01,-4.3750470877e-01,-1.9380618334e+00,1.8985418701e+03
1071,4.3472045660e-01,-4.3745145202e-01,-1.7047324181e+00,1.8980852051e+03
1072,4.3478837609e-01,-4.3732401729e-01,-2.9073033333e+00,1.8976281738e+03
1073,4.3445566297e-01,-4.3746843934e-01,-1.3970581293e+00,1.8971715088e+03
1074,4.3441930413e-01,-4.3738263845e-01,-3.0718152523e+00,1.8967148438e+03
1075,4.3442839384e-01,-4.3727254868e-01,-2.1106212139e+00,1.8962581787e+03
1076,4.3448629975e-01,-4.3712282181e-01,-1.8251662254e+00,1.8958015137e+03
1077,4.3444046378e-01,-4.3706387281e-01,-2.3922111988e+00,1.8953455811e+03
1078,4.3442580104e-01,-4.3699756265e-01,-5.4372066259e-01,1.8948898926e+03
1079,4.3421033025e-01,-4.3708291650e-01,-2.4908373356e+00,1.8944339600e+03
1080,4.3437153101e-01,-4.3686872721e-01,-2.0618021488e+00,1.8939785156e+03
1081,4.3403095007e-01,-4.3700122833e-01,-3.9557032585e+00,1.8935225830e+03
1082,4.3410223722e-01,-4.3683061004e-01,-5.9132111073e-01,1.8930673828e+03
1083,4.3411052227e-01,-4.3675637245e-01,-2.2332108021e+00,1.8926121826e+03
1084,4.3394815922e-01,-4.3674448133e-01,-3.3458518982e+00,1.8921579590e+03
1085,4.3385416269e-01,-4.3673750758e-01,-9.3345850706e-01,1.8917022705e+03
1086,4.3406066298e-01,-4.3648618460e-01,-2.1175601482e+00,1.8912479248e+03
1087,4.3364906311e-01,-4.3666148186e-01,-2.3708336353e+00,1.8907928467e+03
1088,4.3388336897e-01,-4.3645486236e-01,-1.4460240602e+00,1.8903388672e+03
1089,4.3366459012e-01,-4.3643912673e-01,-2.0233476162e+00,1.8898845215e+03
1090,4.3363893032e-01,-4.3642264605e-01,-3.6251444817e+00,1.8894304199e+03
1091,4.3359094858e-01,-4.3634602427e-01,1.2583700418e+00,1.8889768066e+03
1092,4.3359231949e-01,-4.3624329567e-01,-5.4132876396e+00,1.8885231934e+03
1093,4.3356409669e-01,-4.3618962169e-01,5.6617945433e-02,1.8880693359e+03
1094,4.3355843425e-01,-4.3608015776e-01,-2.4279823303e+00,1.8876158447e+03
1095,4.3340373039e-01,-4.3608725071e-01,-3.2831294537e+00,1.8871630859e+03
1096,4.3318110704e-01,-4.3613606691e-01,-1.3379853964e+00,1.8867102051e+03
1097,4.3335679173e-01,-4.3592342734e-01,-1.4175261259e+00,1.8862567139e+03
1098,4.3325266242e-01,-4.3588310480e-01,-1.5982325077e+00,1.8858041992e+03
1099,4.3302905560e-01,-4.3593826890e-01,-3.8142168522e+00,1.8853522949e+03
1100,4.3319627643e-01,-4.3576681614e-01,2.2625944614e+00,1.8848994141e+03
1101,4.3293112516e-01,-4.3586155772e-01,-4.9080100060e+00,1.8844473877e+03
1102,4.3298736215e-01,-4.3572971225e-01,-5.8404856920e-01,1.8839951172e+03
1103,4.3295061588e-01,-4.3562680483e-01,-2.9426298141e+00,1.8835434570e+03
1104,4.3275594711e-01,-4.3568789959e-01,-2.3645288944e+00,1.8830911865e+03
1105,4.3285462260e-01,-4.3554770947e-01,-4.2292069644e-02,1.8826402588e+03
1106,4.3272444606e-01,-4.3549656868e-01,-3.2112102509e+00,1.8821884766e+03
1107,4.3264588714e-01,-4.3550541997e-01,-1.7779371738e+00,1.8817370605e+03
1108,4.3266513944e-01,-4.3537104130e-01,-3.4247404337e-01,1.8812852783e+03
1109,4.3263798952e-01,-4.3530079722e-01,-4.4339952469e+00,1.8808355713e+03
1110,4.3257939816e-01,-4.3526333570e-01,1.6909952164e+00,1.8803841553e+03
1111,4.3237075210e-01,-4.3528515100e-01,-5.3553342819e+00,1.8799334717e+03
1112,4.3247383833e-01,-4.3514022231e-01,9.6913576126e-01,1.8794832764e+03
1113,4.3233314157e-01,-4.3513250351e-01,-3.7475969791e+00,1.8790327148e+03
1114,4.3222182989e-01,-4.3508777022e-01,-1.2786533833e+00,1.8785827637e+03
1115,4.3225806952e-01,-4.3504133821e-01,-9.2347073555e-01,1.8781329346e+03
1116,4.3215656281e-01,-4.3490251899e-01,-2.8037288189e+00,1.8776829834e+03
1117,4.3207675219e-01,-4.3498709798e-01,-1.4761110544e+00,1.8772336426e+03
1118,4.3211033940e-01,-4.3477797508e-01,-7.1193003654e-01,1.8767838135e+03
1119,4.3190839887e-01,-4.3484002352e-01,-2.4442026615e+00,1.8763343506e+03
1120,4.3197986484e-01,-4.3474909663e-01,-8.4789496660e-01,1.8758850098e+03
1121,4.3194729090e-01,-4.3466264009e-01,-2.8759696484e+00,1.8754366455e+03
1122,4.3176266551e-01,-4.3465346098e-01,-1.6754412651e+00,1.8749874268e+03
1123,4.3180301785e-01,-4.3458652496e-01,-1.8992501497e+00,1.8745389404e+03
1124,4.3173331022e-01,-4.3451383710e-01,-9.5575243235e-01,1.8740903320e+03
1125,4.3160456419e-01,-4.3440994620e-01,-2.0915532112e+00,1.8736417236e+03
1126,4.3171235919e-01,-4.3438333273e-01,-1.4024755955e+00,1.8731939697e+03
1127,4.3161532283e-01,-4.3432125449e-01,-1.5497268438e+00,1.8727459717e+03
1128,4.3143212795e-01,-4.3427667022e-01,-1.9506688118e+00,1.8722982178e+03
1129,4.3146502972e-01,-4.3427383900e-01,-1.3534228802e+00,1.8718503418e+03
1130,4.3141022325e-01,-4.3417721987e-01,-2.2165427208e+00,1.8714023438e+03
1131,4.3130841851e-01,-4.3412977457e-01,-1.0262659788e+00,1.8709553223e+03
1132,4.3133628368e-01,-4.3408563733e-01,-1.9989461899e+00,1.8705084229e+03
1133,4.3111330271e-01,-4.3404212594e-01,-1.0289093256e+00,1.8700609131e+03
1134,4.3127664924e-01,-4.3394386768e-01,-3.0632002354e+00,1.8696142578e+03
1135,4.3121671677e-01,-4.3384084105e-01,-2.8746491671e-01,1.8691673584e+03
1136,4.3113175035e-01,-4.3375447392e-01,-1.7204604149e+00,1.8687208252e+03
1137,4.3104690313e-01,-4.3367025256e-01,-1.7204604149e+00,1.8682744141e+03
1138,4.3096315861e-01,-4.3358671665e-01,-1.7204604149e+00,1.8678275146e+03
1139,4.3088579178e-01,-4.3373697996e-01,-1.1249728203e+00,1.8673817139e+03
1140,4.3084937334e-01,-4.3359160423e-01,-1.4709680080e+00,1.8669357910e+03
1141,4.3070343137e-01,-4.3366396427e-01,-1.6301277876e+00,1.8664903564e+03
1142,4.3072238564e-01,-4.3351352215e-01,-1.4576208591e+00,1.8660441895e+03
1143,4.3063524365e-01,-4.3350610137e-01,-1.4241116047e+00,1.8655988770e+03
1144,4.3063703179e-01,-4.3341735005e-01,-1.2853994370e+00,1.8651533203e+03
1145,4.3049809337e-01,-4.3337818980e-01,-1.7434860468e+00,1.8647081299e+03
1146,4.3055260181e-01,-4.3331590295e-01,-8.4604012966e-01,1.8642630615e+03
1147,4.3039894104e-01,-4.3325367570e-01,-2.3967819214e+00,1.8638179932e+03
1148,4.3040776253e-01,-4.3314853311e-01,-6.4932930470e-01,1.8633731689e+03
1149,4.3036121130e-01,-4.3312630057e-01,-1.6122058630e+00,1.8629287109e+03
1150,4.3025785685e-01,-4.3312504888e-01,-1.8179241419e+00,1.8624849854e+03
1151,4.3026500940e-01,-4.3301159143e-01,-1.1081478596e+00,1.8620404053e+03
1152,4.3017366529e-01,-4.3301522732e-01,-1.5145449638e+00,1.8615959473e+03
1153,4.3010377884e-01,-4.3290567398e-01,-1.4702347517e+00,1.8611523438e+03
1154,4.3008571863e-01,-4.3289557099e-01,-1.9409778118e+00,1.8607082520e+03
1155,4.2993587255e-01,-4.3282294273e-01,-5.5753238499e-02,1.8602651367e+03
1156,4.2982792854e-01,-4.3283864856e-01,-3.0245122910e+00,1.8598212891e+03
1157,4.2979943752e-01,-4.3279010057e-01,-2.8903159499e-01,1.8593781738e+03
1158,4.2989620566e-01,-4.3262007833e-01,-1.5451873541e+00,1.8589351807e+03
1159,4.2968761921e-01,-4.3261763453e-01,-1.4672037363e+00,1.8584924316e+03
1160,4.2981037498e-01,-4.3252968788e-01,-1.4345991611e+00,1.8580493164e+03
1161,4.2959725857e-01,-4.3249779940e-01,-8.9262163639e-01,1.8576065674e+03
1162,4.2967966199e-01,-4.3241506815e-01,-2.1246359348e+00,1.8571646729e+03
1163,4.2951583862e-01,-4.3239688873e-01,-1.0652008653e-01,1.8567213135e+03
1164,4.2947256565e-01,-4.3232640624e-01,-1.7236452103e+00,1.8562796631e+03
1165,4.2941981554e-01,-4.3227824569e-01,-1.6507850885e+00,1.8558375244e+03
1166,4.2936965823e-01,-4.3224865198e-01,-9.6315127611e-01,1.8553953857e+03
1167,4.2931666970e-01,-4.3220102787e-01,-9.1148757935e-01,1.8549539795e+03
1168,4.2931357026e-01,-4.3206965923e-01,-1.8479883671e+00,1.8545123291e+03
1169,4.2922258377e-01,-4.3210217357e-01,-1.1661648750e+00,1.8540710449e+03
1170,4.2917254567e-01,-4.3195781112e-01,-1.5598043203e+00,1.8536302490e+03
1171,4.2914167047e-01,-4.3197676539e-01,-1.2478806973e+00,1.8531888428e+03
1172,4.2906302214e-01,-4.3185707927e-01,-5.9340834618e-01,1.8527481689e+03
1173,4.2895853519e-01,-4.3189284205e-01,-2.2043166161e+00,1.8523070068e+03
1174,4.2897868156e-01,-4.3172761798e-01,-9.8950296640e-01,1.8518663330e+03
1175,4.2892444134e-01,-4.3173453212e-01,-4.4948193431e-01,1.8514262695e+03
1176,4.2882171273e-01,-4.3163126707e-01,-2.3703536987e+00,1.8509859619e+03
1177,4.2878746986e-01,-4.3167966604e-01,-2.3374987766e-02,1.8505451660e+03
1178,4.2876160145e-01,-4.3146696687e-01,-2.1821281910e+00,1.8501054688e+03
1179,4.2864227295e-01,-4.3161916733e-01,-2.8544852138e-01,1.8496656494e+03
1180,4.2863342166e-01,-4.3138217926e-01,-2.0149805546e+00,1.8492258301e+03
1181,4.2852061987e-01,-4.3148267269e-01,-1.7495164275e-01,1.8487862549e+03
1182,4.2857038975e-01,-4.3124082685e-01,-2.2653822899e+00,1.8483469238e+03
1183,4.2839744687e-01,-4.3139341474e-01,-1.2995091081e-01,1.8479080811e+03
1184,4.2848601937e-01,-4.3110001087e-01,-1.3211646080e+00,1.8474692383e+03
1185,4.2831814289e-01,-4.3127846718e-01,-1.4149335623e+00,1.8470297852e+03
1186,4.2835342884e-01,-4.3096584082e-01,-9.9683642387e-01,1.8465915527e+03
1187,4.2826497555e-01,-4.3102565408e-01,-6.6377127171e-01,1.8461524658e+03
1188,4.2822337151e-01,-4.3093210459e-01,-1.7201080322e+00,1.8457138672e+03
1189,4.2815598845e-01,-4.3084454536e-01,-1.8773634434e+00,1.8452757568e+03
1190,4.2803826928e-01,-4.3101117015e-01,3.0335193872e-01,1.8448376465e+03
1191,4.2807179689e-01,-4.3068414927e-01,-1.6819686890e+00,1.8443997803e+03
1192,4.2797732353e-01,-4.3089073896e-01,-8.5349357128e-01,1.8439620361e+03
1193,4.2795631289e-01,-4.3059283495e-01,-1.3066655397e-01,1.8435241699e+03
1194,4.2784693837e-01,-4.3082860112e-01,-2.6112396717e+00,1.8430869141e+03
1195,4.2787069082e-01,-4.3045380712e-01,2.9185792804e-01,1.8426495361e+03
1196,4.2779022455e-01,-4.3049138784e-01,-8.9023411274e-01,1.8422119141e+03
1197,4.2771500349e-01,-4.3046224117e-01,-1.5986634493e+00,1.8417750244e+03
1198,4.2764985561e-01,-4.3042522669e-01,-1.5986634493e+00,1.8413382568e+03
1199,4.2759072781e-01,-4.3038305640e-01,-1.5986634493e+00,1.8409018555e+03
1200,4.2756149173e-01,-4.3029004335e-01,-1.3000535965e+00,1.8404650879e+03
1201,4.2749622464e-01,-4.3032360077e-01,1.0609235764e+00,1.8400288086e+03
1202,4.2741781473e-01,-4.3017479777e-01,-1.8719145060e+00,1.8395928955e+03
1203,4.2740443349e-01,-4.3026447296e-01,-6.2622863054e-01,1.8391566162e+03
1204,4.2730668187e-01,-4.3003842235e-01,-2.8471609950e-01,1.8387208252e+03
1205,4.2731207609e-01,-4.3018424511e-01,-1.9845166206e+00,1.8382849121e+03
1206,4.2726078629e-01,-4.2987510562e-01,-3.2227963209e-01,1.8378494873e+03
1207,4.2716237903e-01,-4.3009707332e-01,-5.1832312346e-01,1.8374134521e+03
1208,4.2714613676e-01,-4.2980083823e-01,-2.0738956928e+00,1.8369777832e+03
1209,4.2704114318e-01,-4.2999792099e-01,6.6057521105e-01,1.8365428467e+03
1210,4.2697575688e-01,-4.2990195751e-01,-2.0278096199e+00,1.8361081543e+03
1211,4.2693233490e-01,-4.2980292439e-01,-7.9211449623e-01,1.8356733398e+03
1212,4.2688888311e-01,-4.2979824543e-01,-3.5737925768e-01,1.8352381592e+03
1213,4.2685654759e-01,-4.2968773842e-01,-1.2035987377e+00,1.8348035889e+03
1214,4.2681863904e-01,-4.2946156859e-01,-1.7373939753e+00,1.8343692627e+03
1215,4.2680397630e-01,-4.2951479554e-01,-3.4409886599e-01,1.8339348145e+03
1216,4.2664965987e-01,-4.2946287990e-01,-6.2395083904e-01,1.8335013428e+03
1217,4.2667928338e-01,-4.2941990495e-01,-1.4925565720e+00,1.8330670166e+03
1218,4.2657047510e-01,-4.2934748530e-01,2.6425498724e-01,1.8326329346e+03
1219,4.2654103041e-01,-4.2935985327e-01,-1.7004303932e+00,1.8321994629e+03
1220,4.2648211122e-01,-4.2921748757e-01,-3.7880912423e-01,1.8317658691e+03
1221,4.2643344402e-01,-4.2922911048e-01,-6.0101217031e-01,1.8313325195e+03
1222,4.2636418343e-01,-4.2911529541e-01,-1.4394068718e+00,1.8308991699e+03
1223,4.2634737492e-01,-4.2911857367e-01,1.8190878630e-01,1.8304664307e+03
1224,4.2625480890e-01,-4.2899590731e-01,-1.8056318760e+00,1.8300336914e+03
1225,4.2624431849e-01,-4.2904093862e-01,3.0618777871e-01,1.8296007080e+03
1226,4.2614805698e-01,-4.2884325981e-01,-1.7605613470e+00,1.8291684570e+03
1227,4.2617020011e-01,-4.2869985104e-01,1.6077032685e-01,1.8287358398e+03
1228,4.2610794306e-01,-4.2864143848e-01,-1.6678720713e+00,1.8283034668e+03
1229,4.2602851987e-01,-4.2871257663e-01,-6.6303139925e-01,1.8278713379e+03
1230,4.2600548267e-01,-4.2861288786e-01,5.4164975882e-01,1.8274393311e+03
1231,4.2590084672e-01,-4.2852395773e-01,-1.0798075199e+00,1.8270078125e+03
1232,4.2584756017e-01,-4.2872318625e-01,-1.4202947617e+00,1.8265758057e+03
1233,4.2577806115e-01,-4.2846074700e-01,-2.0643617213e-01,1.8261444092e+03
1234,4.2576217651e-01,-4.2851611972e-01,-6.7821997404e-01,1.8257128906e+03
1235,4.2570635676e-01,-4.2834201455e-01,-5.9922826290e-01,1.8252814941e+03
1236,4.2562472820e-01,-4.2849639058e-01,-1.2437725067e+00,1.8248507080e+03
1237,4.2562004924e-01,-4.2819827795e-01,2.1918299794e-01,1.8244199219e+03
1238,4.2551270127e-01,-4.2837971449e-01,-1.5810335875e+00,1.8239886475e+03
1239,4.2551118135e-01,-4.2810973525e-01,1.9158374052e-03,1.8235585938e+03
1240,4.2541301250e-01,-4.2828923464e-01,-9.0435689688e-01,1.8231278076e+03
1241,4.2540934682e-01,-4.2797589302e-01,-4.3945336342e-01,1.8226977539e+03
1242,4.2529636621e-01,-4.2819055915e-01,-9.2140728235e-01,1.8222678223e+03
1243,4.2531025410e-01,-4.2785197496e-01,-5.8791118860e-01,1.8218372803e+03
1244,4.2525637150e-01,-4.2789348960e-01,2.5680649281e-01,1.8214073486e+03
1245,4.2520791292e-01,-4.2779999971e-01,-1.4912027121e+00,1.8209774170e+03
1246,4.2508786917e-01,-4.2789876461e-01,-6.6271620989e-01,1.8205483398e+03
1247,4.2509192228e-01,-4.2769631743e-01,8.2438841462e-02,1.8201188965e+03
1248,4.2500600219e-01,-4.2776170373e-01,-1.3171406984e+00,1.8196893311e+03
1249,4.2497032881e-01,-4.2769798636e-01,-8.4922790527e-02,1.8192602539e+03
1250,4.2491653562e-01,-4.2756587267e-01,-2.3525901139e-01,1.8188314209e+03
1251,4.2486104369e-01,-4.2764151096e-01,-1.4406375885e+00,1.8184028320e+03
1252,4.2483684421e-01,-4.2735087872e-01,2.2913523018e-01,1.8179738770e+03
1253,4.2471066117e-01,-4.2759135365e-01,-9.2366200686e-01,1.8175457764e+03
1254,4.2474818230e-01,-4.2727121711e-01,-4.0143918991e-01,1.8171171875e+03
1255,4.2464715242e-01,-4.2745280266e-01,-5.2154242992e-01,1.8166890869e+03
1256,4.2458555102e-01,-4.2715668678e-01,-4.9459439516e-01,1.8162608643e+03
1257,4.2456007004e-01,-4.2738369107e-01,-5.4289168119e-01,1.8158330078e+03
1258,4.2450466752e-01,-4.2700642347e-01,-4.6024888754e-01,1.8154053955e+03
1259,4.2443484068e-01,-4.2730420828e-01,-2.4838085473e-01,1.8149776611e+03
1260,4.2437303066e-01,-4.2713779211e-01,-1.2570204735e+00,1.8145502930e+03
1261,4.2431259155e-01,-4.2710596323e-01,-2.8750145808e-02,1.8141230469e+03
1262,4.2425659299e-01,-4.2707127333e-01,-2.8750145808e-02,1.8136954346e+03
1263,4.2420396209e-01,-4.2703393102e-01,-2.8750145808e-02,1.8132686768e+03
1264,4.2422398925e-01,-4.2674508691e-01,-1.5381915569e+00,1.8128417969e+03
1265,4.2414203286e-01,-4.2694404721e-01,-2.0078882575e-01,1.8124151611e+03
1266,4.2407631874e-01,-4.2663034797e-01,-5.9567970037e-01,1.8119888916e+03
1267,4.2405381799e-01,-4.2681652308e-01,-8.0718028545e-01,1.8115625000e+03
1268,4.2396712303e-01,-4.2645594478e-01,1.8386676908e-01,1.8111359863e+03
1269,4.2393553257e-01,-4.2674899101e-01,-6.7826783657e-01,1.8107097168e+03
1270,4.2385721207e-01,-4.2659449577e-01,-8.3560550213e-01,1.8102839355e+03
1271,4.2380911112e-01,-4.2652899027e-01,-4.9133617431e-02,1.8098580322e+03
1272,4.2375969887e-01,-4.2646384239e-01,-4.9133617431e-02,1.8094324951e+03
1273,4.2370989919e-01,-4.2639896274e-01,-4.9133617431e-02,1.8090072021e+03
1274,4.2366045713e-01,-4.2633420229e-01,-4.9133617431e-02,1.8085815430e+03
1275,4.2361181974e-01,-4.2626926303e-01,-4.9133617431e-02,1.8081571045e+03
1276,4.2356431484e-01,-4.2620402575e-01,-4.9133617431e-02,1.8077316895e+03
1277,4.2354467511e-01,-4.2607763410e-01,-2.4696695805e+00,1.8073073730e+03
1278,4.2347016931e-01,-4.2620718479e-01,4.6859782934e-01,1.8068834229e+03
1279,4.2344829440e-01,-4.2590627074e-01,-8.0636841059e-01,1.8064587402e+03
1280,4.2331701517e-01,-4.2618209124e-01,-3.3942437172e-01,1.8060336914e+03
1281,4.2332747579e-01,-4.2597720027e-01,-8.5711491108e-01,1.8056097412e+03
1282,4.2323747277e-01,-4.2595106363e-01,-2.1792156994e-01,1.8051853027e+03
1283,4.2320877314e-01,-4.2587205768e-01,1.0869443417e-01,1.8047613525e+03
1284,4.2317625880e-01,-4.2575633526e-01,-3.5337030888e-01,1.8043375244e+03
1285,4.2310789227e-01,-4.2569470406e-01,-5.2813869715e-01,1.8039140625e+03
1286,4.2311832309e-01,-4.2579907179e-01,-4.7633907199e-01,1.8034908447e+03
1287,4.2299976945e-01,-4.2553234100e-01,1.9849832356e-01,1.8030675049e+03
1288,4.2296853662e-01,-4.2565646768e-01,-8.3082157373e-01,1.8026442871e+03
1289,4.2288279533e-01,-4.2553123832e-01,-5.0419282913e-01,1.8022210693e+03
1290,4.2282116413e-01,-4.2548659444e-01,3.5972923040e-01,1.8017977295e+03
1291,4.2281550169e-01,-4.2538565397e-01,5.7506579161e-01,1.8013748779e+03
1292,4.2275515199e-01,-4.2532789707e-01,-1.2971193790e+00,1.8009523926e+03
1293,4.2276680470e-01,-4.2534419894e-01,8.1969432533e-02,1.8005297852e+03
1294,4.2263385653e-01,-4.2515560985e-01,-2.9833483696e-01,1.8001074219e+03
1295,4.2263385653e-01,-4.2522442341e-01,-5.7402491570e-01,1.7996850586e+03
1296,4.2256867886e-01,-4.2495650053e-01,6.0420876741e-01,1.7992626953e+03
1297,4.2250224948e-01,-4.2508879304e-01,-1.1723873019e-01,1.7988409424e+03
1298,4.2247334123e-01,-4.2488154769e-01,-6.2833940983e-01,1.7984190674e+03
1299,4.2240169644e-01,-4.2502254248e-01,-3.7447527051e-01,1.7979975586e+03
1300,4.2236176133e-01,-4.2478176951e-01,-2.2708818316e-02,1.7975759277e+03
1301,4.2232501507e-01,-4.2491695285e-01,-3.4388470650e-01,1.7971545410e+03
1302,4.2223933339e-01,-4.2467245460e-01,1.2189906090e-01,1.7967333984e+03
1303,4.2221748829e-01,-4.2483213544e-01,-5.2085542679e-01,1.7963125000e+03
1304,4.2214998603e-01,-4.2465981841e-01,-4.1700166464e-01,1.7958911133e+03
1305,4.2209762335e-01,-4.2467126250e-01,4.5033657551e-01,1.7954707031e+03
1306,4.2207726836e-01,-4.2467376590e-01,6.2601459026e-01,1.7950500488e+03
1307,4.2201697826e-01,-4.2438203096e-01,-1.4937978983e+00,1.7946291504e+03
1308,4.2196959257e-01,-4.2454585433e-01,9.1655313969e-01,1.7942092285e+03
1309,4.2189505696e-01,-4.2427545786e-01,-9.9589616060e-01,1.7937889404e+03
1310,4.2187431455e-01,-4.2450332642e-01,3.8301646709e-01,1.7933690186e+03
1311,4.2181050777e-01,-4.2435666919e-01,-6.9133692980e-01,1.7929489746e+03
1312,4.2175191641e-01,-4.2425867915e-01,-9.2796638608e-02,1.7925290527e+03
1313,4.2169457674e-01,-4.2416012287e-01,-9.2796638608e-02,1.7921094971e+03
1314,4.2165741324e-01,-4.2410498857e-01,1.0968250781e-01,1.7916900635e+03
1315,4.2160072923e-01,-4.2410331964e-01,7.8601419926e-02,1.7912708740e+03
1316,4.2157179117e-01,-4.2393726110e-01,1.1577228457e-01,1.7908520508e+03
1317,4.2150843143e-01,-4.2408564687e-01,-1.1693220139e+00,1.7904327393e+03
1318,4.2145940661e-01,-4.2384427786e-01,1.6862747669e+00,1.7900145264e+03
1319,4.2141360044e-01,-4.2390936613e-01,-1.6255339384e+00,1.7895954590e+03
1320,4.2135322094e-01,-4.2370533943e-01,6.9783610106e-01,1.7891771240e+03
1321,4.2132362723e-01,-4.2382135987e-01,2.5074038655e-02,1.7887583008e+03
1322,4.2125004530e-01,-4.2357912660e-01,-1.7016232014e-01,1.7883400879e+03
1323,4.2120909691e-01,-4.2369145155e-01,-1.5425425768e-01,1.7879219971e+03
1324,4.2118877172e-01,-4.2353540659e-01,5.8072131872e-01,1.7875041504e+03
1325,4.2110371590e-01,-4.2353037000e-01,-8.7461411953e-01,1.7870864258e+03
1326,4.2111301422e-01,-4.2345601320e-01,1.0825088024e+00,1.7866684570e+03
1327,4.2101472616e-01,-4.2338356376e-01,-1.2796294689e-01,1.7862506104e+03
1328,4.2097675800e-01,-4.2329663038e-01,-5.2666097879e-01,1.7858331299e+03
1329,4.2090499401e-01,-4.2334732413e-01,3.2784551382e-01,1.7854161377e+03
1330,4.2089745402e-01,-4.2317491770e-01,3.6657032371e-01,1.7849990234e+03
1331,4.2083594203e-01,-4.2323562503e-01,-7.0591038465e-01,1.7845819092e+03
1332,4.2080885172e-01,-4.2310100794e-01,5.9957581758e-01,1.7841650391e+03
1333,4.2071968317e-01,-4.2311111093e-01,-2.6158097386e-01,1.7837480469e+03
1334,4.2070093751e-01,-4.2297101021e-01,4.4375813007e-01,1.7833321533e+03
1335,4.2064887285e-01,-4.2297127843e-01,2.6139959693e-01,1.7829152832e+03
1336,4.2061138153e-01,-4.2286208272e-01,-1.8402095139e-01,1.7824992676e+03
1337,4.2053481936e-01,-4.2288285494e-01,-2.4145764112e-01,1.7820827637e+03
1338,4.2048093677e-01,-4.2285811901e-01,4.2659500241e-01,1.7816668701e+03
1339,4.2045167089e-01,-4.2271104455e-01,-1.3022837043e-01,1.7812513428e+03
1340,4.2038050294e-01,-4.2272096872e-01,-3.3715918660e-02,1.7808355713e+03
1341,4.2037114501e-01,-4.2266258597e-01,4.0445607901e-01,1.7804200439e+03
1342,4.2028561234e-01,-4.2265594006e-01,1.0335939378e-01,1.7800046387e+03
1343,4.2026528716e-01,-4.2253461480e-01,4.5992714167e-01,1.7795894775e+03
1344,4.2020800710e-01,-4.2247137427e-01,-7.3607498407e-01,1.7791741943e+03
1345,4.2016863823e-01,-4.2247003317e-01,9.9334424734e-01,1.7787590332e+03
1346,4.2009833455e-01,-4.2234781384e-01,-9.0373301506e-01,1.7783447266e+03
1347,4.2006266117e-01,-4.2236304283e-01,1.2849706411e+00,1.7779298096e+03
1348,4.2001447082e-01,-4.2222189903e-01,-9.0805113316e-01,1.7775153809e+03
1349,4.1995224357e-01,-4.2221456766e-01,6.3392031193e-01,1.7771007080e+03
1350,4.1994407773e-01,-4.2224463820e-01,6.1697626114e-01,1.7766866455e+03
1351,4.1984632611e-01,-4.2200955749e-01,-7.3353236914e-01,1.7762724609e+03
1352,4.1983914375e-01,-4.2215475440e-01,1.2342668772e+00,1.7758583984e+03
1353,4.1977998614e-01,-4.2204397917e-01,-7.3394882679e-01,1.7754444580e+03
1354,4.1969886422e-01,-4.2196094990e-01,5.1380628347e-01,1.7750308838e+03
1355,4.1970679164e-01,-4.2188504338e-01,3.8190960884e-01,1.7746171875e+03
1356,4.1960355639e-01,-4.2184671760e-01,-1.3123962283e-01,1.7742041016e+03
1357,4.1955798864e-01,-4.2177522182e-01,2.4529311061e-01,1.7737911377e+03
1358,4.1954642534e-01,-4.2176374793e-01,2.2039249539e-01,1.7733779297e+03
1359,4.1946810484e-01,-4.2167225480e-01,1.4429092407e-01,1.7729649658e+03
1360,4.1945436597e-01,-4.2155963182e-01,3.7219905853e-01,1.7725515137e+03
1361,4.1937062144e-01,-4.2161881924e-01,1.4092740417e-01,1.7721391602e+03
1362,4.1935577989e-01,-4.2144942284e-01,4.4730597734e-01,1.7717265625e+03
1363,4.1925215721e-01,-4.2148411274e-01,-7.4182085693e-02,1.7713145752e+03
1364,4.1925278306e-01,-4.2136698961e-01,3.8958510756e-01,1.7709022217e+03
1365,4.1918399930e-01,-4.2136043310e-01,2.8068709373e-01,1.7704899902e+03
1366,4.1912072897e-01,-4.2134094238e-01,5.6705713272e-01,1.7700783691e+03
1367,4.1912785172e-01,-4.2123559117e-01,3.2808560133e-01,1.7696661377e+03
1368,4.1903513670e-01,-4.2114439607e-01,-6.5443634987e-01,1.7692547607e+03
1369,4.1899263859e-01,-4.2119196057e-01,7.7310174704e-01,1.7688430176e+03
1370,4.1895231605e-01,-4.2103990912e-01,6.5110027790e-01,1.7684316406e+03
1371,4.1896083951e-01,-4.2105486989e-01,-1.8173134327e-01,1.7680205078e+03
1372,4.1879498959e-01,-4.2095690966e-01,8.1225579977e-01,1.7676093750e+03
1373,4.1886854172e-01,-4.2092546821e-01,-5.9308603406e-02,1.7671984863e+03
1374,4.1876545548e-01,-4.2091298103e-01,3.2875773311e-01,1.7667877197e+03
1375,4.1876161098e-01,-4.2080742121e-01,5.8345174789e-01,1.7663767090e+03
1376,4.1864618659e-01,-4.2077648640e-01,2.8582555056e-01,1.7659664307e+03
1377,4.1853979230e-01,-4.2068737745e-01,4.7257905826e-03,1.7655559082e+03
1378,4.1860705614e-01,-4.2066028714e-01,6.2016713619e-01,1.7651458740e+03
1379,4.1852977872e-01,-4.2058813572e-01,1.2333083153e-01,1.7647359619e+03
1380,4.1847011447e-01,-4.2049595714e-01,5.6537163258e-01,1.7643255615e+03
1381,4.1842278838e-01,-4.2056167126e-01,-1.0470268130e-01,1.7639161377e+03
1382,4.1844347119e-01,-4.2036888003e-01,1.0763711929e+00,1.7635064697e+03
1383,4.1836595535e-01,-4.2037090659e-01,-5.2811186761e-03,1.7630966797e+03
1384,4.1825851798e-01,-4.2026966810e-01,5.8633315563e-01,1.7626872559e+03
1385,4.1825219989e-01,-4.2024490237e-01,-2.1249065176e-02,1.7622779541e+03
1386,4.1819927096e-01,-4.2017281055e-01,8.3175468445e-01,1.7618687744e+03
1387,4.1813692451e-01,-4.2012223601e-01,-1.2395381182e-01,1.7614597168e+03
1388,4.1811835766e-01,-4.2020592093e-01,7.8700697422e-01,1.7610510254e+03
1389,4.1809257865e-01,-4.2012420297e-01,7.8320302069e-02,1.7606420898e+03
1390,4.1799002886e-01,-4.2004725337e-01,1.6300168633e-01,1.7602336426e+03
1391,4.1789925098e-01,-4.1997003555e-01,1.6300168633e-01,1.7598255615e+03
1392,4.1789138317e-01,-4.1993895173e-01,9.0318220854e-01,1.7594172363e+03
1393,4.1786885262e-01,-4.1986846924e-01,6.1543780565e-01,1.7590087891e+03
1394,4.1787642241e-01,-4.1981035471e-01,6.7139685154e-01,1.7586013184e+03
1395,4.1778677702e-01,-4.1976204515e-01,2.8569957614e-01,1.7581933594e+03
1396,4.1770818830e-01,-4.1965347528e-01,3.3468860388e-01,1.7577860107e+03
1397,4.1763815284e-01,-4.1962233186e-01,7.8819565475e-02,1.7573781738e+03
1398,4.1765016317e-01,-4.1958436370e-01,7.1009033918e-01,1.7569709473e+03
1399,4.1756147146e-01,-4.1953837872e-01,2.1395315230e-01,1.7565634766e+03
1400,4.1756692529e-01,-4.1948562860e-01,4.8194772005e-01,1.7561561279e+03
1401,4.1742992401e-01,-4.1939538717e-01,4.0039446950e-01,1.7557495117e+03
1402,4.1740888357e-01,-4.1935205460e-01,5.4521763325e-01,1.7553425293e+03
1403,4.1740134358e-01,-4.1929522157e-01,5.9900271893e-01,1.7549356689e+03
1404,4.1734653711e-01,-4.1921249032e-01,2.9962199926e-01,1.7545290527e+03
1405,4.1732704639e-01,-4.1926440597e-01,6.0458451509e-01,1.7541226807e+03
1406,4.1715928912e-01,-4.1910418868e-01,2.4782370031e-01,1.7537163086e+03
1407,4.1717454791e-01,-4.1910138726e-01,7.8259831667e-01,1.7533100586e+03
1408,4.1714435816e-01,-4.1904976964e-01,4.3926313519e-01,1.7529038086e+03
1409,4.1707491875e-01,-4.1896837950e-01,2.1711312234e-01,1.7524980469e+03
1410,4.1708090901e-01,-4.1896834970e-01,1.0118722916e+00,1.7520930176e+03
1411,4.1700083017e-01,-4.1885980964e-01,2.7173537016e-01,1.7516870117e+03
1412,4.1695538163e-01,-4.1883435845e-01,5.5086165667e-01,1.7512814941e+03
1413,4.1697528958e-01,-4.1880384088e-01,6.5056806803e-01,1.7508760986e+03
1414,4.1680482030e-01,-4.1869142652e-01,4.1661942005e-01,1.7504707031e+03
1415,4.1689524055e-01,-4.1868445277e-01,4.5918840170e-01,1.7500659180e+03
1416,4.1676184535e-01,-4.1861778498e-01,6.4024001360e-01,1.7496610107e+03
1417,4.1675457358e-01,-4.1854417324e-01,4.0632545948e-01,1.7492558594e+03
1418,4.1668477654e-01,-4.1853719950e-01,5.4681968689e-01,1.7488515625e+03
1419,4.1663932800e-01,-4.1842123866e-01,4.2145764828e-01,1.7484470215e+03
1420,4.1663002968e-01,-4.1842925549e-01,8.5219424963e-01,1.7480422363e+03
1421,4.1655400395e-01,-4.1832295060e-01,1.7285491526e-01,1.7476385498e+03
1422,4.1649848223e-01,-4.1832113266e-01,1.0073283911e+00,1.7472344971e+03
1423,4.1651681066e-01,-4.1824397445e-01,3.8896250725e-01,1.7468305664e+03
1424,4.1637286544e-01,-4.1817727685e-01,3.3688509464e-01,1.7464268799e+03
1425,4.1640019417e-01,-4.1816151142e-01,1.0147887468e+00,1.7460230713e+03
1426,4.1629543900e-01,-4.1805663705e-01,2.4083217978e-01,1.7456195068e+03
1427,4.1630259156e-01,-4.1805422306e-01,8.6867523193e-01,1.7452160645e+03
1428,4.1618224978e-01,-4.1795483232e-01,3.5599482059e-01,1.7448128662e+03
1429,4.1612526774e-01,-4.1790026426e-01,6.0685402155e-01,1.7444100342e+03
1430,4.1613906622e-01,-4.1786319017e-01,8.3239179850e-01,1.7440069580e+03
1431,4.1611307859e-01,-4.1780775785e-01,4.7316601872e-01,1.7436042480e+03
1432,4.1605290771e-01,-4.1781646013e-01,6.4516890049e-01,1.7432012939e+03
1433,4.1598707438e-01,-4.1764220595e-01,7.0197314024e-01,1.7427987061e+03
1434,4.1599205136e-01,-4.1768389940e-01,8.0813550949e-01,1.7423967285e+03
1435,4.1590991616e-01,-4.1758793592e-01,2.4399764836e-01,1.7419943848e+03
1436,4.1582658887e-01,-4.1755679250e-01,5.0572556257e-01,1.7415924072e+03
1437,4.1581091285e-01,-4.1751214862e-01,8.4510815144e-01,1.7411904297e+03
1438,4.1571140289e-01,-4.1738453507e-01,4.0785437822e-01,1.7407880859e+03
1439,4.1573458910e-01,-4.1741821170e-01,1.1049349308e+00,1.7403865967e+03
1440,4.1569292545e-01,-4.1732332110e-01,2.4676935375e-01,1.7399852295e+03
1441,4.1557615995e-01,-4.1727530956e-01,4.3607711792e-01,1.7395836182e+03
1442,4.1560226679e-01,-4.1722747684e-01,1.2531123161e+00,1.7391823730e+03
1443,4.1552004218e-01,-4.1715669632e-01,3.1199592352e-01,1.7387807617e+03
1444,4.1548213363e-01,-4.1713520885e-01,8.4610962868e-01,1.7383797607e+03
1445,4.1547903419e-01,-4.1707462072e-01,8.1704252958e-01,1.7379792480e+03
1446,4.1543900967e-01,-4.1704931855e-01,4.3073725700e-01,1.7375782471e+03
1447,4.1537883878e-01,-4.1700038314e-01,8.1364375353e-01,1.7371777344e+03
1448,4.1532245278e-01,-4.1691306233e-01,5.7367545366e-01,1.7367769775e+03
1449,4.1526106000e-01,-4.1685482860e-01,5.8482563496e-01,1.7363768311e+03
1450,4.1519179940e-01,-4.1679066420e-01,5.5559241772e-01,1.7359770508e+03
1451,4.1517004371e-01,-4.1670462489e-01,9.3010008335e-01,1.7355769043e+03
1452,4.1505333781e-01,-4.1659748554e-01,3.6160281301e-01,1.7351768799e+03
1453,4.1511324048e-01,-4.1669055820e-01,1.2515673637e+00,1.7347769775e+03
1454,4.1502341628e-01,-4.1657805443e-01,3.0596444011e-01,1.7343773193e+03
1455,4.1500470042e-01,-4.1656467319e-01,1.0627936125e+00,1.7339781494e+03
1456,4.1494438052e-01,-4.1646349430e-01,4.2056453228e-01,1.7335786133e+03
1457,4.1486960649e-01,-4.1646417975e-01,9.0435498953e-01,1.7331790771e+03
1458,4.1489583254e-01,-4.1637769341e-01,7.4685567617e-01,1.7327805176e+03
1459,4.1476956010e-01,-4.1632732749e-01,3.7016075850e-01,1.7323811035e+03
1460,4.1480264068e-01,-4.1628170013e-01,1.2275754213e+00,1.7319826660e+03
1461,4.1471785307e-01,-4.1622200608e-01,2.9989019036e-01,1.7315841064e+03
1462,4.1468194127e-01,-4.1617071629e-01,1.0515048504e+00,1.7311851807e+03
1463,4.1461470723e-01,-4.1613572836e-01,5.0635051727e-01,1.7307867432e+03
1464,4.1454407573e-01,-4.1605216265e-01,5.7343024015e-01,1.7303880615e+03
1465,4.1451051831e-01,-4.1601639986e-01,1.0626794100e+00,1.7299904785e+03
1466,4.1451764107e-01,-4.1596630216e-01,1.0740443468e+00,1.7295920410e+03
1467,4.1449454427e-01,-4.1592338681e-01,2.3808529973e-01,1.7291943359e+03
1468,4.1432183981e-01,-4.1581892967e-01,6.5217357874e-01,1.7287966309e+03
1469,4.1442492604e-01,-4.1583940387e-01,9.1698467731e-01,1.7283990479e+03
1470,4.1429370642e-01,-4.1571551561e-01,9.0435886383e-01,1.7280017090e+03
1471,4.1426461935e-01,-4.1571152210e-01,2.5432023406e-01,1.7276040039e+03
1472,4.1423043609e-01,-4.1561585665e-01,1.8148696423e+00,1.7272071533e+03
1473,4.1410380602e-01,-4.1560789943e-01,-2.5764447451e-01,1.7268100586e+03
1474,4.1418787837e-01,-4.1554358602e-01,1.2191215754e+00,1.7264133301e+03
1475,4.1406208277e-01,-4.1546854377e-01,9.8055392504e-01,1.7260162354e+03
1476,4.1403949261e-01,-4.1543820500e-01,1.8434804678e-01,1.7256198730e+03
1477,4.1402485967e-01,-4.1541576385e-01,1.4373542070e+00,1.7252230225e+03
1478,4.1392669082e-01,-4.1529303789e-01,3.5435959697e-01,1.7248264160e+03
1479,4.1393870115e-01,-4.1529321671e-01,9.6011298895e-01,1.7244304199e+03
1480,4.1382974386e-01,-4.1522940993e-01,7.2865813971e-01,1.7240344238e+03
1481,4.1386878490e-01,-4.1513699293e-01,9.3796002865e-01,1.7236381836e+03
1482,4.1383102536e-01,-4.1510915756e-01,9.3496537209e-01,1.7232426758e+03
1483,4.1377100348e-01,-4.1505560279e-01,5.4883086681e-01,1.7228469238e+03
1484,4.1365250945e-01,-4.1501560807e-01,7.6464259624e-01,1.7224512939e+03
1485,4.1363033652e-01,-4.1492602229e-01,7.9653334618e-01,1.7220559082e+03
1486,4.1365614533e-01,-4.1496735811e-01,1.0394098759e+00,1.7216602783e+03
1487,4.1350507736e-01,-4.1476953030e-01,4.5111411810e-01,1.7212656250e+03
1488,4.1352328658e-01,-4.1477644444e-01,1.1155465841e+00,1.7208703613e+03
1489,4.1353917122e-01,-4.1478410363e-01,1.1155465841e+00,1.7204755859e+03
1490,4.1339126229e-01,-4.1468557715e-01,3.2460194826e-01,1.7200805664e+03
1491,4.1339528561e-01,-4.1467663646e-01,9.4397050142e-01,1.7196862793e+03
1492,4.1331508756e-01,-4.1457358003e-01,8.0441987514e-01,1.7192917480e+03
1493,4.1328063607e-01,-4.1454547644e-01,8.9589095116e-01,1.7188974609e+03
1494,4.1328194737e-01,-4.1450712085e-01,9.1761589050e-01,1.7185034180e+03
1495,4.1315206885e-01,-4.1440969706e-01,6.4248496294e-01,1.7181090088e+03
1496,4.1319245100e-01,-4.1440060735e-01,9.8557317257e-01,1.7177153320e+03
1497,4.1308215261e-01,-4.1432929039e-01,8.3720988035e-01,1.7173212891e+03
1498,4.1309025884e-01,-4.1427078843e-01,7.8819704056e-01,1.7169279785e+03
1499,4.1307902336e-01,-4.1424059868e-01,1.0567871332e+00,1.7165340576e+03
1500,4.1297781467e-01,-4.1415944695e-01,4.8940348625e-01,1.7161406250e+03
1501,4.1289058328e-01,-4.1411373019e-01,7.8908836842e-01,1.7157475586e+03
1502,4.1287836432e-01,-4.1406294703e-01,1.2418713570e+00,1.7153540039e+03
1503,4.1291376948e-01,-4.1405785084e-01,8.5409331322e-01,1.7149613037e+03
1504,4.1270801425e-01,-4.1386979818e-01,3.8995680213e-01,1.7145686035e+03
1505,4.1276842356e-01,-4.1390258074e-01,1.3531942368e+00,1.7141756592e+03
1506,4.1272148490e-01,-4.1385251284e-01,7.1366393566e-01,1.7137830811e+03
1507,4.1259497404e-01,-4.1376215219e-01,5.8022797108e-01,1.7133906250e+03
1508,4.1266161203e-01,-4.1378694773e-01,1.4034736156e+00,1.7129986572e+03
1509,4.1254654527e-01,-4.1368260980e-01,5.8570075035e-01,1.7126062012e+03
1510,4.1253286600e-01,-4.1365987062e-01,1.0966398716e+00,1.7122138672e+03
1511,4.1247183084e-01,-4.1357547045e-01,7.1824526787e-01,1.7118222656e+03
1512,4.1246846318e-01,-4.1355568171e-01,1.0608071089e+00,1.7114301758e+03
1513,4.1238790751e-01,-4.1348782182e-01,6.9725680351e-01,1.7110385742e+03
1514,4.1232579947e-01,-4.1341847181e-01,1.0768871307e+00,1.7106470947e+03
1515,4.1231459379e-01,-4.1338518262e-01,8.1625121832e-01,1.7102558594e+03
1516,4.1228464246e-01,-4.1332340240e-01,1.0353816748e+00,1.7098648682e+03
1517,4.1218963265e-01,-4.1327485442e-01,5.9888362885e-01,1.7094733887e+03
1518,4.1221210361e-01,-4.1324368119e-01,1.3705631495e+00,1.7090822754e+03
1519,4.1214528680e-01,-4.1317889094e-01,4.4266435504e-01,1.7086915283e+03
1520,4.1209825873e-01,-4.1313457489e-01,1.2734831572e+00,1.7083007812e+03
1521,4.1206195951e-01,-4.1306105256e-01,6.3551390171e-01,1.7079100342e+03
1522,4.1198119521e-01,-4.1301250458e-01,1.0570324659e+00,1.7075191650e+03
1523,4.1199308634e-01,-4.1298237443e-01,8.4836506844e-01,1.7071295166e+03
1524,4.1188964248e-01,-4.1290241480e-01,9.9006867409e-01,1.7067390137e+03
1525,4.1191107035e-01,-4.1287320852e-01,7.6236253977e-01,1.7063492432e+03
1526,4.1176152229e-01,-4.1280183196e-01,1.1244727373e+00,1.7059592285e+03
1527,4.1173601151e-01,-4.1275900602e-01,8.7421447039e-01,1.7055695801e+03
1528,4.1171655059e-01,-4.1272515059e-01,9.4636160135e-01,1.7051800537e+03
1529,4.1167470813e-01,-4.1262742877e-01,8.4361422062e-01,1.7047901611e+03
1530,4.1172993183e-01,-4.1266185045e-01,1.3190518618e+00,1.7044006348e+03
1531,4.1165471077e-01,-4.1261065006e-01,8.0848377943e-01,1.7040115967e+03
1532,4.1159388423e-01,-4.1250628233e-01,8.5993331671e-01,1.7036221924e+03
1533,4.1155058146e-01,-4.1248962283e-01,7.3453360796e-01,1.7032332764e+03
1534,4.1146063805e-01,-4.1234782338e-01,9.2033582926e-01,1.7028442383e+03
1535,4.1148817539e-01,-4.1235613823e-01,9.1885745525e-01,1.7024559326e+03
1536,4.1136300564e-01,-4.1228449345e-01,1.0848164558e+00,1.7020670166e+03
1537,4.1139942408e-01,-4.1223675013e-01,7.4237680435e-01,1.7016790771e+03
1538,4.1132596135e-01,-4.1221144795e-01,1.1944748163e+00,1.7012904053e+03
1539,4.1122892499e-01,-4.1212129593e-01,6.5948152542e-01,1.7009020996e+03
1540,4.1122108698e-01,-4.1209059954e-01,1.1566379070e+00,1.7005144043e+03
1541,4.1119047999e-01,-4.1202437878e-01,1.0145105124e+00,1.7001263428e+03
1542,4.1105219722e-01,-4.1192218661e-01,5.6762784719e-01,1.6997385254e+03
1543,4.1113844514e-01,-4.1197136045e-01,1.5464602709e+00,1.6993505859e+03
1544,4.1106632352e-01,-4.1186815500e-01,5.3828847408e-01,1.6989628906e+03
1545,4.1095665097e-01,-4.1182780266e-01,1.0480698347e+00,1.6985759277e+03
1546,4.1097423434e-01,-4.1176420450e-01,1.1406557560e+00,1.6981884766e+03
1547,4.1088289022e-01,-4.1174066067e-01,6.5506303310e-01,1.6978009033e+03
1548,4.1084644198e-01,-4.1168859601e-01,1.2057750225e+00,1.6974139404e+03
1549,4.1084641218e-01,-4.1159409285e-01,1.2627992630e+00,1.6970270996e+03
1550,4.1081219912e-01,-4.1160562634e-01,4.8165374994e-01,1.6966402588e+03
1551,4.1074904799e-01,-4.1152372956e-01,1.3041309118e+00,1.6962540283e+03
1552,4.1079381108e-01,-4.1153851151e-01,5.2600234747e-01,1.6958673096e+03
1553,4.1057908535e-01,-4.1136631370e-01,1.5237380266e+00,1.6954810791e+03
1554,4.1058918834e-01,-4.1139346361e-01,1.4837999642e-01,1.6950947266e+03
1555,4.1049823165e-01,-4.1126105189e-01,2.0574820042e+00,1.6947087402e+03
1556,4.1055333614e-01,-4.1129395366e-01,-2.4702739716e-01,1.6943227539e+03
1557,4.1053372622e-01,-4.1124099493e-01,1.5581756830e+00,1.6939368896e+03
1558,4.1046261787e-01,-4.1117024422e-01,9.1197377443e-01,1.6935513916e+03
1559,4.1041749716e-01,-4.1106137633e-01,1.0952599049e+00,1.6931650391e+03
1560,4.1030675173e-01,-4.1109254956e-01,8.5850250721e-01,1.6927797852e+03
1561,4.1029629111e-01,-4.1094717383e-01,1.0371431112e+00,1.6923946533e+03
1562,4.1029977798e-01,-4.1096311808e-01,1.1689147949e+00,1.6920098877e+03
1563,4.1017058492e-01,-4.1091009974e-01,5.3908169270e-01,1.6916248779e+03
1564,4.1020977497e-01,-4.1077676415e-01,1.0173822641e+00,1.6912396240e+03
1565,4.1013482213e-01,-4.1081136465e-01,1.8432651758e+00,1.6908549805e+03
1566,4.1003087163e-01,-4.1076675057e-01,1.3368356228e-01,1.6904703369e+03
1567,4.1006928682e-01,-4.1070151329e-01,1.8015000820e+00,1.6900855713e+03
1568,4.1005831957e-01,-4.1064345837e-01,3.2225626707e-01,1.6897014160e+03
1569,4.0992701054e-01,-4.1058886051e-01,1.4391698837e+00,1.6893168945e+03
1570,4.0995213389e-01,-4.1058170795e-01,1.6478542984e-01,1.6889327393e+03
1571,4.0987679362e-01,-4.1044420004e-01,2.2014856339e+00,1.6885487061e+03
1572,4.0983760357e-01,-4.1044396162e-01,-2.5399494171e-01,1.6881647949e+03
1573,4.0980088711e-01,-4.1035023332e-01,2.1258466244e+00,1.6877810059e+03
1574,4.0970739722e-01,-4.1029721498e-01,8.7268185616e-01,1.6873975830e+03
1575,4.0971609950e-01,-4.1025784612e-01,5.9689062834e-01,1.6870141602e+03
1576,4.0967020392e-01,-4.1027793288e-01,8.5354888439e-01,1.6866308594e+03
1577,4.0964189172e-01,-4.1017049551e-01,1.4123983383e+00,1.6862471924e+03
1578,4.0950378776e-01,-4.1006401181e-01,6.9178056717e-01,1.6858645020e+03
1579,4.0956306458e-01,-4.1009557247e-01,1.3087093830e+00,1.6854815674e+03
1580,4.0945890546e-01,-4.1001692414e-01,6.1914068460e-01,1.6850988770e+03
1581,4.0944114327e-01,-4.0998476744e-01,1.1936534643e+00,1.6847156982e+03
1582,4.0943026543e-01,-4.0999126434e-01,1.2305747271e+00,1.6843334961e+03
1583,4.0935409069e-01,-4.0983656049e-01,3.2992288470e-01,1.6839509277e+03
1584,4.0936735272e-01,-4.0986707807e-01,2.0761680603e+00,1.6835686035e+03
1585,4.0923929214e-01,-4.0972697735e-01,4.5029483736e-02,1.6831862793e+03
1586,4.0926238894e-01,-4.0975806117e-01,1.6518418789e+00,1.6828041992e+03
1587,4.0918698907e-01,-4.0963453054e-01,7.3577946424e-01,1.6824222412e+03
1588,4.0913924575e-01,-4.0963059664e-01,9.9182647467e-01,1.6820406494e+03
1589,4.0915226936e-01,-4.0955930948e-01,1.3966175318e+00,1.6816584473e+03
1590,4.0904235840e-01,-4.0949940681e-01,4.8076289892e-01,1.6812768555e+03
1591,4.0906420350e-01,-4.0949225426e-01,1.5314136744e+00,1.6808959961e+03
1592,4.0898475051e-01,-4.0941113234e-01,4.6117007732e-01,1.6805142822e+03
1593,4.0890166163e-01,-4.0936088562e-01,1.4674749374e+00,1.6801330566e+03
1594,4.0891149640e-01,-4.0930378437e-01,6.6272699833e-01,1.6797525635e+03
1595,4.0883678198e-01,-4.0920963883e-01,1.0673171282e+00,1.6793712158e+03
1596,4.0881764889e-01,-4.0924030542e-01,1.3869793415e+00,1.6789901123e+03
1597,4.0877115726e-01,-4.0914770961e-01,4.9299997091e-01,1.6786101074e+03
1598,4.0869137645e-01,-4.0908515453e-01,1.6963613033e+00,1.6782294922e+03
1599,4.0875148773e-01,-4.0906837583e-01,3.4436103702e-01,1.6778491211e+03
1600,4.0861028433e-01,-4.0898028016e-01,1.8988970518e+00,1.6774687500e+03
1601,4.0862843394e-01,-4.0897598863e-01,-7.0927917957e-02,1.6770886230e+03
1602,4.0852114558e-01,-4.0887972713e-01,2.1651086807e+00,1.6767088623e+03
1603,4.0847095847e-01,-4.0884447098e-01,5.9705930948e-01,1.6763288574e+03
1604,4.0850022435e-01,-4.0879234672e-01,1.1713624001e+00,1.6759487305e+03
1605,4.0844967961e-01,-4.0876200795e-01,8.7950026989e-01,1.6755697021e+03
1606,4.0837019682e-01,-4.0869668126e-01,7.7700662613e-01,1.6751901855e+03
1607,4.0842163563e-01,-4.0869805217e-01,1.4260476828e+00,1.6748104248e+03
1608,4.0823337436e-01,-4.0859028697e-01,5.9990942478e-01,1.6744313965e+03
1609,4.0834525228e-01,-4.0854090452e-01,1.5157219172e+00,1.6740522461e+03
1610,4.0827417374e-01,-4.0847176313e-01,9.5607799292e-01,1.6736732178e+03
1611,4.0820404887e-01,-4.0839993954e-01,9.5607799292e-01,1.6732944336e+03
1612,4.0810331702e-01,-4.0837287903e-01,6.6404724121e-01,1.6729156494e+03
1613,4.0811276436e-01,-4.0836757421e-01,1.3752598763e+00,1.6725369873e+03
1614,4.0797266364e-01,-4.0826189518e-01,6.1442923546e-01,1.6721589355e+03
1615,4.0796685219e-01,-4.0822815895e-01,9.7423440218e-01,1.6717805176e+03
1616,4.0795475245e-01,-4.0818834305e-01,1.7262883186e+00,1.6714019775e+03
1617,4.0791976452e-01,-4.0816855431e-01,3.5266661644e-01,1.6710239258e+03
1618,4.0784007311e-01,-4.0811127424e-01,1.6437997818e+00,1.6706461182e+03
1619,4.0790426731e-01,-4.0807563066e-01,9.5704430342e-01,1.6702681885e+03
1620,4.0780663490e-01,-4.0797546506e-01,8.3640164137e-01,1.6698905029e+03
1621,4.0781140327e-01,-4.0795719624e-01,1.0634365082e+00,1.6695128174e+03
1622,4.0773490071e-01,-4.0787768364e-01,1.2674529552e+00,1.6691356201e+03
1623,4.0771883726e-01,-4.0787756443e-01,6.8012970686e-01,1.6687585449e+03
1624,4.0760290623e-01,-4.0776175261e-01,1.5198786259e+00,1.6683811035e+03
1625,4.0773159266e-01,-4.0780505538e-01,2.2905424237e-01,1.6680039062e+03
1626,4.0765252709e-01,-4.0764620900e-01,1.6991500854e+00,1.6676273193e+03
1627,4.0747031569e-01,-4.0767309070e-01,1.0121156275e-01,1.6672503662e+03
1628,4.0754294395e-01,-4.0759864450e-01,2.5327723026e+00,1.6668739014e+03
1629,4.0732222795e-01,-4.0758538246e-01,-4.8316219449e-01,1.6664971924e+03
1630,4.0745496750e-01,-4.0744769573e-01,2.2669916153e+00,1.6661206055e+03
1631,4.0730407834e-01,-4.0749654174e-01,1.7109438777e-01,1.6657445068e+03
1632,4.0724733472e-01,-4.0730968118e-01,1.7315957546e+00,1.6653679199e+03
1633,4.0729850531e-01,-4.0742465854e-01,6.1834692955e-01,1.6649918213e+03
1634,4.0718960762e-01,-4.0727680922e-01,1.0260146856e+00,1.6646158447e+03
1635,4.0719446540e-01,-4.0725183487e-01,1.2591581345e+00,1.6642401123e+03
1636,4.0707954764e-01,-4.0718942881e-01,7.3267191648e-01,1.6638643799e+03
1637,4.0712136030e-01,-4.0713816881e-01,1.4373139143e+00,1.6634891357e+03
1638,4.0701818466e-01,-4.0711838007e-01,5.1860141754e-01,1.6631135254e+03
1639,4.0698167682e-01,-4.0701267123e-01,1.4970973730e+00,1.6627381592e+03
1640,4.0699246526e-01,-4.0702998638e-01,8.0374091864e-01,1.6623635254e+03
1641,4.0690195560e-01,-4.0690508485e-01,1.1579630375e+00,1.6619882812e+03
1642,4.0687662363e-01,-4.0693193674e-01,6.7424231768e-01,1.6616134033e+03
1643,4.0682885051e-01,-4.0682181716e-01,1.7766956091e+00,1.6612382812e+03
1644,4.0679925680e-01,-4.0682175756e-01,4.9703501165e-02,1.6608642578e+03
1645,4.0682044625e-01,-4.0678906441e-01,1.7984789610e+00,1.6604892578e+03
1646,4.0667209029e-01,-4.0666824579e-01,6.1322641373e-01,1.6601152344e+03
1647,4.0667778254e-01,-4.0667700768e-01,1.0684840679e+00,1.6597403564e+03
1648,4.0662837029e-01,-4.0658381581e-01,1.4242376089e+00,1.6593664551e+03
1649,4.0655368567e-01,-4.0653657913e-01,2.7745097876e-01,1.6589921875e+03
1650,4.0656530857e-01,-4.0651032329e-01,1.8542939425e+00,1.6586187744e+03
1651,4.0647909045e-01,-4.0644732118e-01,5.4859089851e-01,1.6582446289e+03
1652,4.0644803643e-01,-4.0638622642e-01,1.0004824400e+00,1.6578707275e+03
1653,4.0642935038e-01,-4.0636599064e-01,1.4413726330e+00,1.6574979248e+03
1654,4.0634006262e-01,-4.0627786517e-01,4.5913431048e-01,1.6571241455e+03
1655,4.0634959936e-01,-4.0627199411e-01,1.4395576715e+00,1.6567508545e+03
1656,4.0626090765e-01,-4.0616872907e-01,9.8954343796e-01,1.6563779297e+03
1657,4.0625360608e-01,-4.0618211031e-01,6.0418260098e-01,1.6560047607e+03
1658,4.0620666742e-01,-4.0605816245e-01,1.8094538450e+00,1.6556313477e+03
1659,4.0612035990e-01,-4.0610343218e-01,5.5612850934e-02,1.6552585449e+03
1660,4.0617474914e-01,-4.0596014261e-01,2.1190509796e+00,1.6548859863e+03
1661,4.0599903464e-01,-4.0599584579e-01,3.9532314986e-03,1.6545136719e+03
1662,4.0610373020e-01,-4.0586546063e-01,1.7296042442e+00,1.6541413574e+03
1663,4.0592658520e-01,-4.0588226914e-01,6.4506506920e-01,1.6537689209e+03
1664,4.0601918101e-01,-4.0576264262e-01,1.0193439722e+00,1.6533968506e+03
1665,4.0590104461e-01,-4.0575262904e-01,1.6029947996e+00,1.6530247803e+03
1666,4.0590515733e-01,-4.0565666556e-01,4.8869600892e-01,1.6526525879e+03
1667,4.0579861403e-01,-4.0568596125e-01,4.1616886854e-01,1.6522807617e+03
1668,4.0577062964e-01,-4.0561214089e-01,2.3958735466e+00,1.6519089355e+03
1669,4.0577533841e-01,-4.0551352501e-01,-1.0757271945e-01,1.6515374756e+03
1670,4.0566891432e-01,-4.0555736423e-01,1.4932955503e+00,1.6511666260e+03
1671,4.0567952394e-01,-4.0541473031e-01,5.7755279541e-01,1.6507952881e+03
1672,4.0555542707e-01,-4.0546536446e-01,2.0399191380e+00,1.6504238281e+03
1673,4.0566477180e-01,-4.0528094769e-01,-1.4560469985e-01,1.6500532227e+03
1674,4.0542528033e-01,-4.0539613366e-01,1.7277214527e+00,1.6496818848e+03
1675,4.0563550591e-01,-4.0515303612e-01,1.2236764431e+00,1.6493116455e+03
1676,4.0531221032e-01,-4.0529182553e-01,2.9080080986e-01,1.6489406738e+03
1677,4.0549710393e-01,-4.0512105823e-01,1.5668542385e+00,1.6485700684e+03
1678,4.0529128909e-01,-4.0514481068e-01,5.8445113897e-01,1.6481995850e+03
1679,4.0540677309e-01,-4.0500962734e-01,1.2823542356e+00,1.6478297119e+03
1680,4.0517726541e-01,-4.0509402752e-01,1.0467702150e+00,1.6474588623e+03
1681,4.0536668897e-01,-4.0485915542e-01,8.6516028643e-01,1.6470891113e+03
1682,4.0506848693e-01,-4.0502071381e-01,8.8763916492e-01,1.6467193604e+03
1683,4.0528202057e-01,-4.0477737784e-01,1.0892202854e+00,1.6463492432e+03
1684,4.0498167276e-01,-4.0490430593e-01,8.3870214224e-01,1.6459797363e+03
1685,4.0522325039e-01,-4.0467512608e-01,1.2949352264e+00,1.6456103516e+03
1686,4.0487554669e-01,-4.0481454134e-01,8.6295670271e-01,1.6452404785e+03
1687,4.0516716242e-01,-4.0456056595e-01,1.3575788736e+00,1.6448715820e+03
1688,4.0477532148e-01,-4.0472540259e-01,5.8883678913e-01,1.6445023193e+03
1689,4.0508413315e-01,-4.0446689725e-01,1.0754568577e+00,1.6441335449e+03
1690,4.0468788147e-01,-4.0462851524e-01,1.2493461370e+00,1.6437639160e+03
1691,4.0501594543e-01,-4.0435624123e-01,4.3569129705e-01,1.6433953857e+03
1692,4.0457338095e-01,-4.0455970168e-01,1.6878041029e+00,1.6430264893e+03
1693,4.0497806668e-01,-4.0421831608e-01,3.7453782558e-01,1.6426582031e+03
1694,4.0447095037e-01,-4.0448319912e-01,1.9217623472e+00,1.6422897949e+03
1695,4.0457659960e-01,-4.0433949232e-01,-8.7058228254e-01,1.6419213867e+03
1696,4.0449118614e-01,-4.0432932973e-01,1.8140670061e+00,1.6415534668e+03
1697,4.0441489220e-01,-4.0430742502e-01,1.8140670061e+00,1.6411856689e+03
1698,4.0461125970e-01,-4.0405288339e-01,1.4253449440e+00,1.6408179932e+03
1699,4.0442436934e-01,-4.0412425995e-01,-7.9086947441e-01,1.6404504395e+03
1700,4.0446144342e-01,-4.0403223038e-01,2.5950911045e+00,1.6400826416e+03
1701,4.0442880988e-01,-4.0395942330e-01,3.6769032478e-02,1.6397149658e+03
1702,4.0431204438e-01,-4.0396219492e-01,-1.9912360609e-01,1.6393479004e+03
1703,4.0438115597e-01,-4.0384408832e-01,2.7149143219e+00,1.6389807129e+03
1704,4.0417084098e-01,-4.0393674374e-01,1.3087861538e+00,1.6386136475e+03
1705,4.0441322327e-01,-4.0363928676e-01,4.2046215385e-02,1.6382462158e+03
1706,4.0406355262e-01,-4.0386319160e-01,1.6584759951e+00,1.6378790283e+03
1707,4.0430298448e-01,-4.0357300639e-01,5.0524842739e-01,1.6375124512e+03
1708,4.0397953987e-01,-4.0374502540e-01,7.1460849047e-01,1.6371459961e+03
1709,4.0423649549e-01,-4.0348216891e-01,1.7620441914e+00,1.6367794189e+03
1710,4.0384697914e-01,-4.0367928147e-01,-2.5080807507e-02,1.6364123535e+03
1711,4.0392139554e-01,-4.0354701877e-01,6.2759900093e-01,1.6360463867e+03
1712,4.0391322970e-01,-4.0348106623e-01,1.4441146851e+00,1.6356804199e+03
1713,4.0390303731e-01,-4.0341663361e-01,1.4441146851e+00,1.6353142090e+03
1714,4.0388065577e-01,-4.0334522724e-01,1.6531867981e+00,1.6349487305e+03
1715,4.0384304523e-01,-4.0328872204e-01,1.6531867981e+00,1.6345833740e+03
1716,4.0382668376e-01,-4.0319848061e-01,8.6826199293e-01,1.6342182617e+03
1717,4.0386646986e-01,-4.0311571956e-01,1.4227868058e-02,1.6338530273e+03
1718,4.0359756351e-01,-4.0324297547e-01,-2.2947107255e-01,1.6334879150e+03
1719,4.0376609564e-01,-4.0302723646e-01,2.6469378471e+00,1.6331218262e+03
1720,4.0355226398e-01,-4.0310770273e-01,-7.1379488707e-01,1.6327570801e+03
1721,4.0360501409e-01,-4.0299791098e-01,1.7228667736e+00,1.6323916016e+03
1722,4.0352618694e-01,-4.0298068523e-01,1.2561190128e+00,1.6320264893e+03
1723,4.0354299545e-01,-4.0287414193e-01,4.1777604818e-01,1.6316621094e+03
1724,4.0337693691e-01,-4.0294140577e-01,8.5149884224e-01,1.6312971191e+03
1725,4.0352430940e-01,-4.0272128582e-01,1.7679679394e+00,1.6309323730e+03
1726,4.0325164795e-01,-4.0287426114e-01,-2.4554169178e-01,1.6305678711e+03
1727,4.0347364545e-01,-4.0260502696e-01,1.9960482121e+00,1.6302038574e+03
1728,4.0314131975e-01,-4.0279847383e-01,3.4243959188e-01,1.6298393555e+03
1729,4.0340688825e-01,-4.0249389410e-01,1.3085644245e+00,1.6294752197e+03
1730,4.0325671434e-01,-4.0254130960e-01,1.6223276854e+00,1.6291109619e+03
1731,4.0326732397e-01,-4.0243920684e-01,6.7636066675e-01,1.6287471924e+03
1732,4.0328165889e-01,-4.0235608816e-01,2.4462990463e-01,1.6283833008e+03
1733,4.0310248733e-01,-4.0243148804e-01,4.8660150170e-01,1.6280195312e+03
1734,4.0293222666e-01,-4.0247949958e-01,1.5420818329e+00,1.6276552734e+03
1735,4.0307775140e-01,-4.0226972103e-01,1.4467942715e+00,1.6272924805e+03
1736,4.0291002393e-01,-4.0233781934e-01,-6.4159333706e-02,1.6269291992e+03
1737,4.0299063921e-01,-4.0218555927e-01,1.8193601370e+00,1.6265664062e+03
1738,4.0277710557e-01,-4.0227770805e-01,6.0498982668e-01,1.6262033691e+03
1739,4.0297678113e-01,-4.0203362703e-01,5.4199016094e-01,1.6258399658e+03
1740,4.0263509750e-01,-4.0222832561e-01,1.6165598631e+00,1.6254771729e+03
1741,4.0293350816e-01,-4.0191093087e-01,7.7567413449e-02,1.6251148682e+03
1742,4.0254276991e-01,-4.0213188529e-01,1.6557296515e+00,1.6247520752e+03
1743,4.0285146236e-01,-4.0182286501e-01,3.9177602530e-01,1.6243898926e+03
1744,4.0244701505e-01,-4.0204441547e-01,1.1573779583e+00,1.6240270996e+03
1745,4.0259036422e-01,-4.0186622739e-01,-1.1689007282e-02,1.6236650391e+03
1746,4.0253609419e-01,-4.0183150768e-01,1.9082031250e+00,1.6233027344e+03
1747,4.0259808302e-01,-4.0168544650e-01,1.5074642897e+00,1.6229410400e+03
1748,4.0252512693e-01,-4.0166026354e-01,-1.3283923268e-01,1.6225793457e+03
1749,4.0230160952e-01,-4.0177336335e-01,5.6012189388e-01,1.6222177734e+03
1750,4.0247419477e-01,-4.0153485537e-01,2.0983843803e+00,1.6218558350e+03
1751,4.0226185322e-01,-4.0164443851e-01,-2.2910536826e-01,1.6214945068e+03
1752,4.0241989493e-01,-4.0141841769e-01,1.8757712841e+00,1.6211329346e+03
1753,4.0212666988e-01,-4.0159031749e-01,3.3840471506e-01,1.6207719727e+03
1754,4.0222525597e-01,-4.0140584111e-01,3.8626381755e-01,1.6204108887e+03
1755,4.0209537745e-01,-4.0145361423e-01,1.5257048607e+00,1.6200499268e+03
1756,4.0222063661e-01,-4.0126213431e-01,1.0144771338e+00,1.6196890869e+03
1757,4.0203031898e-01,-4.0134072304e-01,4.7039854527e-01,1.6193281250e+03
1758,4.0210714936e-01,-4.0119200945e-01,1.5745142698e+00,1.6189676514e+03
1759,4.0196439624e-01,-4.0123063326e-01,-1.6737349331e-02,1.6186068115e+03
1760,4.0205311775e-01,-4.0107324719e-01,1.8044035435e+00,1.6182468262e+03
1761,4.0182712674e-01,-4.0118291974e-01,5.3499687463e-02,1.6178859863e+03
1762,4.0202051401e-01,-4.0092414618e-01,1.1371953487e+00,1.6175264893e+03
1763,4.0172711015e-01,-4.0111097693e-01,1.0935617685e+00,1.6171660156e+03
1764,4.0194237232e-01,-4.0082934499e-01,6.3750487566e-01,1.6168061523e+03
1765,4.0162152052e-01,-4.0102684498e-01,1.2234413624e+00,1.6164461670e+03
1766,4.0167713165e-01,-4.0089720488e-01,-1.7729681730e-01,1.6160864258e+03
1767,4.0161424875e-01,-4.0087541938e-01,1.0345073938e+00,1.6157270508e+03
1768,4.0155950189e-01,-4.0084680915e-01,1.0345073938e+00,1.6153676758e+03
1769,4.0151873231e-01,-4.0080729127e-01,1.4284261465e+00,1.6150087891e+03
1770,4.0148970485e-01,-4.0069636703e-01,1.7586981058e+00,1.6146505127e+03
1771,4.0158730745e-01,-4.0054881573e-01,6.5887928009e-02,1.6142919922e+03
1772,4.0148827434e-01,-4.0057593584e-01,2.3381762207e-01,1.6139331055e+03
1773,4.0137952566e-01,-4.0058133006e-01,9.8159182072e-01,1.6135744629e+03
1774,4.0136897564e-01,-4.0049958229e-01,2.4956638813e+00,1.6132149658e+03
1775,4.0131440759e-01,-4.0046888590e-01,-3.3950248361e-01,1.6128563232e+03
1776,4.0134617686e-01,-4.0035066009e-01,-2.1746616066e-01,1.6124975586e+03
1777,4.0125697851e-01,-4.0035554767e-01,2.1309106350e+00,1.6121390381e+03
1778,4.0127652884e-01,-4.0023985505e-01,1.0583157539e+00,1.6117811279e+03
1779,4.0126594901e-01,-4.0017077327e-01,-8.3095574379e-01,1.6114233398e+03
1780,4.0112906694e-01,-4.0021434426e-01,1.6003018618e+00,1.6110653076e+03
1781,4.0117886662e-01,-4.0008252859e-01,2.1004550457e+00,1.6107070312e+03
1782,4.0093997121e-01,-4.0020734072e-01,-1.0033876896e+00,1.6103492432e+03
1783,4.0114980936e-01,-3.9994359016e-01,1.6235433817e+00,1.6099916992e+03
1784,4.0087375045e-01,-4.0010175109e-01,1.0378881693e+00,1.6096340332e+03
1785,4.0106597543e-01,-3.9985376596e-01,3.5231299698e-03,1.6092766113e+03
1786,4.0078946948e-01,-3.9999938011e-01,1.2870118618e+00,1.6089193115e+03
1787,4.0098547935e-01,-3.9976248145e-01,1.3195331097e+00,1.6085623779e+03
1788,4.0069708228e-01,-3.9992013574e-01,-2.1615046263e-01,1.6082045898e+03
1789,4.0075501800e-01,-3.9978989959e-01,5.9222215414e-01,1.6078480225e+03
1790,4.0069642663e-01,-3.9975854754e-01,1.4898473024e+00,1.6074913330e+03
1791,4.0063673258e-01,-3.9972689748e-01,1.4898473024e+00,1.6071352539e+03
1792,4.0057653189e-01,-3.9969441295e-01,1.4898473024e+00,1.6067788086e+03
1793,4.0051618218e-01,-3.9966085553e-01,1.4898473024e+00,1.6064228516e+03
1794,4.0063965321e-01,-3.9946705103e-01,-1.7489191294e+00,1.6060672607e+03
1795,4.0042296052e-01,-3.9957964420e-01,1.2206907272e+00,1.6057111816e+03
1796,4.0060126781e-01,-3.9933604002e-01,1.3598030806e+00,1.6053553467e+03
1797,4.0032503009e-01,-3.9949703217e-01,-2.1658730507e-01,1.6049992676e+03
1798,4.0055719018e-01,-3.9921540022e-01,1.5070381165e+00,1.6046429443e+03
1799,4.0042302012e-01,-3.9924529195e-01,1.0286854506e+00,1.6042871094e+03
1800,4.0035927296e-01,-3.9921867847e-01,5.9702265263e-01,1.6039312744e+03
1801,4.0031859279e-01,-3.9916834235e-01,1.1075864732e-01,1.6035751953e+03
1802,4.0026333928e-01,-3.9913883805e-01,1.8279378116e-01,1.6032197266e+03
1803,4.0014880896e-01,-3.9916017652e-01,1.5167357922e+00,1.6028643799e+03
1804,4.0020492673e-01,-3.9902323484e-01,1.9159609079e+00,1.6025092773e+03
1805,4.0013375878e-01,-3.9900651574e-01,-1.4892888069e+00,1.6021541748e+03
1806,4.0009927750e-01,-3.9896169305e-01,2.8460872173e+00,1.6017991943e+03
1807,4.0004372597e-01,-3.9891386032e-01,1.0625779629e-01,1.6014440918e+03
1808,4.0009865165e-01,-3.9878052473e-01,7.1430164576e-01,1.6010897217e+03
1809,3.9989680052e-01,-3.9888042212e-01,-4.1214209795e-01,1.6007348633e+03
1810,3.9989027381e-01,-3.9880096912e-01,3.5840673447e+00,1.6003803711e+03
1811,3.9995634556e-01,-3.9867630601e-01,-2.3844699860e+00,1.6000266113e+03
1812,3.9974772930e-01,-3.9875173569e-01,2.7196385860e+00,1.5996716309e+03
1813,3.9981076121e-01,-3.9862903953e-01,5.7513982058e-01,1.5993178711e+03
1814,3.9976793528e-01,-3.9857637882e-01,-2.3563387990e-01,1.5989635010e+03
1815,3.9961221814e-01,-3.9863595366e-01,4.4876180589e-02,1.5986096191e+03
1816,3.9967584610e-01,-3.9849442244e-01,1.1876407862e+00,1.5982561035e+03
1817,3.9960011840e-01,-3.9849206805e-01,1.4551225901e+00,1.5979027100e+03
1818,3.9952710271e-01,-3.9848485589e-01,1.4551225901e+00,1.5975495605e+03
1819,3.9960366488e-01,-3.9830735326e-01,-4.5305454731e-01,1.5971956787e+03
1820,3.9941805601e-01,-3.9838239551e-01,1.3980858326e+00,1.5968435059e+03
1821,3.9954251051e-01,-3.9819306135e-01,8.4047949314e-01,1.5964895020e+03
1822,3.9937806129e-01,-3.9825710654e-01,-8.5380144417e-02,1.5961364746e+03
1823,3.9949104190e-01,-3.9809200168e-01,1.6750289202e+00,1.5957833252e+03
1824,3.9923664927e-01,-3.9821335673e-01,4.3533962965e-01,1.5954305420e+03
1825,3.9945209026e-01,-3.9795666933e-01,4.2730204761e-02,1.5950780029e+03
1826,3.9911529422e-01,-3.9816179872e-01,1.8010054827e+00,1.5947249756e+03
1827,3.9938762784e-01,-3.9785188437e-01,-3.3164745569e-01,1.5943728027e+03
1828,3.9922723174e-01,-3.9790192246e-01,1.9948877096e+00,1.5940203857e+03
1829,3.9922574162e-01,-3.9781618118e-01,4.0452256799e-01,1.5936678467e+03
1830,3.9921417832e-01,-3.9774081111e-01,4.0452256799e-01,1.5933156738e+03
1831,3.9919731021e-01,-3.9767113328e-01,4.0452256799e-01,1.5929633789e+03
1832,3.9913126826e-01,-3.9765942097e-01,-4.4137352705e-01,1.5926113281e+03
1833,3.9892962575e-01,-3.9775750041e-01,1.5608466864e+00,1.5922591553e+03
1834,3.9894124866e-01,-3.9765030146e-01,7.4092370272e-01,1.5919075928e+03
1835,3.9895114303e-01,-3.9758160710e-01,1.6711391211e+00,1.5915560303e+03
1836,3.9885991812e-01,-3.9756977558e-01,-1.7685443163e+00,1.5912050781e+03
1837,3.9873680472e-01,-3.9760252833e-01,2.4095864296e+00,1.5908538818e+03
1838,3.9882409573e-01,-3.9743357897e-01,-3.4870445728e-01,1.5905029297e+03
1839,3.9869043231e-01,-3.9748087525e-01,2.1662366390e+00,1.5901513672e+03
1840,3.9870917797e-01,-3.9736428857e-01,-9.0273630619e-01,1.5898002930e+03
1841,3.9871266484e-01,-3.9727857709e-01,1.2410013676e+00,1.5894493408e+03
1842,3.9865612984e-01,-3.9724171162e-01,5.4098975658e-01,1.5890983887e+03
1843,3.9860305190e-01,-3.9720031619e-01,5.4098975658e-01,1.5887479248e+03
1844,3.9855214953e-01,-3.9715600014e-01,5.4098975658e-01,1.5883968506e+03
1845,3.9850273728e-01,-3.9710968733e-01,5.4098975658e-01,1.5880469971e+03
1846,3.9845442772e-01,-3.9706197381e-01,5.4098975658e-01,1.5876966553e+03
1847,3.9840695262e-01,-3.9701327682e-01,5.4098975658e-01,1.5873465576e+03
1848,3.9836028218e-01,-3.9696383476e-01,5.4098975658e-01,1.5869970703e+03
1849,3.9842554927e-01,-3.9689069986e-01,2.3549644947e+00,1.5866479492e+03
1850,3.9818909764e-01,-3.9700481296e-01,8.0432496965e-02,1.5862983398e+03
1851,3.9831233025e-01,-3.9683568478e-01,1.0741666555e+00,1.5859492188e+03
1852,3.9823445678e-01,-3.9681276679e-01,1.4484351873e+00,1.5855992432e+03
1853,3.9820447564e-01,-3.9675399661e-01,1.6886619851e-02,1.5852495117e+03
1854,3.9817833900e-01,-3.9669716358e-01,-4.3080296367e-02,1.5848999023e+03
1855,3.9798617363e-01,-3.9677411318e-01,-3.9394322038e-01,1.5845506592e+03
1856,3.9808052778e-01,-3.9662408829e-01,2.6862878799e+00,1.5842020264e+03
1857,3.9806070924e-01,-3.9655900002e-01,-3.3550590277e-01,1.5838530273e+03
1858,3.9794361591e-01,-3.9656275511e-01,-4.2428959161e-02,1.5835045166e+03
1859,3.9783269167e-01,-3.9659911394e-01,1.3306064606e+00,1.5831553955e+03
1860,3.9797762036e-01,-3.9637234807e-01,1.6672745943e+00,1.5828065186e+03
1861,3.9783200622e-01,-3.9642390609e-01,-2.6895580292e+00,1.5824577637e+03
1862,3.9777448773e-01,-3.9640632272e-01,3.7157511711e+00,1.5821096191e+03
1863,3.9785391092e-01,-3.9623415470e-01,8.3212479949e-02,1.5817608643e+03
1864,3.9769253135e-01,-3.9630013704e-01,-4.5270130038e-01,1.5814125977e+03
1865,3.9761927724e-01,-3.9629411697e-01,1.3883255720e+00,1.5810649414e+03
1866,3.9767235518e-01,-3.9617645741e-01,2.4018914700e+00,1.5807170410e+03
1867,3.9757645130e-01,-3.9615914226e-01,-2.3600015640e+00,1.5803686523e+03
1868,3.9758220315e-01,-3.9607056975e-01,6.0740071535e-01,1.5800211182e+03
1869,3.9744439721e-01,-3.9611777663e-01,1.4767296314e+00,1.5796733398e+03
1870,3.9743185043e-01,-3.9605146646e-01,2.3170170784e+00,1.5793261719e+03
1871,3.9757698774e-01,-3.9583003521e-01,-1.7155070305e+00,1.5789787598e+03
1872,3.9730629325e-01,-3.9600279927e-01,1.0736787319e+00,1.5786315918e+03
1873,3.9741653204e-01,-3.9581918716e-01,1.0472646952e+00,1.5782844238e+03
1874,3.9723417163e-01,-3.9588207006e-01,-9.9827659130e-01,1.5779373779e+03
1875,3.9734694362e-01,-3.9572373033e-01,2.0348153114e+00,1.5775904541e+03
1876,3.9711046219e-01,-3.9582830667e-01,-2.5682204962e-01,1.5772432861e+03
1877,3.9730793238e-01,-3.9558845758e-01,5.8441019058e-01,1.5768967285e+03
1878,3.9699268341e-01,-3.9577475190e-01,9.4568568468e-01,1.5765499268e+03
1879,3.9722639322e-01,-3.9550325274e-01,-2.9392984509e-01,1.5762034912e+03
1880,3.9690604806e-01,-3.9568087459e-01,1.2837942839e+00,1.5758569336e+03
1881,3.9696180820e-01,-3.9556443691e-01,-5.2995300293e-01,1.5755106201e+03
1882,3.9691135287e-01,-3.9553123713e-01,7.2070884705e-01,1.5751650391e+03
1883,3.9686679840e-01,-3.9549246430e-01,7.2070884705e-01,1.5748186035e+03
1884,3.9682587981e-01,-3.9545038342e-01,7.2070884705e-01,1.5744731445e+03
1885,3.9677831531e-01,-3.9540842175e-01,1.0742574930e+00,1.5741276855e+03
1886,3.9672914147e-01,-3.9536738396e-01,1.0742574930e+00,1.5737828369e+03
1887,3.9674583077e-01,-3.9525139332e-01,1.3473180532e+00,1.5734376221e+03
1888,3.9676395059e-01,-3.9516374469e-01,-1.5514646769e+00,1.5730930176e+03
1889,3.9664950967e-01,-3.9517444372e-01,2.7872541547e-01,1.5727480469e+03
1890,3.9663800597e-01,-3.9509862661e-01,1.7010740042e+00,1.5724022217e+03
1891,3.9663383365e-01,-3.9504316449e-01,-9.2367035151e-01,1.5720570068e+03
1892,3.9655593038e-01,-3.9501592517e-01,1.2325431108e+00,1.5717116699e+03
1893,3.9647582173e-01,-3.9500829577e-01,1.7380917072e-01,1.5713670654e+03
1894,3.9653855562e-01,-3.9487943053e-01,1.2777776718e+00,1.5710219727e+03
1895,3.9639860392e-01,-3.9491587877e-01,-1.9603862762e+00,1.5706777344e+03
1896,3.9640793204e-01,-3.9481958747e-01,4.1808996201e+00,1.5703326416e+03
1897,3.9628690481e-01,-3.9484801888e-01,-1.1110162735e+00,1.5699882812e+03
1898,3.9631906152e-01,-3.9473164082e-01,3.1184732914e-01,1.5696436768e+03
1899,3.9623498917e-01,-3.9474159479e-01,-6.9764339924e-01,1.5692996826e+03
1900,3.9631131291e-01,-3.9457038045e-01,8.3156412840e-01,1.5689556885e+03
1901,3.9611473680e-01,-3.9468815923e-01,-1.0289707780e-01,1.5686121826e+03
1902,3.9616513252e-01,-3.9454489946e-01,2.0224845409e+00,1.5682672119e+03
1903,3.9607828856e-01,-3.9454483986e-01,-8.4976112843e-01,1.5679237061e+03
1904,3.9606383443e-01,-3.9448836446e-01,1.5001242161e+00,1.5675799561e+03
1905,3.9608222246e-01,-3.9437711239e-01,-8.5136406124e-02,1.5672365723e+03
1906,3.9588183165e-01,-3.9449110627e-01,1.4683400095e-01,1.5668927002e+03
1907,3.9609351754e-01,-3.9419582486e-01,1.2217948437e+00,1.5665501709e+03
1908,3.9573779702e-01,-3.9443385601e-01,-4.0099456906e-01,1.5662062988e+03
1909,3.9599633217e-01,-3.9412733912e-01,8.8991302252e-01,1.5658634033e+03
1910,3.9571559429e-01,-3.9430096745e-01,7.0950758457e-01,1.5655200195e+03
1911,3.9584773779e-01,-3.9409691095e-01,-6.3541924953e-01,1.5651774902e+03
1912,3.9570307732e-01,-3.9416044950e-01,1.8345267773e+00,1.5648347168e+03
1913,3.9572605491e-01,-3.9404755831e-01,-9.7184234858e-01,1.5644918213e+03
1914,3.9559978247e-01,-3.9408144355e-01,1.6874769926e+00,1.5641490479e+03
1915,3.9569410682e-01,-3.9391854405e-01,-1.1026718616e+00,1.5638066406e+03
1916,3.9548811316e-01,-3.9401698112e-01,2.2863032818e+00,1.5634642334e+03
1917,3.9562413096e-01,-3.9382347465e-01,-1.7485547066e+00,1.5631219482e+03
1918,3.9538475871e-01,-3.9394012094e-01,2.3875639439e+00,1.5627799072e+03
1919,3.9558002353e-01,-3.9370396733e-01,-1.1573257446e+00,1.5624381104e+03
1920,3.9525696635e-01,-3.9389193058e-01,1.3528164625e+00,1.5620960693e+03
1921,3.9553794265e-01,-3.9360004663e-01,-6.4309149981e-01,1.5617540283e+03
1922,3.9515480399e-01,-3.9380285144e-01,1.6831982136e+00,1.5614123535e+03
1923,3.9521718025e-01,-3.9370018244e-01,-8.6025440693e-01,1.5610704346e+03
1924,3.9518651366e-01,-3.9362666011e-01,6.0850077868e-01,1.5607297363e+03
1925,3.9515697956e-01,-3.9355325699e-01,6.0850077868e-01,1.5603887939e+03
1926,3.9515483379e-01,-3.9354741573e-01,1.0378848314e+00,1.5600469971e+03
1927,3.9517444372e-01,-3.9340084791e-01,-3.1041306257e-01,1.5597062988e+03
1928,3.9502549171e-01,-3.9346018434e-01,6.7358836532e-02,1.5593654785e+03
1929,3.9499434829e-01,-3.9340141416e-01,1.2318732738e+00,1.5590241699e+03
1930,3.9502635598e-01,-3.9331328869e-01,-5.2769082785e-01,1.5586833496e+03
1931,3.9487084746e-01,-3.9336207509e-01,-5.1588684320e-01,1.5583432617e+03
1932,3.9497491717e-01,-3.9318889380e-01,1.7206139565e+00,1.5580023193e+03
1933,3.9486524463e-01,-3.9320293069e-01,-5.8176334947e-02,1.5576618652e+03
1934,3.9483776689e-01,-3.9313307405e-01,3.8166284561e-01,1.5573215332e+03
1935,3.9473682642e-01,-3.9316490293e-01,-7.2777166963e-02,1.5569812012e+03
1936,3.9481240511e-01,-3.9299765229e-01,1.3634754419e+00,1.5566409912e+03
1937,3.9466825128e-01,-3.9303475618e-01,-1.0756456852e+00,1.5563009033e+03
1938,3.9468514919e-01,-3.9297154546e-01,1.4898350239e+00,1.5559609375e+03
1939,3.9462035894e-01,-3.9290452003e-01,-5.8428597450e-01,1.5556213379e+03
1940,3.9459937811e-01,-3.9288836718e-01,1.3461632729e+00,1.5552814941e+03
1941,3.9453026652e-01,-3.9283743501e-01,-1.3546504974e+00,1.5549421387e+03
1942,3.9456433058e-01,-3.9273899794e-01,2.4159548283e+00,1.5546025391e+03
1943,3.9444446564e-01,-3.9276590943e-01,-1.9317747355e+00,1.5542631836e+03
1944,3.9441639185e-01,-3.9270609617e-01,2.2670123577e+00,1.5539237061e+03
1945,3.9439874887e-01,-3.9264076948e-01,-1.3550000191e+00,1.5535845947e+03
1946,3.9432331920e-01,-3.9263734221e-01,1.9265238047e+00,1.5532453613e+03
1947,3.9426669478e-01,-3.9259505272e-01,-1.7202214003e+00,1.5529069824e+03
1948,3.9434364438e-01,-3.9246690273e-01,1.8979772329e+00,1.5525678711e+03
1949,3.9427438378e-01,-3.9244875312e-01,-1.0447273254e+00,1.5522292480e+03
1950,3.9414894581e-01,-3.9245125651e-01,1.7135622501e+00,1.5518908691e+03
1951,3.9416962862e-01,-3.9238321781e-01,-1.2028838396e+00,1.5515521240e+03
1952,3.9404967427e-01,-3.9237004519e-01,1.6753875017e+00,1.5512143555e+03
1953,3.9411869645e-01,-3.9226499200e-01,-7.4793207645e-01,1.5508753662e+03
1954,3.9390656352e-01,-3.9234384894e-01,7.3916512728e-01,1.5505377197e+03
1955,3.9410206676e-01,-3.9210903645e-01,-1.4211678505e-01,1.5501990967e+03
1956,3.9398485422e-01,-3.9210942388e-01,9.8142820597e-01,1.5498614502e+03
1957,3.9391636848e-01,-3.9208096266e-01,-9.1862487793e-01,1.5495233154e+03
1958,3.9384666085e-01,-3.9208132029e-01,1.7910151482e+00,1.5491859131e+03
1959,3.9388620853e-01,-3.9194473624e-01,-1.0202069283e+00,1.5488481445e+03
1960,3.9369487762e-01,-3.9207863808e-01,6.7452400923e-01,1.5485108643e+03
1961,3.9381074905e-01,-3.9187088609e-01,4.5419597626e-01,1.5481730957e+03
1962,3.9355653524e-01,-3.9203149080e-01,-4.1425374150e-01,1.5478361816e+03
1963,3.9381027222e-01,-3.9172571898e-01,6.9232761860e-01,1.5474985352e+03
1964,3.9366173744e-01,-3.9174094796e-01,9.7095513344e-01,1.5471616211e+03
1965,3.9359289408e-01,-3.9173418283e-01,-9.6393972635e-01,1.5468248291e+03
1966,3.9343744516e-01,-3.9181685448e-01,5.1245039701e-01,1.5464880371e+03
1967,3.9356693625e-01,-3.9161080122e-01,2.3782937229e-01,1.5461513672e+03
1968,3.9336949587e-01,-3.9172241092e-01,-1.9934523106e-01,1.5458146973e+03
1969,3.9340555668e-01,-3.9158341289e-01,9.7851276398e-01,1.5454779053e+03
1970,3.9337638021e-01,-3.9154705405e-01,-7.4196946621e-01,1.5451422119e+03
1971,3.9322635531e-01,-3.9159879088e-01,7.7925318480e-01,1.5448054199e+03
1972,3.9336046576e-01,-3.9141726494e-01,1.5300959349e-01,1.5444691162e+03
1973,3.9329010248e-01,-3.9139446616e-01,-3.9955705404e-01,1.5441334229e+03
1974,3.9314469695e-01,-3.9146134257e-01,4.8860749602e-01,1.5437971191e+03
1975,3.9322188497e-01,-3.9126265049e-01,7.7384221554e-01,1.5434614258e+03
1976,3.9302167296e-01,-3.9140430093e-01,-3.7015298009e-01,1.5431262207e+03
1977,3.9311453700e-01,-3.9121574163e-01,-6.3838160038e-01,1.5427899170e+03
1978,3.9292424917e-01,-3.9130210876e-01,2.0670754910e+00,1.5424539795e+03
1979,3.9291217923e-01,-3.9124080539e-01,-1.3216127157e+00,1.5421187744e+03
1980,3.9281767607e-01,-3.9123752713e-01,7.3008680344e-01,1.5417836914e+03
1981,3.9299106598e-01,-3.9100265503e-01,1.7882952467e-02,1.5414488525e+03
1982,3.9284119010e-01,-3.9105248451e-01,2.4599982798e-01,1.5411134033e+03
1983,3.9277788997e-01,-3.9102339745e-01,-2.0624600351e-01,1.5407784424e+03
1984,3.9277616143e-01,-3.9095538855e-01,1.2412720919e-01,1.5404434814e+03
1985,3.9265400171e-01,-3.9100247622e-01,-5.7459211349e-01,1.5401087646e+03
1986,3.9275434613e-01,-3.9079046249e-01,2.2344124317e+00,1.5397741699e+03
1987,3.9263829589e-01,-3.9083057642e-01,-6.2653374672e-01,1.5394396973e+03
1988,3.9260569215e-01,-3.9078354836e-01,-5.7118576765e-01,1.5391052246e+03
1989,3.9253875613e-01,-3.9077404141e-01,1.2889477611e-01,1.5387706299e+03
1990,3.9259910583e-01,-3.9062380791e-01,7.4244868755e-01,1.5384366455e+03
1991,3.9243221283e-01,-3.9070329070e-01,-8.3814477921e-01,1.5381025391e+03
1992,3.9244508743e-01,-3.9060509205e-01,7.3623138666e-01,1.5377683105e+03
1993,3.9238610864e-01,-3.9060458541e-01,1.2040410936e-01,1.5374346924e+03
1994,3.9237061143e-01,-3.9050358534e-01,-9.4076949358e-01,1.5371003418e+03
1995,3.9231824875e-01,-3.9048430324e-01,2.0918595791e+00,1.5367669678e+03
1996,3.9240360260e-01,-3.9031466842e-01,-1.8998878002e+00,1.5364331055e+03
1997,3.9208787680e-01,-3.9055392146e-01,1.2511142492e+00,1.5360998535e+03
1998,3.9227449894e-01,-3.9027750492e-01,-1.4259452820e+00,1.5357657471e+03
1999,3.9210742712e-01,-3.9036843181e-01,2.1298751831e+00,1.5354334717e+03
