step,vx_25_10,vy_25_10,Cd,Cl,singularity_count
0,3.8463690877e-01,-1.5119099617e-01,0.0000000000e+00,0.0000000000e+00,0.0000000000e+00
1,3.8324677944e-01,-1.4647907019e-01,0.0000000000e+00,0.0000000000e+00,0.0000000000e+00
2,3.8322204351e-01,-1.4647419751e-01,0.0000000000e+00,0.0000000000e+00,0.0000000000e+00
3,3.8315859437e-01,-1.4644360542e-01,0.0000000000e+00,0.0000000000e+00,0.0000000000e+00
4,3.8315212727e-01,-1.4643914998e-01,0.0000000000e+00,0.0000000000e+00,0.0000000000e+00
5,3.8314577937e-01,-1.4643454552e-01,0.0000000000e+00,0.0000000000e+00,0.0000000000e+00
6,3.8314330578e-01,-1.4643234015e-01,0.0000000000e+00,0.0000000000e+00,0.0000000000e+00
7,3.8314089179e-01,-1.4643004537e-01,0.0000000000e+00,0.0000000000e+00,0.0000000000e+00
8,3.8313856721e-01,-1.4642769098e-01,0.0000000000e+00,0.0000000000e+00,0.0000000000e+00
9,3.8313633204e-01,-1.4642526209e-01,0.0000000000e+00,0.0000000000e+00,0.0000000000e+00
10,3.8313415647e-01,-1.4642275870e-01,0.0000000000e+00,0.0000000000e+00,0.0000000000e+00
11,3.8313457370e-01,-1.4642231166e-01,0.0000000000e+00,0.0000000000e+00,0.0000000000e+00
12,3.8313499093e-01,-1.4642184973e-01,0.0000000000e+00,0.0000000000e+00,0.0000000000e+00
13,3.8313546777e-01,-1.4642138779e-01,0.0000000000e+00,0.0000000000e+00,0.0000000000e+00
14,3.8313594460e-01,-1.4642089605e-01,0.0000000000e+00,0.0000000000e+00,0.0000000000e+00
15,3.8313645124e-01,-1.4642040431e-01,0.0000000000e+00,0.0000000000e+00,0.0000000000e+00
16,3.8313698769e-01,-1.4641991258e-01,0.0000000000e+00,0.0000000000e+00,0.0000000000e+00
17,3.8313752413e-01,-1.4641940594e-01,0.0000000000e+00,0.0000000000e+00,0.0000000000e+00
18,3.8313809037e-01,-1.4641889930e-01,0.0000000000e+00,0.0000000000e+00,0.0000000000e+00
19,3.8313868642e-01,-1.4641837776e-01,0.0000000000e+00,0.0000000000e+00,0.0000000000e+00
20,3.8314339519e-01,-1.4642184973e-01,0.0000000000e+00,0.0000000000e+00,0.0000000000e+00
21,3.8314819336e-01,-1.4642512798e-01,0.0000000000e+00,0.0000000000e+00,0.0000000000e+00
22,3.8315305114e-01,-1.4642821252e-01,0.0000000000e+00,0.0000000000e+00,0.0000000000e+00
23,3.8315579295e-01,-1.4642578363e-01,0.0000000000e+00,0.0000000000e+00,0.0000000000e+00
24,3.8316163421e-01,-1.4642581344e-01,0.0000000000e+00,0.0000000000e+00,0.0000000000e+00
25,3.8316905499e-01,-1.4643330872e-01,0.0000000000e+00,0.0000000000e+00,0.0000000000e+00
26,3.8317096233e-01,-1.4643135667e-01,0.0000000000e+00,0.0000000000e+00,0.0000000000e+00
27,3.8317683339e-01,-1.4643834531e-01,0.0000000000e+00,0.0000000000e+00,0.0000000000e+00
28,3.8318467140e-01,-1.4644329250e-01,0.0000000000e+00,0.0000000000e+00,0.0000000000e+00
29,3.8317933679e-01,-1.4643713832e-01,0.0000000000e+00,0.0000000000e+00,0.0000000000e+00
30,3.8316783309e-01,-1.4643196762e-01,0.0000000000e+00,0.0000000000e+00,0.0000000000e+00
31,3.8315361738e-01,-1.4643326402e-01,0.0000000000e+00,0.0000000000e+00,0.0000000000e+00
32,3.8314497471e-01,-1.4642404020e-01,0.0000000000e+00,0.0000000000e+00,0.0000000000e+00
33,3.8315388560e-01,-1.4642257988e-01,0.0000000000e+00,0.0000000000e+00,0.0000000000e+00
34,3.8313582540e-01,-1.4642097056e-01,0.0000000000e+00,0.0000000000e+00,0.0000000000e+00
35,3.8314694166e-01,-1.4640620351e-01,0.0000000000e+00,0.0000000000e+00,0.0000000000e+00
36,3.8311964273e-01,-1.4641132951e-01,0.0000000000e+00,0.0000000000e+00,0.0000000000e+00
37,3.8310545683e-01,-1.4639630914e-01,0.0000000000e+00,0.0000000000e+00,0.0000000000e+00
38,3.8313370943e-01,-1.4641769230e-01,0.0000000000e+00,0.0000000000e+00,0.0000000000e+00
39,3.8311523199e-01,-1.4640703797e-01,0.0000000000e+00,0.0000000000e+00,0.0000000000e+00
40,3.8311722875e-01,-1.4639686048e-01,0.0000000000e+00,0.0000000000e+00,0.0000000000e+00
41,3.8311484456e-01,-1.4639163017e-01,0.0000000000e+00,0.0000000000e+00,0.0000000000e+00
42,3.8311114907e-01,-1.4640204608e-01,0.0000000000e+00,0.0000000000e+00,0.0000000000e+00
43,3.8309255242e-01,-1.4639428258e-01,0.0000000000e+00,0.0000000000e+00,0.0000000000e+00
44,3.8312700391e-01,-1.4640454948e-01,0.0000000000e+00,0.0000000000e+00,0.0000000000e+00
45,3.8309097290e-01,-1.4638920128e-01,0.0000000000e+00,0.0000000000e+00,0.0000000000e+00
46,3.8312357664e-01,-1.4640469849e-01,0.0000000000e+00,0.0000000000e+00,0.0000000000e+00
47,3.8310173154e-01,-1.4639461040e-01,0.0000000000e+00,0.0000000000e+00,0.0000000000e+00
48,3.8311615586e-01,-1.4640340209e-01,0.0000000000e+00,0.0000000000e+00,0.0000000000e+00
49,3.8311183453e-01,-1.4639361203e-01,0.0000000000e+00,0.0000000000e+00,0.0000000000e+00
50,3.8311162591e-01,-1.4640276134e-01,0.0000000000e+00,0.0000000000e+00,0.0000000000e+00
51,3.8311272860e-01,-1.4639446139e-01,0.0000000000e+00,0.0000000000e+00,0.0000000000e+00
52,3.8311141729e-01,-1.4639754593e-01,0.0000000000e+00,0.0000000000e+00,0.0000000000e+00
53,3.8310071826e-01,-1.4639177918e-01,0.0000000000e+00,0.0000000000e+00,0.0000000000e+00
54,3.8311222196e-01,-1.4639416337e-01,0.0000000000e+00,0.0000000000e+00,0.0000000000e+00
55,3.8308829069e-01,-1.4638711512e-01,0.0000000000e+00,0.0000000000e+00,0.0000000000e+00
56,3.8310799003e-01,-1.4639313519e-01,0.0000000000e+00,0.0000000000e+00,0.0000000000e+00
57,3.8307771087e-01,-1.4638011158e-01,0.0000000000e+00,0.0000000000e+00,0.0000000000e+00
58,3.8310059905e-01,-1.4639201760e-01,0.0000000000e+00,0.0000000000e+00,0.0000000000e+00
59,3.8307011127e-01,-1.4637215436e-01,0.0000000000e+00,0.0000000000e+00,0.0000000000e+00
60,3.8308992982e-01,-1.4638854563e-01,0.0000000000e+00,0.0000000000e+00,0.0000000000e+00
61,3.8306602836e-01,-1.4636835456e-01,0.0000000000e+00,0.0000000000e+00,0.0000000000e+00
62,3.8306590915e-01,-1.4637443423e-01,0.0000000000e+00,0.0000000000e+00,0.0000000000e+00
63,3.8306170702e-01,-1.4637203515e-01,0.0000000000e+00,0.0000000000e+00,0.0000000000e+00
64,3.8305842876e-01,-1.4636789262e-01,0.0000000000e+00,0.0000000000e+00,0.0000000000e+00
65,3.8305538893e-01,-1.4636355639e-01,0.0000000000e+00,0.0000000000e+00,0.0000000000e+00
66,3.8305914402e-01,-1.4635922015e-01,0.0000000000e+00,0.0000000000e+00,0.0000000000e+00
67,3.8306766748e-01,-1.4636674523e-01,0.0000000000e+00,0.0000000000e+00,0.0000000000e+00
68,3.8304531574e-01,-1.4636704326e-01,0.0000000000e+00,0.0000000000e+00,0.0000000000e+00
69,3.8306105137e-01,-1.4636331797e-01,0.0000000000e+00,0.0000000000e+00,0.0000000000e+00
70,3.8305151463e-01,-1.4636386931e-01,0.0000000000e+00,0.0000000000e+00,0.0000000000e+00
71,3.8304385543e-01,-1.4636853337e-01,0.0000000000e+00,0.0000000000e+00,0.0000000000e+00
72,3.8306272030e-01,-1.4636960626e-01,0.0000000000e+00,0.0000000000e+00,0.0000000000e+00
73,3.8304114342e-01,-1.4636398852e-01,0.0000000000e+00,0.0000000000e+00,0.0000000000e+00
74,3.8306069374e-01,-1.4635545015e-01,0.0000000000e+00,0.0000000000e+00,0.0000000000e+00
75,3.8304063678e-01,-1.4636081457e-01,0.0000000000e+00,0.0000000000e+00,0.0000000000e+00
76,3.8306137919e-01,-1.4635945857e-01,0.0000000000e+00,0.0000000000e+00,0.0000000000e+00
77,3.8304477930e-01,-1.4635305107e-01,0.0000000000e+00,0.0000000000e+00,0.0000000000e+00
78,3.8305407763e-01,-1.4636431634e-01,0.0000000000e+00,0.0000000000e+00,0.0000000000e+00
79,3.8304540515e-01,-1.4634841681e-01,0.0000000000e+00,0.0000000000e+00,0.0000000000e+00
80,3.8304692507e-01,-1.4636051655e-01,0.0000000000e+00,0.0000000000e+00,0.0000000000e+00
81,3.8304603100e-01,-1.4634902775e-01,0.0000000000e+00,0.0000000000e+00,0.0000000000e+00
82,3.8303962350e-01,-1.4635343850e-01,0.0000000000e+00,0.0000000000e+00,0.0000000000e+00
83,3.8304144144e-01,-1.4635062218e-01,0.0000000000e+00,0.0000000000e+00,0.0000000000e+00
84,3.8303762674e-01,-1.4634598792e-01,0.0000000000e+00,0.0000000000e+00,0.0000000000e+00
85,3.8302987814e-01,-1.4634793997e-01,0.0000000000e+00,0.0000000000e+00,0.0000000000e+00
86,3.8303416967e-01,-1.4634494483e-01,0.0000000000e+00,0.0000000000e+00,0.0000000000e+00
87,3.8302472234e-01,-1.4633999765e-01,0.0000000000e+00,0.0000000000e+00,0.0000000000e+00
88,3.8301822543e-01,-1.4633925259e-01,0.0000000000e+00,0.0000000000e+00,0.0000000000e+00
89,3.8301447034e-01,-1.4633357525e-01,0.0000000000e+00,0.0000000000e+00,0.0000000000e+00
90,3.8302293420e-01,-1.4634095132e-01,0.0000000000e+00,0.0000000000e+00,0.0000000000e+00
91,3.8300725818e-01,-1.4633122087e-01,0.0000000000e+00,0.0000000000e+00,0.0000000000e+00
92,3.8301801682e-01,-1.4633664489e-01,0.0000000000e+00,0.0000000000e+00,0.0000000000e+00
93,3.8300296664e-01,-1.4632987976e-01,0.0000000000e+00,0.0000000000e+00,0.0000000000e+00
94,3.8301309943e-01,-1.4633253217e-01,0.0000000000e+00,0.0000000000e+00,0.0000000000e+00
95,3.8299974799e-01,-1.4632804692e-01,0.0000000000e+00,0.0000000000e+00,0.0000000000e+00
96,3.8301071525e-01,-1.4633117616e-01,0.0000000000e+00,0.0000000000e+00,0.0000000000e+00
97,3.8299471140e-01,-1.4632308483e-01,0.0000000000e+00,0.0000000000e+00,0.0000000000e+00
98,3.8301107287e-01,-1.4633187652e-01,0.0000000000e+00,0.0000000000e+00,0.0000000000e+00
99,3.8299030066e-01,-1.4631809294e-01,0.0000000000e+00,0.0000000000e+00,0.0000000000e+00
100,3.8300925493e-01,-1.4633221924e-01,0.0000000000e+00,0.0000000000e+00,0.0000000000e+00
101,3.8298878074e-01,-1.4631558955e-01,0.0000000000e+00,0.0000000000e+00,0.0000000000e+00
102,3.8300564885e-01,-1.4632828534e-01,0.0000000000e+00,0.0000000000e+00,0.0000000000e+00
103,3.8298848271e-01,-1.4631710947e-01,0.0000000000e+00,0.0000000000e+00,0.0000000000e+00
104,3.8300076127e-01,-1.4632123709e-01,0.0000000000e+00,0.0000000000e+00,0.0000000000e+00
105,3.8298639655e-01,-1.4631901681e-01,0.0000000000e+00,0.0000000000e+00,0.0000000000e+00
106,3.8299718499e-01,-1.4631707966e-01,0.0000000000e+00,0.0000000000e+00,0.0000000000e+00
107,3.8299226761e-01,-1.4631415904e-01,0.0000000000e+00,0.0000000000e+00,0.0000000000e+00
108,3.8298848271e-01,-1.4631225169e-01,0.0000000000e+00,0.0000000000e+00,0.0000000000e+00
109,3.8298568130e-01,-1.4631244540e-01,0.0000000000e+00,0.0000000000e+00,0.0000000000e+00
110,3.8298273087e-01,-1.4631278813e-01,0.0000000000e+00,0.0000000000e+00,0.0000000000e+00
111,3.8297960162e-01,-1.4631326497e-01,0.0000000000e+00,0.0000000000e+00,0.0000000000e+00
112,3.8297265768e-01,-1.4631395042e-01,0.0000000000e+00,0.0000000000e+00,0.0000000000e+00
113,3.8297483325e-01,-1.4630571008e-01,0.0000000000e+00,0.0000000000e+00,0.0000000000e+00
114,3.8297176361e-01,-1.4630909264e-01,0.0000000000e+00,0.0000000000e+00,0.0000000000e+00
115,3.8297036290e-01,-1.4630080760e-01,0.0000000000e+00,0.0000000000e+00,0.0000000000e+00
116,3.8296532631e-01,-1.4630278945e-01,0.0000000000e+00,0.0000000000e+00,0.0000000000e+00
117,3.8296499848e-01,-1.4630249143e-01,0.0000000000e+00,0.0000000000e+00,0.0000000000e+00
118,3.8296401501e-01,-1.4629629254e-01,0.0000000000e+00,0.0000000000e+00,0.0000000000e+00
119,3.8295781612e-01,-1.4630028605e-01,0.0000000000e+00,0.0000000000e+00,0.0000000000e+00
120,3.8296180964e-01,-1.4629486203e-01,0.0000000000e+00,0.0000000000e+00,0.0000000000e+00
121,3.8294881582e-01,-1.4629311860e-01,0.0000000000e+00,0.0000000000e+00,0.0000000000e+00
122,3.8296365738e-01,-1.4629919827e-01,0.0000000000e+00,0.0000000000e+00,0.0000000000e+00
123,3.8294237852e-01,-1.4628160000e-01,0.0000000000e+00,0.0000000000e+00,0.0000000000e+00
124,3.8296023011e-01,-1.4630247653e-01,0.0000000000e+00,0.0000000000e+00,0.0000000000e+00
125,3.8293969631e-01,-1.4627660811e-01,0.0000000000e+00,0.0000000000e+00,0.0000000000e+00
126,3.8295570016e-01,-1.4629976451e-01,0.0000000000e+00,0.0000000000e+00,0.0000000000e+00
127,3.8293799758e-01,-1.4627854526e-01,0.0000000000e+00,0.0000000000e+00,0.0000000000e+00
128,3.8295295835e-01,-1.4629051089e-01,0.0000000000e+00,0.0000000000e+00,0.0000000000e+00
129,3.8293474913e-01,-1.4628228545e-01,0.0000000000e+00,0.0000000000e+00,0.0000000000e+00
130,3.8294875622e-01,-1.4628320932e-01,0.0000000000e+00,0.0000000000e+00,0.0000000000e+00
131,3.8293182850e-01,-1.4628198743e-01,0.0000000000e+00,0.0000000000e+00,0.0000000000e+00
132,3.8294285536e-01,-1.4628082514e-01,0.0000000000e+00,0.0000000000e+00,0.0000000000e+00
133,3.8293924928e-01,-1.4627835155e-01,0.0000000000e+00,0.0000000000e+00,0.0000000000e+00
134,3.8293871284e-01,-1.4627955854e-01,0.0000000000e+00,0.0000000000e+00,0.0000000000e+00
135,3.8292968273e-01,-1.4627738297e-01,0.0000000000e+00,0.0000000000e+00,0.0000000000e+00
136,3.8292446733e-01,-1.4627224207e-01,0.0000000000e+00,0.0000000000e+00,0.0000000000e+00
137,3.8293203712e-01,-1.4627505839e-01,0.0000000000e+00,0.0000000000e+00,0.0000000000e+00
138,3.8291952014e-01,-1.4627045393e-01,0.0000000000e+00,0.0000000000e+00,0.0000000000e+00
139,3.8292777538e-01,-1.4627118409e-01,0.0000000000e+00,0.0000000000e+00,0.0000000000e+00
140,3.8291564584e-01,-1.4626675844e-01,0.0000000000e+00,0.0000000000e+00,0.0000000000e+00
141,3.8292279840e-01,-1.4626938105e-01,0.0000000000e+00,0.0000000000e+00,0.0000000000e+00
142,3.8291206956e-01,-1.4626365900e-01,0.0000000000e+00,0.0000000000e+00,0.0000000000e+00
143,3.8292059302e-01,-1.4626853168e-01,0.0000000000e+00,0.0000000000e+00,0.0000000000e+00
144,3.8290512562e-01,-1.4625464380e-01,0.0000000000e+00,0.0000000000e+00,0.0000000000e+00
145,3.8291811943e-01,-1.4627207816e-01,0.0000000000e+00,0.0000000000e+00,0.0000000000e+00
146,3.8291260600e-01,-1.4625935256e-01,0.0000000000e+00,0.0000000000e+00,0.0000000000e+00
147,3.8291507959e-01,-1.4626622200e-01,0.0000000000e+00,0.0000000000e+00,0.0000000000e+00
148,3.8289567828e-01,-1.4625358582e-01,0.0000000000e+00,0.0000000000e+00,0.0000000000e+00
149,3.8291135430e-01,-1.4625990391e-01,0.0000000000e+00,0.0000000000e+00,0.0000000000e+00
150,3.8289365172e-01,-1.4625383914e-01,0.0000000000e+00,0.0000000000e+00,0.0000000000e+00
151,3.8290545344e-01,-1.4625357091e-01,0.0000000000e+00,0.0000000000e+00,0.0000000000e+00
152,3.8289186358e-01,-1.4625397325e-01,0.0000000000e+00,0.0000000000e+00,0.0000000000e+00
153,3.8290092349e-01,-1.4624905586e-01,0.0000000000e+00,0.0000000000e+00,0.0000000000e+00
154,3.8288864493e-01,-1.4625093341e-01,0.0000000000e+00,0.0000000000e+00,0.0000000000e+00
155,3.8289803267e-01,-1.4624875784e-01,0.0000000000e+00,0.0000000000e+00,0.0000000000e+00
156,3.8288369775e-01,-1.4624576271e-01,0.0000000000e+00,0.0000000000e+00,0.0000000000e+00
157,3.8289552927e-01,-1.4624847472e-01,0.0000000000e+00,0.0000000000e+00,0.0000000000e+00
158,3.8287994266e-01,-1.4624173939e-01,0.0000000000e+00,0.0000000000e+00,0.0000000000e+00
159,3.8289079070e-01,-1.4624632895e-01,0.0000000000e+00,0.0000000000e+00,0.0000000000e+00
160,3.8287743926e-01,-1.4623871446e-01,0.0000000000e+00,0.0000000000e+00,0.0000000000e+00
161,3.8288617134e-01,-1.4624378085e-01,0.0000000000e+00,0.0000000000e+00,0.0000000000e+00
162,3.8287311792e-01,-1.4623527229e-01,0.0000000000e+00,0.0000000000e+00,0.0000000000e+00
163,3.8288402557e-01,-1.4624236524e-01,0.0000000000e+00,0.0000000000e+00,0.0000000000e+00
164,3.8286712766e-01,-1.4623074234e-01,0.0000000000e+00,0.0000000000e+00,0.0000000000e+00
165,3.8286763430e-01,-1.4623448253e-01,0.0000000000e+00,0.0000000000e+00,0.0000000000e+00
166,3.8286665082e-01,-1.4623080194e-01,0.0000000000e+00,0.0000000000e+00,0.0000000000e+00
167,3.8286724687e-01,-1.4622649550e-01,0.0000000000e+00,0.0000000000e+00,0.0000000000e+00
168,3.8287666440e-01,-1.4623661339e-01,0.0000000000e+00,0.0000000000e+00,0.0000000000e+00
169,3.8285976648e-01,-1.4622560143e-01,0.0000000000e+00,0.0000000000e+00,0.0000000000e+00
170,3.8286879659e-01,-1.4623084664e-01,0.0000000000e+00,0.0000000000e+00,0.0000000000e+00
171,3.8285681605e-01,-1.4622433484e-01,0.0000000000e+00,0.0000000000e+00,0.0000000000e+00
172,3.8286310434e-01,-1.4622521400e-01,0.0000000000e+00,0.0000000000e+00,0.0000000000e+00
173,3.8285547495e-01,-1.4622573555e-01,0.0000000000e+00,0.0000000000e+00,0.0000000000e+00
174,3.8285878301e-01,-1.4621986449e-01,0.0000000000e+00,0.0000000000e+00,0.0000000000e+00
175,3.8285106421e-01,-1.4622451365e-01,0.0000000000e+00,0.0000000000e+00,0.0000000000e+00
176,3.8285893202e-01,-1.4621837437e-01,0.0000000000e+00,0.0000000000e+00,0.0000000000e+00
177,3.8284337521e-01,-1.4621958137e-01,0.0000000000e+00,0.0000000000e+00,0.0000000000e+00
178,3.8285619020e-01,-1.4621759951e-01,0.0000000000e+00,0.0000000000e+00,0.0000000000e+00
179,3.8284060359e-01,-1.4621560276e-01,0.0000000000e+00,0.0000000000e+00,0.0000000000e+00
180,3.8285109401e-01,-1.4621508121e-01,0.0000000000e+00,0.0000000000e+00,0.0000000000e+00
181,3.8283938169e-01,-1.4621371031e-01,0.0000000000e+00,0.0000000000e+00,0.0000000000e+00
182,3.8284561038e-01,-1.4621104300e-01,0.0000000000e+00,0.0000000000e+00,0.0000000000e+00
183,3.8283666968e-01,-1.4621239901e-01,0.0000000000e+00,0.0000000000e+00,0.0000000000e+00
184,3.8284245133e-01,-1.4620769024e-01,0.0000000000e+00,0.0000000000e+00,0.0000000000e+00
185,3.8283047080e-01,-1.4620842040e-01,0.0000000000e+00,0.0000000000e+00,0.0000000000e+00
186,3.8284209371e-01,-1.4620807767e-01,0.0000000000e+00,0.0000000000e+00,0.0000000000e+00
187,3.8282406330e-01,-1.4620187879e-01,0.0000000000e+00,0.0000000000e+00,0.0000000000e+00
188,3.8284027576e-01,-1.4620965719e-01,0.0000000000e+00,0.0000000000e+00,0.0000000000e+00
189,3.8281834126e-01,-1.4619651437e-01,0.0000000000e+00,0.0000000000e+00,0.0000000000e+00
190,3.8283741474e-01,-1.4620751143e-01,0.0000000000e+00,0.0000000000e+00,0.0000000000e+00
191,3.8281634450e-01,-1.4619474113e-01,0.0000000000e+00,0.0000000000e+00,0.0000000000e+00
192,3.8283100724e-01,-1.4620201290e-01,0.0000000000e+00,0.0000000000e+00,0.0000000000e+00
193,3.8281506300e-01,-1.4619570971e-01,0.0000000000e+00,0.0000000000e+00,0.0000000000e+00
194,3.8282451034e-01,-1.4619742334e-01,0.0000000000e+00,0.0000000000e+00,0.0000000000e+00
195,3.8281294703e-01,-1.4619274437e-01,0.0000000000e+00,0.0000000000e+00,0.0000000000e+00
196,3.8282251358e-01,-1.4619587362e-01,0.0000000000e+00,0.0000000000e+00,0.0000000000e+00
197,3.8281738758e-01,-1.4619138837e-01,0.0000000000e+00,0.0000000000e+00,0.0000000000e+00
198,3.8281869888e-01,-1.4619117975e-01,0.0000000000e+00,0.0000000000e+00,0.0000000000e+00
199,3.8281595707e-01,-1.4619559050e-01,0.0000000000e+00,0.0000000000e+00,0.0000000000e+00
200,3.8280263543e-01,-1.4618386328e-01,0.0000000000e+00,0.0000000000e+00,0.0000000000e+00
201,3.8281449676e-01,-1.4619103074e-01,0.0000000000e+00,0.0000000000e+00,0.0000000000e+00
202,3.8279843330e-01,-1.4618135989e-01,0.0000000000e+00,0.0000000000e+00,0.0000000000e+00
203,3.8281050324e-01,-1.4618739486e-01,0.0000000000e+00,0.0000000000e+00,0.0000000000e+00
204,3.8279423118e-01,-1.4618013799e-01,0.0000000000e+00,0.0000000000e+00,0.0000000000e+00
205,3.8280877471e-01,-1.4618298411e-01,0.0000000000e+00,0.0000000000e+00,0.0000000000e+00
206,3.8278865814e-01,-1.4617836475e-01,0.0000000000e+00,0.0000000000e+00,0.0000000000e+00
207,3.8280820847e-01,-1.4618097246e-01,0.0000000000e+00,0.0000000000e+00,0.0000000000e+00
208,3.8278493285e-01,-1.4617179334e-01,0.0000000000e+00,0.0000000000e+00,0.0000000000e+00
209,3.8280373812e-01,-1.4618305862e-01,0.0000000000e+00,0.0000000000e+00,0.0000000000e+00
210,3.8278245926e-01,-1.4616581798e-01,0.0000000000e+00,0.0000000000e+00,0.0000000000e+00
211,3.8280045986e-01,-1.4618195593e-01,0.0000000000e+00,0.0000000000e+00,0.0000000000e+00
212,3.8277697563e-01,-1.4616401494e-01,0.0000000000e+00,0.0000000000e+00,0.0000000000e+00
213,3.8279721141e-01,-1.4617681503e-01,0.0000000000e+00,0.0000000000e+00,0.0000000000e+00
214,3.8277283311e-01,-1.4616474509e-01,0.0000000000e+00,0.0000000000e+00,0.0000000000e+00
215,3.8278973103e-01,-1.4617174864e-01,0.0000000000e+00,0.0000000000e+00,0.0000000000e+00
216,3.8277515769e-01,-1.4616249502e-01,0.0000000000e+00,0.0000000000e+00,0.0000000000e+00
217,3.8277524710e-01,-1.4616405964e-01,0.0000000000e+00,0.0000000000e+00,0.0000000000e+00
218,3.8277059793e-01,-1.4616267383e-01,0.0000000000e+00,0.0000000000e+00,0.0000000000e+00
219,3.8276636600e-01,-1.4616099000e-01,0.0000000000e+00,0.0000000000e+00,0.0000000000e+00
220,3.8276806474e-01,-1.4616468549e-01,0.0000000000e+00,0.0000000000e+00,0.0000000000e+00
221,3.8277566433e-01,-1.4616674185e-01,0.0000000000e+00,0.0000000000e+00,0.0000000000e+00
222,3.8276347518e-01,-1.4615336061e-01,0.0000000000e+00,0.0000000000e+00,0.0000000000e+00
223,3.8277491927e-01,-1.4616359770e-01,0.0000000000e+00,0.0000000000e+00,0.0000000000e+00
224,3.8276135921e-01,-1.4614973962e-01,0.0000000000e+00,0.0000000000e+00,0.0000000000e+00
225,3.8277077675e-01,-1.4615909755e-01,0.0000000000e+00,0.0000000000e+00,0.0000000000e+00
226,3.8275778294e-01,-1.4614923298e-01,0.0000000000e+00,0.0000000000e+00,0.0000000000e+00
227,3.8276690245e-01,-1.4615361392e-01,0.0000000000e+00,0.0000000000e+00,0.0000000000e+00
228,3.8275316358e-01,-1.4615023136e-01,0.0000000000e+00,0.0000000000e+00,0.0000000000e+00
229,3.8276550174e-01,-1.4615108073e-01,0.0000000000e+00,0.0000000000e+00,0.0000000000e+00
230,3.8274744153e-01,-1.4614434540e-01,0.0000000000e+00,0.0000000000e+00,0.0000000000e+00
231,3.8276320696e-01,-1.4615279436e-01,0.0000000000e+00,0.0000000000e+00,0.0000000000e+00
232,3.8274547458e-01,-1.4613762498e-01,0.0000000000e+00,0.0000000000e+00,0.0000000000e+00
233,3.8275957108e-01,-1.4615049958e-01,0.0000000000e+00,0.0000000000e+00,0.0000000000e+00
234,3.8274109364e-01,-1.4613811672e-01,0.0000000000e+00,0.0000000000e+00,0.0000000000e+00
235,3.8275647163e-01,-1.4614340663e-01,0.0000000000e+00,0.0000000000e+00,0.0000000000e+00
236,3.8273695111e-01,-1.4614079893e-01,0.0000000000e+00,0.0000000000e+00,0.0000000000e+00
237,3.8274982572e-01,-1.4613719285e-01,0.0000000000e+00,0.0000000000e+00,0.0000000000e+00
238,3.8273927569e-01,-1.4613935351e-01,0.0000000000e+00,0.0000000000e+00,0.0000000000e+00
239,3.8273796439e-01,-1.4613519609e-01,0.0000000000e+00,0.0000000000e+00,0.0000000000e+00
240,3.8273924589e-01,-1.4613637328e-01,0.0000000000e+00,0.0000000000e+00,0.0000000000e+00
241,3.8274079561e-01,-1.4613728225e-01,0.0000000000e+00,0.0000000000e+00,0.0000000000e+00
242,3.8274258375e-01,-1.4613795280e-01,0.0000000000e+00,0.0000000000e+00,0.0000000000e+00
243,3.8273864985e-01,-1.4613372087e-01,0.0000000000e+00,0.0000000000e+00,0.0000000000e+00
244,3.8273343444e-01,-1.4612835646e-01,0.0000000000e+00,0.0000000000e+00,0.0000000000e+00
245,3.8272926211e-01,-1.4613053203e-01,0.0000000000e+00,0.0000000000e+00,0.0000000000e+00
246,3.8272738457e-01,-1.4612455666e-01,0.0000000000e+00,0.0000000000e+00,0.0000000000e+00
247,3.8273027539e-01,-1.4612704515e-01,0.0000000000e+00,0.0000000000e+00,0.0000000000e+00
248,3.8272345066e-01,-1.4612345397e-01,0.0000000000e+00,0.0000000000e+00,0.0000000000e+00
249,3.8272559643e-01,-1.4612387121e-01,0.0000000000e+00,0.0000000000e+00,0.0000000000e+00
250,3.8271972537e-01,-1.4612227678e-01,0.0000000000e+00,0.0000000000e+00,0.0000000000e+00
251,3.8272586465e-01,-1.4611721039e-01,0.0000000000e+00,0.0000000000e+00,0.0000000000e+00
252,3.8271152973e-01,-1.4612087607e-01,0.0000000000e+00,0.0000000000e+00,0.0000000000e+00
253,3.8272416592e-01,-1.4611928165e-01,0.0000000000e+00,0.0000000000e+00,0.0000000000e+00
254,3.8270962238e-01,-1.4611025155e-01,0.0000000000e+00,0.0000000000e+00,0.0000000000e+00
255,3.8271984458e-01,-1.4612095058e-01,0.0000000000e+00,0.0000000000e+00,0.0000000000e+00
256,3.8270497322e-01,-1.4610974491e-01,0.0000000000e+00,0.0000000000e+00,0.0000000000e+00
257,3.8271796703e-01,-1.4611460268e-01,0.0000000000e+00,0.0000000000e+00,0.0000000000e+00
258,3.8270118833e-01,-1.4611154795e-01,0.0000000000e+00,0.0000000000e+00,0.0000000000e+00
259,3.8271251321e-01,-1.4610888064e-01,0.0000000000e+00,0.0000000000e+00,0.0000000000e+00
260,3.8270023465e-01,-1.4611192048e-01,0.0000000000e+00,0.0000000000e+00,0.0000000000e+00
261,3.8270595670e-01,-1.4610466361e-01,0.0000000000e+00,0.0000000000e+00,0.0000000000e+00
262,3.8270139694e-01,-1.4610733092e-01,0.0000000000e+00,0.0000000000e+00,0.0000000000e+00
263,3.8269367814e-01,-1.4610135555e-01,0.0000000000e+00,0.0000000000e+00,0.0000000000e+00
264,3.8269209862e-01,-1.4609880745e-01,0.0000000000e+00,0.0000000000e+00,0.0000000000e+00
265,3.8269084692e-01,-1.4609587193e-01,0.0000000000e+00,0.0000000000e+00,0.0000000000e+00
266,3.8269299269e-01,-1.4609920979e-01,0.0000000000e+00,0.0000000000e+00,0.0000000000e+00
267,3.8268873096e-01,-1.4609676600e-01,0.0000000000e+00,0.0000000000e+00,0.0000000000e+00
268,3.8269612193e-01,-1.4609910548e-01,0.0000000000e+00,0.0000000000e+00,0.0000000000e+00
269,3.8268762827e-01,-1.4609687030e-01,0.0000000000e+00,0.0000000000e+00,0.0000000000e+00
270,3.8269138336e-01,-1.4609396458e-01,0.0000000000e+00,0.0000000000e+00,0.0000000000e+00
271,3.8268527389e-01,-1.4609752595e-01,0.0000000000e+00,0.0000000000e+00,0.0000000000e+00
272,3.8268858194e-01,-1.4608797431e-01,0.0000000000e+00,0.0000000000e+00,0.0000000000e+00
273,3.8268131018e-01,-1.4609727263e-01,0.0000000000e+00,0.0000000000e+00,0.0000000000e+00
274,3.8268458843e-01,-1.4608545601e-01,0.0000000000e+00,0.0000000000e+00,0.0000000000e+00
275,3.8267612457e-01,-1.4608925581e-01,0.0000000000e+00,0.0000000000e+00,0.0000000000e+00
276,3.8268506527e-01,-1.4608922601e-01,0.0000000000e+00,0.0000000000e+00,0.0000000000e+00
277,3.8267055154e-01,-1.4608520269e-01,0.0000000000e+00,0.0000000000e+00,0.0000000000e+00
278,3.8268208504e-01,-1.4608599246e-01,0.0000000000e+00,0.0000000000e+00,0.0000000000e+00
279,3.8266861439e-01,-1.4608414471e-01,0.0000000000e+00,0.0000000000e+00,0.0000000000e+00
280,3.8267877698e-01,-1.4608244598e-01,0.0000000000e+00,0.0000000000e+00,0.0000000000e+00
281,3.8266673684e-01,-1.4608305693e-01,0.0000000000e+00,0.0000000000e+00,0.0000000000e+00
282,3.8267242908e-01,-1.4607794583e-01,0.0000000000e+00,0.0000000000e+00,0.0000000000e+00
283,3.8266465068e-01,-1.4608021080e-01,0.0000000000e+00,0.0000000000e+00,0.0000000000e+00
284,3.8266909122e-01,-1.4607669413e-01,0.0000000000e+00,0.0000000000e+00,0.0000000000e+00
285,3.8266313076e-01,-1.4607535303e-01,0.0000000000e+00,0.0000000000e+00,0.0000000000e+00
286,3.8265529275e-01,-1.4607226849e-01,0.0000000000e+00,0.0000000000e+00,0.0000000000e+00
287,3.8265058398e-01,-1.4606283605e-01,0.0000000000e+00,0.0000000000e+00,0.0000000000e+00
288,3.8266322017e-01,-1.4607354999e-01,0.0000000000e+00,0.0000000000e+00,0.0000000000e+00
289,3.8265159726e-01,-1.4606729150e-01,0.0000000000e+00,0.0000000000e+00,0.0000000000e+00
290,3.8266080618e-01,-1.4607062936e-01,0.0000000000e+00,0.0000000000e+00,0.0000000000e+00
291,3.8265061378e-01,-1.4606891572e-01,0.0000000000e+00,0.0000000000e+00,0.0000000000e+00
292,3.8265630603e-01,-1.4606475830e-01,0.0000000000e+00,0.0000000000e+00,0.0000000000e+00
293,3.8264825940e-01,-1.4606958628e-01,0.0000000000e+00,0.0000000000e+00,0.0000000000e+00
294,3.8265311718e-01,-1.4605998993e-01,0.0000000000e+00,0.0000000000e+00,0.0000000000e+00
295,3.8264375925e-01,-1.4606635273e-01,0.0000000000e+00,0.0000000000e+00,0.0000000000e+00
296,3.8265278935e-01,-1.4606203139e-01,0.0000000000e+00,0.0000000000e+00,0.0000000000e+00
297,3.8263806701e-01,-1.4605993032e-01,0.0000000000e+00,0.0000000000e+00,0.0000000000e+00
298,3.8264986873e-01,-1.4606027305e-01,0.0000000000e+00,0.0000000000e+00,0.0000000000e+00
299,3.8263663650e-01,-1.4605747163e-01,0.0000000000e+00,0.0000000000e+00,0.0000000000e+00
300,3.8264387846e-01,-1.4605695009e-01,0.0000000000e+00,0.0000000000e+00,0.0000000000e+00
301,3.8263636827e-01,-1.4605633914e-01,0.0000000000e+00,0.0000000000e+00,0.0000000000e+00
302,3.8263887167e-01,-1.4605298638e-01,0.0000000000e+00,0.0000000000e+00,0.0000000000e+00
303,3.8263332844e-01,-1.4605441689e-01,0.0000000000e+00,0.0000000000e+00,0.0000000000e+00
304,3.8263723254e-01,-1.4605163038e-01,0.0000000000e+00,0.0000000000e+00,0.0000000000e+00
305,3.8262838125e-01,-1.4604924619e-01,0.0000000000e+00,0.0000000000e+00,0.0000000000e+00
306,3.8263475895e-01,-1.4605312049e-01,0.0000000000e+00,0.0000000000e+00,0.0000000000e+00
307,3.8262414932e-01,-1.4604054391e-01,0.0000000000e+00,0.0000000000e+00,0.0000000000e+00
308,3.8262197375e-01,-1.4604675770e-01,0.0000000000e+00,0.0000000000e+00,0.0000000000e+00
309,3.8261508942e-01,-1.4603538811e-01,0.0000000000e+00,0.0000000000e+00,0.0000000000e+00
310,3.8262993097e-01,-1.4604540169e-01,0.0000000000e+00,0.0000000000e+00,0.0000000000e+00
311,3.8261616230e-01,-1.4604006708e-01,0.0000000000e+00,0.0000000000e+00,0.0000000000e+00
312,3.8262704015e-01,-1.4604219794e-01,0.0000000000e+00,0.0000000000e+00,0.0000000000e+00
313,3.8261437416e-01,-1.4604045451e-01,0.0000000000e+00,0.0000000000e+00,0.0000000000e+00
314,3.8262426853e-01,-1.4603978395e-01,0.0000000000e+00,0.0000000000e+00,0.0000000000e+00
315,3.8261088729e-01,-1.4603824914e-01,0.0000000000e+00,0.0000000000e+00,0.0000000000e+00
316,3.8262188435e-01,-1.4603719115e-01,0.0000000000e+00,0.0000000000e+00,0.0000000000e+00
317,3.8260641694e-01,-1.4603403211e-01,0.0000000000e+00,0.0000000000e+00,0.0000000000e+00
318,3.8261961937e-01,-1.4603492618e-01,0.0000000000e+00,0.0000000000e+00,0.0000000000e+00
319,3.8260334730e-01,-1.4603054523e-01,0.0000000000e+00,0.0000000000e+00,0.0000000000e+00
320,3.8261541724e-01,-1.4603339136e-01,0.0000000000e+00,0.0000000000e+00,0.0000000000e+00
321,3.8260197639e-01,-1.4602793753e-01,0.0000000000e+00,0.0000000000e+00,0.0000000000e+00
322,3.8261094689e-01,-1.4603097737e-01,0.0000000000e+00,0.0000000000e+00,0.0000000000e+00
323,3.8259938359e-01,-1.4602494240e-01,0.0000000000e+00,0.0000000000e+00,0.0000000000e+00
324,3.8260868192e-01,-1.4602895081e-01,0.0000000000e+00,0.0000000000e+00,0.0000000000e+00
325,3.8259488344e-01,-1.4602127671e-01,0.0000000000e+00,0.0000000000e+00,0.0000000000e+00
326,3.8260725141e-01,-1.4602892101e-01,0.0000000000e+00,0.0000000000e+00,0.0000000000e+00
327,3.8259014487e-01,-1.4601552486e-01,0.0000000000e+00,0.0000000000e+00,0.0000000000e+00
328,3.8259106874e-01,-1.4602047205e-01,0.0000000000e+00,0.0000000000e+00,0.0000000000e+00
329,3.8258838654e-01,-1.4601612091e-01,0.0000000000e+00,0.0000000000e+00,0.0000000000e+00
330,3.8258588314e-01,-1.4601165056e-01,0.0000000000e+00,0.0000000000e+00,0.0000000000e+00
331,3.8258355856e-01,-1.4600706100e-01,0.0000000000e+00,0.0000000000e+00,0.0000000000e+00
332,3.8258212805e-01,-1.4600054920e-01,0.0000000000e+00,0.0000000000e+00,0.0000000000e+00
333,3.8259464502e-01,-1.4601702988e-01,0.0000000000e+00,0.0000000000e+00,0.0000000000e+00
334,3.8258036971e-01,-1.4600928128e-01,0.0000000000e+00,0.0000000000e+00,0.0000000000e+00
335,3.8259142637e-01,-1.4601320028e-01,0.0000000000e+00,0.0000000000e+00,0.0000000000e+00
336,3.8257998228e-01,-1.4601129293e-01,0.0000000000e+00,0.0000000000e+00,0.0000000000e+00
337,3.8258770108e-01,-1.4600773156e-01,0.0000000000e+00,0.0000000000e+00,0.0000000000e+00
338,3.8257738948e-01,-1.4601182938e-01,0.0000000000e+00,0.0000000000e+00,0.0000000000e+00
339,3.8258492947e-01,-1.4600507915e-01,0.0000000000e+00,0.0000000000e+00,0.0000000000e+00
340,3.8257387280e-01,-1.4600892365e-01,0.0000000000e+00,0.0000000000e+00,0.0000000000e+00
341,3.8258308172e-01,-1.4600396156e-01,0.0000000000e+00,0.0000000000e+00,0.0000000000e+00
342,3.8256910443e-01,-1.4600266516e-01,0.0000000000e+00,0.0000000000e+00,0.0000000000e+00
343,3.8258025050e-01,-1.4600451291e-01,0.0000000000e+00,0.0000000000e+00,0.0000000000e+00
344,3.8256716728e-01,-1.4599718153e-01,0.0000000000e+00,0.0000000000e+00,0.0000000000e+00
345,3.8257679343e-01,-1.4600530267e-01,0.0000000000e+00,0.0000000000e+00,0.0000000000e+00
346,3.8256347179e-01,-1.4599266648e-01,0.0000000000e+00,0.0000000000e+00,0.0000000000e+00
347,3.8257610798e-01,-1.4600419998e-01,0.0000000000e+00,0.0000000000e+00,0.0000000000e+00
348,3.8255757093e-01,-1.4598886669e-01,0.0000000000e+00,0.0000000000e+00,0.0000000000e+00
349,3.8257473707e-01,-1.4600309730e-01,0.0000000000e+00,0.0000000000e+00,0.0000000000e+00
350,3.8255447149e-01,-1.4598463476e-01,0.0000000000e+00,0.0000000000e+00,0.0000000000e+00
351,3.8255620003e-01,-1.4599107206e-01,0.0000000000e+00,0.0000000000e+00,0.0000000000e+00
352,3.8255435228e-01,-1.4598864317e-01,0.0000000000e+00,0.0000000000e+00,0.0000000000e+00
353,3.8255265355e-01,-1.4598609507e-01,0.0000000000e+00,0.0000000000e+00,0.0000000000e+00
354,3.8255190849e-01,-1.4598068595e-01,0.0000000000e+00,0.0000000000e+00,0.0000000000e+00
355,3.8256442547e-01,-1.4598983526e-01,0.0000000000e+00,0.0000000000e+00,0.0000000000e+00
356,3.8254797459e-01,-1.4598219097e-01,0.0000000000e+00,0.0000000000e+00,0.0000000000e+00
357,3.8255873322e-01,-1.4598558843e-01,0.0000000000e+00,0.0000000000e+00,0.0000000000e+00
358,3.8254773617e-01,-1.4598459005e-01,0.0000000000e+00,0.0000000000e+00,0.0000000000e+00
359,3.8255372643e-01,-1.4597949386e-01,0.0000000000e+00,0.0000000000e+00,0.0000000000e+00
360,3.8254711032e-01,-1.4598490298e-01,0.0000000000e+00,0.0000000000e+00,0.0000000000e+00
361,3.8254818320e-01,-1.4597539604e-01,0.0000000000e+00,0.0000000000e+00,0.0000000000e+00
362,3.8254597783e-01,-1.4598309994e-01,0.0000000000e+00,0.0000000000e+00,0.0000000000e+00
363,3.8254570961e-01,-1.4597435296e-01,0.0000000000e+00,0.0000000000e+00,0.0000000000e+00
364,3.8254055381e-01,-1.4597705007e-01,0.0000000000e+00,0.0000000000e+00,0.0000000000e+00
365,3.8254559040e-01,-1.4597702026e-01,0.0000000000e+00,0.0000000000e+00,0.0000000000e+00
366,3.8253661990e-01,-1.4596913755e-01,0.0000000000e+00,0.0000000000e+00,0.0000000000e+00
367,3.8254266977e-01,-1.4597870409e-01,0.0000000000e+00,0.0000000000e+00,0.0000000000e+00
368,3.8253235817e-01,-1.4596332610e-01,0.0000000000e+00,0.0000000000e+00,0.0000000000e+00
369,3.8254183531e-01,-1.4597727358e-01,0.0000000000e+00,0.0000000000e+00,0.0000000000e+00
370,3.8252750039e-01,-1.4596186578e-01,0.0000000000e+00,0.0000000000e+00,0.0000000000e+00
371,3.8254106045e-01,-1.4597341418e-01,0.0000000000e+00,0.0000000000e+00,0.0000000000e+00
372,3.8252317905e-01,-1.4596006274e-01,0.0000000000e+00,0.0000000000e+00,0.0000000000e+00
373,3.8253891468e-01,-1.4597061276e-01,0.0000000000e+00,0.0000000000e+00,0.0000000000e+00
374,3.8251930475e-01,-1.4595818520e-01,0.0000000000e+00,0.0000000000e+00,0.0000000000e+00
375,3.8253495097e-01,-1.4596801996e-01,0.0000000000e+00,0.0000000000e+00,0.0000000000e+00
376,3.8251811266e-01,-1.4595547318e-01,0.0000000000e+00,0.0000000000e+00,0.0000000000e+00
377,3.8253206015e-01,-1.4596469700e-01,0.0000000000e+00,0.0000000000e+00,0.0000000000e+00
378,3.8251736760e-01,-1.4595466852e-01,0.0000000000e+00,0.0000000000e+00,0.0000000000e+00
379,3.8252717257e-01,-1.4595985413e-01,0.0000000000e+00,0.0000000000e+00,0.0000000000e+00
380,3.8251575828e-01,-1.4595437050e-01,0.0000000000e+00,0.0000000000e+00,0.0000000000e+00
381,3.8251578808e-01,-1.4595539868e-01,0.0000000000e+00,0.0000000000e+00,0.0000000000e+00
382,3.8251411915e-01,-1.4595551789e-01,0.0000000000e+00,0.0000000000e+00,0.0000000000e+00
383,3.8251370192e-01,-1.4595174789e-01,0.0000000000e+00,0.0000000000e+00,0.0000000000e+00
384,3.8252109289e-01,-1.4595286548e-01,0.0000000000e+00,0.0000000000e+00,0.0000000000e+00
385,3.8250643015e-01,-1.4594671130e-01,0.0000000000e+00,0.0000000000e+00,0.0000000000e+00
386,3.8251975179e-01,-1.4595468342e-01,0.0000000000e+00,0.0000000000e+00,0.0000000000e+00
387,3.8250103593e-01,-1.4593966305e-01,0.0000000000e+00,0.0000000000e+00,0.0000000000e+00
388,3.8251894712e-01,-1.4595603943e-01,0.0000000000e+00,0.0000000000e+00,0.0000000000e+00
389,3.8249665499e-01,-1.4593474567e-01,0.0000000000e+00,0.0000000000e+00,0.0000000000e+00
390,3.8251700997e-01,-1.4595468342e-01,0.0000000000e+00,0.0000000000e+00,0.0000000000e+00
391,3.8249269128e-01,-1.4593213797e-01,0.0000000000e+00,0.0000000000e+00,0.0000000000e+00
392,3.8251543045e-01,-1.4595231414e-01,0.0000000000e+00,0.0000000000e+00,0.0000000000e+00
393,3.8248926401e-01,-1.4592900872e-01,0.0000000000e+00,0.0000000000e+00,0.0000000000e+00
394,3.8251215219e-01,-1.4595052600e-01,0.0000000000e+00,0.0000000000e+00,0.0000000000e+00
395,3.8250514865e-01,-1.4593744278e-01,0.0000000000e+00,0.0000000000e+00,0.0000000000e+00
396,3.8250699639e-01,-1.4594084024e-01,0.0000000000e+00,0.0000000000e+00,0.0000000000e+00
397,3.8250428438e-01,-1.4594665170e-01,0.0000000000e+00,0.0000000000e+00,0.0000000000e+00
398,3.8248932362e-01,-1.4593379200e-01,0.0000000000e+00,0.0000000000e+00,0.0000000000e+00
399,3.8249933720e-01,-1.4593319595e-01,0.0000000000e+00,0.0000000000e+00,0.0000000000e+00
400,3.8248750567e-01,-1.4593200386e-01,0.0000000000e+00,0.0000000000e+00,0.0000000000e+00
401,3.8249418139e-01,-1.4592747390e-01,0.0000000000e+00,0.0000000000e+00,0.0000000000e+00
402,3.8248613477e-01,-1.4593298733e-01,0.0000000000e+00,0.0000000000e+00,0.0000000000e+00
403,3.8249045610e-01,-1.4592358470e-01,0.0000000000e+00,0.0000000000e+00,0.0000000000e+00
404,3.8248303533e-01,-1.4593000710e-01,0.0000000000e+00,0.0000000000e+00,0.0000000000e+00
405,3.8248884678e-01,-1.4592447877e-01,0.0000000000e+00,0.0000000000e+00,0.0000000000e+00
406,3.8247838616e-01,-1.4592243731e-01,0.0000000000e+00,0.0000000000e+00,0.0000000000e+00
407,3.8248673081e-01,-1.4592732489e-01,0.0000000000e+00,0.0000000000e+00,0.0000000000e+00
408,3.8248464465e-01,-1.4592382312e-01,0.0000000000e+00,0.0000000000e+00,0.0000000000e+00
409,3.8248237967e-01,-1.4592522383e-01,0.0000000000e+00,0.0000000000e+00,0.0000000000e+00
410,3.8247114420e-01,-1.4591398835e-01,0.0000000000e+00,0.0000000000e+00,0.0000000000e+00
411,3.8248270750e-01,-1.4592257142e-01,0.0000000000e+00,0.0000000000e+00,0.0000000000e+00
412,3.8246908784e-01,-1.4591357112e-01,0.0000000000e+00,0.0000000000e+00,0.0000000000e+00
413,3.8247957826e-01,-1.4591714740e-01,0.0000000000e+00,0.0000000000e+00,0.0000000000e+00
414,3.8246738911e-01,-1.4591461420e-01,0.0000000000e+00,0.0000000000e+00,0.0000000000e+00
415,3.8247564435e-01,-1.4591102302e-01,0.0000000000e+00,0.0000000000e+00,0.0000000000e+00
416,3.8246592879e-01,-1.4591576159e-01,0.0000000000e+00,0.0000000000e+00,0.0000000000e+00
417,3.8247343898e-01,-1.4590774477e-01,0.0000000000e+00,0.0000000000e+00,0.0000000000e+00
418,3.8246199489e-01,-1.4591248333e-01,0.0000000000e+00,0.0000000000e+00,0.0000000000e+00
419,3.8247063756e-01,-1.4590440691e-01,0.0000000000e+00,0.0000000000e+00,0.0000000000e+00
420,3.8246044517e-01,-1.4591136575e-01,0.0000000000e+00,0.0000000000e+00,0.0000000000e+00
421,3.8246619701e-01,-1.4590136707e-01,0.0000000000e+00,0.0000000000e+00,0.0000000000e+00
422,3.8245972991e-01,-1.4590924978e-01,0.0000000000e+00,0.0000000000e+00,0.0000000000e+00
423,3.8246184587e-01,-1.4589934051e-01,0.0000000000e+00,0.0000000000e+00,0.0000000000e+00
424,3.8245791197e-01,-1.4590601623e-01,0.0000000000e+00,0.0000000000e+00,0.0000000000e+00
425,3.8245913386e-01,-1.4589883387e-01,0.0000000000e+00,0.0000000000e+00,0.0000000000e+00
426,3.8245424628e-01,-1.4590115845e-01,0.0000000000e+00,0.0000000000e+00,0.0000000000e+00
427,3.8245835900e-01,-1.4589926600e-01,0.0000000000e+00,0.0000000000e+00,0.0000000000e+00
428,3.8244837523e-01,-1.4589452744e-01,0.0000000000e+00,0.0000000000e+00,0.0000000000e+00
429,3.8245940208e-01,-1.4590115845e-01,0.0000000000e+00,0.0000000000e+00,0.0000000000e+00
430,3.8244223595e-01,-1.4588864148e-01,0.0000000000e+00,0.0000000000e+00,0.0000000000e+00
431,3.8245964050e-01,-1.4590074122e-01,0.0000000000e+00,0.0000000000e+00,0.0000000000e+00
432,3.8243776560e-01,-1.4588610828e-01,0.0000000000e+00,0.0000000000e+00,0.0000000000e+00
433,3.8245773315e-01,-1.4589659870e-01,0.0000000000e+00,0.0000000000e+00,0.0000000000e+00
434,3.8243424892e-01,-1.4588433504e-01,0.0000000000e+00,0.0000000000e+00,0.0000000000e+00
435,3.8245540857e-01,-1.4589206874e-01,0.0000000000e+00,0.0000000000e+00,0.0000000000e+00
436,3.8243126869e-01,-1.4588412642e-01,0.0000000000e+00,0.0000000000e+00,0.0000000000e+00
437,3.8245362043e-01,-1.4588971436e-01,0.0000000000e+00,0.0000000000e+00,0.0000000000e+00
438,3.8242867589e-01,-1.4588245749e-01,0.0000000000e+00,0.0000000000e+00,0.0000000000e+00
439,3.8245022297e-01,-1.4588680863e-01,0.0000000000e+00,0.0000000000e+00,0.0000000000e+00
440,3.8242787123e-01,-1.4588071406e-01,0.0000000000e+00,0.0000000000e+00,0.0000000000e+00
441,3.8244539499e-01,-1.4588251710e-01,0.0000000000e+00,0.0000000000e+00,0.0000000000e+00
442,3.8242769241e-01,-1.4588065445e-01,0.0000000000e+00,0.0000000000e+00,0.0000000000e+00
443,3.8244006038e-01,-1.4587873220e-01,0.0000000000e+00,0.0000000000e+00,0.0000000000e+00
444,3.8242745399e-01,-1.4587801695e-01,0.0000000000e+00,0.0000000000e+00,0.0000000000e+00
445,3.8243654370e-01,-1.4587756991e-01,0.0000000000e+00,0.0000000000e+00,0.0000000000e+00
446,3.8243424892e-01,-1.4587736130e-01,0.0000000000e+00,0.0000000000e+00,0.0000000000e+00
447,3.8243168592e-01,-1.4587758482e-01,0.0000000000e+00,0.0000000000e+00,0.0000000000e+00
448,3.8243034482e-01,-1.4587929845e-01,0.0000000000e+00,0.0000000000e+00,0.0000000000e+00
449,3.8242900372e-01,-1.4588102698e-01,0.0000000000e+00,0.0000000000e+00,0.0000000000e+00
450,3.8242766261e-01,-1.4588272572e-01,0.0000000000e+00,0.0000000000e+00,0.0000000000e+00
451,3.8241332769e-01,-1.4585907757e-01,0.0000000000e+00,0.0000000000e+00,0.0000000000e+00
452,3.8242337108e-01,-1.4585962892e-01,0.0000000000e+00,0.0000000000e+00,0.0000000000e+00
453,3.8241127133e-01,-1.4587166905e-01,0.0000000000e+00,0.0000000000e+00,0.0000000000e+00
454,3.8242492080e-01,-1.4586123824e-01,0.0000000000e+00,0.0000000000e+00,0.0000000000e+00
455,3.8241234422e-01,-1.4586982131e-01,0.0000000000e+00,0.0000000000e+00,0.0000000000e+00
456,3.8241976500e-01,-1.4585937560e-01,0.0000000000e+00,0.0000000000e+00,0.0000000000e+00
457,3.8241800666e-01,-1.4586965740e-01,0.0000000000e+00,0.0000000000e+00,0.0000000000e+00
458,3.8241362572e-01,-1.4585983753e-01,0.0000000000e+00,0.0000000000e+00,0.0000000000e+00
459,3.8242408633e-01,-1.4586240053e-01,0.0000000000e+00,0.0000000000e+00,0.0000000000e+00
460,3.8239920139e-01,-1.4585879445e-01,0.0000000000e+00,0.0000000000e+00,0.0000000000e+00
461,3.8242182136e-01,-1.4585924149e-01,0.0000000000e+00,0.0000000000e+00,0.0000000000e+00
462,3.8239941001e-01,-1.4585536718e-01,0.0000000000e+00,0.0000000000e+00,0.0000000000e+00
463,3.8241243362e-01,-1.4585520327e-01,0.0000000000e+00,0.0000000000e+00,0.0000000000e+00
464,3.8240113854e-01,-1.4585484564e-01,0.0000000000e+00,0.0000000000e+00,0.0000000000e+00
465,3.8241049647e-01,-1.4585202932e-01,0.0000000000e+00,0.0000000000e+00,0.0000000000e+00
466,3.8239645958e-01,-1.4585310221e-01,0.0000000000e+00,0.0000000000e+00,0.0000000000e+00
467,3.8241019845e-01,-1.4584961534e-01,0.0000000000e+00,0.0000000000e+00,0.0000000000e+00
468,3.8239476085e-01,-1.4585044980e-01,0.0000000000e+00,0.0000000000e+00,0.0000000000e+00
469,3.8240507245e-01,-1.4584764838e-01,0.0000000000e+00,0.0000000000e+00,0.0000000000e+00
470,3.8239568472e-01,-1.4584696293e-01,0.0000000000e+00,0.0000000000e+00,0.0000000000e+00
471,3.8239964843e-01,-1.4584812522e-01,0.0000000000e+00,0.0000000000e+00,0.0000000000e+00
472,3.8239634037e-01,-1.4584045112e-01,0.0000000000e+00,0.0000000000e+00,0.0000000000e+00
473,3.8239267468e-01,-1.4584864676e-01,0.0000000000e+00,0.0000000000e+00,0.0000000000e+00
474,3.8239994645e-01,-1.4585100114e-01,0.0000000000e+00,0.0000000000e+00,0.0000000000e+00
475,3.8239175081e-01,-1.4584729075e-01,0.0000000000e+00,0.0000000000e+00,0.0000000000e+00
476,3.8238605857e-01,-1.4582911134e-01,0.0000000000e+00,0.0000000000e+00,0.0000000000e+00
477,3.8239619136e-01,-1.4584986866e-01,0.0000000000e+00,0.0000000000e+00,0.0000000000e+00
478,3.8238012791e-01,-1.4582714438e-01,0.0000000000e+00,0.0000000000e+00,0.0000000000e+00
479,3.8239637017e-01,-1.4584484696e-01,0.0000000000e+00,0.0000000000e+00,0.0000000000e+00
480,3.8237705827e-01,-1.4582976699e-01,0.0000000000e+00,0.0000000000e+00,0.0000000000e+00
481,3.8239413500e-01,-1.4583590627e-01,0.0000000000e+00,0.0000000000e+00,0.0000000000e+00
482,3.8237506151e-01,-1.4583194256e-01,0.0000000000e+00,0.0000000000e+00,0.0000000000e+00
483,3.8239076734e-01,-1.4583148062e-01,0.0000000000e+00,0.0000000000e+00,0.0000000000e+00
484,3.8237312436e-01,-1.4582824707e-01,0.0000000000e+00,0.0000000000e+00,0.0000000000e+00
485,3.8238808513e-01,-1.4583320916e-01,0.0000000000e+00,0.0000000000e+00,0.0000000000e+00
486,3.8237670064e-01,-1.4582304657e-01,0.0000000000e+00,0.0000000000e+00,0.0000000000e+00
487,3.8238206506e-01,-1.4583009481e-01,0.0000000000e+00,0.0000000000e+00,0.0000000000e+00
488,3.8237339258e-01,-1.4582343400e-01,0.0000000000e+00,0.0000000000e+00,0.0000000000e+00
489,3.8237714767e-01,-1.4582620561e-01,0.0000000000e+00,0.0000000000e+00,0.0000000000e+00
490,3.8237214088e-01,-1.4582294226e-01,0.0000000000e+00,0.0000000000e+00,0.0000000000e+00
491,3.8237601519e-01,-1.4581979811e-01,0.0000000000e+00,0.0000000000e+00,0.0000000000e+00
492,3.8236936927e-01,-1.4582252502e-01,0.0000000000e+00,0.0000000000e+00,0.0000000000e+00
493,3.8237228990e-01,-1.4582031965e-01,0.0000000000e+00,0.0000000000e+00,0.0000000000e+00
494,3.8236671686e-01,-1.4581629634e-01,0.0000000000e+00,0.0000000000e+00,0.0000000000e+00
495,3.8237065077e-01,-1.4582243562e-01,0.0000000000e+00,0.0000000000e+00,0.0000000000e+00
496,3.8236269355e-01,-1.4580896497e-01,0.0000000000e+00,0.0000000000e+00,0.0000000000e+00
497,3.8236659765e-01,-1.4582313597e-01,0.0000000000e+00,0.0000000000e+00,0.0000000000e+00
498,3.8237020373e-01,-1.4581538737e-01,0.0000000000e+00,0.0000000000e+00,0.0000000000e+00
499,3.8236409426e-01,-1.4582298696e-01,0.0000000000e+00,0.0000000000e+00,0.0000000000e+00
500,3.8235595822e-01,-1.4579872787e-01,0.0000000000e+00,0.0000000000e+00,0.0000000000e+00
501,3.8236725330e-01,-1.4582447708e-01,0.0000000000e+00,0.0000000000e+00,0.0000000000e+00
502,3.8234826922e-01,-1.4579550922e-01,0.0000000000e+00,0.0000000000e+00,0.0000000000e+00
503,3.8237118721e-01,-1.4581964910e-01,0.0000000000e+00,0.0000000000e+00,0.0000000000e+00
504,3.8234469295e-01,-1.4579638839e-01,0.0000000000e+00,0.0000000000e+00,0.0000000000e+00
505,3.8236749172e-01,-1.4581474662e-01,0.0000000000e+00,0.0000000000e+00,0.0000000000e+00
506,3.8234344125e-01,-1.4579780400e-01,0.0000000000e+00,0.0000000000e+00,0.0000000000e+00
507,3.8236337900e-01,-1.4580842853e-01,0.0000000000e+00,0.0000000000e+00,0.0000000000e+00
508,3.8235482574e-01,-1.4579820633e-01,0.0000000000e+00,0.0000000000e+00,0.0000000000e+00
509,3.8235569000e-01,-1.4579962194e-01,0.0000000000e+00,0.0000000000e+00,0.0000000000e+00
510,3.8234782219e-01,-1.4580456913e-01,0.0000000000e+00,0.0000000000e+00,0.0000000000e+00
511,3.8235020638e-01,-1.4579539001e-01,0.0000000000e+00,0.0000000000e+00,0.0000000000e+00
512,3.8234588504e-01,-1.4580015838e-01,0.0000000000e+00,0.0000000000e+00,0.0000000000e+00
513,3.8234731555e-01,-1.4579556882e-01,0.0000000000e+00,0.0000000000e+00,0.0000000000e+00
514,3.8234370947e-01,-1.4579515159e-01,0.0000000000e+00,0.0000000000e+00,0.0000000000e+00
515,3.8234427571e-01,-1.4579674602e-01,0.0000000000e+00,0.0000000000e+00,0.0000000000e+00
516,3.8234210014e-01,-1.4578938484e-01,0.0000000000e+00,0.0000000000e+00,0.0000000000e+00
517,3.8234233856e-01,-1.4579746127e-01,0.0000000000e+00,0.0000000000e+00,0.0000000000e+00
518,3.8233765960e-01,-1.4578390121e-01,0.0000000000e+00,0.0000000000e+00,0.0000000000e+00
519,3.8234293461e-01,-1.4579837024e-01,0.0000000000e+00,0.0000000000e+00,0.0000000000e+00
520,3.8233253360e-01,-1.4577819407e-01,0.0000000000e+00,0.0000000000e+00,0.0000000000e+00
521,3.8234421611e-01,-1.4579898119e-01,0.0000000000e+00,0.0000000000e+00,0.0000000000e+00
522,3.8232612610e-01,-1.4577449858e-01,0.0000000000e+00,0.0000000000e+00,0.0000000000e+00
523,3.8234499097e-01,-1.4579582214e-01,0.0000000000e+00,0.0000000000e+00,0.0000000000e+00
524,3.8232129812e-01,-1.4577510953e-01,0.0000000000e+00,0.0000000000e+00,0.0000000000e+00
525,3.8234281540e-01,-1.4579066634e-01,0.0000000000e+00,0.0000000000e+00,0.0000000000e+00
526,3.8232025504e-01,-1.4577534795e-01,0.0000000000e+00,0.0000000000e+00,0.0000000000e+00
527,3.8233891129e-01,-1.4578500390e-01,0.0000000000e+00,0.0000000000e+00,0.0000000000e+00
528,3.8232973218e-01,-1.4577484131e-01,0.0000000000e+00,0.0000000000e+00,0.0000000000e+00
529,3.8233223557e-01,-1.4577582479e-01,0.0000000000e+00,0.0000000000e+00,0.0000000000e+00
530,3.8232365251e-01,-1.4578098059e-01,0.0000000000e+00,0.0000000000e+00,0.0000000000e+00
531,3.8232719898e-01,-1.4577259123e-01,0.0000000000e+00,0.0000000000e+00,0.0000000000e+00
532,3.8232147694e-01,-1.4577697217e-01,0.0000000000e+00,0.0000000000e+00,0.0000000000e+00
533,3.8232448697e-01,-1.4577242732e-01,0.0000000000e+00,0.0000000000e+00,0.0000000000e+00
534,3.8231921196e-01,-1.4577227831e-01,0.0000000000e+00,0.0000000000e+00,0.0000000000e+00
535,3.8232165575e-01,-1.4577259123e-01,0.0000000000e+00,0.0000000000e+00,0.0000000000e+00
536,3.8231724501e-01,-1.4576673508e-01,0.0000000000e+00,0.0000000000e+00,0.0000000000e+00
537,3.8231992722e-01,-1.4577390254e-01,0.0000000000e+00,0.0000000000e+00,0.0000000000e+00
538,3.8231316209e-01,-1.4576072991e-01,0.0000000000e+00,0.0000000000e+00,0.0000000000e+00
539,3.8231891394e-01,-1.4577545226e-01,0.0000000000e+00,0.0000000000e+00,0.0000000000e+00
540,3.8231772184e-01,-1.4576174319e-01,0.0000000000e+00,0.0000000000e+00,0.0000000000e+00
541,3.8232007623e-01,-1.4577576518e-01,0.0000000000e+00,0.0000000000e+00,0.0000000000e+00
542,3.8230207562e-01,-1.4575354755e-01,0.0000000000e+00,0.0000000000e+00,0.0000000000e+00
543,3.8232186437e-01,-1.4577172697e-01,0.0000000000e+00,0.0000000000e+00,0.0000000000e+00
544,3.8229766488e-01,-1.4575283229e-01,0.0000000000e+00,0.0000000000e+00,0.0000000000e+00
545,3.8231968880e-01,-1.4576746523e-01,0.0000000000e+00,0.0000000000e+00,0.0000000000e+00
546,3.8229620457e-01,-1.4575392008e-01,0.0000000000e+00,0.0000000000e+00,0.0000000000e+00
547,3.8231587410e-01,-1.4576119184e-01,0.0000000000e+00,0.0000000000e+00,0.0000000000e+00
548,3.8229653239e-01,-1.4575430751e-01,0.0000000000e+00,0.0000000000e+00,0.0000000000e+00
549,3.8231033087e-01,-1.4575672150e-01,0.0000000000e+00,0.0000000000e+00,0.0000000000e+00
550,3.8230499625e-01,-1.4575216174e-01,0.0000000000e+00,0.0000000000e+00,0.0000000000e+00
551,3.8230502605e-01,-1.4574964345e-01,0.0000000000e+00,0.0000000000e+00,0.0000000000e+00
552,3.8229849935e-01,-1.4575293660e-01,0.0000000000e+00,0.0000000000e+00,0.0000000000e+00
553,3.8230189681e-01,-1.4575049281e-01,0.0000000000e+00,0.0000000000e+00,0.0000000000e+00
554,3.8229548931e-01,-1.4574813843e-01,0.0000000000e+00,0.0000000000e+00,0.0000000000e+00
555,3.8229981065e-01,-1.4575049281e-01,0.0000000000e+00,0.0000000000e+00,0.0000000000e+00
556,3.8229319453e-01,-1.4574420452e-01,0.0000000000e+00,0.0000000000e+00,0.0000000000e+00
557,3.8229700923e-01,-1.4574947953e-01,0.0000000000e+00,0.0000000000e+00,0.0000000000e+00
558,3.8229116797e-01,-1.4574034512e-01,0.0000000000e+00,0.0000000000e+00,0.0000000000e+00
559,3.8229551911e-01,-1.4574940503e-01,0.0000000000e+00,0.0000000000e+00,0.0000000000e+00
560,3.8228595257e-01,-1.4573536813e-01,0.0000000000e+00,0.0000000000e+00,0.0000000000e+00
561,3.8229736686e-01,-1.4575037360e-01,0.0000000000e+00,0.0000000000e+00,0.0000000000e+00
562,3.8228029013e-01,-1.4572992921e-01,0.0000000000e+00,0.0000000000e+00,0.0000000000e+00
563,3.8229924440e-01,-1.4574949443e-01,0.0000000000e+00,0.0000000000e+00,0.0000000000e+00
564,3.8227424026e-01,-1.4572861791e-01,0.0000000000e+00,0.0000000000e+00,0.0000000000e+00
565,3.8229793310e-01,-1.4574615657e-01,0.0000000000e+00,0.0000000000e+00,0.0000000000e+00
566,3.8227200508e-01,-1.4572925866e-01,0.0000000000e+00,0.0000000000e+00,0.0000000000e+00
567,3.8229456544e-01,-1.4574044943e-01,0.0000000000e+00,0.0000000000e+00,0.0000000000e+00
568,3.8227260113e-01,-1.4572943747e-01,0.0000000000e+00,0.0000000000e+00,0.0000000000e+00
569,3.8227909803e-01,-1.4573577046e-01,0.0000000000e+00,0.0000000000e+00,0.0000000000e+00
570,3.8227650523e-01,-1.4573591948e-01,0.0000000000e+00,0.0000000000e+00,0.0000000000e+00
571,3.8227862120e-01,-1.4572688937e-01,0.0000000000e+00,0.0000000000e+00,0.0000000000e+00
572,3.8227680326e-01,-1.4573067427e-01,0.0000000000e+00,0.0000000000e+00,0.0000000000e+00
573,3.8227817416e-01,-1.4572767913e-01,0.0000000000e+00,0.0000000000e+00,0.0000000000e+00
574,3.8227406144e-01,-1.4572593570e-01,0.0000000000e+00,0.0000000000e+00,0.0000000000e+00
575,3.8227644563e-01,-1.4572708309e-01,0.0000000000e+00,0.0000000000e+00,0.0000000000e+00
576,3.8227224350e-01,-1.4572249353e-01,0.0000000000e+00,0.0000000000e+00,0.0000000000e+00
577,3.8227355480e-01,-1.4572566748e-01,0.0000000000e+00,0.0000000000e+00,0.0000000000e+00
578,3.8227346539e-01,-1.4572501183e-01,0.0000000000e+00,0.0000000000e+00,0.0000000000e+00
579,3.8226854801e-01,-1.4571620524e-01,0.0000000000e+00,0.0000000000e+00,0.0000000000e+00
580,3.8227054477e-01,-1.4572629333e-01,0.0000000000e+00,0.0000000000e+00,0.0000000000e+00
581,3.8226610422e-01,-1.4571036398e-01,0.0000000000e+00,0.0000000000e+00,0.0000000000e+00
582,3.8226199150e-01,-1.4572046697e-01,0.0000000000e+00,0.0000000000e+00,0.0000000000e+00
583,3.8226678967e-01,-1.4570868015e-01,0.0000000000e+00,0.0000000000e+00,0.0000000000e+00
584,3.8226136565e-01,-1.4572113752e-01,0.0000000000e+00,0.0000000000e+00,0.0000000000e+00
585,3.8226664066e-01,-1.4570856094e-01,0.0000000000e+00,0.0000000000e+00,0.0000000000e+00
586,3.8225898147e-01,-1.4571836591e-01,0.0000000000e+00,0.0000000000e+00,0.0000000000e+00
587,3.8226351142e-01,-1.4570547640e-01,0.0000000000e+00,0.0000000000e+00,0.0000000000e+00
588,3.8227492571e-01,-1.4572359622e-01,0.0000000000e+00,0.0000000000e+00,0.0000000000e+00
589,3.8224893808e-01,-1.4570748806e-01,0.0000000000e+00,0.0000000000e+00,0.0000000000e+00
590,3.8226756454e-01,-1.4570890367e-01,0.0000000000e+00,0.0000000000e+00,0.0000000000e+00
591,3.8224992156e-01,-1.4570952952e-01,0.0000000000e+00,0.0000000000e+00,0.0000000000e+00
592,3.8226100802e-01,-1.4570289850e-01,0.0000000000e+00,0.0000000000e+00,0.0000000000e+00
593,3.8225102425e-01,-1.4570944011e-01,0.0000000000e+00,0.0000000000e+00,0.0000000000e+00
594,3.8225623965e-01,-1.4570006728e-01,0.0000000000e+00,0.0000000000e+00,0.0000000000e+00
595,3.8225209713e-01,-1.4570550621e-01,0.0000000000e+00,0.0000000000e+00,0.0000000000e+00
596,3.8225018978e-01,-1.4569988847e-01,0.0000000000e+00,0.0000000000e+00,0.0000000000e+00
597,3.8225173950e-01,-1.4570327103e-01,0.0000000000e+00,0.0000000000e+00,0.0000000000e+00
598,3.8224771619e-01,-1.4569725096e-01,0.0000000000e+00,0.0000000000e+00,0.0000000000e+00
599,3.8224503398e-01,-1.4569436014e-01,0.0000000000e+00,0.0000000000e+00,0.0000000000e+00
600,3.8225018978e-01,-1.4570403099e-01,0.0000000000e+00,0.0000000000e+00,0.0000000000e+00
601,3.8224294782e-01,-1.4568817616e-01,0.0000000000e+00,0.0000000000e+00,0.0000000000e+00
602,3.8224780560e-01,-1.4570435882e-01,0.0000000000e+00,0.0000000000e+00,0.0000000000e+00
603,3.8224026561e-01,-1.4568363130e-01,0.0000000000e+00,0.0000000000e+00,0.0000000000e+00
604,3.8224622607e-01,-1.4570409060e-01,0.0000000000e+00,0.0000000000e+00,0.0000000000e+00
605,3.8223788142e-01,-1.4568014443e-01,0.0000000000e+00,0.0000000000e+00,0.0000000000e+00
606,3.8224405050e-01,-1.4570279419e-01,0.0000000000e+00,0.0000000000e+00,0.0000000000e+00
607,3.8224536180e-01,-1.4568719268e-01,0.0000000000e+00,0.0000000000e+00,0.0000000000e+00
608,3.8224652410e-01,-1.4570149779e-01,0.0000000000e+00,0.0000000000e+00,0.0000000000e+00
609,3.8222572207e-01,-1.4567887783e-01,0.0000000000e+00,0.0000000000e+00,0.0000000000e+00
610,3.8224762678e-01,-1.4569383860e-01,0.0000000000e+00,0.0000000000e+00,0.0000000000e+00
611,3.8222491741e-01,-1.4568123221e-01,0.0000000000e+00,0.0000000000e+00,0.0000000000e+00
612,3.8224300742e-01,-1.4568535984e-01,0.0000000000e+00,0.0000000000e+00,0.0000000000e+00
613,3.8222643733e-01,-1.4568270743e-01,0.0000000000e+00,0.0000000000e+00,0.0000000000e+00
614,3.8223749399e-01,-1.4567947388e-01,0.0000000000e+00,0.0000000000e+00,0.0000000000e+00
615,3.8222652674e-01,-1.4568324387e-01,0.0000000000e+00,0.0000000000e+00,0.0000000000e+00
616,3.8223493099e-01,-1.4567701519e-01,0.0000000000e+00,0.0000000000e+00,0.0000000000e+00
617,3.8223060966e-01,-1.4567732811e-01,0.0000000000e+00,0.0000000000e+00,0.0000000000e+00
618,3.8223171234e-01,-1.4567542076e-01,0.0000000000e+00,0.0000000000e+00,0.0000000000e+00
619,3.8222423196e-01,-1.4567598701e-01,0.0000000000e+00,0.0000000000e+00,0.0000000000e+00
620,3.8222858310e-01,-1.4567671716e-01,0.0000000000e+00,0.0000000000e+00,0.0000000000e+00
621,3.8222217560e-01,-1.4567190409e-01,0.0000000000e+00,0.0000000000e+00,0.0000000000e+00
622,3.8222643733e-01,-1.4567568898e-01,0.0000000000e+00,0.0000000000e+00,0.0000000000e+00
623,3.8222002983e-01,-1.4566950500e-01,0.0000000000e+00,0.0000000000e+00,0.0000000000e+00
624,3.8222432137e-01,-1.4567311108e-01,0.0000000000e+00,0.0000000000e+00,0.0000000000e+00
625,3.8221764565e-01,-1.4566761255e-01,0.0000000000e+00,0.0000000000e+00,0.0000000000e+00
626,3.8222360611e-01,-1.4567171037e-01,0.0000000000e+00,0.0000000000e+00,0.0000000000e+00
627,3.8221275806e-01,-1.4566344023e-01,0.0000000000e+00,0.0000000000e+00,0.0000000000e+00
628,3.8222572207e-01,-1.4567083120e-01,0.0000000000e+00,0.0000000000e+00,0.0000000000e+00
629,3.8220709562e-01,-1.4566001296e-01,0.0000000000e+00,0.0000000000e+00,0.0000000000e+00
630,3.8222545385e-01,-1.4566788077e-01,0.0000000000e+00,0.0000000000e+00,0.0000000000e+00
631,3.8220527768e-01,-1.4566174150e-01,0.0000000000e+00,0.0000000000e+00,0.0000000000e+00
632,3.8222134113e-01,-1.4566284418e-01,0.0000000000e+00,0.0000000000e+00,0.0000000000e+00
633,3.8220632076e-01,-1.4566321671e-01,0.0000000000e+00,0.0000000000e+00,0.0000000000e+00
634,3.8221585751e-01,-1.4565616846e-01,0.0000000000e+00,0.0000000000e+00,0.0000000000e+00
635,3.8220614195e-01,-1.4566220343e-01,0.0000000000e+00,0.0000000000e+00,0.0000000000e+00
636,3.8221347332e-01,-1.4565461874e-01,0.0000000000e+00,0.0000000000e+00,0.0000000000e+00
637,3.8220360875e-01,-1.4565885067e-01,0.0000000000e+00,0.0000000000e+00,0.0000000000e+00
638,3.8221228123e-01,-1.4565470815e-01,0.0000000000e+00,0.0000000000e+00,0.0000000000e+00
639,3.8220107555e-01,-1.4565341175e-01,0.0000000000e+00,0.0000000000e+00,0.0000000000e+00
640,3.8220971823e-01,-1.4565636218e-01,0.0000000000e+00,0.0000000000e+00,0.0000000000e+00
641,3.8219892979e-01,-1.4564691484e-01,0.0000000000e+00,0.0000000000e+00,0.0000000000e+00
642,3.8220861554e-01,-1.4565859735e-01,0.0000000000e+00,0.0000000000e+00,0.0000000000e+00
643,3.8219562173e-01,-1.4564085007e-01,0.0000000000e+00,0.0000000000e+00,0.0000000000e+00
644,3.8220715523e-01,-1.4565937221e-01,0.0000000000e+00,0.0000000000e+00,0.0000000000e+00
645,3.8220575452e-01,-1.4565049112e-01,0.0000000000e+00,0.0000000000e+00,0.0000000000e+00
646,3.8220566511e-01,-1.4565308392e-01,0.0000000000e+00,0.0000000000e+00,0.0000000000e+00
647,3.8220548630e-01,-1.4565578103e-01,0.0000000000e+00,0.0000000000e+00,0.0000000000e+00
648,3.8219031692e-01,-1.4564451575e-01,0.0000000000e+00,0.0000000000e+00,0.0000000000e+00
649,3.8220429420e-01,-1.4564631879e-01,0.0000000000e+00,0.0000000000e+00,0.0000000000e+00
650,3.8218653202e-01,-1.4564044774e-01,0.0000000000e+00,0.0000000000e+00,0.0000000000e+00
651,3.8220143318e-01,-1.4564272761e-01,0.0000000000e+00,0.0000000000e+00,0.0000000000e+00
652,3.8218620420e-01,-1.4564037323e-01,0.0000000000e+00,0.0000000000e+00,0.0000000000e+00
653,3.8219618797e-01,-1.4563564956e-01,0.0000000000e+00,0.0000000000e+00,0.0000000000e+00
654,3.8218826056e-01,-1.4564429224e-01,0.0000000000e+00,0.0000000000e+00,0.0000000000e+00
655,3.8219067454e-01,-1.4562876523e-01,0.0000000000e+00,0.0000000000e+00,0.0000000000e+00
656,3.8218954206e-01,-1.4564554393e-01,0.0000000000e+00,0.0000000000e+00,0.0000000000e+00
657,3.8218769431e-01,-1.4562650025e-01,0.0000000000e+00,0.0000000000e+00,0.0000000000e+00
658,3.8218551874e-01,-1.4563982189e-01,0.0000000000e+00,0.0000000000e+00,0.0000000000e+00
659,3.8218760490e-01,-1.4562903345e-01,0.0000000000e+00,0.0000000000e+00,0.0000000000e+00
660,3.8218274713e-01,-1.4563263953e-01,0.0000000000e+00,0.0000000000e+00,0.0000000000e+00
661,3.8218602538e-01,-1.4563168585e-01,0.0000000000e+00,0.0000000000e+00,0.0000000000e+00
662,3.8218054175e-01,-1.4562639594e-01,0.0000000000e+00,0.0000000000e+00,0.0000000000e+00
663,3.8218373060e-01,-1.4563244581e-01,0.0000000000e+00,0.0000000000e+00,0.0000000000e+00
664,3.8217878342e-01,-1.4562223852e-01,0.0000000000e+00,0.0000000000e+00,0.0000000000e+00
665,3.8218224049e-01,-1.4563158154e-01,0.0000000000e+00,0.0000000000e+00,0.0000000000e+00
666,3.8217467070e-01,-1.4561903477e-01,0.0000000000e+00,0.0000000000e+00,0.0000000000e+00
667,3.8218417764e-01,-1.4563037455e-01,0.0000000000e+00,0.0000000000e+00,0.0000000000e+00
668,3.8216778636e-01,-1.4561596513e-01,0.0000000000e+00,0.0000000000e+00,0.0000000000e+00
669,3.8218656182e-01,-1.4563012123e-01,0.0000000000e+00,0.0000000000e+00,0.0000000000e+00
670,3.8216319680e-01,-1.4561150968e-01,0.0000000000e+00,0.0000000000e+00,0.0000000000e+00
671,3.8218617439e-01,-1.4562712610e-01,0.0000000000e+00,0.0000000000e+00,0.0000000000e+00
672,3.8216212392e-01,-1.4561156929e-01,0.0000000000e+00,0.0000000000e+00,0.0000000000e+00
673,3.8218054175e-01,-1.4562197030e-01,0.0000000000e+00,0.0000000000e+00,0.0000000000e+00
674,3.8216450810e-01,-1.4561450481e-01,0.0000000000e+00,0.0000000000e+00,0.0000000000e+00
675,3.8217425346e-01,-1.4561419189e-01,0.0000000000e+00,0.0000000000e+00,0.0000000000e+00
676,3.8216623664e-01,-1.4561910927e-01,0.0000000000e+00,0.0000000000e+00,0.0000000000e+00
677,3.8217014074e-01,-1.4560776949e-01,0.0000000000e+00,0.0000000000e+00,0.0000000000e+00
678,3.8216814399e-01,-1.4561147988e-01,0.0000000000e+00,0.0000000000e+00,0.0000000000e+00
679,3.8216841221e-01,-1.4560772479e-01,0.0000000000e+00,0.0000000000e+00,0.0000000000e+00
680,3.8216245174e-01,-1.4561036229e-01,0.0000000000e+00,0.0000000000e+00,0.0000000000e+00
681,3.8216745853e-01,-1.4560979605e-01,0.0000000000e+00,0.0000000000e+00,0.0000000000e+00
682,3.8215929270e-01,-1.4560541511e-01,0.0000000000e+00,0.0000000000e+00,0.0000000000e+00
683,3.8216575980e-01,-1.4560998976e-01,0.0000000000e+00,0.0000000000e+00,0.0000000000e+00
684,3.8215738535e-01,-1.4560192823e-01,0.0000000000e+00,0.0000000000e+00,0.0000000000e+00
685,3.8216388226e-01,-1.4560803771e-01,0.0000000000e+00,0.0000000000e+00,0.0000000000e+00
686,3.8215467334e-01,-1.4559982717e-01,0.0000000000e+00,0.0000000000e+00,0.0000000000e+00
687,3.8216412067e-01,-1.4560626447e-01,0.0000000000e+00,0.0000000000e+00,0.0000000000e+00
688,3.8214927912e-01,-1.4559547603e-01,0.0000000000e+00,0.0000000000e+00,0.0000000000e+00
689,3.8216623664e-01,-1.4560748637e-01,0.0000000000e+00,0.0000000000e+00,0.0000000000e+00
690,3.8214397430e-01,-1.4559079707e-01,0.0000000000e+00,0.0000000000e+00,0.0000000000e+00
691,3.8216596842e-01,-1.4560648799e-01,0.0000000000e+00,0.0000000000e+00,0.0000000000e+00
692,3.8214123249e-01,-1.4559049904e-01,0.0000000000e+00,0.0000000000e+00,0.0000000000e+00
693,3.8216239214e-01,-1.4560131729e-01,0.0000000000e+00,0.0000000000e+00,0.0000000000e+00
694,3.8214346766e-01,-1.4559149742e-01,0.0000000000e+00,0.0000000000e+00,0.0000000000e+00
695,3.8215598464e-01,-1.4559513330e-01,0.0000000000e+00,0.0000000000e+00,0.0000000000e+00
696,3.8214528561e-01,-1.4559385180e-01,0.0000000000e+00,0.0000000000e+00,0.0000000000e+00
697,3.8215121627e-01,-1.4558964968e-01,0.0000000000e+00,0.0000000000e+00,0.0000000000e+00
698,3.8215014338e-01,-1.4559060335e-01,0.0000000000e+00,0.0000000000e+00,0.0000000000e+00
699,3.8214924932e-01,-1.4558847249e-01,0.0000000000e+00,0.0000000000e+00,0.0000000000e+00
700,3.8214662671e-01,-1.4558561146e-01,0.0000000000e+00,0.0000000000e+00,0.0000000000e+00
701,3.8214138150e-01,-1.4558506012e-01,0.0000000000e+00,0.0000000000e+00,0.0000000000e+00
702,3.8214766979e-01,-1.4559005201e-01,0.0000000000e+00,0.0000000000e+00,0.0000000000e+00
703,3.8213789463e-01,-1.4557965100e-01,0.0000000000e+00,0.0000000000e+00,0.0000000000e+00
704,3.8214686513e-01,-1.4559066296e-01,0.0000000000e+00,0.0000000000e+00,0.0000000000e+00
705,3.8213527203e-01,-1.4557614923e-01,0.0000000000e+00,0.0000000000e+00,0.0000000000e+00
706,3.8214516640e-01,-1.4558844268e-01,0.0000000000e+00,0.0000000000e+00,0.0000000000e+00
707,3.8213330507e-01,-1.4557512105e-01,0.0000000000e+00,0.0000000000e+00,0.0000000000e+00
708,3.8214409351e-01,-1.4558529854e-01,0.0000000000e+00,0.0000000000e+00,0.0000000000e+00
709,3.8212910295e-01,-1.4557182789e-01,0.0000000000e+00,0.0000000000e+00,0.0000000000e+00
710,3.8214555383e-01,-1.4558605850e-01,0.0000000000e+00,0.0000000000e+00,0.0000000000e+00
711,3.8212564588e-01,-1.4556644857e-01,0.0000000000e+00,0.0000000000e+00,0.0000000000e+00
712,3.8214406371e-01,-1.4558549225e-01,0.0000000000e+00,0.0000000000e+00,0.0000000000e+00
713,3.8212350011e-01,-1.4556546509e-01,0.0000000000e+00,0.0000000000e+00,0.0000000000e+00
714,3.8214245439e-01,-1.4557999372e-01,0.0000000000e+00,0.0000000000e+00,0.0000000000e+00
715,3.8212281466e-01,-1.4556728303e-01,0.0000000000e+00,0.0000000000e+00,0.0000000000e+00
716,3.8213706017e-01,-1.4557467401e-01,0.0000000000e+00,0.0000000000e+00,0.0000000000e+00
717,3.8213104010e-01,-1.4556771517e-01,0.0000000000e+00,0.0000000000e+00,0.0000000000e+00
718,3.8213160634e-01,-1.4556632936e-01,0.0000000000e+00,0.0000000000e+00,0.0000000000e+00
719,3.8212671876e-01,-1.4557118714e-01,0.0000000000e+00,0.0000000000e+00,0.0000000000e+00
720,3.8212889433e-01,-1.4556598663e-01,0.0000000000e+00,0.0000000000e+00,0.0000000000e+00
721,3.8212263584e-01,-1.4556550980e-01,0.0000000000e+00,0.0000000000e+00,0.0000000000e+00
722,3.8212847710e-01,-1.4556741714e-01,0.0000000000e+00,0.0000000000e+00,0.0000000000e+00
723,3.8211920857e-01,-1.4556002617e-01,0.0000000000e+00,0.0000000000e+00,0.0000000000e+00
724,3.8212716579e-01,-1.4556801319e-01,0.0000000000e+00,0.0000000000e+00,0.0000000000e+00
725,3.8211724162e-01,-1.4555597305e-01,0.0000000000e+00,0.0000000000e+00,0.0000000000e+00
726,3.8212564588e-01,-1.4556710422e-01,0.0000000000e+00,0.0000000000e+00,0.0000000000e+00
727,3.8211426139e-01,-1.4555336535e-01,0.0000000000e+00,0.0000000000e+00,0.0000000000e+00
728,3.8212558627e-01,-1.4556592703e-01,0.0000000000e+00,0.0000000000e+00,0.0000000000e+00
729,3.8210964203e-01,-1.4555084705e-01,0.0000000000e+00,0.0000000000e+00,0.0000000000e+00
730,3.8212645054e-01,-1.4556437731e-01,0.0000000000e+00,0.0000000000e+00,0.0000000000e+00
731,3.8210582733e-01,-1.4554761350e-01,0.0000000000e+00,0.0000000000e+00,0.0000000000e+00
732,3.8212606311e-01,-1.4556245506e-01,0.0000000000e+00,0.0000000000e+00,0.0000000000e+00
733,3.8210359216e-01,-1.4554610848e-01,0.0000000000e+00,0.0000000000e+00,0.0000000000e+00
734,3.8212314248e-01,-1.4555886388e-01,0.0000000000e+00,0.0000000000e+00,0.0000000000e+00
735,3.8210412860e-01,-1.4554634690e-01,0.0000000000e+00,0.0000000000e+00,0.0000000000e+00
736,3.8210973144e-01,-1.4555341005e-01,0.0000000000e+00,0.0000000000e+00,0.0000000000e+00
737,3.8210618496e-01,-1.4555108547e-01,0.0000000000e+00,0.0000000000e+00,0.0000000000e+00
738,3.8211080432e-01,-1.4554449916e-01,0.0000000000e+00,0.0000000000e+00,0.0000000000e+00
739,3.8210657239e-01,-1.4554947615e-01,0.0000000000e+00,0.0000000000e+00,0.0000000000e+00
740,3.8211044669e-01,-1.4554539323e-01,0.0000000000e+00,0.0000000000e+00,0.0000000000e+00
741,3.8210371137e-01,-1.4554430544e-01,0.0000000000e+00,0.0000000000e+00,0.0000000000e+00
742,3.8211002946e-01,-1.4554652572e-01,0.0000000000e+00,0.0000000000e+00,0.0000000000e+00
743,3.8210111856e-01,-1.4553914964e-01,0.0000000000e+00,0.0000000000e+00,0.0000000000e+00
744,3.8210830092e-01,-1.4554716647e-01,0.0000000000e+00,0.0000000000e+00,0.0000000000e+00
745,3.8209915161e-01,-1.4553463459e-01,0.0000000000e+00,0.0000000000e+00,0.0000000000e+00
746,3.8210755587e-01,-1.4554707706e-01,0.0000000000e+00,0.0000000000e+00,0.0000000000e+00
747,3.8209551573e-01,-1.4553058147e-01,0.0000000000e+00,0.0000000000e+00,0.0000000000e+00
748,3.8210827112e-01,-1.4554639161e-01,0.0000000000e+00,0.0000000000e+00,0.0000000000e+00
749,3.8209018111e-01,-1.4552813768e-01,0.0000000000e+00,0.0000000000e+00,0.0000000000e+00
750,3.8210895658e-01,-1.4554503560e-01,0.0000000000e+00,0.0000000000e+00,0.0000000000e+00
751,3.8208666444e-01,-1.4552515745e-01,0.0000000000e+00,0.0000000000e+00,0.0000000000e+00
752,3.8210824132e-01,-1.4554294944e-01,0.0000000000e+00,0.0000000000e+00,0.0000000000e+00
753,3.8208493590e-01,-1.4552381635e-01,0.0000000000e+00,0.0000000000e+00,0.0000000000e+00
754,3.8210499287e-01,-1.4553907514e-01,0.0000000000e+00,0.0000000000e+00,0.0000000000e+00
755,3.8209736347e-01,-1.4552775025e-01,0.0000000000e+00,0.0000000000e+00,0.0000000000e+00
756,3.8209834695e-01,-1.4552743733e-01,0.0000000000e+00,0.0000000000e+00,0.0000000000e+00
757,3.8209334016e-01,-1.4553304017e-01,0.0000000000e+00,0.0000000000e+00,0.0000000000e+00
758,3.8209176064e-01,-1.4552439749e-01,0.0000000000e+00,0.0000000000e+00,0.0000000000e+00
759,3.8208946586e-01,-1.4552752674e-01,0.0000000000e+00,0.0000000000e+00,0.0000000000e+00
760,3.8209086657e-01,-1.4552517235e-01,0.0000000000e+00,0.0000000000e+00,0.0000000000e+00
761,3.8208651543e-01,-1.4552307129e-01,0.0000000000e+00,0.0000000000e+00,0.0000000000e+00
762,3.8208949566e-01,-1.4552487433e-01,0.0000000000e+00,0.0000000000e+00,0.0000000000e+00
763,3.8208487630e-01,-1.4551962912e-01,0.0000000000e+00,0.0000000000e+00,0.0000000000e+00
764,3.8208243251e-01,-1.4551807940e-01,0.0000000000e+00,0.0000000000e+00,0.0000000000e+00
765,3.8208752871e-01,-1.4552526176e-01,0.0000000000e+00,0.0000000000e+00,0.0000000000e+00
766,3.8208037615e-01,-1.4551173151e-01,0.0000000000e+00,0.0000000000e+00,0.0000000000e+00
767,3.8208678365e-01,-1.4552651346e-01,0.0000000000e+00,0.0000000000e+00,0.0000000000e+00
768,3.8207963109e-01,-1.4550766349e-01,0.0000000000e+00,0.0000000000e+00,0.0000000000e+00
769,3.8207697868e-01,-1.4551903307e-01,0.0000000000e+00,0.0000000000e+00,0.0000000000e+00
770,3.8208273053e-01,-1.4550866187e-01,0.0000000000e+00,0.0000000000e+00,0.0000000000e+00
771,3.8207507133e-01,-1.4551827312e-01,0.0000000000e+00,0.0000000000e+00,0.0000000000e+00
772,3.8208320737e-01,-1.4550840855e-01,0.0000000000e+00,0.0000000000e+00,0.0000000000e+00
773,3.8207298517e-01,-1.4551533759e-01,0.0000000000e+00,0.0000000000e+00,0.0000000000e+00
774,3.8208040595e-01,-1.4550597966e-01,0.0000000000e+00,0.0000000000e+00,0.0000000000e+00
775,3.8208973408e-01,-1.4552073181e-01,0.0000000000e+00,0.0000000000e+00,0.0000000000e+00
776,3.8206595182e-01,-1.4550712705e-01,0.0000000000e+00,0.0000000000e+00,0.0000000000e+00
777,3.8208225369e-01,-1.4550931752e-01,0.0000000000e+00,0.0000000000e+00,0.0000000000e+00
778,3.8206732273e-01,-1.4550794661e-01,0.0000000000e+00,0.0000000000e+00,0.0000000000e+00
779,3.8207697868e-01,-1.4550139010e-01,0.0000000000e+00,0.0000000000e+00,0.0000000000e+00
780,3.8206806779e-01,-1.4550898969e-01,0.0000000000e+00,0.0000000000e+00,0.0000000000e+00
781,3.8207280636e-01,-1.4549989998e-01,0.0000000000e+00,0.0000000000e+00,0.0000000000e+00
782,3.8207054138e-01,-1.4550398290e-01,0.0000000000e+00,0.0000000000e+00,0.0000000000e+00
783,3.8206866384e-01,-1.4549914002e-01,0.0000000000e+00,0.0000000000e+00,0.0000000000e+00
784,3.8206905127e-01,-1.4550256729e-01,0.0000000000e+00,0.0000000000e+00,0.0000000000e+00
785,3.8206574321e-01,-1.4549754560e-01,0.0000000000e+00,0.0000000000e+00,0.0000000000e+00
786,3.8206273317e-01,-1.4549374580e-01,0.0000000000e+00,0.0000000000e+00,0.0000000000e+00
787,3.8206863403e-01,-1.4550429583e-01,0.0000000000e+00,0.0000000000e+00,0.0000000000e+00
788,3.8206076622e-01,-1.4548802376e-01,0.0000000000e+00,0.0000000000e+00,0.0000000000e+00
789,3.8206616044e-01,-1.4550419152e-01,0.0000000000e+00,0.0000000000e+00,0.0000000000e+00
790,3.8205891848e-01,-1.4548406005e-01,0.0000000000e+00,0.0000000000e+00,0.0000000000e+00
791,3.8206502795e-01,-1.4550402761e-01,0.0000000000e+00,0.0000000000e+00,0.0000000000e+00
792,3.8205629587e-01,-1.4548055828e-01,0.0000000000e+00,0.0000000000e+00,0.0000000000e+00
793,3.8206174970e-01,-1.4550219476e-01,0.0000000000e+00,0.0000000000e+00,0.0000000000e+00
794,3.8206499815e-01,-1.4548841119e-01,0.0000000000e+00,0.0000000000e+00,0.0000000000e+00
795,3.8206437230e-01,-1.4550174773e-01,0.0000000000e+00,0.0000000000e+00,0.0000000000e+00
796,3.8204631209e-01,-1.4547879994e-01,0.0000000000e+00,0.0000000000e+00,0.0000000000e+00
797,3.8206779957e-01,-1.4549419284e-01,0.0000000000e+00,0.0000000000e+00,0.0000000000e+00
798,3.8204509020e-01,-1.4548195899e-01,0.0000000000e+00,0.0000000000e+00,0.0000000000e+00
799,3.8206312060e-01,-1.4548626542e-01,0.0000000000e+00,0.0000000000e+00,0.0000000000e+00
800,3.8204693794e-01,-1.4548386633e-01,0.0000000000e+00,0.0000000000e+00,0.0000000000e+00
801,3.8205808401e-01,-1.4548026025e-01,0.0000000000e+00,0.0000000000e+00,0.0000000000e+00
802,3.8204708695e-01,-1.4548492432e-01,0.0000000000e+00,0.0000000000e+00,0.0000000000e+00
803,3.8205617666e-01,-1.4547805488e-01,0.0000000000e+00,0.0000000000e+00,0.0000000000e+00
804,3.8205164671e-01,-1.4547857642e-01,0.0000000000e+00,0.0000000000e+00,0.0000000000e+00
805,3.8205310702e-01,-1.4547693729e-01,0.0000000000e+00,0.0000000000e+00,0.0000000000e+00
806,3.8204529881e-01,-1.4547753334e-01,0.0000000000e+00,0.0000000000e+00,0.0000000000e+00
807,3.8205057383e-01,-1.4547857642e-01,0.0000000000e+00,0.0000000000e+00,0.0000000000e+00
808,3.8204354048e-01,-1.4547361434e-01,0.0000000000e+00,0.0000000000e+00,0.0000000000e+00
809,3.8204848766e-01,-1.4547760785e-01,0.0000000000e+00,0.0000000000e+00,0.0000000000e+00
810,3.8204205036e-01,-1.4547142386e-01,0.0000000000e+00,0.0000000000e+00,0.0000000000e+00
811,3.8204643130e-01,-1.4547532797e-01,0.0000000000e+00,0.0000000000e+00,0.0000000000e+00
812,3.8204029202e-01,-1.4546954632e-01,0.0000000000e+00,0.0000000000e+00,0.0000000000e+00
813,3.8204577565e-01,-1.4547418058e-01,0.0000000000e+00,0.0000000000e+00,0.0000000000e+00
814,3.8203582168e-01,-1.4546573162e-01,0.0000000000e+00,0.0000000000e+00,0.0000000000e+00
815,3.8204792142e-01,-1.4547426999e-01,0.0000000000e+00,0.0000000000e+00,0.0000000000e+00
816,3.8203015924e-01,-1.4546303451e-01,0.0000000000e+00,0.0000000000e+00,0.0000000000e+00
817,3.8204854727e-01,-1.4547051489e-01,0.0000000000e+00,0.0000000000e+00,0.0000000000e+00
818,3.8202857971e-01,-1.4546450973e-01,0.0000000000e+00,0.0000000000e+00,0.0000000000e+00
819,3.8204485178e-01,-1.4546564221e-01,0.0000000000e+00,0.0000000000e+00,0.0000000000e+00
820,3.8202953339e-01,-1.4546424150e-01,0.0000000000e+00,0.0000000000e+00,0.0000000000e+00
821,3.8204020262e-01,-1.4546012878e-01,0.0000000000e+00,0.0000000000e+00,0.0000000000e+00
822,3.8203012943e-01,-1.4546576142e-01,0.0000000000e+00,0.0000000000e+00,0.0000000000e+00
823,3.8203793764e-01,-1.4545769989e-01,0.0000000000e+00,0.0000000000e+00,0.0000000000e+00
824,3.8202747703e-01,-1.4546221495e-01,0.0000000000e+00,0.0000000000e+00,0.0000000000e+00
825,3.8203665614e-01,-1.4545844495e-01,0.0000000000e+00,0.0000000000e+00,0.0000000000e+00
826,3.8203305006e-01,-1.4545825124e-01,0.0000000000e+00,0.0000000000e+00,0.0000000000e+00
827,3.8203465939e-01,-1.4545919001e-01,0.0000000000e+00,0.0000000000e+00,0.0000000000e+00
828,3.8202503324e-01,-1.4545236528e-01,0.0000000000e+00,0.0000000000e+00,0.0000000000e+00
829,3.8203287125e-01,-1.4545932412e-01,0.0000000000e+00,0.0000000000e+00,0.0000000000e+00
830,3.8202244043e-01,-1.4544899762e-01,0.0000000000e+00,0.0000000000e+00,0.0000000000e+00
831,3.8203155994e-01,-1.4545807242e-01,0.0000000000e+00,0.0000000000e+00,0.0000000000e+00
832,3.8201963902e-01,-1.4544685185e-01,0.0000000000e+00,0.0000000000e+00,0.0000000000e+00
833,3.8203141093e-01,-1.4545513690e-01,0.0000000000e+00,0.0000000000e+00,0.0000000000e+00
834,3.8201618195e-01,-1.4544454217e-01,0.0000000000e+00,0.0000000000e+00,0.0000000000e+00
835,3.8203173876e-01,-1.4545476437e-01,0.0000000000e+00,0.0000000000e+00,0.0000000000e+00
836,3.8201120496e-01,-1.4544200897e-01,0.0000000000e+00,0.0000000000e+00,0.0000000000e+00
837,3.8203278184e-01,-1.4545376599e-01,0.0000000000e+00,0.0000000000e+00,0.0000000000e+00
838,3.8200873137e-01,-1.4543862641e-01,0.0000000000e+00,0.0000000000e+00,0.0000000000e+00
839,3.8203108311e-01,-1.4544980228e-01,0.0000000000e+00,0.0000000000e+00,0.0000000000e+00
840,3.8200870156e-01,-1.4543904364e-01,0.0000000000e+00,0.0000000000e+00,0.0000000000e+00
841,3.8202685118e-01,-1.4544473588e-01,0.0000000000e+00,0.0000000000e+00,0.0000000000e+00
842,3.8200929761e-01,-1.4543986320e-01,0.0000000000e+00,0.0000000000e+00,0.0000000000e+00
843,3.8202294707e-01,-1.4544102550e-01,0.0000000000e+00,0.0000000000e+00,0.0000000000e+00
844,3.8200893998e-01,-1.4543874562e-01,0.0000000000e+00,0.0000000000e+00,0.0000000000e+00
845,3.8201007247e-01,-1.4543832839e-01,0.0000000000e+00,0.0000000000e+00,0.0000000000e+00
846,3.8200917840e-01,-1.4543713629e-01,0.0000000000e+00,0.0000000000e+00,0.0000000000e+00
847,3.8200840354e-01,-1.4543586969e-01,0.0000000000e+00,0.0000000000e+00,0.0000000000e+00
848,3.8200953603e-01,-1.4543481171e-01,0.0000000000e+00,0.0000000000e+00,0.0000000000e+00
849,3.8201436400e-01,-1.4543738961e-01,0.0000000000e+00,0.0000000000e+00,0.0000000000e+00
850,3.8200572133e-01,-1.4542864263e-01,0.0000000000e+00,0.0000000000e+00,0.0000000000e+00
851,3.8201400638e-01,-1.4543925226e-01,0.0000000000e+00,0.0000000000e+00,0.0000000000e+00
852,3.8200342655e-01,-1.4542478323e-01,0.0000000000e+00,0.0000000000e+00,0.0000000000e+00
853,3.8201320171e-01,-1.4543780684e-01,0.0000000000e+00,0.0000000000e+00,0.0000000000e+00
854,3.8200035691e-01,-1.4542354643e-01,0.0000000000e+00,0.0000000000e+00,0.0000000000e+00
855,3.8201245666e-01,-1.4543403685e-01,0.0000000000e+00,0.0000000000e+00,0.0000000000e+00
856,3.8199704885e-01,-1.4542318881e-01,0.0000000000e+00,0.0000000000e+00,0.0000000000e+00
857,3.8201278448e-01,-1.4543223381e-01,0.0000000000e+00,0.0000000000e+00,0.0000000000e+00
858,3.8199296594e-01,-1.4541906118e-01,0.0000000000e+00,0.0000000000e+00,0.0000000000e+00
859,3.8201257586e-01,-1.4543251693e-01,0.0000000000e+00,0.0000000000e+00,0.0000000000e+00
860,3.8199159503e-01,-1.4541614056e-01,0.0000000000e+00,0.0000000000e+00,0.0000000000e+00
861,3.8200926781e-01,-1.4542914927e-01,0.0000000000e+00,0.0000000000e+00,0.0000000000e+00
862,3.8199111819e-01,-1.4541818202e-01,0.0000000000e+00,0.0000000000e+00,0.0000000000e+00
863,3.8200595975e-01,-1.4542298019e-01,0.0000000000e+00,0.0000000000e+00,0.0000000000e+00
864,3.8199171424e-01,-1.4542013407e-01,0.0000000000e+00,0.0000000000e+00,0.0000000000e+00
865,3.8200256228e-01,-1.4541870356e-01,0.0000000000e+00,0.0000000000e+00,0.0000000000e+00
866,3.8199928403e-01,-1.4541698992e-01,0.0000000000e+00,0.0000000000e+00,0.0000000000e+00
867,3.8199865818e-01,-1.4541539550e-01,0.0000000000e+00,0.0000000000e+00,0.0000000000e+00
868,3.8199782372e-01,-1.4541390538e-01,0.0000000000e+00,0.0000000000e+00,0.0000000000e+00
869,3.8199687004e-01,-1.4541254938e-01,0.0000000000e+00,0.0000000000e+00,0.0000000000e+00
870,3.8199001551e-01,-1.4541205764e-01,0.0000000000e+00,0.0000000000e+00,0.0000000000e+00
871,3.8199561834e-01,-1.4541643858e-01,0.0000000000e+00,0.0000000000e+00,0.0000000000e+00
872,3.8198739290e-01,-1.4540612698e-01,0.0000000000e+00,0.0000000000e+00,0.0000000000e+00
873,3.8199430704e-01,-1.4541754127e-01,0.0000000000e+00,0.0000000000e+00,0.0000000000e+00
874,3.8198375702e-01,-1.4540258050e-01,0.0000000000e+00,0.0000000000e+00,0.0000000000e+00
875,3.8199409842e-01,-1.4541584253e-01,0.0000000000e+00,0.0000000000e+00,0.0000000000e+00
876,3.8198131323e-01,-1.4540155232e-01,0.0000000000e+00,0.0000000000e+00,0.0000000000e+00
877,3.8199344277e-01,-1.4541234076e-01,0.0000000000e+00,0.0000000000e+00,0.0000000000e+00
878,3.8197782636e-01,-1.4540089667e-01,0.0000000000e+00,0.0000000000e+00,0.0000000000e+00
879,3.8199451566e-01,-1.4541153610e-01,0.0000000000e+00,0.0000000000e+00,0.0000000000e+00
880,3.8197427988e-01,-1.4539583027e-01,0.0000000000e+00,0.0000000000e+00,0.0000000000e+00
881,3.8199317455e-01,-1.4541190863e-01,0.0000000000e+00,0.0000000000e+00,0.0000000000e+00
882,3.8197341561e-01,-1.4539332688e-01,0.0000000000e+00,0.0000000000e+00,0.0000000000e+00
883,3.8199040294e-01,-1.4540821314e-01,0.0000000000e+00,0.0000000000e+00,0.0000000000e+00
884,3.8197195530e-01,-1.4539526403e-01,0.0000000000e+00,0.0000000000e+00,0.0000000000e+00
885,3.8198795915e-01,-1.4540232718e-01,0.0000000000e+00,0.0000000000e+00,0.0000000000e+00
886,3.8197186589e-01,-1.4539577067e-01,0.0000000000e+00,0.0000000000e+00,0.0000000000e+00
887,3.8197687268e-01,-1.4540010691e-01,0.0000000000e+00,0.0000000000e+00,0.0000000000e+00
888,3.8197323680e-01,-1.4539818466e-01,0.0000000000e+00,0.0000000000e+00,0.0000000000e+00
889,3.8197749853e-01,-1.4539209008e-01,0.0000000000e+00,0.0000000000e+00,0.0000000000e+00
890,3.8197284937e-01,-1.4539512992e-01,0.0000000000e+00,0.0000000000e+00,0.0000000000e+00
891,3.8197848201e-01,-1.4539414644e-01,0.0000000000e+00,0.0000000000e+00,0.0000000000e+00
892,3.8196980953e-01,-1.4538919926e-01,0.0000000000e+00,0.0000000000e+00,0.0000000000e+00
893,3.8197845221e-01,-1.4539554715e-01,0.0000000000e+00,0.0000000000e+00,0.0000000000e+00
894,3.8196709752e-01,-1.4538528025e-01,0.0000000000e+00,0.0000000000e+00,0.0000000000e+00
895,3.8197690248e-01,-1.4539423585e-01,0.0000000000e+00,0.0000000000e+00,0.0000000000e+00
896,3.8196578622e-01,-1.4538249373e-01,0.0000000000e+00,0.0000000000e+00,0.0000000000e+00
897,3.8197588921e-01,-1.4539256692e-01,0.0000000000e+00,0.0000000000e+00,0.0000000000e+00
898,3.8196158409e-01,-1.4538079500e-01,0.0000000000e+00,0.0000000000e+00,0.0000000000e+00
899,3.8197731972e-01,-1.4539034665e-01,0.0000000000e+00,0.0000000000e+00,0.0000000000e+00
900,3.8195765018e-01,-1.4537817240e-01,0.0000000000e+00,0.0000000000e+00,0.0000000000e+00
901,3.8197660446e-01,-1.4538937807e-01,0.0000000000e+00,0.0000000000e+00,0.0000000000e+00
902,3.8195565343e-01,-1.4537619054e-01,0.0000000000e+00,0.0000000000e+00,0.0000000000e+00
903,3.8197439909e-01,-1.4538709819e-01,0.0000000000e+00,0.0000000000e+00,0.0000000000e+00
904,3.8195523620e-01,-1.4537513256e-01,0.0000000000e+00,0.0000000000e+00,0.0000000000e+00
905,3.8197073340e-01,-1.4538376033e-01,0.0000000000e+00,0.0000000000e+00,0.0000000000e+00
906,3.8195514679e-01,-1.4537627995e-01,0.0000000000e+00,0.0000000000e+00,0.0000000000e+00
907,3.8195887208e-01,-1.4537908137e-01,0.0000000000e+00,0.0000000000e+00,0.0000000000e+00
908,3.8195762038e-01,-1.4537969232e-01,0.0000000000e+00,0.0000000000e+00,0.0000000000e+00
909,3.8195648789e-01,-1.4538019896e-01,0.0000000000e+00,0.0000000000e+00,0.0000000000e+00
910,3.8196069002e-01,-1.4537321031e-01,0.0000000000e+00,0.0000000000e+00,0.0000000000e+00
911,3.8195455074e-01,-1.4537306130e-01,0.0000000000e+00,0.0000000000e+00,0.0000000000e+00
912,3.8196146488e-01,-1.4537522197e-01,0.0000000000e+00,0.0000000000e+00,0.0000000000e+00
913,3.8195106387e-01,-1.4536723495e-01,0.0000000000e+00,0.0000000000e+00,0.0000000000e+00
914,3.8196185231e-01,-1.4537626505e-01,0.0000000000e+00,0.0000000000e+00,0.0000000000e+00
915,3.8194909692e-01,-1.4536388218e-01,0.0000000000e+00,0.0000000000e+00,0.0000000000e+00
916,3.8195919991e-01,-1.4537495375e-01,0.0000000000e+00,0.0000000000e+00,0.0000000000e+00
917,3.8194814324e-01,-1.4536184072e-01,0.0000000000e+00,0.0000000000e+00,0.0000000000e+00
918,3.8195812702e-01,-1.4537259936e-01,0.0000000000e+00,0.0000000000e+00,0.0000000000e+00
919,3.8194367290e-01,-1.4535997808e-01,0.0000000000e+00,0.0000000000e+00,0.0000000000e+00
920,3.8195991516e-01,-1.4537027478e-01,0.0000000000e+00,0.0000000000e+00,0.0000000000e+00
921,3.8193988800e-01,-1.4535741508e-01,0.0000000000e+00,0.0000000000e+00,0.0000000000e+00
922,3.8195917010e-01,-1.4536921680e-01,0.0000000000e+00,0.0000000000e+00,0.0000000000e+00
923,3.8193771243e-01,-1.4535579085e-01,0.0000000000e+00,0.0000000000e+00,0.0000000000e+00
924,3.8195717335e-01,-1.4536647499e-01,0.0000000000e+00,0.0000000000e+00,0.0000000000e+00
925,3.8193747401e-01,-1.4535526931e-01,0.0000000000e+00,0.0000000000e+00,0.0000000000e+00
926,3.8195341825e-01,-1.4536070824e-01,0.0000000000e+00,0.0000000000e+00,0.0000000000e+00
927,3.8193830848e-01,-1.4535677433e-01,0.0000000000e+00,0.0000000000e+00,0.0000000000e+00
928,3.8194164634e-01,-1.4535892010e-01,0.0000000000e+00,0.0000000000e+00,0.0000000000e+00
929,3.8193982840e-01,-1.4535973966e-01,0.0000000000e+00,0.0000000000e+00,0.0000000000e+00
930,3.8193848729e-01,-1.4535695314e-01,0.0000000000e+00,0.0000000000e+00,0.0000000000e+00
931,3.8194268942e-01,-1.4535115659e-01,0.0000000000e+00,0.0000000000e+00,0.0000000000e+00
932,3.8193652034e-01,-1.4535278082e-01,0.0000000000e+00,0.0000000000e+00,0.0000000000e+00
933,3.8194432855e-01,-1.4535476267e-01,0.0000000000e+00,0.0000000000e+00,0.0000000000e+00
934,3.8193285465e-01,-1.4534667134e-01,0.0000000000e+00,0.0000000000e+00,0.0000000000e+00
935,3.8194495440e-01,-1.4535628259e-01,0.0000000000e+00,0.0000000000e+00,0.0000000000e+00
936,3.8193047047e-01,-1.4534190297e-01,0.0000000000e+00,0.0000000000e+00,0.0000000000e+00
937,3.8194251060e-01,-1.4535582066e-01,0.0000000000e+00,0.0000000000e+00,0.0000000000e+00
938,3.8193017244e-01,-1.4533902705e-01,0.0000000000e+00,0.0000000000e+00,0.0000000000e+00
939,3.8194033504e-01,-1.4535517991e-01,0.0000000000e+00,0.0000000000e+00,0.0000000000e+00
940,3.8192674518e-01,-1.4533577859e-01,0.0000000000e+00,0.0000000000e+00,0.0000000000e+00
941,3.8194054365e-01,-1.4535513520e-01,0.0000000000e+00,0.0000000000e+00,0.0000000000e+00
942,3.8193818927e-01,-1.4534300566e-01,0.0000000000e+00,0.0000000000e+00,0.0000000000e+00
943,3.8193964958e-01,-1.4534738660e-01,0.0000000000e+00,0.0000000000e+00,0.0000000000e+00
944,3.8192462921e-01,-1.4534284174e-01,0.0000000000e+00,0.0000000000e+00,0.0000000000e+00
945,3.8193592429e-01,-1.4533981681e-01,0.0000000000e+00,0.0000000000e+00,0.0000000000e+00
946,3.8192442060e-01,-1.4534147084e-01,0.0000000000e+00,0.0000000000e+00,0.0000000000e+00
947,3.8193115592e-01,-1.4533515275e-01,0.0000000000e+00,0.0000000000e+00,0.0000000000e+00
948,3.8192662597e-01,-1.4534343779e-01,0.0000000000e+00,0.0000000000e+00,0.0000000000e+00
949,3.8192510605e-01,-1.4533065259e-01,0.0000000000e+00,0.0000000000e+00,0.0000000000e+00
950,3.8192659616e-01,-1.4534075558e-01,0.0000000000e+00,0.0000000000e+00,0.0000000000e+00
951,3.8192528486e-01,-1.4533208311e-01,0.0000000000e+00,0.0000000000e+00,0.0000000000e+00
952,3.8192215562e-01,-1.4533482492e-01,0.0000000000e+00,0.0000000000e+00,0.0000000000e+00
953,3.8192608953e-01,-1.4533413947e-01,0.0000000000e+00,0.0000000000e+00,0.0000000000e+00
954,3.8191851974e-01,-1.4532938600e-01,0.0000000000e+00,0.0000000000e+00,0.0000000000e+00
955,3.8192549348e-01,-1.4533491433e-01,0.0000000000e+00,0.0000000000e+00,0.0000000000e+00
956,3.8191676140e-01,-1.4532589912e-01,0.0000000000e+00,0.0000000000e+00,0.0000000000e+00
957,3.8192299008e-01,-1.4533293247e-01,0.0000000000e+00,0.0000000000e+00,0.0000000000e+00
958,3.8191604614e-01,-1.4532567561e-01,0.0000000000e+00,0.0000000000e+00,0.0000000000e+00
959,3.8192054629e-01,-1.4532755315e-01,0.0000000000e+00,0.0000000000e+00,0.0000000000e+00
960,3.8191422820e-01,-1.4532896876e-01,0.0000000000e+00,0.0000000000e+00,0.0000000000e+00
961,3.8192141056e-01,-1.4532427490e-01,0.0000000000e+00,0.0000000000e+00,0.0000000000e+00
962,3.8190874457e-01,-1.4532491565e-01,0.0000000000e+00,0.0000000000e+00,0.0000000000e+00
963,3.8192349672e-01,-1.4532604814e-01,0.0000000000e+00,0.0000000000e+00,0.0000000000e+00
964,3.8190448284e-01,-1.4532020688e-01,0.0000000000e+00,0.0000000000e+00,0.0000000000e+00
965,3.8192230463e-01,-1.4532269537e-01,0.0000000000e+00,0.0000000000e+00,0.0000000000e+00
966,3.8190406561e-01,-1.4531977475e-01,0.0000000000e+00,0.0000000000e+00,0.0000000000e+00
967,3.8191744685e-01,-1.4531801641e-01,0.0000000000e+00,0.0000000000e+00,0.0000000000e+00
968,3.8190668821e-01,-1.4532253146e-01,0.0000000000e+00,0.0000000000e+00,0.0000000000e+00
969,3.8191172481e-01,-1.4531260729e-01,0.0000000000e+00,0.0000000000e+00,0.0000000000e+00
970,3.8190770149e-01,-1.4532251656e-01,0.0000000000e+00,0.0000000000e+00,0.0000000000e+00
971,3.8190951943e-01,-1.4531153440e-01,0.0000000000e+00,0.0000000000e+00,0.0000000000e+00
972,3.8190424442e-01,-1.4531745017e-01,0.0000000000e+00,0.0000000000e+00,0.0000000000e+00
973,3.8190996647e-01,-1.4531444013e-01,0.0000000000e+00,0.0000000000e+00,0.0000000000e+00
974,3.8190072775e-01,-1.4531001449e-01,0.0000000000e+00,0.0000000000e+00,0.0000000000e+00
975,3.8190993667e-01,-1.4531822503e-01,0.0000000000e+00,0.0000000000e+00,0.0000000000e+00
976,3.8189858198e-01,-1.4530283213e-01,0.0000000000e+00,0.0000000000e+00,0.0000000000e+00
977,3.8190889359e-01,-1.4532047510e-01,0.0000000000e+00,0.0000000000e+00,0.0000000000e+00
978,3.8189712167e-01,-1.4529787004e-01,0.0000000000e+00,0.0000000000e+00,0.0000000000e+00
979,3.8190743327e-01,-1.4532051980e-01,0.0000000000e+00,0.0000000000e+00,0.0000000000e+00
980,3.8189300895e-01,-1.4529502392e-01,0.0000000000e+00,0.0000000000e+00,0.0000000000e+00
981,3.8190957904e-01,-1.4531911910e-01,0.0000000000e+00,0.0000000000e+00,0.0000000000e+00
982,3.8190543652e-01,-1.4530472457e-01,0.0000000000e+00,0.0000000000e+00,0.0000000000e+00
983,3.8190686703e-01,-1.4531014860e-01,0.0000000000e+00,0.0000000000e+00,0.0000000000e+00
984,3.8189047575e-01,-1.4530541003e-01,0.0000000000e+00,0.0000000000e+00,0.0000000000e+00
985,3.8190296292e-01,-1.4530214667e-01,0.0000000000e+00,0.0000000000e+00,0.0000000000e+00
986,3.8189065456e-01,-1.4530424774e-01,0.0000000000e+00,0.0000000000e+00,0.0000000000e+00
987,3.8189730048e-01,-1.4529740810e-01,0.0000000000e+00,0.0000000000e+00,0.0000000000e+00
988,3.8189321756e-01,-1.4530421793e-01,0.0000000000e+00,0.0000000000e+00,0.0000000000e+00
989,3.8189074397e-01,-1.4529392123e-01,0.0000000000e+00,0.0000000000e+00,0.0000000000e+00
990,3.8189432025e-01,-1.4530195296e-01,0.0000000000e+00,0.0000000000e+00,0.0000000000e+00
991,3.8189041615e-01,-1.4529477060e-01,0.0000000000e+00,0.0000000000e+00,0.0000000000e+00
992,3.8188943267e-01,-1.4529664814e-01,0.0000000000e+00,0.0000000000e+00,0.0000000000e+00
993,3.8188812137e-01,-1.4529988170e-01,0.0000000000e+00,0.0000000000e+00,0.0000000000e+00
994,3.8189086318e-01,-1.4529444277e-01,0.0000000000e+00,0.0000000000e+00,0.0000000000e+00
995,3.8188576698e-01,-1.4529088140e-01,0.0000000000e+00,0.0000000000e+00,0.0000000000e+00
996,3.8188871741e-01,-1.4529702067e-01,0.0000000000e+00,0.0000000000e+00,0.0000000000e+00
997,3.8188436627e-01,-1.4528568089e-01,0.0000000000e+00,0.0000000000e+00,0.0000000000e+00
998,3.8188254833e-01,-1.4528918266e-01,0.0000000000e+00,0.0000000000e+00,0.0000000000e+00
999,3.8188186288e-01,-1.4528109133e-01,0.0000000000e+00,0.0000000000e+00,0.0000000000e+00
1000,3.8188698888e-01,-1.4529849589e-01,0.0000000000e+00,0.0000000000e+00,0.0000000000e+00
1001,3.8188159466e-01,-1.4527867734e-01,0.0000000000e+00,0.0000000000e+00,0.0000000000e+00
1002,3.8188651204e-01,-1.4529851079e-01,0.0000000000e+00,0.0000000000e+00,0.0000000000e+00
1003,3.8187259436e-01,-1.4527346194e-01,0.0000000000e+00,0.0000000000e+00,0.0000000000e+00
1004,3.8189184666e-01,-1.4529651403e-01,0.0000000000e+00,0.0000000000e+00,0.0000000000e+00
1005,3.8186860085e-01,-1.4527216554e-01,0.0000000000e+00,0.0000000000e+00,0.0000000000e+00
1006,3.8188946247e-01,-1.4529365301e-01,0.0000000000e+00,0.0000000000e+00,0.0000000000e+00
1007,3.8186943531e-01,-1.4527265728e-01,0.0000000000e+00,0.0000000000e+00,0.0000000000e+00
1008,3.8187301159e-01,-1.4528325200e-01,0.0000000000e+00,0.0000000000e+00,0.0000000000e+00
1009,3.8186940551e-01,-1.4527758956e-01,0.0000000000e+00,0.0000000000e+00,0.0000000000e+00
1010,3.8187795877e-01,-1.4527541399e-01,0.0000000000e+00,0.0000000000e+00,0.0000000000e+00
1011,3.8187196851e-01,-1.4528216422e-01,0.0000000000e+00,0.0000000000e+00,0.0000000000e+00
1012,3.8187497854e-01,-1.4527332783e-01,0.0000000000e+00,0.0000000000e+00,0.0000000000e+00
1013,3.8187119365e-01,-1.4527867734e-01,0.0000000000e+00,0.0000000000e+00,0.0000000000e+00
1014,3.8187387586e-01,-1.4527532458e-01,0.0000000000e+00,0.0000000000e+00,0.0000000000e+00
1015,3.8186925650e-01,-1.4527255297e-01,0.0000000000e+00,0.0000000000e+00,0.0000000000e+00
1016,3.8187214732e-01,-1.4527757466e-01,0.0000000000e+00,0.0000000000e+00,0.0000000000e+00
1017,3.8186684251e-01,-1.4526706934e-01,0.0000000000e+00,0.0000000000e+00,0.0000000000e+00
1018,3.8187137246e-01,-1.4527806640e-01,0.0000000000e+00,0.0000000000e+00,0.0000000000e+00
1019,3.8186401129e-01,-1.4526335895e-01,0.0000000000e+00,0.0000000000e+00,0.0000000000e+00
1020,3.8187062740e-01,-1.4527820051e-01,0.0000000000e+00,0.0000000000e+00,0.0000000000e+00
1021,3.8186141849e-01,-1.4525975287e-01,0.0000000000e+00,0.0000000000e+00,0.0000000000e+00
1022,3.8187173009e-01,-1.4527717233e-01,0.0000000000e+00,0.0000000000e+00,0.0000000000e+00
1023,3.8185665011e-01,-1.4525847137e-01,0.0000000000e+00,0.0000000000e+00,0.0000000000e+00
1024,3.8187286258e-01,-1.4527370036e-01,0.0000000000e+00,0.0000000000e+00,0.0000000000e+00
1025,3.8185307384e-01,-1.4525794983e-01,0.0000000000e+00,0.0000000000e+00,0.0000000000e+00
1026,3.8187161088e-01,-1.4527073503e-01,0.0000000000e+00,0.0000000000e+00,0.0000000000e+00
1027,3.8185140491e-01,-1.4525814354e-01,0.0000000000e+00,0.0000000000e+00,0.0000000000e+00
1028,3.8186803460e-01,-1.4526757598e-01,0.0000000000e+00,0.0000000000e+00,0.0000000000e+00
1029,3.8186058402e-01,-1.4525748789e-01,0.0000000000e+00,0.0000000000e+00,0.0000000000e+00
1030,3.8186338544e-01,-1.4526128769e-01,0.0000000000e+00,0.0000000000e+00,0.0000000000e+00
1031,3.8185432553e-01,-1.4526164532e-01,0.0000000000e+00,0.0000000000e+00,0.0000000000e+00
1032,3.8185968995e-01,-1.4525641501e-01,0.0000000000e+00,0.0000000000e+00,0.0000000000e+00
1033,3.8185304403e-01,-1.4526051283e-01,0.0000000000e+00,0.0000000000e+00,0.0000000000e+00
1034,3.8185784221e-01,-1.4525531232e-01,0.0000000000e+00,0.0000000000e+00,0.0000000000e+00
1035,3.8185101748e-01,-1.4525584877e-01,0.0000000000e+00,0.0000000000e+00,0.0000000000e+00
1036,3.8185620308e-01,-1.4525675774e-01,0.0000000000e+00,0.0000000000e+00,0.0000000000e+00
1037,3.8184964657e-01,-1.4525052905e-01,0.0000000000e+00,0.0000000000e+00,0.0000000000e+00
1038,3.8185489178e-01,-1.4525876939e-01,0.0000000000e+00,0.0000000000e+00,0.0000000000e+00
1039,3.8185444474e-01,-1.4525319636e-01,0.0000000000e+00,0.0000000000e+00,0.0000000000e+00
1040,3.8185340166e-01,-1.4525896311e-01,0.0000000000e+00,0.0000000000e+00,0.0000000000e+00
1041,3.8184404373e-01,-1.4524349570e-01,0.0000000000e+00,0.0000000000e+00,0.0000000000e+00
1042,3.8185510039e-01,-1.4525675774e-01,0.0000000000e+00,0.0000000000e+00,0.0000000000e+00
1043,3.8183933496e-01,-1.4524173737e-01,0.0000000000e+00,0.0000000000e+00,0.0000000000e+00
1044,3.8185560703e-01,-1.4525346458e-01,0.0000000000e+00,0.0000000000e+00,0.0000000000e+00
1045,3.8183620572e-01,-1.4524069428e-01,0.0000000000e+00,0.0000000000e+00,0.0000000000e+00
1046,3.8185420632e-01,-1.4525078237e-01,0.0000000000e+00,0.0000000000e+00,0.0000000000e+00
1047,3.8183510303e-01,-1.4524133503e-01,0.0000000000e+00,0.0000000000e+00,0.0000000000e+00
1048,3.8185140491e-01,-1.4524587989e-01,0.0000000000e+00,0.0000000000e+00,0.0000000000e+00
1049,3.8183492422e-01,-1.4524254203e-01,0.0000000000e+00,0.0000000000e+00,0.0000000000e+00
1050,3.8184678555e-01,-1.4524284005e-01,0.0000000000e+00,0.0000000000e+00,0.0000000000e+00
1051,3.8184067607e-01,-1.4523944259e-01,0.0000000000e+00,0.0000000000e+00,0.0000000000e+00
1052,3.8184091449e-01,-1.4524014294e-01,0.0000000000e+00,0.0000000000e+00,0.0000000000e+00
1053,3.8184005022e-01,-1.4523974061e-01,0.0000000000e+00,0.0000000000e+00,0.0000000000e+00
1054,3.8183727860e-01,-1.4523741603e-01,0.0000000000e+00,0.0000000000e+00,0.0000000000e+00
1055,3.8183817267e-01,-1.4523866773e-01,0.0000000000e+00,0.0000000000e+00,0.0000000000e+00
1056,3.8183981180e-01,-1.4523802698e-01,0.0000000000e+00,0.0000000000e+00,0.0000000000e+00
1057,3.8183188438e-01,-1.4523255825e-01,0.0000000000e+00,0.0000000000e+00,0.0000000000e+00
1058,3.8183838129e-01,-1.4523872733e-01,0.0000000000e+00,0.0000000000e+00,0.0000000000e+00
1059,3.8183000684e-01,-1.4522881806e-01,0.0000000000e+00,0.0000000000e+00,0.0000000000e+00
1060,3.8183698058e-01,-1.4523912966e-01,0.0000000000e+00,0.0000000000e+00,0.0000000000e+00
1061,3.8182783127e-01,-1.4522416890e-01,0.0000000000e+00,0.0000000000e+00,0.0000000000e+00
1062,3.8183596730e-01,-1.4524070919e-01,0.0000000000e+00,0.0000000000e+00,0.0000000000e+00
1063,3.8183543086e-01,-1.4522881806e-01,0.0000000000e+00,0.0000000000e+00,0.0000000000e+00
1064,3.8183671236e-01,-1.4523878694e-01,0.0000000000e+00,0.0000000000e+00,0.0000000000e+00
1065,3.8181966543e-01,-1.4522300661e-01,0.0000000000e+00,0.0000000000e+00,0.0000000000e+00
1066,3.8183820248e-01,-1.4523337781e-01,0.0000000000e+00,0.0000000000e+00,0.0000000000e+00
1067,3.8181656599e-01,-1.4522294700e-01,0.0000000000e+00,0.0000000000e+00,0.0000000000e+00
1068,3.8183569908e-01,-1.4522877336e-01,0.0000000000e+00,0.0000000000e+00,0.0000000000e+00
1069,3.8181692362e-01,-1.4522279799e-01,0.0000000000e+00,0.0000000000e+00,0.0000000000e+00
1070,3.8183122873e-01,-1.4522270858e-01,0.0000000000e+00,0.0000000000e+00,0.0000000000e+00
1071,3.8181808591e-01,-1.4522445202e-01,0.0000000000e+00,0.0000000000e+00,0.0000000000e+00
1072,3.8182720542e-01,-1.4521926641e-01,0.0000000000e+00,0.0000000000e+00,0.0000000000e+00
1073,3.8181793690e-01,-1.4522400498e-01,0.0000000000e+00,0.0000000000e+00,0.0000000000e+00
1074,3.8182437420e-01,-1.4521746337e-01,0.0000000000e+00,0.0000000000e+00,0.0000000000e+00
1075,3.8181716204e-01,-1.4522096515e-01,0.0000000000e+00,0.0000000000e+00,0.0000000000e+00
1076,3.8182181120e-01,-1.4521792531e-01,0.0000000000e+00,0.0000000000e+00,0.0000000000e+00
1077,3.8181528449e-01,-1.4521592855e-01,0.0000000000e+00,0.0000000000e+00,0.0000000000e+00
1078,3.8182103634e-01,-1.4521998167e-01,0.0000000000e+00,0.0000000000e+00,0.0000000000e+00
1079,3.8181251287e-01,-1.4521014690e-01,0.0000000000e+00,0.0000000000e+00,0.0000000000e+00
1080,3.8182061911e-01,-1.4522182941e-01,0.0000000000e+00,0.0000000000e+00,0.0000000000e+00
1081,3.8181042671e-01,-1.4520540833e-01,0.0000000000e+00,0.0000000000e+00,0.0000000000e+00
1082,3.8180935383e-01,-1.4520996809e-01,0.0000000000e+00,0.0000000000e+00,0.0000000000e+00
1083,3.8180816174e-01,-1.4520530403e-01,0.0000000000e+00,0.0000000000e+00,0.0000000000e+00
1084,3.8180935383e-01,-1.4520086348e-01,0.0000000000e+00,0.0000000000e+00,0.0000000000e+00
1085,3.8181796670e-01,-1.4521412551e-01,0.0000000000e+00,0.0000000000e+00,0.0000000000e+00
1086,3.8180294633e-01,-1.4520442486e-01,0.0000000000e+00,0.0000000000e+00,0.0000000000e+00
1087,3.8181760907e-01,-1.4521290362e-01,0.0000000000e+00,0.0000000000e+00,0.0000000000e+00
1088,3.8180106878e-01,-1.4520514011e-01,0.0000000000e+00,0.0000000000e+00,0.0000000000e+00
1089,3.8181531429e-01,-1.4520804584e-01,0.0000000000e+00,0.0000000000e+00,0.0000000000e+00
1090,3.8180083036e-01,-1.4520588517e-01,0.0000000000e+00,0.0000000000e+00,0.0000000000e+00
1091,3.8181164861e-01,-1.4520287514e-01,0.0000000000e+00,0.0000000000e+00,0.0000000000e+00
1092,3.8180068135e-01,-1.4520694315e-01,0.0000000000e+00,0.0000000000e+00,0.0000000000e+00
1093,3.8180848956e-01,-1.4519740641e-01,0.0000000000e+00,0.0000000000e+00,0.0000000000e+00
1094,3.8179999590e-01,-1.4520792663e-01,0.0000000000e+00,0.0000000000e+00,0.0000000000e+00
1095,3.8180610538e-01,-1.4519576728e-01,0.0000000000e+00,0.0000000000e+00,0.0000000000e+00
1096,3.8179871440e-01,-1.4520373940e-01,0.0000000000e+00,0.0000000000e+00,0.0000000000e+00
1097,3.8180413842e-01,-1.4519795775e-01,0.0000000000e+00,0.0000000000e+00,0.0000000000e+00
1098,3.8179677725e-01,-1.4519737661e-01,0.0000000000e+00,0.0000000000e+00,0.0000000000e+00
1099,3.8180270791e-01,-1.4520008862e-01,0.0000000000e+00,0.0000000000e+00,0.0000000000e+00
1100,3.8179531693e-01,-1.4519268274e-01,0.0000000000e+00,0.0000000000e+00,0.0000000000e+00
1101,3.8180020452e-01,-1.4520041645e-01,0.0000000000e+00,0.0000000000e+00,0.0000000000e+00
1102,3.8179433346e-01,-1.4518907666e-01,0.0000000000e+00,0.0000000000e+00,0.0000000000e+00
1103,3.8179838657e-01,-1.4520065486e-01,0.0000000000e+00,0.0000000000e+00,0.0000000000e+00
1104,3.8179799914e-01,-1.4519083500e-01,0.0000000000e+00,0.0000000000e+00,0.0000000000e+00
1105,3.8179916143e-01,-1.4520083368e-01,0.0000000000e+00,0.0000000000e+00,0.0000000000e+00
1106,3.8178551197e-01,-1.4518371224e-01,0.0000000000e+00,0.0000000000e+00,0.0000000000e+00
1107,3.8180178404e-01,-1.4519859850e-01,0.0000000000e+00,0.0000000000e+00,0.0000000000e+00
1108,3.8178035617e-01,-1.4518164098e-01,0.0000000000e+00,0.0000000000e+00,0.0000000000e+00
1109,3.8180118799e-01,-1.4519615471e-01,0.0000000000e+00,0.0000000000e+00,0.0000000000e+00
1110,3.8177931309e-01,-1.4518068731e-01,0.0000000000e+00,0.0000000000e+00,0.0000000000e+00
1111,3.8179850578e-01,-1.4519046247e-01,0.0000000000e+00,0.0000000000e+00,0.0000000000e+00
1112,3.8177949190e-01,-1.4518332481e-01,0.0000000000e+00,0.0000000000e+00,0.0000000000e+00
1113,3.8179421425e-01,-1.4518508315e-01,0.0000000000e+00,0.0000000000e+00,0.0000000000e+00
1114,3.8178727031e-01,-1.4518103004e-01,0.0000000000e+00,0.0000000000e+00,0.0000000000e+00
1115,3.8178879023e-01,-1.4517888427e-01,0.0000000000e+00,0.0000000000e+00,0.0000000000e+00
1116,3.8178148866e-01,-1.4518415928e-01,0.0000000000e+00,0.0000000000e+00,0.0000000000e+00
1117,3.8178703189e-01,-1.4518043399e-01,0.0000000000e+00,0.0000000000e+00,0.0000000000e+00
1118,3.8177895546e-01,-1.4517945051e-01,0.0000000000e+00,0.0000000000e+00,0.0000000000e+00
1119,3.8178592920e-01,-1.4518162608e-01,0.0000000000e+00,0.0000000000e+00,0.0000000000e+00
1120,3.8177680969e-01,-1.4517548680e-01,0.0000000000e+00,0.0000000000e+00,0.0000000000e+00
1121,3.8178354502e-01,-1.4518143237e-01,0.0000000000e+00,0.0000000000e+00,0.0000000000e+00
1122,3.8177588582e-01,-1.4517229795e-01,0.0000000000e+00,0.0000000000e+00,0.0000000000e+00
1123,3.8178116083e-01,-1.4518147707e-01,0.0000000000e+00,0.0000000000e+00,0.0000000000e+00
1124,3.8177374005e-01,-1.4516773820e-01,0.0000000000e+00,0.0000000000e+00,0.0000000000e+00
1125,3.8178098202e-01,-1.4518317580e-01,0.0000000000e+00,0.0000000000e+00,0.0000000000e+00
1126,3.8178026676e-01,-1.4517122507e-01,0.0000000000e+00,0.0000000000e+00,0.0000000000e+00
1127,3.8178247213e-01,-1.4518055320e-01,0.0000000000e+00,0.0000000000e+00,0.0000000000e+00
1128,3.8176500797e-01,-1.4516755939e-01,0.0000000000e+00,0.0000000000e+00,0.0000000000e+00
1129,3.8178220391e-01,-1.4517457783e-01,0.0000000000e+00,0.0000000000e+00,0.0000000000e+00
1130,3.8176327944e-01,-1.4516590536e-01,0.0000000000e+00,0.0000000000e+00,0.0000000000e+00
1131,3.8177883625e-01,-1.4517004788e-01,0.0000000000e+00,0.0000000000e+00,0.0000000000e+00
1132,3.8176348805e-01,-1.4516669512e-01,0.0000000000e+00,0.0000000000e+00,0.0000000000e+00
1133,3.8177463412e-01,-1.4516526461e-01,0.0000000000e+00,0.0000000000e+00,0.0000000000e+00
1134,3.8176381588e-01,-1.4516885579e-01,0.0000000000e+00,0.0000000000e+00,0.0000000000e+00
1135,3.8177204132e-01,-1.4516241848e-01,0.0000000000e+00,0.0000000000e+00,0.0000000000e+00
1136,3.8176193833e-01,-1.4516614377e-01,0.0000000000e+00,0.0000000000e+00,0.0000000000e+00
1137,3.8177013397e-01,-1.4516262710e-01,0.0000000000e+00,0.0000000000e+00,0.0000000000e+00
1138,3.8176047802e-01,-1.4516125619e-01,0.0000000000e+00,0.0000000000e+00,0.0000000000e+00
1139,3.8176870346e-01,-1.4516447484e-01,0.0000000000e+00,0.0000000000e+00,0.0000000000e+00
1140,3.8175770640e-01,-1.4515572786e-01,0.0000000000e+00,0.0000000000e+00,0.0000000000e+00
1141,3.8176688552e-01,-1.4516551793e-01,0.0000000000e+00,0.0000000000e+00,0.0000000000e+00
1142,3.8175642490e-01,-1.4515198767e-01,0.0000000000e+00,0.0000000000e+00,0.0000000000e+00
1143,3.8176554441e-01,-1.4516548812e-01,0.0000000000e+00,0.0000000000e+00,0.0000000000e+00
1144,3.8176316023e-01,-1.4515744150e-01,0.0000000000e+00,0.0000000000e+00,0.0000000000e+00
1145,3.8176321983e-01,-1.4516125619e-01,0.0000000000e+00,0.0000000000e+00,0.0000000000e+00
1146,3.8176077604e-01,-1.4516514540e-01,0.0000000000e+00,0.0000000000e+00,0.0000000000e+00
1147,3.8175085187e-01,-1.4514888823e-01,0.0000000000e+00,0.0000000000e+00,0.0000000000e+00
1148,3.8176307082e-01,-1.4516127110e-01,0.0000000000e+00,0.0000000000e+00,0.0000000000e+00
1149,3.8174548745e-01,-1.4514517784e-01,0.0000000000e+00,0.0000000000e+00,0.0000000000e+00
1150,3.8176310062e-01,-1.4515940845e-01,0.0000000000e+00,0.0000000000e+00,0.0000000000e+00
1151,3.8174337149e-01,-1.4514367282e-01,0.0000000000e+00,0.0000000000e+00,0.0000000000e+00
1152,3.8176140189e-01,-1.4515471458e-01,0.0000000000e+00,0.0000000000e+00,0.0000000000e+00
1153,3.8174307346e-01,-1.4514543116e-01,0.0000000000e+00,0.0000000000e+00,0.0000000000e+00
1154,3.8175734878e-01,-1.4514994621e-01,0.0000000000e+00,0.0000000000e+00,0.0000000000e+00
1155,3.8174304366e-01,-1.4514636993e-01,0.0000000000e+00,0.0000000000e+00,0.0000000000e+00
1156,3.8175442815e-01,-1.4514575899e-01,0.0000000000e+00,0.0000000000e+00,0.0000000000e+00
1157,3.8175088167e-01,-1.4514522254e-01,0.0000000000e+00,0.0000000000e+00,0.0000000000e+00
1158,3.8174989820e-01,-1.4514367282e-01,0.0000000000e+00,0.0000000000e+00,0.0000000000e+00
1159,3.8174793124e-01,-1.4514218271e-01,0.0000000000e+00,0.0000000000e+00,0.0000000000e+00
1160,3.8174092770e-01,-1.4514039457e-01,0.0000000000e+00,0.0000000000e+00,0.0000000000e+00
1161,3.8174876571e-01,-1.4514546096e-01,0.0000000000e+00,0.0000000000e+00,0.0000000000e+00
1162,3.8173770905e-01,-1.4513625205e-01,0.0000000000e+00,0.0000000000e+00,0.0000000000e+00
1163,3.8174709678e-01,-1.4514495432e-01,0.0000000000e+00,0.0000000000e+00,0.0000000000e+00
1164,3.8173657656e-01,-1.4513449371e-01,0.0000000000e+00,0.0000000000e+00,0.0000000000e+00
1165,3.8174387813e-01,-1.4514206350e-01,0.0000000000e+00,0.0000000000e+00,0.0000000000e+00
1166,3.8173559308e-01,-1.4513415098e-01,0.0000000000e+00,0.0000000000e+00,0.0000000000e+00
1167,3.8174307346e-01,-1.4514000714e-01,0.0000000000e+00,0.0000000000e+00,0.0000000000e+00
1168,3.8173052669e-01,-1.4513155818e-01,0.0000000000e+00,0.0000000000e+00,0.0000000000e+00
1169,3.8174489141e-01,-1.4514100552e-01,0.0000000000e+00,0.0000000000e+00,0.0000000000e+00
1170,3.8172754645e-01,-1.4512558281e-01,0.0000000000e+00,0.0000000000e+00,0.0000000000e+00
1171,3.8174402714e-01,-1.4514142275e-01,0.0000000000e+00,0.0000000000e+00,0.0000000000e+00
1172,3.8172316551e-01,-1.4512510598e-01,0.0000000000e+00,0.0000000000e+00,0.0000000000e+00
1173,3.8174268603e-01,-1.4513760805e-01,0.0000000000e+00,0.0000000000e+00,0.0000000000e+00
1174,3.8172230124e-01,-1.4512684941e-01,0.0000000000e+00,0.0000000000e+00,0.0000000000e+00
1175,3.8173899055e-01,-1.4513204992e-01,0.0000000000e+00,0.0000000000e+00,0.0000000000e+00
1176,3.8172340393e-01,-1.4512741566e-01,0.0000000000e+00,0.0000000000e+00,0.0000000000e+00
1177,3.8172671199e-01,-1.4512956142e-01,0.0000000000e+00,0.0000000000e+00,0.0000000000e+00
1178,3.8172546029e-01,-1.4513030648e-01,0.0000000000e+00,0.0000000000e+00,0.0000000000e+00
1179,3.8172432780e-01,-1.4513093233e-01,0.0000000000e+00,0.0000000000e+00,0.0000000000e+00
1180,3.8172841072e-01,-1.4512428641e-01,0.0000000000e+00,0.0000000000e+00,0.0000000000e+00
1181,3.8172176480e-01,-1.4512339234e-01,0.0000000000e+00,0.0000000000e+00,0.0000000000e+00
1182,3.8172882795e-01,-1.4512623847e-01,0.0000000000e+00,0.0000000000e+00,0.0000000000e+00
1183,3.8171860576e-01,-1.4511810243e-01,0.0000000000e+00,0.0000000000e+00,0.0000000000e+00
1184,3.8172864914e-01,-1.4512693882e-01,0.0000000000e+00,0.0000000000e+00,0.0000000000e+00
1185,3.8171654940e-01,-1.4511503279e-01,0.0000000000e+00,0.0000000000e+00,0.0000000000e+00
1186,3.8172501326e-01,-1.4512562752e-01,0.0000000000e+00,0.0000000000e+00,0.0000000000e+00
1187,3.8171559572e-01,-1.4511293173e-01,0.0000000000e+00,0.0000000000e+00,0.0000000000e+00
1188,3.8172397017e-01,-1.4512428641e-01,0.0000000000e+00,0.0000000000e+00,0.0000000000e+00
1189,3.8171109557e-01,-1.4511032403e-01,0.0000000000e+00,0.0000000000e+00,0.0000000000e+00
1190,3.8172501326e-01,-1.4512468874e-01,0.0000000000e+00,0.0000000000e+00,0.0000000000e+00
1191,3.8170862198e-01,-1.4510555565e-01,0.0000000000e+00,0.0000000000e+00,0.0000000000e+00
1192,3.8171058893e-01,-1.4511647820e-01,0.0000000000e+00,0.0000000000e+00,0.0000000000e+00
1193,3.8170537353e-01,-1.4510773122e-01,0.0000000000e+00,0.0000000000e+00,0.0000000000e+00
1194,3.8171982765e-01,-1.4511342347e-01,0.0000000000e+00,0.0000000000e+00,0.0000000000e+00
1195,3.8170623779e-01,-1.4511170983e-01,0.0000000000e+00,0.0000000000e+00,0.0000000000e+00
1196,3.8171577454e-01,-1.4510883391e-01,0.0000000000e+00,0.0000000000e+00,0.0000000000e+00
1197,3.8170751929e-01,-1.4511354268e-01,0.0000000000e+00,0.0000000000e+00,0.0000000000e+00
1198,3.8171130419e-01,-1.4510439336e-01,0.0000000000e+00,0.0000000000e+00,0.0000000000e+00
1199,3.8170692325e-01,-1.4511205256e-01,0.0000000000e+00,0.0000000000e+00,0.0000000000e+00
1200,3.8170987368e-01,-1.4510571957e-01,0.0000000000e+00,0.0000000000e+00,0.0000000000e+00
1201,3.8170328736e-01,-1.4510607719e-01,0.0000000000e+00,0.0000000000e+00,0.0000000000e+00
1202,3.8171041012e-01,-1.4510849118e-01,0.0000000000e+00,0.0000000000e+00,0.0000000000e+00
1203,3.8169911504e-01,-1.4509996772e-01,0.0000000000e+00,0.0000000000e+00,0.0000000000e+00
1204,3.8170969486e-01,-1.4511059225e-01,0.0000000000e+00,0.0000000000e+00,0.0000000000e+00
1205,3.8169661164e-01,-1.4509512484e-01,0.0000000000e+00,0.0000000000e+00,0.0000000000e+00
1206,3.8170728087e-01,-1.4511075616e-01,0.0000000000e+00,0.0000000000e+00,0.0000000000e+00
1207,3.8169515133e-01,-1.4509269595e-01,0.0000000000e+00,0.0000000000e+00,0.0000000000e+00
1208,3.8170662522e-01,-1.4510878921e-01,0.0000000000e+00,0.0000000000e+00,0.0000000000e+00
1209,3.8169124722e-01,-1.4509187639e-01,0.0000000000e+00,0.0000000000e+00,0.0000000000e+00
1210,3.8170680404e-01,-1.4510732889e-01,0.0000000000e+00,0.0000000000e+00,0.0000000000e+00
1211,3.8168755174e-01,-1.4508864284e-01,0.0000000000e+00,0.0000000000e+00,0.0000000000e+00
1212,3.8169038296e-01,-1.4509744942e-01,0.0000000000e+00,0.0000000000e+00,0.0000000000e+00
1213,3.8168761134e-01,-1.4509356022e-01,0.0000000000e+00,0.0000000000e+00,0.0000000000e+00
1214,3.8168790936e-01,-1.4508838952e-01,0.0000000000e+00,0.0000000000e+00,0.0000000000e+00
1215,3.8170021772e-01,-1.4509449899e-01,0.0000000000e+00,0.0000000000e+00,0.0000000000e+00
1216,3.8168683648e-01,-1.4509388804e-01,0.0000000000e+00,0.0000000000e+00,0.0000000000e+00
1217,3.8169535995e-01,-1.4509055018e-01,0.0000000000e+00,0.0000000000e+00,0.0000000000e+00
1218,3.8168862462e-01,-1.4509508014e-01,0.0000000000e+00,0.0000000000e+00,0.0000000000e+00
1219,3.8169038296e-01,-1.4508724213e-01,0.0000000000e+00,0.0000000000e+00,0.0000000000e+00
1220,3.8168871403e-01,-1.4509299397e-01,0.0000000000e+00,0.0000000000e+00,0.0000000000e+00
1221,3.8168802857e-01,-1.4508795738e-01,0.0000000000e+00,0.0000000000e+00,0.0000000000e+00
1222,3.8168448210e-01,-1.4508783817e-01,0.0000000000e+00,0.0000000000e+00,0.0000000000e+00
1223,3.8168951869e-01,-1.4508982003e-01,0.0000000000e+00,0.0000000000e+00,0.0000000000e+00
1224,3.8167968392e-01,-1.4508222044e-01,0.0000000000e+00,0.0000000000e+00,0.0000000000e+00
1225,3.8168945909e-01,-1.4509215951e-01,0.0000000000e+00,0.0000000000e+00,0.0000000000e+00
1226,3.8167682290e-01,-1.4507700503e-01,0.0000000000e+00,0.0000000000e+00,0.0000000000e+00
1227,3.8168787956e-01,-1.4509230852e-01,0.0000000000e+00,0.0000000000e+00,0.0000000000e+00
1228,3.8167509437e-01,-1.4507550001e-01,0.0000000000e+00,0.0000000000e+00,0.0000000000e+00
1229,3.8168630004e-01,-1.4508853853e-01,0.0000000000e+00,0.0000000000e+00,0.0000000000e+00
1230,3.8167190552e-01,-1.4507675171e-01,0.0000000000e+00,0.0000000000e+00,0.0000000000e+00
1231,3.8168644905e-01,-1.4508366585e-01,0.0000000000e+00,0.0000000000e+00,0.0000000000e+00
1232,3.8166785240e-01,-1.4507620037e-01,0.0000000000e+00,0.0000000000e+00,0.0000000000e+00
1233,3.8168466091e-01,-1.4508329332e-01,0.0000000000e+00,0.0000000000e+00,0.0000000000e+00
1234,3.8166749477e-01,-1.4507278800e-01,0.0000000000e+00,0.0000000000e+00,0.0000000000e+00
1235,3.8167139888e-01,-1.4507977664e-01,0.0000000000e+00,0.0000000000e+00,0.0000000000e+00
1236,3.8166671991e-01,-1.4507357776e-01,0.0000000000e+00,0.0000000000e+00,0.0000000000e+00
1237,3.8167682290e-01,-1.4507506788e-01,0.0000000000e+00,0.0000000000e+00,0.0000000000e+00
1238,3.8166698813e-01,-1.4507550001e-01,0.0000000000e+00,0.0000000000e+00,0.0000000000e+00
1239,3.8167318702e-01,-1.4507220685e-01,0.0000000000e+00,0.0000000000e+00,0.0000000000e+00
1240,3.8166680932e-01,-1.4507383108e-01,0.0000000000e+00,0.0000000000e+00,0.0000000000e+00
1241,3.8167056441e-01,-1.4507161081e-01,0.0000000000e+00,0.0000000000e+00,0.0000000000e+00
1242,3.8166451454e-01,-1.4506970346e-01,0.0000000000e+00,0.0000000000e+00,0.0000000000e+00
1243,3.8166970015e-01,-1.4507298172e-01,0.0000000000e+00,0.0000000000e+00,0.0000000000e+00
1244,3.8166123629e-01,-1.4506417513e-01,0.0000000000e+00,0.0000000000e+00,0.0000000000e+00
1245,3.8166970015e-01,-1.4507554471e-01,0.0000000000e+00,0.0000000000e+00,0.0000000000e+00
1246,3.8165855408e-01,-1.4505827427e-01,0.0000000000e+00,0.0000000000e+00,0.0000000000e+00
1247,3.8165983558e-01,-1.4507032931e-01,0.0000000000e+00,0.0000000000e+00,0.0000000000e+00
1248,3.8165387511e-01,-1.4505530894e-01,0.0000000000e+00,0.0000000000e+00,0.0000000000e+00
1249,3.8166803122e-01,-1.4507204294e-01,0.0000000000e+00,0.0000000000e+00,0.0000000000e+00
1250,3.8165065646e-01,-1.4505665004e-01,0.0000000000e+00,0.0000000000e+00,0.0000000000e+00
1251,3.8166776299e-01,-1.4506897330e-01,0.0000000000e+00,0.0000000000e+00,0.0000000000e+00
1252,3.8164797425e-01,-1.4505627751e-01,0.0000000000e+00,0.0000000000e+00,0.0000000000e+00
1253,3.8166600466e-01,-1.4506688714e-01,0.0000000000e+00,0.0000000000e+00,0.0000000000e+00
1254,3.8164618611e-01,-1.4505569637e-01,0.0000000000e+00,0.0000000000e+00,0.0000000000e+00
1255,3.8166299462e-01,-1.4506372809e-01,0.0000000000e+00,0.0000000000e+00,0.0000000000e+00
1256,3.8164693117e-01,-1.4505508542e-01,0.0000000000e+00,0.0000000000e+00,0.0000000000e+00
1257,3.8164937496e-01,-1.4505960047e-01,0.0000000000e+00,0.0000000000e+00,0.0000000000e+00
1258,3.8164621592e-01,-1.4505700767e-01,0.0000000000e+00,0.0000000000e+00,0.0000000000e+00
1259,3.8165396452e-01,-1.4505578578e-01,0.0000000000e+00,0.0000000000e+00,0.0000000000e+00
1260,3.8164556026e-01,-1.4505505562e-01,0.0000000000e+00,0.0000000000e+00,0.0000000000e+00
1261,3.8165214658e-01,-1.4505578578e-01,0.0000000000e+00,0.0000000000e+00,0.0000000000e+00
1262,3.8164335489e-01,-1.4505152404e-01,0.0000000000e+00,0.0000000000e+00,0.0000000000e+00
1263,3.8165065646e-01,-1.4505599439e-01,0.0000000000e+00,0.0000000000e+00,0.0000000000e+00
1264,3.8164129853e-01,-1.4504794776e-01,0.0000000000e+00,0.0000000000e+00,0.0000000000e+00
1265,3.8164839149e-01,-1.4505629241e-01,0.0000000000e+00,0.0000000000e+00,0.0000000000e+00
1266,3.8163903356e-01,-1.4504365623e-01,0.0000000000e+00,0.0000000000e+00,0.0000000000e+00
1267,3.8164737821e-01,-1.4505770802e-01,0.0000000000e+00,0.0000000000e+00,0.0000000000e+00
1268,3.8163712621e-01,-1.4503875375e-01,0.0000000000e+00,0.0000000000e+00,0.0000000000e+00
1269,3.8163551688e-01,-1.4504873753e-01,0.0000000000e+00,0.0000000000e+00,0.0000000000e+00
1270,3.8163110614e-01,-1.4503823221e-01,0.0000000000e+00,0.0000000000e+00,0.0000000000e+00
1271,3.8164585829e-01,-1.4504878223e-01,0.0000000000e+00,0.0000000000e+00,0.0000000000e+00
1272,3.8162869215e-01,-1.4504161477e-01,0.0000000000e+00,0.0000000000e+00,0.0000000000e+00
1273,3.8164460659e-01,-1.4504739642e-01,0.0000000000e+00,0.0000000000e+00,0.0000000000e+00
1274,3.8162747025e-01,-1.4504213631e-01,0.0000000000e+00,0.0000000000e+00,0.0000000000e+00
1275,3.8164159656e-01,-1.4504386485e-01,0.0000000000e+00,0.0000000000e+00,0.0000000000e+00
1276,3.8162699342e-01,-1.4504268765e-01,0.0000000000e+00,0.0000000000e+00,0.0000000000e+00
1277,3.8163793087e-01,-1.4504006505e-01,0.0000000000e+00,0.0000000000e+00,0.0000000000e+00
1278,3.8162568212e-01,-1.4504209161e-01,0.0000000000e+00,0.0000000000e+00,0.0000000000e+00
1279,3.8163539767e-01,-1.4503811300e-01,0.0000000000e+00,0.0000000000e+00,0.0000000000e+00
1280,3.8162431121e-01,-1.4503850043e-01,0.0000000000e+00,0.0000000000e+00,0.0000000000e+00
1281,3.8163310289e-01,-1.4503870904e-01,0.0000000000e+00,0.0000000000e+00,0.0000000000e+00
1282,3.8162273169e-01,-1.4503386617e-01,0.0000000000e+00,0.0000000000e+00,0.0000000000e+00
1283,3.8163128495e-01,-1.4504040778e-01,0.0000000000e+00,0.0000000000e+00,0.0000000000e+00
1284,3.8162016869e-01,-1.4502921700e-01,0.0000000000e+00,0.0000000000e+00,0.0000000000e+00
1285,3.8162896037e-01,-1.4504112303e-01,0.0000000000e+00,0.0000000000e+00,0.0000000000e+00
1286,3.8161808252e-01,-1.4502504468e-01,0.0000000000e+00,0.0000000000e+00,0.0000000000e+00
1287,3.8161733747e-01,-1.4503064752e-01,0.0000000000e+00,0.0000000000e+00,0.0000000000e+00
1288,3.8161543012e-01,-1.4502458274e-01,0.0000000000e+00,0.0000000000e+00,0.0000000000e+00
1289,3.8162460923e-01,-1.4503121376e-01,0.0000000000e+00,0.0000000000e+00,0.0000000000e+00
1290,3.8161244988e-01,-1.4502771199e-01,0.0000000000e+00,0.0000000000e+00,0.0000000000e+00
1291,3.8162443042e-01,-1.4503076673e-01,0.0000000000e+00,0.0000000000e+00,0.0000000000e+00
1292,3.8161003590e-01,-1.4502792060e-01,0.0000000000e+00,0.0000000000e+00,0.0000000000e+00
1293,3.8162237406e-01,-1.4502759278e-01,0.0000000000e+00,0.0000000000e+00,0.0000000000e+00
1294,3.8160869479e-01,-1.4502692223e-01,0.0000000000e+00,0.0000000000e+00,0.0000000000e+00
1295,3.8161852956e-01,-1.4502273500e-01,0.0000000000e+00,0.0000000000e+00,0.0000000000e+00
1296,3.8160863519e-01,-1.4502896369e-01,0.0000000000e+00,0.0000000000e+00,0.0000000000e+00
1297,3.8161474466e-01,-1.4501872659e-01,0.0000000000e+00,0.0000000000e+00,0.0000000000e+00
1298,3.8160747290e-01,-1.4502802491e-01,0.0000000000e+00,0.0000000000e+00,0.0000000000e+00
1299,3.8161230087e-01,-1.4501798153e-01,0.0000000000e+00,0.0000000000e+00,0.0000000000e+00
1300,3.8160493970e-01,-1.4502362907e-01,0.0000000000e+00,0.0000000000e+00,0.0000000000e+00
1301,3.8161060214e-01,-1.4501953125e-01,0.0000000000e+00,0.0000000000e+00,0.0000000000e+00
1302,3.8160246611e-01,-1.4501887560e-01,0.0000000000e+00,0.0000000000e+00,0.0000000000e+00
1303,3.8160890341e-01,-1.4502073824e-01,0.0000000000e+00,0.0000000000e+00,0.0000000000e+00
1304,3.8160049915e-01,-1.4501501620e-01,0.0000000000e+00,0.0000000000e+00,0.0000000000e+00
1305,3.8160654902e-01,-1.4502084255e-01,0.0000000000e+00,0.0000000000e+00,0.0000000000e+00
1306,3.8159841299e-01,-1.4501158893e-01,0.0000000000e+00,0.0000000000e+00,0.0000000000e+00
1307,3.8160529733e-01,-1.4502063394e-01,0.0000000000e+00,0.0000000000e+00,0.0000000000e+00
1308,3.8159385324e-01,-1.4500853419e-01,0.0000000000e+00,0.0000000000e+00,0.0000000000e+00
1309,3.8160598278e-01,-1.4502099156e-01,0.0000000000e+00,0.0000000000e+00,0.0000000000e+00
1310,3.8158789277e-01,-1.4500519633e-01,0.0000000000e+00,0.0000000000e+00,0.0000000000e+00
1311,3.8160708547e-01,-1.4502082765e-01,0.0000000000e+00,0.0000000000e+00,0.0000000000e+00
1312,3.8158428669e-01,-1.4500176907e-01,0.0000000000e+00,0.0000000000e+00,0.0000000000e+00
1313,3.8160690665e-01,-1.4501821995e-01,0.0000000000e+00,0.0000000000e+00,0.0000000000e+00
1314,3.8158202171e-01,-1.4500163496e-01,0.0000000000e+00,0.0000000000e+00,0.0000000000e+00
1315,3.8160255551e-01,-1.4501495659e-01,0.0000000000e+00,0.0000000000e+00,0.0000000000e+00
1316,3.8158255816e-01,-1.4500266314e-01,0.0000000000e+00,0.0000000000e+00,0.0000000000e+00
1317,3.8158705831e-01,-1.4500892162e-01,0.0000000000e+00,0.0000000000e+00,0.0000000000e+00
1318,3.8158455491e-01,-1.4500819147e-01,0.0000000000e+00,0.0000000000e+00,0.0000000000e+00
1319,3.8158908486e-01,-1.4500254393e-01,0.0000000000e+00,0.0000000000e+00,0.0000000000e+00
1320,3.8158428669e-01,-1.4500513673e-01,0.0000000000e+00,0.0000000000e+00,0.0000000000e+00
1321,3.8158881664e-01,-1.4500367641e-01,0.0000000000e+00,0.0000000000e+00,0.0000000000e+00
1322,3.8158181310e-01,-1.4500148594e-01,0.0000000000e+00,0.0000000000e+00,0.0000000000e+00
1323,3.8158693910e-01,-1.4500351250e-01,0.0000000000e+00,0.0000000000e+00,0.0000000000e+00
1324,3.8158002496e-01,-1.4499887824e-01,0.0000000000e+00,0.0000000000e+00,0.0000000000e+00
1325,3.8158389926e-01,-1.4500221610e-01,0.0000000000e+00,0.0000000000e+00,0.0000000000e+00
1326,3.8157853484e-01,-1.4499785006e-01,0.0000000000e+00,0.0000000000e+00,0.0000000000e+00
1327,3.8158202171e-01,-1.4499847591e-01,0.0000000000e+00,0.0000000000e+00,0.0000000000e+00
1328,3.8157445192e-01,-1.4499786496e-01,0.0000000000e+00,0.0000000000e+00,0.0000000000e+00
1329,3.8158228993e-01,-1.4499521255e-01,0.0000000000e+00,0.0000000000e+00,0.0000000000e+00
1330,3.8156995177e-01,-1.4499677718e-01,0.0000000000e+00,0.0000000000e+00,0.0000000000e+00
1331,3.8158175349e-01,-1.4499400556e-01,0.0000000000e+00,0.0000000000e+00,0.0000000000e+00
1332,3.8156729937e-01,-1.4499558508e-01,0.0000000000e+00,0.0000000000e+00,0.0000000000e+00
1333,3.8157916069e-01,-1.4499133825e-01,0.0000000000e+00,0.0000000000e+00,0.0000000000e+00
1334,3.8156646490e-01,-1.4499558508e-01,0.0000000000e+00,0.0000000000e+00,0.0000000000e+00
1335,3.8157492876e-01,-1.4498777688e-01,0.0000000000e+00,0.0000000000e+00,0.0000000000e+00
1336,3.8156747818e-01,-1.4499717951e-01,0.0000000000e+00,0.0000000000e+00,0.0000000000e+00
1337,3.8156923652e-01,-1.4498291910e-01,0.0000000000e+00,0.0000000000e+00,0.0000000000e+00
1338,3.8156837225e-01,-1.4499714971e-01,0.0000000000e+00,0.0000000000e+00,0.0000000000e+00
1339,3.8156527281e-01,-1.4498220384e-01,0.0000000000e+00,0.0000000000e+00,0.0000000000e+00
1340,3.8156491518e-01,-1.4499129355e-01,0.0000000000e+00,0.0000000000e+00,0.0000000000e+00
1341,3.8156518340e-01,-1.4498500526e-01,0.0000000000e+00,0.0000000000e+00,0.0000000000e+00
1342,3.8156124949e-01,-1.4498555660e-01,0.0000000000e+00,0.0000000000e+00,0.0000000000e+00
1343,3.8156396151e-01,-1.4498680830e-01,0.0000000000e+00,0.0000000000e+00,0.0000000000e+00
1344,3.8155862689e-01,-1.4498087764e-01,0.0000000000e+00,0.0000000000e+00,0.0000000000e+00
1345,3.8156196475e-01,-1.4498794079e-01,0.0000000000e+00,0.0000000000e+00,0.0000000000e+00
1346,3.8155639172e-01,-1.4497670531e-01,0.0000000000e+00,0.0000000000e+00,0.0000000000e+00
1347,3.8155984879e-01,-1.4498838782e-01,0.0000000000e+00,0.0000000000e+00,0.0000000000e+00
1348,3.8155281544e-01,-1.4497309923e-01,0.0000000000e+00,0.0000000000e+00,0.0000000000e+00
1349,3.8156181574e-01,-1.4498780668e-01,0.0000000000e+00,0.0000000000e+00,0.0000000000e+00
1350,3.8154524565e-01,-1.4497049153e-01,0.0000000000e+00,0.0000000000e+00,0.0000000000e+00
1351,3.8156446815e-01,-1.4498664439e-01,0.0000000000e+00,0.0000000000e+00,0.0000000000e+00
1352,3.8154059649e-01,-1.4496846497e-01,0.0000000000e+00,0.0000000000e+00,0.0000000000e+00
1353,3.8156172633e-01,-1.4498461783e-01,0.0000000000e+00,0.0000000000e+00,0.0000000000e+00
1354,3.8154041767e-01,-1.4496922493e-01,0.0000000000e+00,0.0000000000e+00,0.0000000000e+00
1355,3.8155561686e-01,-1.4497873187e-01,0.0000000000e+00,0.0000000000e+00,0.0000000000e+00
1356,3.8154295087e-01,-1.4497321844e-01,0.0000000000e+00,0.0000000000e+00,0.0000000000e+00
1357,3.8154700398e-01,-1.4497248828e-01,0.0000000000e+00,0.0000000000e+00,0.0000000000e+00
1358,3.8154551387e-01,-1.4497192204e-01,0.0000000000e+00,0.0000000000e+00,0.0000000000e+00
1359,3.8154345751e-01,-1.4497052133e-01,0.0000000000e+00,0.0000000000e+00,0.0000000000e+00
1360,3.8154390454e-01,-1.4497198164e-01,0.0000000000e+00,0.0000000000e+00,0.0000000000e+00
1361,3.8154071569e-01,-1.4496849477e-01,0.0000000000e+00,0.0000000000e+00,0.0000000000e+00
1362,3.8154166937e-01,-1.4497010410e-01,0.0000000000e+00,0.0000000000e+00,0.0000000000e+00
1363,3.8153919578e-01,-1.4496785402e-01,0.0000000000e+00,0.0000000000e+00,0.0000000000e+00
1364,3.8153347373e-01,-1.4496354759e-01,0.0000000000e+00,0.0000000000e+00,0.0000000000e+00
1365,3.8154080510e-01,-1.4497052133e-01,0.0000000000e+00,0.0000000000e+00,0.0000000000e+00
1366,3.8153243065e-01,-1.4495973289e-01,0.0000000000e+00,0.0000000000e+00,0.0000000000e+00
1367,3.8153830171e-01,-1.4497205615e-01,0.0000000000e+00,0.0000000000e+00,0.0000000000e+00
1368,3.8153064251e-01,-1.4495509863e-01,0.0000000000e+00,0.0000000000e+00,0.0000000000e+00
1369,3.8153567910e-01,-1.4497318864e-01,0.0000000000e+00,0.0000000000e+00,0.0000000000e+00
1370,3.8153403997e-01,-1.4495685697e-01,0.0000000000e+00,0.0000000000e+00,0.0000000000e+00
1371,3.8152956963e-01,-1.4496901631e-01,0.0000000000e+00,0.0000000000e+00,0.0000000000e+00
1372,3.8153249025e-01,-1.4495523274e-01,0.0000000000e+00,0.0000000000e+00,0.0000000000e+00
1373,3.8152447343e-01,-1.4496441185e-01,0.0000000000e+00,0.0000000000e+00,0.0000000000e+00
1374,3.8152980804e-01,-1.4495396614e-01,0.0000000000e+00,0.0000000000e+00,0.0000000000e+00
1375,3.8153630495e-01,-1.4496986568e-01,0.0000000000e+00,0.0000000000e+00,0.0000000000e+00
1376,3.8151505589e-01,-1.4495147765e-01,0.0000000000e+00,0.0000000000e+00,0.0000000000e+00
1377,3.8153144717e-01,-1.4495965838e-01,0.0000000000e+00,0.0000000000e+00,0.0000000000e+00
1378,3.8151657581e-01,-1.4495700598e-01,0.0000000000e+00,0.0000000000e+00,0.0000000000e+00
1379,3.8152512908e-01,-1.4495116472e-01,0.0000000000e+00,0.0000000000e+00,0.0000000000e+00
1380,3.8151744008e-01,-1.4495977759e-01,0.0000000000e+00,0.0000000000e+00,0.0000000000e+00
1381,3.8152098656e-01,-1.4494670928e-01,0.0000000000e+00,0.0000000000e+00,0.0000000000e+00
1382,3.8151794672e-01,-1.4495138824e-01,0.0000000000e+00,0.0000000000e+00,0.0000000000e+00
1383,3.8151878119e-01,-1.4494809508e-01,0.0000000000e+00,0.0000000000e+00,0.0000000000e+00
1384,3.8151213527e-01,-1.4495129883e-01,0.0000000000e+00,0.0000000000e+00,0.0000000000e+00
1385,3.8151875138e-01,-1.4495137334e-01,0.0000000000e+00,0.0000000000e+00,0.0000000000e+00
1386,3.8150772452e-01,-1.4494529366e-01,0.0000000000e+00,0.0000000000e+00,0.0000000000e+00
1387,3.8151705265e-01,-1.4495335519e-01,0.0000000000e+00,0.0000000000e+00,0.0000000000e+00
1388,3.8150611520e-01,-1.4494109154e-01,0.0000000000e+00,0.0000000000e+00,0.0000000000e+00
1389,3.8151335716e-01,-1.4495353401e-01,0.0000000000e+00,0.0000000000e+00,0.0000000000e+00
1390,3.8150426745e-01,-1.4493766427e-01,0.0000000000e+00,0.0000000000e+00,0.0000000000e+00
1391,3.8151127100e-01,-1.4495395124e-01,0.0000000000e+00,0.0000000000e+00,0.0000000000e+00
1392,3.8150253892e-01,-1.4493431151e-01,0.0000000000e+00,0.0000000000e+00,0.0000000000e+00
1393,3.8149812818e-01,-1.4494150877e-01,0.0000000000e+00,0.0000000000e+00,0.0000000000e+00
1394,3.8149714470e-01,-1.4493249357e-01,0.0000000000e+00,0.0000000000e+00,0.0000000000e+00
1395,3.8151171803e-01,-1.4494718611e-01,0.0000000000e+00,0.0000000000e+00,0.0000000000e+00
1396,3.8149207830e-01,-1.4493496716e-01,0.0000000000e+00,0.0000000000e+00,0.0000000000e+00
1397,3.8150864840e-01,-1.4494323730e-01,0.0000000000e+00,0.0000000000e+00,0.0000000000e+00
1398,3.8149210811e-01,-1.4493784308e-01,0.0000000000e+00,0.0000000000e+00,0.0000000000e+00
1399,3.8150319457e-01,-1.4493854344e-01,0.0000000000e+00,0.0000000000e+00,0.0000000000e+00
1400,3.8149276376e-01,-1.4493986964e-01,0.0000000000e+00,0.0000000000e+00,0.0000000000e+00
1401,3.8149872422e-01,-1.4493243396e-01,0.0000000000e+00,0.0000000000e+00,0.0000000000e+00
1402,3.8149029016e-01,-1.4493954182e-01,0.0000000000e+00,0.0000000000e+00,0.0000000000e+00
1403,3.8149780035e-01,-1.4493180811e-01,0.0000000000e+00,0.0000000000e+00,0.0000000000e+00
1404,3.8148656487e-01,-1.4493554831e-01,0.0000000000e+00,0.0000000000e+00,0.0000000000e+00
1405,3.8149595261e-01,-1.4493377507e-01,0.0000000000e+00,0.0000000000e+00,0.0000000000e+00
1406,3.8148391247e-01,-1.4493021369e-01,0.0000000000e+00,0.0000000000e+00,0.0000000000e+00
1407,3.8149371743e-01,-1.4493526518e-01,0.0000000000e+00,0.0000000000e+00,0.0000000000e+00
1408,3.8148176670e-01,-1.4492617548e-01,0.0000000000e+00,0.0000000000e+00,0.0000000000e+00
1409,3.8149049878e-01,-1.4493519068e-01,0.0000000000e+00,0.0000000000e+00,0.0000000000e+00
1410,3.8147979975e-01,-1.4492334425e-01,0.0000000000e+00,0.0000000000e+00,0.0000000000e+00
1411,3.8148820400e-01,-1.4493507147e-01,0.0000000000e+00,0.0000000000e+00,0.0000000000e+00
1412,3.8147789240e-01,-1.4491912723e-01,0.0000000000e+00,0.0000000000e+00,0.0000000000e+00
1413,3.8147529960e-01,-1.4492532611e-01,0.0000000000e+00,0.0000000000e+00,0.0000000000e+00
1414,3.8147270679e-01,-1.4491844177e-01,0.0000000000e+00,0.0000000000e+00,0.0000000000e+00
1415,3.8148540258e-01,-1.4492653310e-01,0.0000000000e+00,0.0000000000e+00,0.0000000000e+00
1416,3.8146957755e-01,-1.4492158592e-01,0.0000000000e+00,0.0000000000e+00,0.0000000000e+00
1417,3.8148295879e-01,-1.4492350817e-01,0.0000000000e+00,0.0000000000e+00,0.0000000000e+00
1418,3.8146892190e-01,-1.4492224157e-01,0.0000000000e+00,0.0000000000e+00,0.0000000000e+00
1419,3.8147819042e-01,-1.4491933584e-01,0.0000000000e+00,0.0000000000e+00,0.0000000000e+00
1420,3.8146927953e-01,-1.4492455125e-01,0.0000000000e+00,0.0000000000e+00,0.0000000000e+00
1421,3.8147377968e-01,-1.4491491020e-01,0.0000000000e+00,0.0000000000e+00,0.0000000000e+00
1422,3.8146734238e-01,-1.4492452145e-01,0.0000000000e+00,0.0000000000e+00,0.0000000000e+00
1423,3.8147243857e-01,-1.4491428435e-01,0.0000000000e+00,0.0000000000e+00,0.0000000000e+00
1424,3.8146352768e-01,-1.4492003620e-01,0.0000000000e+00,0.0000000000e+00,0.0000000000e+00
1425,3.8147082925e-01,-1.4491586387e-01,0.0000000000e+00,0.0000000000e+00,0.0000000000e+00
1426,3.8146093488e-01,-1.4491477609e-01,0.0000000000e+00,0.0000000000e+00,0.0000000000e+00
1427,3.8146799803e-01,-1.4491738379e-01,0.0000000000e+00,0.0000000000e+00,0.0000000000e+00
1428,3.8145887852e-01,-1.4491130412e-01,0.0000000000e+00,0.0000000000e+00,0.0000000000e+00
1429,3.8146489859e-01,-1.4491662383e-01,0.0000000000e+00,0.0000000000e+00,0.0000000000e+00
1430,3.8145691156e-01,-1.4490957558e-01,0.0000000000e+00,0.0000000000e+00,0.0000000000e+00
1431,3.8146254420e-01,-1.4491485059e-01,0.0000000000e+00,0.0000000000e+00,0.0000000000e+00
1432,3.8145312667e-01,-1.4490662515e-01,0.0000000000e+00,0.0000000000e+00,0.0000000000e+00
1433,3.8146245480e-01,-1.4491586387e-01,0.0000000000e+00,0.0000000000e+00,0.0000000000e+00
1434,3.8144755363e-01,-1.4490181208e-01,0.0000000000e+00,0.0000000000e+00,0.0000000000e+00
1435,3.8146317005e-01,-1.4491753280e-01,0.0000000000e+00,0.0000000000e+00,0.0000000000e+00
1436,3.8144254684e-01,-1.4489743114e-01,0.0000000000e+00,0.0000000000e+00,0.0000000000e+00
1437,3.8146334887e-01,-1.4491640031e-01,0.0000000000e+00,0.0000000000e+00,0.0000000000e+00
1438,3.8143819571e-01,-1.4489755034e-01,0.0000000000e+00,0.0000000000e+00,0.0000000000e+00
1439,3.8145938516e-01,-1.4491292834e-01,0.0000000000e+00,0.0000000000e+00,0.0000000000e+00
1440,3.8143762946e-01,-1.4489914477e-01,0.0000000000e+00,0.0000000000e+00,0.0000000000e+00
1441,3.8145470619e-01,-1.4490787685e-01,0.0000000000e+00,0.0000000000e+00,0.0000000000e+00
1442,3.8144904375e-01,-1.4490170777e-01,0.0000000000e+00,0.0000000000e+00,0.0000000000e+00
1443,3.8144811988e-01,-1.4489984512e-01,0.0000000000e+00,0.0000000000e+00,0.0000000000e+00
1444,3.8144701719e-01,-1.4489814639e-01,0.0000000000e+00,0.0000000000e+00,0.0000000000e+00
1445,3.8143941760e-01,-1.4490121603e-01,0.0000000000e+00,0.0000000000e+00,0.0000000000e+00
1446,3.8144373894e-01,-1.4489990473e-01,0.0000000000e+00,0.0000000000e+00,0.0000000000e+00
1447,3.8143551350e-01,-1.4489667118e-01,0.0000000000e+00,0.0000000000e+00,0.0000000000e+00
1448,3.8144102693e-01,-1.4490039647e-01,0.0000000000e+00,0.0000000000e+00,0.0000000000e+00
1449,3.8143303990e-01,-1.4489409328e-01,0.0000000000e+00,0.0000000000e+00,0.0000000000e+00
1450,3.8143762946e-01,-1.4489844441e-01,0.0000000000e+00,0.0000000000e+00,0.0000000000e+00
1451,3.8143169880e-01,-1.4489357173e-01,0.0000000000e+00,0.0000000000e+00,0.0000000000e+00
1452,3.8143458962e-01,-1.4489491284e-01,0.0000000000e+00,0.0000000000e+00,0.0000000000e+00
1453,3.8142827153e-01,-1.4489467442e-01,0.0000000000e+00,0.0000000000e+00,0.0000000000e+00
1454,3.8143524528e-01,-1.4489187300e-01,0.0000000000e+00,0.0000000000e+00,0.0000000000e+00
1455,3.8142153621e-01,-1.4489176869e-01,0.0000000000e+00,0.0000000000e+00,0.0000000000e+00
1456,3.8143575191e-01,-1.4489211142e-01,0.0000000000e+00,0.0000000000e+00,0.0000000000e+00
1457,3.8141816854e-01,-1.4488935471e-01,0.0000000000e+00,0.0000000000e+00,0.0000000000e+00
1458,3.8143199682e-01,-1.4488978684e-01,0.0000000000e+00,0.0000000000e+00,0.0000000000e+00
1459,3.8141822815e-01,-1.4488987625e-01,0.0000000000e+00,0.0000000000e+00,0.0000000000e+00
1460,3.8142609596e-01,-1.4488498867e-01,0.0000000000e+00,0.0000000000e+00,0.0000000000e+00
1461,3.8141876459e-01,-1.4489141107e-01,0.0000000000e+00,0.0000000000e+00,0.0000000000e+00
1462,3.8141885400e-01,-1.4487843215e-01,0.0000000000e+00,0.0000000000e+00,0.0000000000e+00
1463,3.8142091036e-01,-1.4489424229e-01,0.0000000000e+00,0.0000000000e+00,0.0000000000e+00
1464,3.8141599298e-01,-1.4487706125e-01,0.0000000000e+00,0.0000000000e+00,0.0000000000e+00
1465,3.8141489029e-01,-1.4488846064e-01,0.0000000000e+00,0.0000000000e+00,0.0000000000e+00
1466,3.8141757250e-01,-1.4488138258e-01,0.0000000000e+00,0.0000000000e+00,0.0000000000e+00
1467,3.8140946627e-01,-1.4488078654e-01,0.0000000000e+00,0.0000000000e+00,0.0000000000e+00
1468,3.8141641021e-01,-1.4488522708e-01,0.0000000000e+00,0.0000000000e+00,0.0000000000e+00
1469,3.8140672445e-01,-1.4487494528e-01,0.0000000000e+00,0.0000000000e+00,0.0000000000e+00
1470,3.8141322136e-01,-1.4488650858e-01,0.0000000000e+00,0.0000000000e+00,0.0000000000e+00
1471,3.8140502572e-01,-1.4487165213e-01,0.0000000000e+00,0.0000000000e+00,0.0000000000e+00
1472,3.8141015172e-01,-1.4488531649e-01,0.0000000000e+00,0.0000000000e+00,0.0000000000e+00
1473,3.8140138984e-01,-1.4486999810e-01,0.0000000000e+00,0.0000000000e+00,0.0000000000e+00
1474,3.8141041994e-01,-1.4488390088e-01,0.0000000000e+00,0.0000000000e+00,0.0000000000e+00
1475,3.8139542937e-01,-1.4486715198e-01,0.0000000000e+00,0.0000000000e+00,0.0000000000e+00
1476,3.8140913844e-01,-1.4488519728e-01,0.0000000000e+00,0.0000000000e+00,0.0000000000e+00
1477,3.8139212132e-01,-1.4486311376e-01,0.0000000000e+00,0.0000000000e+00,0.0000000000e+00
1478,3.8140833378e-01,-1.4488345385e-01,0.0000000000e+00,0.0000000000e+00,0.0000000000e+00
1479,3.8138875365e-01,-1.4486396313e-01,0.0000000000e+00,0.0000000000e+00,0.0000000000e+00
1480,3.8140302896e-01,-1.4487794042e-01,0.0000000000e+00,0.0000000000e+00,0.0000000000e+00
1481,3.8139072061e-01,-1.4486752450e-01,0.0000000000e+00,0.0000000000e+00,0.0000000000e+00
1482,3.8139316440e-01,-1.4487235248e-01,0.0000000000e+00,0.0000000000e+00,0.0000000000e+00
1483,3.8138943911e-01,-1.4487135410e-01,0.0000000000e+00,0.0000000000e+00,0.0000000000e+00
1484,3.8139289618e-01,-1.4486385882e-01,0.0000000000e+00,0.0000000000e+00,0.0000000000e+00
1485,3.8138765097e-01,-1.4487096667e-01,0.0000000000e+00,0.0000000000e+00,0.0000000000e+00
1486,3.8139134645e-01,-1.4486461878e-01,0.0000000000e+00,0.0000000000e+00,0.0000000000e+00
1487,3.8138383627e-01,-1.4486598969e-01,0.0000000000e+00,0.0000000000e+00,0.0000000000e+00
1488,3.8138973713e-01,-1.4486728609e-01,0.0000000000e+00,0.0000000000e+00,0.0000000000e+00
1489,3.8138097525e-01,-1.4485995471e-01,0.0000000000e+00,0.0000000000e+00,0.0000000000e+00
1490,3.8138642907e-01,-1.4486984909e-01,0.0000000000e+00,0.0000000000e+00,0.0000000000e+00
1491,3.8137921691e-01,-1.4485444129e-01,0.0000000000e+00,0.0000000000e+00,0.0000000000e+00
1492,3.8138315082e-01,-1.4487172663e-01,0.0000000000e+00,0.0000000000e+00,0.0000000000e+00
1493,3.8138392568e-01,-1.4486142993e-01,0.0000000000e+00,0.0000000000e+00,0.0000000000e+00
1494,3.8138282299e-01,-1.4486998320e-01,0.0000000000e+00,0.0000000000e+00,0.0000000000e+00
1495,3.8136932254e-01,-1.4485333860e-01,0.0000000000e+00,0.0000000000e+00,0.0000000000e+00
1496,3.8138413429e-01,-1.4486581087e-01,0.0000000000e+00,0.0000000000e+00,0.0000000000e+00
1497,3.8136363029e-01,-1.4485144615e-01,0.0000000000e+00,0.0000000000e+00,0.0000000000e+00
1498,3.8138261437e-01,-1.4486368001e-01,0.0000000000e+00,0.0000000000e+00,0.0000000000e+00
1499,3.8136154413e-01,-1.4485001564e-01,0.0000000000e+00,0.0000000000e+00,0.0000000000e+00
1500,3.8137823343e-01,-1.4486025274e-01,0.0000000000e+00,0.0000000000e+00,0.0000000000e+00
1501,3.8136151433e-01,-1.4485143125e-01,0.0000000000e+00,0.0000000000e+00,0.0000000000e+00
1502,3.8137352467e-01,-1.4485372603e-01,0.0000000000e+00,0.0000000000e+00,0.0000000000e+00
1503,3.8136100769e-01,-1.4485408366e-01,0.0000000000e+00,0.0000000000e+00,0.0000000000e+00
1504,3.8136237860e-01,-1.4485281706e-01,0.0000000000e+00,0.0000000000e+00,0.0000000000e+00
1505,3.8136067986e-01,-1.4485387504e-01,0.0000000000e+00,0.0000000000e+00,0.0000000000e+00
1506,3.8136398792e-01,-1.4485110343e-01,0.0000000000e+00,0.0000000000e+00,0.0000000000e+00
1507,3.8135701418e-01,-1.4484806359e-01,0.0000000000e+00,0.0000000000e+00,0.0000000000e+00
1508,3.8136282563e-01,-1.4485146105e-01,0.0000000000e+00,0.0000000000e+00,0.0000000000e+00
1509,3.8135379553e-01,-1.4484494925e-01,0.0000000000e+00,0.0000000000e+00,0.0000000000e+00
1510,3.8135993481e-01,-1.4485043287e-01,0.0000000000e+00,0.0000000000e+00,0.0000000000e+00
1511,3.8135197759e-01,-1.4484310150e-01,0.0000000000e+00,0.0000000000e+00,0.0000000000e+00
1512,3.8135609031e-01,-1.4484873414e-01,0.0000000000e+00,0.0000000000e+00,0.0000000000e+00
1513,3.8134926558e-01,-1.4484156668e-01,0.0000000000e+00,0.0000000000e+00,0.0000000000e+00
1514,3.8135528564e-01,-1.4484742284e-01,0.0000000000e+00,0.0000000000e+00,0.0000000000e+00
1515,3.8134312630e-01,-1.4483842254e-01,0.0000000000e+00,0.0000000000e+00,0.0000000000e+00
1516,3.8135600090e-01,-1.4484801888e-01,0.0000000000e+00,0.0000000000e+00,0.0000000000e+00
1517,3.8133692741e-01,-1.4483684301e-01,0.0000000000e+00,0.0000000000e+00,0.0000000000e+00
1518,3.8135534525e-01,-1.4484600723e-01,0.0000000000e+00,0.0000000000e+00,0.0000000000e+00
1519,3.8133341074e-01,-1.4483688772e-01,0.0000000000e+00,0.0000000000e+00,0.0000000000e+00
1520,3.8135203719e-01,-1.4484213293e-01,0.0000000000e+00,0.0000000000e+00,0.0000000000e+00
1521,3.8133281469e-01,-1.4483660460e-01,0.0000000000e+00,0.0000000000e+00,0.0000000000e+00
1522,3.8134676218e-01,-1.4483828843e-01,0.0000000000e+00,0.0000000000e+00,0.0000000000e+00
1523,3.8133212924e-01,-1.4483852684e-01,0.0000000000e+00,0.0000000000e+00,0.0000000000e+00
1524,3.8134220243e-01,-1.4483439922e-01,0.0000000000e+00,0.0000000000e+00,0.0000000000e+00
1525,3.8133791089e-01,-1.4483462274e-01,0.0000000000e+00,0.0000000000e+00,0.0000000000e+00
1526,3.8133749366e-01,-1.4483283460e-01,0.0000000000e+00,0.0000000000e+00,0.0000000000e+00
1527,3.8132947683e-01,-1.4483232796e-01,0.0000000000e+00,0.0000000000e+00,0.0000000000e+00
1528,3.8133549690e-01,-1.4483501017e-01,0.0000000000e+00,0.0000000000e+00,0.0000000000e+00
1529,3.8132542372e-01,-1.4482861757e-01,0.0000000000e+00,0.0000000000e+00,0.0000000000e+00
1530,3.8133302331e-01,-1.4483450353e-01,0.0000000000e+00,0.0000000000e+00,0.0000000000e+00
1531,3.8132292032e-01,-1.4482711256e-01,0.0000000000e+00,0.0000000000e+00,0.0000000000e+00
1532,3.8132959604e-01,-1.4483276010e-01,0.0000000000e+00,0.0000000000e+00,0.0000000000e+00
1533,3.8132050633e-01,-1.4482598007e-01,0.0000000000e+00,0.0000000000e+00,0.0000000000e+00
1534,3.8132750988e-01,-1.4483053982e-01,0.0000000000e+00,0.0000000000e+00,0.0000000000e+00
1535,3.8131517172e-01,-1.4482432604e-01,0.0000000000e+00,0.0000000000e+00,0.0000000000e+00
1536,3.8132819533e-01,-1.4483045042e-01,0.0000000000e+00,0.0000000000e+00,0.0000000000e+00
1537,3.8130927086e-01,-1.4482036233e-01,0.0000000000e+00,0.0000000000e+00,0.0000000000e+00
1538,3.8132730126e-01,-1.4483001828e-01,0.0000000000e+00,0.0000000000e+00,0.0000000000e+00
1539,3.8130536675e-01,-1.4482007921e-01,0.0000000000e+00,0.0000000000e+00,0.0000000000e+00
1540,3.8132393360e-01,-1.4482654631e-01,0.0000000000e+00,0.0000000000e+00,0.0000000000e+00
1541,3.8130465150e-01,-1.4481955767e-01,0.0000000000e+00,0.0000000000e+00,0.0000000000e+00
1542,3.8131865859e-01,-1.4482170343e-01,0.0000000000e+00,0.0000000000e+00,0.0000000000e+00
1543,3.8130417466e-01,-1.4482161403e-01,0.0000000000e+00,0.0000000000e+00,0.0000000000e+00
1544,3.8131389022e-01,-1.4481888711e-01,0.0000000000e+00,0.0000000000e+00,0.0000000000e+00
1545,3.8130250573e-01,-1.4481933415e-01,0.0000000000e+00,0.0000000000e+00,0.0000000000e+00
1546,3.8130190969e-01,-1.4481702447e-01,0.0000000000e+00,0.0000000000e+00,0.0000000000e+00
1547,3.8130009174e-01,-1.4481572807e-01,0.0000000000e+00,0.0000000000e+00,0.0000000000e+00
1548,3.8130655885e-01,-1.4481940866e-01,0.0000000000e+00,0.0000000000e+00,0.0000000000e+00
1549,3.8129714131e-01,-1.4481212199e-01,0.0000000000e+00,0.0000000000e+00,0.0000000000e+00
1550,3.8130438328e-01,-1.4481812716e-01,0.0000000000e+00,0.0000000000e+00,0.0000000000e+00
1551,3.8129487634e-01,-1.4481192827e-01,0.0000000000e+00,0.0000000000e+00,0.0000000000e+00
1552,3.8130077720e-01,-1.4481405914e-01,0.0000000000e+00,0.0000000000e+00,0.0000000000e+00
1553,3.8129386306e-01,-1.4481501281e-01,0.0000000000e+00,0.0000000000e+00,0.0000000000e+00
1554,3.8129654527e-01,-1.4480836689e-01,0.0000000000e+00,0.0000000000e+00,0.0000000000e+00
1555,3.8129052520e-01,-1.4481535554e-01,0.0000000000e+00,0.0000000000e+00,0.0000000000e+00
1556,3.8129585981e-01,-1.4480671287e-01,0.0000000000e+00,0.0000000000e+00,0.0000000000e+00
1557,3.8128420711e-01,-1.4481228590e-01,0.0000000000e+00,0.0000000000e+00,0.0000000000e+00
1558,3.8129520416e-01,-1.4480586350e-01,0.0000000000e+00,0.0000000000e+00,0.0000000000e+00
1559,3.8128075004e-01,-1.4481039345e-01,0.0000000000e+00,0.0000000000e+00,0.0000000000e+00
1560,3.8129019737e-01,-1.4480210841e-01,0.0000000000e+00,0.0000000000e+00,0.0000000000e+00
1561,3.8128179312e-01,-1.4481219649e-01,0.0000000000e+00,0.0000000000e+00,0.0000000000e+00
1562,3.8128295541e-01,-1.4479799569e-01,0.0000000000e+00,0.0000000000e+00,0.0000000000e+00
1563,3.8128355145e-01,-1.4481283724e-01,0.0000000000e+00,0.0000000000e+00,0.0000000000e+00
1564,3.8127684593e-01,-1.4479625225e-01,0.0000000000e+00,0.0000000000e+00,0.0000000000e+00
1565,3.8127994537e-01,-1.4480820298e-01,0.0000000000e+00,0.0000000000e+00,0.0000000000e+00
1566,3.8127794862e-01,-1.4479894936e-01,0.0000000000e+00,0.0000000000e+00,0.0000000000e+00
1567,3.8127282262e-01,-1.4480201900e-01,0.0000000000e+00,0.0000000000e+00,0.0000000000e+00
1568,3.8127779961e-01,-1.4480178058e-01,0.0000000000e+00,0.0000000000e+00,0.0000000000e+00
1569,3.8126805425e-01,-1.4479653537e-01,0.0000000000e+00,0.0000000000e+00,0.0000000000e+00
1570,3.8127544522e-01,-1.4480316639e-01,0.0000000000e+00,0.0000000000e+00,0.0000000000e+00
1571,3.8126528263e-01,-1.4479316771e-01,0.0000000000e+00,0.0000000000e+00,0.0000000000e+00
1572,3.8127174973e-01,-1.4480127394e-01,0.0000000000e+00,0.0000000000e+00,0.0000000000e+00
1573,3.8126438856e-01,-1.4479655027e-01,0.0000000000e+00,0.0000000000e+00,0.0000000000e+00
1574,3.8126647472e-01,-1.4479115605e-01,0.0000000000e+00,0.0000000000e+00,0.0000000000e+00
1575,3.8126075268e-01,-1.4479985833e-01,0.0000000000e+00,0.0000000000e+00,0.0000000000e+00
1576,3.8126814365e-01,-1.4479178190e-01,0.0000000000e+00,0.0000000000e+00,0.0000000000e+00
1577,3.8125243783e-01,-1.4479343593e-01,0.0000000000e+00,0.0000000000e+00,0.0000000000e+00
1578,3.8126841187e-01,-1.4479239285e-01,0.0000000000e+00,0.0000000000e+00,0.0000000000e+00
1579,3.8124835491e-01,-1.4479148388e-01,0.0000000000e+00,0.0000000000e+00,0.0000000000e+00
1580,3.8126409054e-01,-1.4479033649e-01,0.0000000000e+00,0.0000000000e+00,0.0000000000e+00
1581,3.8124895096e-01,-1.4479187131e-01,0.0000000000e+00,0.0000000000e+00,0.0000000000e+00
1582,3.8125634193e-01,-1.4478556812e-01,0.0000000000e+00,0.0000000000e+00,0.0000000000e+00
1583,3.8125085831e-01,-1.4479501545e-01,0.0000000000e+00,0.0000000000e+00,0.0000000000e+00
1584,3.8124823570e-01,-1.4477910101e-01,0.0000000000e+00,0.0000000000e+00,0.0000000000e+00
1585,3.8125163317e-01,-1.4479352534e-01,0.0000000000e+00,0.0000000000e+00,0.0000000000e+00
1586,3.8124623895e-01,-1.4478059113e-01,0.0000000000e+00,0.0000000000e+00,0.0000000000e+00
1587,3.8124471903e-01,-1.4478853345e-01,0.0000000000e+00,0.0000000000e+00,0.0000000000e+00
1588,3.8124656677e-01,-1.4478410780e-01,0.0000000000e+00,0.0000000000e+00,0.0000000000e+00
1589,3.8123902678e-01,-1.4478072524e-01,0.0000000000e+00,0.0000000000e+00,0.0000000000e+00
1590,3.8124504685e-01,-1.4478872716e-01,0.0000000000e+00,0.0000000000e+00,0.0000000000e+00
1591,3.8123616576e-01,-1.4477376640e-01,0.0000000000e+00,0.0000000000e+00,0.0000000000e+00
1592,3.8124096394e-01,-1.4479099214e-01,0.0000000000e+00,0.0000000000e+00,0.0000000000e+00
1593,3.8123437762e-01,-1.4477008581e-01,0.0000000000e+00,0.0000000000e+00,0.0000000000e+00
1594,3.8123741746e-01,-1.4478985965e-01,0.0000000000e+00,0.0000000000e+00,0.0000000000e+00
1595,3.8122743368e-01,-1.4476808906e-01,0.0000000000e+00,0.0000000000e+00,0.0000000000e+00
1596,3.8124126196e-01,-1.4478777349e-01,0.0000000000e+00,0.0000000000e+00,0.0000000000e+00
1597,3.8122001290e-01,-1.4476723969e-01,0.0000000000e+00,0.0000000000e+00,0.0000000000e+00
1598,3.8123846054e-01,-1.4478622377e-01,0.0000000000e+00,0.0000000000e+00,0.0000000000e+00
1599,3.8122031093e-01,-1.4476695657e-01,0.0000000000e+00,0.0000000000e+00,0.0000000000e+00
1600,3.8123443723e-01,-1.4478246868e-01,0.0000000000e+00,0.0000000000e+00,0.0000000000e+00
1601,3.8121935725e-01,-1.4476896822e-01,0.0000000000e+00,0.0000000000e+00,0.0000000000e+00
1602,3.8122582436e-01,-1.4477527142e-01,0.0000000000e+00,0.0000000000e+00,0.0000000000e+00
1603,3.8122102618e-01,-1.4477337897e-01,0.0000000000e+00,0.0000000000e+00,0.0000000000e+00
1604,3.8122016191e-01,-1.4477254450e-01,0.0000000000e+00,0.0000000000e+00,0.0000000000e+00
1605,3.8121774793e-01,-1.4477173984e-01,0.0000000000e+00,0.0000000000e+00,0.0000000000e+00
1606,3.8121712208e-01,-1.4476861060e-01,0.0000000000e+00,0.0000000000e+00,0.0000000000e+00
1607,3.8121503592e-01,-1.4477062225e-01,0.0000000000e+00,0.0000000000e+00,0.0000000000e+00
1608,3.8121476769e-01,-1.4476718009e-01,0.0000000000e+00,0.0000000000e+00,0.0000000000e+00
1609,3.8120907545e-01,-1.4476682246e-01,0.0000000000e+00,0.0000000000e+00,0.0000000000e+00
1610,3.8121566176e-01,-1.4477020502e-01,0.0000000000e+00,0.0000000000e+00,0.0000000000e+00
1611,3.8120317459e-01,-1.4476008713e-01,0.0000000000e+00,0.0000000000e+00,0.0000000000e+00
1612,3.8121363521e-01,-1.4477318525e-01,0.0000000000e+00,0.0000000000e+00,0.0000000000e+00
1613,3.8120085001e-01,-1.4475481212e-01,0.0000000000e+00,0.0000000000e+00,0.0000000000e+00
1614,3.8120901585e-01,-1.4477424324e-01,0.0000000000e+00,0.0000000000e+00,0.0000000000e+00
1615,3.8120695949e-01,-1.4476418495e-01,0.0000000000e+00,0.0000000000e+00,0.0000000000e+00
1616,3.8120597601e-01,-1.4476990700e-01,0.0000000000e+00,0.0000000000e+00,0.0000000000e+00
1617,3.8119301200e-01,-1.4475840330e-01,0.0000000000e+00,0.0000000000e+00,0.0000000000e+00
1618,3.8120648265e-01,-1.4476442337e-01,0.0000000000e+00,0.0000000000e+00,0.0000000000e+00
1619,3.8118752837e-01,-1.4475677907e-01,0.0000000000e+00,0.0000000000e+00,0.0000000000e+00
1620,3.8120347261e-01,-1.4476200938e-01,0.0000000000e+00,0.0000000000e+00,0.0000000000e+00
1621,3.8118588924e-01,-1.4475540817e-01,0.0000000000e+00,0.0000000000e+00,0.0000000000e+00
1622,3.8119810820e-01,-1.4475855231e-01,0.0000000000e+00,0.0000000000e+00,0.0000000000e+00
1623,3.8118559122e-01,-1.4475686848e-01,0.0000000000e+00,0.0000000000e+00,0.0000000000e+00
1624,3.8119229674e-01,-1.4475181699e-01,0.0000000000e+00,0.0000000000e+00,0.0000000000e+00
1625,3.8118487597e-01,-1.4476054907e-01,0.0000000000e+00,0.0000000000e+00,0.0000000000e+00
1626,3.8118711114e-01,-1.4474758506e-01,0.0000000000e+00,0.0000000000e+00,0.0000000000e+00
1627,3.8118258119e-01,-1.4475814998e-01,0.0000000000e+00,0.0000000000e+00,0.0000000000e+00
1628,3.8118445873e-01,-1.4474925399e-01,0.0000000000e+00,0.0000000000e+00,0.0000000000e+00
1629,3.8117781281e-01,-1.4475207031e-01,0.0000000000e+00,0.0000000000e+00,0.0000000000e+00
1630,3.8118341565e-01,-1.4475275576e-01,0.0000000000e+00,0.0000000000e+00,0.0000000000e+00
1631,3.8117289543e-01,-1.4474591613e-01,0.0000000000e+00,0.0000000000e+00,0.0000000000e+00
1632,3.8118159771e-01,-1.4475503564e-01,0.0000000000e+00,0.0000000000e+00,0.0000000000e+00
1633,3.8116964698e-01,-1.4474105835e-01,0.0000000000e+00,0.0000000000e+00,0.0000000000e+00
1634,3.8117733598e-01,-1.4475639164e-01,0.0000000000e+00,0.0000000000e+00,0.0000000000e+00
1635,3.8117474318e-01,-1.4474695921e-01,0.0000000000e+00,0.0000000000e+00,0.0000000000e+00
1636,3.8117417693e-01,-1.4475339651e-01,0.0000000000e+00,0.0000000000e+00,0.0000000000e+00
1637,3.8116216660e-01,-1.4474315941e-01,0.0000000000e+00,0.0000000000e+00,0.0000000000e+00
1638,3.8117423654e-01,-1.4474774897e-01,0.0000000000e+00,0.0000000000e+00,0.0000000000e+00
1639,3.8115659356e-01,-1.4474037290e-01,0.0000000000e+00,0.0000000000e+00,0.0000000000e+00
1640,3.8117194176e-01,-1.4474496245e-01,0.0000000000e+00,0.0000000000e+00,0.0000000000e+00
1641,3.8115346432e-01,-1.4473967254e-01,0.0000000000e+00,0.0000000000e+00,0.0000000000e+00
1642,3.8116744161e-01,-1.4474290609e-01,0.0000000000e+00,0.0000000000e+00,0.0000000000e+00
1643,3.8115227222e-01,-1.4474001527e-01,0.0000000000e+00,0.0000000000e+00,0.0000000000e+00
1644,3.8116195798e-01,-1.4473739266e-01,0.0000000000e+00,0.0000000000e+00,0.0000000000e+00
1645,3.8115113974e-01,-1.4474286139e-01,0.0000000000e+00,0.0000000000e+00,0.0000000000e+00
1646,3.8115713000e-01,-1.4473371208e-01,0.0000000000e+00,0.0000000000e+00,0.0000000000e+00
1647,3.8114911318e-01,-1.4474038780e-01,0.0000000000e+00,0.0000000000e+00,0.0000000000e+00
1648,3.8115358353e-01,-1.4473509789e-01,0.0000000000e+00,0.0000000000e+00,0.0000000000e+00
1649,3.8114535809e-01,-1.4473503828e-01,0.0000000000e+00,0.0000000000e+00,0.0000000000e+00
1650,3.8115134835e-01,-1.4473754168e-01,0.0000000000e+00,0.0000000000e+00,0.0000000000e+00
1651,3.8114103675e-01,-1.4472985268e-01,0.0000000000e+00,0.0000000000e+00,0.0000000000e+00
1652,3.8114842772e-01,-1.4473903179e-01,0.0000000000e+00,0.0000000000e+00,0.0000000000e+00
1653,3.8113826513e-01,-1.4472554624e-01,0.0000000000e+00,0.0000000000e+00,0.0000000000e+00
1654,3.8114419580e-01,-1.4473988116e-01,0.0000000000e+00,0.0000000000e+00,0.0000000000e+00
1655,3.8114264607e-01,-1.4473053813e-01,0.0000000000e+00,0.0000000000e+00,0.0000000000e+00
1656,3.8114270568e-01,-1.4473846555e-01,0.0000000000e+00,0.0000000000e+00,0.0000000000e+00
1657,3.8112914562e-01,-1.4472536743e-01,0.0000000000e+00,0.0000000000e+00,0.0000000000e+00
1658,3.8114234805e-01,-1.4473505318e-01,0.0000000000e+00,0.0000000000e+00,0.0000000000e+00
1659,3.8112330437e-01,-1.4472138882e-01,0.0000000000e+00,0.0000000000e+00,0.0000000000e+00
1660,3.8114115596e-01,-1.4473229647e-01,0.0000000000e+00,0.0000000000e+00,0.0000000000e+00
1661,3.8111919165e-01,-1.4472052455e-01,0.0000000000e+00,0.0000000000e+00,0.0000000000e+00
1662,3.8113692403e-01,-1.4473016560e-01,0.0000000000e+00,0.0000000000e+00,0.0000000000e+00
1663,3.8111746311e-01,-1.4472249150e-01,0.0000000000e+00,0.0000000000e+00,0.0000000000e+00
1664,3.8113152981e-01,-1.4472478628e-01,0.0000000000e+00,0.0000000000e+00,0.0000000000e+00
1665,3.8111659884e-01,-1.4472348988e-01,0.0000000000e+00,0.0000000000e+00,0.0000000000e+00
1666,3.8112655282e-01,-1.4472047985e-01,0.0000000000e+00,0.0000000000e+00,0.0000000000e+00
1667,3.8111510873e-01,-1.4472264051e-01,0.0000000000e+00,0.0000000000e+00,0.0000000000e+00
1668,3.8111484051e-01,-1.4471967518e-01,0.0000000000e+00,0.0000000000e+00,0.0000000000e+00
1669,3.8111236691e-01,-1.4471866190e-01,0.0000000000e+00,0.0000000000e+00,0.0000000000e+00
1670,3.8111793995e-01,-1.4472171664e-01,0.0000000000e+00,0.0000000000e+00,0.0000000000e+00
1671,3.8110837340e-01,-1.4471472800e-01,0.0000000000e+00,0.0000000000e+00,0.0000000000e+00
1672,3.8111522794e-01,-1.4472129941e-01,0.0000000000e+00,0.0000000000e+00,0.0000000000e+00
1673,3.8110554218e-01,-1.4471302927e-01,0.0000000000e+00,0.0000000000e+00,0.0000000000e+00
1674,3.8111144304e-01,-1.4471915364e-01,0.0000000000e+00,0.0000000000e+00,0.0000000000e+00
1675,3.8110232353e-01,-1.4471246302e-01,0.0000000000e+00,0.0000000000e+00,0.0000000000e+00
1676,3.8110902905e-01,-1.4471636713e-01,0.0000000000e+00,0.0000000000e+00,0.0000000000e+00
1677,3.8109692931e-01,-1.4471180737e-01,0.0000000000e+00,0.0000000000e+00,0.0000000000e+00
1678,3.8110846281e-01,-1.4471577108e-01,0.0000000000e+00,0.0000000000e+00,0.0000000000e+00
1679,3.8109049201e-01,-1.4470806718e-01,0.0000000000e+00,0.0000000000e+00,0.0000000000e+00
1680,3.8110747933e-01,-1.4471551776e-01,0.0000000000e+00,0.0000000000e+00,0.0000000000e+00
1681,3.8108640909e-01,-1.4470598102e-01,0.0000000000e+00,0.0000000000e+00,0.0000000000e+00
1682,3.8110378385e-01,-1.4471171796e-01,0.0000000000e+00,0.0000000000e+00,0.0000000000e+00
1683,3.8108462095e-01,-1.4470699430e-01,0.0000000000e+00,0.0000000000e+00,0.0000000000e+00
1684,3.8109803200e-01,-1.4470714331e-01,0.0000000000e+00,0.0000000000e+00,0.0000000000e+00
1685,3.8108366728e-01,-1.4470946789e-01,0.0000000000e+00,0.0000000000e+00,0.0000000000e+00
1686,3.8109266758e-01,-1.4470446110e-01,0.0000000000e+00,0.0000000000e+00,0.0000000000e+00
1687,3.8108107448e-01,-1.4470775425e-01,0.0000000000e+00,0.0000000000e+00,0.0000000000e+00
1688,3.8108932972e-01,-1.4470441639e-01,0.0000000000e+00,0.0000000000e+00,0.0000000000e+00
1689,3.8108628988e-01,-1.4470539987e-01,0.0000000000e+00,0.0000000000e+00,0.0000000000e+00
1690,3.8108471036e-01,-1.4470556378e-01,0.0000000000e+00,0.0000000000e+00,0.0000000000e+00
1691,3.8108301163e-01,-1.4470586181e-01,0.0000000000e+00,0.0000000000e+00,0.0000000000e+00
1692,3.8107392192e-01,-1.4469759166e-01,0.0000000000e+00,0.0000000000e+00,0.0000000000e+00
1693,3.8107964396e-01,-1.4470531046e-01,0.0000000000e+00,0.0000000000e+00,0.0000000000e+00
1694,3.8107067347e-01,-1.4469656348e-01,0.0000000000e+00,0.0000000000e+00,0.0000000000e+00
1695,3.8107541203e-01,-1.4470152557e-01,0.0000000000e+00,0.0000000000e+00,0.0000000000e+00
1696,3.8106796145e-01,-1.4469933510e-01,0.0000000000e+00,0.0000000000e+00,0.0000000000e+00
1697,3.8107129931e-01,-1.4469350874e-01,0.0000000000e+00,0.0000000000e+00,0.0000000000e+00
1698,3.8106369972e-01,-1.4470031857e-01,0.0000000000e+00,0.0000000000e+00,0.0000000000e+00
1699,3.8106960058e-01,-1.4469262958e-01,0.0000000000e+00,0.0000000000e+00,0.0000000000e+00
1700,3.8105827570e-01,-1.4469823241e-01,0.0000000000e+00,0.0000000000e+00,0.0000000000e+00
1701,3.8106891513e-01,-1.4469349384e-01,0.0000000000e+00,0.0000000000e+00,0.0000000000e+00
1702,3.8105419278e-01,-1.4469645917e-01,0.0000000000e+00,0.0000000000e+00,0.0000000000e+00
1703,3.8106325269e-01,-1.4468927681e-01,0.0000000000e+00,0.0000000000e+00,0.0000000000e+00
1704,3.8105389476e-01,-1.4469623566e-01,0.0000000000e+00,0.0000000000e+00,0.0000000000e+00
1705,3.8105481863e-01,-1.4468452334e-01,0.0000000000e+00,0.0000000000e+00,0.0000000000e+00
1706,3.8105621934e-01,-1.4469793439e-01,0.0000000000e+00,0.0000000000e+00,0.0000000000e+00
1707,3.8104766607e-01,-1.4468325675e-01,0.0000000000e+00,0.0000000000e+00,0.0000000000e+00
1708,3.8105225563e-01,-1.4469392598e-01,0.0000000000e+00,0.0000000000e+00,0.0000000000e+00
1709,3.8104769588e-01,-1.4468541741e-01,0.0000000000e+00,0.0000000000e+00,0.0000000000e+00
1710,3.8104495406e-01,-1.4468765259e-01,0.0000000000e+00,0.0000000000e+00,0.0000000000e+00
1711,3.8104799390e-01,-1.4468877017e-01,0.0000000000e+00,0.0000000000e+00,0.0000000000e+00
1712,3.8103854656e-01,-1.4468151331e-01,0.0000000000e+00,0.0000000000e+00,0.0000000000e+00
1713,3.8104623556e-01,-1.4469107985e-01,0.0000000000e+00,0.0000000000e+00,0.0000000000e+00
1714,3.8103458285e-01,-1.4467701316e-01,0.0000000000e+00,0.0000000000e+00,0.0000000000e+00
1715,3.8104254007e-01,-1.4469046891e-01,0.0000000000e+00,0.0000000000e+00,0.0000000000e+00
1716,3.8103148341e-01,-1.4467778802e-01,0.0000000000e+00,0.0000000000e+00,0.0000000000e+00
1717,3.8103863597e-01,-1.4468158782e-01,0.0000000000e+00,0.0000000000e+00,0.0000000000e+00
1718,3.8102674484e-01,-1.4468194544e-01,0.0000000000e+00,0.0000000000e+00,0.0000000000e+00
1719,3.8103824854e-01,-1.4467981458e-01,0.0000000000e+00,0.0000000000e+00,0.0000000000e+00
1720,3.8102009892e-01,-1.4467789233e-01,0.0000000000e+00,0.0000000000e+00,0.0000000000e+00
1721,3.8103607297e-01,-1.4468117058e-01,0.0000000000e+00,0.0000000000e+00,0.0000000000e+00
1722,3.8101691008e-01,-1.4467635751e-01,0.0000000000e+00,0.0000000000e+00,0.0000000000e+00
1723,3.8103064895e-01,-1.4467771351e-01,0.0000000000e+00,0.0000000000e+00,0.0000000000e+00
1724,3.8101708889e-01,-1.4467760921e-01,0.0000000000e+00,0.0000000000e+00,0.0000000000e+00
1725,3.8102257252e-01,-1.4467220008e-01,0.0000000000e+00,0.0000000000e+00,0.0000000000e+00
1726,3.8101777434e-01,-1.4468012750e-01,0.0000000000e+00,0.0000000000e+00,0.0000000000e+00
1727,3.8101488352e-01,-1.4466564357e-01,0.0000000000e+00,0.0000000000e+00,0.0000000000e+00
1728,3.8101717830e-01,-1.4468096197e-01,0.0000000000e+00,0.0000000000e+00,0.0000000000e+00
1729,3.8101139665e-01,-1.4466632903e-01,0.0000000000e+00,0.0000000000e+00,0.0000000000e+00
1730,3.8101077080e-01,-1.4467498660e-01,0.0000000000e+00,0.0000000000e+00,0.0000000000e+00
1731,3.8101145625e-01,-1.4467127621e-01,0.0000000000e+00,0.0000000000e+00,0.0000000000e+00
1732,3.8100481033e-01,-1.4466595650e-01,0.0000000000e+00,0.0000000000e+00,0.0000000000e+00
1733,3.8100963831e-01,-1.4467681944e-01,0.0000000000e+00,0.0000000000e+00,0.0000000000e+00
1734,3.8100042939e-01,-1.4465835690e-01,0.0000000000e+00,0.0000000000e+00,0.0000000000e+00
1735,3.8100141287e-01,-1.4467306435e-01,0.0000000000e+00,0.0000000000e+00,0.0000000000e+00
1736,3.8100087643e-01,-1.4465972781e-01,0.0000000000e+00,0.0000000000e+00,0.0000000000e+00
1737,3.8099622726e-01,-1.4467032254e-01,0.0000000000e+00,0.0000000000e+00,0.0000000000e+00
1738,3.8099986315e-01,-1.4466096461e-01,0.0000000000e+00,0.0000000000e+00,0.0000000000e+00
1739,3.8099274039e-01,-1.4467002451e-01,0.0000000000e+00,0.0000000000e+00,0.0000000000e+00
1740,3.8098993897e-01,-1.4465327561e-01,0.0000000000e+00,0.0000000000e+00,0.0000000000e+00
1741,3.8100114465e-01,-1.4467447996e-01,0.0000000000e+00,0.0000000000e+00,0.0000000000e+00
1742,3.8097861409e-01,-1.4465212822e-01,0.0000000000e+00,0.0000000000e+00,0.0000000000e+00
1743,3.8099887967e-01,-1.4466990530e-01,0.0000000000e+00,0.0000000000e+00,0.0000000000e+00
1744,3.8097757101e-01,-1.4465431869e-01,0.0000000000e+00,0.0000000000e+00,0.0000000000e+00
1745,3.8099089265e-01,-1.4466340840e-01,0.0000000000e+00,0.0000000000e+00,0.0000000000e+00
1746,3.8097861409e-01,-1.4465776086e-01,0.0000000000e+00,0.0000000000e+00,0.0000000000e+00
1747,3.8098034263e-01,-1.4466197789e-01,0.0000000000e+00,0.0000000000e+00,0.0000000000e+00
1748,3.8097614050e-01,-1.4466075599e-01,0.0000000000e+00,0.0000000000e+00,0.0000000000e+00
1749,3.8097837567e-01,-1.4465232193e-01,0.0000000000e+00,0.0000000000e+00,0.0000000000e+00
1750,3.8097330928e-01,-1.4465947449e-01,0.0000000000e+00,0.0000000000e+00,0.0000000000e+00
1751,3.8097617030e-01,-1.4465373755e-01,0.0000000000e+00,0.0000000000e+00,0.0000000000e+00
1752,3.8096764684e-01,-1.4465370774e-01,0.0000000000e+00,0.0000000000e+00,0.0000000000e+00
1753,3.8097441196e-01,-1.4465636015e-01,0.0000000000e+00,0.0000000000e+00,0.0000000000e+00
1754,3.8096332550e-01,-1.4464832842e-01,0.0000000000e+00,0.0000000000e+00,0.0000000000e+00
1755,3.8096991181e-01,-1.4465822279e-01,0.0000000000e+00,0.0000000000e+00,0.0000000000e+00
1756,3.8096100092e-01,-1.4464342594e-01,0.0000000000e+00,0.0000000000e+00,0.0000000000e+00
1757,3.8096535206e-01,-1.4465977252e-01,0.0000000000e+00,0.0000000000e+00,0.0000000000e+00
1758,3.8096520305e-01,-1.4464999735e-01,0.0000000000e+00,0.0000000000e+00,0.0000000000e+00
1759,3.8096365333e-01,-1.4465826750e-01,0.0000000000e+00,0.0000000000e+00,0.0000000000e+00
1760,3.8094922900e-01,-1.4464208484e-01,0.0000000000e+00,0.0000000000e+00,0.0000000000e+00
1761,3.8096407056e-01,-1.4465413988e-01,0.0000000000e+00,0.0000000000e+00,0.0000000000e+00
1762,3.8094326854e-01,-1.4464084804e-01,0.0000000000e+00,0.0000000000e+00,0.0000000000e+00
1763,3.8096067309e-01,-1.4465145767e-01,0.0000000000e+00,0.0000000000e+00,0.0000000000e+00
1764,3.8094085455e-01,-1.4463995397e-01,0.0000000000e+00,0.0000000000e+00,0.0000000000e+00
1765,3.8095515966e-01,-1.4464773238e-01,0.0000000000e+00,0.0000000000e+00,0.0000000000e+00
1766,3.8093903661e-01,-1.4464297891e-01,0.0000000000e+00,0.0000000000e+00,0.0000000000e+00
1767,3.8094979525e-01,-1.4464160800e-01,0.0000000000e+00,0.0000000000e+00,0.0000000000e+00
1768,3.8093718886e-01,-1.4464403689e-01,0.0000000000e+00,0.0000000000e+00,0.0000000000e+00
1769,3.8094425201e-01,-1.4463858306e-01,0.0000000000e+00,0.0000000000e+00,0.0000000000e+00
1770,3.8094034791e-01,-1.4464020729e-01,0.0000000000e+00,0.0000000000e+00,0.0000000000e+00
1771,3.8093972206e-01,-1.4463865757e-01,0.0000000000e+00,0.0000000000e+00,0.0000000000e+00
1772,3.8093128800e-01,-1.4463715255e-01,0.0000000000e+00,0.0000000000e+00,0.0000000000e+00
1773,3.8093718886e-01,-1.4464032650e-01,0.0000000000e+00,0.0000000000e+00,0.0000000000e+00
1774,3.8092672825e-01,-1.4463393390e-01,0.0000000000e+00,0.0000000000e+00,0.0000000000e+00
1775,3.8093331456e-01,-1.4463970065e-01,0.0000000000e+00,0.0000000000e+00,0.0000000000e+00
1776,3.8092368841e-01,-1.4463172853e-01,0.0000000000e+00,0.0000000000e+00,0.0000000000e+00
1777,3.8092887402e-01,-1.4463856816e-01,0.0000000000e+00,0.0000000000e+00,0.0000000000e+00
1778,3.8091990352e-01,-1.4462991059e-01,0.0000000000e+00,0.0000000000e+00,0.0000000000e+00
1779,3.8092666864e-01,-1.4463871717e-01,0.0000000000e+00,0.0000000000e+00,0.0000000000e+00
1780,3.8091352582e-01,-1.4462563396e-01,0.0000000000e+00,0.0000000000e+00,0.0000000000e+00
1781,3.8092616200e-01,-1.4463992417e-01,0.0000000000e+00,0.0000000000e+00,0.0000000000e+00
1782,3.8090583682e-01,-1.4462266862e-01,0.0000000000e+00,0.0000000000e+00,0.0000000000e+00
1783,3.8092479110e-01,-1.4463910460e-01,0.0000000000e+00,0.0000000000e+00,0.0000000000e+00
1784,3.8090091944e-01,-1.4462181926e-01,0.0000000000e+00,0.0000000000e+00,0.0000000000e+00
1785,3.8092082739e-01,-1.4463579655e-01,0.0000000000e+00,0.0000000000e+00,0.0000000000e+00
1786,3.8089945912e-01,-1.4462180436e-01,0.0000000000e+00,0.0000000000e+00,0.0000000000e+00
1787,3.8091567159e-01,-1.4463050663e-01,0.0000000000e+00,0.0000000000e+00,0.0000000000e+00
1788,3.8090789318e-01,-1.4462412894e-01,0.0000000000e+00,0.0000000000e+00,0.0000000000e+00
1789,3.8090687990e-01,-1.4462265372e-01,0.0000000000e+00,0.0000000000e+00,0.0000000000e+00
1790,3.8090521097e-01,-1.4462262392e-01,0.0000000000e+00,0.0000000000e+00,0.0000000000e+00
1791,3.8089656830e-01,-1.4462615550e-01,0.0000000000e+00,0.0000000000e+00,0.0000000000e+00
1792,3.8090133667e-01,-1.4462266862e-01,0.0000000000e+00,0.0000000000e+00,0.0000000000e+00
1793,3.8089132309e-01,-1.4462099969e-01,0.0000000000e+00,0.0000000000e+00,0.0000000000e+00
1794,3.8089805841e-01,-1.4462429285e-01,0.0000000000e+00,0.0000000000e+00,0.0000000000e+00
1795,3.8088640571e-01,-1.4461670816e-01,0.0000000000e+00,0.0000000000e+00,0.0000000000e+00
1796,3.8089457154e-01,-1.4462450147e-01,0.0000000000e+00,0.0000000000e+00,0.0000000000e+00
1797,3.8088339567e-01,-1.4461413026e-01,0.0000000000e+00,0.0000000000e+00,0.0000000000e+00
1798,3.8089045882e-01,-1.4462378621e-01,0.0000000000e+00,0.0000000000e+00,0.0000000000e+00
1799,3.8087919354e-01,-1.4461112022e-01,0.0000000000e+00,0.0000000000e+00,0.0000000000e+00
1800,3.8088864088e-01,-1.4462430775e-01,0.0000000000e+00,0.0000000000e+00,0.0000000000e+00
1801,3.8087308407e-01,-1.4460679889e-01,0.0000000000e+00,0.0000000000e+00,0.0000000000e+00
1802,3.8087341189e-01,-1.4461706579e-01,0.0000000000e+00,0.0000000000e+00,0.0000000000e+00
1803,3.8086852431e-01,-1.4460822940e-01,0.0000000000e+00,0.0000000000e+00,0.0000000000e+00
1804,3.8088187575e-01,-1.4461570978e-01,0.0000000000e+00,0.0000000000e+00,0.0000000000e+00
1805,3.8086500764e-01,-1.4461092651e-01,0.0000000000e+00,0.0000000000e+00,0.0000000000e+00
1806,3.8087710738e-01,-1.4461216331e-01,0.0000000000e+00,0.0000000000e+00,0.0000000000e+00
1807,3.8086354733e-01,-1.4461173117e-01,0.0000000000e+00,0.0000000000e+00,0.0000000000e+00
1808,3.8087069988e-01,-1.4460825920e-01,0.0000000000e+00,0.0000000000e+00,0.0000000000e+00
1809,3.8086217642e-01,-1.4461295307e-01,0.0000000000e+00,0.0000000000e+00,0.0000000000e+00
1810,3.8086545467e-01,-1.4460583031e-01,0.0000000000e+00,0.0000000000e+00,0.0000000000e+00
1811,3.8085782528e-01,-1.4461049438e-01,0.0000000000e+00,0.0000000000e+00,0.0000000000e+00
1812,3.8086339831e-01,-1.4460727572e-01,0.0000000000e+00,0.0000000000e+00,0.0000000000e+00
1813,3.8085225224e-01,-1.4460478723e-01,0.0000000000e+00,0.0000000000e+00,0.0000000000e+00
1814,3.8086065650e-01,-1.4460998774e-01,0.0000000000e+00,0.0000000000e+00,0.0000000000e+00
1815,3.8084810972e-01,-1.4459930360e-01,0.0000000000e+00,0.0000000000e+00,0.0000000000e+00
1816,3.8085740805e-01,-1.4461170137e-01,0.0000000000e+00,0.0000000000e+00,0.0000000000e+00
1817,3.8084346056e-01,-1.4459568262e-01,0.0000000000e+00,0.0000000000e+00,0.0000000000e+00
1818,3.8085332513e-01,-1.4461091161e-01,0.0000000000e+00,0.0000000000e+00,0.0000000000e+00
1819,3.8083916903e-01,-1.4459410310e-01,0.0000000000e+00,0.0000000000e+00,0.0000000000e+00
1820,3.8085111976e-01,-1.4460894465e-01,0.0000000000e+00,0.0000000000e+00,0.0000000000e+00
1821,3.8083350658e-01,-1.4459170401e-01,0.0000000000e+00,0.0000000000e+00,0.0000000000e+00
1822,3.8083428144e-01,-1.4460028708e-01,0.0000000000e+00,0.0000000000e+00,0.0000000000e+00
1823,3.8083064556e-01,-1.4459553361e-01,0.0000000000e+00,0.0000000000e+00,0.0000000000e+00
1824,3.8082727790e-01,-1.4459051192e-01,0.0000000000e+00,0.0000000000e+00,0.0000000000e+00
1825,3.8084045053e-01,-1.4459685981e-01,0.0000000000e+00,0.0000000000e+00,0.0000000000e+00
1826,3.8082465529e-01,-1.4459559321e-01,0.0000000000e+00,0.0000000000e+00,0.0000000000e+00
1827,3.8083538413e-01,-1.4459437132e-01,0.0000000000e+00,0.0000000000e+00,0.0000000000e+00
1828,3.8082385063e-01,-1.4459683001e-01,0.0000000000e+00,0.0000000000e+00,0.0000000000e+00
1829,3.8082841039e-01,-1.4459057152e-01,0.0000000000e+00,0.0000000000e+00,0.0000000000e+00
1830,3.8082420826e-01,-1.4459839463e-01,0.0000000000e+00,0.0000000000e+00,0.0000000000e+00
1831,3.8082176447e-01,-1.4458823204e-01,0.0000000000e+00,0.0000000000e+00,0.0000000000e+00
1832,3.8081961870e-01,-1.4459514618e-01,0.0000000000e+00,0.0000000000e+00,0.0000000000e+00
1833,3.8082098961e-01,-1.4458978176e-01,0.0000000000e+00,0.0000000000e+00,0.0000000000e+00
1834,3.8081181049e-01,-1.4458952844e-01,0.0000000000e+00,0.0000000000e+00,0.0000000000e+00
1835,3.8081923127e-01,-1.4459259808e-01,0.0000000000e+00,0.0000000000e+00,0.0000000000e+00
1836,3.8080704212e-01,-1.4458359778e-01,0.0000000000e+00,0.0000000000e+00,0.0000000000e+00
1837,3.8081529737e-01,-1.4459402859e-01,0.0000000000e+00,0.0000000000e+00,0.0000000000e+00
1838,3.8080385327e-01,-1.4458076656e-01,0.0000000000e+00,0.0000000000e+00,0.0000000000e+00
1839,3.8081070781e-01,-1.4459171891e-01,0.0000000000e+00,0.0000000000e+00,0.0000000000e+00
1840,3.8080015779e-01,-1.4458255470e-01,0.0000000000e+00,0.0000000000e+00,0.0000000000e+00
1841,3.8080731034e-01,-1.4458654821e-01,0.0000000000e+00,0.0000000000e+00,0.0000000000e+00
1842,3.8079419732e-01,-1.4458189905e-01,0.0000000000e+00,0.0000000000e+00,0.0000000000e+00
1843,3.8080602884e-01,-1.4458559453e-01,0.0000000000e+00,0.0000000000e+00,0.0000000000e+00
1844,3.8078808784e-01,-1.4457802474e-01,0.0000000000e+00,0.0000000000e+00,0.0000000000e+00
1845,3.8080364466e-01,-1.4458636940e-01,0.0000000000e+00,0.0000000000e+00,0.0000000000e+00
1846,3.8078337908e-01,-1.4457541704e-01,0.0000000000e+00,0.0000000000e+00,0.0000000000e+00
1847,3.8079828024e-01,-1.4458502829e-01,0.0000000000e+00,0.0000000000e+00,0.0000000000e+00
1848,3.8078123331e-01,-1.4457598329e-01,0.0000000000e+00,0.0000000000e+00,0.0000000000e+00
1849,3.8079193234e-01,-1.4457984269e-01,0.0000000000e+00,0.0000000000e+00,0.0000000000e+00
1850,3.8078030944e-01,-1.4457809925e-01,0.0000000000e+00,0.0000000000e+00,0.0000000000e+00
1851,3.8078564405e-01,-1.4457562566e-01,0.0000000000e+00,0.0000000000e+00,0.0000000000e+00
1852,3.8077664375e-01,-1.4457732439e-01,0.0000000000e+00,0.0000000000e+00,0.0000000000e+00
1853,3.8077494502e-01,-1.4457510412e-01,0.0000000000e+00,0.0000000000e+00,0.0000000000e+00
1854,3.8077270985e-01,-1.4457213879e-01,0.0000000000e+00,0.0000000000e+00,0.0000000000e+00
1855,3.8077062368e-01,-1.4456902444e-01,0.0000000000e+00,0.0000000000e+00,0.0000000000e+00
1856,3.8077214360e-01,-1.4456735551e-01,0.0000000000e+00,0.0000000000e+00,0.0000000000e+00
1857,3.8077527285e-01,-1.4457894862e-01,0.0000000000e+00,0.0000000000e+00,0.0000000000e+00
1858,3.8076400757e-01,-1.4456197619e-01,0.0000000000e+00,0.0000000000e+00,0.0000000000e+00
1859,3.8077068329e-01,-1.4458043873e-01,0.0000000000e+00,0.0000000000e+00,0.0000000000e+00
1860,3.8075953722e-01,-1.4456003904e-01,0.0000000000e+00,0.0000000000e+00,0.0000000000e+00
1861,3.8076743484e-01,-1.4457763731e-01,0.0000000000e+00,0.0000000000e+00,0.0000000000e+00
1862,3.8075429201e-01,-1.4456230402e-01,0.0000000000e+00,0.0000000000e+00,0.0000000000e+00
1863,3.8076522946e-01,-1.4457130432e-01,0.0000000000e+00,0.0000000000e+00,0.0000000000e+00
1864,3.8074773550e-01,-1.4456491172e-01,0.0000000000e+00,0.0000000000e+00,0.0000000000e+00
1865,3.8076186180e-01,-1.4456991851e-01,0.0000000000e+00,0.0000000000e+00,0.0000000000e+00
1866,3.8074395061e-01,-1.4456067979e-01,0.0000000000e+00,0.0000000000e+00,0.0000000000e+00
1867,3.8075515628e-01,-1.4457084239e-01,0.0000000000e+00,0.0000000000e+00,0.0000000000e+00
1868,3.8075053692e-01,-1.4455999434e-01,0.0000000000e+00,0.0000000000e+00,0.0000000000e+00
1869,3.8075226545e-01,-1.4456637204e-01,0.0000000000e+00,0.0000000000e+00,0.0000000000e+00
1870,3.8073936105e-01,-1.4456206560e-01,0.0000000000e+00,0.0000000000e+00,0.0000000000e+00
1871,3.8074561954e-01,-1.4456017315e-01,0.0000000000e+00,0.0000000000e+00,0.0000000000e+00
1872,3.8073715568e-01,-1.4456325769e-01,0.0000000000e+00,0.0000000000e+00,0.0000000000e+00
1873,3.8073992729e-01,-1.4455670118e-01,0.0000000000e+00,0.0000000000e+00,0.0000000000e+00
1874,3.8073310256e-01,-1.4456169307e-01,0.0000000000e+00,0.0000000000e+00,0.0000000000e+00
1875,3.8073703647e-01,-1.4455731213e-01,0.0000000000e+00,0.0000000000e+00,0.0000000000e+00
1876,3.8072738051e-01,-1.4455580711e-01,0.0000000000e+00,0.0000000000e+00,0.0000000000e+00
1877,3.8073340058e-01,-1.4456158876e-01,0.0000000000e+00,0.0000000000e+00,0.0000000000e+00
1878,3.8073265553e-01,-1.4455834031e-01,0.0000000000e+00,0.0000000000e+00,0.0000000000e+00
1879,3.8073065877e-01,-1.4456246793e-01,0.0000000000e+00,0.0000000000e+00,0.0000000000e+00
1880,3.8071805239e-01,-1.4455138147e-01,0.0000000000e+00,0.0000000000e+00,0.0000000000e+00
1881,3.8072669506e-01,-1.4455592632e-01,0.0000000000e+00,0.0000000000e+00,0.0000000000e+00
1882,3.8071399927e-01,-1.4455114305e-01,0.0000000000e+00,0.0000000000e+00,0.0000000000e+00
1883,3.8072186708e-01,-1.4455133677e-01,0.0000000000e+00,0.0000000000e+00,0.0000000000e+00
1884,3.8071066141e-01,-1.4455382526e-01,0.0000000000e+00,0.0000000000e+00,0.0000000000e+00
1885,3.8071739674e-01,-1.4454777539e-01,0.0000000000e+00,0.0000000000e+00,0.0000000000e+00
1886,3.8070660830e-01,-1.4455291629e-01,0.0000000000e+00,0.0000000000e+00,0.0000000000e+00
1887,3.8069692254e-01,-1.4454123378e-01,0.0000000000e+00,0.0000000000e+00,0.0000000000e+00
1888,3.8071489334e-01,-1.4454913139e-01,0.0000000000e+00,0.0000000000e+00,0.0000000000e+00
1889,3.8069701195e-01,-1.4454412460e-01,0.0000000000e+00,0.0000000000e+00,0.0000000000e+00
1890,3.8070756197e-01,-1.4455011487e-01,0.0000000000e+00,0.0000000000e+00,0.0000000000e+00
1891,3.8070109487e-01,-1.4454245567e-01,0.0000000000e+00,0.0000000000e+00,0.0000000000e+00
1892,3.8069996238e-01,-1.4454776049e-01,0.0000000000e+00,0.0000000000e+00,0.0000000000e+00
1893,3.8069567084e-01,-1.4454224706e-01,0.0000000000e+00,0.0000000000e+00,0.0000000000e+00
1894,3.8069447875e-01,-1.4454521239e-01,0.0000000000e+00,0.0000000000e+00,0.0000000000e+00
1895,3.8069182634e-01,-1.4454175532e-01,0.0000000000e+00,0.0000000000e+00,0.0000000000e+00
1896,3.8069009781e-01,-1.4454217255e-01,0.0000000000e+00,0.0000000000e+00,0.0000000000e+00
1897,3.8068851829e-01,-1.4454197884e-01,0.0000000000e+00,0.0000000000e+00,0.0000000000e+00
1898,3.8068926334e-01,-1.4454182982e-01,0.0000000000e+00,0.0000000000e+00,0.0000000000e+00
1899,3.8068169355e-01,-1.4453586936e-01,0.0000000000e+00,0.0000000000e+00,0.0000000000e+00
1900,3.8068473339e-01,-1.4454521239e-01,0.0000000000e+00,0.0000000000e+00,0.0000000000e+00
1901,3.8067731261e-01,-1.4453020692e-01,0.0000000000e+00,0.0000000000e+00,0.0000000000e+00
1902,3.8068079948e-01,-1.4454723895e-01,0.0000000000e+00,0.0000000000e+00,0.0000000000e+00
1903,3.8067340851e-01,-1.4452657104e-01,0.0000000000e+00,0.0000000000e+00,0.0000000000e+00
1904,3.8067290187e-01,-1.4454391599e-01,0.0000000000e+00,0.0000000000e+00,0.0000000000e+00
1905,3.8067364693e-01,-1.4452865720e-01,0.0000000000e+00,0.0000000000e+00,0.0000000000e+00
1906,3.8066601753e-01,-1.4454025030e-01,0.0000000000e+00,0.0000000000e+00,0.0000000000e+00
1907,3.8067108393e-01,-1.4452823997e-01,0.0000000000e+00,0.0000000000e+00,0.0000000000e+00
1908,3.8066118956e-01,-1.4453868568e-01,0.0000000000e+00,0.0000000000e+00,0.0000000000e+00
1909,3.8066631556e-01,-1.4452581108e-01,0.0000000000e+00,0.0000000000e+00,0.0000000000e+00
1910,3.8067200780e-01,-1.4454072714e-01,0.0000000000e+00,0.0000000000e+00,0.0000000000e+00
1911,3.8064980507e-01,-1.4452743530e-01,0.0000000000e+00,0.0000000000e+00,0.0000000000e+00
1912,3.8066476583e-01,-1.4453238249e-01,0.0000000000e+00,0.0000000000e+00,0.0000000000e+00
1913,3.8064733148e-01,-1.4452806115e-01,0.0000000000e+00,0.0000000000e+00,0.0000000000e+00
1914,3.8065832853e-01,-1.4452722669e-01,0.0000000000e+00,0.0000000000e+00,0.0000000000e+00
1915,3.8064455986e-01,-1.4452922344e-01,0.0000000000e+00,0.0000000000e+00,0.0000000000e+00
1916,3.8065257668e-01,-1.4452482760e-01,0.0000000000e+00,0.0000000000e+00,0.0000000000e+00
1917,3.8064491749e-01,-1.4452415705e-01,0.0000000000e+00,0.0000000000e+00,0.0000000000e+00
1918,3.8064497709e-01,-1.4452414215e-01,0.0000000000e+00,0.0000000000e+00,0.0000000000e+00
1919,3.8064208627e-01,-1.4452494681e-01,0.0000000000e+00,0.0000000000e+00,0.0000000000e+00
1920,3.8063856959e-01,-1.4452153444e-01,0.0000000000e+00,0.0000000000e+00,0.0000000000e+00
1921,3.8063874841e-01,-1.4452478290e-01,0.0000000000e+00,0.0000000000e+00,0.0000000000e+00
1922,3.8063782454e-01,-1.4452438056e-01,0.0000000000e+00,0.0000000000e+00,0.0000000000e+00
1923,3.8063022494e-01,-1.4451615512e-01,0.0000000000e+00,0.0000000000e+00,0.0000000000e+00
1924,3.8063371181e-01,-1.4452622831e-01,0.0000000000e+00,0.0000000000e+00,0.0000000000e+00
1925,3.8062655926e-01,-1.4451301098e-01,0.0000000000e+00,0.0000000000e+00,0.0000000000e+00
1926,3.8062846661e-01,-1.4452570677e-01,0.0000000000e+00,0.0000000000e+00,0.0000000000e+00
1927,3.8062244654e-01,-1.4451001585e-01,0.0000000000e+00,0.0000000000e+00,0.0000000000e+00
1928,3.8062372804e-01,-1.4452517033e-01,0.0000000000e+00,0.0000000000e+00,0.0000000000e+00
1929,3.8062426448e-01,-1.4451400936e-01,0.0000000000e+00,0.0000000000e+00,0.0000000000e+00
1930,3.8062128425e-01,-1.4452558756e-01,0.0000000000e+00,0.0000000000e+00,0.0000000000e+00
1931,3.8060799241e-01,-1.4450441301e-01,0.0000000000e+00,0.0000000000e+00,0.0000000000e+00
1932,3.8062286377e-01,-1.4452476799e-01,0.0000000000e+00,0.0000000000e+00,0.0000000000e+00
1933,3.8060110807e-01,-1.4450341463e-01,0.0000000000e+00,0.0000000000e+00,0.0000000000e+00
1934,3.8061997294e-01,-1.4452074468e-01,0.0000000000e+00,0.0000000000e+00,0.0000000000e+00
1935,3.8059690595e-01,-1.4450584352e-01,0.0000000000e+00,0.0000000000e+00,0.0000000000e+00
1936,3.8061428070e-01,-1.4451570809e-01,0.0000000000e+00,0.0000000000e+00,0.0000000000e+00
1937,3.8059437275e-01,-1.4450724423e-01,0.0000000000e+00,0.0000000000e+00,0.0000000000e+00
1938,3.8060805202e-01,-1.4451217651e-01,0.0000000000e+00,0.0000000000e+00,0.0000000000e+00
1939,3.8060125709e-01,-1.4450532198e-01,0.0000000000e+00,0.0000000000e+00,0.0000000000e+00
1940,3.8060119748e-01,-1.4450602233e-01,0.0000000000e+00,0.0000000000e+00,0.0000000000e+00
1941,3.8059043884e-01,-1.4450912178e-01,0.0000000000e+00,0.0000000000e+00,0.0000000000e+00
1942,3.8059636950e-01,-1.4450566471e-01,0.0000000000e+00,0.0000000000e+00,0.0000000000e+00
1943,3.8058552146e-01,-1.4450503886e-01,0.0000000000e+00,0.0000000000e+00,0.0000000000e+00
1944,3.8059183955e-01,-1.4450618625e-01,0.0000000000e+00,0.0000000000e+00,0.0000000000e+00
1945,3.8058161736e-01,-1.4450183511e-01,0.0000000000e+00,0.0000000000e+00,0.0000000000e+00
1946,3.8058641553e-01,-1.4450590312e-01,0.0000000000e+00,0.0000000000e+00,0.0000000000e+00
1947,3.8057887554e-01,-1.4449888468e-01,0.0000000000e+00,0.0000000000e+00,0.0000000000e+00
1948,3.8058125973e-01,-1.4450632036e-01,0.0000000000e+00,0.0000000000e+00,0.0000000000e+00
1949,3.8057377934e-01,-1.4449466765e-01,0.0000000000e+00,0.0000000000e+00,0.0000000000e+00
1950,3.8057893515e-01,-1.4450804889e-01,0.0000000000e+00,0.0000000000e+00,0.0000000000e+00
1951,3.8057616353e-01,-1.4449672401e-01,0.0000000000e+00,0.0000000000e+00,0.0000000000e+00
1952,3.8057771325e-01,-1.4450718462e-01,0.0000000000e+00,0.0000000000e+00,0.0000000000e+00
1953,3.8055983186e-01,-1.4449195564e-01,0.0000000000e+00,0.0000000000e+00,0.0000000000e+00
1954,3.8057488203e-01,-1.4450289309e-01,0.0000000000e+00,0.0000000000e+00,0.0000000000e+00
1955,3.8055482507e-01,-1.4449197054e-01,0.0000000000e+00,0.0000000000e+00,0.0000000000e+00
1956,3.8056948781e-01,-1.4449940622e-01,0.0000000000e+00,0.0000000000e+00,0.0000000000e+00
1957,3.8055187464e-01,-1.4449326694e-01,0.0000000000e+00,0.0000000000e+00,0.0000000000e+00
1958,3.8056361675e-01,-1.4449484646e-01,0.0000000000e+00,0.0000000000e+00,0.0000000000e+00
1959,3.8054907322e-01,-1.4449322224e-01,0.0000000000e+00,0.0000000000e+00,0.0000000000e+00
1960,3.8055834174e-01,-1.4449201524e-01,0.0000000000e+00,0.0000000000e+00,0.0000000000e+00
1961,3.8054531813e-01,-1.4449158311e-01,0.0000000000e+00,0.0000000000e+00,0.0000000000e+00
1962,3.8054510951e-01,-1.4449033141e-01,0.0000000000e+00,0.0000000000e+00,0.0000000000e+00
1963,3.8054186106e-01,-1.4448887110e-01,0.0000000000e+00,0.0000000000e+00,0.0000000000e+00
1964,3.8054737449e-01,-1.4449149370e-01,0.0000000000e+00,0.0000000000e+00,0.0000000000e+00
1965,3.8053774834e-01,-1.4448565245e-01,0.0000000000e+00,0.0000000000e+00,0.0000000000e+00
1966,3.8054329157e-01,-1.4449045062e-01,0.0000000000e+00,0.0000000000e+00,0.0000000000e+00
1967,3.8053384423e-01,-1.4448404312e-01,0.0000000000e+00,0.0000000000e+00,0.0000000000e+00
1968,3.8053837419e-01,-1.4448846877e-01,0.0000000000e+00,0.0000000000e+00,0.0000000000e+00
1969,3.8052982092e-01,-1.4448362589e-01,0.0000000000e+00,0.0000000000e+00,0.0000000000e+00
1970,3.8053438067e-01,-1.4448590577e-01,0.0000000000e+00,0.0000000000e+00,0.0000000000e+00
1971,3.8052371144e-01,-1.4448286593e-01,0.0000000000e+00,0.0000000000e+00,0.0000000000e+00
1972,3.8053271174e-01,-1.4448522031e-01,0.0000000000e+00,0.0000000000e+00,0.0000000000e+00
1973,3.8051635027e-01,-1.4447960258e-01,0.0000000000e+00,0.0000000000e+00,0.0000000000e+00
1974,3.8053041697e-01,-1.4448319376e-01,0.0000000000e+00,0.0000000000e+00,0.0000000000e+00
1975,3.8051128387e-01,-1.4447870851e-01,0.0000000000e+00,0.0000000000e+00,0.0000000000e+00
1976,3.8052508235e-01,-1.4447976649e-01,0.0000000000e+00,0.0000000000e+00,0.0000000000e+00
1977,3.8050851226e-01,-1.4447964728e-01,0.0000000000e+00,0.0000000000e+00,0.0000000000e+00
1978,3.8051840663e-01,-1.4447574317e-01,0.0000000000e+00,0.0000000000e+00,0.0000000000e+00
1979,3.8050633669e-01,-1.4448164403e-01,0.0000000000e+00,0.0000000000e+00,0.0000000000e+00
1980,3.8051250577e-01,-1.4447252452e-01,0.0000000000e+00,0.0000000000e+00,0.0000000000e+00
1981,3.8050186634e-01,-1.4447928965e-01,0.0000000000e+00,0.0000000000e+00,0.0000000000e+00
1982,3.8050895929e-01,-1.4447365701e-01,0.0000000000e+00,0.0000000000e+00,0.0000000000e+00
1983,3.8049653172e-01,-1.4447455108e-01,0.0000000000e+00,0.0000000000e+00,0.0000000000e+00
1984,3.8050496578e-01,-1.4447586238e-01,0.0000000000e+00,0.0000000000e+00,0.0000000000e+00
1985,3.8049128652e-01,-1.4446924627e-01,0.0000000000e+00,0.0000000000e+00,0.0000000000e+00
1986,3.8050046563e-01,-1.4447781444e-01,0.0000000000e+00,0.0000000000e+00,0.0000000000e+00
1987,3.8048684597e-01,-1.4446453750e-01,0.0000000000e+00,0.0000000000e+00,0.0000000000e+00
1988,3.8049599528e-01,-1.4447876811e-01,0.0000000000e+00,0.0000000000e+00,0.0000000000e+00
1989,3.8048291206e-01,-1.4446094632e-01,0.0000000000e+00,0.0000000000e+00,0.0000000000e+00
1990,3.8048154116e-01,-1.4446863532e-01,0.0000000000e+00,0.0000000000e+00,0.0000000000e+00
1991,3.8047727942e-01,-1.4446350932e-01,0.0000000000e+00,0.0000000000e+00,0.0000000000e+00
1992,3.8047569990e-01,-1.4445704222e-01,0.0000000000e+00,0.0000000000e+00,0.0000000000e+00
1993,3.8048672676e-01,-1.4447076619e-01,0.0000000000e+00,0.0000000000e+00,0.0000000000e+00
1994,3.8046842813e-01,-1.4446027577e-01,0.0000000000e+00,0.0000000000e+00,0.0000000000e+00
1995,3.8048374653e-01,-1.4447084069e-01,0.0000000000e+00,0.0000000000e+00,0.0000000000e+00
1996,3.8046351075e-01,-1.4446055889e-01,0.0000000000e+00,0.0000000000e+00,0.0000000000e+00
1997,3.8047891855e-01,-1.4446742833e-01,0.0000000000e+00,0.0000000000e+00,0.0000000000e+00
1998,3.8046070933e-01,-1.4446072280e-01,0.0000000000e+00,0.0000000000e+00,0.0000000000e+00
1999,3.8047215343e-01,-1.4446170628e-01,0.0000000000e+00,0.0000000000e+00,0.0000000000e+00
2000,3.8045802712e-01,-1.4446257055e-01,0.0000000000e+00,0.0000000000e+00,0.0000000000e+00
2001,3.8046652079e-01,-1.4445793629e-01,0.0000000000e+00,0.0000000000e+00,0.0000000000e+00
2002,3.8045424223e-01,-1.4446149766e-01,0.0000000000e+00,0.0000000000e+00,0.0000000000e+00
2003,3.8046124578e-01,-1.4445890486e-01,0.0000000000e+00,0.0000000000e+00,0.0000000000e+00
2004,3.8045060635e-01,-1.4445671439e-01,0.0000000000e+00,0.0000000000e+00,0.0000000000e+00
2005,3.8044860959e-01,-1.4445556700e-01,0.0000000000e+00,0.0000000000e+00,0.0000000000e+00
2006,3.8044509292e-01,-1.4445196092e-01,0.0000000000e+00,0.0000000000e+00,0.0000000000e+00
2007,3.8045173883e-01,-1.4446017146e-01,0.0000000000e+00,0.0000000000e+00,0.0000000000e+00
2008,3.8044083118e-01,-1.4445026219e-01,0.0000000000e+00,0.0000000000e+00,0.0000000000e+00
2009,3.8044762611e-01,-1.4445894957e-01,0.0000000000e+00,0.0000000000e+00,0.0000000000e+00
2010,3.8043621182e-01,-1.4444997907e-01,0.0000000000e+00,0.0000000000e+00,0.0000000000e+00
2011,3.8044407964e-01,-1.4445586503e-01,0.0000000000e+00,0.0000000000e+00,0.0000000000e+00
2012,3.8043001294e-01,-1.4445041120e-01,0.0000000000e+00,0.0000000000e+00,0.0000000000e+00
2013,3.8044080138e-01,-1.4445389807e-01,0.0000000000e+00,0.0000000000e+00,0.0000000000e+00
2014,3.8042423129e-01,-1.4444783330e-01,0.0000000000e+00,0.0000000000e+00,0.0000000000e+00
2015,3.8043758273e-01,-1.4445318282e-01,0.0000000000e+00,0.0000000000e+00,0.0000000000e+00
2016,3.8041844964e-01,-1.4444538951e-01,0.0000000000e+00,0.0000000000e+00,0.0000000000e+00
2017,3.8043376803e-01,-1.4445064962e-01,0.0000000000e+00,0.0000000000e+00,0.0000000000e+00
2018,3.8041472435e-01,-1.4444528520e-01,0.0000000000e+00,0.0000000000e+00,0.0000000000e+00
2019,3.8042718172e-01,-1.4444674551e-01,0.0000000000e+00,0.0000000000e+00,0.0000000000e+00
2020,3.8041210175e-01,-1.4444747567e-01,0.0000000000e+00,0.0000000000e+00,0.0000000000e+00
2021,3.8042080402e-01,-1.4444269240e-01,0.0000000000e+00,0.0000000000e+00,0.0000000000e+00
2022,3.8040873408e-01,-1.4444604516e-01,0.0000000000e+00,0.0000000000e+00,0.0000000000e+00
2023,3.8041591644e-01,-1.4444249868e-01,0.0000000000e+00,0.0000000000e+00,0.0000000000e+00
2024,3.8040390611e-01,-1.4444197714e-01,0.0000000000e+00,0.0000000000e+00,0.0000000000e+00
2025,3.8041111827e-01,-1.4444519579e-01,0.0000000000e+00,0.0000000000e+00,0.0000000000e+00
2026,3.8040828705e-01,-1.4444299042e-01,0.0000000000e+00,0.0000000000e+00,0.0000000000e+00
2027,3.8040760159e-01,-1.4444565773e-01,0.0000000000e+00,0.0000000000e+00,0.0000000000e+00
2028,3.8039645553e-01,-1.4443810284e-01,0.0000000000e+00,0.0000000000e+00,0.0000000000e+00
2029,3.8040155172e-01,-1.4444163442e-01,0.0000000000e+00,0.0000000000e+00,0.0000000000e+00
2030,3.8039106131e-01,-1.4443726838e-01,0.0000000000e+00,0.0000000000e+00,0.0000000000e+00
2031,3.8039678335e-01,-1.4443737268e-01,0.0000000000e+00,0.0000000000e+00,0.0000000000e+00
2032,3.8038608432e-01,-1.4443862438e-01,0.0000000000e+00,0.0000000000e+00,0.0000000000e+00
2033,3.8039276004e-01,-1.4443393052e-01,0.0000000000e+00,0.0000000000e+00,0.0000000000e+00
2034,3.8038155437e-01,-1.4443945885e-01,0.0000000000e+00,0.0000000000e+00,0.0000000000e+00
2035,3.8037079573e-01,-1.4442485571e-01,0.0000000000e+00,0.0000000000e+00,0.0000000000e+00
2036,3.8039037585e-01,-1.4443719387e-01,0.0000000000e+00,0.0000000000e+00,0.0000000000e+00
2037,3.8036841154e-01,-1.4442777634e-01,0.0000000000e+00,0.0000000000e+00,0.0000000000e+00
2038,3.8038626313e-01,-1.4443661273e-01,0.0000000000e+00,0.0000000000e+00,0.0000000000e+00
2039,3.8036605716e-01,-1.4442586899e-01,0.0000000000e+00,0.0000000000e+00,0.0000000000e+00
2040,3.8037002087e-01,-1.4443454146e-01,0.0000000000e+00,0.0000000000e+00,0.0000000000e+00
2041,3.8036403060e-01,-1.4442814887e-01,0.0000000000e+00,0.0000000000e+00,0.0000000000e+00
2042,3.8037267327e-01,-1.4442753792e-01,0.0000000000e+00,0.0000000000e+00,0.0000000000e+00
2043,3.8035938144e-01,-1.4443022013e-01,0.0000000000e+00,0.0000000000e+00,0.0000000000e+00
2044,3.8036715984e-01,-1.4442618191e-01,0.0000000000e+00,0.0000000000e+00,0.0000000000e+00
2045,3.8035613298e-01,-1.4442685246e-01,0.0000000000e+00,0.0000000000e+00,0.0000000000e+00
2046,3.8036206365e-01,-1.4442785084e-01,0.0000000000e+00,0.0000000000e+00,0.0000000000e+00
2047,3.8035172224e-01,-1.4442126453e-01,0.0000000000e+00,0.0000000000e+00,0.0000000000e+00
2048,3.8035711646e-01,-1.4443069696e-01,0.0000000000e+00,0.0000000000e+00,0.0000000000e+00
2049,3.8034832478e-01,-1.4441592991e-01,0.0000000000e+00,0.0000000000e+00,0.0000000000e+00
2050,3.8034343719e-01,-1.4442124963e-01,0.0000000000e+00,0.0000000000e+00,0.0000000000e+00
2051,3.8034337759e-01,-1.4441308379e-01,0.0000000000e+00,0.0000000000e+00,0.0000000000e+00
2052,3.8034895062e-01,-1.4443121850e-01,0.0000000000e+00,0.0000000000e+00,0.0000000000e+00
2053,3.8033527136e-01,-1.4440979064e-01,0.0000000000e+00,0.0000000000e+00,0.0000000000e+00
2054,3.8034832478e-01,-1.4443004131e-01,0.0000000000e+00,0.0000000000e+00,0.0000000000e+00
2055,3.8032701612e-01,-1.4440970123e-01,0.0000000000e+00,0.0000000000e+00,0.0000000000e+00
2056,3.8034516573e-01,-1.4442579448e-01,0.0000000000e+00,0.0000000000e+00,0.0000000000e+00
2057,3.8032212853e-01,-1.4441077411e-01,0.0000000000e+00,0.0000000000e+00,0.0000000000e+00
2058,3.8033914566e-01,-1.4442172647e-01,0.0000000000e+00,0.0000000000e+00,0.0000000000e+00
2059,3.8031876087e-01,-1.4441244304e-01,0.0000000000e+00,0.0000000000e+00,0.0000000000e+00
2060,3.8033193350e-01,-1.4441853762e-01,0.0000000000e+00,0.0000000000e+00,0.0000000000e+00
2061,3.8032558560e-01,-1.4441162348e-01,0.0000000000e+00,0.0000000000e+00,0.0000000000e+00
2062,3.8032498956e-01,-1.4441259205e-01,0.0000000000e+00,0.0000000000e+00,0.0000000000e+00
2063,3.8031485677e-01,-1.4441515505e-01,0.0000000000e+00,0.0000000000e+00,0.0000000000e+00
2064,3.8031923771e-01,-1.4441050589e-01,0.0000000000e+00,0.0000000000e+00,0.0000000000e+00
2065,3.8030990958e-01,-1.4441181719e-01,0.0000000000e+00,0.0000000000e+00,0.0000000000e+00
2066,3.8031405210e-01,-1.4441101253e-01,0.0000000000e+00,0.0000000000e+00,0.0000000000e+00
2067,3.8030579686e-01,-1.4440827072e-01,0.0000000000e+00,0.0000000000e+00,0.0000000000e+00
2068,3.8030824065e-01,-1.4441156387e-01,0.0000000000e+00,0.0000000000e+00,0.0000000000e+00
2069,3.8030213118e-01,-1.4440445602e-01,0.0000000000e+00,0.0000000000e+00,0.0000000000e+00
2070,3.8030344248e-01,-1.4441262186e-01,0.0000000000e+00,0.0000000000e+00,0.0000000000e+00
2071,3.8029623032e-01,-1.4439991117e-01,0.0000000000e+00,0.0000000000e+00,0.0000000000e+00
2072,3.8029927015e-01,-1.4441384375e-01,0.0000000000e+00,0.0000000000e+00,0.0000000000e+00
2073,3.8029590249e-01,-1.4439976215e-01,0.0000000000e+00,0.0000000000e+00,0.0000000000e+00
2074,3.8029658794e-01,-1.4441449940e-01,0.0000000000e+00,0.0000000000e+00,0.0000000000e+00
2075,3.8028210402e-01,-1.4439317584e-01,0.0000000000e+00,0.0000000000e+00,0.0000000000e+00
2076,3.8029721379e-01,-1.4441275597e-01,0.0000000000e+00,0.0000000000e+00,0.0000000000e+00
2077,3.8027423620e-01,-1.4439322054e-01,0.0000000000e+00,0.0000000000e+00,0.0000000000e+00
2078,3.8029271364e-01,-1.4440968633e-01,0.0000000000e+00,0.0000000000e+00,0.0000000000e+00
2079,3.8026946783e-01,-1.4439471066e-01,0.0000000000e+00,0.0000000000e+00,0.0000000000e+00
2080,3.8028731942e-01,-1.4440485835e-01,0.0000000000e+00,0.0000000000e+00,0.0000000000e+00
2081,3.8026767969e-01,-1.4439436793e-01,0.0000000000e+00,0.0000000000e+00,0.0000000000e+00
2082,3.8026922941e-01,-1.4440019429e-01,0.0000000000e+00,0.0000000000e+00,0.0000000000e+00
2083,3.8026574254e-01,-1.4439965785e-01,0.0000000000e+00,0.0000000000e+00,0.0000000000e+00
2084,3.8027024269e-01,-1.4439462125e-01,0.0000000000e+00,0.0000000000e+00,0.0000000000e+00
2085,3.8026288152e-01,-1.4439663291e-01,0.0000000000e+00,0.0000000000e+00,0.0000000000e+00
2086,3.8026630878e-01,-1.4439557493e-01,0.0000000000e+00,0.0000000000e+00,0.0000000000e+00
2087,3.8025823236e-01,-1.4439323545e-01,0.0000000000e+00,0.0000000000e+00,0.0000000000e+00
2088,3.8026136160e-01,-1.4439547062e-01,0.0000000000e+00,0.0000000000e+00,0.0000000000e+00
2089,3.8025417924e-01,-1.4439061284e-01,0.0000000000e+00,0.0000000000e+00,0.0000000000e+00
2090,3.8025557995e-01,-1.4439484477e-01,0.0000000000e+00,0.0000000000e+00,0.0000000000e+00
2091,3.8024955988e-01,-1.4438815415e-01,0.0000000000e+00,0.0000000000e+00,0.0000000000e+00
2092,3.8025227189e-01,-1.4439412951e-01,0.0000000000e+00,0.0000000000e+00,0.0000000000e+00
2093,3.8024213910e-01,-1.4438527822e-01,0.0000000000e+00,0.0000000000e+00,0.0000000000e+00
2094,3.8025069237e-01,-1.4439344406e-01,0.0000000000e+00,0.0000000000e+00,0.0000000000e+00
2095,3.8023418188e-01,-1.4438422024e-01,0.0000000000e+00,0.0000000000e+00,0.0000000000e+00
2096,3.8024774194e-01,-1.4439187944e-01,0.0000000000e+00,0.0000000000e+00,0.0000000000e+00
2097,3.8022854924e-01,-1.4438454807e-01,0.0000000000e+00,0.0000000000e+00,0.0000000000e+00
2098,3.8024285436e-01,-1.4438776672e-01,0.0000000000e+00,0.0000000000e+00,0.0000000000e+00
2099,3.8022488356e-01,-1.4438463748e-01,0.0000000000e+00,0.0000000000e+00,0.0000000000e+00
2100,3.8023629785e-01,-1.4438389242e-01,0.0000000000e+00,0.0000000000e+00,0.0000000000e+00
2101,3.8022190332e-01,-1.4438502491e-01,0.0000000000e+00,0.0000000000e+00,0.0000000000e+00
2102,3.8022971153e-01,-1.4438088238e-01,0.0000000000e+00,0.0000000000e+00,0.0000000000e+00
2103,3.8021850586e-01,-1.4438405633e-01,0.0000000000e+00,0.0000000000e+00,0.0000000000e+00
2104,3.8022008538e-01,-1.4438119531e-01,0.0000000000e+00,0.0000000000e+00,0.0000000000e+00
2105,3.8021382689e-01,-1.4438171685e-01,0.0000000000e+00,0.0000000000e+00,0.0000000000e+00
2106,3.8021939993e-01,-1.4438039064e-01,0.0000000000e+00,0.0000000000e+00,0.0000000000e+00
2107,3.8020828366e-01,-1.4437672496e-01,0.0000000000e+00,0.0000000000e+00,0.0000000000e+00
2108,3.8021546602e-01,-1.4438192546e-01,0.0000000000e+00,0.0000000000e+00,0.0000000000e+00
2109,3.8020336628e-01,-1.4437265694e-01,0.0000000000e+00,0.0000000000e+00,0.0000000000e+00
2110,3.8021025062e-01,-1.4438246191e-01,0.0000000000e+00,0.0000000000e+00,0.0000000000e+00
2111,3.8019880652e-01,-1.4436902106e-01,0.0000000000e+00,0.0000000000e+00,0.0000000000e+00
2112,3.8020539284e-01,-1.4438332617e-01,0.0000000000e+00,0.0000000000e+00,0.0000000000e+00
2113,3.8020274043e-01,-1.4437402785e-01,0.0000000000e+00,0.0000000000e+00,0.0000000000e+00
2114,3.8020166755e-01,-1.4438092709e-01,0.0000000000e+00,0.0000000000e+00,0.0000000000e+00
2115,3.8018646836e-01,-1.4437049627e-01,0.0000000000e+00,0.0000000000e+00,0.0000000000e+00
2116,3.8019922376e-01,-1.4437526464e-01,0.0000000000e+00,0.0000000000e+00,0.0000000000e+00
2117,3.8018032908e-01,-1.4436843991e-01,0.0000000000e+00,0.0000000000e+00,0.0000000000e+00
2118,3.8019409776e-01,-1.4437131584e-01,0.0000000000e+00,0.0000000000e+00,0.0000000000e+00
2119,3.8017666340e-01,-1.4436905086e-01,0.0000000000e+00,0.0000000000e+00,0.0000000000e+00
2120,3.8018727303e-01,-1.4436864853e-01,0.0000000000e+00,0.0000000000e+00,0.0000000000e+00
2121,3.8017451763e-01,-1.4437088370e-01,0.0000000000e+00,0.0000000000e+00,0.0000000000e+00
2122,3.8018000126e-01,-1.4436332881e-01,0.0000000000e+00,0.0000000000e+00,0.0000000000e+00
2123,3.8017079234e-01,-1.4437130094e-01,0.0000000000e+00,0.0000000000e+00,0.0000000000e+00
2124,3.8017502427e-01,-1.4436240494e-01,0.0000000000e+00,0.0000000000e+00,0.0000000000e+00
2125,3.8016584516e-01,-1.4436709881e-01,0.0000000000e+00,0.0000000000e+00,0.0000000000e+00
2126,3.8017046452e-01,-1.4436416328e-01,0.0000000000e+00,0.0000000000e+00,0.0000000000e+00
2127,3.8016015291e-01,-1.4436148107e-01,0.0000000000e+00,0.0000000000e+00,0.0000000000e+00
2128,3.8016587496e-01,-1.4436630905e-01,0.0000000000e+00,0.0000000000e+00,0.0000000000e+00
2129,3.8015550375e-01,-1.4435718954e-01,0.0000000000e+00,0.0000000000e+00,0.0000000000e+00
2130,3.8016065955e-01,-1.4436700940e-01,0.0000000000e+00,0.0000000000e+00,0.0000000000e+00
2131,3.8015121222e-01,-1.4435377717e-01,0.0000000000e+00,0.0000000000e+00,0.0000000000e+00
2132,3.8015547395e-01,-1.4436744153e-01,0.0000000000e+00,0.0000000000e+00,0.0000000000e+00
2133,3.8015326858e-01,-1.4435803890e-01,0.0000000000e+00,0.0000000000e+00,0.0000000000e+00
2134,3.8015237451e-01,-1.4436623454e-01,0.0000000000e+00,0.0000000000e+00,0.0000000000e+00
2135,3.8013756275e-01,-1.4435268939e-01,0.0000000000e+00,0.0000000000e+00,0.0000000000e+00
2136,3.8015112281e-01,-1.4436240494e-01,0.0000000000e+00,0.0000000000e+00,0.0000000000e+00
2137,3.8013046980e-01,-1.4434996247e-01,0.0000000000e+00,0.0000000000e+00,0.0000000000e+00
2138,3.8014727831e-01,-1.4435943961e-01,0.0000000000e+00,0.0000000000e+00,0.0000000000e+00
2139,3.8012558222e-01,-1.4435002208e-01,0.0000000000e+00,0.0000000000e+00,0.0000000000e+00
2140,3.8014078140e-01,-1.4435675740e-01,0.0000000000e+00,0.0000000000e+00,0.0000000000e+00
2141,3.8012272120e-01,-1.4435245097e-01,0.0000000000e+00,0.0000000000e+00,0.0000000000e+00
2142,3.8013392687e-01,-1.4435173571e-01,0.0000000000e+00,0.0000000000e+00,0.0000000000e+00
2143,3.8011950254e-01,-1.4435251057e-01,0.0000000000e+00,0.0000000000e+00,0.0000000000e+00
2144,3.8012740016e-01,-1.4434918761e-01,0.0000000000e+00,0.0000000000e+00,0.0000000000e+00
2145,3.8011613488e-01,-1.4435043931e-01,0.0000000000e+00,0.0000000000e+00,0.0000000000e+00
2146,3.8011449575e-01,-1.4434772730e-01,0.0000000000e+00,0.0000000000e+00,0.0000000000e+00
2147,3.8011121750e-01,-1.4434632659e-01,0.0000000000e+00,0.0000000000e+00,0.0000000000e+00
2148,3.8011610508e-01,-1.4435017109e-01,0.0000000000e+00,0.0000000000e+00,0.0000000000e+00
2149,3.8010630012e-01,-1.4434321225e-01,0.0000000000e+00,0.0000000000e+00,0.0000000000e+00
2150,3.8011142612e-01,-1.4434899390e-01,0.0000000000e+00,0.0000000000e+00,0.0000000000e+00
2151,3.8010203838e-01,-1.4434249699e-01,0.0000000000e+00,0.0000000000e+00,0.0000000000e+00
2152,3.8010618091e-01,-1.4434619248e-01,0.0000000000e+00,0.0000000000e+00,0.0000000000e+00
2153,3.8009685278e-01,-1.4434255660e-01,0.0000000000e+00,0.0000000000e+00,0.0000000000e+00
2154,3.8010242581e-01,-1.4434316754e-01,0.0000000000e+00,0.0000000000e+00,0.0000000000e+00
2155,3.8008975983e-01,-1.4434051514e-01,0.0000000000e+00,0.0000000000e+00,0.0000000000e+00
2156,3.8010016084e-01,-1.4434351027e-01,0.0000000000e+00,0.0000000000e+00,0.0000000000e+00
2157,3.8008227944e-01,-1.4433757961e-01,0.0000000000e+00,0.0000000000e+00,0.0000000000e+00
2158,3.8009700179e-01,-1.4434115589e-01,0.0000000000e+00,0.0000000000e+00,0.0000000000e+00
2159,3.8007715344e-01,-1.4433725178e-01,0.0000000000e+00,0.0000000000e+00,0.0000000000e+00
2160,3.8009056449e-01,-1.4433731139e-01,0.0000000000e+00,0.0000000000e+00,0.0000000000e+00
2161,3.8007441163e-01,-1.4433856308e-01,0.0000000000e+00,0.0000000000e+00,0.0000000000e+00
2162,3.8008302450e-01,-1.4433325827e-01,0.0000000000e+00,0.0000000000e+00,0.0000000000e+00
2163,3.8007181883e-01,-1.4434008300e-01,0.0000000000e+00,0.0000000000e+00,0.0000000000e+00
2164,3.8007697463e-01,-1.4433100820e-01,0.0000000000e+00,0.0000000000e+00,0.0000000000e+00
2165,3.8006672263e-01,-1.4433687925e-01,0.0000000000e+00,0.0000000000e+00,0.0000000000e+00
2166,3.8007271290e-01,-1.4433287084e-01,0.0000000000e+00,0.0000000000e+00,0.0000000000e+00
2167,3.8006094098e-01,-1.4433157444e-01,0.0000000000e+00,0.0000000000e+00,0.0000000000e+00
2168,3.8006830215e-01,-1.4433538914e-01,0.0000000000e+00,0.0000000000e+00,0.0000000000e+00
2169,3.8005578518e-01,-1.4432613552e-01,0.0000000000e+00,0.0000000000e+00,0.0000000000e+00
2170,3.8006392121e-01,-1.4433760941e-01,0.0000000000e+00,0.0000000000e+00,0.0000000000e+00
2171,3.8005086780e-01,-1.4432148635e-01,0.0000000000e+00,0.0000000000e+00,0.0000000000e+00
2172,3.8005807996e-01,-1.4433847368e-01,0.0000000000e+00,0.0000000000e+00,0.0000000000e+00
2173,3.8005501032e-01,-1.4432831109e-01,0.0000000000e+00,0.0000000000e+00,0.0000000000e+00
2174,3.8005495071e-01,-1.4433421195e-01,0.0000000000e+00,0.0000000000e+00,0.0000000000e+00
2175,3.8003990054e-01,-1.4432539046e-01,0.0000000000e+00,0.0000000000e+00,0.0000000000e+00
2176,3.8005071878e-01,-1.4432965219e-01,0.0000000000e+00,0.0000000000e+00,0.0000000000e+00
2177,3.8003280759e-01,-1.4432319999e-01,0.0000000000e+00,0.0000000000e+00,0.0000000000e+00
2178,3.8004642725e-01,-1.4432708919e-01,0.0000000000e+00,0.0000000000e+00,0.0000000000e+00
2179,3.8002771139e-01,-1.4432135224e-01,0.0000000000e+00,0.0000000000e+00,0.0000000000e+00
2180,3.8004022837e-01,-1.4432322979e-01,0.0000000000e+00,0.0000000000e+00,0.0000000000e+00
2181,3.8002479076e-01,-1.4432366192e-01,0.0000000000e+00,0.0000000000e+00,0.0000000000e+00
2182,3.8003325462e-01,-1.4431941509e-01,0.0000000000e+00,0.0000000000e+00,0.0000000000e+00
2183,3.8002139330e-01,-1.4432381094e-01,0.0000000000e+00,0.0000000000e+00,0.0000000000e+00
2184,3.8002711535e-01,-1.4431686699e-01,0.0000000000e+00,0.0000000000e+00,0.0000000000e+00
2185,3.8001698256e-01,-1.4432038367e-01,0.0000000000e+00,0.0000000000e+00,0.0000000000e+00
2186,3.8002198935e-01,-1.4431855083e-01,0.0000000000e+00,0.0000000000e+00,0.0000000000e+00
2187,3.8001108170e-01,-1.4431524277e-01,0.0000000000e+00,0.0000000000e+00,0.0000000000e+00
2188,3.8001811504e-01,-1.4432074130e-01,0.0000000000e+00,0.0000000000e+00,0.0000000000e+00
2189,3.8000547886e-01,-1.4431029558e-01,0.0000000000e+00,0.0000000000e+00,0.0000000000e+00
2190,3.8001316786e-01,-1.4432226121e-01,0.0000000000e+00,0.0000000000e+00,0.0000000000e+00
2191,3.8000118732e-01,-1.4430613816e-01,0.0000000000e+00,0.0000000000e+00,0.0000000000e+00
2192,3.8000729680e-01,-1.4432305098e-01,0.0000000000e+00,0.0000000000e+00,0.0000000000e+00
2193,3.8000538945e-01,-1.4431376755e-01,0.0000000000e+00,0.0000000000e+00,0.0000000000e+00
2194,3.8000434637e-01,-1.4431950450e-01,0.0000000000e+00,0.0000000000e+00,0.0000000000e+00
2195,3.7998938560e-01,-1.4430899918e-01,0.0000000000e+00,0.0000000000e+00,0.0000000000e+00
2196,3.8000100851e-01,-1.4431400597e-01,0.0000000000e+00,0.0000000000e+00,0.0000000000e+00
2197,3.7998241186e-01,-1.4430634677e-01,0.0000000000e+00,0.0000000000e+00,0.0000000000e+00
2198,3.7999647856e-01,-1.4431250095e-01,0.0000000000e+00,0.0000000000e+00,0.0000000000e+00
2199,3.7997743487e-01,-1.4430662990e-01,0.0000000000e+00,0.0000000000e+00,0.0000000000e+00
2200,3.7999030948e-01,-1.4430896938e-01,0.0000000000e+00,0.0000000000e+00,0.0000000000e+00
2201,3.7997439504e-01,-1.4430794120e-01,0.0000000000e+00,0.0000000000e+00,0.0000000000e+00
2202,3.7998321652e-01,-1.4430315793e-01,0.0000000000e+00,0.0000000000e+00,0.0000000000e+00
2203,3.7997061014e-01,-1.4430785179e-01,0.0000000000e+00,0.0000000000e+00,0.0000000000e+00
2204,3.7997728586e-01,-1.4430142939e-01,0.0000000000e+00,0.0000000000e+00,0.0000000000e+00
2205,3.7996616960e-01,-1.4430503547e-01,0.0000000000e+00,0.0000000000e+00,0.0000000000e+00
2206,3.7997195125e-01,-1.4430317283e-01,0.0000000000e+00,0.0000000000e+00,0.0000000000e+00
2207,3.7996059656e-01,-1.4430020750e-01,0.0000000000e+00,0.0000000000e+00,0.0000000000e+00
2208,3.7996777892e-01,-1.4430503547e-01,0.0000000000e+00,0.0000000000e+00,0.0000000000e+00
2209,3.7995496392e-01,-1.4429543912e-01,0.0000000000e+00,0.0000000000e+00,0.0000000000e+00
2210,3.7996271253e-01,-1.4430624247e-01,0.0000000000e+00,0.0000000000e+00,0.0000000000e+00
2211,3.7994971871e-01,-1.4429140091e-01,0.0000000000e+00,0.0000000000e+00,0.0000000000e+00
2212,3.7995752692e-01,-1.4430716634e-01,0.0000000000e+00,0.0000000000e+00,0.0000000000e+00
2213,3.7995496392e-01,-1.4429882169e-01,0.0000000000e+00,0.0000000000e+00,0.0000000000e+00
2214,3.7995338440e-01,-1.4430344105e-01,0.0000000000e+00,0.0000000000e+00,0.0000000000e+00
2215,3.7993958592e-01,-1.4429613948e-01,0.0000000000e+00,0.0000000000e+00,0.0000000000e+00
2216,3.7994936109e-01,-1.4429663122e-01,0.0000000000e+00,0.0000000000e+00,0.0000000000e+00
2217,3.7993305922e-01,-1.4429354668e-01,0.0000000000e+00,0.0000000000e+00,0.0000000000e+00
2218,3.7994405627e-01,-1.4429439604e-01,0.0000000000e+00,0.0000000000e+00,0.0000000000e+00
2219,3.7992885709e-01,-1.4429399371e-01,0.0000000000e+00,0.0000000000e+00,0.0000000000e+00
2220,3.7993735075e-01,-1.4429083467e-01,0.0000000000e+00,0.0000000000e+00,0.0000000000e+00
2221,3.7992602587e-01,-1.4429502189e-01,0.0000000000e+00,0.0000000000e+00,0.0000000000e+00
2222,3.7992915511e-01,-1.4428453147e-01,0.0000000000e+00,0.0000000000e+00,0.0000000000e+00
2223,3.7992301583e-01,-1.4429558814e-01,0.0000000000e+00,0.0000000000e+00,0.0000000000e+00
2224,3.7992361188e-01,-1.4428417385e-01,0.0000000000e+00,0.0000000000e+00,0.0000000000e+00
2225,3.7991714478e-01,-1.4429113269e-01,0.0000000000e+00,0.0000000000e+00,0.0000000000e+00
2226,3.7991991639e-01,-1.4428661764e-01,0.0000000000e+00,0.0000000000e+00,0.0000000000e+00
2227,3.7991112471e-01,-1.4428591728e-01,0.0000000000e+00,0.0000000000e+00,0.0000000000e+00
2228,3.7991550565e-01,-1.4428815246e-01,0.0000000000e+00,0.0000000000e+00,0.0000000000e+00
2229,3.7990555167e-01,-1.4428217709e-01,0.0000000000e+00,0.0000000000e+00,0.0000000000e+00
2230,3.7991046906e-01,-1.4428812265e-01,0.0000000000e+00,0.0000000000e+00,0.0000000000e+00
2231,3.7990093231e-01,-1.4427980781e-01,0.0000000000e+00,0.0000000000e+00,0.0000000000e+00
2232,3.7990525365e-01,-1.4428704977e-01,0.0000000000e+00,0.0000000000e+00,0.0000000000e+00
2233,3.7989467382e-01,-1.4427781105e-01,0.0000000000e+00,0.0000000000e+00,0.0000000000e+00
2234,3.7990304828e-01,-1.4428594708e-01,0.0000000000e+00,0.0000000000e+00,0.0000000000e+00
2235,3.7988603115e-01,-1.4427483082e-01,0.0000000000e+00,0.0000000000e+00,0.0000000000e+00
2236,3.7990126014e-01,-1.4428663254e-01,0.0000000000e+00,0.0000000000e+00,0.0000000000e+00
2237,3.7987855077e-01,-1.4427170157e-01,0.0000000000e+00,0.0000000000e+00,0.0000000000e+00
2238,3.7989714742e-01,-1.4428594708e-01,0.0000000000e+00,0.0000000000e+00,0.0000000000e+00
2239,3.7987288833e-01,-1.4427191019e-01,0.0000000000e+00,0.0000000000e+00,0.0000000000e+00
2240,3.7989079952e-01,-1.4428193867e-01,0.0000000000e+00,0.0000000000e+00,0.0000000000e+00
2241,3.7987089157e-01,-1.4427268505e-01,0.0000000000e+00,0.0000000000e+00,0.0000000000e+00
2242,3.7988242507e-01,-1.4427717030e-01,0.0000000000e+00,0.0000000000e+00,0.0000000000e+00
2243,3.7987521291e-01,-1.4427262545e-01,0.0000000000e+00,0.0000000000e+00,0.0000000000e+00
2244,3.7987506390e-01,-1.4427116513e-01,0.0000000000e+00,0.0000000000e+00,0.0000000000e+00
2245,3.7986534834e-01,-1.4427447319e-01,0.0000000000e+00,0.0000000000e+00,0.0000000000e+00
2246,3.7987008691e-01,-1.4427229762e-01,0.0000000000e+00,0.0000000000e+00,0.0000000000e+00
2247,3.7985885143e-01,-1.4427001774e-01,0.0000000000e+00,0.0000000000e+00,0.0000000000e+00
2248,3.7986594439e-01,-1.4427345991e-01,0.0000000000e+00,0.0000000000e+00,0.0000000000e+00
2249,3.7985303998e-01,-1.4426626265e-01,0.0000000000e+00,0.0000000000e+00,0.0000000000e+00
2250,3.7986049056e-01,-1.4427377284e-01,0.0000000000e+00,0.0000000000e+00,0.0000000000e+00
2251,3.7984862924e-01,-1.4426341653e-01,0.0000000000e+00,0.0000000000e+00,0.0000000000e+00
2252,3.7985479832e-01,-1.4427390695e-01,0.0000000000e+00,0.0000000000e+00,0.0000000000e+00
2253,3.7984254956e-01,-1.4426006377e-01,0.0000000000e+00,0.0000000000e+00,0.0000000000e+00
2254,3.7985280156e-01,-1.4427384734e-01,0.0000000000e+00,0.0000000000e+00,0.0000000000e+00
2255,3.7983438373e-01,-1.4425645769e-01,0.0000000000e+00,0.0000000000e+00,0.0000000000e+00
2256,3.7984994054e-01,-1.4427424967e-01,0.0000000000e+00,0.0000000000e+00,0.0000000000e+00
2257,3.7982752919e-01,-1.4425393939e-01,0.0000000000e+00,0.0000000000e+00,0.0000000000e+00
2258,3.7984535098e-01,-1.4427293837e-01,0.0000000000e+00,0.0000000000e+00,0.0000000000e+00
2259,3.7982302904e-01,-1.4425310493e-01,0.0000000000e+00,0.0000000000e+00,0.0000000000e+00
2260,3.7982636690e-01,-1.4426404238e-01,0.0000000000e+00,0.0000000000e+00,0.0000000000e+00
2261,3.7982064486e-01,-1.4425921440e-01,0.0000000000e+00,0.0000000000e+00,0.0000000000e+00
2262,3.7982776761e-01,-1.4425675571e-01,0.0000000000e+00,0.0000000000e+00,0.0000000000e+00
2263,3.7981873751e-01,-1.4426174760e-01,0.0000000000e+00,0.0000000000e+00,0.0000000000e+00
2264,3.7982308865e-01,-1.4425672591e-01,0.0000000000e+00,0.0000000000e+00,0.0000000000e+00
2265,3.7981379032e-01,-1.4425858855e-01,0.0000000000e+00,0.0000000000e+00,0.0000000000e+00
2266,3.7981837988e-01,-1.4425776899e-01,0.0000000000e+00,0.0000000000e+00,0.0000000000e+00
2267,3.7980836630e-01,-1.4425413311e-01,0.0000000000e+00,0.0000000000e+00,0.0000000000e+00
2268,3.7981325388e-01,-1.4425906539e-01,0.0000000000e+00,0.0000000000e+00,0.0000000000e+00
2269,3.7980279326e-01,-1.4425010979e-01,0.0000000000e+00,0.0000000000e+00,0.0000000000e+00
2270,3.7980866432e-01,-1.4425960183e-01,0.0000000000e+00,0.0000000000e+00,0.0000000000e+00
2271,3.7979710102e-01,-1.4424648881e-01,0.0000000000e+00,0.0000000000e+00,0.0000000000e+00
2272,3.7980461121e-01,-1.4426004887e-01,0.0000000000e+00,0.0000000000e+00,0.0000000000e+00
2273,3.7978997827e-01,-1.4424324036e-01,0.0000000000e+00,0.0000000000e+00,0.0000000000e+00
2274,3.7980100513e-01,-1.4426015317e-01,0.0000000000e+00,0.0000000000e+00,0.0000000000e+00
2275,3.7978199124e-01,-1.4424099028e-01,0.0000000000e+00,0.0000000000e+00,0.0000000000e+00
2276,3.7979859114e-01,-1.4425909519e-01,0.0000000000e+00,0.0000000000e+00,0.0000000000e+00
2277,3.7977582216e-01,-1.4423884451e-01,0.0000000000e+00,0.0000000000e+00,0.0000000000e+00
2278,3.7979355454e-01,-1.4425717294e-01,0.0000000000e+00,0.0000000000e+00,0.0000000000e+00
2279,3.7978523970e-01,-1.4424511790e-01,0.0000000000e+00,0.0000000000e+00,0.0000000000e+00
2280,3.7978500128e-01,-1.4424680173e-01,0.0000000000e+00,0.0000000000e+00,0.0000000000e+00
2281,3.7978217006e-01,-1.4425149560e-01,0.0000000000e+00,0.0000000000e+00,0.0000000000e+00
2282,3.7976828218e-01,-1.4424569905e-01,0.0000000000e+00,0.0000000000e+00,0.0000000000e+00
2283,3.7977522612e-01,-1.4424362779e-01,0.0000000000e+00,0.0000000000e+00,0.0000000000e+00
2284,3.7976357341e-01,-1.4424429834e-01,0.0000000000e+00,0.0000000000e+00,0.0000000000e+00
2285,3.7976980209e-01,-1.4424170554e-01,0.0000000000e+00,0.0000000000e+00,0.0000000000e+00
2286,3.7975788116e-01,-1.4424121380e-01,0.0000000000e+00,0.0000000000e+00,0.0000000000e+00
2287,3.7976440787e-01,-1.4424279332e-01,0.0000000000e+00,0.0000000000e+00,0.0000000000e+00
2288,3.7975308299e-01,-1.4423628151e-01,0.0000000000e+00,0.0000000000e+00,0.0000000000e+00
2289,3.7975975871e-01,-1.4424492419e-01,0.0000000000e+00,0.0000000000e+00,0.0000000000e+00
2290,3.7974780798e-01,-1.4423175156e-01,0.0000000000e+00,0.0000000000e+00,0.0000000000e+00
2291,3.7974527478e-01,-1.4423577487e-01,0.0000000000e+00,0.0000000000e+00,0.0000000000e+00
2292,3.7974277139e-01,-1.4422975481e-01,0.0000000000e+00,0.0000000000e+00,0.0000000000e+00
2293,3.7974932790e-01,-1.4423841238e-01,0.0000000000e+00,0.0000000000e+00,0.0000000000e+00
2294,3.7973642349e-01,-1.4423370361e-01,0.0000000000e+00,0.0000000000e+00,0.0000000000e+00
2295,3.7974566221e-01,-1.4423649013e-01,0.0000000000e+00,0.0000000000e+00,0.0000000000e+00
2296,3.7973043323e-01,-1.4423266053e-01,0.0000000000e+00,0.0000000000e+00,0.0000000000e+00
2297,3.7974080443e-01,-1.4423412085e-01,0.0000000000e+00,0.0000000000e+00,0.0000000000e+00
2298,3.7972611189e-01,-1.4423444867e-01,0.0000000000e+00,0.0000000000e+00,0.0000000000e+00
2299,3.7973415852e-01,-1.4422926307e-01,0.0000000000e+00,0.0000000000e+00,0.0000000000e+00
2300,3.7972205877e-01,-1.4423444867e-01,0.0000000000e+00,0.0000000000e+00,0.0000000000e+00
2301,3.7972757220e-01,-1.4422523975e-01,0.0000000000e+00,0.0000000000e+00,0.0000000000e+00
2302,3.7971797585e-01,-1.4423447847e-01,0.0000000000e+00,0.0000000000e+00,0.0000000000e+00
2303,3.7972149253e-01,-1.4422412217e-01,0.0000000000e+00,0.0000000000e+00,0.0000000000e+00
2304,3.7971344590e-01,-1.4423133433e-01,0.0000000000e+00,0.0000000000e+00,0.0000000000e+00
2305,3.7971597910e-01,-1.4422518015e-01,0.0000000000e+00,0.0000000000e+00,0.0000000000e+00
2306,3.7970811129e-01,-1.4422678947e-01,0.0000000000e+00,0.0000000000e+00,0.0000000000e+00
2307,3.7971100211e-01,-1.4422665536e-01,0.0000000000e+00,0.0000000000e+00,0.0000000000e+00
2308,3.7970301509e-01,-1.4422236383e-01,0.0000000000e+00,0.0000000000e+00,0.0000000000e+00
2309,3.7970533967e-01,-1.4422799647e-01,0.0000000000e+00,0.0000000000e+00,0.0000000000e+00
2310,3.7969788909e-01,-1.4421801269e-01,0.0000000000e+00,0.0000000000e+00,0.0000000000e+00
2311,3.7970072031e-01,-1.4422927797e-01,0.0000000000e+00,0.0000000000e+00,0.0000000000e+00
2312,3.7969142199e-01,-1.4421354234e-01,0.0000000000e+00,0.0000000000e+00,0.0000000000e+00
2313,3.7969580293e-01,-1.4423035085e-01,0.0000000000e+00,0.0000000000e+00,0.0000000000e+00
2314,3.7969255447e-01,-1.4421549439e-01,0.0000000000e+00,0.0000000000e+00,0.0000000000e+00
2315,3.7969431281e-01,-1.4423052967e-01,0.0000000000e+00,0.0000000000e+00,0.0000000000e+00
2316,3.7967500091e-01,-1.4421015978e-01,0.0000000000e+00,0.0000000000e+00,0.0000000000e+00
2317,3.7969270349e-01,-1.4422634244e-01,0.0000000000e+00,0.0000000000e+00,0.0000000000e+00
2318,3.7966820598e-01,-1.4421072602e-01,0.0000000000e+00,0.0000000000e+00,0.0000000000e+00
2319,3.7968724966e-01,-1.4422233403e-01,0.0000000000e+00,0.0000000000e+00,0.0000000000e+00
2320,3.7966477871e-01,-1.4421100914e-01,0.0000000000e+00,0.0000000000e+00,0.0000000000e+00
2321,3.7967976928e-01,-1.4421819150e-01,0.0000000000e+00,0.0000000000e+00,0.0000000000e+00
2322,3.7966236472e-01,-1.4421226084e-01,0.0000000000e+00,0.0000000000e+00,0.0000000000e+00
2323,3.7966412306e-01,-1.4421558380e-01,0.0000000000e+00,0.0000000000e+00,0.0000000000e+00
2324,3.7965920568e-01,-1.4421494305e-01,0.0000000000e+00,0.0000000000e+00,0.0000000000e+00
2325,3.7966483831e-01,-1.4421020448e-01,0.0000000000e+00,0.0000000000e+00,0.0000000000e+00
2326,3.7965473533e-01,-1.4421144128e-01,0.0000000000e+00,0.0000000000e+00,0.0000000000e+00
2327,3.7965983152e-01,-1.4421138167e-01,0.0000000000e+00,0.0000000000e+00,0.0000000000e+00
2328,3.7964946032e-01,-1.4420728385e-01,0.0000000000e+00,0.0000000000e+00,0.0000000000e+00
2329,3.7965464592e-01,-1.4421197772e-01,0.0000000000e+00,0.0000000000e+00,0.0000000000e+00
2330,3.7964469194e-01,-1.4420403540e-01,0.0000000000e+00,0.0000000000e+00,0.0000000000e+00
2331,3.7964892387e-01,-1.4421209693e-01,0.0000000000e+00,0.0000000000e+00,0.0000000000e+00
2332,3.7963953614e-01,-1.4420053363e-01,0.0000000000e+00,0.0000000000e+00,0.0000000000e+00
2333,3.7964430451e-01,-1.4421321452e-01,0.0000000000e+00,0.0000000000e+00,0.0000000000e+00
2334,3.7963271141e-01,-1.4419573545e-01,0.0000000000e+00,0.0000000000e+00,0.0000000000e+00
2335,3.7963056564e-01,-1.4420612156e-01,0.0000000000e+00,0.0000000000e+00,0.0000000000e+00
2336,3.7962466478e-01,-1.4419513941e-01,0.0000000000e+00,0.0000000000e+00,0.0000000000e+00
2337,3.7963798642e-01,-1.4420595765e-01,0.0000000000e+00,0.0000000000e+00,0.0000000000e+00
2338,3.7961843610e-01,-1.4419841766e-01,0.0000000000e+00,0.0000000000e+00,0.0000000000e+00
2339,3.7963268161e-01,-1.4420393109e-01,0.0000000000e+00,0.0000000000e+00,0.0000000000e+00
2340,3.7961485982e-01,-1.4419965446e-01,0.0000000000e+00,0.0000000000e+00,0.0000000000e+00
2341,3.7962546945e-01,-1.4420004189e-01,0.0000000000e+00,0.0000000000e+00,0.0000000000e+00
2342,3.7961176038e-01,-1.4420056343e-01,0.0000000000e+00,0.0000000000e+00,0.0000000000e+00
2343,3.7961837649e-01,-1.4419534802e-01,0.0000000000e+00,0.0000000000e+00,0.0000000000e+00
2344,3.7960693240e-01,-1.4419965446e-01,0.0000000000e+00,0.0000000000e+00,0.0000000000e+00
2345,3.7961339951e-01,-1.4419481158e-01,0.0000000000e+00,0.0000000000e+00,0.0000000000e+00
2346,3.7960174680e-01,-1.4419633150e-01,0.0000000000e+00,0.0000000000e+00,0.0000000000e+00
2347,3.7960830331e-01,-1.4419624209e-01,0.0000000000e+00,0.0000000000e+00,0.0000000000e+00
2348,3.7959676981e-01,-1.4419136941e-01,0.0000000000e+00,0.0000000000e+00,0.0000000000e+00
2349,3.7960308790e-01,-1.4419832826e-01,0.0000000000e+00,0.0000000000e+00,0.0000000000e+00
2350,3.7959134579e-01,-1.4418695867e-01,0.0000000000e+00,0.0000000000e+00,0.0000000000e+00
2351,3.7959823012e-01,-1.4419898391e-01,0.0000000000e+00,0.0000000000e+00,0.0000000000e+00
2352,3.7958547473e-01,-1.4418348670e-01,0.0000000000e+00,0.0000000000e+00,0.0000000000e+00
2353,3.7958404422e-01,-1.4418999851e-01,0.0000000000e+00,0.0000000000e+00,0.0000000000e+00
2354,3.7957996130e-01,-1.4418415725e-01,0.0000000000e+00,0.0000000000e+00,0.0000000000e+00
2355,3.7958699465e-01,-1.4418831468e-01,0.0000000000e+00,0.0000000000e+00,0.0000000000e+00
2356,3.7957394123e-01,-1.4418746531e-01,0.0000000000e+00,0.0000000000e+00,0.0000000000e+00
2357,3.7958371639e-01,-1.4418782294e-01,0.0000000000e+00,0.0000000000e+00,0.0000000000e+00
2358,3.7956836820e-01,-1.4418642223e-01,0.0000000000e+00,0.0000000000e+00,0.0000000000e+00
2359,3.7957817316e-01,-1.4418575168e-01,0.0000000000e+00,0.0000000000e+00,0.0000000000e+00
2360,3.7956470251e-01,-1.4418761432e-01,0.0000000000e+00,0.0000000000e+00,0.0000000000e+00
2361,3.7957021594e-01,-1.4418032765e-01,0.0000000000e+00,0.0000000000e+00,0.0000000000e+00
2362,3.7956190109e-01,-1.4418900013e-01,0.0000000000e+00,0.0000000000e+00,0.0000000000e+00
2363,3.7956219912e-01,-1.4417605102e-01,0.0000000000e+00,0.0000000000e+00,0.0000000000e+00
2364,3.7955766916e-01,-1.4418764412e-01,0.0000000000e+00,0.0000000000e+00,0.0000000000e+00
2365,3.7955832481e-01,-1.4417757094e-01,0.0000000000e+00,0.0000000000e+00,0.0000000000e+00
2366,3.7955084443e-01,-1.4418241382e-01,0.0000000000e+00,0.0000000000e+00,0.0000000000e+00
2367,3.7955382466e-01,-1.4417962730e-01,0.0000000000e+00,0.0000000000e+00,0.0000000000e+00
2368,3.7954503298e-01,-1.4417763054e-01,0.0000000000e+00,0.0000000000e+00,0.0000000000e+00
2369,3.7954899669e-01,-1.4418064058e-01,0.0000000000e+00,0.0000000000e+00,0.0000000000e+00
2370,3.7953999639e-01,-1.4417445660e-01,0.0000000000e+00,0.0000000000e+00,0.0000000000e+00
2371,3.7954309583e-01,-1.4417988062e-01,0.0000000000e+00,0.0000000000e+00,0.0000000000e+00
2372,3.7953516841e-01,-1.4417283237e-01,0.0000000000e+00,0.0000000000e+00,0.0000000000e+00
2373,3.7953862548e-01,-1.4417827129e-01,0.0000000000e+00,0.0000000000e+00,0.0000000000e+00
2374,3.7952756882e-01,-1.4417147636e-01,0.0000000000e+00,0.0000000000e+00,0.0000000000e+00
2375,3.7953683734e-01,-1.4417658746e-01,0.0000000000e+00,0.0000000000e+00,0.0000000000e+00
2376,3.7951838970e-01,-1.4416871965e-01,0.0000000000e+00,0.0000000000e+00,0.0000000000e+00
2377,3.7953481078e-01,-1.4417710900e-01,0.0000000000e+00,0.0000000000e+00,0.0000000000e+00
2378,3.7951114774e-01,-1.4416614175e-01,0.0000000000e+00,0.0000000000e+00,0.0000000000e+00
2379,3.7952977419e-01,-1.4417551458e-01,0.0000000000e+00,0.0000000000e+00,0.0000000000e+00
2380,3.7950733304e-01,-1.4416596293e-01,0.0000000000e+00,0.0000000000e+00,0.0000000000e+00
2381,3.7952172756e-01,-1.4417152107e-01,0.0000000000e+00,0.0000000000e+00,0.0000000000e+00
2382,3.7950536609e-01,-1.4416751266e-01,0.0000000000e+00,0.0000000000e+00,0.0000000000e+00
2383,3.7951338291e-01,-1.4416696131e-01,0.0000000000e+00,0.0000000000e+00,0.0000000000e+00
2384,3.7950244546e-01,-1.4416818321e-01,0.0000000000e+00,0.0000000000e+00,0.0000000000e+00
2385,3.7950205803e-01,-1.4416617155e-01,0.0000000000e+00,0.0000000000e+00,0.0000000000e+00
2386,3.7949717045e-01,-1.4416690171e-01,0.0000000000e+00,0.0000000000e+00,0.0000000000e+00
2387,3.7950262427e-01,-1.4416505396e-01,0.0000000000e+00,0.0000000000e+00,0.0000000000e+00
2388,3.7949031591e-01,-1.4416156709e-01,0.0000000000e+00,0.0000000000e+00,0.0000000000e+00
2389,3.7949872017e-01,-1.4416693151e-01,0.0000000000e+00,0.0000000000e+00,0.0000000000e+00
2390,3.7948480248e-01,-1.4415690303e-01,0.0000000000e+00,0.0000000000e+00,0.0000000000e+00
2391,3.7949293852e-01,-1.4416792989e-01,0.0000000000e+00,0.0000000000e+00,0.0000000000e+00
2392,3.7948012352e-01,-1.4415320754e-01,0.0000000000e+00,0.0000000000e+00,0.0000000000e+00
2393,3.7948778272e-01,-1.4416807890e-01,0.0000000000e+00,0.0000000000e+00,0.0000000000e+00
2394,3.7947422266e-01,-1.4414940774e-01,0.0000000000e+00,0.0000000000e+00,0.0000000000e+00
2395,3.7948346138e-01,-1.4416967332e-01,0.0000000000e+00,0.0000000000e+00,0.0000000000e+00
2396,3.7948068976e-01,-1.4415714145e-01,0.0000000000e+00,0.0000000000e+00,0.0000000000e+00
2397,3.7948080897e-01,-1.4416474104e-01,0.0000000000e+00,0.0000000000e+00,0.0000000000e+00
2398,3.7946119905e-01,-1.4415390790e-01,0.0000000000e+00,0.0000000000e+00,0.0000000000e+00
2399,3.7947508693e-01,-1.4415781200e-01,0.0000000000e+00,0.0000000000e+00,0.0000000000e+00
2400,3.7945646048e-01,-1.4415420592e-01,0.0000000000e+00,0.0000000000e+00,0.0000000000e+00
2401,3.7946718931e-01,-1.4415392280e-01,0.0000000000e+00,0.0000000000e+00,0.0000000000e+00
2402,3.7945434451e-01,-1.4415495098e-01,0.0000000000e+00,0.0000000000e+00,0.0000000000e+00
2403,3.7945869565e-01,-1.4414928854e-01,0.0000000000e+00,0.0000000000e+00,0.0000000000e+00
2404,3.7945097685e-01,-1.4415508509e-01,0.0000000000e+00,0.0000000000e+00,0.0000000000e+00
2405,3.7945339084e-01,-1.4414753020e-01,0.0000000000e+00,0.0000000000e+00,0.0000000000e+00
2406,3.7944442034e-01,-1.4415174723e-01,0.0000000000e+00,0.0000000000e+00,0.0000000000e+00
2407,3.7944933772e-01,-1.4414925873e-01,0.0000000000e+00,0.0000000000e+00,0.0000000000e+00
2408,3.7943860888e-01,-1.4414639771e-01,0.0000000000e+00,0.0000000000e+00,0.0000000000e+00
2409,3.7944462895e-01,-1.4415201545e-01,0.0000000000e+00,0.0000000000e+00,0.0000000000e+00
2410,3.7943318486e-01,-1.4414151013e-01,0.0000000000e+00,0.0000000000e+00,0.0000000000e+00
2411,3.7943941355e-01,-1.4415258169e-01,0.0000000000e+00,0.0000000000e+00,0.0000000000e+00
2412,3.7942776084e-01,-1.4413885772e-01,0.0000000000e+00,0.0000000000e+00,0.0000000000e+00
2413,3.7943428755e-01,-1.4415121078e-01,0.0000000000e+00,0.0000000000e+00,0.0000000000e+00
2414,3.7942120433e-01,-1.4413736761e-01,0.0000000000e+00,0.0000000000e+00,0.0000000000e+00
2415,3.7943062186e-01,-1.4415073395e-01,0.0000000000e+00,0.0000000000e+00,0.0000000000e+00
2416,3.7941369414e-01,-1.4413362741e-01,0.0000000000e+00,0.0000000000e+00,0.0000000000e+00
2417,3.7941378355e-01,-1.4414320886e-01,0.0000000000e+00,0.0000000000e+00,0.0000000000e+00
2418,3.7940847874e-01,-1.4413595200e-01,0.0000000000e+00,0.0000000000e+00,0.0000000000e+00
2419,3.7941896915e-01,-1.4413826168e-01,0.0000000000e+00,0.0000000000e+00,0.0000000000e+00
2420,3.7940555811e-01,-1.4414052665e-01,0.0000000000e+00,0.0000000000e+00,0.0000000000e+00
2421,3.7941190600e-01,-1.4413560927e-01,0.0000000000e+00,0.0000000000e+00,0.0000000000e+00
2422,3.7940356135e-01,-1.4414148033e-01,0.0000000000e+00,0.0000000000e+00,0.0000000000e+00
2423,3.7940278649e-01,-1.4413224161e-01,0.0000000000e+00,0.0000000000e+00,0.0000000000e+00
2424,3.7940171361e-01,-1.4414103329e-01,0.0000000000e+00,0.0000000000e+00,0.0000000000e+00
2425,3.7939766049e-01,-1.4413255453e-01,0.0000000000e+00,0.0000000000e+00,0.0000000000e+00
2426,3.7939378619e-01,-1.4413645864e-01,0.0000000000e+00,0.0000000000e+00,0.0000000000e+00
2427,3.7938788533e-01,-1.4413559437e-01,0.0000000000e+00,0.0000000000e+00,0.0000000000e+00
2428,3.7939414382e-01,-1.4413347840e-01,0.0000000000e+00,0.0000000000e+00,0.0000000000e+00
2429,3.7938222289e-01,-1.4413031936e-01,0.0000000000e+00,0.0000000000e+00,0.0000000000e+00
2430,3.7938839197e-01,-1.4413601160e-01,0.0000000000e+00,0.0000000000e+00,0.0000000000e+00
2431,3.7937727571e-01,-1.4412443340e-01,0.0000000000e+00,0.0000000000e+00,0.0000000000e+00
2432,3.7938418984e-01,-1.4413857460e-01,0.0000000000e+00,0.0000000000e+00,0.0000000000e+00
2433,3.7938028574e-01,-1.4413058758e-01,0.0000000000e+00,0.0000000000e+00,0.0000000000e+00
2434,3.7937942147e-01,-1.4413845539e-01,0.0000000000e+00,0.0000000000e+00,0.0000000000e+00
2435,3.7936544418e-01,-1.4412137866e-01,0.0000000000e+00,0.0000000000e+00,0.0000000000e+00
2436,3.7937602401e-01,-1.4413334429e-01,0.0000000000e+00,0.0000000000e+00,0.0000000000e+00
2437,3.7935775518e-01,-1.4412102103e-01,0.0000000000e+00,0.0000000000e+00,0.0000000000e+00
2438,3.7937200069e-01,-1.4413177967e-01,0.0000000000e+00,0.0000000000e+00,0.0000000000e+00
2439,3.7935122848e-01,-1.4411827922e-01,0.0000000000e+00,0.0000000000e+00,0.0000000000e+00
2440,3.7936741114e-01,-1.4413060248e-01,0.0000000000e+00,0.0000000000e+00,0.0000000000e+00
2441,3.7934622169e-01,-1.4411769807e-01,0.0000000000e+00,0.0000000000e+00,0.0000000000e+00
2442,3.7936106324e-01,-1.4412686229e-01,0.0000000000e+00,0.0000000000e+00,0.0000000000e+00
2443,3.7934279442e-01,-1.4411903918e-01,0.0000000000e+00,0.0000000000e+00,0.0000000000e+00
2444,3.7935227156e-01,-1.4412337542e-01,0.0000000000e+00,0.0000000000e+00,0.0000000000e+00
2445,3.7934571505e-01,-1.4411841333e-01,0.0000000000e+00,0.0000000000e+00,0.0000000000e+00
2446,3.7934526801e-01,-1.4411917329e-01,0.0000000000e+00,0.0000000000e+00,0.0000000000e+00
2447,3.7933611870e-01,-1.4411963522e-01,0.0000000000e+00,0.0000000000e+00,0.0000000000e+00
2448,3.7934044003e-01,-1.4411847293e-01,0.0000000000e+00,0.0000000000e+00,0.0000000000e+00
2449,3.7933015823e-01,-1.4411535859e-01,0.0000000000e+00,0.0000000000e+00,0.0000000000e+00
2450,3.7933641672e-01,-1.4412039518e-01,0.0000000000e+00,0.0000000000e+00,0.0000000000e+00
2451,3.7932401896e-01,-1.4411024749e-01,0.0000000000e+00,0.0000000000e+00,0.0000000000e+00
2452,3.7933081388e-01,-1.4412209392e-01,0.0000000000e+00,0.0000000000e+00,0.0000000000e+00
2453,3.7931936979e-01,-1.4410580695e-01,0.0000000000e+00,0.0000000000e+00,0.0000000000e+00
2454,3.7931665778e-01,-1.4411136508e-01,0.0000000000e+00,0.0000000000e+00,0.0000000000e+00
2455,3.7931430340e-01,-1.4410507679e-01,0.0000000000e+00,0.0000000000e+00,0.0000000000e+00
2456,3.7932085991e-01,-1.4411298931e-01,0.0000000000e+00,0.0000000000e+00,0.0000000000e+00
2457,3.7930697203e-01,-1.4411017299e-01,0.0000000000e+00,0.0000000000e+00,0.0000000000e+00
2458,3.7931668758e-01,-1.4411117136e-01,0.0000000000e+00,0.0000000000e+00,0.0000000000e+00
2459,3.7930127978e-01,-1.4410936832e-01,0.0000000000e+00,0.0000000000e+00,0.0000000000e+00
2460,3.7931147218e-01,-1.4410884678e-01,0.0000000000e+00,0.0000000000e+00,0.0000000000e+00
2461,3.7929660082e-01,-1.4410902560e-01,0.0000000000e+00,0.0000000000e+00,0.0000000000e+00
2462,3.7930473685e-01,-1.4410546422e-01,0.0000000000e+00,0.0000000000e+00,0.0000000000e+00
2463,3.7929347157e-01,-1.4411127567e-01,0.0000000000e+00,0.0000000000e+00,0.0000000000e+00
2464,3.7929680943e-01,-1.4409969747e-01,0.0000000000e+00,0.0000000000e+00,0.0000000000e+00
2465,3.7929010391e-01,-1.4411170781e-01,0.0000000000e+00,0.0000000000e+00,0.0000000000e+00
2466,3.7929037213e-01,-1.4409850538e-01,0.0000000000e+00,0.0000000000e+00,0.0000000000e+00
2467,3.7928545475e-01,-1.4410775900e-01,0.0000000000e+00,0.0000000000e+00,0.0000000000e+00
2468,3.7928518653e-01,-1.4410088956e-01,0.0000000000e+00,0.0000000000e+00,0.0000000000e+00
2469,3.7927904725e-01,-1.4410203695e-01,0.0000000000e+00,0.0000000000e+00,0.0000000000e+00
2470,3.7928125262e-01,-1.4410313964e-01,0.0000000000e+00,0.0000000000e+00,0.0000000000e+00
2471,3.7927308679e-01,-1.4409719408e-01,0.0000000000e+00,0.0000000000e+00,0.0000000000e+00
2472,3.7927597761e-01,-1.4410452545e-01,0.0000000000e+00,0.0000000000e+00,0.0000000000e+00
2473,3.7926808000e-01,-1.4409312606e-01,0.0000000000e+00,0.0000000000e+00,0.0000000000e+00
2474,3.7927067280e-01,-1.4410522580e-01,0.0000000000e+00,0.0000000000e+00,0.0000000000e+00
2475,3.7926200032e-01,-1.4408937097e-01,0.0000000000e+00,0.0000000000e+00,0.0000000000e+00
2476,3.7926676869e-01,-1.4410603046e-01,0.0000000000e+00,0.0000000000e+00,0.0000000000e+00
2477,3.7925490737e-01,-1.4408548176e-01,0.0000000000e+00,0.0000000000e+00,0.0000000000e+00
2478,3.7926483154e-01,-1.4410655200e-01,0.0000000000e+00,0.0000000000e+00,0.0000000000e+00
2479,3.7924528122e-01,-1.4408276975e-01,0.0000000000e+00,0.0000000000e+00,0.0000000000e+00
2480,3.7926328182e-01,-1.4410483837e-01,0.0000000000e+00,0.0000000000e+00,0.0000000000e+00
2481,3.7923699617e-01,-1.4408302307e-01,0.0000000000e+00,0.0000000000e+00,0.0000000000e+00
2482,3.7925800681e-01,-1.4410118759e-01,0.0000000000e+00,0.0000000000e+00,0.0000000000e+00
2483,3.7923410535e-01,-1.4408424497e-01,0.0000000000e+00,0.0000000000e+00,0.0000000000e+00
2484,3.7923878431e-01,-1.4409419894e-01,0.0000000000e+00,0.0000000000e+00,0.0000000000e+00
2485,3.7923336029e-01,-1.4409089088e-01,0.0000000000e+00,0.0000000000e+00,0.0000000000e+00
2486,3.7923923135e-01,-1.4408539236e-01,0.0000000000e+00,0.0000000000e+00,0.0000000000e+00
2487,3.7923029065e-01,-1.4409123361e-01,0.0000000000e+00,0.0000000000e+00,0.0000000000e+00
2488,3.7923428416e-01,-1.4408580959e-01,0.0000000000e+00,0.0000000000e+00,0.0000000000e+00
2489,3.7922486663e-01,-1.4408726990e-01,0.0000000000e+00,0.0000000000e+00,0.0000000000e+00
2490,3.7922939658e-01,-1.4408726990e-01,0.0000000000e+00,0.0000000000e+00,0.0000000000e+00
2491,3.7921938300e-01,-1.4408263564e-01,0.0000000000e+00,0.0000000000e+00,0.0000000000e+00
2492,3.7922355533e-01,-1.4408856630e-01,0.0000000000e+00,0.0000000000e+00,0.0000000000e+00
2493,3.7921473384e-01,-1.4407859743e-01,0.0000000000e+00,0.0000000000e+00,0.0000000000e+00
2494,3.7921842933e-01,-1.4408975840e-01,0.0000000000e+00,0.0000000000e+00,0.0000000000e+00
2495,3.7920877337e-01,-1.4407429099e-01,0.0000000000e+00,0.0000000000e+00,0.0000000000e+00
2496,3.7921407819e-01,-1.4409109950e-01,0.0000000000e+00,0.0000000000e+00,0.0000000000e+00
2497,3.7921154499e-01,-1.4407972991e-01,0.0000000000e+00,0.0000000000e+00,0.0000000000e+00
2498,3.7921237946e-01,-1.4408780634e-01,0.0000000000e+00,0.0000000000e+00,0.0000000000e+00
2499,3.7919458747e-01,-1.4407716691e-01,0.0000000000e+00,0.0000000000e+00,0.0000000000e+00
2500,3.7920752168e-01,-1.4408129454e-01,0.0000000000e+00,0.0000000000e+00,0.0000000000e+00
2501,3.7918877602e-01,-1.4407572150e-01,0.0000000000e+00,0.0000000000e+00,0.0000000000e+00
2502,3.7920108438e-01,-1.4407840371e-01,0.0000000000e+00,0.0000000000e+00,0.0000000000e+00
2503,3.7918519974e-01,-1.4407718182e-01,0.0000000000e+00,0.0000000000e+00,0.0000000000e+00
2504,3.7919360399e-01,-1.4407427609e-01,0.0000000000e+00,0.0000000000e+00,0.0000000000e+00
2505,3.7918210030e-01,-1.4407777786e-01,0.0000000000e+00,0.0000000000e+00,0.0000000000e+00
2506,3.7918683887e-01,-1.4407059550e-01,0.0000000000e+00,0.0000000000e+00,0.0000000000e+00
2507,3.7917718291e-01,-1.4407616854e-01,0.0000000000e+00,0.0000000000e+00,0.0000000000e+00
2508,3.7918165326e-01,-1.4407104254e-01,0.0000000000e+00,0.0000000000e+00,0.0000000000e+00
2509,3.7917175889e-01,-1.4407132566e-01,0.0000000000e+00,0.0000000000e+00,0.0000000000e+00
2510,3.7917628884e-01,-1.4407315850e-01,0.0000000000e+00,0.0000000000e+00,0.0000000000e+00
2511,3.7916591763e-01,-1.4406585693e-01,0.0000000000e+00,0.0000000000e+00,0.0000000000e+00
2512,3.7917146087e-01,-1.4407497644e-01,0.0000000000e+00,0.0000000000e+00,0.0000000000e+00
2513,3.7916076183e-01,-1.4406193793e-01,0.0000000000e+00,0.0000000000e+00,0.0000000000e+00
2514,3.7916612625e-01,-1.4407572150e-01,0.0000000000e+00,0.0000000000e+00,0.0000000000e+00
2515,3.7915548682e-01,-1.4405824244e-01,0.0000000000e+00,0.0000000000e+00,0.0000000000e+00
2516,3.7915259600e-01,-1.4406622946e-01,0.0000000000e+00,0.0000000000e+00,0.0000000000e+00
2517,3.7914806604e-01,-1.4405861497e-01,0.0000000000e+00,0.0000000000e+00,0.0000000000e+00
2518,3.7915742397e-01,-1.4406663179e-01,0.0000000000e+00,0.0000000000e+00,0.0000000000e+00
2519,3.7914142013e-01,-1.4406140149e-01,0.0000000000e+00,0.0000000000e+00,0.0000000000e+00
2520,3.7915405631e-01,-1.4406614006e-01,0.0000000000e+00,0.0000000000e+00,0.0000000000e+00
2521,3.7913593650e-01,-1.4406017959e-01,0.0000000000e+00,0.0000000000e+00,0.0000000000e+00
2522,3.7914836407e-01,-1.4406247437e-01,0.0000000000e+00,0.0000000000e+00,0.0000000000e+00
2523,3.7913200259e-01,-1.4406096935e-01,0.0000000000e+00,0.0000000000e+00,0.0000000000e+00
2524,3.7914088368e-01,-1.4405809343e-01,0.0000000000e+00,0.0000000000e+00,0.0000000000e+00
2525,3.7912878394e-01,-1.4406338334e-01,0.0000000000e+00,0.0000000000e+00,0.0000000000e+00
2526,3.7913429737e-01,-1.4405463636e-01,0.0000000000e+00,0.0000000000e+00,0.0000000000e+00
2527,3.7912401557e-01,-1.4406113327e-01,0.0000000000e+00,0.0000000000e+00,0.0000000000e+00
2528,3.7912884355e-01,-1.4405584335e-01,0.0000000000e+00,0.0000000000e+00,0.0000000000e+00
2529,3.7911853194e-01,-1.4405642450e-01,0.0000000000e+00,0.0000000000e+00,0.0000000000e+00
2530,3.7912395597e-01,-1.4405792952e-01,0.0000000000e+00,0.0000000000e+00,0.0000000000e+00
2531,3.7911295891e-01,-1.4405140281e-01,0.0000000000e+00,0.0000000000e+00,0.0000000000e+00
2532,3.7911942601e-01,-1.4405961335e-01,0.0000000000e+00,0.0000000000e+00,0.0000000000e+00
2533,3.7910750508e-01,-1.4404729009e-01,0.0000000000e+00,0.0000000000e+00,0.0000000000e+00
2534,3.7911355495e-01,-1.4406022429e-01,0.0000000000e+00,0.0000000000e+00,0.0000000000e+00
2535,3.7910255790e-01,-1.4404357970e-01,0.0000000000e+00,0.0000000000e+00,0.0000000000e+00
2536,3.7909984589e-01,-1.4405132830e-01,0.0000000000e+00,0.0000000000e+00,0.0000000000e+00
2537,3.7909504771e-01,-1.4404401183e-01,0.0000000000e+00,0.0000000000e+00,0.0000000000e+00
2538,3.7910488248e-01,-1.4405122399e-01,0.0000000000e+00,0.0000000000e+00,0.0000000000e+00
2539,3.7908831239e-01,-1.4404673874e-01,0.0000000000e+00,0.0000000000e+00,0.0000000000e+00
2540,3.7910139561e-01,-1.4405050874e-01,0.0000000000e+00,0.0000000000e+00,0.0000000000e+00
2541,3.7908309698e-01,-1.4404550195e-01,0.0000000000e+00,0.0000000000e+00,0.0000000000e+00
2542,3.7909555435e-01,-1.4404843748e-01,0.0000000000e+00,0.0000000000e+00,0.0000000000e+00
2543,3.7907946110e-01,-1.4404673874e-01,0.0000000000e+00,0.0000000000e+00,0.0000000000e+00
2544,3.7908798456e-01,-1.4404274523e-01,0.0000000000e+00,0.0000000000e+00,0.0000000000e+00
2545,3.7907627225e-01,-1.4404883981e-01,0.0000000000e+00,0.0000000000e+00,0.0000000000e+00
2546,3.7908136845e-01,-1.4403900504e-01,0.0000000000e+00,0.0000000000e+00,0.0000000000e+00
2547,3.7907156348e-01,-1.4404651523e-01,0.0000000000e+00,0.0000000000e+00,0.0000000000e+00
2548,3.7907594442e-01,-1.4404042065e-01,0.0000000000e+00,0.0000000000e+00,0.0000000000e+00
2549,3.7906605005e-01,-1.4404161274e-01,0.0000000000e+00,0.0000000000e+00,0.0000000000e+00
2550,3.7907111645e-01,-1.4404276013e-01,0.0000000000e+00,0.0000000000e+00,0.0000000000e+00
2551,3.7906050682e-01,-1.4403647184e-01,0.0000000000e+00,0.0000000000e+00,0.0000000000e+00
2552,3.7906673551e-01,-1.4404450357e-01,0.0000000000e+00,0.0000000000e+00,0.0000000000e+00
2553,3.7905508280e-01,-1.4403241873e-01,0.0000000000e+00,0.0000000000e+00,0.0000000000e+00
2554,3.7906083465e-01,-1.4404504001e-01,0.0000000000e+00,0.0000000000e+00,0.0000000000e+00
2555,3.7905007601e-01,-1.4402881265e-01,0.0000000000e+00,0.0000000000e+00,0.0000000000e+00
2556,3.7904733419e-01,-1.4403638244e-01,0.0000000000e+00,0.0000000000e+00,0.0000000000e+00
2557,3.7904256582e-01,-1.4402920008e-01,0.0000000000e+00,0.0000000000e+00,0.0000000000e+00
2558,3.7905219197e-01,-1.4403602481e-01,0.0000000000e+00,0.0000000000e+00,0.0000000000e+00
2559,3.7903586030e-01,-1.4403180778e-01,0.0000000000e+00,0.0000000000e+00,0.0000000000e+00
2560,3.7904870510e-01,-1.4403526485e-01,0.0000000000e+00,0.0000000000e+00,0.0000000000e+00
2561,3.7903046608e-01,-1.4403061569e-01,0.0000000000e+00,0.0000000000e+00,0.0000000000e+00
2562,3.7904268503e-01,-1.4403165877e-01,0.0000000000e+00,0.0000000000e+00,0.0000000000e+00
2563,3.7902686000e-01,-1.4403128624e-01,0.0000000000e+00,0.0000000000e+00,0.0000000000e+00
2564,3.7903508544e-01,-1.4402733743e-01,0.0000000000e+00,0.0000000000e+00,0.0000000000e+00
2565,3.7902379036e-01,-1.4403374493e-01,0.0000000000e+00,0.0000000000e+00,0.0000000000e+00
2566,3.7902843952e-01,-1.4402391016e-01,0.0000000000e+00,0.0000000000e+00,0.0000000000e+00
2567,3.7901923060e-01,-1.4403201640e-01,0.0000000000e+00,0.0000000000e+00,0.0000000000e+00
2568,3.7902340293e-01,-1.4402510226e-01,0.0000000000e+00,0.0000000000e+00,0.0000000000e+00
2569,3.7901359797e-01,-1.4402668178e-01,0.0000000000e+00,0.0000000000e+00,0.0000000000e+00
2570,3.7901845574e-01,-1.4402741194e-01,0.0000000000e+00,0.0000000000e+00,0.0000000000e+00
2571,3.7900739908e-01,-1.4402140677e-01,0.0000000000e+00,0.0000000000e+00,0.0000000000e+00
2572,3.7901383638e-01,-1.4402887225e-01,0.0000000000e+00,0.0000000000e+00,0.0000000000e+00
2573,3.7900254130e-01,-1.4401787519e-01,0.0000000000e+00,0.0000000000e+00,0.0000000000e+00
2574,3.7900784612e-01,-1.4402928948e-01,0.0000000000e+00,0.0000000000e+00,0.0000000000e+00
2575,3.7899714708e-01,-1.4401455224e-01,0.0000000000e+00,0.0000000000e+00,0.0000000000e+00
2576,3.7900340557e-01,-1.4402997494e-01,0.0000000000e+00,0.0000000000e+00,0.0000000000e+00
2577,3.7899073958e-01,-1.4401023090e-01,0.0000000000e+00,0.0000000000e+00,0.0000000000e+00
2578,3.7898811698e-01,-1.4402055740e-01,0.0000000000e+00,0.0000000000e+00,0.0000000000e+00
2579,3.7898260355e-01,-1.4401149750e-01,0.0000000000e+00,0.0000000000e+00,0.0000000000e+00
2580,3.7899580598e-01,-1.4401891828e-01,0.0000000000e+00,0.0000000000e+00,0.0000000000e+00
2581,3.7897759676e-01,-1.4401575923e-01,0.0000000000e+00,0.0000000000e+00,0.0000000000e+00
2582,3.7899050117e-01,-1.4401766658e-01,0.0000000000e+00,0.0000000000e+00,0.0000000000e+00
2583,3.7897443771e-01,-1.4401674271e-01,0.0000000000e+00,0.0000000000e+00,0.0000000000e+00
2584,3.7898251414e-01,-1.4401303232e-01,0.0000000000e+00,0.0000000000e+00,0.0000000000e+00
2585,3.7897208333e-01,-1.4401784539e-01,0.0000000000e+00,0.0000000000e+00,0.0000000000e+00
2586,3.7897515297e-01,-1.4400982857e-01,0.0000000000e+00,0.0000000000e+00,0.0000000000e+00
2587,3.7896728516e-01,-1.4401637018e-01,0.0000000000e+00,0.0000000000e+00,0.0000000000e+00
2588,3.7897101045e-01,-1.4401035011e-01,0.0000000000e+00,0.0000000000e+00,0.0000000000e+00
2589,3.7896087766e-01,-1.4401155710e-01,0.0000000000e+00,0.0000000000e+00,0.0000000000e+00
2590,3.7896636128e-01,-1.4401260018e-01,0.0000000000e+00,0.0000000000e+00,0.0000000000e+00
2591,3.7895539403e-01,-1.4400628209e-01,0.0000000000e+00,0.0000000000e+00,0.0000000000e+00
2592,3.7896150351e-01,-1.4401426911e-01,0.0000000000e+00,0.0000000000e+00,0.0000000000e+00
2593,3.7894999981e-01,-1.4400281012e-01,0.0000000000e+00,0.0000000000e+00,0.0000000000e+00
2594,3.7895643711e-01,-1.4401367307e-01,0.0000000000e+00,0.0000000000e+00,0.0000000000e+00
2595,3.7894433737e-01,-1.4400120080e-01,0.0000000000e+00,0.0000000000e+00,0.0000000000e+00
2596,3.7895211577e-01,-1.4401188493e-01,0.0000000000e+00,0.0000000000e+00,0.0000000000e+00
2597,3.7893739343e-01,-1.4399862289e-01,0.0000000000e+00,0.0000000000e+00,0.0000000000e+00
2598,3.7894922495e-01,-1.4401280880e-01,0.0000000000e+00,0.0000000000e+00,0.0000000000e+00
2599,3.7892928720e-01,-1.4399443567e-01,0.0000000000e+00,0.0000000000e+00,0.0000000000e+00
2600,3.7893110514e-01,-1.4400488138e-01,0.0000000000e+00,0.0000000000e+00,0.0000000000e+00
2601,3.7892526388e-01,-1.4399830997e-01,0.0000000000e+00,0.0000000000e+00,0.0000000000e+00
2602,3.7893503904e-01,-1.4399912953e-01,0.0000000000e+00,0.0000000000e+00,0.0000000000e+00
2603,3.7892457843e-01,-1.4400389791e-01,0.0000000000e+00,0.0000000000e+00,0.0000000000e+00
2604,3.7892767787e-01,-1.4399650693e-01,0.0000000000e+00,0.0000000000e+00,0.0000000000e+00
2605,3.7892216444e-01,-1.4400321245e-01,0.0000000000e+00,0.0000000000e+00,0.0000000000e+00
2606,3.7892070413e-01,-1.4399538934e-01,0.0000000000e+00,0.0000000000e+00,0.0000000000e+00
2607,3.7891778350e-01,-1.4400030673e-01,0.0000000000e+00,0.0000000000e+00,0.0000000000e+00
2608,3.7891626358e-01,-1.4399625361e-01,0.0000000000e+00,0.0000000000e+00,0.0000000000e+00
2609,3.7891030312e-01,-1.4399600029e-01,0.0000000000e+00,0.0000000000e+00,0.0000000000e+00
2610,3.7890526652e-01,-1.4399574697e-01,0.0000000000e+00,0.0000000000e+00,0.0000000000e+00
2611,3.7891167402e-01,-1.4399755001e-01,0.0000000000e+00,0.0000000000e+00,0.0000000000e+00
2612,3.7889969349e-01,-1.4398936927e-01,0.0000000000e+00,0.0000000000e+00,0.0000000000e+00
2613,3.7890630960e-01,-1.4399985969e-01,0.0000000000e+00,0.0000000000e+00,0.0000000000e+00
2614,3.7889620662e-01,-1.4398515224e-01,0.0000000000e+00,0.0000000000e+00,0.0000000000e+00
2615,3.7889513373e-01,-1.4399403334e-01,0.0000000000e+00,0.0000000000e+00,0.0000000000e+00
2616,3.7889251113e-01,-1.4398334920e-01,0.0000000000e+00,0.0000000000e+00,0.0000000000e+00
2617,3.7889033556e-01,-1.4399588108e-01,0.0000000000e+00,0.0000000000e+00,0.0000000000e+00
2618,3.7889167666e-01,-1.4398431778e-01,0.0000000000e+00,0.0000000000e+00,0.0000000000e+00
2619,3.7888264656e-01,-1.4399285614e-01,0.0000000000e+00,0.0000000000e+00,0.0000000000e+00
2620,3.7888813019e-01,-1.4398391545e-01,0.0000000000e+00,0.0000000000e+00,0.0000000000e+00
2621,3.7887707353e-01,-1.4399145544e-01,0.0000000000e+00,0.0000000000e+00,0.0000000000e+00
2622,3.7888276577e-01,-1.4398252964e-01,0.0000000000e+00,0.0000000000e+00,0.0000000000e+00
2623,3.7888664007e-01,-1.4399577677e-01,0.0000000000e+00,0.0000000000e+00,0.0000000000e+00
2624,3.7886431813e-01,-1.4398214221e-01,0.0000000000e+00,0.0000000000e+00,0.0000000000e+00
2625,3.7887901068e-01,-1.4398711920e-01,0.0000000000e+00,0.0000000000e+00,0.0000000000e+00
2626,3.7886196375e-01,-1.4398318529e-01,0.0000000000e+00,0.0000000000e+00,0.0000000000e+00
2627,3.7887081504e-01,-1.4398199320e-01,0.0000000000e+00,0.0000000000e+00,0.0000000000e+00
2628,3.7885951996e-01,-1.4398403466e-01,0.0000000000e+00,0.0000000000e+00,0.0000000000e+00
2629,3.7886273861e-01,-1.4397972822e-01,0.0000000000e+00,0.0000000000e+00,0.0000000000e+00
2630,3.7885954976e-01,-1.4398127794e-01,0.0000000000e+00,0.0000000000e+00,0.0000000000e+00
2631,3.7885367870e-01,-1.4397807419e-01,0.0000000000e+00,0.0000000000e+00,0.0000000000e+00
2632,3.7885573506e-01,-1.4398166537e-01,0.0000000000e+00,0.0000000000e+00,0.0000000000e+00
2633,3.7884718180e-01,-1.4397531748e-01,0.0000000000e+00,0.0000000000e+00,0.0000000000e+00
2634,3.7885054946e-01,-1.4398032427e-01,0.0000000000e+00,0.0000000000e+00,0.0000000000e+00
2635,3.7884983420e-01,-1.4398649335e-01,0.0000000000e+00,0.0000000000e+00,0.0000000000e+00
2636,3.7883836031e-01,-1.4396692812e-01,0.0000000000e+00,0.0000000000e+00,0.0000000000e+00
2637,3.7884464860e-01,-1.4398588240e-01,0.0000000000e+00,0.0000000000e+00,0.0000000000e+00
2638,3.7883356214e-01,-1.4396460354e-01,0.0000000000e+00,0.0000000000e+00,0.0000000000e+00
2639,3.7883901596e-01,-1.4398397505e-01,0.0000000000e+00,0.0000000000e+00,0.0000000000e+00
2640,3.7882792950e-01,-1.4396302402e-01,0.0000000000e+00,0.0000000000e+00,0.0000000000e+00
2641,3.7883457541e-01,-1.4398266375e-01,0.0000000000e+00,0.0000000000e+00,0.0000000000e+00
2642,3.7882065773e-01,-1.4396065474e-01,0.0000000000e+00,0.0000000000e+00,0.0000000000e+00
2643,3.7881982327e-01,-1.4397510886e-01,0.0000000000e+00,0.0000000000e+00,0.0000000000e+00
2644,3.7881180644e-01,-1.4396283031e-01,0.0000000000e+00,0.0000000000e+00,0.0000000000e+00
2645,3.7882792950e-01,-1.4396940172e-01,0.0000000000e+00,0.0000000000e+00,0.0000000000e+00
2646,3.7880840898e-01,-1.4396919310e-01,0.0000000000e+00,0.0000000000e+00,0.0000000000e+00
2647,3.7882080674e-01,-1.4396604896e-01,0.0000000000e+00,0.0000000000e+00,0.0000000000e+00
2648,3.7880668044e-01,-1.4397150278e-01,0.0000000000e+00,0.0000000000e+00,0.0000000000e+00
2649,3.7881207466e-01,-1.4396061003e-01,0.0000000000e+00,0.0000000000e+00,0.0000000000e+00
2650,3.7880456448e-01,-1.4397202432e-01,0.0000000000e+00,0.0000000000e+00,0.0000000000e+00
2651,3.7880507112e-01,-1.4395894110e-01,0.0000000000e+00,0.0000000000e+00,0.0000000000e+00
2652,3.7879881263e-01,-1.4396835864e-01,0.0000000000e+00,0.0000000000e+00,0.0000000000e+00
2653,3.7880191207e-01,-1.4396110177e-01,0.0000000000e+00,0.0000000000e+00,0.0000000000e+00
2654,3.7879195809e-01,-1.4396257699e-01,0.0000000000e+00,0.0000000000e+00,0.0000000000e+00
2655,3.7879762053e-01,-1.4396433532e-01,0.0000000000e+00,0.0000000000e+00,0.0000000000e+00
2656,3.7878632545e-01,-1.4395600557e-01,0.0000000000e+00,0.0000000000e+00,0.0000000000e+00
2657,3.7879213691e-01,-1.4396685362e-01,0.0000000000e+00,0.0000000000e+00,0.0000000000e+00
2658,3.7878140807e-01,-1.4395152032e-01,0.0000000000e+00,0.0000000000e+00,0.0000000000e+00
2659,3.7878698111e-01,-1.4396730065e-01,0.0000000000e+00,0.0000000000e+00,0.0000000000e+00
2660,3.7877559662e-01,-1.4394879341e-01,0.0000000000e+00,0.0000000000e+00,0.0000000000e+00
2661,3.7878310680e-01,-1.4396716654e-01,0.0000000000e+00,0.0000000000e+00,0.0000000000e+00
2662,3.7878069282e-01,-1.4395734668e-01,0.0000000000e+00,0.0000000000e+00,0.0000000000e+00
2663,3.7878057361e-01,-1.4396251738e-01,0.0000000000e+00,0.0000000000e+00,0.0000000000e+00
2664,3.7876412272e-01,-1.4395526052e-01,0.0000000000e+00,0.0000000000e+00,0.0000000000e+00
2665,3.7877482176e-01,-1.4395494759e-01,0.0000000000e+00,0.0000000000e+00,0.0000000000e+00
2666,3.7875893712e-01,-1.4395402372e-01,0.0000000000e+00,0.0000000000e+00,0.0000000000e+00
2667,3.7876737118e-01,-1.4395037293e-01,0.0000000000e+00,0.0000000000e+00,0.0000000000e+00
2668,3.7875694036e-01,-1.4395634830e-01,0.0000000000e+00,0.0000000000e+00,0.0000000000e+00
2669,3.7875890732e-01,-1.4394615591e-01,0.0000000000e+00,0.0000000000e+00,0.0000000000e+00
2670,3.7875556946e-01,-1.4395739138e-01,0.0000000000e+00,0.0000000000e+00,0.0000000000e+00
2671,3.7875235081e-01,-1.4394424856e-01,0.0000000000e+00,0.0000000000e+00,0.0000000000e+00
2672,3.7874820828e-01,-1.4395324886e-01,0.0000000000e+00,0.0000000000e+00,0.0000000000e+00
2673,3.7874996662e-01,-1.4394620061e-01,0.0000000000e+00,0.0000000000e+00,0.0000000000e+00
2674,3.7874114513e-01,-1.4394801855e-01,0.0000000000e+00,0.0000000000e+00,0.0000000000e+00
2675,3.7874561548e-01,-1.4394846559e-01,0.0000000000e+00,0.0000000000e+00,0.0000000000e+00
2676,3.7873610854e-01,-1.4394350350e-01,0.0000000000e+00,0.0000000000e+00,0.0000000000e+00
2677,3.7874010205e-01,-1.4394894242e-01,0.0000000000e+00,0.0000000000e+00,0.0000000000e+00
2678,3.7873145938e-01,-1.4394144714e-01,0.0000000000e+00,0.0000000000e+00,0.0000000000e+00
2679,3.7873479724e-01,-1.4394663274e-01,0.0000000000e+00,0.0000000000e+00,0.0000000000e+00
2680,3.7872588634e-01,-1.4394132793e-01,0.0000000000e+00,0.0000000000e+00,0.0000000000e+00
2681,3.7873080373e-01,-1.4394252002e-01,0.0000000000e+00,0.0000000000e+00,0.0000000000e+00
2682,3.7871810794e-01,-1.4394026995e-01,0.0000000000e+00,0.0000000000e+00,0.0000000000e+00
2683,3.7872940302e-01,-1.4394298196e-01,0.0000000000e+00,0.0000000000e+00,0.0000000000e+00
2684,3.7870970368e-01,-1.4393731952e-01,0.0000000000e+00,0.0000000000e+00,0.0000000000e+00
2685,3.7872663140e-01,-1.4394274354e-01,0.0000000000e+00,0.0000000000e+00,0.0000000000e+00
2686,3.7870401144e-01,-1.4393566549e-01,0.0000000000e+00,0.0000000000e+00,0.0000000000e+00
2687,3.7872034311e-01,-1.4393846691e-01,0.0000000000e+00,0.0000000000e+00,0.0000000000e+00
2688,3.7870165706e-01,-1.4393760264e-01,0.0000000000e+00,0.0000000000e+00,0.0000000000e+00
2689,3.7871161103e-01,-1.4393438399e-01,0.0000000000e+00,0.0000000000e+00,0.0000000000e+00
2690,3.7870004773e-01,-1.4394029975e-01,0.0000000000e+00,0.0000000000e+00,0.0000000000e+00
2691,3.7870401144e-01,-1.4392946661e-01,0.0000000000e+00,0.0000000000e+00,0.0000000000e+00
2692,3.7869557738e-01,-1.4393965900e-01,0.0000000000e+00,0.0000000000e+00,0.0000000000e+00
2693,3.7869983912e-01,-1.4393006265e-01,0.0000000000e+00,0.0000000000e+00,0.0000000000e+00
2694,3.7868911028e-01,-1.4393389225e-01,0.0000000000e+00,0.0000000000e+00,0.0000000000e+00
2695,3.7869569659e-01,-1.4393372834e-01,0.0000000000e+00,0.0000000000e+00,0.0000000000e+00
2696,3.7868386507e-01,-1.4392670989e-01,0.0000000000e+00,0.0000000000e+00,0.0000000000e+00
2697,3.7869003415e-01,-1.4393772185e-01,0.0000000000e+00,0.0000000000e+00,0.0000000000e+00
2698,3.7867984176e-01,-1.4392058551e-01,0.0000000000e+00,0.0000000000e+00,0.0000000000e+00
2699,3.7867689133e-01,-1.4392797649e-01,0.0000000000e+00,0.0000000000e+00,0.0000000000e+00
2700,3.7867346406e-01,-1.4391838014e-01,0.0000000000e+00,0.0000000000e+00,0.0000000000e+00
2701,3.7868162990e-01,-1.4393407106e-01,0.0000000000e+00,0.0000000000e+00,0.0000000000e+00
2702,3.7866565585e-01,-1.4391887188e-01,0.0000000000e+00,0.0000000000e+00,0.0000000000e+00
2703,3.7868022919e-01,-1.4393353462e-01,0.0000000000e+00,0.0000000000e+00,0.0000000000e+00
2704,3.7865808606e-01,-1.4391702414e-01,0.0000000000e+00,0.0000000000e+00,0.0000000000e+00
2705,3.7867629528e-01,-1.4393296838e-01,0.0000000000e+00,0.0000000000e+00,0.0000000000e+00
2706,3.7865316868e-01,-1.4391601086e-01,0.0000000000e+00,0.0000000000e+00,0.0000000000e+00
2707,3.7866944075e-01,-1.4392954111e-01,0.0000000000e+00,0.0000000000e+00,0.0000000000e+00
2708,3.7865078449e-01,-1.4391782880e-01,0.0000000000e+00,0.0000000000e+00,0.0000000000e+00
2709,3.7866115570e-01,-1.4392416179e-01,0.0000000000e+00,0.0000000000e+00,0.0000000000e+00
2710,3.7864917517e-01,-1.4391994476e-01,0.0000000000e+00,0.0000000000e+00,0.0000000000e+00
2711,3.7864801288e-01,-1.4392092824e-01,0.0000000000e+00,0.0000000000e+00,0.0000000000e+00
2712,3.7864476442e-01,-1.4392091334e-01,0.0000000000e+00,0.0000000000e+00,0.0000000000e+00
2713,3.7864845991e-01,-1.4391852915e-01,0.0000000000e+00,0.0000000000e+00,0.0000000000e+00
2714,3.7863889337e-01,-1.4391691983e-01,0.0000000000e+00,0.0000000000e+00,0.0000000000e+00
2715,3.7864479423e-01,-1.4391940832e-01,0.0000000000e+00,0.0000000000e+00,0.0000000000e+00
2716,3.7863337994e-01,-1.4391322434e-01,0.0000000000e+00,0.0000000000e+00,0.0000000000e+00
2717,3.7863969803e-01,-1.4391976595e-01,0.0000000000e+00,0.0000000000e+00,0.0000000000e+00
2718,3.7862884998e-01,-1.4391064644e-01,0.0000000000e+00,0.0000000000e+00,0.0000000000e+00
2719,3.7863385677e-01,-1.4391952753e-01,0.0000000000e+00,0.0000000000e+00,0.0000000000e+00
2720,3.7862351537e-01,-1.4390759170e-01,0.0000000000e+00,0.0000000000e+00,0.0000000000e+00
2721,3.7863102555e-01,-1.4391945302e-01,0.0000000000e+00,0.0000000000e+00,0.0000000000e+00
2722,3.7861561775e-01,-1.4390385151e-01,0.0000000000e+00,0.0000000000e+00,0.0000000000e+00
2723,3.7862846255e-01,-1.4392045140e-01,0.0000000000e+00,0.0000000000e+00,0.0000000000e+00
2724,3.7860840559e-01,-1.4390072227e-01,0.0000000000e+00,0.0000000000e+00,0.0000000000e+00
2725,3.7862482667e-01,-1.4391970634e-01,0.0000000000e+00,0.0000000000e+00,0.0000000000e+00
2726,3.7860280275e-01,-1.4389945567e-01,0.0000000000e+00,0.0000000000e+00,0.0000000000e+00
2727,3.7862074375e-01,-1.4391635358e-01,0.0000000000e+00,0.0000000000e+00,0.0000000000e+00
2728,3.7861105800e-01,-1.4390514791e-01,0.0000000000e+00,0.0000000000e+00,0.0000000000e+00
2729,3.7861055136e-01,-1.4390565455e-01,0.0000000000e+00,0.0000000000e+00,0.0000000000e+00
2730,3.7860849500e-01,-1.4391024411e-01,0.0000000000e+00,0.0000000000e+00,0.0000000000e+00
2731,3.7859672308e-01,-1.4390833676e-01,0.0000000000e+00,0.0000000000e+00,0.0000000000e+00
2732,3.7860125303e-01,-1.4390170574e-01,0.0000000000e+00,0.0000000000e+00,0.0000000000e+00
2733,3.7859138846e-01,-1.4390632510e-01,0.0000000000e+00,0.0000000000e+00,0.0000000000e+00
2734,3.7859591842e-01,-1.4390192926e-01,0.0000000000e+00,0.0000000000e+00,0.0000000000e+00
2735,3.7858557701e-01,-1.4390173554e-01,0.0000000000e+00,0.0000000000e+00,0.0000000000e+00
2736,3.7859150767e-01,-1.4390386641e-01,0.0000000000e+00,0.0000000000e+00,0.0000000000e+00
2737,3.7858057022e-01,-1.4389692247e-01,0.0000000000e+00,0.0000000000e+00,0.0000000000e+00
2738,3.7858688831e-01,-1.4390550554e-01,0.0000000000e+00,0.0000000000e+00,0.0000000000e+00
2739,3.7857493758e-01,-1.4389249682e-01,0.0000000000e+00,0.0000000000e+00,0.0000000000e+00
2740,3.7857380509e-01,-1.4389893413e-01,0.0000000000e+00,0.0000000000e+00,0.0000000000e+00
2741,3.7856996059e-01,-1.4389011264e-01,0.0000000000e+00,0.0000000000e+00,0.0000000000e+00
2742,3.7857827544e-01,-1.4390243590e-01,0.0000000000e+00,0.0000000000e+00,0.0000000000e+00
2743,3.7856236100e-01,-1.4389029145e-01,0.0000000000e+00,0.0000000000e+00,0.0000000000e+00
2744,3.7857559323e-01,-1.4390203357e-01,0.0000000000e+00,0.0000000000e+00,0.0000000000e+00
2745,3.7855616212e-01,-1.4388860762e-01,0.0000000000e+00,0.0000000000e+00,0.0000000000e+00
2746,3.7857177854e-01,-1.4389897883e-01,0.0000000000e+00,0.0000000000e+00,0.0000000000e+00
2747,3.7855136395e-01,-1.4388933778e-01,0.0000000000e+00,0.0000000000e+00,0.0000000000e+00
2748,3.7856504321e-01,-1.4389540255e-01,0.0000000000e+00,0.0000000000e+00,0.0000000000e+00
2749,3.7854802608e-01,-1.4389069378e-01,0.0000000000e+00,0.0000000000e+00,0.0000000000e+00
2750,3.7855836749e-01,-1.4389155805e-01,0.0000000000e+00,0.0000000000e+00,0.0000000000e+00
2751,3.7854486704e-01,-1.4389064908e-01,0.0000000000e+00,0.0000000000e+00,0.0000000000e+00
2752,3.7854519486e-01,-1.4389058948e-01,0.0000000000e+00,0.0000000000e+00,0.0000000000e+00
2753,3.7854135036e-01,-1.4389014244e-01,0.0000000000e+00,0.0000000000e+00,0.0000000000e+00
2754,3.7854602933e-01,-1.4388884604e-01,0.0000000000e+00,0.0000000000e+00,0.0000000000e+00
2755,3.7853565812e-01,-1.4388564229e-01,0.0000000000e+00,0.0000000000e+00,0.0000000000e+00
2756,3.7854197621e-01,-1.4388993382e-01,0.0000000000e+00,0.0000000000e+00,0.0000000000e+00
2757,3.7853050232e-01,-1.4388209581e-01,0.0000000000e+00,0.0000000000e+00,0.0000000000e+00
2758,3.7853673100e-01,-1.4388988912e-01,0.0000000000e+00,0.0000000000e+00,0.0000000000e+00
2759,3.7852597237e-01,-1.4387978613e-01,0.0000000000e+00,0.0000000000e+00,0.0000000000e+00
2760,3.7853139639e-01,-1.4388944209e-01,0.0000000000e+00,0.0000000000e+00,0.0000000000e+00
2761,3.7852075696e-01,-1.4387659729e-01,0.0000000000e+00,0.0000000000e+00,0.0000000000e+00
2762,3.7852847576e-01,-1.4388971031e-01,0.0000000000e+00,0.0000000000e+00,0.0000000000e+00
2763,3.7851303816e-01,-1.4387288690e-01,0.0000000000e+00,0.0000000000e+00,0.0000000000e+00
2764,3.7852564454e-01,-1.4389079809e-01,0.0000000000e+00,0.0000000000e+00,0.0000000000e+00
2765,3.7850627303e-01,-1.4386966825e-01,0.0000000000e+00,0.0000000000e+00,0.0000000000e+00
2766,3.7852346897e-01,-1.4388935268e-01,0.0000000000e+00,0.0000000000e+00,0.0000000000e+00
2767,3.7849828601e-01,-1.4387010038e-01,0.0000000000e+00,0.0000000000e+00,0.0000000000e+00
2768,3.7851852179e-01,-1.4388611913e-01,0.0000000000e+00,0.0000000000e+00,0.0000000000e+00
2769,3.7849518657e-01,-1.4387030900e-01,0.0000000000e+00,0.0000000000e+00,0.0000000000e+00
2770,3.7849923968e-01,-1.4387921989e-01,0.0000000000e+00,0.0000000000e+00,0.0000000000e+00
2771,3.7849494815e-01,-1.4387771487e-01,0.0000000000e+00,0.0000000000e+00,0.0000000000e+00
2772,3.7849897146e-01,-1.4387103915e-01,0.0000000000e+00,0.0000000000e+00,0.0000000000e+00
2773,3.7849259377e-01,-1.4387671649e-01,0.0000000000e+00,0.0000000000e+00,0.0000000000e+00
2774,3.7849563360e-01,-1.4387260377e-01,0.0000000000e+00,0.0000000000e+00,0.0000000000e+00
2775,3.7848728895e-01,-1.4387263358e-01,0.0000000000e+00,0.0000000000e+00,0.0000000000e+00
2776,3.7849110365e-01,-1.4387351274e-01,0.0000000000e+00,0.0000000000e+00,0.0000000000e+00
2777,3.7848260999e-01,-1.4386928082e-01,0.0000000000e+00,0.0000000000e+00,0.0000000000e+00
2778,3.7848550081e-01,-1.4387351274e-01,0.0000000000e+00,0.0000000000e+00,0.0000000000e+00
2779,3.7847816944e-01,-1.4386679232e-01,0.0000000000e+00,0.0000000000e+00,0.0000000000e+00
2780,3.7848088145e-01,-1.4387275279e-01,0.0000000000e+00,0.0000000000e+00,0.0000000000e+00
2781,3.7847167253e-01,-1.4386475086e-01,0.0000000000e+00,0.0000000000e+00,0.0000000000e+00
2782,3.7847843766e-01,-1.4387150109e-01,0.0000000000e+00,0.0000000000e+00,0.0000000000e+00
2783,3.7846392393e-01,-1.4386358857e-01,0.0000000000e+00,0.0000000000e+00,0.0000000000e+00
2784,3.7847593427e-01,-1.4387042820e-01,0.0000000000e+00,0.0000000000e+00,0.0000000000e+00
2785,3.7845724821e-01,-1.4386139810e-01,0.0000000000e+00,0.0000000000e+00,0.0000000000e+00
2786,3.7847223878e-01,-1.4386716485e-01,0.0000000000e+00,0.0000000000e+00,0.0000000000e+00
2787,3.7845239043e-01,-1.4386190474e-01,0.0000000000e+00,0.0000000000e+00,0.0000000000e+00
2788,3.7846577168e-01,-1.4386428893e-01,0.0000000000e+00,0.0000000000e+00,0.0000000000e+00
2789,3.7844964862e-01,-1.4386264980e-01,0.0000000000e+00,0.0000000000e+00,0.0000000000e+00
2790,3.7845855951e-01,-1.4386098087e-01,0.0000000000e+00,0.0000000000e+00,0.0000000000e+00
2791,3.7844642997e-01,-1.4386351407e-01,0.0000000000e+00,0.0000000000e+00,0.0000000000e+00
2792,3.7845239043e-01,-1.4385868609e-01,0.0000000000e+00,0.0000000000e+00,0.0000000000e+00
2793,3.7844246626e-01,-1.4386054873e-01,0.0000000000e+00,0.0000000000e+00,0.0000000000e+00
2794,3.7844690681e-01,-1.4385929704e-01,0.0000000000e+00,0.0000000000e+00,0.0000000000e+00
2795,3.7844401598e-01,-1.4385960996e-01,0.0000000000e+00,0.0000000000e+00,0.0000000000e+00
2796,3.7844359875e-01,-1.4386139810e-01,0.0000000000e+00,0.0000000000e+00,0.0000000000e+00
2797,3.7843197584e-01,-1.4385254681e-01,0.0000000000e+00,0.0000000000e+00,0.0000000000e+00
2798,3.7843874097e-01,-1.4386132360e-01,0.0000000000e+00,0.0000000000e+00,0.0000000000e+00
2799,3.7842655182e-01,-1.4384937286e-01,0.0000000000e+00,0.0000000000e+00,0.0000000000e+00
2800,3.7843427062e-01,-1.4386026561e-01,0.0000000000e+00,0.0000000000e+00,0.0000000000e+00
2801,3.7842038274e-01,-1.4384838939e-01,0.0000000000e+00,0.0000000000e+00,0.0000000000e+00
2802,3.7843108177e-01,-1.4385764301e-01,0.0000000000e+00,0.0000000000e+00,0.0000000000e+00
2803,3.7841358781e-01,-1.4384856820e-01,0.0000000000e+00,0.0000000000e+00,0.0000000000e+00
2804,3.7842810154e-01,-1.4385645092e-01,0.0000000000e+00,0.0000000000e+00,0.0000000000e+00
2805,3.7840694189e-01,-1.4384548366e-01,0.0000000000e+00,0.0000000000e+00,0.0000000000e+00
2806,3.7842488289e-01,-1.4385610819e-01,0.0000000000e+00,0.0000000000e+00,0.0000000000e+00
2807,3.7840169668e-01,-1.4384363592e-01,0.0000000000e+00,0.0000000000e+00,0.0000000000e+00
2808,3.7841898203e-01,-1.4385378361e-01,0.0000000000e+00,0.0000000000e+00,0.0000000000e+00
2809,3.7839818001e-01,-1.4384549856e-01,0.0000000000e+00,0.0000000000e+00,0.0000000000e+00
2810,3.7841182947e-01,-1.4384903014e-01,0.0000000000e+00,0.0000000000e+00,0.0000000000e+00
2811,3.7839567661e-01,-1.4384679496e-01,0.0000000000e+00,0.0000000000e+00,0.0000000000e+00
2812,3.7840473652e-01,-1.4384566247e-01,0.0000000000e+00,0.0000000000e+00,0.0000000000e+00
2813,3.7839317322e-01,-1.4384488761e-01,0.0000000000e+00,0.0000000000e+00,0.0000000000e+00
2814,3.7839111686e-01,-1.4384348691e-01,0.0000000000e+00,0.0000000000e+00,0.0000000000e+00
2815,3.7838855386e-01,-1.4384208620e-01,0.0000000000e+00,0.0000000000e+00,0.0000000000e+00
2816,3.7838616967e-01,-1.4384049177e-01,0.0000000000e+00,0.0000000000e+00,0.0000000000e+00
2817,3.7839138508e-01,-1.4384511113e-01,0.0000000000e+00,0.0000000000e+00,0.0000000000e+00
2818,3.7838074565e-01,-1.4383623004e-01,0.0000000000e+00,0.0000000000e+00,0.0000000000e+00
2819,3.7838831544e-01,-1.4384701848e-01,0.0000000000e+00,0.0000000000e+00,0.0000000000e+00
2820,3.7837460637e-01,-1.4383287728e-01,0.0000000000e+00,0.0000000000e+00,0.0000000000e+00
2821,3.7838399410e-01,-1.4384670556e-01,0.0000000000e+00,0.0000000000e+00,0.0000000000e+00
2822,3.7836900353e-01,-1.4383158088e-01,0.0000000000e+00,0.0000000000e+00,0.0000000000e+00
2823,3.7838050723e-01,-1.4384411275e-01,0.0000000000e+00,0.0000000000e+00,0.0000000000e+00
2824,3.7836235762e-01,-1.4383108914e-01,0.0000000000e+00,0.0000000000e+00,0.0000000000e+00
2825,3.7837767601e-01,-1.4384299517e-01,0.0000000000e+00,0.0000000000e+00,0.0000000000e+00
2826,3.7835723162e-01,-1.4382730424e-01,0.0000000000e+00,0.0000000000e+00,0.0000000000e+00
2827,3.7837085128e-01,-1.4384369552e-01,0.0000000000e+00,0.0000000000e+00,0.0000000000e+00
2828,3.7836572528e-01,-1.4383234084e-01,0.0000000000e+00,0.0000000000e+00,0.0000000000e+00
2829,3.7836697698e-01,-1.4383679628e-01,0.0000000000e+00,0.0000000000e+00,0.0000000000e+00
2830,3.7835159898e-01,-1.4383469522e-01,0.0000000000e+00,0.0000000000e+00,0.0000000000e+00
2831,3.7835851312e-01,-1.4383031428e-01,0.0000000000e+00,0.0000000000e+00,0.0000000000e+00
2832,3.7834838033e-01,-1.4383366704e-01,0.0000000000e+00,0.0000000000e+00,0.0000000000e+00
2833,3.7835142016e-01,-1.4382793009e-01,0.0000000000e+00,0.0000000000e+00,0.0000000000e+00
2834,3.7834456563e-01,-1.4383164048e-01,0.0000000000e+00,0.0000000000e+00,0.0000000000e+00
2835,3.7834650278e-01,-1.4382825792e-01,0.0000000000e+00,0.0000000000e+00,0.0000000000e+00
2836,3.7833920121e-01,-1.4382743835e-01,0.0000000000e+00,0.0000000000e+00,0.0000000000e+00
2837,3.7834292650e-01,-1.4382988214e-01,0.0000000000e+00,0.0000000000e+00,0.0000000000e+00
2838,3.7833270431e-01,-1.4382253587e-01,0.0000000000e+00,0.0000000000e+00,0.0000000000e+00
2839,3.7834027410e-01,-1.4383183420e-01,0.0000000000e+00,0.0000000000e+00,0.0000000000e+00
2840,3.7832638621e-01,-1.4381784201e-01,0.0000000000e+00,0.0000000000e+00,0.0000000000e+00
2841,3.7833651900e-01,-1.4383259416e-01,0.0000000000e+00,0.0000000000e+00,0.0000000000e+00
2842,3.7832009792e-01,-1.4381566644e-01,0.0000000000e+00,0.0000000000e+00,0.0000000000e+00
2843,3.7833318114e-01,-1.4383040369e-01,0.0000000000e+00,0.0000000000e+00,0.0000000000e+00
2844,3.7831360102e-01,-1.4381615818e-01,0.0000000000e+00,0.0000000000e+00,0.0000000000e+00
2845,3.7832972407e-01,-1.4382791519e-01,0.0000000000e+00,0.0000000000e+00,0.0000000000e+00
2846,3.7830796838e-01,-1.4381466806e-01,0.0000000000e+00,0.0000000000e+00,0.0000000000e+00
2847,3.7832546234e-01,-1.4382645488e-01,0.0000000000e+00,0.0000000000e+00,0.0000000000e+00
2848,3.7831768394e-01,-1.4381808043e-01,0.0000000000e+00,0.0000000000e+00,0.0000000000e+00
2849,3.7831643224e-01,-1.4381839335e-01,0.0000000000e+00,0.0000000000e+00,0.0000000000e+00
2850,3.7831488252e-01,-1.4381894469e-01,0.0000000000e+00,0.0000000000e+00,0.0000000000e+00
2851,3.7830641866e-01,-1.4382165670e-01,0.0000000000e+00,0.0000000000e+00,0.0000000000e+00
2852,3.7830254436e-01,-1.4381279051e-01,0.0000000000e+00,0.0000000000e+00,0.0000000000e+00
2853,3.7830239534e-01,-1.4381863177e-01,0.0000000000e+00,0.0000000000e+00,0.0000000000e+00
2854,3.7829798460e-01,-1.4381265640e-01,0.0000000000e+00,0.0000000000e+00,0.0000000000e+00
2855,3.7829720974e-01,-1.4381606877e-01,0.0000000000e+00,0.0000000000e+00,0.0000000000e+00
2856,3.7829378247e-01,-1.4381235838e-01,0.0000000000e+00,0.0000000000e+00,0.0000000000e+00
2857,3.7829738855e-01,-1.4381338656e-01,0.0000000000e+00,0.0000000000e+00,0.0000000000e+00
2858,3.7828612328e-01,-1.4381031692e-01,0.0000000000e+00,0.0000000000e+00,0.0000000000e+00
2859,3.7829139829e-01,-1.4381498098e-01,0.0000000000e+00,0.0000000000e+00,0.0000000000e+00
2860,3.7827968597e-01,-1.4380539954e-01,0.0000000000e+00,0.0000000000e+00,0.0000000000e+00
2861,3.7828758359e-01,-1.4381714165e-01,0.0000000000e+00,0.0000000000e+00,0.0000000000e+00
2862,3.7827605009e-01,-1.4380060136e-01,0.0000000000e+00,0.0000000000e+00,0.0000000000e+00
2863,3.7828144431e-01,-1.4381839335e-01,0.0000000000e+00,0.0000000000e+00,0.0000000000e+00
2864,3.7827885151e-01,-1.4380566776e-01,0.0000000000e+00,0.0000000000e+00,0.0000000000e+00
2865,3.7827691436e-01,-1.4381752908e-01,0.0000000000e+00,0.0000000000e+00,0.0000000000e+00
2866,3.7826260924e-01,-1.4379586279e-01,0.0000000000e+00,0.0000000000e+00,0.0000000000e+00
2867,3.7827783823e-01,-1.4381513000e-01,0.0000000000e+00,0.0000000000e+00,0.0000000000e+00
2868,3.7825542688e-01,-1.4379665256e-01,0.0000000000e+00,0.0000000000e+00,0.0000000000e+00
2869,3.7827384472e-01,-1.4381018281e-01,0.0000000000e+00,0.0000000000e+00,0.0000000000e+00
2870,3.7825173140e-01,-1.4379803836e-01,0.0000000000e+00,0.0000000000e+00,0.0000000000e+00
2871,3.7826728821e-01,-1.4380671084e-01,0.0000000000e+00,0.0000000000e+00,0.0000000000e+00
2872,3.7824857235e-01,-1.4379911125e-01,0.0000000000e+00,0.0000000000e+00,0.0000000000e+00
2873,3.7825143337e-01,-1.4380468428e-01,0.0000000000e+00,0.0000000000e+00,0.0000000000e+00
2874,3.7824729085e-01,-1.4380216599e-01,0.0000000000e+00,0.0000000000e+00,0.0000000000e+00
2875,3.7825161219e-01,-1.4379628003e-01,0.0000000000e+00,0.0000000000e+00,0.0000000000e+00
2876,3.7824472785e-01,-1.4380122721e-01,0.0000000000e+00,0.0000000000e+00,0.0000000000e+00
2877,3.7824660540e-01,-1.4379778504e-01,0.0000000000e+00,0.0000000000e+00,0.0000000000e+00
2878,3.7824016809e-01,-1.4379712939e-01,0.0000000000e+00,0.0000000000e+00,0.0000000000e+00
2879,3.7824210525e-01,-1.4379858971e-01,0.0000000000e+00,0.0000000000e+00,0.0000000000e+00
2880,3.7823557854e-01,-1.4379370213e-01,0.0000000000e+00,0.0000000000e+00,0.0000000000e+00
2881,3.7823677063e-01,-1.4379885793e-01,0.0000000000e+00,0.0000000000e+00,0.0000000000e+00
2882,3.7823122740e-01,-1.4379069209e-01,0.0000000000e+00,0.0000000000e+00,0.0000000000e+00
2883,3.7823256850e-01,-1.4379897714e-01,0.0000000000e+00,0.0000000000e+00,0.0000000000e+00
2884,3.7822487950e-01,-1.4378747344e-01,0.0000000000e+00,0.0000000000e+00,0.0000000000e+00
2885,3.7823060155e-01,-1.4379917085e-01,0.0000000000e+00,0.0000000000e+00,0.0000000000e+00
2886,3.7821730971e-01,-1.4378538728e-01,0.0000000000e+00,0.0000000000e+00,0.0000000000e+00
2887,3.7822869420e-01,-1.4379711449e-01,0.0000000000e+00,0.0000000000e+00,0.0000000000e+00
2888,3.7821063399e-01,-1.4378625154e-01,0.0000000000e+00,0.0000000000e+00,0.0000000000e+00
2889,3.7822499871e-01,-1.4379189909e-01,0.0000000000e+00,0.0000000000e+00,0.0000000000e+00
2890,3.7820625305e-01,-1.4378768206e-01,0.0000000000e+00,0.0000000000e+00,0.0000000000e+00
2891,3.7821909785e-01,-1.4378844202e-01,0.0000000000e+00,0.0000000000e+00,0.0000000000e+00
2892,3.7820318341e-01,-1.4378866553e-01,0.0000000000e+00,0.0000000000e+00,0.0000000000e+00
2893,3.7821272016e-01,-1.4378638566e-01,0.0000000000e+00,0.0000000000e+00,0.0000000000e+00
2894,3.7820059061e-01,-1.4378680289e-01,0.0000000000e+00,0.0000000000e+00,0.0000000000e+00
2895,3.7820431590e-01,-1.4378602803e-01,0.0000000000e+00,0.0000000000e+00,0.0000000000e+00
2896,3.7819939852e-01,-1.4378508925e-01,0.0000000000e+00,0.0000000000e+00,0.0000000000e+00
2897,3.7819772959e-01,-1.4378339052e-01,0.0000000000e+00,0.0000000000e+00,0.0000000000e+00
2898,3.7819612026e-01,-1.4378416538e-01,0.0000000000e+00,0.0000000000e+00,0.0000000000e+00
2899,3.7819281220e-01,-1.4378187060e-01,0.0000000000e+00,0.0000000000e+00,0.0000000000e+00
2900,3.7818711996e-01,-1.4377962053e-01,0.0000000000e+00,0.0000000000e+00,0.0000000000e+00
2901,3.7819331884e-01,-1.4378480613e-01,0.0000000000e+00,0.0000000000e+00,0.0000000000e+00
2902,3.7818136811e-01,-1.4377570152e-01,0.0000000000e+00,0.0000000000e+00,0.0000000000e+00
2903,3.7818935513e-01,-1.4378575981e-01,0.0000000000e+00,0.0000000000e+00,0.0000000000e+00
2904,3.7817636132e-01,-1.4377140999e-01,0.0000000000e+00,0.0000000000e+00,0.0000000000e+00
2905,3.7818533182e-01,-1.4378774166e-01,0.0000000000e+00,0.0000000000e+00,0.0000000000e+00
2906,3.7817096710e-01,-1.4376623929e-01,0.0000000000e+00,0.0000000000e+00,0.0000000000e+00
2907,3.7816968560e-01,-1.4377886057e-01,0.0000000000e+00,0.0000000000e+00,0.0000000000e+00
2908,3.7816408277e-01,-1.4376628399e-01,0.0000000000e+00,0.0000000000e+00,0.0000000000e+00
2909,3.7818008661e-01,-1.4378024638e-01,0.0000000000e+00,0.0000000000e+00,0.0000000000e+00
2910,3.7815746665e-01,-1.4376953244e-01,0.0000000000e+00,0.0000000000e+00,0.0000000000e+00
2911,3.7817564607e-01,-1.4377851784e-01,0.0000000000e+00,0.0000000000e+00,0.0000000000e+00
2912,3.7815427780e-01,-1.4377140999e-01,0.0000000000e+00,0.0000000000e+00,0.0000000000e+00
2913,3.7816888094e-01,-1.4377401769e-01,0.0000000000e+00,0.0000000000e+00,0.0000000000e+00
2914,3.7815260887e-01,-1.4377199113e-01,0.0000000000e+00,0.0000000000e+00,0.0000000000e+00
2915,3.7816128135e-01,-1.4376862347e-01,0.0000000000e+00,0.0000000000e+00,0.0000000000e+00
2916,3.7815022469e-01,-1.4377351105e-01,0.0000000000e+00,0.0000000000e+00,0.0000000000e+00
2917,3.7815526128e-01,-1.4376634359e-01,0.0000000000e+00,0.0000000000e+00,0.0000000000e+00
2918,3.7814661860e-01,-1.4377169311e-01,0.0000000000e+00,0.0000000000e+00,0.0000000000e+00
2919,3.7814983726e-01,-1.4376690984e-01,0.0000000000e+00,0.0000000000e+00,0.0000000000e+00
2920,3.7814176083e-01,-1.4376708865e-01,0.0000000000e+00,0.0000000000e+00,0.0000000000e+00
2921,3.7814652920e-01,-1.4376953244e-01,0.0000000000e+00,0.0000000000e+00,0.0000000000e+00
2922,3.7813577056e-01,-1.4376129210e-01,0.0000000000e+00,0.0000000000e+00,0.0000000000e+00
2923,3.7814253569e-01,-1.4377173781e-01,0.0000000000e+00,0.0000000000e+00,0.0000000000e+00
2924,3.7813153863e-01,-1.4375697076e-01,0.0000000000e+00,0.0000000000e+00,0.0000000000e+00
2925,3.7813776731e-01,-1.4377300441e-01,0.0000000000e+00,0.0000000000e+00,0.0000000000e+00
2926,3.7813630700e-01,-1.4376597106e-01,0.0000000000e+00,0.0000000000e+00,0.0000000000e+00
2927,3.7813419104e-01,-1.4377047122e-01,0.0000000000e+00,0.0000000000e+00,0.0000000000e+00
2928,3.7812110782e-01,-1.4376027882e-01,0.0000000000e+00,0.0000000000e+00,0.0000000000e+00
2929,3.7813153863e-01,-1.4376418293e-01,0.0000000000e+00,0.0000000000e+00,0.0000000000e+00
2930,3.7811490893e-01,-1.4375784993e-01,0.0000000000e+00,0.0000000000e+00,0.0000000000e+00
2931,3.7812718749e-01,-1.4376194775e-01,0.0000000000e+00,0.0000000000e+00,0.0000000000e+00
2932,3.7811100483e-01,-1.4375910163e-01,0.0000000000e+00,0.0000000000e+00,0.0000000000e+00
2933,3.7812122703e-01,-1.4375771582e-01,0.0000000000e+00,0.0000000000e+00,0.0000000000e+00
2934,3.7810891867e-01,-1.4376103878e-01,0.0000000000e+00,0.0000000000e+00,0.0000000000e+00
2935,3.7811404467e-01,-1.4375174046e-01,0.0000000000e+00,0.0000000000e+00,0.0000000000e+00
2936,3.7810608745e-01,-1.4376229048e-01,0.0000000000e+00,0.0000000000e+00,0.0000000000e+00
2937,3.7810885906e-01,-1.4374949038e-01,0.0000000000e+00,0.0000000000e+00,0.0000000000e+00
2938,3.7810119987e-01,-1.4375893772e-01,0.0000000000e+00,0.0000000000e+00,0.0000000000e+00
2939,3.7810486555e-01,-1.4375157654e-01,0.0000000000e+00,0.0000000000e+00,0.0000000000e+00
2940,3.7809628248e-01,-1.4375382662e-01,0.0000000000e+00,0.0000000000e+00,0.0000000000e+00
2941,3.7810066342e-01,-1.4375375211e-01,0.0000000000e+00,0.0000000000e+00,0.0000000000e+00
2942,3.7809157372e-01,-1.4374917746e-01,0.0000000000e+00,0.0000000000e+00,0.0000000000e+00
2943,3.7809598446e-01,-1.4375470579e-01,0.0000000000e+00,0.0000000000e+00,0.0000000000e+00
2944,3.7808769941e-01,-1.4374607801e-01,0.0000000000e+00,0.0000000000e+00,0.0000000000e+00
2945,3.7809118629e-01,-1.4375495911e-01,0.0000000000e+00,0.0000000000e+00,0.0000000000e+00
2946,3.7808221579e-01,-1.4374285936e-01,0.0000000000e+00,0.0000000000e+00,0.0000000000e+00
2947,3.7808871269e-01,-1.4375589788e-01,0.0000000000e+00,0.0000000000e+00,0.0000000000e+00
2948,3.7807548046e-01,-1.4373853803e-01,0.0000000000e+00,0.0000000000e+00,0.0000000000e+00
2949,3.7808677554e-01,-1.4375749230e-01,0.0000000000e+00,0.0000000000e+00,0.0000000000e+00
2950,3.7806886435e-01,-1.4373455942e-01,0.0000000000e+00,0.0000000000e+00,0.0000000000e+00
2951,3.7808573246e-01,-1.4375743270e-01,0.0000000000e+00,0.0000000000e+00,0.0000000000e+00
2952,3.7806060910e-01,-1.4373351634e-01,0.0000000000e+00,0.0000000000e+00,0.0000000000e+00
2953,3.7808129191e-01,-1.4375454187e-01,0.0000000000e+00,0.0000000000e+00,0.0000000000e+00
2954,3.7805849314e-01,-1.4373454452e-01,0.0000000000e+00,0.0000000000e+00,0.0000000000e+00
2955,3.7806209922e-01,-1.4374485612e-01,0.0000000000e+00,0.0000000000e+00,0.0000000000e+00
2956,3.7805819511e-01,-1.4374318719e-01,0.0000000000e+00,0.0000000000e+00,0.0000000000e+00
2957,3.7806242704e-01,-1.4373643696e-01,0.0000000000e+00,0.0000000000e+00,0.0000000000e+00
2958,3.7805670500e-01,-1.4374327660e-01,0.0000000000e+00,0.0000000000e+00,0.0000000000e+00
2959,3.7805935740e-01,-1.4373824000e-01,0.0000000000e+00,0.0000000000e+00,0.0000000000e+00
2960,3.7805199623e-01,-1.4373941720e-01,0.0000000000e+00,0.0000000000e+00,0.0000000000e+00
2961,3.7805542350e-01,-1.4373926818e-01,0.0000000000e+00,0.0000000000e+00,0.0000000000e+00
2962,3.7804806232e-01,-1.4373610914e-01,0.0000000000e+00,0.0000000000e+00,0.0000000000e+00
2963,3.7804999948e-01,-1.4373922348e-01,0.0000000000e+00,0.0000000000e+00,0.0000000000e+00
2964,3.7804394960e-01,-1.4373375475e-01,0.0000000000e+00,0.0000000000e+00,0.0000000000e+00
2965,3.7804624438e-01,-1.4373828471e-01,0.0000000000e+00,0.0000000000e+00,0.0000000000e+00
2966,3.7803784013e-01,-1.4373233914e-01,0.0000000000e+00,0.0000000000e+00,0.0000000000e+00
2967,3.7804403901e-01,-1.4373543859e-01,0.0000000000e+00,0.0000000000e+00,0.0000000000e+00
2968,3.7803098559e-01,-1.4373131096e-01,0.0000000000e+00,0.0000000000e+00,0.0000000000e+00
2969,3.7804195285e-01,-1.4373506606e-01,0.0000000000e+00,0.0000000000e+00,0.0000000000e+00
2970,3.7802466750e-01,-1.4372976124e-01,0.0000000000e+00,0.0000000000e+00,0.0000000000e+00
2971,3.7803855538e-01,-1.4373338223e-01,0.0000000000e+00,0.0000000000e+00,0.0000000000e+00
2972,3.7802046537e-01,-1.4372934401e-01,0.0000000000e+00,0.0000000000e+00,0.0000000000e+00
2973,3.7803271413e-01,-1.4373025298e-01,0.0000000000e+00,0.0000000000e+00,0.0000000000e+00
2974,3.7801846862e-01,-1.4373147488e-01,0.0000000000e+00,0.0000000000e+00,0.0000000000e+00
2975,3.7802585959e-01,-1.4372591674e-01,0.0000000000e+00,0.0000000000e+00,0.0000000000e+00
2976,3.7801629305e-01,-1.4373198152e-01,0.0000000000e+00,0.0000000000e+00,0.0000000000e+00
2977,3.7801951170e-01,-1.4372281730e-01,0.0000000000e+00,0.0000000000e+00,0.0000000000e+00
2978,3.7801250815e-01,-1.4372998476e-01,0.0000000000e+00,0.0000000000e+00,0.0000000000e+00
2979,3.7801536918e-01,-1.4372348785e-01,0.0000000000e+00,0.0000000000e+00,0.0000000000e+00
2980,3.7800702453e-01,-1.4372509718e-01,0.0000000000e+00,0.0000000000e+00,0.0000000000e+00
2981,3.7801203132e-01,-1.4372593164e-01,0.0000000000e+00,0.0000000000e+00,0.0000000000e+00
2982,3.7800216675e-01,-1.4371995628e-01,0.0000000000e+00,0.0000000000e+00,0.0000000000e+00
2983,3.7800750136e-01,-1.4372813702e-01,0.0000000000e+00,0.0000000000e+00,0.0000000000e+00
2984,3.7799811363e-01,-1.4371506870e-01,0.0000000000e+00,0.0000000000e+00,0.0000000000e+00
2985,3.7800285220e-01,-1.4373001456e-01,0.0000000000e+00,0.0000000000e+00,0.0000000000e+00
2986,3.7799990177e-01,-1.4371721447e-01,0.0000000000e+00,0.0000000000e+00,0.0000000000e+00
2987,3.7799894810e-01,-1.4373005927e-01,0.0000000000e+00,0.0000000000e+00,0.0000000000e+00
2988,3.7798541784e-01,-1.4370897412e-01,0.0000000000e+00,0.0000000000e+00,0.0000000000e+00
2989,3.7799987197e-01,-1.4372962713e-01,0.0000000000e+00,0.0000000000e+00,0.0000000000e+00
2990,3.7797713280e-01,-1.4370705187e-01,0.0000000000e+00,0.0000000000e+00,0.0000000000e+00
2991,3.7799900770e-01,-1.4372725785e-01,0.0000000000e+00,0.0000000000e+00,0.0000000000e+00
2992,3.7797215581e-01,-1.4370645583e-01,0.0000000000e+00,0.0000000000e+00,0.0000000000e+00
2993,3.7799289823e-01,-1.4372441173e-01,0.0000000000e+00,0.0000000000e+00,0.0000000000e+00
2994,3.7797063589e-01,-1.4370836318e-01,0.0000000000e+00,0.0000000000e+00,0.0000000000e+00
2995,3.7798354030e-01,-1.4371922612e-01,0.0000000000e+00,0.0000000000e+00,0.0000000000e+00
2996,3.7797859311e-01,-1.4371170104e-01,0.0000000000e+00,0.0000000000e+00,0.0000000000e+00
2997,3.7797760963e-01,-1.4371086657e-01,0.0000000000e+00,0.0000000000e+00,0.0000000000e+00
2998,3.7796926498e-01,-1.4371499419e-01,0.0000000000e+00,0.0000000000e+00,0.0000000000e+00
2999,3.7797182798e-01,-1.4371025562e-01,0.0000000000e+00,0.0000000000e+00,0.0000000000e+00
3000,3.7796363235e-01,-1.4371046424e-01,0.0000000000e+00,0.0000000000e+00,0.0000000000e+00
3001,3.7796810269e-01,-1.4371156693e-01,0.0000000000e+00,0.0000000000e+00,0.0000000000e+00
3002,3.7795889378e-01,-1.4370675385e-01,0.0000000000e+00,0.0000000000e+00,0.0000000000e+00
3003,3.7796330452e-01,-1.4371219277e-01,0.0000000000e+00,0.0000000000e+00,0.0000000000e+00
3004,3.7795582414e-01,-1.4370352030e-01,0.0000000000e+00,0.0000000000e+00,0.0000000000e+00
3005,3.7795802951e-01,-1.4371284842e-01,0.0000000000e+00,0.0000000000e+00,0.0000000000e+00
3006,3.7795072794e-01,-1.4369952679e-01,0.0000000000e+00,0.0000000000e+00,0.0000000000e+00
3007,3.7795555592e-01,-1.4371445775e-01,0.0000000000e+00,0.0000000000e+00,0.0000000000e+00
3008,3.7794607878e-01,-1.4369551837e-01,0.0000000000e+00,0.0000000000e+00,0.0000000000e+00
3009,3.7794330716e-01,-1.4370703697e-01,0.0000000000e+00,0.0000000000e+00,0.0000000000e+00
3010,3.7793669105e-01,-1.4369475842e-01,0.0000000000e+00,0.0000000000e+00,0.0000000000e+00
3011,3.7795171142e-01,-1.4370806515e-01,0.0000000000e+00,0.0000000000e+00,0.0000000000e+00
3012,3.7793150544e-01,-1.4369761944e-01,0.0000000000e+00,0.0000000000e+00,0.0000000000e+00
3013,3.7794762850e-01,-1.4370419085e-01,0.0000000000e+00,0.0000000000e+00,0.0000000000e+00
3014,3.7792897224e-01,-1.4369910955e-01,0.0000000000e+00,0.0000000000e+00,0.0000000000e+00
3015,3.7794104218e-01,-1.4370091259e-01,0.0000000000e+00,0.0000000000e+00,0.0000000000e+00
3016,3.7792715430e-01,-1.4370121062e-01,0.0000000000e+00,0.0000000000e+00,0.0000000000e+00
3017,3.7793472409e-01,-1.4369620383e-01,0.0000000000e+00,0.0000000000e+00,0.0000000000e+00
3018,3.7792390585e-01,-1.4370048046e-01,0.0000000000e+00,0.0000000000e+00,0.0000000000e+00
3019,3.7793010473e-01,-1.4369593561e-01,0.0000000000e+00,0.0000000000e+00,0.0000000000e+00
3020,3.7792119384e-01,-1.4369729161e-01,0.0000000000e+00,0.0000000000e+00,0.0000000000e+00
3021,3.7791892886e-01,-1.4369419217e-01,0.0000000000e+00,0.0000000000e+00,0.0000000000e+00
3022,3.7791579962e-01,-1.4369221032e-01,0.0000000000e+00,0.0000000000e+00,0.0000000000e+00
3023,3.7792122364e-01,-1.4369916916e-01,0.0000000000e+00,0.0000000000e+00,0.0000000000e+00
3024,3.7791112065e-01,-1.4368873835e-01,0.0000000000e+00,0.0000000000e+00,0.0000000000e+00
3025,3.7791764736e-01,-1.4369867742e-01,0.0000000000e+00,0.0000000000e+00,0.0000000000e+00
3026,3.7790659070e-01,-1.4368696511e-01,0.0000000000e+00,0.0000000000e+00,0.0000000000e+00
3027,3.7791427970e-01,-1.4369702339e-01,0.0000000000e+00,0.0000000000e+00,0.0000000000e+00
3028,3.7790077925e-01,-1.4368680120e-01,0.0000000000e+00,0.0000000000e+00,0.0000000000e+00
3029,3.7791198492e-01,-1.4369420707e-01,0.0000000000e+00,0.0000000000e+00,0.0000000000e+00
3030,3.7789425254e-01,-1.4368493855e-01,0.0000000000e+00,0.0000000000e+00,0.0000000000e+00
3031,3.7791010737e-01,-1.4369480312e-01,0.0000000000e+00,0.0000000000e+00,0.0000000000e+00
3032,3.7788784504e-01,-1.4368191361e-01,0.0000000000e+00,0.0000000000e+00,0.0000000000e+00
3033,3.7790662050e-01,-1.4369435608e-01,0.0000000000e+00,0.0000000000e+00,0.0000000000e+00
3034,3.7788435817e-01,-1.4368078113e-01,0.0000000000e+00,0.0000000000e+00,0.0000000000e+00
3035,3.7790143490e-01,-1.4369030297e-01,0.0000000000e+00,0.0000000000e+00,0.0000000000e+00
3036,3.7788206339e-01,-1.4368218184e-01,0.0000000000e+00,0.0000000000e+00,0.0000000000e+00
3037,3.7789523602e-01,-1.4368638396e-01,0.0000000000e+00,0.0000000000e+00,0.0000000000e+00
3038,3.7787973881e-01,-1.4368264377e-01,0.0000000000e+00,0.0000000000e+00,0.0000000000e+00
3039,3.7787991762e-01,-1.4368323982e-01,0.0000000000e+00,0.0000000000e+00,0.0000000000e+00
3040,3.7787798047e-01,-1.4368291199e-01,0.0000000000e+00,0.0000000000e+00,0.0000000000e+00
3041,3.7787613273e-01,-1.4368250966e-01,0.0000000000e+00,0.0000000000e+00,0.0000000000e+00
3042,3.7787437439e-01,-1.4368200302e-01,0.0000000000e+00,0.0000000000e+00,0.0000000000e+00
3043,3.7787815928e-01,-1.4368234575e-01,0.0000000000e+00,0.0000000000e+00,0.0000000000e+00
3044,3.7786892056e-01,-1.4367656410e-01,0.0000000000e+00,0.0000000000e+00,0.0000000000e+00
3045,3.7787523866e-01,-1.4368401468e-01,0.0000000000e+00,0.0000000000e+00,0.0000000000e+00
3046,3.7786450982e-01,-1.4367303252e-01,0.0000000000e+00,0.0000000000e+00,0.0000000000e+00
3047,3.7787127495e-01,-1.4368374646e-01,0.0000000000e+00,0.0000000000e+00,0.0000000000e+00
3048,3.7786033750e-01,-1.4367203414e-01,0.0000000000e+00,0.0000000000e+00,0.0000000000e+00
3049,3.7786731124e-01,-1.4368094504e-01,0.0000000000e+00,0.0000000000e+00,0.0000000000e+00
3050,3.7785521150e-01,-1.4367203414e-01,0.0000000000e+00,0.0000000000e+00,0.0000000000e+00
3051,3.7786576152e-01,-1.4367850125e-01,0.0000000000e+00,0.0000000000e+00,0.0000000000e+00
3052,3.7784761190e-01,-1.4366972446e-01,0.0000000000e+00,0.0000000000e+00,0.0000000000e+00
3053,3.7786394358e-01,-1.4367917180e-01,0.0000000000e+00,0.0000000000e+00,0.0000000000e+00
3054,3.7784248590e-01,-1.4366728067e-01,0.0000000000e+00,0.0000000000e+00,0.0000000000e+00
3055,3.7785929441e-01,-1.4367747307e-01,0.0000000000e+00,0.0000000000e+00,0.0000000000e+00
3056,3.7784010172e-01,-1.4366790652e-01,0.0000000000e+00,0.0000000000e+00,0.0000000000e+00
3057,3.7785339355e-01,-1.4367204905e-01,0.0000000000e+00,0.0000000000e+00,0.0000000000e+00
3058,3.7783864141e-01,-1.4367045462e-01,0.0000000000e+00,0.0000000000e+00,0.0000000000e+00
3059,3.7784630060e-01,-1.4366717637e-01,0.0000000000e+00,0.0000000000e+00,0.0000000000e+00
3060,3.7783619761e-01,-1.4367206395e-01,0.0000000000e+00,0.0000000000e+00,0.0000000000e+00
3061,3.7783515453e-01,-1.4366875589e-01,0.0000000000e+00,0.0000000000e+00,0.0000000000e+00
3062,3.7783375382e-01,-1.4366830885e-01,0.0000000000e+00,0.0000000000e+00,0.0000000000e+00
3063,3.7783244252e-01,-1.4366778731e-01,0.0000000000e+00,0.0000000000e+00,0.0000000000e+00
3064,3.7783119082e-01,-1.4366723597e-01,0.0000000000e+00,0.0000000000e+00,0.0000000000e+00
3065,3.7783014774e-01,-1.4366787672e-01,0.0000000000e+00,0.0000000000e+00,0.0000000000e+00
3066,3.7782883644e-01,-1.4366844296e-01,0.0000000000e+00,0.0000000000e+00,0.0000000000e+00
3067,3.7782415748e-01,-1.4365877211e-01,0.0000000000e+00,0.0000000000e+00,0.0000000000e+00
3068,3.7782588601e-01,-1.4367051423e-01,0.0000000000e+00,0.0000000000e+00,0.0000000000e+00
3069,3.7781742215e-01,-1.4365482330e-01,0.0000000000e+00,0.0000000000e+00,0.0000000000e+00
3070,3.7782394886e-01,-1.4366979897e-01,0.0000000000e+00,0.0000000000e+00,0.0000000000e+00
3071,3.7781247497e-01,-1.4365412295e-01,0.0000000000e+00,0.0000000000e+00,0.0000000000e+00
3072,3.7781882286e-01,-1.4366716146e-01,0.0000000000e+00,0.0000000000e+00,0.0000000000e+00
3073,3.7780746818e-01,-1.4365269244e-01,0.0000000000e+00,0.0000000000e+00,0.0000000000e+00
3074,3.7781953812e-01,-1.4366663992e-01,0.0000000000e+00,0.0000000000e+00,0.0000000000e+00
3075,3.7779816985e-01,-1.4365074039e-01,0.0000000000e+00,0.0000000000e+00,0.0000000000e+00
3076,3.7781709433e-01,-1.4366704226e-01,0.0000000000e+00,0.0000000000e+00,0.0000000000e+00
3077,3.7779802084e-01,-1.4364753664e-01,0.0000000000e+00,0.0000000000e+00,0.0000000000e+00
3078,3.7779965997e-01,-1.4365905523e-01,0.0000000000e+00,0.0000000000e+00,0.0000000000e+00
3079,3.7779259682e-01,-1.4365190268e-01,0.0000000000e+00,0.0000000000e+00,0.0000000000e+00
3080,3.7780374289e-01,-1.4365315437e-01,0.0000000000e+00,0.0000000000e+00,0.0000000000e+00
3081,3.7779244781e-01,-1.4365701377e-01,0.0000000000e+00,0.0000000000e+00,0.0000000000e+00
3082,3.7779721618e-01,-1.4364884794e-01,0.0000000000e+00,0.0000000000e+00,0.0000000000e+00
3083,3.7779149413e-01,-1.4365862310e-01,0.0000000000e+00,0.0000000000e+00,0.0000000000e+00
3084,3.7779074907e-01,-1.4364646375e-01,0.0000000000e+00,0.0000000000e+00,0.0000000000e+00
3085,3.7778821588e-01,-1.4365518093e-01,0.0000000000e+00,0.0000000000e+00,0.0000000000e+00
3086,3.7778809667e-01,-1.4365044236e-01,0.0000000000e+00,0.0000000000e+00,0.0000000000e+00
3087,3.7778189778e-01,-1.4364780486e-01,0.0000000000e+00,0.0000000000e+00,0.0000000000e+00
3088,3.7778684497e-01,-1.4365454018e-01,0.0000000000e+00,0.0000000000e+00,0.0000000000e+00
3089,3.7777528167e-01,-1.4364196360e-01,0.0000000000e+00,0.0000000000e+00,0.0000000000e+00
3090,3.7778401375e-01,-1.4365649223e-01,0.0000000000e+00,0.0000000000e+00,0.0000000000e+00
3091,3.7777063251e-01,-1.4363805950e-01,0.0000000000e+00,0.0000000000e+00,0.0000000000e+00
3092,3.7778031826e-01,-1.4365635812e-01,0.0000000000e+00,0.0000000000e+00,0.0000000000e+00
3093,3.7776640058e-01,-1.4363703132e-01,0.0000000000e+00,0.0000000000e+00,0.0000000000e+00
3094,3.7777760625e-01,-1.4365372062e-01,0.0000000000e+00,0.0000000000e+00,0.0000000000e+00
3095,3.7775975466e-01,-1.4363747835e-01,0.0000000000e+00,0.0000000000e+00,0.0000000000e+00
3096,3.7777575850e-01,-1.4365160465e-01,0.0000000000e+00,0.0000000000e+00,0.0000000000e+00
3097,3.7775608897e-01,-1.4363472164e-01,0.0000000000e+00,0.0000000000e+00,0.0000000000e+00
3098,3.7775716186e-01,-1.4364416897e-01,0.0000000000e+00,0.0000000000e+00,0.0000000000e+00
3099,3.7775188684e-01,-1.4363859594e-01,0.0000000000e+00,0.0000000000e+00,0.0000000000e+00
3100,3.7776273489e-01,-1.4363911748e-01,0.0000000000e+00,0.0000000000e+00,0.0000000000e+00
3101,3.7775188684e-01,-1.4364212751e-01,0.0000000000e+00,0.0000000000e+00,0.0000000000e+00
3102,3.7775737047e-01,-1.4363713562e-01,0.0000000000e+00,0.0000000000e+00,0.0000000000e+00
3103,3.7775042653e-01,-1.4364227653e-01,0.0000000000e+00,0.0000000000e+00,0.0000000000e+00
3104,3.7775167823e-01,-1.4363580942e-01,0.0000000000e+00,0.0000000000e+00,0.0000000000e+00
3105,3.7774780393e-01,-1.4363937080e-01,0.0000000000e+00,0.0000000000e+00,0.0000000000e+00
3106,3.7774774432e-01,-1.4363735914e-01,0.0000000000e+00,0.0000000000e+00,0.0000000000e+00
3107,3.7774217129e-01,-1.4363431931e-01,0.0000000000e+00,0.0000000000e+00,0.0000000000e+00
3108,3.7774631381e-01,-1.4363974333e-01,0.0000000000e+00,0.0000000000e+00,0.0000000000e+00
3109,3.7773534656e-01,-1.4362937212e-01,0.0000000000e+00,0.0000000000e+00,0.0000000000e+00
3110,3.7774428725e-01,-1.4364151657e-01,0.0000000000e+00,0.0000000000e+00,0.0000000000e+00
3111,3.7773013115e-01,-1.4362595975e-01,0.0000000000e+00,0.0000000000e+00,0.0000000000e+00
3112,3.7774112821e-01,-1.4364065230e-01,0.0000000000e+00,0.0000000000e+00,0.0000000000e+00
3113,3.7772572041e-01,-1.4362575114e-01,0.0000000000e+00,0.0000000000e+00,0.0000000000e+00
3114,3.7773790956e-01,-1.4363682270e-01,0.0000000000e+00,0.0000000000e+00,0.0000000000e+00
3115,3.7772053480e-01,-1.4362771809e-01,0.0000000000e+00,0.0000000000e+00,0.0000000000e+00
3116,3.7773516774e-01,-1.4363372326e-01,0.0000000000e+00,0.0000000000e+00,0.0000000000e+00
3117,3.7771570683e-01,-1.4362645149e-01,0.0000000000e+00,0.0000000000e+00,0.0000000000e+00
3118,3.7773075700e-01,-1.4363372326e-01,0.0000000000e+00,0.0000000000e+00,0.0000000000e+00
3119,3.7772279978e-01,-1.4362503588e-01,0.0000000000e+00,0.0000000000e+00,0.0000000000e+00
3120,3.7772569060e-01,-1.4362938702e-01,0.0000000000e+00,0.0000000000e+00,0.0000000000e+00
3121,3.7771156430e-01,-1.4362697303e-01,0.0000000000e+00,0.0000000000e+00,0.0000000000e+00
3122,3.7771975994e-01,-1.4362594485e-01,0.0000000000e+00,0.0000000000e+00,0.0000000000e+00
3123,3.7770870328e-01,-1.4362663031e-01,0.0000000000e+00,0.0000000000e+00,0.0000000000e+00
3124,3.7771439552e-01,-1.4362415671e-01,0.0000000000e+00,0.0000000000e+00,0.0000000000e+00
3125,3.7770590186e-01,-1.4362411201e-01,0.0000000000e+00,0.0000000000e+00,0.0000000000e+00
3126,3.7770992517e-01,-1.4362479746e-01,0.0000000000e+00,0.0000000000e+00,0.0000000000e+00
3127,3.7770208716e-01,-1.4362013340e-01,0.0000000000e+00,0.0000000000e+00,0.0000000000e+00
3128,3.7770596147e-01,-1.4362642169e-01,0.0000000000e+00,0.0000000000e+00,0.0000000000e+00
3129,3.7769821286e-01,-1.4361527562e-01,0.0000000000e+00,0.0000000000e+00,0.0000000000e+00
3130,3.7769588828e-01,-1.4362210035e-01,0.0000000000e+00,0.0000000000e+00,0.0000000000e+00
3131,3.7769255042e-01,-1.4361114800e-01,0.0000000000e+00,0.0000000000e+00,0.0000000000e+00
3132,3.7770259380e-01,-1.4362756908e-01,0.0000000000e+00,0.0000000000e+00,0.0000000000e+00
3133,3.7768569589e-01,-1.4361001551e-01,0.0000000000e+00,0.0000000000e+00,0.0000000000e+00
3134,3.7770038843e-01,-1.4362609386e-01,0.0000000000e+00,0.0000000000e+00,0.0000000000e+00
3135,3.7768024206e-01,-1.4361052215e-01,0.0000000000e+00,0.0000000000e+00,0.0000000000e+00
3136,3.7769755721e-01,-1.4362193644e-01,0.0000000000e+00,0.0000000000e+00,0.0000000000e+00
3137,3.7767612934e-01,-1.4361131191e-01,0.0000000000e+00,0.0000000000e+00,0.0000000000e+00
3138,3.7769308686e-01,-1.4361895621e-01,0.0000000000e+00,0.0000000000e+00,0.0000000000e+00
3139,3.7767413259e-01,-1.4361116290e-01,0.0000000000e+00,0.0000000000e+00,0.0000000000e+00
3140,3.7767767906e-01,-1.4361667633e-01,0.0000000000e+00,0.0000000000e+00,0.0000000000e+00
3141,3.7767255306e-01,-1.4361318946e-01,0.0000000000e+00,0.0000000000e+00,0.0000000000e+00
3142,3.7768024206e-01,-1.4361220598e-01,0.0000000000e+00,0.0000000000e+00,0.0000000000e+00
3143,3.7767010927e-01,-1.4361202717e-01,0.0000000000e+00,0.0000000000e+00,0.0000000000e+00
3144,3.7767612934e-01,-1.4361163974e-01,0.0000000000e+00,0.0000000000e+00,0.0000000000e+00
3145,3.7766656280e-01,-1.4360961318e-01,0.0000000000e+00,0.0000000000e+00,0.0000000000e+00
3146,3.7767213583e-01,-1.4361180365e-01,0.0000000000e+00,0.0000000000e+00,0.0000000000e+00
3147,3.7766343355e-01,-1.4360646904e-01,0.0000000000e+00,0.0000000000e+00,0.0000000000e+00
3148,3.7766727805e-01,-1.4361254871e-01,0.0000000000e+00,0.0000000000e+00,0.0000000000e+00
3149,3.7765955925e-01,-1.4360237122e-01,0.0000000000e+00,0.0000000000e+00,0.0000000000e+00
3150,3.7766364217e-01,-1.4361433685e-01,0.0000000000e+00,0.0000000000e+00,0.0000000000e+00
3151,3.7766316533e-01,-1.4360603690e-01,0.0000000000e+00,0.0000000000e+00,0.0000000000e+00
3152,3.7766167521e-01,-1.4361475408e-01,0.0000000000e+00,0.0000000000e+00,0.0000000000e+00
3153,3.7764772773e-01,-1.4359815419e-01,0.0000000000e+00,0.0000000000e+00,0.0000000000e+00
3154,3.7766113877e-01,-1.4361220598e-01,0.0000000000e+00,0.0000000000e+00,0.0000000000e+00
3155,3.7764221430e-01,-1.4359706640e-01,0.0000000000e+00,0.0000000000e+00,0.0000000000e+00
3156,3.7765851617e-01,-1.4360870421e-01,0.0000000000e+00,0.0000000000e+00,0.0000000000e+00
3157,3.7763842940e-01,-1.4359711111e-01,0.0000000000e+00,0.0000000000e+00,0.0000000000e+00
3158,3.7765422463e-01,-1.4360432327e-01,0.0000000000e+00,0.0000000000e+00,0.0000000000e+00
3159,3.7763553858e-01,-1.4359927177e-01,0.0000000000e+00,0.0000000000e+00,0.0000000000e+00
3160,3.7764948606e-01,-1.4360116422e-01,0.0000000000e+00,0.0000000000e+00,0.0000000000e+00
3161,3.7763360143e-01,-1.4359875023e-01,0.0000000000e+00,0.0000000000e+00,0.0000000000e+00
3162,3.7763568759e-01,-1.4360047877e-01,0.0000000000e+00,0.0000000000e+00,0.0000000000e+00
3163,3.7763157487e-01,-1.4359937608e-01,0.0000000000e+00,0.0000000000e+00,0.0000000000e+00
3164,3.7763786316e-01,-1.4359791577e-01,0.0000000000e+00,0.0000000000e+00,0.0000000000e+00
3165,3.7762823701e-01,-1.4359618723e-01,0.0000000000e+00,0.0000000000e+00,0.0000000000e+00
3166,3.7763461471e-01,-1.4359842241e-01,0.0000000000e+00,0.0000000000e+00,0.0000000000e+00
3167,3.7762486935e-01,-1.4359334111e-01,0.0000000000e+00,0.0000000000e+00,0.0000000000e+00
3168,3.7763020396e-01,-1.4359830320e-01,0.0000000000e+00,0.0000000000e+00,0.0000000000e+00
3169,3.7762174010e-01,-1.4359071851e-01,0.0000000000e+00,0.0000000000e+00,0.0000000000e+00
3170,3.7762603164e-01,-1.4359851182e-01,0.0000000000e+00,0.0000000000e+00,0.0000000000e+00
3171,3.7761738896e-01,-1.4358712733e-01,0.0000000000e+00,0.0000000000e+00,0.0000000000e+00
3172,3.7762415409e-01,-1.4360013604e-01,0.0000000000e+00,0.0000000000e+00,0.0000000000e+00
3173,3.7761119008e-01,-1.4358237386e-01,0.0000000000e+00,0.0000000000e+00,0.0000000000e+00
3174,3.7761154771e-01,-1.4359396696e-01,0.0000000000e+00,0.0000000000e+00,0.0000000000e+00
3175,3.7760519981e-01,-1.4358291030e-01,0.0000000000e+00,0.0000000000e+00,0.0000000000e+00
3176,3.7761932611e-01,-1.4359194040e-01,0.0000000000e+00,0.0000000000e+00,0.0000000000e+00
3177,3.7760177255e-01,-1.4358673990e-01,0.0000000000e+00,0.0000000000e+00,0.0000000000e+00
3178,3.7761521339e-01,-1.4358872175e-01,0.0000000000e+00,0.0000000000e+00,0.0000000000e+00
3179,3.7759950757e-01,-1.4358747005e-01,0.0000000000e+00,0.0000000000e+00,0.0000000000e+00
3180,3.7760999799e-01,-1.4358532429e-01,0.0000000000e+00,0.0000000000e+00,0.0000000000e+00
3181,3.7759715319e-01,-1.4358791709e-01,0.0000000000e+00,0.0000000000e+00,0.0000000000e+00
3182,3.7760517001e-01,-1.4358310401e-01,0.0000000000e+00,0.0000000000e+00,0.0000000000e+00
3183,3.7759384513e-01,-1.4358678460e-01,0.0000000000e+00,0.0000000000e+00,0.0000000000e+00
3184,3.7760192156e-01,-1.4358305931e-01,0.0000000000e+00,0.0000000000e+00,0.0000000000e+00
3185,3.7759000063e-01,-1.4358343184e-01,0.0000000000e+00,0.0000000000e+00,0.0000000000e+00
3186,3.7759760022e-01,-1.4358487725e-01,0.0000000000e+00,0.0000000000e+00,0.0000000000e+00
3187,3.7758651376e-01,-1.4357894659e-01,0.0000000000e+00,0.0000000000e+00,0.0000000000e+00
3188,3.7759426236e-01,-1.4358662069e-01,0.0000000000e+00,0.0000000000e+00,0.0000000000e+00
3189,3.7758296728e-01,-1.4357517660e-01,0.0000000000e+00,0.0000000000e+00,0.0000000000e+00
3190,3.7759032845e-01,-1.4358718693e-01,0.0000000000e+00,0.0000000000e+00,0.0000000000e+00
3191,3.7757915258e-01,-1.4357191324e-01,0.0000000000e+00,0.0000000000e+00,0.0000000000e+00
3192,3.7758708000e-01,-1.4358799160e-01,0.0000000000e+00,0.0000000000e+00,0.0000000000e+00
3193,3.7758532166e-01,-1.4357933402e-01,0.0000000000e+00,0.0000000000e+00,0.0000000000e+00
3194,3.7758478522e-01,-1.4358429611e-01,0.0000000000e+00,0.0000000000e+00,0.0000000000e+00
3195,3.7757095695e-01,-1.4357742667e-01,0.0000000000e+00,0.0000000000e+00,0.0000000000e+00
3196,3.7758114934e-01,-1.4357730746e-01,0.0000000000e+00,0.0000000000e+00,0.0000000000e+00
3197,3.7756663561e-01,-1.4357517660e-01,0.0000000000e+00,0.0000000000e+00,0.0000000000e+00
3198,3.7757635117e-01,-1.4357371628e-01,0.0000000000e+00,0.0000000000e+00,0.0000000000e+00
3199,3.7756472826e-01,-1.4357702434e-01,0.0000000000e+00,0.0000000000e+00,0.0000000000e+00
3200,3.7757039070e-01,-1.4356949925e-01,0.0000000000e+00,0.0000000000e+00,0.0000000000e+00
3201,3.7756347656e-01,-1.4357814193e-01,0.0000000000e+00,0.0000000000e+00,0.0000000000e+00
3202,3.7756526470e-01,-1.4356692135e-01,0.0000000000e+00,0.0000000000e+00,0.0000000000e+00
3203,3.7756031752e-01,-1.4357638359e-01,0.0000000000e+00,0.0000000000e+00,0.0000000000e+00
3204,3.7756198645e-01,-1.4356766641e-01,0.0000000000e+00,0.0000000000e+00,0.0000000000e+00
3205,3.7755528092e-01,-1.4357171953e-01,0.0000000000e+00,0.0000000000e+00,0.0000000000e+00
3206,3.7755954266e-01,-1.4356976748e-01,0.0000000000e+00,0.0000000000e+00,0.0000000000e+00
3207,3.7755161524e-01,-1.4356766641e-01,0.0000000000e+00,0.0000000000e+00,0.0000000000e+00
3208,3.7755569816e-01,-1.4357034862e-01,0.0000000000e+00,0.0000000000e+00,0.0000000000e+00
3209,3.7754794955e-01,-1.4356525242e-01,0.0000000000e+00,0.0000000000e+00,0.0000000000e+00
3210,3.7755170465e-01,-1.4356897771e-01,0.0000000000e+00,0.0000000000e+00,0.0000000000e+00
3211,3.7754455209e-01,-1.4356456697e-01,0.0000000000e+00,0.0000000000e+00,0.0000000000e+00
3212,3.7754836679e-01,-1.4356593788e-01,0.0000000000e+00,0.0000000000e+00,0.0000000000e+00
3213,3.7753936648e-01,-1.4356462657e-01,0.0000000000e+00,0.0000000000e+00,0.0000000000e+00
3214,3.7754806876e-01,-1.4356561005e-01,0.0000000000e+00,0.0000000000e+00,0.0000000000e+00
3215,3.7753218412e-01,-1.4356164634e-01,0.0000000000e+00,0.0000000000e+00,0.0000000000e+00
3216,3.7754738331e-01,-1.4356569946e-01,0.0000000000e+00,0.0000000000e+00,0.0000000000e+00
3217,3.7752711773e-01,-1.4356127381e-01,0.0000000000e+00,0.0000000000e+00,0.0000000000e+00
3218,3.7754362822e-01,-1.4356324077e-01,0.0000000000e+00,0.0000000000e+00,0.0000000000e+00
3219,3.7752500176e-01,-1.4356036484e-01,0.0000000000e+00,0.0000000000e+00,0.0000000000e+00
3220,3.7753751874e-01,-1.4355994761e-01,0.0000000000e+00,0.0000000000e+00,0.0000000000e+00
3221,3.7752434611e-01,-1.4356265962e-01,0.0000000000e+00,0.0000000000e+00,0.0000000000e+00
3222,3.7753126025e-01,-1.4355470240e-01,0.0000000000e+00,0.0000000000e+00,0.0000000000e+00
3223,3.7752240896e-01,-1.4356306195e-01,0.0000000000e+00,0.0000000000e+00,0.0000000000e+00
3224,3.7752744555e-01,-1.4355367422e-01,0.0000000000e+00,0.0000000000e+00,0.0000000000e+00
3225,3.7751784921e-01,-1.4355908334e-01,0.0000000000e+00,0.0000000000e+00,0.0000000000e+00
3226,3.7752509117e-01,-1.4355631173e-01,0.0000000000e+00,0.0000000000e+00,0.0000000000e+00
3227,3.7751364708e-01,-1.4355339110e-01,0.0000000000e+00,0.0000000000e+00,0.0000000000e+00
3228,3.7752145529e-01,-1.4355963469e-01,0.0000000000e+00,0.0000000000e+00,0.0000000000e+00
3229,3.7751069665e-01,-1.4354757965e-01,0.0000000000e+00,0.0000000000e+00,0.0000000000e+00
3230,3.7751704454e-01,-1.4356233180e-01,0.0000000000e+00,0.0000000000e+00,0.0000000000e+00
3231,3.7750780582e-01,-1.4354279637e-01,0.0000000000e+00,0.0000000000e+00,0.0000000000e+00
3232,3.7750521302e-01,-1.4355219901e-01,0.0000000000e+00,0.0000000000e+00,0.0000000000e+00
3233,3.7750136852e-01,-1.4354188740e-01,0.0000000000e+00,0.0000000000e+00,0.0000000000e+00
3234,3.7751370668e-01,-1.4355558157e-01,0.0000000000e+00,0.0000000000e+00,0.0000000000e+00
3235,3.7749478221e-01,-1.4354437590e-01,0.0000000000e+00,0.0000000000e+00,0.0000000000e+00
3236,3.7751272321e-01,-1.4355577528e-01,0.0000000000e+00,0.0000000000e+00,0.0000000000e+00
3237,3.7749052048e-01,-1.4354293048e-01,0.0000000000e+00,0.0000000000e+00,0.0000000000e+00
3238,3.7750881910e-01,-1.4355392754e-01,0.0000000000e+00,0.0000000000e+00,0.0000000000e+00
3239,3.7748819590e-01,-1.4354448020e-01,0.0000000000e+00,0.0000000000e+00,0.0000000000e+00
3240,3.7750279903e-01,-1.4354905486e-01,0.0000000000e+00,0.0000000000e+00,0.0000000000e+00
3241,3.7748804688e-01,-1.4354623854e-01,0.0000000000e+00,0.0000000000e+00,0.0000000000e+00
3242,3.7749698758e-01,-1.4354400337e-01,0.0000000000e+00,0.0000000000e+00,0.0000000000e+00
3243,3.7748676538e-01,-1.4354701340e-01,0.0000000000e+00,0.0000000000e+00,0.0000000000e+00
3244,3.7749120593e-01,-1.4354282618e-01,0.0000000000e+00,0.0000000000e+00,0.0000000000e+00
3245,3.7748461962e-01,-1.4354413748e-01,0.0000000000e+00,0.0000000000e+00,0.0000000000e+00
3246,3.7748184800e-01,-1.4354133606e-01,0.0000000000e+00,0.0000000000e+00,0.0000000000e+00
3247,3.7747952342e-01,-1.4353874326e-01,0.0000000000e+00,0.0000000000e+00,0.0000000000e+00
3248,3.7748530507e-01,-1.4354532957e-01,0.0000000000e+00,0.0000000000e+00,0.0000000000e+00
3249,3.7747567892e-01,-1.4353686571e-01,0.0000000000e+00,0.0000000000e+00,0.0000000000e+00
3250,3.7748208642e-01,-1.4354412258e-01,0.0000000000e+00,0.0000000000e+00,0.0000000000e+00
3251,3.7747240067e-01,-1.4353670180e-01,0.0000000000e+00,0.0000000000e+00,0.0000000000e+00
3252,3.7747907639e-01,-1.4354127645e-01,0.0000000000e+00,0.0000000000e+00,0.0000000000e+00
3253,3.7746784091e-01,-1.4353765547e-01,0.0000000000e+00,0.0000000000e+00,0.0000000000e+00
3254,3.7747702003e-01,-1.4353927970e-01,0.0000000000e+00,0.0000000000e+00,0.0000000000e+00
3255,3.7746274471e-01,-1.4353732765e-01,0.0000000000e+00,0.0000000000e+00,0.0000000000e+00
3256,3.7747526169e-01,-1.4353755116e-01,0.0000000000e+00,0.0000000000e+00,0.0000000000e+00
3257,3.7745782733e-01,-1.4353469014e-01,0.0000000000e+00,0.0000000000e+00,0.0000000000e+00
3258,3.7747234106e-01,-1.4353655279e-01,0.0000000000e+00,0.0000000000e+00,0.0000000000e+00
3259,3.7745517492e-01,-1.4353524148e-01,0.0000000000e+00,0.0000000000e+00,0.0000000000e+00
3260,3.7746706605e-01,-1.4353309572e-01,0.0000000000e+00,0.0000000000e+00,0.0000000000e+00
3261,3.7745410204e-01,-1.4353626966e-01,0.0000000000e+00,0.0000000000e+00,0.0000000000e+00
3262,3.7746116519e-01,-1.4352889359e-01,0.0000000000e+00,0.0000000000e+00,0.0000000000e+00
3263,3.7745261192e-01,-1.4353571832e-01,0.0000000000e+00,0.0000000000e+00,0.0000000000e+00
3264,3.7745699286e-01,-1.4352861047e-01,0.0000000000e+00,0.0000000000e+00,0.0000000000e+00
3265,3.7744879723e-01,-1.4353151619e-01,0.0000000000e+00,0.0000000000e+00,0.0000000000e+00
3266,3.7745457888e-01,-1.4353105426e-01,0.0000000000e+00,0.0000000000e+00,0.0000000000e+00
3267,3.7744411826e-01,-1.4352619648e-01,0.0000000000e+00,0.0000000000e+00,0.0000000000e+00
3268,3.7745121121e-01,-1.4353354275e-01,0.0000000000e+00,0.0000000000e+00,0.0000000000e+00
3269,3.7744084001e-01,-1.4352118969e-01,0.0000000000e+00,0.0000000000e+00,0.0000000000e+00
3270,3.7744787335e-01,-1.4353579283e-01,0.0000000000e+00,0.0000000000e+00,0.0000000000e+00
3271,3.7744554877e-01,-1.4352647960e-01,0.0000000000e+00,0.0000000000e+00,0.0000000000e+00
3272,3.7744632363e-01,-1.4353455603e-01,0.0000000000e+00,0.0000000000e+00,0.0000000000e+00
3273,3.7743249536e-01,-1.4352180064e-01,0.0000000000e+00,0.0000000000e+00,0.0000000000e+00
3274,3.7744462490e-01,-1.4352922142e-01,0.0000000000e+00,0.0000000000e+00,0.0000000000e+00
3275,3.7742662430e-01,-1.4351949096e-01,0.0000000000e+00,0.0000000000e+00,0.0000000000e+00
3276,3.7744268775e-01,-1.4352822304e-01,0.0000000000e+00,0.0000000000e+00,0.0000000000e+00
3277,3.7742218375e-01,-1.4351794124e-01,0.0000000000e+00,0.0000000000e+00,0.0000000000e+00
3278,3.7743976712e-01,-1.4352501929e-01,0.0000000000e+00,0.0000000000e+00,0.0000000000e+00
3279,3.7741962075e-01,-1.4351877570e-01,0.0000000000e+00,0.0000000000e+00,0.0000000000e+00
3280,3.7743446231e-01,-1.4352233708e-01,0.0000000000e+00,0.0000000000e+00,0.0000000000e+00
3281,3.7741845846e-01,-1.4351953566e-01,0.0000000000e+00,0.0000000000e+00,0.0000000000e+00
3282,3.7742918730e-01,-1.4351876080e-01,0.0000000000e+00,0.0000000000e+00,0.0000000000e+00
3283,3.7741720676e-01,-1.4351920784e-01,0.0000000000e+00,0.0000000000e+00,0.0000000000e+00
3284,3.7742426991e-01,-1.4351816475e-01,0.0000000000e+00,0.0000000000e+00,0.0000000000e+00
3285,3.7741458416e-01,-1.4351634681e-01,0.0000000000e+00,0.0000000000e+00,0.0000000000e+00
3286,3.7741291523e-01,-1.4351512492e-01,0.0000000000e+00,0.0000000000e+00,0.0000000000e+00
3287,3.7741041183e-01,-1.4351239800e-01,0.0000000000e+00,0.0000000000e+00,0.0000000000e+00
3288,3.7740969658e-01,-1.4351114631e-01,0.0000000000e+00,0.0000000000e+00,0.0000000000e+00
3289,3.7741562724e-01,-1.4352023602e-01,0.0000000000e+00,0.0000000000e+00,0.0000000000e+00
3290,3.7740528584e-01,-1.4350743592e-01,0.0000000000e+00,0.0000000000e+00,0.0000000000e+00
3291,3.7741336226e-01,-1.4352129400e-01,0.0000000000e+00,0.0000000000e+00,0.0000000000e+00
3292,3.7740150094e-01,-1.4350464940e-01,0.0000000000e+00,0.0000000000e+00,0.0000000000e+00
3293,3.7741166353e-01,-1.4352114499e-01,0.0000000000e+00,0.0000000000e+00,0.0000000000e+00
3294,3.7739568949e-01,-1.4350344241e-01,0.0000000000e+00,0.0000000000e+00,0.0000000000e+00
3295,3.7741082907e-01,-1.4351859689e-01,0.0000000000e+00,0.0000000000e+00,0.0000000000e+00
3296,3.7739062309e-01,-1.4350263774e-01,0.0000000000e+00,0.0000000000e+00,0.0000000000e+00
3297,3.7740895152e-01,-1.4351774752e-01,0.0000000000e+00,0.0000000000e+00,0.0000000000e+00
3298,3.7738746405e-01,-1.4350008965e-01,0.0000000000e+00,0.0000000000e+00,0.0000000000e+00
3299,3.7739098072e-01,-1.4351142943e-01,0.0000000000e+00,0.0000000000e+00,0.0000000000e+00
3300,3.7738496065e-01,-1.4350527525e-01,0.0000000000e+00,0.0000000000e+00,0.0000000000e+00
3301,3.7739628553e-01,-1.4350488782e-01,0.0000000000e+00,0.0000000000e+00,0.0000000000e+00
3302,3.7738510966e-01,-1.4350874722e-01,0.0000000000e+00,0.0000000000e+00,0.0000000000e+00
3303,3.7739226222e-01,-1.4350305498e-01,0.0000000000e+00,0.0000000000e+00,0.0000000000e+00
3304,3.7738394737e-01,-1.4350780845e-01,0.0000000000e+00,0.0000000000e+00,0.0000000000e+00
3305,3.7738773227e-01,-1.4350299537e-01,0.0000000000e+00,0.0000000000e+00,0.0000000000e+00
3306,3.7738126516e-01,-1.4350426197e-01,0.0000000000e+00,0.0000000000e+00,0.0000000000e+00
3307,3.7738457322e-01,-1.4350436628e-01,0.0000000000e+00,0.0000000000e+00,0.0000000000e+00
3308,3.7737694383e-01,-1.4350017905e-01,0.0000000000e+00,0.0000000000e+00,0.0000000000e+00
3309,3.7738287449e-01,-1.4350606501e-01,0.0000000000e+00,0.0000000000e+00,0.0000000000e+00
3310,3.7737217546e-01,-1.4349581301e-01,0.0000000000e+00,0.0000000000e+00,0.0000000000e+00
3311,3.7738117576e-01,-1.4350780845e-01,0.0000000000e+00,0.0000000000e+00,0.0000000000e+00
3312,3.7736722827e-01,-1.4349204302e-01,0.0000000000e+00,0.0000000000e+00,0.0000000000e+00
3313,3.7737879157e-01,-1.4350835979e-01,0.0000000000e+00,0.0000000000e+00,0.0000000000e+00
3314,3.7736245990e-01,-1.4349010587e-01,0.0000000000e+00,0.0000000000e+00,0.0000000000e+00
3315,3.7737819552e-01,-1.4350621402e-01,0.0000000000e+00,0.0000000000e+00,0.0000000000e+00
3316,3.7735778093e-01,-1.4348943532e-01,0.0000000000e+00,0.0000000000e+00,0.0000000000e+00
3317,3.7737548351e-01,-1.4350457489e-01,0.0000000000e+00,0.0000000000e+00,0.0000000000e+00
3318,3.7735438347e-01,-1.4348880947e-01,0.0000000000e+00,0.0000000000e+00,0.0000000000e+00
3319,3.7735769153e-01,-1.4349642396e-01,0.0000000000e+00,0.0000000000e+00,0.0000000000e+00
3320,3.7735515833e-01,-1.4349585772e-01,0.0000000000e+00,0.0000000000e+00,0.0000000000e+00
3321,3.7735375762e-01,-1.4349257946e-01,0.0000000000e+00,0.0000000000e+00,0.0000000000e+00
3322,3.7735912204e-01,-1.4349026978e-01,0.0000000000e+00,0.0000000000e+00,0.0000000000e+00
3323,3.7735497952e-01,-1.4349631965e-01,0.0000000000e+00,0.0000000000e+00,0.0000000000e+00
3324,3.7735539675e-01,-1.4349007607e-01,0.0000000000e+00,0.0000000000e+00,0.0000000000e+00
3325,3.7735232711e-01,-1.4349325001e-01,0.0000000000e+00,0.0000000000e+00,0.0000000000e+00
3326,3.7735205889e-01,-1.4349056780e-01,0.0000000000e+00,0.0000000000e+00,0.0000000000e+00
3327,3.7734913826e-01,-1.4349001646e-01,0.0000000000e+00,0.0000000000e+00,0.0000000000e+00
3328,3.7734889984e-01,-1.4349119365e-01,0.0000000000e+00,0.0000000000e+00,0.0000000000e+00
3329,3.7735131383e-01,-1.4349143207e-01,0.0000000000e+00,0.0000000000e+00,0.0000000000e+00
3330,3.7734180689e-01,-1.4348430932e-01,0.0000000000e+00,0.0000000000e+00,0.0000000000e+00
3331,3.7734723091e-01,-1.4349409938e-01,0.0000000000e+00,0.0000000000e+00,0.0000000000e+00
3332,3.7733805180e-01,-1.4347912371e-01,0.0000000000e+00,0.0000000000e+00,0.0000000000e+00
3333,3.7734264135e-01,-1.4349544048e-01,0.0000000000e+00,0.0000000000e+00,0.0000000000e+00
3334,3.7733992934e-01,-1.4348018169e-01,0.0000000000e+00,0.0000000000e+00,0.0000000000e+00
3335,3.7733435631e-01,-1.4348970354e-01,0.0000000000e+00,0.0000000000e+00,0.0000000000e+00
3336,3.7733969092e-01,-1.4348229766e-01,0.0000000000e+00,0.0000000000e+00,0.0000000000e+00
3337,3.7733003497e-01,-1.4348831773e-01,0.0000000000e+00,0.0000000000e+00,0.0000000000e+00
3338,3.7733626366e-01,-1.4347857237e-01,0.0000000000e+00,0.0000000000e+00,0.0000000000e+00
3339,3.7732651830e-01,-1.4348651469e-01,0.0000000000e+00,0.0000000000e+00,0.0000000000e+00
3340,3.7733259797e-01,-1.4347742498e-01,0.0000000000e+00,0.0000000000e+00,0.0000000000e+00
3341,3.7733915448e-01,-1.4348745346e-01,0.0000000000e+00,0.0000000000e+00,0.0000000000e+00
3342,3.7731894851e-01,-1.4348049462e-01,0.0000000000e+00,0.0000000000e+00,0.0000000000e+00
3343,3.7733131647e-01,-1.4348012209e-01,0.0000000000e+00,0.0000000000e+00,0.0000000000e+00
3344,3.7731790543e-01,-1.4347997308e-01,0.0000000000e+00,0.0000000000e+00,0.0000000000e+00
3345,3.7732577324e-01,-1.4347687364e-01,0.0000000000e+00,0.0000000000e+00,0.0000000000e+00
3346,3.7731629610e-01,-1.4347974956e-01,0.0000000000e+00,0.0000000000e+00,0.0000000000e+00
3347,3.7732023001e-01,-1.4347665012e-01,0.0000000000e+00,0.0000000000e+00,0.0000000000e+00
3348,3.7731608748e-01,-1.4347782731e-01,0.0000000000e+00,0.0000000000e+00,0.0000000000e+00
3349,3.7731504440e-01,-1.4347489178e-01,0.0000000000e+00,0.0000000000e+00,0.0000000000e+00
3350,3.7731468678e-01,-1.4347772300e-01,0.0000000000e+00,0.0000000000e+00,0.0000000000e+00
3351,3.7731057405e-01,-1.4347232878e-01,0.0000000000e+00,0.0000000000e+00,0.0000000000e+00
3352,3.7731260061e-01,-1.4347781241e-01,0.0000000000e+00,0.0000000000e+00,0.0000000000e+00
3353,3.7731182575e-01,-1.4347946644e-01,0.0000000000e+00,0.0000000000e+00,0.0000000000e+00
3354,3.7730541825e-01,-1.4346583188e-01,0.0000000000e+00,0.0000000000e+00,0.0000000000e+00
3355,3.7730783224e-01,-1.4348082244e-01,0.0000000000e+00,0.0000000000e+00,0.0000000000e+00
3356,3.7730282545e-01,-1.4346261322e-01,0.0000000000e+00,0.0000000000e+00,0.0000000000e+00
3357,3.7730446458e-01,-1.4348134398e-01,0.0000000000e+00,0.0000000000e+00,0.0000000000e+00
3358,3.7730056047e-01,-1.4346091449e-01,0.0000000000e+00,0.0000000000e+00,0.0000000000e+00
3359,3.7730029225e-01,-1.4347983897e-01,0.0000000000e+00,0.0000000000e+00,0.0000000000e+00
3360,3.7730062008e-01,-1.4346243441e-01,0.0000000000e+00,0.0000000000e+00,0.0000000000e+00
3361,3.7729364634e-01,-1.4347495139e-01,0.0000000000e+00,0.0000000000e+00,0.0000000000e+00
3362,3.7729841471e-01,-1.4346204698e-01,0.0000000000e+00,0.0000000000e+00,0.0000000000e+00
3363,3.7729132175e-01,-1.4347450435e-01,0.0000000000e+00,0.0000000000e+00,0.0000000000e+00
3364,3.7729385495e-01,-1.4345952868e-01,0.0000000000e+00,0.0000000000e+00,0.0000000000e+00
3365,3.7730169296e-01,-1.4347420633e-01,0.0000000000e+00,0.0000000000e+00,0.0000000000e+00
3366,3.7728098035e-01,-1.4346599579e-01,0.0000000000e+00,0.0000000000e+00,0.0000000000e+00
3367,3.7729531527e-01,-1.4346514642e-01,0.0000000000e+00,0.0000000000e+00,0.0000000000e+00
3368,3.7727957964e-01,-1.4346617460e-01,0.0000000000e+00,0.0000000000e+00,0.0000000000e+00
3369,3.7729018927e-01,-1.4346085489e-01,0.0000000000e+00,0.0000000000e+00,0.0000000000e+00
3370,3.7727797031e-01,-1.4346657693e-01,0.0000000000e+00,0.0000000000e+00,0.0000000000e+00
3371,3.7728559971e-01,-1.4345967770e-01,0.0000000000e+00,0.0000000000e+00,0.0000000000e+00
3372,3.7727916241e-01,-1.4346255362e-01,0.0000000000e+00,0.0000000000e+00,0.0000000000e+00
3373,3.7727883458e-01,-1.4345939457e-01,0.0000000000e+00,0.0000000000e+00,0.0000000000e+00
3374,3.7727805972e-01,-1.4346255362e-01,0.0000000000e+00,0.0000000000e+00,0.0000000000e+00
3375,3.7727379799e-01,-1.4345745742e-01,0.0000000000e+00,0.0000000000e+00,0.0000000000e+00
3376,3.7727567554e-01,-1.4346183836e-01,0.0000000000e+00,0.0000000000e+00,0.0000000000e+00
3377,3.7727504969e-01,-1.4346253872e-01,0.0000000000e+00,0.0000000000e+00,0.0000000000e+00
3378,3.7726798654e-01,-1.4345222712e-01,0.0000000000e+00,0.0000000000e+00,0.0000000000e+00
3379,3.7727284431e-01,-1.4346449077e-01,0.0000000000e+00,0.0000000000e+00,0.0000000000e+00
3380,3.7726482749e-01,-1.4344929159e-01,0.0000000000e+00,0.0000000000e+00,0.0000000000e+00
3381,3.7726986408e-01,-1.4346437156e-01,0.0000000000e+00,0.0000000000e+00,0.0000000000e+00
3382,3.7726110220e-01,-1.4344638586e-01,0.0000000000e+00,0.0000000000e+00,0.0000000000e+00
3383,3.7726703286e-01,-1.4346471429e-01,0.0000000000e+00,0.0000000000e+00,0.0000000000e+00
3384,3.7726548314e-01,-1.4344981313e-01,0.0000000000e+00,0.0000000000e+00,0.0000000000e+00
3385,3.7726607919e-01,-1.4346483350e-01,0.0000000000e+00,0.0000000000e+00,0.0000000000e+00
3386,3.7724959850e-01,-1.4344309270e-01,0.0000000000e+00,0.0000000000e+00,0.0000000000e+00
3387,3.7726780772e-01,-1.4346212149e-01,0.0000000000e+00,0.0000000000e+00,0.0000000000e+00
3388,3.7724512815e-01,-1.4344388247e-01,0.0000000000e+00,0.0000000000e+00,0.0000000000e+00
3389,3.7726521492e-01,-1.4345680177e-01,0.0000000000e+00,0.0000000000e+00,0.0000000000e+00
3390,3.7724336982e-01,-1.4344750345e-01,0.0000000000e+00,0.0000000000e+00,0.0000000000e+00
3391,3.7725999951e-01,-1.4345195889e-01,0.0000000000e+00,0.0000000000e+00,0.0000000000e+00
3392,3.7724277377e-01,-1.4344874024e-01,0.0000000000e+00,0.0000000000e+00,0.0000000000e+00
3393,3.7724661827e-01,-1.4345172048e-01,0.0000000000e+00,0.0000000000e+00,0.0000000000e+00
3394,3.7724381685e-01,-1.4345213771e-01,0.0000000000e+00,0.0000000000e+00,0.0000000000e+00
3395,3.7724712491e-01,-1.4344547689e-01,0.0000000000e+00,0.0000000000e+00,0.0000000000e+00
3396,3.7724235654e-01,-1.4344729483e-01,0.0000000000e+00,0.0000000000e+00,0.0000000000e+00
3397,3.7724491954e-01,-1.4344711602e-01,0.0000000000e+00,0.0000000000e+00,0.0000000000e+00
3398,3.7723913789e-01,-1.4344362915e-01,0.0000000000e+00,0.0000000000e+00,0.0000000000e+00
3399,3.7724220753e-01,-1.4344733953e-01,0.0000000000e+00,0.0000000000e+00,0.0000000000e+00
3400,3.7723663449e-01,-1.4344142377e-01,0.0000000000e+00,0.0000000000e+00,0.0000000000e+00
3401,3.7723833323e-01,-1.4344666898e-01,0.0000000000e+00,0.0000000000e+00,0.0000000000e+00
3402,3.7723723054e-01,-1.4344650507e-01,0.0000000000e+00,0.0000000000e+00,0.0000000000e+00
3403,3.7723276019e-01,-1.4343689382e-01,0.0000000000e+00,0.0000000000e+00,0.0000000000e+00
3404,3.7723392248e-01,-1.4344827831e-01,0.0000000000e+00,0.0000000000e+00,0.0000000000e+00
3405,3.7723219395e-01,-1.4343488216e-01,0.0000000000e+00,0.0000000000e+00,0.0000000000e+00
3406,3.7722483277e-01,-1.4344267547e-01,0.0000000000e+00,0.0000000000e+00,0.0000000000e+00
3407,3.7723308802e-01,-1.4343650639e-01,0.0000000000e+00,0.0000000000e+00,0.0000000000e+00
3408,3.7722155452e-01,-1.4344146848e-01,0.0000000000e+00,0.0000000000e+00,0.0000000000e+00
3409,3.7723037601e-01,-1.4343667030e-01,0.0000000000e+00,0.0000000000e+00,0.0000000000e+00
3410,3.7721970677e-01,-1.4344133437e-01,0.0000000000e+00,0.0000000000e+00,0.0000000000e+00
3411,3.7722587585e-01,-1.4343316853e-01,0.0000000000e+00,0.0000000000e+00,0.0000000000e+00
3412,3.7721836567e-01,-1.4344204962e-01,0.0000000000e+00,0.0000000000e+00,0.0000000000e+00
3413,3.7720805407e-01,-1.4342589676e-01,0.0000000000e+00,0.0000000000e+00,0.0000000000e+00
3414,3.7722557783e-01,-1.4343565702e-01,0.0000000000e+00,0.0000000000e+00,0.0000000000e+00
3415,3.7720984221e-01,-1.4343447983e-01,0.0000000000e+00,0.0000000000e+00,0.0000000000e+00
3416,3.7722051144e-01,-1.4343225956e-01,0.0000000000e+00,0.0000000000e+00,0.0000000000e+00
3417,3.7721088529e-01,-1.4343535900e-01,0.0000000000e+00,0.0000000000e+00,0.0000000000e+00
3418,3.7721341848e-01,-1.4343173802e-01,0.0000000000e+00,0.0000000000e+00,0.0000000000e+00
3419,3.7721136212e-01,-1.4343386889e-01,0.0000000000e+00,0.0000000000e+00,0.0000000000e+00
3420,3.7720862031e-01,-1.4343024790e-01,0.0000000000e+00,0.0000000000e+00,0.0000000000e+00
3421,3.7720900774e-01,-1.4343297482e-01,0.0000000000e+00,0.0000000000e+00,0.0000000000e+00
3422,3.7720605731e-01,-1.4342837036e-01,0.0000000000e+00,0.0000000000e+00,0.0000000000e+00
3423,3.7720617652e-01,-1.4343246818e-01,0.0000000000e+00,0.0000000000e+00,0.0000000000e+00
3424,3.7720283866e-01,-1.4342647791e-01,0.0000000000e+00,0.0000000000e+00,0.0000000000e+00
3425,3.7720087171e-01,-1.4342258871e-01,0.0000000000e+00,0.0000000000e+00,0.0000000000e+00
3426,3.7720209360e-01,-1.4343526959e-01,0.0000000000e+00,0.0000000000e+00,0.0000000000e+00
3427,3.7719890475e-01,-1.4341826737e-01,0.0000000000e+00,0.0000000000e+00,0.0000000000e+00
3428,3.7719780207e-01,-1.4343585074e-01,0.0000000000e+00,0.0000000000e+00,0.0000000000e+00
3429,3.7719792128e-01,-1.4341698587e-01,0.0000000000e+00,0.0000000000e+00,0.0000000000e+00
3430,3.7719428539e-01,-1.4343436062e-01,0.0000000000e+00,0.0000000000e+00,0.0000000000e+00
3431,3.7719643116e-01,-1.4341805875e-01,0.0000000000e+00,0.0000000000e+00,0.0000000000e+00
3432,3.7719082832e-01,-1.4343166351e-01,0.0000000000e+00,0.0000000000e+00,0.0000000000e+00
3433,3.7719327211e-01,-1.4341622591e-01,0.0000000000e+00,0.0000000000e+00,0.0000000000e+00
3434,3.7718755007e-01,-1.4343023300e-01,0.0000000000e+00,0.0000000000e+00,0.0000000000e+00
3435,3.7718978524e-01,-1.4341406524e-01,0.0000000000e+00,0.0000000000e+00,0.0000000000e+00
3436,3.7719678879e-01,-1.4343151450e-01,0.0000000000e+00,0.0000000000e+00,0.0000000000e+00
3437,3.7717780471e-01,-1.4342010021e-01,0.0000000000e+00,0.0000000000e+00,0.0000000000e+00
3438,3.7719130516e-01,-1.4341972768e-01,0.0000000000e+00,0.0000000000e+00,0.0000000000e+00
3439,3.7717697024e-01,-1.4342209697e-01,0.0000000000e+00,0.0000000000e+00,0.0000000000e+00
3440,3.7718659639e-01,-1.4341762662e-01,0.0000000000e+00,0.0000000000e+00,0.0000000000e+00
3441,3.7717527151e-01,-1.4342029393e-01,0.0000000000e+00,0.0000000000e+00,0.0000000000e+00
3442,3.7718307972e-01,-1.4341649413e-01,0.0000000000e+00,0.0000000000e+00,0.0000000000e+00
3443,3.7717404962e-01,-1.4341811836e-01,0.0000000000e+00,0.0000000000e+00,0.0000000000e+00
3444,3.7717777491e-01,-1.4341638982e-01,0.0000000000e+00,0.0000000000e+00,0.0000000000e+00
3445,3.7717375159e-01,-1.4341726899e-01,0.0000000000e+00,0.0000000000e+00,0.0000000000e+00
3446,3.7717306614e-01,-1.4341400564e-01,0.0000000000e+00,0.0000000000e+00,0.0000000000e+00
3447,3.7717247009e-01,-1.4341764152e-01,0.0000000000e+00,0.0000000000e+00,0.0000000000e+00
3448,3.7716931105e-01,-1.4341077209e-01,0.0000000000e+00,0.0000000000e+00,0.0000000000e+00
3449,3.7716919184e-01,-1.4341247082e-01,0.0000000000e+00,0.0000000000e+00,0.0000000000e+00
3450,3.7716802955e-01,-1.4341682196e-01,0.0000000000e+00,0.0000000000e+00,0.0000000000e+00
3451,3.7716582417e-01,-1.4340814948e-01,0.0000000000e+00,0.0000000000e+00,0.0000000000e+00
3452,3.7716612220e-01,-1.4341764152e-01,0.0000000000e+00,0.0000000000e+00,0.0000000000e+00
3453,3.7716200948e-01,-1.4340420067e-01,0.0000000000e+00,0.0000000000e+00,0.0000000000e+00
3454,3.7716385722e-01,-1.4341844618e-01,0.0000000000e+00,0.0000000000e+00,0.0000000000e+00
3455,3.7716087699e-01,-1.4340245724e-01,0.0000000000e+00,0.0000000000e+00,0.0000000000e+00
3456,3.7715709209e-01,-1.4341494441e-01,0.0000000000e+00,0.0000000000e+00,0.0000000000e+00
3457,3.7716084719e-01,-1.4340259135e-01,0.0000000000e+00,0.0000000000e+00,0.0000000000e+00
3458,3.7715327740e-01,-1.4341342449e-01,0.0000000000e+00,0.0000000000e+00,0.0000000000e+00
3459,3.7715837359e-01,-1.4340147376e-01,0.0000000000e+00,0.0000000000e+00,0.0000000000e+00
3460,3.7715157866e-01,-1.4341302216e-01,0.0000000000e+00,0.0000000000e+00,0.0000000000e+00
3461,3.7715464830e-01,-1.4340004325e-01,0.0000000000e+00,0.0000000000e+00,0.0000000000e+00
3462,3.7716346979e-01,-1.4341238141e-01,0.0000000000e+00,0.0000000000e+00,0.0000000000e+00
3463,3.7714189291e-01,-1.4340458810e-01,0.0000000000e+00,0.0000000000e+00,0.0000000000e+00
3464,3.7715703249e-01,-1.4340502024e-01,0.0000000000e+00,0.0000000000e+00,0.0000000000e+00
3465,3.7714037299e-01,-1.4340537786e-01,0.0000000000e+00,0.0000000000e+00,0.0000000000e+00
3466,3.7715160847e-01,-1.4340212941e-01,0.0000000000e+00,0.0000000000e+00,0.0000000000e+00
3467,3.7714019418e-01,-1.4340530336e-01,0.0000000000e+00,0.0000000000e+00,0.0000000000e+00
3468,3.7714529037e-01,-1.4340044558e-01,0.0000000000e+00,0.0000000000e+00,0.0000000000e+00
3469,3.7714233994e-01,-1.4340288937e-01,0.0000000000e+00,0.0000000000e+00,0.0000000000e+00
3470,3.7713965774e-01,-1.4339853823e-01,0.0000000000e+00,0.0000000000e+00,0.0000000000e+00
3471,3.7714108825e-01,-1.4340296388e-01,0.0000000000e+00,0.0000000000e+00,0.0000000000e+00
3472,3.7713599205e-01,-1.4339645207e-01,0.0000000000e+00,0.0000000000e+00,0.0000000000e+00
3473,3.7713858485e-01,-1.4340193570e-01,0.0000000000e+00,0.0000000000e+00,0.0000000000e+00
3474,3.7713783979e-01,-1.4340363443e-01,0.0000000000e+00,0.0000000000e+00,0.0000000000e+00
3475,3.7713068724e-01,-1.4339025319e-01,0.0000000000e+00,0.0000000000e+00,0.0000000000e+00
3476,3.7713575363e-01,-1.4340525866e-01,0.0000000000e+00,0.0000000000e+00,0.0000000000e+00
3477,3.7712827325e-01,-1.4338752627e-01,0.0000000000e+00,0.0000000000e+00,0.0000000000e+00
3478,3.7713304162e-01,-1.4340583980e-01,0.0000000000e+00,0.0000000000e+00,0.0000000000e+00
3479,3.7712544203e-01,-1.4338445663e-01,0.0000000000e+00,0.0000000000e+00,0.0000000000e+00
3480,3.7712985277e-01,-1.4340592921e-01,0.0000000000e+00,0.0000000000e+00,0.0000000000e+00
3481,3.7712991238e-01,-1.4338874817e-01,0.0000000000e+00,0.0000000000e+00,0.0000000000e+00
3482,3.7712365389e-01,-1.4340206981e-01,0.0000000000e+00,0.0000000000e+00,0.0000000000e+00
3483,3.7712639570e-01,-1.4338624477e-01,0.0000000000e+00,0.0000000000e+00,0.0000000000e+00
3484,3.7712079287e-01,-1.4340013266e-01,0.0000000000e+00,0.0000000000e+00,0.0000000000e+00
3485,3.7711009383e-01,-1.4338050783e-01,0.0000000000e+00,0.0000000000e+00,0.0000000000e+00
3486,3.7713003159e-01,-1.4339552820e-01,0.0000000000e+00,0.0000000000e+00,0.0000000000e+00
3487,3.7710893154e-01,-1.4338786900e-01,0.0000000000e+00,0.0000000000e+00,0.0000000000e+00
3488,3.7712457776e-01,-1.4338897169e-01,0.0000000000e+00,0.0000000000e+00,0.0000000000e+00
3489,3.7710979581e-01,-1.4339098334e-01,0.0000000000e+00,0.0000000000e+00,0.0000000000e+00
3490,3.7711915374e-01,-1.4338564873e-01,0.0000000000e+00,0.0000000000e+00,0.0000000000e+00
3491,3.7710911036e-01,-1.4339168370e-01,0.0000000000e+00,0.0000000000e+00,0.0000000000e+00
3492,3.7711042166e-01,-1.4338788390e-01,0.0000000000e+00,0.0000000000e+00,0.0000000000e+00
3493,3.7710776925e-01,-1.4339032769e-01,0.0000000000e+00,0.0000000000e+00,0.0000000000e+00
3494,3.7711244822e-01,-1.4338600636e-01,0.0000000000e+00,0.0000000000e+00,0.0000000000e+00
3495,3.7710455060e-01,-1.4338418841e-01,0.0000000000e+00,0.0000000000e+00,0.0000000000e+00
3496,3.7711009383e-01,-1.4338861406e-01,0.0000000000e+00,0.0000000000e+00,0.0000000000e+00
3497,3.7710216641e-01,-1.4337995648e-01,0.0000000000e+00,0.0000000000e+00,0.0000000000e+00
3498,3.7710738182e-01,-1.4338926971e-01,0.0000000000e+00,0.0000000000e+00,0.0000000000e+00
3499,3.7709993124e-01,-1.4337742329e-01,0.0000000000e+00,0.0000000000e+00,0.0000000000e+00
3500,3.7710401416e-01,-1.4338888228e-01,0.0000000000e+00,0.0000000000e+00,0.0000000000e+00
3501,3.7709644437e-01,-1.4337450266e-01,0.0000000000e+00,0.0000000000e+00,0.0000000000e+00
3502,3.7710353732e-01,-1.4338997006e-01,0.0000000000e+00,0.0000000000e+00,0.0000000000e+00
3503,3.7709286809e-01,-1.4337074757e-01,0.0000000000e+00,0.0000000000e+00,0.0000000000e+00
3504,3.7709179521e-01,-1.4338237047e-01,0.0000000000e+00,0.0000000000e+00,0.0000000000e+00
3505,3.7708643079e-01,-1.4337080717e-01,0.0000000000e+00,0.0000000000e+00,0.0000000000e+00
3506,3.7710180879e-01,-1.4338138700e-01,0.0000000000e+00,0.0000000000e+00,0.0000000000e+00
3507,3.7708440423e-01,-1.4337605238e-01,0.0000000000e+00,0.0000000000e+00,0.0000000000e+00
3508,3.7709796429e-01,-1.4337722957e-01,0.0000000000e+00,0.0000000000e+00,0.0000000000e+00
3509,3.7708422542e-01,-1.4337764680e-01,0.0000000000e+00,0.0000000000e+00,0.0000000000e+00
3510,3.7709304690e-01,-1.4337357879e-01,0.0000000000e+00,0.0000000000e+00,0.0000000000e+00
3511,3.7708407640e-01,-1.4337971807e-01,0.0000000000e+00,0.0000000000e+00,0.0000000000e+00
3512,3.7708964944e-01,-1.4337193966e-01,0.0000000000e+00,0.0000000000e+00,0.0000000000e+00
3513,3.7708091736e-01,-1.4337739348e-01,0.0000000000e+00,0.0000000000e+00,0.0000000000e+00
3514,3.7708815932e-01,-1.4337220788e-01,0.0000000000e+00,0.0000000000e+00,0.0000000000e+00
3515,3.7707763910e-01,-1.4337334037e-01,0.0000000000e+00,0.0000000000e+00,0.0000000000e+00
3516,3.7708547711e-01,-1.4337487519e-01,0.0000000000e+00,0.0000000000e+00,0.0000000000e+00
3517,3.7707546353e-01,-1.4336802065e-01,0.0000000000e+00,0.0000000000e+00,0.0000000000e+00
3518,3.7708312273e-01,-1.4337757230e-01,0.0000000000e+00,0.0000000000e+00,0.0000000000e+00
3519,3.7707337737e-01,-1.4336411655e-01,0.0000000000e+00,0.0000000000e+00,0.0000000000e+00
3520,3.7708026171e-01,-1.4337822795e-01,0.0000000000e+00,0.0000000000e+00,0.0000000000e+00
3521,3.7707081437e-01,-1.4336122572e-01,0.0000000000e+00,0.0000000000e+00,0.0000000000e+00
3522,3.7707817554e-01,-1.4337891340e-01,0.0000000000e+00,0.0000000000e+00,0.0000000000e+00
3523,3.7707796693e-01,-1.4337006211e-01,0.0000000000e+00,0.0000000000e+00,0.0000000000e+00
3524,3.7707805634e-01,-1.4337548614e-01,0.0000000000e+00,0.0000000000e+00,0.0000000000e+00
3525,3.7706384063e-01,-1.4336763322e-01,0.0000000000e+00,0.0000000000e+00,0.0000000000e+00
3526,3.7707576156e-01,-1.4336779714e-01,0.0000000000e+00,0.0000000000e+00,0.0000000000e+00
3527,3.7706136703e-01,-1.4336755872e-01,0.0000000000e+00,0.0000000000e+00,0.0000000000e+00
3528,3.7707167864e-01,-1.4336419106e-01,0.0000000000e+00,0.0000000000e+00,0.0000000000e+00
3529,3.7706118822e-01,-1.4336872101e-01,0.0000000000e+00,0.0000000000e+00,0.0000000000e+00
3530,3.7706622481e-01,-1.4335928857e-01,0.0000000000e+00,0.0000000000e+00,0.0000000000e+00
3531,3.7706121802e-01,-1.4336986840e-01,0.0000000000e+00,0.0000000000e+00,0.0000000000e+00
3532,3.7706136703e-01,-1.4335608482e-01,0.0000000000e+00,0.0000000000e+00,0.0000000000e+00
3533,3.7705951929e-01,-1.4336815476e-01,0.0000000000e+00,0.0000000000e+00,0.0000000000e+00
3534,3.7706065178e-01,-1.4335826039e-01,0.0000000000e+00,0.0000000000e+00,0.0000000000e+00
3535,3.7705534697e-01,-1.4336308837e-01,0.0000000000e+00,0.0000000000e+00,0.0000000000e+00
3536,3.7705910206e-01,-1.4336076379e-01,0.0000000000e+00,0.0000000000e+00,0.0000000000e+00
3537,3.7705302238e-01,-1.4335873723e-01,0.0000000000e+00,0.0000000000e+00,0.0000000000e+00
3538,3.7705639005e-01,-1.4336171746e-01,0.0000000000e+00,0.0000000000e+00,0.0000000000e+00
3539,3.7705063820e-01,-1.4335638285e-01,0.0000000000e+00,0.0000000000e+00,0.0000000000e+00
3540,3.7705355883e-01,-1.4336079359e-01,0.0000000000e+00,0.0000000000e+00,0.0000000000e+00
3541,3.7704822421e-01,-1.4335532486e-01,0.0000000000e+00,0.0000000000e+00,0.0000000000e+00
3542,3.7705206871e-01,-1.4335873723e-01,0.0000000000e+00,0.0000000000e+00,0.0000000000e+00
3543,3.7704342604e-01,-1.4335465431e-01,0.0000000000e+00,0.0000000000e+00,0.0000000000e+00
3544,3.7705346942e-01,-1.4335888624e-01,0.0000000000e+00,0.0000000000e+00,0.0000000000e+00
3545,3.7703722715e-01,-1.4335171878e-01,0.0000000000e+00,0.0000000000e+00,0.0000000000e+00
3546,3.7705400586e-01,-1.4335885644e-01,0.0000000000e+00,0.0000000000e+00,0.0000000000e+00
3547,3.7703350186e-01,-1.4335191250e-01,0.0000000000e+00,0.0000000000e+00,0.0000000000e+00
3548,3.7705117464e-01,-1.4335574210e-01,0.0000000000e+00,0.0000000000e+00,0.0000000000e+00
3549,3.7703317404e-01,-1.4335215092e-01,0.0000000000e+00,0.0000000000e+00,0.0000000000e+00
3550,3.7704584002e-01,-1.4335162938e-01,0.0000000000e+00,0.0000000000e+00,0.0000000000e+00
3551,3.7703409791e-01,-1.4335553348e-01,0.0000000000e+00,0.0000000000e+00,0.0000000000e+00
3552,3.7704062462e-01,-1.4334574342e-01,0.0000000000e+00,0.0000000000e+00,0.0000000000e+00
3553,3.7703329325e-01,-1.4335660636e-01,0.0000000000e+00,0.0000000000e+00,0.0000000000e+00
3554,3.7703824043e-01,-1.4334465563e-01,0.0000000000e+00,0.0000000000e+00,0.0000000000e+00
3555,3.7702983618e-01,-1.4335270226e-01,0.0000000000e+00,0.0000000000e+00,0.0000000000e+00
3556,3.7703713775e-01,-1.4334775507e-01,0.0000000000e+00,0.0000000000e+00,0.0000000000e+00
3557,3.7702697515e-01,-1.4334678650e-01,0.0000000000e+00,0.0000000000e+00,0.0000000000e+00
3558,3.7703454494e-01,-1.4335153997e-01,0.0000000000e+00,0.0000000000e+00,0.0000000000e+00
3559,3.7702545524e-01,-1.4334088564e-01,0.0000000000e+00,0.0000000000e+00,0.0000000000e+00
3560,3.7703114748e-01,-1.4335443079e-01,0.0000000000e+00,0.0000000000e+00,0.0000000000e+00
3561,3.7702393532e-01,-1.4333629608e-01,0.0000000000e+00,0.0000000000e+00,0.0000000000e+00
3562,3.7702131271e-01,-1.4334470034e-01,0.0000000000e+00,0.0000000000e+00,0.0000000000e+00
3563,3.7701866031e-01,-1.4333510399e-01,0.0000000000e+00,0.0000000000e+00,0.0000000000e+00
3564,3.7703073025e-01,-1.4334906638e-01,0.0000000000e+00,0.0000000000e+00,0.0000000000e+00
3565,3.7701272964e-01,-1.4333695173e-01,0.0000000000e+00,0.0000000000e+00,0.0000000000e+00
3566,3.7703099847e-01,-1.4334942400e-01,0.0000000000e+00,0.0000000000e+00,0.0000000000e+00
3567,3.7700968981e-01,-1.4333578944e-01,0.0000000000e+00,0.0000000000e+00,0.0000000000e+00
3568,3.7702870369e-01,-1.4334616065e-01,0.0000000000e+00,0.0000000000e+00,0.0000000000e+00
3569,3.7700906396e-01,-1.4333753288e-01,0.0000000000e+00,0.0000000000e+00,0.0000000000e+00
3570,3.7702319026e-01,-1.4334207773e-01,0.0000000000e+00,0.0000000000e+00,0.0000000000e+00
3571,3.7701004744e-01,-1.4334024489e-01,0.0000000000e+00,0.0000000000e+00,0.0000000000e+00
3572,3.7701836228e-01,-1.4333677292e-01,0.0000000000e+00,0.0000000000e+00,0.0000000000e+00
3573,3.7701001763e-01,-1.4334157109e-01,0.0000000000e+00,0.0000000000e+00,0.0000000000e+00
3574,3.7701374292e-01,-1.4333558083e-01,0.0000000000e+00,0.0000000000e+00,0.0000000000e+00
3575,3.7700903416e-01,-1.4333882928e-01,0.0000000000e+00,0.0000000000e+00,0.0000000000e+00
3576,3.7700673938e-01,-1.4333526790e-01,0.0000000000e+00,0.0000000000e+00,0.0000000000e+00
3577,3.7700420618e-01,-1.4333261549e-01,0.0000000000e+00,0.0000000000e+00,0.0000000000e+00
3578,3.7701085210e-01,-1.4333949983e-01,0.0000000000e+00,0.0000000000e+00,0.0000000000e+00
3579,3.7700170279e-01,-1.4333033562e-01,0.0000000000e+00,0.0000000000e+00,0.0000000000e+00
3580,3.7700894475e-01,-1.4333957434e-01,0.0000000000e+00,0.0000000000e+00,0.0000000000e+00
3581,3.7699943781e-01,-1.4332878590e-01,0.0000000000e+00,0.0000000000e+00,0.0000000000e+00
3582,3.7700748444e-01,-1.4333802462e-01,0.0000000000e+00,0.0000000000e+00,0.0000000000e+00
3583,3.7699568272e-01,-1.4332859218e-01,0.0000000000e+00,0.0000000000e+00,0.0000000000e+00
3584,3.7700727582e-01,-1.4333547652e-01,0.0000000000e+00,0.0000000000e+00,0.0000000000e+00
3585,3.7699106336e-01,-1.4332701266e-01,0.0000000000e+00,0.0000000000e+00,0.0000000000e+00
3586,3.7700736523e-01,-1.4333598316e-01,0.0000000000e+00,0.0000000000e+00,0.0000000000e+00
3587,3.7698674202e-01,-1.4332470298e-01,0.0000000000e+00,0.0000000000e+00,0.0000000000e+00
3588,3.7700581551e-01,-1.4333523810e-01,0.0000000000e+00,0.0000000000e+00,0.0000000000e+00
3589,3.7698540092e-01,-1.4332433045e-01,0.0000000000e+00,0.0000000000e+00,0.0000000000e+00
3590,3.7700217962e-01,-1.4333088696e-01,0.0000000000e+00,0.0000000000e+00,0.0000000000e+00
3591,3.7698546052e-01,-1.4332646132e-01,0.0000000000e+00,0.0000000000e+00,0.0000000000e+00
3592,3.7699744105e-01,-1.4332665503e-01,0.0000000000e+00,0.0000000000e+00,0.0000000000e+00
3593,3.7698554993e-01,-1.4332741499e-01,0.0000000000e+00,0.0000000000e+00,0.0000000000e+00
3594,3.7699362636e-01,-1.4332523942e-01,0.0000000000e+00,0.0000000000e+00,0.0000000000e+00
3595,3.7699151039e-01,-1.4332649112e-01,0.0000000000e+00,0.0000000000e+00,0.0000000000e+00
3596,3.7699002028e-01,-1.4332643151e-01,0.0000000000e+00,0.0000000000e+00,0.0000000000e+00
3597,3.7698847055e-01,-1.4332641661e-01,0.0000000000e+00,0.0000000000e+00,0.0000000000e+00
3598,3.7698623538e-01,-1.4332558215e-01,0.0000000000e+00,0.0000000000e+00,0.0000000000e+00
3599,3.7698388100e-01,-1.4332486689e-01,0.0000000000e+00,0.0000000000e+00,0.0000000000e+00
3600,3.7697914243e-01,-1.4331819117e-01,0.0000000000e+00,0.0000000000e+00,0.0000000000e+00
3601,3.7698495388e-01,-1.4332845807e-01,0.0000000000e+00,0.0000000000e+00,0.0000000000e+00
3602,3.7697604299e-01,-1.4331376553e-01,0.0000000000e+00,0.0000000000e+00,0.0000000000e+00
3603,3.7698355317e-01,-1.4332911372e-01,0.0000000000e+00,0.0000000000e+00,0.0000000000e+00
3604,3.7697336078e-01,-1.4331199229e-01,0.0000000000e+00,0.0000000000e+00,0.0000000000e+00
3605,3.7698251009e-01,-1.4332722127e-01,0.0000000000e+00,0.0000000000e+00,0.0000000000e+00
3606,3.7696975470e-01,-1.4331322908e-01,0.0000000000e+00,0.0000000000e+00,0.0000000000e+00
3607,3.7698248029e-01,-1.4332228899e-01,0.0000000000e+00,0.0000000000e+00,0.0000000000e+00
3608,3.7696447968e-01,-1.4331337810e-01,0.0000000000e+00,0.0000000000e+00,0.0000000000e+00
3609,3.7698191404e-01,-1.4332337677e-01,0.0000000000e+00,0.0000000000e+00,0.0000000000e+00
3610,3.7696373463e-01,-1.4330993593e-01,0.0000000000e+00,0.0000000000e+00,0.0000000000e+00
3611,3.7697800994e-01,-1.4332206547e-01,0.0000000000e+00,0.0000000000e+00,0.0000000000e+00
3612,3.7696328759e-01,-1.4331121743e-01,0.0000000000e+00,0.0000000000e+00,0.0000000000e+00
3613,3.7697353959e-01,-1.4331726730e-01,0.0000000000e+00,0.0000000000e+00,0.0000000000e+00
3614,3.7696295977e-01,-1.4331389964e-01,0.0000000000e+00,0.0000000000e+00,0.0000000000e+00
3615,3.7696698308e-01,-1.4331692457e-01,0.0000000000e+00,0.0000000000e+00,0.0000000000e+00
3616,3.7696251273e-01,-1.4331680536e-01,0.0000000000e+00,0.0000000000e+00,0.0000000000e+00
3617,3.7696433067e-01,-1.4330838621e-01,0.0000000000e+00,0.0000000000e+00,0.0000000000e+00
3618,3.7696105242e-01,-1.4331470430e-01,0.0000000000e+00,0.0000000000e+00,0.0000000000e+00
3619,3.7696489692e-01,-1.4331094921e-01,0.0000000000e+00,0.0000000000e+00,0.0000000000e+00
3620,3.7695658207e-01,-1.4330893755e-01,0.0000000000e+00,0.0000000000e+00,0.0000000000e+00
3621,3.7696477771e-01,-1.4331474900e-01,0.0000000000e+00,0.0000000000e+00,0.0000000000e+00
3622,3.7695360184e-01,-1.4330311120e-01,0.0000000000e+00,0.0000000000e+00,0.0000000000e+00
3623,3.7696221471e-01,-1.4331747591e-01,0.0000000000e+00,0.0000000000e+00,0.0000000000e+00
3624,3.7695124745e-01,-1.4329853654e-01,0.0000000000e+00,0.0000000000e+00,0.0000000000e+00
3625,3.7696003914e-01,-1.4331872761e-01,0.0000000000e+00,0.0000000000e+00,0.0000000000e+00
3626,3.7694954872e-01,-1.4329594374e-01,0.0000000000e+00,0.0000000000e+00,0.0000000000e+00
3627,3.7694808841e-01,-1.4330638945e-01,0.0000000000e+00,0.0000000000e+00,0.0000000000e+00
3628,3.7694433331e-01,-1.4329928160e-01,0.0000000000e+00,0.0000000000e+00,0.0000000000e+00
3629,3.7695771456e-01,-1.4330624044e-01,0.0000000000e+00,0.0000000000e+00,0.0000000000e+00
3630,3.7694245577e-01,-1.4330348372e-01,0.0000000000e+00,0.0000000000e+00,0.0000000000e+00
3631,3.7695637345e-01,-1.4330567420e-01,0.0000000000e+00,0.0000000000e+00,0.0000000000e+00
3632,3.7694126368e-01,-1.4330296218e-01,0.0000000000e+00,0.0000000000e+00,0.0000000000e+00
3633,3.7695267797e-01,-1.4330199361e-01,0.0000000000e+00,0.0000000000e+00,0.0000000000e+00
3634,3.7694135308e-01,-1.4330430329e-01,0.0000000000e+00,0.0000000000e+00,0.0000000000e+00
3635,3.7694808841e-01,-1.4329831302e-01,0.0000000000e+00,0.0000000000e+00,0.0000000000e+00
3636,3.7694129348e-01,-1.4330597222e-01,0.0000000000e+00,0.0000000000e+00,0.0000000000e+00
3637,3.7694501877e-01,-1.4329680800e-01,0.0000000000e+00,0.0000000000e+00,0.0000000000e+00
3638,3.7693920732e-01,-1.4330300689e-01,0.0000000000e+00,0.0000000000e+00,0.0000000000e+00
3639,3.7694391608e-01,-1.4329944551e-01,0.0000000000e+00,0.0000000000e+00,0.0000000000e+00
3640,3.7693586946e-01,-1.4329740405e-01,0.0000000000e+00,0.0000000000e+00,0.0000000000e+00
3641,3.7694317102e-01,-1.4330247045e-01,0.0000000000e+00,0.0000000000e+00,0.0000000000e+00
3642,3.7693277001e-01,-1.4329265058e-01,0.0000000000e+00,0.0000000000e+00,0.0000000000e+00
3643,3.7694221735e-01,-1.4330424368e-01,0.0000000000e+00,0.0000000000e+00,0.0000000000e+00
3644,3.7693041563e-01,-1.4328934252e-01,0.0000000000e+00,0.0000000000e+00,0.0000000000e+00
3645,3.7694019079e-01,-1.4330469072e-01,0.0000000000e+00,0.0000000000e+00,0.0000000000e+00
3646,3.7692806125e-01,-1.4328663051e-01,0.0000000000e+00,0.0000000000e+00,0.0000000000e+00
3647,3.7693968415e-01,-1.4330489933e-01,0.0000000000e+00,0.0000000000e+00,0.0000000000e+00
3648,3.7692350149e-01,-1.4328363538e-01,0.0000000000e+00,0.0000000000e+00,0.0000000000e+00
3649,3.7692409754e-01,-1.4329333603e-01,0.0000000000e+00,0.0000000000e+00,0.0000000000e+00
3650,3.7692120671e-01,-1.4329016209e-01,0.0000000000e+00,0.0000000000e+00,0.0000000000e+00
3651,3.7691956758e-01,-1.4328545332e-01,0.0000000000e+00,0.0000000000e+00,0.0000000000e+00
3652,3.7693291903e-01,-1.4329074323e-01,0.0000000000e+00,0.0000000000e+00,0.0000000000e+00
3653,3.7692016363e-01,-1.4329214394e-01,0.0000000000e+00,0.0000000000e+00,0.0000000000e+00
3654,3.7692946196e-01,-1.4328837395e-01,0.0000000000e+00,0.0000000000e+00,0.0000000000e+00
3655,3.7692192197e-01,-1.4329458773e-01,0.0000000000e+00,0.0000000000e+00,0.0000000000e+00
3656,3.7692272663e-01,-1.4328396320e-01,0.0000000000e+00,0.0000000000e+00,0.0000000000e+00
3657,3.7692454457e-01,-1.4329583943e-01,0.0000000000e+00,0.0000000000e+00,0.0000000000e+00
3658,3.7691929936e-01,-1.4328345656e-01,0.0000000000e+00,0.0000000000e+00,0.0000000000e+00
3659,3.7692075968e-01,-1.4329183102e-01,0.0000000000e+00,0.0000000000e+00,0.0000000000e+00
3660,3.7692061067e-01,-1.4328618348e-01,0.0000000000e+00,0.0000000000e+00,0.0000000000e+00
3661,3.7691536546e-01,-1.4328634739e-01,0.0000000000e+00,0.0000000000e+00,0.0000000000e+00
3662,3.7692093849e-01,-1.4328910410e-01,0.0000000000e+00,0.0000000000e+00,0.0000000000e+00
3663,3.7691259384e-01,-1.4328193665e-01,0.0000000000e+00,0.0000000000e+00,0.0000000000e+00
3664,3.7691900134e-01,-1.4328956604e-01,0.0000000000e+00,0.0000000000e+00,0.0000000000e+00
3665,3.7691080570e-01,-1.4328055084e-01,0.0000000000e+00,0.0000000000e+00,0.0000000000e+00
3666,3.7691670656e-01,-1.4328703284e-01,0.0000000000e+00,0.0000000000e+00,0.0000000000e+00
3667,3.7691029906e-01,-1.4328478277e-01,0.0000000000e+00,0.0000000000e+00,0.0000000000e+00
3668,3.7691375613e-01,-1.4327955246e-01,0.0000000000e+00,0.0000000000e+00,0.0000000000e+00
3669,3.7690579891e-01,-1.4328442514e-01,0.0000000000e+00,0.0000000000e+00,0.0000000000e+00
3670,3.7691590190e-01,-1.4328192174e-01,0.0000000000e+00,0.0000000000e+00,0.0000000000e+00
3671,3.7690106034e-01,-1.4327993989e-01,0.0000000000e+00,0.0000000000e+00,0.0000000000e+00
3672,3.7691518664e-01,-1.4328180254e-01,0.0000000000e+00,0.0000000000e+00,0.0000000000e+00
3673,3.7689927220e-01,-1.4327919483e-01,0.0000000000e+00,0.0000000000e+00,0.0000000000e+00
3674,3.7691122293e-01,-1.4327859879e-01,0.0000000000e+00,0.0000000000e+00,0.0000000000e+00
3675,3.7690058351e-01,-1.4328077435e-01,0.0000000000e+00,0.0000000000e+00,0.0000000000e+00
3676,3.7690496445e-01,-1.4327394962e-01,0.0000000000e+00,0.0000000000e+00,0.0000000000e+00
3677,3.7690359354e-01,-1.4328426123e-01,0.0000000000e+00,0.0000000000e+00,0.0000000000e+00
3678,3.7689912319e-01,-1.4327034354e-01,0.0000000000e+00,0.0000000000e+00,0.0000000000e+00
3679,3.7690231204e-01,-1.4328210056e-01,0.0000000000e+00,0.0000000000e+00,0.0000000000e+00
3680,3.7690001726e-01,-1.4327266812e-01,0.0000000000e+00,0.0000000000e+00,0.0000000000e+00
3681,3.7689620256e-01,-1.4327548444e-01,0.0000000000e+00,0.0000000000e+00,0.0000000000e+00
3682,3.7690174580e-01,-1.4327786863e-01,0.0000000000e+00,0.0000000000e+00,0.0000000000e+00
3683,3.7689137459e-01,-1.4326800406e-01,0.0000000000e+00,0.0000000000e+00,0.0000000000e+00
3684,3.7690138817e-01,-1.4328248799e-01,0.0000000000e+00,0.0000000000e+00,0.0000000000e+00
3685,3.7688931823e-01,-1.4326260984e-01,0.0000000000e+00,0.0000000000e+00,0.0000000000e+00
3686,3.7689951062e-01,-1.4328390360e-01,0.0000000000e+00,0.0000000000e+00,0.0000000000e+00
3687,3.7688675523e-01,-1.4326050878e-01,0.0000000000e+00,0.0000000000e+00,0.0000000000e+00
3688,3.7690001726e-01,-1.4328181744e-01,0.0000000000e+00,0.0000000000e+00,0.0000000000e+00
3689,3.7688109279e-01,-1.4326106012e-01,0.0000000000e+00,0.0000000000e+00,0.0000000000e+00
3690,3.7689876556e-01,-1.4328017831e-01,0.0000000000e+00,0.0000000000e+00,0.0000000000e+00
3691,3.7688139081e-01,-1.4326038957e-01,0.0000000000e+00,0.0000000000e+00,0.0000000000e+00
3692,3.7689110637e-01,-1.4327690005e-01,0.0000000000e+00,0.0000000000e+00,0.0000000000e+00
3693,3.7688374519e-01,-1.4326183498e-01,0.0000000000e+00,0.0000000000e+00,0.0000000000e+00
3694,3.7688201666e-01,-1.4326910675e-01,0.0000000000e+00,0.0000000000e+00,0.0000000000e+00
3695,3.7688052654e-01,-1.4326462150e-01,0.0000000000e+00,0.0000000000e+00,0.0000000000e+00
3696,3.7688690424e-01,-1.4326588809e-01,0.0000000000e+00,0.0000000000e+00,0.0000000000e+00
3697,3.7688133121e-01,-1.4326870441e-01,0.0000000000e+00,0.0000000000e+00,0.0000000000e+00
3698,3.7688323855e-01,-1.4326161146e-01,0.0000000000e+00,0.0000000000e+00,0.0000000000e+00
3699,3.7688082457e-01,-1.4326919615e-01,0.0000000000e+00,0.0000000000e+00,0.0000000000e+00
3700,3.7688121200e-01,-1.4326143265e-01,0.0000000000e+00,0.0000000000e+00,0.0000000000e+00
3701,3.7687769532e-01,-1.4326512814e-01,0.0000000000e+00,0.0000000000e+00,0.0000000000e+00
3702,3.7688064575e-01,-1.4326512814e-01,0.0000000000e+00,0.0000000000e+00,0.0000000000e+00
3703,3.7687492371e-01,-1.4325796068e-01,0.0000000000e+00,0.0000000000e+00,0.0000000000e+00
3704,3.7687289715e-01,-1.4326216280e-01,0.0000000000e+00,0.0000000000e+00,0.0000000000e+00
3705,3.7687131763e-01,-1.4325325191e-01,0.0000000000e+00,0.0000000000e+00,0.0000000000e+00
3706,3.7688058615e-01,-1.4326922596e-01,0.0000000000e+00,0.0000000000e+00,0.0000000000e+00
3707,3.7686720490e-01,-1.4325131476e-01,0.0000000000e+00,0.0000000000e+00,0.0000000000e+00
3708,3.7688052654e-01,-1.4326862991e-01,0.0000000000e+00,0.0000000000e+00,0.0000000000e+00
3709,3.7686339021e-01,-1.4325138927e-01,0.0000000000e+00,0.0000000000e+00,0.0000000000e+00
3710,3.7688049674e-01,-1.4326536655e-01,0.0000000000e+00,0.0000000000e+00,0.0000000000e+00
3711,3.7686026096e-01,-1.4325346053e-01,0.0000000000e+00,0.0000000000e+00,0.0000000000e+00
3712,3.7687855959e-01,-1.4326190948e-01,0.0000000000e+00,0.0000000000e+00,0.0000000000e+00
3713,3.7686026096e-01,-1.4325298369e-01,0.0000000000e+00,0.0000000000e+00,0.0000000000e+00
3714,3.7687364221e-01,-1.4325964451e-01,0.0000000000e+00,0.0000000000e+00,0.0000000000e+00
3715,3.7686854601e-01,-1.4325426519e-01,0.0000000000e+00,0.0000000000e+00,0.0000000000e+00
3716,3.7686958909e-01,-1.4325571060e-01,0.0000000000e+00,0.0000000000e+00,0.0000000000e+00
3717,3.7686124444e-01,-1.4325551689e-01,0.0000000000e+00,0.0000000000e+00,0.0000000000e+00
3718,3.7686681747e-01,-1.4325325191e-01,0.0000000000e+00,0.0000000000e+00,0.0000000000e+00
3719,3.7685993314e-01,-1.4325423539e-01,0.0000000000e+00,0.0000000000e+00,0.0000000000e+00
3720,3.7686440349e-01,-1.4325325191e-01,0.0000000000e+00,0.0000000000e+00,0.0000000000e+00
3721,3.7685853243e-01,-1.4325144887e-01,0.0000000000e+00,0.0000000000e+00,0.0000000000e+00
3722,3.7686210871e-01,-1.4325414598e-01,0.0000000000e+00,0.0000000000e+00,0.0000000000e+00
3723,3.7685677409e-01,-1.4324761927e-01,0.0000000000e+00,0.0000000000e+00,0.0000000000e+00
3724,3.7686049938e-01,-1.4325632155e-01,0.0000000000e+00,0.0000000000e+00,0.0000000000e+00
3725,3.7686127424e-01,-1.4325074852e-01,0.0000000000e+00,0.0000000000e+00,0.0000000000e+00
3726,3.7686058879e-01,-1.4325757325e-01,0.0000000000e+00,0.0000000000e+00,0.0000000000e+00
3727,3.7684923410e-01,-1.4324371517e-01,0.0000000000e+00,0.0000000000e+00,0.0000000000e+00
3728,3.7686178088e-01,-1.4325463772e-01,0.0000000000e+00,0.0000000000e+00,0.0000000000e+00
3729,3.7684559822e-01,-1.4324302971e-01,0.0000000000e+00,0.0000000000e+00,0.0000000000e+00
3730,3.7686127424e-01,-1.4325104654e-01,0.0000000000e+00,0.0000000000e+00,0.0000000000e+00
3731,3.7684354186e-01,-1.4324305952e-01,0.0000000000e+00,0.0000000000e+00,0.0000000000e+00
3732,3.7685900927e-01,-1.4324724674e-01,0.0000000000e+00,0.0000000000e+00,0.0000000000e+00
3733,3.7684276700e-01,-1.4324498177e-01,0.0000000000e+00,0.0000000000e+00,0.0000000000e+00
3734,3.7685623765e-01,-1.4324463904e-01,0.0000000000e+00,0.0000000000e+00,0.0000000000e+00
3735,3.7684187293e-01,-1.4324545860e-01,0.0000000000e+00,0.0000000000e+00,0.0000000000e+00
3736,3.7685269117e-01,-1.4324355125e-01,0.0000000000e+00,0.0000000000e+00,0.0000000000e+00
3737,3.7684243917e-01,-1.4324402809e-01,0.0000000000e+00,0.0000000000e+00,0.0000000000e+00
3738,3.7684875727e-01,-1.4324232936e-01,0.0000000000e+00,0.0000000000e+00,0.0000000000e+00
3739,3.7684115767e-01,-1.4324231446e-01,0.0000000000e+00,0.0000000000e+00,0.0000000000e+00
3740,3.7684735656e-01,-1.4324259758e-01,0.0000000000e+00,0.0000000000e+00,0.0000000000e+00
3741,3.7683939934e-01,-1.4323887229e-01,0.0000000000e+00,0.0000000000e+00,0.0000000000e+00
3742,3.7684622407e-01,-1.4324437082e-01,0.0000000000e+00,0.0000000000e+00,0.0000000000e+00
3743,3.7683776021e-01,-1.4323493838e-01,0.0000000000e+00,0.0000000000e+00,0.0000000000e+00
3744,3.7683683634e-01,-1.4323733747e-01,0.0000000000e+00,0.0000000000e+00,0.0000000000e+00
3745,3.7683573365e-01,-1.4323283732e-01,0.0000000000e+00,0.0000000000e+00,0.0000000000e+00
3746,3.7683686614e-01,-1.4322948456e-01,0.0000000000e+00,0.0000000000e+00,0.0000000000e+00
3747,3.7684360147e-01,-1.4324322343e-01,0.0000000000e+00,0.0000000000e+00,0.0000000000e+00
3748,3.7683007121e-01,-1.4323036373e-01,0.0000000000e+00,0.0000000000e+00,0.0000000000e+00
3749,3.7684386969e-01,-1.4324250817e-01,0.0000000000e+00,0.0000000000e+00,0.0000000000e+00
3750,3.7682721019e-01,-1.4323134720e-01,0.0000000000e+00,0.0000000000e+00,0.0000000000e+00
3751,3.7684240937e-01,-1.4323952794e-01,0.0000000000e+00,0.0000000000e+00,0.0000000000e+00
3752,3.7682577968e-01,-1.4323218167e-01,0.0000000000e+00,0.0000000000e+00,0.0000000000e+00
3753,3.7684014440e-01,-1.4323557913e-01,0.0000000000e+00,0.0000000000e+00,0.0000000000e+00
3754,3.7682503462e-01,-1.4323405921e-01,0.0000000000e+00,0.0000000000e+00,0.0000000000e+00
3755,3.7683746219e-01,-1.4323171973e-01,0.0000000000e+00,0.0000000000e+00,0.0000000000e+00
3756,3.7682434916e-01,-1.4323461056e-01,0.0000000000e+00,0.0000000000e+00,0.0000000000e+00
3757,3.7683403492e-01,-1.4323003590e-01,0.0000000000e+00,0.0000000000e+00,0.0000000000e+00
3758,3.7682452798e-01,-1.4323407412e-01,0.0000000000e+00,0.0000000000e+00,0.0000000000e+00
3759,3.7683090568e-01,-1.4322897792e-01,0.0000000000e+00,0.0000000000e+00,0.0000000000e+00
3760,3.7682363391e-01,-1.4323125780e-01,0.0000000000e+00,0.0000000000e+00,0.0000000000e+00
3761,3.7682920694e-01,-1.4323039353e-01,0.0000000000e+00,0.0000000000e+00,0.0000000000e+00
3762,3.7682166696e-01,-1.4322708547e-01,0.0000000000e+00,0.0000000000e+00,0.0000000000e+00
3763,3.7682726979e-01,-1.4323203266e-01,0.0000000000e+00,0.0000000000e+00,0.0000000000e+00
3764,3.7682107091e-01,-1.4322371781e-01,0.0000000000e+00,0.0000000000e+00,0.0000000000e+00
3765,3.7681949139e-01,-1.4322669804e-01,0.0000000000e+00,0.0000000000e+00,0.0000000000e+00
3766,3.7681838870e-01,-1.4322011173e-01,0.0000000000e+00,0.0000000000e+00,0.0000000000e+00
3767,3.7682580948e-01,-1.4323197305e-01,0.0000000000e+00,0.0000000000e+00,0.0000000000e+00
3768,3.7681367993e-01,-1.4321875572e-01,0.0000000000e+00,0.0000000000e+00,0.0000000000e+00
3769,3.7682712078e-01,-1.4323218167e-01,0.0000000000e+00,0.0000000000e+00,0.0000000000e+00
3770,3.7680926919e-01,-1.4321827888e-01,0.0000000000e+00,0.0000000000e+00,0.0000000000e+00
3771,3.7682700157e-01,-1.4323100448e-01,0.0000000000e+00,0.0000000000e+00,0.0000000000e+00
3772,3.7680721283e-01,-1.4321763813e-01,0.0000000000e+00,0.0000000000e+00,0.0000000000e+00
3773,3.7682542205e-01,-1.4322607219e-01,0.0000000000e+00,0.0000000000e+00,0.0000000000e+00
3774,3.7680637836e-01,-1.4322049916e-01,0.0000000000e+00,0.0000000000e+00,0.0000000000e+00
3775,3.7682220340e-01,-1.4322239161e-01,0.0000000000e+00,0.0000000000e+00,0.0000000000e+00
3776,3.7680754066e-01,-1.4322069287e-01,0.0000000000e+00,0.0000000000e+00,0.0000000000e+00
3777,3.7681135535e-01,-1.4322273433e-01,0.0000000000e+00,0.0000000000e+00,0.0000000000e+00
3778,3.7680786848e-01,-1.4322200418e-01,0.0000000000e+00,0.0000000000e+00,0.0000000000e+00
3779,3.7681433558e-01,-1.4321838319e-01,0.0000000000e+00,0.0000000000e+00,0.0000000000e+00
3780,3.7680637836e-01,-1.4321929216e-01,0.0000000000e+00,0.0000000000e+00,0.0000000000e+00
3781,3.7681338191e-01,-1.4321947098e-01,0.0000000000e+00,0.0000000000e+00,0.0000000000e+00
3782,3.7680456042e-01,-1.4321579039e-01,0.0000000000e+00,0.0000000000e+00,0.0000000000e+00
3783,3.7681141496e-01,-1.4322049916e-01,0.0000000000e+00,0.0000000000e+00,0.0000000000e+00
3784,3.7680363655e-01,-1.4321272075e-01,0.0000000000e+00,0.0000000000e+00,0.0000000000e+00
3785,3.7680929899e-01,-1.4322151244e-01,0.0000000000e+00,0.0000000000e+00,0.0000000000e+00
3786,3.7680172920e-01,-1.4320880175e-01,0.0000000000e+00,0.0000000000e+00,0.0000000000e+00
3787,3.7680065632e-01,-1.4321665466e-01,0.0000000000e+00,0.0000000000e+00,0.0000000000e+00
3788,3.7679794431e-01,-1.4320680499e-01,0.0000000000e+00,0.0000000000e+00,0.0000000000e+00
3789,3.7680977583e-01,-1.4321956038e-01,0.0000000000e+00,0.0000000000e+00,0.0000000000e+00
3790,3.7679344416e-01,-1.4320717752e-01,0.0000000000e+00,0.0000000000e+00,0.0000000000e+00
3791,3.7681066990e-01,-1.4321795106e-01,0.0000000000e+00,0.0000000000e+00,0.0000000000e+00
3792,3.7679114938e-01,-1.4320699871e-01,0.0000000000e+00,0.0000000000e+00,0.0000000000e+00
3793,3.7680864334e-01,-1.4321643114e-01,0.0000000000e+00,0.0000000000e+00,0.0000000000e+00
3794,3.7679055333e-01,-1.4320914447e-01,0.0000000000e+00,0.0000000000e+00,0.0000000000e+00
3795,3.7680536509e-01,-1.4321193099e-01,0.0000000000e+00,0.0000000000e+00,0.0000000000e+00
3796,3.7679064274e-01,-1.4321024716e-01,0.0000000000e+00,0.0000000000e+00,0.0000000000e+00
3797,3.7680223584e-01,-1.4320871234e-01,0.0000000000e+00,0.0000000000e+00,0.0000000000e+00
3798,3.7679076195e-01,-1.4321002364e-01,0.0000000000e+00,0.0000000000e+00,0.0000000000e+00
3799,3.7679243088e-01,-1.4320847392e-01,0.0000000000e+00,0.0000000000e+00,0.0000000000e+00
3800,3.7679040432e-01,-1.4320841432e-01,0.0000000000e+00,0.0000000000e+00,0.0000000000e+00
3801,3.7679678202e-01,-1.4320892096e-01,0.0000000000e+00,0.0000000000e+00,0.0000000000e+00
3802,3.7678831816e-01,-1.4320436120e-01,0.0000000000e+00,0.0000000000e+00,0.0000000000e+00
3803,3.7679573894e-01,-1.4320956171e-01,0.0000000000e+00,0.0000000000e+00,0.0000000000e+00
3804,3.7678700686e-01,-1.4320215583e-01,0.0000000000e+00,0.0000000000e+00,0.0000000000e+00
3805,3.7679377198e-01,-1.4320915937e-01,0.0000000000e+00,0.0000000000e+00,0.0000000000e+00
3806,3.7678584456e-01,-1.4320074022e-01,0.0000000000e+00,0.0000000000e+00,0.0000000000e+00
3807,3.7679269910e-01,-1.4320835471e-01,0.0000000000e+00,0.0000000000e+00,0.0000000000e+00
3808,3.7678274512e-01,-1.4319808781e-01,0.0000000000e+00,0.0000000000e+00,0.0000000000e+00
3809,3.7679338455e-01,-1.4320990443e-01,0.0000000000e+00,0.0000000000e+00,0.0000000000e+00
3810,3.7677833438e-01,-1.4319409430e-01,0.0000000000e+00,0.0000000000e+00,0.0000000000e+00
3811,3.7679412961e-01,-1.4321127534e-01,0.0000000000e+00,0.0000000000e+00,0.0000000000e+00
3812,3.7677398324e-01,-1.4319248497e-01,0.0000000000e+00,0.0000000000e+00,0.0000000000e+00
3813,3.7679508328e-01,-1.4320847392e-01,0.0000000000e+00,0.0000000000e+00,0.0000000000e+00
3814,3.7677270174e-01,-1.4319287241e-01,0.0000000000e+00,0.0000000000e+00,0.0000000000e+00
3815,3.7679177523e-01,-1.4320585132e-01,0.0000000000e+00,0.0000000000e+00,0.0000000000e+00
3816,3.7677326798e-01,-1.4319398999e-01,0.0000000000e+00,0.0000000000e+00,0.0000000000e+00
3817,3.7677738070e-01,-1.4320035279e-01,0.0000000000e+00,0.0000000000e+00,0.0000000000e+00
3818,3.7677562237e-01,-1.4319959283e-01,0.0000000000e+00,0.0000000000e+00,0.0000000000e+00
3819,3.7678104639e-01,-1.4319507778e-01,0.0000000000e+00,0.0000000000e+00,0.0000000000e+00
3820,3.7677520514e-01,-1.4319762588e-01,0.0000000000e+00,0.0000000000e+00,0.0000000000e+00
3821,3.7678104639e-01,-1.4319661260e-01,0.0000000000e+00,0.0000000000e+00,0.0000000000e+00
3822,3.7677359581e-01,-1.4319446683e-01,0.0000000000e+00,0.0000000000e+00,0.0000000000e+00
3823,3.7677955627e-01,-1.4319707453e-01,0.0000000000e+00,0.0000000000e+00,0.0000000000e+00
3824,3.7677258253e-01,-1.4319233596e-01,0.0000000000e+00,0.0000000000e+00,0.0000000000e+00
3825,3.7677702308e-01,-1.4319621027e-01,0.0000000000e+00,0.0000000000e+00,0.0000000000e+00
3826,3.7677162886e-01,-1.4319142699e-01,0.0000000000e+00,0.0000000000e+00,0.0000000000e+00
3827,3.7677615881e-01,-1.4319491386e-01,0.0000000000e+00,0.0000000000e+00,0.0000000000e+00
3828,3.7676826119e-01,-1.4319053292e-01,0.0000000000e+00,0.0000000000e+00,0.0000000000e+00
3829,3.7677729130e-01,-1.4319342375e-01,0.0000000000e+00,0.0000000000e+00,0.0000000000e+00
3830,3.7676411867e-01,-1.4318877459e-01,0.0000000000e+00,0.0000000000e+00,0.0000000000e+00
3831,3.7677794695e-01,-1.4319199324e-01,0.0000000000e+00,0.0000000000e+00,0.0000000000e+00
3832,3.7676140666e-01,-1.4318844676e-01,0.0000000000e+00,0.0000000000e+00,0.0000000000e+00
3833,3.7677642703e-01,-1.4319059253e-01,0.0000000000e+00,0.0000000000e+00,0.0000000000e+00
3834,3.7676110864e-01,-1.4318875968e-01,0.0000000000e+00,0.0000000000e+00,0.0000000000e+00
3835,3.7677279115e-01,-1.4318627119e-01,0.0000000000e+00,0.0000000000e+00,0.0000000000e+00
3836,3.7676221132e-01,-1.4319156110e-01,0.0000000000e+00,0.0000000000e+00,0.0000000000e+00
3837,3.7676945329e-01,-1.4318390191e-01,0.0000000000e+00,0.0000000000e+00,0.0000000000e+00
3838,3.7676155567e-01,-1.4319060743e-01,0.0000000000e+00,0.0000000000e+00,0.0000000000e+00
3839,3.7676814198e-01,-1.4318363369e-01,0.0000000000e+00,0.0000000000e+00,0.0000000000e+00
3840,3.7675899267e-01,-1.4318633080e-01,0.0000000000e+00,0.0000000000e+00,0.0000000000e+00
3841,3.7676763535e-01,-1.4318659902e-01,0.0000000000e+00,0.0000000000e+00,0.0000000000e+00
3842,3.7675699592e-01,-1.4318095148e-01,0.0000000000e+00,0.0000000000e+00,0.0000000000e+00
3843,3.7676614523e-01,-1.4318953454e-01,0.0000000000e+00,0.0000000000e+00,0.0000000000e+00
3844,3.7675470114e-01,-1.4317594469e-01,0.0000000000e+00,0.0000000000e+00,0.0000000000e+00
3845,3.7676498294e-01,-1.4319169521e-01,0.0000000000e+00,0.0000000000e+00,0.0000000000e+00
3846,3.7675550580e-01,-1.4317265153e-01,0.0000000000e+00,0.0000000000e+00,0.0000000000e+00
3847,3.7675389647e-01,-1.4318056405e-01,0.0000000000e+00,0.0000000000e+00,0.0000000000e+00
3848,3.7675145268e-01,-1.4317250252e-01,0.0000000000e+00,0.0000000000e+00,0.0000000000e+00
3849,3.7676325440e-01,-1.4318236709e-01,0.0000000000e+00,0.0000000000e+00,0.0000000000e+00
3850,3.7674826384e-01,-1.4317682385e-01,0.0000000000e+00,0.0000000000e+00,0.0000000000e+00
3851,3.7676399946e-01,-1.4318273962e-01,0.0000000000e+00,0.0000000000e+00,0.0000000000e+00
3852,3.7674617767e-01,-1.4317581058e-01,0.0000000000e+00,0.0000000000e+00,0.0000000000e+00
3853,3.7676262856e-01,-1.4318124950e-01,0.0000000000e+00,0.0000000000e+00,0.0000000000e+00
3854,3.7674582005e-01,-1.4317761362e-01,0.0000000000e+00,0.0000000000e+00,0.0000000000e+00
3855,3.7675920129e-01,-1.4317700267e-01,0.0000000000e+00,0.0000000000e+00,0.0000000000e+00
3856,3.7674662471e-01,-1.4317984879e-01,0.0000000000e+00,0.0000000000e+00,0.0000000000e+00
3857,3.7675562501e-01,-1.4317205548e-01,0.0000000000e+00,0.0000000000e+00,0.0000000000e+00
3858,3.7674677372e-01,-1.4317917824e-01,0.0000000000e+00,0.0000000000e+00,0.0000000000e+00
3859,3.7675327063e-01,-1.4317221940e-01,0.0000000000e+00,0.0000000000e+00,0.0000000000e+00
3860,3.7674576044e-01,-1.4317558706e-01,0.0000000000e+00,0.0000000000e+00,0.0000000000e+00
3861,3.7675192952e-01,-1.4317475259e-01,0.0000000000e+00,0.0000000000e+00,0.0000000000e+00
3862,3.7674310803e-01,-1.4317053556e-01,0.0000000000e+00,0.0000000000e+00,0.0000000000e+00
3863,3.7675145268e-01,-1.4317739010e-01,0.0000000000e+00,0.0000000000e+00,0.0000000000e+00
3864,3.7674188614e-01,-1.4316627383e-01,0.0000000000e+00,0.0000000000e+00,0.0000000000e+00
3865,3.7674942613e-01,-1.4317932725e-01,0.0000000000e+00,0.0000000000e+00,0.0000000000e+00
3866,3.7674841285e-01,-1.4317224920e-01,0.0000000000e+00,0.0000000000e+00,0.0000000000e+00
3867,3.7674808502e-01,-1.4317812026e-01,0.0000000000e+00,0.0000000000e+00,0.0000000000e+00
3868,3.7673783302e-01,-1.4316679537e-01,0.0000000000e+00,0.0000000000e+00,0.0000000000e+00
3869,3.7674978375e-01,-1.4317391813e-01,0.0000000000e+00,0.0000000000e+00,0.0000000000e+00
3870,3.7673398852e-01,-1.4316450059e-01,0.0000000000e+00,0.0000000000e+00,0.0000000000e+00
3871,3.7674984336e-01,-1.4317315817e-01,0.0000000000e+00,0.0000000000e+00,0.0000000000e+00
3872,3.7673163414e-01,-1.4316333830e-01,0.0000000000e+00,0.0000000000e+00,0.0000000000e+00
3873,3.7674850225e-01,-1.4316952229e-01,0.0000000000e+00,0.0000000000e+00,0.0000000000e+00
3874,3.7673139572e-01,-1.4316526055e-01,0.0000000000e+00,0.0000000000e+00,0.0000000000e+00
3875,3.7674531341e-01,-1.4316627383e-01,0.0000000000e+00,0.0000000000e+00,0.0000000000e+00
3876,3.7673223019e-01,-1.4316833019e-01,0.0000000000e+00,0.0000000000e+00,0.0000000000e+00
3877,3.7674200535e-01,-1.4316268265e-01,0.0000000000e+00,0.0000000000e+00,0.0000000000e+00
3878,3.7673261762e-01,-1.4316800237e-01,0.0000000000e+00,0.0000000000e+00,0.0000000000e+00
3879,3.7673923373e-01,-1.4316207170e-01,0.0000000000e+00,0.0000000000e+00,0.0000000000e+00
3880,3.7673157454e-01,-1.4316457510e-01,0.0000000000e+00,0.0000000000e+00,0.0000000000e+00
3881,3.7673819065e-01,-1.4316380024e-01,0.0000000000e+00,0.0000000000e+00,0.0000000000e+00
3882,3.7672978640e-01,-1.4315991104e-01,0.0000000000e+00,0.0000000000e+00,0.0000000000e+00
3883,3.7673780322e-01,-1.4316631854e-01,0.0000000000e+00,0.0000000000e+00,0.0000000000e+00
3884,3.7672832608e-01,-1.4315536618e-01,0.0000000000e+00,0.0000000000e+00,0.0000000000e+00
3885,3.7672829628e-01,-1.4315870404e-01,0.0000000000e+00,0.0000000000e+00,0.0000000000e+00
3886,3.7672761083e-01,-1.4315342903e-01,0.0000000000e+00,0.0000000000e+00,0.0000000000e+00
3887,3.7673464417e-01,-1.4316150546e-01,0.0000000000e+00,0.0000000000e+00,0.0000000000e+00
3888,3.7672418356e-01,-1.4315727353e-01,0.0000000000e+00,0.0000000000e+00,0.0000000000e+00
3889,3.7673559785e-01,-1.4316052198e-01,0.0000000000e+00,0.0000000000e+00,0.0000000000e+00
3890,3.7672141194e-01,-1.4315620065e-01,0.0000000000e+00,0.0000000000e+00,0.0000000000e+00
3891,3.7673532963e-01,-1.4315912127e-01,0.0000000000e+00,0.0000000000e+00,0.0000000000e+00
3892,3.7671980262e-01,-1.4315590262e-01,0.0000000000e+00,0.0000000000e+00,0.0000000000e+00
3893,3.7673315406e-01,-1.4315642416e-01,0.0000000000e+00,0.0000000000e+00,0.0000000000e+00
3894,3.7672042847e-01,-1.4315861464e-01,0.0000000000e+00,0.0000000000e+00,0.0000000000e+00
3895,3.7672981620e-01,-1.4315220714e-01,0.0000000000e+00,0.0000000000e+00,0.0000000000e+00
3896,3.7672093511e-01,-1.4315965772e-01,0.0000000000e+00,0.0000000000e+00,0.0000000000e+00
3897,3.7672653794e-01,-1.4314885437e-01,0.0000000000e+00,0.0000000000e+00,0.0000000000e+00
3898,3.7672084570e-01,-1.4315825701e-01,0.0000000000e+00,0.0000000000e+00,0.0000000000e+00
3899,3.7672457099e-01,-1.4314964414e-01,0.0000000000e+00,0.0000000000e+00,0.0000000000e+00
3900,3.7671911716e-01,-1.4315387607e-01,0.0000000000e+00,0.0000000000e+00,0.0000000000e+00
3901,3.7672409415e-01,-1.4315225184e-01,0.0000000000e+00,0.0000000000e+00,0.0000000000e+00
3902,3.7671726942e-01,-1.4314931631e-01,0.0000000000e+00,0.0000000000e+00,0.0000000000e+00
3903,3.7672281265e-01,-1.4315429330e-01,0.0000000000e+00,0.0000000000e+00,0.0000000000e+00
3904,3.7671640515e-01,-1.4314541221e-01,0.0000000000e+00,0.0000000000e+00,0.0000000000e+00
3905,3.7672108412e-01,-1.4315572381e-01,0.0000000000e+00,0.0000000000e+00,0.0000000000e+00
3906,3.7671488523e-01,-1.4314180613e-01,0.0000000000e+00,0.0000000000e+00,0.0000000000e+00
3907,3.7672066689e-01,-1.4315727353e-01,0.0000000000e+00,0.0000000000e+00,0.0000000000e+00
3908,3.7671920657e-01,-1.4314371347e-01,0.0000000000e+00,0.0000000000e+00,0.0000000000e+00
3909,3.7672346830e-01,-1.4315693080e-01,0.0000000000e+00,0.0000000000e+00,0.0000000000e+00
3910,3.7670570612e-01,-1.4314061403e-01,0.0000000000e+00,0.0000000000e+00,0.0000000000e+00
3911,3.7672543526e-01,-1.4315284789e-01,0.0000000000e+00,0.0000000000e+00,0.0000000000e+00
3912,3.7670317292e-01,-1.4313955605e-01,0.0000000000e+00,0.0000000000e+00,0.0000000000e+00
3913,3.7672358751e-01,-1.4315095544e-01,0.0000000000e+00,0.0000000000e+00,0.0000000000e+00
3914,3.7670350075e-01,-1.4314015210e-01,0.0000000000e+00,0.0000000000e+00,0.0000000000e+00
3915,3.7671977282e-01,-1.4314736426e-01,0.0000000000e+00,0.0000000000e+00,0.0000000000e+00
3916,3.7670522928e-01,-1.4314216375e-01,0.0000000000e+00,0.0000000000e+00,0.0000000000e+00
3917,3.7671574950e-01,-1.4314317703e-01,0.0000000000e+00,0.0000000000e+00,0.0000000000e+00
3918,3.7671244144e-01,-1.4314146340e-01,0.0000000000e+00,0.0000000000e+00,0.0000000000e+00
3919,3.7671333551e-01,-1.4313946664e-01,0.0000000000e+00,0.0000000000e+00,0.0000000000e+00
3920,3.7670591474e-01,-1.4314186573e-01,0.0000000000e+00,0.0000000000e+00,0.0000000000e+00
3921,3.7671184540e-01,-1.4314186573e-01,0.0000000000e+00,0.0000000000e+00,0.0000000000e+00
3922,3.7670356035e-01,-1.4313788712e-01,0.0000000000e+00,0.0000000000e+00,0.0000000000e+00
3923,3.7671115994e-01,-1.4314313233e-01,0.0000000000e+00,0.0000000000e+00,0.0000000000e+00
3924,3.7670245767e-01,-1.4313562214e-01,0.0000000000e+00,0.0000000000e+00,0.0000000000e+00
3925,3.7670922279e-01,-1.4314265549e-01,0.0000000000e+00,0.0000000000e+00,0.0000000000e+00
3926,3.7670192122e-01,-1.4313413203e-01,0.0000000000e+00,0.0000000000e+00,0.0000000000e+00
3927,3.7670803070e-01,-1.4314311743e-01,0.0000000000e+00,0.0000000000e+00,0.0000000000e+00
3928,3.7669879198e-01,-1.4313107729e-01,0.0000000000e+00,0.0000000000e+00,0.0000000000e+00
3929,3.7671011686e-01,-1.4314477146e-01,0.0000000000e+00,0.0000000000e+00,0.0000000000e+00
3930,3.7669456005e-01,-1.4312689006e-01,0.0000000000e+00,0.0000000000e+00,0.0000000000e+00
3931,3.7671133876e-01,-1.4314562082e-01,0.0000000000e+00,0.0000000000e+00,0.0000000000e+00
3932,3.7669026852e-01,-1.4312599599e-01,0.0000000000e+00,0.0000000000e+00,0.0000000000e+00
3933,3.7671259046e-01,-1.4314228296e-01,0.0000000000e+00,0.0000000000e+00,0.0000000000e+00
3934,3.7668976188e-01,-1.4312686026e-01,0.0000000000e+00,0.0000000000e+00,0.0000000000e+00
3935,3.7670874596e-01,-1.4313927293e-01,0.0000000000e+00,0.0000000000e+00,0.0000000000e+00
3936,3.7670192122e-01,-1.4313055575e-01,0.0000000000e+00,0.0000000000e+00,0.0000000000e+00
3937,3.7670269608e-01,-1.4313004911e-01,0.0000000000e+00,0.0000000000e+00,0.0000000000e+00
3938,3.7669724226e-01,-1.4313530922e-01,0.0000000000e+00,0.0000000000e+00,0.0000000000e+00
3939,3.7669947743e-01,-1.4312960207e-01,0.0000000000e+00,0.0000000000e+00,0.0000000000e+00
3940,3.7669411302e-01,-1.4313122630e-01,0.0000000000e+00,0.0000000000e+00,0.0000000000e+00
3941,3.7669873238e-01,-1.4313085377e-01,0.0000000000e+00,0.0000000000e+00,0.0000000000e+00
3942,3.7669244409e-01,-1.4312808216e-01,0.0000000000e+00,0.0000000000e+00,0.0000000000e+00
3943,3.7669727206e-01,-1.4313112199e-01,0.0000000000e+00,0.0000000000e+00,0.0000000000e+00
3944,3.7669232488e-01,-1.4312650263e-01,0.0000000000e+00,0.0000000000e+00,0.0000000000e+00
3945,3.7669509649e-01,-1.4312970638e-01,0.0000000000e+00,0.0000000000e+00,0.0000000000e+00
3946,3.7669166923e-01,-1.4312678576e-01,0.0000000000e+00,0.0000000000e+00,0.0000000000e+00
3947,3.7669429183e-01,-1.4312626421e-01,0.0000000000e+00,0.0000000000e+00,0.0000000000e+00
3948,3.7668859959e-01,-1.4312744141e-01,0.0000000000e+00,0.0000000000e+00,0.0000000000e+00
3949,3.7669578195e-01,-1.4312517643e-01,0.0000000000e+00,0.0000000000e+00,0.0000000000e+00
3950,3.7668457627e-01,-1.4312569797e-01,0.0000000000e+00,0.0000000000e+00,0.0000000000e+00
3951,3.7669670582e-01,-1.4312411845e-01,0.0000000000e+00,0.0000000000e+00,0.0000000000e+00
3952,3.7668240070e-01,-1.4312505722e-01,0.0000000000e+00,0.0000000000e+00,0.0000000000e+00
3953,3.7669506669e-01,-1.4312179387e-01,0.0000000000e+00,0.0000000000e+00,0.0000000000e+00
3954,3.7668305635e-01,-1.4312577248e-01,0.0000000000e+00,0.0000000000e+00,0.0000000000e+00
3955,3.7669140100e-01,-1.4311867952e-01,0.0000000000e+00,0.0000000000e+00,0.0000000000e+00
3956,3.7668484449e-01,-1.4312772453e-01,0.0000000000e+00,0.0000000000e+00,0.0000000000e+00
3957,3.7668788433e-01,-1.4311513305e-01,0.0000000000e+00,0.0000000000e+00,0.0000000000e+00
3958,3.7668505311e-01,-1.4312703907e-01,0.0000000000e+00,0.0000000000e+00,0.0000000000e+00
3959,3.7668704987e-01,-1.4311628044e-01,0.0000000000e+00,0.0000000000e+00,0.0000000000e+00
3960,3.7668198347e-01,-1.4312162995e-01,0.0000000000e+00,0.0000000000e+00,0.0000000000e+00
3961,3.7668755651e-01,-1.4311955869e-01,0.0000000000e+00,0.0000000000e+00,0.0000000000e+00
3962,3.7667986751e-01,-1.4311631024e-01,0.0000000000e+00,0.0000000000e+00,0.0000000000e+00
3963,3.7668666244e-01,-1.4312238991e-01,0.0000000000e+00,0.0000000000e+00,0.0000000000e+00
3964,3.7667906284e-01,-1.4311189950e-01,0.0000000000e+00,0.0000000000e+00,0.0000000000e+00
3965,3.7668484449e-01,-1.4312408864e-01,0.0000000000e+00,0.0000000000e+00,0.0000000000e+00
3966,3.7667831779e-01,-1.4310842752e-01,0.0000000000e+00,0.0000000000e+00,0.0000000000e+00
3967,3.7668311596e-01,-1.4312487841e-01,0.0000000000e+00,0.0000000000e+00,0.0000000000e+00
3968,3.7667793036e-01,-1.4310617745e-01,0.0000000000e+00,0.0000000000e+00,0.0000000000e+00
3969,3.7667894363e-01,-1.4312271774e-01,0.0000000000e+00,0.0000000000e+00,0.0000000000e+00
3970,3.7667852640e-01,-1.4310541749e-01,0.0000000000e+00,0.0000000000e+00,0.0000000000e+00
3971,3.7668296695e-01,-1.4312562346e-01,0.0000000000e+00,0.0000000000e+00,0.0000000000e+00
3972,3.7666651607e-01,-1.4310063422e-01,0.0000000000e+00,0.0000000000e+00,0.0000000000e+00
3973,3.7668949366e-01,-1.4312325418e-01,0.0000000000e+00,0.0000000000e+00,0.0000000000e+00
3974,3.7666487694e-01,-1.4310373366e-01,0.0000000000e+00,0.0000000000e+00,0.0000000000e+00
3975,3.7668535113e-01,-1.4311805367e-01,0.0000000000e+00,0.0000000000e+00,0.0000000000e+00
3976,3.7666854262e-01,-1.4310750365e-01,0.0000000000e+00,0.0000000000e+00,0.0000000000e+00
3977,3.7667983770e-01,-1.4311131835e-01,0.0000000000e+00,0.0000000000e+00,0.0000000000e+00
3978,3.7667182088e-01,-1.4311060309e-01,0.0000000000e+00,0.0000000000e+00,0.0000000000e+00
3979,3.7667134404e-01,-1.4311076701e-01,0.0000000000e+00,0.0000000000e+00,0.0000000000e+00
3980,3.7667089701e-01,-1.4311216772e-01,0.0000000000e+00,0.0000000000e+00,0.0000000000e+00
3981,3.7667548656e-01,-1.4310705662e-01,0.0000000000e+00,0.0000000000e+00,0.0000000000e+00
3982,3.7666893005e-01,-1.4310741425e-01,0.0000000000e+00,0.0000000000e+00,0.0000000000e+00
3983,3.7667563558e-01,-1.4310987294e-01,0.0000000000e+00,0.0000000000e+00,0.0000000000e+00
3984,3.7666681409e-01,-1.4310285449e-01,0.0000000000e+00,0.0000000000e+00,0.0000000000e+00
3985,3.7667447329e-01,-1.4311112463e-01,0.0000000000e+00,0.0000000000e+00,0.0000000000e+00
3986,3.7666675448e-01,-1.4310017228e-01,0.0000000000e+00,0.0000000000e+00,0.0000000000e+00
3987,3.7667208910e-01,-1.4311152697e-01,0.0000000000e+00,0.0000000000e+00,0.0000000000e+00
3988,3.7666559219e-01,-1.4309725165e-01,0.0000000000e+00,0.0000000000e+00,0.0000000000e+00
3989,3.7667229772e-01,-1.4311295748e-01,0.0000000000e+00,0.0000000000e+00,0.0000000000e+00
3990,3.7667307258e-01,-1.4310336113e-01,0.0000000000e+00,0.0000000000e+00,0.0000000000e+00
3991,3.7667441368e-01,-1.4311058819e-01,0.0000000000e+00,0.0000000000e+00,0.0000000000e+00
3992,3.7665885687e-01,-1.4310063422e-01,0.0000000000e+00,0.0000000000e+00,0.0000000000e+00
3993,3.7667444348e-01,-1.4310416579e-01,0.0000000000e+00,0.0000000000e+00,0.0000000000e+00
3994,3.7665811181e-01,-1.4310005307e-01,0.0000000000e+00,0.0000000000e+00,0.0000000000e+00
3995,3.7667122483e-01,-1.4310145378e-01,0.0000000000e+00,0.0000000000e+00,0.0000000000e+00
3996,3.7666007876e-01,-1.4310218394e-01,0.0000000000e+00,0.0000000000e+00,0.0000000000e+00
3997,3.7666660547e-01,-1.4309610426e-01,0.0000000000e+00,0.0000000000e+00,0.0000000000e+00
3998,3.7666174769e-01,-1.4310453832e-01,0.0000000000e+00,0.0000000000e+00,0.0000000000e+00
3999,3.7666437030e-01,-1.4309297502e-01,0.0000000000e+00,0.0000000000e+00,0.0000000000e+00
4000,3.7666007876e-01,-1.4310276508e-01,0.0000000000e+00,0.0000000000e+00,0.0000000000e+00
4001,3.7666434050e-01,-1.4309462905e-01,0.0000000000e+00,0.0000000000e+00,0.0000000000e+00
4002,3.7665817142e-01,-1.4309784770e-01,0.0000000000e+00,0.0000000000e+00,0.0000000000e+00
4003,3.7666374445e-01,-1.4309778810e-01,0.0000000000e+00,0.0000000000e+00,0.0000000000e+00
4004,3.7665668130e-01,-1.4309288561e-01,0.0000000000e+00,0.0000000000e+00,0.0000000000e+00
4005,3.7666282058e-01,-1.4309936762e-01,0.0000000000e+00,0.0000000000e+00,0.0000000000e+00
4006,3.7665599585e-01,-1.4309044182e-01,0.0000000000e+00,0.0000000000e+00,0.0000000000e+00
4007,3.7666144967e-01,-1.4309918880e-01,0.0000000000e+00,0.0000000000e+00,0.0000000000e+00
4008,3.7665477395e-01,-1.4308875799e-01,0.0000000000e+00,0.0000000000e+00,0.0000000000e+00
4009,3.7666147947e-01,-1.4309944212e-01,0.0000000000e+00,0.0000000000e+00,0.0000000000e+00
4010,3.7665158510e-01,-1.4308528602e-01,0.0000000000e+00,0.0000000000e+00,0.0000000000e+00
4011,3.7666347623e-01,-1.4310146868e-01,0.0000000000e+00,0.0000000000e+00,0.0000000000e+00
4012,3.7665933371e-01,-1.4308756590e-01,0.0000000000e+00,0.0000000000e+00,0.0000000000e+00
4013,3.7666493654e-01,-1.4309793711e-01,0.0000000000e+00,0.0000000000e+00,0.0000000000e+00
4014,3.7664678693e-01,-1.4308971167e-01,0.0000000000e+00,0.0000000000e+00,0.0000000000e+00
4015,3.7666228414e-01,-1.4309090376e-01,0.0000000000e+00,0.0000000000e+00,0.0000000000e+00
4016,3.7664714456e-01,-1.4308945835e-01,0.0000000000e+00,0.0000000000e+00,0.0000000000e+00
4017,3.7665832043e-01,-1.4308717847e-01,0.0000000000e+00,0.0000000000e+00,0.0000000000e+00
4018,3.7664890289e-01,-1.4309135079e-01,0.0000000000e+00,0.0000000000e+00,0.0000000000e+00
4019,3.7665519118e-01,-1.4308468997e-01,0.0000000000e+00,0.0000000000e+00,0.0000000000e+00
4020,3.7664872408e-01,-1.4309036732e-01,0.0000000000e+00,0.0000000000e+00,0.0000000000e+00
4021,3.7665510178e-01,-1.4308547974e-01,0.0000000000e+00,0.0000000000e+00,0.0000000000e+00
4022,3.7664592266e-01,-1.4308634400e-01,0.0000000000e+00,0.0000000000e+00,0.0000000000e+00
4023,3.7665522099e-01,-1.4308775961e-01,0.0000000000e+00,0.0000000000e+00,0.0000000000e+00
4024,3.7664473057e-01,-1.4308166504e-01,0.0000000000e+00,0.0000000000e+00,0.0000000000e+00
4025,3.7665352225e-01,-1.4309003949e-01,0.0000000000e+00,0.0000000000e+00,0.0000000000e+00
4026,3.7664389610e-01,-1.4307771623e-01,0.0000000000e+00,0.0000000000e+00,0.0000000000e+00
4027,3.7665292621e-01,-1.4309087396e-01,0.0000000000e+00,0.0000000000e+00,0.0000000000e+00
4028,3.7664279342e-01,-1.4307554066e-01,0.0000000000e+00,0.0000000000e+00,0.0000000000e+00
4029,3.7665304542e-01,-1.4309038222e-01,0.0000000000e+00,0.0000000000e+00,0.0000000000e+00
4030,3.7663915753e-01,-1.4307412505e-01,0.0000000000e+00,0.0000000000e+00,0.0000000000e+00
4031,3.7665477395e-01,-1.4309088886e-01,0.0000000000e+00,0.0000000000e+00,0.0000000000e+00
4032,3.7665146589e-01,-1.4308056235e-01,0.0000000000e+00,0.0000000000e+00,0.0000000000e+00
4033,3.7665280700e-01,-1.4308424294e-01,0.0000000000e+00,0.0000000000e+00,0.0000000000e+00
4034,3.7665382028e-01,-1.4308816195e-01,0.0000000000e+00,0.0000000000e+00,0.0000000000e+00
4035,3.7663784623e-01,-1.4307993650e-01,0.0000000000e+00,0.0000000000e+00,0.0000000000e+00
4036,3.7665033340e-01,-1.4307942986e-01,0.0000000000e+00,0.0000000000e+00,0.0000000000e+00
4037,3.7663856149e-01,-1.4308033884e-01,0.0000000000e+00,0.0000000000e+00,0.0000000000e+00
4038,3.7664529681e-01,-1.4307451248e-01,0.0000000000e+00,0.0000000000e+00,0.0000000000e+00
4039,3.7664094567e-01,-1.4308157563e-01,0.0000000000e+00,0.0000000000e+00,0.0000000000e+00
4040,3.7664014101e-01,-1.4307218790e-01,0.0000000000e+00,0.0000000000e+00,0.0000000000e+00
4041,3.7664189935e-01,-1.4307963848e-01,0.0000000000e+00,0.0000000000e+00,0.0000000000e+00
4042,3.7664192915e-01,-1.4307391644e-01,0.0000000000e+00,0.0000000000e+00,0.0000000000e+00
4043,3.7663683295e-01,-1.4307516813e-01,0.0000000000e+00,0.0000000000e+00,0.0000000000e+00
4044,3.7664395571e-01,-1.4307667315e-01,0.0000000000e+00,0.0000000000e+00,0.0000000000e+00
4045,3.7663447857e-01,-1.4306987822e-01,0.0000000000e+00,0.0000000000e+00,0.0000000000e+00
4046,3.7664276361e-01,-1.4307950437e-01,0.0000000000e+00,0.0000000000e+00,0.0000000000e+00
4047,3.7663376331e-01,-1.4306615293e-01,0.0000000000e+00,0.0000000000e+00,0.0000000000e+00
4048,3.7664180994e-01,-1.4307914674e-01,0.0000000000e+00,0.0000000000e+00,0.0000000000e+00
4049,3.7663248181e-01,-1.4306628704e-01,0.0000000000e+00,0.0000000000e+00,0.0000000000e+00
4050,3.7664169073e-01,-1.4307431877e-01,0.0000000000e+00,0.0000000000e+00,0.0000000000e+00
4051,3.7663006783e-01,-1.4306910336e-01,0.0000000000e+00,0.0000000000e+00,0.0000000000e+00
4052,3.7664294243e-01,-1.4307238162e-01,0.0000000000e+00,0.0000000000e+00,0.0000000000e+00
4053,3.7662738562e-01,-1.4306619763e-01,0.0000000000e+00,0.0000000000e+00,0.0000000000e+00
4054,3.7664344907e-01,-1.4307294786e-01,0.0000000000e+00,0.0000000000e+00,0.0000000000e+00
4055,3.7662535906e-01,-1.4306457341e-01,0.0000000000e+00,0.0000000000e+00,0.0000000000e+00
4056,3.7664192915e-01,-1.4307208359e-01,0.0000000000e+00,0.0000000000e+00,0.0000000000e+00
4057,3.7662652135e-01,-1.4306460321e-01,0.0000000000e+00,0.0000000000e+00,0.0000000000e+00
4058,3.7663763762e-01,-1.4306856692e-01,0.0000000000e+00,0.0000000000e+00,0.0000000000e+00
4059,3.7662863731e-01,-1.4306727052e-01,0.0000000000e+00,0.0000000000e+00,0.0000000000e+00
4060,3.7663415074e-01,-1.4306396246e-01,0.0000000000e+00,0.0000000000e+00,0.0000000000e+00
4061,3.7662929296e-01,-1.4306782186e-01,0.0000000000e+00,0.0000000000e+00,0.0000000000e+00
4062,3.7663361430e-01,-1.4306363463e-01,0.0000000000e+00,0.0000000000e+00,0.0000000000e+00
4063,3.7663382292e-01,-1.4306551218e-01,0.0000000000e+00,0.0000000000e+00,0.0000000000e+00
4064,3.7663328648e-01,-1.4306735992e-01,0.0000000000e+00,0.0000000000e+00,0.0000000000e+00
4065,3.7663260102e-01,-1.4306929708e-01,0.0000000000e+00,0.0000000000e+00,0.0000000000e+00
4066,3.7662345171e-01,-1.4305751026e-01,0.0000000000e+00,0.0000000000e+00,0.0000000000e+00
4067,3.7663394213e-01,-1.4306829870e-01,0.0000000000e+00,0.0000000000e+00,0.0000000000e+00
4068,3.7662318349e-01,-1.4305667579e-01,0.0000000000e+00,0.0000000000e+00,0.0000000000e+00
4069,3.7663128972e-01,-1.4306469262e-01,0.0000000000e+00,0.0000000000e+00,0.0000000000e+00
4070,3.7662360072e-01,-1.4305938780e-01,0.0000000000e+00,0.0000000000e+00,0.0000000000e+00
4071,3.7662950158e-01,-1.4305844903e-01,0.0000000000e+00,0.0000000000e+00,0.0000000000e+00
4072,3.7662282586e-01,-1.4306399226e-01,0.0000000000e+00,0.0000000000e+00,0.0000000000e+00
4073,3.7663018703e-01,-1.4305450022e-01,0.0000000000e+00,0.0000000000e+00,0.0000000000e+00
4074,3.7663576007e-01,-1.4306747913e-01,0.0000000000e+00,0.0000000000e+00,0.0000000000e+00
4075,3.7661573291e-01,-1.4305472374e-01,0.0000000000e+00,0.0000000000e+00,0.0000000000e+00
4076,3.7663117051e-01,-1.4306482673e-01,0.0000000000e+00,0.0000000000e+00,0.0000000000e+00
4077,3.7662658095e-01,-1.4305202663e-01,0.0000000000e+00,0.0000000000e+00,0.0000000000e+00
4078,3.7662893534e-01,-1.4306037128e-01,0.0000000000e+00,0.0000000000e+00,0.0000000000e+00
4079,3.7661767006e-01,-1.4305409789e-01,0.0000000000e+00,0.0000000000e+00,0.0000000000e+00
4080,3.7662795186e-01,-1.4305640757e-01,0.0000000000e+00,0.0000000000e+00,0.0000000000e+00
4081,3.7661635876e-01,-1.4305505157e-01,0.0000000000e+00,0.0000000000e+00,0.0000000000e+00
4082,3.7662616372e-01,-1.4305342734e-01,0.0000000000e+00,0.0000000000e+00,0.0000000000e+00
4083,3.7661796808e-01,-1.4305900037e-01,0.0000000000e+00,0.0000000000e+00,0.0000000000e+00
4084,3.7662121654e-01,-1.4304754138e-01,0.0000000000e+00,0.0000000000e+00,0.0000000000e+00
4085,3.7661895156e-01,-1.4305521548e-01,0.0000000000e+00,0.0000000000e+00,0.0000000000e+00
4086,3.7662172318e-01,-1.4305336773e-01,0.0000000000e+00,0.0000000000e+00,0.0000000000e+00
4087,3.7661704421e-01,-1.4304782450e-01,0.0000000000e+00,0.0000000000e+00,0.0000000000e+00
4088,3.7662070990e-01,-1.4305727184e-01,0.0000000000e+00,0.0000000000e+00,0.0000000000e+00
4089,3.7661802769e-01,-1.4304509759e-01,0.0000000000e+00,0.0000000000e+00,0.0000000000e+00
4090,3.7661439180e-01,-1.4305023849e-01,0.0000000000e+00,0.0000000000e+00,0.0000000000e+00
4091,3.7661978602e-01,-1.4304627478e-01,0.0000000000e+00,0.0000000000e+00,0.0000000000e+00
4092,3.7661337852e-01,-1.4305222034e-01,0.0000000000e+00,0.0000000000e+00,0.0000000000e+00
4093,3.7662082911e-01,-1.4304603636e-01,0.0000000000e+00,0.0000000000e+00,0.0000000000e+00
4094,3.7661096454e-01,-1.4304989576e-01,0.0000000000e+00,0.0000000000e+00,0.0000000000e+00
4095,3.7662044168e-01,-1.4304418862e-01,0.0000000000e+00,0.0000000000e+00,0.0000000000e+00
4096,3.7660998106e-01,-1.4304921031e-01,0.0000000000e+00,0.0000000000e+00,0.0000000000e+00
4097,3.7661901116e-01,-1.4304246008e-01,0.0000000000e+00,0.0000000000e+00,0.0000000000e+00
4098,3.7661051750e-01,-1.4305029809e-01,0.0000000000e+00,0.0000000000e+00,0.0000000000e+00
4099,3.7661647797e-01,-1.4303988218e-01,0.0000000000e+00,0.0000000000e+00,0.0000000000e+00
4100,3.7661120296e-01,-1.4305059612e-01,0.0000000000e+00,0.0000000000e+00,0.0000000000e+00
4101,3.7661251426e-01,-1.4303585887e-01,0.0000000000e+00,0.0000000000e+00,0.0000000000e+00
4102,3.7661874294e-01,-1.4305061102e-01,0.0000000000e+00,0.0000000000e+00,0.0000000000e+00
4103,3.7660598755e-01,-1.4304108918e-01,0.0000000000e+00,0.0000000000e+00,0.0000000000e+00
4104,3.7661513686e-01,-1.4304450154e-01,0.0000000000e+00,0.0000000000e+00,0.0000000000e+00
4105,3.7660881877e-01,-1.4304172993e-01,0.0000000000e+00,0.0000000000e+00,0.0000000000e+00
4106,3.7661129236e-01,-1.4304031432e-01,0.0000000000e+00,0.0000000000e+00,0.0000000000e+00
4107,3.7661030889e-01,-1.4304336905e-01,0.0000000000e+00,0.0000000000e+00,0.0000000000e+00
4108,3.7660875916e-01,-1.4303649962e-01,0.0000000000e+00,0.0000000000e+00,0.0000000000e+00
4109,3.7661048770e-01,-1.4304423332e-01,0.0000000000e+00,0.0000000000e+00,0.0000000000e+00
4110,3.7660729885e-01,-1.4303416014e-01,0.0000000000e+00,0.0000000000e+00,0.0000000000e+00
4111,3.7661001086e-01,-1.4304415882e-01,0.0000000000e+00,0.0000000000e+00,0.0000000000e+00
4112,3.7660562992e-01,-1.4303325117e-01,0.0000000000e+00,0.0000000000e+00,0.0000000000e+00
4113,3.7660872936e-01,-1.4303337038e-01,0.0000000000e+00,0.0000000000e+00,0.0000000000e+00
4114,3.7660571933e-01,-1.4304479957e-01,0.0000000000e+00,0.0000000000e+00,0.0000000000e+00
4115,3.7660881877e-01,-1.4302879572e-01,0.0000000000e+00,0.0000000000e+00,0.0000000000e+00
4116,3.7660366297e-01,-1.4304450154e-01,0.0000000000e+00,0.0000000000e+00,0.0000000000e+00
4117,3.7660950422e-01,-1.4302875102e-01,0.0000000000e+00,0.0000000000e+00,0.0000000000e+00
4118,3.7660053372e-01,-1.4303953946e-01,0.0000000000e+00,0.0000000000e+00,0.0000000000e+00
4119,3.7660887837e-01,-1.4302961528e-01,0.0000000000e+00,0.0000000000e+00,0.0000000000e+00
4120,3.7660104036e-01,-1.4303903282e-01,0.0000000000e+00,0.0000000000e+00,0.0000000000e+00
4121,3.7660691142e-01,-1.4302763343e-01,0.0000000000e+00,0.0000000000e+00,0.0000000000e+00
4122,3.7660163641e-01,-1.4304046333e-01,0.0000000000e+00,0.0000000000e+00,0.0000000000e+00
4123,3.7660187483e-01,-1.4302138984e-01,0.0000000000e+00,0.0000000000e+00,0.0000000000e+00
4124,3.7661308050e-01,-1.4304032922e-01,0.0000000000e+00,0.0000000000e+00,0.0000000000e+00
4125,3.7659364939e-01,-1.4302851260e-01,0.0000000000e+00,0.0000000000e+00,0.0000000000e+00
4126,3.7660908699e-01,-1.4303158224e-01,0.0000000000e+00,0.0000000000e+00,0.0000000000e+00
4127,3.7659573555e-01,-1.4303351939e-01,0.0000000000e+00,0.0000000000e+00,0.0000000000e+00
4128,3.7660536170e-01,-1.4302527905e-01,0.0000000000e+00,0.0000000000e+00,0.0000000000e+00
4129,3.7659657001e-01,-1.4303071797e-01,0.0000000000e+00,0.0000000000e+00,0.0000000000e+00
4130,3.7659978867e-01,-1.4302678406e-01,0.0000000000e+00,0.0000000000e+00,0.0000000000e+00
4131,3.7659615278e-01,-1.4302836359e-01,0.0000000000e+00,0.0000000000e+00,0.0000000000e+00
4132,3.7660303712e-01,-1.4302961528e-01,0.0000000000e+00,0.0000000000e+00,0.0000000000e+00
4133,3.7659603357e-01,-1.4302493632e-01,0.0000000000e+00,0.0000000000e+00,0.0000000000e+00
4134,3.7659990788e-01,-1.4302949607e-01,0.0000000000e+00,0.0000000000e+00,0.0000000000e+00
4135,3.7659838796e-01,-1.4302243292e-01,0.0000000000e+00,0.0000000000e+00,0.0000000000e+00
4136,3.7659677863e-01,-1.4303076267e-01,0.0000000000e+00,0.0000000000e+00,0.0000000000e+00
4137,3.7659814954e-01,-1.4301857352e-01,0.0000000000e+00,0.0000000000e+00,0.0000000000e+00
4138,3.7659665942e-01,-1.4303167164e-01,0.0000000000e+00,0.0000000000e+00,0.0000000000e+00
4139,3.7659665942e-01,-1.4301681519e-01,0.0000000000e+00,0.0000000000e+00,0.0000000000e+00
4140,3.7659302354e-01,-1.4302697778e-01,0.0000000000e+00,0.0000000000e+00,0.0000000000e+00
4141,3.7659752369e-01,-1.4301817119e-01,0.0000000000e+00,0.0000000000e+00,0.0000000000e+00
4142,3.7659329176e-01,-1.4302687347e-01,0.0000000000e+00,0.0000000000e+00,0.0000000000e+00
4143,3.7658941746e-01,-1.4301176369e-01,0.0000000000e+00,0.0000000000e+00,0.0000000000e+00
4144,3.7660261989e-01,-1.4302834868e-01,0.0000000000e+00,0.0000000000e+00,0.0000000000e+00
4145,3.7658458948e-01,-1.4301587641e-01,0.0000000000e+00,0.0000000000e+00,0.0000000000e+00
4146,3.7660226226e-01,-1.4302520454e-01,0.0000000000e+00,0.0000000000e+00,0.0000000000e+00
4147,3.7658518553e-01,-1.4301680028e-01,0.0000000000e+00,0.0000000000e+00,0.0000000000e+00
4148,3.7659913301e-01,-1.4302252233e-01,0.0000000000e+00,0.0000000000e+00,0.0000000000e+00
4149,3.7658700347e-01,-1.4301560819e-01,0.0000000000e+00,0.0000000000e+00,0.0000000000e+00
4150,3.7659001350e-01,-1.4301890135e-01,0.0000000000e+00,0.0000000000e+00,0.0000000000e+00
4151,3.7658682466e-01,-1.4301724732e-01,0.0000000000e+00,0.0000000000e+00,0.0000000000e+00
4152,3.7659576535e-01,-1.4301799238e-01,0.0000000000e+00,0.0000000000e+00,0.0000000000e+00
4153,3.7658530474e-01,-1.4301423728e-01,0.0000000000e+00,0.0000000000e+00,0.0000000000e+00
4154,3.7659466267e-01,-1.4301879704e-01,0.0000000000e+00,0.0000000000e+00,0.0000000000e+00
4155,3.7658563256e-01,-1.4301095903e-01,0.0000000000e+00,0.0000000000e+00,0.0000000000e+00
4156,3.7659314275e-01,-1.4301988482e-01,0.0000000000e+00,0.0000000000e+00,0.0000000000e+00
4157,3.7658622861e-01,-1.4300902188e-01,0.0000000000e+00,0.0000000000e+00,0.0000000000e+00
4158,3.7659105659e-01,-1.4301919937e-01,0.0000000000e+00,0.0000000000e+00,0.0000000000e+00
4159,3.7658590078e-01,-1.4300715923e-01,0.0000000000e+00,0.0000000000e+00,0.0000000000e+00
4160,3.7658467889e-01,-1.4301423728e-01,0.0000000000e+00,0.0000000000e+00,0.0000000000e+00
4161,3.7658256292e-01,-1.4300589263e-01,0.0000000000e+00,0.0000000000e+00,0.0000000000e+00
4162,3.7659341097e-01,-1.4301577210e-01,0.0000000000e+00,0.0000000000e+00,0.0000000000e+00
4163,3.7657865882e-01,-1.4300630987e-01,0.0000000000e+00,0.0000000000e+00,0.0000000000e+00
4164,3.7659481168e-01,-1.4301539958e-01,0.0000000000e+00,0.0000000000e+00,0.0000000000e+00
4165,3.7657704949e-01,-1.4300693572e-01,0.0000000000e+00,0.0000000000e+00,0.0000000000e+00
4166,3.7659388781e-01,-1.4301249385e-01,0.0000000000e+00,0.0000000000e+00,0.0000000000e+00
4167,3.7657782435e-01,-1.4300689101e-01,0.0000000000e+00,0.0000000000e+00,0.0000000000e+00
4168,3.7659093738e-01,-1.4300790429e-01,0.0000000000e+00,0.0000000000e+00,0.0000000000e+00
4169,3.7657895684e-01,-1.4300841093e-01,0.0000000000e+00,0.0000000000e+00,0.0000000000e+00
4170,3.7658876181e-01,-1.4300632477e-01,0.0000000000e+00,0.0000000000e+00,0.0000000000e+00
4171,3.7657913566e-01,-1.4300729334e-01,0.0000000000e+00,0.0000000000e+00,0.0000000000e+00
4172,3.7658044696e-01,-1.4300541580e-01,0.0000000000e+00,0.0000000000e+00,0.0000000000e+00
4173,3.7657856941e-01,-1.4300484955e-01,0.0000000000e+00,0.0000000000e+00,0.0000000000e+00
4174,3.7658637762e-01,-1.4300794899e-01,0.0000000000e+00,0.0000000000e+00,0.0000000000e+00
4175,3.7657746673e-01,-1.4300079644e-01,0.0000000000e+00,0.0000000000e+00,0.0000000000e+00
4176,3.7658578157e-01,-1.4300855994e-01,0.0000000000e+00,0.0000000000e+00,0.0000000000e+00
4177,3.7657707930e-01,-1.4299894869e-01,0.0000000000e+00,0.0000000000e+00,0.0000000000e+00
4178,3.7658455968e-01,-1.4300769567e-01,0.0000000000e+00,0.0000000000e+00,0.0000000000e+00
4179,3.7657645345e-01,-1.4299823344e-01,0.0000000000e+00,0.0000000000e+00,0.0000000000e+00
4180,3.7658455968e-01,-1.4300608635e-01,0.0000000000e+00,0.0000000000e+00,0.0000000000e+00
4181,3.7657409906e-01,-1.4299619198e-01,0.0000000000e+00,0.0000000000e+00,0.0000000000e+00
4182,3.7658610940e-01,-1.4300738275e-01,0.0000000000e+00,0.0000000000e+00,0.0000000000e+00
4183,3.7657046318e-01,-1.4299249649e-01,0.0000000000e+00,0.0000000000e+00,0.0000000000e+00
4184,3.7658759952e-01,-1.4300847054e-01,0.0000000000e+00,0.0000000000e+00,0.0000000000e+00
4185,3.7656718493e-01,-1.4299149811e-01,0.0000000000e+00,0.0000000000e+00,0.0000000000e+00
4186,3.7658876181e-01,-1.4300501347e-01,0.0000000000e+00,0.0000000000e+00,0.0000000000e+00
4187,3.7656727433e-01,-1.4299249649e-01,0.0000000000e+00,0.0000000000e+00,0.0000000000e+00
4188,3.7658652663e-01,-1.4300078154e-01,0.0000000000e+00,0.0000000000e+00,0.0000000000e+00
4189,3.7656852603e-01,-1.4299443364e-01,0.0000000000e+00,0.0000000000e+00,0.0000000000e+00
4190,3.7657344341e-01,-1.4299862087e-01,0.0000000000e+00,0.0000000000e+00,0.0000000000e+00
4191,3.7657198310e-01,-1.4299859107e-01,0.0000000000e+00,0.0000000000e+00,0.0000000000e+00
4192,3.7657743692e-01,-1.4299404621e-01,0.0000000000e+00,0.0000000000e+00,0.0000000000e+00
4193,3.7657144666e-01,-1.4299517870e-01,0.0000000000e+00,0.0000000000e+00,0.0000000000e+00
4194,3.7657830119e-01,-1.4299565554e-01,0.0000000000e+00,0.0000000000e+00,0.0000000000e+00
4195,3.7657049298e-01,-1.4299182594e-01,0.0000000000e+00,0.0000000000e+00,0.0000000000e+00
4196,3.7657761574e-01,-1.4299604297e-01,0.0000000000e+00,0.0000000000e+00,0.0000000000e+00
4197,3.7657016516e-01,-1.4298997819e-01,0.0000000000e+00,0.0000000000e+00,0.0000000000e+00
4198,3.7657594681e-01,-1.4299488068e-01,0.0000000000e+00,0.0000000000e+00,0.0000000000e+00
4199,3.7656992674e-01,-1.4298954606e-01,0.0000000000e+00,0.0000000000e+00,0.0000000000e+00
4200,3.7657591701e-01,-1.4299325645e-01,0.0000000000e+00,0.0000000000e+00,0.0000000000e+00
4201,3.7656712532e-01,-1.4298892021e-01,0.0000000000e+00,0.0000000000e+00,0.0000000000e+00
4202,3.7657800317e-01,-1.4299178123e-01,0.0000000000e+00,0.0000000000e+00,0.0000000000e+00
4203,3.7656369805e-01,-1.4298719168e-01,0.0000000000e+00,0.0000000000e+00,0.0000000000e+00
4204,3.7657910585e-01,-1.4299167693e-01,0.0000000000e+00,0.0000000000e+00,0.0000000000e+00
4205,3.7656211853e-01,-1.4298611879e-01,0.0000000000e+00,0.0000000000e+00,0.0000000000e+00
4206,3.7657809258e-01,-1.4298832417e-01,0.0000000000e+00,0.0000000000e+00,0.0000000000e+00
4207,3.7656289339e-01,-1.4298756421e-01,0.0000000000e+00,0.0000000000e+00,0.0000000000e+00
4208,3.7657499313e-01,-1.4298588037e-01,0.0000000000e+00,0.0000000000e+00,0.0000000000e+00
4209,3.7656468153e-01,-1.4298948646e-01,0.0000000000e+00,0.0000000000e+00,0.0000000000e+00
4210,3.7657222152e-01,-1.4298221469e-01,0.0000000000e+00,0.0000000000e+00,0.0000000000e+00
4211,3.7656441331e-01,-1.4298881590e-01,0.0000000000e+00,0.0000000000e+00,0.0000000000e+00
4212,3.7657213211e-01,-1.4298330247e-01,0.0000000000e+00,0.0000000000e+00,0.0000000000e+00
4213,3.7656277418e-01,-1.4298385382e-01,0.0000000000e+00,0.0000000000e+00,0.0000000000e+00
4214,3.7657207251e-01,-1.4298653603e-01,0.0000000000e+00,0.0000000000e+00,0.0000000000e+00
4215,3.7656170130e-01,-1.4297832549e-01,0.0000000000e+00,0.0000000000e+00,0.0000000000e+00
4216,3.7657132745e-01,-1.4298962057e-01,0.0000000000e+00,0.0000000000e+00,0.0000000000e+00
4217,3.7655997276e-01,-1.4297309518e-01,0.0000000000e+00,0.0000000000e+00,0.0000000000e+00
4218,3.7657091022e-01,-1.4299194515e-01,0.0000000000e+00,0.0000000000e+00,0.0000000000e+00
4219,3.7656974792e-01,-1.4298316836e-01,0.0000000000e+00,0.0000000000e+00,0.0000000000e+00
4220,3.7657040358e-01,-1.4298826456e-01,0.0000000000e+00,0.0000000000e+00,0.0000000000e+00
4221,3.7655973434e-01,-1.4297983050e-01,0.0000000000e+00,0.0000000000e+00,0.0000000000e+00
4222,3.7657091022e-01,-1.4298157394e-01,0.0000000000e+00,0.0000000000e+00,0.0000000000e+00
4223,3.7655690312e-01,-1.4297732711e-01,0.0000000000e+00,0.0000000000e+00,0.0000000000e+00
4224,3.7657091022e-01,-1.4297872782e-01,0.0000000000e+00,0.0000000000e+00,0.0000000000e+00
4225,3.7655583024e-01,-1.4297746122e-01,0.0000000000e+00,0.0000000000e+00,0.0000000000e+00
4226,3.7656933069e-01,-1.4297690988e-01,0.0000000000e+00,0.0000000000e+00,0.0000000000e+00
4227,3.7655708194e-01,-1.4297984540e-01,0.0000000000e+00,0.0000000000e+00,0.0000000000e+00
4228,3.7656611204e-01,-1.4297157526e-01,0.0000000000e+00,0.0000000000e+00,0.0000000000e+00
4229,3.7655878067e-01,-1.4298167825e-01,0.0000000000e+00,0.0000000000e+00,0.0000000000e+00
4230,3.7656369805e-01,-1.4296956360e-01,0.0000000000e+00,0.0000000000e+00,0.0000000000e+00
4231,3.7655887008e-01,-1.4297930896e-01,0.0000000000e+00,0.0000000000e+00,0.0000000000e+00
4232,3.7656316161e-01,-1.4297139645e-01,0.0000000000e+00,0.0000000000e+00,0.0000000000e+00
4233,3.7655749917e-01,-1.4297463000e-01,0.0000000000e+00,0.0000000000e+00,0.0000000000e+00
4234,3.7656354904e-01,-1.4297425747e-01,0.0000000000e+00,0.0000000000e+00,0.0000000000e+00
4235,3.7655583024e-01,-1.4296996593e-01,0.0000000000e+00,0.0000000000e+00,0.0000000000e+00
4236,3.7656310201e-01,-1.4297612011e-01,0.0000000000e+00,0.0000000000e+00,0.0000000000e+00
4237,3.7655535340e-01,-1.4296622574e-01,0.0000000000e+00,0.0000000000e+00,0.0000000000e+00
4238,3.7656188011e-01,-1.4297732711e-01,0.0000000000e+00,0.0000000000e+00,0.0000000000e+00
4239,3.7655392289e-01,-1.4296305180e-01,0.0000000000e+00,0.0000000000e+00,0.0000000000e+00
4240,3.7656354904e-01,-1.4297810197e-01,0.0000000000e+00,0.0000000000e+00,0.0000000000e+00
4241,3.7655070424e-01,-1.4295987785e-01,0.0000000000e+00,0.0000000000e+00,0.0000000000e+00
4242,3.7656658888e-01,-1.4297863841e-01,0.0000000000e+00,0.0000000000e+00,0.0000000000e+00
4243,3.7654662132e-01,-1.4295718074e-01,0.0000000000e+00,0.0000000000e+00,0.0000000000e+00
4244,3.7656751275e-01,-1.4297917485e-01,0.0000000000e+00,0.0000000000e+00,0.0000000000e+00
4245,3.7654513121e-01,-1.4295589924e-01,0.0000000000e+00,0.0000000000e+00,0.0000000000e+00
4246,3.7656611204e-01,-1.4297698438e-01,0.0000000000e+00,0.0000000000e+00,0.0000000000e+00
4247,3.7654635310e-01,-1.4295741916e-01,0.0000000000e+00,0.0000000000e+00,0.0000000000e+00
4248,3.7655192614e-01,-1.4296840131e-01,0.0000000000e+00,0.0000000000e+00,0.0000000000e+00
4249,3.7654846907e-01,-1.4296528697e-01,0.0000000000e+00,0.0000000000e+00,0.0000000000e+00
4250,3.7655642629e-01,-1.4296025038e-01,0.0000000000e+00,0.0000000000e+00,0.0000000000e+00
4251,3.7655103207e-01,-1.4296686649e-01,0.0000000000e+00,0.0000000000e+00,0.0000000000e+00
4252,3.7655660510e-01,-1.4296126366e-01,0.0000000000e+00,0.0000000000e+00,0.0000000000e+00
4253,3.7655025721e-01,-1.4296364784e-01,0.0000000000e+00,0.0000000000e+00,0.0000000000e+00
4254,3.7655651569e-01,-1.4296302199e-01,0.0000000000e+00,0.0000000000e+00,0.0000000000e+00
4255,3.7654948235e-01,-1.4295980334e-01,0.0000000000e+00,0.0000000000e+00,0.0000000000e+00
4256,3.7655562162e-01,-1.4296481013e-01,0.0000000000e+00,0.0000000000e+00,0.0000000000e+00
4257,3.7654888630e-01,-1.4295594394e-01,0.0000000000e+00,0.0000000000e+00,0.0000000000e+00
4258,3.7655511498e-01,-1.4296640456e-01,0.0000000000e+00,0.0000000000e+00,0.0000000000e+00
4259,3.7654745579e-01,-1.4295214415e-01,0.0000000000e+00,0.0000000000e+00,0.0000000000e+00
4260,3.7655648589e-01,-1.4296786487e-01,0.0000000000e+00,0.0000000000e+00,0.0000000000e+00
4261,3.7654477358e-01,-1.4294886589e-01,0.0000000000e+00,0.0000000000e+00,0.0000000000e+00
4262,3.7655869126e-01,-1.4296823740e-01,0.0000000000e+00,0.0000000000e+00,0.0000000000e+00
4263,3.7653967738e-01,-1.4294739068e-01,0.0000000000e+00,0.0000000000e+00,0.0000000000e+00
4264,3.7655997276e-01,-1.4296734333e-01,0.0000000000e+00,0.0000000000e+00,0.0000000000e+00
4265,3.7653908134e-01,-1.4294661582e-01,0.0000000000e+00,0.0000000000e+00,0.0000000000e+00
4266,3.7655833364e-01,-1.4296479523e-01,0.0000000000e+00,0.0000000000e+00,0.0000000000e+00
4267,3.7655261159e-01,-1.4295366406e-01,0.0000000000e+00,0.0000000000e+00,0.0000000000e+00
4268,3.7655365467e-01,-1.4295536280e-01,0.0000000000e+00,0.0000000000e+00,0.0000000000e+00
4269,3.7654578686e-01,-1.4295804501e-01,0.0000000000e+00,0.0000000000e+00,0.0000000000e+00
4270,3.7654983997e-01,-1.4295093715e-01,0.0000000000e+00,0.0000000000e+00,0.0000000000e+00
4271,3.7654477358e-01,-1.4295482635e-01,0.0000000000e+00,0.0000000000e+00,0.0000000000e+00
4272,3.7654948235e-01,-1.4295226336e-01,0.0000000000e+00,0.0000000000e+00,0.0000000000e+00
4273,3.7654373050e-01,-1.4295147359e-01,0.0000000000e+00,0.0000000000e+00,0.0000000000e+00
4274,3.7654852867e-01,-1.4295318723e-01,0.0000000000e+00,0.0000000000e+00,0.0000000000e+00
4275,3.7654376030e-01,-1.4294859767e-01,0.0000000000e+00,0.0000000000e+00,0.0000000000e+00
4276,3.7654775381e-01,-1.4295390248e-01,0.0000000000e+00,0.0000000000e+00,0.0000000000e+00
4277,3.7654274702e-01,-1.4294636250e-01,0.0000000000e+00,0.0000000000e+00,0.0000000000e+00
4278,3.7654811144e-01,-1.4295412600e-01,0.0000000000e+00,0.0000000000e+00,0.0000000000e+00
4279,3.7654051185e-01,-1.4294414222e-01,0.0000000000e+00,0.0000000000e+00,0.0000000000e+00
4280,3.7654966116e-01,-1.4295338094e-01,0.0000000000e+00,0.0000000000e+00,0.0000000000e+00
4281,3.7653714418e-01,-1.4294347167e-01,0.0000000000e+00,0.0000000000e+00,0.0000000000e+00
4282,3.7655177712e-01,-1.4295090735e-01,0.0000000000e+00,0.0000000000e+00,0.0000000000e+00
4283,3.7653473020e-01,-1.4294318855e-01,0.0000000000e+00,0.0000000000e+00,0.0000000000e+00
4284,3.7655180693e-01,-1.4294944704e-01,0.0000000000e+00,0.0000000000e+00,0.0000000000e+00
4285,3.7653443217e-01,-1.4294342697e-01,0.0000000000e+00,0.0000000000e+00,0.0000000000e+00
4286,3.7654978037e-01,-1.4294676483e-01,0.0000000000e+00,0.0000000000e+00,0.0000000000e+00
4287,3.7653589249e-01,-1.4294435084e-01,0.0000000000e+00,0.0000000000e+00,0.0000000000e+00
4288,3.7654677033e-01,-1.4294369519e-01,0.0000000000e+00,0.0000000000e+00,0.0000000000e+00
4289,3.7654110789e-01,-1.4294178784e-01,0.0000000000e+00,0.0000000000e+00,0.0000000000e+00
4290,3.7654417753e-01,-1.4294154942e-01,0.0000000000e+00,0.0000000000e+00,0.0000000000e+00
4291,3.7653765082e-01,-1.4294390380e-01,0.0000000000e+00,0.0000000000e+00,0.0000000000e+00
4292,3.7654393911e-01,-1.4294180274e-01,0.0000000000e+00,0.0000000000e+00,0.0000000000e+00
4293,3.7653610110e-01,-1.4294004440e-01,0.0000000000e+00,0.0000000000e+00,0.0000000000e+00
4294,3.7654444575e-01,-1.4294418693e-01,0.0000000000e+00,0.0000000000e+00,0.0000000000e+00
4295,3.7653481960e-01,-1.4293588698e-01,0.0000000000e+00,0.0000000000e+00,0.0000000000e+00
4296,3.7654373050e-01,-1.4294588566e-01,0.0000000000e+00,0.0000000000e+00,0.0000000000e+00
4297,3.7653446198e-01,-1.4293198287e-01,0.0000000000e+00,0.0000000000e+00,0.0000000000e+00
4298,3.7653478980e-01,-1.4293862879e-01,0.0000000000e+00,0.0000000000e+00,0.0000000000e+00
4299,3.7653413415e-01,-1.4293055236e-01,0.0000000000e+00,0.0000000000e+00,0.0000000000e+00
4300,3.7654417753e-01,-1.4294239879e-01,0.0000000000e+00,0.0000000000e+00,0.0000000000e+00
4301,3.7652996182e-01,-1.4293161035e-01,0.0000000000e+00,0.0000000000e+00,0.0000000000e+00
4302,3.7654560804e-01,-1.4294233918e-01,0.0000000000e+00,0.0000000000e+00,0.0000000000e+00
4303,3.7652766705e-01,-1.4293192327e-01,0.0000000000e+00,0.0000000000e+00,0.0000000000e+00
4304,3.7654569745e-01,-1.4293999970e-01,0.0000000000e+00,0.0000000000e+00,0.0000000000e+00
4305,3.7652760744e-01,-1.4293165505e-01,0.0000000000e+00,0.0000000000e+00,0.0000000000e+00
4306,3.7654355168e-01,-1.4293670654e-01,0.0000000000e+00,0.0000000000e+00,0.0000000000e+00
4307,3.7652879953e-01,-1.4293475449e-01,0.0000000000e+00,0.0000000000e+00,0.0000000000e+00
4308,3.7654101849e-01,-1.4293205738e-01,0.0000000000e+00,0.0000000000e+00,0.0000000000e+00
4309,3.7653008103e-01,-1.4293494821e-01,0.0000000000e+00,0.0000000000e+00,0.0000000000e+00
4310,3.7653839588e-01,-1.4293041825e-01,0.0000000000e+00,0.0000000000e+00,0.0000000000e+00
4311,3.7653130293e-01,-1.4293324947e-01,0.0000000000e+00,0.0000000000e+00,0.0000000000e+00
4312,3.7653157115e-01,-1.4293007553e-01,0.0000000000e+00,0.0000000000e+00,0.0000000000e+00
4313,3.7652999163e-01,-1.4292950928e-01,0.0000000000e+00,0.0000000000e+00,0.0000000000e+00
4314,3.7653651834e-01,-1.4293298125e-01,0.0000000000e+00,0.0000000000e+00,0.0000000000e+00
4315,3.7652936578e-01,-1.4292600751e-01,0.0000000000e+00,0.0000000000e+00,0.0000000000e+00
4316,3.7653622031e-01,-1.4293333888e-01,0.0000000000e+00,0.0000000000e+00,0.0000000000e+00
4317,3.7652894855e-01,-1.4292404056e-01,0.0000000000e+00,0.0000000000e+00,0.0000000000e+00
4318,3.7653610110e-01,-1.4293260872e-01,0.0000000000e+00,0.0000000000e+00,0.0000000000e+00
4319,3.7652716041e-01,-1.4292331040e-01,0.0000000000e+00,0.0000000000e+00,0.0000000000e+00
4320,3.7653708458e-01,-1.4293086529e-01,0.0000000000e+00,0.0000000000e+00,0.0000000000e+00
4321,3.7652420998e-01,-1.4292289317e-01,0.0000000000e+00,0.0000000000e+00,0.0000000000e+00
4322,3.7653893232e-01,-1.4293062687e-01,0.0000000000e+00,0.0000000000e+00,0.0000000000e+00
4323,3.7652108073e-01,-1.4292000234e-01,0.0000000000e+00,0.0000000000e+00,0.0000000000e+00
4324,3.7654003501e-01,-1.4293037355e-01,0.0000000000e+00,0.0000000000e+00,0.0000000000e+00
4325,3.7651953101e-01,-1.4292071760e-01,0.0000000000e+00,0.0000000000e+00,0.0000000000e+00
4326,3.7653893232e-01,-1.4292685688e-01,0.0000000000e+00,0.0000000000e+00,0.0000000000e+00
4327,3.7652075291e-01,-1.4292140305e-01,0.0000000000e+00,0.0000000000e+00,0.0000000000e+00
4328,3.7653645873e-01,-1.4292193949e-01,0.0000000000e+00,0.0000000000e+00,0.0000000000e+00
4329,3.7652236223e-01,-1.4292292297e-01,0.0000000000e+00,0.0000000000e+00,0.0000000000e+00
4330,3.7653347850e-01,-1.4292043447e-01,0.0000000000e+00,0.0000000000e+00,0.0000000000e+00
4331,3.7653034925e-01,-1.4292058349e-01,0.0000000000e+00,0.0000000000e+00,0.0000000000e+00
4332,3.7653091550e-01,-1.4291943610e-01,0.0000000000e+00,0.0000000000e+00,0.0000000000e+00
4333,3.7652418017e-01,-1.4291904867e-01,0.0000000000e+00,0.0000000000e+00,0.0000000000e+00
4334,3.7653106451e-01,-1.4292149246e-01,0.0000000000e+00,0.0000000000e+00,0.0000000000e+00
4335,3.7652266026e-01,-1.4291563630e-01,0.0000000000e+00,0.0000000000e+00,0.0000000000e+00
4336,3.7653070688e-01,-1.4292204380e-01,0.0000000000e+00,0.0000000000e+00,0.0000000000e+00
4337,3.7652173638e-01,-1.4291404188e-01,0.0000000000e+00,0.0000000000e+00,0.0000000000e+00
4338,3.7653014064e-01,-1.4292125404e-01,0.0000000000e+00,0.0000000000e+00,0.0000000000e+00
4339,3.7652108073e-01,-1.4291328192e-01,0.0000000000e+00,0.0000000000e+00,0.0000000000e+00
4340,3.7653034925e-01,-1.4291942120e-01,0.0000000000e+00,0.0000000000e+00,0.0000000000e+00
4341,3.7651839852e-01,-1.4291264117e-01,0.0000000000e+00,0.0000000000e+00,0.0000000000e+00
4342,3.7653255463e-01,-1.4291945100e-01,0.0000000000e+00,0.0000000000e+00,0.0000000000e+00
4343,3.7651526928e-01,-1.4290957153e-01,0.0000000000e+00,0.0000000000e+00,0.0000000000e+00
4344,3.7653368711e-01,-1.4291936159e-01,0.0000000000e+00,0.0000000000e+00,0.0000000000e+00
4345,3.7651360035e-01,-1.4290989935e-01,0.0000000000e+00,0.0000000000e+00,0.0000000000e+00
4346,3.7653285265e-01,-1.4291648567e-01,0.0000000000e+00,0.0000000000e+00,0.0000000000e+00
4347,3.7651473284e-01,-1.4290989935e-01,0.0000000000e+00,0.0000000000e+00,0.0000000000e+00
4348,3.7653017044e-01,-1.4291243255e-01,0.0000000000e+00,0.0000000000e+00,0.0000000000e+00
4349,3.7651622295e-01,-1.4291213453e-01,0.0000000000e+00,0.0000000000e+00,0.0000000000e+00
4350,3.7652766705e-01,-1.4291036129e-01,0.0000000000e+00,0.0000000000e+00,0.0000000000e+00
4351,3.7651681900e-01,-1.4291040599e-01,0.0000000000e+00,0.0000000000e+00,0.0000000000e+00
4352,3.7651774287e-01,-1.4290887117e-01,0.0000000000e+00,0.0000000000e+00,0.0000000000e+00
4353,3.7651765347e-01,-1.4290811121e-01,0.0000000000e+00,0.0000000000e+00,0.0000000000e+00
4354,3.7651765347e-01,-1.4290727675e-01,0.0000000000e+00,0.0000000000e+00,0.0000000000e+00
4355,3.7651950121e-01,-1.4290732145e-01,0.0000000000e+00,0.0000000000e+00,0.0000000000e+00
4356,3.7652340531e-01,-1.4291153848e-01,0.0000000000e+00,0.0000000000e+00,0.0000000000e+00
4357,3.7651652098e-01,-1.4290155470e-01,0.0000000000e+00,0.0000000000e+00,0.0000000000e+00
4358,3.7652441859e-01,-1.4291308820e-01,0.0000000000e+00,0.0000000000e+00,0.0000000000e+00
4359,3.7651506066e-01,-1.4289940894e-01,0.0000000000e+00,0.0000000000e+00,0.0000000000e+00
4360,3.7652441859e-01,-1.4291138947e-01,0.0000000000e+00,0.0000000000e+00,0.0000000000e+00
4361,3.7651365995e-01,-1.4290040731e-01,0.0000000000e+00,0.0000000000e+00,0.0000000000e+00
4362,3.7652423978e-01,-1.4290669560e-01,0.0000000000e+00,0.0000000000e+00,0.0000000000e+00
4363,3.7651181221e-01,-1.4290201664e-01,0.0000000000e+00,0.0000000000e+00,0.0000000000e+00
4364,3.7652635574e-01,-1.4290605485e-01,0.0000000000e+00,0.0000000000e+00,0.0000000000e+00
4365,3.7650886178e-01,-1.4289787412e-01,0.0000000000e+00,0.0000000000e+00,0.0000000000e+00
4366,3.7652671337e-01,-1.4290729165e-01,0.0000000000e+00,0.0000000000e+00,0.0000000000e+00
4367,3.7650853395e-01,-1.4289703965e-01,0.0000000000e+00,0.0000000000e+00,0.0000000000e+00
4368,3.7652507424e-01,-1.4290328324e-01,0.0000000000e+00,0.0000000000e+00,0.0000000000e+00
4369,3.7650993466e-01,-1.4290000498e-01,0.0000000000e+00,0.0000000000e+00,0.0000000000e+00
4370,3.7652158737e-01,-1.4289790392e-01,0.0000000000e+00,0.0000000000e+00,0.0000000000e+00
4371,3.7651193142e-01,-1.4290341735e-01,0.0000000000e+00,0.0000000000e+00,0.0000000000e+00
4372,3.7651851773e-01,-1.4289423823e-01,0.0000000000e+00,0.0000000000e+00,0.0000000000e+00
4373,3.7651219964e-01,-1.4290274680e-01,0.0000000000e+00,0.0000000000e+00,0.0000000000e+00
4374,3.7651869655e-01,-1.4289544523e-01,0.0000000000e+00,0.0000000000e+00,0.0000000000e+00
4375,3.7651824951e-01,-1.4289824665e-01,0.0000000000e+00,0.0000000000e+00,0.0000000000e+00
4376,3.7651759386e-01,-1.4289961755e-01,0.0000000000e+00,0.0000000000e+00,0.0000000000e+00
4377,3.7651684880e-01,-1.4290001988e-01,0.0000000000e+00,0.0000000000e+00,0.0000000000e+00
4378,3.7650960684e-01,-1.4288996160e-01,0.0000000000e+00,0.0000000000e+00,0.0000000000e+00
4379,3.7651804090e-01,-1.4290221035e-01,0.0000000000e+00,0.0000000000e+00,0.0000000000e+00
4380,3.7650808692e-01,-1.4288796484e-01,0.0000000000e+00,0.0000000000e+00,0.0000000000e+00
4381,3.7651768327e-01,-1.4289960265e-01,0.0000000000e+00,0.0000000000e+00,0.0000000000e+00
4382,3.7650755048e-01,-1.4288973808e-01,0.0000000000e+00,0.0000000000e+00,0.0000000000e+00
4383,3.7651634216e-01,-1.4289313555e-01,0.0000000000e+00,0.0000000000e+00,0.0000000000e+00
4384,3.7650731206e-01,-1.4289380610e-01,0.0000000000e+00,0.0000000000e+00,0.0000000000e+00
4385,3.7651753426e-01,-1.4289101958e-01,0.0000000000e+00,0.0000000000e+00,0.0000000000e+00
4386,3.7650382519e-01,-1.4289028943e-01,0.0000000000e+00,0.0000000000e+00,0.0000000000e+00
4387,3.7651929259e-01,-1.4289218187e-01,0.0000000000e+00,0.0000000000e+00,0.0000000000e+00
4388,3.7650290132e-01,-1.4288847148e-01,0.0000000000e+00,0.0000000000e+00,0.0000000000e+00
4389,3.7651696801e-01,-1.4289078116e-01,0.0000000000e+00,0.0000000000e+00,0.0000000000e+00
4390,3.7650501728e-01,-1.4289021492e-01,0.0000000000e+00,0.0000000000e+00,0.0000000000e+00
4391,3.7651330233e-01,-1.4288561046e-01,0.0000000000e+00,0.0000000000e+00,0.0000000000e+00
4392,3.7650772929e-01,-1.4289252460e-01,0.0000000000e+00,0.0000000000e+00,0.0000000000e+00
4393,3.7651023269e-01,-1.4288261533e-01,0.0000000000e+00,0.0000000000e+00,0.0000000000e+00
4394,3.7650799751e-01,-1.4289106429e-01,0.0000000000e+00,0.0000000000e+00,0.0000000000e+00
4395,3.7651041150e-01,-1.4288370311e-01,0.0000000000e+00,0.0000000000e+00,0.0000000000e+00
4396,3.7650537491e-01,-1.4288608730e-01,0.0000000000e+00,0.0000000000e+00,0.0000000000e+00
4397,3.7651059031e-01,-1.4288836718e-01,0.0000000000e+00,0.0000000000e+00,0.0000000000e+00
4398,3.7651115656e-01,-1.4288456738e-01,0.0000000000e+00,0.0000000000e+00,0.0000000000e+00
4399,3.7651160359e-01,-1.4289198816e-01,0.0000000000e+00,0.0000000000e+00,0.0000000000e+00
4400,3.7650132179e-01,-1.4287433028e-01,0.0000000000e+00,0.0000000000e+00,0.0000000000e+00
4401,3.7651330233e-01,-1.4289347827e-01,0.0000000000e+00,0.0000000000e+00,0.0000000000e+00
4402,3.7649857998e-01,-1.4287281036e-01,0.0000000000e+00,0.0000000000e+00,0.0000000000e+00
4403,3.7651482224e-01,-1.4289109409e-01,0.0000000000e+00,0.0000000000e+00,0.0000000000e+00
4404,3.7649655342e-01,-1.4287385345e-01,0.0000000000e+00,0.0000000000e+00,0.0000000000e+00
4405,3.7651541829e-01,-1.4288818836e-01,0.0000000000e+00,0.0000000000e+00,0.0000000000e+00
4406,3.7649559975e-01,-1.4287409186e-01,0.0000000000e+00,0.0000000000e+00,0.0000000000e+00
4407,3.7651368976e-01,-1.4288662374e-01,0.0000000000e+00,0.0000000000e+00,0.0000000000e+00
4408,3.7651005387e-01,-1.4287796617e-01,0.0000000000e+00,0.0000000000e+00,0.0000000000e+00
4409,3.7651166320e-01,-1.4288045466e-01,0.0000000000e+00,0.0000000000e+00,0.0000000000e+00
4410,3.7650117278e-01,-1.4288115501e-01,0.0000000000e+00,0.0000000000e+00,0.0000000000e+00
4411,3.7650671601e-01,-1.4287546277e-01,0.0000000000e+00,0.0000000000e+00,0.0000000000e+00
4412,3.7650248408e-01,-1.4287970960e-01,0.0000000000e+00,0.0000000000e+00,0.0000000000e+00
4413,3.7650460005e-01,-1.4287480712e-01,0.0000000000e+00,0.0000000000e+00,0.0000000000e+00
4414,3.7650293112e-01,-1.4287741482e-01,0.0000000000e+00,0.0000000000e+00,0.0000000000e+00
4415,3.7650310993e-01,-1.4287512004e-01,0.0000000000e+00,0.0000000000e+00,0.0000000000e+00
4416,3.7650248408e-01,-1.4287465811e-01,0.0000000000e+00,0.0000000000e+00,0.0000000000e+00
4417,3.7650069594e-01,-1.4287528396e-01,0.0000000000e+00,0.0000000000e+00,0.0000000000e+00
4418,3.7650305033e-01,-1.4287607372e-01,0.0000000000e+00,0.0000000000e+00,0.0000000000e+00
4419,3.7649974227e-01,-1.4286914468e-01,0.0000000000e+00,0.0000000000e+00,0.0000000000e+00
4420,3.7650358677e-01,-1.4287927747e-01,0.0000000000e+00,0.0000000000e+00,0.0000000000e+00
4421,3.7650477886e-01,-1.4287109673e-01,0.0000000000e+00,0.0000000000e+00,0.0000000000e+00
4422,3.7649974227e-01,-1.4287655056e-01,0.0000000000e+00,0.0000000000e+00,0.0000000000e+00
4423,3.7650361657e-01,-1.4286834002e-01,0.0000000000e+00,0.0000000000e+00,0.0000000000e+00
4424,3.7649703026e-01,-1.4287361503e-01,0.0000000000e+00,0.0000000000e+00,0.0000000000e+00
4425,3.7650364637e-01,-1.4286631346e-01,0.0000000000e+00,0.0000000000e+00,0.0000000000e+00
4426,3.7649616599e-01,-1.4287410676e-01,0.0000000000e+00,0.0000000000e+00,0.0000000000e+00
4427,3.7650308013e-01,-1.4286428690e-01,0.0000000000e+00,0.0000000000e+00,0.0000000000e+00
4428,3.7651097775e-01,-1.4287908375e-01,0.0000000000e+00,0.0000000000e+00,0.0000000000e+00
4429,3.7648952007e-01,-1.4286664128e-01,0.0000000000e+00,0.0000000000e+00,0.0000000000e+00
4430,3.7650781870e-01,-1.4286980033e-01,0.0000000000e+00,0.0000000000e+00,0.0000000000e+00
4431,3.7649106979e-01,-1.4286516607e-01,0.0000000000e+00,0.0000000000e+00,0.0000000000e+00
4432,3.7650373578e-01,-1.4286774397e-01,0.0000000000e+00,0.0000000000e+00,0.0000000000e+00
4433,3.7649348378e-01,-1.4286500216e-01,0.0000000000e+00,0.0000000000e+00,0.0000000000e+00
4434,3.7650060654e-01,-1.4286550879e-01,0.0000000000e+00,0.0000000000e+00,0.0000000000e+00
4435,3.7649554014e-01,-1.4286431670e-01,0.0000000000e+00,0.0000000000e+00,0.0000000000e+00
4436,3.7649756670e-01,-1.4286445081e-01,0.0000000000e+00,0.0000000000e+00,0.0000000000e+00
4437,3.7649649382e-01,-1.4286403358e-01,0.0000000000e+00,0.0000000000e+00,0.0000000000e+00
4438,3.7649580836e-01,-1.4286170900e-01,0.0000000000e+00,0.0000000000e+00,0.0000000000e+00
4439,3.7649703026e-01,-1.4286464453e-01,0.0000000000e+00,0.0000000000e+00,0.0000000000e+00
4440,3.7649765611e-01,-1.4286382496e-01,0.0000000000e+00,0.0000000000e+00,0.0000000000e+00
4441,3.7649336457e-01,-1.4285658300e-01,0.0000000000e+00,0.0000000000e+00,0.0000000000e+00
4442,3.7649691105e-01,-1.4286687970e-01,0.0000000000e+00,0.0000000000e+00,0.0000000000e+00
4443,3.7649330497e-01,-1.4285267889e-01,0.0000000000e+00,0.0000000000e+00,0.0000000000e+00
4444,3.7649559975e-01,-1.4286834002e-01,0.0000000000e+00,0.0000000000e+00,0.0000000000e+00
4445,3.7649434805e-01,-1.4285084605e-01,0.0000000000e+00,0.0000000000e+00,0.0000000000e+00
4446,3.7649202347e-01,-1.4286522567e-01,0.0000000000e+00,0.0000000000e+00,0.0000000000e+00
4447,3.7649789453e-01,-1.4285457134e-01,0.0000000000e+00,0.0000000000e+00,0.0000000000e+00
4448,3.7648904324e-01,-1.4286187291e-01,0.0000000000e+00,0.0000000000e+00,0.0000000000e+00
4449,3.7649804354e-01,-1.4285328984e-01,0.0000000000e+00,0.0000000000e+00,0.0000000000e+00
4450,3.7648788095e-01,-1.4285971224e-01,0.0000000000e+00,0.0000000000e+00,0.0000000000e+00
4451,3.7649661303e-01,-1.4285156131e-01,0.0000000000e+00,0.0000000000e+00,0.0000000000e+00
4452,3.7648898363e-01,-1.4286020398e-01,0.0000000000e+00,0.0000000000e+00,0.0000000000e+00
4453,3.7648111582e-01,-1.4284507930e-01,0.0000000000e+00,0.0000000000e+00,0.0000000000e+00
4454,3.7649959326e-01,-1.4285498857e-01,0.0000000000e+00,0.0000000000e+00,0.0000000000e+00
4455,3.7648355961e-01,-1.4285239577e-01,0.0000000000e+00,0.0000000000e+00,0.0000000000e+00
4456,3.7649786472e-01,-1.4285184443e-01,0.0000000000e+00,0.0000000000e+00,0.0000000000e+00
4457,3.7648499012e-01,-1.4285342395e-01,0.0000000000e+00,0.0000000000e+00,0.0000000000e+00
4458,3.7649545074e-01,-1.4285093546e-01,0.0000000000e+00,0.0000000000e+00,0.0000000000e+00
4459,3.7648728490e-01,-1.4285185933e-01,0.0000000000e+00,0.0000000000e+00,0.0000000000e+00
4460,3.7649118900e-01,-1.4285060763e-01,0.0000000000e+00,0.0000000000e+00,0.0000000000e+00
4461,3.7648922205e-01,-1.4285141230e-01,0.0000000000e+00,0.0000000000e+00,0.0000000000e+00
4462,3.7648910284e-01,-1.4284856617e-01,0.0000000000e+00,0.0000000000e+00,0.0000000000e+00
4463,3.7648946047e-01,-1.4285126328e-01,0.0000000000e+00,0.0000000000e+00,0.0000000000e+00
4464,3.7648835778e-01,-1.4284643531e-01,0.0000000000e+00,0.0000000000e+00,0.0000000000e+00
4465,3.7648648024e-01,-1.4284686744e-01,0.0000000000e+00,0.0000000000e+00,0.0000000000e+00
4466,3.7648916245e-01,-1.4285120368e-01,0.0000000000e+00,0.0000000000e+00,0.0000000000e+00
4467,3.7648725510e-01,-1.4284293354e-01,0.0000000000e+00,0.0000000000e+00,0.0000000000e+00
4468,3.7648817897e-01,-1.4285224676e-01,0.0000000000e+00,0.0000000000e+00,0.0000000000e+00
4469,3.7648671865e-01,-1.4283908904e-01,0.0000000000e+00,0.0000000000e+00,0.0000000000e+00
4470,3.7648734450e-01,-1.4285302162e-01,0.0000000000e+00,0.0000000000e+00,0.0000000000e+00
4471,3.7648689747e-01,-1.4283679426e-01,0.0000000000e+00,0.0000000000e+00,0.0000000000e+00
4472,3.7648347020e-01,-1.4284975827e-01,0.0000000000e+00,0.0000000000e+00,0.0000000000e+00
4473,3.7649011612e-01,-1.4283929765e-01,0.0000000000e+00,0.0000000000e+00,0.0000000000e+00
4474,3.7648177147e-01,-1.4284767210e-01,0.0000000000e+00,0.0000000000e+00,0.0000000000e+00
4475,3.7648901343e-01,-1.4283733070e-01,0.0000000000e+00,0.0000000000e+00,0.0000000000e+00
4476,3.7648355961e-01,-1.4284962416e-01,0.0000000000e+00,0.0000000000e+00,0.0000000000e+00
4477,3.7647300959e-01,-1.4283132553e-01,0.0000000000e+00,0.0000000000e+00,0.0000000000e+00
4478,3.7649363279e-01,-1.4284434915e-01,0.0000000000e+00,0.0000000000e+00,0.0000000000e+00
4479,3.7647593021e-01,-1.4283736050e-01,0.0000000000e+00,0.0000000000e+00,0.0000000000e+00
4480,3.7649148703e-01,-1.4284098148e-01,0.0000000000e+00,0.0000000000e+00,0.0000000000e+00
4481,3.7647742033e-01,-1.4283962548e-01,0.0000000000e+00,0.0000000000e+00,0.0000000000e+00
4482,3.7648960948e-01,-1.4283759892e-01,0.0000000000e+00,0.0000000000e+00,0.0000000000e+00
4483,3.7647861242e-01,-1.4283919334e-01,0.0000000000e+00,0.0000000000e+00,0.0000000000e+00
4484,3.7648427486e-01,-1.4283862710e-01,0.0000000000e+00,0.0000000000e+00,0.0000000000e+00
4485,3.7648236752e-01,-1.4283719659e-01,0.0000000000e+00,0.0000000000e+00,0.0000000000e+00
4486,3.7648209929e-01,-1.4283619821e-01,0.0000000000e+00,0.0000000000e+00,0.0000000000e+00
4487,3.7648278475e-01,-1.4283719659e-01,0.0000000000e+00,0.0000000000e+00,0.0000000000e+00
4488,3.7648150325e-01,-1.4283423126e-01,0.0000000000e+00,0.0000000000e+00,0.0000000000e+00
4489,3.7647897005e-01,-1.4283300936e-01,0.0000000000e+00,0.0000000000e+00,0.0000000000e+00
4490,3.7648293376e-01,-1.4283721149e-01,0.0000000000e+00,0.0000000000e+00,0.0000000000e+00
4491,3.7647923827e-01,-1.4283001423e-01,0.0000000000e+00,0.0000000000e+00,0.0000000000e+00
4492,3.7648221850e-01,-1.4283786714e-01,0.0000000000e+00,0.0000000000e+00,0.0000000000e+00
4493,3.7647911906e-01,-1.4282719791e-01,0.0000000000e+00,0.0000000000e+00,0.0000000000e+00
4494,3.7648209929e-01,-1.4283931255e-01,0.0000000000e+00,0.0000000000e+00,0.0000000000e+00
4495,3.7647825480e-01,-1.4282377064e-01,0.0000000000e+00,0.0000000000e+00,0.0000000000e+00
4496,3.7647658587e-01,-1.4283515513e-01,0.0000000000e+00,0.0000000000e+00,0.0000000000e+00
4497,3.7647742033e-01,-1.4282105863e-01,0.0000000000e+00,0.0000000000e+00,0.0000000000e+00
4498,3.7648519874e-01,-1.4284189045e-01,0.0000000000e+00,0.0000000000e+00,0.0000000000e+00
4499,3.7646973133e-01,-1.4281749725e-01,0.0000000000e+00,0.0000000000e+00,0.0000000000e+00
4500,3.7648957968e-01,-1.4283940196e-01,0.0000000000e+00,0.0000000000e+00,0.0000000000e+00
4501,3.7646734715e-01,-1.4281962812e-01,0.0000000000e+00,0.0000000000e+00,0.0000000000e+00
4502,3.7648746371e-01,-1.4283570647e-01,0.0000000000e+00,0.0000000000e+00,0.0000000000e+00
4503,3.7646889687e-01,-1.4282104373e-01,0.0000000000e+00,0.0000000000e+00,0.0000000000e+00
4504,3.7648534775e-01,-1.4283148944e-01,0.0000000000e+00,0.0000000000e+00,0.0000000000e+00
4505,3.7648034096e-01,-1.4282326400e-01,0.0000000000e+00,0.0000000000e+00,0.0000000000e+00
4506,3.7648189068e-01,-1.4282359183e-01,0.0000000000e+00,0.0000000000e+00,0.0000000000e+00
4507,3.7647384405e-01,-1.4282843471e-01,0.0000000000e+00,0.0000000000e+00,0.0000000000e+00
4508,3.7647899985e-01,-1.4282247424e-01,0.0000000000e+00,0.0000000000e+00,0.0000000000e+00
4509,3.7647333741e-01,-1.4282472432e-01,0.0000000000e+00,0.0000000000e+00,0.0000000000e+00
4510,3.7647777796e-01,-1.4282348752e-01,0.0000000000e+00,0.0000000000e+00,0.0000000000e+00
4511,3.7647339702e-01,-1.4282220602e-01,0.0000000000e+00,0.0000000000e+00,0.0000000000e+00
4512,3.7647631764e-01,-1.4282350242e-01,0.0000000000e+00,0.0000000000e+00,0.0000000000e+00
4513,3.7647375464e-01,-1.4282006025e-01,0.0000000000e+00,0.0000000000e+00,0.0000000000e+00
4514,3.7647539377e-01,-1.4282371104e-01,0.0000000000e+00,0.0000000000e+00,0.0000000000e+00
4515,3.7647199631e-01,-1.4281736314e-01,0.0000000000e+00,0.0000000000e+00,0.0000000000e+00
4516,3.7647721171e-01,-1.4282457530e-01,0.0000000000e+00,0.0000000000e+00,0.0000000000e+00
4517,3.7646800280e-01,-1.4281436801e-01,0.0000000000e+00,0.0000000000e+00,0.0000000000e+00
4518,3.7648037076e-01,-1.4282441139e-01,0.0000000000e+00,0.0000000000e+00,0.0000000000e+00
4519,3.7646460533e-01,-1.4281374216e-01,0.0000000000e+00,0.0000000000e+00,0.0000000000e+00
4520,3.7648090720e-01,-1.4282254875e-01,0.0000000000e+00,0.0000000000e+00,0.0000000000e+00
4521,3.7646424770e-01,-1.4281523228e-01,0.0000000000e+00,0.0000000000e+00,0.0000000000e+00
4522,3.7647905946e-01,-1.4281819761e-01,0.0000000000e+00,0.0000000000e+00,0.0000000000e+00
4523,3.7646561861e-01,-1.4281617105e-01,0.0000000000e+00,0.0000000000e+00,0.0000000000e+00
4524,3.7647661567e-01,-1.4281465113e-01,0.0000000000e+00,0.0000000000e+00,0.0000000000e+00
4525,3.7646645308e-01,-1.4281678200e-01,0.0000000000e+00,0.0000000000e+00,0.0000000000e+00
4526,3.7647470832e-01,-1.4281345904e-01,0.0000000000e+00,0.0000000000e+00,0.0000000000e+00
4527,3.7647059560e-01,-1.4281366765e-01,0.0000000000e+00,0.0000000000e+00,0.0000000000e+00
4528,3.7647351623e-01,-1.4281217754e-01,0.0000000000e+00,0.0000000000e+00,0.0000000000e+00
4529,3.7646582723e-01,-1.4281244576e-01,0.0000000000e+00,0.0000000000e+00,0.0000000000e+00
4530,3.7647381425e-01,-1.4281401038e-01,0.0000000000e+00,0.0000000000e+00,0.0000000000e+00
4531,3.7646487355e-01,-1.4280839264e-01,0.0000000000e+00,0.0000000000e+00,0.0000000000e+00
4532,3.7647363544e-01,-1.4281545579e-01,0.0000000000e+00,0.0000000000e+00,0.0000000000e+00
4533,3.7646430731e-01,-1.4280527830e-01,0.0000000000e+00,0.0000000000e+00,0.0000000000e+00
4534,3.7647300959e-01,-1.4281629026e-01,0.0000000000e+00,0.0000000000e+00,0.0000000000e+00
4535,3.7646350265e-01,-1.4280177653e-01,0.0000000000e+00,0.0000000000e+00,0.0000000000e+00
4536,3.7646383047e-01,-1.4280952513e-01,0.0000000000e+00,0.0000000000e+00,0.0000000000e+00
4537,3.7646278739e-01,-1.4280052483e-01,0.0000000000e+00,0.0000000000e+00,0.0000000000e+00
4538,3.7647482753e-01,-1.4281179011e-01,0.0000000000e+00,0.0000000000e+00,0.0000000000e+00
4539,3.7645846605e-01,-1.4280231297e-01,0.0000000000e+00,0.0000000000e+00,0.0000000000e+00
4540,3.7647604942e-01,-1.4280971885e-01,0.0000000000e+00,0.0000000000e+00,0.0000000000e+00
4541,3.7645772099e-01,-1.4280281961e-01,0.0000000000e+00,0.0000000000e+00,0.0000000000e+00
4542,3.7647429109e-01,-1.4280799031e-01,0.0000000000e+00,0.0000000000e+00,0.0000000000e+00
4543,3.7645903230e-01,-1.4280493557e-01,0.0000000000e+00,0.0000000000e+00,0.0000000000e+00
4544,3.7647131085e-01,-1.4280380309e-01,0.0000000000e+00,0.0000000000e+00,0.0000000000e+00
4545,3.7646049261e-01,-1.4280562103e-01,0.0000000000e+00,0.0000000000e+00,0.0000000000e+00
4546,3.7646940351e-01,-1.4279985428e-01,0.0000000000e+00,0.0000000000e+00,0.0000000000e+00
4547,3.7646073103e-01,-1.4280553162e-01,0.0000000000e+00,0.0000000000e+00,0.0000000000e+00
4548,3.7646806240e-01,-1.4280001819e-01,0.0000000000e+00,0.0000000000e+00,0.0000000000e+00
4549,3.7646058202e-01,-1.4280235767e-01,0.0000000000e+00,0.0000000000e+00,0.0000000000e+00
4550,3.7646788359e-01,-1.4280208945e-01,0.0000000000e+00,0.0000000000e+00,0.0000000000e+00
4551,3.7646010518e-01,-1.4279782772e-01,0.0000000000e+00,0.0000000000e+00,0.0000000000e+00
4552,3.7646779418e-01,-1.4280444384e-01,0.0000000000e+00,0.0000000000e+00,0.0000000000e+00
4553,3.7645921111e-01,-1.4279371500e-01,0.0000000000e+00,0.0000000000e+00,0.0000000000e+00
4554,3.7646654248e-01,-1.4280560613e-01,0.0000000000e+00,0.0000000000e+00,0.0000000000e+00
4555,3.7646612525e-01,-1.4279989898e-01,0.0000000000e+00,0.0000000000e+00,0.0000000000e+00
4556,3.7646636367e-01,-1.4280398190e-01,0.0000000000e+00,0.0000000000e+00,0.0000000000e+00
4557,3.7645828724e-01,-1.4279867709e-01,0.0000000000e+00,0.0000000000e+00,0.0000000000e+00
4558,3.7646663189e-01,-1.4279484749e-01,0.0000000000e+00,0.0000000000e+00,0.0000000000e+00
4559,3.7645557523e-01,-1.4279614389e-01,0.0000000000e+00,0.0000000000e+00,0.0000000000e+00
4560,3.7646660209e-01,-1.4279407263e-01,0.0000000000e+00,0.0000000000e+00,0.0000000000e+00
4561,3.7645536661e-01,-1.4279647171e-01,0.0000000000e+00,0.0000000000e+00,0.0000000000e+00
4562,3.7646499276e-01,-1.4279149473e-01,0.0000000000e+00,0.0000000000e+00,0.0000000000e+00
4563,3.7645646930e-01,-1.4279720187e-01,0.0000000000e+00,0.0000000000e+00,0.0000000000e+00
4564,3.7644645572e-01,-1.4278261364e-01,0.0000000000e+00,0.0000000000e+00,0.0000000000e+00
4565,3.7646776438e-01,-1.4279495180e-01,0.0000000000e+00,0.0000000000e+00,0.0000000000e+00
4566,3.7645116448e-01,-1.4278955758e-01,0.0000000000e+00,0.0000000000e+00,0.0000000000e+00
4567,3.7646543980e-01,-1.4279146492e-01,0.0000000000e+00,0.0000000000e+00,0.0000000000e+00
4568,3.7645366788e-01,-1.4279192686e-01,0.0000000000e+00,0.0000000000e+00,0.0000000000e+00
4569,3.7645873427e-01,-1.4279149473e-01,0.0000000000e+00,0.0000000000e+00,0.0000000000e+00
4570,3.7645882368e-01,-1.4278982580e-01,0.0000000000e+00,0.0000000000e+00,0.0000000000e+00
4571,3.7645640969e-01,-1.4278867841e-01,0.0000000000e+00,0.0000000000e+00,0.0000000000e+00
4572,3.7645915151e-01,-1.4278976619e-01,0.0000000000e+00,0.0000000000e+00,0.0000000000e+00
4573,3.7645608187e-01,-1.4278696477e-01,0.0000000000e+00,0.0000000000e+00,0.0000000000e+00
4574,3.7645804882e-01,-1.4278879762e-01,0.0000000000e+00,0.0000000000e+00,0.0000000000e+00
4575,3.7646147609e-01,-1.4279130101e-01,0.0000000000e+00,0.0000000000e+00,0.0000000000e+00
4576,3.7645429373e-01,-1.4278228581e-01,0.0000000000e+00,0.0000000000e+00,0.0000000000e+00
4577,3.7645828724e-01,-1.4279118180e-01,0.0000000000e+00,0.0000000000e+00,0.0000000000e+00
4578,3.7645462155e-01,-1.4277918637e-01,0.0000000000e+00,0.0000000000e+00,0.0000000000e+00
4579,3.7645787001e-01,-1.4279296994e-01,0.0000000000e+00,0.0000000000e+00,0.0000000000e+00
4580,3.7645247579e-01,-1.4277456701e-01,0.0000000000e+00,0.0000000000e+00,0.0000000000e+00
4581,3.7645545602e-01,-1.4279283583e-01,0.0000000000e+00,0.0000000000e+00,0.0000000000e+00
4582,3.7645837665e-01,-1.4277794957e-01,0.0000000000e+00,0.0000000000e+00,0.0000000000e+00
4583,3.7645196915e-01,-1.4278909564e-01,0.0000000000e+00,0.0000000000e+00,0.0000000000e+00
4584,3.7645694613e-01,-1.4277607203e-01,0.0000000000e+00,0.0000000000e+00,0.0000000000e+00
4585,3.7645372748e-01,-1.4279001951e-01,0.0000000000e+00,0.0000000000e+00,0.0000000000e+00
4586,3.7644100189e-01,-1.4277099073e-01,0.0000000000e+00,0.0000000000e+00,0.0000000000e+00
4587,3.7646222115e-01,-1.4278335869e-01,0.0000000000e+00,0.0000000000e+00,0.0000000000e+00
4588,3.7644487619e-01,-1.4277902246e-01,0.0000000000e+00,0.0000000000e+00,0.0000000000e+00
4589,3.7645855546e-01,-1.4277842641e-01,0.0000000000e+00,0.0000000000e+00,0.0000000000e+00
4590,3.7644740939e-01,-1.4278225601e-01,0.0000000000e+00,0.0000000000e+00,0.0000000000e+00
4591,3.7645632029e-01,-1.4277435839e-01,0.0000000000e+00,0.0000000000e+00,0.0000000000e+00
4592,3.7644779682e-01,-1.4278033376e-01,0.0000000000e+00,0.0000000000e+00,0.0000000000e+00
4593,3.7645444274e-01,-1.4277513325e-01,0.0000000000e+00,0.0000000000e+00,0.0000000000e+00
4594,3.7645220757e-01,-1.4277653396e-01,0.0000000000e+00,0.0000000000e+00,0.0000000000e+00
4595,3.7645390630e-01,-1.4277485013e-01,0.0000000000e+00,0.0000000000e+00,0.0000000000e+00
4596,3.7644672394e-01,-1.4277423918e-01,0.0000000000e+00,0.0000000000e+00,0.0000000000e+00
4597,3.7645384669e-01,-1.4277705550e-01,0.0000000000e+00,0.0000000000e+00,0.0000000000e+00
4598,3.7644705176e-01,-1.4277061820e-01,0.0000000000e+00,0.0000000000e+00,0.0000000000e+00
4599,3.7645193934e-01,-1.4277756214e-01,0.0000000000e+00,0.0000000000e+00,0.0000000000e+00
4600,3.7644705176e-01,-1.4276808500e-01,0.0000000000e+00,0.0000000000e+00,0.0000000000e+00
4601,3.7645101547e-01,-1.4277772605e-01,0.0000000000e+00,0.0000000000e+00,0.0000000000e+00
4602,3.7644660473e-01,-1.4276550710e-01,0.0000000000e+00,0.0000000000e+00,0.0000000000e+00
4603,3.7645164132e-01,-1.4277894795e-01,0.0000000000e+00,0.0000000000e+00,0.0000000000e+00
4604,3.7645319104e-01,-1.4277137816e-01,0.0000000000e+00,0.0000000000e+00,0.0000000000e+00
4605,3.7645417452e-01,-1.4277893305e-01,0.0000000000e+00,0.0000000000e+00,0.0000000000e+00
4606,3.7643963099e-01,-1.4276529849e-01,0.0000000000e+00,0.0000000000e+00,0.0000000000e+00
4607,3.7645497918e-01,-1.4277306199e-01,0.0000000000e+00,0.0000000000e+00,0.0000000000e+00
4608,3.7643983960e-01,-1.4276681840e-01,0.0000000000e+00,0.0000000000e+00,0.0000000000e+00
4609,3.7645244598e-01,-1.4276917279e-01,0.0000000000e+00,0.0000000000e+00,0.0000000000e+00
4610,3.7644153833e-01,-1.4276801050e-01,0.0000000000e+00,0.0000000000e+00,0.0000000000e+00
4611,3.7644961476e-01,-1.4276462793e-01,0.0000000000e+00,0.0000000000e+00,0.0000000000e+00
4612,3.7644189596e-01,-1.4276815951e-01,0.0000000000e+00,0.0000000000e+00,0.0000000000e+00
4613,3.7644946575e-01,-1.4276228845e-01,0.0000000000e+00,0.0000000000e+00,0.0000000000e+00
4614,3.7643972039e-01,-1.4276726544e-01,0.0000000000e+00,0.0000000000e+00,0.0000000000e+00
4615,3.7645033002e-01,-1.4276312292e-01,0.0000000000e+00,0.0000000000e+00,0.0000000000e+00
4616,3.7643861771e-01,-1.4276413620e-01,0.0000000000e+00,0.0000000000e+00,0.0000000000e+00
4617,3.7644913793e-01,-1.4276434481e-01,0.0000000000e+00,0.0000000000e+00,0.0000000000e+00
4618,3.7643924356e-01,-1.4276078343e-01,0.0000000000e+00,0.0000000000e+00,0.0000000000e+00
4619,3.7644731998e-01,-1.4276500046e-01,0.0000000000e+00,0.0000000000e+00,0.0000000000e+00
4620,3.7643939257e-01,-1.4275825024e-01,0.0000000000e+00,0.0000000000e+00,0.0000000000e+00
4621,3.7644666433e-01,-1.4276452363e-01,0.0000000000e+00,0.0000000000e+00,0.0000000000e+00
4622,3.7643837929e-01,-1.4275582135e-01,0.0000000000e+00,0.0000000000e+00,0.0000000000e+00
4623,3.7644711137e-01,-1.4276576042e-01,0.0000000000e+00,0.0000000000e+00,0.0000000000e+00
4624,3.7644538283e-01,-1.4275786281e-01,0.0000000000e+00,0.0000000000e+00,0.0000000000e+00
4625,3.7644848228e-01,-1.4276434481e-01,0.0000000000e+00,0.0000000000e+00,0.0000000000e+00
4626,3.7643480301e-01,-1.4275649190e-01,0.0000000000e+00,0.0000000000e+00,0.0000000000e+00
4627,3.7644842267e-01,-1.4275942743e-01,0.0000000000e+00,0.0000000000e+00,0.0000000000e+00
4628,3.7643399835e-01,-1.4275705814e-01,0.0000000000e+00,0.0000000000e+00,0.0000000000e+00
4629,3.7644627690e-01,-1.4275629818e-01,0.0000000000e+00,0.0000000000e+00,0.0000000000e+00
4630,3.7643536925e-01,-1.4275783300e-01,0.0000000000e+00,0.0000000000e+00,0.0000000000e+00
4631,3.7644329667e-01,-1.4275218546e-01,0.0000000000e+00,0.0000000000e+00,0.0000000000e+00
4632,3.7643623352e-01,-1.4275853336e-01,0.0000000000e+00,0.0000000000e+00,0.0000000000e+00
4633,3.7644284964e-01,-1.4275087416e-01,0.0000000000e+00,0.0000000000e+00,0.0000000000e+00
4634,3.7643447518e-01,-1.4275656641e-01,0.0000000000e+00,0.0000000000e+00,0.0000000000e+00
4635,3.7644323707e-01,-1.4275142550e-01,0.0000000000e+00,0.0000000000e+00,0.0000000000e+00
4636,3.7643343210e-01,-1.4275218546e-01,0.0000000000e+00,0.0000000000e+00,0.0000000000e+00
4637,3.7644243240e-01,-1.4275334775e-01,0.0000000000e+00,0.0000000000e+00,0.0000000000e+00
4638,3.7643313408e-01,-1.4274823666e-01,0.0000000000e+00,0.0000000000e+00,0.0000000000e+00
4639,3.7644109130e-01,-1.4275416732e-01,0.0000000000e+00,0.0000000000e+00,0.0000000000e+00
4640,3.7643283606e-01,-1.4274610579e-01,0.0000000000e+00,0.0000000000e+00,0.0000000000e+00
4641,3.7644043565e-01,-1.4275366068e-01,0.0000000000e+00,0.0000000000e+00,0.0000000000e+00
4642,3.7643173337e-01,-1.4274439216e-01,0.0000000000e+00,0.0000000000e+00,0.0000000000e+00
4643,3.7644106150e-01,-1.4275383949e-01,0.0000000000e+00,0.0000000000e+00,0.0000000000e+00
4644,3.7642925978e-01,-1.4274051785e-01,0.0000000000e+00,0.0000000000e+00,0.0000000000e+00
4645,3.7644311786e-01,-1.4275586605e-01,0.0000000000e+00,0.0000000000e+00,0.0000000000e+00
4646,3.7642598152e-01,-1.4273592830e-01,0.0000000000e+00,0.0000000000e+00,0.0000000000e+00
4647,3.7644448876e-01,-1.4275747538e-01,0.0000000000e+00,0.0000000000e+00,0.0000000000e+00
4648,3.7642285228e-01,-1.4273403585e-01,0.0000000000e+00,0.0000000000e+00,0.0000000000e+00
4649,3.7644609809e-01,-1.4275506139e-01,0.0000000000e+00,0.0000000000e+00,0.0000000000e+00
4650,3.7642359734e-01,-1.4273467660e-01,0.0000000000e+00,0.0000000000e+00,0.0000000000e+00
4651,3.7642940879e-01,-1.4274486899e-01,0.0000000000e+00,0.0000000000e+00,0.0000000000e+00
4652,3.7642723322e-01,-1.4274288714e-01,0.0000000000e+00,0.0000000000e+00,0.0000000000e+00
4653,3.7643486261e-01,-1.4273925126e-01,0.0000000000e+00,0.0000000000e+00,0.0000000000e+00
4654,3.7642878294e-01,-1.4274342358e-01,0.0000000000e+00,0.0000000000e+00,0.0000000000e+00
4655,3.7643602490e-01,-1.4274065197e-01,0.0000000000e+00,0.0000000000e+00,0.0000000000e+00
4656,3.7642773986e-01,-1.4274023473e-01,0.0000000000e+00,0.0000000000e+00,0.0000000000e+00
4657,3.7643566728e-01,-1.4274142683e-01,0.0000000000e+00,0.0000000000e+00,0.0000000000e+00
4658,3.7642762065e-01,-1.4273744822e-01,0.0000000000e+00,0.0000000000e+00,0.0000000000e+00
4659,3.7643396854e-01,-1.4274163544e-01,0.0000000000e+00,0.0000000000e+00,0.0000000000e+00
4660,3.7642759085e-01,-1.4273573458e-01,0.0000000000e+00,0.0000000000e+00,0.0000000000e+00
4661,3.7643346190e-01,-1.4274036884e-01,0.0000000000e+00,0.0000000000e+00,0.0000000000e+00
4662,3.7642580271e-01,-1.4273494482e-01,0.0000000000e+00,0.0000000000e+00,0.0000000000e+00
4663,3.7643453479e-01,-1.4273874462e-01,0.0000000000e+00,0.0000000000e+00,0.0000000000e+00
4664,3.7642309070e-01,-1.4273430407e-01,0.0000000000e+00,0.0000000000e+00,0.0000000000e+00
4665,3.7643584609e-01,-1.4273799956e-01,0.0000000000e+00,0.0000000000e+00,0.0000000000e+00
4666,3.7642076612e-01,-1.4273217320e-01,0.0000000000e+00,0.0000000000e+00,0.0000000000e+00
4667,3.7643665075e-01,-1.4273566008e-01,0.0000000000e+00,0.0000000000e+00,0.0000000000e+00
4668,3.7641987205e-01,-1.4273227751e-01,0.0000000000e+00,0.0000000000e+00,0.0000000000e+00
4669,3.7643477321e-01,-1.4273376763e-01,0.0000000000e+00,0.0000000000e+00,0.0000000000e+00
4670,3.7642112374e-01,-1.4273391664e-01,0.0000000000e+00,0.0000000000e+00,0.0000000000e+00
4671,3.7643194199e-01,-1.4273050427e-01,0.0000000000e+00,0.0000000000e+00,0.0000000000e+00
4672,3.7642213702e-01,-1.4273381233e-01,0.0000000000e+00,0.0000000000e+00,0.0000000000e+00
4673,3.7643030286e-01,-1.4272922277e-01,0.0000000000e+00,0.0000000000e+00,0.0000000000e+00
4674,3.7642136216e-01,-1.4273104072e-01,0.0000000000e+00,0.0000000000e+00,0.0000000000e+00
4675,3.7643012404e-01,-1.4273042977e-01,0.0000000000e+00,0.0000000000e+00,0.0000000000e+00
4676,3.7642034888e-01,-1.4272658527e-01,0.0000000000e+00,0.0000000000e+00,0.0000000000e+00
4677,3.7642964721e-01,-1.4273266494e-01,0.0000000000e+00,0.0000000000e+00,0.0000000000e+00
4678,3.7641990185e-01,-1.4272181690e-01,0.0000000000e+00,0.0000000000e+00,0.0000000000e+00
4679,3.7642842531e-01,-1.4273500443e-01,0.0000000000e+00,0.0000000000e+00,0.0000000000e+00
4680,3.7642765045e-01,-1.4272852242e-01,0.0000000000e+00,0.0000000000e+00,0.0000000000e+00
4681,3.7642845511e-01,-1.4273463190e-01,0.0000000000e+00,0.0000000000e+00,0.0000000000e+00
4682,3.7641814351e-01,-1.4272181690e-01,0.0000000000e+00,0.0000000000e+00,0.0000000000e+00
4683,3.7642928958e-01,-1.4273001254e-01,0.0000000000e+00,0.0000000000e+00,0.0000000000e+00
4684,3.7641498446e-01,-1.4272046089e-01,0.0000000000e+00,0.0000000000e+00,0.0000000000e+00
4685,3.7643030286e-01,-1.4272823930e-01,0.0000000000e+00,0.0000000000e+00,0.0000000000e+00
4686,3.7641304731e-01,-1.4271868765e-01,0.0000000000e+00,0.0000000000e+00,0.0000000000e+00
4687,3.7643045187e-01,-1.4272496104e-01,0.0000000000e+00,0.0000000000e+00,0.0000000000e+00
4688,3.7641265988e-01,-1.4271987975e-01,0.0000000000e+00,0.0000000000e+00,0.0000000000e+00
4689,3.7642863393e-01,-1.4272239804e-01,0.0000000000e+00,0.0000000000e+00,0.0000000000e+00
4690,3.7641358376e-01,-1.4272075891e-01,0.0000000000e+00,0.0000000000e+00,0.0000000000e+00
4691,3.7642633915e-01,-1.4271855354e-01,0.0000000000e+00,0.0000000000e+00,0.0000000000e+00
4692,3.7641486526e-01,-1.4272113144e-01,0.0000000000e+00,0.0000000000e+00,0.0000000000e+00
4693,3.7642395496e-01,-1.4271731675e-01,0.0000000000e+00,0.0000000000e+00,0.0000000000e+00
4694,3.7641537189e-01,-1.4271940291e-01,0.0000000000e+00,0.0000000000e+00,0.0000000000e+00
4695,3.7642326951e-01,-1.4271819592e-01,0.0000000000e+00,0.0000000000e+00,0.0000000000e+00
4696,3.7641426921e-01,-1.4271557331e-01,0.0000000000e+00,0.0000000000e+00,0.0000000000e+00
4697,3.7642225623e-01,-1.4272017777e-01,0.0000000000e+00,0.0000000000e+00,0.0000000000e+00
4698,3.7641415000e-01,-1.4271110296e-01,0.0000000000e+00,0.0000000000e+00,0.0000000000e+00
4699,3.7641349435e-01,-1.4271308482e-01,0.0000000000e+00,0.0000000000e+00,0.0000000000e+00
4700,3.7641352415e-01,-1.4270879328e-01,0.0000000000e+00,0.0000000000e+00,0.0000000000e+00
4701,3.7642085552e-01,-1.4271582663e-01,0.0000000000e+00,0.0000000000e+00,0.0000000000e+00
4702,3.7641152740e-01,-1.4271150529e-01,0.0000000000e+00,0.0000000000e+00,0.0000000000e+00
4703,3.7642139196e-01,-1.4271380007e-01,0.0000000000e+00,0.0000000000e+00,0.0000000000e+00
4704,3.7640997767e-01,-1.4271189272e-01,0.0000000000e+00,0.0000000000e+00,0.0000000000e+00
4705,3.7642163038e-01,-1.4271228015e-01,0.0000000000e+00,0.0000000000e+00,0.0000000000e+00
4706,3.7640920281e-01,-1.4271204174e-01,0.0000000000e+00,0.0000000000e+00,0.0000000000e+00
4707,3.7641963363e-01,-1.4270752668e-01,0.0000000000e+00,0.0000000000e+00,0.0000000000e+00
4708,3.7641003728e-01,-1.4271380007e-01,0.0000000000e+00,0.0000000000e+00,0.0000000000e+00
4709,3.7641695142e-01,-1.4270381629e-01,0.0000000000e+00,0.0000000000e+00,0.0000000000e+00
4710,3.7641158700e-01,-1.4271576703e-01,0.0000000000e+00,0.0000000000e+00,0.0000000000e+00
4711,3.7641480565e-01,-1.4270173013e-01,0.0000000000e+00,0.0000000000e+00,0.0000000000e+00
4712,3.7641251087e-01,-1.4271432161e-01,0.0000000000e+00,0.0000000000e+00,0.0000000000e+00
4713,3.7641337514e-01,-1.4270284772e-01,0.0000000000e+00,0.0000000000e+00,0.0000000000e+00
4714,3.7641131878e-01,-1.4270955324e-01,0.0000000000e+00,0.0000000000e+00,0.0000000000e+00
4715,3.7641343474e-01,-1.4270502329e-01,0.0000000000e+00,0.0000000000e+00,0.0000000000e+00
4716,3.7641015649e-01,-1.4270518720e-01,0.0000000000e+00,0.0000000000e+00,0.0000000000e+00
4717,3.7641307712e-01,-1.4270690084e-01,0.0000000000e+00,0.0000000000e+00,0.0000000000e+00
4718,3.7640926242e-01,-1.4270123839e-01,0.0000000000e+00,0.0000000000e+00,0.0000000000e+00
4719,3.7641274929e-01,-1.4270827174e-01,0.0000000000e+00,0.0000000000e+00,0.0000000000e+00
4720,3.7640780210e-01,-1.4269764721e-01,0.0000000000e+00,0.0000000000e+00,0.0000000000e+00
4721,3.7641420960e-01,-1.4270973206e-01,0.0000000000e+00,0.0000000000e+00,0.0000000000e+00
4722,3.7640342116e-01,-1.4269405603e-01,0.0000000000e+00,0.0000000000e+00,0.0000000000e+00
4723,3.7641766667e-01,-1.4271008968e-01,0.0000000000e+00,0.0000000000e+00,0.0000000000e+00
4724,3.7639853358e-01,-1.4269250631e-01,0.0000000000e+00,0.0000000000e+00,0.0000000000e+00
4725,3.7642028928e-01,-1.4270766079e-01,0.0000000000e+00,0.0000000000e+00,0.0000000000e+00
4726,3.7639647722e-01,-1.4269255102e-01,0.0000000000e+00,0.0000000000e+00,0.0000000000e+00
4727,3.7641912699e-01,-1.4270523190e-01,0.0000000000e+00,0.0000000000e+00,0.0000000000e+00
4728,3.7639734149e-01,-1.4269387722e-01,0.0000000000e+00,0.0000000000e+00,0.0000000000e+00
4729,3.7641569972e-01,-1.4270077646e-01,0.0000000000e+00,0.0000000000e+00,0.0000000000e+00
4730,3.7640103698e-01,-1.4269539714e-01,0.0000000000e+00,0.0000000000e+00,0.0000000000e+00
4731,3.7640702724e-01,-1.4269803464e-01,0.0000000000e+00,0.0000000000e+00,0.0000000000e+00
4732,3.7640568614e-01,-1.4269596338e-01,0.0000000000e+00,0.0000000000e+00,0.0000000000e+00
4733,3.7640488148e-01,-1.4269533753e-01,0.0000000000e+00,0.0000000000e+00,0.0000000000e+00
4734,3.7640652061e-01,-1.4269536734e-01,0.0000000000e+00,0.0000000000e+00,0.0000000000e+00
4735,3.7640368938e-01,-1.4269380271e-01,0.0000000000e+00,0.0000000000e+00,0.0000000000e+00
4736,3.7640523911e-01,-1.4269408584e-01,0.0000000000e+00,0.0000000000e+00,0.0000000000e+00
4737,3.7640887499e-01,-1.4269489050e-01,0.0000000000e+00,0.0000000000e+00,0.0000000000e+00
4738,3.7640002370e-01,-1.4269061387e-01,0.0000000000e+00,0.0000000000e+00,0.0000000000e+00
4739,3.7640756369e-01,-1.4269557595e-01,0.0000000000e+00,0.0000000000e+00,0.0000000000e+00
4740,3.7639927864e-01,-1.4268635213e-01,0.0000000000e+00,0.0000000000e+00,0.0000000000e+00
4741,3.7640646100e-01,-1.4269776642e-01,0.0000000000e+00,0.0000000000e+00,0.0000000000e+00
4742,3.7639829516e-01,-1.4268137515e-01,0.0000000000e+00,0.0000000000e+00,0.0000000000e+00
4743,3.7640511990e-01,-1.4269983768e-01,0.0000000000e+00,0.0000000000e+00,0.0000000000e+00
4744,3.7640669942e-01,-1.4268772304e-01,0.0000000000e+00,0.0000000000e+00,0.0000000000e+00
4745,3.7640628219e-01,-1.4269913733e-01,0.0000000000e+00,0.0000000000e+00,0.0000000000e+00
4746,3.7639078498e-01,-1.4267845452e-01,0.0000000000e+00,0.0000000000e+00,0.0000000000e+00
4747,3.7641087174e-01,-1.4269669354e-01,0.0000000000e+00,0.0000000000e+00,0.0000000000e+00
4748,3.7638920546e-01,-1.4267899096e-01,0.0000000000e+00,0.0000000000e+00,0.0000000000e+00
4749,3.7640982866e-01,-1.4269168675e-01,0.0000000000e+00,0.0000000000e+00,0.0000000000e+00
4750,3.7639144063e-01,-1.4268140495e-01,0.0000000000e+00,0.0000000000e+00,0.0000000000e+00
4751,3.7640529871e-01,-1.4268693328e-01,0.0000000000e+00,0.0000000000e+00,0.0000000000e+00
4752,3.7639325857e-01,-1.4268529415e-01,0.0000000000e+00,0.0000000000e+00,0.0000000000e+00
4753,3.7640282512e-01,-1.4268161356e-01,0.0000000000e+00,0.0000000000e+00,0.0000000000e+00
4754,3.7640008330e-01,-1.4268162847e-01,0.0000000000e+00,0.0000000000e+00,0.0000000000e+00
4755,3.7640061975e-01,-1.4267957211e-01,0.0000000000e+00,0.0000000000e+00,0.0000000000e+00
4756,3.7639430165e-01,-1.4268220961e-01,0.0000000000e+00,0.0000000000e+00,0.0000000000e+00
4757,3.7640026212e-01,-1.4268229902e-01,0.0000000000e+00,0.0000000000e+00,0.0000000000e+00
4758,3.7639275193e-01,-1.4267840981e-01,0.0000000000e+00,0.0000000000e+00,0.0000000000e+00
4759,3.7639972568e-01,-1.4268293977e-01,0.0000000000e+00,0.0000000000e+00,0.0000000000e+00
4760,3.7639236450e-01,-1.4267639816e-01,0.0000000000e+00,0.0000000000e+00,0.0000000000e+00
4761,3.7639808655e-01,-1.4268229902e-01,0.0000000000e+00,0.0000000000e+00,0.0000000000e+00
4762,3.7639260292e-01,-1.4267475903e-01,0.0000000000e+00,0.0000000000e+00,0.0000000000e+00
4763,3.7639760971e-01,-1.4268212020e-01,0.0000000000e+00,0.0000000000e+00,0.0000000000e+00
4764,3.7639001012e-01,-1.4267140627e-01,0.0000000000e+00,0.0000000000e+00,0.0000000000e+00
4765,3.7639981508e-01,-1.4268383384e-01,0.0000000000e+00,0.0000000000e+00,0.0000000000e+00
4766,3.7638607621e-01,-1.4266751707e-01,0.0000000000e+00,0.0000000000e+00,0.0000000000e+00
4767,3.7640267611e-01,-1.4268365502e-01,0.0000000000e+00,0.0000000000e+00,0.0000000000e+00
4768,3.7638220191e-01,-1.4266739786e-01,0.0000000000e+00,0.0000000000e+00,0.0000000000e+00
4769,3.7640297413e-01,-1.4267973602e-01,0.0000000000e+00,0.0000000000e+00,0.0000000000e+00
4770,3.7638264894e-01,-1.4266860485e-01,0.0000000000e+00,0.0000000000e+00,0.0000000000e+00
4771,3.7639963627e-01,-1.4267651737e-01,0.0000000000e+00,0.0000000000e+00,0.0000000000e+00
4772,3.7638437748e-01,-1.4266984165e-01,0.0000000000e+00,0.0000000000e+00,0.0000000000e+00
4773,3.7639683485e-01,-1.4267311990e-01,0.0000000000e+00,0.0000000000e+00,0.0000000000e+00
4774,3.7639352679e-01,-1.4266972244e-01,0.0000000000e+00,0.0000000000e+00,0.0000000000e+00
4775,3.7639379501e-01,-1.4266842604e-01,0.0000000000e+00,0.0000000000e+00,0.0000000000e+00
4776,3.7638750672e-01,-1.4267012477e-01,0.0000000000e+00,0.0000000000e+00,0.0000000000e+00
4777,3.7639245391e-01,-1.4267013967e-01,0.0000000000e+00,0.0000000000e+00,0.0000000000e+00
4778,3.7638589740e-01,-1.4266689122e-01,0.0000000000e+00,0.0000000000e+00,0.0000000000e+00
4779,3.7639147043e-01,-1.4266997576e-01,0.0000000000e+00,0.0000000000e+00,0.0000000000e+00
4780,3.7638539076e-01,-1.4266550541e-01,0.0000000000e+00,0.0000000000e+00,0.0000000000e+00
4781,3.7638989091e-01,-1.4266817272e-01,0.0000000000e+00,0.0000000000e+00,0.0000000000e+00
4782,3.7638577819e-01,-1.4266529679e-01,0.0000000000e+00,0.0000000000e+00,0.0000000000e+00
4783,3.7638866901e-01,-1.4266544580e-01,0.0000000000e+00,0.0000000000e+00,0.0000000000e+00
4784,3.7638363242e-01,-1.4266513288e-01,0.0000000000e+00,0.0000000000e+00,0.0000000000e+00
4785,3.7639135122e-01,-1.4266514778e-01,0.0000000000e+00,0.0000000000e+00,0.0000000000e+00
4786,3.7637925148e-01,-1.4266261458e-01,0.0000000000e+00,0.0000000000e+00,0.0000000000e+00
4787,3.7639299035e-01,-1.4266309142e-01,0.0000000000e+00,0.0000000000e+00,0.0000000000e+00
4788,3.7637755275e-01,-1.4266246557e-01,0.0000000000e+00,0.0000000000e+00,0.0000000000e+00
4789,3.7639161944e-01,-1.4266121387e-01,0.0000000000e+00,0.0000000000e+00,0.0000000000e+00
4790,3.7637850642e-01,-1.4266310632e-01,0.0000000000e+00,0.0000000000e+00,0.0000000000e+00
4791,3.7638798356e-01,-1.4265643060e-01,0.0000000000e+00,0.0000000000e+00,0.0000000000e+00
4792,3.7638098001e-01,-1.4266613126e-01,0.0000000000e+00,0.0000000000e+00,0.0000000000e+00
4793,3.7638488412e-01,-1.4265279472e-01,0.0000000000e+00,0.0000000000e+00,0.0000000000e+00
4794,3.7638112903e-01,-1.4266543090e-01,0.0000000000e+00,0.0000000000e+00,0.0000000000e+00
4795,3.7638512254e-01,-1.4265395701e-01,0.0000000000e+00,0.0000000000e+00,0.0000000000e+00
4796,3.7637868524e-01,-1.4266021550e-01,0.0000000000e+00,0.0000000000e+00,0.0000000000e+00
4797,3.7638574839e-01,-1.4265720546e-01,0.0000000000e+00,0.0000000000e+00,0.0000000000e+00
4798,3.7637701631e-01,-1.4265432954e-01,0.0000000000e+00,0.0000000000e+00,0.0000000000e+00
4799,3.7638512254e-01,-1.4266027510e-01,0.0000000000e+00,0.0000000000e+00,0.0000000000e+00
4800,3.7637618184e-01,-1.4264963567e-01,0.0000000000e+00,0.0000000000e+00,0.0000000000e+00
4801,3.7638413906e-01,-1.4266163111e-01,0.0000000000e+00,0.0000000000e+00,0.0000000000e+00
4802,3.7637567520e-01,-1.4264646173e-01,0.0000000000e+00,0.0000000000e+00,0.0000000000e+00
4803,3.7638357282e-01,-1.4266237617e-01,0.0000000000e+00,0.0000000000e+00,0.0000000000e+00
4804,3.7637403607e-01,-1.4264298975e-01,0.0000000000e+00,0.0000000000e+00,0.0000000000e+00
4805,3.7637460232e-01,-1.4265581965e-01,0.0000000000e+00,0.0000000000e+00,0.0000000000e+00
4806,3.7636938691e-01,-1.4264269173e-01,0.0000000000e+00,0.0000000000e+00,0.0000000000e+00
4807,3.7638747692e-01,-1.4265614748e-01,0.0000000000e+00,0.0000000000e+00,0.0000000000e+00
4808,3.7636619806e-01,-1.4264522493e-01,0.0000000000e+00,0.0000000000e+00,0.0000000000e+00
4809,3.7638735771e-01,-1.4265492558e-01,0.0000000000e+00,0.0000000000e+00,0.0000000000e+00
4810,3.7636664510e-01,-1.4264665544e-01,0.0000000000e+00,0.0000000000e+00,0.0000000000e+00
4811,3.7638413906e-01,-1.4265085757e-01,0.0000000000e+00,0.0000000000e+00,0.0000000000e+00
4812,3.7636938691e-01,-1.4264741540e-01,0.0000000000e+00,0.0000000000e+00,0.0000000000e+00
4813,3.7638026476e-01,-1.4264582098e-01,0.0000000000e+00,0.0000000000e+00,0.0000000000e+00
4814,3.7637040019e-01,-1.4264976978e-01,0.0000000000e+00,0.0000000000e+00,0.0000000000e+00
4815,3.7637847662e-01,-1.4264366031e-01,0.0000000000e+00,0.0000000000e+00,0.0000000000e+00
4816,3.7637048960e-01,-1.4264741540e-01,0.0000000000e+00,0.0000000000e+00,0.0000000000e+00
4817,3.7637060881e-01,-1.4264324307e-01,0.0000000000e+00,0.0000000000e+00,0.0000000000e+00
4818,3.7636956573e-01,-1.4264166355e-01,0.0000000000e+00,0.0000000000e+00,0.0000000000e+00
4819,3.7637615204e-01,-1.4264778793e-01,0.0000000000e+00,0.0000000000e+00,0.0000000000e+00
4820,3.7636855245e-01,-1.4263869822e-01,0.0000000000e+00,0.0000000000e+00,0.0000000000e+00
4821,3.7637594342e-01,-1.4264689386e-01,0.0000000000e+00,0.0000000000e+00,0.0000000000e+00
4822,3.7636798620e-01,-1.4263866842e-01,0.0000000000e+00,0.0000000000e+00,0.0000000000e+00
4823,3.7637510896e-01,-1.4264376462e-01,0.0000000000e+00,0.0000000000e+00,0.0000000000e+00
4824,3.7636676431e-01,-1.4263977110e-01,0.0000000000e+00,0.0000000000e+00,0.0000000000e+00
4825,3.7637537718e-01,-1.4264023304e-01,0.0000000000e+00,0.0000000000e+00,0.0000000000e+00
4826,3.7636387348e-01,-1.4263863862e-01,0.0000000000e+00,0.0000000000e+00,0.0000000000e+00
4827,3.7637701631e-01,-1.4264035225e-01,0.0000000000e+00,0.0000000000e+00,0.0000000000e+00
4828,3.7636071444e-01,-1.4263640344e-01,0.0000000000e+00,0.0000000000e+00,0.0000000000e+00
4829,3.7637719512e-01,-1.4263959229e-01,0.0000000000e+00,0.0000000000e+00,0.0000000000e+00
4830,3.7636047602e-01,-1.4263735712e-01,0.0000000000e+00,0.0000000000e+00,0.0000000000e+00
4831,3.7637424469e-01,-1.4263586700e-01,0.0000000000e+00,0.0000000000e+00,0.0000000000e+00
4832,3.7636286020e-01,-1.4263890684e-01,0.0000000000e+00,0.0000000000e+00,0.0000000000e+00
4833,3.7637022138e-01,-1.4263106883e-01,0.0000000000e+00,0.0000000000e+00,0.0000000000e+00
4834,3.7636446953e-01,-1.4263929427e-01,0.0000000000e+00,0.0000000000e+00,0.0000000000e+00
4835,3.7636831403e-01,-1.4262999594e-01,0.0000000000e+00,0.0000000000e+00,0.0000000000e+00
4836,3.7636289001e-01,-1.4263570309e-01,0.0000000000e+00,0.0000000000e+00,0.0000000000e+00
4837,3.7636899948e-01,-1.4263239503e-01,0.0000000000e+00,0.0000000000e+00,0.0000000000e+00
4838,3.7636062503e-01,-1.4263038337e-01,0.0000000000e+00,0.0000000000e+00,0.0000000000e+00
4839,3.7636914849e-01,-1.4263567328e-01,0.0000000000e+00,0.0000000000e+00,0.0000000000e+00
4840,3.7635940313e-01,-1.4262482524e-01,0.0000000000e+00,0.0000000000e+00,0.0000000000e+00
4841,3.7636795640e-01,-1.4263807237e-01,0.0000000000e+00,0.0000000000e+00,0.0000000000e+00
4842,3.7635919452e-01,-1.4262086153e-01,0.0000000000e+00,0.0000000000e+00,0.0000000000e+00
4843,3.7636658549e-01,-1.4263881743e-01,0.0000000000e+00,0.0000000000e+00,0.0000000000e+00
4844,3.7636619806e-01,-1.4262755215e-01,0.0000000000e+00,0.0000000000e+00,0.0000000000e+00
4845,3.7636902928e-01,-1.4263474941e-01,0.0000000000e+00,0.0000000000e+00,0.0000000000e+00
4846,3.7635475397e-01,-1.4262489974e-01,0.0000000000e+00,0.0000000000e+00,0.0000000000e+00
4847,3.7636926770e-01,-1.4263097942e-01,0.0000000000e+00,0.0000000000e+00,0.0000000000e+00
4848,3.7635186315e-01,-1.4262188971e-01,0.0000000000e+00,0.0000000000e+00,0.0000000000e+00
4849,3.7636953592e-01,-1.4262828231e-01,0.0000000000e+00,0.0000000000e+00,0.0000000000e+00
4850,3.7635090947e-01,-1.4262181520e-01,0.0000000000e+00,0.0000000000e+00,0.0000000000e+00
4851,3.7636700273e-01,-1.4262625575e-01,0.0000000000e+00,0.0000000000e+00,0.0000000000e+00
4852,3.7635225058e-01,-1.4262372255e-01,0.0000000000e+00,0.0000000000e+00,0.0000000000e+00
4853,3.7636387348e-01,-1.4262115955e-01,0.0000000000e+00,0.0000000000e+00,0.0000000000e+00
4854,3.7635329366e-01,-1.4262512326e-01,0.0000000000e+00,0.0000000000e+00,0.0000000000e+00
4855,3.7636151910e-01,-1.4261977375e-01,0.0000000000e+00,0.0000000000e+00,0.0000000000e+00
4856,3.7635338306e-01,-1.4262183011e-01,0.0000000000e+00,0.0000000000e+00,0.0000000000e+00
4857,3.7636020780e-01,-1.4262136817e-01,0.0000000000e+00,0.0000000000e+00,0.0000000000e+00
4858,3.7635228038e-01,-1.4261703193e-01,0.0000000000e+00,0.0000000000e+00,0.0000000000e+00
4859,3.7635195255e-01,-1.4261683822e-01,0.0000000000e+00,0.0000000000e+00,0.0000000000e+00
4860,3.7635058165e-01,-1.4261285961e-01,0.0000000000e+00,0.0000000000e+00,0.0000000000e+00
4861,3.7635079026e-01,-1.4261057973e-01,0.0000000000e+00,0.0000000000e+00,0.0000000000e+00
4862,3.7635815144e-01,-1.4262351394e-01,0.0000000000e+00,0.0000000000e+00,0.0000000000e+00
4863,3.7634947896e-01,-1.4260911942e-01,0.0000000000e+00,0.0000000000e+00,0.0000000000e+00
4864,3.7635830045e-01,-1.4262351394e-01,0.0000000000e+00,0.0000000000e+00,0.0000000000e+00
4865,3.7634730339e-01,-1.4260819554e-01,0.0000000000e+00,0.0000000000e+00,0.0000000000e+00
4866,3.7635987997e-01,-1.4262180030e-01,0.0000000000e+00,0.0000000000e+00,0.0000000000e+00
4867,3.7634348869e-01,-1.4260834455e-01,0.0000000000e+00,0.0000000000e+00,0.0000000000e+00
4868,3.7636068463e-01,-1.4261978865e-01,0.0000000000e+00,0.0000000000e+00,0.0000000000e+00
4869,3.7634167075e-01,-1.4260719717e-01,0.0000000000e+00,0.0000000000e+00,0.0000000000e+00
4870,3.7636086345e-01,-1.4261807501e-01,0.0000000000e+00,0.0000000000e+00,0.0000000000e+00
4871,3.7634152174e-01,-1.4260537922e-01,0.0000000000e+00,0.0000000000e+00,0.0000000000e+00
4872,3.7635633349e-01,-1.4261724055e-01,0.0000000000e+00,0.0000000000e+00,0.0000000000e+00
4873,3.7635120749e-01,-1.4260721207e-01,0.0000000000e+00,0.0000000000e+00,0.0000000000e+00
4874,3.7635490298e-01,-1.4261038601e-01,0.0000000000e+00,0.0000000000e+00,0.0000000000e+00
4875,3.7634465098e-01,-1.4261174202e-01,0.0000000000e+00,0.0000000000e+00,0.0000000000e+00
4876,3.7635210156e-01,-1.4260688424e-01,0.0000000000e+00,0.0000000000e+00,0.0000000000e+00
4877,3.7634393573e-01,-1.4260908961e-01,0.0000000000e+00,0.0000000000e+00,0.0000000000e+00
4878,3.7635076046e-01,-1.4260777831e-01,0.0000000000e+00,0.0000000000e+00,0.0000000000e+00
4879,3.7634268403e-01,-1.4260491729e-01,0.0000000000e+00,0.0000000000e+00,0.0000000000e+00
4880,3.7635031343e-01,-1.4260950685e-01,0.0000000000e+00,0.0000000000e+00,0.0000000000e+00
4881,3.7634143233e-01,-1.4260058105e-01,0.0000000000e+00,0.0000000000e+00,0.0000000000e+00
4882,3.7634968758e-01,-1.4261154830e-01,0.0000000000e+00,0.0000000000e+00,0.0000000000e+00
4883,3.7634146214e-01,-1.4259642363e-01,0.0000000000e+00,0.0000000000e+00,0.0000000000e+00
4884,3.7633988261e-01,-1.4260357618e-01,0.0000000000e+00,0.0000000000e+00,0.0000000000e+00
4885,3.7633854151e-01,-1.4259427786e-01,0.0000000000e+00,0.0000000000e+00,0.0000000000e+00
4886,3.7635004520e-01,-1.4260803163e-01,0.0000000000e+00,0.0000000000e+00,0.0000000000e+00
4887,3.7633493543e-01,-1.4259541035e-01,0.0000000000e+00,0.0000000000e+00,0.0000000000e+00
4888,3.7635132670e-01,-1.4260630310e-01,0.0000000000e+00,0.0000000000e+00,0.0000000000e+00
4889,3.7633311749e-01,-1.4259524643e-01,0.0000000000e+00,0.0000000000e+00,0.0000000000e+00
4890,3.7635067105e-01,-1.4260330796e-01,0.0000000000e+00,0.0000000000e+00,0.0000000000e+00
4891,3.7633264065e-01,-1.4259624481e-01,0.0000000000e+00,0.0000000000e+00,0.0000000000e+00
4892,3.7634801865e-01,-1.4260043204e-01,0.0000000000e+00,0.0000000000e+00,0.0000000000e+00
4893,3.7633332610e-01,-1.4259724319e-01,0.0000000000e+00,0.0000000000e+00,0.0000000000e+00
4894,3.7634539604e-01,-1.4259746671e-01,0.0000000000e+00,0.0000000000e+00,0.0000000000e+00
4895,3.7634104490e-01,-1.4259567857e-01,0.0000000000e+00,0.0000000000e+00,0.0000000000e+00
4896,3.7634238601e-01,-1.4259485900e-01,0.0000000000e+00,0.0000000000e+00,0.0000000000e+00
4897,3.7633511424e-01,-1.4259536564e-01,0.0000000000e+00,0.0000000000e+00,0.0000000000e+00
4898,3.7634152174e-01,-1.4259622991e-01,0.0000000000e+00,0.0000000000e+00,0.0000000000e+00
4899,3.7633314729e-01,-1.4259181917e-01,0.0000000000e+00,0.0000000000e+00,0.0000000000e+00
4900,3.7634122372e-01,-1.4259700477e-01,0.0000000000e+00,0.0000000000e+00,0.0000000000e+00
4901,3.7633192539e-01,-1.4258897305e-01,0.0000000000e+00,0.0000000000e+00,0.0000000000e+00
4902,3.7633979321e-01,-1.4259701967e-01,0.0000000000e+00,0.0000000000e+00,0.0000000000e+00
4903,3.7633132935e-01,-1.4258673787e-01,0.0000000000e+00,0.0000000000e+00,0.0000000000e+00
4904,3.7633904815e-01,-1.4259730279e-01,0.0000000000e+00,0.0000000000e+00,0.0000000000e+00
4905,3.7632831931e-01,-1.4258360863e-01,0.0000000000e+00,0.0000000000e+00,0.0000000000e+00
4906,3.7634089589e-01,-1.4259827137e-01,0.0000000000e+00,0.0000000000e+00,0.0000000000e+00
4907,3.7632530928e-01,-1.4257986844e-01,0.0000000000e+00,0.0000000000e+00,0.0000000000e+00
4908,3.7634310126e-01,-1.4259786904e-01,0.0000000000e+00,0.0000000000e+00,0.0000000000e+00
4909,3.7632226944e-01,-1.4257822931e-01,0.0000000000e+00,0.0000000000e+00,0.0000000000e+00
4910,3.7634211779e-01,-1.4259678125e-01,0.0000000000e+00,0.0000000000e+00,0.0000000000e+00
4911,3.7632024288e-01,-1.4257873595e-01,0.0000000000e+00,0.0000000000e+00,0.0000000000e+00
4912,3.7634068727e-01,-1.4259344339e-01,0.0000000000e+00,0.0000000000e+00,0.0000000000e+00
4913,3.7633395195e-01,-1.4258284867e-01,0.0000000000e+00,0.0000000000e+00,0.0000000000e+00
4914,3.7633571029e-01,-1.4258348942e-01,0.0000000000e+00,0.0000000000e+00,0.0000000000e+00
4915,3.7632793188e-01,-1.4258821309e-01,0.0000000000e+00,0.0000000000e+00,0.0000000000e+00
4916,3.7633198500e-01,-1.4258114994e-01,0.0000000000e+00,0.0000000000e+00,0.0000000000e+00
4917,3.7632560730e-01,-1.4258407056e-01,0.0000000000e+00,0.0000000000e+00,0.0000000000e+00
4918,3.7633106112e-01,-1.4258228242e-01,0.0000000000e+00,0.0000000000e+00,0.0000000000e+00
4919,3.7632435560e-01,-1.4258064330e-01,0.0000000000e+00,0.0000000000e+00,0.0000000000e+00
4920,3.7632998824e-01,-1.4258272946e-01,0.0000000000e+00,0.0000000000e+00,0.0000000000e+00
4921,3.7632381916e-01,-1.4257796109e-01,0.0000000000e+00,0.0000000000e+00,0.0000000000e+00
4922,3.7632852793e-01,-1.4258237183e-01,0.0000000000e+00,0.0000000000e+00,0.0000000000e+00
4923,3.7632262707e-01,-1.4257614315e-01,0.0000000000e+00,0.0000000000e+00,0.0000000000e+00
4924,3.7632885575e-01,-1.4258162677e-01,0.0000000000e+00,0.0000000000e+00,0.0000000000e+00
4925,3.7631952763e-01,-1.4257457852e-01,0.0000000000e+00,0.0000000000e+00,0.0000000000e+00
4926,3.7633016706e-01,-1.4258126915e-01,0.0000000000e+00,0.0000000000e+00,0.0000000000e+00
4927,3.7631610036e-01,-1.4257341623e-01,0.0000000000e+00,0.0000000000e+00,0.0000000000e+00
4928,3.7633115053e-01,-1.4257946610e-01,0.0000000000e+00,0.0000000000e+00,0.0000000000e+00
4929,3.7631422281e-01,-1.4257204533e-01,0.0000000000e+00,0.0000000000e+00,0.0000000000e+00
4930,3.7633019686e-01,-1.4257559180e-01,0.0000000000e+00,0.0000000000e+00,0.0000000000e+00
4931,3.7631425261e-01,-1.4257311821e-01,0.0000000000e+00,0.0000000000e+00,0.0000000000e+00
4932,3.7632733583e-01,-1.4257313311e-01,0.0000000000e+00,0.0000000000e+00,0.0000000000e+00
4933,3.7631535530e-01,-1.4257341623e-01,0.0000000000e+00,0.0000000000e+00,0.0000000000e+00
4934,3.7632489204e-01,-1.4256994426e-01,0.0000000000e+00,0.0000000000e+00,0.0000000000e+00
4935,3.7631544471e-01,-1.4257283509e-01,0.0000000000e+00,0.0000000000e+00,0.0000000000e+00
4936,3.7632292509e-01,-1.4257003367e-01,0.0000000000e+00,0.0000000000e+00,0.0000000000e+00
4937,3.7631425261e-01,-1.4256967604e-01,0.0000000000e+00,0.0000000000e+00,0.0000000000e+00
4938,3.7632215023e-01,-1.4257167280e-01,0.0000000000e+00,0.0000000000e+00,0.0000000000e+00
4939,3.7631228566e-01,-1.4256459475e-01,0.0000000000e+00,0.0000000000e+00,0.0000000000e+00
4940,3.7632188201e-01,-1.4257432520e-01,0.0000000000e+00,0.0000000000e+00,0.0000000000e+00
4941,3.7631195784e-01,-1.4255982637e-01,0.0000000000e+00,0.0000000000e+00,0.0000000000e+00
4942,3.7631198764e-01,-1.4256452024e-01,0.0000000000e+00,0.0000000000e+00,0.0000000000e+00
4943,3.7631067634e-01,-1.4255879819e-01,0.0000000000e+00,0.0000000000e+00,0.0000000000e+00
4944,3.7631887197e-01,-1.4256598055e-01,0.0000000000e+00,0.0000000000e+00,0.0000000000e+00
4945,3.7630963326e-01,-1.4256460965e-01,0.0000000000e+00,0.0000000000e+00,0.0000000000e+00
4946,3.7631997466e-01,-1.4256502688e-01,0.0000000000e+00,0.0000000000e+00,0.0000000000e+00
4947,3.7630721927e-01,-1.4256341755e-01,0.0000000000e+00,0.0000000000e+00,0.0000000000e+00
4948,3.7631988525e-01,-1.4256332815e-01,0.0000000000e+00,0.0000000000e+00,0.0000000000e+00
4949,3.7630617619e-01,-1.4256325364e-01,0.0000000000e+00,0.0000000000e+00,0.0000000000e+00
4950,3.7631756067e-01,-1.4255873859e-01,0.0000000000e+00,0.0000000000e+00,0.0000000000e+00
4951,3.7630674243e-01,-1.4256480336e-01,0.0000000000e+00,0.0000000000e+00,0.0000000000e+00
4952,3.7631440163e-01,-1.4255508780e-01,0.0000000000e+00,0.0000000000e+00,0.0000000000e+00
4953,3.7630775571e-01,-1.4256608486e-01,0.0000000000e+00,0.0000000000e+00,0.0000000000e+00
4954,3.7631118298e-01,-1.4255280793e-01,0.0000000000e+00,0.0000000000e+00,0.0000000000e+00
4955,3.7630826235e-01,-1.4256386459e-01,0.0000000000e+00,0.0000000000e+00,0.0000000000e+00
4956,3.7631049752e-01,-1.4255464077e-01,0.0000000000e+00,0.0000000000e+00,0.0000000000e+00
4957,3.7630671263e-01,-1.4255900681e-01,0.0000000000e+00,0.0000000000e+00,0.0000000000e+00
4958,3.7631011009e-01,-1.4255683124e-01,0.0000000000e+00,0.0000000000e+00,0.0000000000e+00
4959,3.7630480528e-01,-1.4255456626e-01,0.0000000000e+00,0.0000000000e+00,0.0000000000e+00
4960,3.7630924582e-01,-1.4255839586e-01,0.0000000000e+00,0.0000000000e+00,0.0000000000e+00
4961,3.7630364299e-01,-1.4255075157e-01,0.0000000000e+00,0.0000000000e+00,0.0000000000e+00
4962,3.7630835176e-01,-1.4255937934e-01,0.0000000000e+00,0.0000000000e+00,0.0000000000e+00
4963,3.7630176544e-01,-1.4254729450e-01,0.0000000000e+00,0.0000000000e+00,0.0000000000e+00
4964,3.7630903721e-01,-1.4255979657e-01,0.0000000000e+00,0.0000000000e+00,0.0000000000e+00
4965,3.7629762292e-01,-1.4254592359e-01,0.0000000000e+00,0.0000000000e+00,0.0000000000e+00
4966,3.7631145120e-01,-1.4255782962e-01,0.0000000000e+00,0.0000000000e+00,0.0000000000e+00
4967,3.7629339099e-01,-1.4254583418e-01,0.0000000000e+00,0.0000000000e+00,0.0000000000e+00
4968,3.7631270289e-01,-1.4255602658e-01,0.0000000000e+00,0.0000000000e+00,0.0000000000e+00
4969,3.7629133463e-01,-1.4254453778e-01,0.0000000000e+00,0.0000000000e+00,0.0000000000e+00
4970,3.7631106377e-01,-1.4255315065e-01,0.0000000000e+00,0.0000000000e+00,0.0000000000e+00
4971,3.7629228830e-01,-1.4254575968e-01,0.0000000000e+00,0.0000000000e+00,0.0000000000e+00
4972,3.7630623579e-01,-1.4255002141e-01,0.0000000000e+00,0.0000000000e+00,0.0000000000e+00
4973,3.7629541755e-01,-1.4254596829e-01,0.0000000000e+00,0.0000000000e+00,0.0000000000e+00
4974,3.7630000710e-01,-1.4254771173e-01,0.0000000000e+00,0.0000000000e+00,0.0000000000e+00
4975,3.7629798055e-01,-1.4254574478e-01,0.0000000000e+00,0.0000000000e+00,0.0000000000e+00
4976,3.7629738450e-01,-1.4254474640e-01,0.0000000000e+00,0.0000000000e+00,0.0000000000e+00
4977,3.7629812956e-01,-1.4254520833e-01,0.0000000000e+00,0.0000000000e+00,0.0000000000e+00
4978,3.7629655004e-01,-1.4254309237e-01,0.0000000000e+00,0.0000000000e+00,0.0000000000e+00
4979,3.7629622221e-01,-1.4254324138e-01,0.0000000000e+00,0.0000000000e+00,0.0000000000e+00
4980,3.7630012631e-01,-1.4254415035e-01,0.0000000000e+00,0.0000000000e+00,0.0000000000e+00
4981,3.7629112601e-01,-1.4253866673e-01,0.0000000000e+00,0.0000000000e+00,0.0000000000e+00
4982,3.7629854679e-01,-1.4254598320e-01,0.0000000000e+00,0.0000000000e+00,0.0000000000e+00
4983,3.7629061937e-01,-1.4253419638e-01,0.0000000000e+00,0.0000000000e+00,0.0000000000e+00
4984,3.7629672885e-01,-1.4254811406e-01,0.0000000000e+00,0.0000000000e+00,0.0000000000e+00
4985,3.7628945708e-01,-1.4252932370e-01,0.0000000000e+00,0.0000000000e+00,0.0000000000e+00
4986,3.7629464269e-01,-1.4254909754e-01,0.0000000000e+00,0.0000000000e+00,0.0000000000e+00
4987,3.7629708648e-01,-1.4253608882e-01,0.0000000000e+00,0.0000000000e+00,0.0000000000e+00
4988,3.7629106641e-01,-1.4254565537e-01,0.0000000000e+00,0.0000000000e+00,0.0000000000e+00
4989,3.7629082799e-01,-1.4252869785e-01,0.0000000000e+00,0.0000000000e+00,0.0000000000e+00
4990,3.7629640102e-01,-1.4254762232e-01,0.0000000000e+00,0.0000000000e+00,0.0000000000e+00
4991,3.7627825141e-01,-1.4252497256e-01,0.0000000000e+00,0.0000000000e+00,0.0000000000e+00
4992,3.7629991770e-01,-1.4254207909e-01,0.0000000000e+00,0.0000000000e+00,0.0000000000e+00
4993,3.7627896667e-01,-1.4252984524e-01,0.0000000000e+00,0.0000000000e+00,0.0000000000e+00
4994,3.7629503012e-01,-1.4253550768e-01,0.0000000000e+00,0.0000000000e+00,0.0000000000e+00
4995,3.7628188729e-01,-1.4253306389e-01,0.0000000000e+00,0.0000000000e+00,0.0000000000e+00
4996,3.7629136443e-01,-1.4253018796e-01,0.0000000000e+00,0.0000000000e+00,0.0000000000e+00
4997,3.7628775835e-01,-1.4252869785e-01,0.0000000000e+00,0.0000000000e+00,0.0000000000e+00
4998,3.7628886104e-01,-1.4252711833e-01,0.0000000000e+00,0.0000000000e+00,0.0000000000e+00
4999,3.7628194690e-01,-1.4253160357e-01,0.0000000000e+00,0.0000000000e+00,0.0000000000e+00
